flowday,year,w_west,w_coast,w_south,w_tot,netload,p_w_west,p_w_coast,p_w_south,p_w_tot,p_netload,dist
2021-07-01,2021,786.125,202.95333333333335,47.696666666666665,1682.615,54594.94666666666,22.76422764227642,11.38211382113821,3.2520325203252036,13.821138211382115,90.2439024390244,15.863981746645408
2021-07-02,2021,1203.4216666666666,236.81333333333336,125.685,1805.0233333333333,52172.746666666666,34.146341463414636,17.88617886178862,16.260162601626014,15.447154471544716,80.48780487804879,7.5111820748655855
2021-07-03,2021,660.11,346.59,168.19333333333333,1499.8633333333335,46903.98333333334,16.260162601626014,33.33333333333333,21.138211382113823,10.569105691056912,53.65853658536586,22.707246867905237
2021-07-04,2021,329.2366666666667,535.9966666666667,183.1783333333333,1890.4783333333332,45032.00166666667,4.878048780487805,43.08943089430895,26.01626016260163,17.073170731707318,47.15447154471545,30.34878154911763
2021-07-05,2021,1078.2333333333333,1131.885,527.78,3319.273333333333,47693.82833333333,29.268292682926827,64.22764227642277,51.21951219512195,34.959349593495936,57.72357723577236,32.51225320813412
2021-07-06,2021,1217.8533333333332,782.32,120.17666666666666,2578.9216666666666,48771.003333333334,34.959349593495936,51.21951219512195,13.008130081300814,29.268292682926827,64.22764227642277,20.85881213184787
2021-07-07,2021,548.1183333333333,763.5749999999999,209.90666666666667,1603.1733333333334,49164.145,10.569105691056912,50.40650406504065,27.64227642276423,13.008130081300814,65.04065040650406,26.27037881962336
2021-07-08,2021,502.4166666666667,524.06,828.0866666666666,1966.8533333333335,50329.465000000004,9.75609756097561,41.46341463414634,61.78861788617886,17.88617886178862,70.73170731707317,31.221611894026566
2021-07-09,2021,1347.58,1293.2416666666668,1248.5049999999999,5694.245,40115.473333333335,37.39837398373984,69.91869918699187,75.60975609756098,53.65853658536586,25.203252032520325,48.70029150589517
2021-07-10,2021,4928.54,2367.9983333333334,1944.08,10981.933333333334,40525.435,73.98373983739837,86.1788617886179,89.43089430894308,78.86178861788618,26.82926829268293,58.647577017380655
2021-07-11,2021,1980.7933333333333,2598.955,1708.4466666666667,6708.358333333334,43329.378333333334,45.52845528455284,91.869918699187,85.36585365853658,59.34959349593496,39.02439024390244,55.350749920794314
2021-07-12,2021,1089.6516666666666,1234.93,1859.6533333333334,4706.8516666666665,48696.52333333332,30.89430894308943,66.66666666666666,88.6178861788618,43.90243902439025,63.41463414634146,45.19151029284902
2021-07-13,2021,4225.756666666667,846.9283333333333,710.7666666666668,7850.968333333333,45948.48333333334,67.47967479674797,56.09756097560976,56.91056910569105,63.41463414634146,52.03252032520326,32.63933891754102
2021-07-14,2021,10676.721666666666,477.5016666666667,592.4316666666667,15296.246666666666,38976.778333333335,96.7479674796748,39.02439024390244,52.84552845528455,90.2439024390244,21.138211382113823,43.25827522286104
2021-07-15,2021,8048.389999999999,1800.3550000000002,1755.7216666666666,12958.236666666666,41156.795000000006,84.5528455284553,78.86178861788618,86.1788617886179,82.92682926829268,30.081300813008134,55.98547361885927
2021-07-16,2021,4176.4800000000005,2702.5583333333334,2047.2516666666668,9786.213333333333,45426.49166666667,66.66666666666666,93.4959349593496,92.6829268292683,74.79674796747967,51.21951219512195,57.03768044006709
2021-07-17,2021,2741.3683333333333,1483.5183333333334,1570.6233333333332,6769.315,47343.94333333333,56.91056910569105,74.79674796747967,82.92682926829268,60.16260162601627,56.09756097560976,45.880967536410246
2021-07-18,2021,599.9699999999999,847.6266666666667,515.3966666666666,2177.6883333333335,51756.58666666667,13.821138211382115,56.91056910569105,49.59349593495935,21.951219512195124,77.23577235772358,29.852511742620475
2021-07-19,2021,1192.6283333333333,304.90500000000003,235.5566666666667,2025.795,53240.74833333333,33.33333333333333,26.82926829268293,34.959349593495936,19.51219512195122,86.1788617886179,10.901935242260224
2021-07-20,2021,2554.29,319.09,416.585,3666.115,48664.924999999996,54.47154471544715,28.455284552845526,47.15447154471545,38.21138211382114,62.601626016260155,18.505813416416352
2021-07-21,2021,221.48166666666668,658.9050000000001,283.815,1763.6133333333335,51081.738333333335,4.0650406504065035,46.34146341463415,38.21138211382114,14.634146341463413,73.17073170731707,27.47998213274427
2021-07-22,2021,2699.4066666666668,1058.2683333333332,1183.1633333333334,7094.761666666666,47222.11833333334,56.09756097560976,62.601626016260155,73.98373983739837,61.78861788617886,55.28455284552846,38.78519323341803
2021-07-23,2021,6347.196666666667,2575.3816666666667,2156.4016666666666,13169.411666666667,43999.496666666666,79.67479674796748,90.2439024390244,94.3089430894309,83.73983739837398,44.71544715447154,58.73244619730184
2021-07-24,2021,3710.0333333333333,1813.0783333333331,2046.1899999999998,8435.311666666666,47839.670000000006,63.41463414634146,79.67479674796748,91.869918699187,69.10569105691057,60.16260162601627,50.68078957280188
2021-07-25,2021,1311.1033333333332,836.8849999999999,776.88,3378.2000000000003,52035.58666666666,35.77235772357724,55.28455284552846,57.72357723577236,36.58536585365854,79.67479674796748,27.64811723261312
2021-07-26,2021,663.2883333333333,293.3066666666667,374.605,2148.69,57596.78,17.073170731707318,24.390243902439025,45.52845528455284,21.138211382113823,94.3089430894309,20.211994541114205
2021-07-27,2021,444.405,213.34333333333333,170.355,1201.4483333333335,59014.458333333336,8.130081300813007,13.821138211382115,23.577235772357724,4.878048780487805,99.1869918699187,20.355355768049165
2021-07-28,2021,1913.8116666666667,205.41833333333332,84.665,3522.5483333333336,58373.13166666666,43.90243902439025,12.195121951219512,12.195121951219512,37.39837398373984,95.1219512195122,7.6550506091581525
2021-07-29,2021,586.1166666666667,249.02833333333334,199.03833333333333,1523.0716666666667,58990.59333333333,13.008130081300814,21.138211382113823,26.82926829268293,11.38211382113821,98.3739837398374,18.06275898137663
2021-07-30,2021,550.36,210.205,75.075,1307.1783333333333,59347.46,11.38211382113821,13.008130081300814,8.130081300813007,6.504065040650407,100.0,20.175533337905577
2021-07-31,2021,1156.0083333333334,898.41,680.355,3103.0499999999997,55365.555,32.52032520325203,60.97560975609756,56.09756097560976,32.52032520325203,91.869918699187,29.550405054932025
2021-08-01,2021,2893.3116666666665,1349.3733333333332,839.18,6317.931666666666,52392.888333333336,57.72357723577236,71.54471544715447,62.601626016260155,57.72357723577236,82.11382113821138,35.220915318977404
2021-08-02,2021,4306.86,400.49666666666667,211.885,5659.446666666667,47759.415,69.10569105691057,35.77235772357724,28.455284552845526,52.84552845528455,59.34959349593496,18.632646254509538
2021-08-03,2021,388.33666666666664,229.99833333333333,58.05833333333334,1004.35,51559.22166666667,6.504065040650407,15.447154471544716,4.878048780487805,3.2520325203252036,76.42276422764228,22.030440300823876
2021-08-04,2021,369.00666666666666,129.72833333333332,68.845,691.1183333333333,53142.345,5.691056910569105,6.504065040650407,7.317073170731707,1.6260162601626018,85.36585365853658,22.43226090449628
2021-08-05,2021,1766.58,434.815,250.51666666666665,3020.5499999999997,49871.863333333335,41.46341463414634,37.39837398373984,35.77235772357724,31.70731707317073,68.29268292682927,15.090133853843048
2021-08-06,2021,2615.1583333333333,594.6316666666667,579.7333333333333,4730.916666666667,50487.956666666665,55.28455284552846,45.52845528455284,52.03252032520326,44.71544715447154,71.54471544715447,22.560039713504864
2021-08-07,2021,9561.131666666666,2092.2066666666665,1977.7733333333333,17337.481666666667,38748.301666666666,91.05691056910568,84.5528455284553,91.05691056910568,95.1219512195122,20.32520325203252,62.40118090692761
2021-08-08,2021,9218.896666666667,3019.5833333333335,2139.9883333333332,16246.224999999999,40543.29666666667,89.43089430894308,99.1869918699187,93.4959349593496,93.4959349593496,27.64227642276423,65.80547464582426
2021-08-09,2021,8299.678333333333,2919.693333333333,2269.273333333333,16080.983333333332,45084.00666666666,85.36585365853658,97.5609756097561,96.7479674796748,92.6829268292683,48.78048780487805,62.154138868138325
2021-08-10,2021,10442.126666666667,2534.4733333333334,2248.4333333333334,18092.77666666667,43906.44,95.1219512195122,88.6178861788618,95.9349593495935,95.9349593495935,42.27642276422765,61.45298600761553
2021-08-11,2021,8599.248333333333,1278.8583333333333,1607.7833333333335,13987.181666666665,46603.21833333333,86.99186991869918,68.29268292682927,83.73983739837398,86.99186991869918,52.84552845528455,48.17740080630914
2021-08-12,2021,6679.873333333333,1102.6366666666665,1400.2733333333333,11032.15,50143.85,81.30081300813008,63.41463414634146,79.67479674796748,80.48780487804879,69.91869918699187,42.19452230392338
2021-08-13,2021,2191.2450000000003,876.7683333333333,802.8216666666667,4214.621666666667,54838.948333333334,48.78048780487805,59.34959349593496,58.536585365853654,40.65040650406504,91.05691056910568,28.791051255556876
2021-08-14,2021,912.975,244.95833333333334,141.805,1595.2016666666668,53538.60833333334,25.203252032520325,20.32520325203252,17.88617886178862,12.195121951219512,86.99186991869918,11.022651778779663
2021-08-15,2021,843.0433333333334,288.24,44.315,1450.7,50526.61000000001,23.577235772357724,23.577235772357724,2.4390243902439024,9.75609756097561,72.35772357723577,16.522604068119346
2021-08-16,2021,694.4983333333333,317.59666666666664,125.36166666666668,1991.5366666666666,55746.95333333334,19.51219512195122,27.64227642276423,15.447154471544716,18.69918699186992,93.4959349593496,14.993375895487887
2021-08-17,2021,1918.0866666666668,1236.0649999999998,908.29,4783.63,52487.52166666667,44.71544715447154,67.47967479674797,65.04065040650406,45.52845528455284,82.92682926829268,34.160363222414325
2021-08-18,2021,3412.785,2539.9666666666667,1512.24,9025.251666666665,43202.52166666667,60.16260162601627,89.43089430894308,81.30081300813008,73.17073170731707,38.21138211382114,53.662021990199584
2021-08-19,2021,7063.428333333333,2024.6233333333332,1798.3416666666665,13538.863333333333,45084.495,82.11382113821138,82.92682926829268,87.8048780487805,85.36585365853658,49.59349593495935,53.69605157769152
2021-08-20,2021,7351.831666666666,1950.62,1524.2250000000001,13175.561666666666,46984.95166666667,82.92682926829268,81.30081300813008,82.11382113821138,84.5528455284553,54.47154471544715,50.6610494019255
2021-08-21,2021,6489.026666666668,2250.2816666666668,1304.0916666666667,11000.363333333333,47575.53833333334,80.48780487804879,85.36585365853658,77.23577235772358,79.67479674796748,56.91056910569105,49.80781763569235
2021-08-22,2021,8487.664999999999,792.69,989.6349999999999,12796.318333333335,44592.15833333333,86.1788617886179,52.03252032520326,68.29268292682927,82.11382113821138,46.34146341463415,39.841945975249914
2021-08-23,2021,5902.06,808.7033333333334,624.2116666666667,10054.228333333333,49796.05833333333,78.86178861788618,53.65853658536586,53.65853658536586,76.42276422764228,67.47967479674797,30.078574465781905
2021-08-24,2021,5564.28,855.0583333333334,652.9966666666667,9408.413333333332,51192.704999999994,78.04878048780488,58.536585365853654,54.47154471544715,73.98373983739837,74.79674796747967,30.938580490713655
2021-08-25,2021,2978.8050000000003,752.2966666666666,465.42333333333335,5603.678333333333,55415.77,58.536585365853654,49.59349593495935,48.78048780487805,50.40650406504065,92.6829268292683,22.297188702629494
2021-08-26,2021,1084.8133333333333,338.56166666666667,77.83333333333333,2401.6966666666667,58790.996666666666,30.081300813008134,31.70731707317073,8.94308943089431,24.390243902439025,96.7479674796748,13.418039054385781
2021-08-27,2021,685.4983333333333,375.545,229.64166666666665,2558.366666666667,53804.581666666665,18.69918699186992,34.146341463414636,33.33333333333333,28.455284552845526,89.43089430894308,17.337742939520158
2021-08-28,2021,1890.6016666666667,488.02,263.175,4340.856666666667,50071.85999999999,42.27642276422765,40.65040650406504,36.58536585365854,42.27642276422765,69.10569105691057,16.144237047252798
2021-08-29,2021,663.4166666666666,165.09333333333333,178.80166666666665,1350.495,51760.69166666667,17.88617886178862,9.75609756097561,24.390243902439025,7.317073170731707,78.04878048780488,15.795988017747675
2021-08-30,2021,220.75,232.12,63.66833333333333,783.5533333333333,58919.53666666666,3.2520325203252036,16.260162601626014,6.504065040650407,2.4390243902439024,97.5609756097561,23.376160237930794
2021-08-31,2021,649.5816666666666,934.0233333333334,232.38333333333333,2454.0816666666665,58617.38666666666,15.447154471544716,61.78861788617886,34.146341463414636,25.203252032520325,95.9349593495935,28.324101772192574
2021-09-01,2021,3328.1716666666666,1997.8016666666665,1138.6266666666668,7945.166666666667,53539.35166666666,59.34959349593496,82.11382113821138,73.17073170731707,64.22764227642277,87.8048780487805,42.99410224229968
2021-09-02,2021,3924.713333333333,1284.9483333333335,949.94,7534.428333333333,53129.225000000006,65.04065040650406,69.10569105691057,67.47967479674797,62.601626016260155,84.5528455284553,36.501161321227066
2021-09-03,2021,4402.099999999999,1417.875,1035.805,8164.415000000001,51145.99166666667,69.91869918699187,73.17073170731707,70.73170731707317,68.29268292682927,73.98373983739837,40.08294885750607
2021-09-04,2021,2161.2866666666664,1311.9950000000001,1239.9166666666667,5948.63,51201.67333333333,47.15447154471545,70.73170731707317,74.79674796747967,55.28455284552846,75.60975609756098,39.18603641804141
2021-09-05,2021,912.9183333333334,695.2083333333334,861.2666666666668,2736.6133333333332,52229.823333333334,24.390243902439025,47.96747967479675,64.22764227642277,30.081300813008134,81.30081300813008,29.45906891788205
2021-09-06,2021,183.11666666666667,255.63833333333332,126.85166666666665,1355.7933333333333,53577.58833333334,2.4390243902439024,21.951219512195124,17.073170731707318,8.130081300813007,88.6178861788618,21.912930488162445
2021-09-07,2021,1322.3366666666668,329.615,169.50833333333333,2282.258333333333,52940.94,36.58536585365854,30.89430894308943,21.951219512195124,23.577235772357724,83.73983739837398,8.1653196587972
2021-09-08,2021,1900.0900000000001,573.5516666666666,180.20333333333335,3747.235,49571.486666666664,43.08943089430895,44.71544715447154,25.203252032520325,39.02439024390244,66.66666666666666,16.342128495859445
2021-09-09,2021,1621.2683333333334,551.7783333333333,342.74666666666667,4340.743333333333,47898.299999999996,40.65040650406504,43.90243902439025,43.90243902439025,41.46341463414634,60.97560975609756,21.44825144872758
2021-09-10,2021,4605.87,1229.4483333333333,169.72166666666666,8157.048333333333,42766.043333333335,71.54471544715447,65.85365853658537,22.76422764227642,67.47967479674797,36.58536585365854,35.51840374544877
2021-09-11,2021,2451.648333333333,811.6383333333333,158.25333333333333,5968.8,41087.82166666666,53.65853658536586,54.47154471544715,18.69918699186992,56.09756097560976,28.455284552845526,32.9754216805566
2021-09-12,2021,2444.891666666667,1365.0266666666666,679.1033333333334,5982.573333333334,41919.515,52.84552845528455,72.35772357723577,55.28455284552846,56.91056910569105,33.33333333333333,41.42540549625751
2021-09-13,2021,2265.8233333333333,2824.0483333333336,809.2366666666667,7970.043333333334,39377.295,50.40650406504065,95.9349593495935,59.34959349593496,65.85365853658537,22.76422764227642,53.86810444782586
2021-09-14,2021,1433.4183333333333,407.81,83.61666666666666,3350.9383333333335,41198.28333333333,39.02439024390244,36.58536585365854,11.38211382113821,35.77235772357724,30.89430894308943,28.379667495683755
2021-09-15,2021,961.9366666666666,850.0766666666667,225.995,2547.853333333333,43576.049999999996,26.82926829268293,57.72357723577236,30.89430894308943,26.01626016260163,41.46341463414634,31.211731104436183
2021-09-16,2021,2214.1466666666665,77.68166666666667,5.78,4957.483333333334,43967.56,49.59349593495935,4.0650406504065035,0.8130081300813009,46.34146341463415,43.90243902439025,23.903931093734926
2021-09-17,2021,3450.405,237.72833333333332,391.25666666666666,5647.001666666667,47742.924999999996,60.97560975609756,18.69918699186992,46.34146341463415,52.03252032520326,58.536585365853654,19.601106780462107
2021-09-18,2021,573.1033333333334,270.72666666666663,122.25,1357.9066666666668,51869.08833333334,12.195121951219512,22.76422764227642,13.821138211382115,8.94308943089431,78.86178861788618,17.86124472177497
2021-09-19,2021,760.1733333333333,163.6,49.48499999999999,3220.146666666667,49204.885,21.138211382113823,8.94308943089431,4.0650406504065035,33.33333333333333,65.85365853658537,18.99327173177997
2021-09-20,2021,5229.435,1786.245,943.2166666666667,10950.521666666667,48475.17166666667,75.60975609756098,78.04878048780488,66.66666666666666,78.04878048780488,61.78861788617886,42.57332986712106
2021-09-21,2021,11392.868333333334,883.0216666666666,1084.715,17063.633333333335,41763.9,98.3739837398374,60.16260162601627,72.35772357723577,94.3089430894309,32.52032520325203,48.944201116531126
2021-09-22,2021,605.4083333333333,2525.7083333333335,1307.165,5579.376666666667,35137.674999999996,14.634146341463413,87.8048780487805,78.04878048780488,49.59349593495935,15.447154471544716,59.528151735546544
2021-09-23,2021,4790.99,232.32833333333335,213.11166666666668,8128.5,32440.7,73.17073170731707,17.073170731707318,29.268292682926827,66.66666666666666,11.38211382113821,37.687882892429464
2021-09-24,2021,3620.6133333333332,324.535,294.34833333333336,5725.691666666667,37037.995,62.601626016260155,29.268292682926827,39.83739837398374,54.47154471544715,16.260162601626014,35.63191212436104
2021-09-25,2021,1065.545,301.2083333333333,82.49833333333333,2210.8733333333334,39979.53,28.455284552845526,26.01626016260163,10.569105691056912,22.76422764227642,24.390243902439025,31.33768480777557
2021-09-26,2021,4978.748333333333,127.81666666666666,289.6116666666667,7955.325,34986.473333333335,74.79674796747967,5.691056910569105,39.02439024390244,65.04065040650406,14.634146341463413,38.124536122058046
2021-09-27,2021,2171.0466666666666,398.09499999999997,320.5933333333333,4029.0816666666665,45181.47666666666,47.96747967479675,34.959349593495936,40.65040650406504,39.83739837398374,50.40650406504065,21.362650203901296
2021-09-28,2021,3815.8650000000002,2078.818333333333,810.6850000000001,8944.905,43912.82166666666,64.22764227642277,83.73983739837398,60.16260162601627,71.54471544715447,43.08943089430895,44.96186283825276
2021-09-29,2021,4278.128333333333,1937.9516666666666,1083.0483333333334,8840.476666666667,38270.67333333333,68.29268292682927,80.48780487804879,71.54471544715447,70.73170731707317,19.51219512195122,52.982058137246305
2021-09-30,2021,3560.1,1501.175,813.1750000000001,8964.976666666667,42563.31166666667,61.78861788617886,75.60975609756098,60.97560975609756,72.35772357723577,34.959349593495936,43.911710766529666
2021-10-01,2021,394.9666666666667,1505.1499999999999,843.9966666666666,2944.765,42356.57166666666,7.317073170731707,76.42276422764228,63.41463414634146,30.89430894308943,34.146341463414636,48.59578207856642
2021-10-02,2021,99.515,65.71499999999999,12.991666666666667,662.6616666666666,43560.82,0.8130081300813009,2.4390243902439024,1.6260162601626018,0.8130081300813009,40.65040650406504,33.88141087383787
2021-10-03,2021,480.465,326.49666666666667,163.8033333333333,1216.7866666666666,44551.079999999994,8.94308943089431,30.081300813008134,19.51219512195122,5.691056910569105,45.52845528455284,27.307932965862257
2021-10-04,2021,100.40499999999999,438.7616666666666,124.88833333333332,1124.345,45076.31333333333,1.6260162601626018,38.21138211382114,14.634146341463413,4.0650406504065035,47.96747967479675,30.32594559238519
2021-10-05,2021,1051.9950000000001,196.52666666666664,62.538333333333334,2098.9,41620.111666666664,27.64227642276423,10.569105691056912,5.691056910569105,20.32520325203252,31.70731707317073,29.005432639259222
2021-10-06,2021,1365.9916666666668,28.92833333333333,218.85333333333335,2554.305,41120.651666666665,38.21138211382114,1.6260162601626018,30.081300813008134,27.64227642276423,29.268292682926827,29.268976909782598
2021-10-07,2021,4660.416666666667,84.29,520.36,6644.201666666667,39461.378333333334,72.35772357723577,4.878048780487805,50.40650406504065,58.536585365853654,23.577235772357724,36.18448115969411
2021-10-08,2021,9717.824999999999,67.26666666666667,325.9483333333333,12289.696666666665,37247.08,92.6829268292683,3.2520325203252036,42.27642276422765,81.30081300813008,17.073170731707318,41.48964578201413
2021-10-09,2021,8835.956666666667,484.41499999999996,1279.2933333333333,14728.593333333332,32451.77666666667,87.8048780487805,39.83739837398374,76.42276422764228,88.6178861788618,12.195121951219512,50.448197144760314
2021-10-10,2021,9385.57,2986.7183333333337,2574.2983333333336,19277.798333333336,30472.328333333335,90.2439024390244,98.3739837398374,99.1869918699187,97.5609756097561,9.75609756097561,71.34448454001169
2021-10-11,2021,933.4,1164.5416666666667,166.66833333333332,3299.3633333333332,39292.86,26.01626016260163,65.04065040650406,20.32520325203252,34.146341463414636,21.951219512195124,40.00686914466944
2021-10-12,2021,10495.803333333333,2827.456666666667,2335.185,20374.773333333334,31358.61333333333,95.9349593495935,96.7479674796748,97.5609756097561,98.3739837398374,10.569105691056912,70.99682535451245
2021-10-13,2021,1489.5216666666665,3065.7183333333337,2198.278333333333,9987.233333333334,42785.943333333336,39.83739837398374,100.0,95.1219512195122,75.60975609756098,37.39837398373984,61.81751025783185
2021-10-14,2021,2372.528333333333,1666.325,228.63,5646.881666666667,37665.355,52.03252032520326,77.23577235772358,32.52032520325203,51.21951219512195,18.69918699186992,44.40284525589829
2021-10-15,2021,9616.193333333335,226.17499999999998,1012.6216666666666,14246.980000000001,34571.48166666667,91.869918699187,14.634146341463413,69.10569105691057,87.8048780487805,13.008130081300814,47.76105700895151
2021-10-16,2021,696.0266666666666,2684.3316666666665,936.4433333333333,5303.583333333333,25870.45333333334,20.32520325203252,92.6829268292683,65.85365853658537,48.78048780487805,5.691056910569105,60.37919265006712
2021-10-17,2021,2277.9216666666666,659.35,226.79999999999998,5033.7699999999995,25995.813333333335,51.21951219512195,47.15447154471545,31.70731707317073,47.15447154471545,7.317073170731707,40.50387605176541
2021-10-18,2021,9758.921666666667,244.48333333333335,1016.0183333333333,13865.391666666668,23398.681666666667,93.4959349593496,19.51219512195122,69.91869918699187,86.1788617886179,4.0650406504065035,51.41051885509945
2021-10-19,2021,8839.16,803.8466666666667,1671.2016666666666,14937.396666666667,25447.139999999996,88.6178861788618,52.84552845528455,84.5528455284553,89.43089430894308,4.878048780487805,57.20070601675
2021-10-20,2021,1104.4583333333333,343.0316666666667,360.62000000000006,2553.0049999999997,40438.99166666666,31.70731707317073,32.52032520325203,44.71544715447154,26.82926829268293,26.01626016260163,32.761453848063034
2021-10-21,2021,761.3266666666667,150.47666666666666,81.97333333333334,1862.2683333333334,43406.30333333334,21.951219512195124,8.130081300813007,9.75609756097561,16.260162601626014,39.83739837398374,26.484759138588373
2021-10-22,2021,4556.75,298.92,322.6116666666667,6832.451666666667,37403.87,70.73170731707317,25.203252032520325,41.46341463414634,60.97560975609756,17.88617886178862,35.890383022683345
2021-10-23,2021,9929.643333333333,745.8166666666666,1309.7216666666666,15575.423333333334,30329.756666666668,94.3089430894309,48.78048780487805,78.86178861788618,91.05691056910568,8.94308943089431,54.589404494184464
2021-10-24,2021,5325.986666666667,532.7133333333333,455.34666666666664,8564.806666666665,34893.86,76.42276422764228,42.27642276422765,47.96747967479675,69.91869918699187,13.821138211382115,41.24250185929375
2021-10-25,2021,2053.028333333333,144.58833333333334,327.56666666666666,4563.661666666667,42746.284999999996,46.34146341463415,7.317073170731707,43.08943089430895,43.08943089430895,35.77235772357724,27.269512659145743
2021-10-26,2021,11957.368333333334,2598.2599999999998,2385.068333333333,21058.763333333332,29709.545000000002,99.1869918699187,91.05691056910568,98.3739837398374,99.1869918699187,8.130081300813007,70.7220132261678
2021-10-27,2021,11972.926666666666,2795.43,2802.3683333333333,21276.07,20846.96,100.0,95.1219512195122,100.0,100.0,2.4390243902439024,73.9017143927594
2021-10-28,2021,10687.068333333335,2400.5766666666664,1972.8733333333332,19245.406666666666,17921.64,97.5609756097561,86.99186991869918,90.2439024390244,96.7479674796748,1.6260162601626018,68.72496270181614
2021-10-29,2021,7845.143333333333,2734.5033333333336,1789.2549999999999,15637.33,17712.09833333333,83.73983739837398,94.3089430894309,86.99186991869918,91.869918699187,0.8130081300813009,68.19414438416332
2021-10-30,2021,4021.486666666666,25.418333333333333,283.02833333333336,5178.041666666667,25965.48,65.85365853658537,0.8130081300813009,37.39837398373984,47.96747967479675,6.504065040650407,40.845514484038915
2021-10-31,2021,5394.906666666667,1439.245,1426.4483333333335,10321.903333333334,22819.08666666667,77.23577235772358,73.98373983739837,80.48780487804879,77.23577235772358,3.2520325203252036,59.34218577676884
2022-07-01,2022,2010.18,1421.8916666666667,267.965,4183.849999999999,50810.168333333335,43.08943089430895,60.16260162601627,31.70731707317073,38.21138211382114,71.54471544715447,23.133748535116304
2022-07-02,2022,1534.5683333333334,2726.185,1491.7583333333332,6284.860000000001,50114.888333333336,34.146341463414636,88.6178861788618,85.36585365853658,54.47154471544715,69.10569105691057,50.477046214299534
2022-07-03,2022,6394.921666666666,2343.905,1492.0466666666669,11878.6,44935.92833333334,83.73983739837398,84.5528455284553,86.1788617886179,88.6178861788618,40.65040650406504,55.42850318861299
2022-07-04,2022,7324.82,3104.815,2111.735,15188.315,42200.00833333333,91.05691056910568,93.4959349593496,95.9349593495935,94.3089430894309,30.89430894308943,64.32632851430115
2022-07-05,2022,6920.366666666666,2247.726666666667,1741.085,13475.56,47515.48499999999,88.6178861788618,82.11382113821138,91.869918699187,91.05691056910568,52.84552845528455,55.38733837221718
2022-07-06,2022,5837.913333333333,1992.6916666666666,1047.46,10597.796666666667,50823.67333333334,81.30081300813008,76.42276422764228,69.91869918699187,80.48780487804879,72.35772357723577,42.83269212091429
2022-07-07,2022,3882.395,1811.3716666666667,878.565,7506.616666666666,53917.579999999994,65.85365853658537,71.54471544715447,66.66666666666666,62.601626016260155,82.92682926829268,37.246954236944255
2022-07-08,2022,1075.22,1421.993333333333,674.225,3825.793333333333,58646.78833333333,17.88617886178862,60.97560975609756,60.16260162601627,35.77235772357724,95.1219512195122,33.45943828583123
2022-07-09,2022,1443.5649999999998,868.0683333333333,324.15833333333336,2888.4733333333334,59022.43833333333,30.081300813008134,44.71544715447154,37.39837398373984,22.76422764227642,98.3739837398374,18.942553765016726
2022-07-10,2022,696.9266666666666,462.365,92.96,1611.6333333333332,58677.845,8.94308943089431,26.82926829268293,15.447154471544716,7.317073170731707,95.9349593495935,19.84535118712554
2022-07-11,2022,791.1466666666666,965.6716666666666,152.935,2184.91,60811.96,10.569105691056912,46.34146341463415,21.138211382113823,13.821138211382115,99.1869918699187,23.60876331205787
2022-07-12,2022,4775.62,1446.3083333333334,428.615,7952.118333333335,55669.93666666667,73.17073170731707,61.78861788617886,47.15447154471545,66.66666666666666,87.8048780487805,28.67561016632706
2022-07-13,2022,598.8583333333333,1199.755,271.145,2295.6133333333332,60946.72166666667,6.504065040650407,53.65853658536586,32.52032520325203,14.634146341463413,100.0,28.19371576881398
2022-07-14,2022,2103.101666666667,1295.9116666666666,388.30833333333334,4612.193333333334,53748.33833333334,44.71544715447154,55.28455284552846,42.27642276422765,41.46341463414634,81.30081300813008,21.9683717774558
2022-07-15,2022,1070.5283333333334,993.955,798.9033333333333,3231.94,52671.50166666667,17.073170731707318,47.96747967479675,63.41463414634146,29.268292682926827,78.86178861788618,30.754836314531435
2022-07-16,2022,1002.3583333333332,1866.5,1430.4233333333334,5023.208333333333,50949.458333333336,15.447154471544716,73.98373983739837,82.11382113821138,47.96747967479675,73.17073170731707,45.97295249310767
2022-07-17,2022,2137.3650000000002,1773.1066666666666,1446.2016666666666,6312.8,50800.72666666666,45.52845528455284,69.91869918699187,83.73983739837398,55.28455284552846,70.73170731707317,42.74795245435576
2022-07-18,2022,1720.335,1751.6316666666664,725.1383333333333,4846.905,56759.56166666667,39.02439024390244,68.29268292682927,62.601626016260155,43.90243902439025,91.869918699187,33.97016630129928
2022-07-19,2022,5880.865000000001,3232.681666666667,1097.545,13616.303333333335,49991.44666666666,82.11382113821138,95.1219512195122,72.35772357723577,91.869918699187,68.29268292682927,51.17280265194157
2022-07-20,2022,2268.1466666666665,3515.853333333333,1258.9283333333333,8062.920000000001,56947.77833333333,48.78048780487805,97.5609756097561,77.23577235772358,67.47967479674797,92.6829268292683,50.42945690346244
2022-07-21,2022,1661.2483333333332,3559.78,1734.7849999999999,7725.139999999999,55804.043333333335,36.58536585365854,98.3739837398374,91.05691056910568,65.04065040650406,88.6178861788618,55.46430519838759
2022-07-22,2022,4511.878333333333,2158.4333333333334,1326.0683333333334,9911.69,49909.31666666667,69.91869918699187,79.67479674796748,78.86178861788618,76.42276422764228,66.66666666666666,45.819034947689616
2022-07-23,2022,6032.28,2733.0750000000003,1923.1816666666666,13638.691666666666,43775.39833333334,82.92682926829268,89.43089430894308,92.6829268292683,92.6829268292683,36.58536585365854,59.745189166097845
2022-07-24,2022,4308.608333333334,2998.0183333333334,2010.1049999999998,10368.316666666668,47867.494999999995,68.29268292682927,92.6829268292683,95.1219512195122,79.67479674796748,53.65853658536586,57.40561267628696
2022-07-25,2022,6642.565,2171.2016666666664,1597.125,12289.543333333333,49952.855,86.1788617886179,80.48780487804879,88.6178861788618,90.2439024390244,67.47967479674797,51.73123432294841
2022-07-26,2022,6599.990000000001,1850.46,1152.2933333333333,11785.54,49635.954999999994,85.36585365853658,72.35772357723577,74.79674796747967,87.8048780487805,65.04065040650406,44.40617559529471
2022-07-27,2022,3648.1,1976.1166666666668,1419.36,8078.033333333333,53194.65833333333,61.78861788617886,75.60975609756098,81.30081300813008,68.29268292682927,80.48780487804879,43.67243096213629
2022-07-28,2022,2365.943333333333,2457.895,1586.26,7499.526666666668,53837.475,50.40650406504065,86.1788617886179,87.8048780487805,61.78861788617886,82.11382113821138,49.42357828474376
2022-07-29,2022,2515.4483333333333,2465.616666666667,1723.8400000000001,7687.1449999999995,54212.32,53.65853658536586,86.99186991869918,90.2439024390244,64.22764227642277,84.5528455284553,50.66048330348946
2022-07-30,2022,3118.5049999999997,1598.7883333333332,1434.21,7426.7699999999995,51218.56666666666,59.34959349593496,64.22764227642277,82.92682926829268,60.97560975609756,73.98373983739837,40.73974713865532
2022-07-31,2022,7037.643333333333,1037.7916666666667,648.9766666666667,10881.203333333333,46477.1,89.43089430894308,48.78048780487805,58.536585365853654,82.11382113821138,46.34146341463415,36.9377990631881
2022-08-01,2022,3711.8700000000003,1647.9533333333336,1322.97,8802.42,51331.22,63.41463414634146,65.85365853658537,78.04878048780488,71.54471544715447,74.79674796747967,39.51849207143918
2022-08-02,2022,8213.623333333333,2942.4449999999997,2117.585,17104.255,45378.19666666666,95.1219512195122,91.05691056910568,96.7479674796748,97.5609756097561,43.08943089430895,62.35124065694169
2022-08-03,2022,7506.866666666668,3805.471666666667,2291.4583333333335,15703.111666666666,47512.43666666667,93.4959349593496,100.0,99.1869918699187,95.1219512195122,52.03252032520326,64.59140042397146
2022-08-04,2022,1622.4083333333335,3570.991666666667,1986.6449999999998,8470.01,54245.98499999999,34.959349593495936,99.1869918699187,93.4959349593496,70.73170731707317,85.36585365853658,56.69004292400367
2022-08-05,2022,2244.3283333333334,1613.4466666666667,1108.79,5540.66,54669.043333333335,47.96747967479675,65.04065040650406,73.98373983739837,49.59349593495935,86.1788617886179,36.58103898967266
2022-08-06,2022,2949.1433333333334,1674.755,1208.9950000000001,8144.433333333333,46555.170000000006,57.72357723577236,66.66666666666666,75.60975609756098,69.10569105691057,47.15447154471545,42.265136576743366
2022-08-07,2022,5128.11,1742.7366666666667,1395.0883333333331,9775.508333333333,46712.454999999994,77.23577235772358,67.47967479674797,80.48780487804879,75.60975609756098,47.96747967479675,46.022123332853
2022-08-08,2022,2388.103333333333,1341.94,661.8083333333333,4724.276666666667,55927.23333333333,51.21951219512195,58.536585365853654,59.34959349593496,43.08943089430895,89.43089430894308,28.76039955303906
2022-08-09,2022,1040.1666666666667,761.1999999999999,378.29833333333335,2422.1566666666668,58929.996666666666,16.260162601626014,41.46341463414634,41.46341463414634,16.260162601626014,97.5609756097561,22.585000801592646
2022-08-10,2022,2433.6216666666664,502.135,300.5,3672.1299999999997,58089.274999999994,52.03252032520326,28.455284552845526,34.146341463414636,34.146341463414636,94.3089430894309,9.543973338826799
2022-08-11,2022,1157.7883333333334,277.77666666666664,124.37166666666667,1759.6850000000002,57043.715,20.32520325203252,8.94308943089431,18.69918699186992,9.75609756097561,93.4959349593496,14.83058272395841
2022-08-12,2022,1673.0349999999999,546.4116666666667,237.31499999999997,2854.78,56175.14333333333,37.39837398373984,31.70731707317073,30.081300813008134,21.138211382113823,91.05691056910568,9.831191173991675
2022-08-13,2022,348.02500000000003,439.12999999999994,320.19166666666666,1573.631666666667,55468.99333333334,4.0650406504065035,23.577235772357724,36.58536585365854,6.504065040650407,86.99186991869918,22.64559465456572
2022-08-14,2022,1101.1016666666667,1861.7466666666667,709.02,4434.155,49357.06333333333,18.69918699186992,73.17073170731707,60.97560975609756,39.02439024390244,63.41463414634146,39.187559867399514
2022-08-15,2022,4660.17,2978.773333333333,1988.6633333333332,10818.291666666666,48118.13,71.54471544715447,91.869918699187,94.3089430894309,81.30081300813008,56.09756097560976,56.819640336049396
2022-08-16,2022,2201.6133333333332,1893.5116666666665,1466.8833333333332,5707.923333333333,56129.704999999994,47.15447154471545,74.79674796747967,84.5528455284553,52.03252032520326,90.2439024390244,44.14252564387157
2022-08-17,2022,1186.67,870.0116666666667,438.78999999999996,3146.7616666666668,58742.56333333333,21.951219512195124,45.52845528455284,47.96747967479675,28.455284552845526,96.7479674796748,23.856702037727654
2022-08-18,2022,1981.555,863.4983333333333,412.055,3576.4066666666663,52719.21666666667,42.27642276422765,43.90243902439025,43.90243902439025,33.33333333333333,79.67479674796748,18.009897347068886
2022-08-19,2022,684.7616666666667,1463.4883333333335,608.96,2985.765,49407.67166666666,8.130081300813007,62.601626016260155,56.09756097560976,26.01626016260163,64.22764227642277,36.255436178074525
2022-08-20,2022,5176.918333333334,2290.3483333333334,1090.5600000000002,9227.551666666666,45779.65333333333,78.04878048780488,82.92682926829268,71.54471544715447,73.17073170731707,43.90243902439025,49.01559141854647
2022-08-21,2022,1629.3999999999999,2595.335,723.0566666666667,6666.131666666667,45144.541666666664,35.77235772357724,87.8048780487805,61.78861788617886,56.91056910569105,41.46341463414634,47.02251462619773
2022-08-22,2022,4827.863333333334,2309.15,1069.4833333333333,9551.386666666667,44328.363333333335,73.98373983739837,83.73983739837398,70.73170731707317,73.98373983739837,38.21138211382114,49.72286079400876
2022-08-23,2022,1786.8933333333334,372.91166666666663,79.17166666666667,2606.6966666666667,47919.195,39.83739837398374,17.88617886178862,12.195121951219512,18.69918699186992,54.47154471544715,16.061402782964766
2022-08-24,2022,1120.05,448.60999999999996,66.78166666666667,1895.97,49120.06,19.51219512195122,25.203252032520325,8.94308943089431,11.38211382113821,62.601626016260155,18.805976705980502
2022-08-25,2022,438.1166666666666,474.45,294.79,1480.0466666666669,52569.41333333333,5.691056910569105,27.64227642276423,33.33333333333333,5.691056910569105,77.23577235772358,22.029908952045833
2022-08-26,2022,321.235,278.4166666666667,207.63833333333332,1306.7666666666667,54089.09333333333,3.2520325203252036,9.75609756097561,26.01626016260163,4.0650406504065035,83.73983739837398,22.14271906601075
2022-08-27,2022,2893.7616666666668,663.3433333333334,309.73333333333335,6638.501666666667,47131.16166666666,56.91056910569105,39.02439024390244,34.959349593495936,56.09756097560976,50.40650406504065,21.451644019911846
2022-08-28,2022,4870.506666666667,504.43,604.7199999999999,8224.625,46857.00833333333,75.60975609756098,30.081300813008134,54.47154471544715,69.91869918699187,48.78048780487805,28.685589194795245
2022-08-29,2022,3832.388333333333,2044.4950000000001,618.9966666666667,7026.13,48919.176666666666,65.04065040650406,78.04878048780488,56.91056910569105,57.72357723577236,59.34959349593496,38.92466978498206
2022-08-30,2022,1310.675,1309.6583333333333,1018.3966666666666,4462.848333333333,48556.02,25.203252032520325,56.09756097560976,68.29268292682927,39.83739837398374,56.91056910569105,35.896698936553626
2022-08-31,2022,1484.4566666666667,572.1233333333333,313.32166666666666,2946.9483333333333,52630.41333333333,31.70731707317073,34.959349593495936,35.77235772357724,24.390243902439025,78.04878048780488,14.16760819558561
2022-09-01,2022,1903.38,632.7883333333333,167.16666666666666,3032.39,51447.206666666665,40.65040650406504,38.21138211382114,22.76422764227642,27.64227642276423,75.60975609756098,11.507180532380431
2022-09-02,2022,1419.5533333333333,735.0616666666666,212.71166666666667,2966.221666666667,49016.174999999996,29.268292682926827,40.65040650406504,26.82926829268293,25.203252032520325,60.16260162601627,18.994226985244037
2022-09-03,2022,879.66,503.7183333333333,353.72499999999997,2718.185,47170.76666666666,12.195121951219512,29.268292682926827,39.02439024390244,20.32520325203252,51.21951219512195,26.06820352383491
2022-09-04,2022,352.83500000000004,420.77500000000003,126.59166666666665,1137.1566666666665,44289.46333333334,4.878048780487805,21.951219512195124,19.51219512195122,3.2520325203252036,37.39837398373984,30.923896907831864
2022-09-05,2022,803.2433333333333,316.74833333333333,199.745,1681.22,44581.42999999999,11.38211382113821,13.821138211382115,25.203252032520325,8.130081300813007,39.02439024390244,28.550369605177817
2022-09-06,2022,729.8366666666666,375.12833333333333,41.806666666666665,1431.5533333333333,50291.85166666666,9.75609756097561,19.51219512195122,5.691056910569105,4.878048780487805,69.91869918699187,21.262734950315366
2022-09-07,2022,4333.1483333333335,208.67333333333332,35.806666666666665,4963.12,47948.39166666666,69.10569105691057,7.317073170731707,4.878048780487805,46.34146341463415,55.28455284552846,20.50601227500779
2022-09-08,2022,653.3516666666667,9.86,12.026666666666666,1067.165,49837.59166666667,7.317073170731707,0.8130081300813009,0.8130081300813009,2.4390243902439024,65.85365853658537,25.894564612899828
2022-09-09,2022,884.8733333333333,215.115,69.12833333333333,1873.8883333333333,48701.475,13.008130081300814,8.130081300813007,9.75609756097561,10.569105691056912,57.72357723577236,22.922591922282315
2022-09-10,2022,1319.29,105.29333333333334,187.1783333333333,2487.556666666667,46219.70333333333,26.82926829268293,4.878048780487805,24.390243902439025,17.073170731707318,45.52845528455284,23.04555306019721
2022-09-11,2022,3692.8933333333334,314.88000000000005,185.655,5012.293333333333,42212.31333333333,62.601626016260155,13.008130081300814,23.577235772357724,47.15447154471545,31.70731707317073,26.917849120442074
2022-09-12,2022,1527.6966666666667,101.73,29.713333333333335,2921.2533333333336,44882.299999999996,33.33333333333333,4.0650406504065035,3.2520325203252036,23.577235772357724,39.83739837398374,26.003206053463582
2022-09-13,2022,3197.08,453.95166666666665,219.54666666666665,5139.9766666666665,43698.833333333336,60.16260162601627,26.01626016260163,28.455284552845526,48.78048780487805,34.959349593495936,25.426797354011963
2022-09-14,2022,6755.331666666666,1121.4133333333332,416.50333333333333,11471.943333333335,37301.39166666667,86.99186991869918,51.21951219512195,45.52845528455284,85.36585365853658,21.951219512195124,41.357400258560624
2022-09-15,2022,6416.525000000001,306.67833333333334,93.86833333333334,10047.02,38040.693333333336,84.5528455284553,12.195121951219512,16.260162601626014,77.23577235772358,25.203252032520325,33.985623292641684
2022-09-16,2022,8614.065,528.4883333333333,451.66333333333336,11238.953333333333,40929.85,95.9349593495935,30.89430894308943,48.78048780487805,83.73983739837398,29.268292682926827,38.65978517245107
2022-09-17,2022,10695.666666666666,985.5983333333334,868.23,15914.103333333333,38407.02166666667,98.3739837398374,47.15447154471545,65.85365853658537,95.9349593495935,26.82926829268293,46.11452055606291
2022-09-18,2022,7823.595,590.1433333333333,589.9833333333333,11064.636666666667,42551.64666666667,94.3089430894309,36.58536585365854,53.65853658536586,82.92682926829268,33.33333333333333,38.529280409449655
2022-09-19,2022,4712.606666666667,284.0116666666667,327.2133333333333,7729.321666666667,48718.863333333335,72.35772357723577,11.38211382113821,38.21138211382114,65.85365853658537,58.536585365853654,20.072343182836974
2022-09-20,2022,4158.483333333334,598.3166666666666,370.77833333333336,7421.948333333334,49117.055,66.66666666666666,37.39837398373984,40.65040650406504,60.16260162601627,61.78861788617886,20.102247548797823
2022-09-21,2022,3595.991666666667,279.575,76.98,5917.751666666667,49095.56166666667,60.97560975609756,10.569105691056912,10.569105691056912,52.84552845528455,60.97560975609756,15.071155585604778
2022-09-22,2022,1312.82,366.0216666666667,77.30666666666667,1939.2083333333333,52400.75,26.01626016260163,17.073170731707318,11.38211382113821,12.195121951219512,76.42276422764228,12.475658562590692
2022-09-23,2022,4839.181666666666,846.0,453.7,9209.516666666666,45309.95166666667,74.79674796747967,42.27642276422765,49.59349593495935,72.35772357723577,42.27642276422765,30.976644615943368
2022-09-24,2022,4161.121666666667,372.97499999999997,86.105,5561.715,46130.958333333336,67.47967479674797,18.69918699186992,13.821138211382115,50.40650406504065,44.71544715447154,21.93571082783596
2022-09-25,2022,2517.1516666666666,445.62833333333333,215.67666666666665,5666.636666666666,47057.085,54.47154471544715,24.390243902439025,27.64227642276423,51.21951219512195,49.59349593495935,18.036396205771972
2022-09-26,2022,2189.201666666667,1101.905,457.6816666666667,4905.066666666667,43090.310000000005,46.34146341463415,49.59349593495935,50.40650406504065,45.52845528455284,34.146341463414636,33.04150059521592
2022-09-27,2022,2072.7016666666664,1146.6283333333333,459.6083333333333,4896.775000000001,37327.51666666667,43.90243902439025,52.03252032520326,51.21951219512195,44.71544715447154,22.76422764227642,38.02935814787122
2022-09-28,2022,1924.0216666666668,1808.515,484.26500000000004,4713.8133333333335,37573.293333333335,41.46341463414634,70.73170731707317,52.03252032520326,42.27642276422765,24.390243902439025,42.98041430629916
2022-09-29,2022,1338.1783333333333,422.14166666666665,62.63333333333333,3003.8250000000003,37153.76833333333,27.64227642276423,22.76422764227642,8.130081300813007,26.82926829268293,21.138211382113823,32.99987684125869
2022-09-30,2022,1250.9616666666666,39.905,24.615,2540.1983333333333,36279.16,22.76422764227642,1.6260162601626018,2.4390243902439024,17.88617886178862,17.073170731707318,37.3474070420608
2022-10-01,2022,1701.885,569.035,267.7133333333333,3358.9516666666664,32575.02666666667,38.21138211382114,34.146341463414636,30.89430894308943,30.081300813008134,14.634146341463413,35.4519667451566
2022-10-02,2022,903.2733333333334,393.58,92.92166666666667,1759.3516666666667,34248.51666666667,13.821138211382115,21.138211382113823,14.634146341463413,8.94308943089431,15.447154471544716,37.40998266800223
2022-10-03,2022,1291.6200000000001,191.745,35.526666666666664,2396.3683333333333,36800.799999999996,24.390243902439025,6.504065040650407,4.0650406504065035,15.447154471544716,17.88617886178862,35.985574594370426
2022-10-04,2022,2834.31,83.53666666666666,47.56,3530.258333333333,36888.950000000004,55.28455284552846,3.2520325203252036,7.317073170731707,31.70731707317073,19.51219512195122,33.60377149962525
2022-10-05,2022,1521.795,176.75833333333335,83.72333333333334,2168.8250000000003,40319.60666666667,32.52032520325203,5.691056910569105,13.008130081300814,13.008130081300814,28.455284552845526,29.466743491002536
2022-10-06,2022,156.67666666666665,335.2683333333333,121.71,913.8849999999999,43754.71666666667,0.8130081300813009,14.634146341463413,17.88617886178862,1.6260162601626018,35.77235772357724,32.904621274421274
2022-10-07,2022,2506.0516666666667,572.6383333333333,230.94500000000002,4517.006666666667,39663.64833333334,52.84552845528455,35.77235772357724,29.268292682926827,40.65040650406504,27.64227642276423,29.38893838901617
2022-10-08,2022,2838.838333333333,561.0766666666667,156.88,3818.056666666667,36888.581666666665,56.09756097560976,32.52032520325203,21.951219512195124,34.959349593495936,18.69918699186992,32.89600515008889
2022-10-09,2022,1182.77,1176.1516666666666,364.38166666666666,3567.6716666666666,36913.363333333335,21.138211382113823,52.84552845528455,39.83739837398374,32.52032520325203,20.32520325203252,39.23068973547293
2022-10-10,2022,3777.895,1318.8416666666667,844.1133333333333,7066.285,38210.005,64.22764227642277,56.91056910569105,65.04065040650406,58.536585365853654,26.01626016260163,42.25895994161189
2022-10-11,2022,9756.115,565.8833333333333,406.75666666666666,14967.253333333334,29632.42333333333,97.5609756097561,33.33333333333333,43.08943089430895,93.4959349593496,8.94308943089431,45.658155452247215
2022-10-12,2022,5059.838333333333,363.31166666666667,142.73166666666665,7310.056666666666,42282.933333333334,76.42276422764228,16.260162601626014,20.32520325203252,59.34959349593496,32.52032520325203,28.790753099402657
2022-10-13,2022,1444.875,379.3166666666666,107.90333333333335,2634.786666666667,41130.745,30.89430894308943,20.32520325203252,17.073170731707318,19.51219512195122,30.081300813008134,27.82555866452906
2022-10-14,2022,5712.181666666666,853.4549999999999,415.47166666666664,10087.226666666667,32021.51,80.48780487804879,43.08943089430895,44.71544715447154,78.04878048780488,13.008130081300814,41.8184882787528
2022-10-15,2022,7332.778333333333,1329.9466666666667,1344.6333333333334,11681.888333333334,35656.831666666665,91.869918699187,57.72357723577236,79.67479674796748,86.99186991869918,16.260162601626014,53.64308430218366
2022-10-16,2022,5534.263333333333,1119.3366666666666,835.9666666666667,9666.99,37375.89333333333,79.67479674796748,50.40650406504065,64.22764227642277,74.79674796747967,23.577235772357724,43.36430182158023
2022-10-17,2022,5207.298333333333,2020.8866666666665,1564.1816666666666,10211.21,30042.646666666667,78.86178861788618,77.23577235772358,86.99186991869918,78.86178861788618,11.38211382113821,59.806998342440714
2022-10-18,2022,224.30000000000004,2128.58,579.7666666666667,3467.0933333333337,29762.11666666667,1.6260162601626018,78.86178861788618,52.84552845528455,30.89430894308943,9.75609756097561,55.1656047013272
2022-10-19,2022,2338.5516666666667,713.2166666666667,43.223333333333336,4023.6283333333336,26167.100000000002,49.59349593495935,39.83739837398374,6.504065040650407,36.58536585365854,7.317073170731707,39.572483587506085
2022-10-20,2022,1263.2983333333334,352.925,424.87166666666667,2884.3583333333336,29583.59166666667,23.577235772357724,15.447154471544716,46.34146341463415,21.951219512195124,8.130081300813007,41.07077000256854
2022-10-21,2022,7068.883333333334,1373.1633333333332,608.8466666666667,12280.050000000001,24912.296666666665,90.2439024390244,59.34959349593496,55.28455284552846,89.43089430894308,5.691056910569105,51.168330421615
2022-10-22,2022,9188.186666666666,3150.97,2249.625,19590.541666666668,20549.695,96.7479674796748,94.3089430894309,98.3739837398374,99.1869918699187,1.6260162601626018,72.90471307614405
2022-10-23,2022,13073.278333333334,3509.035,2576.03,24090.551666666666,21900.33,100.0,96.7479674796748,100.0,100.0,3.2520325203252036,74.15286998645233
2022-10-24,2022,4528.253333333333,3404.1183333333333,1251.1066666666668,11640.953333333333,32343.531666666666,70.73170731707317,95.9349593495935,76.42276422764228,86.1788617886179,13.821138211382115,61.075174435107115
2022-10-25,2022,1409.2133333333334,2345.0916666666667,1046.2949999999998,6054.990000000001,25343.791666666668,28.455284552845526,85.36585365853658,69.10569105691057,53.65853658536586,6.504065040650407,57.7413477709045
2022-10-26,2022,6848.621666666666,1202.94,620.2283333333334,11460.038333333332,21393.476666666666,87.8048780487805,54.47154471544715,57.72357723577236,84.5528455284553,2.4390243902439024,51.394581818020775
2022-10-27,2022,11466.298333333334,2206.16,1108.51,17789.813333333335,19166.265,99.1869918699187,81.30081300813008,73.17073170731707,98.3739837398374,0.8130081300813009,63.430281291384695
2022-10-28,2022,7421.928333333333,2788.7966666666666,2161.415,16433.914999999997,23347.22,92.6829268292683,90.2439024390244,97.5609756097561,96.7479674796748,4.0650406504065035,70.29482810606461
2022-10-29,2022,3088.5983333333334,1758.5366666666666,1617.455,7596.5233333333335,24097.646666666667,58.536585365853654,69.10569105691057,89.43089430894308,63.41463414634146,4.878048780487805,58.88215646550213
2022-10-30,2022,243.44500000000002,76.96833333333335,15.453333333333333,607.3000000000001,30036.11333333333,2.4390243902439024,2.4390243902439024,1.6260162601626018,0.8130081300813009,10.569105691056912,43.99392066370912
2022-10-31,2022,947.9,1536.0199999999998,921.2133333333333,4081.6416666666664,31638.214999999997,14.634146341463413,63.41463414634146,67.47967479674797,37.39837398373984,12.195121951219512,51.02402178447897
2023-07-01,2023,6323.4783333333335,2230.775,1528.7666666666667,11136.538333333332,45369.945,75.60975609756098,75.60975609756098,82.11382113821138,73.98373983739837,32.52032520325203,51.9701389445266
2023-07-02,2023,371.03,694.965,318.82,1576.0183333333334,50079.31,4.0650406504065035,34.959349593495936,26.01626016260163,3.2520325203252036,50.40650406504065,28.211507901539363
2023-07-03,2023,1731.2066666666667,775.8466666666667,532.32,3670.3866666666668,54481.22166666667,24.390243902439025,39.02439024390244,42.27642276422765,17.88617886178862,77.23577235772358,19.333628998553348
2023-07-04,2023,4714.991666666667,1955.8850000000002,1206.2,9073.045,45145.95166666667,59.34959349593496,69.91869918699187,71.54471544715447,60.97560975609756,31.70731707317073,45.701014409766216
2023-07-05,2023,2962.521666666667,1944.8016666666665,852.7183333333332,6587.903333333333,51961.575000000004,39.02439024390244,68.29268292682927,55.28455284552846,38.21138211382114,60.16260162601627,33.78501432622711
2023-07-06,2023,2090.0116666666668,1931.2866666666669,1270.2083333333333,6660.55,48079.28833333333,28.455284552845526,67.47967479674797,73.98373983739837,40.65040650406504,43.90243902439025,43.416135079485215
2023-07-07,2023,7459.946666666667,1259.635,1435.1716666666669,14087.519999999999,39564.840000000004,86.1788617886179,52.84552845528455,78.86178861788618,91.05691056910568,21.951219512195124,49.78033651434624
2023-07-08,2023,4145.298333333333,2019.7483333333332,1271.7133333333334,8397.288333333334,46772.63333333333,54.47154471544715,73.17073170731707,74.79674796747967,56.91056910569105,41.46341463414634,45.126059221173435
2023-07-09,2023,2768.41,2662.4133333333334,1595.3783333333333,7586.441666666667,46015.77333333332,35.77235772357724,87.8048780487805,84.5528455284553,50.40650406504065,36.58536585365854,54.453464140178525
2023-07-10,2023,1704.0033333333333,1779.0366666666669,1120.6899999999998,5398.308333333333,54032.253333333334,23.577235772357724,64.22764227642277,69.10569105691057,30.89430894308943,75.60975609756098,36.63833168330706
2023-07-11,2023,6389.468333333333,2663.0766666666664,1432.3400000000001,12079.108333333332,47586.543333333335,76.42276422764228,88.6178861788618,78.04878048780488,82.92682926829268,42.27642276422765,53.00832841934629
2023-07-12,2023,9992.806666666665,2940.498333333333,1489.6333333333332,16894.391666666666,45748.27333333334,95.1219512195122,92.6829268292683,79.67479674796748,95.9349593495935,34.146341463414636,59.29045539634544
2023-07-13,2023,5125.31,2991.441666666667,1821.5349999999999,11098.426666666666,51083.29,62.601626016260155,94.3089430894309,95.9349593495935,73.17073170731707,56.09756097560976,57.5761494515488
2023-07-14,2023,3396.6516666666666,3216.94,1909.8266666666666,10561.800000000001,52152.105,46.34146341463415,97.5609756097561,97.5609756097561,70.73170731707317,61.78861788617886,58.32073922355947
2023-07-15,2023,4438.643333333333,2827.793333333333,1734.3100000000002,9801.57,50609.725,56.91056910569105,91.05691056910568,89.43089430894308,65.85365853658537,52.03252032520326,54.39003696854865
2023-07-16,2023,989.6283333333334,1268.4466666666667,1231.8866666666665,3922.1183333333333,50136.24166666667,13.008130081300814,53.65853658536586,72.35772357723577,20.32520325203252,51.21951219512195,39.92075429415551
2023-07-17,2023,5148.38,1404.92,846.475,9593.813333333334,51260.77333333334,65.04065040650406,56.91056910569105,54.47154471544715,65.04065040650406,56.91056910569105,30.754481073198654
2023-07-18,2023,12008.921666666667,1993.1133333333335,1385.825,19572.128333333334,45597.42166666666,99.1869918699187,72.35772357723577,77.23577235772358,99.1869918699187,33.33333333333333,53.38233874110362
2023-07-19,2023,10167.949999999999,2366.665,1744.9083333333335,17277.329999999998,46182.72333333333,95.9349593495935,79.67479674796748,90.2439024390244,97.5609756097561,37.39837398373984,57.92950597278137
2023-07-20,2023,3861.8799999999997,2085.855,1601.3,8082.481666666667,53853.44166666666,50.40650406504065,73.98373983739837,85.36585365853658,53.65853658536586,73.98373983739837,44.5012529234703
2023-07-21,2023,3196.515,1342.405,768.5333333333333,6206.22,54852.32833333333,42.27642276422765,55.28455284552846,52.84552845528455,36.58536585365854,80.48780487804879,25.373953476382052
2023-07-22,2023,916.1566666666666,710.7400000000001,249.64499999999998,2113.8016666666667,54816.45500000001,12.195121951219512,36.58536585365854,22.76422764227642,7.317073170731707,78.86178861788618,19.589467952472287
2023-07-23,2023,430.0733333333333,758.1999999999999,223.68999999999997,2708.5116666666668,53528.97666666666,6.504065040650407,38.21138211382114,20.32520325203252,13.008130081300814,72.35772357723577,22.99152981942225
2023-07-24,2023,2651.161666666667,862.16,407.44666666666666,6138.995,54768.049999999996,32.52032520325203,43.08943089430895,33.33333333333333,35.77235772357724,78.04878048780488,16.222704396293732
2023-07-25,2023,5984.281666666667,1412.305,1018.2233333333334,12076.373333333335,49430.405,72.35772357723577,57.72357723577236,65.85365853658537,82.11382113821138,47.15447154471545,37.75132050494284
2023-07-26,2023,5460.99,1987.0916666666665,1749.9016666666666,12286.090000000002,48603.573333333334,69.10569105691057,71.54471544715447,91.05691056910568,85.36585365853658,45.52845528455284,50.53738958451007
2023-07-27,2023,4040.5466666666666,1728.1266666666668,1514.875,8923.876666666665,51393.88999999999,53.65853658536586,62.601626016260155,80.48780487804879,59.34959349593496,58.536585365853654,40.67474938168427
2023-07-28,2023,3840.7383333333332,1440.96,1112.5083333333334,7749.441666666666,52200.43833333333,49.59349593495935,58.536585365853654,68.29268292682927,52.03252032520326,62.601626016260155,33.965416400102995
2023-07-29,2023,1867.8366666666668,1165.205,967.5383333333334,4414.711666666667,53478.89833333334,25.203252032520325,52.03252032520326,62.601626016260155,23.577235772357724,71.54471544715447,30.500876432666573
2023-07-30,2023,1955.7183333333332,833.1766666666667,538.2566666666667,3855.241666666667,54832.09,26.82926829268293,41.46341463414634,43.08943089430895,19.51219512195122,79.67479674796748,19.447302622006017
2023-07-31,2023,3244.976666666667,717.2216666666667,284.04,5405.866666666667,58926.165,43.08943089430895,37.39837398373984,25.203252032520325,31.70731707317073,96.7479674796748,11.232203953509549
2023-08-01,2023,3718.6733333333336,805.2433333333333,602.0933333333334,7426.793333333334,57225.56333333333,48.78048780487805,40.65040650406504,43.90243902439025,47.96747967479675,91.869918699187,16.636756908755526
2023-08-02,2023,4958.945000000001,804.96,521.8666666666667,9048.706666666667,55254.261666666665,61.78861788617886,39.83739837398374,41.46341463414634,60.16260162601627,82.92682926829268,16.563597023885542
2023-08-03,2023,4733.25,1471.7250000000001,1051.2666666666667,9217.935,54973.94,60.16260162601627,60.16260162601627,67.47967479674797,62.601626016260155,82.11382113821138,32.90063667150614
2023-08-04,2023,2922.91,2385.555,1811.8249999999998,7821.655,56785.86833333334,38.21138211382114,81.30081300813008,94.3089430894309,52.84552845528455,87.8048780487805,50.396721168867906
2023-08-05,2023,4485.671666666666,2582.7483333333334,1759.0166666666667,10952.718333333332,52030.17833333334,58.536585365853654,86.1788617886179,91.869918699187,72.35772357723577,60.97560975609756,52.49458228462457
2023-08-06,2023,5228.29,2612.5183333333334,1586.2966666666669,10783.435,50020.44,68.29268292682927,86.99186991869918,83.73983739837398,71.54471544715447,49.59349593495935,52.09385067142666
2023-08-07,2023,3584.4533333333334,2813.0183333333334,1557.0266666666666,9173.295,56331.875,47.15447154471545,90.2439024390244,82.92682926829268,61.78861788617886,86.99186991869918,49.189281019741344
2023-08-08,2023,2880.383333333333,2417.5550000000003,1187.7333333333333,8100.56,56092.715000000004,37.39837398373984,82.92682926829268,70.73170731707317,55.28455284552846,84.5528455284553,42.47905833823123
2023-08-09,2023,7366.721666666667,3298.92,2026.1149999999998,16338.461666666668,49407.19666666666,84.5528455284553,98.3739837398374,99.1869918699187,93.4959349593496,46.34146341463415,63.476701840352234
2023-08-10,2023,1259.7783333333334,3182.388333333334,1768.29,7124.193333333333,58450.03333333333,17.073170731707318,96.7479674796748,92.6829268292683,43.08943089430895,95.1219512195122,57.24085987251164
2023-08-11,2023,5686.676666666666,2513.09,1617.365,11776.811666666666,54325.55833333333,70.73170731707317,83.73983739837398,86.1788617886179,78.86178861788618,76.42276422764228,49.28661867072654
2023-08-12,2023,6562.25,3095.725,1816.9350000000002,13650.463333333333,50693.41166666666,78.04878048780488,95.9349593495935,95.1219512195122,90.2439024390244,52.84552845528455,59.59467771757283
2023-08-13,2023,6713.349999999999,2368.5633333333335,1724.1783333333333,13083.388333333334,49674.80833333333,81.30081300813008,80.48780487804879,88.6178861788618,87.8048780487805,48.78048780487805,53.21132937000832
2023-08-14,2023,8249.061666666666,1123.995,669.2583333333333,12141.906666666668,53576.91,89.43089430894308,50.40650406504065,46.34146341463415,83.73983739837398,73.17073170731707,29.39299416277768
2023-08-15,2023,1054.075,299.9916666666667,116.76833333333333,2139.7316666666666,56933.95333333333,14.634146341463413,11.38211382113821,9.75609756097561,8.130081300813007,88.6178861788618,17.514231034876737
2023-08-16,2023,2050.535,457.805,205.85666666666665,4569.86,52348.611666666664,27.64227642276423,24.390243902439025,19.51219512195122,26.01626016260163,64.22764227642277,14.373930313840404
2023-08-17,2023,3330.485,1018.0949999999999,376.09999999999997,5373.631666666667,57057.645,45.52845528455284,44.71544715447154,30.081300813008134,30.081300813008134,90.2439024390244,14.261213806379782
2023-08-18,2023,3073.89,1784.9399999999998,765.2416666666667,6676.46,57831.585,41.46341463414634,65.04065040650406,52.03252032520326,41.46341463414634,94.3089430894309,29.31129949275746
2023-08-19,2023,2792.626666666667,1750.0166666666664,1005.6416666666668,6614.963333333333,55517.39333333333,36.58536585365854,63.41463414634146,65.04065040650406,39.83739837398374,83.73983739837398,33.03757383786675
2023-08-20,2023,5157.183333333333,637.3933333333333,411.95166666666665,7183.920000000001,56209.26833333333,65.85365853658537,32.52032520325203,34.146341463414636,43.90243902439025,85.36585365853658,12.928844069500478
2023-08-21,2023,4440.94,1071.0316666666665,513.4466666666666,7480.538333333333,58876.52,57.72357723577236,47.96747967479675,40.65040650406504,48.78048780487805,95.9349593495935,19.33935982121099
2023-08-22,2023,1954.485,2233.4216666666666,2207.7999999999997,7419.306666666666,56976.21166666666,26.01626016260163,76.42276422764228,100.0,47.15447154471545,89.43089430894308,52.05199768419726
2023-08-23,2023,8523.933333333332,1109.1133333333335,676.515,11981.646666666667,53208.12333333333,91.869918699187,48.78048780487805,47.15447154471545,81.30081300813008,69.91869918699187,30.280827648278507
2023-08-24,2023,4170.41,231.26166666666666,119.69,5828.313333333333,59378.63166666666,55.28455284552846,5.691056910569105,10.569105691056912,34.959349593495936,97.5609756097561,11.138890789374562
2023-08-25,2023,2496.6666666666665,669.4066666666666,390.675,5002.571666666667,60312.365,30.89430894308943,33.33333333333333,32.52032520325203,29.268292682926827,99.1869918699187,14.074502838223633
2023-08-26,2023,1306.3416666666667,335.84666666666664,100.39166666666667,3174.898333333333,61088.665,19.51219512195122,13.821138211382115,8.130081300813007,17.073170731707318,100.0,16.848484697381384
2023-08-27,2023,4839.845,51.336666666666666,76.925,5632.321666666667,57410.128333333334,60.97560975609756,2.4390243902439024,4.878048780487805,33.33333333333333,93.4959349593496,14.138012010105589
2023-08-28,2023,2733.2100000000005,80.745,84.23333333333333,3718.8266666666664,56290.48500000001,34.146341463414636,4.0650406504065035,6.504065040650407,18.69918699186992,86.1788617886179,12.821166769256875
2023-08-29,2023,2290.3483333333334,571.0933333333334,445.33166666666665,3958.498333333333,53178.236666666664,29.268292682926827,30.081300813008134,36.58536585365854,21.138211382113823,69.10569105691057,15.545564040494032
2023-08-30,2023,635.3733333333333,1049.3333333333333,648.9083333333334,2691.616666666667,53419.105,9.75609756097561,47.15447154471545,45.52845528455284,12.195121951219512,70.73170731707317,27.572616924953973
2023-08-31,2023,215.6016666666667,353.64833333333337,60.75333333333333,1660.7466666666667,54934.06333333333,2.4390243902439024,17.073170731707318,2.4390243902439024,4.0650406504065035,81.30081300813008,23.887079543885456
2023-09-01,2023,1288.2266666666667,450.325,362.3216666666667,2877.36,53874.706666666665,18.69918699186992,23.577235772357724,27.64227642276423,14.634146341463413,74.79674796747967,15.502483326533653
2023-09-02,2023,1080.2866666666666,354.7483333333333,140.415,1749.8066666666666,52788.845,15.447154471544716,17.88617886178862,12.195121951219512,5.691056910569105,65.85365853658537,18.76282280292378
2023-09-03,2023,2978.338333333333,499.02833333333336,77.97333333333334,4653.916666666667,50730.27833333333,39.83739837398374,26.82926829268293,5.691056910569105,26.82926829268293,53.65853658536586,18.046896209257024
2023-09-04,2023,9597.38,2259.5766666666664,1133.8333333333333,17085.858333333334,42202.895,94.3089430894309,78.04878048780488,69.91869918699187,96.7479674796748,28.455284552845526,53.15547146777403
2023-09-05,2023,5137.326666666667,2554.7116666666666,1810.6049999999998,11942.511666666667,50915.28833333333,64.22764227642277,84.5528455284553,93.4959349593496,80.48780487804879,55.28455284552846,53.54304872173529
2023-09-06,2023,1479.4666666666665,628.8133333333334,390.47,2918.84,59380.256666666675,20.32520325203252,31.70731707317073,31.70731707317073,15.447154471544716,98.3739837398374,16.866735504022046
2023-09-07,2023,3908.4916666666663,411.8966666666667,245.15166666666667,7058.724999999999,57280.863333333335,52.03252032520326,22.76422764227642,21.951219512195124,42.27642276422765,92.6829268292683,4.2371329017190655
2023-09-08,2023,5125.55,273.38166666666666,169.84333333333333,7670.951666666667,57202.84833333333,63.41463414634146,8.94308943089431,14.634146341463413,51.21951219512195,91.05691056910568,10.035335418702392
2023-09-09,2023,1263.4766666666667,336.0566666666667,457.58,2611.7933333333335,52983.46333333334,17.88617886178862,14.634146341463413,37.39837398373984,11.38211382113821,68.29268292682927,18.908308524439786
2023-09-10,2023,6245.288333333334,347.58,188.23333333333335,8667.411666666667,43424.573333333334,74.79674796747967,16.260162601626014,17.88617886178862,58.536585365853654,30.89430894308943,29.166460515744276
2023-09-11,2023,8233.026666666667,463.56500000000005,708.6133333333333,10515.83,43171.75,88.6178861788618,25.203252032520325,49.59349593495935,69.91869918699187,30.081300813008134,36.232327635430465
2023-09-12,2023,3891.258333333333,407.95,148.85833333333332,4900.64,50872.64666666667,51.21951219512195,21.951219512195124,13.821138211382115,28.455284552845526,54.47154471544715,15.459370898367519
2023-09-13,2023,391.31666666666666,493.8666666666666,180.33666666666667,1736.33,51869.07499999999,5.691056910569105,26.01626016260163,15.447154471544716,4.878048780487805,59.34959349593496,24.1910872905121
2023-09-14,2023,795.71,1547.5233333333333,461.90000000000003,3164.4166666666665,46568.619999999995,10.569105691056912,60.97560975609756,38.21138211382114,16.260162601626014,39.83739837398374,36.74395306594637
2023-09-15,2023,453.3433333333333,1165.1666666666667,470.66333333333336,2282.73,47759.895,7.317073170731707,51.21951219512195,39.02439024390244,8.94308943089431,43.08943089430895,33.99367628629122
2023-09-16,2023,1548.2616666666665,356.8666666666666,187.53166666666667,2492.103333333333,45995.055,21.138211382113823,18.69918699186992,17.073170731707318,9.75609756097561,35.77235772357724,27.11825843268903
2023-09-17,2023,85.97666666666667,347.0816666666667,256.0116666666667,858.5533333333333,45899.83666666667,1.6260162601626018,15.447154471544716,23.577235772357724,1.6260162601626018,34.959349593495936,32.89220337570307
2023-09-18,2023,3924.168333333333,511.2633333333333,137.74666666666667,7507.841666666667,42983.551666666666,52.84552845528455,27.64227642276423,11.38211382113821,49.59349593495935,29.268292682926827,27.77765786750607
2023-09-19,2023,8273.481666666667,370.4583333333333,442.6383333333333,11718.766666666668,40649.24166666667,90.2439024390244,20.32520325203252,35.77235772357724,78.04878048780488,24.390243902439025,36.34246293771851
2023-09-20,2023,2685.188333333333,283.39,385.2183333333333,4861.84,48297.43833333333,33.33333333333333,9.75609756097561,30.89430894308943,27.64227642276423,44.71544715447154,22.021671406549093
2023-09-21,2023,3631.2099999999996,702.3266666666667,695.695,7220.75,51364.83833333334,47.96747967479675,35.77235772357724,47.96747967479675,44.71544715447154,57.72357723577236,21.261560460610426
2023-09-22,2023,6626.576666666667,1465.8366666666668,808.5649999999999,11184.605000000001,46662.06333333333,78.86178861788618,59.34959349593496,53.65853658536586,74.79674796747967,40.65040650406504,37.49154586535041
2023-09-23,2023,4226.55,1335.4366666666667,972.2383333333333,8390.663333333332,49544.043333333335,56.09756097560976,54.47154471544715,63.41463414634146,56.09756097560976,47.96747967479675,34.17911921531288
2023-09-24,2023,1240.105,1372.625,714.04,4330.513333333333,52856.261666666665,16.260162601626014,56.09756097560976,50.40650406504065,22.76422764227642,66.66666666666666,30.2858719868019
2023-09-25,2023,2553.6299999999997,1109.8116666666667,609.555,4482.048333333333,52306.23666666667,31.70731707317073,49.59349593495935,44.71544715447154,24.390243902439025,63.41463414634146,24.02698559916823
2023-09-26,2023,44.53666666666666,143.47833333333332,52.56666666666666,832.7816666666668,52910.15166666667,0.8130081300813009,4.878048780487805,1.6260162601626018,0.8130081300813009,67.47967479674797,27.22011018333482
2023-09-27,2023,1016.1633333333333,266.96999999999997,72.52499999999999,2508.0333333333333,52667.165,13.821138211382115,8.130081300813007,4.0650406504065035,10.569105691056912,65.04065040650406,21.78919173414304
2023-09-28,2023,5207.6466666666665,569.1483333333333,182.955,8624.995,46502.51,67.47967479674797,29.268292682926827,16.260162601626014,57.72357723577236,38.21138211382114,25.106270885589986
2023-09-29,2023,11012.016666666668,407.35999999999996,243.59166666666667,14754.845000000001,41865.81166666667,98.3739837398374,21.138211382113823,21.138211382113823,91.869918699187,27.64227642276423,36.64360826987944
2023-09-30,2023,9153.793333333333,837.5533333333333,374.3216666666667,13333.534999999998,39896.77833333333,93.4959349593496,42.27642276422765,29.268292682926827,89.43089430894308,23.577235772357724,38.8359895747298
2023-10-01,2023,6948.131666666667,686.585,334.5133333333333,11204.836666666668,39789.253333333334,82.92682926829268,34.146341463414636,26.82926829268293,76.42276422764228,22.76422764227642,35.294200020369146
2023-10-02,2023,7203.891666666666,576.0416666666666,432.10833333333335,11410.808333333334,41676.70333333333,83.73983739837398,30.89430894308943,34.959349593495936,77.23577235772358,26.82926829268293,34.17432414190904
2023-10-03,2023,6626.736666666667,285.18666666666667,145.065,10122.413333333334,40985.560000000005,79.67479674796748,10.569105691056912,13.008130081300814,67.47967479674797,26.01626016260163,32.792815836204014
2023-10-04,2023,7378.986666666667,1040.08,864.555,10248.136666666667,46548.095,85.36585365853658,46.34146341463415,56.09756097560976,68.29268292682927,39.02439024390244,36.72671942433284
2023-10-05,2023,5485.44,1954.1583333333335,1253.2133333333334,9571.24,35781.205,69.91869918699187,69.10569105691057,73.17073170731707,64.22764227642277,17.88617886178862,50.73962180040951
2023-10-06,2023,357.215,1900.8233333333335,917.93,4188.961666666667,39311.174999999996,3.2520325203252036,66.66666666666666,58.536585365853654,21.951219512195124,21.138211382113823,48.989059743327864
2023-10-07,2023,1567.5016666666668,2241.536666666667,864.7816666666666,5747.733333333334,26276.23833333333,21.951219512195124,77.23577235772358,56.91056910569105,34.146341463414636,6.504065040650407,53.353195715887054
2023-10-08,2023,5179.218333333333,332.5833333333333,113.91833333333334,6459.366666666666,23948.646666666667,66.66666666666666,13.008130081300814,8.94308943089431,37.39837398373984,2.4390243902439024,41.285205069262204
2023-10-09,2023,596.615,69.02333333333333,505.38333333333327,1784.868333333333,35175.454999999994,8.130081300813007,3.2520325203252036,39.83739837398374,6.504065040650407,17.073170731707318,40.04898028904956
2023-10-10,2023,2989.0850000000005,365.6566666666667,966.79,7377.243333333333,34865.933333333334,40.65040650406504,19.51219512195122,61.78861788617886,46.34146341463415,16.260162601626014,39.59104587684987
2023-10-11,2023,7565.218333333333,234.415,194.99666666666667,11195.101666666667,28399.528333333332,86.99186991869918,6.504065040650407,18.69918699186992,75.60975609756098,8.94308943089431,41.607997445409005
2023-10-12,2023,10922.288333333332,555.095,698.0500000000001,16446.18333333333,25829.755,97.5609756097561,28.455284552845526,48.78048780487805,94.3089430894309,4.878048780487805,47.72835503496379
2023-10-13,2023,8171.506666666667,241.725,260.6766666666667,12914.765,33096.87666666667,87.8048780487805,7.317073170731707,24.390243902439025,86.1788617886179,13.821138211382115,39.72092074759139
2023-10-14,2023,2734.1183333333333,2559.726666666667,887.6116666666667,8085.825,26231.923333333336,34.959349593495936,85.36585365853658,57.72357723577236,54.47154471544715,5.691056910569105,55.231020111090736
2023-10-15,2023,6491.801666666666,2278.4883333333332,936.9683333333334,11886.798333333334,19691.98833333333,77.23577235772358,78.86178861788618,59.34959349593496,79.67479674796748,0.8130081300813009,56.561497238896884
2023-10-16,2023,630.16,2172.411666666667,751.1066666666666,4512.5616666666665,25166.981666666663,8.94308943089431,74.79674796747967,51.21951219512195,25.203252032520325,4.0650406504065035,54.31368865788067
2023-10-17,2023,3308.2383333333332,22.478333333333335,89.50166666666667,5608.188333333333,24598.17833333333,43.90243902439025,0.8130081300813009,7.317073170731707,32.52032520325203,3.2520325203252036,41.15626569136559
2023-10-18,2023,6712.971666666667,913.4533333333333,938.7883333333333,13026.755,21211.763333333336,80.48780487804879,43.90243902439025,60.16260162601627,86.99186991869918,1.6260162601626018,49.31323553936923
2023-10-19,2023,892.1933333333333,309.9583333333333,66.97,2858.7433333333333,34434.75833333333,11.38211382113821,12.195121951219512,3.2520325203252036,13.821138211382115,15.447154471544716,39.06428760304462
2023-10-20,2023,377.5683333333333,39.54666666666667,13.88,989.3883333333333,38585.64833333334,4.878048780487805,1.6260162601626018,0.8130081300813009,2.4390243902439024,19.51219512195122,40.191648545815426
2023-10-21,2023,6754.051666666666,1019.48,364.22166666666664,9553.283333333333,32223.543333333335,82.11382113821138,45.52845528455284,28.455284552845526,63.41463414634146,11.38211382113821,41.47941240199904
2023-10-22,2023,6130.4783333333335,1964.37,940.225,12249.69,33183.53166666667,73.98373983739837,70.73170731707317,60.97560975609756,84.5528455284553,14.634146341463413,49.57951549185111
2023-10-23,2023,10581.171666666667,3028.9733333333334,1693.0349999999999,19015.01166666667,32459.070000000003,96.7479674796748,95.1219512195122,87.8048780487805,98.3739837398374,13.008130081300814,67.27549413446916
2023-10-24,2023,8786.99,3336.1433333333334,1939.0633333333333,16698.454999999998,30511.39333333333,92.6829268292683,99.1869918699187,98.3739837398374,95.1219512195122,10.569105691056912,71.48999472741986
2023-10-25,2023,2482.0416666666665,3350.78,1670.8133333333335,10383.721666666666,37696.35333333334,30.081300813008134,100.0,86.99186991869918,69.10569105691057,18.69918699186992,63.70202222777539
2023-10-26,2023,6041.581666666666,2902.025,1292.1016666666667,13315.57,32369.333333333332,73.17073170731707,91.869918699187,76.42276422764228,88.6178861788618,12.195121951219512,60.377102050417946
2023-10-27,2023,5701.948333333334,1696.0033333333333,989.4266666666666,10085.178333333333,40760.565,71.54471544715447,61.78861788617886,64.22764227642277,66.66666666666666,25.203252032520325,44.27903244478237
2023-10-28,2023,3323.3799999999997,2400.73,1284.8216666666667,7282.298333333333,39092.46333333334,44.71544715447154,82.11382113821138,75.60975609756098,45.52845528455284,20.32520325203252,53.517299750346716
2023-10-29,2023,14010.385,1885.2966666666664,1527.1283333333333,21127.163333333334,26324.84833333333,100.0,65.85365853658537,81.30081300813008,100.0,7.317073170731707,59.96347452256286
2023-10-30,2023,8292.168333333333,2984.1749999999997,1893.085,15297.003333333332,26683.28333333333,91.05691056910568,93.4959349593496,96.7479674796748,92.6829268292683,8.130081300813007,69.68789874743409
2023-10-31,2023,1693.9033333333334,2803.271666666667,1035.48,6610.916666666667,28463.278333333335,22.76422764227642,89.43089430894308,66.66666666666666,39.02439024390244,9.75609756097561,58.01169612771607
2024-07-01,2024,10438.808333333332,560.46,196.00166666666667,14816.716666666667,44557.34666666667,90.2439024390244,43.90243902439025,26.82926829268293,87.8048780487805,61.78861788617886,26.595618534266524
2024-07-02,2024,11288.021666666667,674.8583333333333,941.93,15885.603333333333,41993.96,93.4959349593496,54.47154471544715,79.67479674796748,90.2439024390244,49.59349593495935,45.230571567802556
2024-07-03,2024,5135.908333333334,2059.4416666666666,1624.7733333333333,9992.333333333334,46204.920000000006,67.47967479674797,86.1788617886179,90.2439024390244,78.04878048780488,72.35772357723577,51.53253022978178
2024-07-04,2024,4290.595,2629.635,1982.5600000000002,10679.783333333333,44080.78,58.536585365853654,92.6829268292683,94.3089430894309,81.30081300813008,59.34959349593496,55.84735612887358
2024-07-05,2024,11285.583333333334,926.6583333333333,735.1183333333333,14963.788333333332,39735.29833333333,92.6829268292683,69.91869918699187,73.98373983739837,88.6178861788618,43.90243902439025,48.12349590239441
2024-07-06,2024,364.16499999999996,282.36333333333334,99.31333333333333,1418.0383333333332,48692.23500000001,8.94308943089431,26.82926829268293,12.195121951219512,6.504065040650407,82.11382113821138,19.631232084920978
2024-07-07,2024,3436.645,2441.0266666666666,661.0933333333334,8124.528333333333,39191.60166666666,50.40650406504065,88.6178861788618,69.10569105691057,64.22764227642277,41.46341463414634,48.85551836688668
2024-07-08,2024,4734.288333333333,334.515,344.94666666666666,6961.52,33917.975,63.41463414634146,33.33333333333333,47.96747967479675,55.28455284552846,19.51219512195122,36.10606588085248
2024-07-09,2024,356.3966666666667,389.32,236.82666666666668,1176.6766666666667,40945.24833333333,7.317073170731707,35.77235772357724,33.33333333333333,3.2520325203252036,46.34146341463415,29.065696939939635
2024-07-10,2024,626.635,626.5283333333333,440.30833333333334,2097.2016666666664,45895.4,12.195121951219512,52.03252032520326,56.91056910569105,13.821138211382115,70.73170731707317,31.436509400636425
2024-07-11,2024,1590.3166666666666,346.3616666666667,310.0083333333333,3057.6716666666666,45189.10999999999,31.70731707317073,34.146341463414636,44.71544715447154,24.390243902439025,65.04065040650406,19.307212969727544
2024-07-12,2024,1624.1899999999998,318.08166666666665,264.855,3774.456666666667,43282.46,32.52032520325203,30.081300813008134,38.21138211382114,31.70731707317073,55.28455284552846,19.46271567968187
2024-07-13,2024,4124.36,780.0966666666667,1161.1083333333333,7673.833333333333,38609.16333333334,56.91056910569105,60.16260162601627,82.92682926829268,62.601626016260155,34.959349593495936,45.91337487329204
2024-07-14,2024,4600.235,782.7933333333334,701.69,8353.873333333333,39071.505,61.78861788617886,60.97560975609756,71.54471544715447,66.66666666666666,40.65040650406504,40.94958892744634
2024-07-15,2024,4901.401666666667,922.0433333333334,1317.74,9196.885,43153.39000000001,65.85365853658537,69.10569105691057,86.99186991869918,71.54471544715447,54.47154471544715,46.48835835053972
2024-07-16,2024,4741.3133333333335,837.79,703.3183333333333,7594.838333333333,45697.78833333333,64.22764227642277,64.22764227642277,72.35772357723577,60.97560975609756,68.29268292682927,37.41761151517789
2024-07-17,2024,2597.7933333333335,753.375,509.49666666666667,4686.7,51244.003333333334,46.34146341463415,58.536585365853654,60.97560975609756,40.65040650406504,89.43089430894308,29.333854550224128
2024-07-18,2024,4585.788333333333,201.23166666666665,182.78333333333333,5811.961666666666,42301.735,60.97560975609756,18.69918699186992,25.203252032520325,48.78048780487805,50.40650406504065,18.077355978856126
2024-07-19,2024,360.5916666666667,238.22000000000003,90.44666666666667,2082.6516666666666,47823.775,8.130081300813007,21.951219512195124,8.94308943089431,13.008130081300814,79.67479674796748,20.257820648059106
2024-07-20,2024,1954.6133333333335,570.1783333333334,122.50166666666667,3089.8199999999997,46329.05833333333,37.39837398373984,45.52845528455284,17.073170731707318,25.203252032520325,74.79674796747967,15.5458777845578
2024-07-21,2024,2905.4500000000003,1126.3216666666667,601.9250000000001,6403.389999999999,42539.886666666665,48.78048780487805,77.23577235772358,65.85365853658537,52.03252032520326,51.21951219512195,41.64588045536926
2024-07-22,2024,2689.71,1028.2183333333335,1180.9383333333333,5238.545,49415.549999999996,47.96747967479675,73.17073170731707,84.5528455284553,42.27642276422765,83.73983739837398,43.54611584859475
2024-07-23,2024,863.195,613.785,238.75166666666667,1908.9366666666665,46815.01,17.88617886178862,49.59349593495935,34.146341463414636,11.38211382113821,76.42276422764228,22.85762018337386
2024-07-24,2024,532.0633333333334,422.605,319.695,1397.5433333333333,45980.630000000005,11.38211382113821,38.21138211382114,45.52845528455284,5.691056910569105,71.54471544715447,24.778552182625806
2024-07-25,2024,1161.95,135.815,259.255,2058.7933333333335,46278.323333333334,25.203252032520325,8.130081300813007,37.39837398373984,12.195121951219512,73.17073170731707,16.27489768884116
2024-07-26,2024,722.465,38.96,98.62833333333333,2645.46,43462.121666666666,13.821138211382115,2.4390243902439024,10.569105691056912,20.32520325203252,57.72357723577236,23.494771708058362
2024-07-27,2024,3306.4533333333334,994.5316666666668,377.67333333333335,6582.388333333333,38199.526666666665,49.59349593495935,72.35772357723577,49.59349593495935,53.65853658536586,33.33333333333333,40.1634556339209
2024-07-28,2024,10333.693333333335,2752.72,2025.2866666666669,19777.155,29442.850000000002,89.43089430894308,94.3089430894309,95.1219512195122,95.1219512195122,9.75609756097561,68.81005641323598
2024-07-29,2024,10899.605,2601.0716666666667,2552.3700000000003,20201.553333333333,36707.85,91.869918699187,91.869918699187,98.3739837398374,96.7479674796748,28.455284552845526,65.21296335753411
2024-07-30,2024,10713.491666666667,3229.8483333333334,2583.435,19980.53,35913.71166666666,91.05691056910568,100.0,99.1869918699187,95.9349593495935,26.82926829268293,68.21468525326782
2024-07-31,2024,9561.553333333333,2827.693333333333,2715.7533333333336,18899.608333333334,36306.791666666664,87.8048780487805,95.9349593495935,100.0,94.3089430894309,27.64227642276423,66.56867538957107
2024-08-01,2024,5211.06,1040.9466666666667,1180.3383333333334,8665.651666666667,44116.369999999995,68.29268292682927,73.98373983739837,83.73983739837398,69.10569105691057,60.16260162601627,46.18181518643886
2024-08-02,2024,737.3966666666666,263.17833333333334,121.82166666666667,1499.3066666666666,54323.23500000001,14.634146341463413,24.390243902439025,16.260162601626014,8.94308943089431,97.5609756097561,17.258240913564148
2024-08-03,2024,1288.315,94.33333333333333,66.01833333333333,2484.366666666667,51624.855,26.01626016260163,6.504065040650407,6.504065040650407,17.88617886178862,91.05691056910568,14.776496313437589
2024-08-04,2024,1468.045,217.42833333333337,189.0716666666667,2506.983333333333,49842.79833333333,30.081300813008134,21.138211382113823,26.01626016260163,18.69918699186992,85.36585365853658,9.036227539193211
2024-08-05,2024,964.5883333333333,276.4433333333333,230.335,1883.3216666666667,52962.03833333333,19.51219512195122,26.01626016260163,32.52032520325203,10.569105691056912,95.1219512195122,15.952379380766704
2024-08-06,2024,832.1666666666666,238.65166666666667,72.965,1421.3116666666667,54670.905,16.260162601626014,22.76422764227642,7.317073170731707,7.317073170731707,98.3739837398374,17.846569349767517
2024-08-07,2024,862.8883333333333,165.23,65.67833333333333,1774.05,55621.198333333334,17.073170731707318,9.75609756097561,5.691056910569105,9.75609756097561,100.0,18.77151348590121
2024-08-08,2024,991.7233333333334,731.3183333333333,160.855,3919.1083333333336,54138.58833333334,21.951219512195124,56.91056910569105,21.951219512195124,33.33333333333333,96.7479674796748,23.769005786629474
2024-08-09,2024,5754.433333333333,460.19166666666666,547.0116666666667,8136.46,46824.46333333334,73.17073170731707,39.83739837398374,62.601626016260155,65.04065040650406,77.23577235772358,27.38221801385231
2024-08-10,2024,2279.096666666667,315.98499999999996,269.8383333333333,3944.2450000000003,49206.840000000004,43.08943089430895,29.268292682926827,39.83739837398374,34.146341463414636,82.92682926829268,11.512977410617554
2024-08-11,2024,7719.536666666667,563.9,88.99666666666667,11002.305,43052.11833333333,84.5528455284553,44.71544715447154,8.130081300813007,82.92682926829268,53.65853658536586,27.45264242088424
2024-08-12,2024,6193.366666666666,1239.8116666666667,587.1783333333334,9288.948333333334,48516.07833333333,76.42276422764228,78.86178861788618,65.04065040650406,73.17073170731707,80.48780487804879,41.050053827959886
2024-08-13,2024,6644.936666666667,1549.3366666666668,1734.7833333333335,12232.078333333333,45592.34,80.48780487804879,81.30081300813008,91.869918699187,84.5528455284553,67.47967479674797,52.30015876575649
2024-08-14,2024,7236.323333333334,1300.5416666666667,1063.6366666666665,12044.871666666666,46305.68,82.92682926829268,79.67479674796748,80.48780487804879,83.73983739837398,73.98373983739837,47.62548564159113
2024-08-15,2024,3952.308333333333,1392.1433333333334,1252.8183333333334,7449.566666666667,50979.025,54.47154471544715,80.48780487804879,85.36585365853658,60.16260162601627,87.8048780487805,46.508963504475496
2024-08-16,2024,3590.3633333333332,912.68,752.4416666666666,6576.908333333333,52388.10833333334,52.03252032520326,68.29268292682927,76.42276422764228,52.84552845528455,93.4959349593496,38.879173245636544
2024-08-17,2024,1887.7466666666667,581.5483333333333,380.415,3492.875,53560.24833333333,36.58536585365854,47.96747967479675,50.40650406504065,28.455284552845526,95.9349593495935,22.679005389846775
2024-08-18,2024,1712.4066666666665,515.6883333333334,206.23666666666668,3562.3266666666664,52340.53166666667,34.146341463414636,41.46341463414634,29.268292682926827,30.081300813008134,92.6829268292683,14.36775334283545
2024-08-19,2024,2137.625,260.98,197.28,3151.51,55161.723333333335,39.83739837398374,23.577235772357724,27.64227642276423,26.01626016260163,99.1869918699187,8.603040928257425
2024-08-20,2024,4033.726666666667,170.6933333333333,171.59333333333333,5263.126666666667,52742.98166666667,55.28455284552846,11.38211382113821,23.577235772357724,43.90243902439025,94.3089430894309,6.978447047339941
2024-08-21,2024,3684.7816666666663,197.12333333333333,163.035,4742.581666666666,52155.496666666666,52.84552845528455,16.260162601626014,22.76422764227642,41.46341463414634,91.869918699187,4.211547203728691
2024-08-22,2024,6086.735000000001,624.5783333333334,559.725,8499.07,50155.670000000006,74.79674796747967,51.21951219512195,63.41463414634146,68.29268292682927,86.99186991869918,30.552068453069502
2024-08-23,2024,5721.506666666667,399.94166666666666,561.4050000000001,9606.261666666667,50984.69,72.35772357723577,36.58536585365854,64.22764227642277,75.60975609756098,88.6178861788618,27.033695050639274
2024-08-24,2024,2263.4883333333332,884.6550000000001,497.3333333333333,6343.251666666667,47006.76,41.46341463414634,66.66666666666666,60.16260162601627,51.21951219512195,78.04878048780488,32.457204518938454
2024-08-25,2024,2323.681666666667,811.215,328.58166666666665,4497.5616666666665,47129.161666666674,43.90243902439025,63.41463414634146,47.15447154471545,37.39837398373984,78.86178861788618,27.031999063907126
2024-08-26,2024,1802.8716666666667,605.4816666666667,145.82666666666665,3007.5516666666667,51297.66333333333,34.959349593495936,48.78048780487805,17.88617886178862,23.577235772357724,90.2439024390244,16.734307197549544
2024-08-27,2024,1028.535,627.5066666666667,306.2283333333333,2344.568333333333,50122.80833333334,22.76422764227642,52.84552845528455,43.08943089430895,16.260162601626014,86.1788617886179,24.18135924428533
2024-08-28,2024,2258.2316666666666,1106.015,618.9083333333333,4539.0199999999995,48531.95166666667,40.65040650406504,76.42276422764228,66.66666666666666,39.02439024390244,81.30081300813008,38.41150949351706
2024-08-29,2024,3949.818333333333,495.93333333333334,117.73833333333334,6239.125,44656.40333333333,53.65853658536586,40.65040650406504,14.634146341463413,49.59349593495935,62.601626016260155,16.157886767079106
2024-08-30,2024,5258.0216666666665,627.8116666666666,229.13,7366.571666666667,45347.213333333326,69.91869918699187,53.65853658536586,31.70731707317073,59.34959349593496,66.66666666666666,23.286939212883695
2024-08-31,2024,2597.8016666666667,759.1866666666666,417.98333333333335,4457.743333333333,46489.55833333334,47.15447154471545,59.34959349593496,54.47154471544715,36.58536585365854,75.60975609756098,27.685596390298535
2024-09-01,2024,4873.01,808.125,414.6566666666667,7666.456666666666,42584.125,65.04065040650406,62.601626016260155,53.65853658536586,61.78861788617886,52.03252032520326,33.546617535471135
2024-09-02,2024,6547.474999999999,528.9266666666666,357.88166666666666,8708.460000000001,45149.43,78.86178861788618,42.27642276422765,48.78048780487805,69.91869918699187,64.22764227642277,26.00433143902617
2024-09-03,2024,5221.349999999999,329.1666666666667,258.865,6998.02,45741.89000000001,69.10569105691057,30.89430894308943,36.58536585365854,56.09756097560976,69.10569105691057,16.34316708363616
2024-09-04,2024,989.8916666666668,300.64666666666665,400.21166666666664,2683.62,45863.78,21.138211382113823,27.64227642276423,52.03252032520326,21.138211382113823,69.91869918699187,22.491965161063792
2024-09-05,2024,1446.485,1624.0733333333335,1123.885,5468.011666666666,43357.026666666665,29.268292682926827,82.11382113821138,82.11382113821138,47.15447154471545,56.91056910569105,48.62733100928057
2024-09-06,2024,6698.483333333334,2658.1566666666668,2262.633333333333,14571.588333333333,32855.25166666667,82.11382113821138,93.4959349593496,96.7479674796748,86.99186991869918,16.260162601626014,66.54377414355822
2024-09-07,2024,1839.92,3089.9233333333336,2192.4900000000002,8448.151666666667,29097.888333333332,35.77235772357724,99.1869918699187,95.9349593495935,67.47967479674797,8.130081300813007,68.3771380754104
2024-09-08,2024,766.7199999999999,2998.0750000000003,1598.745,6702.821666666667,26068.498333333333,15.447154471544716,97.5609756097561,89.43089430894308,54.47154471544715,5.691056910569105,68.15477306357758
2024-09-09,2024,307.7283333333333,2561.733333333333,918.5583333333333,5246.62,29721.79833333333,6.504065040650407,91.05691056910568,78.86178861788618,43.08943089430895,11.38211382113821,62.971161687265074
2024-09-10,2024,301.8383333333333,3046.5033333333336,1445.055,5635.303333333333,33685.145,5.691056910569105,98.3739837398374,87.8048780487805,47.96747967479675,17.88617886178862,66.152437768228
2024-09-11,2024,489.4266666666667,194.585,98.57833333333333,2199.64,41838.54666666667,10.569105691056912,15.447154471544716,9.75609756097561,15.447154471544716,47.96747967479675,26.090391701345908
2024-09-12,2024,2272.04,205.63666666666668,229.04166666666666,5276.383333333333,38207.166666666664,42.27642276422765,19.51219512195122,30.89430894308943,44.71544715447154,34.146341463414636,25.29547561459163
2024-09-13,2024,6601.131666666667,686.5766666666667,761.7383333333333,10252.208333333334,35645.74333333333,79.67479674796748,55.28455284552846,77.23577235772358,79.67479674796748,24.390243902439025,47.967242348292054
2024-09-14,2024,6162.931666666666,1077.9916666666666,744.4633333333333,9290.966666666665,41331.915,75.60975609756098,75.60975609756098,75.60975609756098,73.98373983739837,47.15447154471545,46.79390651103599
2024-09-15,2024,1632.875,411.12999999999994,326.72166666666664,3790.815,43895.72666666666,33.33333333333333,37.39837398373984,46.34146341463415,32.52032520325203,58.536585365853654,21.974356572049697
2024-09-16,2024,2124.1150000000002,361.4433333333333,309.22,3679.2433333333333,44842.77333333334,39.02439024390244,34.959349593495936,43.90243902439025,30.89430894308943,63.41463414634146,18.512306376407324
2024-09-17,2024,6652.641666666666,180.51999999999998,120.36166666666666,9641.338333333333,39942.495,81.30081300813008,13.008130081300814,15.447154471544716,76.42276422764228,44.71544715447154,25.543096785369077
2024-09-18,2024,8858.688333333334,552.2133333333334,646.73,12685.21,39064.99,86.1788617886179,43.08943089430895,67.47967479674797,85.36585365853658,39.83739837398374,39.440190817071986
2024-09-19,2024,6503.66,939.9516666666667,447.67333333333335,9258.413333333332,44494.965,78.04878048780488,70.73170731707317,57.72357723577236,72.35772357723577,60.97560975609756,37.84446554567082
2024-09-20,2024,6456.798333333333,725.665,439.34666666666664,10232.65,43316.791666666664,77.23577235772358,56.09756097560976,56.09756097560976,78.86178861788618,56.09756097560976,33.148006397801076
2024-09-21,2024,12265.88,1075.3683333333333,707.6116666666667,16897.031666666666,35531.27333333334,95.9349593495935,74.79674796747967,73.17073170731707,91.05691056910568,22.76422764227642,54.81622031806969
2024-09-22,2024,5638.656666666667,731.37,487.2183333333333,10720.873333333333,41905.98,71.54471544715447,57.72357723577236,59.34959349593496,82.11382113821138,48.78048780487805,35.21447819973944
2024-09-23,2024,458.81166666666667,329.71,155.6783333333333,1186.7716666666668,49592.036666666674,9.75609756097561,31.70731707317073,20.32520325203252,4.0650406504065035,84.5528455284553,19.350604651559248
2024-09-24,2024,1378.6449999999998,459.33,101.00333333333333,2762.411666666667,45234.416666666664,28.455284552845526,39.02439024390244,13.008130081300814,21.951219512195124,65.85365853658537,17.25014502080017
2024-09-25,2024,6070.0233333333335,136.31500000000003,294.42,8181.853333333333,38860.185000000005,73.98373983739837,8.94308943089431,42.27642276422765,65.85365853658537,38.21138211382114,28.670479852822687
2024-09-26,2024,162.60666666666668,1173.7666666666667,765.7933333333334,2632.943333333333,35393.22,0.8130081300813009,78.04878048780488,78.04878048780488,19.51219512195122,21.951219512195124,57.10695399541792
2024-09-27,2024,260.00666666666666,37.163333333333334,53.178333333333335,906.065,37027.97833333333,4.0650406504065035,1.6260162601626018,2.4390243902439024,0.8130081300813009,30.081300813008134,36.35698113022618
2024-09-28,2024,2579.431666666667,57.666666666666664,147.55166666666665,4093.015,33072.98166666667,45.52845528455284,3.2520325203252036,19.51219512195122,34.959349593495936,17.073170731707318,33.83090858640248
2024-09-29,2024,1109.82,81.52666666666666,62.29333333333333,1473.9383333333335,35817.206666666665,24.390243902439025,5.691056910569105,4.878048780487805,8.130081300813007,25.203252032520325,32.86700922303901
2024-09-30,2024,178.32500000000002,114.46,50.48499999999999,1028.4483333333335,42800.975,1.6260162601626018,7.317073170731707,1.6260162601626018,1.6260162601626018,52.84552845528455,29.593749147499686
2024-10-01,2024,4371.993333333333,859.8066666666667,544.5233333333333,7827.7733333333335,35879.73166666667,59.34959349593496,65.04065040650406,61.78861788617886,63.41463414634146,26.01626016260163,43.17113530797676
2024-10-02,2024,970.3533333333334,884.36,147.26833333333335,4605.245,37641.12666666666,20.32520325203252,65.85365853658537,18.69918699186992,39.83739837398374,30.89430894308943,38.01840376759487
2024-10-03,2024,5494.8966666666665,620.8083333333333,281.32166666666666,9396.471666666666,35345.738333333335,70.73170731707317,50.40650406504065,40.65040650406504,74.79674796747967,21.138211382113823,37.85732038624574
2024-10-04,2024,1093.5066666666667,2433.358333333333,1311.6283333333333,5357.75,38943.426666666666,23.577235772357724,87.8048780487805,86.1788617886179,46.34146341463415,39.02439024390244,55.41856249101597
2024-10-05,2024,242.40499999999997,576.1916666666667,462.9866666666667,2845.025,39571.935,3.2520325203252036,47.15447154471545,58.536585365853654,22.76422764227642,43.08943089430895,38.29808363387438
2024-10-06,2024,875.1866666666666,2124.068333333333,649.6033333333334,4501.033333333334,38685.880000000005,18.69918699186992,86.99186991869918,68.29268292682927,38.21138211382114,36.58536585365854,51.0205154289756
2024-10-07,2024,192.21833333333333,1889.5683333333334,681.5133333333333,3537.235,40513.39333333333,2.4390243902439024,83.73983739837398,70.73170731707317,29.268292682926827,45.52845528455284,51.44470286582734
2024-10-08,2024,288.255,215.80833333333337,58.68000000000001,1215.6083333333333,38614.23333333333,4.878048780487805,20.32520325203252,3.2520325203252036,4.878048780487805,35.77235772357724,32.7791533408023
2024-10-09,2024,2358.255,330.50333333333333,175.29666666666665,4367.928333333333,32427.708333333332,44.71544715447154,32.52032520325203,24.390243902439025,35.77235772357724,14.634146341463413,34.651543573903986
2024-10-10,2024,4689.883333333333,35.15333333333333,61.836666666666666,5338.665,33878.85333333333,62.601626016260155,0.8130081300813009,4.0650406504065035,45.52845528455284,18.69918699186992,35.21403498128186
2024-10-11,2024,9067.4,276.09666666666664,228.5583333333333,10522.203333333333,29786.58666666667,86.99186991869918,25.203252032520325,30.081300813008134,80.48780487804879,13.008130081300814,39.731017808670025
2024-10-12,2024,7545.655,67.28500000000001,205.94333333333336,9648.875,29767.22,83.73983739837398,4.878048780487805,28.455284552845526,77.23577235772358,12.195121951219512,39.90123549336232
2024-10-13,2024,4168.403333333334,176.00333333333333,287.31333333333333,7262.838333333333,32808.935000000005,57.72357723577236,12.195121951219512,41.46341463414634,57.72357723577236,15.447154471544716,35.701112839988085
2024-10-14,2024,1294.695,62.42166666666666,99.30166666666666,2355.59,37773.87666666667,26.82926829268293,4.0650406504065035,11.38211382113821,17.073170731707318,32.52032520325203,28.885080684678485
2024-10-15,2024,4116.781666666667,197.505,402.98,6337.0233333333335,33939.52166666667,56.09756097560976,17.073170731707318,52.84552845528455,50.40650406504065,20.32520325203252,35.61573991848781
2024-10-16,2024,3573.318333333333,2550.9283333333333,1659.545,9096.088333333333,21004.23833333333,51.21951219512195,90.2439024390244,91.05691056910568,70.73170731707317,4.0650406504065035,65.03901755873669
2024-10-17,2024,9974.543333333333,2043.5649999999998,1592.0649999999998,17309.414999999997,15035.203333333337,88.6178861788618,85.36585365853658,88.6178861788618,92.6829268292683,0.8130081300813009,66.71747830674924
2024-10-18,2024,14091.848333333333,2511.5716666666667,1847.5249999999999,22400.751666666667,16188.279999999999,98.3739837398374,89.43089430894308,92.6829268292683,99.1869918699187,1.6260162601626018,70.19288651216851
2024-10-19,2024,11741.659999999998,1789.6466666666668,1075.7666666666667,18023.07,18037.08,95.1219512195122,82.92682926829268,81.30081300813008,93.4959349593496,2.4390243902439024,64.62533834747387
2024-10-20,2024,8282.793333333333,1908.7316666666666,667.9566666666666,14238.016666666668,19305.774999999998,85.36585365853658,84.5528455284553,69.91869918699187,86.1788617886179,3.2520325203252036,60.624151165593176
2024-10-21,2024,12430.331666666667,803.9416666666666,254.33833333333334,17021.94,22829.171666666665,96.7479674796748,61.78861788617886,35.77235772357724,91.869918699187,4.878048780487805,50.72995064126067
2024-10-22,2024,2066.84,170.49666666666667,244.79833333333332,3215.633333333333,36981.14166666667,38.21138211382114,10.569105691056912,34.959349593495936,26.82926829268293,29.268292682926827,28.681535420650746
2024-10-23,2024,1491.9416666666666,194.10833333333335,115.46666666666665,2166.055,39374.75166666667,30.89430894308943,14.634146341463413,13.821138211382115,14.634146341463413,42.27642276422765,22.701197466445617
2024-10-24,2024,11296.675000000001,310.52833333333336,391.87000000000006,15737.721666666666,29397.806666666667,94.3089430894309,28.455284552845526,51.21951219512195,89.43089430894308,8.94308943089431,45.831002478936476
2024-10-25,2024,4482.1866666666665,574.2033333333333,433.74333333333334,7339.3,35533.215000000004,60.16260162601627,46.34146341463415,55.28455284552846,58.536585365853654,23.577235772357724,37.84608423818926
2024-10-26,2024,639.0933333333334,198.47,17.228333333333335,1096.2316666666666,38824.92833333334,13.008130081300814,17.88617886178862,0.8130081300813009,2.4390243902439024,37.39837398373984,30.31623622816654
2024-10-27,2024,5081.213333333334,184.3166666666667,158.365,7162.581666666668,31428.911666666663,66.66666666666666,13.821138211382115,21.138211382113823,56.91056910569105,13.821138211382115,35.52758650203553
2024-10-28,2024,14321.466666666667,980.9516666666667,744.3516666666668,20446.79333333333,28246.573333333334,99.1869918699187,71.54471544715447,74.79674796747967,97.5609756097561,7.317073170731707,59.381670218803265
2024-10-29,2024,15261.623333333335,2796.0916666666667,2301.1733333333336,24986.916666666668,27770.78833333333,100.0,95.1219512195122,97.5609756097561,100.0,6.504065040650407,72.16353908881494
2024-10-30,2024,12998.090000000002,2925.985,1886.8116666666665,22054.493333333332,29639.20833333333,97.5609756097561,96.7479674796748,93.4959349593496,98.3739837398374,10.569105691056912,70.07709511055943
2024-10-31,2024,1333.18,900.2049999999999,267.155,3432.9799999999996,37714.09666666667,27.64227642276423,67.47967479674797,39.02439024390244,27.64227642276423,31.70731707317073,38.42783526433654
2025-07-01,2025,1568.2016666666666,1051.3266666666666,739.4,3644.8266666666664,47659.07666666666,25.203252032520325,55.28455284552846,60.97560975609756,23.577235772357724,92.6829268292683,30.330898808570634
2025-07-02,2025,2019.8933333333334,1760.28,1597.4716666666666,7172.53,45673.48500000001,35.77235772357724,79.67479674796748,85.36585365853658,56.09756097560976,86.1788617886179,46.47762209456525
2025-07-03,2025,6978.6483333333335,2750.713333333333,1907.9466666666667,13415.511666666665,41810.4,78.86178861788618,92.6829268292683,91.869918699187,85.36585365853658,64.22764227642277,56.21771366103157
2025-07-04,2025,1867.1433333333334,3378.0333333333333,1555.6716666666669,9274.923333333334,38775.363333333335,33.33333333333333,100.0,84.5528455284553,70.73170731707317,43.08943089430895,57.78893849761886
2025-07-05,2025,992.5983333333334,2983.3216666666667,1796.8633333333335,6666.508333333334,40128.74166666667,14.634146341463413,94.3089430894309,89.43089430894308,51.21951219512195,52.03252032520326,57.65497908948222
2025-07-06,2025,915.605,2281.2883333333334,1612.6933333333334,5691.551666666666,38727.085,12.195121951219512,85.36585365853658,86.99186991869918,42.27642276422765,42.27642276422765,55.682848907218
2025-07-07,2025,1164.215,2295.935,1610.6983333333335,6244.259999999999,43175.74166666666,19.51219512195122,86.1788617886179,86.1788617886179,44.71544715447154,72.35772357723577,51.04332727825379
2025-07-08,2025,1514.1433333333334,1652.745,1270.2933333333333,4940.966666666666,45102.263333333336,24.390243902439025,77.23577235772358,78.86178861788618,37.39837398373984,82.11382113821138,44.271744257878545
2025-07-09,2025,519.6816666666667,1882.205,1687.8883333333333,4614.63,44724.19666666666,8.130081300813007,80.48780487804879,87.8048780487805,34.959349593495936,79.67479674796748,51.0957745910474
2025-07-10,2025,6236.463333333333,1924.5,1953.2616666666665,13125.571666666665,31502.685,77.23577235772358,82.11382113821138,94.3089430894309,82.92682926829268,17.88617886178862,61.51091611874526
2025-07-11,2025,9083.343333333332,3355.463333333333,2458.2533333333336,17210.503333333334,31559.406666666666,89.43089430894308,99.1869918699187,99.1869918699187,95.1219512195122,18.69918699186992,69.42019784014006
2025-07-12,2025,2259.5883333333336,3251.73,2093.978333333333,8728.06,42484.34,42.27642276422765,98.3739837398374,95.1219512195122,66.66666666666666,66.66666666666666,57.40088851529066
2025-07-13,2025,871.6583333333333,3025.556666666667,1949.125,6231.751666666667,39392.456666666665,10.569105691056912,96.7479674796748,93.4959349593496,43.90243902439025,46.34146341463415,61.17180993844568
2025-07-14,2025,1790.9583333333333,2623.115,1719.0783333333331,6745.338333333333,40344.456666666665,30.89430894308943,91.869918699187,88.6178861788618,52.84552845528455,54.47154471544715,54.52535902062458
2025-07-15,2025,7245.498333333333,2926.94,1929.08,14509.873333333331,35415.80833333334,81.30081300813008,93.4959349593496,92.6829268292683,88.6178861788618,33.33333333333333,61.473129384628116
2025-07-16,2025,8099.248333333334,2983.3783333333336,2119.398333333333,14914.433333333332,34442.72833333334,83.73983739837398,95.1219512195122,95.9349593495935,91.05691056910568,30.89430894308943,63.82303086357535
2025-07-17,2025,2333.8366666666666,1379.6000000000001,1424.9316666666666,6083.208333333333,41007.58166666667,43.90243902439025,70.73170731707317,80.48780487804879,43.08943089430895,60.16260162601627,42.906521300830505
2025-07-18,2025,6165.895,1625.78,1122.6499999999999,10853.083333333334,38668.00666666666,76.42276422764228,76.42276422764228,75.60975609756098,76.42276422764228,41.46341463414634,48.292694276177976
2025-07-19,2025,10441.698333333334,3005.7383333333332,2254.733333333333,18429.616666666665,30368.77333333333,93.4959349593496,95.9349593495935,96.7479674796748,98.3739837398374,13.008130081300814,69.56223380098673
2025-07-20,2025,9427.631666666666,3157.778333333333,2330.7916666666665,17869.751666666667,30386.941666666666,90.2439024390244,97.5609756097561,97.5609756097561,96.7479674796748,13.821138211382115,69.64060381363649
2025-07-21,2025,8576.578333333333,2541.5466666666666,2361.07,16201.625,33241.31333333333,86.1788617886179,91.05691056910568,98.3739837398374,93.4959349593496,25.203252032520325,64.82178216347538
2025-07-22,2025,10641.068333333333,2407.7000000000003,1845.335,18305.86333333333,31669.681666666667,95.1219512195122,88.6178861788618,90.2439024390244,97.5609756097561,19.51219512195122,64.18135342967409
2025-07-23,2025,9809.121666666668,1393.29,996.96,15348.230000000001,35133.276666666665,92.6829268292683,71.54471544715447,71.54471544715447,91.869918699187,32.52032520325203,50.37789207152648
2025-07-24,2025,4693.6866666666665,692.13,442.0116666666667,6854.953333333334,42955.65666666667,60.97560975609756,34.959349593495936,38.21138211382114,54.47154471544715,71.54471544715447,15.225330791695141
2025-07-25,2025,341.5516666666667,629.8466666666667,346.3233333333333,1676.075,50845.71,4.0650406504065035,30.89430894308943,33.33333333333333,6.504065040650407,99.1869918699187,23.653839935277762
2025-07-26,2025,2792.8766666666666,2508.9566666666665,1550.6066666666666,7542.650000000001,41580.23333333333,52.03252032520326,90.2439024390244,83.73983739837398,59.34959349593496,62.601626016260155,50.71272641353664
2025-07-27,2025,10510.818333333333,2020.4766666666667,1868.5166666666667,16746.88666666667,32037.728333333336,94.3089430894309,82.92682926829268,91.05691056910568,94.3089430894309,20.32520325203252,62.47309818237459
2025-07-28,2025,6854.213333333333,1254.7883333333332,1312.4116666666666,11986.863333333333,38844.924999999996,78.04878048780488,65.85365853658537,79.67479674796748,78.86178861788618,43.90243902439025,46.19875232801836
2025-07-29,2025,4377.043333333333,339.14500000000004,534.635,6472.171666666666,41889.925,59.34959349593496,12.195121951219512,46.34146341463415,49.59349593495935,65.04065040650406,17.855749699588774
2025-07-30,2025,1676.075,212.45166666666668,206.84500000000003,2638.1316666666667,45286.53333333333,27.64227642276423,5.691056910569105,15.447154471544716,15.447154471544716,83.73983739837398,12.456737799428595
2025-07-31,2025,1141.3583333333333,575.2566666666667,340.67,2441.355,50258.46666666667,18.69918699186992,25.203252032520325,32.52032520325203,13.008130081300814,96.7479674796748,16.432026353070412
2025-08-01,2025,1347.8149999999998,654.0583333333333,401.2483333333333,2676.585,49522.475,21.138211382113823,32.52032520325203,36.58536585365854,16.260162601626014,95.9349593495935,17.40334540445387
2025-08-02,2025,307.0566666666667,634.7116666666667,270.93666666666667,1615.4483333333335,46572.833333333336,2.4390243902439024,31.70731707317073,25.203252032520325,4.0650406504065035,90.2439024390244,22.882785266954812
2025-08-03,2025,7441.611666666667,780.0,92.39166666666667,10601.455,37417.6,82.11382113821138,40.65040650406504,4.878048780487805,75.60975609756098,37.39837398373984,31.391415262218427
2025-08-04,2025,2294.0316666666668,1092.4683333333335,556.855,5021.246666666667,41394.549999999996,43.08943089430895,58.536585365853654,47.96747967479675,39.02439024390244,61.78861788617886,27.446466085718097
2025-08-05,2025,5145.596666666667,605.6183333333333,310.455,8934.523333333333,39699.159999999996,64.22764227642277,26.82926829268293,27.64227642276423,68.29268292682927,48.78048780487805,19.926485811496804
2025-08-06,2025,5439.485,898.5066666666667,569.4866666666667,10026.178333333333,39787.465000000004,66.66666666666666,52.03252032520326,50.40650406504065,73.98373983739837,49.59349593495935,30.060959323802116
2025-08-07,2025,5718.943333333334,1345.0183333333334,1146.2366666666667,10941.144999999999,40507.01666666667,71.54471544715447,69.91869918699187,77.23577235772358,77.23577235772358,57.72357723577236,43.20409415285003
2025-08-08,2025,8375.108333333334,886.9483333333334,657.8683333333333,13395.475,38645.950000000004,85.36585365853658,51.21951219512195,55.28455284552846,84.5528455284553,40.65040650406504,37.1136420659061
2025-08-09,2025,8661.278333333334,1015.4250000000001,603.9183333333334,13058.800000000001,37041.695,86.99186991869918,54.47154471544715,53.65853658536586,82.11382113821138,34.959349593495936,39.48212069883374
2025-08-10,2025,4216.758333333333,1205.3416666666665,509.8933333333334,6813.746666666667,42613.88,56.91056910569105,64.22764227642277,42.27642276422765,53.65853658536586,68.29268292682927,27.548754470660015
2025-08-11,2025,2468.395,1107.6983333333333,372.2316666666666,4669.67,48142.77333333334,47.15447154471545,60.16260162601627,35.77235772357724,35.77235772357724,93.4959349593496,22.948314875767554
2025-08-12,2025,417.18,839.195,253.57833333333335,1637.9766666666667,49080.08833333334,4.878048780487805,46.34146341463415,22.76422764227642,4.878048780487805,95.1219512195122,25.329781349297022
2025-08-13,2025,186.10833333333335,1057.05,184.89666666666668,1797.5566666666666,50496.956666666665,1.6260162601626018,56.91056910569105,13.008130081300814,7.317073170731707,97.5609756097561,30.336706549944203
2025-08-14,2025,1804.3083333333334,1899.4283333333333,860.0933333333334,6468.716666666667,46396.621666666666,31.70731707317073,81.30081300813008,67.47967479674797,48.78048780487805,88.6178861788618,41.22773551823296
2025-08-15,2025,8104.071666666667,1551.8333333333333,810.6166666666667,12899.824999999999,40359.706666666665,84.5528455284553,73.17073170731707,64.22764227642277,81.30081300813008,55.28455284552846,42.594198341928845
2025-08-16,2025,2376.445,2233.4583333333335,1548.625,8178.365000000001,42738.12499999999,44.71544715447154,84.5528455284553,82.92682926829268,64.22764227642277,69.10569105691057,47.68041594486539
2025-08-17,2025,5624.349999999999,800.9633333333333,732.5583333333334,9436.426666666668,40268.60833333333,69.91869918699187,43.90243902439025,59.34959349593496,71.54471544715447,53.65853658536586,30.17618877779767
2025-08-18,2025,5551.588333333333,544.2016666666667,339.64166666666665,7171.900000000001,46478.10166666668,69.10569105691057,23.577235772357724,31.70731707317073,55.28455284552846,89.43089430894308,11.875499238765768
2025-08-19,2025,653.9666666666667,809.92,252.5,1890.9366666666667,54631.095,8.94308943089431,44.71544715447154,21.951219512195124,8.94308943089431,100.0,23.83367862625497
2025-08-20,2025,3778.0916666666667,234.68166666666664,250.26999999999998,5399.916666666667,44440.51666666666,55.28455284552846,7.317073170731707,21.138211382113823,40.65040650406504,78.86178861788618,7.933835038176005
2025-08-21,2025,1471.5249999999999,354.10666666666674,126.78500000000001,2292.3266666666664,50726.61833333334,22.76422764227642,13.821138211382115,10.569105691056912,11.38211382113821,98.3739837398374,14.796089880987122
2025-08-22,2025,1752.79,343.2816666666667,128.06,2483.7633333333333,46617.67833333334,30.081300813008134,13.008130081300814,11.38211382113821,13.821138211382115,91.05691056910568,10.742066152470954
2025-08-23,2025,2244.556666666667,561.1583333333333,366.93333333333334,3703.3366666666666,42948.681666666664,41.46341463414634,24.390243902439025,34.959349593495936,25.203252032520325,70.73170731707317,11.058770321790112
2025-08-24,2025,493.77833333333336,463.96000000000004,224.21333333333334,2093.7466666666664,45313.26833333333,7.317073170731707,20.32520325203252,18.69918699186992,9.75609756097561,84.5528455284553,19.46282594384663
2025-08-25,2025,2582.3116666666665,859.7183333333332,256.9533333333333,4611.183333333333,45111.92166666667,47.96747967479675,47.96747967479675,23.577235772357724,34.146341463414636,82.92682926829268,15.007422369369237
2025-08-26,2025,1707.5366666666666,701.0916666666667,570.3066666666667,3318.3566666666666,47532.53166666667,28.455284552845526,35.77235772357724,51.21951219512195,21.138211382113823,91.869918699187,20.518082044921634
2025-08-27,2025,1946.493333333333,657.9566666666666,733.5116666666667,4521.07,46376.48,34.146341463414636,33.33333333333333,60.16260162601627,31.70731707317073,87.8048780487805,22.80987543896807
2025-08-28,2025,5994.653333333333,932.9816666666666,990.3216666666667,9983.565,42099.42166666667,74.79674796747967,53.65853658536586,70.73170731707317,73.17073170731707,65.85365853658537,35.37395726652597
2025-08-29,2025,1817.8966666666665,862.6433333333334,560.59,3524.0416666666665,48958.41333333333,32.52032520325203,48.78048780487805,48.78048780487805,22.76422764227642,94.3089430894309,22.794389074003224
2025-08-30,2025,1307.7833333333333,764.3833333333332,455.5466666666666,2931.0483333333336,46243.365,20.32520325203252,39.02439024390244,40.65040650406504,17.073170731707318,86.99186991869918,19.671142260309626
2025-08-31,2025,2008.1266666666668,772.7566666666667,508.77833333333336,4251.9383333333335,43513.51666666667,34.959349593495936,39.83739837398374,41.46341463414634,29.268292682926827,73.98373983739837,17.31859164845158
2025-09-01,2025,2086.5366666666664,235.5,69.48,2979.8816666666667,43635.64833333334,37.39837398373984,8.130081300813007,2.4390243902439024,19.51219512195122,74.79674796747967,13.407304415443468
2025-09-02,2025,2067.0733333333333,506.52500000000003,239.47,3699.431666666667,42879.39666666667,36.58536585365854,22.76422764227642,20.32520325203252,24.390243902439025,69.91869918699187,9.464883739612254
2025-09-03,2025,321.7716666666667,195.60500000000002,84.12,1410.1899999999998,43690.28666666667,3.2520325203252036,4.878048780487805,3.2520325203252036,0.8130081300813009,75.60975609756098,24.925595301477987
2025-09-04,2025,3490.5183333333334,389.2283333333333,99.46666666666665,4994.708333333333,39487.58833333334,54.47154471544715,16.260162601626014,5.691056910569105,38.21138211382114,47.96747967479675,19.952561081512112
2025-09-05,2025,5974.264999999999,1303.945,690.8633333333333,9844.658333333333,44893.305,73.98373983739837,66.66666666666666,56.91056910569105,72.35772357723577,80.48780487804879,33.500956936567384
2025-09-06,2025,1734.9650000000001,719.0116666666667,222.66666666666666,3063.2183333333337,45029.26666666666,29.268292682926827,37.39837398373984,17.88617886178862,20.32520325203252,81.30081300813008,13.208188680715294
2025-09-07,2025,1125.0416666666667,261.0233333333333,208.17833333333337,2974.86,38276.549999999996,17.88617886178862,8.94308943089431,16.260162601626014,17.88617886178862,39.83739837398374,26.851500743164017
2025-09-08,2025,2439.991666666667,1743.835,727.9549999999999,7338.363333333334,29133.993333333336,46.34146341463415,78.86178861788618,58.536585365853654,58.536585365853654,11.38211382113821,51.05768124457081
2025-09-09,2025,4157.006666666667,783.3483333333334,319.1766666666667,6702.5199999999995,27956.789999999997,56.09756097560976,41.46341463414634,30.081300813008134,52.03252032520326,9.75609756097561,38.488811484045875
2025-09-10,2025,4864.046666666666,819.8716666666666,446.425,8216.42,30817.645,61.78861788617886,45.52845528455284,39.02439024390244,65.04065040650406,16.260162601626014,37.617176678704865
2025-09-11,2025,4387.433333333333,713.445,321.3616666666667,7294.005,36541.051666666666,60.16260162601627,36.58536585365854,30.89430894308943,57.72357723577236,34.146341463414636,27.302138352258762
2025-09-12,2025,7519.853333333333,1211.1899999999998,569.0816666666666,12125.37,34446.66,82.92682926829268,65.04065040650406,49.59349593495935,79.67479674796748,31.70731707317073,41.6156536898532
2025-09-13,2025,8715.686666666666,1560.8216666666667,891.035,14252.12,31390.66333333333,87.8048780487805,73.98373983739837,69.10569105691057,87.8048780487805,17.073170731707318,53.638428854502095
2025-09-14,2025,7041.168333333334,1331.3816666666667,1124.2316666666666,12328.596666666666,32693.273333333334,80.48780487804879,68.29268292682927,76.42276422764228,80.48780487804879,23.577235772357724,51.09637786685728
2025-09-15,2025,4283.945,880.6766666666667,434.875,6405.143333333333,39787.91,57.72357723577236,50.40650406504065,37.39837398373984,46.34146341463415,50.40650406504065,25.31310829558179
2025-09-16,2025,2600.3366666666666,907.2816666666666,524.5266666666666,5470.426666666666,39417.26666666667,49.59349593495935,52.84552845528455,43.90243902439025,41.46341463414634,47.15447154471545,28.069411099772253
2025-09-17,2025,3176.0416666666665,1121.29,541.195,6297.805,41135.545000000006,52.84552845528455,60.97560975609756,47.15447154471545,45.52845528455284,60.97560975609756,28.348385175882314
2025-09-18,2025,2433.84,1176.1483333333333,665.9433333333333,4525.033333333334,44180.165,45.52845528455284,63.41463414634146,56.09756097560976,32.52032520325203,78.04878048780488,29.688679695073137
2025-09-19,2025,2166.103333333333,628.13,220.66833333333332,3967.183333333333,42567.170000000006,39.02439024390244,30.081300813008134,17.073170731707318,26.82926829268293,67.47967479674797,11.335097159108487
2025-09-20,2025,5455.141666666666,607.5066666666667,224.60999999999999,7806.6033333333335,39038.6,67.47967479674797,27.64227642276423,19.51219512195122,61.78861788617886,45.52845528455284,21.711963031924096
2025-09-21,2025,5743.384999999999,1130.8,610.4783333333334,8409.751666666667,38071.055,72.35772357723577,61.78861788617886,54.47154471544715,65.85365853658537,39.02439024390244,37.781953732247004
2025-09-22,2025,3393.135,1424.085,1071.3166666666666,7257.8533333333335,43261.14166666667,53.65853658536586,72.35772357723577,73.17073170731707,56.91056910569105,73.17073170731707,39.42143377139332
2025-09-23,2025,5291.673333333333,2062.798333333333,1547.625,11097.246666666666,40405.28166666667,65.85365853658537,83.73983739837398,82.11382113821138,78.04878048780488,56.09756097560976,49.22924816375869
2025-09-24,2025,4363.4800000000005,1146.4916666666666,823.645,8910.768333333333,43749.38,58.536585365853654,62.601626016260155,65.04065040650406,67.47967479674797,76.42276422764228,32.95473744727233
2025-09-25,2025,450.7916666666667,413.1333333333334,533.9183333333334,1671.4799999999998,39869.06333333333,5.691056910569105,17.88617886178862,45.52845528455284,5.691056910569105,51.21951219512195,29.08613515046264
2025-09-26,2025,1056.7883333333332,317.8666666666667,49.72,2366.465,37087.081666666665,15.447154471544716,10.569105691056912,0.8130081300813009,12.195121951219512,35.77235772357724,30.640675089669454
2025-09-27,2025,2128.2033333333334,417.08666666666664,196.905,3707.0316666666663,33376.35666666667,38.21138211382114,18.69918699186992,14.634146341463413,26.01626016260163,27.64227642276423,28.265148414375073
2025-09-28,2025,944.2233333333334,754.1416666666668,262.8233333333333,2630.83,33320.456666666665,13.821138211382115,38.21138211382114,24.390243902439025,14.634146341463413,26.01626016260163,34.28577839508861
2025-09-29,2025,471.5416666666667,374.06,120.17333333333333,1568.8366666666668,40790.34666666667,6.504065040650407,15.447154471544716,8.94308943089431,2.4390243902439024,59.34959349593496,24.350462123659387
2025-09-30,2025,158.96833333333333,484.44666666666666,101.21166666666666,1587.0633333333335,40429.70166666667,0.8130081300813009,21.951219512195124,6.504065040650407,3.2520325203252036,56.91056910569105,27.4401532737334
2025-10-01,2025,1492.78,173.89,118.00999999999999,2978.565,39036.909999999996,23.577235772357724,2.4390243902439024,8.130081300813007,18.69918699186992,44.71544715447154,25.31803276578751
2025-10-02,2025,932.77,292.58666666666664,106.62833333333333,1852.675,41764.515,13.008130081300814,9.75609756097561,7.317073170731707,8.130081300813007,63.41463414634146,21.618049055729298
2025-10-03,2025,752.1916666666666,1053.1483333333333,289.86,3457.845,40686.06,9.75609756097561,56.09756097560976,26.01626016260163,21.951219512195124,58.536585365853654,29.56918210002516
2025-10-04,2025,8984.94,792.4549999999999,363.4883333333334,13320.29,25993.911666666667,88.6178861788618,42.27642276422765,34.146341463414636,83.73983739837398,6.504065040650407,44.61413896749899
2025-10-05,2025,10748.725,323.545,196.32500000000002,14164.336666666668,26435.67333333333,97.5609756097561,11.38211382113821,13.821138211382115,86.99186991869918,8.130081300813007,44.22887654238057
2025-10-06,2025,4932.333333333333,626.5216666666666,527.4416666666667,6625.471666666667,40154.79,62.601626016260155,29.268292682926827,44.71544715447154,50.40650406504065,52.84552845528455,21.818155791550108
2025-10-07,2025,2596.4249999999997,613.5,449.7633333333333,4424.7300000000005,45381.81166666667,48.78048780487805,28.455284552845526,39.83739837398374,30.89430894308943,85.36585365853658,11.007898245778664
2025-10-08,2025,1116.3516666666667,1594.9816666666666,765.02,4154.993333333333,44089.80666666667,17.073170731707318,75.60975609756098,61.78861788617886,28.455284552845526,77.23577235772358,39.399711749464956
2025-10-09,2025,1596.4183333333333,2311.955,1146.7883333333334,6455.968333333333,37106.245,26.82926829268293,86.99186991869918,78.04878048780488,47.96747967479675,36.58536585365854,52.80572195122933
2025-10-10,2025,1444.4683333333332,1691.0633333333335,720.5166666666668,4564.888333333333,33954.496666666666,21.951219512195124,78.04878048780488,57.72357723577236,33.33333333333333,28.455284552845526,46.98644207254022
2025-10-11,2025,6997.276666666668,182.19833333333335,144.67166666666665,10112.118333333334,26379.899999999998,79.67479674796748,3.2520325203252036,12.195121951219512,74.79674796747967,7.317073170731707,41.42514647008128
2025-10-12,2025,10746.16,603.8616666666667,833.945,14806.931666666665,24991.103333333333,96.7479674796748,26.01626016260163,65.85365853658537,90.2439024390244,5.691056910569105,50.597171297964934
2025-10-13,2025,2214.226666666667,876.035,840.185,4795.503333333333,37813.36000000001,40.65040650406504,49.59349593495935,66.66666666666666,36.58536585365854,38.21138211382114,36.699787951402435
2025-10-14,2025,5485.69,795.4033333333333,313.59,7767.786666666667,30511.01166666667,68.29268292682927,43.08943089430895,29.268292682926827,60.16260162601627,14.634146341463413,37.590519868263
2025-10-15,2025,2698.1633333333334,222.18833333333336,123.83,4383.585,32499.906666666666,51.21951219512195,6.504065040650407,9.75609756097561,30.081300813008134,21.951219512195124,31.707610258246017
2025-10-16,2025,9704.89,410.2716666666667,603.1666666666666,14043.098333333333,27650.441666666666,91.869918699187,17.073170731707318,52.84552845528455,86.1788617886179,8.94308943089431,45.36389039953017
2025-10-17,2025,5182.656666666667,370.6166666666666,1084.3216666666667,8016.834999999999,34027.55166666667,65.04065040650406,14.634146341463413,74.79674796747967,63.41463414634146,29.268292682926827,39.89880047283438
2025-10-18,2025,9587.838333333333,1317.625,783.6966666666667,14582.205000000002,30355.851666666666,91.05691056910568,67.47967479674797,63.41463414634146,89.43089430894308,12.195121951219512,52.65783871197208
2025-10-19,2025,880.4516666666667,1336.0233333333333,767.0166666666668,5055.545,23969.876666666667,11.38211382113821,69.10569105691057,62.601626016260155,39.83739837398374,4.878048780487805,54.21610676619888
2025-10-20,2025,12464.57,851.3816666666667,1078.1016666666667,17567.588333333333,23046.953333333335,98.3739837398374,47.15447154471545,73.98373983739837,95.9349593495935,4.0650406504065035,55.42150194101459
2025-10-21,2025,5094.945000000001,677.1116666666667,586.9533333333333,7785.8533333333335,30585.455,63.41463414634146,34.146341463414636,52.03252032520326,60.97560975609756,15.447154471544716,38.74071131326283
2025-10-22,2025,6016.425,479.09666666666664,310.80833333333334,9252.676666666666,23012.44,75.60975609756098,21.138211382113823,28.455284552845526,69.10569105691057,3.2520325203252036,41.651857600997324
2025-10-23,2025,5704.941666666667,1101.7616666666665,884.255,9264.721666666666,32631.061666666665,70.73170731707317,59.34959349593496,68.29268292682927,69.91869918699187,22.76422764227642,45.461191914623114
2025-10-24,2025,10662.795,1572.6633333333332,1497.6616666666666,16065.79,32733.398333333334,95.9349593495935,74.79674796747967,81.30081300813008,92.6829268292683,24.390243902439025,56.65028040331052
2025-10-25,2025,2600.5183333333334,2345.3483333333334,971.9333333333334,6450.27,34330.51833333333,50.40650406504065,87.8048780487805,69.91869918699187,47.15447154471545,30.081300813008134,51.34566574030614
2025-10-26,2025,1094.2783333333334,184.45666666666668,90.45166666666667,1523.58,32334.355,16.260162601626014,4.0650406504065035,4.0650406504065035,1.6260162601626018,21.138211382113823,36.310491735114596
2025-10-27,2025,2201.6683333333335,459.53,515.0166666666667,4043.4733333333334,33366.801666666666,39.83739837398374,19.51219512195122,43.08943089430895,27.64227642276423,26.82926829268293,30.645405549256548
2025-10-28,2025,14215.668333333333,1059.7549999999999,1000.12,19712.976666666666,28044.241666666665,100.0,57.72357723577236,72.35772357723577,99.1869918699187,10.569105691056912,54.964547008935064
2025-10-29,2025,12666.505,2504.0383333333334,2658.7533333333336,20876.745,12957.96,99.1869918699187,89.43089430894308,100.0,100.0,0.8130081300813009,72.65391780789062
2025-10-30,2025,1584.0266666666666,94.485,49.94833333333333,2175.518333333333,19706.320000000003,26.01626016260163,0.8130081300813009,1.6260162601626018,10.569105691056912,2.4390243902439024,43.376591292228305
2025-10-31,2025,5959.856666666667,98.88333333333333,309.7083333333333,7818.191666666667,17314.661666666667,73.17073170731707,1.6260162601626018,26.82926829268293,62.601626016260155,1.6260162601626018,42.98058225500184
2026-07-01,2026,10021.831666666667,2231.3433333333332,1980.5466666666664,18034.143333333333,30489.625,96.1038961038961,71.42857142857143,79.22077922077922,96.1038961038961,8.0,59.706324738825266
2026-07-02,2026,6941.651666666668,1743.8266666666666,1391.3283333333331,13121.048333333332,34234.416666666664,81.81818181818183,58.44155844155844,61.038961038961034,77.92207792207793,21.333333333333336,45.35625812157673
2026-07-03,2026,5294.598333333333,1427.0416666666667,1408.265,10525.853333333333,34093.49,66.23376623376623,44.15584415584416,62.33766233766234,68.83116883116884,18.666666666666668,41.640050070570304
2026-07-04,2026,2767.75,1486.0249999999999,1064.7683333333332,6403.035,37609.80833333333,45.45454545454545,49.35064935064935,49.35064935064935,41.55844155844156,33.33333333333333,33.03156926429829
2026-07-05,2026,2272.2000000000003,1162.17,842.9516666666667,4769.9783333333335,39645.715,33.76623376623377,28.57142857142857,41.55844155844156,18.181818181818183,49.333333333333336,22.079196821005688
2026-07-06,2026,453.12833333333333,1149.4383333333333,699.3033333333333,2477.3333333333335,45150.65666666667,3.896103896103896,27.27272727272727,33.76623376623377,7.792207792207792,88.0,22.51373456174364
2026-07-07,2026,1682.11,1445.7066666666667,1139.1733333333334,4785.801666666667,43239.32,23.376623376623375,48.05194805194805,54.54545454545454,19.480519480519483,72.0,26.734108994994898
2026-07-08,2026,6173.781666666667,1045.09,1252.1366666666665,11025.894999999999,35921.14333333333,75.32467532467533,20.77922077922078,55.84415584415584,71.42857142857143,30.666666666666664,34.547482381334724
2026-07-09,2026,9416.261666666667,1401.5100000000002,1949.7933333333333,15166.791666666666,30456.355,93.5064935064935,41.55844155844156,76.62337662337663,88.31168831168831,6.666666666666667,53.601744887319065
2026-07-10,2026,11150.03,1716.1366666666665,1267.9233333333334,16877.231666666667,30181.911666666667,98.7012987012987,55.84415584415584,58.44155844155844,93.5064935064935,2.666666666666667,53.83303865575697
2026-07-11,2026,1707.493333333333,1954.1666666666667,1760.0183333333334,5894.038333333334,38328.53666666666,24.675324675324674,63.63636363636363,72.72727272727273,33.76623376623377,40.0,43.20739848271747
2026-07-12,2026,1511.96,1357.36,933.0033333333334,5376.805,40967.38333333333,18.181818181818183,40.25974025974026,44.15584415584416,27.27272727272727,56.00000000000001,25.88898711978768
2026-07-13,2026,1470.5199999999998,1808.6716666666669,1094.0866666666668,4822.83,45503.21166666667,15.584415584415584,61.038961038961034,53.246753246753244,22.07792207792208,89.33333333333333,31.639775906268895
2026-07-14,2026,2677.62,2566.655,2137.705,8782.191666666668,38062.613333333335,44.15584415584416,81.81818181818183,83.11688311688312,57.14285714285714,38.666666666666664,51.245886826868386
2026-07-15,2026,1547.3216666666667,2462.2149999999997,1549.0333333333335,6798.123333333333,38579.93,20.77922077922078,79.22077922077922,64.93506493506493,45.45454545454545,44.0,45.492876400108194
2026-07-16,2026,6412.740000000001,2918.595,2731.055,13729.191666666666,34688.4,79.22077922077922,96.1038961038961,100.0,83.11688311688312,26.666666666666668,65.77269017098027
2026-07-17,2026,8644.693333333335,2755.89,2420.9783333333335,16615.350000000002,30369.756666666668,90.9090909090909,85.71428571428571,97.40259740259741,92.20779220779221,5.333333333333334,68.43626192098696
2026-07-18,2026,6372.211666666666,2769.1133333333332,2365.116666666667,13442.705,29995.471666666668,77.92207792207793,88.31168831168831,93.5064935064935,80.51948051948052,1.3333333333333335,67.49537523616198
2026-07-19,2026,3718.1366666666668,2249.58,2052.185,8823.101666666667,34333.325000000004,51.94805194805194,72.72727272727273,81.81818181818183,58.44155844155844,22.666666666666664,51.9250939693347
2026-07-20,2026,2345.3633333333332,1347.825,1273.04,5759.281666666667,39715.93333333333,35.064935064935064,38.961038961038966,59.74025974025974,29.87012987012987,50.66666666666667,28.896138239223035
2026-07-21,2026,511.1499999999999,437.7866666666667,264.37333333333333,1722.2383333333335,44415.71666666667,5.194805194805195,3.896103896103896,7.792207792207792,3.896103896103896,78.66666666666666,23.25866137122146
2026-07-22,2026,687.9549999999999,186.115,43.14666666666667,1396.5033333333333,50735.093333333345,7.792207792207792,1.2987012987012987,1.2987012987012987,1.2987012987012987,98.66666666666667,24.498116068896103
2026-07-23,2026,1141.2433333333333,426.57,148.97,3237.061666666667,45611.80833333334,10.38961038961039,2.5974025974025974,2.5974025974025974,10.38961038961039,90.66666666666666,22.267585149883942
2026-07-24,2026,2081.69,2992.2316666666666,2168.8083333333334,9510.965,37844.23666666667,31.16883116883117,97.40259740259741,85.71428571428571,63.63636363636363,37.333333333333336,58.332611438736606
2026-07-25,2026,8265.123333333333,1437.9916666666668,1072.9350000000002,12699.125,30333.381666666664,88.31168831168831,45.45454545454545,50.649350649350644,76.62337662337663,4.0,48.096306785276305
2026-07-26,2026,6188.44,1131.6533333333334,733.9499999999999,9629.088333333333,33192.85833333333,76.62337662337663,25.97402597402597,36.36363636363637,66.23376623376623,14.666666666666666,37.55643712460267
2026-07-27,2026,6172.796666666666,2119.096666666667,1656.265,11026.708333333334,35417.97,74.02597402597402,68.83116883116884,70.12987012987013,72.72727272727273,28.000000000000004,47.31604720100823
2026-07-28,2026,4470.176666666667,2770.7166666666667,1701.9733333333334,9550.043333333333,38550.96166666667,58.44155844155844,89.6103896103896,71.42857142857143,64.93506493506493,42.66666666666667,49.866430675256744
2026-07-29,2026,2528.1566666666668,2611.258333333333,1852.0249999999999,7423.676666666666,41994.848333333335,42.857142857142854,83.11688311688312,74.02597402597402,50.649350649350644,61.33333333333333,44.9322243390238
2026-07-30,2026,4208.259999999999,2315.695,1997.08,9978.38,37839.568333333336,57.14285714285714,75.32467532467533,80.51948051948052,67.53246753246754,36.0,49.03411818482033
2026-07-31,2026,3804.985,2028.6783333333333,1563.1983333333335,9334.66,38525.60333333333,53.246753246753244,67.53246753246754,67.53246753246754,62.33766233766234,41.333333333333336,40.98359396681258
2026-08-01,2026,3871.318333333333,1188.7466666666667,249.42166666666665,6209.12,41755.621666666666,54.54545454545454,29.87012987012987,5.194805194805195,38.961038961038966,60.0,15.985588198038226
2026-08-02,2026,205.92999999999998,722.9416666666666,524.0966666666667,1656.6599999999999,40417.135,1.2987012987012987,6.493506493506493,23.376623376623375,2.5974025974025974,53.333333333333336,27.980849648224865
2026-08-03,2026,2401.021666666667,1223.4483333333335,532.93,6473.496666666666,38889.443333333336,37.66233766233766,31.16883116883117,24.675324675324674,42.857142857142854,45.33333333333333,20.893239587742006
2026-08-04,2026,7505.336666666667,2826.2999999999997,2161.2633333333333,14324.681666666665,34568.496666666666,84.4155844155844,92.20779220779221,84.4155844155844,84.4155844155844,24.0,60.935097143412264
2026-08-05,2026,7401.883333333334,2363.471666666667,1960.5316666666665,14489.393333333333,34139.225,83.11688311688312,76.62337662337663,77.92207792207793,85.71428571428571,20.0,55.15402340867478
2026-08-06,2026,6417.355,1981.46,1550.29,11569.68,37766.111666666664,80.51948051948052,64.93506493506493,66.23376623376623,75.32467532467533,34.66666666666667,44.258224096851926
2026-08-07,2026,5148.443333333334,1501.8999999999999,978.2766666666666,9031.425000000001,40675.62333333333,64.93506493506493,50.649350649350644,48.05194805194805,61.038961038961034,54.666666666666664,27.416615364523764
2026-08-08,2026,1541.2749999999999,755.62,439.47333333333336,3245.0716666666667,43985.68166666667,19.480519480519483,9.090909090909092,20.77922077922078,11.688311688311687,76.0,15.375797705902643
2026-08-09,2026,2819.065,773.3000000000001,349.87166666666667,5906.826666666667,39802.35833333333,48.05194805194805,10.38961038961039,11.688311688311687,35.064935064935064,52.0,17.4186431515626
2026-08-10,2026,5656.538333333334,2016.1166666666668,1087.0916666666667,11194.771666666667,39006.073333333334,71.42857142857143,66.23376623376623,51.94805194805194,74.02597402597402,46.666666666666664,36.49413905578716
2026-08-11,2026,8454.539999999999,2841.9016666666666,2333.7766666666666,16497.105,32737.895,89.6103896103896,93.5064935064935,92.20779220779221,90.9090909090909,13.333333333333334,66.85188701444436
2026-08-12,2026,10086.083333333334,2765.97,2377.971666666667,18973.408333333333,31979.839999999997,97.40259740259741,87.01298701298701,94.8051948051948,98.7012987012987,10.666666666666668,67.61556860440845
2026-08-13,2026,9416.388333333334,2999.7316666666666,2440.2683333333334,18494.38666666667,31713.938333333335,94.8051948051948,98.7012987012987,98.7012987012987,97.40259740259741,9.333333333333334,72.04363336050005
2026-08-14,2026,8870.105,3242.2833333333333,2386.595,17911.445,32036.340000000007,92.20779220779221,100.0,96.1038961038961,94.8051948051948,12.0,70.66593405620213
2026-08-15,2026,7955.793333333334,2436.1583333333333,2176.3683333333333,15244.49,33313.15166666667,87.01298701298701,77.92207792207793,87.01298701298701,89.6103896103896,16.0,59.811896887206075
2026-08-16,2026,4850.141666666666,1106.915,772.7066666666666,7366.953333333334,36341.90666666667,62.33766233766234,24.675324675324674,38.961038961038966,49.35064935064935,32.0,28.27777612181188
2026-08-17,2026,1234.7216666666666,954.1616666666665,326.24,2693.8883333333333,44735.255000000005,12.987012987012985,15.584415584415584,9.090909090909092,9.090909090909092,80.0,18.118036211838955
2026-08-18,2026,1930.7216666666666,1300.4116666666666,685.2016666666667,5957.791666666667,43155.89,28.57142857142857,36.36363636363637,31.16883116883117,36.36363636363637,70.66666666666667,15.648858845393562
2026-08-19,2026,3685.9933333333333,1745.01,1466.2216666666666,7829.703333333334,41212.20500000001,50.649350649350644,59.74025974025974,63.63636363636363,53.246753246753244,57.333333333333336,33.57935856057341
2026-08-20,2026,2351.721666666667,2668.165,1641.62,7500.349999999999,42617.06166666667,36.36363636363637,84.4155844155844,68.83116883116884,51.94805194805194,66.66666666666666,43.51094759095431
2026-08-21,2026,1264.7483333333332,1735.5033333333333,1254.2766666666666,4804.6866666666665,47232.55333333334,14.285714285714285,57.14285714285714,57.14285714285714,20.77922077922078,94.66666666666667,32.012861551708454
2026-08-22,2026,1853.8383333333334,754.0099999999999,355.28833333333336,3633.8633333333332,47730.25666666666,25.97402597402597,7.792207792207792,12.987012987012985,14.285714285714285,96.0,13.734766110844303
2026-08-23,2026,1189.9716666666666,813.62,368.5716666666667,3499.3566666666666,44899.865,11.688311688311687,11.688311688311687,15.584415584415584,12.987012987012985,82.66666666666667,18.070867032784175
2026-08-24,2026,5417.388333333333,1057.7,392.67,8857.458333333334,42364.371666666666,68.83116883116884,22.07792207792208,16.883116883116884,59.74025974025974,64.0,14.535204686771458
2026-08-25,2026,2517.773333333333,1635.3483333333334,590.8000000000001,5533.014999999999,44954.763333333336,41.55844155844156,54.54545454545454,25.97402597402597,28.57142857142857,85.33333333333334,18.769859530168116
2026-08-26,2026,566.9583333333334,860.9466666666667,327.18666666666667,2089.8250000000003,51131.62833333333,6.493506493506493,12.987012987012985,10.38961038961039,5.194805194805195,100.0,21.90536077069221
2026-08-27,2026,5103.343333333333,480.7866666666667,154.645,7241.755,44954.408333333326,63.63636363636363,5.194805194805195,3.896103896103896,48.05194805194805,84.0,13.757298117961346
2026-08-28,2026,401.96333333333337,863.3766666666667,254.53666666666666,2364.736666666667,49047.700000000004,2.5974025974025974,14.285714285714285,6.493506493506493,6.493506493506493,97.33333333333334,23.733363218220305
2026-08-29,2026,2419.32,993.2199999999999,645.87,6523.8,39429.28166666666,38.961038961038966,18.181818181818183,29.87012987012987,44.15584415584416,48.0,19.10621911382911
2026-08-30,2026,5394.400000000001,1546.9433333333334,759.2383333333333,10617.141666666666,35910.055,67.53246753246754,51.94805194805194,37.66233766233766,70.12987012987013,29.333333333333332,34.262750748235824
2026-08-31,2026,4703.498333333333,1316.065,820.73,8390.75,41457.081666666665,59.74025974025974,37.66233766233766,40.25974025974026,54.54545454545454,58.666666666666664,19.772991842762323
2026-09-01,2026,4113.301666666667,956.79,431.79333333333335,6899.938333333333,42729.026666666665,55.84415584415584,16.883116883116884,19.480519480519483,46.75324675324675,69.33333333333334,8.77980448068002
2026-09-02,2026,1485.4566666666667,1444.9033333333334,504.64000000000004,4679.156666666667,44994.223333333335,16.883116883116884,46.75324675324675,22.07792207792208,16.883116883116884,86.66666666666667,20.598924284890852
2026-09-03,2026,1605.805,1912.5233333333333,696.5683333333333,5791.091666666666,46211.70333333334,22.07792207792208,62.33766233766234,32.467532467532465,31.16883116883117,93.33333333333333,26.5463638184622
2026-09-04,2026,2485.838333333333,1604.0366666666669,960.9499999999999,6215.721666666667,42345.043333333335,40.25974025974026,53.246753246753244,46.75324675324675,40.25974025974026,62.66666666666667,25.089301992661678
2026-09-05,2026,1080.5583333333334,1425.2833333333335,632.01,3973.9033333333336,44314.98,9.090909090909092,42.857142857142854,28.57142857142857,15.584415584415584,77.33333333333333,22.946701818159525
2026-09-06,2026,2229.4416666666666,998.3233333333333,621.8866666666667,4860.62,42534.636666666665,32.467532467532465,19.480519480519483,27.27272727272727,23.376623376623375,65.33333333333333,12.692660557831667
2026-09-07,2026,2033.6666666666667,1289.3766666666668,718.8766666666667,5206.765,43583.93833333333,29.87012987012987,35.064935064935064,35.064935064935064,25.97402597402597,74.66666666666667,14.992234119483728
2026-09-08,2026,4705.765,1270.3733333333332,945.6783333333333,8601.85,43328.560000000005,61.038961038961034,32.467532467532465,45.45454545454545,55.84415584415584,73.33333333333333,16.888615538643528
2026-09-09,2026,2815.6666666666665,1080.3883333333333,419.1716666666667,5188.366666666667,45872.775,46.75324675324675,23.376623376623375,18.181818181818183,24.675324675324674,92.0,3.9169845815011137
2026-09-10,2026,3324.6800000000003,1279.4433333333334,360.43,5843.305,44750.04833333334,49.35064935064935,33.76623376623377,14.285714285714285,32.467532467532465,81.33333333333333,8.479602262174202
2026-09-11,2026,1854.1499999999999,2175.82,873.8649999999999,6154.09,42668.310000000005,27.27272727272727,70.12987012987013,42.857142857142854,37.66233766233766,68.0,31.65482001188961
2026-09-12,2026,5995.05,2909.013333333334,1937.5049999999999,13181.403333333334,33569.04833333333,72.72727272727273,94.8051948051948,75.32467532467533,79.22077922077922,17.333333333333336,59.665054271865266
2026-09-13,2026,5644.068333333334,2792.351666666667,2249.0716666666667,13612.851666666667,34638.745,70.12987012987013,90.9090909090909,89.6103896103896,81.81818181818183,25.333333333333336,60.191019408099464
2026-09-14,2026,12031.838333333333,2302.7383333333332,2214.1283333333336,19928.356666666667,,100.0,74.02597402597402,88.31168831168831,100.0,,
2026-09-15,2026,7922.945,2563.7366666666667,2331.18,15101.815,,85.71428571428571,80.51948051948052,90.9090909090909,87.01298701298701,,
