node,date,total_offer_mw,total_bid_mw,offer_revenue,bid_revenue,net_revenue,avg_da_lmp,avg_rt_lmp,avg_dart_spread,hours_positive,hours_negative,hours_participated,positive_revenue,negative_revenue,win_rate,profit_loss_ratio,hsl,total_awarded_mw,max_possible_mw,participation_rate
ABINDUST_RN,2026-07-15,3.6,-38.2,3.9005000000000036,23.787250000000046,27.687750000000047,27.5025,27.508125000000003,-0.005624999999999325,12,11,23,84.91900000000003,-57.23124999999998,52.2,1.36,9.9,41.800000000000004,237.60000000000002,17.6
ADL_RN,2026-07-15,8.0,-13.3,-5.092500000000004,37.614750000000015,32.52225000000001,14.133333333333333,14.412604166666668,-0.27927083333333363,4,4,8,41.92675000000001,-9.404500000000006,50.0,4.46,60.0,21.3,1440.0,1.5
AE_RN,2026-07-15,2.8000000000000003,-61.6,0.4494999999999991,-27.879249999999967,-27.429749999999967,25.26625,26.178541666666664,-0.9122916666666673,10,13,23,57.220000000000006,-84.64974999999997,43.5,0.88,9.9,64.4,237.60000000000002,27.1
ALAMO_ST_RN,2026-07-15,0.0,-12.7,0.0,-68.16975,-68.16975,0.9824999999999999,1.0119791666666667,-0.029479166666666796,0,5,5,0.0,-68.16975,0.0,0.0,9.9,12.7,237.60000000000002,5.3
ALP_BESS_RN,2026-07-15,4.9,-68.0,119.463,27.72325,147.18625000000003,39.20875,30.506354166666668,8.702395833333334,14,9,23,375.46175000000005,-228.2755,60.9,1.06,100.3,72.9,2407.2,3.0
ALVIN_RN,2026-07-15,6.6,-50.1,-20.605499999999996,-84.76249999999996,-105.36799999999997,25.09875,26.10083333333333,-1.002083333333333,8,14,22,4.985000000000002,-110.35299999999997,36.4,0.08,7.5,56.7,180.0,31.5
AMAD_ESS_RN,2026-07-15,6.5,-9.0,-37.05,29.747499999999995,-7.302500000000002,3.1750000000000003,3.3426041666666664,-0.1676041666666667,4,2,6,33.285,-40.5875,66.7,0.41,0.0,15.5,0.0,0.0
ANCHOR_ALL,2026-07-15,723.1,-60.599999999999994,-206.45325000000014,-49.18275,-255.63600000000022,25.746666666666666,26.351354166666667,-0.6046875000000003,10,13,23,1328.54525,-1584.18125,43.5,1.09,36.3,783.7,871.1999999999999,90.0
ANDMDSLR_ALL,2026-07-15,57.4,-119.0,18.689999999999984,157.38124999999997,176.07124999999996,25.79041666666667,26.31895833333333,-0.5285416666666666,11,12,23,475.2967499999999,-299.22550000000007,47.8,1.73,81.9,176.4,1965.6000000000001,9.0
ANEM_ESS_RN,2026-07-15,0.8,-5.5,-8.881,-29.480750000000008,-38.36175000000001,15.438749999999999,20.8509375,-5.412187500000001,5,18,23,5.891,-44.252750000000006,21.7,0.48,200.0,6.3,4800.0,0.1
ANG_ALL,2026-07-15,984.8000000000001,-259.8,-2895.7222500000003,-777.3877500000002,-3673.11,26.849166666666665,30.115520833333335,-3.2663541666666664,6,17,23,1182.4654999999998,-4855.5755,26.1,0.69,100.0,1244.6000000000001,2400.0,51.9
ANOL_ESS_RN,2026-07-15,3.3000000000000003,-8.0,0.33625000000000127,-7.074,-6.737749999999998,25.785833333333333,26.475729166666667,-0.6898958333333333,10,13,23,11.684500000000005,-18.422250000000002,43.5,0.82,240.0,11.3,5760.0,0.2
ANTL_ESS_ES1,2026-07-15,4.0,-94.9,-109.97550000000001,-1845.0384999999999,-1955.014,40.089999999999996,60.75,-20.66,9,14,23,144.22950000000003,-2099.2434999999996,39.1,0.11,70.0,98.9,1680.0,5.9
APPLE_ESR_RN,2026-07-15,10.0,-14.0,-22.74499999999999,-64.22250000000001,-86.9675,12.686666666666667,13.233645833333332,-0.5469791666666665,3,7,10,18.95,-105.9175,30.0,0.42,0.0,24.0,0.0,0.0
ARY_BESS_RN,2026-07-15,1.0,-11.0,-4.7425,-41.855,-46.5975,3.3516666666666666,4.203125,-0.8514583333333334,2,4,6,22.259999999999998,-68.85749999999999,33.3,0.65,180.0,12.0,4320.0,0.3
AVIL_ESS_RN,2026-07-15,4.0,-61.9,-10.937750000000001,-190.61124999999998,-201.549,30.489166666666666,33.7378125,-3.2486458333333332,6,17,23,122.34599999999999,-323.895,26.1,1.07,160.0,65.9,3840.0,1.7
AZURE_RN,2026-07-15,17.8,-97.8,7.536499999999996,-44.001249999999956,-36.46474999999996,25.881666666666664,26.344270833333336,-0.46260416666666676,11,12,23,178.46275,-214.92749999999995,47.8,0.91,77.6,115.6,1862.3999999999999,6.2
BATCAVE_RN,2026-07-15,21.5,-402.90000000000003,-245.40225000000004,-3039.0902500000007,-3284.4925000000007,19.405833333333334,27.178749999999997,-7.772916666666667,3,20,23,85.86675000000002,-3370.3592500000004,13.0,0.17,100.5,424.40000000000003,2412.0,17.6
BAYC_BESS_RN,2026-07-15,3.3000000000000003,-26.8,-3.6739999999999995,-61.316999999999986,-64.991,25.19125,27.765625,-2.574375,8,15,23,27.214,-92.20499999999998,34.8,0.55,9.9,30.1,237.60000000000002,12.7
BCK_RN,2026-07-15,920.6,-224.0,-1540.60775,90.84500000000004,-1449.7627499999999,24.77125,26.050729166666667,-1.2794791666666665,8,15,23,672.28925,-2122.052,34.8,0.59,126.5,1144.6,3036.0,37.7
BCNV2_ES_RN,2026-07-15,0.0,-3.0,0.0,6.230000000000004,6.230000000000004,2.2616666666666667,2.002083333333333,0.2595833333333335,2,0,2,6.230000000000004,0.0,100.0,99.99,150.0,3.0,3600.0,0.1
BCNV_RN,2026-07-15,0.0,-1.0,0.0,2.707500000000003,2.707500000000003,2.1283333333333334,2.1835416666666667,-0.05520833333333316,1,0,1,2.707500000000003,0.0,100.0,99.99,150.0,1.0,3600.0,0.0
BEXAR_ES_RN,2026-07-15,403.0,-6.6000000000000005,-267.36050000000046,7.910000000000013,-259.45050000000043,25.208333333333332,26.271041666666665,-1.0627083333333334,9,13,22,255.3724999999999,-514.8230000000003,40.9,0.72,100.0,409.6,2400.0,17.1
BIGSTAR_ALL,2026-07-15,19.2,-46.699999999999996,-12.74850000000001,61.676999999999964,48.928499999999964,24.995,26.369791666666668,-1.3747916666666669,9,14,23,103.98224999999998,-55.05375000000003,39.1,2.94,80.0,65.89999999999999,1920.0,3.4
BKSL_RN,2026-07-15,2.6,-38.1,0.8574999999999984,64.60949999999998,65.46699999999998,25.730416666666667,26.517187500000002,-0.7867708333333338,11,12,23,120.67174999999999,-55.20475000000002,47.8,2.38,100.0,40.7,2400.0,1.7
BLACKSPR_RN,2026-07-15,0.0,-39.0,0.0,124.25500000000001,124.25500000000001,2.4229166666666666,2.209375,0.21354166666666666,6,2,8,154.57500000000002,-30.32,75.0,1.7,120.0,39.0,2880.0,1.4
BLSMT1_5_A_6,2026-07-15,42.300000000000004,-38.5,-140.28175000000002,34.80200000000001,-105.47975,25.964166666666667,26.518333333333334,-0.5541666666666666,11,12,23,132.675,-238.15475,47.8,0.61,150.0,80.80000000000001,3600.0,2.2
BLUEJAY_RN,2026-07-15,39.4,-34.0,6.205749999999975,63.94824999999999,70.15399999999997,25.41333333333333,26.342083333333335,-0.9287500000000001,8,15,23,112.64024999999998,-42.48625000000001,34.8,4.97,50.0,73.4,1200.0,6.1
BLVN_RN,2026-07-15,116.4,-19.5,-172.29925000000006,20.106499999999993,-152.19275000000007,25.450833333333332,26.53114583333333,-1.0803125000000002,9,14,23,102.50399999999995,-254.69675000000004,39.1,0.63,180.0,135.9,4320.0,3.1
BOCO_ESS_RN,2026-07-15,38.4,-34.6,122.06949999999995,11.14475,133.21424999999996,27.715416666666666,27.986770833333335,-0.2713541666666668,9,14,23,196.49249999999995,-63.27824999999998,39.1,4.83,150.0,73.0,3600.0,2.0
BRHEIGHT_RN,2026-07-15,14.0,-15.0,-22.90500000000001,3.2624999999999957,-19.642500000000013,8.959999999999999,9.868541666666667,-0.9085416666666667,5,8,13,26.96499999999999,-46.6075,38.5,0.93,10.0,29.0,240.0,12.1
BRPANGLE_RN,2026-07-15,0.0,-12.0,0.0,13.6675,13.6675,1.955,1.9623958333333331,-0.0073958333333334165,4,3,7,17.7125,-4.044999999999998,57.1,3.28,10.0,12.0,240.0,5.0
BRPMAGNO_RN,2026-07-15,31.5,-11.7,-24.7885,9.556749999999985,-15.231750000000016,25.13083333333333,26.119479166666668,-0.9886458333333338,8,15,23,22.88199999999998,-38.11375,34.8,1.13,7.5,43.2,180.0,24.0
BRP_BRAZ_RN,2026-07-15,3.2,-25.3,-0.2960000000000001,17.3335,17.0375,25.245416666666667,26.351770833333333,-1.1063541666666665,9,14,23,35.362999999999985,-18.32549999999998,39.1,3.0,10.0,28.5,240.0,11.9
BRP_DIKN_RN,2026-07-15,33.3,-5.7,64.18974999999996,-1.2397500000000017,62.94999999999997,25.138333333333335,26.125520833333336,-0.9871875,8,14,22,75.16249999999997,-12.212499999999999,36.4,10.77,10.0,39.0,240.0,16.2
BRP_LOOP_RN,2026-07-15,0.0,-124.1,0.0,165.40249999999992,165.40249999999992,1.2258333333333333,1.6123958333333333,-0.38656249999999986,3,2,5,213.03949999999992,-47.63700000000001,60.0,2.98,10.0,124.1,240.0,51.7
BRP_LOP1_RN,2026-07-15,56.5,-1.0,-89.4477499999999,-12.579999999999998,-102.0277499999999,2.4475000000000002,2.970833333333333,-0.5233333333333331,1,3,4,206.88175,-308.9094999999999,25.0,2.01,10.0,57.5,240.0,24.0
BRP_PBL1_RN,2026-07-15,166.2,-97.6,3593.38,4848.941,8442.321,22.076666666666668,7.922916666666666,14.15375,20,3,23,8720.170250000001,-277.84925,87.0,4.71,7.5,263.79999999999995,180.0,146.6
BRP_PBL2_RN,2026-07-15,1.0,-60.9,75.5025,2711.074,2786.5765,3.225,-0.017812500000000082,3.2428125,14,1,15,2792.6515,-6.075000000000003,93.3,32.84,10.0,61.9,240.0,25.8
BRP_RN_UNIT1,2026-07-15,22.7,-8.6,-18.404250000000005,-35.9615,-54.36575000000001,25.14916666666667,26.450208333333332,-1.3010416666666667,8,14,22,6.242749999999997,-60.6085,36.4,0.18,10.0,31.299999999999997,240.0,13.0
BRP_SWNY_RN,2026-07-15,10.0,-12.0,-11.402500000000003,7.949999999999996,-3.4525000000000077,14.737916666666665,15.6275,-0.8895833333333334,6,9,15,31.1875,-34.64000000000001,40.0,1.35,10.0,22.0,240.0,9.2
BRP_ZPT1_RN,2026-07-15,5.7,-40.0,-98.41050000000001,-26.932500000000005,-125.34300000000002,2.0520833333333335,3.1603125,-1.1082291666666666,4,12,16,199.6275,-324.97049999999996,25.0,1.84,10.0,45.7,240.0,19.0
BRP_ZPT2_RN,2026-07-15,116.4,-22.9,310.056,-73.99225000000001,236.06374999999994,12.317083333333334,16.953229166666667,-4.636145833333333,5,18,23,891.0147499999999,-654.951,21.7,4.9,7.5,139.3,180.0,77.4
BR_ARROW_ALL,2026-07-15,77.0,-98.5,67.93949999999992,-143.38275000000004,-75.44325000000012,26.021666666666665,26.481458333333336,-0.459791666666667,10,13,23,246.14149999999992,-321.58475000000004,43.5,1.0,51.7,175.5,1240.8000000000002,14.1
BSS_U1,2026-07-15,29.1,-79.6,-21.564250000000005,2.7260000000000852,-18.838249999999917,25.62125,26.351770833333333,-0.7305208333333332,11,12,23,141.64650000000003,-160.48474999999993,47.8,0.96,9.9,108.69999999999999,237.60000000000002,45.7
BUDA_RN,2026-07-15,0.0,-2.0,0.0,-1.3550000000000004,-1.3550000000000004,2.7695833333333333,2.9829166666666667,-0.21333333333333337,1,1,2,4.465,-5.82,50.0,0.77,9.9,2.0,237.60000000000002,0.8
BYP_RN,2026-07-15,0.0,-536.3,0.0,-838.1599999999999,-838.1599999999999,5.741666666666667,6.8343750000000005,-1.0927083333333336,5,6,11,236.55774999999994,-1074.7177499999998,45.5,0.26,200.0,536.3,4800.0,11.2
BYRDR_ES_ALL,2026-07-15,0.0,-11.0,0.0,15.097499999999997,15.097499999999997,1.8416666666666668,2.1059375,-0.2642708333333334,4,2,6,21.439999999999998,-6.342500000000001,66.7,1.69,50.0,11.0,1200.0,0.9
C5_RN,2026-07-15,0.0,-2.0,0.0,7.565000000000001,7.565000000000001,2.1625,1.8472916666666668,0.31520833333333337,2,0,2,7.565000000000001,0.0,100.0,99.99,0.0,2.0,0.0,0.0
CACH_ESS_RN,2026-07-15,3.2,-4.0,-0.2804999999999985,-4.5365,-4.8169999999999975,25.015416666666667,26.34572916666667,-1.3303124999999996,9,14,23,8.817000000000004,-13.634000000000002,39.1,1.01,200.0,7.2,4800.0,0.1
CAMWIND_RN,2026-07-15,97.0,-229.0,-378.88824999999997,-405.87825,-784.7665,16.95375,20.201562499999998,-3.2478124999999998,7,16,23,526.622,-1311.3885,30.4,0.92,16.4,326.0,393.59999999999997,82.8
CARA_ESS_RN,2026-07-15,0.0,-34.0,0.0,-157.355,-157.355,2.182916666666667,3.5648958333333334,-1.3819791666666665,3,10,13,54.730000000000004,-212.08499999999995,23.1,0.86,98.3,34.0,2359.2,1.4
CARN_ESS_RN,2026-07-15,0.6000000000000001,-5.0,-2.6235,-15.386999999999999,-18.010499999999997,20.12875,23.47729166666667,-3.3485416666666663,5,16,21,2.8095000000000003,-20.82,23.8,0.43,150.0,5.6,3600.0,0.2
CARRIZO_ESR1,2026-07-15,26.7,-3.3000000000000003,528.0397500000001,13.23275000000001,541.2725000000002,47.2825,32.29802083333333,14.984479166666668,20,3,23,553.0845000000002,-11.812,87.0,7.02,9.8,30.0,235.20000000000002,12.8
CARTWHL_RN,2026-07-15,0.0,-3.0,0.0,4.642499999999998,4.642499999999998,2.234166666666667,2.338020833333333,-0.10385416666666665,2,0,2,4.642499999999998,0.0,100.0,99.99,150.0,3.0,3600.0,0.1
CASL_GAP_UN1,2026-07-15,28.200000000000003,-213.5,-100.88074999999998,-455.20625000000007,-556.0870000000001,30.554999999999996,33.9575,-3.4025,6,17,23,518.0375,-1074.1245000000001,26.1,1.37,3.9,241.7,93.6,258.2
CAST_ESS_RN,2026-07-15,0.0,-8.0,0.0,-0.4300000000000068,-0.4300000000000068,1.265,1.1479166666666667,0.11708333333333328,2,1,3,4.894999999999996,-5.325000000000003,66.7,0.46,200.0,8.0,4800.0,0.2
CATARINA_B1,2026-07-15,69.1,-544.4,381.95525000000004,3694.442,4076.3972500000004,49.22666666666667,41.68510416666667,7.5415625,18,5,23,6011.0835,-1934.6862500000002,78.3,0.86,9.9,613.5,237.60000000000002,258.2
CEDRVALE_RN,2026-07-15,5.9,-107.0,9.56499999999999,29.3537499999998,38.918749999999825,30.023750000000003,33.0990625,-3.0753124999999994,6,17,23,395.84849999999983,-356.92975000000007,26.1,3.14,8.2,112.9,196.79999999999998,57.4
CFLAT_ES_RN,2026-07-15,3.0,-129.8,-4.927499999999995,17.70050000000016,12.773000000000167,10.6925,12.568645833333333,-1.876145833333333,5,8,13,378.83000000000015,-366.0569999999999,38.5,1.66,100.0,132.8,2400.0,5.5
CHIL_SLR,2026-07-15,427.0,-25.5,-518.7217500000003,28.80925,-489.9125000000003,25.383333333333336,26.53260416666667,-1.1492708333333332,8,15,23,341.61974999999995,-831.5322500000003,34.8,0.77,150.0,452.5,3600.0,12.6
CISC_RN,2026-07-15,3.5,-39.4,3.8777500000000007,73.227,77.10475000000001,27.459999999999997,27.366249999999997,0.09375000000000029,11,11,22,118.89975000000001,-41.79500000000001,50.0,2.84,9.9,42.9,237.60000000000002,18.1
CITRUSCY_RN,2026-07-15,1.0,-13.200000000000001,-11.1005,-86.26575000000001,-97.36625000000001,16.794166666666666,22.124583333333334,-5.330416666666666,5,18,23,5.8465,-103.21275,21.7,0.2,7.0,14.200000000000001,168.0,8.5
CLO_RN,2026-07-15,3.1,-29.8,0.1260000000000021,-95.74525,-95.61925,25.197916666666668,26.160416666666666,-0.9624999999999996,8,15,23,15.853000000000002,-111.47224999999999,34.8,0.27,100.0,32.9,2400.0,1.4
CLT_RN,2026-07-15,0.0,0.0,0.0,0.0,0.0,25.18,29.30375,-4.123749999999999,0,0,0,0.0,0.0,0.0,0.0,100.0,0.0,2400.0,0.0
CNLY_ESS_RN,2026-07-15,3.4000000000000004,-41.7,2.218999999999999,28.961250000000028,31.180250000000022,26.150000000000002,26.506874999999997,-0.35687500000000005,10,13,23,109.11525,-77.93499999999997,43.5,1.82,125.0,45.1,3000.0,1.5
CNTRY_RN,2026-07-15,3.4000000000000004,-131.9,1.4979999999999998,176.16574999999997,177.66374999999996,25.961250000000003,26.508125000000003,-0.5468749999999999,10,13,23,277.49074999999993,-99.82699999999998,43.5,3.61,9.8,135.3,235.20000000000002,57.5
CNTYRDS_RN,2026-07-15,0.0,-39.8,0.0,-33.79575000000003,-33.79575000000003,0.0,0.0,0.0,2,9,11,102.36,-136.15575,18.2,3.38,9.9,39.8,237.60000000000002,16.8
CONTINEN_RN,2026-07-15,0.0,-166.0,0.0,-496.26250000000005,-496.26250000000005,6.904166666666666,7.855625,-0.9514583333333336,5,12,17,413.555,-909.8175000000001,29.4,1.09,9.9,166.0,237.60000000000002,69.9
CORALSLR_ALL,2026-07-15,66.9,-48.699999999999996,-97.84725,0.2435000000000045,-97.60374999999999,25.50208333333333,26.4909375,-0.9888541666666666,10,13,23,105.70224999999998,-203.30599999999998,43.5,0.68,51.4,115.6,1233.6,9.4
CORAZON_RN,2026-07-15,46.3,-103.6,-594.8922500000001,-674.2295,-1269.12175,11.284999999999998,17.819270833333334,-6.534270833333334,4,19,23,162.8895,-1432.01125,17.4,0.54,200.0,149.89999999999998,4800.0,3.1
COYOTSPR_RN,2026-07-15,0.0,-23.0,0.0,-15.33625000000001,-15.33625000000001,2.1591666666666667,1.6558333333333335,0.5033333333333333,2,8,10,48.623999999999995,-63.96025,20.0,3.04,9.9,23.0,237.60000000000002,9.7
CROSSETT_ALL,2026-07-15,60.099999999999994,-259.4,71.38424999999991,-1323.969,-1252.5847500000002,30.604583333333334,34.11052083333333,-3.5059375000000004,6,17,23,650.959,-1903.5437500000003,26.1,0.97,100.0,319.5,2400.0,13.3
CROSSTRL_RN,2026-07-15,4.0,-78.3,-3.8832499999999976,-19.31200000000001,-23.19525,29.38416666666667,30.323125,-0.9389583333333328,11,12,23,146.211,-169.40625,47.8,0.94,57.0,82.3,1368.0,6.0
CR_RN,2026-07-15,3.0,-32.8,0.22850000000000104,-4.357250000000014,-4.1287500000000135,25.214583333333334,26.170729166666664,-0.9561458333333333,8,14,22,52.80749999999999,-56.93625000000001,36.4,1.62,9.8,35.8,235.20000000000002,15.2
CS_RN,2026-07-15,3.0,-60.2,0.2034999999999989,-89.58625000000004,-89.38275000000003,25.222083333333334,26.18177083333333,-0.9596875000000006,8,15,23,44.30149999999999,-133.68425000000002,34.8,0.62,7.0,63.2,168.0,37.6
CTW_RN,2026-07-15,72.3,-21.1,-20.287000000000035,15.415999999999991,-4.8710000000000475,25.24083333333333,26.171458333333334,-0.9306250000000004,8,15,23,89.10449999999997,-93.97550000000003,34.8,1.78,150.0,93.4,3600.0,2.6
DAN_ALL,2026-07-15,148.4,-53.7,-278.0145,7.946999999999953,-270.06750000000005,24.5725,25.940729166666667,-1.3682291666666668,8,15,23,123.69824999999992,-393.7657500000001,34.8,0.59,76.3,202.10000000000002,1831.1999999999998,11.0
DA_BESS,2026-07-15,3.2,-14.5,-0.2960000000000001,31.7295,31.433500000000002,25.245416666666667,26.351770833333333,-1.1063541666666665,9,14,23,48.199250000000006,-16.76575,39.1,4.47,5.0,17.7,120.0,14.8
DA_BESS2,2026-07-15,0.0,-14.0,0.0,24.700000000000003,24.700000000000003,2.65375,3.3890625,-0.7353125,5,2,7,28.535000000000004,-3.835000000000001,71.4,2.98,9.9,14.0,237.60000000000002,5.9
DC2SES_ALL,2026-07-15,20.299999999999997,-73.89999999999999,-95.92474999999996,-285.08174999999994,-381.00649999999996,25.7975,26.59302083333333,-0.7955208333333336,10,13,23,61.01674999999998,-442.02325,43.5,0.18,66.5,94.19999999999999,1596.0,5.9
DESN_ESS_RN,2026-07-15,0.0,-10.0,0.0,20.519999999999996,20.519999999999996,0.8958333333333334,0.9565625,-0.06072916666666665,4,1,5,21.439999999999998,-0.9200000000000017,80.0,5.83,200.0,10.0,4800.0,0.2
DGFS_ESR_RN,2026-07-15,4.0,-26.6,-11.206000000000003,-56.231500000000025,-67.43750000000003,30.523749999999996,33.828854166666666,-3.3051041666666676,6,17,23,61.4425,-128.88000000000002,26.1,1.35,75.0,30.6,1800.0,1.7
DIBOL_RN,2026-07-15,0.0,-4.0,0.0,12.269999999999996,12.269999999999996,0.0,0.0,0.0,2,0,2,12.269999999999996,0.0,100.0,99.99,9.9,4.0,237.60000000000002,1.7
DKNS_ESS_RN,2026-07-15,0.0,-15.8,0.0,53.040499999999994,53.040499999999994,0.9508333333333333,0.9471875000000001,0.003645833333333274,5,1,6,60.71249999999999,-7.671999999999995,83.3,1.58,50.0,15.8,1200.0,1.3
DRAK_ESS_RN,2026-07-15,0.0,0.0,0.0,0.0,0.0,28.97666666666667,26.738333333333333,2.2383333333333333,0,0,0,0.0,0.0,0.0,0.0,150.0,0.0,3600.0,0.0
DSWL_BES1,2026-07-15,3.4000000000000004,-23.6,1.355999999999998,-31.87600000000002,-30.520000000000017,25.89916666666667,26.488020833333334,-0.5888541666666672,10,13,23,46.25225,-76.77225000000001,43.5,0.78,150.0,27.0,3600.0,0.8
EBNY_ESS_RN,2026-07-15,3.1,-7.9,-0.14600000000000063,-0.622750000000007,-0.7687500000000075,25.06375,26.263333333333335,-1.1995833333333337,10,13,23,13.199499999999997,-13.968250000000001,43.5,1.23,200.0,11.0,4800.0,0.2
ELMCRK_RN,2026-07-15,9.6,-38.3,-5.345500000000012,46.58900000000001,41.2435,27.52208333333333,27.559375,-0.03729166666666665,12,11,23,95.89050000000002,-54.64700000000001,52.2,1.61,9.9,47.9,237.60000000000002,20.2
ELM_ST_RN,2026-07-15,0.0,-27.2,0.0,-11.750500000000006,-11.750500000000006,1.9649999999999999,1.8736458333333335,0.09135416666666663,3,10,13,57.495,-69.24549999999999,23.1,2.77,9.9,27.2,237.60000000000002,11.4
ELM_ST_RN2,2026-07-15,0.0,-43.1,0.0,-223.76399999999998,-223.76399999999998,4.8566666666666665,4.6615625,0.19510416666666672,1,12,13,27.783999999999995,-251.548,7.7,1.33,9.9,43.1,237.60000000000002,18.1
ELSA_ESR_RN,2026-07-15,0.0,-194.7,0.0,-1893.7504999999999,-1893.7504999999999,2.4875000000000003,3.2005208333333335,-0.7130208333333332,0,13,13,0.0,-1893.7504999999999,0.0,0.0,9.9,194.7,237.60000000000002,81.9
ELZA_SLR_RN,2026-07-15,26.1,-17.4,23.775750000000002,46.31374999999999,70.08949999999999,25.96291666666667,26.479166666666668,-0.5162499999999999,10,13,23,98.9125,-28.823,43.5,4.46,100.0,43.5,2400.0,1.8
EMPCT_RN,2026-07-15,3.5,-4.7,2.523250000000001,-10.926,-8.402749999999997,26.200833333333335,26.485937500000002,-0.28510416666666655,11,12,23,12.582749999999999,-20.9855,47.8,0.65,9.9,8.2,237.60000000000002,3.5
ENDPARK_ESS1,2026-07-15,2.2,-38.3,-2.548,-26.558499999999977,-29.106499999999976,25.27333333333333,26.974270833333332,-1.7009374999999995,8,15,23,77.11500000000001,-106.22149999999999,34.8,1.36,50.0,40.5,1200.0,3.4
ESCONDID_ESR,2026-07-15,4.800000000000001,-24.8,124.117,1466.74025,1590.85725,36.762499999999996,11.607395833333333,25.155104166666664,20,3,23,1595.8922499999999,-5.035,87.0,47.54,0.0,29.6,0.0,0.0
ESTONIAN_ALL,2026-07-15,64.5,-56.8,64.72774999999996,137.24975,201.97749999999996,26.022916666666664,26.481875000000002,-0.4589583333333332,10,13,23,287.74049999999994,-85.76299999999999,43.5,4.36,101.6,121.3,2438.3999999999996,5.0
EUNICE_ALL,2026-07-15,802.6999999999999,-114.7,-1759.5647500000002,25.83950000000001,-1733.7252500000004,16.12375,18.449270833333333,-2.325520833333333,6,15,21,1320.45425,-3054.1795000000006,28.6,1.08,17.0,917.4,408.0,224.9
EVLN_ESS_RN,2026-07-15,3.2,-1.7000000000000002,-0.5187500000000013,-5.825750000000001,-6.344500000000002,25.1425,26.128020833333334,-0.9855208333333336,8,14,22,4.9255,-11.270000000000003,36.4,0.76,220.0,4.9,5280.0,0.1
E_HARRIS_RN,2026-07-15,2.0,-8.0,0.27000000000000135,-37.67249999999999,-37.40249999999999,4.42375,5.303958333333333,-0.880208333333333,2,5,7,11.987499999999999,-49.389999999999986,28.6,0.61,9.9,10.0,237.60000000000002,4.2
FALFUR_RN,2026-07-15,1.0,-222.1,-9.657499999999999,-648.8929999999999,-658.5504999999999,16.8225,21.383854166666666,-4.561354166666667,5,18,23,376.33949999999993,-1034.8899999999996,21.7,1.31,9.9,223.1,237.60000000000002,93.9
FALFUR_RN2,2026-07-15,0.0,-2.0,0.0,-18.6475,-18.6475,15.8,25.12375,-9.32375,0,2,2,0.0,-18.6475,0.0,0.0,9.8,2.0,235.20000000000002,0.9
FAULKNER_RN,2026-07-15,0.0,-32.0,0.0,-53.56375000000002,-53.56375000000002,5.485416666666667,6.0796874999999995,-0.5942708333333334,3,8,11,52.51649999999999,-106.08025,27.3,1.32,9.9,32.0,237.60000000000002,13.5
FENCESLR_ALL,2026-07-15,45.099999999999994,-78.7,60.05299999999994,-4.62675000000007,55.426249999999875,25.58583333333333,26.466458333333335,-0.8806249999999999,10,13,23,211.39924999999988,-155.973,43.5,1.76,71.0,123.8,1704.0,7.3
FERD_ESS_RN,2026-07-15,0.0,-9.0,0.0,1.2899999999999991,1.2899999999999991,3.469583333333333,3.725729166666666,-0.25614583333333324,3,1,4,6.784999999999997,-5.494999999999997,75.0,0.41,200.0,9.0,4800.0,0.2
FIVEWSLR_ALL,2026-07-15,1419.2,-39.6,-1977.843750000001,25.92674999999999,-1951.9170000000008,14.064166666666667,14.387291666666668,-0.3231250000000003,8,10,18,920.8542499999999,-2872.7712500000007,44.4,0.4,220.0,1458.8,5280.0,27.6
FLOWERII_RN,2026-07-15,18.9,-238.5,60.74300000000002,-1311.358,-1250.6149999999998,30.1375,33.21510416666667,-3.077604166666666,6,17,23,501.2544999999999,-1751.8694999999996,26.1,0.81,100.0,257.4,2400.0,10.7
FLTBES1,2026-07-15,0.0,-70.7,0.0,-80.75574999999992,-80.75574999999992,0.0,0.0,0.0,3,9,12,57.93299999999999,-138.6887499999999,25.0,1.25,8.5,70.7,204.0,34.7
FLVABES1_ESR,2026-07-15,47.8,-32.3,-202.2804999999999,-139.77974999999998,-342.0602499999999,18.015,18.405208333333334,-0.390208333333333,3,13,16,53.41049999999999,-395.4707499999999,18.8,0.59,9.9,80.1,237.60000000000002,33.7
FORTMA_RN,2026-07-15,43.0,-70.0,-598.7900000000001,-1191.21,-1790.0,15.632916666666667,22.952812500000004,-7.319895833333334,2,11,13,7.73,-1797.73,15.4,0.02,9.8,113.0,235.20000000000002,48.0
FRMRSVLW_RN,2026-07-15,3.4000000000000004,-4.7,2.1100000000000003,3.969999999999995,6.0799999999999965,26.0475,26.46739583333333,-0.41989583333333363,10,13,23,17.15325,-11.073250000000003,43.5,2.01,9.9,8.100000000000001,237.60000000000002,3.4
FRMR_BS2_RN1,2026-07-15,0.0,-6.0,0.0,-8.025000000000006,-8.025000000000006,2.1891666666666665,2.757291666666667,-0.5681250000000002,2,2,4,5.609999999999999,-13.635000000000005,50.0,0.41,6.0,6.0,144.0,4.2
FTDUNCAN_RN,2026-07-15,7.800000000000001,-42.3,255.92799999999997,2390.1459999999997,2646.074,37.918749999999996,13.784583333333332,24.13416666666667,20,3,23,2650.9714999999997,-4.897500000000001,87.0,81.19,100.0,50.099999999999994,2400.0,2.1
GAIA_SLR_RN,2026-07-15,4.0,-1.0,3.797499999999996,3.9299999999999997,7.727499999999996,4.91875,4.596770833333333,0.3219791666666665,4,1,5,9.379999999999995,-1.6524999999999999,80.0,1.42,75.0,5.0,1800.0,0.3
GAMBIT_RN,2026-07-15,0.0,-59.6,0.0,-9.225999999999981,-9.225999999999981,25.245416666666667,26.351770833333333,-1.1063541666666665,2,3,5,11.920000000000002,-21.14599999999998,40.0,0.85,100.0,59.6,2400.0,2.5
GARC_BESS_RN,2026-07-15,0.6000000000000001,-4.0,-7.719500000000001,-32.330000000000005,-40.04950000000001,15.177916666666667,20.3271875,-5.1492708333333335,0,16,16,0.0,-40.0495,0.0,0.0,9.9,4.6,237.60000000000002,1.9
GIGA_ESS_RN,2026-07-15,3.2,-12.9,-0.45900000000000163,2.447749999999996,1.988749999999996,25.1525,26.51,-1.3575000000000002,9,14,23,24.424999999999997,-22.43625,39.1,1.69,112.0,16.1,2688.0,0.6
GKS_BESS_RN,2026-07-15,151.2,-428.2,-591.918,541.0235000000001,-50.89449999999985,17.00125,21.7209375,-4.7196875,5,18,23,1466.593,-1517.4875,21.7,3.48,81.0,579.4,1944.0,29.8
GODY_SLR_RN,2026-07-15,135.0,-16.0,-328.7249999999999,-13.989999999999995,-342.7149999999999,11.371666666666668,12.098333333333334,-0.7266666666666665,4,7,11,50.79750000000001,-393.51249999999993,36.4,0.23,50.0,151.0,1200.0,12.6
GOMZ_RN,2026-07-15,3.9000000000000004,-34.0,-11.579249999999998,-89.72,-101.29925,30.2625,33.42916666666667,-3.1666666666666665,6,17,23,57.30424999999999,-158.6035,26.1,1.02,9.9,37.9,237.60000000000002,16.0
GOODWIN_ESR,2026-07-15,1.0,-137.2,-11.054,-400.71875000000006,-411.77275000000003,16.382916666666667,21.746666666666666,-5.36375,5,18,23,313.0635,-724.8362500000001,21.7,1.55,9.9,138.2,237.60000000000002,58.2
GRDNE_ESR_RN,2026-07-15,5.0,-44.5,-10.33425,-34.487250000000046,-44.82150000000005,30.482083333333332,33.27458333333333,-2.7925000000000004,6,17,23,73.77999999999997,-118.60150000000002,26.1,1.76,9.9,49.5,237.60000000000002,20.8
GREGORY_RN,2026-07-15,1.8,-15.6,-4.127500000000001,26.030250000000006,21.902750000000008,22.30666666666667,23.834166666666665,-1.5274999999999999,7,15,22,41.543000000000006,-19.64025,31.8,4.53,9.9,17.4,237.60000000000002,7.3
GZ_RN,2026-07-15,63.0,-13.8,0.8184999999999576,8.45675,9.27524999999995,25.240416666666665,26.192083333333333,-0.9516666666666671,8,14,22,107.88949999999997,-98.61425000000001,36.4,1.91,9.0,76.8,216.0,35.6
HAMI_BESS_RN,2026-07-15,2.0,-25.2,-133.0325,-500.57499999999993,-633.6075,6.879166666666666,12.777916666666668,-5.89875,1,7,8,0.6122500000000048,-634.21975,12.5,0.01,9.9,27.2,237.60000000000002,11.4
HARLIN_1_RN,2026-07-15,0.0,-19.0,0.0,-97.16499999999999,-97.16499999999999,7.257083333333333,7.294791666666666,-0.03770833333333331,3,8,11,14.319999999999999,-111.48500000000001,27.3,0.34,0.0,19.0,0.0,0.0
HEADCAMP_RN,2026-07-15,0.0,-19.2,0.0,-53.142750000000035,-53.142750000000035,0.9824999999999999,1.0119791666666667,-0.029479166666666796,1,7,8,29.210000000000004,-82.35275000000004,12.5,2.48,150.0,19.2,3600.0,0.5
HEARN_RD_RN,2026-07-15,0.6000000000000001,-116.69999999999999,-2.383,-89.50199999999997,-91.88499999999996,20.286666666666665,23.462395833333332,-3.1757291666666663,6,16,22,168.90900000000002,-260.794,27.3,1.73,9.8,117.29999999999998,235.20000000000002,49.9
HEN_RN,2026-07-15,0.0,-14.0,0.0,5.935000000000002,5.935000000000002,0.8883333333333333,1.1302083333333333,-0.24187499999999998,4,2,6,22.295,-16.36,66.7,0.68,150.0,14.0,3600.0,0.4
HI_LONEB_RN1,2026-07-15,3.8000000000000003,-138.5,-6.025500000000001,-467.2962499999998,-473.3217499999998,29.115,31.57166666666667,-2.4566666666666666,6,17,23,290.2175000000001,-763.5392499999999,26.1,1.08,50.0,142.3,1200.0,11.9
HLY_RN,2026-07-15,0.0,-6.0,0.0,-12.957500000000007,-12.957500000000007,4.110416666666667,4.625312500000001,-0.5148958333333336,1,4,5,2.3099999999999987,-15.267500000000005,20.0,0.61,102.0,6.0,2448.0,0.2
HMNG_ESS_RN,2026-07-15,3.2,-77.2,2.204999999999999,-217.93775000000002,-215.73275000000007,26.06625,26.483229166666664,-0.41697916666666696,10,13,23,56.45424999999999,-272.187,43.5,0.27,100.0,80.4,2400.0,3.4
HNY_COMB_RN,2026-07-15,0.0,0.0,0.0,0.0,0.0,21.02,20.2675,0.7525000000000013,0,0,0,0.0,0.0,0.0,0.0,61.5,0.0,1476.0,0.0
HOLCOMB_RN1,2026-07-15,0.0,0.0,0.0,0.0,0.0,-2.0254166666666666,15.721145833333333,-17.7465625,0,0,0,0.0,0.0,0.0,0.0,9.9,0.0,237.60000000000002,0.0
HOUSEMTN_RN,2026-07-15,20.7,-124.7,73.15749999999997,-727.5395000000001,-654.3820000000001,30.229583333333334,33.363437499999996,-3.133854166666666,6,17,23,281.87225,-936.25425,26.1,0.85,60.0,145.4,1440.0,10.1
HRMS_SLR_RN,2026-07-15,0.0,-9.5,0.0,20.722500000000014,20.722500000000014,2.5995833333333334,2.3110416666666667,0.2885416666666667,3,1,4,25.092500000000012,-4.369999999999997,75.0,1.91,100.0,9.5,2400.0,0.4
HV_BESS1_RN,2026-07-15,0.0,-10.0,0.0,28.29999999999999,28.29999999999999,4.179583333333333,3.8870833333333334,0.2924999999999998,5,1,6,29.29249999999999,-0.9924999999999997,83.3,5.9,9.0,10.0,216.0,4.6
HWY6_RN,2026-07-15,0.0,-6.0,0.0,12.5,12.5,2.5220833333333332,2.4747916666666665,0.047291666666666586,2,1,3,12.615000000000002,-0.11500000000000199,66.7,54.85,9.9,6.0,237.60000000000002,2.5
HYDR_ESS_RN,2026-07-15,1.0,-60.0,1.6400000000000006,-15.020999999999965,-13.380999999999965,6.875,8.0571875,-1.1821875,7,10,17,219.10950000000003,-232.4905,41.2,1.35,200.0,61.0,4800.0,1.3
IND_INADALE1,2026-07-15,21.6,-155.20000000000002,-21.608999999999998,452.7385000000002,431.12950000000023,26.61916666666667,24.601041666666664,2.0181250000000004,12,11,23,833.5112500000002,-402.3817499999999,52.2,1.9,9.9,176.8,237.60000000000002,74.4
INRT_W_ALL,2026-07-15,1939.9,-55.4,-3752.442249999999,-99.31825000000015,-3851.7604999999994,25.885,26.364270833333332,-0.47927083333333337,11,12,23,2488.6215000000007,-6340.382,47.8,0.43,13.0,1995.3000000000002,312.0,639.5
JADE_SLR_ALL,2026-07-15,45.5,-114.8,-87.94974999999998,89.52799999999999,1.5782500000000006,25.74208333333333,26.315208333333334,-0.5731250000000001,11,12,23,443.82474999999994,-442.2464999999999,47.8,1.09,81.9,160.3,1965.6000000000001,8.2
JAG_SLR_RN,2026-07-15,3.2,-18.9,0.5724999999999995,-1.8070000000000208,-1.2345000000000192,25.512083333333333,26.478854166666665,-0.9667708333333335,9,14,23,47.28499999999999,-48.519500000000015,39.1,1.52,150.0,22.099999999999998,3600.0,0.6
JAR_RN,2026-07-15,3.1,-57.900000000000006,0.4639999999999982,-35.46699999999995,-35.00299999999995,25.074166666666667,26.0840625,-1.0098958333333334,8,15,23,60.51950000000005,-95.52250000000001,34.8,1.19,156.0,61.00000000000001,3744.0,1.6
JC_BAT_RN,2026-07-15,3.1,-46.9,-4.673499999999997,-133.63474999999997,-138.30824999999996,24.61916666666667,26.811979166666664,-2.192812499999999,4,19,23,6.654000000000002,-144.96224999999995,17.4,0.22,1.2,50.0,28.799999999999997,173.6
JDKNS_RN,2026-07-15,3.8000000000000003,-55.7,-11.487750000000004,-285.49475000000007,-296.9825000000001,30.052083333333332,33.26864583333333,-3.2165625000000007,6,17,23,72.21275,-369.19525000000004,26.1,0.55,9.9,59.5,237.60000000000002,25.0
JUNCTION_RN,2026-07-15,213.20000000000002,-35.8,2844.4905000000003,343.99550000000005,3188.4860000000003,42.035000000000004,27.45375,14.581250000000002,17,6,23,3411.8555000000006,-223.36950000000004,73.9,5.39,9.9,249.0,237.60000000000002,104.8
JUNORTH_RN,2026-07-15,154.6,-45.0,1355.31275,454.72,1810.03275,41.024166666666666,26.263958333333335,14.760208333333333,16,5,21,2038.491,-228.45825000000008,76.2,2.79,9.9,199.6,237.60000000000002,84.0
KEG_RN,2026-07-15,0.0,-24.0,0.0,-22.52999999999998,-22.52999999999998,2.5433333333333334,2.882291666666667,-0.33895833333333353,5,7,12,30.32500000000001,-52.85499999999999,41.7,0.8,160.0,24.0,3840.0,0.6
KNAPP_RN,2026-07-15,9.0,-139.3,32.484999999999985,-196.80725000000007,-164.32225000000008,10.704583333333332,10.392604166666667,0.3119791666666661,8,13,21,342.33624999999995,-506.65849999999995,38.1,1.1,0.0,148.3,0.0,0.0
LANTANA_RN,2026-07-15,0.0,-3.1,0.0,-11.345000000000002,-11.345000000000002,2.3441666666666667,2.816875,-0.47270833333333345,1,2,3,0.02499999999999858,-11.370000000000001,33.3,0.0,9.9,3.1,237.60000000000002,1.3
LAUR_BESS_RN,2026-07-15,3.0,-10.0,-4.994999999999997,-62.32999999999998,-67.32499999999997,5.048333333333333,4.4346875,0.6136458333333336,2,5,7,15.437500000000002,-82.76249999999997,28.6,0.47,9.0,13.0,216.0,6.0
LBRA_BES1,2026-07-15,3.1,-20.900000000000002,-0.004749999999998367,-38.15999999999996,-38.16474999999996,24.979583333333334,26.15041666666667,-1.1708333333333332,10,13,23,12.624749999999999,-50.78949999999996,43.5,0.32,200.0,24.000000000000004,4800.0,0.5
LEAKEY_RN,2026-07-15,0.0,0.0,0.0,0.0,0.0,1.4620833333333334,0.9527083333333333,0.5093750000000002,0,0,0,0.0,0.0,0.0,0.0,0.0,0.0,0.0,0.0
LFSTH_RN,2026-07-15,3.5,-8.6,1.3857499999999998,-12.00900000000001,-10.623250000000008,26.038749999999997,26.460520833333334,-0.42177083333333343,10,13,23,12.944749999999996,-23.568000000000005,43.5,0.71,9.9,12.1,237.60000000000002,5.1
LIGSW_RN,2026-07-15,3.4000000000000004,-18.7,1.9050000000000011,40.243000000000016,42.14800000000002,26.036666666666665,26.4915625,-0.45489583333333306,10,13,23,53.625250000000015,-11.47725,43.5,6.07,9.8,22.1,235.20000000000002,9.4
LILY_RN,2026-07-15,39.6,-39.8,1.199749999999991,-19.226249999999958,-18.02649999999997,25.845416666666665,26.475104166666668,-0.6296875000000001,10,13,23,89.87100000000001,-107.8975,43.5,1.08,50.0,79.4,1200.0,6.6
LK_RN,2026-07-15,0.0,-42.0,0.0,-22.009999999999984,-22.009999999999984,2.0883333333333334,2.1903124999999997,-0.10197916666666658,5,8,13,49.004999999999995,-71.01499999999999,38.5,1.1,0.0,42.0,0.0,0.0
LMO_ESR_RN,2026-07-15,3.2,-8.8,0.1315000000000014,20.943749999999998,21.075249999999997,25.38,26.308229166666667,-0.9282291666666665,8,15,23,32.02675,-10.9515,34.8,5.48,100.0,12.0,2400.0,0.5
LONESTAR_RN,2026-07-15,13.600000000000001,-39.8,-148.20600000000002,-49.52199999999996,-197.72799999999995,30.076666666666668,33.13875,-3.0620833333333324,6,17,23,67.45,-265.17799999999994,26.1,0.72,9.9,53.4,237.60000000000002,22.5
LON_RN1,2026-07-15,2.8000000000000003,-27.099999999999998,0.425499999999999,26.051249999999996,26.476749999999996,25.24625,26.173125,-0.926875,8,14,22,60.7255,-34.248749999999994,36.4,3.1,174.0,29.9,4176.0,0.7
LOWR_ESS_RN,2026-07-15,1.0,-70.1,-11.517000000000001,-638.0812500000001,-649.59825,17.635,23.190104166666668,-5.555104166666667,5,18,23,5.744500000000001,-655.3427499999999,21.7,0.03,60.0,71.1,1440.0,4.9
LUCKYBLU_RN,2026-07-15,0.0,-16.0,0.0,-40.56999999999999,-40.56999999999999,3.5641666666666665,3.9614583333333333,-0.3972916666666668,1,4,5,34.4125,-74.98249999999999,20.0,1.84,100.0,16.0,2400.0,0.7
LYNX_ESS_RN,2026-07-15,0.0,-32.0,0.0,-84.64500000000001,-84.64500000000001,1.5670833333333334,2.0014583333333333,-0.434375,5,10,15,33.225,-117.87,33.3,0.56,75.0,32.0,1800.0,1.8
LYSSY_RN,2026-07-15,16.2,-57.6,-9.360499999999993,1.2440000000000389,-8.116499999999961,25.076666666666668,25.708437500000002,-0.6317708333333337,10,13,23,86.74350000000003,-94.85999999999997,43.5,1.19,9.9,73.8,237.60000000000002,31.1
L_FRE_ESR_RN,2026-07-15,0.8,-16.0,-8.221499999999999,-154.43349999999998,-162.65499999999997,17.00375,21.048437500000002,-4.044687499999999,6,17,23,6.137000000000001,-168.79199999999997,26.1,0.1,9.9,16.8,237.60000000000002,7.1
MADERO_RN,2026-07-15,0.0,-11.0,0.0,-35.21,-35.21,3.93125,4.374583333333333,-0.4433333333333333,2,3,5,10.722500000000002,-45.932500000000005,40.0,0.35,100.0,11.0,2400.0,0.5
MAINLAND_RN,2026-07-15,3.2,-9.700000000000001,-0.530000000000002,-23.375000000000007,-23.90500000000001,25.130416666666665,26.11916666666667,-0.9887500000000001,8,14,22,8.46,-32.36500000000001,36.4,0.46,9.9,12.900000000000002,237.60000000000002,5.4
MEDILA_RN,2026-07-15,23.2,-38.6,-42.17775,-155.35099999999994,-197.52874999999995,25.290833333333335,27.055520833333333,-1.7646874999999997,7,15,22,3.2712499999999998,-200.79999999999993,31.8,0.03,0.0,61.8,0.0,0.0
MEDINA1_RN,2026-07-15,0.0,-3.0,0.0,-4.6525,-4.6525,3.127083333333333,3.3209375,-0.19385416666666666,1,2,3,0.875,-5.5275,33.3,0.32,0.0,3.0,0.0,0.0
MESQUITE_RN,2026-07-15,0.0,-11.0,0.0,-53.3625,-53.3625,2.35875,3.3473958333333336,-0.9886458333333333,0,5,5,0.0,-53.3625,0.0,0.0,9.9,11.0,237.60000000000002,4.6
MESQUITE_RN2,2026-07-15,0.0,-38.0,0.0,-126.21999999999998,-126.21999999999998,1.3341666666666665,1.5464583333333335,-0.21229166666666668,5,12,17,59.86000000000001,-186.08,29.4,0.77,0.0,38.0,0.0,0.0
MIDP_SLR_RN,2026-07-15,46.2,-37.5,-131.57125000000002,-128.02249999999992,-259.59374999999994,24.505,26.53,-2.0249999999999995,8,15,23,72.29750000000001,-331.8912499999999,34.8,0.41,50.0,83.7,1200.0,7.0
MIDWY_RN,2026-07-15,0.30000000000000004,-40.7,-0.5467499999999997,-108.33050000000001,-108.87725000000002,5.7941666666666665,6.3946875,-0.6005208333333333,4,13,17,51.45150000000001,-160.32874999999999,23.5,1.04,9.9,41.0,237.60000000000002,17.3
MILTON_RN,2026-07-15,2.4000000000000004,-15.2,0.02149999999999952,-30.570000000000014,-30.548500000000015,24.521666666666665,25.776145833333334,-1.2544791666666668,10,12,22,15.711999999999987,-46.2605,45.5,0.41,9.9,17.6,237.60000000000002,7.4
MNWL_BESS_RN,2026-07-15,3.5,-28.6,3.9685000000000032,56.660500000000035,60.62900000000003,26.825,26.598854166666666,0.22614583333333402,13,10,23,76.83000000000004,-16.200999999999997,56.5,3.65,9.9,32.1,237.60000000000002,13.5
MOORE_FL_RN,2026-07-15,1.0,-86.19999999999999,-11.107000000000001,-202.20850000000007,-213.3155000000001,16.934583333333332,22.2325,-5.297916666666667,5,18,23,209.76849999999996,-423.08400000000006,21.7,1.78,9.9,87.19999999999999,237.60000000000002,36.7
MUENSTER_RN,2026-07-15,90.0,-16.0,66.725,65.55000000000001,132.275,18.165,18.281979166666666,-0.11697916666666701,7,4,11,268.525,-136.24999999999997,63.6,1.13,9.9,106.0,237.60000000000002,44.6
MUSTNGCK_ALL,2026-07-15,54.3,-44.199999999999996,-117.10725,7.338749999999957,-109.76850000000003,24.434166666666666,25.97927083333333,-1.5451041666666665,10,13,23,85.14449999999994,-194.913,43.5,0.57,71.0,98.5,1704.0,5.8
MU_RN,2026-07-15,3.2,-47.3,-0.34775000000000034,-31.219750000000015,-31.567500000000017,25.209166666666665,26.160208333333333,-0.9510416666666668,8,15,23,38.20924999999999,-69.77675,34.8,1.03,9.9,50.5,237.60000000000002,21.3
MV_VALV4_RN,2026-07-15,1.0,-93.8,-11.483500000000001,-795.2975,-806.781,17.600416666666668,23.125833333333333,-5.525416666666666,5,18,23,19.064999999999998,-825.846,21.7,0.08,0.0,94.8,0.0,0.0
MYRY_BES2_RN,2026-07-15,1.0,-31.200000000000003,-10.932500000000001,-150.323,-161.2555,16.925,21.9765625,-5.0515625,5,18,23,21.259,-182.5145,21.7,0.42,9.9,32.2,237.60000000000002,13.6
MYRY_ESR_RN,2026-07-15,0.0,-9.0,0.0,-9.695000000000004,-9.695000000000004,3.015833333333333,3.6253124999999997,-0.6094791666666666,1,2,3,22.499999999999996,-32.195,33.3,1.4,9.9,9.0,237.60000000000002,3.8
MYR_ALL,2026-07-15,62.0,-49.3,-82.64674999999995,0.26875000000000426,-82.37799999999994,16.785,16.695833333333333,0.08916666666666669,9,7,16,95.88074999999996,-178.25874999999994,56.2,0.42,76.3,111.3,1831.1999999999998,6.1
NCO_RN,2026-07-15,3.2,-5.9,-0.2960000000000001,6.3315000000000055,6.035500000000005,25.245416666666667,26.351770833333333,-1.1063541666666665,9,14,23,17.165500000000005,-11.13,39.1,2.4,38.8,9.100000000000001,931.1999999999999,1.0
NEDIN_RN,2026-07-15,0.0,-16.0,0.0,-58.37749999999998,-58.37749999999998,2.140416666666667,3.5134374999999998,-1.3730208333333334,1,6,7,13.569999999999997,-71.94749999999999,14.3,1.13,0.0,16.0,0.0,0.0
NF_BRP_RN,2026-07-15,241.5,-43.6,71.61849999999995,-8.012500000000024,63.60599999999993,27.602083333333336,26.64375,0.9583333333333331,13,10,23,463.371,-399.7650000000001,56.5,0.89,100.5,285.1,2412.0,11.8
NOBLESLR_ALL,2026-07-15,315.7,-54.300000000000004,152.5977499999997,176.64049999999997,329.23824999999965,13.052916666666667,12.945833333333333,0.1070833333333329,10,8,18,655.8414999999998,-326.6032500000001,55.6,1.61,62.5,370.0,1500.0,24.7
NWF_NWF1,2026-07-15,107.89999999999999,-226.7,-8.645750000000032,-141.33800000000016,-149.9837500000002,30.379166666666666,33.21083333333333,-2.831666666666667,6,17,23,599.7385,-749.7222500000001,26.1,2.27,3.0,334.59999999999997,72.0,464.7
N_AL_BESS_RN,2026-07-15,1.0,-21.2,-11.349000000000002,-105.84825000000001,-117.19725,17.46875,22.878333333333334,-5.409583333333334,5,18,23,13.160999999999998,-130.35825,21.7,0.36,9.9,22.2,237.60000000000002,9.3
N_MRD_ESR_RN,2026-07-15,1.0,-16.1,-11.136500000000002,-82.34075000000001,-93.47725000000001,17.630416666666665,22.834791666666664,-5.204375,5,18,23,12.632,-106.10925000000002,21.7,0.43,9.9,17.1,237.60000000000002,7.2
ODESW_RN,2026-07-15,6.0,-179.6,-22.00624999999999,-32.05799999999964,-54.06424999999963,30.105833333333333,33.2846875,-3.1788541666666656,6,17,23,524.9792500000001,-579.0434999999994,26.1,2.57,10.0,185.6,240.0,77.3
OLMITO_RN,2026-07-15,0.0,-12.0,0.0,-62.21499999999999,-62.21499999999999,2.5725,3.3189583333333332,-0.7464583333333333,1,7,8,3.9250000000000007,-66.13999999999999,12.5,0.42,0.0,12.0,0.0,0.0
OLNEYTN_RN,2026-07-15,22.2,-3.0,193.58800000000005,43.2475,236.83550000000008,15.882916666666667,10.941562499999998,4.941354166666668,6,1,7,291.35300000000007,-54.51749999999998,85.7,0.89,9.9,25.2,237.60000000000002,10.6
OR_BESS_RN,2026-07-15,3.2,-53.4,-0.5809999999999995,-37.00174999999999,-37.58274999999999,25.20375,26.400937499999998,-1.1971874999999998,8,15,23,62.851000000000006,-100.43374999999997,34.8,1.17,9.9,56.6,237.60000000000002,23.8
PAD1_ESS_RN,2026-07-15,0.0,-2.0,0.0,7.220000000000006,7.220000000000006,1.1404166666666666,1.0473958333333333,0.0930208333333334,1,0,1,7.220000000000006,0.0,100.0,99.99,50.0,2.0,1200.0,0.2
PAD2_ESS_RN,2026-07-15,0.0,-4.0,0.0,7.515000000000004,7.515000000000004,4.5125,4.450208333333333,0.062291666666666856,2,1,3,7.665000000000006,-0.15000000000000213,66.7,25.55,150.0,4.0,3600.0,0.1
PALACIOS_RN,2026-07-15,37.7,-135.0,-12.79150000000001,-3.451500000000057,-16.243000000000034,24.445833333333336,25.25072916666667,-0.8048958333333335,10,12,22,243.28899999999996,-259.532,45.5,1.12,9.9,172.7,237.60000000000002,72.7
PALE_ESS_EN,2026-07-15,0.0,-93.1,0.0,85.97350000000003,85.97350000000003,5.897500000000001,5.740729166666667,0.1567708333333333,9,10,19,231.27275,-145.29924999999997,47.4,1.77,200.0,93.1,4800.0,1.9
PAULN_RN,2026-07-15,3.5,-20.7,0.8522499999999986,9.318999999999972,10.17124999999997,25.74208333333333,26.464270833333334,-0.7221875000000004,10,13,23,41.85674999999998,-31.685500000000005,43.5,1.72,9.9,24.2,237.60000000000002,10.2
PAVLOV_BT_RN,2026-07-15,3.5000000000000004,-20.8,-9.040999999999999,-259.29150000000004,-268.33250000000004,24.821250000000003,29.754895833333332,-4.933645833333333,8,15,23,9.25375,-277.58625000000006,34.8,0.06,9.9,24.3,237.60000000000002,10.2
PAVO_ESS_ALL,2026-07-15,1.5,-102.69999999999999,7.998749999999999,-194.92899999999997,-186.93025,9.438333333333334,9.780104166666666,-0.3417708333333335,3,7,10,291.48400000000004,-478.4142499999999,30.0,1.42,87.5,104.19999999999999,2100.0,5.0
PEARSALL_RN,2026-07-15,0.0,-13.5,0.0,44.56625000000002,44.56625000000002,3.6566666666666667,2.8990625,0.7576041666666667,4,2,6,52.571250000000006,-8.004999999999988,66.7,3.28,9.9,13.5,237.60000000000002,5.7
PHO_ALL,2026-07-15,112.4,-25.1,-176.52449999999993,14.701250000000021,-161.82324999999992,24.704583333333332,26.000833333333333,-1.2962499999999995,8,15,23,79.23925000000003,-241.06249999999994,34.8,0.62,150.0,137.5,3600.0,3.8
PINEFRST_RN,2026-07-15,49.599999999999994,-13.4,44.95749999999997,26.592000000000006,71.54949999999997,26.0425,26.482083333333332,-0.4395833333333332,10,13,23,113.16874999999995,-41.619249999999994,43.5,3.53,200.0,62.99999999999999,4800.0,1.3
PIN_BESS_RN,2026-07-15,0.0,-5.0,0.0,-5.464999999999996,-5.464999999999996,1.7829166666666667,1.7764583333333333,0.006458333333333381,1,2,3,1.6425000000000018,-7.107499999999998,33.3,0.46,175.0,5.0,4200.0,0.1
PIRATE_RN,2026-07-15,2.0,-136.7,-3.0425000000000013,-96.93899999999998,-99.98149999999998,22.592916666666667,24.206041666666668,-1.6131250000000001,7,15,22,158.84749999999997,-258.82899999999995,31.8,1.32,9.8,138.7,235.20000000000002,59.0
PLATINUM_RN,2026-07-15,0.0,-2.0,0.0,-5.1525,-5.1525,3.542083333333333,3.883645833333333,-0.34156249999999994,0,2,2,0.0,-5.1525,0.0,0.0,140.9,2.0,3381.6000000000004,0.1
POTEETS_RN,2026-07-15,3.6,-20.4,9.487000000000004,65.20275000000001,74.68975,27.285,26.086250000000003,1.1987500000000002,13,10,23,82.60000000000001,-7.9102500000000004,56.5,8.03,9.9,24.0,237.60000000000002,10.1
POTSVIL_RN,2026-07-15,296.1,-32.6,143.4754999999999,-90.63699999999999,52.83849999999993,26.344583333333333,26.842187499999998,-0.4976041666666669,11,12,23,640.1017499999997,-587.2632499999999,47.8,1.19,9.9,328.70000000000005,237.60000000000002,138.3
PRCRK_RN,2026-07-15,3.6,-15.399999999999999,4.2825000000000015,-13.491249999999994,-9.208749999999997,26.393333333333334,26.4815625,-0.0882291666666662,11,12,23,37.67599999999999,-46.88474999999999,47.8,0.88,9.9,19.0,237.60000000000002,8.0
PTLBES_BESS1,2026-07-15,69.7,-17.2,-74.55424999999997,-22.40500000000001,-96.95924999999998,23.849999999999998,25.042291666666667,-1.1922916666666667,9,14,23,57.119250000000044,-154.07850000000002,39.1,0.58,3.0,86.9,72.0,120.7
PYR_PYRON1,2026-07-15,325.4,-160.1,-78.35850000000013,483.4577500000003,405.0992500000002,26.61916666666667,24.601041666666664,2.0181250000000004,12,11,23,1663.7725,-1258.6732499999998,52.2,1.21,15.1,485.5,362.4,134.0
QUEEN_BA_RN,2026-07-15,73.30000000000001,-74.1,357.86949999999996,-84.98475000000005,272.8847499999999,30.268333333333334,33.2996875,-3.0313541666666666,7,16,23,575.7884999999999,-302.90374999999995,30.4,4.34,50.0,147.4,1200.0,12.3
RADN_SLR_ALL,2026-07-15,82.7,-115.4,-215.85624999999987,-286.59675000000004,-502.45299999999986,26.368750000000002,27.809895833333332,-1.4411458333333333,8,15,23,107.60675000000002,-610.0597499999999,34.8,0.33,81.9,198.10000000000002,1965.6000000000001,10.1
RBN_BESS1,2026-07-15,3.2,-51.9,-0.24599999999999916,-8.683750000000007,-8.929750000000007,25.213333333333335,26.2696875,-1.0563541666666663,8,15,23,69.71699999999998,-78.64674999999998,34.8,1.66,100.0,55.1,2400.0,2.3
RHESS2_ESS1,2026-07-15,35.2,-59.0,-16.827250000000028,-19.51750000000004,-36.34475000000007,2.8920833333333333,3.0338541666666665,-0.14177083333333348,4,9,13,70.25249999999998,-106.59725000000006,30.8,1.48,9.8,94.2,235.20000000000002,40.1
RIOG_ESR2_RN,2026-07-15,1.0,-6.2,-10.825000000000001,-47.37350000000001,-58.1985,15.399166666666666,20.5884375,-5.1892708333333335,5,18,23,8.0245,-66.223,21.7,0.44,7.0,7.2,168.0,4.3
RIOG_ESR_RN,2026-07-15,0.0,-8.0,0.0,-34.86,-34.86,11.342916666666667,15.957812500000001,-4.614895833333333,2,5,7,17.7575,-52.61749999999999,28.6,0.84,9.9,8.0,237.60000000000002,3.4
RN_BY_ESR1,2026-07-15,0.0,-12.0,0.0,21.565000000000012,21.565000000000012,0.0,0.0,0.0,4,2,6,24.940000000000012,-3.375,66.7,3.69,0.0,12.0,0.0,0.0
RN_PAD3_ESS,2026-07-15,0.0,-3.0,0.0,7.665000000000006,7.665000000000006,0.9658333333333333,0.9472916666666666,0.01854166666666668,2,0,2,7.665000000000006,0.0,100.0,99.99,200.0,3.0,4800.0,0.1
RN_QTUM_SLR,2026-07-15,323.7,-12.6,-456.37000000000046,37.194,-419.17600000000044,9.358749999999999,9.370729166666667,-0.011979166666666874,6,4,10,48.49900000000001,-467.67500000000047,60.0,0.07,160.0,336.3,3840.0,8.8
RN_RHN_ESR,2026-07-15,0.0,-5.0,0.0,2.387499999999992,2.387499999999992,1.24625,1.6659375,-0.41968750000000005,2,1,3,12.459999999999994,-10.072500000000002,66.7,0.62,200.0,5.0,4800.0,0.1
RN_SOLC_SLR,2026-07-15,544.6,-34.4,202.21049999999923,131.82349999999994,334.0339999999992,13.20875,12.479791666666666,0.7289583333333334,9,5,14,700.6489999999994,-366.61500000000024,64.3,1.06,160.0,579.0,3840.0,15.1
ROSELAND_ALL,2026-07-15,192.5,-93.4,-193.8915,23.46075000000009,-170.43074999999993,25.50125,26.47645833333333,-0.9752083333333332,10,13,23,268.65500000000014,-439.0857500000001,43.5,0.8,50.0,285.9,1200.0,23.8
RPUBRDS_RN,2026-07-15,3.2,-23.8,0.04550000000000054,-18.034000000000006,-17.988500000000005,25.44333333333333,26.398229166666667,-0.9548958333333335,8,15,23,33.11475,-51.10325,34.8,1.21,39.5,27.0,948.0,2.8
RRANCHES_ALL,2026-07-15,3.9000000000000004,-595.0,-11.11575,-624.4544999999998,-635.5702499999999,30.115,33.183125,-3.068125,6,17,23,1395.246,-2030.8162499999996,26.1,1.95,150.0,598.9,3600.0,16.6
RRC_WIND_ALL,2026-07-15,15.8,-15.2,-14.258499999999998,55.05724999999998,40.798749999999984,25.77541666666667,26.3315625,-0.5561458333333337,11,12,23,80.90775,-40.108999999999995,47.8,2.2,75.0,31.0,1800.0,1.7
RTLSNAKE_BT,2026-07-15,0.0,-33.9,0.0,-101.96600000000001,-101.96600000000001,1.5566666666666666,1.75125,-0.1945833333333334,2,11,13,48.53074999999998,-150.49675000000002,15.4,1.77,9.9,33.9,237.60000000000002,14.3
RUSSEKST_RN,2026-07-15,134.4,-474.1,206.08550000000005,-1296.7952499999997,-1090.7097499999995,37.42583333333334,39.921145833333334,-2.4953124999999994,13,10,23,3085.5755000000004,-4176.28525,56.5,0.57,9.9,608.5,237.60000000000002,256.1
RVN_RN,2026-07-15,0.0,0.0,0.0,0.0,0.0,21.942,21.939500000000002,0.0024999999999991474,0,0,0,0.0,0.0,0.0,0.0,0.0,0.0,0.0,0.0
RVRVLYS_ALL,2026-07-15,73.1,-8.5,29.546999999999976,-8.415750000000003,21.131249999999973,25.18958333333333,26.523229166666667,-1.3336458333333336,8,15,23,101.67599999999999,-80.54475000000001,34.8,2.37,50.0,81.6,1200.0,6.8
SADLBACK_RN,2026-07-15,9.9,-70.2,-82.26974999999999,-151.77500000000003,-234.04475000000005,30.07875,33.1565625,-3.0778125,6,17,23,61.64124999999999,-295.68600000000004,26.1,0.59,9.9,80.10000000000001,237.60000000000002,33.7
SAH_RN,2026-07-15,0.0,-10.7,0.0,1.9575000000000014,1.9575000000000014,7.928750000000001,8.4275,-0.4987499999999998,4,2,6,19.819999999999993,-17.86249999999999,66.7,0.55,200.0,10.7,4800.0,0.2
SANDLAKE_RN,2026-07-15,0.0,-20.2,0.0,-29.7115,-29.7115,1.4645833333333333,1.948125,-0.4835416666666668,2,6,8,51.38775,-81.09925,25.0,1.9,9.9,20.2,237.60000000000002,8.5
SBEAN_BESS,2026-07-15,3.9000000000000004,-25.7,-11.338250000000002,-45.5085,-56.84675,30.027916666666666,33.1278125,-3.0998958333333335,6,17,23,51.682249999999996,-108.529,26.1,1.35,9.9,29.6,237.60000000000002,12.5
SEVNF_ES_RN,2026-07-15,75.5,-20.0,-668.2502499999999,-216.92499999999998,-885.1752499999999,8.147916666666667,11.362708333333332,-3.2147916666666663,3,12,15,197.56675000000004,-1082.742,20.0,0.73,100.0,95.5,2400.0,4.0
SGSA_DGR,2026-07-15,2.9,-26.9,-10.440000000000003,-30.544500000000003,-40.984500000000004,2.248333333333333,2.5128125,-0.26447916666666665,2,9,11,50.797,-91.7815,18.2,2.49,9.9,29.799999999999997,237.60000000000002,12.5
SG_BES_BESS1,2026-07-15,152.0,-458.4,261.15025000000014,-3558.3187500000004,-3297.1685,30.457083333333333,33.6753125,-3.2182291666666667,6,17,23,929.95175,-4227.12025,26.1,0.62,100.0,610.4,2400.0,25.4
SHAMROCK_RN,2026-07-15,1068.6,-226.0,-2364.653999999999,568.3182499999999,-1796.3357499999993,29.099166666666665,31.074375,-1.975208333333333,8,15,23,2437.15825,-4233.493999999999,34.8,1.08,99.3,1294.6,2383.2,54.3
SHEEPCRK_1,2026-07-15,173.2,-13.1,-239.41725000000002,40.428749999999994,-198.98850000000004,25.77541666666667,26.3315625,-0.5561458333333337,11,12,23,291.9687499999999,-490.95724999999993,47.8,0.65,130.0,186.29999999999998,3120.0,6.0
SLCN_ESS_ALL,2026-07-15,199.2,-8.5,-475.4865,-7.121499999999996,-482.608,25.145416666666666,26.538541666666664,-1.3931250000000002,8,15,23,92.02275000000002,-574.6307499999999,34.8,0.3,50.0,207.7,1200.0,17.3
SLK_BESS_RN,2026-07-15,0.0,-24.5,0.0,-94.10050000000004,-94.10050000000004,1.0179166666666666,0.9472916666666666,0.07062500000000001,2,9,11,26.880000000000003,-120.98050000000003,18.2,1.0,200.0,24.5,4800.0,0.5
SMTH_ESS_RN,2026-07-15,3.4000000000000004,-9.7,1.9165000000000005,6.324499999999997,8.240999999999996,25.993333333333336,26.480416666666667,-0.48708333333333353,10,13,23,26.560250000000007,-18.319250000000004,43.5,1.88,93.0,13.1,2232.0,0.6
SNY_BESS_RN,2026-07-15,94.3,-63.9,-281.80699999999996,-26.939999999999966,-308.7469999999999,29.016666666666666,30.011041666666667,-0.9943749999999997,12,11,23,90.22475000000001,-398.97175,52.2,0.21,9.9,158.2,237.60000000000002,66.6
SPTX12B_RN,2026-07-15,23.3,-212.7,-84.67149999999998,-457.05650000000014,-541.7280000000001,20.604583333333334,22.964583333333334,-2.36,5,14,19,513.3549999999999,-1055.0830000000003,26.3,1.36,22.3,236.0,535.2,44.1
SP_RN,2026-07-15,3.2,-31.7,-0.4685000000000009,-58.8465,-59.315,25.201666666666668,26.16614583333333,-0.9644791666666669,8,15,23,5.021,-64.336,34.8,0.15,9.9,34.9,237.60000000000002,14.7
SROSA_ESR_RN,2026-07-15,1.0,-11.0,-9.900500000000003,-50.87225000000001,-60.77275000000001,17.36625,21.48125,-4.115,5,18,23,16.253,-77.02575000000002,21.7,0.76,9.9,12.0,237.60000000000002,5.1
STADIUM_RN,2026-07-15,0.0,-7.0,0.0,-5.170000000000007,-5.170000000000007,4.945,5.1215625000000005,-0.17656250000000026,3,3,6,9.874999999999998,-15.045000000000005,50.0,0.66,9.9,7.0,237.60000000000002,2.9
STAM_SLR_ALL,2026-07-15,702.1,-23.1,-198.1757500000001,53.61150000000003,-144.56425000000013,26.02416666666667,26.481458333333336,-0.4572916666666667,10,13,23,1198.32625,-1342.8905000000002,43.5,1.16,70.0,725.2,1680.0,43.2
STRG_SLR_ALL,2026-07-15,19.0,-91.2,-6.4055,112.29924999999997,105.89374999999997,25.23,26.487604166666667,-1.257604166666667,8,15,23,181.15600000000003,-75.26225000000005,34.8,4.51,100.0,110.2,2400.0,4.6
SUNVASLR_ALL,2026-07-15,448.8,-74.5,-532.2349999999999,-29.07650000000001,-561.3114999999999,25.5425,26.457604166666666,-0.9151041666666665,9,14,23,469.1675000000001,-1030.479,39.1,0.71,53.3,523.3,1279.1999999999998,40.9
SWOOSE1_U1,2026-07-15,6.2,-35.1,1.0152500000000009,-187.0955,-186.08025,30.13083333333333,33.213125,-3.0822916666666664,6,17,23,69.14675,-255.22700000000003,26.1,0.77,9.9,41.300000000000004,237.60000000000002,17.4
SWOOSEII_RN,2026-07-15,0.0,-96.69999999999999,0.0,-232.21749999999997,-232.21749999999997,9.09375,8.983229166666666,0.11052083333333347,2,10,12,164.80525000000003,-397.02275000000003,16.7,2.08,100.0,96.69999999999999,2400.0,4.0
SWT_BESS_RN,2026-07-15,27.700000000000003,-78.7,-48.323500000000024,-102.07299999999988,-150.3964999999999,28.846666666666668,30.253229166666667,-1.4065624999999997,9,14,23,125.9755,-276.3719999999999,39.1,0.71,9.9,106.4,237.60000000000002,44.8
TANZ_ESS_RN,2026-07-15,0.0,-6.0,0.0,10.32,10.32,5.5075,4.950520833333333,0.5569791666666668,3,1,4,11.1525,-0.8324999999999996,75.0,4.47,0.0,6.0,0.0,0.0
TBWF_ES_BES1,2026-07-15,0.0,-122.3,0.0,-282.9352499999999,-282.9352499999999,9.462916666666667,9.077916666666667,0.38500000000000023,2,10,12,281.93350000000004,-564.8687499999999,16.7,2.5,150.0,122.3,3600.0,3.4
TDWLPR_1_RN,2026-07-15,3.0,-2.1,0.10900000000000043,-6.130999999999999,-6.0219999999999985,25.439166666666665,26.442604166666666,-1.0034374999999998,9,14,23,5.25275,-11.274749999999997,39.1,0.72,100.0,5.1,2400.0,0.2
TNFS_RN,2026-07-15,0.0,-15.6,0.0,-38.0065,-38.0065,0.9120833333333334,1.8409375,-0.9288541666666665,1,6,7,29.221499999999995,-67.22799999999998,14.3,2.61,9.9,15.6,237.60000000000002,6.6
TORR_ALL,2026-07-15,405.6,-285.4,-2632.1490000000003,-1764.0545000000002,-4396.2035000000005,11.284999999999998,17.819270833333334,-6.534270833333334,4,19,23,1137.5400000000002,-5533.7435000000005,17.4,0.98,0.0,691.0,0.0,0.0
TORT_ESS_RN,2026-07-15,0.0,-2.0,0.0,-2.9624999999999986,-2.9624999999999986,3.6025000000000005,3.5755208333333335,0.02697916666666685,1,1,2,2.1099999999999994,-5.072499999999998,50.0,0.42,48.3,2.0,1159.1999999999998,0.2
TOYAH_RN,2026-07-15,0.0,-33.3,0.0,-71.6305,-71.6305,1.3258333333333334,1.7090625,-0.38322916666666657,2,10,12,50.797,-122.4275,16.7,2.07,9.9,33.3,237.60000000000002,14.0
TRIPBUT1_RN,2026-07-15,6.2,-38.2,1.8377500000000015,-134.7615,-132.92375,30.329166666666666,33.53885416666667,-3.2096875,6,17,23,71.5745,-204.49824999999998,26.1,0.99,7.5,44.400000000000006,180.0,24.7
TSECA_ES_RN,2026-07-15,1.0,-18.9,0.0,-397.48575,-397.48575,5.820416666666667,5.304583333333333,0.5158333333333331,0,5,5,0.0,-397.48574999999994,0.0,0.0,100.0,19.9,2400.0,0.8
TURQ_BESS1,2026-07-15,3.4000000000000004,-6.4,1.9514999999999998,0.3695000000000048,2.321000000000004,26.011666666666667,26.480729166666666,-0.4690625,10,13,23,12.741500000000002,-10.420499999999997,43.5,1.59,186.0,9.8,4464.0,0.2
TV_RN,2026-07-15,3.0,-45.2,0.19900000000000018,18.637749999999983,18.836749999999984,25.205416666666668,26.180520833333333,-0.9751041666666665,8,15,23,74.5805,-55.74375000000002,34.8,2.51,9.8,48.2,235.20000000000002,20.5
TYNAN_RN,2026-07-15,1.4000000000000001,-19.3,-1.9184999999999997,-36.94474999999999,-38.863249999999994,21.794583333333335,24.359583333333333,-2.5649999999999995,6,16,22,12.861000000000013,-51.72425,27.3,0.66,9.9,20.7,237.60000000000002,8.7
UTOPIA_RN,2026-07-15,30.0,-35.8,16.22499999999995,177.2575,193.48249999999996,8.1,8.991145833333333,-0.8911458333333333,7,3,10,225.6125,-32.13000000000004,70.0,3.01,9.9,65.8,237.60000000000002,27.7
VERT_ESS_RN,2026-07-15,0.0,-4.0,0.0,12.429999999999993,12.429999999999993,3.0387500000000003,3.1876041666666666,-0.14885416666666673,2,0,2,12.429999999999993,0.0,100.0,99.99,200.0,4.0,4800.0,0.1
VORT_ALL_RN,2026-07-15,715.0,-83.7,-255.00425000000016,177.62149999999997,-77.38275000000021,25.916666666666668,26.368020833333333,-0.4513541666666668,11,12,23,1606.2594999999997,-1683.6422499999999,47.8,1.04,121.8,798.7,2923.2,27.3
WAL_RN,2026-07-15,3.2,-32.9,-0.639999999999999,-25.95875000000001,-26.598750000000006,25.155416666666667,26.3365625,-1.1811458333333331,8,15,23,47.641499999999986,-74.24024999999999,34.8,1.2,200.0,36.1,4800.0,0.8
WFTANK_ESS1,2026-07-15,1.0,-241.0,-10.199000000000002,-1133.8917500000002,-1144.09075,11.382916666666667,17.0271875,-5.644270833333334,5,18,23,615.56,-1759.65075,21.7,1.26,150.0,242.0,3600.0,6.7
WIG_BESS_RN,2026-07-15,3.4000000000000004,-37.5,2.0315000000000016,110.93225000000001,112.96375000000002,26.041666666666668,26.481145833333333,-0.4394791666666665,10,13,23,124.34700000000002,-11.383249999999997,43.5,14.2,120.0,40.9,2880.0,1.4
WLTC_ESR_RN,2026-07-15,0.6000000000000001,-9.8,-2.8165,-71.8125,-74.629,19.977916666666665,23.48,-3.5020833333333337,5,17,22,2.7434999999999996,-77.3725,22.7,0.12,9.9,10.4,237.60000000000002,4.4
WOV_BESS_RN,2026-07-15,4.0,-91.3,-11.2155,-328.16024999999996,-339.3757499999999,30.18041666666667,33.2553125,-3.074895833333333,6,17,23,61.37825000000001,-400.754,26.1,0.43,9.9,95.3,237.60000000000002,40.1
WRSBES_BESS1,2026-07-15,0.0,-38.7,0.0,-226.44725000000003,-226.44725000000003,1.0441666666666667,1.2309375,-0.1867708333333334,1,10,11,27.818499999999997,-254.26575,9.1,1.09,9.7,38.7,232.79999999999998,16.6
WR_RN,2026-07-15,3.2,-5.9,-1.221499999999999,-0.7597499999999977,-1.9812499999999962,25.2175,26.707708333333333,-1.4902083333333334,9,14,23,11.937000000000005,-13.91825,39.1,1.33,9.9,9.100000000000001,237.60000000000002,3.8
WZRD_ESS_RN,2026-07-15,0.0,-3.0,0.0,-11.932499999999997,-11.932499999999997,4.5575,5.0946875,-0.5371874999999999,1,2,3,4.899999999999999,-16.832499999999996,33.3,0.58,0.0,3.0,0.0,0.0
W_HRL_ESR_RN,2026-07-15,0.8,-5.0,-8.1655,-18.27025,-26.43575,17.205833333333334,21.2315625,-4.025729166666666,5,17,22,5.279,-31.71475,22.7,0.57,9.9,5.8,237.60000000000002,2.4
X443ESRN,2026-07-15,14.8,-12.6,-15.94099999999999,2.20325,-13.737749999999988,25.255,26.303020833333335,-1.0480208333333338,10,12,22,24.773500000000002,-38.51124999999999,45.5,0.77,10.0,27.4,240.0,11.4
Z0_DGR2_RN,2026-07-15,0.0,-2.0,0.0,-1.9299999999999997,-1.9299999999999997,3.4008333333333334,3.582916666666667,-0.18208333333333337,1,1,2,1.5,-3.4299999999999997,50.0,0.44,9.9,2.0,237.60000000000002,0.8
ZIER_SLR_ALL,2026-07-15,233.70000000000002,-249.89999999999998,872.8582499999999,1799.3415000000002,2672.19975,36.11666666666667,31.66989583333333,4.446770833333333,16,7,23,4144.22225,-1472.0224999999998,69.6,1.23,40.0,483.6,960.0,50.4
ABINDUST_RN,2026-07-16,3.0,-32.6,-7.499000000000004,-131.629,-139.128,28.1975,31.1521875,-2.954687500000001,8,14,22,5.301749999999991,-144.42974999999996,36.4,0.06,9.9,35.6,237.60000000000002,15.0
ADL_RN,2026-07-16,16.7,-9.7,-121.77175,-39.29900000000002,-161.07075000000003,15.218333333333334,22.348333333333333,-7.129999999999999,2,12,14,3.0359999999999925,-164.10675000000003,14.3,0.11,60.0,26.4,1440.0,1.8
AE_RN,2026-07-16,2.8000000000000003,-99.8,-4.8425,-259.92525,-264.76775000000004,26.609166666666667,31.116249999999997,-4.507083333333333,7,13,20,15.711000000000006,-280.47875000000005,35.0,0.1,9.9,102.6,237.60000000000002,43.2
ALAMO_ST_RN,2026-07-16,0.0,0.0,0.0,0.0,0.0,6.882916666666667,6.03625,0.8466666666666663,0,0,0,0.0,0.0,0.0,0.0,9.9,0.0,237.60000000000002,0.0
ALP_BESS_RN,2026-07-16,1.7000000000000002,-104.8,0.12900000000000134,-590.6417499999999,-590.5127499999999,29.528750000000002,30.924895833333334,-1.3961458333333325,8,12,20,46.94400000000004,-637.4567499999999,40.0,0.11,100.3,106.5,2407.2,4.4
ALVIN_RN,2026-07-16,7.5,-49.6,-44.42425000000001,-459.35974999999996,-503.784,27.327916666666667,34.481875,-7.153958333333333,7,16,23,12.675500000000005,-516.4594999999999,30.4,0.06,7.5,57.1,180.0,31.7
AMAD_ESS_RN,2026-07-16,7.8,-4.0,-33.540000000000006,-34.995,-68.535,4.000416666666666,5.427083333333333,-1.426666666666667,0,4,4,0.0,-68.535,0.0,0.0,0.0,11.8,0.0,0.0
ANCHOR_ALL,2026-07-16,928.1,-52.9,-5480.68,-218.2685,-5698.9485,26.799583333333334,31.398020833333334,-4.5984375,6,18,24,560.6064999999998,-6259.554999999999,25.0,0.27,36.3,981.0,871.1999999999999,112.6
ANDMDSLR_ALL,2026-07-16,86.0,-119.3,-648.8125000000001,-404.75625,-1053.5687500000001,26.919166666666666,31.242708333333336,-4.323541666666668,6,17,23,19.89825,-1073.467,26.1,0.05,81.9,205.3,1965.6000000000001,10.4
ANEM_ESS_RN,2026-07-16,0.6000000000000001,-4.300000000000001,1.6584999999999996,-22.357750000000003,-20.699250000000003,12.572083333333333,17.955520833333335,-5.3834375,8,12,20,8.032,-28.731250000000006,40.0,0.42,200.0,4.9,4800.0,0.1
ANG_ALL,2026-07-16,1060.6,-182.2,-8737.91025,-1156.9840000000002,-9894.894250000001,27.437083333333334,30.963854166666668,-3.526770833333334,7,17,24,83.32425,-9978.2185,29.2,0.02,100.0,1242.8,2400.0,51.8
ANOL_ESS_RN,2026-07-16,2.9000000000000004,-20.5,-10.304250000000003,-73.84124999999997,-84.14549999999998,27.295416666666668,31.866354166666667,-4.5709375,6,15,21,8.743500000000001,-92.88899999999998,28.6,0.24,240.0,23.4,5760.0,0.4
ANTL_ESS_ES1,2026-07-16,2.7,-74.1,41.084250000000004,1452.83225,1493.9165,41.68083333333333,31.065104166666668,10.615729166666666,18,6,24,1512.6777499999998,-18.76125,75.0,26.88,70.0,76.8,1680.0,4.6
APPLE_ESR_RN,2026-07-16,0.0,-50.0,0.0,178.1299999999999,178.1299999999999,1.6858333333333333,1.6465625,0.03927083333333344,11,3,14,260.03749999999997,-81.90750000000001,78.6,0.87,0.0,50.0,0.0,0.0
ARY_BESS_RN,2026-07-16,1.0,-3.0,16.82,5.642499999999998,22.4625,3.2708333333333335,1.3773958333333336,1.8934374999999999,3,1,4,32.0075,-9.545000000000002,75.0,1.12,180.0,4.0,4320.0,0.1
AVIL_ESS_RN,2026-07-16,1.3,-2.6,2.3147499999999974,-6.575999999999999,-4.261250000000001,31.234166666666667,30.180729166666666,1.0534374999999996,13,7,20,10.814249999999998,-15.075500000000002,65.0,0.39,160.0,3.9000000000000004,3840.0,0.1
AZURE_RN,2026-07-16,65.4,-70.7,-528.03325,-127.30300000000003,-655.33625,26.94458333333333,31.313958333333332,-4.369375000000001,6,18,24,21.802249999999997,-677.1384999999999,25.0,0.1,77.6,136.10000000000002,1862.3999999999999,7.3
BATCAVE_RN,2026-07-16,10.6,-331.5,-1.5019999999999916,-60.141249999999964,-61.64324999999996,26.217916666666667,26.27927083333333,-0.061354166666666377,13,11,24,327.09749999999997,-388.74075,54.2,0.71,100.5,342.1,2412.0,14.2
BAYC_BESS_RN,2026-07-16,1.8,-12.8,1.6909999999999992,-51.53824999999999,-49.84724999999999,24.896666666666665,24.9675,-0.07083333333333375,14,7,21,19.8325,-69.67975,66.7,0.14,9.9,14.600000000000001,237.60000000000002,6.1
BCK_RN,2026-07-16,1926.5,-73.6,6917.33025,-249.59475000000006,6667.7355,24.359166666666667,23.765104166666664,0.5940624999999994,14,10,24,9104.716749999998,-2436.98125,58.3,2.67,126.5,2000.1,3036.0,65.9
BCNV2_ES_RN,2026-07-16,0.0,-13.0,0.0,-143.29,-143.29,2.455833333333333,2.7000000000000006,-0.24416666666666678,0,6,6,0.0,-143.29,0.0,0.0,150.0,13.0,3600.0,0.4
BCNV_RN,2026-07-16,0.0,0.0,0.0,0.0,0.0,2.2862500000000003,2.3725,-0.08625000000000001,0,0,0,0.0,0.0,0.0,0.0,150.0,0.0,3600.0,0.0
BEXAR_ES_RN,2026-07-16,701.6,-107.5,425.8419999999989,331.5945000000001,757.436499999999,26.015416666666667,26.653125,-0.6377083333333339,13,7,20,1765.5272499999994,-1008.0907500000005,65.0,0.94,100.0,809.1,2400.0,33.7
BIGSTAR_ALL,2026-07-16,67.2,-35.8,8.640000000000018,-206.98225,-198.34224999999998,25.770833333333332,27.1003125,-1.3294791666666659,13,11,24,119.35250000000003,-317.69474999999994,54.2,0.32,80.0,103.0,1920.0,5.4
BKBN_RN,2026-07-16,0.0,0.0,0.0,0.0,0.0,22.295,35.71625,-13.421249999999999,0,0,0,0.0,0.0,0.0,0.0,121.0,0.0,2904.0,0.0
BKSL_RN,2026-07-16,1.6,-12.900000000000002,2.3515,-68.93725,-66.58575,26.88291666666667,31.259375000000002,-4.376458333333333,5,15,20,3.679250000000001,-70.26500000000001,25.0,0.16,100.0,14.500000000000002,2400.0,0.6
BLACKSPR_RN,2026-07-16,0.0,-37.0,0.0,-90.795,-90.795,4.945416666666667,5.474479166666666,-0.5290624999999998,3,9,12,33.70000000000001,-124.495,25.0,0.81,120.0,37.0,2880.0,1.3
BLSMT1_5_A_6,2026-07-16,170.5,-81.2,-1477.4344999999998,-132.18424999999996,-1609.6187499999999,26.956666666666667,31.345625,-4.388958333333333,6,18,24,153.5092500000001,-1763.1279999999997,25.0,0.26,150.0,251.7,3600.0,7.0
BLUEJAY_RN,2026-07-16,48.8,-16.0,-291.39949999999993,-53.71725,-345.11674999999997,27.401666666666667,33.40572916666667,-6.004062499999999,7,17,24,10.225500000000006,-355.34225,29.2,0.07,50.0,64.8,1200.0,5.4
BLVN_RN,2026-07-16,404.8,-14.3,-3644.22825,-53.07775000000001,-3697.306,26.545416666666668,30.7265625,-4.181145833333334,8,16,24,10.359249999999975,-3707.66525,33.3,0.01,180.0,419.1,4320.0,9.7
BOCO_ESS_RN,2026-07-16,36.3,-2.4000000000000004,-511.98225,-11.667250000000001,-523.6495,28.573333333333334,31.02625,-2.452916666666667,5,11,16,3.249000000000002,-526.8985,31.2,0.01,150.0,38.699999999999996,3600.0,1.1
BRHEIGHT_RN,2026-07-16,11.8,-8.6,-105.41150000000002,-101.18850000000002,-206.60000000000005,27.925416666666667,34.745937500000004,-6.820520833333334,7,16,23,3.6724999999999968,-210.27250000000004,30.4,0.04,10.0,20.4,240.0,8.5
BRPANGLE_RN,2026-07-16,0.0,-4.5,0.0,-76.20375,-76.20375,0.0,0.0,0.0,0,4,4,0.0,-76.20375,0.0,0.0,10.0,4.5,240.0,1.9
BRPMAGNO_RN,2026-07-16,32.699999999999996,-10.9,-37.796000000000014,-53.42025,-91.21625000000002,27.772916666666664,34.67979166666667,-6.906874999999999,7,17,24,14.599249999999985,-105.81550000000001,29.2,0.34,7.5,43.599999999999994,180.0,24.2
BRP_BRAZ_RN,2026-07-16,3.0,-41.6,-12.839,-172.252,-185.091,26.796666666666667,31.75208333333333,-4.955416666666666,7,14,21,6.07075,-191.16175,33.3,0.06,10.0,44.6,240.0,18.6
BRP_DIKN_RN,2026-07-16,34.7,-1.9,-218.5810000000001,-41.944250000000004,-260.52525000000014,27.891666666666666,34.731145833333336,-6.839479166666667,7,16,23,3.93975,-264.46500000000015,30.4,0.03,10.0,36.6,240.0,15.2
BRP_LOOP_RN,2026-07-16,0.0,-119.0,0.0,-222.50049999999993,-222.50049999999993,2.7912500000000002,3.564583333333333,-0.7733333333333333,1,5,6,2.1822500000000473,-224.68274999999994,16.7,0.05,10.0,119.0,240.0,49.6
BRP_LOP1_RN,2026-07-16,55.800000000000004,-3.0,-574.1655,-13.015,-587.1804999999999,4.349166666666666,7.085833333333333,-2.7366666666666664,1,7,8,6.1625,-593.3430000000001,12.5,0.07,10.0,58.800000000000004,240.0,24.5
BRP_PBL1_RN,2026-07-16,179.9,-25.0,1990.3912500000001,135.8175,2126.2087500000002,21.758333333333336,19.0740625,2.684270833333333,19,3,22,2295.2512500000003,-169.04250000000002,86.4,2.14,7.5,204.9,180.0,113.8
BRP_PBL2_RN,2026-07-16,1.0,-43.0,13.970000000000002,243.61750000000004,257.58750000000003,1.52625,0.9441666666666667,0.5820833333333334,14,2,16,407.0875,-149.5,87.5,0.39,10.0,44.0,240.0,18.3
BRP_RN_UNIT1,2026-07-16,31.5,-2.6000000000000005,146.36649999999997,2.784500000000002,149.151,26.0925,26.89770833333333,-0.8052083333333334,13,4,17,152.94225000000006,-3.7912500000000007,76.5,12.41,10.0,34.1,240.0,14.2
BRP_SWNY_RN,2026-07-16,7.0,-30.0,-9.912500000000009,-50.13749999999996,-60.04999999999997,8.980833333333333,9.393854166666667,-0.41302083333333367,3,6,9,10.517499999999998,-70.56749999999997,33.3,0.3,10.0,37.0,240.0,15.4
BRP_ZPT1_RN,2026-07-16,7.9,-2.0,71.4925,-29.915,41.577500000000015,2.78,4.881145833333333,-2.1011458333333333,1,3,4,87.80250000000001,-46.225,25.0,5.7,10.0,9.9,240.0,4.1
BRP_ZPT2_RN,2026-07-16,78.9,-5.500000000000001,-1372.2079999999999,-30.785750000000007,-1402.9937499999999,12.424166666666666,19.527708333333333,-7.103541666666666,5,18,23,34.82750000000001,-1437.82125,21.7,0.09,7.5,84.4,180.0,46.9
BR_ARROW_ALL,2026-07-16,48.9,-21.400000000000002,-259.29725,-79.99000000000002,-339.28725000000003,27.273750000000003,31.76697916666667,-4.493229166666667,6,18,24,4.13625,-343.4235,25.0,0.04,51.7,70.3,1240.8000000000002,5.7
BSS_U1,2026-07-16,14.0,-80.2,-39.12699999999997,-640.8309999999999,-679.958,27.065416666666668,31.75208333333333,-4.6866666666666665,8,15,23,32.37775000000001,-712.33575,34.8,0.09,9.9,94.2,237.60000000000002,39.6
BUDA_RN,2026-07-16,0.0,-1.0,0.0,2.914999999999999,2.914999999999999,1.9195833333333334,1.7391666666666665,0.18041666666666675,1,0,1,2.914999999999999,0.0,100.0,99.99,9.9,1.0,237.60000000000002,0.4
BYP_RN,2026-07-16,138.2,-139.4,-755.2630000000004,-2848.4432500000003,-3603.70625,7.78875,9.16625,-1.3775000000000002,0,6,6,0.0,-3603.70625,0.0,0.0,200.0,277.6,4800.0,5.8
BYRDR_ES_ALL,2026-07-16,0.0,-1.0,0.0,-19.875,-19.875,13.419166666666667,15.483020833333335,-2.063854166666667,0,1,1,0.0,-19.875,0.0,0.0,50.0,1.0,1200.0,0.1
C5_RN,2026-07-16,0.0,0.0,0.0,0.0,0.0,0.0,0.0,0.0,0,0,0,0.0,0.0,0.0,0.0,0.0,0.0,0.0,0.0
CACH_ESS_RN,2026-07-16,1.8,-3.9000000000000004,2.6270000000000007,3.2787500000000014,5.905750000000002,25.951666666666668,27.004166666666666,-1.0525,14,6,20,12.767,-6.86125,70.0,0.8,200.0,5.7,4800.0,0.1
CAMWIND_RN,2026-07-16,275.9,-253.2,849.0519999999999,-382.2115000000001,466.8404999999999,14.9225,14.206354166666666,0.7161458333333335,12,12,24,3161.1270000000004,-2694.2865,50.0,1.17,16.4,529.0999999999999,393.59999999999997,134.4
CARA_ESS_RN,2026-07-16,0.0,0.0,0.0,0.0,0.0,0.0,0.0,0.0,0,0,0,0.0,0.0,0.0,0.0,98.3,0.0,2359.2,0.0
CARN_ESS_RN,2026-07-16,1.0,-3.4000000000000004,-3.9750000000000014,2.004750000000002,-1.9702499999999994,19.609583333333333,21.555208333333336,-1.945625,9,11,20,9.995500000000002,-11.965750000000002,45.0,1.02,150.0,4.4,3600.0,0.1
CARRIZO_ESR1,2026-07-16,75.8,-1.0,962.16975,-30.12075,932.049,44.36041666666667,40.83604166666667,3.524375000000001,19,4,23,1045.5577500000002,-113.50875000000002,82.6,1.94,9.0,76.8,216.0,35.6
CARTWHL_RN,2026-07-16,0.0,-1.0,0.0,-5.122499999999999,-5.122499999999999,2.660833333333333,3.1470833333333332,-0.4862499999999999,0,1,1,0.0,-5.122499999999999,0.0,0.0,150.0,1.0,3600.0,0.0
CASL_GAP_UN1,2026-07-16,172.2,-169.0,-505.75300000000004,1483.71775,977.96475,31.270416666666666,30.021979166666668,1.2484375,17,7,24,1858.7827499999999,-880.8180000000001,70.8,0.87,3.9,341.2,93.6,364.5
CAST_ESS_RN,2026-07-16,0.0,-5.0,0.0,-3.1625000000000014,-3.1625000000000014,1.8325000000000002,2.1921874999999997,-0.3596874999999999,0,1,1,0.0,-3.1625000000000014,0.0,0.0,200.0,5.0,4800.0,0.1
CATARINA_B1,2026-07-16,60.8,-206.2,8.933250000000076,3770.2570000000005,3779.19025,49.635416666666664,41.452083333333334,8.183333333333335,19,5,24,6202.868500000001,-2423.67825,79.2,0.67,9.9,267.0,237.60000000000002,112.4
CEDRVALE_RN,2026-07-16,0.0,-84.4,0.0,596.6614999999999,596.6614999999999,3.769166666666667,3.359583333333333,0.4095833333333334,8,0,8,596.6615,0.0,100.0,99.99,9.9,84.4,237.60000000000002,35.5
CFLAT_ES_RN,2026-07-16,0.0,-2.0,0.0,-18.445000000000004,-18.445000000000004,2.6975,4.311458333333333,-1.6139583333333334,0,2,2,0.0,-18.445000000000004,0.0,0.0,0.0,2.0,0.0,0.0
CHIL_SLR,2026-07-16,253.7,-11.700000000000001,-1438.32325,-56.140999999999984,-1494.4642499999998,26.477083333333336,30.494479166666665,-4.017395833333333,8,16,24,12.871249999999982,-1507.3354999999997,33.3,0.02,150.0,265.4,3600.0,7.4
CISC_RN,2026-07-16,36.4,-7.3,-83.361,-33.458999999999996,-116.82,28.523750000000003,31.2009375,-2.6771875,7,16,23,4.989250000000002,-121.80924999999999,30.4,0.09,9.9,43.699999999999996,237.60000000000002,18.4
CITRUSCY_RN,2026-07-16,0.8,-5.4,-3.3237500000000004,-63.968250000000005,-67.292,17.186666666666667,26.774895833333332,-9.588229166666666,2,19,21,2.319500000000001,-69.6115,9.5,0.32,7.0,6.2,168.0,3.7
CLO_RN,2026-07-16,4.0,-73.1,-34.416250000000005,-1044.84725,-1079.2635,28.602083333333336,36.4809375,-7.878854166666667,7,16,23,25.7035,-1104.967,30.4,0.05,100.0,77.1,2400.0,3.2
CLT_RN,2026-07-16,0.0,0.0,0.0,0.0,0.0,30.39,41.38125,-10.99125,0,0,0,0.0,0.0,0.0,0.0,100.0,0.0,2400.0,0.0
CNLY_ESS_RN,2026-07-16,2.7,-1.8000000000000003,-2.0365000000000015,-10.202250000000001,-12.238750000000003,27.27333333333333,31.619375,-4.346041666666667,6,15,21,4.4525,-16.691250000000004,28.6,0.67,125.0,4.5,3000.0,0.1
CNTRY_RN,2026-07-16,2.4000000000000004,-157.70000000000002,0.7214999999999983,-1555.7515,-1555.0300000000002,27.11916666666667,31.683958333333333,-4.564791666666667,6,17,23,4.176749999999999,-1559.2067499999998,26.1,0.01,9.8,160.10000000000002,235.20000000000002,68.1
CNTYRDS_RN,2026-07-16,0.0,0.0,0.0,0.0,0.0,1.5599999999999998,1.8413541666666668,-0.28135416666666685,0,0,0,0.0,0.0,0.0,0.0,9.9,0.0,237.60000000000002,0.0
CONTINEN_RN,2026-07-16,0.0,-162.9,0.0,-1812.9762500000002,-1812.9762500000002,2.0533333333333332,4.1934375,-2.1401041666666667,1,16,17,41.480999999999995,-1854.4572500000002,5.9,0.36,0.0,162.9,0.0,0.0
CORALSLR_ALL,2026-07-16,207.0,-56.7,-2082.1394999999998,-444.62074999999993,-2526.76025,26.808333333333334,31.320208333333337,-4.511875,7,17,24,10.282249999999987,-2537.0425,29.2,0.01,51.4,263.7,1233.6,21.4
CORAZON_RN,2026-07-16,392.79999999999995,-156.1,40.4187500000001,-1887.406,-1846.9872499999997,10.045,14.798229166666665,-4.753229166666666,10,13,23,1387.8455,-3234.832749999999,43.5,0.56,200.0,548.9,4800.0,11.4
COYOTSPR_RN,2026-07-16,0.0,0.0,0.0,0.0,0.0,1.5599999999999998,1.8410416666666667,-0.28104166666666686,0,0,0,0.0,0.0,0.0,0.0,9.9,0.0,237.60000000000002,0.0
CROSSETT_ALL,2026-07-16,235.0,-208.3,817.9945000000005,1306.61875,2124.613250000001,20.629583333333333,18.418645833333333,2.2109375000000004,15,4,19,2515.0067500000005,-390.3935000000001,78.9,1.72,100.0,443.3,2400.0,18.5
CROSSTRL_RN,2026-07-16,1.7000000000000002,-58.1,-1.2212499999999995,-230.66375,-231.885,29.070833333333336,31.061354166666664,-1.9905208333333337,8,11,19,47.443,-279.328,42.1,0.23,57.0,59.800000000000004,1368.0,4.4
CR_RN,2026-07-16,3.7,-12.9,-31.614750000000004,-216.03675,-247.65150000000003,27.880416666666665,35.866145833333334,-7.985729166666666,7,16,23,3.96375,-251.61525,30.4,0.04,9.8,16.6,235.20000000000002,7.1
CS_RN,2026-07-16,3.9000000000000004,-40.6,-36.737,-131.07225000000003,-167.80925000000005,27.772916666666664,35.24,-7.467083333333334,7,16,23,5.178499999999989,-172.98775,30.4,0.07,7.0,44.5,168.0,26.5
CTW_RN,2026-07-16,66.3,-39.8,-488.619,-276.47499999999997,-765.0939999999999,27.003333333333334,32.20375,-5.2004166666666665,7,17,24,20.37800000000003,-785.4719999999999,29.2,0.06,150.0,106.1,3600.0,2.9
DAN_ALL,2026-07-16,251.8,-39.300000000000004,1880.4207499999998,233.08874999999998,2113.5094999999997,23.979583333333334,21.4796875,2.499895833333333,14,10,24,2372.3687499999996,-258.8592499999999,58.3,6.55,76.3,291.1,1831.1999999999998,15.9
DA_BESS,2026-07-16,3.0,-21.1,-12.839,-153.70825,-166.54725,26.796666666666667,31.75208333333333,-4.955416666666666,7,15,22,15.085750000000008,-181.63299999999998,31.8,0.18,5.0,24.1,120.0,20.1
DA_BESS2,2026-07-16,0.0,0.0,0.0,0.0,0.0,25.58,30.483333333333334,-4.903333333333335,0,0,0,0.0,0.0,0.0,0.0,9.9,0.0,237.60000000000002,0.0
DC2SES_ALL,2026-07-16,3.0,-52.1,-9.756000000000002,-284.93524999999994,-294.69124999999997,27.465,31.526666666666667,-4.0616666666666665,6,17,23,7.8767499999999995,-302.568,26.1,0.07,66.5,55.1,1596.0,3.5
DESN_ESS_RN,2026-07-16,0.0,0.0,0.0,0.0,0.0,2.6437500000000003,3.2663541666666664,-0.6226041666666666,0,0,0,0.0,0.0,0.0,0.0,200.0,0.0,4800.0,0.0
DGFS_ESR_RN,2026-07-16,1.3,-3.6,2.332250000000001,-18.186,-15.853750000000002,31.265,30.152291666666667,1.1127083333333327,13,7,20,11.005749999999997,-26.8595,65.0,0.22,75.0,4.9,1800.0,0.3
DIBOL_RN,2026-07-16,0.30000000000000004,-0.30000000000000004,-4.69075,-0.9727499999999999,-5.6635,3.6337499999999996,5.775104166666666,-2.1413541666666664,1,5,6,0.4327500000000001,-6.09625,16.7,0.35,9.9,0.6000000000000001,237.60000000000002,0.3
DKNS_ESS_RN,2026-07-16,0.0,-2.0,0.0,-23.74,-23.74,3.4425000000000003,4.4323958333333335,-0.9898958333333333,0,2,2,0.0,-23.74,0.0,0.0,50.0,2.0,1200.0,0.2
DRAK_ESS_RN,2026-07-16,0.0,0.0,0.0,0.0,0.0,27.445,30.890625,-3.4456250000000006,0,0,0,0.0,0.0,0.0,0.0,150.0,0.0,3600.0,0.0
DSWL_BES1,2026-07-16,2.6,-82.7,-2.7955000000000014,-818.1837500000001,-820.9792500000001,27.207083333333333,31.719583333333333,-4.5125,6,17,23,4.1425,-825.1217500000001,26.1,0.01,150.0,85.3,3600.0,2.4
EBNY_ESS_RN,2026-07-16,36.199999999999996,-3.6000000000000005,-218.98549999999997,1.8530000000000018,-217.13249999999996,25.934166666666666,26.686354166666664,-0.7521874999999995,13,4,17,9.567250000000001,-226.69974999999997,76.5,0.01,200.0,39.8,4800.0,0.8
ELMCRK_RN,2026-07-16,3.0,-12.6,-7.423000000000003,-146.47799999999998,-153.901,28.222916666666666,31.153020833333333,-2.9301041666666676,8,13,21,4.982500000000001,-158.8835,38.1,0.05,9.9,15.6,237.60000000000002,6.6
ELM_ST_RN,2026-07-16,0.0,0.0,0.0,0.0,0.0,4.1570833333333335,4.057708333333333,0.09937499999999992,0,0,0,0.0,0.0,0.0,0.0,9.9,0.0,237.60000000000002,0.0
ELM_ST_RN2,2026-07-16,0.0,-1.0,0.0,4.152500000000003,4.152500000000003,3.7741666666666673,3.2285416666666666,0.5456250000000004,1,0,1,4.152500000000003,0.0,100.0,99.99,9.9,1.0,237.60000000000002,0.4
ELSA_ESR_RN,2026-07-16,0.0,-24.0,0.0,-448.49,-448.49,0.0,0.0,0.0,0,6,6,0.0,-448.49,0.0,0.0,9.9,24.0,237.60000000000002,10.1
ELZA_SLR_RN,2026-07-16,10.8,-10.8,-99.31400000000001,-48.133250000000004,-147.44725000000003,27.276666666666667,31.812083333333334,-4.535416666666667,6,17,23,4.114250000000001,-151.56150000000002,26.1,0.08,100.0,21.6,2400.0,0.9
EMPCT_RN,2026-07-16,3.0,-2.3000000000000003,-11.479750000000001,-28.8515,-40.331250000000004,27.40041666666667,31.764791666666667,-4.364375,6,15,21,4.190249999999999,-44.5215,28.6,0.24,9.9,5.300000000000001,237.60000000000002,2.2
ENDPARK_ESS1,2026-07-16,0.8,-15.7,1.6060000000000003,-46.254499999999986,-44.648499999999984,26.86583333333333,31.179166666666664,-4.3133333333333335,6,14,20,22.21925,-66.86774999999999,30.0,0.78,50.0,16.5,1200.0,1.4
ESCONDID_ESR,2026-07-16,3.6,-2.6,-39.587250000000004,-17.523999999999997,-57.11125,34.331250000000004,35.839062500000004,-1.5078124999999998,16,7,23,23.44525,-80.55650000000001,69.6,0.13,0.0,6.2,0.0,0.0
ESTONIAN_ALL,2026-07-16,32.3,-34.4,-200.60625,-119.5755,-320.18175,27.27208333333333,31.7584375,-4.4863541666666675,6,18,24,14.258499999999996,-334.44025,25.0,0.13,101.6,66.69999999999999,2438.3999999999996,2.7
EUNICE_ALL,2026-07-16,349.0,-114.5,-2116.315,156.06225000000018,-1960.2527499999999,15.152916666666668,17.3228125,-2.169895833333333,12,9,21,708.8072500000002,-2669.06,57.1,0.2,17.0,463.5,408.0,113.6
EVLN_ESS_RN,2026-07-16,4.6000000000000005,-0.8,-40.53875000000001,-1.5964999999999983,-42.135250000000006,27.96083333333333,34.76166666666666,-6.800833333333333,7,15,22,3.943249999999999,-46.078500000000005,31.8,0.18,220.0,5.4,5280.0,0.1
E_HARRIS_RN,2026-07-16,0.0,-5.0,0.0,-33.6975,-33.6975,2.8629166666666666,4.5071875,-1.6442708333333333,2,3,5,8.36,-42.057500000000005,40.0,0.3,9.9,5.0,237.60000000000002,2.1
FALFUR_RN,2026-07-16,0.6000000000000001,-236.1,3.349999999999999,-1295.0095000000001,-1291.6595,16.765833333333333,22.3784375,-5.612604166666667,4,20,24,287.0155,-1578.6750000000002,16.7,0.91,9.9,236.7,237.60000000000002,99.6
FAULKNER_RN,2026-07-16,0.0,-8.0,0.0,30.460000000000022,30.460000000000022,3.4008333333333334,3.8546875000000003,-0.4538541666666667,2,0,2,30.460000000000022,0.0,100.0,99.99,9.9,8.0,237.60000000000002,3.4
FENCESLR_ALL,2026-07-16,35.9,-33.2,-150.81824999999998,-136.81425,-287.6325,27.12875,31.753645833333334,-4.6248958333333325,6,17,23,32.00975,-319.64224999999993,26.1,0.28,71.0,69.1,1704.0,4.1
FERD_ESS_RN,2026-07-16,0.0,0.0,0.0,0.0,0.0,0.9220833333333333,0.7852083333333333,0.136875,0,0,0,0.0,0.0,0.0,0.0,200.0,0.0,4800.0,0.0
FIVEWSLR_ALL,2026-07-16,700.3000000000001,-18.0,-3824.624,-172.7085,-3997.3324999999995,15.038333333333334,19.072083333333335,-4.03375,3,14,17,18.046999999999926,-4015.3794999999996,17.6,0.02,220.0,718.3000000000001,5280.0,13.6
FLOWERII_RN,2026-07-16,172.6,-189.6,-46.230000000000345,890.4744999999999,844.2444999999996,30.915833333333335,30.432916666666667,0.4829166666666664,15,9,24,1547.2022499999998,-702.9577500000003,62.5,1.32,100.0,362.2,2400.0,15.1
FLTBES1,2026-07-16,0.0,-60.0,0.0,-533.7574999999999,-533.7574999999999,3.252916666666667,3.886354166666667,-0.6334374999999999,2,6,8,10.695000000000007,-544.4524999999999,25.0,0.06,8.5,60.0,204.0,29.4
FLVABES1_ESR,2026-07-16,59.5,-6.8,-159.285,17.828000000000003,-141.457,22.406666666666666,20.535729166666666,1.8709374999999995,4,3,7,26.582000000000004,-168.039,57.1,0.12,9.9,66.3,237.60000000000002,27.9
FORTMA_RN,2026-07-16,66.0,-50.0,-303.5724999999999,-17.432500000000005,-321.0049999999999,14.847916666666668,16.286875,-1.438958333333333,7,9,16,94.82000000000001,-415.8249999999999,43.8,0.29,9.8,116.0,235.20000000000002,49.3
FRMRSVLW_RN,2026-07-16,2.9000000000000004,-1.7000000000000002,-10.089500000000005,-9.080499999999997,-19.17,27.276666666666667,31.767083333333332,-4.4904166666666665,6,17,23,4.135250000000001,-23.30525,26.1,0.5,9.9,4.6000000000000005,237.60000000000002,1.9
FRMR_BS2_RN1,2026-07-16,0.0,0.0,0.0,0.0,0.0,1.5666666666666667,1.4340624999999998,0.13260416666666686,0,0,0,0.0,0.0,0.0,0.0,6.0,0.0,144.0,0.0
FTDUNCAN_RN,2026-07-16,4.7,-2.3000000000000003,38.26624999999999,-18.6185,19.647749999999995,35.58958333333333,36.50083333333333,-0.9112499999999999,16,7,23,54.94949999999999,-35.30175,69.6,0.68,100.0,7.0,2400.0,0.3
GAIA_SLR_RN,2026-07-16,4.0,0.0,-45.7225,0.0,-45.7225,3.6908333333333334,5.595937500000001,-1.9051041666666666,0,4,4,0.0,-45.7225,0.0,0.0,76.3,4.0,1831.1999999999998,0.2
GAMBIT_RN,2026-07-16,7.2,-71.1,-38.25,-130.39674999999994,-168.64674999999994,26.796666666666667,31.75208333333333,-4.955416666666666,1,7,8,4.966500000000082,-173.61325000000002,12.5,0.2,100.0,78.3,2400.0,3.3
GARC_BESS_RN,2026-07-16,0.8,-5.300000000000001,1.6145000000000003,-44.34525000000001,-42.73075000000001,15.480416666666665,24.105833333333333,-8.625416666666666,3,14,17,4.7145,-47.44525,17.6,0.46,9.9,6.1000000000000005,237.60000000000002,2.6
GIGA_ESS_RN,2026-07-16,2.0,-33.5,2.3095,-124.21375,-121.90425,26.246666666666666,28.252916666666664,-2.0062499999999996,11,12,23,9.65775,-131.562,47.8,0.08,112.0,35.5,2688.0,1.3
GKS_BESS_RN,2026-07-16,100.7,-12.2,-186.51624999999999,-6.742000000000005,-193.25825,16.637916666666666,23.753333333333334,-7.115416666666667,4,17,21,60.211999999999925,-253.47024999999994,19.0,1.01,87.0,112.9,2088.0,5.4
GODY_SLR_RN,2026-07-16,190.0,-11.0,-1831.5275,-52.452500000000015,-1883.98,10.765833333333333,15.4853125,-4.719479166666667,1,12,13,15.912499999999987,-1899.8925,7.7,0.1,0.0,201.0,0.0,0.0
GOMZ_RN,2026-07-16,1.2000000000000002,-10.7,1.2137499999999992,34.4965,35.71024999999999,31.020416666666666,30.315208333333334,0.7052083333333329,11,8,19,50.94425,-15.234,57.9,2.43,9.9,11.899999999999999,237.60000000000002,5.0
GOODWIN_ESR,2026-07-16,0.8,-185.4,-2.2145,-1651.7397500000002,-1653.95425,16.765833333333333,26.03,-9.264166666666666,3,21,24,192.324,-1846.27825,12.5,0.73,9.9,186.20000000000002,237.60000000000002,78.4
GRDNE_ESR_RN,2026-07-16,1.5000000000000002,-2.3000000000000003,0.10599999999999898,-11.324500000000002,-11.218500000000004,30.329166666666666,30.7625,-0.43333333333333385,9,10,19,6.7799999999999985,-17.998500000000003,47.4,0.42,9.9,3.8000000000000007,237.60000000000002,1.6
GREGORY_RN,2026-07-16,1.2000000000000002,-3.8000000000000003,-1.0134999999999978,20.625750000000004,19.612250000000007,23.36,21.74802083333333,1.6119791666666672,12,6,18,24.993750000000006,-5.381500000000001,66.7,2.32,0.0,5.0,0.0,0.0
GUNR_RN,2026-07-16,0.0,0.0,0.0,0.0,0.0,16.825,30.995,-14.170000000000002,0,0,0,0.0,0.0,0.0,0.0,150.0,0.0,3600.0,0.0
GZ_RN,2026-07-16,70.1,-1.3,-212.572,-45.31799999999999,-257.89,10.659583333333332,13.760104166666666,-3.100520833333333,3,7,10,29.82499999999999,-287.715,30.0,0.24,9.0,71.39999999999999,216.0,33.1
HAMI_BESS_RN,2026-07-16,20.0,-57.0,164.935,478.44499999999994,643.3799999999999,27.694166666666664,24.331875,3.3622916666666662,17,5,22,994.4249999999998,-351.045,77.3,0.83,9.9,77.0,237.60000000000002,32.4
HARLIN_1_RN,2026-07-16,1.0,-5.0,-11.317499999999999,-13.64,-24.9575,4.809583333333333,7.253645833333334,-2.4440625,1,3,4,0.6449999999999996,-25.6025,25.0,0.08,0.0,6.0,0.0,0.0
HEADCAMP_RN,2026-07-16,0.0,0.0,0.0,0.0,0.0,1.3333333333333333,1.2527083333333333,0.08062499999999995,0,0,0,0.0,0.0,0.0,0.0,150.0,0.0,3600.0,0.0
HEARN_RD_RN,2026-07-16,1.0,-93.4,-3.8360000000000003,-617.669,-621.505,19.811666666666667,21.5853125,-1.7736458333333331,9,15,24,10.258750000000001,-631.7637500000001,37.5,0.03,9.8,94.4,235.20000000000002,40.1
HEN_RN,2026-07-16,0.0,0.0,0.0,0.0,0.0,2.4675,3.0176041666666666,-0.5501041666666668,0,0,0,0.0,0.0,0.0,0.0,150.0,0.0,3600.0,0.0
HI_LONEB_RN1,2026-07-16,27.900000000000002,-90.7,-69.418,169.61800000000005,100.2,29.81041666666667,29.440833333333334,0.36958333333333354,11,7,18,325.119,-224.919,61.1,0.92,50.0,118.60000000000001,1200.0,9.9
HLY_RN,2026-07-16,0.0,0.0,0.0,0.0,0.0,2.169583333333333,2.7929166666666667,-0.6233333333333334,0,0,0,0.0,0.0,0.0,0.0,102.0,0.0,2448.0,0.0
HMNG_ESS_RN,2026-07-16,2.7,-71.30000000000001,-5.054500000000001,-377.87275000000005,-382.9272500000001,27.17958333333333,31.606666666666666,-4.427083333333333,6,18,24,65.62774999999996,-448.55499999999995,25.0,0.44,100.0,74.00000000000001,2400.0,3.1
HNY_COMB_RN,2026-07-16,0.0,0.0,0.0,0.0,0.0,13.92,11.695,2.2249999999999996,0,0,0,0.0,0.0,0.0,0.0,61.5,0.0,1476.0,0.0
HOLCOMB_RN1,2026-07-16,0.0,0.0,0.0,0.0,0.0,-3.7954166666666667,17.576249999999998,-21.371666666666666,0,0,0,0.0,0.0,0.0,0.0,9.9,0.0,237.60000000000002,0.0
HOUSEMTN_RN,2026-07-16,86.4,-92.3,-49.63800000000002,423.79075,374.15274999999997,31.00916666666667,30.2859375,0.7232291666666665,15,8,23,714.02875,-339.876,65.2,1.12,60.0,178.7,1440.0,12.4
HRMS_SLR_RN,2026-07-16,0.0,-13.0,0.0,-59.401249999999976,-59.401249999999976,7.621666666666666,8.511249999999999,-0.889583333333333,1,5,6,3.7840000000000056,-63.18524999999998,16.7,0.3,100.0,13.0,2400.0,0.5
HV_BESS1_RN,2026-07-16,3.6,-1.6,-29.553500000000003,-21.641,-51.1945,27.720416666666665,35.474895833333335,-7.754479166666667,7,14,21,3.5685000000000007,-54.763000000000005,33.3,0.13,0.0,5.2,0.0,0.0
HWY6_RN,2026-07-16,0.0,0.0,0.0,0.0,0.0,3.1266666666666665,3.3533333333333335,-0.2266666666666667,0,0,0,0.0,0.0,0.0,0.0,9.9,0.0,237.60000000000002,0.0
HYDR_ESS_RN,2026-07-16,0.0,-27.6,0.0,163.67350000000005,163.67350000000005,0.0,0.0,0.0,5,1,6,171.44225000000006,-7.768750000000001,83.3,4.41,200.0,27.6,4800.0,0.6
IND_INADALE1,2026-07-16,56.900000000000006,-28.0,-232.18450000000004,-79.54524999999998,-311.72975,26.726666666666663,31.098125,-4.371458333333334,6,18,24,47.17425000000001,-358.90400000000005,25.0,0.39,9.9,84.9,237.60000000000002,35.7
INRT_W_ALL,2026-07-16,3211.5,-58.1,-19797.2325,-370.92024999999995,-20168.15275,26.94541666666667,31.315520833333334,-4.370104166666667,6,18,24,2498.0879999999997,-22666.24075,25.0,0.33,13.0,3269.6,312.0,1047.9
JADE_SLR_ALL,2026-07-16,100.1,-28.0,-867.9175,-112.90099999999998,-980.8185000000001,26.909166666666668,31.206666666666667,-4.297499999999999,6,18,24,33.87400000000002,-1014.6925000000001,25.0,0.1,81.9,128.1,1965.6000000000001,6.5
JAG_SLR_RN,2026-07-16,137.6,-2.9000000000000004,-990.8534999999998,-20.598499999999994,-1011.4519999999998,26.704583333333332,31.292187499999997,-4.587604166666666,6,16,22,4.158750000000001,-1015.6107499999998,27.3,0.01,150.0,140.5,3600.0,3.9
JAR_RN,2026-07-16,3.6,-33.1,-26.110500000000005,-937.8497500000001,-963.9602500000001,27.062916666666666,34.328125,-7.265208333333334,7,15,22,3.9254999999999995,-967.8857500000001,31.8,0.01,156.0,36.7,3744.0,1.0
JC_BAT_RN,2026-07-16,1.8,-14.3,3.044999999999999,10.897500000000008,13.942500000000006,26.3125,27.909479166666667,-1.5969791666666666,13,7,20,22.05575000000001,-8.11325,65.0,1.46,1.2,16.1,28.799999999999997,55.9
JDKNS_RN,2026-07-16,1.1,-58.6,-0.06324999999999859,386.779,386.71575,30.81375,30.619583333333335,0.19416666666666696,15,9,24,402.71575000000007,-16.0,62.5,15.1,9.9,59.7,237.60000000000002,25.1
JUNCTION_RN,2026-07-16,208.3,-29.4,2179.0175,421.81550000000004,2600.833,38.19,24.205520833333335,13.984479166666667,21,3,24,2802.6465000000003,-201.81349999999998,87.5,1.98,9.9,237.70000000000002,237.60000000000002,100.0
JUNORTH_RN,2026-07-16,181.6,-25.0,2245.0445000000004,294.6075,2539.652,34.03666666666667,21.46302083333333,12.573645833333332,18,2,20,2717.2435,-177.59149999999997,90.0,1.7,9.9,206.6,237.60000000000002,87.0
KEG_RN,2026-07-16,0.0,-18.0,0.0,-121.785,-121.785,4.849583333333333,6.9134375,-2.0638541666666668,2,6,8,12.094999999999999,-133.88,25.0,0.27,160.0,18.0,3840.0,0.5
KNAPP_RN,2026-07-16,20.0,-139.0,31.707499999999953,-509.8150000000001,-478.1075000000002,13.60875,14.513854166666667,-0.9051041666666673,9,14,23,205.5524999999999,-683.6600000000001,39.1,0.47,0.0,159.0,0.0,0.0
LANTANA_RN,2026-07-16,1.0,-6.4,-4.1165,-26.728,-30.844500000000004,19.467916666666667,21.504791666666666,-2.036875,9,12,21,10.12,-40.9645,42.9,0.33,9.9,7.4,237.60000000000002,3.1
LAUR_BESS_RN,2026-07-16,0.0,-32.3,0.0,-99.42950000000002,-99.42950000000002,1.6725,1.8503125,-0.17781249999999993,4,5,9,118.755,-218.18449999999999,44.4,0.68,9.8,32.3,235.20000000000002,13.7
LBRA_BES1,2026-07-16,1.8,-3.5000000000000004,2.5829999999999993,-1.7604999999999973,0.8225000000000022,25.74416666666667,26.1515625,-0.4073958333333332,15,5,20,10.573250000000003,-9.750750000000002,75.0,0.36,200.0,5.300000000000001,4800.0,0.1
LEAKEY_RN,2026-07-16,0.0,-2.0,0.0,0.9875000000000007,0.9875000000000007,4.484583333333333,4.23375,0.25083333333333346,1,1,2,5.0825,-4.094999999999999,50.0,1.24,0.0,2.0,0.0,0.0
LFSTH_RN,2026-07-16,3.4000000000000004,-0.8,-12.099000000000002,-2.717499999999999,-14.8165,27.750833333333333,31.972291666666667,-4.2214583333333335,7,14,21,4.651500000000001,-19.468,33.3,0.48,9.9,4.2,237.60000000000002,1.8
LIGSW_RN,2026-07-16,2.6,-15.9,-2.7045000000000026,-113.72250000000001,-116.427,27.258333333333336,31.71291666666667,-4.454583333333334,6,16,22,4.161999999999999,-120.589,27.3,0.09,9.8,18.5,235.20000000000002,7.9
LILY_RN,2026-07-16,23.099999999999998,-64.8,-250.424,-134.34850000000003,-384.77250000000004,27.269166666666667,31.83791666666667,-4.5687500000000005,6,18,24,63.433499999999995,-448.206,25.0,0.42,50.0,87.89999999999999,1200.0,7.3
LK_RN,2026-07-16,0.0,-12.0,0.0,-358.965,-358.965,2.3441666666666667,2.2253125,0.11885416666666677,0,3,3,0.0,-358.96500000000003,0.0,0.0,0.0,12.0,0.0,0.0
LMO_ESR_RN,2026-07-16,3.8000000000000003,-6.4,-26.736000000000004,-57.20175,-83.93775000000001,27.423333333333332,33.91708333333333,-6.4937499999999995,7,16,23,4.030499999999999,-87.96825000000001,30.4,0.1,100.0,10.200000000000001,2400.0,0.4
LONESTAR_RN,2026-07-16,5.1,-14.5,23.663250000000012,-40.304749999999984,-16.64149999999997,30.826666666666668,30.553749999999997,0.2729166666666673,10,9,19,38.599000000000025,-55.240500000000004,52.6,0.63,9.9,19.6,237.60000000000002,8.2
LON_RN1,2026-07-16,6.7,-47.2,-61.194250000000004,-211.1102500000001,-272.3045000000001,26.915000000000003,31.958645833333335,-5.043645833333334,7,16,23,51.266999999999996,-323.57150000000007,30.4,0.36,174.0,53.900000000000006,4176.0,1.3
LOWR_ESS_RN,2026-07-16,4.4,-46.3,-81.869,-402.83975,-484.70874999999995,18.55333333333333,30.948229166666668,-12.394895833333335,3,18,21,78.111,-562.8197499999999,14.3,0.83,60.0,50.699999999999996,1440.0,3.5
LUCKYBLU_RN,2026-07-16,0.0,-17.0,0.0,-91.94999999999999,-91.94999999999999,1.305,1.6480208333333335,-0.3430208333333334,2,3,5,31.945000000000014,-123.89500000000001,40.0,0.39,100.0,17.0,2400.0,0.7
LYNX_ESS_RN,2026-07-16,0.0,0.0,0.0,0.0,0.0,1.67125,1.6616666666666668,0.009583333333333352,0,0,0,0.0,0.0,0.0,0.0,75.0,0.0,1800.0,0.0
LYSSY_RN,2026-07-16,57.4,-23.3,95.90700000000005,24.288249999999973,120.19525000000003,25.909166666666668,26.371875,-0.46270833333333355,14,4,18,212.38400000000007,-92.18875000000003,77.8,0.66,0.0,80.7,0.0,0.0
L_FRE_ESR_RN,2026-07-16,0.6000000000000001,-32.2,4.87,70.46825000000001,75.33825,15.875833333333333,18.890833333333333,-3.015,11,10,21,134.91899999999998,-59.580749999999995,52.4,2.06,9.9,32.800000000000004,237.60000000000002,13.8
MADERO_RN,2026-07-16,0.0,0.0,0.0,0.0,0.0,0.8920833333333333,1.6376041666666667,-0.7455208333333334,0,0,0,0.0,0.0,0.0,0.0,100.0,0.0,2400.0,0.0
MAINLAND_RN,2026-07-16,5.4,-9.9,-33.115750000000006,-93.87324999999998,-126.98899999999999,27.764583333333334,34.67479166666667,-6.910208333333333,7,16,23,10.438749999999997,-137.42775,30.4,0.17,9.9,15.3,237.60000000000002,6.4
MEDILA_RN,2026-07-16,71.6,-18.8,-90.95100000000006,14.679499999999997,-76.27150000000006,26.4075,27.424583333333334,-1.0170833333333336,13,8,21,170.21375,-246.4852500000001,61.9,0.42,0.0,90.39999999999999,0.0,0.0
MEDINA1_RN,2026-07-16,0.0,-2.0,0.0,-3.1999999999999993,-3.1999999999999993,7.469166666666666,7.3246875000000005,0.1444791666666664,1,1,2,2.0249999999999986,-5.224999999999998,50.0,0.39,0.0,2.0,0.0,0.0
MESQUITE_RN,2026-07-16,0.0,-5.0,0.0,-24.025000000000002,-24.025000000000002,4.3637500000000005,5.078229166666667,-0.7144791666666667,1,4,5,6.177499999999998,-30.202500000000004,20.0,0.82,9.9,5.0,237.60000000000002,2.1
MESQUITE_RN2,2026-07-16,0.0,-2.0,0.0,7.979999999999999,7.979999999999999,2.316666666666667,1.6976041666666666,0.6190625,2,0,2,7.979999999999999,0.0,100.0,99.99,0.0,2.0,0.0,0.0
MIDP_SLR_RN,2026-07-16,39.8,-30.5,-226.31649999999996,54.503000000000014,-171.81349999999995,26.20375,29.21229166666667,-3.0085416666666664,7,16,23,153.09725000000003,-324.91075,30.4,1.08,50.0,70.3,1200.0,5.9
MIDWY_RN,2026-07-16,0.0,-6.0,0.0,35.595000000000006,35.595000000000006,3.240416666666667,2.3688541666666665,0.8715625000000001,3,0,3,35.595000000000006,0.0,100.0,99.99,9.9,6.0,237.60000000000002,2.5
MILTON_RN,2026-07-16,1.2000000000000002,-7.800000000000001,1.6014999999999995,-28.28374999999999,-26.68224999999999,25.224166666666665,26.071979166666665,-0.8478125000000003,10,8,18,8.149500000000002,-34.83174999999999,55.6,0.19,0.0,9.0,0.0,0.0
MNWL_BESS_RN,2026-07-16,3.7,-12.8,-10.158750000000001,11.655500000000004,1.4967500000000058,28.307916666666667,31.483333333333334,-3.175416666666667,6,17,23,36.34825000000001,-34.8515,26.1,2.96,9.9,16.5,237.60000000000002,6.9
MOORE_FL_RN,2026-07-16,0.7000000000000001,-45.1,-1.8362500000000004,-457.7905,-459.62675,17.325833333333332,27.045208333333335,-9.719375,2,19,21,2.247,-461.8737499999999,9.5,0.05,9.9,45.800000000000004,237.60000000000002,19.3
MUENSTER_RN,2026-07-16,0.0,-1.0,0.0,-2.2775,-2.2775,1.7912499999999998,2.0455208333333332,-0.2542708333333333,0,1,1,0.0,-2.2775,0.0,0.0,9.9,1.0,237.60000000000002,0.4
MUSTNGCK_ALL,2026-07-16,141.3,-79.5,445.7020000000001,-19.26824999999991,426.4337500000002,24.542916666666667,24.856041666666666,-0.3131249999999995,12,12,24,655.7847500000001,-229.35099999999994,50.0,2.86,71.0,220.8,1704.0,13.0
MU_RN,2026-07-16,4.0,-54.5,-29.800250000000002,-390.01899999999995,-419.81924999999995,27.490416666666665,33.546875,-6.056458333333333,7,16,23,7.608750000000022,-427.42799999999994,30.4,0.04,9.9,58.5,237.60000000000002,24.6
MV_VALV4_RN,2026-07-16,0.4,-10.3,-1.1530000000000002,-89.37950000000001,-90.53250000000001,18.4725,30.666354166666665,-12.193854166666666,2,18,20,23.846999999999994,-114.37950000000001,10.0,1.88,9.9,10.700000000000001,237.60000000000002,4.5
MYRY_BES2_RN,2026-07-16,0.7000000000000001,-8.200000000000001,-0.8127500000000007,-91.59350000000002,-92.40625000000001,17.064166666666665,26.1440625,-9.079895833333333,2,18,20,2.467,-94.87325000000001,10.0,0.23,9.9,8.9,237.60000000000002,3.7
MYRY_ESR_RN,2026-07-16,0.0,-1.0,0.0,-11.775000000000002,-11.775000000000002,1.1220833333333333,2.2078124999999997,-1.0857291666666666,0,1,1,0.0,-11.775000000000002,0.0,0.0,9.9,1.0,237.60000000000002,0.4
MYR_ALL,2026-07-16,36.8,-31.7,-193.06574999999995,-221.34624999999997,-414.4119999999999,14.265833333333333,18.290625000000002,-4.024791666666666,2,17,19,13.083750000000014,-427.49575,10.5,0.26,76.3,68.5,1831.1999999999998,3.7
NCO_RN,2026-07-16,4.0,-22.2,-21.811500000000002,-154.01175,-175.82325,26.796666666666667,31.75208333333333,-4.955416666666666,7,16,23,15.338250000000006,-191.16150000000002,30.4,0.18,38.8,26.2,931.1999999999999,2.8
NEDIN_RN,2026-07-16,0.0,0.0,0.0,0.0,0.0,0.0,0.0,0.0,0,0,0,0.0,0.0,0.0,0.0,0.0,0.0,0.0,0.0
NF_BRP_RN,2026-07-16,135.20000000000002,-37.0,-25.061249999999877,-115.20749999999997,-140.26874999999984,24.012916666666666,24.83927083333333,-0.826354166666666,11,11,22,257.3392500000001,-397.60799999999995,50.0,0.65,100.5,172.20000000000002,2412.0,7.1
NOBLESLR_ALL,2026-07-16,405.7,-88.0,-3722.54375,-518.21925,-4240.763,15.21,19.623749999999998,-4.413749999999999,1,17,18,3.2724999999999973,-4244.0355,5.6,0.01,62.5,493.7,1500.0,32.9
NWF_NWF1,2026-07-16,94.8,-195.1,-319.33,881.02075,561.6907500000001,30.790000000000003,30.660729166666666,0.12927083333333345,15,9,24,1277.4122499999999,-715.7215000000001,62.5,1.07,3.0,289.9,72.0,402.6
N_AL_BESS_RN,2026-07-16,0.5,-8.2,-1.8705000000000003,-30.329750000000008,-32.200250000000004,18.163333333333334,29.588437499999998,-11.425104166666666,2,18,20,27.620499999999996,-59.820750000000004,10.0,4.16,9.9,8.7,237.60000000000002,3.7
N_MRD_ESR_RN,2026-07-16,0.7000000000000001,-5.2,-3.5860000000000016,-63.78275000000001,-67.36875,18.184583333333332,28.564062500000002,-10.379479166666668,2,18,20,1.8549999999999998,-69.22375000000001,10.0,0.24,9.9,5.9,237.60000000000002,2.5
ODESW_RN,2026-07-16,3.1,-159.1,10.501000000000001,1132.7955,1143.2965,30.800416666666667,30.651770833333334,0.14864583333333314,15,9,24,1159.3695,-16.073,62.5,43.28,10.0,162.2,240.0,67.6
OLMITO_RN,2026-07-16,0.2,-29.0,0.913,92.28325,93.19624999999999,5.4775,5.318333333333333,0.15916666666666654,11,6,17,130.5545,-37.35825,64.7,1.91,0.0,29.2,0.0,0.0
OLNEYTN_RN,2026-07-16,36.0,-20.6,1061.6575,216.927,1278.5845,29.6675,16.004375,13.663124999999999,12,3,15,1288.45625,-9.87175,80.0,32.63,9.9,56.6,237.60000000000002,23.8
OR_BESS_RN,2026-07-16,3.6,-1.1,-21.433500000000002,-4.790499999999997,-26.224,27.170416666666668,33.27708333333333,-6.1066666666666665,7,15,22,3.95925,-30.18325,31.8,0.28,9.9,4.7,237.60000000000002,2.0
PAD1_ESS_RN,2026-07-16,1.4000000000000001,-2.4000000000000004,2.6710000000000003,2.352499999999999,5.023499999999999,26.187083333333334,26.97520833333333,-0.7881250000000001,13,4,17,8.54925,-3.5257500000000004,76.5,0.75,50.0,3.8000000000000007,1200.0,0.3
PAD2_ESS_RN,2026-07-16,0.0,-1.0,0.0,3.4250000000000007,3.4250000000000007,3.7779166666666666,3.8548958333333334,-0.07697916666666667,1,0,1,3.4250000000000007,0.0,100.0,99.99,150.0,1.0,3600.0,0.0
PALACIOS_RN,2026-07-16,130.6,-8.6,-210.90850000000003,18.551250000000003,-192.35725000000002,24.58791666666667,23.467916666666667,1.12,12,12,24,203.019,-395.37624999999997,50.0,0.51,9.0,139.2,216.0,64.4
PALE_ESS_EN,2026-07-16,0.0,-27.5,0.0,-100.81624999999997,-100.81624999999997,4.236666666666667,6.485625,-2.248958333333333,1,5,6,5.197500000000012,-106.01374999999999,16.7,0.25,200.0,27.5,4800.0,0.6
PAULN_RN,2026-07-16,2.9000000000000004,-1.8000000000000003,-10.3505,-11.45625,-21.80675,27.23625,31.911666666666665,-4.675416666666667,6,17,23,4.129250000000001,-25.936000000000003,26.1,0.45,9.9,4.700000000000001,237.60000000000002,2.0
PAVLOV_BT_RN,2026-07-16,1.9000000000000001,-14.8,2.0332499999999984,-29.49225000000002,-27.45900000000002,24.697916666666668,23.730104166666667,0.9678124999999994,14,7,21,22.76075,-50.21975000000002,66.7,0.23,9.9,16.7,237.60000000000002,7.0
PAVO_ESS_ALL,2026-07-16,51.0,-100.6,-279.837,823.90775,544.07075,14.079583333333332,13.738958333333334,0.3406250000000002,13,3,16,894.7722499999998,-350.7015,81.2,0.59,87.5,151.6,2100.0,7.2
PEARSALL_RN,2026-07-16,2.0,-16.0,10.955000000000002,88.125,99.08,3.4629166666666666,2.734583333333333,0.7283333333333334,7,1,8,118.82,-19.740000000000002,87.5,0.86,9.9,18.0,237.60000000000002,7.6
PHO_ALL,2026-07-16,118.8,-27.4,403.08075,-50.175000000000026,352.90574999999995,11.874583333333334,11.449895833333334,0.42468750000000005,9,9,18,562.3292499999999,-209.42350000000002,50.0,2.69,150.0,146.2,3600.0,4.1
PINEFRST_RN,2026-07-16,40.4,-13.4,-254.76925,-63.49275000000002,-318.262,27.271666666666665,31.754375,-4.482708333333334,6,18,24,4.135749999999998,-322.39775000000003,25.0,0.04,200.0,53.8,4800.0,1.1
PIN_BESS_RN,2026-07-16,0.0,-3.0,0.0,13.360000000000001,13.360000000000001,3.14,2.6019791666666667,0.5380208333333333,2,1,3,14.889999999999999,-1.5299999999999976,66.7,4.87,175.0,3.0,4200.0,0.1
PIRATE_RN,2026-07-16,11.200000000000001,-23.0,74.2585,-15.535999999999957,58.722500000000046,22.037499999999998,22.379895833333332,-0.3423958333333334,11,8,19,95.60200000000003,-36.87949999999997,57.9,1.89,9.8,34.2,235.20000000000002,14.5
PLATINUM_RN,2026-07-16,0.0,-1.0,0.0,-0.32250000000000156,-0.32250000000000156,2.2875,2.3253125000000003,-0.0378125000000001,0,1,1,0.0,-0.32250000000000156,0.0,0.0,143.8,1.0,3451.2000000000003,0.0
POTEETS_RN,2026-07-16,1.8,-6.9,4.953000000000001,-76.81374999999997,-71.86074999999998,28.299583333333334,27.48645833333333,0.8131250000000003,15,3,18,13.579,-85.43974999999999,83.3,0.03,9.9,8.700000000000001,237.60000000000002,3.7
POTSVIL_RN,2026-07-16,348.2,-139.0,-369.87574999999975,-136.85649999999998,-506.7322499999997,30.18041666666667,30.93041666666667,-0.7499999999999996,10,14,24,626.4495000000002,-1133.1817499999997,41.7,0.77,9.9,487.2,237.60000000000002,205.1
PRCRK_RN,2026-07-16,3.0,-1.5,-11.864250000000002,-7.791999999999998,-19.65625,27.309583333333336,31.80677083333333,-4.4971875,6,16,22,4.1087500000000015,-23.765,27.3,0.46,9.9,4.5,237.60000000000002,1.9
PTLBES_BESS1,2026-07-16,79.7,-5.0,-123.022,11.3225,-111.69950000000001,24.01125,23.628854166666667,0.3823958333333331,12,11,23,147.18,-258.8795,52.2,0.52,3.0,84.7,72.0,117.6
PYR_PYRON1,2026-07-16,661.9,-39.4,-3780.18625,-98.729,-3878.91525,26.726666666666663,31.098125,-4.371458333333334,6,18,24,472.89124999999996,-4351.8065,25.0,0.33,15.1,701.3,362.4,193.5
QUEEN_BA_RN,2026-07-16,91.10000000000001,-31.3,582.3237500000001,205.68974999999998,788.0135,31.00208333333333,29.920208333333335,1.081875,17,7,24,899.6947500000001,-111.68124999999999,70.8,3.32,50.0,122.4,1200.0,10.2
RADN_SLR_ALL,2026-07-16,82.5,-18.5,-76.50500000000005,-80.79225,-157.29725000000005,27.007500000000004,30.878020833333334,-3.8705208333333325,7,17,24,88.90674999999999,-246.20400000000006,29.2,0.88,81.9,101.0,1965.6000000000001,5.1
RBN_BESS1,2026-07-16,3.6,-6.0,-25.577,-204.041,-229.618,27.519166666666667,34.62291666666667,-7.103749999999999,7,15,22,3.9647500000000027,-233.58275,31.8,0.04,80.0,9.6,1920.0,0.5
RHESS2_ESS1,2026-07-16,33.9,-95.0,4.56124999999993,-242.51000000000002,-237.9487500000001,7.432916666666666,8.300625,-0.8677083333333336,6,8,14,63.78124999999993,-301.73,42.9,0.28,9.8,128.9,235.20000000000002,54.8
RIOG_ESR2_RN,2026-07-16,1.0,-4.2,-1.9987499999999998,-46.36375,-48.362500000000004,15.715833333333334,24.459479166666668,-8.743645833333334,3,19,22,4.2540000000000004,-52.61650000000001,13.6,0.51,7.0,5.2,168.0,3.1
RIOG_ESR_RN,2026-07-16,0.0,-6.5,0.0,-73.33125,-73.33125,12.640416666666667,19.183958333333333,-6.543541666666667,0,6,6,0.0,-73.33125,0.0,0.0,9.9,6.5,237.60000000000002,2.7
RN_BY_ESR1,2026-07-16,0.0,-1.0,0.0,-19.974999999999998,-19.974999999999998,4.432916666666666,7.3440625,-2.911145833333333,0,1,1,0.0,-19.974999999999998,0.0,0.0,0.0,1.0,0.0,0.0
RN_PAD3_ESS,2026-07-16,0.0,-1.0,0.0,3.7325,3.7325,3.17,3.5782291666666666,-0.4082291666666667,1,0,1,3.7325,0.0,100.0,99.99,200.0,1.0,4800.0,0.0
RN_QTUM_SLR,2026-07-16,552.0,0.0,-6268.82525,0.0,-6268.82525,9.10125,13.165624999999999,-4.064374999999999,0,6,6,0.0,-6268.825249999999,0.0,0.0,160.0,552.0,3840.0,14.4
RN_RHN_ESR,2026-07-16,0.0,0.0,0.0,0.0,0.0,3.1750000000000003,3.8947916666666664,-0.7197916666666667,0,0,0,0.0,0.0,0.0,0.0,200.0,0.0,4800.0,0.0
RN_SOLC_SLR,2026-07-16,577.2,-48.0,-6142.847249999999,-519.8399999999999,-6662.687249999999,10.035833333333334,13.703229166666667,-3.6673958333333325,0,11,11,0.0,-6662.687249999999,0.0,0.0,160.0,625.2,3840.0,16.3
ROSELAND_ALL,2026-07-16,83.2,-80.89999999999999,-435.525,-554.5579999999998,-990.0829999999997,26.79375,31.445104166666667,-4.651354166666667,7,16,23,8.48325,-998.5662499999997,30.4,0.02,50.0,164.1,1200.0,13.7
RPUBRDS_RN,2026-07-16,3.9000000000000004,-9.9,-19.34775,-102.367,-121.71475000000001,27.587500000000002,32.32125,-4.73375,7,16,23,4.1085,-125.82325,30.4,0.07,39.5,13.8,948.0,1.5
RRANCHES_ALL,2026-07-16,74.1,-534.6,-489.01050000000015,1616.7140000000006,1127.7035000000005,30.918333333333333,30.528854166666665,0.38947916666666726,15,9,24,2554.683250000001,-1426.9797500000004,62.5,1.07,150.0,608.7,3600.0,16.9
RRC_WIND_ALL,2026-07-16,88.6,-3.1,-587.9105,-24.366,-612.2765,26.825,31.383750000000003,-4.558750000000001,6,17,23,53.45149999999999,-665.7280000000001,26.1,0.23,75.0,91.69999999999999,1800.0,5.1
RTLSNAKE_BT,2026-07-16,0.0,-4.0,0.0,16.835000000000008,16.835000000000008,3.7329166666666667,3.9779166666666668,-0.2449999999999998,2,0,2,16.835000000000008,0.0,100.0,99.99,9.9,4.0,237.60000000000002,1.7
RUSSEKST_RN,2026-07-16,207.9,-270.3,3074.4047499999997,1500.9277499999998,4575.3324999999995,41.71791666666667,31.597604166666667,10.120312499999999,19,5,24,5096.990249999999,-521.6577500000003,79.2,2.57,9.9,478.20000000000005,237.60000000000002,201.3
RVN_RN,2026-07-16,0.0,0.0,0.0,0.0,0.0,29.565,26.61375,2.9512500000000017,0,0,0,0.0,0.0,0.0,0.0,0.0,0.0,0.0,0.0
RVRVLYS_ALL,2026-07-16,2.2,-10.3,0.6180000000000022,-42.21975000000001,-41.60175000000001,26.3625,28.802291666666665,-2.439791666666667,10,11,21,4.911750000000004,-46.51350000000001,47.6,0.12,50.0,12.5,1200.0,1.0
SADLBACK_RN,2026-07-16,3.1,-41.4,12.059000000000005,281.75749999999994,293.81649999999996,30.869583333333335,30.487604166666667,0.3819791666666668,11,9,20,311.1264999999999,-17.31,55.0,14.71,9.9,44.5,237.60000000000002,18.7
SAH_RN,2026-07-16,0.0,0.0,0.0,0.0,0.0,1.0933333333333333,1.1878125,-0.09447916666666674,0,0,0,0.0,0.0,0.0,0.0,200.0,0.0,4800.0,0.0
SANDLAKE_RN,2026-07-16,1.1,-11.5,-0.07174999999999909,-56.08324999999999,-56.15499999999999,30.833333333333332,30.523854166666666,0.30947916666666747,9,9,18,14.874500000000003,-71.02949999999998,50.0,0.21,9.9,12.6,237.60000000000002,5.3
SBEAN_BESS,2026-07-16,1.0,-2.2,-0.7044999999999988,-10.621,-11.3255,30.82375,30.553124999999998,0.27062500000000006,7,9,16,4.523500000000002,-15.849000000000002,43.8,0.37,9.9,3.2,237.60000000000002,1.3
SEVNF_ES_RN,2026-07-16,107.3,-19.0,-186.86874999999986,54.55749999999999,-132.31124999999992,7.800833333333333,11.832083333333335,-4.031249999999999,6,12,18,1180.6755,-1312.98675,33.3,1.8,100.0,126.3,2400.0,5.3
SGSA_DGR,2026-07-16,13.9,-4.0,-44.58425,16.39,-28.194249999999997,6.372916666666666,6.100937500000001,0.2719791666666665,1,1,2,16.39,-44.58425,50.0,0.37,9.9,17.9,237.60000000000002,7.5
SG_BES_BESS1,2026-07-16,426.2,-368.0,146.0125000000007,1790.9689999999998,1936.9815000000006,31.208333333333332,30.200208333333332,1.008125,17,7,24,3577.9467499999996,-1640.9652499999993,70.8,0.9,100.0,794.2,2400.0,33.1
SHAMROCK_RN,2026-07-16,2444.9,-42.0,-3955.3397499999983,-84.27275000000002,-4039.6124999999984,29.72083333333333,29.233958333333334,0.4868750000000002,15,9,24,6941.3324999999995,-10980.944999999998,62.5,0.38,99.3,2486.9,2383.2,104.4
SHEEPCRK_1,2026-07-16,286.3,-2.0,-1062.52375,-12.497500000000002,-1075.02125,26.825,31.383750000000003,-4.558750000000001,6,18,24,283.5394999999999,-1358.56075,25.0,0.63,130.0,288.3,3120.0,9.2
SLCN_ESS_ALL,2026-07-16,124.9,-5.5,-12.31549999999995,-37.219,-49.53449999999996,26.295416666666668,28.511770833333333,-2.216354166666666,11,12,23,51.935,-101.46949999999995,47.8,0.56,50.0,130.4,1200.0,10.9
SLK_BESS_RN,2026-07-16,0.0,0.0,0.0,0.0,0.0,2.6341666666666668,2.452083333333333,0.18208333333333324,0,0,0,0.0,0.0,0.0,0.0,200.0,0.0,4800.0,0.0
SMTH_ESS_RN,2026-07-16,3.0,-1.6,-11.887750000000002,-7.382000000000001,-19.269750000000002,27.283749999999998,31.79479166666667,-4.511041666666666,6,17,23,4.124500000000001,-23.39425,26.1,0.5,93.0,4.6,2232.0,0.2
SNY_BESS_RN,2026-07-16,61.400000000000006,-49.800000000000004,251.00775000000004,-59.31550000000001,191.69225000000003,28.749583333333334,31.0734375,-2.3238541666666666,10,11,21,345.82875,-154.1365,47.6,2.47,9.9,111.20000000000002,237.60000000000002,46.8
SPTX12B_RN,2026-07-16,282.4,-165.6,-1010.4019999999998,1490.163,479.761,26.645416666666666,26.5034375,0.14197916666666663,15,5,20,1982.3115,-1502.5504999999998,75.0,0.44,22.1,448.0,530.4000000000001,84.5
SP_RN,2026-07-16,4.1000000000000005,-31.0,-38.50475000000001,-72.88424999999998,-111.38899999999998,27.94666666666667,35.25114583333333,-7.304479166666667,7,16,23,10.355750000000008,-121.74474999999998,30.4,0.19,9.9,35.1,237.60000000000002,14.8
SROSA_ESR_RN,2026-07-16,0.7000000000000001,-19.1,3.849500000000001,-13.664250000000001,-9.81475,16.64375,20.324791666666666,-3.6810416666666668,9,13,22,36.26200000000001,-46.076750000000004,40.9,1.14,9.9,19.8,237.60000000000002,8.3
STADIUM_RN,2026-07-16,0.0,-3.0,0.0,-2.2550000000000043,-2.2550000000000043,4.8225,4.442708333333333,0.37979166666666647,1,2,3,2.504999999999999,-4.760000000000003,33.3,1.05,9.9,3.0,237.60000000000002,1.3
STAM_SLR_ALL,2026-07-16,39.5,-12.1,-237.2925,-55.56050000000002,-292.853,13.003749999999998,17.168958333333332,-4.165208333333333,1,17,18,0.31925000000000026,-293.17225,5.6,0.02,70.0,51.6,1680.0,3.1
STRG_SLR_ALL,2026-07-16,24.3,-38.1,-114.46025,-448.25649999999996,-562.7167499999999,26.322083333333335,29.257604166666667,-2.9355208333333334,9,14,23,8.901499999999995,-571.6182499999999,39.1,0.02,100.0,62.400000000000006,2400.0,2.6
SUNVASLR_ALL,2026-07-16,164.0,-28.7,-996.7529999999999,-188.78274999999996,-1185.53575,26.703333333333333,31.438437500000003,-4.735104166666667,6,18,24,10.939499999999999,-1196.47525,25.0,0.03,53.3,192.7,1279.1999999999998,15.1
SWOOSE1_U1,2026-07-16,8.3,-6.8,16.355500000000006,-9.383,6.972500000000006,30.909166666666668,30.556979166666665,0.3521875000000006,10,9,19,39.97425,-33.001749999999994,52.6,1.09,9.9,15.100000000000001,237.60000000000002,6.4
SWOOSEII_RN,2026-07-16,18.7,-75.8,-126.84849999999996,552.3784999999999,425.53,12.924583333333333,11.499166666666667,1.4254166666666668,9,2,11,552.3784999999999,-126.84849999999996,81.8,0.97,100.0,94.5,2400.0,3.9
SWT_BESS_RN,2026-07-16,6.000000000000001,-47.9,-13.546750000000007,-209.462,-223.00875000000002,28.99625,31.071250000000003,-2.075,9,12,21,60.06324999999998,-283.072,42.9,0.28,9.9,53.9,237.60000000000002,22.7
TANZ_ESS_RN,2026-07-16,0.0,-4.0,0.0,-45.4975,-45.4975,5.3675,7.018229166666667,-1.6507291666666666,1,3,4,1.509999999999998,-47.00749999999999,25.0,0.1,0.0,4.0,0.0,0.0
TBWF_ES_BES1,2026-07-16,43.5,-87.0,-237.57524999999995,701.5049999999999,463.9297499999999,21.333333333333332,20.899791666666665,0.43354166666666655,13,3,16,755.8784999999999,-291.94874999999996,81.2,0.6,150.0,130.5,3600.0,3.6
TDWLPR_1_RN,2026-07-16,2.7,-2.7,-5.907000000000002,-30.797499999999992,-36.704499999999996,26.933333333333334,31.929270833333334,-4.9959375,7,15,22,4.111750000000001,-40.81625,31.8,0.22,100.0,5.4,2400.0,0.2
TNFS_RN,2026-07-16,0.0,0.0,0.0,0.0,0.0,4.3012500000000005,3.8861458333333334,0.4151041666666668,0,0,0,0.0,0.0,0.0,0.0,9.9,0.0,237.60000000000002,0.0
TORR_ALL,2026-07-16,910.9,-278.9,-2655.91675,-2926.826,-5582.742749999999,10.045,14.798229166666665,-4.753229166666666,10,14,24,3804.3145,-9387.057249999998,41.7,0.57,0.0,1189.8,0.0,0.0
TORT_ESS_RN,2026-07-16,0.0,-2.0,0.0,-10.18,-10.18,3.442083333333333,4.236979166666667,-0.7948958333333332,1,1,2,2.240000000000002,-12.420000000000002,50.0,0.18,48.3,2.0,1159.1999999999998,0.2
TOYAH_RN,2026-07-16,0.0,-8.0,0.0,45.739999999999995,45.739999999999995,6.720833333333334,5.814166666666666,0.9066666666666666,2,0,2,45.739999999999995,0.0,100.0,99.99,9.9,8.0,237.60000000000002,3.4
TRIPBUT1_RN,2026-07-16,8.6,-15.9,20.192750000000007,13.465750000000025,33.65850000000003,31.096666666666668,30.237604166666667,0.8590625000000003,13,8,21,70.07075000000002,-36.412249999999986,61.9,1.18,7.5,24.5,180.0,13.6
TSECA_ES_RN,2026-07-16,41.9,0.0,-995.628,0.0,-995.628,8.800833333333333,11.573333333333332,-2.7725000000000004,1,3,4,12.887499999999996,-1008.5155000000001,25.0,0.04,100.0,41.9,2400.0,1.7
TURQ_BESS1,2026-07-16,2.9000000000000004,-16.6,-10.060750000000002,-27.80024999999998,-37.86099999999998,27.30541666666667,31.790520833333332,-4.485104166666667,6,16,22,25.83025,-63.69124999999998,27.3,1.08,186.0,19.5,4464.0,0.4
TV_RN,2026-07-16,4.0,-0.8,-33.422000000000004,-1.6070000000000015,-35.029,28.23625,35.92489583333333,-7.688645833333335,7,15,22,3.951000000000001,-38.980000000000004,31.8,0.22,9.8,4.8,235.20000000000002,2.0
TYNAN_RN,2026-07-16,1.0,-3.2,-1.1490000000000002,-0.1702499999999989,-1.3192499999999991,21.781666666666666,23.528645833333332,-1.7469791666666665,10,9,19,8.17975,-9.498999999999999,52.6,0.78,9.9,4.2,237.60000000000002,1.8
UTOPIA_RN,2026-07-16,20.0,-20.0,40.97500000000011,73.73500000000001,114.71000000000012,4.752083333333334,4.758229166666666,-0.006145833333332777,2,2,4,144.97000000000006,-30.25999999999994,50.0,4.79,9.0,40.0,216.0,18.5
VERT_ESS_RN,2026-07-16,0.0,-1.0,0.0,-6.790000000000003,-6.790000000000003,4.458333333333333,5.475104166666667,-1.0167708333333334,0,1,1,0.0,-6.790000000000003,0.0,0.0,200.0,1.0,4800.0,0.0
VORT_ALL_RN,2026-07-16,900.0,-60.6,-5295.326499999999,-98.21274999999991,-5393.539249999999,26.979583333333334,31.355833333333333,-4.37625,6,18,24,624.0497500000001,-6017.589,25.0,0.31,121.8,960.6,2923.2,32.9
WAL_RN,2026-07-16,2.6,-15.3,-8.176499999999997,-237.732,-245.9085,26.9375,32.26510416666667,-5.327604166666666,7,13,20,3.9982500000000005,-249.90675,35.0,0.03,200.0,17.900000000000002,4800.0,0.4
WFTANK_ESS1,2026-07-16,20.3,-143.1,43.66550000000002,-1145.2900000000002,-1101.6245000000001,11.785416666666668,17.431979166666668,-5.646562500000001,6,18,24,204.81175000000002,-1306.4362500000002,25.0,0.47,150.0,163.4,3600.0,4.5
WIG_BESS_RN,2026-07-16,3.0,-28.1,-11.891000000000002,-112.69525000000004,-124.58625000000005,27.28833333333333,31.7946875,-4.506354166666667,6,18,24,4.124749999999999,-128.71100000000004,25.0,0.1,120.0,31.1,2880.0,1.1
WLTC_ESR_RN,2026-07-16,0.0,-5.0,0.0,-5.6675,-5.6675,2.8312500000000003,3.165625,-0.3343750000000001,1,1,2,1.4124999999999979,-7.079999999999998,50.0,0.2,9.9,5.0,237.60000000000002,2.1
WOV_BESS_RN,2026-07-16,1.1,-75.3,-0.055499999999999994,534.1670000000001,534.1115000000001,30.792916666666667,30.657187500000003,0.13572916666666682,14,9,23,559.5490000000002,-25.43750000000001,60.9,14.14,7.0,76.39999999999999,168.0,45.5
WRSBES_BESS1,2026-07-16,0.0,-32.0,0.0,-245.00250000000003,-245.00250000000003,3.690416666666667,3.242395833333333,0.44802083333333337,2,6,8,11.110000000000003,-256.1125,25.0,0.13,9.7,32.0,232.79999999999998,13.7
WR_RN,2026-07-16,2.6,-2.8000000000000003,-3.0475000000000003,-26.351499999999994,-29.398999999999994,26.604166666666668,31.14135416666667,-4.5371875,8,12,20,3.9549999999999996,-33.354,40.0,0.18,9.9,5.4,237.60000000000002,2.3
WZRD_ESS_RN,2026-07-16,0.0,0.0,0.0,0.0,0.0,3.2879166666666664,4.245625,-0.9577083333333333,0,0,0,0.0,0.0,0.0,0.0,0.0,0.0,0.0,0.0
W_HRL_ESR_RN,2026-07-16,0.6000000000000001,-5.8,4.548000000000001,-17.712000000000003,-13.164000000000003,16.298750000000002,19.481145833333333,-3.182395833333333,10,11,21,17.079,-30.243,47.6,0.62,9.9,6.4,237.60000000000002,2.7
X443ESRN,2026-07-16,8.2,-16.7,31.383,-5.278250000000003,26.104749999999996,26.187083333333334,26.939166666666665,-0.7520833333333335,14,8,22,62.27175,-36.167,63.6,0.98,10.0,24.9,240.0,10.4
Z0_DGR2_RN,2026-07-16,0.0,-3.0,0.0,-3.0224999999999973,-3.0224999999999973,4.225416666666667,4.295729166666667,-0.07031249999999985,2,1,3,5.612500000000001,-8.634999999999998,66.7,0.32,9.9,3.0,237.60000000000002,1.3
ZIER_SLR_ALL,2026-07-16,254.7,-358.5,1375.31075,1556.2537500000003,2931.5645000000004,37.53666666666667,33.25395833333334,4.282708333333334,18,6,24,5340.829250000001,-2409.26475,75.0,0.74,39.0,613.2,936.0,65.5
ABINDUST_RN,2026-07-17,3.0,-18.7,0.7149999999999999,-47.78275,-47.067750000000004,24.839583333333334,21.937083333333334,2.9025,14,8,22,20.715750000000003,-67.7835,63.6,0.17,9.9,21.7,237.60000000000002,9.1
ADL_RN,2026-07-17,22.8,-19.9,-73.04899999999999,-10.64850000000001,-83.69749999999999,16.039583333333333,17.281770833333333,-1.2421874999999996,4,9,13,14.354499999999996,-98.052,30.8,0.33,60.0,42.7,1440.0,3.0
AE_RN,2026-07-17,4.0,-226.5,2.8655000000000035,433.7875000000002,436.6530000000002,25.59166666666667,24.8246875,0.7669791666666673,20,4,24,464.6635000000003,-28.010500000000025,83.3,3.32,9.9,230.5,237.60000000000002,97.0
ALAMO_ST_RN,2026-07-17,0.0,-8.0,0.0,4.32,4.32,2.733333333333333,2.2209375,0.5123958333333335,3,1,4,8.145000000000003,-3.825000000000003,75.0,0.71,9.9,8.0,237.60000000000002,3.4
ALP_BESS_RN,2026-07-17,79.7,-73.6,89.90325000000004,60.11549999999997,150.01875000000007,25.269583333333333,21.46864583333333,3.8009375,18,6,24,352.90399999999994,-202.8852499999999,75.0,0.58,100.3,153.3,2407.2,6.4
ALVIN_RN,2026-07-17,4.1000000000000005,-13.0,-9.72375,-22.5435,-32.267250000000004,26.582083333333333,28.428229166666668,-1.8461458333333336,9,13,22,14.574499999999997,-46.84175,40.9,0.45,7.5,17.1,180.0,9.5
AMAD_ESS_RN,2026-07-17,4.0,-22.2,7.460000000000001,0.3839999999999817,7.843999999999983,7.1379166666666665,8.0053125,-0.8673958333333333,6,6,12,19.986499999999992,-12.142500000000009,50.0,1.65,0.0,26.2,0.0,0.0
ANCHOR_ALL,2026-07-17,710.7,-57.6,2240.7225,179.34449999999998,2420.067,23.92958333333333,22.235625,1.693958333333333,14,10,24,2765.9224999999997,-345.85550000000006,58.3,5.71,36.3,768.3000000000001,871.1999999999999,88.2
ANDMDSLR_ALL,2026-07-17,59.3,-37.3,322.7455,33.01300000000006,355.7585,24.02125,21.94333333333333,2.0779166666666673,14,5,19,492.70000000000005,-136.94149999999996,73.7,1.28,81.9,96.6,1965.6000000000001,4.9
ANEM_ESS_RN,2026-07-17,20.5,-4.800000000000001,93.64725000000001,43.87050000000001,137.51775000000004,14.901666666666666,6.9089583333333335,7.992708333333334,21,2,23,138.85425000000004,-1.3364999999999998,91.3,9.89,200.0,25.3,4800.0,0.5
ANG_ALL,2026-07-17,1400.9,-22.299999999999997,10767.429250000001,68.44174999999998,10835.871000000001,24.261666666666667,21.671666666666667,2.5900000000000003,16,8,24,10929.422250000001,-93.55124999999997,66.7,58.41,100.0,1423.2,2400.0,59.3
ANOL_ESS_RN,2026-07-17,5.4,-6.7,-1.7972500000000005,26.123,24.325750000000003,25.559583333333332,25.997708333333332,-0.43812499999999993,14,10,24,31.584750000000003,-7.2589999999999995,58.3,3.11,240.0,12.100000000000001,5760.0,0.2
ANTL_ESS_ES1,2026-07-17,5.1000000000000005,-122.9,37.23875,200.8264999999999,238.0652499999999,27.53125,26.7675,0.7637499999999999,12,12,24,553.5070000000001,-315.44175000000007,50.0,1.75,70.0,128.0,1680.0,7.6
APPLE_ESR_RN,2026-07-17,12.0,-11.0,110.3275,-24.015,86.3125,13.948333333333332,9.421145833333334,4.5271875,13,4,17,137.465,-51.1525,76.5,0.83,0.0,23.0,0.0,0.0
ARY_BESS_RN,2026-07-17,9.0,-11.5,92.91,62.085,154.995,3.9608333333333334,0.4140625,3.5467708333333334,8,1,9,156.53875,-1.5437499999999993,88.9,12.68,180.0,20.5,4320.0,0.5
AVIL_ESS_RN,2026-07-17,2.0,-22.1,5.724000000000002,23.72825000000001,29.45225000000001,24.504166666666666,18.059791666666666,6.444375,19,5,24,49.08475000000001,-19.632499999999997,79.2,0.66,160.0,24.1,3840.0,0.6
AZURE_RN,2026-07-17,30.5,-40.5,223.714,-64.8545,158.85950000000003,24.140416666666667,22.04895833333333,2.091458333333334,14,7,21,293.79600000000005,-134.93650000000002,66.7,1.09,77.6,71.0,1862.3999999999999,3.8
BATCAVE_RN,2026-07-17,17.8,-344.8,1.0559999999999903,1726.4867499999998,1727.5427499999998,28.204583333333332,23.21375,4.990833333333333,18,6,24,1801.3854999999999,-73.84275000000001,75.0,8.13,97.3,362.6,2335.2,15.5
BAYC_BESS_RN,2026-07-17,4.2,-31.2,20.977500000000003,130.03525000000002,151.01275,23.9875,18.646979166666668,5.340520833333334,20,3,23,155.39800000000002,-4.385249999999995,87.0,5.32,9.9,35.4,237.60000000000002,14.9
BCK_RN,2026-07-17,1857.9,-357.0,21391.41,1693.1700000000003,23084.58,22.8225,17.796666666666667,5.025833333333334,19,3,22,23093.7895,-9.209500000000052,86.4,395.94,126.5,2214.9,3036.0,73.0
BCNV2_ES_RN,2026-07-17,0.0,-1.0,0.0,2.0124999999999993,2.0124999999999993,1.0520833333333333,0.9682291666666667,0.08385416666666663,1,0,1,2.0124999999999993,0.0,100.0,99.99,150.0,1.0,3600.0,0.0
BCNV_RN,2026-07-17,0.0,0.0,0.0,0.0,0.0,1.9266666666666665,1.8870833333333332,0.039583333333333304,0,0,0,0.0,0.0,0.0,0.0,150.0,0.0,3600.0,0.0
BEXAR_ES_RN,2026-07-17,1202.8,-101.3,-118.88575000000037,691.889,573.0032499999998,24.629166666666666,19.225104166666668,5.404062499999999,19,4,23,3109.3037499999996,-2536.3005,82.6,0.26,100.0,1304.1,2400.0,54.3
BIGSTAR_ALL,2026-07-17,32.8,-1.1,250.30374999999998,7.45075,257.7545,24.75375,21.141354166666666,3.612395833333333,19,3,22,262.60474999999997,-4.850250000000001,86.4,8.55,80.0,33.9,1920.0,1.8
BKBN_RN,2026-07-17,0.0,0.0,0.0,0.0,0.0,22.47,10.4775,11.9925,0,0,0,0.0,0.0,0.0,0.0,121.0,0.0,2904.0,0.0
BKSL_RN,2026-07-17,2.2,-20.7,-4.000999999999998,8.98275,4.98175,23.986666666666668,21.964166666666667,2.0225000000000004,13,6,19,25.775749999999995,-20.793999999999997,68.4,0.57,100.0,22.9,2400.0,1.0
BLACKSPR_RN,2026-07-17,18.0,-9.0,205.54749999999999,-0.10499999999999687,205.4425,7.379166666666666,4.89,2.4891666666666663,6,2,8,207.92749999999998,-2.4849999999999994,75.0,27.89,120.0,27.0,2880.0,0.9
BLSMT1_5_A_6,2026-07-17,159.9,-81.8,-443.1325000000003,180.83149999999995,-262.3010000000004,24.192916666666665,22.07947916666667,2.1134375,15,9,24,822.325,-1084.6260000000004,62.5,0.45,150.0,241.7,3600.0,6.7
BLUEJAY_RN,2026-07-17,330.7,-13.5,-178.59100000000018,7.710749999999976,-170.88025000000022,25.97,27.187187499999997,-1.2171874999999999,12,12,24,169.31099999999986,-340.1912500000001,50.0,0.5,50.0,344.2,1200.0,28.7
BLVN_RN,2026-07-17,921.9,-1.3,1813.4710000000002,2.2367499999999993,1815.7077500000003,24.243333333333336,24.280312499999997,-0.03697916666666664,16,8,24,2137.4490000000005,-321.74124999999987,66.7,3.32,180.0,923.1999999999999,4320.0,21.4
BOCO_ESS_RN,2026-07-17,37.2,-17.5,583.0039999999999,-88.01324999999999,494.99075,24.48625,21.62697916666667,2.8592708333333334,16,8,24,605.5109999999999,-110.52024999999999,66.7,2.74,150.0,54.7,3600.0,1.5
BRHEIGHT_RN,2026-07-17,13.1,-13.0,-5.31800000000001,-11.24999999999999,-16.567999999999998,9.77125,9.794166666666667,-0.02291666666666699,6,6,12,22.57575,-39.14375,50.0,0.58,10.0,26.1,240.0,10.9
BRPANGLE_RN,2026-07-17,2.0,0.0,0.9350000000000023,0.0,0.9350000000000023,7.329166666666667,7.144895833333333,0.18427083333333347,1,1,2,1.4575000000000031,-0.5225000000000009,50.0,2.79,10.0,2.0,240.0,0.8
BRPMAGNO_RN,2026-07-17,39.699999999999996,-36.0,-89.0052499999999,-4.336499999999976,-93.34174999999989,27.285416666666666,28.51572916666667,-1.2303124999999997,14,10,24,27.052500000000013,-120.39424999999989,58.3,0.16,7.5,75.69999999999999,180.0,42.1
BRP_BRAZ_RN,2026-07-17,4.0,-0.5,1.2570000000000023,0.27924999999999967,1.5362500000000017,25.852500000000003,25.417916666666667,0.4345833333333336,17,5,22,6.894500000000002,-5.35825,77.3,0.38,10.0,4.5,240.0,1.9
BRP_DIKN_RN,2026-07-17,34.5,-5.0,22.875250000000044,6.0465,28.921750000000042,27.4725,28.548125,-1.0756249999999998,13,10,23,38.62500000000004,-9.70325,56.5,3.06,10.0,39.5,240.0,16.5
BRP_LOOP_RN,2026-07-17,0.0,0.0,0.0,0.0,0.0,2.223333333333333,2.7466666666666666,-0.5233333333333335,0,0,0,0.0,0.0,0.0,0.0,10.0,0.0,240.0,0.0
BRP_LOP1_RN,2026-07-17,16.4,-8.0,189.58,64.28999999999999,253.87,4.0249999999999995,1.2697916666666667,2.7552083333333335,6,0,6,253.87,0.0,100.0,99.99,10.0,24.4,240.0,10.2
BRP_PBL1_RN,2026-07-17,159.1,-15.0,-1694.7747499999998,-160.71749999999997,-1855.49225,10.235416666666667,13.373125,-3.137708333333333,2,8,10,218.24349999999998,-2073.73575,20.0,0.42,10.0,174.1,240.0,72.5
BRP_PBL2_RN,2026-07-17,13.0,-63.0,-167.0275,-331.69749999999993,-498.7249999999999,9.504166666666666,11.777499999999998,-2.2733333333333334,7,14,21,296.915,-795.6399999999999,33.3,0.75,10.0,76.0,240.0,31.7
BRP_RN_UNIT1,2026-07-17,8.8,-1.3,81.81075,11.128000000000002,92.93875,24.778333333333332,20.9865625,3.791770833333333,17,2,19,97.94874999999999,-5.01,89.5,2.3,10.0,10.100000000000001,240.0,4.2
BRP_SWNY_RN,2026-07-17,0.0,-9.0,0.0,8.16749999999999,8.16749999999999,2.9304166666666664,2.7237500000000003,0.20666666666666686,1,0,1,8.16749999999999,0.0,100.0,99.99,10.0,9.0,240.0,3.8
BRP_ZPT1_RN,2026-07-17,0.0,-8.0,0.0,110.06,110.06,2.12625,0.9870833333333334,1.1391666666666667,5,0,5,110.06,0.0,100.0,99.99,10.0,8.0,240.0,3.3
BRP_ZPT2_RN,2026-07-17,69.2,-6.000000000000001,1559.079,97.587,1656.666,17.55125,3.8453125,13.7059375,22,0,22,1656.6660000000002,0.0,100.0,99.99,7.5,75.2,180.0,41.8
BR_ARROW_ALL,2026-07-17,45.0,-3.5,61.5695,1.3772500000000059,62.94675000000001,25.473333333333333,25.69875,-0.22541666666666652,12,11,23,87.42025000000002,-24.473499999999994,52.2,3.27,51.7,48.5,1240.8000000000002,3.9
BSS_U1,2026-07-17,21.1,-37.6,35.309000000000005,50.545,85.85400000000001,26.18166666666667,25.417916666666667,0.7637500000000003,19,3,22,96.568,-10.713999999999999,86.4,1.42,9.9,58.7,237.60000000000002,24.7
BUDA_RN,2026-07-17,0.0,0.0,0.0,0.0,0.0,1.06375,1.0623958333333332,0.0013541666666667673,0,0,0,0.0,0.0,0.0,0.0,9.9,0.0,237.60000000000002,0.0
BYP_RN,2026-07-17,0.0,-26.0,0.0,-165.89125,-165.89125,2.3274999999999997,2.8866666666666667,-0.5591666666666669,3,2,5,10.062499999999996,-175.95375,60.0,0.04,200.0,26.0,4800.0,0.5
BYRDR_ES_ALL,2026-07-17,0.0,0.0,0.0,0.0,0.0,5.2075,4.8566666666666665,0.3508333333333333,0,0,0,0.0,0.0,0.0,0.0,50.0,0.0,1200.0,0.0
C5_RN,2026-07-17,1.0,0.0,-0.8800000000000026,0.0,-0.8800000000000026,3.8525000000000005,3.8411458333333335,0.011354166666666554,0,1,1,0.0,-0.8800000000000026,0.0,0.0,0.0,1.0,0.0,0.0
CACH_ESS_RN,2026-07-17,3.5,-1.1,10.688250000000002,7.941249999999999,18.6295,24.949583333333333,21.226979166666666,3.7226041666666667,19,3,22,23.49875,-4.869250000000001,86.4,0.76,200.0,4.6,4800.0,0.1
CAMWIND_RN,2026-07-17,247.8,-120.0,2488.23175,851.67625,3339.9080000000004,18.420833333333334,10.15625,8.264583333333333,22,2,24,3390.924,-51.01600000000002,91.7,6.04,16.4,367.8,393.59999999999997,93.4
CARA_ESS_RN,2026-07-17,0.0,-1.0,0.0,8.120000000000001,8.120000000000001,2.924166666666667,1.7914583333333332,1.1327083333333334,1,0,1,8.120000000000001,0.0,100.0,99.99,98.3,1.0,2359.2,0.0
CARN_ESS_RN,2026-07-17,2.0,-2.7,6.711,28.857250000000004,35.568250000000006,21.4375,14.387083333333335,7.050416666666667,19,2,21,37.92575,-2.3575000000000004,90.5,1.69,150.0,4.7,3600.0,0.1
CARRIZO_ESR1,2026-07-17,57.5,-20.1,-840.8014999999999,-251.30625,-1092.10775,32.29541666666667,44.226145833333334,-11.930729166666667,9,15,24,254.16474999999997,-1346.2724999999998,37.5,0.31,9.8,77.6,235.20000000000002,33.0
CARTWHL_RN,2026-07-17,0.0,-1.0,0.0,1.2900000000000027,1.2900000000000027,4.1570833333333335,4.176666666666667,-0.019583333333333137,1,0,1,1.2900000000000027,0.0,100.0,99.99,150.0,1.0,3600.0,0.0
CASL_GAP_UN1,2026-07-17,133.6,-56.7,1448.49225,-80.64125000000004,1367.8509999999999,24.31958333333333,19.665937500000002,4.653645833333333,17,7,24,1526.5377500000002,-158.68675000000005,70.8,3.96,3.9,190.3,93.6,203.3
CAST_ESS_RN,2026-07-17,4.0,-22.0,14.205000000000002,19.628750000000004,33.83375000000001,7.852916666666666,8.252291666666666,-0.3993749999999998,9,1,10,35.68625000000001,-1.8524999999999991,90.0,2.14,200.0,26.0,4800.0,0.5
CATARINA_B1,2026-07-17,23.8,-291.5,-412.6010000000001,-6371.552500000001,-6784.153500000001,33.96333333333333,48.1840625,-14.220729166666667,10,14,24,3626.1757499999994,-10410.32925,41.7,0.49,9.9,315.3,237.60000000000002,132.7
CEDRVALE_RN,2026-07-17,3.5,-74.6,-0.6007500000000023,88.88499999999999,88.28424999999999,24.772916666666664,21.1384375,3.6344791666666665,15,7,22,118.53099999999999,-30.24675000000002,68.2,1.83,9.9,78.1,237.60000000000002,32.9
CFLAT_ES_RN,2026-07-17,1.0,-4.0,6.2925,33.14,39.432500000000005,5.421666666666667,3.2921875000000003,2.1294791666666666,2,0,2,39.432500000000005,0.0,100.0,99.99,100.0,5.0,2400.0,0.2
CHIL_SLR,2026-07-17,421.9,-32.3,1131.58075,57.847500000000004,1189.4282500000002,24.409583333333334,24.046666666666667,0.3629166666666667,17,7,24,1295.0185000000004,-105.59025000000001,70.8,5.05,150.0,454.2,3600.0,12.6
CISC_RN,2026-07-17,23.1,-49.6,336.78375,19.829500000000017,356.61325,26.200833333333332,22.890416666666667,3.3104166666666663,15,9,24,431.44325000000003,-74.83000000000001,62.5,3.46,9.9,72.7,237.60000000000002,30.6
CITRUSCY_RN,2026-07-17,2.0,-3.3000000000000003,12.286999999999999,37.145250000000004,49.43225,20.430416666666666,11.400520833333333,9.029895833333333,21,2,23,50.97675000000001,-1.5445000000000007,91.3,3.14,9.9,5.300000000000001,237.60000000000002,2.2
CLO_RN,2026-07-17,4.2,-50.3,-10.017000000000003,-97.86075,-107.87774999999999,27.50208333333333,29.536666666666665,-2.0345833333333334,12,12,24,30.485000000000003,-138.36275,50.0,0.22,100.0,54.5,2400.0,2.3
CLT_RN,2026-07-17,0.0,0.0,0.0,0.0,0.0,30.95,30.6075,0.3424999999999976,0,0,0,0.0,0.0,0.0,0.0,100.0,0.0,2400.0,0.0
CNLY_ESS_RN,2026-07-17,4.0,-8.3,-0.15449999999999786,-57.91925,-58.07374999999999,25.614583333333332,24.978854166666665,0.6357291666666672,13,10,23,8.192000000000002,-66.26575,56.5,0.1,125.0,12.3,3000.0,0.4
CNTRY_RN,2026-07-17,3.6,-54.2,-0.47249999999999837,196.05800000000002,195.58550000000002,25.21166666666667,24.152291666666667,1.0593750000000004,14,9,23,205.5505,-9.964999999999993,60.9,13.26,9.8,57.800000000000004,235.20000000000002,24.6
CNTYRDS_RN,2026-07-17,0.0,-26.4,0.0,9.164500000000013,9.164500000000013,2.9295833333333334,2.1612500000000003,0.7683333333333332,5,5,10,22.189749999999997,-13.025249999999984,50.0,1.7,9.9,26.4,237.60000000000002,11.1
CONTINEN_RN,2026-07-17,29.8,-74.4,130.42075,923.6305,1054.05125,7.561666666666667,3.972291666666667,3.5893750000000004,14,1,15,1089.72625,-35.67499999999999,93.3,2.18,9.9,104.2,237.60000000000002,43.9
CORALSLR_ALL,2026-07-17,399.1,-5.7,475.83375000000007,7.319749999999998,483.15350000000007,24.506249999999998,24.915000000000003,-0.40875,15,9,24,646.773,-163.61949999999993,62.5,2.37,51.4,404.8,1233.6,32.8
CORAZON_RN,2026-07-17,595.8,-157.89999999999998,4399.07725,1264.3235,5663.40075,12.207916666666668,2.30875,9.899166666666666,24,0,24,5663.400750000001,0.0,100.0,99.99,190.0,753.6999999999999,4560.0,16.5
COYOTSPR_RN,2026-07-17,0.0,-8.1,0.0,6.423499999999999,6.423499999999999,2.34125,2.33625,0.005000000000000042,3,1,4,8.628499999999997,-2.2049999999999983,75.0,1.3,9.9,8.1,237.60000000000002,3.4
CROSSETT_ALL,2026-07-17,95.6,-84.0,16.96900000000019,-170.79,-153.8209999999998,9.850833333333334,10.93,-1.0791666666666664,7,5,12,50.02900000000021,-203.85,58.3,0.18,100.0,179.6,2400.0,7.5
CROSSTRL_RN,2026-07-17,8.200000000000001,-19.7,88.0905,136.4885,224.579,25.41875,21.690416666666668,3.7283333333333335,16,5,21,278.116,-53.537,76.2,1.62,57.0,27.9,1368.0,2.0
CR_RN,2026-07-17,4.2,-20.0,-10.764500000000002,4.234500000000024,-6.529999999999978,27.131666666666664,29.324895833333333,-2.193229166666667,8,14,22,22.54925,-29.079249999999977,36.4,1.36,9.8,24.2,235.20000000000002,10.3
CS_RN,2026-07-17,4.300000000000001,-30.200000000000003,-9.614250000000002,-63.13874999999997,-72.75299999999997,27.022499999999997,28.955520833333335,-1.9330208333333332,10,14,24,4.287500000000028,-77.04049999999998,41.7,0.08,7.0,34.5,168.0,20.5
CTW_RN,2026-07-17,61.699999999999996,-28.5,89.55774999999996,44.092249999999986,133.64999999999995,26.125833333333333,25.905208333333334,0.22062499999999977,17,5,22,166.38524999999996,-32.73525000000002,77.3,1.49,150.0,90.19999999999999,3600.0,2.5
DAN_ALL,2026-07-17,178.9,-13.3,2968.2107499999997,28.715500000000006,2996.92625,22.145,15.235833333333332,6.909166666666667,21,2,23,3005.2162500000004,-8.29,91.3,34.52,76.3,192.20000000000002,1831.1999999999998,10.5
DA_BESS,2026-07-17,5.0,-7.5,0.7345000000000015,16.029250000000005,16.763750000000005,25.852500000000003,25.417916666666667,0.4345833333333336,17,5,22,22.644500000000004,-5.880750000000001,77.3,1.13,5.0,12.5,120.0,10.4
DA_BESS2,2026-07-17,0.0,-2.5,0.0,2.137500000000001,2.137500000000001,0.0,0.0,0.0,1,0,1,2.137500000000001,0.0,100.0,99.99,9.9,2.5,237.60000000000002,1.1
DC2SES_ALL,2026-07-17,5.3,-115.7,4.9382499999999965,278.6295000000002,283.56775000000016,25.77541666666667,24.804895833333333,0.9705208333333338,15,9,24,313.4552500000001,-29.88749999999994,62.5,6.29,66.5,121.0,1596.0,7.6
DESN_ESS_RN,2026-07-17,0.0,-10.0,0.0,5.043750000000005,5.043750000000005,1.6366666666666667,1.4094791666666666,0.22718749999999996,3,1,4,5.2500000000000036,-0.20624999999999893,75.0,8.48,200.0,10.0,4800.0,0.2
DGFS_ESR_RN,2026-07-17,2.0,-10.0,4.074999999999999,19.444500000000005,23.519500000000004,24.482916666666668,18.379791666666666,6.1031249999999995,18,5,23,33.929500000000004,-10.41,78.3,0.91,75.0,12.0,1800.0,0.7
DIBOL_RN,2026-07-17,0.0,-2.3,0.0,11.229749999999996,11.229749999999996,2.0100000000000002,2.115,-0.10499999999999998,1,0,1,11.229749999999996,0.0,100.0,99.99,9.9,2.3,237.60000000000002,1.0
DKNS_ESS_RN,2026-07-17,0.0,-4.6,0.0,-3.4154999999999984,-3.4154999999999984,1.1883333333333332,1.204375,-0.016041666666666732,0,2,2,0.0,-3.4154999999999984,0.0,0.0,50.0,4.6,1200.0,0.4
DRAK_ESS_RN,2026-07-17,0.0,0.0,0.0,0.0,0.0,37.165,49.8375,-12.6725,0,0,0,0.0,0.0,0.0,0.0,150.0,0.0,3600.0,0.0
DSWL_BES1,2026-07-17,3.7,-125.2,-0.9967500000000018,186.67599999999996,185.67924999999997,25.451666666666668,25.096875,0.3547916666666664,15,8,23,204.95749999999992,-19.278249999999996,65.2,5.67,150.0,128.9,3600.0,3.6
EBNY_ESS_RN,2026-07-17,38.6,-5.8,109.48949999999984,22.440500000000004,131.92999999999984,24.722083333333334,21.0471875,3.6748958333333337,18,3,21,137.72524999999985,-5.795249999999994,85.7,3.96,200.0,44.4,4800.0,0.9
ELMCRK_RN,2026-07-17,15.0,-82.2,124.41200000000003,16.262249999999995,140.67425000000003,24.860833333333332,21.945520833333333,2.9153125000000006,15,9,24,330.6427500000001,-189.9685,62.5,1.04,9.9,97.2,237.60000000000002,40.9
ELM_ST_RN,2026-07-17,0.0,-8.3,0.0,7.1804999999999986,7.1804999999999986,3.0416666666666665,2.9571875,0.08447916666666666,3,1,4,8.815499999999997,-1.634999999999998,75.0,1.8,9.9,8.3,237.60000000000002,3.5
ELM_ST_RN2,2026-07-17,0.0,-24.0,0.0,20.794999999999995,20.794999999999995,3.394166666666667,2.8980208333333337,0.4961458333333333,6,3,9,27.419999999999995,-6.625,66.7,2.07,9.9,24.0,237.60000000000002,10.1
ELSA_ESR_RN,2026-07-17,3.7,-17.099999999999998,27.265249999999998,194.52424999999997,221.78949999999998,21.564166666666665,12.555416666666666,9.00875,19,2,21,223.34049999999996,-1.5510000000000006,90.5,15.16,9.9,20.799999999999997,237.60000000000002,8.8
ELZA_SLR_RN,2026-07-17,23.8,-1.1,43.48,1.6112500000000012,45.091249999999995,25.493333333333336,25.814270833333335,-0.3209375000000003,14,10,24,58.30000000000001,-13.208750000000006,58.3,3.15,100.0,24.900000000000002,2400.0,1.0
EMPCT_RN,2026-07-17,4.7,-5.5,-1.3204999999999978,-0.9657500000000157,-2.286250000000013,25.669583333333332,26.07677083333333,-0.4071874999999998,11,12,23,5.868000000000001,-8.154250000000015,47.8,0.79,9.9,10.2,237.60000000000002,4.3
ENDPARK_ESS1,2026-07-17,2.2,-40.0,-4.122000000000001,-17.083500000000015,-21.205500000000015,23.831666666666667,21.85229166666667,1.9793749999999999,13,11,24,33.16749999999999,-54.373000000000005,54.2,0.52,50.0,42.2,1200.0,3.5
ESCONDID_ESR,2026-07-17,76.8,-7.4,-941.5999999999998,-97.951,-1039.5509999999997,30.131666666666664,36.11364583333333,-5.981979166666665,9,15,24,205.65650000000002,-1245.2074999999998,37.5,0.28,0.0,84.2,0.0,0.0
ESTONIAN_ALL,2026-07-17,38.2,-9.1,62.173750000000005,-3.352999999999991,58.82075000000001,25.476249999999997,25.664583333333336,-0.18833333333333302,12,12,24,84.99275000000002,-26.171999999999997,50.0,3.25,101.6,47.300000000000004,2438.3999999999996,1.9
EUNICE_ALL,2026-07-17,257.8,-149.8,2050.114,-145.52425000000005,1904.5897499999999,24.88291666666667,21.141666666666666,3.7412499999999995,17,7,24,2292.9962499999997,-388.40649999999994,70.8,2.43,17.0,407.6,408.0,99.9
EVLN_ESS_RN,2026-07-17,5.4,-0.5,-5.120250000000004,0.16325,-4.957000000000004,27.580833333333334,28.564270833333335,-0.9834375000000004,12,10,22,4.309999999999999,-9.267000000000003,54.5,0.39,220.0,5.9,5280.0,0.1
E_HARRIS_RN,2026-07-17,0.0,-12.0,0.0,134.33875,134.33875,2.455416666666667,0.6084375,1.8469791666666666,6,0,6,134.33875,0.0,100.0,99.99,9.9,12.0,237.60000000000002,5.1
FALFUR_RN,2026-07-17,1.2000000000000002,-211.0,3.6704999999999997,1749.743,1753.4134999999999,18.804583333333333,10.819166666666666,7.985416666666667,22,1,23,1794.5455,-41.131999999999984,95.7,1.98,9.9,212.2,237.60000000000002,89.3
FALFUR_RN2,2026-07-17,0.0,-2.0,0.0,19.43,19.43,19.205,9.49,9.715,2,0,2,19.43,0.0,100.0,99.99,9.8,2.0,235.20000000000002,0.9
FAULKNER_RN,2026-07-17,0.0,-16.1,0.0,5.908500000000019,5.908500000000019,2.7854166666666664,2.0467708333333334,0.7386458333333331,2,3,5,11.223500000000008,-5.314999999999991,40.0,3.17,9.9,16.1,237.60000000000002,6.8
FENCESLR_ALL,2026-07-17,35.9,-9.8,65.09199999999997,12.236249999999982,77.32824999999995,25.40041666666667,25.717291666666668,-0.3168750000000002,14,10,24,95.79749999999997,-18.469250000000013,58.3,3.7,71.0,45.7,1704.0,2.7
FERD_ESS_RN,2026-07-17,1.0,-10.6,9.635000000000002,12.865000000000002,22.500000000000004,2.894166666666667,2.223333333333333,0.6708333333333337,5,1,6,23.052000000000003,-0.552000000000001,83.3,8.35,200.0,11.6,4800.0,0.2
FIVEWSLR_ALL,2026-07-17,1416.5,-5.5,3921.0020000000004,7.425500000000005,3928.4275000000007,12.174999999999999,10.948229166666666,1.2267708333333334,12,3,15,4242.978,-314.55050000000006,80.0,3.37,220.0,1422.0,5280.0,26.9
FLOWERII_RN,2026-07-17,73.8,-53.900000000000006,336.88000000000005,-188.41899999999998,148.46100000000013,24.720416666666665,20.808958333333333,3.911458333333334,17,7,24,466.6450000000001,-318.18399999999997,70.8,0.6,100.0,127.7,2400.0,5.3
FLTBES1,2026-07-17,0.0,-86.0,0.0,97.75750000000005,97.75750000000005,3.483333333333333,4.538541666666666,-1.0552083333333333,8,3,11,498.05250000000007,-400.295,72.7,0.47,8.5,86.0,204.0,42.2
FLVABES1_ESR,2026-07-17,52.1,-10.0,391.20775000000003,3.770000000000003,394.97775,10.875833333333333,8.7278125,2.1480208333333333,6,3,9,402.20875000000007,-7.231,66.7,27.81,9.9,62.1,237.60000000000002,26.1
FORTMA_RN,2026-07-17,96.0,-65.0,483.5124999999999,379.645,863.1574999999998,14.719583333333333,12.573125,2.146458333333333,14,3,17,1108.3224999999998,-245.16500000000002,82.4,0.97,9.8,161.0,235.20000000000002,68.5
FRMRSVLW_RN,2026-07-17,5.1000000000000005,-1.1,-0.9887500000000067,1.7397500000000001,0.7509999999999941,25.485,25.705624999999998,-0.2206250000000002,12,12,24,7.5182499999999965,-6.767250000000002,50.0,1.11,9.9,6.200000000000001,237.60000000000002,2.6
FRMR_BS2_RN1,2026-07-17,1.0,0.0,-1.2974999999999994,0.0,-1.2974999999999994,2.38875,2.217916666666667,0.1708333333333333,0,1,1,0.0,-1.2974999999999994,0.0,0.0,6.0,1.0,144.0,0.7
FTDUNCAN_RN,2026-07-17,4.0,-31.6,-33.39574999999999,-559.9915,-593.38725,30.459166666666665,37.198437500000004,-6.739270833333333,8,15,23,18.55075,-611.9380000000001,34.8,0.06,100.0,35.6,2400.0,1.5
GAIA_SLR_RN,2026-07-17,7.0,-1.0,12.735000000000005,1.3825000000000003,14.117500000000005,8.415000000000001,8.822083333333333,-0.40708333333333296,6,2,8,18.052500000000002,-3.9349999999999987,75.0,1.53,75.0,8.0,1800.0,0.4
GAMBIT_RN,2026-07-17,7.8,-53.7,17.003999999999998,8.920499999999961,25.92449999999996,25.852500000000003,25.417916666666667,0.4345833333333336,2,1,3,42.73950000000001,-16.81500000000005,66.7,1.27,100.0,61.5,2400.0,2.6
GARC_BESS_RN,2026-07-17,1.7000000000000002,-4.2,14.384,49.009750000000004,63.393750000000004,19.361250000000002,8.79875,10.5625,22,1,23,64.275,-0.8812500000000001,95.7,3.32,9.9,5.9,237.60000000000002,2.5
GIGA_ESS_RN,2026-07-17,6.2,-44.5,19.952500000000015,207.87425000000002,227.82675000000003,25.55666666666667,22.245,3.3116666666666674,19,3,22,232.79650000000004,-4.969749999999999,86.4,7.4,112.0,50.7,2688.0,1.9
GKS_BESS_RN,2026-07-17,202.0,-26.9,1241.765,262.21925,1503.98425,20.081666666666667,11.200625,8.881041666666667,21,2,23,1505.44525,-1.4609999999999999,91.3,98.14,87.0,228.9,2088.0,11.0
GODY_SLR_RN,2026-07-17,189.0,-9.0,33.12750000000001,-3.8375000000000057,29.290000000000006,8.992083333333333,8.883020833333333,0.10906250000000013,6,4,10,204.29500000000002,-175.00499999999997,60.0,0.78,50.0,198.0,1200.0,16.5
GOMZ_RN,2026-07-17,2.3000000000000003,-15.6,-3.3695000000000004,-117.641,-121.01050000000001,24.645416666666666,21.035208333333333,3.610208333333333,14,8,22,26.442500000000003,-147.453,63.6,0.1,9.9,17.9,237.60000000000002,7.5
GOODWIN_ESR,2026-07-17,21.8,-33.6,11.268000000000015,291.53325,302.80125000000004,20.118333333333336,10.883229166666666,9.235104166666668,21,2,23,372.89574999999996,-70.0945,91.3,0.51,9.9,55.400000000000006,237.60000000000002,23.3
GRDNE_ESR_RN,2026-07-17,2.3000000000000003,-23.7,-1.0127500000000014,23.513250000000003,22.500500000000002,24.92,21.191770833333333,3.7282291666666665,15,7,22,33.2535,-10.753,68.2,1.44,9.9,26.0,237.60000000000002,10.9
GREGORY_RN,2026-07-17,2.5,-4.7,11.5135,-21.60599999999999,-10.092499999999994,22.51875,15.0603125,7.4584375,21,1,22,42.32800000000001,-52.4205,95.5,0.04,9.9,7.2,237.60000000000002,3.0
GUNR_RN,2026-07-17,0.0,0.0,0.0,0.0,0.0,23.77333333333333,18.249166666666667,5.524166666666667,0,0,0,0.0,0.0,0.0,0.0,150.0,0.0,3600.0,0.0
GZ_RN,2026-07-17,121.0,-5.1,-147.03749999999988,3.2077500000000057,-143.82974999999988,15.991666666666667,16.619479166666668,-0.6278124999999996,8,5,13,104.76250000000005,-248.59224999999992,61.5,0.26,9.0,126.1,216.0,58.4
HAMI_BESS_RN,2026-07-17,15.0,-39.8,-134.16750000000002,-232.18099999999998,-366.3485,8.735416666666667,10.965833333333334,-2.2304166666666667,1,11,12,35.78750000000001,-402.13599999999997,8.3,0.98,9.9,54.8,237.60000000000002,23.1
HARLIN_1_RN,2026-07-17,1.0,-17.5,5.565000000000001,189.26375000000002,194.82875,2.9129166666666664,1.99875,0.9141666666666667,8,0,8,194.82874999999999,0.0,100.0,99.99,0.0,18.5,0.0,0.0
HEADCAMP_RN,2026-07-17,0.0,-10.0,0.0,-0.2749999999999915,-0.2749999999999915,1.8520833333333335,1.7473958333333333,0.10468749999999998,3,2,5,8.140000000000008,-8.415,60.0,0.64,150.0,10.0,3600.0,0.3
HEARN_RD_RN,2026-07-17,30.0,-55.0,103.4500000000001,228.2925,331.74250000000006,10.842500000000001,8.026458333333332,2.816041666666667,14,1,15,363.61125000000015,-31.868750000000006,93.3,0.81,9.8,85.0,235.20000000000002,36.1
HEN_RN,2026-07-17,1.0,-10.0,-6.77,10.137500000000008,3.3675000000000086,2.5508333333333333,3.776458333333333,-1.2256250000000002,3,2,5,10.531250000000005,-7.163749999999997,60.0,0.98,150.0,11.0,3600.0,0.3
HI_LONEB_RN1,2026-07-17,24.400000000000002,-61.3,125.80025,179.79899999999998,305.59925,23.320416666666663,19.575208333333332,3.745208333333333,14,8,22,386.97425,-81.375,63.6,2.72,50.0,85.7,1200.0,7.1
HLY_RN,2026-07-17,1.0,0.0,1.302500000000002,0.0,1.302500000000002,3.2399999999999998,3.8436458333333334,-0.6036458333333333,1,0,1,1.302500000000002,0.0,100.0,99.99,102.0,1.0,2448.0,0.0
HMNG_ESS_RN,2026-07-17,3.9000000000000004,-6.6000000000000005,-1.4827499999999993,1.721249999999992,0.23849999999999216,25.205,25.159375,0.04562499999999995,12,11,23,7.501750000000001,-7.263250000000008,52.2,0.95,100.0,10.5,2400.0,0.4
HNY_COMB_RN,2026-07-17,0.0,0.0,0.0,0.0,0.0,19.246666666666666,14.438333333333333,4.808333333333333,0,0,0,0.0,0.0,0.0,0.0,61.5,0.0,1476.0,0.0
HOLCOMB_RN1,2026-07-17,0.2,-5.9,-0.2564999999999998,48.5825,48.32600000000001,13.474166666666667,4.702604166666666,8.7715625,15,1,16,48.5825,-0.2564999999999998,93.8,12.63,9.9,6.1000000000000005,237.60000000000002,2.6
HOUSEMTN_RN,2026-07-17,45.1,-29.1,181.48424999999997,-116.93975,64.54449999999991,24.553749999999997,19.9796875,4.5740625,18,6,24,234.91924999999998,-170.37475000000003,75.0,0.46,60.0,74.2,1440.0,5.2
HRMS_SLR_RN,2026-07-17,2.0,-1.0,1.4450000000000003,0.7624999999999993,2.2074999999999996,1.5795833333333331,1.5177083333333332,0.06187499999999998,2,0,2,2.2074999999999996,0.0,100.0,99.99,100.0,3.0,2400.0,0.1
HV_BESS1_RN,2026-07-17,5.2,-10.4,-11.7075,12.332500000000017,0.6250000000000178,26.94125,29.1940625,-2.2528124999999997,8,15,23,14.279000000000014,-13.653999999999998,34.8,1.96,9.0,15.600000000000001,216.0,7.2
HWY6_RN,2026-07-17,0.0,0.0,0.0,0.0,0.0,2.8216666666666668,2.7975,0.024166666666666742,0,0,0,0.0,0.0,0.0,0.0,9.9,0.0,237.60000000000002,0.0
HYDR_ESS_RN,2026-07-17,0.0,-21.0,0.0,-6.255999999999995,-6.255999999999995,5.039583333333334,4.8178125,0.2217708333333334,2,2,4,15.729999999999993,-21.98599999999999,50.0,0.72,200.0,21.0,4800.0,0.4
IND_INADALE1,2026-07-17,149.2,-63.8,129.30249999999995,5.240249999999989,134.5427499999999,23.988333333333333,21.728229166666665,2.260104166666667,14,10,24,412.89900000000006,-278.35625000000005,58.3,1.06,9.9,213.0,237.60000000000002,89.6
INRT_W_ALL,2026-07-17,3966.7,-65.5,9639.736,154.63400000000004,9794.37,24.140833333333333,22.04885416666667,2.091979166666667,15,9,24,16581.758,-6787.388000000001,62.5,1.47,13.0,4032.2,312.0,1292.4
JADE_SLR_ALL,2026-07-17,54.0,-27.5,285.91675,73.52050000000001,359.43725,23.962500000000002,21.890208333333334,2.0722916666666666,15,9,24,439.60075,-80.16350000000001,62.5,3.29,81.9,81.5,1965.6000000000001,4.1
JAG_SLR_RN,2026-07-17,3.3000000000000003,-59.6,-4.2989999999999995,-20.19799999999996,-24.49699999999996,24.239166666666666,24.813645833333336,-0.5744791666666662,14,10,24,27.774750000000044,-52.27175,58.3,0.38,150.0,62.9,3600.0,1.7
JAR_RN,2026-07-17,4.0,-57.5,-10.699000000000002,-126.51425,-137.21325000000002,26.23625,28.314062500000002,-2.0778125000000003,8,14,22,10.143500000000001,-147.35674999999998,36.4,0.12,156.0,61.5,3744.0,1.6
JC_BAT_RN,2026-07-17,5.1000000000000005,-4.5,19.147000000000006,35.396249999999995,54.54325000000001,25.785833333333333,22.1659375,3.619895833333333,19,3,22,59.53300000000001,-4.989750000000001,86.4,1.88,1.2,9.600000000000001,28.799999999999997,33.3
JDKNS_RN,2026-07-17,2.4000000000000004,-27.4,-1.301750000000001,-27.721500000000006,-29.023250000000004,24.817083333333333,21.022291666666668,3.7947916666666663,15,7,22,35.88775,-64.911,68.2,0.26,9.9,29.799999999999997,237.60000000000002,12.5
JUNCTION_RN,2026-07-17,299.3,-76.0,4691.9085000000005,782.1465000000001,5474.055000000001,30.113333333333333,19.7390625,10.374270833333334,17,7,24,6160.195250000001,-686.1402499999999,70.8,3.7,9.9,375.3,237.60000000000002,158.0
JUNORTH_RN,2026-07-17,230.8,-44.0,3417.8292500000002,1397.6375,4815.4667500000005,22.122500000000002,11.863229166666665,10.259270833333334,13,5,18,5195.583250000001,-380.11650000000003,72.2,5.26,9.9,274.8,237.60000000000002,115.7
KEG_RN,2026-07-17,3.0,-27.0,-8.262499999999996,-3.7575000000000074,-12.020000000000003,3.5766666666666667,3.9209374999999995,-0.34427083333333314,6,4,10,30.81750000000001,-42.83750000000001,60.0,0.48,160.0,30.0,3840.0,0.8
KNAPP_RN,2026-07-17,9.0,-164.6,29.197499999999984,534.1065,563.304,6.486666666666667,5.669270833333333,0.817395833333333,17,7,24,709.387,-146.08300000000003,70.8,2.0,0.0,173.6,0.0,0.0
LANTANA_RN,2026-07-17,2.0,-11.4,6.8685,82.16850000000001,89.037,21.4325,14.3515625,7.0809375,19,2,21,116.46900000000001,-27.43199999999999,90.5,0.45,9.9,13.4,237.60000000000002,5.6
LAUR_BESS_RN,2026-07-17,11.0,-8.0,127.39750000000001,46.57499999999999,173.9725,4.60875,0.6019791666666667,4.006770833333333,9,0,9,173.9725,0.0,100.0,99.99,9.8,19.0,235.20000000000002,8.1
LBRA_BES1,2026-07-17,3.4000000000000004,-1.3,11.37275,11.659500000000003,23.03225,24.482916666666668,20.093333333333334,4.389583333333333,19,3,22,27.792250000000006,-4.760000000000001,86.4,0.92,200.0,4.7,4800.0,0.1
LEAKEY_RN,2026-07-17,0.0,-20.0,0.0,100.8625,100.8625,6.022916666666667,5.37625,0.6466666666666668,14,2,16,101.82499999999999,-0.9625000000000021,87.5,15.11,0.0,20.0,0.0,0.0
LFSTH_RN,2026-07-17,5.6000000000000005,-0.7000000000000001,-0.0010000000000029985,0.03500000000000009,0.033999999999997144,25.97583333333333,25.9728125,0.0030208333333332504,17,7,24,7.7044999999999995,-7.670500000000002,70.8,0.41,9.9,6.300000000000001,237.60000000000002,2.7
LIGSW_RN,2026-07-17,3.8000000000000003,-22.1,-1.618000000000003,20.534000000000006,18.916000000000004,25.470416666666665,25.332604166666666,0.1378124999999996,13,10,23,27.780000000000005,-8.864000000000003,56.5,2.41,9.8,25.900000000000002,235.20000000000002,11.0
LILY_RN,2026-07-17,21.3,-23.1,45.86000000000002,-5.902750000000003,39.957250000000016,25.504583333333333,25.889062499999998,-0.38447916666666687,14,10,24,67.54350000000002,-27.58625000000001,58.3,1.75,50.0,44.400000000000006,1200.0,3.7
LK_RN,2026-07-17,0.0,-60.0,0.0,-90.21875000000003,-90.21875000000003,3.3029166666666665,3.4965625,-0.19364583333333338,9,7,16,41.14374999999999,-131.3625,56.2,0.24,0.0,60.0,0.0,0.0
LMO_ESR_RN,2026-07-17,5.3,-0.5,-6.311249999999999,0.0442500000000009,-6.266999999999998,26.169583333333335,27.696875000000002,-1.527291666666666,10,13,23,3.2002499999999996,-9.467249999999996,43.5,0.44,100.0,5.8,2400.0,0.2
LONESTAR_RN,2026-07-17,8.4,-27.400000000000002,2.961500000000008,99.25699999999999,102.2185,24.792083333333334,21.117604166666666,3.6744791666666665,15,7,22,169.67024999999998,-67.45175,68.2,1.17,9.9,35.800000000000004,237.60000000000002,15.1
LON_RN1,2026-07-17,14.4,-17.7,-2.730000000000013,12.92474999999995,10.194749999999939,26.005,25.6621875,0.3428124999999995,17,5,22,36.28599999999996,-26.091250000000024,77.3,0.41,174.0,32.1,4176.0,0.8
LOWR_ESS_RN,2026-07-17,1.0,-13.0,1.5775000000000006,76.365,77.9425,2.6304166666666666,1.5904166666666668,1.0399999999999998,4,1,5,79.91749999999999,-1.9749999999999979,80.0,10.12,60.0,14.0,1440.0,1.0
LUCKYBLU_RN,2026-07-17,1.0,0.0,18.6475,0.0,18.6475,6.435416666666666,3.4189583333333338,3.016458333333333,1,0,1,18.6475,0.0,100.0,99.99,100.0,1.0,2400.0,0.0
LYNX_ESS_RN,2026-07-17,0.0,-17.5,0.0,61.474999999999994,61.474999999999994,0.0,0.0,0.0,6,1,7,92.38125000000001,-30.90625000000001,85.7,0.5,75.0,17.5,1800.0,1.0
LYSSY_RN,2026-07-17,119.0,-31.4,76.65500000000003,307.36475,384.01975000000004,24.870833333333334,22.342812499999997,2.5280208333333336,19,5,24,632.5395,-248.51974999999996,79.2,0.67,9.9,150.4,237.60000000000002,63.3
L_FRE_ESR_RN,2026-07-17,9.8,-68.8,102.858,503.2625,606.1205,19.247083333333332,10.830416666666666,8.416666666666666,22,2,24,647.1545,-41.034,91.7,1.43,9.9,78.6,237.60000000000002,33.1
MADERO_RN,2026-07-17,0.0,0.0,0.0,0.0,0.0,2.355,1.7594791666666667,0.5955208333333333,0,0,0,0.0,0.0,0.0,0.0,100.0,0.0,2400.0,0.0
MAINLAND_RN,2026-07-17,4.300000000000001,-0.5,-7.4137499999999985,0.1672499999999978,-7.246500000000001,27.272916666666664,28.52270833333333,-1.2497916666666666,11,10,21,2.738,-9.9845,52.4,0.25,9.9,4.800000000000001,237.60000000000002,2.0
MEDILA_RN,2026-07-17,82.6,-16.3,211.79150000000004,57.002250000000004,268.79375000000005,24.995833333333334,21.476041666666664,3.5197916666666664,18,3,21,525.5524999999999,-256.75874999999996,85.7,0.34,0.0,98.89999999999999,0.0,0.0
MEDINA1_RN,2026-07-17,0.0,0.0,0.0,0.0,0.0,2.848333333333333,2.3051041666666667,0.5432291666666665,0,0,0,0.0,0.0,0.0,0.0,0.0,0.0,0.0,0.0
MESQUITE_RN,2026-07-17,0.0,-17.5,0.0,88.33125000000001,88.33125000000001,1.9320833333333332,1.743125,0.18895833333333326,5,2,7,109.425,-21.09375,71.4,2.08,9.9,17.5,237.60000000000002,7.4
MESQUITE_RN2,2026-07-17,2.0,-22.5,12.267499999999998,147.01250000000002,159.28,4.655833333333333,3.9411458333333336,0.7146875,9,2,11,180.37375,-21.09375,81.8,1.9,0.0,24.5,0.0,0.0
MIDP_SLR_RN,2026-07-17,119.60000000000001,-48.2,762.3715,-188.74749999999995,573.6240000000001,24.634583333333335,22.792604166666667,1.8419791666666672,15,8,23,797.97225,-224.34824999999998,65.2,1.9,50.0,167.8,1200.0,14.0
MIDWY_RN,2026-07-17,2.2,-9.4,-1.7975000000000017,18.7765,16.978999999999996,24.827916666666667,21.080000000000002,3.7479166666666663,15,7,22,26.1135,-9.134500000000003,68.2,1.33,9.9,11.600000000000001,237.60000000000002,4.9
MILTON_RN,2026-07-17,3.1,-6.4,8.587250000000001,18.7205,27.30775,24.48625,20.835208333333334,3.6510416666666665,17,4,21,32.15225,-4.844500000000001,81.0,1.56,9.9,9.5,237.60000000000002,4.0
MNWL_BESS_RN,2026-07-17,5.5,-5.5,21.751250000000002,1.049750000000006,22.80100000000001,27.71166666666667,25.818749999999998,1.892916666666667,15,9,24,28.98000000000001,-6.179,62.5,2.81,9.9,11.0,237.60000000000002,4.6
MOORE_FL_RN,2026-07-17,2.0,-42.3,12.198500000000001,431.42924999999997,443.62775,20.548333333333332,11.539479166666666,9.008854166666667,21,2,23,445.15675,-1.5290000000000001,91.3,27.73,9.9,44.3,237.60000000000002,18.6
MUENSTER_RN,2026-07-17,122.0,0.0,-84.32500000000005,0.0,-84.32500000000005,16.910833333333333,17.072395833333335,-0.16156250000000005,7,6,13,179.39999999999998,-263.725,53.8,0.58,9.9,122.0,237.60000000000002,51.3
MUSTNGCK_ALL,2026-07-17,104.0,-95.3,1104.99625,446.24000000000007,1551.23625,23.60166666666667,18.5353125,5.066354166666667,19,3,22,1555.68525,-4.448999999999955,86.4,55.21,71.0,199.3,1704.0,11.7
MU_RN,2026-07-17,4.1000000000000005,-32.4,-2.650750000000002,-3.3472500000000083,-5.998000000000008,26.787499999999998,27.232812499999998,-0.4453125000000006,16,6,22,40.169249999999984,-46.167249999999996,72.7,0.33,9.9,36.5,237.60000000000002,15.4
MV_VALV4_RN,2026-07-17,2.5,-12.4,18.307750000000002,129.18550000000002,147.49325000000002,21.510416666666668,12.486145833333333,9.024270833333334,19,2,21,149.41975000000002,-1.9264999999999988,90.5,8.16,9.9,14.9,237.60000000000002,6.3
MYRY_BES2_RN,2026-07-17,2.2,-3.0000000000000004,15.630000000000003,33.65775000000001,49.28775000000001,20.385833333333334,11.2515625,9.134270833333334,20,2,22,50.67875000000001,-1.3909999999999991,90.9,3.64,9.9,5.200000000000001,237.60000000000002,2.2
MYRY_ESR_RN,2026-07-17,0.0,0.0,0.0,0.0,0.0,1.8466666666666667,1.2116666666666667,0.635,0,0,0,0.0,0.0,0.0,0.0,9.9,0.0,237.60000000000002,0.0
MYR_ALL,2026-07-17,66.2,0.0,200.20225000000005,0.0,200.20225000000005,13.524583333333334,12.226770833333333,1.2978125000000005,12,1,13,205.36125000000007,-5.1590000000000025,92.3,3.32,76.3,66.2,1831.1999999999998,3.6
NCO_RN,2026-07-17,4.0,-0.5,1.2570000000000023,0.27924999999999967,1.5362500000000017,25.852500000000003,25.417916666666667,0.4345833333333336,17,5,22,6.894500000000002,-5.35825,77.3,0.38,38.8,4.5,931.1999999999999,0.5
NEDIN_RN,2026-07-17,0.0,0.0,0.0,0.0,0.0,1.6466666666666665,0.8112499999999999,0.8354166666666666,0,0,0,0.0,0.0,0.0,0.0,0.0,0.0,0.0,0.0
NF_BRP_RN,2026-07-17,139.0,-86.2,942.30325,497.2865,1439.58975,14.321666666666667,9.093020833333334,5.228645833333333,20,4,24,1537.15475,-97.56499999999998,83.3,3.15,100.5,225.2,2412.0,9.3
NOBLESLR_ALL,2026-07-17,821.6,-42.9,2373.321,0.8047499999999292,2374.1257499999997,13.107916666666666,11.980833333333335,1.127083333333333,11,5,16,2461.14175,-87.0159999999999,68.8,12.86,62.5,864.5,1500.0,57.6
NWF_NWF1,2026-07-17,176.7,-160.2,623.5269999999999,-270.2427499999999,353.28425000000004,24.855833333333333,21.1190625,3.736770833333333,17,7,24,1279.557,-926.27275,70.8,0.57,3.0,336.9,72.0,467.9
N_AL_BESS_RN,2026-07-17,2.2,-6.8,14.7025,58.285250000000005,72.98775,21.2625,12.237708333333332,9.024791666666667,19,2,21,74.49325,-1.5055,90.5,5.21,9.9,9.0,237.60000000000002,3.8
N_MRD_ESR_RN,2026-07-17,2.3000000000000003,-4.800000000000001,15.994250000000001,39.874,55.86825,21.230416666666667,12.324374999999998,8.906041666666667,19,2,21,57.94525000000001,-2.0770000000000004,90.5,2.94,9.9,7.100000000000001,237.60000000000002,3.0
ODESW_RN,2026-07-17,5.4,-203.4,-1.5457500000000026,-31.052750000000024,-32.59850000000002,24.835416666666664,21.031354166666667,3.8040625,16,7,23,120.36324999999992,-152.96174999999997,69.6,0.34,10.0,208.8,240.0,87.0
OLMITO_RN,2026-07-17,0.0,-42.2,0.0,349.11325000000005,349.11325000000005,1.2933333333333332,1.6267708333333333,-0.3334374999999999,22,2,24,365.9687500000001,-16.855499999999992,91.7,1.97,0.0,42.2,0.0,0.0
OLNEYTN_RN,2026-07-17,91.0,-128.8,3410.725,1035.7397500000002,4446.46475,49.782916666666665,29.496979166666666,20.2859375,17,7,24,5135.9352499999995,-689.4704999999999,70.8,3.07,9.9,219.8,237.60000000000002,92.5
OR_BESS_RN,2026-07-17,4.0,-0.4,-4.072499999999998,0.28500000000000086,-3.787499999999998,26.343333333333334,27.032812500000002,-0.6894791666666662,13,9,22,3.3795000000000015,-7.167,59.1,0.33,9.9,4.4,237.60000000000002,1.9
PAD1_ESS_RN,2026-07-17,3.0,-1.0,5.833000000000001,-5.419499999999998,0.41350000000000264,25.00208333333333,24.4275,0.5745833333333336,16,4,20,14.0225,-13.608999999999996,80.0,0.26,50.0,4.0,1200.0,0.3
PAD2_ESS_RN,2026-07-17,1.0,0.0,-0.9324999999999974,0.0,-0.9324999999999974,2.7770833333333336,2.728854166666667,0.04822916666666677,0,1,1,0.0,-0.9324999999999974,0.0,0.0,150.0,1.0,3600.0,0.0
PALACIOS_RN,2026-07-17,181.4,-21.200000000000003,236.7809999999999,192.40250000000003,429.1834999999999,22.968333333333334,17.110208333333333,5.858125,23,1,24,642.5207499999999,-213.33725,95.8,0.13,9.9,202.60000000000002,237.60000000000002,85.3
PALE_ESS_EN,2026-07-17,0.0,-25.1,0.0,-1.1452499999999928,-1.1452499999999928,1.0204166666666665,1.0796875000000001,-0.05927083333333346,3,4,7,10.26575,-11.410999999999992,42.9,1.2,200.0,25.1,4800.0,0.5
PAULN_RN,2026-07-17,5.1000000000000005,-25.5,-2.090749999999997,5.70175000000002,3.611000000000023,25.480416666666667,25.883854166666666,-0.4034374999999994,14,10,24,19.826750000000008,-16.215749999999986,58.3,0.87,9.9,30.6,237.60000000000002,12.9
PAVLOV_BT_RN,2026-07-17,3.6000000000000005,-9.1,20.877250000000004,79.56525,100.44250000000001,24.075,17.395,6.68,19,3,22,104.80300000000001,-4.360500000000002,86.4,3.79,9.9,12.7,237.60000000000002,5.3
PAVO_ESS_ALL,2026-07-17,0.0,-50.7,0.0,-117.54750000000001,-117.54750000000001,8.227083333333333,9.2815625,-1.0544791666666664,5,5,10,18.917999999999992,-136.4655,50.0,0.14,87.5,50.7,2100.0,2.4
PEARSALL_RN,2026-07-17,1.0,-12.3,-4.940000000000005,40.62325000000001,35.68325000000001,1.7995833333333333,2.0054166666666666,-0.20583333333333353,4,3,7,53.37825000000001,-17.695,57.1,2.26,9.9,13.3,237.60000000000002,5.6
PHO_ALL,2026-07-17,52.3,-22.2,397.61650000000003,29.225,426.8415,10.854166666666666,5.561979166666667,5.2921875,13,2,15,431.2155,-4.374000000000028,86.7,15.17,150.0,74.5,3600.0,2.1
PINEFRST_RN,2026-07-17,31.8,-41.1,54.010999999999996,-27.752000000000127,26.258999999999872,25.479583333333334,25.66125,-0.18166666666666723,12,12,24,70.742,-44.483000000000125,50.0,1.59,200.0,72.9,4800.0,1.5
PIN_BESS_RN,2026-07-17,1.0,-4.6,3.3799999999999955,25.078500000000005,28.4585,3.8783333333333334,2.5989583333333335,1.279375,4,1,5,39.035,-10.576499999999998,80.0,0.92,175.0,5.6,4200.0,0.1
PIRATE_RN,2026-07-17,82.0,-14.0,62.62649999999985,98.08675000000002,160.71324999999987,22.032083333333333,15.631041666666667,6.401041666666667,21,2,23,336.8417499999999,-176.1285,91.3,0.18,9.8,96.0,235.20000000000002,40.8
PLATINUM_RN,2026-07-17,0.30000000000000004,-0.1,0.42574999999999963,-0.13074999999999976,0.2949999999999999,2.3916666666666666,2.2142708333333334,0.1773958333333332,2,2,4,0.6849999999999998,-0.3899999999999999,50.0,1.76,144.1,0.4,3458.3999999999996,0.0
POTEETS_RN,2026-07-17,6.000000000000001,-5.3,38.7415,-21.088499999999982,17.65300000000002,25.848333333333333,21.670208333333335,4.1781250000000005,13,7,20,75.10249999999999,-57.44949999999998,65.0,0.7,9.9,11.3,237.60000000000002,4.8
POTSVIL_RN,2026-07-17,268.5,-249.8,1255.971,4221.7080000000005,5477.679,29.31625,24.756145833333335,4.560104166666666,16,8,24,5552.8997500000005,-75.22074999999992,66.7,36.91,9.9,518.3,237.60000000000002,218.1
PRCRK_RN,2026-07-17,4.5,-7.7,-1.320249999999998,5.944999999999998,4.62475,25.530833333333334,25.958437500000002,-0.42760416666666656,13,11,24,17.077250000000006,-12.452500000000004,54.2,1.16,9.9,12.2,237.60000000000002,5.1
PTLBES_BESS1,2026-07-17,124.19999999999999,-2.8000000000000003,417.32624999999996,35.94825,453.27449999999993,23.221666666666664,17.191666666666666,6.0299999999999985,23,1,24,457.31749999999994,-4.043000000000001,95.8,4.92,3.0,126.99999999999999,72.0,176.4
PYR_PYRON1,2026-07-17,981.5,-74.5,2676.66225,-62.15375,2614.5085,23.988333333333333,21.728229166666665,2.260104166666667,14,10,24,4191.094999999999,-1576.5865,58.3,1.9,15.1,1056.0,362.4,291.4
QUEEN_BA_RN,2026-07-17,76.7,-36.9,-159.58275000000003,-21.1505,-180.73325000000003,24.16541666666667,20.050416666666667,4.114999999999999,17,7,24,49.65350000000001,-230.38675000000003,70.8,0.09,50.0,113.6,1200.0,9.5
RADN_SLR_ALL,2026-07-17,200.9,-72.1,867.315,-26.044249999999906,841.2707500000002,23.997083333333332,21.522291666666664,2.474791666666667,16,8,24,1031.0425,-189.77174999999977,66.7,2.72,81.9,273.0,1965.6000000000001,13.9
RBN_BESS1,2026-07-17,4.0,-12.5,-8.594500000000004,6.774999999999995,-1.8195000000000094,26.71875,28.362604166666667,-1.6438541666666675,10,13,23,9.457249999999995,-11.276750000000007,43.5,1.09,78.0,16.5,1872.0,0.9
RHESS2_ESS1,2026-07-17,50.7,-44.0,494.99575000000004,372.3025,867.29825,12.555416666666666,8.429375,4.126041666666667,16,2,18,870.5732499999999,-3.274999999999995,88.9,33.23,9.8,94.7,235.20000000000002,40.3
RIOG_ESR2_RN,2026-07-17,1.6,-3.0,13.7995,34.188,47.987500000000004,19.521666666666665,9.181770833333333,10.339895833333333,22,1,23,48.721,-0.7334999999999994,95.7,3.02,0.0,4.6,0.0,0.0
RIOG_ESR_RN,2026-07-17,0.0,-5.0,0.0,79.14375000000001,79.14375000000001,15.0375,6.283020833333333,8.754479166666668,2,0,2,79.14375000000001,0.0,100.0,99.99,9.9,5.0,237.60000000000002,2.1
RN_BY_ESR1,2026-07-17,0.0,-17.5,0.0,12.337500000000006,12.337500000000006,1.5287499999999998,2.4789583333333334,-0.9502083333333333,5,2,7,14.506250000000005,-2.1687499999999993,71.4,2.68,0.0,17.5,0.0,0.0
RN_PAD3_ESS,2026-07-17,1.0,0.0,9.610000000000001,0.0,9.610000000000001,1.0645833333333334,0.6641666666666667,0.4004166666666667,1,0,1,9.610000000000001,0.0,100.0,99.99,200.0,1.0,4800.0,0.0
RN_QTUM_SLR,2026-07-17,470.5,-3.3,5396.13075,-56.8905,5339.240250000001,4.904583333333334,2.241875,2.6627083333333332,6,1,7,5396.30325,-57.063,85.7,15.76,160.0,473.8,3840.0,12.3
RN_RHN_ESR,2026-07-17,0.0,-5.0,0.0,-0.14999999999998792,-0.14999999999998792,2.5745833333333334,2.5577083333333333,0.016875000000000046,1,1,2,0.5000000000000071,-0.649999999999995,50.0,0.77,200.0,5.0,4800.0,0.1
RN_SOLC_SLR,2026-07-17,505.1,-59.199999999999996,6099.876749999999,-52.998,6046.87875,8.65375,5.3309375,3.3228125,12,8,20,6122.58075,-75.70199999999993,60.0,53.92,160.0,564.3000000000001,3840.0,14.7
ROSELAND_ALL,2026-07-17,348.6,-64.6,210.21125000000004,25.726250000000118,235.93750000000017,24.5575,25.029479166666665,-0.4719791666666668,14,9,23,421.8680000000003,-185.93050000000014,60.9,1.46,50.0,413.20000000000005,1200.0,34.4
RPUBRDS_RN,2026-07-17,4.7,-2.5,-1.5882499999999986,1.3132500000000042,-0.27499999999999414,25.742500000000003,26.148958333333336,-0.40645833333333314,15,9,24,6.102750000000007,-6.377750000000002,62.5,0.57,39.5,7.2,948.0,0.8
RRANCHES_ALL,2026-07-17,15.200000000000001,-508.0,98.67650000000005,1113.5564999999995,1212.2329999999995,24.825,21.07885416666667,3.7461458333333333,16,8,24,2507.662,-1295.4290000000003,66.7,0.97,150.0,523.2,3600.0,14.5
RRC_WIND_ALL,2026-07-17,157.9,-19.4,229.27775,62.83000000000003,292.10775,23.9525,22.208229166666666,1.7442708333333332,14,10,24,452.0557500000001,-159.94800000000004,58.3,2.02,75.0,177.3,1800.0,9.8
RTLSNAKE_BT,2026-07-17,0.0,-12.0,0.0,-52.49000000000001,-52.49000000000001,2.5170833333333333,2.2217708333333337,0.2953124999999999,3,3,6,8.629999999999995,-61.120000000000005,50.0,0.14,9.9,12.0,237.60000000000002,5.1
RUSSEKST_RN,2026-07-17,177.6,-282.7,-997.4295000000002,-2138.50325,-3135.9327500000004,30.589166666666667,38.28916666666667,-7.7,12,12,24,1007.9050000000002,-4143.837750000001,50.0,0.24,9.9,460.29999999999995,237.60000000000002,193.7
RVN_RN,2026-07-17,0.0,0.0,0.0,0.0,0.0,32.21,42.43625,-10.22625,0,0,0,0.0,0.0,0.0,0.0,0.0,0.0,0.0,0.0
RVRVLYS_ALL,2026-07-17,4.2,-14.700000000000001,13.589500000000001,112.57649999999998,126.166,25.479166666666668,22.8409375,2.6382291666666666,18,3,21,131.159,-4.993000000000002,85.7,4.38,50.0,18.900000000000002,1200.0,1.6
SADLBACK_RN,2026-07-17,7.4,-33.8,13.8615,72.05600000000003,85.91750000000002,24.750833333333333,20.990312499999998,3.760520833333333,16,8,24,108.20149999999998,-22.28399999999997,66.7,2.43,9.9,41.199999999999996,237.60000000000002,17.3
SAH_RN,2026-07-17,0.0,-10.0,0.0,12.874999999999996,12.874999999999996,1.1199999999999999,1.1529166666666668,-0.03291666666666678,4,0,4,12.874999999999996,0.0,100.0,99.99,200.0,10.0,4800.0,0.2
SANDLAKE_RN,2026-07-17,2.0,-11.0,28.39,10.18750000000001,38.577500000000015,8.255416666666667,7.996041666666666,0.2593750000000001,5,1,6,40.7325,-2.154999999999994,83.3,3.78,9.9,13.0,237.60000000000002,5.5
SBEAN_BESS,2026-07-17,0.0,-12.0,0.0,-53.03499999999999,-53.03499999999999,1.7862500000000001,1.066875,0.719375,3,3,6,8.604999999999997,-61.639999999999986,50.0,0.14,9.9,12.0,237.60000000000002,5.1
SEVNF_ES_RN,2026-07-17,145.7,-110.0,2269.8915,2074.895,4344.7865,10.47,1.1787500000000002,9.29125,24,0,24,4344.7865,0.0,100.0,99.99,100.0,255.7,2400.0,10.7
SGSA_DGR,2026-07-17,15.3,-12.0,162.945,-170.945,-8.0,3.3891666666666667,3.1266666666666665,0.2625000000000002,3,3,6,169.39,-177.39000000000001,50.0,0.95,9.9,27.3,237.60000000000002,11.5
SG_BES_BESS1,2026-07-17,187.2,-17.0,1231.5249999999999,130.252,1361.777,24.518333333333334,17.839479166666667,6.678854166666667,18,4,22,1367.543,-5.765999999999999,81.8,52.71,100.0,204.2,2400.0,8.5
SHAMROCK_RN,2026-07-17,3433.4,-55.6,15052.215250000001,449.53524999999996,15501.7505,23.245416666666667,19.376145833333332,3.869270833333333,14,10,24,19879.685,-4377.934499999999,58.3,3.24,99.3,3489.0,2383.2,146.4
SHEEPCRK_1,2026-07-17,344.2,-6.0,659.478,25.760000000000005,685.2379999999999,22.7625,21.00947916666667,1.7530208333333335,14,9,23,1443.96475,-758.7267500000002,60.9,1.22,130.0,350.2,3120.0,11.2
SLCN_ESS_ALL,2026-07-17,58.800000000000004,-14.700000000000001,268.10800000000006,137.20649999999998,405.3145,25.749166666666667,22.52135416666667,3.2278125,18,3,21,410.2975,-4.983,85.7,13.72,50.0,73.5,1200.0,6.1
SLK_BESS_RN,2026-07-17,0.0,-14.0,0.0,-5.445000000000007,-5.445000000000007,1.0516666666666665,1.0158333333333334,0.03583333333333331,4,3,7,12.059999999999995,-17.505000000000003,57.1,0.52,200.0,14.0,4800.0,0.3
SMTH_ESS_RN,2026-07-17,5.1000000000000005,-72.1,-1.9169999999999967,-61.99249999999998,-63.90949999999998,25.491249999999997,25.79125,-0.3000000000000001,13,11,24,15.844500000000009,-79.75399999999999,54.2,0.17,87.0,77.19999999999999,2088.0,3.7
SNY_BESS_RN,2026-07-17,105.2,-93.30000000000001,183.64950000000005,60.75550000000011,244.40500000000014,25.187083333333334,21.7065625,3.4805208333333337,17,7,24,386.2362500000001,-141.8312499999999,70.8,1.12,9.9,198.5,237.60000000000002,83.5
SPTX12B_RN,2026-07-17,348.4,-67.5,3867.0155,-80.06200000000007,3786.9534999999996,16.260416666666668,13.278333333333334,2.982083333333333,16,7,23,3955.83175,-168.87825000000007,69.6,10.25,22.1,415.9,530.4000000000001,78.4
SP_RN,2026-07-17,5.300000000000001,-20.5,-8.776999999999994,0.03574999999998596,-8.741250000000008,27.261666666666667,28.893541666666668,-1.631875,11,13,24,4.8245000000000005,-13.565750000000008,45.8,0.42,9.9,25.8,237.60000000000002,10.9
SROSA_ESR_RN,2026-07-17,1.8,-13.100000000000001,10.703,84.5185,95.2215,19.83125,11.2875,8.543750000000001,20,2,22,122.2405,-27.019000000000005,90.9,0.45,9.9,14.900000000000002,237.60000000000002,6.3
STADIUM_RN,2026-07-17,2.0,0.0,15.855,0.0,15.855,5.183333333333334,1.1920833333333334,3.9912499999999995,1,0,1,15.855,0.0,100.0,99.99,9.9,2.0,237.60000000000002,0.8
STAM_SLR_ALL,2026-07-17,26.4,-0.1,36.60700000000001,-0.12974999999999995,36.47725000000002,14.254583333333334,13.538020833333334,0.7165625000000002,9,5,14,45.88275000000001,-9.405499999999991,64.3,2.71,70.0,26.5,1680.0,1.6
STRG_SLR_ALL,2026-07-17,30.1,-7.5,109.40625000000001,38.99825,148.4045,24.811666666666667,23.438645833333336,1.3730208333333334,20,3,23,153.4145,-5.010000000000001,87.0,4.59,100.0,37.6,2400.0,1.6
SUNVASLR_ALL,2026-07-17,308.40000000000003,-17.6,17.956000000000024,5.725750000000019,23.68175000000008,24.062916666666666,24.90697916666667,-0.8440624999999996,13,10,23,277.87200000000007,-254.19025000000002,56.5,0.84,53.3,326.00000000000006,1279.1999999999998,25.5
SWOOSE1_U1,2026-07-17,5.8,-9.4,9.683749999999998,-41.392499999999984,-31.708749999999984,24.83875,21.076354166666665,3.762395833333334,14,7,21,35.089,-66.79774999999998,66.7,0.26,9.9,15.2,237.60000000000002,6.4
SWOOSEII_RN,2026-07-17,0.0,-13.1,0.0,-158.48999999999995,-158.48999999999995,5.40125,6.082395833333333,-0.681145833333333,3,2,5,10.892499999999995,-169.38249999999994,60.0,0.04,100.0,13.1,2400.0,0.5
SWT_BESS_RN,2026-07-17,10.700000000000001,-46.2,69.18724999999999,75.90375000000003,145.091,25.375416666666666,21.77135416666667,3.6040625,18,5,23,245.28575,-100.19474999999998,78.3,0.68,9.9,56.900000000000006,237.60000000000002,23.9
TANZ_ESS_RN,2026-07-17,0.0,0.0,0.0,0.0,0.0,1.9820833333333334,1.8012500000000002,0.18083333333333332,0,0,0,0.0,0.0,0.0,0.0,0.0,0.0,0.0,0.0
TBWF_ES_BES1,2026-07-17,0.0,-56.9,0.0,-93.65075000000003,-93.65075000000003,14.249166666666667,13.469583333333333,0.779583333333333,6,5,11,29.801749999999974,-123.4525,54.5,0.2,150.0,56.9,3600.0,1.6
TDWLPR_1_RN,2026-07-17,3.8000000000000003,-1.1,-3.17075,1.0944999999999987,-2.0762500000000013,25.175833333333333,25.60229166666667,-0.42645833333333344,16,8,24,4.4197500000000005,-6.496000000000002,66.7,0.34,100.0,4.9,2400.0,0.2
TNFS_RN,2026-07-17,0.0,-6.0,0.0,-7.420000000000002,-7.420000000000002,0.0,0.0,0.0,1,2,3,0.855000000000004,-8.275000000000006,33.3,0.21,9.9,6.0,237.60000000000002,2.5
TORR_ALL,2026-07-17,1043.4,-255.8,10255.99575,2713.783,12969.77875,12.207916666666668,2.30875,9.899166666666666,24,0,24,12969.77875,0.0,100.0,99.99,0.0,1299.2,0.0,0.0
TORT_ESS_RN,2026-07-17,1.0,-7.5,1.3825000000000003,-32.78125,-31.39875,2.7458333333333336,2.5996875000000004,0.14614583333333334,2,2,4,3.9200000000000017,-35.31875,50.0,0.11,48.3,8.5,1159.1999999999998,0.7
TOYAH_RN,2026-07-17,0.0,-16.0,0.0,-163.72500000000002,-163.72500000000002,2.7237500000000003,2.081770833333333,0.6419791666666668,3,3,6,13.665,-177.39000000000001,50.0,0.08,9.9,16.0,237.60000000000002,6.7
TRIPBUT1_RN,2026-07-17,5.4,-15.8,23.187249999999995,47.64000000000002,70.82725000000002,24.49,18.70145833333333,5.788541666666667,18,4,22,76.20400000000002,-5.376749999999992,81.8,3.15,7.5,21.200000000000003,180.0,11.8
TSECA_ES_RN,2026-07-17,54.3,-37.3,-361.37800000000016,-296.039,-657.4170000000001,8.637083333333333,11.544583333333334,-2.9075,1,12,13,6.055,-663.4720000000001,7.7,0.11,100.0,91.6,2400.0,3.8
TURQ_BESS1,2026-07-17,4.7,-0.5,1.0729999999999995,-0.5104999999999997,0.5624999999999991,25.669166666666666,25.778645833333332,-0.10947916666666686,13,11,24,7.3415,-6.779,54.2,0.92,186.0,5.2,4464.0,0.1
TV_RN,2026-07-17,5.0,-8.0,-10.586999999999996,8.575249999999993,-2.0117500000000024,27.252499999999998,29.188541666666666,-1.9360416666666669,10,13,23,10.331999999999994,-12.343749999999995,43.5,1.09,9.8,13.0,235.20000000000002,5.5
TYNAN_RN,2026-07-17,2.9000000000000004,-4.1000000000000005,11.564250000000001,12.663750000000002,24.228000000000005,22.764166666666668,17.181875,5.582291666666666,19,2,21,30.288750000000004,-6.060749999999999,90.5,0.53,9.9,7.000000000000001,237.60000000000002,2.9
UTOPIA_RN,2026-07-17,43.0,-30.0,-91.14750000000004,-8.825000000000003,-99.97250000000005,12.194583333333334,10.049791666666666,2.1447916666666664,12,3,15,162.98249999999996,-262.955,80.0,0.15,9.9,73.0,237.60000000000002,30.7
VERT_ESS_RN,2026-07-17,0.0,-25.0,0.0,-58.43124999999998,-58.43124999999998,2.2170833333333335,2.1557291666666667,0.06135416666666682,6,4,10,13.762500000000015,-72.19375,60.0,0.13,200.0,25.0,4800.0,0.5
VORT_ALL_RN,2026-07-17,765.4,-28.2,1934.9277499999996,137.266,2072.1937499999995,24.27125,22.099166666666665,2.1720833333333327,15,9,24,2973.2669999999994,-901.0732500000001,62.5,1.98,121.8,793.6,2923.2,27.1
WAL_RN,2026-07-17,5.1000000000000005,-0.5,0.7754999999999992,0.2347500000000011,1.010250000000001,26.06958333333333,26.110833333333332,-0.04125000000000023,16,6,22,6.9535,-5.94325,72.7,0.44,200.0,5.6000000000000005,4800.0,0.1
WFTANK_ESS1,2026-07-17,224.7,-112.9,2431.06025,1156.039,3587.09925,16.179166666666667,4.271458333333333,11.907708333333332,24,0,24,3587.09925,0.0,100.0,99.99,150.0,337.6,3600.0,9.4
WIG_BESS_RN,2026-07-17,5.1000000000000005,-11.700000000000001,-3.2987500000000014,1.7199999999999855,-1.5787500000000159,25.52208333333333,25.795729166666664,-0.2736458333333336,13,11,24,6.60175,-8.180500000000015,54.2,0.68,120.0,16.8,2880.0,0.6
WLTC_ESR_RN,2026-07-17,0.0,-6.0,0.0,45.99500000000001,45.99500000000001,3.0233333333333334,1.5644791666666666,1.4588541666666668,3,0,3,45.99500000000001,0.0,100.0,99.99,9.9,6.0,237.60000000000002,2.5
WOV_BESS_RN,2026-07-17,2.4000000000000004,-78.0,-1.1892500000000026,89.40924999999991,88.21999999999991,24.84375,21.060208333333332,3.783541666666666,16,7,23,114.73624999999996,-26.516250000000063,69.6,1.89,7.0,80.4,168.0,47.9
WRSBES_BESS1,2026-07-17,0.0,-51.0,0.0,233.545,233.545,0.0,0.0,0.0,9,4,13,325.015,-91.47,69.2,1.58,9.7,51.0,232.79999999999998,21.9
WR_RN,2026-07-17,4.1000000000000005,-0.5,3.8100000000000005,0.3432499999999997,4.153250000000001,25.746666666666666,24.8771875,0.8694791666666667,18,4,22,9.0695,-4.91625,81.8,0.41,9.9,4.6000000000000005,237.60000000000002,1.9
WZRD_ESS_RN,2026-07-17,0.0,0.0,0.0,0.0,0.0,4.15375,4.607604166666667,-0.4538541666666669,0,0,0,0.0,0.0,0.0,0.0,150.0,0.0,3600.0,0.0
W_HRL_ESR_RN,2026-07-17,1.8,-3.0000000000000004,10.8435,31.855250000000005,42.698750000000004,19.585833333333333,11.040312499999999,8.545520833333333,20,2,22,44.46975000000001,-1.7709999999999995,90.9,2.51,9.9,4.800000000000001,237.60000000000002,2.0
X443ESRN,2026-07-17,6.7,-12.7,36.414,11.7975,48.2115,24.845,21.88854166666667,2.956458333333334,19,5,24,54.37349999999999,-6.162000000000001,79.2,2.32,10.0,19.4,240.0,8.1
Z0_DGR2_RN,2026-07-17,2.0,0.0,0.35999999999999943,0.0,0.35999999999999943,5.742083333333333,5.201354166666667,0.5407291666666666,1,1,2,1.2700000000000031,-0.9100000000000037,50.0,1.4,9.9,2.0,237.60000000000002,0.8
ZIER_SLR_ALL,2026-07-17,106.2,-204.5,794.20675,207.20499999999996,1001.41175,28.700416666666666,31.559270833333333,-2.858854166666666,9,15,24,2004.0637500000003,-1002.6519999999998,37.5,3.33,39.0,310.7,936.0,33.2
ABINDUST_RN,2026-07-18,4.300000000000001,-84.6,11.240499999999999,447.0995,458.34,25.082916666666666,22.042708333333334,3.0402083333333336,20,4,24,489.816,-31.475999999999985,83.3,3.11,9.9,88.89999999999999,237.60000000000002,37.4
ADL_RN,2026-07-18,13.1,0.0,37.99299999999999,0.0,37.99299999999999,15.042916666666665,14.387604166666668,0.6553124999999995,7,1,8,38.205499999999994,-0.21250000000000213,87.5,25.68,60.0,13.1,1440.0,0.9
AE_RN,2026-07-18,4.2,-51.2,9.768,191.29950000000005,201.06750000000005,25.328333333333333,22.579375,2.748958333333333,20,4,24,203.9735000000001,-2.9060000000000006,83.3,14.04,9.9,55.400000000000006,237.60000000000002,23.3
ALAMO_ST_RN,2026-07-18,0.0,0.0,0.0,0.0,0.0,0.8533333333333334,0.7625000000000001,0.09083333333333332,0,0,0,0.0,0.0,0.0,0.0,9.9,0.0,237.60000000000002,0.0
ALP_BESS_RN,2026-07-18,81.1,-64.8,105.237,310.91474999999997,416.15175,25.865416666666665,21.80395833333333,4.061458333333333,23,1,24,489.60675000000003,-73.45500000000001,95.8,0.29,100.3,145.89999999999998,2407.2,6.1
ALVIN_RN,2026-07-18,12.4,-32.7,15.881999999999996,54.60949999999999,70.49149999999999,26.85291666666667,25.0128125,1.8401041666666664,20,4,24,73.422,-2.9305000000000008,83.3,5.01,7.5,45.1,180.0,25.1
AMAD_ESS_RN,2026-07-18,2.0,-10.0,7.710000000000001,42.50500000000001,50.21500000000001,8.197083333333333,7.0965625,1.1005208333333334,6,1,7,53.46,-3.2449999999999903,85.7,2.75,0.0,12.0,0.0,0.0
ANCHOR_ALL,2026-07-18,632.1,-21.0,260.38575000000003,167.74649999999997,428.13225,23.89125,21.702604166666664,2.1886458333333336,19,5,24,1066.08325,-637.951,79.2,0.44,36.3,653.1,871.1999999999999,75.0
ANDMDSLR_ALL,2026-07-18,82.0,-0.6000000000000001,312.04350000000005,3.4760000000000018,315.51950000000005,24.407083333333333,22.061354166666664,2.3457291666666666,20,4,24,319.18600000000004,-3.666499999999999,83.3,17.41,81.9,82.6,1965.6000000000001,4.2
ANEM_ESS_RN,2026-07-18,2.0,-5.0,-3.2590000000000003,35.447500000000005,32.188500000000005,15.548333333333332,10.870208333333332,4.6781250000000005,13,10,23,37.588249999999995,-5.399750000000001,56.5,5.35,200.0,7.0,4800.0,0.1
ANG_ALL,2026-07-18,1716.9,-82.7,10494.894750000001,275.55050000000006,10770.44525,24.752499999999998,21.557291666666668,3.195208333333334,20,4,24,10790.305750000001,-19.860499999999902,83.3,108.66,100.0,1799.6000000000001,2400.0,75.0
ANOL_ESS_RN,2026-07-18,4.4,-32.6,9.4315,200.96149999999997,210.39299999999997,25.39125,23.12125,2.2699999999999996,20,4,24,225.1995,-14.806499999999994,83.3,3.04,240.0,37.0,5760.0,0.6
ANTL_ESS_ES1,2026-07-18,5.5,-31.4,32.33625000000001,155.83900000000006,188.17525000000006,27.565416666666668,24.224791666666665,3.3406250000000006,20,4,24,250.05025000000006,-61.874999999999986,83.3,0.81,70.0,36.9,1680.0,2.2
APPLE_ESR_RN,2026-07-18,0.0,-23.0,0.0,64.415,64.415,2.825416666666667,2.0957291666666666,0.7296874999999998,6,0,6,64.415,0.0,100.0,99.99,0.0,23.0,0.0,0.0
ARY_BESS_RN,2026-07-18,0.0,-32.3,0.0,-171.40349999999998,-171.40349999999998,4.129583333333334,3.0132291666666666,1.1163541666666668,2,4,6,22.60750000000001,-194.011,33.3,0.23,180.0,32.3,4320.0,0.7
AVIL_ESS_RN,2026-07-18,4.2,-6.9,18.505000000000003,35.45925,53.96425,25.230833333333333,19.9896875,5.241145833333333,22,2,24,56.02924999999999,-2.064999999999994,91.7,2.47,160.0,11.100000000000001,3840.0,0.3
AZURE_RN,2026-07-18,63.6,-8.1,210.38325,-78.222,132.16125,24.486666666666665,22.129479166666666,2.3571874999999998,20,4,24,217.20424999999997,-85.04299999999999,83.3,0.51,77.6,71.7,1862.3999999999999,3.8
BATCAVE_RN,2026-07-18,16.2,-502.7,-5.493500000000009,2723.5989999999997,2718.1054999999997,25.298333333333332,21.224999999999998,4.073333333333333,20,4,24,2838.2140000000004,-120.10849999999999,83.3,4.73,97.3,518.9,2335.2,22.2
BAYC_BESS_RN,2026-07-18,3.2,-50.9,5.094500000000001,439.00174999999996,444.09625,22.70375,18.7840625,3.9196874999999998,21,3,24,446.8982500000001,-2.8019999999999996,87.5,22.78,9.9,54.1,237.60000000000002,22.8
BCK_RN,2026-07-18,2337.1,-343.6,17167.211,720.8895000000002,17888.1005,21.709166666666665,18.0428125,3.666354166666667,20,4,24,17907.459749999998,-19.359249999999953,83.3,185.0,126.5,2680.7,3036.0,88.3
BCNV2_ES_RN,2026-07-18,0.0,-14.0,0.0,20.889999999999976,20.889999999999976,2.1908333333333334,2.0407291666666665,0.15010416666666662,2,2,4,23.689999999999998,-2.800000000000022,50.0,8.46,150.0,14.0,3600.0,0.4
BCNV_RN,2026-07-18,0.0,0.0,0.0,0.0,0.0,1.18375,1.0147916666666668,0.16895833333333332,0,0,0,0.0,0.0,0.0,0.0,150.0,0.0,3600.0,0.0
BEXAR_ES_RN,2026-07-18,103.3,-103.4,-1137.2585000000001,130.21099999999998,-1007.0475000000002,24.019166666666667,15.825520833333334,8.193645833333333,19,4,23,141.44649999999996,-1148.4940000000001,82.6,0.03,100.0,206.7,2400.0,8.6
BIGSTAR_ALL,2026-07-18,23.4,-3.0,148.6135,6.9780000000000015,155.5915,23.947083333333335,20.4603125,3.4867708333333334,20,4,24,158.868,-3.276500000000001,83.3,9.7,80.0,26.4,1920.0,1.4
BKSL_RN,2026-07-18,4.2,-24.3,7.6555,94.84125000000004,102.49675000000005,24.425,22.130312500000002,2.2946875,20,4,24,105.99975000000005,-3.503,83.3,6.05,100.0,28.5,2400.0,1.2
BLACKSPR_RN,2026-07-18,1.0,-14.0,-11.657500000000002,98.85499999999998,87.19749999999998,6.8237499999999995,6.159479166666666,0.6642708333333334,6,1,7,98.85499999999998,-11.657500000000002,85.7,1.41,120.0,15.0,2880.0,0.5
BLSMT1_5_A_6,2026-07-18,157.8,-52.6,325.29150000000004,-19.02300000000001,306.2685000000001,24.689999999999998,22.296979166666663,2.3930208333333334,20,4,24,471.82975,-165.56124999999997,83.3,0.57,150.0,210.4,3600.0,5.8
BLUEJAY_RN,2026-07-18,45.2,-47.4,-213.81025,264.5245000000001,50.714250000000064,26.144583333333333,23.916666666666668,2.227916666666666,20,4,24,349.0845000000001,-298.37025,83.3,0.23,50.0,92.6,1200.0,7.7
BLVN_RN,2026-07-18,1060.4,-16.9,6209.407249999999,115.09599999999998,6324.50325,23.693749999999998,21.113645833333333,2.580104166666666,20,4,24,6327.87275,-3.3694999999999986,83.3,375.6,180.0,1077.3000000000002,4320.0,24.9
BOCO_ESS_RN,2026-07-18,39.199999999999996,-22.7,419.82949999999994,-4.4652499999999815,415.36425,24.94541666666667,21.871666666666666,3.0737500000000004,21,3,24,445.88374999999996,-30.519499999999994,87.5,2.09,150.0,61.89999999999999,3600.0,1.7
BRHEIGHT_RN,2026-07-18,12.200000000000001,0.0,12.037999999999997,0.0,12.037999999999997,8.595416666666667,7.9584375,0.6369791666666665,8,1,9,19.1015,-7.063500000000002,88.9,0.34,10.0,12.200000000000001,240.0,5.1
BRPANGLE_RN,2026-07-18,0.0,-2.0,0.0,-0.8349999999999937,-0.8349999999999937,1.4983333333333333,1.5157291666666666,-0.017395833333333204,0,1,1,0.0,-0.8349999999999937,0.0,0.0,10.0,2.0,240.0,0.8
BRPMAGNO_RN,2026-07-18,66.4,-32.6,70.19699999999996,-24.739499999999985,45.45749999999998,27.073333333333334,25.434479166666666,1.6388541666666672,20,4,24,99.64999999999998,-54.1925,83.3,0.37,7.5,99.0,180.0,55.0
BRP_BRAZ_RN,2026-07-18,4.2,-6.1,9.417500000000002,24.5085,33.926,25.443749999999998,22.75708333333333,2.686666666666667,18,6,24,38.025999999999996,-4.099999999999998,75.0,3.09,10.0,10.3,240.0,4.3
BRP_DIKN_RN,2026-07-18,34.800000000000004,-1.6,28.56600000000002,3.7710000000000026,32.337000000000025,27.131249999999998,25.54625,1.585000000000001,19,5,24,35.744500000000016,-3.407499999999998,79.2,2.76,10.0,36.400000000000006,240.0,15.2
BRP_LOOP_RN,2026-07-18,0.0,-10.4,0.0,-10.605000000000015,-10.605000000000015,2.279166666666667,1.2629166666666667,1.01625,2,1,3,8.727499999999992,-19.332500000000007,66.7,0.23,10.0,10.4,240.0,4.3
BRP_LOP1_RN,2026-07-18,49.900000000000006,-2.2,251.0945000000001,18.8365,269.93100000000004,5.495416666666666,4.593333333333333,0.9020833333333336,3,4,7,363.0372500000001,-93.10624999999997,42.9,5.2,10.0,52.10000000000001,240.0,21.7
BRP_PBL1_RN,2026-07-18,272.7,0.0,1448.94,0.0,1448.94,32.83625,28.21302083333333,4.6232291666666665,19,5,24,2067.8900000000003,-618.95,79.2,0.88,10.0,272.7,240.0,113.6
BRP_PBL2_RN,2026-07-18,4.0,-35.0,12.827499999999997,28.89,41.7175,9.275833333333333,8.087083333333334,1.18875,7,5,12,227.385,-185.66750000000002,58.3,0.87,10.0,39.0,240.0,16.2
BRP_RN_UNIT1,2026-07-18,35.800000000000004,-10.0,341.5112500000001,30.378499999999995,371.8897500000001,24.12,19.87125,4.24875,19,4,23,374.8632500000001,-2.9735000000000014,82.6,26.54,10.0,45.800000000000004,240.0,19.1
BRP_SWNY_RN,2026-07-18,0.0,-31.0,0.0,-15.77999999999997,-15.77999999999997,0.7925,0.7625000000000001,0.029999999999999954,2,1,3,19.84500000000003,-35.625,66.7,0.28,10.0,31.0,240.0,12.9
BRP_ZPT1_RN,2026-07-18,0.0,-9.2,0.0,114.71225,114.71225,2.1216666666666666,0.5582291666666667,1.5634375,5,1,6,114.78325000000001,-0.07099999999999991,83.3,323.33,10.0,9.2,240.0,3.8
BRP_ZPT2_RN,2026-07-18,263.9,-13.3,70.01650000000011,231.8895,301.9060000000001,16.027916666666666,12.715729166666668,3.3121875000000003,12,12,24,794.8965000000001,-492.9904999999999,50.0,1.61,7.5,277.2,180.0,154.0
BR_ARROW_ALL,2026-07-18,49.7,-2.6,199.618,0.5494999999999992,200.1675,25.46625,23.057708333333334,2.4085416666666664,20,4,24,206.3145,-6.147000000000002,83.3,6.71,51.7,52.300000000000004,1240.8000000000002,4.2
BSS_U1,2026-07-18,22.6,-28.9,93.409,99.45224999999999,192.86125,25.771666666666665,22.942083333333333,2.829583333333334,19,5,24,201.56925,-8.708000000000013,79.2,6.09,9.9,51.5,237.60000000000002,21.7
BUDA_RN,2026-07-18,0.0,-3.0,0.0,13.3675,13.3675,4.06125,3.5329166666666665,0.5283333333333333,3,0,3,13.3675,0.0,100.0,99.99,9.9,3.0,237.60000000000002,1.3
BYP_RN,2026-07-18,1.0,-666.0,2.0224999999999973,151.2049999999999,153.2274999999999,14.744166666666667,13.183437500000002,1.5607291666666665,7,1,8,362.3175,-209.09000000000012,87.5,0.25,200.0,667.0,4800.0,13.9
BYRDR_ES_ALL,2026-07-18,0.0,-2.0,0.0,-0.8250000000000028,-0.8250000000000028,1.5599999999999998,1.4367708333333333,0.1232291666666665,0,1,1,0.0,-0.8250000000000028,0.0,0.0,50.0,2.0,1200.0,0.2
C5_RN,2026-07-18,0.0,0.0,0.0,0.0,0.0,1.2620833333333332,1.73625,-0.4741666666666668,0,0,0,0.0,0.0,0.0,0.0,0.0,0.0,0.0,0.0
CACH_ESS_RN,2026-07-18,3.9000000000000004,-3.0,10.534500000000001,7.9065,18.441000000000003,24.107083333333335,20.804895833333333,3.3021875000000005,20,4,24,21.338500000000003,-2.8974999999999986,83.3,1.47,200.0,6.9,4800.0,0.1
CAMWIND_RN,2026-07-18,118.9,-392.40000000000003,431.12525000000005,-21.086999999999897,410.0382500000001,15.740416666666667,15.281666666666666,0.4587500000000004,12,12,24,1228.2062500000002,-818.168,50.0,1.5,16.4,511.30000000000007,393.59999999999997,129.9
CARA_ESS_RN,2026-07-18,0.0,-48.0,0.0,237.13,237.13,0.82125,0.6028125,0.21843750000000006,15,5,20,255.05749999999998,-17.927499999999995,75.0,4.74,98.3,48.0,2359.2,2.0
CARN_ESS_RN,2026-07-18,2.7,-4.7,0.47925000000000084,27.903750000000002,28.383000000000003,19.704583333333336,17.2915625,2.4130208333333334,14,10,24,31.632750000000005,-3.2497500000000006,58.3,6.95,150.0,7.4,3600.0,0.2
CARRIZO_ESR1,2026-07-18,8.7,-7.9,107.57775000000001,73.476,181.05375,35.596666666666664,30.706666666666667,4.890000000000001,19,5,24,196.56225,-15.5085,79.2,3.34,9.0,16.6,216.0,7.7
CARTWHL_RN,2026-07-18,0.0,0.0,0.0,0.0,0.0,3.516666666666667,3.0725,0.4441666666666669,0,0,0,0.0,0.0,0.0,0.0,150.0,0.0,3600.0,0.0
CASL_GAP_UN1,2026-07-18,87.2,-29.5,365.69849999999997,286.246,651.9445,11.548333333333332,8.89875,2.6495833333333336,15,0,15,651.9445,0.0,100.0,99.99,3.9,116.7,93.6,124.7
CAST_ESS_RN,2026-07-18,1.0,-7.0,1.0500000000000007,-5.07500000000001,-4.025000000000009,4.735833333333333,3.6759375,1.0598958333333337,1,1,2,3.150000000000002,-7.175000000000011,50.0,0.44,200.0,8.0,4800.0,0.2
CATARINA_B1,2026-07-18,83.7,-490.4,1532.6100000000001,6847.8665,8380.4765,38.83083333333334,3.079166666666666,35.751666666666665,22,2,24,10113.9775,-1733.5009999999997,91.7,0.53,9.9,574.1,237.60000000000002,241.6
CEDRVALE_RN,2026-07-18,4.2,-62.0,11.7715,103.40149999999997,115.17299999999997,25.308333333333334,21.74927083333333,3.5590624999999996,21,3,24,139.04399999999995,-23.87099999999998,87.5,0.83,9.9,66.2,237.60000000000002,27.9
CFLAT_ES_RN,2026-07-18,0.0,-1.0,0.0,9.134999999999998,9.134999999999998,2.3666666666666667,2.147604166666667,0.21906249999999994,1,0,1,9.134999999999998,0.0,100.0,99.99,0.0,1.0,0.0,0.0
CHIL_SLR,2026-07-18,581.4,-1.6,2639.692,7.716999999999999,2647.409,23.824166666666667,21.192604166666666,2.6315625,20,4,24,2650.4464999999996,-3.0375,83.3,174.51,150.0,583.0,3600.0,16.2
CISC_RN,2026-07-18,8.6,-29.9,53.46649999999999,43.527499999999996,96.99399999999999,26.123333333333335,23.079062500000003,3.044270833333332,20,4,24,105.0285,-8.034499999999998,83.3,2.61,9.9,38.5,237.60000000000002,16.2
CITRUSCY_RN,2026-07-18,3.2,-131.9,9.05,482.46925,491.51925,19.819166666666668,15.8978125,3.9213541666666667,14,10,24,612.4045,-120.88524999999998,58.3,3.62,9.9,135.1,237.60000000000002,56.9
CLO_RN,2026-07-18,4.300000000000001,-83.8,6.308000000000002,167.92650000000006,174.23450000000005,27.687916666666666,25.9178125,1.7701041666666668,19,5,24,208.7597500000001,-34.52525000000002,79.2,1.59,100.0,88.1,2400.0,3.7
CLT_RN,2026-07-18,0.0,0.0,0.0,0.0,0.0,26.55666666666667,24.204166666666666,2.352499999999999,0,0,0,0.0,0.0,0.0,0.0,100.0,0.0,2400.0,0.0
CNLY_ESS_RN,2026-07-18,4.6000000000000005,-0.6000000000000001,12.744250000000003,3.732999999999999,16.47725,25.735,22.9965625,2.7384375,20,4,24,19.60425,-3.1269999999999993,83.3,1.25,125.0,5.200000000000001,3000.0,0.2
CNTRY_RN,2026-07-18,4.2,-64.6,8.8,328.75649999999996,337.55649999999997,25.702083333333334,23.173125,2.5289583333333336,20,4,24,340.7349999999999,-3.1785000000000005,83.3,21.44,9.8,68.8,235.20000000000002,29.3
CNTYRDS_RN,2026-07-18,0.0,-2.0,0.0,-24.979999999999997,-24.979999999999997,0.0,0.0,0.0,0,1,1,0.0,-24.979999999999997,0.0,0.0,9.9,2.0,237.60000000000002,0.8
CONTINEN_RN,2026-07-18,42.2,-7.9,218.53725,30.214250000000003,248.7515,18.656666666666666,14.914270833333333,3.7423958333333336,11,11,22,334.75174999999996,-86.00025,50.0,3.89,0.0,50.1,0.0,0.0
CORALSLR_ALL,2026-07-18,529.0,-27.2,3203.4342500000002,112.04624999999999,3315.4805,24.227083333333336,21.631979166666667,2.5951041666666668,20,4,24,3318.579,-3.0985,83.3,214.21,51.4,556.2,1233.6,45.1
CORAZON_RN,2026-07-18,172.7,-406.59999999999997,772.8155,3226.7019999999998,3999.5175,12.264583333333334,8.9515625,3.3130208333333333,14,10,24,4085.4312499999996,-85.91375,58.3,33.97,195.0,579.3,4680.0,12.4
COYOTSPR_RN,2026-07-18,0.0,0.0,0.0,0.0,0.0,0.6083333333333333,0.2939583333333333,0.314375,0,0,0,0.0,0.0,0.0,0.0,9.9,0.0,237.60000000000002,0.0
CROSSETT_ALL,2026-07-18,80.0,-47.6,662.4275000000002,230.5575,892.9850000000002,25.21083333333333,21.088333333333335,4.1225,22,2,24,902.4730000000002,-9.488000000000003,91.7,8.65,100.0,127.6,2400.0,5.3
CROSSTRL_RN,2026-07-18,42.1,-4.6,207.44124999999997,-3.2149999999999905,204.22625,25.61583333333333,21.905729166666664,3.710104166666666,21,3,24,246.57774999999998,-42.3515,87.5,0.83,57.0,46.7,1368.0,3.4
CR_RN,2026-07-18,4.4,-0.7000000000000001,4.702499999999999,3.4789999999999996,8.181499999999998,27.327083333333334,25.872500000000002,1.454583333333333,19,5,24,11.150999999999998,-2.969500000000001,79.2,0.99,9.8,5.1000000000000005,235.20000000000002,2.2
CS_RN,2026-07-18,14.6,-30.3,-0.4479999999999933,23.622500000000073,23.17450000000008,27.14125,25.7246875,1.4165625000000002,19,5,24,32.42900000000007,-9.254499999999997,79.2,0.92,7.0,44.9,168.0,26.7
CTW_RN,2026-07-18,40.699999999999996,-15.6,185.40349999999998,49.105,234.50849999999997,25.85375,23.441041666666667,2.412708333333333,20,4,24,237.42649999999995,-2.918000000000001,83.3,16.27,150.0,56.3,3600.0,1.6
DAN_ALL,2026-07-18,236.1,-84.9,2379.31825,895.5925,3274.91075,20.673750000000002,16.318854166666664,4.354895833333334,20,4,24,3277.7707499999997,-2.86,83.3,229.21,76.3,321.0,1831.1999999999998,17.5
DA_BESS,2026-07-18,4.2,-0.6000000000000001,10.085000000000003,3.4675,13.552500000000002,25.455416666666665,22.631979166666667,2.8234375000000003,20,4,24,16.461000000000002,-2.9085,83.3,1.13,5.0,4.800000000000001,120.0,4.0
DA_BESS2,2026-07-18,0.0,-2.0,0.0,-0.8250000000000028,-0.8250000000000028,0.0,0.0,0.0,0,1,1,0.0,-0.8250000000000028,0.0,0.0,9.9,2.0,237.60000000000002,0.8
DC2SES_ALL,2026-07-18,17.5,-43.4,37.97199999999999,166.2565,204.2285,24.667083333333334,23.377291666666665,1.2897916666666667,17,7,24,214.53549999999998,-10.306999999999995,70.8,8.57,66.5,60.9,1596.0,3.8
DESN_ESS_RN,2026-07-18,0.0,0.0,0.0,0.0,0.0,2.6054166666666667,2.146666666666667,0.45874999999999994,0,0,0,0.0,0.0,0.0,0.0,200.0,0.0,4800.0,0.0
DGFS_ESR_RN,2026-07-18,4.2,-1.6,17.8745,13.098000000000003,30.972500000000004,25.229166666666668,20.142187500000002,5.0869791666666675,23,1,24,31.155000000000005,-0.18249999999999958,95.8,7.42,75.0,5.800000000000001,1800.0,0.3
DIBOL_RN,2026-07-18,0.0,0.0,0.0,0.0,0.0,3.395,3.092708333333333,0.3022916666666666,0,0,0,0.0,0.0,0.0,0.0,9.9,0.0,237.60000000000002,0.0
DKNS_ESS_RN,2026-07-18,0.0,-16.8,0.0,36.63900000000002,36.63900000000002,2.01125,2.5157291666666666,-0.5044791666666667,4,1,5,42.11900000000002,-5.480000000000004,80.0,1.92,50.0,16.8,1200.0,1.4
DRAK_ESS_RN,2026-07-18,0.0,0.0,0.0,0.0,0.0,23.44,22.7475,0.6925000000000026,0,0,0,0.0,0.0,0.0,0.0,150.0,0.0,3600.0,0.0
DSWL_BES1,2026-07-18,4.2,-50.6,8.168000000000001,162.64650000000003,170.8145,25.58,23.1759375,2.4040625,20,4,24,174.0095,-3.194999999999999,83.3,10.89,150.0,54.800000000000004,3600.0,1.5
EBNY_ESS_RN,2026-07-18,77.60000000000001,-2.2,514.3782500000002,8.008000000000001,522.3862500000001,23.990416666666665,20.742708333333333,3.247708333333333,19,4,23,525.3057500000001,-2.9195,82.6,37.88,200.0,79.80000000000001,4800.0,1.7
ELMCRK_RN,2026-07-18,4.300000000000001,-46.6,11.296750000000001,-59.968499999999985,-48.67174999999998,25.10083333333333,22.048645833333335,3.0521875000000005,20,4,24,66.09925,-114.77099999999997,83.3,0.12,9.9,50.900000000000006,237.60000000000002,21.4
ELM_ST_RN,2026-07-18,0.0,0.0,0.0,0.0,0.0,0.9474999999999999,0.5844791666666667,0.3630208333333333,0,0,0,0.0,0.0,0.0,0.0,9.9,0.0,237.60000000000002,0.0
ELM_ST_RN2,2026-07-18,0.0,-1.0,0.0,0.5750000000000011,0.5750000000000011,2.848333333333333,2.778541666666667,0.06979166666666677,1,0,1,0.5750000000000011,0.0,100.0,99.99,9.9,1.0,237.60000000000002,0.4
ELSA_ESR_RN,2026-07-18,90.1,-200.7,934.8182499999999,2302.8175,3237.63575,21.61125,16.4734375,5.1378125,15,9,24,3252.4464999999996,-14.810749999999997,62.5,131.76,9.9,290.79999999999995,237.60000000000002,122.4
ELZA_SLR_RN,2026-07-18,20.8,-1.6,87.25050000000002,4.8285,92.07900000000001,25.359583333333333,23.083333333333332,2.2762499999999997,20,4,24,95.414,-3.3350000000000013,83.3,5.72,100.0,22.400000000000002,2400.0,0.9
EMPCT_RN,2026-07-18,4.5,-53.6,10.709500000000002,273.2405,283.95,25.589583333333334,23.118333333333336,2.47125,20,4,24,288.51300000000003,-4.563000000000005,83.3,12.65,9.9,58.1,237.60000000000002,24.5
ENDPARK_ESS1,2026-07-18,4.0,-33.6,6.069,112.7555,118.8245,24.271666666666665,22.005312500000002,2.2663541666666664,19,5,24,125.0725,-6.248000000000002,79.2,5.27,50.0,37.6,1200.0,3.1
ESCONDID_ESR,2026-07-18,78.0,-0.4,350.16574999999995,0.022999999999998993,350.1887499999999,31.9825,27.3303125,4.6521875,20,4,24,485.83599999999996,-135.64725000000004,83.3,0.72,0.0,78.4,0.0,0.0
ESTONIAN_ALL,2026-07-18,39.9,-0.6000000000000001,197.50725,3.5349999999999993,201.04225,25.495,23.046875,2.4481249999999997,20,4,24,204.25224999999998,-3.2100000000000004,83.3,12.73,101.6,40.5,2438.3999999999996,1.7
EUNICE_ALL,2026-07-18,225.2,-70.1,1226.3120000000001,463.5875,1689.8995000000002,25.405,21.685208333333335,3.719791666666667,21,3,24,1692.339,-2.4395,87.5,99.1,17.0,295.29999999999995,408.0,72.4
EVLN_ESS_RN,2026-07-18,4.800000000000001,-1.6,6.4422500000000005,2.7740000000000005,9.21625,27.165000000000003,25.61145833333333,1.5535416666666668,19,5,24,13.301750000000002,-4.0855000000000015,79.2,0.86,220.0,6.4,5280.0,0.1
E_HARRIS_RN,2026-07-18,2.2,-29.5,-2.8304999999999985,17.675500000000003,14.845,17.565,15.701354166666667,1.863645833333334,13,10,23,51.04124999999999,-36.196249999999985,56.5,1.08,9.9,31.7,237.60000000000002,13.3
FALFUR_RN,2026-07-18,2.6,-116.9,-0.6714999999999982,494.12175,493.45025000000004,18.27541666666667,15.689062499999999,2.586354166666667,13,11,24,584.8135,-91.36324999999997,54.2,5.42,9.9,119.5,237.60000000000002,50.3
FALFUR_RN2,2026-07-18,0.0,-5.1,0.0,22.79875,22.79875,7.532500000000001,1.183125,6.349375,1,1,2,22.8125,-0.013749999999999929,50.0,1659.09,9.8,5.1,235.20000000000002,2.2
FAULKNER_RN,2026-07-18,0.0,-8.0,0.0,-36.85000000000001,-36.85000000000001,2.5258333333333334,2.3575,0.16833333333333353,1,1,2,13.449999999999989,-50.3,50.0,0.27,9.9,8.0,237.60000000000002,3.4
FENCESLR_ALL,2026-07-18,35.5,-4.6,171.69,1.607000000000001,173.297,25.201666666666668,22.645416666666666,2.55625,20,4,24,179.9755,-6.6785000000000005,83.3,5.39,71.0,40.1,1704.0,2.4
FERD_ESS_RN,2026-07-18,2.0,-10.0,6.859999999999999,-17.060000000000002,-10.200000000000003,11.674166666666666,29.770104166666666,-18.095937499999998,3,2,5,14.722499999999997,-24.9225,60.0,0.39,200.0,12.0,4800.0,0.2
FIVEWSLR_ALL,2026-07-18,1916.8,0.0,8658.013500000001,0.0,8658.013500000001,14.419166666666667,12.150416666666667,2.2687500000000003,12,1,13,8669.681,-11.6675,92.3,61.92,220.0,1916.8,5280.0,36.3
FLOWERII_RN,2026-07-18,80.5,-80.4,505.94350000000003,376.67675,882.62025,25.28916666666667,21.612291666666668,3.6768750000000003,21,3,24,937.7482500000001,-55.128,87.5,2.43,100.0,160.9,2400.0,6.7
FLTBES1,2026-07-18,0.0,-90.0,0.0,-61.949999999999996,-61.949999999999996,1.1395833333333334,1.0191666666666668,0.12041666666666669,4,2,6,128.025,-189.975,66.7,0.34,8.5,90.0,204.0,44.1
FLVABES1_ESR,2026-07-18,49.0,0.0,277.0225,0.0,277.0225,10.574583333333333,8.322083333333333,2.2525,4,0,4,277.0225,0.0,100.0,99.99,9.9,49.0,237.60000000000002,20.6
FORTMA_RN,2026-07-18,33.0,-77.0,142.28499999999997,545.415,687.6999999999999,11.119166666666667,9.158854166666666,1.9603124999999997,14,1,15,690.115,-2.414999999999999,93.3,20.41,0.0,110.0,0.0,0.0
FRMRSVLW_RN,2026-07-18,4.4,-0.6000000000000001,10.233750000000002,3.431000000000001,13.664750000000003,25.50791666666667,23.06260416666667,2.4453125000000004,20,4,24,16.856750000000005,-3.1920000000000006,83.3,1.06,9.9,5.0,237.60000000000002,2.1
FRMR_BS2_RN1,2026-07-18,0.0,0.0,0.0,0.0,0.0,2.6950000000000003,2.2604166666666665,0.4345833333333333,0,0,0,0.0,0.0,0.0,0.0,9.9,0.0,237.60000000000002,0.0
FTDUNCAN_RN,2026-07-18,5.5,-2.9,36.5735,10.399749999999997,46.97325,32.4225,27.7859375,4.6365625,20,4,24,57.77924999999999,-10.806000000000001,83.3,1.07,100.0,8.4,2400.0,0.4
GAIA_SLR_RN,2026-07-18,10.0,0.0,43.685,0.0,43.685,11.962916666666667,10.645625,1.3172916666666665,10,0,10,43.685,0.0,100.0,99.99,75.0,10.0,1800.0,0.6
GAMBIT_RN,2026-07-18,20.7,-67.7,100.55025000000003,-1.0054999999999268,99.5447500000001,25.429166666666664,22.70114583333333,2.7280208333333333,2,3,5,135.14525000000003,-35.600499999999926,40.0,5.69,100.0,88.4,2400.0,3.7
GARC_BESS_RN,2026-07-18,2.3000000000000003,-2.6000000000000005,3.777,13.953750000000003,17.730750000000004,18.387083333333333,14.777604166666668,3.6094791666666666,11,10,21,22.167750000000005,-4.437,52.4,4.54,9.9,4.9,237.60000000000002,2.1
GIGA_ESS_RN,2026-07-18,4.4,-20.6,11.275750000000002,90.89900000000002,102.17475000000002,24.965,21.766562500000003,3.1984375000000003,19,5,24,113.53075000000001,-11.355999999999995,79.2,2.63,125.0,25.0,3000.0,0.8
GKS_BESS_RN,2026-07-18,53.0,-314.7,-356.9977500000002,2496.64,2139.64225,18.969583333333333,15.838229166666666,3.1313541666666667,14,9,23,2509.6515,-370.0092500000002,60.9,4.36,87.0,367.7,2088.0,17.6
GODY_SLR_RN,2026-07-18,120.0,-34.0,212.3625,54.217499999999994,266.58,7.408333333333334,6.611458333333334,0.796875,14,2,16,270.42249999999996,-3.8425000000000082,87.5,10.05,50.0,154.0,1200.0,12.8
GOMZ_RN,2026-07-18,4.2,-4.6,11.4475,-4.197499999999984,7.250000000000016,25.265416666666667,21.752916666666668,3.5124999999999997,21,3,24,20.302,-13.051999999999984,87.5,0.22,9.9,8.8,237.60000000000002,3.7
GOODWIN_ESR,2026-07-18,23.099999999999998,-23.9,-100.12424999999999,1.290750000000016,-98.83349999999997,19.380416666666665,15.645104166666668,3.7353124999999996,13,10,23,21.12125,-119.95474999999998,56.5,0.14,9.9,47.0,237.60000000000002,19.8
GRDNE_ESR_RN,2026-07-18,8.600000000000001,-0.6000000000000001,47.145500000000006,5.358500000000001,52.504000000000005,25.437083333333334,21.680833333333336,3.75625,21,3,24,54.7835,-2.2794999999999987,87.5,3.43,9.9,9.200000000000001,237.60000000000002,3.9
GREGORY_RN,2026-07-18,3.1,-8.2,4.916250000000002,42.35625,47.2725,21.375833333333333,17.319895833333334,4.0559375,18,6,24,50.02550000000001,-2.7529999999999997,75.0,6.06,0.0,11.299999999999999,0.0,0.0
GUNR_RN,2026-07-18,0.0,0.0,0.0,0.0,0.0,21.759999999999998,19.49875,2.2612500000000004,0,0,0,0.0,0.0,0.0,0.0,150.0,0.0,3600.0,0.0
GZ_RN,2026-07-18,74.19999999999999,-24.6,-73.50850000000003,13.239499999999992,-60.26900000000004,27.203333333333333,25.821875000000002,1.3814583333333335,20,4,24,65.95199999999998,-126.22100000000002,83.3,0.1,9.0,98.79999999999998,216.0,45.7
HAMI_BESS_RN,2026-07-18,11.0,-32.0,85.805,89.15,174.955,15.940416666666666,12.125416666666666,3.815,17,1,18,209.19500000000005,-34.24000000000001,94.4,0.36,9.9,43.0,237.60000000000002,18.1
HARLIN_1_RN,2026-07-18,0.0,-11.3,0.0,39.21874999999999,39.21874999999999,2.924166666666667,2.4462499999999996,0.4779166666666668,5,0,5,39.21875,0.0,100.0,99.99,0.0,11.3,0.0,0.0
HEADCAMP_RN,2026-07-18,0.0,0.0,0.0,0.0,0.0,0.0,0.0,0.0,0,0,0,0.0,0.0,0.0,0.0,150.0,0.0,3600.0,0.0
HEARN_RD_RN,2026-07-18,62.8,-42.0,-130.2305,62.901750000000014,-67.32874999999997,19.858333333333334,17.307291666666668,2.551041666666667,16,8,24,74.19325000000002,-141.52200000000002,66.7,0.26,9.8,104.8,235.20000000000002,44.6
HEN_RN,2026-07-18,1.0,0.0,6.102500000000003,0.0,6.102500000000003,6.286666666666666,6.071354166666666,0.21531250000000016,1,0,1,6.102500000000003,0.0,100.0,99.99,150.0,1.0,3600.0,0.0
HI_LONEB_RN1,2026-07-18,19.700000000000003,-58.8,48.236250000000005,68.1675,116.40375,24.37625,21.001666666666665,3.3745833333333337,19,5,24,127.24725000000002,-10.843500000000004,79.2,3.09,50.0,78.5,1200.0,6.5
HLY_RN,2026-07-18,0.0,0.0,0.0,0.0,0.0,1.7316666666666667,1.4439583333333335,0.2877083333333334,0,0,0,0.0,0.0,0.0,0.0,102.0,0.0,2448.0,0.0
HMNG_ESS_RN,2026-07-18,4.4,-12.4,10.744500000000004,60.27725000000002,71.02175000000003,25.412916666666664,22.861874999999998,2.5510416666666673,20,4,24,74.46425000000004,-3.4425000000000017,83.3,4.33,100.0,16.8,2400.0,0.7
HNY_COMB_RN,2026-07-18,0.0,0.0,0.0,0.0,0.0,22.405,22.585,-0.17999999999999794,0,0,0,0.0,0.0,0.0,0.0,61.5,0.0,1476.0,0.0
HOLCOMB_RN1,2026-07-18,0.0,0.0,0.0,0.0,0.0,7.9695833333333335,13.3728125,-5.403229166666667,0,0,0,0.0,0.0,0.0,0.0,9.9,0.0,237.60000000000002,0.0
HOUSEMTN_RN,2026-07-18,50.7,-14.399999999999999,394.04675,34.96975000000003,429.0165,25.24791666666667,21.074895833333333,4.173020833333333,22,2,24,430.7745,-1.7580000000000007,91.7,22.28,60.0,65.1,1440.0,4.5
HRMS_SLR_RN,2026-07-18,5.8,-8.0,1.8420000000000023,10.645000000000005,12.487000000000007,5.0129166666666665,4.979479166666667,0.033437500000000155,6,1,7,24.16700000000001,-11.68,85.7,0.34,100.0,13.8,2400.0,0.6
HV_BESS1_RN,2026-07-18,0.30000000000000004,-2.1,1.6122499999999995,-0.8620000000000048,0.750249999999995,7.416250000000001,6.419999999999999,0.9962499999999999,4,1,5,1.9952499999999993,-1.2450000000000045,80.0,0.4,0.0,2.4000000000000004,0.0,0.0
HWY6_RN,2026-07-18,0.0,-9.0,0.0,23.120000000000005,23.120000000000005,3.609166666666667,3.3565625000000003,0.2526041666666668,5,0,5,23.120000000000005,0.0,100.0,99.99,9.9,9.0,237.60000000000002,3.8
HYDR_ESS_RN,2026-07-18,0.0,-37.9,0.0,180.34274999999997,180.34274999999997,3.299166666666667,2.0471875,1.2519791666666666,7,1,8,190.60849999999996,-10.26575,87.5,2.65,200.0,37.9,4800.0,0.8
IND_INADALE1,2026-07-18,231.9,-2.8000000000000003,351.29299999999995,-0.28899999999999704,351.00399999999996,24.416666666666668,21.90416666666667,2.5125,20,4,24,382.0054999999999,-31.001499999999997,83.3,2.46,9.9,234.70000000000002,237.60000000000002,98.8
INRT_W_ALL,2026-07-18,3627.0,-2.6,7767.548500000002,18.884999999999998,7786.433500000001,24.506666666666664,22.14375,2.362916666666667,20,4,24,11036.899250000002,-3250.4657500000003,83.3,0.68,13.0,3629.6,312.0,1163.3
JADE_SLR_ALL,2026-07-18,71.10000000000001,-0.6000000000000001,322.04425,3.4875000000000003,325.53175,24.379583333333333,22.029687499999998,2.3498958333333335,20,4,24,347.5705,-22.03875,83.3,3.15,81.9,71.7,1965.6000000000001,3.6
JAG_SLR_RN,2026-07-18,3.6,-2.2,5.790500000000002,8.379500000000002,14.170000000000005,23.839583333333334,21.482708333333335,2.3568750000000005,20,4,24,17.297500000000003,-3.127499999999999,83.3,1.11,150.0,5.800000000000001,3600.0,0.2
JAR_RN,2026-07-18,4.2,-14.6,6.1805,10.967000000000013,17.147500000000015,26.7325,24.791354166666665,1.9411458333333336,20,4,24,21.000500000000002,-3.8529999999999927,83.3,1.09,156.0,18.8,3744.0,0.5
JC_BAT_RN,2026-07-18,4.300000000000001,-4.6,13.42675,7.327000000000003,20.753750000000004,25.00583333333333,21.303645833333334,3.7021874999999995,20,4,24,24.066750000000003,-3.313000000000001,83.3,1.45,1.2,8.9,28.799999999999997,30.9
JDKNS_RN,2026-07-18,4.2,-12.6,12.348500000000003,-16.267999999999976,-3.919499999999973,25.347083333333334,21.653229166666666,3.6938541666666675,21,3,24,43.03700000000002,-46.9565,87.5,0.13,9.9,16.8,237.60000000000002,7.1
JUNCTION_RN,2026-07-18,407.8,-51.5,1319.7782499999998,324.37175,1644.1499999999999,24.510416666666668,21.435729166666665,3.0746874999999996,17,7,24,2226.4517499999997,-582.3017500000001,70.8,1.57,9.9,459.3,237.60000000000002,193.3
JUNORTH_RN,2026-07-18,241.29999999999998,-58.5,329.92674999999986,451.29999999999995,781.2267499999998,24.435,21.435729166666665,2.9992708333333327,16,7,23,1284.6664999999998,-503.4397500000001,69.6,1.12,9.9,299.79999999999995,237.60000000000002,126.2
KEG_RN,2026-07-18,0.0,-1.0,0.0,-0.35249999999999915,-0.35249999999999915,0.9195833333333333,0.9342708333333333,-0.014687499999999964,0,1,1,0.0,-0.35249999999999915,0.0,0.0,160.0,1.0,3840.0,0.0
KNAPP_RN,2026-07-18,9.0,-148.0,94.285,1108.89325,1203.1782500000002,13.203333333333333,9.926979166666667,3.2763541666666662,19,5,24,1244.27825,-41.10000000000001,79.2,7.97,0.0,157.0,0.0,0.0
LANTANA_RN,2026-07-18,2.6,-18.5,-0.04949999999999888,21.84425000000001,21.79475000000001,19.67875,17.241458333333334,2.437291666666667,13,10,23,53.488000000000014,-31.693249999999995,56.5,1.3,9.9,21.1,237.60000000000002,8.9
LAUR_BESS_RN,2026-07-18,2.2,-18.5,-2.8254999999999995,-16.01375,-18.839250000000003,17.11375,15.5878125,1.5259375000000002,12,11,23,24.804999999999996,-43.64425,52.2,0.52,9.8,20.7,235.20000000000002,8.8
LBRA_BES1,2026-07-18,3.3000000000000003,-33.6,5.236750000000001,230.41650000000004,235.65325000000004,23.59625,19.682291666666668,3.9139583333333334,20,4,24,238.51225000000002,-2.8589999999999995,83.3,16.69,200.0,36.9,4800.0,0.8
LEAKEY_RN,2026-07-18,0.0,-1.0,0.0,1.7699999999999996,1.7699999999999996,1.0929166666666668,1.0191666666666668,0.07374999999999998,1,0,1,1.7699999999999996,0.0,100.0,99.99,0.0,1.0,0.0,0.0
LFSTH_RN,2026-07-18,4.7,-0.6000000000000001,13.342750000000002,3.321000000000001,16.663750000000004,25.86583333333333,23.090208333333333,2.7756250000000002,21,3,24,19.28975,-2.6259999999999986,87.5,1.05,9.9,5.300000000000001,237.60000000000002,2.2
LIGSW_RN,2026-07-18,4.300000000000001,-25.6,9.827499999999999,114.376,124.20350000000002,25.620833333333334,23.105,2.515833333333333,20,4,24,128.72650000000002,-4.523000000000006,83.3,5.69,9.8,29.900000000000002,235.20000000000002,12.7
LILY_RN,2026-07-18,21.4,-5.6,82.827,2.082499999999995,84.9095,25.352083333333336,23.048125,2.3039583333333336,20,4,24,89.60549999999999,-4.696000000000004,83.3,3.82,50.0,27.0,1200.0,2.2
LK_RN,2026-07-18,0.0,-4.0,0.0,7.8700000000000045,7.8700000000000045,2.314166666666667,2.7382291666666667,-0.42406249999999995,2,0,2,7.8700000000000045,0.0,100.0,99.99,0.0,4.0,0.0,0.0
LMO_ESR_RN,2026-07-18,4.6000000000000005,-61.4,8.584250000000003,266.3072499999999,274.89149999999995,26.279583333333335,24.3146875,1.964895833333333,20,4,24,277.93449999999996,-3.043000000000001,83.3,18.27,100.0,66.0,2400.0,2.8
LONESTAR_RN,2026-07-18,14.100000000000001,-4.6,52.24500000000001,-44.22399999999998,8.021000000000033,25.32875,21.726874999999996,3.601875000000001,21,3,24,60.576000000000015,-52.554999999999986,87.5,0.16,9.9,18.700000000000003,237.60000000000002,7.9
LON_RN1,2026-07-18,18.0,-2.6,62.357250000000015,2.638999999999999,64.99625000000002,25.735,23.246458333333333,2.488541666666667,20,4,24,68.63675,-3.6405000000000016,83.3,3.77,174.0,20.6,4176.0,0.5
LOWR_ESS_RN,2026-07-18,0.0,-9.1,0.0,35.03175000000001,35.03175000000001,2.1104166666666666,2.0069791666666665,0.10343750000000014,2,2,4,38.43750000000001,-3.4057500000000003,50.0,11.29,60.0,9.1,1440.0,0.6
LUCKYBLU_RN,2026-07-18,3.0,-7.0,-73.32750000000001,0.5350000000000037,-72.79250000000002,10.224166666666667,9.711354166666666,0.5128125000000002,3,2,5,5.240000000000002,-78.03250000000001,60.0,0.04,100.0,10.0,2400.0,0.4
LYNX_ESS_RN,2026-07-18,0.0,-8.0,0.0,-1.8199999999999932,-1.8199999999999932,2.004166666666667,1.7454166666666666,0.25875000000000004,1,3,4,1.3350000000000009,-3.154999999999994,25.0,1.27,75.0,8.0,1800.0,0.4
LYSSY_RN,2026-07-18,64.3,-24.2,-189.68699999999998,24.131999999999987,-165.555,23.77416666666667,25.053854166666667,-1.2796875000000003,17,7,24,158.47400000000002,-324.02900000000005,70.8,0.2,0.0,88.5,0.0,0.0
L_FRE_ESR_RN,2026-07-18,2.0,-79.2,8.9775,113.88450000000006,122.86200000000007,5.5633333333333335,3.9278125,1.6355208333333333,13,11,24,214.09400000000002,-91.23199999999997,54.2,1.99,9.9,81.2,237.60000000000002,34.2
MADERO_RN,2026-07-18,0.0,-6.1,0.0,-3.801749999999993,-3.801749999999993,0.0,0.0,0.0,2,2,4,0.7582500000000021,-4.559999999999995,50.0,0.17,100.0,6.1,2400.0,0.3
MAINLAND_RN,2026-07-18,4.800000000000001,-0.6000000000000001,7.073750000000001,3.1365,10.21025,27.06958333333333,25.4265625,1.6430208333333332,20,4,24,13.14525,-2.9350000000000005,83.3,0.9,9.9,5.4,237.60000000000002,2.3
MEDILA_RN,2026-07-18,44.199999999999996,-26.8,-114.76849999999999,87.24400000000003,-27.524499999999957,24.387083333333333,19.913124999999997,4.473958333333333,20,4,24,126.76000000000003,-154.28449999999998,83.3,0.16,0.0,71.0,0.0,0.0
MEDINA1_RN,2026-07-18,0.0,0.0,0.0,0.0,0.0,0.0,0.0,0.0,0,0,0,0.0,0.0,0.0,0.0,0.0,0.0,0.0,0.0
MESQUITE_RN,2026-07-18,0.0,-31.3,0.0,58.28850000000001,58.28850000000001,0.8954166666666666,0.9478125,-0.05239583333333334,6,5,11,76.09850000000002,-17.81,54.5,3.56,9.9,31.3,237.60000000000002,13.2
MESQUITE_RN2,2026-07-18,0.0,-12.3,0.0,17.500999999999987,17.500999999999987,0.0,0.0,0.0,3,2,5,35.64099999999999,-18.140000000000008,60.0,1.31,0.0,12.3,0.0,0.0
MIDP_SLR_RN,2026-07-18,56.8,-62.8,441.2895,308.98575000000005,750.27525,23.10625,17.985520833333336,5.120729166666666,20,4,24,755.7057499999999,-5.430499999999967,83.3,27.83,50.0,119.6,1200.0,10.0
MIDWY_RN,2026-07-18,4.2,-4.6,12.333000000000002,-40.15399999999999,-27.820999999999987,25.367500000000003,21.682291666666668,3.6852083333333336,21,3,24,20.350500000000004,-48.171499999999995,87.5,0.06,9.9,8.8,237.60000000000002,3.7
MILTON_RN,2026-07-18,3.3000000000000003,-10.3,2.7530000000000014,43.68025,46.43325,23.4225,22.136770833333333,1.2857291666666668,16,7,23,55.70825,-9.274999999999999,69.6,2.63,0.0,13.600000000000001,0.0,0.0
MNWL_BESS_RN,2026-07-18,33.8,-2.4,285.38174999999995,16.660999999999998,302.04274999999996,27.893333333333334,23.92770833333333,3.9656249999999997,20,4,24,305.10574999999994,-3.062999999999999,83.3,19.92,9.9,36.199999999999996,237.60000000000002,15.2
MOORE_FL_RN,2026-07-18,3.2,-7.9,9.301,3.6977499999999957,12.998749999999998,19.99083333333333,15.975520833333334,4.015312499999999,13,10,23,24.037000000000003,-11.038250000000005,56.5,1.68,9.9,11.100000000000001,237.60000000000002,4.7
MUENSTER_RN,2026-07-18,110.0,0.0,78.15,0.0,78.15,22.693749999999998,20.620416666666667,2.0733333333333333,9,2,11,223.92499999999998,-145.77499999999998,81.8,0.34,9.9,110.0,237.60000000000002,46.3
MUSTNGCK_ALL,2026-07-18,66.1,-75.3,452.28749999999997,422.41925,874.7067499999999,22.4225,18.940520833333334,3.4819791666666666,21,3,24,877.4772499999999,-2.770500000000001,87.5,45.25,71.0,141.39999999999998,1704.0,8.3
MU_RN,2026-07-18,4.800000000000001,-27.8,9.287750000000003,97.43100000000003,106.71875000000003,26.50125,24.501562500000002,1.9996875,20,4,24,111.73275000000002,-5.014000000000007,83.3,4.46,9.9,32.6,237.60000000000002,13.7
MV_VALV4_RN,2026-07-18,4.1000000000000005,-21.400000000000002,17.947000000000003,154.25175,172.19875000000002,21.503333333333334,16.4421875,5.061145833333334,15,9,24,181.66400000000002,-9.465249999999997,62.5,11.52,9.9,25.500000000000004,237.60000000000002,10.7
MYRY_BES2_RN,2026-07-18,3.2,-9.9,9.073,2.5825000000000076,11.655500000000009,19.680416666666666,15.834895833333334,3.8455208333333335,13,10,23,22.869750000000007,-11.214249999999993,56.5,1.57,9.9,13.100000000000001,237.60000000000002,5.5
MYRY_ESR_RN,2026-07-18,0.0,-6.1,0.0,-6.304749999999997,-6.304749999999997,1.9312500000000001,1.7448958333333333,0.18635416666666668,0,4,4,0.0,-6.304749999999997,0.0,0.0,9.9,6.1,237.60000000000002,2.6
MYR_ALL,2026-07-18,103.7,0.0,654.832,0.0,654.832,14.031666666666666,10.981770833333334,3.049895833333333,14,0,14,654.8320000000001,0.0,100.0,99.99,76.3,103.7,1831.1999999999998,5.7
NCO_RN,2026-07-18,4.2,-2.6,10.085000000000003,2.642499999999997,12.7275,25.455416666666665,22.631979166666667,2.8234375000000003,20,4,24,16.461000000000002,-3.733500000000003,83.3,0.88,38.8,6.800000000000001,931.1999999999999,0.7
NEDIN_RN,2026-07-18,0.0,-4.0,0.0,6.140000000000001,6.140000000000001,2.5591666666666666,2.4548958333333335,0.10427083333333338,1,1,2,9.094999999999999,-2.9549999999999983,50.0,3.08,0.0,4.0,0.0,0.0
NF_BRP_RN,2026-07-18,173.70000000000002,-82.3,1114.17275,176.86149999999995,1291.03425,15.905416666666667,11.949166666666665,3.9562499999999994,18,5,23,1468.7167499999998,-177.6825,78.3,2.3,100.5,256.0,2412.0,10.6
NOBLESLR_ALL,2026-07-18,1028.0,-148.8,6157.018500000001,477.454,6634.472500000001,14.199583333333335,11.555,2.6445833333333337,16,0,16,6634.472500000002,0.0,100.0,99.99,62.5,1176.8,1500.0,78.5
NWF_NWF1,2026-07-18,78.3,-68.5,222.94899999999993,181.76049999999998,404.7094999999999,25.385416666666668,21.68958333333333,3.6958333333333333,21,3,24,639.4560000000001,-234.74650000000014,87.5,0.39,3.0,146.8,72.0,203.9
N_AL_BESS_RN,2026-07-18,3.6,-7.2,13.439500000000002,48.90350000000001,62.34300000000001,21.097083333333334,16.3284375,4.768645833333333,14,9,23,66.28675000000001,-3.943749999999999,60.9,10.81,9.9,10.8,237.60000000000002,4.5
N_MRD_ESR_RN,2026-07-18,3.4000000000000004,-7.5,11.618000000000002,4.2922499999999975,15.910249999999998,20.81833333333333,16.350520833333334,4.4678125,14,8,22,25.571,-9.66075,63.6,1.51,9.9,10.9,237.60000000000002,4.6
ODESW_RN,2026-07-18,4.2,-156.6,12.695500000000001,287.79325000000006,300.48875000000004,25.412499999999998,21.646145833333332,3.7663541666666664,21,3,24,314.67325000000005,-14.184500000000003,87.5,3.17,10.0,160.79999999999998,240.0,67.0
OLMITO_RN,2026-07-18,2.4000000000000004,-69.7,-1.8049999999999997,121.83275,120.02775000000001,17.55333333333333,15.5946875,1.9586458333333336,13,11,24,191.95725000000004,-71.92950000000002,54.2,2.26,0.0,72.10000000000001,0.0,0.0
OLNEYTN_RN,2026-07-18,52.3,-288.5,1074.392,5304.9565,6379.3485,33.75208333333333,22.719375,11.032708333333334,19,5,24,6820.049000000002,-440.70050000000003,79.2,4.07,9.9,340.8,237.60000000000002,143.4
OR_BESS_RN,2026-07-18,0.0,-6.0,0.0,3.425000000000008,3.425000000000008,8.001666666666667,7.0406249999999995,0.961041666666667,2,1,3,4.410000000000007,-0.9849999999999994,66.7,2.24,9.9,6.0,237.60000000000002,2.5
PAD1_ESS_RN,2026-07-18,0.0,0.0,0.0,0.0,0.0,3.0354166666666664,2.801458333333333,0.23395833333333305,0,0,0,0.0,0.0,0.0,0.0,50.0,0.0,1200.0,0.0
PAD2_ESS_RN,2026-07-18,0.0,0.0,0.0,0.0,0.0,1.65625,1.4157291666666667,0.2405208333333333,0,0,0,0.0,0.0,0.0,0.0,150.0,0.0,3600.0,0.0
PALACIOS_RN,2026-07-18,93.60000000000001,-45.5,45.60150000000003,321.914,367.51550000000003,21.770416666666666,17.953854166666666,3.8165625000000003,22,2,24,558.3235,-190.808,91.7,0.27,9.0,139.10000000000002,216.0,64.4
PALE_ESS_EN,2026-07-18,0.0,-49.7,0.0,122.82349999999995,122.82349999999995,3.1145833333333335,2.3392708333333334,0.7753125000000001,7,2,9,128.90374999999995,-6.080249999999989,77.8,6.06,200.0,49.7,4800.0,1.0
PAULN_RN,2026-07-18,4.4,-2.6,9.99775,7.898000000000003,17.895750000000003,25.555833333333336,22.9753125,2.5805208333333334,20,4,24,21.143250000000005,-3.2475000000000005,83.3,1.3,9.9,7.0,237.60000000000002,2.9
PAVLOV_BT_RN,2026-07-18,3.2,-13.0,5.8530000000000015,47.4875,53.3405,22.4725,17.972395833333334,4.500104166666667,21,3,24,56.597500000000004,-3.2569999999999992,87.5,2.48,9.9,16.2,237.60000000000002,6.8
PAVO_ESS_ALL,2026-07-18,5.0,-4.5,18.575000000000003,9.405000000000015,27.980000000000018,5.227083333333333,4.257604166666667,0.9694791666666668,3,0,3,27.980000000000018,0.0,100.0,99.99,87.5,9.5,2100.0,0.5
PEARSALL_RN,2026-07-18,1.0,-14.0,17.767500000000002,31.345000000000006,49.11250000000001,1.5683333333333334,0.8280208333333333,0.7403125,5,1,6,50.64750000000001,-1.5349999999999966,83.3,6.6,9.9,15.0,237.60000000000002,6.3
PHO_ALL,2026-07-18,22.5,-5.5,147.32524999999998,16.19425000000001,163.5195,11.645833333333334,8.379166666666666,3.266666666666667,13,0,13,163.5195,0.0,100.0,99.99,150.0,28.0,3600.0,0.8
PINEFRST_RN,2026-07-18,31.200000000000003,-9.2,142.00325,62.925000000000004,204.92825000000002,25.544583333333335,23.051458333333333,2.4931250000000005,20,4,24,208.09225000000004,-3.164000000000001,83.3,13.15,200.0,40.400000000000006,4800.0,0.8
PIN_BESS_RN,2026-07-18,0.0,-1.0,0.0,-0.2525000000000013,-0.2525000000000013,3.216666666666667,3.761041666666667,-0.544375,0,1,1,0.0,-0.2525000000000013,0.0,0.0,175.0,1.0,4200.0,0.0
PIRATE_RN,2026-07-18,42.8,-22.299999999999997,-125.43399999999995,81.75850000000003,-43.67549999999994,20.691666666666666,18.006249999999998,2.6854166666666672,19,5,24,91.22200000000002,-134.89749999999995,79.2,0.18,9.8,65.1,235.20000000000002,27.7
PLATINUM_RN,2026-07-18,0.0,0.0,0.0,0.0,0.0,0.0,0.0,0.0,0,0,0,0.0,0.0,0.0,0.0,143.8,0.0,3451.2000000000003,0.0
POTEETS_RN,2026-07-18,3.5,-8.3,9.338000000000001,78.48325000000001,87.82125000000002,24.640833333333333,18.797083333333333,5.84375,19,4,23,91.11275,-3.2915,82.6,5.83,9.9,11.8,237.60000000000002,5.0
POTSVIL_RN,2026-07-18,503.2,-61.1,1335.76,216.02450000000005,1551.7845000000002,29.08375,27.564375,1.5193750000000001,18,6,24,2595.0362500000006,-1043.25175,75.0,0.83,9.9,564.3,237.60000000000002,237.5
PRCRK_RN,2026-07-18,4.2,-17.6,6.912500000000001,108.8635,115.77600000000001,25.267916666666668,23.119791666666668,2.1481250000000007,19,5,24,119.66400000000002,-3.888000000000001,79.2,8.1,9.9,21.8,237.60000000000002,9.2
PTLBES_BESS1,2026-07-18,153.4,-5.300000000000001,215.31125,49.033750000000005,264.345,22.049583333333334,18.300833333333333,3.74875,21,3,24,536.132,-271.78700000000003,87.5,0.28,3.0,158.70000000000002,72.0,220.4
PYR_PYRON1,2026-07-18,1138.1,-2.2,2489.4815,-4.317499999999997,2485.164,24.416666666666668,21.90416666666667,2.5125,20,4,24,3254.03,-768.866,83.3,0.85,15.1,1140.3,362.4,314.7
QUEEN_BA_RN,2026-07-18,84.9,-2.1,156.53625000000008,9.284,165.82025000000007,25.06958333333333,21.275,3.7945833333333336,22,2,24,177.26375000000007,-11.443499999999997,91.7,1.41,50.0,87.0,1200.0,7.2
RADN_SLR_ALL,2026-07-18,282.3,-30.5,898.0474999999999,395.98900000000003,1294.0365,24.477500000000003,21.07875,3.3987499999999997,20,4,24,1313.4255,-19.388999999999996,83.3,13.55,81.9,312.8,1965.6000000000001,15.9
RBN_BESS1,2026-07-18,4.4,-2.0,6.856000000000003,9.608500000000006,16.464500000000008,26.884583333333335,25.077916666666667,1.8066666666666675,20,4,24,19.410500000000006,-2.945999999999999,83.3,1.32,78.0,6.4,1872.0,0.3
RHESS2_ESS1,2026-07-18,52.2,-67.0,314.16074999999995,-804.57,-490.40925000000016,17.729583333333334,14.153020833333334,3.5765624999999996,14,2,16,566.84575,-1057.255,87.5,0.08,9.8,119.2,235.20000000000002,50.7
RIOG_ESR2_RN,2026-07-18,1.2000000000000002,-0.6000000000000001,0.7450000000000017,2.0315000000000007,2.776500000000002,4.007083333333333,3.6186458333333333,0.3884375,5,3,8,3.8585000000000007,-1.081999999999998,62.5,2.14,0.0,1.8000000000000003,0.0,0.0
RIOG_ESR_RN,2026-07-18,0.0,-0.1,0.0,-0.033749999999999857,-0.033749999999999857,16.072916666666668,13.081458333333332,2.9914583333333336,0,1,1,0.0,-0.033749999999999857,0.0,0.0,9.9,0.1,237.60000000000002,0.0
RN_BY_ESR1,2026-07-18,0.0,-2.0,0.0,1.4799999999999969,1.4799999999999969,2.424583333333333,2.1921874999999997,0.23239583333333322,1,0,1,1.4799999999999969,0.0,100.0,99.99,0.0,2.0,0.0,0.0
RN_PAD3_ESS,2026-07-18,0.0,0.0,0.0,0.0,0.0,2.5416666666666665,2.539895833333333,0.001770833333333351,0,0,0,0.0,0.0,0.0,0.0,200.0,0.0,4800.0,0.0
RN_QTUM_SLR,2026-07-18,557.2,0.0,3321.104,0.0,3321.104,6.38,4.590208333333333,1.7897916666666667,3,0,3,3321.104,0.0,100.0,99.99,160.0,557.2,3840.0,14.5
RN_RHN_ESR,2026-07-18,0.0,-1.0,0.0,-0.35249999999999915,-0.35249999999999915,4.787083333333333,4.587604166666666,0.19947916666666674,0,1,1,0.0,-0.35249999999999915,0.0,0.0,200.0,1.0,4800.0,0.0
RN_SOLC_SLR,2026-07-18,747.8,-69.0,4921.0035,403.61749999999995,5324.620999999999,10.88125,8.201145833333333,2.6801041666666667,12,0,12,5324.620999999999,0.0,100.0,99.99,160.0,816.8,3840.0,21.3
ROSELAND_ALL,2026-07-18,295.5,-53.1,818.339,73.32975000000005,891.6687500000002,24.22875,21.795,2.4337500000000003,20,4,24,1196.29325,-304.6245,83.3,0.79,50.0,348.6,1200.0,29.1
RPUBRDS_RN,2026-07-18,4.5,-8.6,15.14175,88.29999999999998,103.44174999999997,26.437916666666666,23.213854166666664,3.2240625,20,4,24,106.81124999999996,-3.3694999999999986,83.3,6.34,39.5,13.1,948.0,1.4
RRANCHES_ALL,2026-07-18,71.3,-525.1,422.49950000000007,1182.86325,1605.3627500000002,25.36791666666667,21.714479166666667,3.6534375000000003,21,3,24,2010.5120000000004,-405.14924999999994,87.5,0.71,150.0,596.4,3600.0,16.6
RRC_WIND_ALL,2026-07-18,275.2,-15.0,40.63800000000014,151.7325,192.37050000000013,23.959166666666665,21.742395833333333,2.216770833333334,20,4,24,577.3952500000001,-385.02475,83.3,0.3,75.0,290.2,1800.0,16.1
RTLSNAKE_BT,2026-07-18,0.0,0.0,0.0,0.0,0.0,1.0391666666666668,0.9478125,0.09135416666666678,0,0,0,0.0,0.0,0.0,0.0,9.9,0.0,237.60000000000002,0.0
RUSSEKST_RN,2026-07-18,140.5,-304.5,587.3915000000001,2621.0550000000003,3208.4465,28.81625,22.741145833333334,6.075104166666667,20,4,24,3358.4855000000002,-150.039,83.3,4.48,9.9,445.0,237.60000000000002,187.3
RVN_RN,2026-07-18,0.0,0.0,0.0,0.0,0.0,23.06,21.5825,1.4774999999999991,0,0,0,0.0,0.0,0.0,0.0,0.0,0.0,0.0,0.0
RVRVLYS_ALL,2026-07-18,4.4,-3.6,9.67975,27.274500000000003,36.95425,24.99791666666667,22.129895833333332,2.868020833333333,19,5,24,41.218,-4.263750000000002,79.2,2.54,50.0,8.0,1200.0,0.7
SADLBACK_RN,2026-07-18,4.2,-14.7,11.981000000000002,19.244750000000025,31.225750000000023,25.3025,21.68552083333333,3.616979166666667,21,3,24,40.32175000000003,-9.096,87.5,0.63,9.9,18.9,237.60000000000002,8.0
SAH_RN,2026-07-18,0.0,-2.0,0.0,-0.9299999999999926,-0.9299999999999926,2.8349999999999995,2.4298958333333336,0.40510416666666665,0,1,1,0.0,-0.9299999999999926,0.0,0.0,200.0,2.0,4800.0,0.0
SANDLAKE_RN,2026-07-18,0.0,-6.0,0.0,11.170000000000002,11.170000000000002,0.0,0.0,0.0,3,0,3,11.170000000000002,0.0,100.0,99.99,9.9,6.0,237.60000000000002,2.5
SBEAN_BESS,2026-07-18,0.0,0.0,0.0,0.0,0.0,2.2825,1.6316666666666666,0.6508333333333334,0,0,0,0.0,0.0,0.0,0.0,9.9,0.0,237.60000000000002,0.0
SEVNF_ES_RN,2026-07-18,193.0,-36.0,206.08750000000006,63.7025,269.7900000000001,13.46,10.446041666666666,3.0139583333333335,12,12,24,742.3100000000001,-472.5199999999999,50.0,1.57,100.0,229.0,2400.0,9.5
SGSA_DGR,2026-07-18,6.4,-8.0,31.79200000000001,-24.98999999999998,6.802000000000028,2.9625,2.0952083333333333,0.8672916666666666,1,2,3,31.79200000000001,-24.98999999999998,33.3,2.54,9.9,14.4,237.60000000000002,6.1
SG_BES_BESS1,2026-07-18,307.59999999999997,-17.4,2130.1917499999995,129.55899999999997,2259.7507499999997,25.229583333333334,19.8440625,5.3855208333333335,22,2,24,2266.1502499999992,-6.3995000000000095,91.7,32.19,100.0,324.99999999999994,2400.0,13.5
SHAMROCK_RN,2026-07-18,2775.4,-37.2,7633.976000000001,169.6425,7803.6185000000005,24.288750000000004,20.879166666666666,3.409583333333334,20,4,24,9306.3185,-1502.6999999999998,83.3,1.24,99.3,2812.6,2383.2,118.0
SHEEPCRK_1,2026-07-18,405.0,-5.0,594.2352500000001,3.3249999999999957,597.5602500000001,23.959166666666665,21.742395833333333,2.216770833333334,20,4,24,1060.75975,-463.19950000000006,83.3,0.46,130.0,410.0,3120.0,13.1
SLCN_ESS_ALL,2026-07-18,110.5,-2.6,1062.69775,10.089500000000001,1072.7872499999999,25.273749999999996,22.138854166666665,3.134895833333333,19,5,24,1077.43575,-4.6484999999999985,79.2,61.0,50.0,113.1,1200.0,9.4
SLK_BESS_RN,2026-07-18,0.0,0.0,0.0,0.0,0.0,3.4225,2.7105208333333333,0.7119791666666667,0,0,0,0.0,0.0,0.0,0.0,200.0,0.0,4800.0,0.0
SMTH_ESS_RN,2026-07-18,4.4,-118.6,9.548500000000002,370.76000000000005,380.30850000000004,25.381666666666664,23.083020833333332,2.2986458333333335,20,4,24,389.09800000000007,-8.789500000000016,83.3,8.85,97.0,123.0,2328.0,5.3
SNY_BESS_RN,2026-07-18,78.10000000000001,-79.60000000000001,144.73174999999998,326.58325,471.315,25.492499999999996,21.916354166666668,3.576145833333332,21,3,24,552.56075,-81.24575000000002,87.5,0.97,9.9,157.70000000000002,237.60000000000002,66.4
SPTX12B_RN,2026-07-18,42.9,-28.8,196.70674999999997,224.35799999999998,421.06474999999995,10.853333333333333,8.309270833333334,2.5440625,16,0,16,421.06474999999995,0.0,100.0,99.99,22.1,71.7,530.4000000000001,13.5
SP_RN,2026-07-18,4.800000000000001,-5.6,6.121249999999999,9.603000000000009,15.724250000000008,27.2025,25.724062500000002,1.4784374999999998,19,5,24,19.02575000000001,-3.3015,79.2,1.52,9.9,10.4,237.60000000000002,4.4
SROSA_ESR_RN,2026-07-18,2.2,-5.1000000000000005,-2.8255,11.940500000000007,9.115000000000006,18.021666666666665,15.826666666666666,2.1950000000000003,12,10,22,17.219000000000005,-8.103999999999996,54.5,1.77,9.9,7.300000000000001,237.60000000000002,3.1
STADIUM_RN,2026-07-18,0.0,-16.5,0.0,107.49624999999999,107.49624999999999,3.5195833333333333,2.1622916666666665,1.3572916666666668,7,0,7,107.49625,0.0,100.0,99.99,9.9,16.5,237.60000000000002,6.9
STAM_SLR_ALL,2026-07-18,32.5,-9.0,137.45125000000002,32.27050000000004,169.72175000000004,25.484583333333333,23.056250000000002,2.4283333333333332,20,4,24,175.72025000000005,-5.998499999999996,83.3,5.86,70.0,41.5,1680.0,2.5
STRG_SLR_ALL,2026-07-18,27.8,-13.2,149.24,73.42174999999999,222.66175,24.250833333333333,21.173958333333335,3.0768750000000007,20,4,24,225.64875,-2.9869999999999997,83.3,15.11,100.0,41.0,2400.0,1.7
SUNVASLR_ALL,2026-07-18,427.6,-3.6,1691.49775,6.58775,1698.0855000000001,23.67625,21.480416666666667,2.1958333333333333,20,4,24,1701.5485,-3.4630000000000005,83.3,98.27,53.3,431.20000000000005,1279.1999999999998,33.7
SWOOSE1_U1,2026-07-18,8.6,-0.6000000000000001,49.7825,5.3585,55.141000000000005,25.381249999999998,21.702083333333334,3.679166666666667,21,3,24,58.0105,-2.8695,87.5,2.89,9.9,9.2,237.60000000000002,3.9
SWOOSEII_RN,2026-07-18,0.0,-36.0,0.0,71.54450000000001,71.54450000000001,4.420833333333333,3.798958333333333,0.6218750000000002,6,0,6,71.54450000000001,0.0,100.0,99.99,100.0,36.0,2400.0,1.5
SWT_BESS_RN,2026-07-18,21.900000000000002,-56.6,119.64224999999999,245.40099999999998,365.04325,25.67,21.950625000000002,3.7193749999999994,21,3,24,391.35724999999996,-26.314000000000007,87.5,2.12,9.9,78.5,237.60000000000002,33.0
TANZ_ESS_RN,2026-07-18,0.0,0.0,0.0,0.0,0.0,3.1999999999999997,3.4458333333333333,-0.24583333333333357,0,0,0,0.0,0.0,0.0,0.0,0.0,0.0,0.0,0.0
TBWF_ES_BES1,2026-07-18,4.3,-5.2,15.7735,21.855000000000004,37.6285,8.018749999999999,6.776354166666667,1.2423958333333334,4,0,4,37.6285,0.0,100.0,99.99,150.0,9.5,3600.0,0.3
TDWLPR_1_RN,2026-07-18,4.300000000000001,-100.6,8.607750000000003,250.97850000000003,259.58625000000006,24.931250000000002,22.5721875,2.3590625000000003,20,4,24,276.71525,-17.128999999999984,83.3,3.23,100.0,104.89999999999999,2400.0,4.4
TNFS_RN,2026-07-18,0.0,0.0,0.0,0.0,0.0,1.0733333333333333,1.029375,0.04395833333333332,0,0,0,0.0,0.0,0.0,0.0,9.9,0.0,237.60000000000002,0.0
TORR_ALL,2026-07-18,966.9,-558.9,1644.6530000000005,2684.31075,4328.963750000001,12.264583333333334,8.9515625,3.3130208333333333,14,10,24,6323.7919999999995,-1994.8282499999993,58.3,2.26,0.0,1525.8,0.0,0.0
TORT_ESS_RN,2026-07-18,0.0,-2.0,0.0,0.9050000000000011,0.9050000000000011,3.9941666666666666,3.7184375,0.27572916666666664,1,0,1,0.9050000000000011,0.0,100.0,99.99,48.3,2.0,1159.1999999999998,0.2
TOYAH_RN,2026-07-18,0.0,-8.0,0.0,-24.98999999999998,-24.98999999999998,0.7633333333333333,0.5691666666666667,0.19416666666666668,0,2,2,0.0,-24.98999999999998,0.0,0.0,9.9,8.0,237.60000000000002,3.4
TRIPBUT1_RN,2026-07-18,8.3,-8.6,56.403999999999996,35.7015,92.1055,25.235,20.275312500000002,4.9596875,22,2,24,92.51500000000001,-0.40950000000000775,91.7,20.54,7.5,16.9,180.0,9.4
TSECA_ES_RN,2026-07-18,83.3,-5.0,288.23699999999985,25.48125000000001,313.7182499999999,10.051666666666668,8.519895833333333,1.5317708333333335,5,0,5,313.71824999999984,0.0,100.0,99.99,100.0,88.3,2400.0,3.7
TURQ_BESS1,2026-07-18,2.8000000000000003,-1.0,7.576249999999996,-0.27250000000000085,7.3037499999999955,8.0925,7.1805208333333335,0.9119791666666663,3,1,4,7.576249999999997,-0.27250000000000085,75.0,9.27,186.0,3.8000000000000003,4464.0,0.1
TV_RN,2026-07-18,4.300000000000001,-2.7,6.134499999999999,2.774499999999998,8.908999999999997,27.429166666666664,25.670208333333335,1.758958333333333,19,5,24,12.588000000000001,-3.679000000000003,79.2,0.9,9.8,7.000000000000001,235.20000000000002,3.0
TYNAN_RN,2026-07-18,2.8000000000000003,-14.2,0.5515000000000004,98.36975,98.92125,21.434166666666666,19.389895833333334,2.0442708333333335,17,7,24,103.21025,-4.289000000000001,70.8,9.91,9.9,17.0,237.60000000000002,7.2
UTOPIA_RN,2026-07-18,2.0,-45.2,39.05499999999999,174.77900000000005,213.83400000000006,24.07166666666667,12.185208333333334,11.886458333333335,11,1,12,215.81400000000008,-1.980000000000004,91.7,9.91,9.0,47.2,216.0,21.9
VERT_ESS_RN,2026-07-18,0.0,0.0,0.0,0.0,0.0,2.5716666666666668,2.345416666666667,0.22624999999999984,0,0,0,0.0,0.0,0.0,0.0,200.0,0.0,4800.0,0.0
VORT_ALL_RN,2026-07-18,569.8000000000001,-0.6000000000000001,-78.9457499999999,3.4525,-75.49324999999992,24.62875,22.250208333333333,2.378541666666667,20,4,24,690.2310000000002,-765.7242500000001,83.3,0.18,121.8,570.4000000000001,2923.2,19.5
WAL_RN,2026-07-18,4.4,-31.6,8.824,76.0155,84.8395,25.9325,23.631666666666664,2.3008333333333333,20,4,24,89.58250000000001,-4.743000000000004,83.3,3.78,200.0,36.0,4800.0,0.8
WFTANK_ESS1,2026-07-18,1.4000000000000001,-275.3,-3.4874999999999994,790.09025,786.60275,14.123333333333333,12.921979166666667,1.201354166666667,11,13,24,1271.3517499999998,-484.7489999999999,45.8,3.1,150.0,276.7,3600.0,7.7
WIG_BESS_RN,2026-07-18,12.1,-27.1,77.4755,104.15275,181.62824999999998,25.515833333333333,23.092083333333335,2.4237499999999996,20,4,24,184.81824999999998,-3.190000000000001,83.3,11.59,120.0,39.2,2880.0,1.4
WLTC_ESR_RN,2026-07-18,0.0,-4.7,0.0,0.28549999999998943,0.28549999999998943,3.4491666666666667,3.5011458333333336,-0.051979166666666764,5,3,8,3.2482500000000005,-2.962750000000011,62.5,0.66,9.9,4.7,237.60000000000002,2.0
WOV_BESS_RN,2026-07-18,4.2,-41.2,12.492500000000001,10.265500000000008,22.758000000000013,25.38083333333333,21.659791666666667,3.721041666666667,21,3,24,52.55150000000001,-29.7935,87.5,0.25,9.9,45.400000000000006,237.60000000000002,19.1
WRSBES_BESS1,2026-07-18,0.0,-17.0,0.0,39.64249999999999,39.64249999999999,1.874583333333333,1.22,0.6545833333333332,6,0,6,39.6425,0.0,100.0,99.99,9.7,17.0,232.79999999999998,7.3
WR_RN,2026-07-18,4.4,-15.6,10.789750000000003,11.327500000000011,22.117250000000016,25.37125,22.66208333333333,2.709166666666667,20,4,24,26.875250000000005,-4.757999999999993,83.3,1.13,9.9,20.0,237.60000000000002,8.4
WZRD_ESS_RN,2026-07-18,0.0,-2.0,0.0,1.3775000000000013,1.3775000000000013,4.280833333333334,3.9386458333333336,0.34218750000000026,2,0,2,1.3775000000000013,0.0,100.0,99.99,150.0,2.0,3600.0,0.1
W_HRL_ESR_RN,2026-07-18,2.2,-4.000000000000001,-2.8274999999999997,19.896500000000003,17.069000000000003,17.616666666666667,15.712708333333333,1.9039583333333336,12,10,22,23.048,-5.979,54.5,3.21,9.9,6.200000000000001,237.60000000000002,2.6
X443ESRN,2026-07-18,7.5,-8.0,26.152999999999995,8.344500000000005,34.4975,24.183333333333334,22.2215625,1.9617708333333335,16,6,22,41.748999999999995,-7.251499999999999,72.7,2.16,10.0,15.5,240.0,6.5
Z0_DGR2_RN,2026-07-18,0.0,-3.0,0.0,11.1075,11.1075,5.551666666666667,5.254791666666667,0.29687500000000006,3,0,3,11.1075,0.0,100.0,99.99,9.9,3.0,237.60000000000002,1.3
ZIER_SLR_ALL,2026-07-18,197.7,-215.6,1558.036,915.6335000000001,2473.6695,29.760416666666668,25.406875,4.3535416666666675,21,3,24,2900.8235,-427.1539999999999,87.5,0.97,34.0,413.29999999999995,816.0,50.6
ABINDUST_RN,2026-07-19,3.0,-73.8,-11.7515,-207.7275,-219.479,28.805833333333336,33.35989583333333,-4.5540625,6,18,24,18.030999999999985,-237.51,25.0,0.23,9.9,76.8,237.60000000000002,32.3
ADL_RN,2026-07-19,14.0,-2.0,-87.9,-3.450000000000003,-91.35,14.752083333333333,17.871458333333333,-3.1193750000000002,2,9,11,1.245000000000008,-92.59500000000001,18.2,0.06,60.0,16.0,1440.0,1.1
AE_RN,2026-07-19,22.8,-37.5,65.41600000000005,-306.74025,-241.32424999999995,27.70958333333333,30.243645833333332,-2.5340624999999997,8,15,23,109.26825000000008,-350.5924999999999,34.8,0.58,9.9,60.3,237.60000000000002,25.4
ALAMO_ST_RN,2026-07-19,0.0,-1.0,0.0,-13.520000000000003,-13.520000000000003,2.2975,2.9244791666666665,-0.6269791666666668,0,1,1,0.0,-13.520000000000003,0.0,0.0,9.9,1.0,237.60000000000002,0.4
ALP_BESS_RN,2026-07-19,13.4,-58.3,-46.88149999999998,-483.63074999999986,-530.5122499999999,29.239166666666666,33.4503125,-4.211145833333332,3,18,21,55.391999999999996,-585.9042499999999,14.3,0.57,100.3,71.7,2407.2,3.0
ALVIN_RN,2026-07-19,3.6,-5.2,-3.667250000000002,0.46024999999999194,-3.20700000000001,29.229166666666668,30.215416666666666,-0.9862500000000005,9,15,24,10.612999999999996,-13.820000000000006,37.5,1.28,7.5,8.8,180.0,4.9
AMAD_ESS_RN,2026-07-19,8.0,-6.0,-9.1025,-11.067500000000006,-20.170000000000005,6.129166666666667,6.748645833333334,-0.6194791666666667,3,5,8,1.6574999999999953,-21.8275,37.5,0.13,0.0,14.0,0.0,0.0
ANCHOR_ALL,2026-07-19,599.1,-49.7,-2551.67725,-177.13225,-2728.8095000000003,27.395416666666666,32.0225,-4.627083333333334,6,18,24,418.73699999999985,-3147.5465,25.0,0.4,36.3,648.8000000000001,871.1999999999999,74.5
ANDMDSLR_ALL,2026-07-19,93.5,-86.7,-177.01024999999993,-278.80875,-455.8189999999999,27.959999999999997,33.1771875,-5.2171875000000005,3,21,24,14.473250000000021,-470.2922499999999,12.5,0.22,81.9,180.2,1965.6000000000001,9.2
ANEM_ESS_RN,2026-07-19,0.8,-10.1,5.932,-3.0229999999999975,2.9089999999999976,16.694583333333334,15.558020833333332,1.1365625000000004,12,9,21,44.202999999999996,-41.294,57.1,0.8,200.0,10.9,4800.0,0.2
ANG_ALL,2026-07-19,1810.4,-54.6,-1849.8462499999996,-119.419,-1969.2652499999997,28.836250000000003,33.1309375,-4.294687499999999,4,20,24,526.0877500000006,-2495.353,16.7,1.05,100.0,1865.0,2400.0,77.7
ANOL_ESS_RN,2026-07-19,3.6000000000000005,-19.9,-15.973,-148.125,-164.098,28.555833333333336,34.54114583333333,-5.9853125,2,20,22,0.9545000000000002,-165.0525,9.1,0.06,240.0,23.5,5760.0,0.4
ANTL_ESS_ES1,2026-07-19,106.4,-80.2,-590.56025,-323.25300000000004,-913.81325,31.91541666666667,35.2090625,-3.293645833333333,9,15,24,364.49875,-1278.312,37.5,0.48,70.0,186.60000000000002,1680.0,11.1
APPLE_ESR_RN,2026-07-19,1.0,-3.0,-0.40749999999999886,-5.6175,-6.024999999999999,6.882916666666667,7.385000000000001,-0.5020833333333332,0,3,3,0.0,-6.024999999999999,0.0,0.0,0.0,4.0,0.0,0.0
ARY_BESS_RN,2026-07-19,0.0,-7.0,0.0,-60.800000000000004,-60.800000000000004,5.327916666666667,6.3565625,-1.0286458333333337,0,6,6,0.0,-60.800000000000004,0.0,0.0,180.0,7.0,4320.0,0.2
AVIL_ESS_RN,2026-07-19,5.6,-1.7000000000000002,2.8139999999999965,5.0692499999999985,7.883249999999995,29.49791666666667,29.79885416666667,-0.30093750000000014,10,9,19,13.629749999999992,-5.746499999999998,52.6,2.13,160.0,7.3,3840.0,0.2
AZURE_RN,2026-07-19,27.0,-43.4,-41.92199999999998,-256.72075,-298.64275000000004,28.045,33.19645833333333,-5.151458333333333,3,21,24,6.264000000000019,-304.90675000000005,12.5,0.14,77.6,70.4,1862.3999999999999,3.8
BATCAVE_RN,2026-07-19,29.0,-276.9,-92.77774999999997,-607.22475,-700.0024999999999,27.95041666666667,31.477500000000003,-3.527083333333333,8,16,24,261.74775,-961.7502499999999,33.3,0.54,97.3,305.9,2335.2,13.1
BAYC_BESS_RN,2026-07-19,1.8,-13.5,-8.301499999999999,-0.9737499999999923,-9.275249999999993,25.190833333333334,26.947604166666665,-1.7567708333333334,9,13,22,14.421250000000008,-23.696499999999993,40.9,0.88,7.0,15.3,168.0,9.1
BCK_RN,2026-07-19,2304.5,-47.3,-3548.194499999999,-123.7802500000001,-3671.9747499999994,24.210416666666664,27.363125,-3.1527083333333334,3,21,24,22.282250000000317,-3694.257,12.5,0.04,126.5,2351.8,3036.0,77.5
BCNV2_ES_RN,2026-07-19,1.0,-2.0,1.0650000000000048,8.79,9.855000000000004,3.5645833333333337,3.5121874999999996,0.05239583333333364,2,0,2,9.855000000000004,0.0,100.0,99.99,150.0,3.0,3600.0,0.1
BCNV_RN,2026-07-19,0.0,0.0,0.0,0.0,0.0,0.0,0.0,0.0,0,0,0,0.0,0.0,0.0,0.0,150.0,0.0,3600.0,0.0
BEXAR_ES_RN,2026-07-19,501.4,-306.2,-2252.5269999999996,-481.545,-2734.0719999999997,27.0275,29.240729166666668,-2.2132291666666664,10,12,22,1200.4479999999999,-3934.5199999999995,45.5,0.37,100.0,807.5999999999999,2400.0,33.6
BIGSTAR_ALL,2026-07-19,27.0,-17.4,-23.845,-180.01124999999993,-203.85624999999996,26.886666666666667,30.07677083333333,-3.1901041666666674,8,14,22,21.47,-225.32624999999996,36.4,0.17,80.0,44.4,1920.0,2.3
BKBN_RN,2026-07-19,0.0,0.0,0.0,0.0,0.0,26.97666666666667,33.645,-6.668333333333332,0,0,0,0.0,0.0,0.0,0.0,121.0,0.0,2904.0,0.0
BKSL_RN,2026-07-19,8.1,-16.900000000000002,-44.681000000000004,-271.88275000000004,-316.56375,28.034583333333334,33.340833333333336,-5.30625,4,18,22,1.413750000000001,-317.9775,18.2,0.02,100.0,25.0,2400.0,1.0
BLACKSPR_RN,2026-07-19,3.0,-8.0,2.9250000000000007,0.26499999999999346,3.189999999999994,7.597916666666666,7.734166666666667,-0.13624999999999984,3,4,7,21.862499999999994,-18.6725,42.9,1.56,120.0,11.0,2880.0,0.4
BLSMT1_5_A_6,2026-07-19,91.2,-70.9,-411.92800000000005,-424.59825,-836.5262500000001,28.292916666666667,33.589687500000004,-5.296770833333333,4,20,24,113.9615,-950.4877500000002,16.7,0.6,150.0,162.10000000000002,3600.0,4.5
BLUEJAY_RN,2026-07-19,135.1,-22.6,-1248.4002500000001,-310.16675000000004,-1558.5670000000002,29.11125,34.522395833333334,-5.411145833333333,4,19,23,4.883249999999997,-1563.4502500000003,17.4,0.01,50.0,157.7,1200.0,13.1
BLVN_RN,2026-07-19,1135.2,-22.0,-1514.2457500000003,49.106,-1465.1397500000003,27.0525,32.01864583333333,-4.966145833333333,4,20,24,1199.4464999999998,-2664.58625,16.7,2.25,180.0,1157.2,4320.0,26.8
BOCO_ESS_RN,2026-07-19,38.8,-23.0,-284.37250000000006,-82.22025,-366.59275,28.75916666666667,33.290416666666665,-4.53125,3,19,22,29.413000000000007,-396.00575,13.6,0.47,150.0,61.8,3600.0,1.7
BRHEIGHT_RN,2026-07-19,9.9,-1.0,-29.452500000000004,-1.8775000000000013,-31.330000000000005,15.176250000000001,16.364270833333332,-1.1880208333333335,2,8,10,1.0477500000000006,-32.377750000000006,20.0,0.13,10.0,10.9,240.0,4.5
BRPANGLE_RN,2026-07-19,0.0,-1.0,0.0,-1.7074999999999996,-1.7074999999999996,5.442916666666666,6.409270833333333,-0.9663541666666666,0,1,1,0.0,-1.7074999999999996,0.0,0.0,10.0,1.0,240.0,0.4
BRPMAGNO_RN,2026-07-19,28.5,-15.2,-128.81675000000004,-64.38000000000002,-193.19675000000007,29.318749999999998,33.4721875,-4.153437500000002,3,21,24,1.2807500000000007,-194.47750000000005,12.5,0.05,7.5,43.7,180.0,24.3
BRP_BRAZ_RN,2026-07-19,2.8000000000000003,-2.9000000000000004,-7.423500000000001,-3.3249999999999966,-10.748499999999996,27.5,29.821250000000003,-2.3212499999999996,8,15,23,4.652500000000003,-15.401,34.8,0.57,10.0,5.700000000000001,240.0,2.4
BRP_DIKN_RN,2026-07-19,42.2,-2.2,-94.17025000000005,-7.474250000000002,-101.64450000000005,29.34166666666667,34.342708333333334,-5.0010416666666675,3,20,23,2.1842499999999987,-103.82875000000006,13.0,0.14,10.0,44.400000000000006,240.0,18.5
BRP_LOOP_RN,2026-07-19,1.3,-11.8,-4.1762500000000005,-90.797,-94.97325000000001,5.118333333333333,5.2115625,-0.0932291666666667,1,4,5,1.977500000000001,-96.95075,20.0,0.08,10.0,13.100000000000001,240.0,5.5
BRP_LOP1_RN,2026-07-19,10.2,-3.1,124.031,52.402,176.433,4.073333333333333,3.3346875,0.7386458333333333,3,2,5,181.7835,-5.3505,60.0,22.65,10.0,13.299999999999999,240.0,5.5
BRP_PBL1_RN,2026-07-19,197.9,-6.0,-2147.9640000000004,1.1024999999999903,-2146.8615,30.377916666666668,36.983958333333334,-6.606041666666666,11,9,20,248.2885,-2395.1500000000005,55.0,0.08,10.0,203.9,240.0,85.0
BRP_PBL2_RN,2026-07-19,7.0,-9.0,-263.06,-220.8525,-483.9125,7.90375,11.324583333333331,-3.420833333333334,4,4,8,20.8375,-504.75,50.0,0.04,10.0,16.0,240.0,6.7
BRP_RN_UNIT1,2026-07-19,2.5,-8.1,-6.14425,-1.8872500000000012,-8.031500000000001,27.62875,30.407291666666666,-2.778541666666667,9,12,21,11.286250000000003,-19.317750000000004,42.9,0.78,10.0,10.6,240.0,4.4
BRP_SWNY_RN,2026-07-19,0.0,-1.0,0.0,-1.7074999999999996,-1.7074999999999996,2.415,2.7851041666666667,-0.3701041666666665,0,1,1,0.0,-1.7074999999999996,0.0,0.0,10.0,1.0,240.0,0.4
BRP_ZPT1_RN,2026-07-19,0.0,-9.0,0.0,124.1525,124.1525,0.6654166666666667,0.8789583333333333,-0.2135416666666666,2,2,4,143.175,-19.022499999999994,50.0,7.53,10.0,9.0,240.0,3.8
BRP_ZPT2_RN,2026-07-19,84.1,-30.7,478.19849999999997,628.19125,1106.38975,16.129166666666666,15.962291666666665,0.16687500000000025,9,13,22,1263.516,-157.12625,40.9,11.62,7.5,114.8,180.0,63.8
BR_ARROW_ALL,2026-07-19,29.400000000000002,-40.1,-98.28225,-369.24525,-467.52750000000003,28.815,34.528645833333336,-5.7136458333333335,4,20,24,4.260500000000003,-471.788,16.7,0.05,51.7,69.5,1240.8000000000002,5.6
BSS_U1,2026-07-19,20.5,-17.5,-4.710750000000017,-30.180750000000018,-34.891500000000036,27.859583333333333,30.045729166666664,-2.186145833333334,9,15,24,22.02574999999999,-56.917250000000024,37.5,0.64,9.9,38.0,237.60000000000002,16.0
BUDA_RN,2026-07-19,0.0,-2.0,0.0,-2.3049999999999997,-2.3049999999999997,3.1029166666666668,3.5195833333333333,-0.4166666666666667,0,2,2,0.0,-2.3049999999999997,0.0,0.0,9.9,2.0,237.60000000000002,0.8
BYP_RN,2026-07-19,356.9,-605.8,3492.2107499999993,-2037.7069999999999,1454.5037499999996,10.270833333333334,8.695833333333333,1.575,3,5,8,3497.1582499999995,-2042.6544999999999,37.5,2.85,200.0,962.6999999999999,4800.0,20.1
BYRDR_ES_ALL,2026-07-19,0.0,-2.0,0.0,2.794999999999998,2.794999999999998,6.24625,5.895520833333333,0.3507291666666667,1,1,2,2.9450000000000003,-0.15000000000000213,50.0,19.63,50.0,2.0,1200.0,0.2
C5_RN,2026-07-19,0.0,0.0,0.0,0.0,0.0,0.0,0.0,0.0,0,0,0,0.0,0.0,0.0,0.0,0.0,0.0,0.0,0.0
CACH_ESS_RN,2026-07-19,1.4000000000000001,-3.8000000000000003,-7.8845,-7.663500000000002,-15.548000000000002,27.236666666666665,30.375833333333333,-3.1391666666666667,8,12,20,4.130999999999999,-19.679000000000002,40.0,0.31,200.0,5.2,4800.0,0.1
CAMWIND_RN,2026-07-19,268.40000000000003,-283.7,-1420.404,-656.1415000000002,-2076.5455,17.924166666666668,21.154895833333335,-3.230729166666667,10,14,24,461.17625,-2537.7217500000006,41.7,0.25,16.4,552.1,393.59999999999997,140.3
CARA_ESS_RN,2026-07-19,1.0,0.0,-4.895,0.0,-4.895,1.2775,1.4748958333333333,-0.19739583333333335,0,1,1,0.0,-4.895,0.0,0.0,98.3,1.0,2359.2,0.0
CARN_ESS_RN,2026-07-19,1.2000000000000002,-4.9,-2.5734999999999992,-14.259999999999998,-16.833499999999997,21.177083333333332,23.383750000000003,-2.206666666666666,5,18,23,2.763750000000001,-19.597249999999995,21.7,0.51,150.0,6.1000000000000005,3600.0,0.2
CARRIZO_ESR1,2026-07-19,59.4,-8.1,329.78749999999997,72.06925,401.8567499999999,39.378750000000004,44.653333333333336,-5.274583333333334,13,7,20,857.4627499999999,-455.60599999999994,65.0,1.01,9.8,67.5,235.20000000000002,28.7
CARTWHL_RN,2026-07-19,0.0,-1.0,0.0,-10.387499999999996,-10.387499999999996,1.9116666666666668,2.4440625,-0.5323958333333331,0,1,1,0.0,-10.387499999999996,0.0,0.0,150.0,1.0,3600.0,0.0
CASL_GAP_UN1,2026-07-19,149.6,-41.599999999999994,-135.49649999999997,-156.9872499999999,-292.4837499999999,13.456249999999999,14.717291666666666,-1.2610416666666664,3,14,17,69.02525,-361.50899999999984,17.6,0.89,3.9,191.2,93.6,204.3
CAST_ESS_RN,2026-07-19,0.0,-11.0,0.0,-87.62500000000001,-87.62500000000001,1.0608333333333333,1.1144791666666667,-0.05364583333333325,0,3,3,0.0,-87.625,0.0,0.0,200.0,11.0,4800.0,0.2
CATARINA_B1,2026-07-19,74.3,-198.0,336.3954999999999,-4238.9195,-3902.524,38.56583333333334,27.481979166666665,11.083854166666667,18,6,24,3392.2475000000004,-7294.771499999999,75.0,0.16,9.9,272.3,237.60000000000002,114.6
CEDRVALE_RN,2026-07-19,0.0,-60.5,0.0,-570.8345000000003,-570.8345000000003,4.885833333333333,4.956666666666666,-0.0708333333333333,1,5,6,1.3450000000000024,-572.1795000000003,16.7,0.01,9.9,60.5,237.60000000000002,25.5
CFLAT_ES_RN,2026-07-19,0.0,-53.0,0.0,-519.0375,-519.0375,4.5808333333333335,4.346875,0.2339583333333334,0,4,4,0.0,-519.0375,0.0,0.0,0.0,53.0,0.0,0.0
CHIL_SLR,2026-07-19,611.8,-14.9,-1275.9150000000006,-46.355,-1322.2700000000004,27.144583333333333,32.12166666666666,-4.977083333333334,5,19,24,226.78499999999994,-1549.0550000000003,20.8,0.56,150.0,626.6999999999999,3600.0,17.4
CISC_RN,2026-07-19,4.9,-109.0,-25.682999999999996,169.33425000000014,143.65125000000015,29.26,33.49854166666667,-4.238541666666666,5,18,23,389.4965000000001,-245.8452499999999,21.7,5.7,9.9,113.9,237.60000000000002,47.9
CITRUSCY_RN,2026-07-19,0.8,-7.4,4.933000000000001,10.08575,15.018750000000002,19.669999999999998,20.274583333333336,-0.6045833333333336,13,9,22,29.068500000000007,-14.049750000000003,59.1,1.43,9.9,8.200000000000001,237.60000000000002,3.5
CLO_RN,2026-07-19,3.4000000000000004,-38.800000000000004,-11.1015,-195.3065,-206.40800000000002,29.862916666666667,34.011874999999996,-4.148958333333333,4,20,24,16.982999999999997,-223.391,16.7,0.38,100.0,42.2,2400.0,1.8
CLT_RN,2026-07-19,0.0,0.0,0.0,0.0,0.0,31.69,39.745,-8.054999999999996,0,0,0,0.0,0.0,0.0,0.0,100.0,0.0,2400.0,0.0
CNLY_ESS_RN,2026-07-19,5.1000000000000005,-14.8,-15.995500000000003,-65.67424999999999,-81.66975,29.172916666666666,34.405520833333334,-5.232604166666667,5,19,24,2.6009999999999973,-84.27074999999999,20.8,0.12,125.0,19.900000000000002,3000.0,0.7
CNTRY_RN,2026-07-19,3.2,-29.9,-16.832500000000003,-84.64025000000001,-101.47275,29.090416666666666,35.059374999999996,-5.968958333333334,5,19,24,7.260499999999996,-108.73325,20.8,0.25,9.8,33.1,235.20000000000002,14.1
CNTYRDS_RN,2026-07-19,1.4,-1.0,-2.302999999999999,-8.8875,-11.190499999999998,4.0495833333333335,4.566354166666667,-0.5167708333333332,0,2,2,0.0,-11.190499999999998,0.0,0.0,9.9,2.4,237.60000000000002,1.0
CONTINEN_RN,2026-07-19,30.4,-48.0,307.888,-71.11700000000002,236.77099999999996,18.572916666666668,18.978020833333336,-0.4051041666666668,10,13,23,378.0135,-141.2425,43.5,3.48,0.0,78.4,0.0,0.0
CORALSLR_ALL,2026-07-19,597.5,-36.6,-129.84074999999922,-393.65299999999996,-523.4937499999992,27.59958333333333,32.3365625,-4.736979166666665,5,19,24,827.0870000000002,-1350.5807499999994,20.8,2.33,51.4,634.1,1233.6,51.4
CORAZON_RN,2026-07-19,72.9,-317.8,185.3395,1286.5742500000001,1471.9137500000002,13.369583333333333,12.690208333333333,0.6793750000000003,12,12,24,2723.0832499999997,-1251.1695,50.0,2.18,200.0,390.70000000000005,4800.0,8.1
COYOTSPR_RN,2026-07-19,0.0,-1.0,0.0,-1.5199999999999996,-1.5199999999999996,2.735,3.019895833333333,-0.2848958333333333,0,1,1,0.0,-1.5199999999999996,0.0,0.0,9.9,1.0,237.60000000000002,0.4
CROSSETT_ALL,2026-07-19,116.5,-77.4,-575.7297499999999,-392.96875000000006,-968.6985,29.53125,32.54208333333333,-3.010833333333334,5,16,21,39.45824999999999,-1008.1567499999999,23.8,0.13,100.0,193.9,2400.0,8.1
CROSSTRL_RN,2026-07-19,6.9,-6.7,6.612749999999993,-35.48375,-28.87100000000001,29.969166666666666,33.5303125,-3.5611458333333332,6,13,19,39.2345,-68.1055,31.6,1.25,57.0,13.600000000000001,1368.0,1.0
CR_RN,2026-07-19,4.800000000000001,-3.3,-19.936749999999996,-50.38225000000001,-70.319,29.701666666666668,34.705625,-5.003958333333333,4,19,23,1.5352500000000004,-71.85425,17.4,0.1,9.8,8.100000000000001,235.20000000000002,3.4
CS_RN,2026-07-19,53.400000000000006,-80.5,-551.2382500000001,-371.37075,-922.609,29.49875,35.428125,-5.929375,3,20,23,100.91824999999999,-1023.5272500000001,13.0,0.66,7.0,133.9,168.0,79.7
CTW_RN,2026-07-19,32.5,-19.5,-74.42525,-55.94175000000001,-130.36700000000002,28.187083333333334,31.645625,-3.4585416666666666,4,20,24,8.75774999999999,-139.12475,16.7,0.31,150.0,52.0,3600.0,1.4
DAN_ALL,2026-07-19,196.4,-19.7,214.48700000000005,-50.93800000000002,163.54900000000004,23.991666666666664,25.291875,-1.3002083333333339,11,13,24,312.40000000000003,-148.851,45.8,2.48,76.3,216.1,1831.1999999999998,11.8
DA_BESS,2026-07-19,2.8000000000000003,-2.9000000000000004,-7.738000000000001,-6.638499999999999,-14.3765,27.598333333333333,30.067083333333333,-2.46875,8,15,23,3.275500000000001,-17.652,34.8,0.35,5.0,5.700000000000001,120.0,4.8
DA_BESS2,2026-07-19,0.0,0.0,0.0,0.0,0.0,25.75,24.0425,1.7074999999999996,0,0,0,0.0,0.0,0.0,0.0,9.9,0.0,237.60000000000002,0.0
DC2SES_ALL,2026-07-19,5.4,-67.3,-46.40175,-79.91324999999998,-126.31499999999997,28.135833333333334,34.41260416666667,-6.276770833333334,4,18,22,44.94425000000001,-171.25924999999998,18.2,1.18,66.5,72.7,1596.0,4.6
DESN_ESS_RN,2026-07-19,0.0,0.0,0.0,0.0,0.0,0.0,0.0,0.0,0,0,0,0.0,0.0,0.0,0.0,200.0,0.0,4800.0,0.0
DGFS_ESR_RN,2026-07-19,2.2,-2.7,-1.86375,1.6659999999999988,-0.19775000000000098,29.515416666666667,30.301145833333333,-0.7857291666666667,8,10,18,7.488500000000001,-7.686250000000002,44.4,1.22,75.0,4.9,1800.0,0.3
DIBOL_RN,2026-07-19,4.8,-8.2,-25.797000000000004,-37.4395,-63.23650000000001,8.74,11.595104166666667,-2.855104166666667,1,9,10,1.0619999999999976,-64.2985,10.0,0.15,9.9,13.0,237.60000000000002,5.5
DKNS_ESS_RN,2026-07-19,1.4,0.0,-17.951499999999996,0.0,-17.951499999999996,4.547916666666667,6.533229166666666,-1.9853124999999998,0,1,1,0.0,-17.951499999999996,0.0,0.0,50.0,1.4,1200.0,0.1
DRAK_ESS_RN,2026-07-19,0.0,0.0,0.0,0.0,0.0,33.09,41.445,-8.354999999999997,0,0,0,0.0,0.0,0.0,0.0,150.0,0.0,3600.0,0.0
DSWL_BES1,2026-07-19,13.3,-22.099999999999998,-33.60425000000003,-46.086249999999986,-79.69050000000001,28.856666666666666,34.679375,-5.822708333333334,4,20,24,6.7160000000000055,-86.40650000000002,16.7,0.39,150.0,35.4,3600.0,1.0
EBNY_ESS_RN,2026-07-19,1.4000000000000001,-3.8000000000000003,-7.8534999999999995,-14.972,-22.825499999999998,27.55458333333333,30.42895833333333,-2.8743750000000006,8,11,19,4.47025,-27.29575,42.1,0.23,200.0,5.2,4800.0,0.1
ELMCRK_RN,2026-07-19,11.8,-18.900000000000002,-25.595499999999994,-20.454,-46.04949999999999,28.825,33.365520833333335,-4.540520833333334,6,17,23,25.638499999999986,-71.68799999999999,26.1,1.01,9.9,30.700000000000003,237.60000000000002,12.9
ELM_ST_RN,2026-07-19,0.0,-1.0,0.0,-1.6475000000000009,-1.6475000000000009,0.9433333333333334,1.0119791666666667,-0.06864583333333336,0,1,1,0.0,-1.6475000000000009,0.0,0.0,9.9,1.0,237.60000000000002,0.4
ELM_ST_RN2,2026-07-19,3.5,0.0,-17.99549999999999,0.0,-17.99549999999999,2.5608333333333335,3.001041666666667,-0.4402083333333331,0,2,2,0.0,-17.99549999999999,0.0,0.0,9.9,3.5,237.60000000000002,1.5
ELSA_ESR_RN,2026-07-19,71.0,-191.2,107.12,949.9559999999999,1057.0759999999998,21.447083333333335,20.625104166666667,0.8219791666666664,14,8,22,1299.6584999999998,-242.58250000000004,63.6,3.06,9.9,262.2,237.60000000000002,110.4
ELZA_SLR_RN,2026-07-19,14.6,-7.8,-45.38799999999999,-28.802250000000008,-74.19024999999999,28.5725,34.526875,-5.954374999999999,4,20,24,2.4414999999999996,-76.63174999999998,16.7,0.16,100.0,22.4,2400.0,0.9
EMPCT_RN,2026-07-19,3.6000000000000005,-11.9,-15.918999999999997,-20.960999999999995,-36.879999999999995,29.099999999999998,34.670208333333335,-5.5702083333333325,3,20,23,1.6290000000000036,-38.50899999999999,13.0,0.28,9.9,15.5,237.60000000000002,6.5
ENDPARK_ESS1,2026-07-19,5.6,-10.9,-81.4465,-52.358250000000005,-133.80475,27.870833333333334,33.23020833333333,-5.359375,3,19,22,1.6382499999999967,-135.443,13.6,0.08,50.0,16.5,1200.0,1.4
ESCONDID_ESR,2026-07-19,8.4,-1.9000000000000001,-269.8595,1.0495000000000012,-268.81,35.06541666666667,39.861354166666665,-4.795937499999999,10,10,20,11.049000000000003,-279.859,50.0,0.04,0.0,10.3,0.0,0.0
ESTONIAN_ALL,2026-07-19,24.5,-14.8,-109.24725000000001,-63.20824999999999,-172.4555,28.885,34.538645833333334,-5.653645833333333,4,20,24,3.941499999999999,-176.397,16.7,0.11,101.6,39.3,2438.3999999999996,1.6
EUNICE_ALL,2026-07-19,381.09999999999997,-53.6,-747.9195000000002,-320.4715,-1068.3910000000003,29.575416666666666,33.67520833333334,-4.0997916666666665,7,15,22,128.0885000000001,-1196.4795000000004,31.8,0.23,17.0,434.7,408.0,106.5
EVLN_ESS_RN,2026-07-19,3.9000000000000004,-2.3000000000000003,-25.868000000000006,-7.8052500000000045,-33.67325000000001,29.355833333333333,34.84427083333333,-5.488437500000001,3,20,23,1.2720000000000011,-34.945250000000016,13.0,0.24,220.0,6.200000000000001,5280.0,0.1
E_HARRIS_RN,2026-07-19,3.2,-22.1,-18.794000000000008,-74.927,-93.72100000000002,18.874166666666667,21.084374999999998,-2.2102083333333336,10,13,23,20.857500000000005,-114.57850000000003,43.5,0.24,9.9,25.3,237.60000000000002,10.6
FALFUR_RN,2026-07-19,20.599999999999998,-98.3,105.977,16.94975000000005,122.92675000000006,19.100416666666668,19.664895833333333,-0.5644791666666668,12,10,22,397.20625,-274.27950000000004,54.5,1.21,9.9,118.89999999999999,237.60000000000002,50.0
FALFUR_RN2,2026-07-19,0.0,-4.0,0.0,15.867500000000003,15.867500000000003,10.765,11.73,-0.9649999999999999,1,1,2,17.797500000000003,-1.9299999999999997,50.0,9.22,9.8,4.0,235.20000000000002,1.7
FAULKNER_RN,2026-07-19,0.0,-10.0,0.0,-60.292500000000004,-60.292500000000004,3.530416666666667,3.701458333333333,-0.17104166666666654,0,4,4,0.0,-60.29250000000001,0.0,0.0,9.9,10.0,237.60000000000002,4.2
FENCESLR_ALL,2026-07-19,35.8,-12.5,-72.26875000000001,-35.778499999999994,-108.04725,28.234166666666667,33.4340625,-5.199895833333334,5,19,24,12.029249999999989,-120.07650000000001,20.8,0.38,71.0,48.3,1704.0,2.8
FERD_ESS_RN,2026-07-19,19.3,-7.0,-106.10650000000001,-18.462499999999995,-124.569,16.362083333333334,19.31447916666667,-2.952395833333334,3,8,11,38.352000000000004,-162.92100000000002,27.3,0.63,200.0,26.3,4800.0,0.5
FIVEWSLR_ALL,2026-07-19,2069.9,-11.1,-4051.811000000002,-36.911249999999995,-4088.722250000002,16.041666666666668,19.177291666666665,-3.1356250000000006,4,12,16,801.2617499999997,-4889.984000000002,25.0,0.49,220.0,2081.0,5280.0,39.4
FLOWERII_RN,2026-07-19,53.5,-79.6,-1119.31725,-532.6670000000001,-1651.9842500000002,29.476666666666663,33.63885416666667,-4.162187500000001,6,18,24,29.48050000000001,-1681.4647500000003,25.0,0.05,100.0,133.1,2400.0,5.5
FLTBES1,2026-07-19,0.0,-100.0,0.0,-414.7700000000001,-414.7700000000001,2.47875,3.036979166666667,-0.5582291666666669,2,6,8,2.1674999999999933,-416.9375000000001,25.0,0.02,8.5,100.0,204.0,49.0
FLVABES1_ESR,2026-07-19,59.2,0.0,-60.719750000000104,0.0,-60.719750000000104,9.082083333333333,10.868229166666666,-1.7861458333333335,2,2,4,50.12949999999991,-110.84925000000001,50.0,0.45,9.9,59.2,237.60000000000002,24.9
FORTMA_RN,2026-07-19,63.6,-46.0,-119.1105,-24.664999999999985,-143.77549999999997,22.229583333333334,25.218125,-2.9885416666666664,7,11,18,199.68200000000002,-343.4575,38.9,0.91,0.0,109.6,0.0,0.0
FRMRSVLW_RN,2026-07-19,3.6000000000000005,-1.1,-15.995750000000001,-11.888500000000004,-27.884250000000005,28.9225,34.54208333333333,-5.619583333333334,4,18,22,1.397,-29.281250000000007,18.2,0.21,9.9,4.700000000000001,237.60000000000002,2.0
FRMR_BS2_RN1,2026-07-19,0.0,-2.0,0.0,-1.6474999999999973,-1.6474999999999973,3.92375,4.172604166666667,-0.24885416666666652,1,1,2,0.12750000000000128,-1.7749999999999986,50.0,0.07,6.0,2.0,144.0,1.4
FTDUNCAN_RN,2026-07-19,8.4,-2.9,-284.18325000000004,6.148250000000001,-278.035,35.535000000000004,40.513958333333335,-4.978958333333335,10,10,20,16.3005,-294.3355,50.0,0.06,100.0,11.3,2400.0,0.5
GAIA_SLR_RN,2026-07-19,10.0,-1.0,-20.415000000000013,0.067499999999999,-20.347500000000014,9.997083333333334,10.844895833333334,-0.8478125000000006,3,8,11,2.0749999999999957,-22.42250000000001,27.3,0.25,75.0,11.0,1800.0,0.6
GAMBIT_RN,2026-07-19,0.0,-63.300000000000004,0.0,-166.70774999999995,-166.70774999999995,27.4725,29.754270833333333,-2.281770833333334,1,4,5,1.1632499999999972,-167.87099999999992,20.0,0.03,100.0,63.300000000000004,2400.0,2.6
GARC_BESS_RN,2026-07-19,0.4,-9.9,4.6850000000000005,5.398750000000008,10.083750000000009,18.36916666666667,18.791145833333335,-0.42197916666666613,9,11,20,44.37100000000001,-34.28725,45.0,1.58,9.9,10.3,237.60000000000002,4.3
GIGA_ESS_RN,2026-07-19,2.4000000000000004,-23.4,-8.487750000000002,26.285,17.79725,27.616666666666664,30.943125,-3.326458333333333,8,14,22,48.48775,-30.690500000000004,36.4,2.76,119.0,25.799999999999997,2856.0,0.9
GKS_BESS_RN,2026-07-19,1.0,-235.9,4.563,82.37749999999977,86.94049999999982,19.404999999999998,20.638020833333332,-1.233020833333334,12,12,24,362.39849999999973,-275.4579999999999,50.0,1.32,87.0,236.9,2088.0,11.3
GODY_SLR_RN,2026-07-19,120.0,-16.0,-552.9750000000001,30.26500000000003,-522.7100000000002,6.737916666666667,8.268541666666668,-1.5306250000000006,2,9,11,50.56,-573.2700000000001,18.2,0.4,0.0,136.0,0.0,0.0
GOMZ_RN,2026-07-19,2.3000000000000003,-6.7,-4.367750000000002,35.67199999999999,31.304249999999985,29.474999999999998,34.11385416666666,-4.638854166666667,5,15,20,53.56499999999999,-22.26075000000001,25.0,7.22,9.9,9.0,237.60000000000002,3.8
GOODWIN_ESR,2026-07-19,20.599999999999998,-27.8,144.081,16.59874999999999,160.67974999999998,19.31,19.980729166666666,-0.6707291666666668,11,12,23,175.93499999999997,-15.255250000000007,47.8,12.58,0.0,48.4,0.0,0.0
GRDNE_ESR_RN,2026-07-19,5.2,-4.0,-24.633500000000023,10.269499999999997,-14.364000000000026,29.65833333333333,33.611354166666665,-3.953020833333334,4,14,18,23.720249999999997,-38.08425000000002,22.2,2.18,9.9,9.2,237.60000000000002,3.9
GREGORY_RN,2026-07-19,41.199999999999996,-21.0,-177.5805,-30.5405,-208.121,22.16,23.757083333333338,-1.5970833333333336,6,17,23,17.1145,-225.2355,26.1,0.22,0.0,62.199999999999996,0.0,0.0
GZ_RN,2026-07-19,43.4,-12.0,-96.32849999999993,-14.927500000000018,-111.25599999999996,29.581666666666667,35.30260416666667,-5.720937499999999,4,20,24,107.52150000000003,-218.7775,16.7,2.46,9.0,55.4,216.0,25.6
HAMI_BESS_RN,2026-07-19,5.0,-24.4,-80.47,-187.85450000000003,-268.32450000000006,4.555833333333333,5.471354166666667,-0.9155208333333333,6,6,12,71.5475,-339.87200000000007,50.0,0.21,9.9,29.4,237.60000000000002,12.4
HARLIN_1_RN,2026-07-19,0.0,-3.0,0.0,-2.41,-2.41,5.2629166666666665,5.69125,-0.4283333333333334,1,1,2,3.990000000000002,-6.400000000000002,50.0,0.62,0.0,3.0,0.0,0.0
HEADCAMP_RN,2026-07-19,0.0,-6.0,0.0,-25.5825,-25.5825,2.8129166666666663,3.486875,-0.6739583333333332,0,2,2,0.0,-25.5825,0.0,0.0,150.0,6.0,3600.0,0.2
HEARN_RD_RN,2026-07-19,51.199999999999996,-18.7,-107.73049999999999,-27.533000000000005,-135.2635,21.281666666666666,23.46864583333333,-2.186979166666667,5,18,23,61.607999999999954,-196.87149999999994,21.7,1.13,9.8,69.89999999999999,235.20000000000002,29.7
HEN_RN,2026-07-19,0.0,0.0,0.0,0.0,0.0,1.7470833333333333,1.4590625,0.2880208333333334,0,0,0,0.0,0.0,0.0,0.0,150.0,0.0,3600.0,0.0
HI_LONEB_RN1,2026-07-19,5.0,-67.5,-8.644500000000004,-308.44950000000006,-317.09400000000005,29.044583333333335,32.67791666666667,-3.6333333333333333,5,18,23,3.6285000000000007,-320.7225000000001,21.7,0.04,50.0,72.5,1200.0,6.0
HLY_RN,2026-07-19,0.0,0.0,0.0,0.0,0.0,3.89625,5.420520833333334,-1.5242708333333332,0,0,0,0.0,0.0,0.0,0.0,102.0,0.0,2448.0,0.0
HMNG_ESS_RN,2026-07-19,3.1,-15.700000000000001,-15.205749999999998,-286.1162499999999,-301.32199999999995,28.911666666666665,34.32385416666667,-5.412187499999999,3,19,22,1.4905000000000002,-302.81249999999994,13.6,0.03,100.0,18.8,2400.0,0.8
HNY_COMB_RN,2026-07-19,0.0,0.0,0.0,0.0,0.0,14.989999999999998,14.807500000000001,0.18249999999999922,0,0,0,0.0,0.0,0.0,0.0,61.5,0.0,1476.0,0.0
HOLCOMB_RN1,2026-07-19,0.0,0.0,0.0,0.0,0.0,6.506666666666667,17.779791666666668,-11.273125,0,0,0,0.0,0.0,0.0,0.0,9.9,0.0,237.60000000000002,0.0
HOUSEMTN_RN,2026-07-19,57.900000000000006,-41.4,-586.4022499999999,-194.6817499999999,-781.0839999999997,29.436666666666667,32.30260416666667,-2.8659374999999994,5,14,19,62.21350000000001,-843.2974999999998,26.3,0.21,60.0,99.30000000000001,1440.0,6.9
HRMS_SLR_RN,2026-07-19,0.0,-1.0,0.0,-2.3475,-2.3475,3.012083333333333,2.6651041666666666,0.34697916666666656,0,1,1,0.0,-2.3475,0.0,0.0,100.0,1.0,2400.0,0.0
HV_BESS1_RN,2026-07-19,10.4,-0.30000000000000004,-106.97899999999998,-0.32324999999999937,-107.30224999999999,12.206249999999999,15.892395833333333,-3.6861458333333332,2,6,8,1.0577500000000006,-108.35999999999999,25.0,0.03,0.0,10.700000000000001,0.0,0.0
HWY6_RN,2026-07-19,0.0,-1.0,0.0,-9.820000000000004,-9.820000000000004,1.2108333333333332,1.62,-0.40916666666666685,0,1,1,0.0,-9.820000000000004,0.0,0.0,9.9,1.0,237.60000000000002,0.4
HYDR_ESS_RN,2026-07-19,0.0,-36.4,0.0,-265.4632499999999,-265.4632499999999,4.680416666666667,4.435,0.24541666666666714,0,7,7,0.0,-265.46324999999996,0.0,0.0,200.0,36.4,4800.0,0.8
IND_INADALE1,2026-07-19,126.3,-59.7,-68.5317500000001,-292.991,-361.52275000000003,27.86375,32.93604166666667,-5.072291666666666,5,18,23,83.72599999999998,-445.24875000000003,21.7,0.68,9.9,186.0,237.60000000000002,78.3
INRT_W_ALL,2026-07-19,1868.0,-37.4,-7352.530000000001,-213.56950000000003,-7566.0995,28.071250000000003,33.23385416666667,-5.162604166666667,3,21,24,1824.2127499999995,-9390.31225,12.5,1.36,13.0,1905.4,312.0,610.7
JADE_SLR_ALL,2026-07-19,53.300000000000004,-42.9,-139.8585,-349.83,-489.6885,27.935000000000002,33.1753125,-5.2403125,3,21,24,17.135500000000008,-506.82399999999996,12.5,0.24,81.9,96.2,1965.6000000000001,4.9
JAG_SLR_RN,2026-07-19,2.2,-7.0,-11.685500000000001,-0.33024999999999793,-12.015749999999999,27.200416666666666,31.784374999999997,-4.5839583333333325,6,17,23,23.319250000000004,-35.335,26.1,1.87,150.0,9.2,3600.0,0.3
JAR_RN,2026-07-19,3.4000000000000004,-2.2,-0.1110000000000011,-6.673749999999999,-6.784749999999999,29.168333333333333,28.490520833333335,0.6778125000000003,11,12,23,13.853000000000003,-20.637750000000004,47.8,0.73,156.0,5.6000000000000005,3744.0,0.1
JC_BAT_RN,2026-07-19,2.3000000000000003,-5.5,-7.7337500000000015,-19.704250000000002,-27.438000000000002,27.814999999999998,31.014375,-3.1993750000000003,8,15,23,4.9565,-32.3945,34.8,0.29,1.2,7.800000000000001,28.799999999999997,27.1
JDKNS_RN,2026-07-19,5.2,-57.5,-25.286000000000012,-217.97100000000006,-243.25700000000006,29.53958333333333,33.6590625,-4.119479166666668,6,17,23,14.272499999999997,-257.52950000000004,26.1,0.16,9.9,62.7,237.60000000000002,26.4
JUNCTION_RN,2026-07-19,258.1,-34.1,187.8200000000002,-41.36400000000001,146.45600000000024,31.485833333333332,32.02552083333333,-0.5396874999999994,8,16,24,1267.83075,-1121.3747499999997,33.3,2.26,9.9,292.20000000000005,237.60000000000002,123.0
JUNORTH_RN,2026-07-19,223.0,-86.0,201.7625,105.91750000000003,307.68000000000006,29.408749999999998,29.349479166666665,0.05927083333333375,7,13,20,1433.7375,-1126.0575,35.0,2.36,9.9,309.0,237.60000000000002,130.1
KEG_RN,2026-07-19,0.0,0.0,0.0,0.0,0.0,2.5620833333333333,2.985416666666667,-0.4233333333333332,0,0,0,0.0,0.0,0.0,0.0,160.0,0.0,3840.0,0.0
KNAPP_RN,2026-07-19,2.0,-41.0,-0.9949999999999974,-107.27250000000001,-108.26750000000001,5.097916666666667,5.764791666666667,-0.666875,3,13,16,43.78,-152.0475,18.8,1.25,0.0,43.0,0.0,0.0
LANTANA_RN,2026-07-19,1.2000000000000002,-9.1,-2.6229999999999998,-8.615500000000003,-11.238500000000002,21.18166666666667,23.401458333333334,-2.2197916666666666,5,18,23,5.665499999999998,-16.904,21.7,1.21,9.9,10.3,237.60000000000002,4.3
LAUR_BESS_RN,2026-07-19,2.2,-16.400000000000002,5.5495,-111.4625,-105.913,18.624166666666667,21.083854166666665,-2.4596875,10,13,23,23.116000000000007,-129.029,43.5,0.23,9.8,18.6,235.20000000000002,7.9
LBRA_BES1,2026-07-19,1.4000000000000001,-17.2,-7.825499999999999,15.534749999999999,7.709249999999999,26.71291666666667,29.5234375,-2.8105208333333334,10,12,22,26.866500000000002,-19.157249999999998,45.5,1.68,200.0,18.599999999999998,4800.0,0.4
LEAKEY_RN,2026-07-19,0.0,-1.0,0.0,1.3249999999999993,1.3249999999999993,3.215,2.2241666666666666,0.9908333333333331,1,0,1,1.3249999999999993,0.0,100.0,99.99,0.0,1.0,0.0,0.0
LFSTH_RN,2026-07-19,7.1000000000000005,-3.5,-37.80725000000001,-19.588,-57.39525000000001,28.7,34.32020833333333,-5.620208333333333,3,20,23,1.493499999999999,-58.88875,13.0,0.17,9.9,10.600000000000001,237.60000000000002,4.5
LIGSW_RN,2026-07-19,3.3000000000000003,-3.9,-16.071749999999998,-24.187749999999998,-40.259499999999996,29.0625,34.728854166666665,-5.6663541666666655,3,19,22,1.3912500000000017,-41.650749999999995,13.6,0.21,9.8,7.2,235.20000000000002,3.1
LILY_RN,2026-07-19,18.7,-25.900000000000002,-66.75975,-415.0890000000001,-481.8487500000001,28.480416666666667,34.400416666666665,-5.920000000000001,4,19,23,2.495500000000001,-484.3442500000001,17.4,0.02,50.0,44.6,1200.0,3.7
LK_RN,2026-07-19,0.0,0.0,0.0,0.0,0.0,0.0,0.0,0.0,0,0,0,0.0,0.0,0.0,0.0,9.9,0.0,237.60000000000002,0.0
LMO_ESR_RN,2026-07-19,3.4000000000000004,-15.8,-13.793250000000004,-352.8452500000001,-366.6385000000001,29.03625,34.84375,-5.807500000000001,3,19,22,1.1567499999999997,-367.79525000000007,13.6,0.02,100.0,19.200000000000003,2400.0,0.8
LONESTAR_RN,2026-07-19,15.100000000000001,-6.5,-45.21775,-54.022,-99.23975,29.499166666666667,33.905833333333334,-4.406666666666665,5,14,19,5.374000000000005,-104.61375000000001,26.3,0.14,9.9,21.6,237.60000000000002,9.1
LON_RN1,2026-07-19,4.9,-11.7,-24.68550000000001,-25.40400000000001,-50.08950000000002,28.079583333333332,31.329375,-3.2497916666666673,4,20,24,1.6370000000000013,-51.72650000000002,16.7,0.16,174.0,16.6,4176.0,0.4
LOWR_ESS_RN,2026-07-19,0.0,-24.7,0.0,63.89425000000003,63.89425000000003,4.21,3.5954166666666665,0.6145833333333334,8,2,10,99.00975000000003,-35.11549999999999,80.0,0.7,60.0,24.7,1440.0,1.7
LUCKYBLU_RN,2026-07-19,5.0,-6.0,-0.25250000000000483,-13.415,-13.667500000000004,10.905000000000001,11.312708333333333,-0.4077083333333335,3,4,7,8.082499999999996,-21.75,42.9,0.5,100.0,11.0,2400.0,0.5
LYNX_ESS_RN,2026-07-19,0.0,0.0,0.0,0.0,0.0,1.5512499999999998,1.3453125000000001,0.2059374999999998,0,0,0,0.0,0.0,0.0,0.0,75.0,0.0,1800.0,0.0
LYSSY_RN,2026-07-19,69.1,-44.8,-219.48400000000004,-120.81399999999998,-340.29800000000006,26.93958333333333,30.517291666666665,-3.5777083333333337,6,16,22,171.1167499999999,-511.41474999999997,27.3,0.89,0.0,113.89999999999999,0.0,0.0
L_FRE_ESR_RN,2026-07-19,0.0,-20.1,0.0,-42.045000000000016,-42.045000000000016,5.901666666666666,6.9540625,-1.0523958333333334,4,9,13,38.574,-80.61900000000001,30.8,1.08,9.9,20.1,237.60000000000002,8.5
MADERO_RN,2026-07-19,0.0,-3.0,0.0,25.529999999999994,25.529999999999994,0.72625,0.6405208333333333,0.08572916666666663,1,0,1,25.529999999999994,0.0,100.0,99.99,100.0,3.0,2400.0,0.1
MAINLAND_RN,2026-07-19,6.6000000000000005,-1.2000000000000002,-20.993499999999997,-4.379000000000001,-25.3725,29.315833333333334,33.41375,-4.097916666666667,3,20,23,1.2799999999999991,-26.652499999999996,13.0,0.32,9.9,7.800000000000001,237.60000000000002,3.3
MEDILA_RN,2026-07-19,78.89999999999999,-44.5,-348.472,-79.39625000000004,-427.86825,27.81833333333333,30.7096875,-2.8913541666666664,8,16,24,187.62449999999993,-615.4927499999999,33.3,0.61,0.0,123.39999999999999,0.0,0.0
MEDINA1_RN,2026-07-19,0.0,-2.0,0.0,-3.9549999999999983,-3.9549999999999983,1.8154166666666667,1.9802083333333333,-0.1647916666666666,1,1,2,0.047500000000002984,-4.002500000000001,50.0,0.01,0.0,2.0,0.0,0.0
MESQUITE_RN,2026-07-19,0.0,-11.0,0.0,-77.16,-77.16,4.370833333333334,4.3771875,-0.006354166666666587,1,5,6,12.799999999999997,-89.96,16.7,0.71,9.9,11.0,237.60000000000002,4.6
MESQUITE_RN2,2026-07-19,0.0,0.0,0.0,0.0,0.0,0.9666666666666667,0.7000000000000001,0.2666666666666666,0,0,0,0.0,0.0,0.0,0.0,0.0,0.0,0.0,0.0
MIDP_SLR_RN,2026-07-19,131.9,-19.7,1404.21425,-186.59675,1217.6174999999998,25.292916666666667,24.429166666666664,0.8637499999999997,12,12,24,1456.7749999999996,-239.1575,50.0,6.09,50.0,151.6,1200.0,12.6
MIDWY_RN,2026-07-19,3.0,-4.1,-20.925000000000004,-32.817750000000004,-53.74275000000001,4.675416666666667,5.116145833333333,-0.44072916666666656,0,3,3,0.0,-53.74275000000001,0.0,0.0,9.9,7.1,237.60000000000002,3.0
MILTON_RN,2026-07-19,21.4,-7.6000000000000005,26.25400000000002,-10.81075,15.44325000000002,26.27208333333333,29.756979166666667,-3.484895833333334,7,13,20,99.86800000000004,-84.42475000000002,35.0,2.2,0.0,29.0,0.0,0.0
MNWL_BESS_RN,2026-07-19,7.1000000000000005,-10.0,-10.251499999999997,-18.735750000000007,-28.98725,30.473333333333333,34.180729166666666,-3.707395833333333,6,16,22,38.5275,-67.51475,27.3,1.52,9.9,17.1,237.60000000000002,7.2
MOORE_FL_RN,2026-07-19,40.8,-71.2,90.21900000000001,61.57450000000001,151.79350000000002,19.7975,20.3525,-0.555,14,8,22,310.21575,-158.42224999999996,63.6,1.12,9.9,112.0,237.60000000000002,47.1
MUENSTER_RN,2026-07-19,93.5,-1.4,-175.64725000000004,1.0367499999999987,-174.61050000000006,28.34166666666667,33.5503125,-5.208645833333334,4,10,14,125.43900000000001,-300.0495000000001,28.6,1.05,6.0,94.9,144.0,65.9
MUSTNGCK_ALL,2026-07-19,66.2,-27.6,28.562250000000017,-49.15175,-20.58949999999998,24.663333333333338,26.515,-1.8516666666666663,10,14,24,68.50725000000001,-89.09674999999999,41.7,1.08,71.0,93.80000000000001,1704.0,5.5
MU_RN,2026-07-19,13.600000000000001,-64.8,81.6235,-341.6742500000001,-260.0507500000001,28.776666666666667,33.37145833333333,-4.594791666666667,3,20,23,102.69000000000001,-362.74075000000005,13.0,1.89,9.9,78.4,237.60000000000002,33.0
MV_VALV4_RN,2026-07-19,1.0,-14.9,4.364000000000001,-49.86325,-45.499249999999996,20.701249999999998,20.615,0.08624999999999994,15,9,24,31.605999999999998,-77.10525,62.5,0.25,9.9,15.9,237.60000000000002,6.7
MYRY_BES2_RN,2026-07-19,1.0,-7.0,5.2285,13.420499999999999,18.648999999999997,19.68916666666667,20.27208333333333,-0.5829166666666669,12,10,22,31.30275,-12.653750000000002,54.5,2.06,9.9,8.0,237.60000000000002,3.4
MYRY_ESR_RN,2026-07-19,0.0,-5.0,0.0,17.437499999999996,17.437499999999996,3.1795833333333334,3.362916666666667,-0.1833333333333335,1,2,3,22.9575,-5.520000000000003,33.3,8.32,9.9,5.0,237.60000000000002,2.1
MYR_ALL,2026-07-19,78.1,-4.6,-125.62749999999994,-6.876499999999995,-132.50399999999993,16.42875,16.765,-0.33624999999999955,7,7,14,41.90750000000001,-174.41149999999996,50.0,0.24,76.3,82.69999999999999,1831.1999999999998,4.5
NCO_RN,2026-07-19,2.8000000000000003,-1.9000000000000001,-7.738000000000001,-4.7909999999999995,-12.529,27.598333333333333,30.067083333333333,-2.46875,8,15,23,3.275500000000001,-15.8045,34.8,0.39,38.8,4.7,931.1999999999999,0.5
NEDIN_RN,2026-07-19,0.0,-1.0,0.0,-15.9875,-15.9875,2.379583333333333,2.8005208333333336,-0.4209375,0,1,1,0.0,-15.9875,0.0,0.0,0.0,1.0,0.0,0.0
NF_BRP_RN,2026-07-19,177.1,-83.0,-117.94475,-166.19249999999997,-284.13725,19.043333333333333,19.737395833333334,-0.6940624999999999,7,15,22,359.80175,-643.939,31.8,1.2,100.5,260.1,2412.0,10.8
NOBLESLR_ALL,2026-07-19,1230.1000000000001,-68.0,-3980.802999999999,-422.8267499999999,-4403.629749999999,19.655,23.99875,-4.343749999999999,3,16,19,229.78250000000023,-4633.412249999999,15.8,0.26,62.5,1298.1000000000001,1500.0,86.5
NWF_NWF1,2026-07-19,14.6,-49.0,-49.006499999999974,-366.85900000000004,-415.8655,29.548333333333332,33.71895833333333,-4.170625,6,16,22,4.619500000000004,-420.485,27.3,0.03,3.0,63.6,72.0,88.3
N_AL_BESS_RN,2026-07-19,1.0,-11.100000000000001,4.484000000000001,-46.38250000000002,-41.89850000000002,20.47791666666667,20.575625,-0.09770833333333329,14,8,22,30.295750000000005,-72.19425000000001,63.6,0.24,9.9,12.100000000000001,237.60000000000002,5.1
N_MRD_ESR_RN,2026-07-19,1.0,-9.1,3.9655000000000005,9.610499999999995,13.575999999999995,20.424583333333334,20.788125,-0.3635416666666666,15,9,24,27.484499999999997,-13.908500000000002,62.5,1.19,9.9,10.1,237.60000000000002,4.3
ODESW_RN,2026-07-19,5.2,-143.2,-25.145,-317.7627499999999,-342.9077499999999,29.55333333333333,33.616770833333334,-4.0634375,6,17,23,11.257749999999959,-354.1654999999999,26.1,0.09,10.0,148.39999999999998,240.0,61.8
OLMITO_RN,2026-07-19,1.2000000000000002,-20.2,3.693000000000001,-37.96049999999999,-34.267499999999984,18.985,20.98604166666667,-2.001041666666666,11,13,24,38.376749999999994,-72.64424999999999,45.8,0.62,0.0,21.4,0.0,0.0
OLNEYTN_RN,2026-07-19,77.3,-158.1,1587.93,1189.7015000000001,2777.6315000000004,30.419166666666666,20.808229166666667,9.6109375,11,10,21,3176.6184999999996,-398.98699999999985,52.4,7.24,9.9,235.39999999999998,237.60000000000002,99.1
OR_BESS_RN,2026-07-19,0.0,-10.0,0.0,-67.81000000000002,-67.81000000000002,2.2554166666666666,2.3925,-0.13708333333333345,1,4,5,4.234999999999999,-72.04500000000002,20.0,0.24,9.9,10.0,237.60000000000002,4.2
PAD1_ESS_RN,2026-07-19,0.0,-8.0,0.0,-12.594999999999992,-12.594999999999992,0.0,0.0,0.0,0,3,3,0.0,-12.594999999999992,0.0,0.0,50.0,8.0,1200.0,0.7
PAD2_ESS_RN,2026-07-19,0.0,0.0,0.0,0.0,0.0,2.2079166666666667,2.6913541666666667,-0.48343749999999996,0,0,0,0.0,0.0,0.0,0.0,150.0,0.0,3600.0,0.0
PALACIOS_RN,2026-07-19,82.0,-13.5,-226.57999999999998,36.07574999999998,-190.50425,24.114166666666666,25.66614583333333,-1.5519791666666667,10,11,21,165.96099999999993,-356.46524999999997,47.6,0.51,9.0,95.5,216.0,44.2
PALE_ESS_EN,2026-07-19,5.0,-48.1,-70.09299999999999,-537.5857500000001,-607.67875,9.1,11.861979166666666,-2.7619791666666664,0,11,11,0.0,-607.67875,0.0,0.0,200.0,53.1,4800.0,1.1
PAULN_RN,2026-07-19,4.800000000000001,-2.1,-27.945749999999997,-12.066500000000003,-40.01225,28.70125,34.103125,-5.401875,4,18,22,1.3619999999999992,-41.37425,18.2,0.15,9.9,6.9,237.60000000000002,2.9
PAVLOV_BT_RN,2026-07-19,1.6,-20.1,-8.022000000000002,-12.493250000000007,-20.51525000000001,24.958333333333332,26.17385416666667,-1.2155208333333336,9,13,22,17.58874999999998,-38.103999999999985,40.9,0.67,9.9,21.700000000000003,237.60000000000002,9.1
PAVO_ESS_ALL,2026-07-19,46.4,-24.7,-35.06649999999997,-46.153749999999995,-81.22024999999996,11.714166666666666,12.417604166666665,-0.7034374999999998,4,7,11,28.359500000000033,-109.57975,36.4,0.45,87.5,71.1,2100.0,3.4
PEARSALL_RN,2026-07-19,7.0,-11.0,-101.81999999999996,-5.4750000000000085,-107.29499999999999,7.548750000000001,9.021770833333333,-1.473020833333333,4,8,12,23.684999999999995,-130.97999999999996,33.3,0.36,9.9,18.0,237.60000000000002,7.6
PHO_ALL,2026-07-19,41.9,-8.8,7.815000000000005,-14.381749999999995,-6.566749999999988,24.562916666666666,26.635312499999998,-2.072395833333333,7,16,23,30.475250000000006,-37.042,30.4,1.88,150.0,50.7,3600.0,1.4
PINEFRST_RN,2026-07-19,24.400000000000002,-11.7,-74.67075,-225.09225,-299.763,28.993333333333336,34.52854166666666,-5.535208333333333,4,18,22,4.358249999999998,-304.12125000000003,18.2,0.06,200.0,36.1,4800.0,0.8
PIN_BESS_RN,2026-07-19,0.0,-3.0,0.0,-7.1175000000000015,-7.1175000000000015,3.186666666666667,3.191041666666667,-0.004375000000000166,0,3,3,0.0,-7.1175000000000015,0.0,0.0,175.0,3.0,4200.0,0.1
PIRATE_RN,2026-07-19,61.199999999999996,-6.4,-188.17300000000006,-4.6965,-192.86950000000007,22.021666666666665,24.385416666666668,-2.36375,6,15,21,66.97375000000001,-259.8432500000001,28.6,0.64,9.8,67.6,235.20000000000002,28.7
PLATINUM_RN,2026-07-19,0.0,0.0,0.0,0.0,0.0,1.6483333333333334,1.5940624999999997,0.054270833333333414,0,0,0,0.0,0.0,0.0,0.0,143.8,0.0,3451.2000000000003,0.0
POTEETS_RN,2026-07-19,3.2,-2.2,-4.214249999999997,1.9699999999999975,-2.244249999999999,28.24208333333333,29.662916666666664,-1.4208333333333336,9,11,20,12.479750000000001,-14.724,45.0,1.04,9.9,5.4,237.60000000000002,2.3
POTSVIL_RN,2026-07-19,403.8,-81.9,174.83724999999984,-338.35850000000005,-163.52125000000026,32.3925,32.69760416666667,-0.305104166666667,9,15,24,1520.027,-1683.54825,37.5,1.5,9.9,485.70000000000005,237.60000000000002,204.4
PRCRK_RN,2026-07-19,3.7,-11.7,-19.8765,-119.86400000000003,-139.74050000000003,28.465416666666666,34.6228125,-6.157395833333335,3,19,22,0.7434999999999989,-140.48400000000004,13.6,0.03,9.9,15.399999999999999,237.60000000000002,6.5
PTLBES_BESS1,2026-07-19,178.7,-4.5,-818.6445000000001,-6.498000000000001,-825.1425000000002,23.63083333333333,25.167916666666667,-1.5370833333333336,9,14,23,64.718,-889.8605000000001,39.1,0.11,3.0,183.2,72.0,254.4
PYR_PYRON1,2026-07-19,633.4,-31.6,-3454.4687499999995,-105.51450000000007,-3559.9832499999998,27.86375,32.93604166666667,-5.072291666666666,5,19,24,369.58574999999996,-3929.5689999999995,20.8,0.36,15.1,665.0,362.4,183.5
QUEEN_BA_RN,2026-07-19,100.60000000000001,-18.2,-117.38949999999993,-198.99300000000005,-316.3825,29.436666666666667,33.00604166666667,-3.5693750000000004,5,17,22,10.647749999999997,-327.03024999999997,22.7,0.11,50.0,118.80000000000001,1200.0,9.9
RADN_SLR_ALL,2026-07-19,145.5,-42.8,-892.4192500000001,-209.07424999999998,-1101.4935000000003,28.4175,33.054375,-4.636875,3,21,24,22.591500000000003,-1124.0850000000003,12.5,0.14,81.9,188.3,1965.6000000000001,9.6
RBN_BESS1,2026-07-19,3.5,-13.2,-11.337000000000005,-36.065,-47.402,29.26875,34.53760416666667,-5.268854166666667,4,20,24,4.147250000000003,-51.54925,16.7,0.4,80.0,16.7,1920.0,0.9
RHESS2_ESS1,2026-07-19,35.0,-44.0,-175.49125000000004,159.14,-16.351250000000043,15.816666666666668,15.810208333333334,0.0064583333333335284,7,6,13,189.42749999999995,-205.77875,53.8,0.79,9.8,79.0,235.20000000000002,33.6
RIOG_ESR2_RN,2026-07-19,0.4,-7.9,4.339,24.763499999999993,29.102499999999996,18.598333333333333,19.008958333333332,-0.4106250000000002,9,11,20,41.72149999999999,-12.619000000000002,45.0,4.04,0.0,8.3,0.0,0.0
RIOG_ESR_RN,2026-07-19,1.0,-5.0,-5.035,30.957499999999996,25.922499999999996,2.25625,2.5767708333333332,-0.3205208333333333,2,2,4,34.595,-8.6725,50.0,3.99,9.9,6.0,237.60000000000002,2.5
RN_BY_ESR1,2026-07-19,0.0,-2.0,0.0,-4.217500000000001,-4.217500000000001,2.0545833333333334,2.2303125,-0.17572916666666671,0,2,2,0.0,-4.217500000000001,0.0,0.0,0.0,2.0,0.0,0.0
RN_PAD3_ESS,2026-07-19,0.0,0.0,0.0,0.0,0.0,1.8795833333333334,2.739479166666667,-0.8598958333333333,0,0,0,0.0,0.0,0.0,0.0,200.0,0.0,4800.0,0.0
RN_QTUM_SLR,2026-07-19,2121.1,-1.0,-2896.0520000000024,-3.0199999999999996,-2899.0720000000024,15.11875,17.937604166666667,-2.8188541666666675,1,10,11,279.98850000000033,-3179.0605000000023,9.1,0.88,160.0,2122.1,3840.0,55.3
RN_RHN_ESR,2026-07-19,0.0,0.0,0.0,0.0,0.0,1.32125,1.6608333333333334,-0.3395833333333333,0,0,0,0.0,0.0,0.0,0.0,200.0,0.0,4800.0,0.0
RN_SOLC_SLR,2026-07-19,1938.0,-31.0,-3141.353000000002,-13.625000000000028,-3154.978000000002,12.065833333333332,13.327916666666667,-1.262083333333334,3,8,11,379.0794999999988,-3534.057500000001,27.3,0.29,160.0,1969.0,3840.0,51.3
ROSELAND_ALL,2026-07-19,457.2,-77.0,-662.4447499999999,-278.63125,-941.076,27.505416666666665,32.35552083333334,-4.850104166666667,5,19,24,712.01075,-1653.08675,20.8,1.64,50.0,534.2,1200.0,44.5
RPUBRDS_RN,2026-07-19,3.4000000000000004,-9.5,-5.74025,-29.6125,-35.35275,30.113333333333333,33.76447916666667,-3.651145833333333,7,16,23,7.972750000000004,-43.325500000000005,30.4,0.42,39.5,12.9,948.0,1.4
RRANCHES_ALL,2026-07-19,5.2,-358.3,-25.619500000000006,-973.0560000000002,-998.6755000000002,29.53333333333333,33.86020833333333,-4.326875,6,17,23,297.09324999999995,-1295.76875,26.1,0.65,150.0,363.5,3600.0,10.1
RRC_WIND_ALL,2026-07-19,37.0,-46.2,-245.633,-52.598499999999916,-298.2314999999999,27.469166666666666,32.142916666666665,-4.673749999999999,6,18,24,67.22300000000004,-365.4545,25.0,0.55,75.0,83.2,1800.0,4.6
RTLSNAKE_BT,2026-07-19,3.0,-1.0,-21.29249999999999,0.9649999999999999,-20.32749999999999,2.5595833333333333,2.8151041666666665,-0.2555208333333332,1,1,2,0.9649999999999999,-21.29249999999999,50.0,0.05,9.9,4.0,237.60000000000002,1.7
RUSSEKST_RN,2026-07-19,81.1,-119.1,-496.9865000000001,-38.58224999999996,-535.56875,33.1825,35.4353125,-2.2528125000000006,10,14,24,434.1935,-969.76225,41.7,0.63,9.9,200.2,237.60000000000002,84.3
RVN_RN,2026-07-19,0.0,0.0,0.0,0.0,0.0,25.055,26.84,-1.7849999999999984,0,0,0,0.0,0.0,0.0,0.0,0.0,0.0,0.0,0.0
RVRVLYS_ALL,2026-07-19,7.2,-4.3,-56.417249999999996,-17.29875,-73.716,27.718333333333334,31.238020833333334,-3.5196875,8,15,23,6.833500000000003,-80.54950000000001,34.8,0.16,50.0,11.5,1200.0,1.0
SADLBACK_RN,2026-07-19,2.2,-9.9,-4.325500000000001,-50.54075000000001,-54.86625000000001,29.48375,33.82416666666666,-4.340416666666667,5,15,20,3.9224999999999985,-58.78875,25.0,0.2,9.9,12.100000000000001,237.60000000000002,5.1
SAH_RN,2026-07-19,0.0,0.0,0.0,0.0,0.0,3.7133333333333334,3.8426041666666664,-0.12927083333333314,0,0,0,0.0,0.0,0.0,0.0,200.0,0.0,4800.0,0.0
SANDLAKE_RN,2026-07-19,2.2,-20.400000000000002,-4.472000000000003,-49.52850000000002,-54.00050000000003,29.48125,34.00010416666667,-4.518854166666667,4,16,20,11.640499999999994,-65.64100000000002,20.0,0.71,9.9,22.6,237.60000000000002,9.5
SBEAN_BESS,2026-07-19,2.2,-2.4,-4.456000000000001,-12.120500000000002,-16.576500000000003,29.495,33.93447916666667,-4.4394791666666675,5,14,19,3.2695000000000016,-19.846000000000004,26.3,0.46,9.9,4.6,237.60000000000002,1.9
SEVNF_ES_RN,2026-07-19,105.0,-19.0,189.92750000000007,-198.125,-8.197499999999962,13.025833333333333,12.205729166666666,0.8201041666666669,7,15,22,754.0699999999999,-762.2674999999999,31.8,2.12,100.0,124.0,2400.0,5.2
SGSA_DGR,2026-07-19,12.5,-8.0,7.874999999999988,15.819999999999993,23.69499999999998,0.7604166666666666,0.7341666666666667,0.026249999999999957,2,1,3,53.374999999999986,-29.680000000000007,66.7,0.9,9.9,20.5,237.60000000000002,8.6
SG_BES_BESS1,2026-07-19,186.6,-103.9,1246.4142500000003,-341.10275000000007,905.3115000000001,29.48625,29.451979166666664,0.03427083333333355,10,11,21,1344.6430000000003,-439.33150000000006,47.6,3.37,100.0,290.5,2400.0,12.1
SHAMROCK_RN,2026-07-19,1656.7,-51.7,-4583.3814999999995,-254.04950000000002,-4837.4310000000005,28.925,32.563854166666665,-3.6388541666666665,6,18,24,1072.6710000000003,-5910.102,25.0,0.54,99.3,1708.4,2383.2,71.7
SHEEPCRK_1,2026-07-19,177.0,-3.3,-634.0572499999998,-57.696250000000006,-691.7534999999998,27.469166666666666,32.142916666666665,-4.673749999999999,5,18,23,296.1745000000001,-987.9280000000001,21.7,1.08,130.0,180.3,3120.0,5.8
SLCN_ESS_ALL,2026-07-19,77.8,-3.3000000000000003,30.99025,-6.778500000000004,24.211750000000002,27.7825,31.091458333333335,-3.3089583333333343,8,15,23,71.36549999999998,-47.15374999999998,34.8,2.84,50.0,81.1,1200.0,6.8
SLK_BESS_RN,2026-07-19,0.0,-1.0,0.0,-0.07250000000000156,-0.07250000000000156,4.717083333333333,4.187395833333333,0.5296874999999998,0,1,1,0.0,-0.07250000000000156,0.0,0.0,200.0,1.0,4800.0,0.0
SMTH_ESS_RN,2026-07-19,3.6000000000000005,-6.9,-16.006500000000003,-21.697499999999998,-37.704,28.599999999999998,34.5503125,-5.9503125,4,17,21,1.1790000000000007,-38.883,19.0,0.13,97.0,10.5,2328.0,0.5
SNY_BESS_RN,2026-07-19,80.39999999999999,-44.4,-752.2157500000001,-37.26825,-789.484,29.474166666666665,33.50541666666667,-4.031250000000001,5,17,22,27.623499999999986,-817.1075,22.7,0.11,9.9,124.79999999999998,237.60000000000002,52.5
SPTX12B_RN,2026-07-19,98.9,-35.199999999999996,-42.21074999999991,-126.29049999999994,-168.50124999999986,12.131666666666668,13.020208333333334,-0.8885416666666665,4,12,16,52.430000000000064,-220.93124999999992,25.0,0.71,22.1,134.1,530.4000000000001,25.3
SP_RN,2026-07-19,13.8,-21.3,78.25450000000001,-133.52375,-55.269250000000014,29.50125,35.30385416666667,-5.802604166666666,3,20,23,101.01975,-156.28900000000004,13.0,4.31,9.9,35.1,237.60000000000002,14.8
SROSA_ESR_RN,2026-07-19,1.2000000000000002,-7.1000000000000005,3.293999999999999,-0.261250000000006,3.032749999999993,19.137916666666666,21.120625,-1.9827083333333337,10,13,23,20.589999999999993,-17.557250000000003,43.5,1.52,9.9,8.3,237.60000000000002,3.5
STADIUM_RN,2026-07-19,0.0,-8.0,0.0,-72.04999999999998,-72.04999999999998,2.905,3.50625,-0.60125,0,3,3,0.0,-72.04999999999998,0.0,0.0,9.9,8.0,237.60000000000002,3.4
STAM_SLR_ALL,2026-07-19,21.4,-19.0,-109.78299999999999,-244.2615,-354.04449999999997,16.614166666666666,20.390208333333334,-3.7760416666666665,3,12,15,2.5749999999999993,-356.6195,20.0,0.03,70.0,40.4,1680.0,2.4
STRG_SLR_ALL,2026-07-19,20.2,-16.2,-50.4115,-75.55475,-125.96625,27.230833333333333,31.440729166666667,-4.209895833333333,5,19,24,10.842249999999993,-136.80849999999998,20.8,0.3,100.0,36.4,2400.0,1.5
SUNVASLR_ALL,2026-07-19,442.3,-12.899999999999999,-187.3725,-12.99524999999999,-200.36774999999997,27.05,31.421041666666667,-4.371041666666667,6,18,24,1038.1190000000001,-1238.48675,25.0,2.51,53.3,455.2,1279.1999999999998,35.6
SWOOSE1_U1,2026-07-19,9.8,-5.8,-112.06249999999997,-33.794,-145.85649999999998,29.547916666666666,33.80833333333333,-4.260416666666665,5,15,20,3.229500000000001,-149.08599999999998,25.0,0.06,9.9,15.600000000000001,237.60000000000002,6.6
SWOOSEII_RN,2026-07-19,3.0,-2.0,-21.202499999999986,1.485000000000003,-19.717499999999983,5.234166666666667,5.528229166666667,-0.2940624999999996,2,1,3,1.485000000000003,-21.202499999999986,66.7,0.04,100.0,5.0,2400.0,0.2
SWT_BESS_RN,2026-07-19,14.0,-46.3,-7.570999999999996,-113.94524999999997,-121.51624999999997,29.687083333333334,33.55479166666667,-3.867708333333333,6,18,24,36.47324999999999,-157.98949999999994,25.0,0.69,9.9,60.3,237.60000000000002,25.4
TANZ_ESS_RN,2026-07-19,0.0,-1.0,0.0,-2.535,-2.535,0.9904166666666666,1.0960416666666666,-0.10562500000000001,0,1,1,0.0,-2.535,0.0,0.0,0.0,1.0,0.0,0.0
TBWF_ES_BES1,2026-07-19,111.9,-22.699999999999996,-667.26875,-41.68999999999997,-708.9587499999999,17.835,19.787604166666668,-1.9526041666666665,4,10,14,30.277750000000005,-739.2364999999999,28.6,0.1,150.0,134.6,3600.0,3.7
TDWLPR_1_RN,2026-07-19,3.1,-2.8000000000000003,-12.697,-27.272250000000003,-39.96925,28.042916666666667,33.388125,-5.345208333333333,4,19,23,1.547500000000001,-41.516749999999995,17.4,0.18,100.0,5.9,2400.0,0.2
TNFS_RN,2026-07-19,0.0,-1.0,0.0,-1.9699999999999989,-1.9699999999999989,1.8341666666666667,1.86,-0.025833333333333226,0,1,1,0.0,-1.9699999999999989,0.0,0.0,9.9,1.0,237.60000000000002,0.4
TORR_ALL,2026-07-19,697.0,-405.7,1269.3082500000003,1674.92225,2944.2305000000006,13.369583333333333,12.690208333333333,0.6793750000000003,12,12,24,6866.4195,-3922.189,50.0,1.75,0.0,1102.7,0.0,0.0
TORT_ESS_RN,2026-07-19,0.0,0.0,0.0,0.0,0.0,2.622916666666667,2.56875,0.05416666666666684,0,0,0,0.0,0.0,0.0,0.0,48.3,0.0,1159.1999999999998,0.0
TOYAH_RN,2026-07-19,0.0,-10.0,0.0,3.9949999999999974,3.9949999999999974,2.1175,2.610208333333333,-0.49270833333333314,2,2,4,46.865,-42.870000000000005,50.0,1.09,9.9,10.0,237.60000000000002,4.2
TRIPBUT1_RN,2026-07-19,6.4,-14.9,-5.566749999999979,18.12275000000001,12.556000000000033,29.308333333333334,30.672395833333336,-1.3640624999999986,7,13,20,72.84850000000002,-60.29249999999998,35.0,2.24,7.5,21.3,180.0,11.8
TSECA_ES_RN,2026-07-19,105.2,-101.0,-492.94149999999996,-589.5275,-1082.469,11.914166666666667,13.625520833333333,-1.7113541666666665,9,11,20,222.0764999999999,-1304.5455000000002,45.0,0.21,100.0,206.2,2400.0,8.6
TURQ_BESS1,2026-07-19,0.4,-10.9,-0.7509999999999998,-162.86799999999997,-163.61899999999997,5.886666666666667,7.167291666666666,-1.2806249999999997,1,7,8,0.9975000000000002,-164.61649999999997,12.5,0.04,186.0,11.3,4464.0,0.3
TV_RN,2026-07-19,3.4000000000000004,-1.3,-11.017500000000002,-11.196749999999998,-22.21425,29.67833333333333,33.9690625,-4.290729166666666,4,19,23,1.7952500000000007,-24.009500000000003,17.4,0.36,9.8,4.7,235.20000000000002,2.0
TYNAN_RN,2026-07-19,1.2000000000000002,-8.6,-5.224,-12.454500000000003,-17.678500000000003,22.96291666666667,25.87291666666667,-2.91,7,15,22,3.6975000000000016,-21.376000000000005,31.8,0.37,9.9,9.8,237.60000000000002,4.1
UTOPIA_RN,2026-07-19,53.2,-40.0,468.19050000000004,-98.875,369.3155000000001,29.035416666666666,27.438333333333333,1.5970833333333332,6,6,12,626.975,-257.6595,50.0,2.43,9.0,93.2,216.0,43.1
VERT_ESS_RN,2026-07-19,2.5,0.0,-9.593499999999993,0.0,-9.593499999999993,7.611250000000001,7.952395833333334,-0.3411458333333335,0,2,2,0.0,-9.593499999999993,0.0,0.0,200.0,2.5,4800.0,0.1
VORT_ALL_RN,2026-07-19,565.3000000000001,-12.200000000000001,-3056.11475,-82.45,-3138.5647500000005,28.1925,33.39083333333333,-5.198333333333333,3,21,24,347.89900000000006,-3486.4637500000003,12.5,0.7,121.8,577.5000000000001,2923.2,19.8
WAL_RN,2026-07-19,3.3000000000000003,-8.5,-10.424750000000001,-24.51125,-34.936,28.457083333333333,33.2653125,-4.808229166666667,4,20,24,3.510500000000002,-38.44650000000001,16.7,0.46,200.0,11.8,4800.0,0.2
WFTANK_ESS1,2026-07-19,0.8,-137.5,-1.4529999999999994,207.3444999999999,205.89149999999995,14.865416666666667,16.45375,-1.5883333333333332,8,15,23,672.9622499999999,-467.07075000000003,34.8,2.7,150.0,138.3,3600.0,3.8
WIG_BESS_RN,2026-07-19,3.5000000000000004,-30.6,-15.942499999999997,-318.75775000000004,-334.70025000000004,28.9275,34.57520833333333,-5.647708333333333,3,21,24,1.3620000000000005,-336.06225,12.5,0.03,120.0,34.1,2880.0,1.2
WLTC_ESR_RN,2026-07-19,0.0,-6.500000000000001,0.0,-41.539749999999984,-41.539749999999984,3.6458333333333335,4.1206249999999995,-0.47479166666666667,2,5,7,1.4057500000000007,-42.94549999999998,28.6,0.08,9.9,6.500000000000001,237.60000000000002,2.7
WOV_BESS_RN,2026-07-19,5.2,-36.800000000000004,-25.1435,-199.7645,-224.908,29.549583333333334,33.647395833333334,-4.0978125,5,15,20,4.994500000000003,-229.90250000000003,25.0,0.07,9.9,42.00000000000001,237.60000000000002,17.7
WRSBES_BESS1,2026-07-19,3.0,-43.0,-21.345000000000006,-144.60750000000004,-165.95250000000007,5.484583333333333,6.2948958333333325,-0.8103124999999998,3,5,8,22.764999999999954,-188.71750000000003,37.5,0.2,9.7,46.0,232.79999999999998,19.8
WR_RN,2026-07-19,3.0,-11.799999999999999,-8.877000000000002,-18.407499999999995,-27.284499999999998,27.74791666666667,31.456979166666667,-3.7090625000000004,6,17,23,4.493750000000002,-31.778250000000003,26.1,0.4,9.9,14.799999999999999,237.60000000000002,6.2
WZRD_ESS_RN,2026-07-19,0.0,-1.0,0.0,-1.7175000000000011,-1.7175000000000011,4.4470833333333335,5.5675,-1.1204166666666666,0,1,1,0.0,-1.7175000000000011,0.0,0.0,0.0,1.0,0.0,0.0
W_HRL_ESR_RN,2026-07-19,1.2000000000000002,-7.9,3.410000000000001,-6.943000000000005,-3.5330000000000066,18.899583333333332,21.082708333333333,-2.183125,10,13,23,21.077499999999997,-24.610500000000002,43.5,1.11,9.9,9.100000000000001,237.60000000000002,3.8
X443ESRN,2026-07-19,17.8,-43.6,-55.66449999999996,-232.96849999999998,-288.633,28.022499999999997,31.025208333333335,-3.0027083333333326,8,15,23,33.604500000000016,-322.2375,34.8,0.2,10.0,61.400000000000006,240.0,25.6
Z0_DGR2_RN,2026-07-19,0.0,-1.0,0.0,-0.384999999999998,-0.384999999999998,0.9075000000000001,0.9235416666666666,-0.016041666666666583,0,1,1,0.0,-0.384999999999998,0.0,0.0,9.9,1.0,237.60000000000002,0.4
ZIER_SLR_ALL,2026-07-19,181.4,-313.29999999999995,167.64100000000008,-1058.8907500000005,-891.2497500000004,33.125,37.12645833333333,-4.001458333333333,13,11,24,1443.9917500000001,-2335.2415000000005,54.2,0.52,34.0,494.69999999999993,816.0,60.6
ABINDUST_RN,2026-07-20,3.4000000000000004,-14.6,13.282499999999999,32.865999999999985,46.148499999999984,34.589166666666664,30.9496875,3.6394791666666664,18,6,24,55.977499999999985,-9.829,75.0,1.9,9.9,18.0,237.60000000000002,7.6
ADL_RN,2026-07-20,9.5,-3.0,-8.212500000000006,9.517499999999998,1.3049999999999926,12.577916666666667,12.649687499999999,-0.07177083333333363,6,3,9,33.625,-32.32000000000001,66.7,0.52,60.0,12.5,1440.0,0.9
AE_RN,2026-07-20,52.9,-5.4,177.59374999999997,-0.6272500000000019,176.96649999999997,32.39666666666667,29.289895833333333,3.106770833333334,17,6,23,213.92149999999998,-36.95500000000002,73.9,2.04,9.9,58.3,237.60000000000002,24.5
ALAMO_ST_RN,2026-07-20,0.0,-1.0,0.0,3.719999999999999,3.719999999999999,1.1741666666666666,1.0191666666666668,0.15499999999999994,1,0,1,3.719999999999999,0.0,100.0,99.99,9.9,1.0,237.60000000000002,0.4
ALP_BESS_RN,2026-07-20,3.2,-43.7,20.608249999999998,123.54875000000001,144.157,33.64458333333334,30.422708333333333,3.2218749999999994,12,8,20,271.833,-127.676,60.0,1.42,100.3,46.900000000000006,2407.2,1.9
ALVIN_RN,2026-07-20,19.1,-29.3,149.85099999999997,347.88525,497.73625,33.905833333333334,29.565416666666668,4.340416666666666,17,6,23,502.68924999999996,-4.953000000000001,73.9,35.82,7.5,48.400000000000006,180.0,26.9
AMAD_ESS_RN,2026-07-20,57.4,-5.0,-101.88700000000003,19.117500000000017,-82.76950000000001,5.779166666666666,6.161145833333333,-0.381979166666667,3,5,8,19.117500000000017,-101.88700000000003,37.5,0.31,0.0,62.4,0.0,0.0
ANCHOR_ALL,2026-07-20,399.2,-46.2,301.7912500000004,231.58449999999996,533.3757500000005,30.264583333333334,28.150729166666665,2.1138541666666666,17,7,24,2148.0425000000005,-1614.6667499999996,70.8,0.55,36.3,445.4,871.1999999999999,51.1
ANDMDSLR_ALL,2026-07-20,44.0,-10.6,19.13649999999999,22.63399999999999,41.77049999999998,32.04458333333333,30.698958333333334,1.3456249999999994,15,8,23,101.58349999999999,-59.813,65.2,0.91,81.9,54.6,1965.6000000000001,2.8
ANEM_ESS_RN,2026-07-20,1.0,-4.7,-0.9619999999999997,-10.714250000000002,-11.676250000000001,19.930416666666666,21.854791666666667,-1.9243749999999997,6,16,22,2.6145000000000005,-14.290750000000003,27.3,0.49,200.0,5.7,4800.0,0.1
ANG_ALL,2026-07-20,1574.8,-141.2,1240.8404999999996,482.15175,1722.9922499999996,33.15958333333334,30.376770833333335,2.7828125,16,8,24,3635.877,-1912.8847500000002,66.7,0.95,100.0,1716.0,2400.0,71.5
ANOL_ESS_RN,2026-07-20,3.6,-95.4,3.568749999999999,251.46175000000002,255.03050000000002,33.843333333333334,32.94802083333334,0.8953125000000002,16,8,24,266.54125,-11.510750000000003,66.7,11.58,240.0,99.0,5760.0,1.7
ANTL_ESS_ES1,2026-07-20,2.1,-86.1,9.773000000000001,538.2349999999999,548.0079999999999,36.21583333333333,29.64197916666667,6.573854166666667,17,7,24,600.0862500000001,-52.07825,70.8,4.74,70.0,88.19999999999999,1680.0,5.2
APPLE_ESR_RN,2026-07-20,91.4,-22.0,357.0977500000001,105.08749999999999,462.18525000000005,30.31125,26.986666666666665,3.3245833333333334,15,8,23,571.0202500000001,-108.83500000000002,65.2,2.8,0.0,113.4,0.0,0.0
ARY_BESS_RN,2026-07-20,0.0,0.0,0.0,0.0,0.0,0.0,0.0,0.0,0,0,0,0.0,0.0,0.0,0.0,180.0,0.0,4320.0,0.0
AVIL_ESS_RN,2026-07-20,1.6,-4.0,7.036000000000001,40.822,47.858000000000004,33.91125,24.51625,9.395000000000001,14,4,18,48.6215,-0.7634999999999998,77.8,18.19,160.0,5.6,3840.0,0.1
AZURE_RN,2026-07-20,33.4,-22.4,-15.216000000000003,62.422000000000004,47.206,14.630416666666667,14.137395833333334,0.49302083333333363,10,7,17,89.972,-42.76599999999999,58.8,1.47,77.6,55.8,1862.3999999999999,3.0
BATCAVE_RN,2026-07-20,7.0,-209.5,37.403,350.43375,387.83674999999994,33.454166666666666,28.757291666666664,4.6968749999999995,20,4,24,462.69500000000005,-74.85824999999998,83.3,1.24,97.3,216.5,2335.2,9.3
BAYC_BESS_RN,2026-07-20,9.3,-18.1,135.756,80.73625,216.49224999999998,28.93625,23.923125,5.013125,23,1,24,216.67075000000003,-0.17850000000000038,95.8,52.78,9.9,27.400000000000002,237.60000000000002,11.5
BCK_RN,2026-07-20,2560.4,-365.7,5319.768499999999,571.1617499999996,5890.930249999999,27.183333333333334,7.4621875000000015,19.721145833333335,19,5,24,8577.411499999998,-2686.48125,79.2,0.84,126.5,2926.1,3036.0,96.4
BCNV2_ES_RN,2026-07-20,1.0,0.0,-2.1650000000000027,0.0,-2.1650000000000027,2.370416666666667,2.115625,0.2547916666666666,0,1,1,0.0,-2.1650000000000027,0.0,0.0,150.0,1.0,3600.0,0.0
BCNV_RN,2026-07-20,0.0,-1.0,0.0,3.1724999999999994,3.1724999999999994,2.5816666666666666,1.7046875000000001,0.8769791666666665,1,0,1,3.1724999999999994,0.0,100.0,99.99,150.0,1.0,3600.0,0.0
BEXAR_ES_RN,2026-07-20,716.9,-11.0,4474.045,-9.246000000000008,4464.798999999999,30.33875,26.325208333333336,4.013541666666666,15,8,23,4496.682749999999,-31.883750000000006,65.2,75.22,100.0,727.9,2400.0,30.3
BIGSTAR_ALL,2026-07-20,21.6,-13.799999999999999,100.74325,50.27275,151.01600000000002,31.61583333333333,26.153125,5.462708333333334,21,3,24,154.50924999999998,-3.493250000000001,87.5,6.32,80.0,35.4,1920.0,1.8
BKBN_RN,2026-07-20,0.0,0.0,0.0,0.0,0.0,41.016666666666666,31.265833333333333,9.750833333333333,0,0,0,0.0,0.0,0.0,0.0,121.0,0.0,2904.0,0.0
BKSL_RN,2026-07-20,2.0,-2.3000000000000003,2.664,2.974000000000001,5.638000000000001,32.13125,30.99989583333333,1.1313541666666664,14,7,21,15.074000000000003,-9.436000000000002,66.7,0.8,100.0,4.300000000000001,2400.0,0.2
BLACKSPR_RN,2026-07-20,0.0,-13.0,0.0,-21.167500000000015,-21.167500000000015,1.3591666666666666,1.1937499999999999,0.16541666666666663,1,3,4,7.939999999999998,-29.107500000000012,25.0,0.82,120.0,13.0,2880.0,0.5
BLSMT1_5_A_6,2026-07-20,72.7,-12.9,35.86575000000006,13.936499999999997,49.802250000000065,32.59708333333334,31.535833333333333,1.0612500000000002,16,8,24,224.90900000000002,-175.10674999999995,66.7,0.64,150.0,85.60000000000001,3600.0,2.4
BLUEJAY_RN,2026-07-20,267.8,-6.9,-1559.876,8.201749999999999,-1551.6742499999998,33.827083333333334,34.305625,-0.4785416666666665,16,8,24,696.3567500000001,-2248.031,66.7,0.15,50.0,274.7,1200.0,22.9
BLVN_RN,2026-07-20,1193.4,-21.9,5506.9925,103.98049999999994,5610.973,30.108333333333334,26.933125,3.1752083333333334,16,7,23,6820.939,-1209.9660000000001,69.6,2.47,180.0,1215.3000000000002,4320.0,28.1
BOCO_ESS_RN,2026-07-20,37.0,-19.1,185.49450000000002,62.080249999999964,247.57474999999997,33.20166666666666,30.519895833333333,2.681770833333332,14,8,22,292.4662499999999,-44.89149999999992,63.6,3.72,150.0,56.1,3600.0,1.6
BRHEIGHT_RN,2026-07-20,0.0,-13.0,0.0,45.23999999999996,45.23999999999996,0.0,0.0,0.0,1,0,1,45.23999999999996,0.0,100.0,99.99,10.0,13.0,240.0,5.4
BRPANGLE_RN,2026-07-20,0.0,0.0,0.0,0.0,0.0,2.00875,1.9335416666666667,0.07520833333333332,0,0,0,0.0,0.0,0.0,0.0,10.0,0.0,240.0,0.0
BRPMAGNO_RN,2026-07-20,28.000000000000004,-1.5,11.81924999999999,-0.7740000000000005,11.045249999999989,34.08541666666667,32.991770833333334,1.0936458333333337,17,7,24,55.678,-44.63275000000001,70.8,0.51,7.5,29.500000000000004,180.0,16.4
BRP_BRAZ_RN,2026-07-20,3.6,-15.3,10.356499999999999,5.1987500000000075,15.555250000000008,32.66916666666666,31.210729166666667,1.4584374999999994,18,6,24,26.209750000000014,-10.654500000000002,75.0,0.82,7.5,18.900000000000002,180.0,10.5
BRP_DIKN_RN,2026-07-20,34.3,-1.5,20.55550000000005,-2.504249999999998,18.05125000000005,34.134166666666665,33.90770833333333,0.22645833333333343,16,8,24,34.31550000000005,-16.26425,66.7,1.05,7.5,35.8,180.0,19.9
BRP_LOOP_RN,2026-07-20,0.0,-32.1,0.0,114.80875000000009,114.80875000000009,5.306666666666666,4.8142708333333335,0.4923958333333329,2,1,3,115.3612500000001,-0.552500000000002,66.7,104.4,7.5,32.1,180.0,17.8
BRP_LOP1_RN,2026-07-20,34.8,0.0,-37.91474999999994,0.0,-37.91474999999994,3.095,3.2720833333333332,-0.17708333333333326,0,3,3,0.0,-37.91474999999994,0.0,0.0,10.0,34.8,240.0,14.5
BRP_PBL1_RN,2026-07-20,223.3,-35.0,2000.26375,357.95000000000005,2358.2137500000003,40.128750000000004,28.31114583333333,11.817604166666667,18,6,24,2448.1487500000003,-89.93500000000003,75.0,9.07,10.0,258.3,240.0,107.6
BRP_PBL2_RN,2026-07-20,1.0,-7.0,7.557500000000001,97.6925,105.25,5.741250000000001,3.6633333333333327,2.0779166666666673,5,0,5,105.25000000000001,0.0,100.0,99.99,10.0,8.0,240.0,3.3
BRP_RN_UNIT1,2026-07-20,15.3,-2.6,56.17199999999998,22.766999999999996,78.93899999999998,32.86875,26.492500000000003,6.376249999999999,20,3,23,79.44949999999999,-0.5104999999999997,87.0,23.34,10.0,17.900000000000002,240.0,7.5
BRP_SWNY_RN,2026-07-20,3.6,-1.2000000000000002,10.346499999999999,-3.3560000000000025,6.990499999999996,32.66958333333333,31.213229166666668,1.4563541666666657,18,6,24,17.656999999999996,-10.666500000000003,75.0,0.55,10.0,4.800000000000001,240.0,2.0
BRP_ZPT1_RN,2026-07-20,0.0,-6.0,0.0,-33.89000000000001,-33.89000000000001,0.0,0.0,0.0,0,3,3,0.0,-33.89000000000001,0.0,0.0,10.0,6.0,240.0,2.5
BRP_ZPT2_RN,2026-07-20,122.3,-22.2,-648.2395,-115.82249999999999,-764.062,18.47,22.413020833333334,-3.9430208333333336,4,19,23,3.25175,-767.31375,17.4,0.02,7.5,144.5,180.0,80.3
BR_ARROW_ALL,2026-07-20,31.5,-107.60000000000001,-111.55024999999999,94.59949999999988,-16.950750000000074,34.017916666666665,33.11739583333333,0.9005208333333329,16,8,24,352.98849999999993,-369.93925,66.7,0.48,51.7,139.10000000000002,1240.8000000000002,11.2
BSS_U1,2026-07-20,13.100000000000001,-39.800000000000004,13.996250000000007,104.35524999999998,118.35149999999999,32.91125,31.216145833333332,1.6951041666666662,19,5,24,172.73600000000002,-54.3845,79.2,0.84,9.9,52.900000000000006,237.60000000000002,22.3
BUDA_RN,2026-07-20,0.0,0.0,0.0,0.0,0.0,6.640000000000001,5.453645833333333,1.1863541666666666,0,0,0,0.0,0.0,0.0,0.0,9.9,0.0,237.60000000000002,0.0
BYP_RN,2026-07-20,453.2,-571.1,1583.8945000000003,-1099.7764999999995,484.11800000000085,13.546666666666667,12.4928125,1.0538541666666668,3,4,7,3256.893,-2772.7749999999996,42.9,1.57,200.0,1024.3,4800.0,21.3
BYRDR_ES_ALL,2026-07-20,0.0,0.0,0.0,0.0,0.0,4.878333333333333,4.236354166666667,0.6419791666666664,0,0,0,0.0,0.0,0.0,0.0,50.0,0.0,1200.0,0.0
C5_RN,2026-07-20,0.0,0.0,0.0,0.0,0.0,1.25,1.0347916666666668,0.2152083333333333,0,0,0,0.0,0.0,0.0,0.0,0.0,0.0,0.0,0.0
CACH_ESS_RN,2026-07-20,2.3000000000000003,-2.5,8.381499999999999,18.3305,26.712,32.51125,26.622500000000002,5.888749999999999,20,2,22,27.0005,-0.28850000000000053,90.9,9.36,200.0,4.800000000000001,4800.0,0.1
CAMWIND_RN,2026-07-20,111.2,-23.4,-137.12425,4.3652499999999925,-132.759,20.904166666666665,20.948333333333334,-0.04416666666666691,8,15,23,137.28050000000002,-270.0395,34.8,0.95,16.4,134.6,393.59999999999997,34.2
CARA_ESS_RN,2026-07-20,107.8,0.0,-42.694,0.0,-42.694,21.6075,22.49864583333333,-0.8911458333333334,7,15,22,78.95950000000003,-121.65350000000004,31.8,1.39,98.3,107.8,2359.2,4.6
CARN_ESS_RN,2026-07-20,1.4000000000000001,-3.3000000000000003,1.4189999999999992,5.836499999999999,7.255499999999998,23.229583333333334,21.895208333333333,1.3343749999999994,16,6,22,9.178749999999997,-1.92325,72.7,1.79,150.0,4.7,3600.0,0.1
CARRIZO_ESR1,2026-07-20,53.0,-3.9000000000000004,2202.2365,40.395,2242.6315,43.206250000000004,27.825729166666665,15.380520833333334,17,6,23,2245.56825,-2.936750000000001,73.9,269.87,9.8,56.9,235.20000000000002,24.2
CARTWHL_RN,2026-07-20,0.0,-1.0,0.0,3.1125000000000007,3.1125000000000007,5.341666666666666,4.6781250000000005,0.6635416666666667,1,0,1,3.1125000000000007,0.0,100.0,99.99,150.0,1.0,3600.0,0.0
CASL_GAP_UN1,2026-07-20,139.2,-151.0,525.089,616.6207499999999,1141.70975,33.92875,28.258645833333333,5.670104166666666,16,8,24,1285.8602500000002,-144.15050000000014,66.7,4.46,3.9,290.2,93.6,310.0
CAST_ESS_RN,2026-07-20,0.0,-16.0,0.0,25.28,25.28,4.695,4.269270833333334,0.4257291666666667,2,1,3,29.450000000000003,-4.170000000000002,66.7,3.53,200.0,16.0,4800.0,0.3
CATARINA_B1,2026-07-20,3.4,-261.9,85.00824999999999,4870.19225,4955.2005,39.70583333333334,26.308333333333334,13.397499999999999,18,6,24,5053.468,-98.26749999999998,75.0,17.14,9.9,265.29999999999995,237.60000000000002,111.7
CEDRVALE_RN,2026-07-20,0.0,-9.9,0.0,76.55125000000002,76.55125000000002,4.588333333333334,3.5491666666666664,1.0391666666666668,3,0,3,76.55125000000002,0.0,100.0,99.99,9.9,9.9,237.60000000000002,4.2
CFLAT_ES_RN,2026-07-20,0.0,-6.0,0.0,-2.1949999999999896,-2.1949999999999896,6.804583333333333,6.827916666666667,-0.0233333333333335,2,1,3,4.864999999999998,-7.059999999999988,66.7,0.34,100.0,6.0,2400.0,0.2
CHIL_SLR,2026-07-20,607.8,-33.6,2133.64275,90.6695,2224.31225,30.53125,27.232708333333335,3.2985416666666665,17,7,24,2711.68075,-487.3684999999999,70.8,2.29,150.0,641.4,3600.0,17.8
CISC_RN,2026-07-20,5.800000000000001,-47.5,8.685750000000006,223.07475000000002,231.76050000000004,35.09291666666667,30.938125,4.154791666666667,18,6,24,269.33824999999996,-37.577749999999995,75.0,2.39,9.9,53.3,237.60000000000002,22.4
CITRUSCY_RN,2026-07-20,1.0,-4.4,-0.6504999999999995,-6.373000000000002,-7.023500000000002,21.352083333333336,22.431875,-1.0797916666666667,7,16,23,3.7364999999999986,-10.760000000000002,30.4,0.79,9.9,5.4,237.60000000000002,2.3
CLO_RN,2026-07-20,3.9000000000000004,-29.3,3.28425,-217.15925000000001,-213.87500000000003,34.83041666666667,41.9221875,-7.0917708333333325,14,10,24,64.27975,-278.15475000000004,58.3,0.17,100.0,33.2,2400.0,1.4
CLT_RN,2026-07-20,0.0,0.0,0.0,0.0,0.0,34.83,40.255,-5.425000000000004,0,0,0,0.0,0.0,0.0,0.0,100.0,0.0,2400.0,0.0
CNLY_ESS_RN,2026-07-20,7.1000000000000005,-9.5,5.904749999999996,52.08374999999999,57.98849999999999,34.475,33.616770833333334,0.8582291666666665,15,9,24,72.67275,-14.684250000000008,62.5,2.97,125.0,16.6,3000.0,0.6
CNTRY_RN,2026-07-20,3.5,-5.4,2.0112500000000004,1.9027499999999935,3.9139999999999957,34.20708333333334,33.50010416666667,0.7069791666666662,14,9,23,18.35225,-14.438250000000007,60.9,0.82,9.8,8.9,235.20000000000002,3.8
CNTYRDS_RN,2026-07-20,0.0,-2.0,0.0,15.209999999999997,15.209999999999997,4.229166666666667,3.456666666666667,0.7724999999999999,2,0,2,15.209999999999997,0.0,100.0,99.99,9.9,2.0,237.60000000000002,0.8
CONTINEN_RN,2026-07-20,1.1,-7.1,-1.9977500000000008,-29.571499999999993,-31.569249999999997,20.428333333333335,22.416770833333334,-1.9884374999999999,4,19,23,3.6117500000000016,-35.181,17.4,0.49,9.9,8.2,237.60000000000002,3.5
CORALSLR_ALL,2026-07-20,583.6,-15.0,1973.0952499999999,51.72550000000004,2024.8207499999999,30.857916666666668,28.631145833333335,2.2267708333333336,16,7,23,2568.1229999999996,-543.30225,69.6,2.07,51.4,598.6,1233.6,48.5
CORAZON_RN,2026-07-20,199.0,-152.2,-968.9159999999997,-1149.96225,-2118.8782499999998,16.997916666666665,21.454062500000003,-4.456145833333333,4,20,24,133.07550000000003,-2251.9537499999997,16.7,0.3,190.0,351.2,4560.0,7.7
COYOTSPR_RN,2026-07-20,0.0,0.0,0.0,0.0,0.0,0.8791666666666668,0.9909374999999999,-0.11177083333333322,0,0,0,0.0,0.0,0.0,0.0,9.9,0.0,237.60000000000002,0.0
CROSSETT_ALL,2026-07-20,158.89999999999998,-99.4,3935.3242499999997,523.8064999999999,4459.130749999999,33.947916666666664,28.03895833333333,5.9089583333333335,17,6,23,4473.7405,-14.609750000000009,73.9,108.08,100.0,258.29999999999995,2400.0,10.8
CROSSTRL_RN,2026-07-20,3.5,-3.5,31.123999999999995,14.821749999999998,45.94574999999999,34.48833333333334,30.6484375,3.839895833333333,13,6,19,51.77974999999999,-5.834000000000002,68.4,4.1,57.0,7.0,1368.0,0.5
CR_RN,2026-07-20,3.9000000000000004,-7.6,6.910750000000002,-10.538000000000032,-3.627250000000033,34.65708333333333,39.18760416666667,-4.530520833333334,16,8,24,32.29749999999997,-35.92475,66.7,0.45,9.8,11.5,235.20000000000002,4.9
CS_RN,2026-07-20,73.30000000000001,-31.200000000000003,-802.8382499999999,-33.044750000000015,-835.8829999999999,34.41958333333333,36.75395833333334,-2.334374999999999,17,7,24,279.98775000000006,-1115.87075,70.8,0.1,7.0,104.50000000000001,168.0,62.2
CTW_RN,2026-07-20,32.1,-6.800000000000001,59.65800000000001,15.615750000000004,75.27375000000002,32.92458333333334,31.263333333333335,1.6612500000000008,17,7,24,112.45825000000002,-37.184500000000014,70.8,1.25,150.0,38.900000000000006,3600.0,1.1
DAN_ALL,2026-07-20,292.3,-17.7,42.50525000000002,63.631499999999996,106.13674999999999,27.247500000000002,17.928124999999998,9.319375,20,4,24,626.1935,-520.0567500000001,83.3,0.24,76.3,310.0,1831.1999999999998,16.9
DA_BESS,2026-07-20,3.6,-1.4000000000000001,10.421,-2.446250000000002,7.974749999999997,32.66958333333333,31.197708333333335,1.4718749999999992,18,6,24,18.56625,-10.591500000000002,75.0,0.58,5.0,5.0,120.0,4.2
DA_BESS2,2026-07-20,0.0,0.0,0.0,0.0,0.0,28.7575,25.548125,3.2093749999999996,0,0,0,0.0,0.0,0.0,0.0,9.9,0.0,237.60000000000002,0.0
DC2SES_ALL,2026-07-20,4.0,-80.3,-32.2475,-156.57950000000002,-188.82700000000003,32.51875,32.6071875,-0.0884375000000001,14,10,24,57.627750000000006,-246.45475,58.3,0.17,66.5,84.3,1596.0,5.3
DESN_ESS_RN,2026-07-20,0.0,0.0,0.0,0.0,0.0,3.169583333333333,2.8605208333333336,0.30906249999999985,0,0,0,0.0,0.0,0.0,0.0,200.0,0.0,4800.0,0.0
DGFS_ESR_RN,2026-07-20,1.6,-3.0,7.0735,36.391999999999996,43.4655,33.91916666666666,25.153645833333332,8.765520833333332,14,4,18,44.22449999999999,-0.7590000000000003,77.8,16.65,75.0,4.6,1800.0,0.3
DIBOL_RN,2026-07-20,0.0,-1.0,0.0,1.2600000000000016,1.2600000000000016,4.722916666666666,4.1440624999999995,0.5788541666666666,1,0,1,1.2600000000000016,0.0,100.0,99.99,9.9,1.0,237.60000000000002,0.4
DKNS_ESS_RN,2026-07-20,0.0,-1.0,0.0,0.16000000000000014,0.16000000000000014,7.346666666666667,6.535416666666666,0.8112500000000001,1,0,1,0.16000000000000014,0.0,100.0,99.99,50.0,1.0,1200.0,0.1
DSWL_BES1,2026-07-20,0.1,-22.200000000000003,-0.14149999999999993,76.7615,76.61999999999999,6.20625,7.094583333333333,-0.8883333333333331,3,1,4,76.7615,-0.14149999999999993,75.0,180.83,150.0,22.300000000000004,3600.0,0.6
EBNY_ESS_RN,2026-07-20,28.9,-2.2,656.79125,20.34825,677.1395000000001,33.21458333333333,26.265104166666664,6.949479166666666,19,3,22,677.4287499999999,-0.28925000000000056,86.4,369.79,200.0,31.099999999999998,4800.0,0.6
ELMCRK_RN,2026-07-20,3.4000000000000004,-37.6,13.386500000000002,167.185,180.57150000000001,34.625,30.9465625,3.6784375000000007,18,6,24,186.03500000000003,-5.463500000000001,75.0,11.35,9.9,41.0,237.60000000000002,17.3
ELM_ST_RN,2026-07-20,0.0,-2.0,0.0,16.477500000000003,16.477500000000003,4.890833333333333,4.372604166666666,0.518229166666667,2,0,2,16.477500000000003,0.0,100.0,99.99,9.9,2.0,237.60000000000002,0.8
ELM_ST_RN2,2026-07-20,0.0,-1.0,0.0,4.567499999999999,4.567499999999999,3.15625,2.9727083333333333,0.18354166666666671,1,0,1,4.567499999999999,0.0,100.0,99.99,9.9,1.0,237.60000000000002,0.4
ELSA_ESR_RN,2026-07-20,48.0,-97.4,-21.10499999999998,-65.73700000000002,-86.84199999999998,8.377083333333333,8.480208333333334,-0.10312499999999998,4,9,13,268.757,-355.599,30.8,1.7,9.9,145.4,237.60000000000002,61.2
ELZA_SLR_RN,2026-07-20,14.6,-7.1,4.481499999999992,16.4135,20.894999999999992,33.964999999999996,33.04625,0.9187500000000002,16,8,24,50.06349999999999,-29.168499999999998,66.7,0.86,84.0,21.7,2016.0,1.1
EMPCT_RN,2026-07-20,3.6,-17.400000000000002,5.2025000000000015,66.59224999999998,71.79474999999998,35.18958333333333,33.24916666666667,1.9404166666666667,16,7,23,82.22524999999999,-10.430500000000002,69.6,3.45,9.9,21.000000000000004,237.60000000000002,8.8
ENDPARK_ESS1,2026-07-20,1.6,-16.5,1.2150000000000005,33.326750000000004,34.54175000000001,31.922083333333333,30.685937499999998,1.2361458333333328,15,8,23,49.160250000000005,-14.618500000000003,65.2,1.79,50.0,18.1,1200.0,1.5
ESCONDID_ESR,2026-07-20,1.9000000000000001,-2.8000000000000003,14.85425,35.5705,50.42475,39.04333333333333,28.380520833333332,10.6628125,16,6,22,52.544000000000004,-2.119250000000001,72.7,9.3,0.0,4.7,0.0,0.0
ESTONIAN_ALL,2026-07-20,27.5,-16.8,-2.6064999999999934,41.641249999999985,39.034749999999995,33.99208333333333,33.142291666666665,0.8497916666666665,16,8,24,92.23474999999999,-53.2,66.7,0.87,101.6,44.3,2438.3999999999996,1.8
EUNICE_ALL,2026-07-20,557.5,-12.4,863.6037500000002,58.440999999999995,922.0447500000001,33.965833333333336,30.222916666666666,3.7429166666666664,13,8,21,1557.9005,-635.8557499999998,61.9,1.51,17.0,569.9,408.0,139.7
EVLN_ESS_RN,2026-07-20,5.2,-2.5,-11.835500000000007,1.0779999999999976,-10.757500000000011,34.16166666666667,34.4371875,-0.27552083333333394,16,8,24,22.912999999999997,-33.67050000000001,66.7,0.34,220.0,7.7,5280.0,0.1
E_HARRIS_RN,2026-07-20,4.2,-5.0,2.1564999999999928,-3.409500000000004,-1.253000000000011,20.982916666666664,21.601979166666666,-0.6190625000000004,8,13,21,9.506499999999994,-10.759500000000005,38.1,1.44,9.9,9.2,237.60000000000002,3.9
FALFUR_RN,2026-07-20,10.9,-150.70000000000002,-43.13475,440.7255,397.59075,20.820833333333333,18.276145833333334,2.5446874999999998,13,11,24,529.9952499999999,-132.40449999999998,54.2,3.39,9.9,161.60000000000002,237.60000000000002,68.0
FALFUR_RN2,2026-07-20,0.0,-4.0,0.0,19.2025,19.2025,22.080000000000002,18.0915,3.9884999999999997,2,2,4,22.722499999999997,-3.5199999999999996,50.0,6.46,9.8,4.0,235.20000000000002,1.7
FAULKNER_RN,2026-07-20,0.0,-8.0,0.0,77.03,77.03,1.2666666666666666,0.8632291666666667,0.4034374999999999,2,0,2,77.03,0.0,100.0,99.99,9.9,8.0,237.60000000000002,3.4
FENCESLR_ALL,2026-07-20,16.5,-27.5,22.330499999999994,-119.88900000000015,-97.55850000000015,33.12625,31.403750000000002,1.722499999999999,17,6,23,223.77924999999988,-321.33775,73.9,0.25,71.0,44.0,1704.0,2.6
FERD_ESS_RN,2026-07-20,3.0,-25.0,94.7225,416.21750000000003,510.94,11.106666666666667,7.350416666666667,3.7562499999999996,11,1,12,511.43499999999995,-0.49499999999999744,91.7,93.93,200.0,28.0,4800.0,0.6
FIVEWSLR_ALL,2026-07-20,2052.7,-6.6,7023.73775,18.25199999999999,7041.98975,14.29,11.857083333333334,2.432916666666667,10,5,15,8643.8425,-1601.85275,66.7,2.7,220.0,2059.2999999999997,5280.0,39.0
FLOWERII_RN,2026-07-20,116.9,-72.60000000000001,812.0580000000002,407.61825,1219.6762500000002,33.87708333333333,29.957604166666666,3.919479166666667,14,6,20,1300.1817500000002,-80.50549999999997,70.0,6.92,100.0,189.5,2400.0,7.9
FLTBES1,2026-07-20,0.0,-60.0,0.0,310.25,310.25,2.7170833333333335,2.525625,0.19145833333333342,4,0,4,310.25,0.0,100.0,99.99,8.5,60.0,204.0,29.4
FLVABES1_ESR,2026-07-20,52.2,-1.0,-31.07374999999996,5.5275,-25.546249999999972,11.700000000000001,10.244791666666666,1.4552083333333334,2,3,5,76.71750000000002,-102.26374999999997,40.0,1.13,9.9,53.2,237.60000000000002,22.4
FORTMA_RN,2026-07-20,66.0,-42.0,397.5725,168.73250000000002,566.3050000000001,24.378333333333334,20.3159375,4.062395833333334,14,1,15,569.1324999999999,-2.827499999999997,93.3,14.38,9.8,108.0,235.20000000000002,45.9
FRMRSVLW_RN,2026-07-20,3.5,-24.4,3.6845,60.693999999999974,64.37849999999997,34.05583333333333,33.1340625,0.9217708333333325,16,8,24,80.13949999999998,-15.761000000000006,66.7,2.54,9.9,27.9,237.60000000000002,11.7
FRMR_BS2_RN1,2026-07-20,0.0,0.0,0.0,0.0,0.0,2.575416666666667,2.3605208333333336,0.21489583333333329,0,0,0,0.0,0.0,0.0,0.0,6.0,0.0,144.0,0.0
FTDUNCAN_RN,2026-07-20,1.9000000000000001,-4.8,15.637500000000001,40.985,56.6225,39.60375,28.344375,11.259375,16,6,22,61.3185,-4.696000000000002,72.7,4.9,100.0,6.7,2400.0,0.3
GAIA_SLR_RN,2026-07-20,11.0,0.0,12.407499999999999,0.0,12.407499999999999,11.485833333333332,10.968854166666667,0.5169791666666667,5,6,11,22.762500000000003,-10.355000000000004,45.5,2.64,75.0,11.0,1800.0,0.6
GAMBIT_RN,2026-07-20,0.0,-61.900000000000006,0.0,-12.799750000000003,-12.799750000000003,32.66916666666666,31.2090625,1.4601041666666659,1,2,3,70.98225000000001,-83.78200000000001,33.3,1.69,100.0,61.900000000000006,2400.0,2.6
GARC_BESS_RN,2026-07-20,1.1,-6.5,-2.1399999999999997,-21.801499999999997,-23.941499999999994,20.306250000000002,22.41625,-2.1099999999999994,4,19,23,3.6255000000000015,-27.566999999999997,17.4,0.62,9.9,7.6,237.60000000000002,3.2
GIGA_ESS_RN,2026-07-20,3.3000000000000003,-7.9,15.538750000000002,72.57375000000002,88.11250000000001,33.33,28.201666666666668,5.128333333333334,19,3,22,88.88950000000001,-0.7770000000000004,86.4,18.06,119.0,11.200000000000001,2856.0,0.4
GKS_BESS_RN,2026-07-20,2.2,-157.8,-1.8869999999999991,-286.14625000000007,-288.03325,21.33791666666667,22.118229166666666,-0.7803125000000003,7,15,22,3.4252499999999997,-291.4585,31.8,0.03,87.0,160.0,2088.0,7.7
GODY_SLR_RN,2026-07-20,15.0,-12.0,34.89999999999998,114.91250000000001,149.8125,7.71125,7.073854166666666,0.6373958333333332,6,2,8,216.72499999999997,-66.9125,75.0,1.08,50.0,27.0,1200.0,2.2
GOMZ_RN,2026-07-20,1.6,-7.1000000000000005,6.866999999999999,48.876000000000005,55.743,33.878750000000004,30.46802083333333,3.4107291666666666,13,6,19,62.563500000000005,-6.8205,68.4,4.23,9.9,8.700000000000001,237.60000000000002,3.7
GOODWIN_ESR,2026-07-20,1.0,-105.7,-0.9830000000000005,-176.34675,-177.32975,21.079166666666666,22.4175,-1.3383333333333336,7,17,24,16.995749999999997,-194.3255,29.2,0.21,7.0,106.7,168.0,63.5
GRDNE_ESR_RN,2026-07-20,2.0,-2.3000000000000003,6.829500000000001,9.263999999999998,16.0935,34.05458333333333,30.18166666666667,3.8729166666666663,12,8,20,21.71175,-5.618250000000001,60.0,2.58,9.9,4.300000000000001,237.60000000000002,1.8
GREGORY_RN,2026-07-20,21.599999999999998,-21.4,29.12749999999995,30.692500000000003,59.81999999999995,24.2025,22.419583333333335,1.782916666666667,17,6,23,65.20449999999995,-5.384500000000001,73.9,4.27,9.9,43.0,237.60000000000002,18.1
GUNR_RN,2026-07-20,0.0,0.0,0.0,0.0,0.0,22.215,22.7875,-0.5725000000000016,0,0,0,0.0,0.0,0.0,0.0,150.0,0.0,3600.0,0.0
GZ_RN,2026-07-20,100.5,-10.5,-840.46075,30.508999999999993,-809.9517500000001,25.642916666666665,28.302916666666665,-2.6599999999999997,12,3,15,397.168,-1207.11975,80.0,0.08,9.0,111.0,216.0,51.4
HAMI_BESS_RN,2026-07-20,0.0,-23.0,0.0,134.1825,134.1825,1.9929166666666667,1.8079166666666666,0.18499999999999991,8,3,11,138.52749999999997,-4.344999999999999,72.7,11.96,9.9,23.0,237.60000000000002,9.7
HARLIN_1_RN,2026-07-20,0.0,-9.0,0.0,-9.632500000000002,-9.632500000000002,1.6025,1.9553124999999998,-0.3528125,1,3,4,4.0725,-13.705000000000002,25.0,0.89,0.0,9.0,0.0,0.0
HEADCAMP_RN,2026-07-20,0.0,-1.0,0.0,5.512499999999999,5.512499999999999,4.591666666666667,3.698020833333333,0.8936458333333333,1,0,1,5.512499999999999,0.0,100.0,99.99,150.0,1.0,3600.0,0.0
HEARN_RD_RN,2026-07-20,21.4,-3.2,-12.269000000000013,5.7417500000000015,-6.527250000000013,23.395833333333332,22.03,1.3658333333333335,16,6,22,18.44549999999998,-24.97274999999999,72.7,0.28,9.8,24.599999999999998,235.20000000000002,10.5
HEN_RN,2026-07-20,1.0,0.0,10.120000000000001,0.0,10.120000000000001,2.905,2.2929166666666667,0.6120833333333334,1,0,1,10.120000000000001,0.0,100.0,99.99,150.0,1.0,3600.0,0.0
HI_LONEB_RN1,2026-07-20,1.6,-10.2,6.393500000000001,38.958500000000015,45.35200000000002,33.458333333333336,28.526875,4.9314583333333335,13,5,18,47.204500000000024,-1.8524999999999991,72.2,9.8,50.0,11.799999999999999,1200.0,1.0
HLY_RN,2026-07-20,0.0,0.0,0.0,0.0,0.0,4.7425,4.419375,0.32312499999999994,0,0,0,0.0,0.0,0.0,0.0,102.0,0.0,2448.0,0.0
HMNG_ESS_RN,2026-07-20,3.3000000000000003,-2.5,3.6977500000000005,0.5867500000000039,4.284500000000004,33.73083333333333,33.0253125,0.7055208333333338,16,8,24,16.371750000000006,-12.087250000000001,66.7,0.68,100.0,5.800000000000001,2400.0,0.2
HNY_COMB_RN,2026-07-20,0.0,0.0,0.0,0.0,0.0,24.5775,22.464875,2.1126250000000004,0,0,0,0.0,0.0,0.0,0.0,61.5,0.0,1476.0,0.0
HOLCOMB_RN1,2026-07-20,0.0,0.0,0.0,0.0,0.0,10.110416666666667,24.1921875,-14.081770833333332,0,0,0,0.0,0.0,0.0,0.0,9.9,0.0,237.60000000000002,0.0
HOUSEMTN_RN,2026-07-20,70.4,-79.6,1088.0009999999997,112.499,1200.4999999999995,33.790416666666665,28.0746875,5.715729166666667,15,6,21,1295.2784999999997,-94.77850000000011,71.4,5.47,60.0,150.0,1440.0,10.4
HRMS_SLR_RN,2026-07-20,0.0,-1.0,0.0,0.5199999999999996,0.5199999999999996,2.535416666666667,2.3641666666666663,0.17125000000000012,1,0,1,0.5199999999999996,0.0,100.0,99.99,100.0,1.0,2400.0,0.0
HV_BESS1_RN,2026-07-20,53.4,-1.2000000000000002,-91.58999999999996,-20.551499999999997,-112.14149999999992,34.56166666666667,37.12895833333334,-2.5672916666666663,16,7,23,175.20700000000005,-287.34849999999994,69.6,0.27,9.0,54.6,216.0,25.3
HWY6_RN,2026-07-20,0.0,-7.0,0.0,11.497499999999999,11.497499999999999,4.516666666666667,4.219270833333334,0.29739583333333314,2,1,3,16.1775,-4.68,66.7,1.73,9.9,7.0,237.60000000000002,2.9
HYDR_ESS_RN,2026-07-20,0.0,-21.4,0.0,102.24149999999999,102.24149999999999,0.0,0.0,0.0,4,0,4,102.24149999999999,0.0,100.0,99.99,200.0,21.4,4800.0,0.4
IND_INADALE1,2026-07-20,129.1,-27.2,-16.744250000000065,24.788499999999978,8.044249999999934,32.23791666666667,30.619687499999998,1.6182291666666664,15,9,24,204.87799999999993,-196.83375000000007,62.5,0.62,9.9,156.29999999999998,237.60000000000002,65.8
INRT_W_ALL,2026-07-20,1917.4,-35.300000000000004,6291.482500000001,17.277,6308.759500000001,32.11875,30.7934375,1.3253125,16,8,24,6895.804000000001,-587.0445000000002,66.7,5.87,13.0,1952.7,312.0,625.9
JADE_SLR_ALL,2026-07-20,25.0,-9.3,17.713500000000014,21.074749999999987,38.788250000000005,32.04416666666666,30.70520833333333,1.3389583333333335,14,8,22,75.84224999999999,-37.054,63.6,1.17,81.9,34.3,1965.6000000000001,1.7
JAG_SLR_RN,2026-07-20,121.8,-61.6,174.4675,246.46875000000003,420.93625000000003,29.895,27.313125,2.5818750000000006,17,7,24,580.75575,-159.81949999999995,70.8,1.5,150.0,183.4,3600.0,5.1
JAR_RN,2026-07-20,3.5,-2.4000000000000004,20.676750000000002,13.67175,34.3485,33.77791666666667,27.453958333333333,6.323958333333334,20,4,24,35.93800000000001,-1.5895000000000006,83.3,4.52,156.0,5.9,3744.0,0.2
JC_BAT_RN,2026-07-20,2.9000000000000004,-3.0,11.603500000000002,18.471250000000005,30.074750000000005,33.56666666666667,28.373333333333335,5.193333333333334,19,3,22,30.379250000000003,-0.30449999999999916,86.4,15.75,1.2,5.9,28.799999999999997,20.5
JDKNS_RN,2026-07-20,1.8,-10.1,7.124,91.84600000000002,98.97000000000003,33.930416666666666,30.128541666666667,3.8018750000000003,12,7,19,104.68550000000003,-5.7155000000000005,63.2,10.68,9.9,11.9,237.60000000000002,5.0
JUNCTION_RN,2026-07-20,283.0,-25.0,4825.57825,290.0865,5115.66475,39.68,29.362604166666667,10.317395833333334,21,3,24,5131.355500000001,-15.690750000000016,87.5,46.72,9.9,308.0,237.60000000000002,129.6
JUNORTH_RN,2026-07-20,235.89999999999998,-39.0,4105.60575,647.03,4752.63575,30.986666666666668,22.110520833333336,8.876145833333334,18,0,18,4752.63575,0.0,100.0,99.99,9.9,274.9,237.60000000000002,115.7
KEG_RN,2026-07-20,1.0,0.0,-2.4800000000000004,0.0,-2.4800000000000004,2.3245833333333334,2.022604166666667,0.30197916666666663,0,1,1,0.0,-2.4800000000000004,0.0,0.0,160.0,1.0,3840.0,0.0
KNAPP_RN,2026-07-20,13.0,-43.0,49.875000000000014,227.13249999999994,277.00749999999994,6.715833333333333,5.747604166666666,0.9682291666666668,12,6,18,352.55499999999995,-75.54750000000001,66.7,2.33,0.0,56.0,0.0,0.0
LANTANA_RN,2026-07-20,0.0,-1.0,0.0,-1.557500000000001,-1.557500000000001,0.7595833333333334,0.8244791666666668,-0.06489583333333337,0,1,1,0.0,-1.557500000000001,0.0,0.0,9.9,1.0,237.60000000000002,0.4
LAUR_BESS_RN,2026-07-20,0.0,-20.0,0.0,-17.70249999999999,-17.70249999999999,3.5325,3.6259375000000005,-0.09343750000000021,3,4,7,10.8125,-28.514999999999993,42.9,0.51,9.8,20.0,235.20000000000002,8.5
LBRA_BES1,2026-07-20,3.2,-2.8000000000000003,25.286499999999997,21.34425,46.63075,31.407083333333333,25.668958333333332,5.738124999999999,20,3,23,47.164249999999996,-0.5335000000000001,87.0,13.26,200.0,6.0,4800.0,0.1
LEAKEY_RN,2026-07-20,0.2,-21.1,0.23500000000000015,54.05949999999999,54.29449999999999,3.0370833333333334,2.844583333333333,0.19250000000000003,14,2,16,57.01699999999999,-2.7225,87.5,2.99,0.0,21.3,0.0,0.0
LFSTH_RN,2026-07-20,3.8000000000000003,-1.4000000000000001,5.735499999999997,0.5737499999999995,6.309249999999997,33.79083333333333,32.628750000000004,1.1620833333333327,16,8,24,17.628749999999997,-11.3195,66.7,0.78,9.9,5.2,237.60000000000002,2.2
LIGSW_RN,2026-07-20,3.5,-1.4000000000000001,2.951250000000002,0.43200000000000305,3.3832500000000048,34.24875,33.641979166666665,0.6067708333333339,14,9,23,15.794500000000005,-12.411249999999999,60.9,0.82,9.8,4.9,235.20000000000002,2.1
LILY_RN,2026-07-20,15.1,-18.8,6.531250000000001,-27.27425000000003,-20.74300000000003,34.2875,32.881875,1.405625,16,8,24,92.43999999999997,-113.18299999999999,66.7,0.41,50.0,33.9,1200.0,2.8
LK_RN,2026-07-20,0.0,0.0,0.0,0.0,0.0,4.400833333333334,4.3298958333333335,0.07093750000000003,0,0,0,0.0,0.0,0.0,0.0,9.9,0.0,237.60000000000002,0.0
LMO_ESR_RN,2026-07-20,3.8000000000000003,-2.4000000000000004,8.796999999999999,-6.337250000000004,2.459749999999995,33.731249999999996,33.9534375,-0.22218750000000043,17,7,24,19.6545,-17.19475,70.8,0.47,100.0,6.200000000000001,2400.0,0.3
LONESTAR_RN,2026-07-20,1.6,-6.0,5.022,28.176999999999996,33.199,33.89083333333333,30.429583333333337,3.46125,11,7,18,39.916999999999994,-6.718,61.1,3.78,9.9,7.6,237.60000000000002,3.2
LON_RN1,2026-07-20,4.1000000000000005,-23.0,10.532000000000002,151.42825,161.96025,32.805,30.8203125,1.9846875,17,7,24,169.09325,-7.132999999999999,70.8,9.76,174.0,27.1,4176.0,0.6
LOWR_ESS_RN,2026-07-20,1.2000000000000002,-37.6,-0.6635000000000006,-30.266750000000005,-30.930250000000004,22.15125,22.997500000000002,-0.8462500000000001,8,14,22,61.2915,-92.22175,36.4,1.16,60.0,38.800000000000004,1440.0,2.7
LUCKYBLU_RN,2026-07-20,5.0,-2.0,-19.57999999999999,7.490000000000009,-12.089999999999982,7.3062499999999995,7.455000000000001,-0.14874999999999985,2,1,3,24.615000000000016,-36.705,66.7,0.34,100.0,7.0,2400.0,0.3
LYNX_ESS_RN,2026-07-20,105.0,-2.0,99.85299999999997,0.8375000000000057,100.69049999999997,20.37,19.39708333333333,0.9729166666666664,13,8,21,151.49999999999994,-50.809499999999986,61.9,1.83,75.0,107.0,1800.0,5.9
LYSSY_RN,2026-07-20,113.0,-3.9,951.5849999999998,25.003249999999994,976.5882499999999,33.440416666666664,25.999479166666664,7.4409374999999995,22,1,23,976.7397499999998,-0.15150000000000008,95.7,293.05,9.9,116.9,237.60000000000002,49.2
L_FRE_ESR_RN,2026-07-20,4.2,-20.7,-7.380000000000001,-28.54175,-35.92175,21.034583333333334,21.548333333333332,-0.51375,8,15,23,7.318750000000003,-43.24050000000001,34.8,0.32,9.9,24.9,237.60000000000002,10.5
MADERO_RN,2026-07-20,0.0,0.0,0.0,0.0,0.0,1.8604166666666668,2.2561458333333335,-0.39572916666666663,0,0,0,0.0,0.0,0.0,0.0,100.0,0.0,2400.0,0.0
MAINLAND_RN,2026-07-20,4.1000000000000005,-1.5,9.0785,-0.659,8.4195,34.08166666666667,32.93,1.1516666666666666,17,7,24,20.359,-11.939500000000002,70.8,0.7,9.9,5.6000000000000005,237.60000000000002,2.4
MEDILA_RN,2026-07-20,125.3,-7.800000000000001,974.4772499999998,52.459250000000004,1026.9364999999998,32.88458333333333,26.924895833333334,5.9596874999999985,21,3,24,1028.5112499999998,-1.5747499999999985,87.5,93.3,0.0,133.1,0.0,0.0
MEDINA1_RN,2026-07-20,0.0,-1.0,0.0,2.7974999999999994,2.7974999999999994,7.718333333333334,6.279166666666666,1.4391666666666663,1,0,1,2.7974999999999994,0.0,100.0,99.99,0.0,1.0,0.0,0.0
MESQUITE_RN,2026-07-20,0.0,-2.0,0.0,-4.305,-4.305,2.7483333333333335,3.002291666666667,-0.2539583333333333,0,2,2,0.0,-4.305,0.0,0.0,9.9,2.0,237.60000000000002,0.8
MESQUITE_RN2,2026-07-20,0.0,-1.0,0.0,-1.8324999999999996,-1.8324999999999996,1.18625,1.2626041666666665,-0.07635416666666665,0,1,1,0.0,-1.8324999999999996,0.0,0.0,0.0,1.0,0.0,0.0
MIDP_SLR_RN,2026-07-20,74.4,-54.9,661.5062499999999,331.0615,992.56775,28.785416666666666,21.224999999999998,7.560416666666668,21,2,23,1195.03975,-202.4719999999999,91.3,0.56,50.0,129.3,1200.0,10.8
MIDWY_RN,2026-07-20,0.0,-4.1,0.0,22.519250000000024,22.519250000000024,0.0,0.0,0.0,1,0,1,22.519250000000024,0.0,100.0,99.99,9.9,4.1,237.60000000000002,1.7
MILTON_RN,2026-07-20,62.3,-2.6,683.88825,17.194000000000003,701.0822499999999,31.625833333333333,26.088333333333335,5.5375000000000005,22,1,23,701.2647499999999,-0.1825000000000003,95.7,174.66,9.9,64.89999999999999,237.60000000000002,27.3
MNWL_BESS_RN,2026-07-20,5.2,-18.5,10.116500000000007,166.68875,176.80524999999997,38.99,36.14302083333333,2.846979166666667,15,8,23,214.9975,-38.19225,65.2,3.0,9.9,23.7,237.60000000000002,10.0
MOORE_FL_RN,2026-07-20,1.2000000000000002,-4.300000000000001,-0.9654999999999995,-5.692000000000003,-6.657500000000002,21.447083333333335,22.439895833333335,-0.9928125000000002,7,17,24,3.8930000000000007,-10.550500000000003,29.2,0.9,9.9,5.500000000000001,237.60000000000002,2.3
MUENSTER_RN,2026-07-20,134.3,-11.6,38.8502500000001,-12.434000000000005,26.416250000000154,34.639583333333334,33.45489583333333,1.1846875000000006,16,8,24,564.4405,-538.0242499999999,66.7,0.52,6.0,145.9,144.0,101.3
MUSTNGCK_ALL,2026-07-20,55.6,-213.1,56.05725000000003,915.8634999999999,971.92075,28.21375,23.694999999999997,4.51875,22,2,24,982.8687500000001,-10.94799999999999,91.7,8.16,71.0,268.7,1704.0,15.8
MU_RN,2026-07-20,14.0,-21.200000000000003,40.710000000000015,-46.932499999999976,-6.222499999999958,33.57666666666667,33.680625,-0.10395833333333382,16,8,24,51.21550000000001,-57.437999999999974,66.7,0.45,9.9,35.2,237.60000000000002,14.8
MV_VALV4_RN,2026-07-20,1.2000000000000002,-8.700000000000001,-0.6730000000000012,-5.066000000000015,-5.739000000000016,22.11208333333333,22.9559375,-0.8438541666666671,8,14,22,4.905999999999999,-10.645000000000014,36.4,0.81,9.9,9.900000000000002,237.60000000000002,4.2
MYRY_BES2_RN,2026-07-20,1.2000000000000002,-5.2,-0.8990000000000002,-6.399750000000002,-7.298750000000003,21.406666666666666,22.395520833333336,-0.988854166666667,7,17,24,3.7222499999999994,-11.021,29.2,0.82,9.9,6.4,237.60000000000002,2.7
MYRY_ESR_RN,2026-07-20,0.0,-2.0,0.0,0.6549999999999994,0.6549999999999994,4.06125,4.2647916666666665,-0.20354166666666665,1,1,2,1.3874999999999993,-0.7324999999999999,50.0,1.89,9.9,2.0,237.60000000000002,0.8
MYR_ALL,2026-07-20,68.0,-4.6,340.02250000000004,10.476499999999998,350.499,19.508750000000003,17.2040625,2.3046875,9,5,14,374.07400000000007,-23.575000000000017,64.3,8.82,76.3,72.6,1831.1999999999998,4.0
NCO_RN,2026-07-20,3.6,-1.4000000000000001,10.421,-2.446250000000002,7.974749999999997,32.66958333333333,31.197708333333335,1.4718749999999992,18,6,24,18.56625,-10.591500000000002,75.0,0.58,38.8,5.0,931.1999999999999,0.5
NEDIN_RN,2026-07-20,0.0,0.0,0.0,0.0,0.0,4.385833333333333,4.791875,-0.4060416666666667,0,0,0,0.0,0.0,0.0,0.0,0.0,0.0,0.0,0.0
NF_BRP_RN,2026-07-20,181.6,-61.0,627.5082499999999,265.715,893.2232499999998,26.952916666666667,22.377916666666664,4.574999999999999,19,5,24,1024.277,-131.0537500000001,79.2,2.06,100.5,242.6,2412.0,10.1
NOBLESLR_ALL,2026-07-20,1080.1,-42.3,397.25875000000093,-128.79125000000008,268.4675000000009,16.722083333333334,16.10020833333333,0.6218750000000007,9,8,17,2676.13225,-2407.6647499999995,52.9,0.99,62.5,1122.3999999999999,1500.0,74.8
NWF_NWF1,2026-07-20,80.4,-47.0,325.86049999999994,469.03925,794.8997499999999,33.940000000000005,30.253125,3.6868749999999992,12,8,20,1254.5987499999999,-459.6989999999999,60.0,1.82,3.0,127.4,72.0,176.9
N_AL_BESS_RN,2026-07-20,1.2000000000000002,-7.7,-0.6895000000000004,-5.306249999999995,-5.995749999999996,21.940416666666668,22.808125,-0.8677083333333332,8,15,23,4.09725,-10.092999999999996,34.8,0.76,9.9,8.9,237.60000000000002,3.7
N_MRD_ESR_RN,2026-07-20,1.2000000000000002,-4.6000000000000005,-0.5924999999999998,-3.1637500000000034,-3.756250000000003,21.950833333333332,22.730208333333334,-0.779375,9,14,23,3.9659999999999993,-7.7222500000000025,39.1,0.8,9.9,5.800000000000001,237.60000000000002,2.4
ODESW_RN,2026-07-20,1.8,-177.3,7.081499999999999,783.2592499999998,790.34075,33.944583333333334,30.094166666666666,3.8504166666666673,16,7,23,795.8827499999999,-5.542,69.6,62.83,10.0,179.10000000000002,240.0,74.6
OLMITO_RN,2026-07-20,2.2,-22.2,2.77125,-22.120500000000003,-19.349250000000005,23.134583333333335,21.537395833333335,1.5971874999999995,12,11,23,15.853250000000005,-35.20250000000001,52.2,0.41,0.0,24.4,0.0,0.0
OLNEYTN_RN,2026-07-20,67.0,-15.6,4076.785,75.37599999999998,4152.161,49.70541666666667,23.68552083333333,26.019895833333333,21,2,23,4284.1335,-131.97250000000003,91.3,3.09,9.9,82.6,237.60000000000002,34.8
OR_BESS_RN,2026-07-20,0.0,-4.0,0.0,-7.830000000000005,-7.830000000000005,1.19,0.6404166666666666,0.5495833333333333,0,2,2,0.0,-7.830000000000005,0.0,0.0,9.9,4.0,237.60000000000002,1.7
PAD1_ESS_RN,2026-07-20,3.4000000000000004,-13.2,37.0915,364.19375,401.28525,38.5925,26.301354166666666,12.291145833333333,22,1,23,401.42724999999996,-0.14200000000000018,95.7,128.5,50.0,16.6,1200.0,1.4
PAD2_ESS_RN,2026-07-20,1.0,0.0,20.275000000000002,0.0,20.275000000000002,1.5533333333333335,0.7085416666666666,0.8447916666666667,1,0,1,20.275000000000002,0.0,100.0,99.99,150.0,1.0,3600.0,0.0
PALACIOS_RN,2026-07-20,55.1,-12.4,230.011,39.03025,269.04125,27.59583333333333,22.323020833333334,5.2728125,21,2,23,269.27649999999994,-0.2352500000000003,91.3,109.01,9.9,67.5,237.60000000000002,28.4
PALE_ESS_EN,2026-07-20,0.0,-25.2,0.0,68.69849999999997,68.69849999999997,3.044583333333333,2.866145833333333,0.1784374999999998,5,0,5,68.69849999999997,0.0,100.0,99.99,200.0,25.2,4800.0,0.5
PAULN_RN,2026-07-20,3.5,-4.5,5.409999999999998,10.822749999999996,16.232749999999992,33.46875,32.299479166666664,1.169270833333333,16,8,24,26.69074999999999,-10.458,66.7,1.28,9.9,8.0,237.60000000000002,3.4
PAVLOV_BT_RN,2026-07-20,6.5,-19.3,98.402,69.04425,167.44625000000002,28.472916666666666,22.717291666666668,5.755625000000001,23,1,24,167.56525000000002,-0.11899999999999977,95.8,61.22,9.9,25.8,237.60000000000002,10.9
PAVO_ESS_ALL,2026-07-20,22.7,-59.8,158.865,290.0129999999999,448.87799999999993,8.283333333333333,6.353437500000001,1.9298958333333331,10,1,11,458.52299999999997,-9.64500000000001,90.9,4.75,87.5,82.5,2100.0,3.9
PEARSALL_RN,2026-07-20,3.0,-18.0,7.337500000000002,81.68249999999999,89.02,4.2437499999999995,4.066458333333333,0.1772916666666667,11,5,16,112.16249999999998,-23.142499999999995,68.8,2.2,9.9,21.0,237.60000000000002,8.8
PHO_ALL,2026-07-20,17.6,-36.4,92.36399999999999,479.93949999999995,572.3035,27.893333333333334,13.8840625,14.009270833333332,20,4,24,580.7714999999998,-8.468,83.3,13.72,150.0,54.0,3600.0,1.5
PINEFRST_RN,2026-07-20,26.5,-37.8,2.3985000000000216,-78.80549999999995,-76.40699999999994,34.04416666666666,33.14510416666666,0.8990625,15,8,23,289.72450000000003,-366.1315,65.2,0.42,200.0,64.3,4800.0,1.3
PIN_BESS_RN,2026-07-20,0.0,-6.0,0.0,14.734999999999996,14.734999999999996,6.1554166666666665,5.184166666666667,0.97125,4,1,5,17.167499999999997,-2.432500000000001,80.0,1.76,175.0,6.0,4200.0,0.1
PIRATE_RN,2026-07-20,41.4,-4.1000000000000005,34.325999999999944,13.94625,48.27224999999994,24.672916666666666,22.751145833333336,1.9217708333333332,18,5,23,63.96374999999995,-15.69150000000001,78.3,1.13,9.8,45.5,235.20000000000002,19.3
PLATINUM_RN,2026-07-20,3.4000000000000004,-3.2,3.8449999999999998,7.589500000000001,11.434500000000002,34.00875,33.1403125,0.8684375000000006,15,8,23,22.934,-11.499499999999998,65.2,1.06,143.8,6.6000000000000005,3451.2000000000003,0.2
POTEETS_RN,2026-07-20,2.9000000000000004,-7.7,25.454,80.65374999999999,106.10774999999998,38.305416666666666,26.24427083333333,12.061145833333333,19,2,21,106.40849999999998,-0.30075000000000074,90.5,37.24,9.9,10.600000000000001,237.60000000000002,4.5
POTSVIL_RN,2026-07-20,303.40000000000003,-62.0,502.83599999999984,19.002999999999915,521.8389999999998,37.871249999999996,40.10135416666667,-2.2301041666666674,16,8,24,1003.8297499999998,-481.99075000000005,66.7,1.04,9.9,365.40000000000003,237.60000000000002,153.8
PRCRK_RN,2026-07-20,3.6,-10.4,3.13075,16.626000000000005,19.756750000000004,34.288333333333334,33.14822916666667,1.1401041666666671,15,8,23,64.448,-44.69125,65.2,0.77,9.9,14.0,237.60000000000002,5.9
PTLBES_BESS1,2026-07-20,173.7,-4.2,391.57625000000024,18.665750000000006,410.24200000000025,26.660416666666666,22.795208333333335,3.865208333333334,22,2,24,412.34900000000016,-2.1069999999999993,91.7,17.79,3.0,177.89999999999998,72.0,247.1
PYR_PYRON1,2026-07-20,558.0,-36.4,1021.5259999999998,20.599499999999964,1042.1254999999999,32.23791666666667,30.619687499999998,1.6182291666666664,15,9,24,2208.0215,-1165.8960000000002,62.5,1.14,15.1,594.4,362.4,164.0
QUEEN_BA_RN,2026-07-20,92.3,-21.7,423.04024999999996,103.87625,526.9164999999999,33.84583333333333,28.902604166666666,4.943229166666668,16,6,22,532.1769999999999,-5.260500000000004,72.7,37.94,50.0,114.0,1200.0,9.5
RADN_SLR_ALL,2026-07-20,105.5,-35.8,237.55775000000003,55.237750000000005,292.7955,32.705416666666665,30.41916666666667,2.2862499999999994,16,8,24,372.7850000000001,-79.98950000000002,66.7,2.33,81.9,141.3,1965.6000000000001,7.2
RBN_BESS1,2026-07-20,3.6,-1.6,8.379750000000001,-14.118250000000005,-5.738500000000003,34.24708333333333,35.835,-1.5879166666666669,18,6,24,16.262,-22.000500000000002,75.0,0.25,30.0,5.2,720.0,0.7
RHESS2_ESS1,2026-07-20,30.4,-272.7,154.89149999999995,2783.6875,2938.5789999999997,18.51,15.973854166666667,2.536145833333333,15,5,20,3493.80475,-555.2257500000002,75.0,2.1,9.8,303.09999999999997,235.20000000000002,128.9
RIOG_ESR2_RN,2026-07-20,2.0,-4.6,-3.1110000000000024,-18.2815,-21.392500000000005,20.44875,22.41614583333333,-1.9673958333333337,4,19,23,2.4915000000000003,-23.884000000000007,17.4,0.5,0.0,6.6,0.0,0.0
RIOG_ESR_RN,2026-07-20,0.0,-2.0,0.0,-5.192499999999999,-5.192499999999999,2.0629166666666667,2.2792708333333334,-0.21635416666666663,0,2,2,0.0,-5.192499999999999,0.0,0.0,9.9,2.0,237.60000000000002,0.8
RN_BY_ESR1,2026-07-20,0.0,0.0,0.0,0.0,0.0,7.125416666666666,10.963958333333332,-3.8385416666666674,0,0,0,0.0,0.0,0.0,0.0,0.0,0.0,0.0,0.0
RN_PAD3_ESS,2026-07-20,1.0,-1.0,20.275000000000002,2.6675000000000004,22.942500000000003,2.703333333333333,1.7473958333333333,0.9559375000000001,2,0,2,22.942500000000003,0.0,100.0,99.99,200.0,2.0,4800.0,0.0
RN_QTUM_SLR,2026-07-20,795.4,0.0,717.6440000000007,0.0,717.6440000000007,13.09625,12.766041666666666,0.33020833333333366,1,2,3,1394.0550000000007,-676.4110000000001,33.3,4.12,160.0,795.4,3840.0,20.7
RN_RHN_ESR,2026-07-20,1.0,0.0,-2.25,0.0,-2.25,0.8112499999999999,0.9049999999999999,-0.09375,0,1,1,0.0,-2.25,0.0,0.0,200.0,1.0,4800.0,0.0
RN_SOLC_SLR,2026-07-20,1550.0,0.0,3264.0774999999985,0.0,3264.0774999999985,15.062916666666666,14.711354166666666,0.3515624999999997,4,6,10,4858.371499999998,-1594.294,40.0,4.57,160.0,1550.0,3840.0,40.4
ROSELAND_ALL,2026-07-20,496.90000000000003,-90.2,1493.06525,411.2399999999999,1904.30525,30.73625,28.425833333333333,2.3104166666666655,17,7,24,2347.3849999999998,-443.07975,70.8,2.18,50.0,587.1,1200.0,48.9
RPUBRDS_RN,2026-07-20,3.5,-6.4,-8.65775,22.018250000000005,13.3605,35.407916666666665,38.305625,-2.8977083333333336,14,9,23,41.09275,-27.732249999999997,60.9,0.95,39.5,9.9,948.0,1.0
RRANCHES_ALL,2026-07-20,10.5,-315.4,-213.9745000000001,1428.8202499999998,1214.8457499999997,33.91833333333333,30.34375,3.574583333333333,14,8,22,1481.9080000000001,-267.06225000000006,63.6,3.17,150.0,325.9,3600.0,9.1
RRC_WIND_ALL,2026-07-20,58.6,-4.0,114.11100000000005,11.146500000000001,125.25750000000005,30.4675,28.416354166666668,2.0511458333333334,17,7,24,267.48350000000005,-142.226,70.8,0.77,75.0,62.6,1800.0,3.5
RTLSNAKE_BT,2026-07-20,1.4000000000000001,-2.0,5.567499999999999,6.337000000000001,11.904499999999999,33.888333333333335,30.420729166666664,3.4676041666666664,11,6,17,18.080499999999997,-6.175999999999999,64.7,1.6,9.9,3.4000000000000004,237.60000000000002,1.4
RUSSEKST_RN,2026-07-20,66.8,-116.8,628.0552500000001,-62.85049999999994,565.2047500000001,38.98083333333333,35.643229166666664,3.3376041666666674,20,4,24,1270.531,-705.32625,83.3,0.36,9.9,183.6,237.60000000000002,77.3
RVN_RN,2026-07-20,0.0,0.0,0.0,0.0,0.0,29.43,24.18375,5.24625,0,0,0,0.0,0.0,0.0,0.0,0.0,0.0,0.0,0.0
RVRVLYS_ALL,2026-07-20,3.3000000000000003,-2.7,13.924000000000003,14.1835,28.1075,33.030833333333334,28.594687500000003,4.436145833333334,17,4,21,29.4855,-1.3779999999999974,81.0,5.03,50.0,6.0,1200.0,0.5
SADLBACK_RN,2026-07-20,1.4000000000000001,-10.2,5.601,42.63999999999998,48.24099999999998,33.877916666666664,30.2615625,3.616354166666667,13,6,19,54.080999999999975,-5.839999999999998,68.4,4.27,9.9,11.6,237.60000000000002,4.9
SAH_RN,2026-07-20,0.0,-1.0,0.0,4.57,4.57,2.30125,2.0159375,0.2853125,1,0,1,4.57,0.0,100.0,99.99,200.0,1.0,4800.0,0.0
SANDLAKE_RN,2026-07-20,3.4000000000000004,-8.1,1.850000000000001,32.68424999999999,34.534249999999986,33.875416666666666,30.538541666666664,3.3368749999999996,12,6,18,46.17074999999999,-11.636500000000002,66.7,1.98,9.9,11.5,237.60000000000002,4.8
SBEAN_BESS,2026-07-20,0.0,-1.1,0.0,4.0837499999999975,4.0837499999999975,1.16625,1.0188541666666666,0.14739583333333325,2,0,2,4.0837499999999975,0.0,100.0,99.99,9.9,1.1,237.60000000000002,0.5
SEVNF_ES_RN,2026-07-20,107.0,-15.0,-697.6800000000001,-128.01000000000002,-825.69,16.447083333333335,22.409375,-5.962291666666666,3,19,22,24.732499999999995,-850.4224999999999,13.6,0.18,100.0,122.0,2400.0,5.1
SGSA_DGR,2026-07-20,12.6,-9.0,-31.877999999999968,63.765,31.887000000000032,3.265833333333333,3.0365625,0.22927083333333353,3,1,4,63.765,-31.877999999999968,75.0,0.67,9.9,21.6,237.60000000000002,9.1
SG_BES_BESS1,2026-07-20,308.7,-263.0,8744.38975,582.083,9326.472749999999,33.895,24.076875,9.818125,17,4,21,9376.19175,-49.71900000000008,81.0,44.37,100.0,571.7,2400.0,23.8
SHAMROCK_RN,2026-07-20,1140.3,-3.4000000000000004,5167.963999999999,17.34175,5185.3057499999995,33.343333333333334,28.41,4.933333333333333,18,6,24,5348.2855,-162.97975,75.0,10.94,99.3,1143.7,2383.2,48.0
SHEEPCRK_1,2026-07-20,181.2,-2.0,733.8052500000001,4.767500000000002,738.5727500000002,27.3175,25.942395833333336,1.3751041666666668,15,6,21,831.7242500000001,-93.1515,71.4,3.57,130.0,183.2,3120.0,5.9
SLCN_ESS_ALL,2026-07-20,51.6,-3.4000000000000004,66.27299999999998,16.65825,82.93124999999998,33.73291666666667,28.73375,4.9991666666666665,19,4,23,87.96949999999998,-5.03825000000001,82.6,3.68,50.0,55.0,1200.0,4.6
SLK_BESS_RN,2026-07-20,0.0,-2.0,0.0,11.325,11.325,2.6758333333333333,2.203958333333333,0.471875,2,0,2,11.325,0.0,100.0,99.99,200.0,2.0,4800.0,0.0
SMTH_ESS_RN,2026-07-20,3.6,-1.4000000000000001,3.4252500000000006,1.1002500000000053,4.525500000000006,34.01083333333333,33.09739583333333,0.9134375000000009,15,8,23,16.248250000000006,-11.722750000000001,65.2,0.74,97.0,5.0,2328.0,0.2
SNY_BESS_RN,2026-07-20,91.60000000000001,-41.5,461.7019999999999,115.60325,577.3052499999999,34.069583333333334,30.657708333333336,3.4118749999999998,14,6,20,584.5127499999999,-7.20750000000001,70.0,34.76,9.9,133.10000000000002,237.60000000000002,56.0
SPTX12B_RN,2026-07-20,70.7,-71.9,220.29525,344.89525,565.1904999999999,14.496250000000002,12.129166666666668,2.3670833333333334,12,6,18,633.0285,-67.83800000000005,66.7,4.67,22.1,142.60000000000002,530.4000000000001,26.9
SP_RN,2026-07-20,34.0,-51.5,181.88125,10.95000000000002,192.83125,34.405,37.082812499999996,-2.6778124999999995,16,8,24,275.663,-82.83174999999996,66.7,1.66,9.9,85.5,237.60000000000002,36.0
SROSA_ESR_RN,2026-07-20,1.2000000000000002,-17.900000000000002,-0.4380000000000003,-27.619499999999995,-28.057499999999997,21.219583333333333,21.713437499999998,-0.4938541666666667,8,14,22,5.722250000000001,-33.77974999999999,36.4,0.3,9.9,19.1,237.60000000000002,8.0
STADIUM_RN,2026-07-20,0.0,-8.0,0.0,19.082500000000003,19.082500000000003,2.938333333333334,2.6610416666666667,0.2772916666666667,2,2,4,25.5675,-6.484999999999996,50.0,3.94,9.9,8.0,237.60000000000002,3.4
STAM_SLR_ALL,2026-07-20,17.0,-13.8,14.772499999999994,-115.92475000000002,-101.15225000000001,20.3325,21.45625,-1.1237500000000005,8,8,16,81.59524999999998,-182.7475,50.0,0.45,70.0,30.8,1680.0,1.8
STRG_SLR_ALL,2026-07-20,16.8,-51.5,65.8635,259.60749999999996,325.47099999999995,31.3175,27.198958333333334,4.118541666666666,17,7,24,333.91325,-8.442249999999998,70.8,16.29,100.0,68.3,2400.0,2.8
SUNVASLR_ALL,2026-07-20,331.20000000000005,-17.7,1263.1604999999997,178.8245,1441.985,29.293333333333333,26.776354166666668,2.5169791666666663,16,7,23,1633.94675,-191.9617500000001,69.6,3.72,53.3,348.90000000000003,1279.1999999999998,27.3
SWOOSE1_U1,2026-07-20,6.0,-8.1,42.6195,12.7095,55.32900000000001,33.9325,30.293541666666666,3.6389583333333326,13,7,20,65.941,-10.612000000000002,65.0,3.35,9.9,14.1,237.60000000000002,5.9
SWOOSEII_RN,2026-07-20,3.0,-3.5,-70.66500000000002,20.10125,-50.56375000000002,5.735833333333333,6.216145833333333,-0.4803125000000003,2,1,3,20.10125,-70.66500000000002,66.7,0.14,100.0,6.5,2400.0,0.3
SWT_BESS_RN,2026-07-20,2.9000000000000004,-17.6,10.749249999999996,55.97874999999999,66.72799999999998,34.62083333333333,30.76427083333333,3.8565625000000003,15,6,21,77.24000000000001,-10.51200000000001,71.4,2.94,9.9,20.5,237.60000000000002,8.6
TANZ_ESS_RN,2026-07-20,0.0,-1.0,0.0,2.2074999999999996,2.2074999999999996,1.1308333333333334,1.0388541666666666,0.09197916666666665,1,0,1,2.2074999999999996,0.0,100.0,99.99,0.0,1.0,0.0,0.0
TBWF_ES_BES1,2026-07-20,142.10000000000002,-51.0,2053.5125000000003,246.045,2299.5575000000003,18.81125,14.444270833333334,4.366979166666667,11,2,13,2418.16225,-118.60474999999975,84.6,3.71,150.0,193.10000000000002,3600.0,5.4
TDWLPR_1_RN,2026-07-20,2.7,-26.2,3.738749999999999,34.78474999999998,38.523499999999984,32.105,30.441354166666667,1.663645833333333,16,7,23,61.41874999999999,-22.895250000000004,69.6,1.17,100.0,28.9,2400.0,1.2
TNFS_RN,2026-07-20,22.7,-8.0,1042.8947500000002,5.387500000000003,1048.2822500000002,5.600833333333334,3.3420833333333335,2.2587500000000005,3,2,5,1051.16225,-2.8799999999999955,60.0,243.32,9.9,30.7,237.60000000000002,12.9
TORR_ALL,2026-07-20,957.8,-161.7,-5443.07425,-1171.3474999999999,-6614.4217499999995,16.997916666666665,21.454062500000003,-4.456145833333333,4,20,24,515.0815000000002,-7129.503250000001,16.7,0.36,0.0,1119.5,0.0,0.0
TORT_ESS_RN,2026-07-20,0.0,0.0,0.0,0.0,0.0,3.2758333333333334,2.9903125,0.28552083333333345,0,0,0,0.0,0.0,0.0,0.0,48.3,0.0,1159.1999999999998,0.0
TOYAH_RN,2026-07-20,0.0,-8.0,0.0,60.22,60.22,0.7479166666666667,0.7764583333333334,-0.02854166666666676,2,0,2,60.22,0.0,100.0,99.99,9.9,8.0,237.60000000000002,3.4
TRIPBUT1_RN,2026-07-20,6.4,-18.8,115.037,169.81650000000005,284.85350000000005,33.65625,25.88145833333333,7.774791666666668,14,5,19,293.96650000000005,-9.112999999999998,73.7,11.52,7.5,25.200000000000003,180.0,14.0
TSECA_ES_RN,2026-07-20,121.8,0.0,3489.3762500000007,0.0,3489.3762500000007,13.506666666666668,9.314479166666667,4.1921875,3,0,3,3489.3762500000007,0.0,100.0,99.99,100.0,121.8,2400.0,5.1
TURQ_BESS1,2026-07-20,3.5,-6.7,3.7549999999999986,-74.169,-70.414,34.04083333333333,33.103125,0.9377083333333335,16,8,24,34.295500000000004,-104.7095,66.7,0.16,186.0,10.2,4464.0,0.2
TV_RN,2026-07-20,3.9000000000000004,-2.3000000000000003,5.961499999999999,-29.817500000000003,-23.856000000000005,34.64625,40.23447916666667,-5.588229166666667,15,9,24,14.237499999999997,-38.093500000000006,62.5,0.22,9.8,6.200000000000001,235.20000000000002,2.6
TYNAN_RN,2026-07-20,1.4000000000000001,-4.1000000000000005,1.6650000000000014,11.091999999999999,12.757,26.112083333333334,23.704375,2.4077083333333333,18,4,22,13.403500000000001,-0.6464999999999996,81.8,4.61,9.9,5.500000000000001,237.60000000000002,2.3
UTOPIA_RN,2026-07-20,277.8,-22.0,2855.36425,8.79,2864.15425,30.872083333333332,24.87572916666667,5.996354166666666,13,2,15,2896.2855000000004,-32.13125000000001,86.7,13.87,9.9,299.8,237.60000000000002,126.2
VERT_ESS_RN,2026-07-20,0.0,0.0,0.0,0.0,0.0,3.9262499999999996,5.176041666666666,-1.2497916666666669,0,0,0,0.0,0.0,0.0,0.0,200.0,0.0,4800.0,0.0
VORT_ALL_RN,2026-07-20,330.59999999999997,-3.3000000000000003,26.99649999999982,3.6872500000000006,30.683749999999918,32.35666666666666,31.117604166666666,1.2390625,16,7,23,1602.7957499999998,-1572.1119999999999,69.6,0.45,121.8,333.9,2923.2,11.4
WAL_RN,2026-07-20,3.6,-5.3,10.070500000000001,2.9509999999999996,13.021500000000001,33.385,32.532916666666665,0.8520833333333334,18,6,24,28.865000000000002,-15.843500000000002,75.0,0.61,200.0,8.9,4800.0,0.2
WFTANK_ESS1,2026-07-20,2.6999999999999997,-87.89999999999999,-3.155499999999997,-433.69525,-436.85075,17.609166666666667,21.347916666666666,-3.738750000000001,4,19,23,66.53349999999999,-503.38425,17.4,0.63,150.0,90.6,3600.0,2.5
WIG_BESS_RN,2026-07-20,3.5,-17.5,3.610749999999999,41.569750000000006,45.1805,34.072916666666664,33.13291666666667,0.9399999999999998,16,8,24,56.60875000000001,-11.428250000000004,66.7,2.48,120.0,21.0,2880.0,0.7
WLTC_ESR_RN,2026-07-20,1.4000000000000001,-8.200000000000001,1.4195,17.77449999999999,19.19399999999999,23.198333333333334,21.83791666666667,1.3604166666666664,16,6,22,21.11249999999999,-1.9185000000000008,72.7,4.13,9.9,9.600000000000001,237.60000000000002,4.0
WOV_BESS_RN,2026-07-20,4.5,-23.1,21.925250000000002,111.44350000000003,133.36875000000003,33.94041666666667,30.145416666666666,3.7950000000000004,15,7,22,139.04925000000006,-5.680499999999999,68.2,11.42,7.0,27.6,168.0,16.4
WRSBES_BESS1,2026-07-20,0.0,-4.0,0.0,21.489999999999995,21.489999999999995,0.0,0.0,0.0,1,0,1,21.489999999999995,0.0,100.0,99.99,9.7,4.0,232.79999999999998,1.7
WR_RN,2026-07-20,3.6,-7.4,16.0325,-5.282250000000002,10.750249999999998,32.31666666666667,29.770729166666666,2.5459375000000004,19,5,24,24.48775,-13.7375,79.2,0.47,9.9,11.0,237.60000000000002,4.6
WZRD_ESS_RN,2026-07-20,0.0,-1.0,0.0,1.7825000000000024,1.7825000000000024,1.09125,1.0169791666666665,0.07427083333333344,1,0,1,1.7825000000000024,0.0,100.0,99.99,150.0,1.0,3600.0,0.0
W_HRL_ESR_RN,2026-07-20,1.2000000000000002,-4.7,-0.46650000000000136,-4.299249999999997,-4.765749999999999,21.0025,21.61791666666667,-0.6154166666666667,9,13,22,2.9815000000000005,-7.747249999999999,40.9,0.56,9.9,5.9,237.60000000000002,2.5
X443ESRN,2026-07-20,45.7,-33.2,565.5989999999999,135.41199999999998,701.011,34.462916666666665,26.38145833333333,8.081458333333332,22,1,23,703.0405000000001,-2.0294999999999987,95.7,15.75,10.0,78.9,240.0,32.9
Z0_DGR2_RN,2026-07-20,0.0,-2.0,0.0,5.447499999999998,5.447499999999998,4.6033333333333335,4.127604166666667,0.4757291666666665,2,0,2,5.447499999999998,0.0,100.0,99.99,9.9,2.0,237.60000000000002,0.8
ZIER_SLR_ALL,2026-07-20,198.09999999999997,-238.6,-6.329750000000074,3361.3157499999998,3354.986,36.7675,28.499375,8.268125,17,6,23,3584.2329999999993,-229.2469999999999,73.9,5.52,34.0,436.69999999999993,816.0,53.5
ABINDUST_RN,2026-07-21,6.1000000000000005,-24.0,28.72375,103.8145,132.53825,55.93375,45.160625,10.773125,19,5,24,180.25374999999997,-47.7155,79.2,0.99,9.9,30.1,237.60000000000002,12.7
ADL_RN,2026-07-21,3.0,-3.2,34.4125,3.5604999999999953,37.973,10.670833333333334,8.715208333333335,1.9556250000000002,4,1,5,38.1325,-0.15950000000000344,80.0,59.77,60.0,6.2,1440.0,0.4
AE_RN,2026-07-21,16.1,-1.0,125.22625000000001,48.0665,173.29275,49.06125,35.6396875,13.421562499999999,19,5,24,179.95624999999995,-6.663499999999999,79.2,7.11,9.9,17.1,237.60000000000002,7.2
ALAMO_ST_RN,2026-07-21,1.0,-1.0,10.9725,6.34,17.3125,4.515416666666667,3.7395833333333335,0.7758333333333335,2,0,2,17.3125,0.0,100.0,99.99,9.9,2.0,237.60000000000002,0.8
ALP_BESS_RN,2026-07-21,3.2,-21.4,13.189000000000002,92.58250000000004,105.77150000000005,55.15375,43.899791666666665,11.253958333333335,19,3,22,220.98400000000004,-115.21249999999998,86.4,0.3,100.3,24.599999999999998,2407.2,1.0
ALVIN_RN,2026-07-21,4.300000000000001,-29.6,27.416750000000004,245.88949999999997,273.30625,48.11000000000001,31.432187499999998,16.677812499999998,20,4,24,275.11275,-1.8065000000000007,83.3,30.46,7.5,33.900000000000006,180.0,18.8
AMAD_ESS_RN,2026-07-21,47.2,-1.0,358.67475,2.3949999999999996,361.06975,10.612499999999999,6.017083333333333,4.595416666666667,4,0,4,361.06975,0.0,100.0,99.99,0.0,48.2,0.0,0.0
ANCHOR_ALL,2026-07-21,407.3,-53.300000000000004,4043.356250000001,454.0527500000001,4497.4090000000015,51.08375,40.05864583333334,11.025104166666667,18,6,24,4648.105500000001,-150.69649999999967,75.0,10.28,36.3,460.6,871.1999999999999,52.9
ANDMDSLR_ALL,2026-07-21,42.800000000000004,-7.1000000000000005,174.544,57.192250000000016,231.73625,54.07541666666666,43.92697916666666,10.148437500000002,18,6,24,253.98775000000003,-22.25149999999999,75.0,3.8,81.9,49.900000000000006,1965.6000000000001,2.5
ANEM_ESS_RN,2026-07-21,56.0,-2.8000000000000003,-1270.8272499999998,-28.75725,-1299.5844999999997,31.9275,35.95104166666667,-4.023541666666666,9,14,23,6.126250000000002,-1305.7107499999997,39.1,0.01,200.0,58.8,4800.0,1.2
ANG_ALL,2026-07-21,1630.2,-2.4,8019.673999999999,49.7,8069.373999999999,55.00333333333333,43.1796875,11.823645833333332,21,3,24,8473.75125,-404.37724999999995,87.5,2.99,100.0,1632.6000000000001,2400.0,68.0
ANOL_ESS_RN,2026-07-21,3.8000000000000003,-13.0,22.522499999999997,41.108999999999995,63.631499999999996,57.18083333333333,44.27739583333334,12.9034375,19,5,24,74.8905,-11.259000000000007,79.2,1.75,240.0,16.8,5760.0,0.3
ANTL_ESS_ES1,2026-07-21,3.5,-43.0,17.538500000000003,738.819,756.3575,54.32375,39.00604166666667,15.317708333333334,19,4,23,778.9460000000001,-22.588500000000025,82.6,7.26,70.0,46.5,1680.0,2.8
APPLE_ESR_RN,2026-07-21,0.0,0.0,0.0,0.0,0.0,1.1570833333333332,1.145,0.012083333333333298,0,0,0,0.0,0.0,0.0,0.0,0.0,0.0,0.0,0.0
ARY_BESS_RN,2026-07-21,0.0,0.0,0.0,0.0,0.0,1.77625,3.97125,-2.195,0,0,0,0.0,0.0,0.0,0.0,180.0,0.0,4320.0,0.0
AVIL_ESS_RN,2026-07-21,3.0,-4.4,11.528,104.04950000000001,115.5775,55.043749999999996,33.327395833333334,21.716354166666665,18,4,22,118.30350000000001,-2.726000000000001,81.8,9.64,160.0,7.4,3840.0,0.2
AZURE_RN,2026-07-21,34.4,-11.0,149.833,70.86149999999998,220.69449999999998,53.99458333333334,43.890208333333334,10.104375,18,6,24,241.7345,-21.04,75.0,3.83,77.6,45.4,1862.3999999999999,2.4
BATCAVE_RN,2026-07-21,14.100000000000001,-252.9,-103.68275000000003,706.84225,603.1595,55.36208333333334,46.22354166666667,9.138541666666667,18,6,24,846.5457500000001,-243.38625000000013,75.0,1.16,100.5,267.0,2412.0,11.1
BAYC_BESS_RN,2026-07-21,3.8000000000000003,-15.3,10.678,85.48949999999999,96.16749999999999,44.494166666666665,33.466770833333335,11.027395833333332,19,5,24,107.16625,-10.998750000000008,79.2,2.56,9.9,19.1,237.60000000000002,8.0
BCK_RN,2026-07-21,2230.3,-337.5,5322.90725,2523.13675,7846.044000000001,45.10125,31.524375000000003,13.576875000000001,17,7,24,10493.327750000002,-2647.28375,70.8,1.63,126.5,2567.8,3036.0,84.6
BCNV2_ES_RN,2026-07-21,0.0,-3.0,0.0,-1.9074999999999989,-1.9074999999999989,5.81625,5.948541666666666,-0.1322916666666667,2,1,3,5.642499999999998,-7.549999999999997,66.7,0.37,150.0,3.0,3600.0,0.1
BCNV_RN,2026-07-21,1.0,0.0,97.24000000000001,0.0,97.24000000000001,5.888750000000001,1.8370833333333334,4.051666666666667,1,0,1,97.24000000000001,0.0,100.0,99.99,150.0,1.0,3600.0,0.0
BEXAR_ES_RN,2026-07-21,882.8,-16.2,28985.65275,-52.078500000000005,28933.57425,52.07416666666666,37.264270833333335,14.809895833333334,15,9,24,29914.532,-980.9577499999999,62.5,18.3,100.0,899.0,2400.0,37.5
BIGSTAR_ALL,2026-07-21,27.3,-4.0,856.7842499999999,73.5765,930.3607499999999,50.81583333333333,36.60520833333333,14.210624999999999,18,6,24,1024.76775,-94.40700000000002,75.0,3.62,80.0,31.3,1920.0,1.6
BKBN_RN,2026-07-21,0.0,0.0,0.0,0.0,0.0,37.975,33.6525,4.3225,0,0,0,0.0,0.0,0.0,0.0,121.0,0.0,2904.0,0.0
BKSL_RN,2026-07-21,3.2,-2.4,9.863999999999999,37.935,47.79900000000001,54.26458333333333,44.372083333333336,9.8925,17,6,23,56.87849999999999,-9.079500000000001,73.9,2.21,100.0,5.6,2400.0,0.2
BLACKSPR_RN,2026-07-21,1.0,-63.0,13.61,2887.11775,2900.72775,3.34,2.5863541666666667,0.7536458333333335,8,0,8,2900.72775,0.0,100.0,99.99,120.0,64.0,2880.0,2.2
BLSMT1_5_A_6,2026-07-21,246.0,-26.0,863.1845,49.83799999999999,913.0224999999999,54.86083333333334,45.096562500000005,9.764270833333335,18,6,24,1041.0194999999999,-127.997,75.0,2.71,150.0,272.0,3600.0,7.6
BLUEJAY_RN,2026-07-21,39.1,-5.4,217.26774999999998,33.38850000000001,250.65624999999997,56.170416666666675,47.4503125,8.720104166666667,19,5,24,263.79075,-13.134500000000001,79.2,5.29,50.0,44.5,1200.0,3.7
BLVN_RN,2026-07-21,1098.8,-51.5,18997.12775,1032.92825,20030.056,51.24666666666667,36.76145833333333,14.485208333333333,18,6,24,20081.63025,-51.57424999999978,75.0,129.79,180.0,1150.3,4320.0,26.6
BOCO_ESS_RN,2026-07-21,38.0,-9.4,474.2905000000002,254.839,729.1295000000001,54.750416666666666,43.8884375,10.861979166666666,18,4,22,740.9800000000002,-11.850499999999975,81.8,13.89,150.0,47.4,3600.0,1.3
BRHEIGHT_RN,2026-07-21,0.6000000000000001,-1.0,5.6080000000000005,4.137499999999999,9.7455,11.1825,8.6734375,2.5090625,7,0,7,9.7455,0.0,100.0,99.99,10.0,1.6,240.0,0.7
BRPANGLE_RN,2026-07-21,4.800000000000001,-16.0,107.5045,204.5955,312.09999999999997,49.86666666666667,37.23802083333333,12.628645833333332,19,5,24,318.60299999999995,-6.503000000000003,79.2,12.89,10.0,20.8,240.0,8.7
BRPMAGNO_RN,2026-07-21,24.400000000000002,-7.0,31.739750000000008,71.99549999999999,103.73525000000001,49.967083333333335,34.91416666666667,15.052916666666667,20,4,24,106.99475000000001,-3.2595,83.3,6.57,7.5,31.400000000000002,180.0,17.4
BRP_BRAZ_RN,2026-07-21,4.0,-3.2,18.5105,48.68099999999999,67.19149999999999,49.86666666666667,37.23802083333333,12.628645833333332,19,5,24,73.1395,-5.9479999999999995,79.2,3.24,10.0,7.2,240.0,3.0
BRP_DIKN_RN,2026-07-21,30.1,-2.0,90.60099999999994,5.004999999999999,95.60599999999994,4.430416666666667,4.099270833333333,0.33114583333333325,3,0,3,95.60599999999994,0.0,100.0,99.99,10.0,32.1,240.0,13.4
BRP_LOOP_RN,2026-07-21,3.0,-24.1,5.729999999999997,68.98625000000003,74.71625000000003,9.037916666666666,8.28875,0.7491666666666665,3,1,4,75.64125000000003,-0.9250000000000007,75.0,27.26,10.0,27.1,240.0,11.3
BRP_LOP1_RN,2026-07-21,38.2,-5.0,-439.6685,-24.417500000000004,-464.086,5.189583333333333,5.798125,-0.6085416666666669,2,5,7,5.746249999999996,-469.83225,28.6,0.03,10.0,43.2,240.0,18.0
BRP_PBL1_RN,2026-07-21,241.9,-14.0,3088.4315,77.7425,3166.174,46.79125,30.975104166666668,15.816145833333332,18,5,23,3282.28775,-116.11375000000001,78.3,7.85,10.0,255.9,240.0,106.6
BRP_PBL2_RN,2026-07-21,0.0,-1.0,0.0,0.3099999999999987,0.3099999999999987,0.7829166666666666,0.77,0.012916666666666613,1,0,1,0.3099999999999987,0.0,100.0,99.99,10.0,1.0,240.0,0.4
BRP_RN_UNIT1,2026-07-21,8.7,-5.800000000000001,27.405000000000005,87.32,114.72500000000001,55.16166666666666,37.732083333333335,17.42958333333333,19,5,24,122.22600000000001,-7.501,79.2,4.29,10.0,14.5,240.0,6.0
BRP_SWNY_RN,2026-07-21,5.8,-2.0,22.936999999999998,45.032999999999994,67.96999999999998,49.86666666666667,37.23802083333333,12.628645833333332,19,5,24,73.91799999999999,-5.9479999999999995,79.2,3.27,10.0,7.8,240.0,3.2
BRP_ZPT1_RN,2026-07-21,109.8,-1.0,-1434.25775,-1.3249999999999993,-1435.58275,21.898749999999996,27.035833333333333,-5.137083333333334,3,8,11,268.376,-1703.9587500000002,27.3,0.42,10.0,110.8,240.0,46.2
BRP_ZPT2_RN,2026-07-21,110.60000000000001,-3.8000000000000003,92.97474999999997,-97.11125000000001,-4.1365000000000265,31.864166666666666,37.344375,-5.480208333333334,7,15,22,139.79074999999995,-143.92724999999996,31.8,2.08,7.5,114.4,180.0,63.6
BR_ARROW_ALL,2026-07-21,35.900000000000006,-9.4,141.96575,105.9565,247.92225000000002,58.01666666666667,46.24572916666667,11.7709375,18,6,24,368.59824999999995,-120.67599999999999,75.0,1.02,51.7,45.300000000000004,1240.8000000000002,3.7
BSS_U1,2026-07-21,8.8,-53.8,31.1045,227.21799999999996,258.3225,50.22875,37.2421875,12.986562499999998,22,2,24,267.63325,-9.310750000000002,91.7,2.61,9.9,62.599999999999994,237.60000000000002,26.3
BUDA_RN,2026-07-21,0.0,-1.0,0.0,0.7349999999999994,0.7349999999999994,1.0216666666666667,0.9910416666666667,0.030624999999999975,1,0,1,0.7349999999999994,0.0,100.0,99.99,9.9,1.0,237.60000000000002,0.4
BYP_RN,2026-07-21,350.0,-530.7,28624.450000000004,487.31449999999916,29111.764499999997,21.64625,7.088020833333334,14.558229166666665,5,2,7,29343.407,-231.6425000000005,71.4,50.67,200.0,880.7,4800.0,18.3
BYRDR_ES_ALL,2026-07-21,0.0,0.0,0.0,0.0,0.0,4.560833333333333,3.9121875,0.6486458333333331,0,0,0,0.0,0.0,0.0,0.0,50.0,0.0,1200.0,0.0
C5_RN,2026-07-21,0.0,0.0,0.0,0.0,0.0,1.4308333333333334,1.1751041666666666,0.2557291666666668,0,0,0,0.0,0.0,0.0,0.0,0.0,0.0,0.0,0.0
CACH_ESS_RN,2026-07-21,3.8000000000000003,-2.4,120.613,63.094500000000004,183.7075,52.998333333333335,37.65739583333333,15.3409375,16,5,21,189.5815,-5.8740000000000006,76.2,10.09,200.0,6.2,4800.0,0.1
CAMWIND_RN,2026-07-21,149.3,-112.5,-315.79574999999994,211.39375000000004,-104.40199999999996,33.487500000000004,35.44947916666667,-1.9619791666666668,13,11,24,947.9895000000001,-1052.3915000000002,54.2,0.76,0.0,261.8,0.0,0.0
CARA_ESS_RN,2026-07-21,0.0,-1.0,0.0,1.0274999999999999,1.0274999999999999,1.0170833333333333,0.9742708333333333,0.042812499999999996,1,0,1,1.0274999999999999,0.0,100.0,99.99,98.0,1.0,2352.0,0.0
CARN_ESS_RN,2026-07-21,2.6,-4.7,3.789249999999997,-11.944250000000002,-8.155000000000005,32.67125,34.233333333333334,-1.5620833333333337,13,10,23,10.860749999999998,-19.015750000000004,56.5,0.44,150.0,7.300000000000001,3600.0,0.2
CARRIZO_ESR1,2026-07-21,72.1,-3.9000000000000004,1995.92625,96.69475,2092.621,50.22708333333333,33.4303125,16.796770833333333,17,7,24,2144.7135,-52.09249999999997,70.8,16.95,9.8,76.0,235.20000000000002,32.3
CARTWHL_RN,2026-07-21,0.0,0.0,0.0,0.0,0.0,0.0,0.0,0.0,0,0,0,0.0,0.0,0.0,0.0,150.0,0.0,3600.0,0.0
CASL_GAP_UN1,2026-07-21,146.6,-59.8,696.1402500000002,89.26324999999994,785.4035000000001,14.055833333333334,12.171145833333334,1.8846875,12,3,15,809.2685000000002,-23.86500000000006,80.0,8.48,3.9,206.39999999999998,93.6,220.5
CAST_ESS_RN,2026-07-21,0.0,0.0,0.0,0.0,0.0,3.4133333333333336,3.112395833333333,0.30093750000000014,0,0,0,0.0,0.0,0.0,0.0,200.0,0.0,4800.0,0.0
CATARINA_B1,2026-07-21,5.9,-228.3,19.467000000000002,1092.2575000000002,1111.7245,43.355,53.63458333333333,-10.279583333333333,14,10,24,1889.6827500000002,-777.9582499999999,58.3,1.74,9.9,234.20000000000002,237.60000000000002,98.6
CEDRVALE_RN,2026-07-21,3.0,-7.5,11.577,59.258250000000004,70.83525,55.24875,44.91802083333334,10.330729166666666,19,3,22,78.82225,-7.987000000000002,86.4,1.56,9.9,10.5,237.60000000000002,4.4
CFLAT_ES_RN,2026-07-21,0.0,0.0,0.0,0.0,0.0,2.140833333333333,2.1417708333333336,-0.0009375000000001835,0,0,0,0.0,0.0,0.0,0.0,100.0,0.0,2400.0,0.0
CHIL_SLR,2026-07-21,815.2,-9.1,8318.51625,72.33325000000002,8390.8495,51.555416666666666,36.76895833333333,14.786458333333336,18,6,24,8710.300249999998,-319.45075000000014,75.0,9.09,150.0,824.3000000000001,3600.0,22.9
CISC_RN,2026-07-21,4.800000000000001,-15.0,46.50999999999999,-3.689000000000007,42.820999999999984,58.97625,48.04895833333333,10.927291666666667,19,5,24,112.78550000000001,-69.96450000000002,79.2,0.42,9.9,19.8,237.60000000000002,8.3
CITRUSCY_RN,2026-07-21,1.8,-10.4,0.19550000000000045,-21.900250000000003,-21.704750000000004,31.512083333333333,35.70020833333333,-4.188124999999999,9,14,23,13.075499999999996,-34.780249999999995,39.1,0.58,9.9,12.200000000000001,237.60000000000002,5.1
CLO_RN,2026-07-21,3.8000000000000003,-48.5,14.87,252.0845,266.9545,52.93666666666667,41.19375,11.742916666666666,19,5,24,330.07624999999996,-63.121749999999984,79.2,1.38,100.0,52.3,2400.0,2.2
CLT_RN,2026-07-21,0.0,0.0,0.0,0.0,0.0,54.019999999999996,67.64375,-13.623749999999998,0,0,0,0.0,0.0,0.0,0.0,100.0,0.0,2400.0,0.0
CNLY_ESS_RN,2026-07-21,4.300000000000001,-7.0,23.689000000000004,40.772499999999994,64.4615,58.96208333333333,48.85947916666667,10.102604166666667,19,5,24,74.63250000000001,-10.171000000000003,79.2,1.93,125.0,11.3,3000.0,0.4
CNTRY_RN,2026-07-21,3.9000000000000004,-3.0,13.53175,29.449000000000012,42.980750000000015,55.27125,46.693437499999995,8.577812500000002,18,6,24,53.36025000000001,-10.3795,75.0,1.71,9.8,6.9,235.20000000000002,2.9
CNTYRDS_RN,2026-07-21,1.0,0.0,2.585000000000001,0.0,2.585000000000001,3.561666666666666,3.1497916666666668,0.41187499999999994,1,0,1,2.585000000000001,0.0,100.0,99.99,9.9,1.0,237.60000000000002,0.4
CONTINEN_RN,2026-07-21,61.9,-20.4,-530.8465000000001,-144.77525000000003,-675.6217500000001,31.469166666666666,36.181041666666665,-4.711875,8,16,24,124.79849999999996,-800.42025,33.3,0.31,0.0,82.3,0.0,0.0
CORALSLR_ALL,2026-07-21,554.6,-33.7,6695.80625,242.58749999999998,6938.393749999999,52.53666666666666,40.330625,12.206041666666666,19,5,24,7168.536749999998,-230.14300000000006,79.2,8.2,51.4,588.3000000000001,1233.6,47.7
CORAZON_RN,2026-07-21,259.9,-26.2,-1815.4107500000002,-282.09475,-2097.5055,31.69666666666667,37.31645833333334,-5.619791666666667,8,16,24,723.7119999999998,-2821.2174999999997,33.3,0.51,190.0,286.09999999999997,4560.0,6.3
COYOTSPR_RN,2026-07-21,0.0,-6.2,0.0,9.222500000000005,9.222500000000005,2.1408333333333336,1.8243749999999999,0.31645833333333345,1,0,1,9.222500000000005,0.0,100.0,99.99,9.9,6.2,237.60000000000002,2.6
CROSSETT_ALL,2026-07-21,221.6,-83.4,14326.229500000001,237.896,14564.125500000002,55.07,40.70947916666667,14.360520833333332,20,4,24,14587.461500000001,-23.336000000000016,83.3,125.02,100.0,305.0,2400.0,12.7
CROSSTRL_RN,2026-07-21,5.4,-5.1,12.453500000000002,56.060750000000006,68.51425,55.3325,44.0959375,11.2365625,19,3,22,77.43025,-8.915999999999999,86.4,1.37,57.0,10.5,1368.0,0.8
CR_RN,2026-07-21,5.0,-1.0,31.4155,39.2475,70.66300000000001,53.69125,41.97145833333334,11.719791666666666,19,5,24,78.8395,-8.1765,79.2,2.54,9.8,6.0,235.20000000000002,2.6
CS_RN,2026-07-21,61.900000000000006,-39.6,1718.9455000000003,7.7714999999999685,1726.717,43.509166666666665,32.400416666666665,11.10875,12,2,14,1739.884,-13.167000000000018,85.7,22.02,7.0,101.5,168.0,60.4
CTW_RN,2026-07-21,29.3,-20.0,175.22524999999996,80.535,255.76024999999996,49.875416666666666,36.50479166666667,13.370624999999999,19,5,24,264.74674999999996,-8.986499999999996,79.2,7.75,150.0,49.3,3600.0,1.4
DAN_ALL,2026-07-21,270.7,-7.2,68.81124999999979,53.2805,122.0917499999997,43.1975,30.601979166666666,12.595520833333333,16,8,24,593.8319999999999,-471.74025000000006,66.7,0.63,76.3,277.9,1831.1999999999998,15.2
DA_BESS,2026-07-21,0.1,-15.0,1.0357500000000002,29.632500000000014,30.668250000000015,1.4579166666666667,1.0263541666666667,0.43156250000000007,5,1,6,31.110750000000017,-0.44250000000000256,83.3,14.06,5.0,15.1,120.0,12.6
DA_BESS2,2026-07-21,0.0,0.0,0.0,0.0,0.0,34.04,28.2025,5.837499999999999,0,0,0,0.0,0.0,0.0,0.0,9.9,0.0,237.60000000000002,0.0
DC2SES_ALL,2026-07-21,45.2,-73.7,1018.96725,316.85625000000005,1335.8235,48.62083333333334,45.264375,3.356458333333332,15,9,24,2014.4217499999997,-678.5982499999999,62.5,1.78,66.5,118.9,1596.0,7.4
DESN_ESS_RN,2026-07-21,1.0,0.0,91.05499999999999,0.0,91.05499999999999,8.955833333333333,5.0615625,3.894270833333333,1,0,1,91.05499999999999,0.0,100.0,99.99,200.0,1.0,4800.0,0.0
DGFS_ESR_RN,2026-07-21,3.0,-3.4,11.485500000000002,90.5285,102.014,55.04583333333333,34.67197916666667,20.373854166666664,18,4,22,105.36,-3.3460000000000005,81.8,7.0,75.0,6.4,1800.0,0.4
DIBOL_RN,2026-07-21,2.0,-2.0,25.3875,45.465,70.85249999999999,5.1241666666666665,3.8396875,1.2844791666666666,2,1,3,71.3075,-0.4549999999999983,66.7,78.36,9.9,4.0,237.60000000000002,1.7
DKNS_ESS_RN,2026-07-21,0.0,0.0,0.0,0.0,0.0,2.8354166666666667,2.3689583333333335,0.4664583333333332,0,0,0,0.0,0.0,0.0,0.0,50.0,0.0,1200.0,0.0
DRAK_ESS_RN,2026-07-21,0.0,0.0,0.0,0.0,0.0,78.05,121.9925,-43.94250000000001,0,0,0,0.0,0.0,0.0,0.0,150.0,0.0,3600.0,0.0
DSWL_BES1,2026-07-21,1.0,0.0,9.030000000000001,0.0,9.030000000000001,5.272083333333334,4.133125,1.1389583333333333,1,0,1,9.030000000000001,0.0,100.0,99.99,150.0,1.0,3600.0,0.0
EBNY_ESS_RN,2026-07-21,307.2,-11.4,37576.23025000001,100.01500000000001,37676.24525,55.4775,37.24208333333333,18.235416666666666,18,5,23,37686.125250000005,-9.879999999999999,78.3,1059.55,200.0,318.59999999999997,4800.0,6.6
ELMCRK_RN,2026-07-21,5.1000000000000005,-1.0,33.65275,34.81150000000001,68.46425,55.9675,45.205000000000005,10.762500000000001,19,4,23,76.08725000000001,-7.622999999999999,82.6,2.1,9.9,6.1000000000000005,237.60000000000002,2.6
ELM_ST_RN,2026-07-21,0.0,0.0,0.0,0.0,0.0,2.3758333333333335,2.164375,0.21145833333333344,0,0,0,0.0,0.0,0.0,0.0,9.9,0.0,237.60000000000002,0.0
ELM_ST_RN2,2026-07-21,0.0,0.0,0.0,0.0,0.0,0.0,0.0,0.0,0,0,0,0.0,0.0,0.0,0.0,9.9,0.0,237.60000000000002,0.0
ELSA_ESR_RN,2026-07-21,0.0,-11.0,0.0,-89.53749999999998,-89.53749999999998,4.875416666666667,7.050104166666666,-2.1746874999999997,4,1,5,21.537500000000012,-111.07499999999999,80.0,0.05,9.9,11.0,237.60000000000002,4.6
ELZA_SLR_RN,2026-07-21,16.8,-1.0,226.736,39.53300000000001,266.269,57.92916666666667,45.0153125,12.913854166666667,19,5,24,277.5235,-11.254500000000004,79.2,6.49,100.0,17.8,2400.0,0.7
EMPCT_RN,2026-07-21,4.0,-179.6,25.2615,3118.43875,3143.70025,59.44625,47.326249999999995,12.12,18,6,24,3229.5232499999997,-85.823,75.0,12.54,9.9,183.6,237.60000000000002,77.3
ENDPARK_ESS1,2026-07-21,5.300000000000001,-6.4,27.312749999999994,42.106000000000016,69.41875,54.240833333333335,43.98052083333334,10.2603125,16,6,22,78.67525,-9.256499999999994,72.7,3.19,50.0,11.700000000000001,1200.0,1.0
ESCONDID_ESR,2026-07-21,2.7,-3.9000000000000004,11.461,72.25750000000001,83.7185,50.73583333333334,35.77729166666666,14.958541666666667,18,6,24,88.21100000000001,-4.4925,75.0,6.55,0.0,6.6000000000000005,0.0,0.0
ESTONIAN_ALL,2026-07-21,22.8,-4.0,253.17249999999996,38.876500000000014,292.049,57.88333333333333,46.73458333333334,11.148750000000001,18,6,24,305.1415,-13.092500000000012,75.0,7.77,101.6,26.8,2438.3999999999996,1.1
EUNICE_ALL,2026-07-21,1079.7,-11.6,5717.870999999999,79.46499999999997,5797.335999999999,20.139166666666668,17.237291666666668,2.901875,13,2,15,5930.823499999999,-133.48750000000018,86.7,6.84,17.0,1091.3,408.0,267.5
EVLN_ESS_RN,2026-07-21,5.4,-1.0,118.29675000000002,51.694,169.99075000000002,50.75208333333333,36.39458333333334,14.357500000000002,20,4,24,173.86225000000002,-3.8714999999999997,83.3,8.98,220.0,6.4,5280.0,0.1
E_HARRIS_RN,2026-07-21,2.4000000000000004,-5.2,1.8655000000000004,-25.144,-23.278499999999994,31.5625,35.47354166666667,-3.911041666666667,9,14,23,7.554999999999999,-30.833499999999994,39.1,0.38,9.9,7.6000000000000005,237.60000000000002,3.2
FALFUR_RN,2026-07-21,111.89999999999999,-12.700000000000001,-847.3929999999999,-74.4365,-921.8294999999999,29.876666666666665,35.1425,-5.265833333333333,7,17,24,158.84525000000002,-1080.6747500000001,29.2,0.36,9.9,124.6,237.60000000000002,52.4
FALFUR_RN2,2026-07-21,0.0,-1.0,0.0,-2.330000000000002,-2.330000000000002,24.674999999999997,27.09625,-2.4212500000000023,0,1,1,0.0,-2.330000000000002,0.0,0.0,9.8,1.0,235.20000000000002,0.4
FAULKNER_RN,2026-07-21,0.0,-1.0,0.0,6.149999999999999,6.149999999999999,1.46375,1.1143750000000001,0.34937500000000005,1,0,1,6.149999999999999,0.0,100.0,99.99,9.9,1.0,237.60000000000002,0.4
FENCESLR_ALL,2026-07-21,29.7,-5.0,347.93625,44.7905,392.72675,55.17250000000001,42.30354166666667,12.868958333333333,19,5,24,664.42,-271.69325000000003,79.2,0.64,71.0,34.7,1704.0,2.0
FERD_ESS_RN,2026-07-21,1.0,-17.0,-0.9674999999999976,10.452500000000011,9.485000000000014,4.82875,4.18875,0.6400000000000002,4,2,6,19.902500000000003,-10.41749999999999,66.7,0.96,200.0,18.0,4800.0,0.4
FIVEWSLR_ALL,2026-07-21,2796.6,-6.1,28655.081749999998,7.125750000000007,28662.2075,26.971666666666668,17.838125,9.133541666666666,14,6,20,30091.601499999997,-1429.3940000000007,70.0,9.02,220.0,2802.7,5280.0,53.1
FLOWERII_RN,2026-07-21,162.0,-61.6,4804.4087500000005,187.0682499999999,4991.476999999999,55.275,43.94760416666667,11.327395833333334,21,3,24,5080.8462500000005,-89.36925000000001,87.5,8.12,100.0,223.6,2400.0,9.3
FLTBES1,2026-07-21,1.0,-1.0,11.2225,2.4175000000000004,13.64,2.6654166666666668,2.0970833333333334,0.5683333333333334,2,0,2,13.64,0.0,100.0,99.99,8.5,2.0,204.0,1.0
FLVABES1_ESR,2026-07-21,72.3,-2.1,805.7987499999999,5.617999999999997,811.41675,21.0675,17.201458333333335,3.8660416666666664,5,1,6,812.51425,-1.0975000000000001,83.3,148.07,9.9,74.39999999999999,237.60000000000002,31.3
FORTMA_RN,2026-07-21,120.0,-10.0,2550.1375,14.250000000000007,2564.3875,46.22458333333333,37.582187499999996,8.642395833333332,9,2,11,2675.1625,-110.77500000000008,81.8,5.37,9.8,130.0,235.20000000000002,55.3
FRMRSVLW_RN,2026-07-21,5.8,-1.0,34.67850000000001,34.43650000000001,69.11500000000001,58.223333333333336,47.04364583333333,11.1796875,18,6,24,78.45500000000001,-9.339999999999998,75.0,2.8,9.9,6.8,237.60000000000002,2.9
FRMR_BS2_RN1,2026-07-21,0.0,-1.0,0.0,0.7824999999999989,0.7824999999999989,0.9854166666666666,0.9528125,0.03260416666666662,1,0,1,0.7824999999999989,0.0,100.0,99.99,6.0,1.0,144.0,0.7
FTDUNCAN_RN,2026-07-21,2.7,-4.9,11.96875,75.51375000000002,87.48250000000002,50.70583333333334,35.4940625,15.211770833333333,18,6,24,91.7275,-4.244999999999999,75.0,7.2,100.0,7.6000000000000005,2400.0,0.3
GAIA_SLR_RN,2026-07-21,10.0,0.0,89.7275,0.0,89.7275,14.650833333333333,10.798645833333333,3.8521875000000008,8,2,10,92.4125,-2.6849999999999987,80.0,8.6,75.0,10.0,1800.0,0.6
GAMBIT_RN,2026-07-21,148.1,-75.2,11027.723749999997,108.20399999999991,11135.927749999997,49.86666666666667,37.23802083333333,12.628645833333332,15,3,18,11188.706249999997,-52.77850000000009,83.3,42.4,100.0,223.3,2400.0,9.3
GARC_BESS_RN,2026-07-21,1.9000000000000001,-8.6,-0.19274999999999953,-114.03400000000002,-114.22675000000001,31.492500000000003,36.25302083333333,-4.7605208333333335,7,16,23,7.857750000000003,-122.08450000000002,30.4,0.15,9.9,10.5,237.60000000000002,4.4
GIGA_ESS_RN,2026-07-21,3.5,-8.200000000000001,10.524,100.02800000000002,110.55200000000002,53.745000000000005,38.76677083333333,14.978229166666667,19,4,23,116.90450000000001,-6.352499999999998,82.6,3.87,119.0,11.700000000000001,2856.0,0.4
GKS_BESS_RN,2026-07-21,102.6,-154.8,-1994.83225,454.14400000000046,-1540.6882499999992,32.09375,35.66166666666667,-3.5679166666666657,10,13,23,645.2827500000005,-2185.9709999999995,43.5,0.38,87.0,257.4,2088.0,12.3
GODY_SLR_RN,2026-07-21,34.199999999999996,-2.0,846.1222499999999,84.77000000000001,930.8922499999999,13.072083333333333,6.291041666666666,6.781041666666667,7,0,7,930.8922499999999,0.0,100.0,99.99,0.0,36.199999999999996,0.0,0.0
GOMZ_RN,2026-07-21,3.0,-6.4,11.4255,12.86249999999999,24.287999999999997,55.17958333333333,45.1846875,9.994895833333333,19,3,22,70.509,-46.221000000000004,86.4,0.24,9.9,9.4,237.60000000000002,4.0
GOODWIN_ESR,2026-07-21,151.79999999999998,-104.6,-947.0740000000001,-298.97125000000005,-1246.0452500000001,31.335416666666664,35.79416666666666,-4.45875,7,16,23,246.05249999999995,-1492.09775,30.4,0.38,9.9,256.4,237.60000000000002,107.9
GRDNE_ESR_RN,2026-07-21,3.2,-1.5,13.673000000000002,43.09275,56.765750000000004,55.36000000000001,43.701458333333335,11.658541666666666,20,3,23,64.20325000000001,-7.437500000000002,87.0,1.29,9.9,4.7,237.60000000000002,2.0
GREGORY_RN,2026-07-21,72.7,-20.3,63.92149999999998,121.99350000000001,185.915,34.20083333333333,30.922187500000003,3.278645833333332,17,7,24,550.49175,-364.57675000000006,70.8,0.62,0.0,93.0,0.0,0.0
GUNR_RN,2026-07-21,0.0,0.0,0.0,0.0,0.0,27.993333333333336,28.320833333333336,-0.3274999999999982,0,0,0,0.0,0.0,0.0,0.0,150.0,0.0,3600.0,0.0
GZ_RN,2026-07-21,125.1,-1.0,2377.7212500000005,33.689,2411.4102500000004,55.0325,44.09927083333333,10.933229166666669,19,5,24,2884.8872499999998,-473.47699999999986,79.2,1.6,9.0,126.1,216.0,58.4
HAMI_BESS_RN,2026-07-21,3.0,-19.0,237.41999999999996,82.455,319.87499999999994,9.465,5.685729166666666,3.779270833333333,9,1,10,325.40999999999997,-5.535000000000007,90.0,6.53,9.9,22.0,237.60000000000002,9.3
HARLIN_1_RN,2026-07-21,0.0,-2.0,0.0,-5.434999999999995,-5.434999999999995,1.78625,1.9644791666666668,-0.1782291666666668,0,1,1,0.0,-5.434999999999995,0.0,0.0,0.0,2.0,0.0,0.0
HEADCAMP_RN,2026-07-21,0.0,-1.0,0.0,2.4299999999999997,2.4299999999999997,2.5083333333333333,2.0546875,0.4536458333333333,1,0,1,2.4299999999999997,0.0,100.0,99.99,150.0,1.0,3600.0,0.0
HEARN_RD_RN,2026-07-21,212.6,-2.7,-501.3360000000001,-11.021749999999999,-512.3577500000001,32.92958333333333,34.285833333333336,-1.35625,14,10,24,386.47174999999993,-898.8295,58.3,0.31,9.8,215.29999999999998,235.20000000000002,91.5
HEN_RN,2026-07-21,1.0,-1.0,11.8325,0.942499999999999,12.774999999999999,2.3916666666666666,1.859375,0.5322916666666666,2,0,2,12.774999999999999,0.0,100.0,99.99,150.0,2.0,3600.0,0.1
HI_LONEB_RN1,2026-07-21,33.8,-27.5,1409.1190000000004,209.38375000000002,1618.5027500000003,54.833333333333336,41.83291666666667,13.000416666666668,21,3,24,1625.1452500000003,-6.6425,87.5,34.95,50.0,61.3,1200.0,5.1
HLY_RN,2026-07-21,1.0,0.0,5.767499999999998,0.0,5.767499999999998,3.9737500000000003,3.409791666666667,0.5639583333333332,1,0,1,5.767499999999998,0.0,100.0,99.99,102.0,1.0,2448.0,0.0
HMNG_ESS_RN,2026-07-21,6.2,-7.0,37.47100000000002,44.82600000000001,82.29700000000003,56.87625,47.418749999999996,9.4575,18,6,24,92.40900000000002,-10.112,75.0,3.05,100.0,13.2,2400.0,0.5
HNY_COMB_RN,2026-07-21,0.0,0.0,0.0,0.0,0.0,21.923333333333332,23.019166666666667,-1.0958333333333339,0,0,0,0.0,0.0,0.0,0.0,61.5,0.0,1476.0,0.0
HOLCOMB_RN1,2026-07-21,0.0,0.0,0.0,0.0,0.0,35.21041666666667,38.1846875,-2.9742708333333336,0,0,0,0.0,0.0,0.0,0.0,9.9,0.0,237.60000000000002,0.0
HOUSEMTN_RN,2026-07-21,98.1,-54.1,3707.6549999999993,122.38225000000006,3830.0372499999994,54.63999999999999,40.04260416666667,14.597395833333332,21,3,24,3894.5099999999998,-64.47274999999996,87.5,8.63,60.0,152.2,1440.0,10.6
HRMS_SLR_RN,2026-07-21,1.0,-1.0,23.84,0.9350000000000023,24.775000000000002,5.595833333333334,4.214166666666666,1.3816666666666666,2,0,2,24.775000000000002,0.0,100.0,99.99,100.0,2.0,2400.0,0.1
HV_BESS1_RN,2026-07-21,71.0,-1.0,1980.875,3.634999999999998,1984.5100000000002,40.27583333333333,30.926875,9.348958333333334,7,1,8,1994.4350000000002,-9.924999999999997,87.5,28.71,0.0,72.0,0.0,0.0
HWY6_RN,2026-07-21,0.0,-1.0,0.0,0.7750000000000021,0.7750000000000021,0.98875,0.9564583333333333,0.03229166666666675,1,0,1,0.7750000000000021,0.0,100.0,99.99,9.9,1.0,237.60000000000002,0.4
HYDR_ESS_RN,2026-07-21,0.0,-23.400000000000002,0.0,87.77400000000003,87.77400000000003,6.714166666666666,5.458125,1.2560416666666667,4,1,5,88.03050000000002,-0.25649999999999695,80.0,85.8,200.0,23.400000000000002,4800.0,0.5
IND_INADALE1,2026-07-21,121.60000000000001,-9.6,-34.49700000000011,42.13800000000002,7.640999999999913,54.085,43.89447916666666,10.190520833333332,16,6,22,122.33075000000002,-114.6897500000001,72.7,0.4,9.9,131.20000000000002,237.60000000000002,55.2
INRT_W_ALL,2026-07-21,1646.5,-9.7,4003.025500000001,67.07424999999999,4070.099750000001,54.07583333333333,44.005937499999995,10.069895833333332,18,6,24,4293.943,-223.8432499999993,75.0,6.39,13.0,1656.2,312.0,530.8
JADE_SLR_ALL,2026-07-21,35.4,-6.9,171.38799999999998,55.43900000000001,226.82699999999997,54.138749999999995,43.9690625,10.1696875,18,6,24,240.96849999999995,-14.1415,75.0,5.68,81.9,42.3,1965.6000000000001,2.2
JAG_SLR_RN,2026-07-21,2.6,-2.2,6.686,52.94,59.626,50.7175,38.29541666666667,12.422083333333333,19,5,24,67.7565,-8.130500000000003,79.2,2.19,150.0,4.800000000000001,3600.0,0.1
JAR_RN,2026-07-21,4.300000000000001,-1.0,29.260500000000004,61.880500000000005,91.141,46.740833333333335,29.007500000000004,17.733333333333334,19,5,24,91.78800000000001,-0.6470000000000007,79.2,37.33,156.0,5.300000000000001,3744.0,0.1
JC_BAT_RN,2026-07-21,4.1000000000000005,-7.0,13.190749999999998,32.22399999999999,45.41475,55.76416666666666,46.671666666666674,9.092499999999998,19,5,24,57.95324999999998,-12.538499999999996,79.2,1.22,1.2,11.100000000000001,28.799999999999997,38.5
JDKNS_RN,2026-07-21,0.0,-9.0,0.0,242.76999999999998,242.76999999999998,5.497083333333333,4.2259375,1.2711458333333334,5,0,5,242.76999999999998,0.0,100.0,99.99,9.9,9.0,237.60000000000002,3.8
JUNCTION_RN,2026-07-21,204.4,-73.0,2717.76075,385.02599999999984,3102.7867499999993,59.08583333333333,49.970625000000005,9.11520833333333,20,4,24,4775.81325,-1673.0265000000004,83.3,0.57,9.9,277.4,237.60000000000002,116.8
JUNORTH_RN,2026-07-21,121.60000000000001,-13.0,661.4832499999999,-90.35250000000003,571.13075,19.229166666666668,19.557604166666668,-0.3284375000000012,11,2,13,2257.4900000000002,-1686.3592500000002,84.6,0.24,9.9,134.60000000000002,237.60000000000002,56.6
KEG_RN,2026-07-21,1.0,-1.0,-1.2274999999999991,3.552500000000002,2.325000000000003,2.0075000000000003,1.9106250000000002,0.09687500000000011,1,1,2,3.552500000000002,-1.2274999999999991,50.0,2.89,160.0,2.0,3840.0,0.1
KNAPP_RN,2026-07-21,4.0,-33.0,67.59750000000001,512.5849999999999,580.1825,13.88,10.90875,2.971250000000001,14,1,15,692.225,-112.04249999999999,93.3,0.44,0.0,37.0,0.0,0.0
LANTANA_RN,2026-07-21,2.6,-2.7,3.8192499999999985,-11.740499999999997,-7.921249999999998,32.71041666666667,34.19145833333334,-1.4810416666666661,13,10,23,10.556750000000005,-18.478,56.5,0.44,9.9,5.300000000000001,237.60000000000002,2.2
LAUR_BESS_RN,2026-07-21,12.4,-2.2,51.82549999999997,-19.395500000000002,32.42999999999997,32.032916666666665,35.478854166666665,-3.4459375000000008,10,13,23,56.030499999999975,-23.600500000000004,43.5,3.09,9.8,14.600000000000001,235.20000000000002,6.2
LBRA_BES1,2026-07-21,10.2,-2.0,532.09575,62.10150000000001,594.1972499999998,50.92875,36.60854166666667,14.320208333333333,18,5,23,652.5844999999999,-58.387250000000016,78.3,3.1,200.0,12.2,4800.0,0.3
LEAKEY_RN,2026-07-21,0.0,0.0,0.0,0.0,0.0,1.2979166666666666,1.13375,0.16416666666666657,0,0,0,0.0,0.0,0.0,0.0,0.0,0.0,0.0,0.0
LFSTH_RN,2026-07-21,3.8000000000000003,-3.0,22.89,84.114,107.004,56.934583333333336,44.119166666666665,12.815416666666666,20,4,24,115.8075,-8.803499999999998,83.3,2.63,9.9,6.800000000000001,237.60000000000002,2.9
LIGSW_RN,2026-07-21,4.1000000000000005,-1.0,18.6345,30.329,48.9635,57.49125,47.608645833333334,9.882604166666667,19,5,24,58.322500000000005,-9.359000000000004,79.2,1.64,9.8,5.1000000000000005,235.20000000000002,2.2
LILY_RN,2026-07-21,19.9,-3.7,121.70674999999997,127.81050000000002,249.51725,60.010416666666664,44.676874999999995,15.333541666666667,19,5,24,302.20825,-52.69100000000002,79.2,1.51,50.0,23.599999999999998,1200.0,2.0
LK_RN,2026-07-21,0.0,-12.0,0.0,5.294999999999995,5.294999999999995,3.2079166666666663,4.988645833333334,-1.7807291666666671,4,2,6,11.985,-6.690000000000005,66.7,0.9,9.9,12.0,237.60000000000002,5.1
LMO_ESR_RN,2026-07-21,3.4000000000000004,-2.0,14.178500000000003,31.01599999999999,45.1945,55.67625,45.14239583333333,10.533854166666666,17,5,22,55.58449999999999,-10.390000000000002,77.3,1.57,100.0,5.4,2400.0,0.2
LONESTAR_RN,2026-07-21,0.0,-1.0,0.0,6.155000000000001,6.155000000000001,1.4129166666666666,1.08625,0.3266666666666665,1,0,1,6.155000000000001,0.0,100.0,99.99,9.9,1.0,237.60000000000002,0.4
LON_RN1,2026-07-21,4.300000000000001,-52.6,20.530250000000002,179.41449999999998,199.94474999999997,49.69208333333333,36.30822916666667,13.383854166666666,19,5,24,205.43474999999995,-5.489999999999995,79.2,9.85,174.0,56.900000000000006,4176.0,1.4
LOWR_ESS_RN,2026-07-21,3.3000000000000003,-3.2,-0.20625000000000016,-28.185250000000007,-28.391500000000008,32.0225,35.6121875,-3.5896875,11,12,23,7.098750000000001,-35.49025,47.8,0.22,60.0,6.5,1440.0,0.5
LUCKYBLU_RN,2026-07-21,1.0,-10.0,120.46,8.030000000000001,128.49,7.954583333333333,2.935416666666667,5.019166666666666,3,2,5,135.89499999999998,-7.405000000000001,60.0,12.23,100.0,11.0,2400.0,0.5
LYNX_ESS_RN,2026-07-21,0.0,-3.0,0.0,7.992499999999996,7.992499999999996,5.180833333333333,4.952604166666667,0.22822916666666634,3,0,3,7.992499999999996,0.0,100.0,99.99,75.0,3.0,1800.0,0.2
LYSSY_RN,2026-07-21,155.5,-2.2,2907.8999999999996,38.568000000000005,2946.468,50.36541666666667,37.9125,12.452916666666667,19,5,24,3065.122,-118.65399999999994,79.2,6.8,0.0,157.7,0.0,0.0
L_FRE_ESR_RN,2026-07-21,2.4000000000000004,-57.9,1.9815000000000005,-143.64875000000006,-141.66725000000005,31.995,35.509375,-3.5143750000000007,11,13,24,46.57624999999997,-188.24350000000004,45.8,0.29,9.9,60.3,237.60000000000002,25.4
MADERO_RN,2026-07-21,1.0,0.0,4.357499999999998,0.0,4.357499999999998,3.1316666666666664,2.776979166666667,0.3546874999999998,1,0,1,4.357499999999998,0.0,100.0,99.99,100.0,1.0,2400.0,0.0
MAINLAND_RN,2026-07-21,4.300000000000001,-2.0,23.64825,56.1915,79.83975000000001,49.935,34.85947916666667,15.075520833333334,20,4,24,83.07325,-3.2335000000000007,83.3,5.14,9.9,6.300000000000001,237.60000000000002,2.7
MEDILA_RN,2026-07-21,147.7,-3.8000000000000003,3915.33025,70.545,3985.87525,54.74041666666667,38.71822916666667,16.0221875,17,5,22,4093.79875,-107.92349999999999,77.3,11.16,0.0,151.5,0.0,0.0
MEDINA1_RN,2026-07-21,0.0,0.0,0.0,0.0,0.0,1.2541666666666667,1.0867708333333332,0.1673958333333334,0,0,0,0.0,0.0,0.0,0.0,0.0,0.0,0.0,0.0
MESQUITE_RN,2026-07-21,0.0,0.0,0.0,0.0,0.0,5.225416666666667,7.124479166666667,-1.8990625,0,0,0,0.0,0.0,0.0,0.0,9.9,0.0,237.60000000000002,0.0
MESQUITE_RN2,2026-07-21,0.0,0.0,0.0,0.0,0.0,3.5762500000000004,3.318541666666667,0.25770833333333326,0,0,0,0.0,0.0,0.0,0.0,0.0,0.0,0.0,0.0
MIDP_SLR_RN,2026-07-21,20.400000000000002,-68.7,11.47625,-63.454750000000004,-51.9785,41.83416666666667,31.77270833333333,10.061458333333334,13,11,24,190.4085,-242.38700000000003,54.2,0.66,50.0,89.10000000000001,1200.0,7.4
MIDWY_RN,2026-07-21,0.0,-8.0,0.0,13.392499999999998,13.392499999999998,2.3558333333333334,1.9940625,0.3617708333333332,5,0,5,13.392499999999998,0.0,100.0,99.99,9.9,8.0,237.60000000000002,3.4
MILTON_RN,2026-07-21,63.3,-2.2,1494.33775,38.664,1533.00175,48.83708333333333,38.5159375,10.321145833333333,18,5,23,1620.1507499999998,-87.14899999999994,78.3,5.16,0.0,65.5,0.0,0.0
MNWL_BESS_RN,2026-07-21,5.5,-10.0,74.16825,60.82649999999999,134.99474999999998,74.78208333333333,55.976875,18.805208333333333,19,5,24,153.20524999999998,-18.210500000000007,79.2,2.21,9.9,15.5,237.60000000000002,6.5
MOORE_FL_RN,2026-07-21,41.8,-3.4000000000000004,-770.3354999999999,-28.975,-799.3104999999998,31.615,35.67989583333333,-4.064895833333334,9,13,22,39.98174999999999,-839.2922499999999,40.9,0.07,9.9,45.199999999999996,237.60000000000002,19.0
MUENSTER_RN,2026-07-21,140.6,-1.0,2935.6752500000002,0.7699999999999996,2936.4452499999998,55.657916666666665,45.193437499999995,10.464479166666669,14,1,15,2937.37025,-0.9249999999999758,93.3,226.82,9.9,141.6,237.60000000000002,59.6
MUSTNGCK_ALL,2026-07-21,460.9,-65.3,1231.2440000000001,296.2747499999999,1527.51875,42.46208333333333,32.9925,9.469583333333333,19,5,24,1656.508,-128.98924999999988,79.2,3.38,71.0,526.1999999999999,1704.0,30.9
MU_RN,2026-07-21,26.3,-30.900000000000002,1029.24825,94.48175000000003,1123.73,50.87833333333333,37.57083333333333,13.3075,19,5,24,1143.04075,-19.31075000000002,79.2,15.58,9.9,57.2,237.60000000000002,24.1
MV_VALV4_RN,2026-07-21,2.3000000000000003,-4.2,1.38775,-27.13575,-25.748,32.01291666666666,35.615520833333335,-3.602604166666666,11,12,23,8.173250000000001,-33.92125,47.8,0.26,9.9,6.5,237.60000000000002,2.7
MYRY_BES2_RN,2026-07-21,2.3000000000000003,-3.0000000000000004,1.4177499999999985,-27.726250000000007,-26.30850000000001,31.955833333333334,35.73552083333333,-3.7796875,11,12,23,6.6232500000000005,-32.93175000000001,47.8,0.22,9.9,5.300000000000001,237.60000000000002,2.2
MYRY_ESR_RN,2026-07-21,0.0,0.0,0.0,0.0,0.0,2.5508333333333333,2.3937500000000003,0.15708333333333316,0,0,0,0.0,0.0,0.0,0.0,9.9,0.0,237.60000000000002,0.0
MYR_ALL,2026-07-21,24.0,-21.4,218.23499999999999,53.963249999999995,272.19825,21.800833333333333,15.268749999999999,6.532083333333333,15,4,19,277.96175,-5.76350000000001,78.9,12.86,76.3,45.4,1831.1999999999998,2.5
NCO_RN,2026-07-21,3.9000000000000004,-17.0,17.48525,76.27050000000001,93.75575,49.86666666666667,37.23802083333333,12.628645833333332,19,5,24,100.14625000000001,-6.390500000000002,79.2,4.12,38.8,20.9,931.1999999999999,2.2
NEDIN_RN,2026-07-21,1.0,0.0,-16.455,0.0,-16.455,2.191666666666667,2.902916666666666,-0.7112499999999998,0,1,1,0.0,-16.455,0.0,0.0,0.0,1.0,0.0,0.0
NF_BRP_RN,2026-07-21,322.1,-56.0,-2052.2050000000004,-498.8725000000001,-2551.0775000000003,59.00125,86.63572916666668,-27.634479166666665,14,10,24,2554.721,-5105.7985,58.3,0.36,100.5,378.1,2412.0,15.7
NOBLESLR_ALL,2026-07-21,1088.0,-19.2,8172.083000000002,44.47099999999997,8216.554000000002,41.34875,34.232395833333335,7.116354166666667,13,5,18,8775.94225,-559.3882499999997,72.2,6.03,62.5,1107.2,1500.0,73.8
NWF_NWF1,2026-07-21,140.1,-10.7,4224.85775,51.84100000000001,4276.69875,55.30125,44.08802083333333,11.213229166666666,21,3,24,5476.95875,-1200.2599999999998,87.5,0.65,3.0,150.79999999999998,72.0,209.4
N_AL_BESS_RN,2026-07-21,2.3000000000000003,-3.2,1.4197500000000005,-28.5695,-27.14975,31.989166666666666,35.6325,-3.643333333333333,11,12,23,6.953250000000002,-34.10300000000001,47.8,0.22,9.9,5.5,237.60000000000002,2.3
N_MRD_ESR_RN,2026-07-21,2.4000000000000004,-2.6,1.4580000000000013,-27.41325,-25.95525,31.932083333333335,35.56072916666667,-3.6286458333333322,10,12,22,6.212500000000002,-32.16775,45.5,0.23,9.9,5.0,237.60000000000002,2.1
ODESW_RN,2026-07-21,3.2,-171.2,13.418500000000002,705.9825000000001,719.4010000000001,55.29749999999999,43.789479166666666,11.508020833333333,20,3,23,726.8875,-7.486500000000002,87.0,14.56,10.0,174.39999999999998,240.0,72.7
OLMITO_RN,2026-07-21,8.100000000000001,-55.8,33.38425000000001,102.2775,135.66175000000004,36.36666666666667,35.524166666666666,0.8425000000000011,14,9,23,338.0112500000001,-202.3495,60.9,1.07,0.0,63.9,0.0,0.0
OLNEYTN_RN,2026-07-21,56.0,-16.5,5656.095000000001,50.74525000000001,5706.840250000001,69.55541666666666,24.7746875,44.78072916666667,19,2,21,5739.0427500000005,-32.2025,90.5,18.76,9.9,72.5,237.60000000000002,30.5
OR_BESS_RN,2026-07-21,0.0,-6.0,0.0,5.549999999999997,5.549999999999997,0.0,0.0,0.0,2,1,3,5.829999999999998,-0.28000000000000114,66.7,10.41,9.9,6.0,237.60000000000002,2.5
PAD1_ESS_RN,2026-07-21,4.300000000000001,-9.0,64.04650000000001,319.90950000000004,383.956,62.24916666666667,37.3490625,24.900104166666665,20,4,24,388.64850000000007,-4.692500000000001,83.3,16.56,50.0,13.3,1200.0,1.1
PAD2_ESS_RN,2026-07-21,0.0,0.0,0.0,0.0,0.0,4.252916666666667,4.914375000000001,-0.6614583333333335,0,0,0,0.0,0.0,0.0,0.0,150.0,0.0,3600.0,0.0
PALACIOS_RN,2026-07-21,39.4,-67.9,850.19575,363.0187499999999,1213.2145,41.970416666666665,32.22385416666666,9.746562499999998,19,5,24,1228.5189999999998,-15.304500000000015,79.2,21.12,9.0,107.30000000000001,216.0,49.7
PALE_ESS_EN,2026-07-21,0.0,-22.700000000000003,0.0,40.44749999999998,40.44749999999998,4.672916666666667,6.328958333333333,-1.6560416666666669,3,2,5,43.06349999999996,-2.61599999999999,60.0,10.97,200.0,22.700000000000003,4800.0,0.5
PAULN_RN,2026-07-21,3.8000000000000003,-1.0,21.319499999999998,38.91250000000001,60.232,56.28333333333333,43.73500000000001,12.548333333333332,19,5,24,69.3845,-9.1525,79.2,1.99,9.9,4.800000000000001,237.60000000000002,2.0
PAVLOV_BT_RN,2026-07-21,3.5000000000000004,-21.8,9.401500000000002,91.2145,100.616,43.74041666666667,32.574999999999996,11.165416666666667,19,5,24,111.45399999999998,-10.837999999999994,79.2,2.71,9.9,25.3,237.60000000000002,10.6
PAVO_ESS_ALL,2026-07-21,62.199999999999996,-30.4,449.30049999999994,12.438499999999948,461.7389999999999,9.51,7.734270833333333,1.7757291666666664,8,1,9,466.05099999999993,-4.312000000000017,88.9,13.51,87.5,92.6,2100.0,4.4
PEARSALL_RN,2026-07-21,3.0,-5.0,4.460000000000001,2.0350000000000037,6.4950000000000045,1.94625,1.9042708333333334,0.04197916666666668,3,3,6,20.382500000000004,-13.8875,50.0,1.47,9.9,8.0,237.60000000000002,3.4
PHO_ALL,2026-07-21,28.6,-5.4,79.2035,59.243,138.44650000000001,44.4675,30.843541666666667,13.623958333333334,18,6,24,166.36,-27.9135,75.0,1.99,150.0,34.0,3600.0,0.9
PINEFRST_RN,2026-07-21,27.200000000000003,-1.0,183.15125,33.494,216.64524999999998,58.01458333333333,47.11666666666667,10.897916666666665,18,6,24,229.88025000000005,-13.235000000000007,75.0,5.79,200.0,28.200000000000003,4800.0,0.6
PIN_BESS_RN,2026-07-21,0.0,0.0,0.0,0.0,0.0,1.3116666666666668,1.1004166666666666,0.21125000000000002,0,0,0,0.0,0.0,0.0,0.0,175.0,0.0,4200.0,0.0
PIRATE_RN,2026-07-21,212.6,-2.5,-4.7029999999999745,-0.8509999999999991,-5.5540000000000305,35.094166666666666,34.4028125,0.6913541666666667,15,9,24,627.255,-632.809,62.5,0.59,9.8,215.1,235.20000000000002,91.5
PLATINUM_RN,2026-07-21,4.8,-1.0,30.255500000000005,33.6095,63.865,57.8975,47.01208333333333,10.885416666666666,18,6,24,73.2615,-9.396500000000001,75.0,2.6,143.8,5.8,3451.2000000000003,0.2
POTEETS_RN,2026-07-21,3.3000000000000003,-14.8,18.301750000000002,265.6145,283.91625,52.423750000000005,36.244375,16.179374999999997,20,4,24,289.14025,-5.224,83.3,11.07,9.9,18.1,237.60000000000002,7.6
POTSVIL_RN,2026-07-21,327.6,-47.8,-679.3590000000002,128.92549999999994,-550.4335000000001,64.67958333333333,72.17364583333334,-7.494062500000001,14,10,24,1305.9434999999999,-1856.3770000000002,58.3,0.5,9.9,375.40000000000003,237.60000000000002,158.0
PRCRK_RN,2026-07-21,4.8,-2.0,30.166000000000004,46.43500000000001,76.60100000000001,60.72541666666667,45.953854166666666,14.771562500000002,18,6,24,87.521,-10.919999999999998,75.0,2.67,9.9,6.8,237.60000000000002,2.9
PTLBES_BESS1,2026-07-21,146.3,-19.0,522.6637499999999,190.77075000000002,713.4345,38.86875,32.56302083333333,6.305729166666668,18,6,24,734.5094999999999,-21.07500000000003,75.0,11.62,3.0,165.3,72.0,229.6
PYR_PYRON1,2026-07-21,640.5,-6.1,7206.65525,13.30599999999999,7219.9612499999985,54.085,43.89447916666666,10.190520833333332,18,6,24,8391.47775,-1171.5164999999997,75.0,2.39,15.1,646.6,362.4,178.4
QUEEN_BA_RN,2026-07-21,91.5,-10.8,243.25699999999995,57.31475000000001,300.57174999999995,55.08958333333334,42.27229166666667,12.817291666666668,21,3,24,308.70575,-8.134,87.5,5.42,50.0,102.3,1200.0,8.5
RADN_SLR_ALL,2026-07-21,99.2,-20.0,272.8469999999999,54.17249999999998,327.0194999999999,54.70249999999999,43.39781249999999,11.3046875,20,4,24,348.52049999999986,-21.50100000000001,83.3,3.24,81.9,119.2,1965.6000000000001,6.1
RBN_BESS1,2026-07-21,4.0,-3.0,23.280999999999995,32.5515,55.832499999999996,55.14416666666667,44.90770833333334,10.236458333333333,15,5,20,66.03949999999999,-10.207000000000003,75.0,2.16,28.0,7.0,672.0,1.0
RHESS2_ESS1,2026-07-21,36.1,-184.6,-33.019250000000056,-4627.0845,-4660.10375,8.370833333333334,7.816354166666667,0.5544791666666667,8,10,18,638.6655000000001,-5298.769249999999,44.4,0.15,9.8,220.7,235.20000000000002,93.8
RIOG_ESR2_RN,2026-07-21,1.8,-3.8000000000000003,-0.09549999999999986,-18.646000000000004,-18.741500000000002,31.464583333333334,36.16916666666666,-4.704583333333333,7,16,23,9.900499999999997,-28.642,30.4,0.79,0.0,5.6000000000000005,0.0,0.0
RIOG_ESR_RN,2026-07-21,0.0,-13.0,0.0,-56.33749999999999,-56.33749999999999,4.322916666666667,5.4894791666666665,-1.1665624999999997,4,8,12,6.100000000000001,-62.43749999999999,33.3,0.2,9.9,13.0,237.60000000000002,5.5
RN_BY_ESR1,2026-07-21,1.0,0.0,91.78,0.0,91.78,7.099166666666666,3.275,3.8241666666666667,1,0,1,91.78,0.0,100.0,99.99,0.0,1.0,0.0,0.0
RN_PAD3_ESS,2026-07-21,0.0,-1.0,0.0,1.375,1.375,4.370833333333334,5.147395833333333,-0.7765625000000002,1,0,1,1.375,0.0,100.0,99.99,200.0,1.0,4800.0,0.0
RN_QTUM_SLR,2026-07-21,2494.4,-1.0,11628.4915,0.4700000000000024,11628.9615,18.493750000000002,15.746249999999998,2.7475,10,3,13,12592.884750000001,-963.9232500000012,76.9,3.92,160.0,2495.4,3840.0,65.0
RN_RHN_ESR,2026-07-21,1.0,0.0,0.125,0.0,0.125,2.5775,1.9851041666666667,0.5923958333333332,1,0,1,0.125,0.0,100.0,99.99,200.0,1.0,4800.0,0.0
RN_SOLC_SLR,2026-07-21,2501.8,-6.0,8898.801749999999,-16.904999999999973,8881.896749999998,18.101666666666667,15.857083333333334,2.2445833333333334,10,3,13,9945.57725,-1063.6805000000004,76.9,2.81,160.0,2507.8,3840.0,65.3
ROSELAND_ALL,2026-07-21,544.5,-71.4,7114.831,-43.73700000000004,7071.094,52.03666666666667,39.4028125,12.633854166666666,19,5,24,7262.4492500000015,-191.35525000000018,79.2,9.99,50.0,615.9,1200.0,51.3
RPUBRDS_RN,2026-07-21,4.9,-13.0,-26.85525,-41.52200000000001,-68.37725000000002,59.375,59.884791666666665,-0.5097916666666675,14,10,24,97.66475,-166.04200000000003,58.3,0.42,39.5,17.9,948.0,1.9
RRANCHES_ALL,2026-07-21,456.7,-304.2,22951.542999999998,458.49424999999974,23410.037249999998,55.27666666666667,44.53916666666667,10.737499999999999,20,3,23,24095.027,-684.9897500000002,87.0,5.28,150.0,760.9,3600.0,21.1
RRC_WIND_ALL,2026-07-21,46.7,-6.3,53.494250000000044,47.061,100.55525000000004,51.40041666666667,40.464375,10.936041666666666,17,6,23,158.78625000000005,-58.23100000000001,73.9,0.96,75.0,53.0,1800.0,2.9
RTLSNAKE_BT,2026-07-21,4.2,-9.4,11.938500000000001,45.852500000000006,57.791,55.25791666666667,44.66166666666667,10.59625,20,3,23,66.9145,-9.1235,87.0,1.1,9.9,13.600000000000001,237.60000000000002,5.7
RUSSEKST_RN,2026-07-21,58.9,-63.1,683.0262500000001,588.0042500000001,1271.0305,58.9475,42.29447916666667,16.653020833333333,22,2,24,1514.2100000000003,-243.17950000000002,91.7,0.57,9.9,122.0,237.60000000000002,51.3
RVN_RN,2026-07-21,0.0,0.0,0.0,0.0,0.0,39.456,43.9105,-4.454499999999999,0,0,0,0.0,0.0,0.0,0.0,0.0,0.0,0.0,0.0
RVRVLYS_ALL,2026-07-21,3.0,-2.2,8.3555,59.918000000000006,68.2735,53.41583333333333,38.53208333333333,14.883750000000001,16,5,21,74.95599999999999,-6.682500000000002,76.2,3.51,50.0,5.2,1200.0,0.4
SADLBACK_RN,2026-07-21,3.0,-25.4,11.5615,99.71099999999996,111.27249999999997,55.26208333333333,44.45302083333333,10.809062500000001,19,3,22,119.03049999999996,-7.758000000000001,86.4,2.42,9.9,28.4,237.60000000000002,12.0
SAH_RN,2026-07-21,0.0,0.0,0.0,0.0,0.0,0.0,0.0,0.0,0,0,0,0.0,0.0,0.0,0.0,200.0,0.0,4800.0,0.0
SANDLAKE_RN,2026-07-21,5.0,-4.0,19.984999999999992,24.064999999999998,44.04999999999999,4.3845833333333335,3.7731250000000003,0.6114583333333332,4,0,4,44.04999999999999,0.0,100.0,99.99,9.9,9.0,237.60000000000002,3.8
SBEAN_BESS,2026-07-21,0.0,-1.0,0.0,4.134999999999998,4.134999999999998,2.53875,2.040104166666667,0.49864583333333307,1,0,1,4.134999999999998,0.0,100.0,99.99,9.9,1.0,237.60000000000002,0.4
SEVNF_ES_RN,2026-07-21,257.8,-18.0,-2141.33425,-282.29749999999996,-2423.6317499999996,31.37,37.79989583333333,-6.429895833333333,8,16,24,616.3962500000001,-3040.028,33.3,0.41,100.0,275.8,2400.0,11.5
SGSA_DGR,2026-07-21,27.599999999999998,-3.0,144.63225,-32.9325,111.69975,7.550416666666667,6.0910416666666665,1.4593750000000003,3,1,4,155.97725000000003,-44.2775,75.0,1.17,9.9,30.599999999999998,237.60000000000002,12.9
SG_BES_BESS1,2026-07-21,484.79999999999995,-212.4,35176.93375,818.737,35995.67075,55.02333333333333,32.39989583333333,22.623437499999998,20,4,24,36268.764749999995,-273.094,83.3,26.56,100.0,697.1999999999999,2400.0,29.0
SHAMROCK_RN,2026-07-21,920.9,-11.5,5379.667,101.36125000000001,5481.02825,54.750416666666666,41.76229166666666,12.988124999999998,21,3,24,5568.3322499999995,-87.304,87.5,9.11,99.3,932.4,2383.2,39.1
SHEEPCRK_1,2026-07-21,106.8,-5.3,387.8100000000001,19.538,407.3480000000001,29.4325,23.418229166666666,6.014270833333335,10,6,16,689.5117500000001,-282.16375,62.5,1.47,130.0,112.1,3120.0,3.6
SLCN_ESS_ALL,2026-07-21,46.4,-2.0,134.86075000000002,73.15350000000001,208.01425000000003,54.45875,38.030520833333334,16.428229166666668,18,4,22,214.52475,-6.510499999999998,81.8,7.32,50.0,48.4,1200.0,4.0
SLK_BESS_RN,2026-07-21,0.0,-1.0,0.0,6.342500000000001,6.342500000000001,1.5579166666666666,1.2936458333333334,0.2642708333333334,1,0,1,6.342500000000001,0.0,100.0,99.99,200.0,1.0,4800.0,0.0
SMTH_ESS_RN,2026-07-21,4.8,-8.0,31.36099999999999,56.199,87.55999999999999,58.105,45.141979166666665,12.963020833333331,18,6,24,96.934,-9.374000000000002,75.0,3.45,97.0,12.8,2328.0,0.5
SNY_BESS_RN,2026-07-21,97.7,-58.3,435.6652499999998,162.70324999999994,598.3684999999997,55.45666666666667,44.077916666666674,11.378749999999998,21,3,24,608.3494999999997,-9.981000000000012,87.5,8.71,9.9,156.0,237.60000000000002,65.7
SPTX12B_RN,2026-07-21,102.5,-59.4,646.245,94.39049999999995,740.6355,14.57125,12.045729166666666,2.525520833333333,13,3,16,750.8755000000001,-10.240000000000034,81.2,16.92,22.1,161.9,530.4000000000001,30.5
SP_RN,2026-07-21,19.4,-2.0,83.941,46.054500000000004,129.9955,53.17333333333334,40.779270833333335,12.394062499999999,19,5,24,140.0845,-10.088999999999979,79.2,3.65,9.9,21.4,237.60000000000002,9.0
SROSA_ESR_RN,2026-07-21,2.6,-3.9000000000000004,1.9787500000000027,-30.466499999999996,-28.487749999999995,31.697083333333335,35.4546875,-3.757604166666665,9,14,23,6.1532500000000026,-34.641,39.1,0.28,9.9,6.5,237.60000000000002,2.7
STADIUM_RN,2026-07-21,0.0,-4.0,0.0,6.2925,6.2925,3.48625,3.531458333333333,-0.04520833333333322,2,1,3,6.807500000000001,-0.5150000000000006,66.7,6.61,9.9,4.0,237.60000000000002,1.7
STAM_SLR_ALL,2026-07-21,21.9,-4.4,79.39274999999999,50.42400000000004,129.81675000000004,24.264166666666668,21.8821875,2.381979166666667,10,4,14,220.36675000000002,-90.55,71.4,0.97,70.0,26.299999999999997,1680.0,1.6
STRG_SLR_ALL,2026-07-21,16.6,-56.0,121.13450000000002,663.666,784.8005,51.27041666666667,36.699895833333336,14.570520833333333,18,6,24,807.3135000000001,-22.51300000000001,75.0,11.95,100.0,72.6,2400.0,3.0
SUNVASLR_ALL,2026-07-21,417.90000000000003,-5.3,3070.47725,50.89575000000001,3121.3729999999996,49.598749999999995,37.923854166666665,11.674895833333332,19,5,24,3502.2507499999997,-380.87775,79.2,2.42,50.0,423.20000000000005,1200.0,35.3
SWOOSE1_U1,2026-07-21,9.5,-11.0,188.33225000000002,47.4375,235.76975000000004,55.28458333333333,44.38,10.904583333333333,20,3,23,246.15900000000002,-10.389250000000004,87.0,3.55,9.9,20.5,237.60000000000002,8.6
SWOOSEII_RN,2026-07-21,1.0,-19.2,-0.927500000000002,87.52799999999999,86.60049999999998,1.9104166666666664,1.6921875,0.21822916666666656,2,1,3,87.52799999999999,-0.927500000000002,66.7,47.18,100.0,20.2,2400.0,0.8
SWT_BESS_RN,2026-07-21,3.9000000000000004,-15.0,21.826,45.873999999999995,67.7,56.50125,44.567499999999995,11.933750000000002,22,2,24,77.53550000000001,-9.835500000000012,91.7,0.72,9.9,18.9,237.60000000000002,8.0
TANZ_ESS_RN,2026-07-21,3.0,0.0,99.06250000000001,0.0,99.06250000000001,9.823333333333334,5.695729166666666,4.127604166666667,2,1,3,99.47000000000003,-0.4075000000000024,66.7,122.05,0.0,3.0,0.0,0.0
TBWF_ES_BES1,2026-07-21,114.89999999999999,-27.099999999999998,3136.6577499999994,20.793250000000025,3157.4509999999996,31.673333333333332,22.616354166666667,9.056979166666666,12,1,13,3160.582999999999,-3.131999999999995,92.3,84.09,150.0,142.0,3600.0,3.9
TDWLPR_1_RN,2026-07-21,3.8000000000000003,-2.6,8.6095,44.926,53.535500000000006,53.747083333333336,41.13104166666667,12.616041666666666,17,5,22,63.46950000000001,-9.934000000000001,77.3,1.88,100.0,6.4,2400.0,0.3
TNFS_RN,2026-07-21,22.0,-2.0,3103.43,2.559999999999974,3105.99,8.612916666666667,2.735208333333333,5.8777083333333335,2,0,2,3105.99,0.0,100.0,99.99,9.9,24.0,237.60000000000002,10.1
TORR_ALL,2026-07-21,357.7,-57.1,-3671.9437500000004,-534.4857499999999,-4206.4295,27.757916666666663,32.89416666666667,-5.1362499999999995,7,14,21,828.5299999999996,-5034.9595,33.3,0.33,1.0,414.8,24.0,1728.3
TORT_ESS_RN,2026-07-21,0.0,-1.0,0.0,4.414999999999999,4.414999999999999,5.415833333333334,5.385000000000001,0.030833333333333417,1,0,1,4.414999999999999,0.0,100.0,99.99,48.3,1.0,1159.1999999999998,0.1
TOYAH_RN,2026-07-21,2.0,-3.0,13.669999999999998,-36.225,-22.555000000000003,7.723333333333334,6.273229166666667,1.450104166666667,4,1,5,21.7225,-44.2775,80.0,0.12,9.9,5.0,237.60000000000002,2.1
TRIPBUT1_RN,2026-07-21,9.5,-15.8,476.813,330.18699999999995,806.9999999999999,54.510416666666664,35.67177083333333,18.83864583333333,18,4,22,831.7757499999999,-24.775750000000006,81.8,7.46,7.5,25.3,180.0,14.1
TSECA_ES_RN,2026-07-21,116.7,-1.0,5991.1005,1.370000000000001,5992.470499999999,21.924583333333334,14.352812499999999,7.571770833333332,4,0,4,5992.4705,0.0,100.0,99.99,100.0,117.7,2400.0,4.9
TURQ_BESS1,2026-07-21,9.5,-4.6000000000000005,-2.8597500000000053,86.49050000000004,83.63075000000003,58.20333333333334,45.73020833333334,12.473125000000001,18,6,24,143.00600000000003,-59.375250000000015,75.0,0.8,184.0,14.100000000000001,4416.0,0.3
TV_RN,2026-07-21,3.8000000000000003,-1.0,15.9035,39.82200000000001,55.72550000000001,53.20250000000001,41.593020833333334,11.609479166666667,19,5,24,63.834500000000006,-8.109,79.2,2.07,9.8,4.800000000000001,235.20000000000002,2.0
TYNAN_RN,2026-07-21,3.1,-1.7000000000000002,7.764249999999999,3.1964999999999977,10.960749999999997,38.156666666666666,36.21864583333333,1.9380208333333329,15,8,23,23.767,-12.80625,65.2,0.99,9.9,4.800000000000001,237.60000000000002,2.0
UTOPIA_RN,2026-07-21,278.4,0.0,7246.90525,0.0,7246.90525,53.41208333333333,38.647395833333334,14.764687499999999,16,4,20,7483.33875,-236.43350000000004,80.0,7.91,9.0,278.4,216.0,128.9
VERT_ESS_RN,2026-07-21,0.0,-1.0,0.0,-0.15749999999999886,-0.15749999999999886,0.9908333333333333,0.9973958333333334,-0.006562499999999953,0,1,1,0.0,-0.15749999999999886,0.0,0.0,200.0,1.0,4800.0,0.0
VORT_ALL_RN,2026-07-21,573.5,-3.5,4479.01425,36.55500000000001,4515.5692500000005,54.37625,44.43604166666666,9.940208333333336,18,6,24,4693.26075,-177.69149999999996,75.0,8.8,121.8,577.0,2923.2,19.7
WAL_RN,2026-07-21,3.0,-1.2000000000000002,8.9535,38.486000000000004,47.43950000000001,53.5675,42.6353125,10.932187500000003,16,5,21,56.64800000000001,-9.208499999999999,76.2,1.92,200.0,4.2,4800.0,0.1
WFTANK_ESS1,2026-07-21,19.5,-118.9,-44.6512500000002,-448.09075000000024,-492.7420000000004,31.492916666666662,37.50572916666667,-6.012812500000003,6,17,23,298.1724999999998,-790.9145000000002,26.1,1.07,150.0,138.4,3600.0,3.8
WIG_BESS_RN,2026-07-21,3.8000000000000003,-13.8,20.4905,70.2365,90.727,58.425000000000004,46.568958333333335,11.856041666666668,18,6,24,100.07650000000001,-9.349499999999999,75.0,3.57,120.0,17.6,2880.0,0.6
WLTC_ESR_RN,2026-07-21,2.4000000000000004,-4.2,3.5349999999999984,-9.597000000000007,-6.062000000000008,32.670833333333334,34.197187500000005,-1.5263541666666673,13,10,23,12.036999999999999,-18.099000000000007,56.5,0.51,9.9,6.6000000000000005,237.60000000000002,2.8
WOV_BESS_RN,2026-07-21,2.3,-36.8,14.16799999999999,126.69050000000001,140.85850000000002,1.5554166666666667,1.29875,0.25666666666666654,6,0,6,140.85850000000002,0.0,100.0,99.99,9.9,39.099999999999994,237.60000000000002,16.5
WRSBES_BESS1,2026-07-21,2.0,-31.0,1.442499999999999,88.29999999999998,89.74249999999998,3.9779166666666668,3.8882291666666666,0.08968749999999999,7,1,8,90.97999999999999,-1.2375000000000007,87.5,10.5,9.7,33.0,232.79999999999998,14.2
WR_RN,2026-07-21,5.300000000000001,-9.0,21.310000000000006,56.248000000000005,77.558,50.04291666666666,38.58302083333333,11.459895833333334,19,5,24,89.17050000000002,-11.6125,79.2,2.02,9.9,14.3,237.60000000000002,6.0
WZRD_ESS_RN,2026-07-21,5.4,-2.0,23.497500000000002,54.717999999999996,78.21549999999999,50.45916666666667,35.843333333333334,14.615833333333333,20,4,24,81.85849999999999,-3.6430000000000002,83.3,4.49,150.0,7.4,3600.0,0.2
W_HRL_ESR_RN,2026-07-21,2.6,-3.9000000000000004,1.9677500000000003,-29.608250000000005,-27.640500000000003,31.573333333333334,35.47354166666667,-3.900208333333334,9,14,23,7.337250000000001,-34.97775000000001,39.1,0.33,9.9,6.5,237.60000000000002,2.7
X443ESRN,2026-07-21,29.7,-25.0,808.2265,66.34749999999998,874.574,57.27791666666667,37.37927083333333,19.898645833333333,20,4,24,913.0894999999999,-38.51550000000003,83.3,4.74,10.0,54.7,240.0,22.8
Z0_DGR2_RN,2026-07-21,0.0,0.0,0.0,0.0,0.0,1.9566666666666663,1.8036458333333334,0.15302083333333316,0,0,0,0.0,0.0,0.0,0.0,9.9,0.0,237.60000000000002,0.0
ZIER_SLR_ALL,2026-07-21,1536.0,-61.9,7407.795749999999,1851.61575,9259.4115,51.560833333333335,36.919270833333336,14.641562500000001,18,6,24,9981.3405,-721.9290000000005,75.0,4.61,30.0,1597.9,720.0,221.9
ABINDUST_RN,2026-07-22,3.6,-13.5,-35.4155,42.456999999999994,7.041499999999996,65.94041666666666,71.94447916666667,-6.0040625,14,10,24,91.5095,-84.468,58.3,0.77,9.9,17.1,237.60000000000002,7.2
ADL_RN,2026-07-22,4.4,-7.800000000000001,28.47049999999999,-5.234500000000018,23.235999999999972,65.15208333333334,61.28239583333334,3.869687499999999,14,10,24,65.81699999999998,-42.58100000000002,58.3,1.1,60.0,12.200000000000001,1440.0,0.8
AE_RN,2026-07-22,63.400000000000006,-1.5,310.0322499999999,-9.840250000000006,300.19199999999995,60.318333333333335,60.91010416666666,-0.5917708333333339,14,10,24,450.78149999999994,-150.58950000000007,58.3,2.14,9.9,64.9,237.60000000000002,27.3
ALAMO_ST_RN,2026-07-22,0.0,0.0,0.0,0.0,0.0,0.0,0.0,0.0,0,0,0,0.0,0.0,0.0,0.0,9.9,0.0,237.60000000000002,0.0
ALP_BESS_RN,2026-07-22,3.6000000000000005,-11.6,-6.960250000000002,-479.46175000000005,-486.422,66.84833333333333,79.10479166666667,-12.256458333333333,10,13,23,47.45474999999999,-533.87675,43.5,0.12,100.3,15.2,2407.2,0.6
ALVIN_RN,2026-07-22,3.8000000000000003,-14.4,13.923250000000003,102.16825000000001,116.09150000000002,59.53041666666667,60.939166666666665,-1.4087499999999988,15,9,24,167.8705,-51.778999999999996,62.5,1.95,7.5,18.2,180.0,10.1
AMAD_ESS_RN,2026-07-22,37.4,0.0,138.33325000000002,0.0,138.33325000000002,2.4583333333333335,2.1501041666666665,0.3082291666666667,2,0,2,138.33325000000002,0.0,100.0,99.99,0.0,37.4,0.0,0.0
ANCHOR_ALL,2026-07-22,495.9,-54.0,6663.6365000000005,344.057,7007.6935,61.157916666666665,51.143125,10.014791666666666,19,5,24,9580.92875,-2573.2352499999997,79.2,0.98,36.3,549.9,871.1999999999999,63.1
ANDMDSLR_ALL,2026-07-22,51.400000000000006,-20.6,305.2355,97.76000000000002,402.99550000000005,63.375416666666666,56.59364583333333,6.781770833333334,17,7,24,477.6625,-74.66700000000003,70.8,2.63,81.9,72.0,1965.6000000000001,3.7
ANEM_ESS_RN,2026-07-22,301.5,-1.8000000000000003,2013.0242499999988,-71.65500000000002,1941.3692499999988,48.86166666666667,68.74010416666667,-19.8784375,4,16,20,2035.2052499999986,-93.83600000000001,20.0,86.76,200.0,303.3,4800.0,6.3
ANG_ALL,2026-07-22,1742.1,-43.9,9258.5005,-377.80449999999996,8880.696000000002,66.08125,67.90875,-1.8274999999999981,11,13,24,14806.864749999999,-5926.168749999998,45.8,2.95,100.0,1786.0,2400.0,74.4
ANOL_ESS_RN,2026-07-22,3.4000000000000004,-1.4000000000000001,37.843,18.138999999999996,55.982,66.25458333333333,54.59166666666667,11.662916666666666,19,5,24,86.3135,-30.331500000000002,79.2,0.75,240.0,4.800000000000001,5760.0,0.1
ANTL_ESS_ES1,2026-07-22,2.8000000000000003,-46.8,-10.570500000000003,-18.152249999999995,-28.722750000000005,66.99458333333332,70.98208333333334,-3.9875000000000007,9,15,24,274.64225,-303.365,37.5,1.51,70.0,49.599999999999994,1680.0,3.0
APPLE_ESR_RN,2026-07-22,2.0,-1.0,-1.2675000000000018,-8.370000000000005,-9.637500000000006,3.90625,4.3078125,-0.40156250000000027,1,2,3,3.1199999999999974,-12.757500000000004,33.3,0.49,0.0,3.0,0.0,0.0
ARY_BESS_RN,2026-07-22,0.0,0.0,0.0,0.0,0.0,0.0,0.0,0.0,0,0,0,0.0,0.0,0.0,0.0,180.0,0.0,4320.0,0.0
AVIL_ESS_RN,2026-07-22,3.6000000000000005,-1.4000000000000001,-22.090500000000006,50.3405,28.25,64.985,58.51572916666667,6.469270833333333,11,12,23,80.15675,-51.90675,47.8,1.68,160.0,5.000000000000001,3840.0,0.1
AZURE_RN,2026-07-22,55.900000000000006,-7.4,540.56875,41.07225,581.641,63.14958333333333,55.55979166666666,7.589791666666666,17,7,24,655.026,-73.385,70.8,3.68,77.6,63.300000000000004,1862.3999999999999,3.4
BATCAVE_RN,2026-07-22,43.7,-186.3,-1930.6712500000003,-773.0377500000001,-2703.7090000000007,67.83708333333333,98.35072916666667,-30.51364583333333,6,18,24,633.3,-3337.009000000001,25.0,0.57,100.5,230.0,2412.0,9.5
BAYC_BESS_RN,2026-07-22,2.9000000000000004,-20.7,-5.957,-122.87400000000001,-128.83100000000002,56.33625,62.561145833333335,-6.224895833333332,7,16,23,24.69950000000001,-153.53050000000002,30.4,0.37,9.9,23.6,237.60000000000002,9.9
BCK_RN,2026-07-22,871.9,-207.1,635.6462499999998,-450.26525,185.3809999999997,55.39791666666667,57.669270833333336,-2.271354166666667,8,16,24,3886.5189999999993,-3701.138,33.3,2.1,126.5,1079.0,3036.0,35.5
BCNV2_ES_RN,2026-07-22,0.0,0.0,0.0,0.0,0.0,0.0,0.0,0.0,0,0,0,0.0,0.0,0.0,0.0,150.0,0.0,3600.0,0.0
BCNV_RN,2026-07-22,0.0,0.0,0.0,0.0,0.0,0.0,0.0,0.0,0,0,0,0.0,0.0,0.0,0.0,150.0,0.0,3600.0,0.0
BEXAR_ES_RN,2026-07-22,1202.3,-15.200000000000001,-21617.328999999998,-328.48224999999996,-21945.811249999995,63.72541666666667,70.86749999999999,-7.142083333333332,5,19,24,9513.816500000003,-31459.627749999996,20.8,1.15,80.0,1217.5,1920.0,63.4
BIGSTAR_ALL,2026-07-22,28.3,-31.8,943.155,-302.47875,640.67625,61.22083333333333,65.74989583333333,-4.529062499999999,6,17,23,1059.98175,-419.3055,26.1,7.16,80.0,60.1,1920.0,3.1
BKBN_RN,2026-07-22,0.0,0.0,0.0,0.0,0.0,0.0,0.0,0.0,0,0,0,0.0,0.0,0.0,0.0,121.0,0.0,2904.0,0.0
BKSL_RN,2026-07-22,3.6,-2.4,16.704250000000002,43.58100000000002,60.28525000000001,61.74583333333334,50.419999999999995,11.325833333333335,18,6,24,73.58975000000001,-13.304499999999999,75.0,1.84,100.0,6.0,2400.0,0.2
BLACKSPR_RN,2026-07-22,0.0,-6.0,0.0,-31.5,-31.5,0.0,0.0,0.0,0,3,3,0.0,-31.5,0.0,0.0,120.0,6.0,2880.0,0.2
BLSMT1_5_A_6,2026-07-22,220.1,-57.0,1370.372750000001,131.60075000000006,1501.973500000001,63.08208333333334,53.92083333333333,9.16125,18,6,24,3980.3475000000003,-2478.3739999999993,75.0,0.54,150.0,277.1,3600.0,7.7
BLUEJAY_RN,2026-07-22,12.2,-12.700000000000001,55.78800000000001,-6.193500000000009,49.5945,67.14625,62.02447916666667,5.121770833333335,16,7,23,108.40700000000001,-58.812500000000014,69.6,0.81,50.0,24.9,1200.0,2.1
BLVN_RN,2026-07-22,786.3,-56.099999999999994,30426.071,-629.5147499999999,29796.55625,60.08416666666667,41.4828125,18.601354166666667,17,7,24,30601.32575,-804.7695,70.8,15.66,180.0,842.4,4320.0,19.5
BOCO_ESS_RN,2026-07-22,38.4,-10.6,808.3752499999999,-45.17025000000001,763.2049999999999,67.19208333333333,71.53802083333333,-4.345937500000001,11,12,23,849.6957499999999,-86.49075000000002,47.8,10.72,150.0,49.0,3600.0,1.4
BRHEIGHT_RN,2026-07-22,0.0,-16.0,0.0,-971.9375000000001,-971.9375000000001,0.0,0.0,0.0,0,3,3,0.0,-971.9375000000001,0.0,0.0,10.0,16.0,240.0,6.7
BRPANGLE_RN,2026-07-22,0.0,-16.0,0.0,-123.39749999999998,-123.39749999999998,0.0,0.0,0.0,9,7,16,50.29749999999999,-173.695,56.2,0.23,10.0,16.0,240.0,6.7
BRPMAGNO_RN,2026-07-22,24.5,-4.1,2.9890000000000496,5.950500000000003,8.939500000000052,16.526666666666667,14.60375,1.9229166666666668,7,4,11,36.90625000000002,-27.966749999999966,63.6,0.75,7.5,28.6,180.0,15.9
BRP_BRAZ_RN,2026-07-22,3.6,-1.5,9.616499999999998,-6.3494999999999955,3.267000000000003,61.205000000000005,60.81458333333333,0.39041666666666686,14,10,24,39.33775000000001,-36.070750000000004,58.3,0.78,10.0,5.1,240.0,2.1
BRP_DIKN_RN,2026-07-22,30.1,-6.0,-2.407999999999949,-475.585,-477.99299999999994,1.31375,1.3170833333333334,-0.0033333333333332624,1,2,3,5.664999999999999,-483.65799999999996,33.3,0.02,10.0,36.1,240.0,15.0
BRP_LOOP_RN,2026-07-22,26.4,-12.0,-219.81449999999995,9.20999999999998,-210.60449999999997,8.547916666666666,12.229791666666666,-3.6818750000000002,1,5,6,9.20999999999998,-219.81449999999998,16.7,0.21,10.0,38.4,240.0,16.0
BRP_LOP1_RN,2026-07-22,33.6,-7.5,-558.7547500000001,-113.3025,-672.05725,3.9116666666666666,5.752187500000001,-1.8405208333333336,1,8,9,15.423749999999998,-687.481,11.1,0.18,0.0,41.1,0.0,0.0
BRP_PBL1_RN,2026-07-22,133.2,-12.0,69.26174999999989,-63.655000000000015,5.606749999999863,26.50791666666667,24.679166666666664,1.8287499999999994,6,7,13,545.5725,-539.9657500000001,46.2,1.18,7.5,145.2,180.0,80.7
BRP_PBL2_RN,2026-07-22,0.0,0.0,0.0,0.0,0.0,0.0,0.0,0.0,0,0,0,0.0,0.0,0.0,0.0,10.0,0.0,240.0,0.0
BRP_RN_UNIT1,2026-07-22,37.0,-31.6,-771.024,-1005.3655000000002,-1776.3895000000002,65.16250000000001,72.28697916666667,-7.1244791666666645,6,17,23,39.47800000000001,-1815.8675,26.1,0.06,10.0,68.6,240.0,28.6
BRP_SWNY_RN,2026-07-22,0.0,-5.0,0.0,-478.61249999999995,-478.61249999999995,0.0,0.0,0.0,0,1,1,0.0,-478.61249999999995,0.0,0.0,10.0,5.0,240.0,2.1
BRP_ZPT1_RN,2026-07-22,0.0,-26.0,0.0,-443.73,-443.73,0.0,0.0,0.0,3,10,13,31.935000000000016,-475.66499999999996,23.1,0.22,10.0,26.0,240.0,10.8
BRP_ZPT2_RN,2026-07-22,192.6,-16.8,-1735.1757499999999,-738.0527500000001,-2473.2284999999997,48.35916666666666,68.35385416666666,-19.9946875,3,21,24,88.88350000000008,-2562.1120000000005,12.5,0.24,10.0,209.4,240.0,87.2
BR_ARROW_ALL,2026-07-22,49.400000000000006,-1.5,385.21675000000005,18.05075,403.26750000000004,66.58791666666667,57.910937499999996,8.676979166666667,18,6,24,531.8860000000001,-128.61849999999995,75.0,1.38,51.7,50.900000000000006,1240.8000000000002,4.1
BSS_U1,2026-07-22,8.600000000000001,-63.9,13.084500000000004,91.15750000000001,104.24200000000002,61.53666666666667,60.81458333333333,0.7220833333333339,15,9,24,210.6225,-106.38049999999998,62.5,1.19,9.9,72.5,237.60000000000002,30.5
BUDA_RN,2026-07-22,0.0,0.0,0.0,0.0,0.0,0.0,0.0,0.0,0,0,0,0.0,0.0,0.0,0.0,9.9,0.0,237.60000000000002,0.0
BYP_RN,2026-07-22,480.0,-572.8,5568.800000000001,-412.6184999999997,5156.1815000000015,17.356666666666666,15.906458333333333,1.4502083333333335,4,3,7,5615.990000000001,-459.8084999999997,57.1,9.16,200.0,1052.8,4800.0,21.9
BYRDR_ES_ALL,2026-07-22,0.0,0.0,0.0,0.0,0.0,0.0,0.0,0.0,0,0,0,0.0,0.0,0.0,0.0,50.0,0.0,1200.0,0.0
C5_RN,2026-07-22,0.0,0.0,0.0,0.0,0.0,0.0,0.0,0.0,0,0,0,0.0,0.0,0.0,0.0,0.0,0.0,0.0,0.0
CACH_ESS_RN,2026-07-22,3.0,-1.6,-22.91625,-4.046250000000002,-26.9625,63.37958333333333,71.0303125,-7.650729166666667,6,15,21,34.8095,-61.772,28.6,1.41,200.0,4.6,4800.0,0.1
CAMWIND_RN,2026-07-22,46.2,-28.9,-739.54875,-220.26550000000003,-959.8142500000001,53.08708333333333,67.879375,-14.792291666666669,6,18,24,40.06925000000002,-999.8835000000001,25.0,0.12,16.4,75.1,393.59999999999997,19.1
CARA_ESS_RN,2026-07-22,0.0,0.0,0.0,0.0,0.0,0.0,0.0,0.0,0,0,0,0.0,0.0,0.0,0.0,98.0,0.0,2352.0,0.0
CARN_ESS_RN,2026-07-22,2.6,-1.7000000000000002,-23.6325,-22.141750000000012,-45.77425000000001,48.79125,60.39895833333333,-11.607708333333335,4,18,22,18.83724999999999,-64.6115,18.2,1.31,150.0,4.300000000000001,3600.0,0.1
CARRIZO_ESR1,2026-07-22,42.5,-3.6,-993.4255,-5.002750000000004,-998.4282499999999,60.2075,62.710520833333334,-2.503020833333333,8,16,24,724.3689999999998,-1722.7972499999996,33.3,0.84,9.8,46.1,235.20000000000002,19.6
CARTWHL_RN,2026-07-22,0.0,0.0,0.0,0.0,0.0,0.0,0.0,0.0,0,0,0,0.0,0.0,0.0,0.0,150.0,0.0,3600.0,0.0
CASL_GAP_UN1,2026-07-22,161.79999999999998,-20.6,2674.567,-517.99325,2156.57375,65.61999999999999,68.16041666666666,-2.540416666666667,11,13,24,2997.2934999999998,-840.7197500000001,45.8,4.21,3.9,182.39999999999998,93.6,194.9
CAST_ESS_RN,2026-07-22,0.0,-16.0,0.0,17.99,17.99,0.0,0.0,0.0,3,2,5,29.02499999999999,-11.034999999999993,60.0,1.75,200.0,16.0,4800.0,0.3
CATARINA_B1,2026-07-22,6.7,-221.5,-204.37000000000003,-78.92350000000017,-283.29350000000017,57.140416666666674,72.26572916666667,-15.1253125,9,15,24,749.1507499999998,-1032.4442500000002,37.5,1.21,9.9,228.2,237.60000000000002,96.0
CEDRVALE_RN,2026-07-22,3.0,-55.400000000000006,-20.365000000000002,301.8355000000002,281.4705000000002,66.61208333333333,72.93916666666667,-6.327083333333334,10,12,22,349.0610000000002,-67.5905,45.5,6.2,9.9,58.400000000000006,237.60000000000002,24.6
CFLAT_ES_RN,2026-07-22,0.0,-9.0,0.0,-77.31249999999999,-77.31249999999999,0.0,0.0,0.0,0,4,4,0.0,-77.31249999999999,0.0,0.0,100.0,9.0,2400.0,0.4
CHIL_SLR,2026-07-22,766.1,-11.7,14375.4455,77.96525000000001,14453.410750000001,60.280833333333334,43.088750000000005,17.192083333333333,17,7,24,15001.12375,-547.7129999999999,70.8,11.28,150.0,777.8000000000001,3600.0,21.6
CISC_RN,2026-07-22,3.7,-48.5,-5.2315,8.887750000000054,3.6562500000000426,68.57625,65.18395833333334,3.3922916666666683,15,9,24,166.66025,-163.00399999999996,62.5,0.61,9.9,52.2,237.60000000000002,22.0
CITRUSCY_RN,2026-07-22,2.2,-2.0,-12.729500000000002,-70.94050000000001,-83.67000000000002,47.785833333333336,65.65166666666666,-17.86583333333333,3,17,20,3.389250000000006,-87.05925000000002,15.0,0.22,9.9,4.2,237.60000000000002,1.8
CLO_RN,2026-07-22,3.4000000000000004,-16.0,9.177999999999997,20.71300000000001,29.89100000000001,65.04833333333333,62.93875,2.1095833333333345,14,9,23,108.86600000000001,-78.97500000000001,60.9,0.89,100.0,19.4,2400.0,0.8
CLT_RN,2026-07-22,0.0,0.0,0.0,0.0,0.0,0.0,0.0,0.0,0,0,0,0.0,0.0,0.0,0.0,100.0,0.0,2400.0,0.0
CNLY_ESS_RN,2026-07-22,3.3000000000000003,-1.5,6.169499999999999,10.022749999999998,16.192249999999998,66.67208333333333,63.7953125,2.876770833333333,16,6,22,57.61025,-41.418000000000006,72.7,0.52,125.0,4.800000000000001,3000.0,0.2
CNTRY_RN,2026-07-22,3.7,-3.6,11.574499999999997,24.46124999999999,36.03574999999999,63.035,58.67583333333334,4.359166666666665,17,7,24,72.51425,-36.47850000000001,70.8,0.82,9.8,7.300000000000001,235.20000000000002,3.1
CNTYRDS_RN,2026-07-22,0.0,0.0,0.0,0.0,0.0,0.0,0.0,0.0,0,0,0,0.0,0.0,0.0,0.0,9.9,0.0,237.60000000000002,0.0
CONTINEN_RN,2026-07-22,42.6,-39.8,-1408.1759999999997,-1106.82775,-2515.00375,47.63833333333333,65.50260416666667,-17.864270833333332,3,21,24,143.02275000000017,-2658.0265,12.5,0.38,0.0,82.4,0.0,0.0
CORALSLR_ALL,2026-07-22,421.2,-24.7,11735.29225,138.44525,11873.7375,62.53041666666667,48.338541666666664,14.191875000000001,17,7,24,12112.65025,-238.91275,70.8,20.88,51.4,445.9,1233.6,36.1
CORAZON_RN,2026-07-22,27.9,-16.4,-410.7035,-211.63075000000003,-622.33425,48.64041666666666,70.54458333333334,-21.90416666666667,3,21,24,5.277999999999999,-627.6122500000001,12.5,0.06,200.0,44.3,4800.0,0.9
COTULLA_RN,2026-07-22,3.3000000000000003,-22.5,-22.431,-218.2850000000001,-240.71600000000012,58.71,67.194375,-8.484375,7,15,22,171.64949999999996,-412.36550000000005,31.8,0.89,9.9,25.8,237.60000000000002,10.9
COYOTSPR_RN,2026-07-22,0.0,-9.5,0.0,-22.923750000000034,-22.923750000000034,0.0,0.0,0.0,0,2,2,0.0,-22.923750000000034,0.0,0.0,9.9,9.5,237.60000000000002,4.0
CROSSETT_ALL,2026-07-22,272.4,-75.9,16944.240999999995,-885.17975,16059.061249999997,65.64208333333333,67.48041666666667,-1.8383333333333336,11,13,24,17251.217249999994,-1192.156,45.8,17.1,100.0,348.29999999999995,2400.0,14.5
CROSSTRL_RN,2026-07-22,3.0,-12.9,-4.377000000000001,-59.14275000000002,-63.519750000000016,66.15083333333332,66.90354166666667,-0.7527083333333356,11,13,24,57.52824999999999,-121.048,45.8,0.56,57.0,15.9,1368.0,1.2
CR_RN,2026-07-22,3.5,-1.6,11.843250000000001,3.5825000000000102,15.425750000000008,65.09958333333334,61.94322916666667,3.1563541666666683,15,9,24,49.506750000000004,-34.080999999999996,62.5,0.87,9.8,5.1,235.20000000000002,2.2
CS_RN,2026-07-22,30.0,-29.9,198.15999999999988,108.61874999999996,306.77874999999983,36.97208333333334,37.4134375,-0.4413541666666691,6,4,10,472.9499999999999,-166.17125000000007,60.0,1.9,7.0,59.9,168.0,35.7
CTW_RN,2026-07-22,27.1,-24.1,112.32549999999998,-55.91200000000005,56.41349999999994,61.196666666666665,61.32260416666667,-0.12593750000000034,13,11,24,158.55925,-102.14575000000005,54.2,1.31,150.0,51.2,3600.0,1.4
DAN_ALL,2026-07-22,340.1,-23.9,-1964.23475,-63.837,-2028.07175,54.73333333333333,61.43802083333333,-6.7046874999999995,8,16,24,573.6260000000001,-2601.6977500000003,33.3,0.44,76.3,364.0,1831.1999999999998,19.9
DA_BESS,2026-07-22,3.6,-13.5,9.616499999999998,-21.03450000000001,-11.41800000000001,61.205000000000005,60.81458333333333,0.39041666666666686,14,10,24,60.44275,-71.86075,58.3,0.6,5.0,17.1,120.0,14.3
DA_BESS2,2026-07-22,0.0,0.0,0.0,0.0,0.0,39.33,36.761250000000004,2.5687499999999996,0,0,0,0.0,0.0,0.0,0.0,9.9,0.0,237.60000000000002,0.0
DC2SES_ALL,2026-07-22,143.5,-93.3,2239.8007500000003,1018.8665000000001,3258.667250000001,62.26625000000001,56.165520833333325,6.100729166666668,19,5,24,4971.736000000001,-1713.0687499999992,79.2,0.76,66.5,236.8,1596.0,14.8
DESN_ESS_RN,2026-07-22,0.0,0.0,0.0,0.0,0.0,0.0,0.0,0.0,0,0,0,0.0,0.0,0.0,0.0,200.0,0.0,4800.0,0.0
DGFS_ESR_RN,2026-07-22,3.6000000000000005,-1.4000000000000001,-21.866999999999997,42.871,21.004000000000005,65.09291666666667,60.13489583333333,4.958020833333334,11,12,23,72.7895,-51.7855,47.8,1.53,75.0,5.000000000000001,1800.0,0.3
DIBOL_RN,2026-07-22,0.0,-4.0,0.0,107.2675,107.2675,0.0,0.0,0.0,4,0,4,107.26749999999998,0.0,100.0,99.99,9.9,4.0,237.60000000000002,1.7
DKNS_ESS_RN,2026-07-22,0.0,-1.0,0.0,3.3775000000000013,3.3775000000000013,0.0,0.0,0.0,1,0,1,3.3775000000000013,0.0,100.0,99.99,50.0,1.0,1200.0,0.1
DRAK_ESS_RN,2026-07-22,0.0,0.0,0.0,0.0,0.0,0.0,0.0,0.0,0,0,0,0.0,0.0,0.0,0.0,150.0,0.0,3600.0,0.0
DSWL_BES1,2026-07-22,0.30000000000000004,-0.1,4.81925,0.6000000000000001,5.419250000000001,6.4558333333333335,4.4478125,2.0080208333333336,4,0,4,5.419250000000001,0.0,100.0,99.99,150.0,0.4,3600.0,0.0
EBNY_ESS_RN,2026-07-22,307.1,-7.6000000000000005,27285.002249999998,-16.89175,27268.1105,64.84791666666666,70.74885416666667,-5.9009375,6,15,21,27345.858999999997,-77.7485,28.6,879.31,200.0,314.70000000000005,4800.0,6.6
ELMCRK_RN,2026-07-22,12.6,-5.5,-288.1355,9.420000000000009,-278.7155,65.99958333333333,72.63041666666666,-6.630833333333331,14,10,24,96.713,-375.4285,58.3,0.18,9.9,18.1,237.60000000000002,7.6
ELM_ST_RN,2026-07-22,0.0,0.0,0.0,0.0,0.0,0.0,0.0,0.0,0,0,0,0.0,0.0,0.0,0.0,9.9,0.0,237.60000000000002,0.0
ELM_ST_RN2,2026-07-22,0.0,0.0,0.0,0.0,0.0,0.0,0.0,0.0,0,0,0,0.0,0.0,0.0,0.0,9.9,0.0,237.60000000000002,0.0
ELSA_ESR_RN,2026-07-22,0.0,-58.199999999999996,0.0,-567.59,-567.59,0.0,0.0,0.0,0,5,5,0.0,-567.59,0.0,0.0,9.9,58.199999999999996,237.60000000000002,24.5
ELZA_SLR_RN,2026-07-22,14.6,-5.4,201.1965,27.480999999999995,228.67749999999998,66.59875,55.623645833333335,10.975104166666666,19,5,24,262.47049999999996,-33.793,79.2,2.04,100.0,20.0,2400.0,0.8
EMPCT_RN,2026-07-22,3.0,-39.50000000000001,9.429000000000002,332.89724999999993,342.3262499999999,67.78708333333333,60.817187499999996,6.969895833333335,17,7,24,728.0024999999998,-385.67625000000004,70.8,0.78,9.9,42.50000000000001,237.60000000000002,17.9
ENDPARK_ESS1,2026-07-22,3.4000000000000004,-28.400000000000002,10.83,89.37800000000001,100.20800000000001,63.798750000000005,58.854479166666664,4.944270833333334,17,7,24,188.171,-87.96299999999998,70.8,0.88,50.0,31.800000000000004,1200.0,2.7
ESCONDID_ESR,2026-07-22,2.6,-1.9000000000000001,-10.251250000000002,-0.4459999999999944,-10.697249999999997,62.70708333333334,64.81197916666666,-2.104895833333332,10,12,22,35.929,-46.62625,45.5,0.92,0.0,4.5,0.0,0.0
ESTONIAN_ALL,2026-07-22,15.4,-9.5,106.04875,34.78725000000003,140.836,66.61916666666666,58.81635416666666,7.802812499999999,17,7,24,193.71050000000005,-52.87450000000001,70.8,1.51,101.6,24.9,2438.3999999999996,1.0
EUNICE_ALL,2026-07-22,1321.5,-12.0,1410.5097499999993,-331.14549999999997,1079.3642499999992,32.557916666666664,30.257291666666664,2.3006249999999997,9,8,17,5986.2972500000005,-4906.933,52.9,1.08,17.0,1333.5,408.0,326.8
EVLN_ESS_RN,2026-07-22,4.1000000000000005,-1.6,13.799499999999998,-11.067750000000006,2.731749999999991,62.10874999999999,62.36770833333333,-0.25895833333333523,14,10,24,43.49099999999999,-40.75925000000001,58.3,0.76,220.0,5.700000000000001,5280.0,0.1
E_HARRIS_RN,2026-07-22,12.2,-1.4000000000000001,-642.0,-53.843,-695.843,48.30041666666667,67.89229166666667,-19.591875,4,15,19,4.548499999999999,-700.3915,21.1,0.02,9.9,13.6,237.60000000000002,5.7
FALFUR_RN,2026-07-22,172.4,-2.1,-4396.0154999999995,-85.32575000000001,-4481.3412499999995,46.76291666666666,66.74947916666666,-19.9865625,2,22,24,322.6697499999998,-4804.011,8.3,0.74,9.9,174.5,237.60000000000002,73.4
FALFUR_RN2,2026-07-22,0.0,0.0,0.0,0.0,0.0,0.0,0.0,0.0,0,0,0,0.0,0.0,0.0,0.0,9.8,0.0,235.20000000000002,0.0
FAULKNER_RN,2026-07-22,0.0,-2.0,0.0,-8.43,-8.43,0.0,0.0,0.0,0,1,1,0.0,-8.43,0.0,0.0,9.9,2.0,237.60000000000002,0.8
FENCESLR_ALL,2026-07-22,18.5,-3.5,46.2595,22.61975000000001,68.87925000000001,64.69500000000001,53.38833333333333,11.306666666666667,19,5,24,254.77325000000002,-185.894,79.2,0.36,71.0,22.0,1704.0,1.3
FERD_ESS_RN,2026-07-22,0.0,-4.0,0.0,-20.165,-20.165,0.0,0.0,0.0,0,2,2,0.0,-20.165,0.0,0.0,200.0,4.0,4800.0,0.1
FIVEWSLR_ALL,2026-07-22,2613.8,-10.7,49744.268000000004,-4.266999999999992,49740.001000000004,36.282916666666665,21.408645833333335,14.874270833333334,15,5,20,51678.648,-1938.6469999999995,75.0,8.89,220.0,2624.5,5280.0,49.7
FLOWERII_RN,2026-07-22,238.39999999999998,-47.2,8887.8355,-701.976,8185.8595,66.79333333333334,72.263125,-5.469791666666668,11,13,24,9158.18125,-972.32175,45.8,11.13,100.0,285.59999999999997,2400.0,11.9
FLTBES1,2026-07-22,0.0,-6.0,0.0,-15.49750000000001,-15.49750000000001,0.0,0.0,0.0,2,3,5,12.1725,-27.67000000000001,40.0,0.66,8.5,6.0,204.0,2.9
FLVABES1_ESR,2026-07-22,72.9,-6.2,921.86,-69.6755,852.1845000000001,21.068749999999998,19.603958333333335,1.4647916666666667,4,3,7,921.8600000000001,-69.6755,57.1,9.92,9.9,79.10000000000001,237.60000000000002,33.3
FORTMA_RN,2026-07-22,105.0,0.0,-8882.875,0.0,-8882.875,55.95291666666666,81.4490625,-25.496145833333333,1,9,10,16.64999999999999,-8899.525,10.0,0.02,9.8,105.0,235.20000000000002,44.6
FRMRSVLW_RN,2026-07-22,3.4000000000000004,-1.5,12.962250000000001,18.993000000000002,31.955250000000003,67.02041666666666,59.28041666666667,7.739999999999999,16,7,23,67.28975000000001,-35.334500000000006,69.6,0.83,9.9,4.9,237.60000000000002,2.1
FRMR_BS2_RN1,2026-07-22,0.0,0.0,0.0,0.0,0.0,0.0,0.0,0.0,0,0,0,0.0,0.0,0.0,0.0,6.0,0.0,144.0,0.0
FTDUNCAN_RN,2026-07-22,2.6,-4.9,-10.201250000000002,3.558250000000008,-6.642999999999994,62.6275,64.5290625,-1.9015624999999983,10,12,22,43.669000000000004,-50.312,45.5,1.04,100.0,7.5,2400.0,0.3
GAIA_SLR_RN,2026-07-22,10.0,0.0,122.5275,0.0,122.5275,15.382083333333334,10.276770833333332,5.1053125,8,2,10,127.71000000000001,-5.182499999999994,80.0,6.16,75.0,10.0,1800.0,0.6
GAMBIT_RN,2026-07-22,128.89999999999998,-79.3,7647.87175,-261.11725000000007,7386.7545,61.205000000000005,60.81458333333333,0.39041666666666686,12,9,21,7699.52425,-312.76975000000004,57.1,18.46,100.0,208.2,2400.0,8.7
GARC_BESS_RN,2026-07-22,2.7,-16.9,-17.65,-282.1605,-299.81050000000005,47.68083333333333,65.67583333333333,-17.995,3,19,22,16.0175,-315.82800000000003,13.6,0.32,9.9,19.599999999999998,237.60000000000002,8.2
GIGA_ESS_RN,2026-07-22,3.2,-426.6,-41.22475,-3032.2394999999997,-3073.4642499999995,65.12833333333333,76.261875,-11.133541666666666,6,18,24,325.10575000000006,-3398.57,25.0,0.29,119.0,429.8,2856.0,15.0
GKS_BESS_RN,2026-07-22,253.1,-190.1,-3060.6042500000003,-1580.9554999999996,-4641.559749999999,49.147083333333335,68.88322916666667,-19.736145833333335,5,19,24,264.38350000000037,-4905.94325,20.8,0.2,87.0,443.2,2088.0,21.2
GODY_SLR_RN,2026-07-22,199.8,0.0,3124.779,0.0,3124.779,4.72125,1.0952083333333333,3.626041666666667,3,1,4,3183.654,-58.87499999999992,75.0,18.02,50.0,199.8,1200.0,16.7
GOMZ_RN,2026-07-22,3.3000000000000003,-1.5,-21.310000000000006,-11.961999999999998,-33.272000000000006,66.29333333333334,72.79177083333333,-6.4984375000000005,10,13,23,34.0105,-67.2825,43.5,0.66,9.9,4.800000000000001,237.60000000000002,2.0
GOODWIN_ESR,2026-07-22,132.2,-20.0,-3906.3675,-225.0245,-4131.392,47.393750000000004,64.53937499999999,-17.145625,4,19,23,120.00374999999983,-4251.39575,17.4,0.13,9.9,152.2,237.60000000000002,64.1
GRDNE_ESR_RN,2026-07-22,2.2,-11.7,-5.753000000000002,-52.537500000000016,-58.29050000000002,67.11166666666666,72.63260416666667,-5.5209375,10,11,21,75.94425000000001,-134.23475000000002,47.6,0.62,9.9,13.899999999999999,237.60000000000002,5.9
GREGORY_RN,2026-07-22,95.0,-29.900000000000002,-4169.038500000001,-672.761,-4841.7995,50.32583333333333,73.15625,-22.830416666666668,4,20,24,93.32049999999987,-4935.12,16.7,0.09,0.0,124.9,0.0,0.0
GUNR_RN,2026-07-22,0.0,0.0,0.0,0.0,0.0,0.0,0.0,0.0,0,0,0,0.0,0.0,0.0,0.0,150.0,0.0,3600.0,0.0
GZ_RN,2026-07-22,143.6,-11.5,1180.8184999999999,31.810249999999996,1212.6287499999996,65.92375,60.96479166666666,4.9589583333333325,15,9,24,2657.9285,-1445.2997500000004,62.5,1.1,6.0,155.1,144.0,107.7
HAMI_BESS_RN,2026-07-22,1.0,-28.0,-5.519999999999996,-337.9825,-343.5025,1.955,2.185,-0.22999999999999984,4,7,11,60.925,-404.4275,36.4,0.26,9.9,29.0,237.60000000000002,12.2
HARLIN_1_RN,2026-07-22,0.0,-4.0,0.0,-38.94,-38.94,0.0,0.0,0.0,1,1,2,0.5499999999999972,-39.489999999999995,50.0,0.01,0.0,4.0,0.0,0.0
HEADCAMP_RN,2026-07-22,0.0,0.0,0.0,0.0,0.0,0.0,0.0,0.0,0,0,0,0.0,0.0,0.0,0.0,150.0,0.0,3600.0,0.0
HEARN_RD_RN,2026-07-22,202.6,-1.8000000000000003,-3111.0955,-33.66525,-3144.76075,48.95083333333333,62.63708333333333,-13.686250000000001,4,20,24,675.6135000000003,-3820.37425,16.7,0.88,9.8,204.4,235.20000000000002,86.9
HEN_RN,2026-07-22,0.0,0.0,0.0,0.0,0.0,0.0,0.0,0.0,0,0,0,0.0,0.0,0.0,0.0,150.0,0.0,3600.0,0.0
HI_LONEB_RN1,2026-07-22,43.2,-2.6,672.7939999999999,8.693249999999992,681.4872499999999,65.66791666666667,69.9478125,-4.279895833333335,10,14,24,863.73025,-182.24299999999997,41.7,6.64,50.0,45.800000000000004,1200.0,3.8
HLY_RN,2026-07-22,0.0,0.0,0.0,0.0,0.0,0.0,0.0,0.0,0,0,0,0.0,0.0,0.0,0.0,102.0,0.0,2448.0,0.0
HMNG_ESS_RN,2026-07-22,3.9000000000000004,-1.5,12.70775,15.130000000000006,27.837750000000007,65.49125,60.46885416666667,5.022395833333333,17,7,24,68.423,-40.58525,70.8,0.69,100.0,5.4,2400.0,0.2
HNY_COMB_RN,2026-07-22,0.0,0.0,0.0,0.0,0.0,0.0,0.0,0.0,0,0,0,0.0,0.0,0.0,0.0,61.5,0.0,1476.0,0.0
HOLCOMB_RN1,2026-07-22,0.0,0.0,0.0,0.0,0.0,51.98166666666666,70.46729166666667,-18.485625000000002,0,0,0,0.0,0.0,0.0,0.0,9.9,0.0,237.60000000000002,0.0
HOUSEMTN_RN,2026-07-22,129.3,-25.1,1010.4229999999998,-452.9814999999999,557.4414999999997,60.171666666666674,67.67208333333333,-7.500416666666666,11,13,24,1616.5984999999996,-1059.1570000000002,45.8,1.8,60.0,154.4,1440.0,10.7
HRMS_SLR_RN,2026-07-22,0.0,0.0,0.0,0.0,0.0,0.0,0.0,0.0,0,0,0,0.0,0.0,0.0,0.0,100.0,0.0,2400.0,0.0
HV_BESS1_RN,2026-07-22,100.0,0.0,1142.2499999999998,0.0,1142.2499999999998,48.01416666666666,43.72604166666667,4.288124999999999,8,2,10,2439.675,-1297.4250000000002,80.0,0.47,0.0,100.0,0.0,0.0
HWY6_RN,2026-07-22,0.0,0.0,0.0,0.0,0.0,0.0,0.0,0.0,0,0,0,0.0,0.0,0.0,0.0,9.9,0.0,237.60000000000002,0.0
HYDR_ESS_RN,2026-07-22,0.0,-15.7,0.0,-293.3265,-293.3265,0.0,0.0,0.0,0,3,3,0.0,-293.3265,0.0,0.0,200.0,15.7,4800.0,0.3
IND_INADALE1,2026-07-22,80.5,-21.0,882.5725,203.11200000000002,1085.6844999999998,64.05833333333334,58.28229166666667,5.776041666666667,15,7,22,1283.6415000000002,-197.957,68.2,3.03,9.9,101.5,237.60000000000002,42.7
INRT_W_ALL,2026-07-22,1154.9,-69.9,1853.7084999999997,315.379,2169.0874999999996,63.0975,55.251354166666665,7.846145833333334,17,7,24,6089.554,-3920.4665,70.8,0.64,13.0,1224.8000000000002,312.0,392.6
JADE_SLR_ALL,2026-07-22,58.5,-6.7,986.1624999999999,40.845249999999986,1027.0077499999998,63.432916666666664,56.861979166666664,6.5709374999999985,16,7,23,1192.62475,-165.61700000000005,69.6,3.15,81.9,65.2,1965.6000000000001,3.3
JAG_SLR_RN,2026-07-22,2.5,-2.3000000000000003,20.971250000000005,42.32599999999999,63.29725,60.690416666666664,46.85552083333334,13.834895833333334,17,6,23,89.25975,-25.9625,73.9,1.21,150.0,4.800000000000001,3600.0,0.1
JAR_RN,2026-07-22,3.5000000000000004,-7.4,6.331750000000002,-91.76750000000001,-85.43575000000001,57.89041666666666,60.3734375,-2.483020833333334,14,9,23,21.916250000000005,-107.352,60.9,0.13,156.0,10.9,3744.0,0.3
JC_BAT_RN,2026-07-22,3.6,-5.6000000000000005,-165.14100000000002,-36.43349999999999,-201.5745,68.27625,106.779375,-38.503125,6,18,24,35.36750000000001,-236.94200000000004,25.0,0.45,1.2,9.200000000000001,28.799999999999997,31.9
JDKNS_RN,2026-07-22,2.6,-21.5,-15.133500000000002,-40.06350000000001,-55.19700000000002,66.6975,72.235625,-5.538124999999998,10,12,22,62.54100000000002,-117.73800000000004,45.5,0.64,9.9,24.1,237.60000000000002,10.1
JUNCTION_RN,2026-07-22,243.6,-34.8,-9669.15975,-670.60875,-10339.768500000002,75.39833333333333,89.16020833333334,-13.761875000000002,11,13,24,2446.92575,-12786.69425,45.8,0.23,9.9,278.4,237.60000000000002,117.2
JUNORTH_RN,2026-07-22,165.20000000000002,-18.0,-8361.74825,-948.7775,-9310.52575,54.79333333333333,72.655,-17.861666666666668,8,11,19,705.76,-10016.28575,42.1,0.1,9.9,183.20000000000002,237.60000000000002,77.1
KEG_RN,2026-07-22,0.0,0.0,0.0,0.0,0.0,0.0,0.0,0.0,0,0,0,0.0,0.0,0.0,0.0,160.0,0.0,3840.0,0.0
KNAPP_RN,2026-07-22,33.0,-9.0,-103.3875,-18.707499999999982,-122.09499999999998,29.96666666666667,32.423229166666665,-2.4565625000000004,6,8,14,288.3375,-410.43249999999995,42.9,0.94,0.0,42.0,0.0,0.0
LANTANA_RN,2026-07-22,0.0,-0.30000000000000004,0.0,0.21250000000000036,0.21250000000000036,0.0,0.0,0.0,1,2,3,0.27325000000000016,-0.06074999999999982,33.3,9.0,9.9,0.30000000000000004,237.60000000000002,0.1
LAUR_BESS_RN,2026-07-22,50.0,-5.0,-2501.65,-53.944999999999986,-2555.5950000000003,22.459999999999997,32.883541666666666,-10.423541666666667,3,5,8,143.7349999999998,-2699.33,37.5,0.09,6.0,55.0,144.0,38.2
LBRA_BES1,2026-07-22,12.1,-1.6,686.66925,-7.2134999999999945,679.45575,61.74666666666667,69.73989583333334,-7.993229166666666,5,14,19,736.09925,-56.6435,26.3,36.39,200.0,13.7,4800.0,0.3
LEAKEY_RN,2026-07-22,0.0,-16.0,0.0,-28.447499999999994,-28.447499999999994,0.0,0.0,0.0,4,8,12,15.760000000000005,-44.207499999999996,33.3,0.71,0.0,16.0,0.0,0.0
LFSTH_RN,2026-07-22,3.6,-5.4,39.7475,126.21,165.95749999999998,66.1025,54.824895833333336,11.277604166666665,19,5,24,194.8595,-28.902,79.2,1.77,9.9,9.0,237.60000000000002,3.8
LIGSW_RN,2026-07-22,3.9000000000000004,-1.5,13.311500000000002,14.066500000000008,27.378000000000014,65.86416666666666,60.699374999999996,5.164791666666668,17,7,24,71.17800000000001,-43.8,70.8,0.67,9.8,5.4,235.20000000000002,2.3
LILY_RN,2026-07-22,25.2,-7.800000000000001,573.12325,30.82300000000001,603.94625,75.21375,55.26947916666666,19.944270833333334,19,5,24,677.9852500000001,-74.039,79.2,2.41,50.0,33.0,1200.0,2.8
LK_RN,2026-07-22,0.0,0.0,0.0,0.0,0.0,0.0,0.0,0.0,0,0,0,0.0,0.0,0.0,0.0,9.9,0.0,237.60000000000002,0.0
LMO_ESR_RN,2026-07-22,3.7,-1.5,24.612000000000002,17.945,42.557,65.96041666666666,57.94479166666667,8.015625,17,7,24,70.4135,-27.856500000000004,70.8,1.04,100.0,5.2,2400.0,0.2
LONESTAR_RN,2026-07-22,0.0,-1.4000000000000001,0.0,12.767749999999994,12.767749999999994,0.0,0.0,0.0,2,0,2,12.767749999999994,0.0,100.0,99.99,9.9,1.4000000000000001,237.60000000000002,0.6
LON_RN1,2026-07-22,4.1000000000000005,-22.1,12.487750000000002,-33.69675000000003,-21.20900000000003,60.997083333333336,61.229687500000004,-0.23260416666666592,14,10,24,41.43449999999999,-62.643500000000024,58.3,0.47,174.0,26.200000000000003,4176.0,0.6
LOWR_ESS_RN,2026-07-22,2.7,-34.0,-26.737500000000004,-694.4250000000001,-721.1625,48.81,67.7134375,-18.9034375,4,20,24,3.692750000000007,-724.85525,16.7,0.03,60.0,36.7,1440.0,2.5
LUCKYBLU_RN,2026-07-22,0.0,0.0,0.0,0.0,0.0,0.0,0.0,0.0,0,0,0,0.0,0.0,0.0,0.0,100.0,0.0,2400.0,0.0
LYNX_ESS_RN,2026-07-22,0.0,0.0,0.0,0.0,0.0,0.0,0.0,0.0,0,0,0,0.0,0.0,0.0,0.0,75.0,0.0,1800.0,0.0
LYSSY_RN,2026-07-22,140.2,-30.6,-2246.9754999999996,-55.47550000000004,-2302.451,61.003750000000004,69.19760416666666,-8.193854166666666,6,18,24,721.2705,-3023.7214999999997,25.0,0.72,0.0,170.79999999999998,0.0,0.0
L_FRE_ESR_RN,2026-07-22,2.8000000000000003,-36.4,-25.084,-603.9865,-629.0704999999999,49.25958333333333,68.06291666666667,-18.803333333333335,5,18,23,10.768500000000001,-639.8389999999999,21.7,0.06,9.9,39.199999999999996,237.60000000000002,16.5
MADERO_RN,2026-07-22,0.0,0.0,0.0,0.0,0.0,0.0,0.0,0.0,0,0,0,0.0,0.0,0.0,0.0,100.0,0.0,2400.0,0.0
MAINLAND_RN,2026-07-22,4.1000000000000005,-7.5,14.71075,-26.7365,-12.02575,61.31125,61.970208333333325,-0.6589583333333332,14,10,24,39.673,-51.698750000000004,58.3,0.55,9.9,11.600000000000001,237.60000000000002,4.9
MEDILA_RN,2026-07-22,180.2,-12.6,-2123.617,-13.977749999999986,-2137.59475,65.27333333333333,74.79614583333334,-9.522812499999999,6,18,24,1412.21325,-3549.808,25.0,1.19,0.0,192.79999999999998,0.0,0.0
MEDINA1_RN,2026-07-22,0.0,0.0,0.0,0.0,0.0,0.0,0.0,0.0,0,0,0,0.0,0.0,0.0,0.0,0.0,0.0,0.0,0.0
MESQUITE_RN,2026-07-22,0.0,0.0,0.0,0.0,0.0,0.0,0.0,0.0,0,0,0,0.0,0.0,0.0,0.0,9.9,0.0,237.60000000000002,0.0
MESQUITE_RN2,2026-07-22,0.0,0.0,0.0,0.0,0.0,0.0,0.0,0.0,0,0,0,0.0,0.0,0.0,0.0,0.0,0.0,0.0,0.0
MIDP_SLR_RN,2026-07-22,11.700000000000001,-72.5,136.89100000000002,-193.04725000000002,-56.15625,57.32541666666666,43.60666666666666,13.71875,20,4,24,363.31724999999994,-419.4735,83.3,0.17,50.0,84.2,1200.0,7.0
MIDWY_RN,2026-07-22,0.0,-16.0,0.0,-153.16499999999996,-153.16499999999996,0.0,0.0,0.0,2,6,8,24.614999999999995,-177.77999999999997,25.0,0.42,9.9,16.0,237.60000000000002,6.7
MILTON_RN,2026-07-22,72.4,-90.6,-2013.713,-866.8715000000001,-2880.5845,60.00083333333333,69.5596875,-9.558854166666668,6,16,22,582.6810000000002,-3463.2655,27.3,0.45,0.0,163.0,0.0,0.0
MNWL_BESS_RN,2026-07-22,4.1000000000000005,-22.5,-32.29925,-359.27549999999997,-391.57475,76.83875,84.08989583333333,-7.25114583333333,16,8,24,148.58325000000002,-540.158,66.7,0.14,9.9,26.6,237.60000000000002,11.2
MOORE_FL_RN,2026-07-22,52.2,-2.0,-1600.3334999999995,-73.285,-1673.6184999999996,48.01125,66.31270833333333,-18.30145833333333,3,17,20,137.30650000000026,-1810.925,15.0,0.43,9.9,54.2,237.60000000000002,22.8
MUENSTER_RN,2026-07-22,120.0,0.0,731.9499999999998,0.0,731.9499999999998,55.50875,52.63520833333333,2.8735416666666658,8,4,12,2810.6499999999996,-2078.7,66.7,0.68,9.9,120.0,237.60000000000002,50.5
MUSTNGCK_ALL,2026-07-22,408.1,-9.9,-7241.41725,-90.02199999999999,-7331.439250000001,55.095,64.54125,-9.446250000000001,6,18,24,1422.8872499999998,-8754.326500000001,25.0,0.49,71.0,418.0,1704.0,24.5
MU_RN,2026-07-22,3.9000000000000004,-11.6,13.220250000000004,-29.148999999999994,-15.928749999999994,62.27875,61.83531249999999,0.44343750000000054,13,11,24,43.1685,-59.097249999999995,54.2,0.62,9.9,15.5,237.60000000000002,6.5
MV_VALV4_RN,2026-07-22,2.7,-2.0,-26.73375,-77.87950000000001,-104.61325000000001,48.80916666666667,67.71,-18.900833333333335,3,19,22,3.6919999999999975,-108.30525,13.6,0.22,9.9,4.7,237.60000000000002,2.0
MYRY_BES2_RN,2026-07-22,2.6,-2.1,-26.416,-81.34400000000002,-107.76000000000002,48.803333333333335,68.17135416666666,-19.368020833333336,4,18,22,3.758999999999995,-111.51900000000003,18.2,0.15,9.9,4.7,237.60000000000002,2.0
MYRY_ESR_RN,2026-07-22,0.0,0.0,0.0,0.0,0.0,0.0,0.0,0.0,0,0,0,0.0,0.0,0.0,0.0,9.9,0.0,237.60000000000002,0.0
MYR_ALL,2026-07-22,20.0,-24.3,66.0975,-25.42725000000003,40.67024999999997,17.425,15.777812500000001,1.6471875,8,7,15,86.71974999999998,-46.049499999999995,53.3,1.65,76.3,44.3,1831.1999999999998,2.4
NCO_RN,2026-07-22,0.2,-6.1,0.825,-35.222,-34.397,3.807916666666667,3.464166666666667,0.34375,2,3,5,1.9452500000000001,-36.34225,40.0,0.08,38.8,6.3,931.1999999999999,0.7
NEDIN_RN,2026-07-22,0.0,0.0,0.0,0.0,0.0,0.0,0.0,0.0,0,0,0,0.0,0.0,0.0,0.0,0.0,0.0,0.0,0.0
NF_BRP_RN,2026-07-22,217.3,-68.0,-35572.779,-12541.315000000002,-48114.094,65.70958333333333,256.8440625,-191.13447916666667,5,19,24,638.5505,-48752.6445,20.8,0.05,100.5,285.3,2412.0,11.8
NOBLESLR_ALL,2026-07-22,757.2,-11.7,2701.952249999999,30.763500000000008,2732.715749999999,30.697916666666668,31.4453125,-0.7473958333333339,12,5,17,8516.935000000001,-5784.219250000002,70.6,0.61,62.5,768.9000000000001,1500.0,51.3
NWF_NWF1,2026-07-22,391.2,-16.2,-3751.1857500000006,-291.149,-4042.334750000001,66.73916666666666,72.63739583333334,-5.898229166666667,10,13,23,4171.579500000001,-8213.914250000002,43.5,0.66,3.0,407.4,72.0,565.8
N_AL_BESS_RN,2026-07-22,2.7,-2.1,-26.946250000000003,-80.35149999999999,-107.29775,48.809583333333336,67.82437499999999,-19.014791666666664,4,18,22,3.7172500000000044,-111.01500000000001,18.2,0.15,9.9,4.800000000000001,237.60000000000002,2.0
N_MRD_ESR_RN,2026-07-22,3.5,-2.1,-11.815750000000023,-80.29225000000001,-92.10800000000003,48.684583333333336,67.74739583333333,-19.062812500000003,4,17,21,11.15499999999998,-103.263,19.0,0.46,9.9,5.6,237.60000000000002,2.4
ODESW_RN,2026-07-22,0.0,-162.6,0.0,-1522.69375,-1522.69375,0.0,0.0,0.0,2,7,9,281.67975000000007,-1804.3735000000001,22.2,0.55,10.0,162.6,240.0,67.8
OLMITO_RN,2026-07-22,15.5,-1.7000000000000002,-344.62775,-64.8435,-409.47125000000005,57.184583333333336,68.10697916666668,-10.922395833333333,9,15,24,95.03474999999999,-504.5060000000001,37.5,0.31,0.0,17.2,0.0,0.0
OLNEYTN_RN,2026-07-22,45.0,-10.0,4514.6175,280.27250000000004,4794.89,57.760416666666664,31.0346875,26.725729166666667,17,1,18,4812.950000000001,-18.059999999999988,94.4,15.68,0.0,55.0,0.0,0.0
OR_BESS_RN,2026-07-22,2.8000000000000003,-21.6,26.45,-29.92199999999999,-3.471999999999987,63.106249999999996,54.65072916666666,8.455520833333335,12,10,22,91.60600000000001,-95.07800000000002,54.5,0.8,9.9,24.400000000000002,237.60000000000002,10.3
PAD1_ESS_RN,2026-07-22,3.6,-1.6,-20.996999999999996,2.5677500000000038,-18.42924999999999,67.99458333333334,71.003125,-3.0085416666666647,7,17,24,39.47375000000001,-57.903,29.2,1.66,50.0,5.2,1200.0,0.4
PAD2_ESS_RN,2026-07-22,0.0,0.0,0.0,0.0,0.0,0.0,0.0,0.0,0,0,0,0.0,0.0,0.0,0.0,150.0,0.0,3600.0,0.0
PALACIOS_RN,2026-07-22,78.4,-68.2,-2223.97675,129.18349999999987,-2094.7932499999997,54.44125,64.39354166666666,-9.952291666666667,6,18,24,468.9384999999998,-2563.73175,25.0,0.55,9.0,146.60000000000002,216.0,67.9
PALE_ESS_EN,2026-07-22,0.0,-18.6,0.0,138.62400000000002,138.62400000000002,0.0,0.0,0.0,5,0,5,138.62400000000002,0.0,100.0,99.99,200.0,18.6,4800.0,0.4
PALMVIEW_RN,2026-07-22,2.2,-14.0,-11.7425,-89.23150000000001,-100.97400000000002,47.499583333333334,64.81322916666666,-17.313645833333336,3,17,20,3.2457500000000006,-104.21975000000003,15.0,0.18,9.9,16.2,237.60000000000002,6.8
PAULN_RN,2026-07-22,3.5,-1.4000000000000001,37.30525,19.038000000000007,56.34325000000001,65.49208333333333,54.60833333333333,10.883750000000001,19,5,24,85.44025,-29.096999999999994,79.2,0.77,9.9,4.9,237.60000000000002,2.1
PAVLOV_BT_RN,2026-07-22,2.7,-19.9,-7.565750000000001,-71.471,-79.03675000000001,55.687083333333334,62.94677083333334,-7.259687500000001,6,18,24,26.151250000000005,-105.18800000000002,25.0,0.75,9.9,22.599999999999998,237.60000000000002,9.5
PAVO_ESS_ALL,2026-07-22,96.89999999999999,-2.0,2221.03725,-8.474999999999994,2212.56225,35.38833333333333,26.223541666666666,9.164791666666666,8,3,11,2368.60575,-156.0435,72.7,5.69,87.5,98.89999999999999,2100.0,4.7
PEARSALL_RN,2026-07-22,6.0,-18.0,-130.425,-142.10000000000005,-272.5250000000001,13.740833333333333,15.274270833333333,-1.5334375,4,4,8,345.6475,-618.1725,50.0,0.56,9.9,24.0,237.60000000000002,10.1
PHO_ALL,2026-07-22,77.3,-17.1,-78.52325,-40.89324999999995,-119.41649999999996,55.55583333333334,59.517291666666665,-3.9614583333333315,8,16,24,93.51075000000004,-212.92725000000002,33.3,0.88,150.0,94.4,3600.0,2.6
PINEFRST_RN,2026-07-22,26.8,-3.5,156.94824999999997,21.53175000000001,178.48,66.5525,59.584375,6.968125000000001,17,7,24,285.1195,-106.63950000000001,70.8,1.1,200.0,30.3,4800.0,0.6
PIN_BESS_RN,2026-07-22,0.0,0.0,0.0,0.0,0.0,0.0,0.0,0.0,0,0,0,0.0,0.0,0.0,0.0,175.0,0.0,4200.0,0.0
PIRATE_RN,2026-07-22,212.39999999999998,-1.7000000000000002,-4652.2375,-71.59800000000001,-4723.8355,51.55833333333334,72.65291666666667,-21.094583333333336,4,20,24,49.97050000000001,-4773.806,16.7,0.05,9.8,214.09999999999997,235.20000000000002,91.0
PLATINUM_RN,2026-07-22,3.4000000000000004,-1.5,11.54325,17.453749999999996,28.996999999999996,66.49083333333333,59.396875,7.093958333333333,16,7,23,65.01625,-36.01925000000001,69.6,0.79,143.8,4.9,3451.2000000000003,0.1
POTEETS_RN,2026-07-22,71.0,-17.8,-4457.39325,-1860.4107500000002,-6317.804000000001,49.01791666666667,84.3646875,-35.34677083333333,7,17,24,884.1782499999999,-7201.982250000001,29.2,0.3,9.9,88.8,237.60000000000002,37.4
POTSVIL_RN,2026-07-22,329.1,-32.2,-11738.641,-1207.2214999999999,-12945.8625,84.27499999999999,140.595,-56.32,9,15,24,617.8397500000001,-13563.70225,37.5,0.08,9.9,361.3,237.60000000000002,152.1
PRCRK_RN,2026-07-22,3.5,-1.4000000000000001,46.48775,19.665499999999998,66.15325,67.38083333333333,54.69979166666667,12.681041666666667,19,5,24,95.89425,-29.740999999999996,79.2,0.85,9.9,4.9,237.60000000000002,2.1
PTLBES_BESS1,2026-07-22,141.79999999999998,-11.9,-429.78049999999985,-102.79100000000001,-532.5714999999998,53.01125,66.78666666666668,-13.775416666666667,5,16,21,159.25325000000004,-691.8247499999999,23.8,0.74,3.0,153.7,72.0,213.5
PYR_PYRON1,2026-07-22,7.0,-27.8,-39.23749999999998,234.354,195.11650000000003,40.455,38.658541666666665,1.7964583333333344,7,4,11,364.66900000000004,-169.5525,63.6,1.23,15.1,34.8,362.4,9.6
QUEEN_BA_RN,2026-07-22,74.1,-1.5,-270.95000000000005,0.7037499999999923,-270.24625000000003,65.90666666666667,69.7825,-3.875833333333335,11,13,24,625.3639999999999,-895.61025,45.8,0.83,50.0,75.6,1200.0,6.3
RADN_SLR_ALL,2026-07-22,97.1,-47.9,132.92350000000002,-1030.6694999999997,-897.7459999999998,65.30166666666666,60.381458333333335,4.920208333333333,13,11,24,283.66249999999997,-1181.4084999999998,54.2,0.2,81.9,145.0,1965.6000000000001,7.4
RBN_BESS1,2026-07-22,4.4,-13.5,-5.2645000000000035,26.87549999999998,21.610999999999976,65.96291666666666,62.4040625,3.558854166666667,13,11,24,69.42349999999999,-47.8125,54.2,1.23,20.0,17.9,480.0,3.7
RHESS2_ESS1,2026-07-22,35.1,-209.0,-199.8197499999999,-70595.10525,-70794.92499999999,7.419583333333333,12.904166666666667,-5.484583333333332,2,11,13,216.4280000000001,-71011.353,15.4,0.02,9.8,244.1,235.20000000000002,103.8
RIOG_ESR2_RN,2026-07-22,2.4000000000000004,-8.0,-12.356000000000002,-53.296000000000014,-65.65200000000002,47.629999999999995,65.47020833333333,-17.840208333333333,3,16,19,3.4250000000000003,-69.07700000000003,15.8,0.26,0.0,10.4,0.0,0.0
RIOG_ESR_RN,2026-07-22,0.0,-16.5,0.0,-446.47,-446.47,0.0,0.0,0.0,1,14,15,12.1875,-458.6575000000001,6.7,0.37,9.9,16.5,237.60000000000002,6.9
RN_BY_ESR1,2026-07-22,0.0,0.0,0.0,0.0,0.0,0.0,0.0,0.0,0,0,0,0.0,0.0,0.0,0.0,0.0,0.0,0.0,0.0
RN_PAD3_ESS,2026-07-22,0.0,0.0,0.0,0.0,0.0,0.0,0.0,0.0,0,0,0,0.0,0.0,0.0,0.0,200.0,0.0,4800.0,0.0
RN_QTUM_SLR,2026-07-22,1346.8999999999999,0.0,14026.148499999998,0.0,14026.148499999998,63.111250000000005,55.32874999999999,7.7825000000000015,5,2,7,16552.920749999997,-2526.77225,71.4,2.62,160.0,1346.8999999999999,3840.0,35.1
RN_RHN_ESR,2026-07-22,0.0,0.0,0.0,0.0,0.0,0.0,0.0,0.0,0,0,0,0.0,0.0,0.0,0.0,200.0,0.0,4800.0,0.0
RN_SOLC_SLR,2026-07-22,1329.6,-7.0,7652.093750000004,118.52250000000004,7770.616250000003,64.3225,58.915625,5.406874999999999,9,4,13,14910.071250000003,-7139.454999999998,69.2,0.93,160.0,1336.6,3840.0,34.8
ROSELAND_ALL,2026-07-22,552.7,-72.7,10024.29375,-132.10400000000007,9892.189750000001,61.7925,47.77666666666667,14.015833333333333,17,7,24,12652.6545,-2760.4647500000005,70.8,1.89,50.0,625.4000000000001,1200.0,52.1
RPUBRDS_RN,2026-07-22,2.6,-7.5,-12.403,-10.007249999999992,-22.410249999999998,74.5775,85.57260416666666,-10.995104166666664,9,11,20,44.88175000000001,-67.292,45.0,0.82,39.5,10.1,948.0,1.1
RRANCHES_ALL,2026-07-22,532.2,-175.8,31708.329,-1667.773,30040.556000000004,66.64666666666666,72.65697916666666,-6.010312499999998,10,13,23,32012.828000000005,-1972.272,43.5,21.1,150.0,708.0,3600.0,19.7
RRC_WIND_ALL,2026-07-22,17.9,-4.4,-86.98500000000003,33.66575,-53.319250000000025,61.3975,51.72718750000001,9.6703125,17,5,22,100.75525,-154.07450000000003,77.3,0.19,75.0,22.299999999999997,1800.0,1.2
RTLSNAKE_BT,2026-07-22,3.0,-7.4,-20.298,-59.29049999999999,-79.58849999999998,66.61125,72.73052083333333,-6.119270833333331,10,12,22,43.59550000000001,-123.184,45.5,0.42,9.9,10.4,237.60000000000002,4.4
RUSSEKST_RN,2026-07-22,57.9,-134.4,-112.62724999999998,-557.4267500000001,-670.0539999999999,76.87416666666667,82.013125,-5.138958333333331,13,11,24,524.6777500000001,-1194.73175,54.2,0.37,9.9,192.3,237.60000000000002,80.9
RVN_RN,2026-07-22,0.0,0.0,0.0,0.0,0.0,32.52,29.8325,2.6875000000000018,0,0,0,0.0,0.0,0.0,0.0,0.0,0.0,0.0,0.0
RVRVLYS_ALL,2026-07-22,28.0,-5.6000000000000005,-506.71375,-4.115250000000005,-510.8290000000001,64.61874999999999,74.80489583333333,-10.186145833333335,6,15,21,528.0005000000001,-1038.8295000000003,28.6,1.27,50.0,33.6,1200.0,2.8
SADLBACK_RN,2026-07-22,3.0,-33.6,-20.288,-248.3295000000002,-268.6175000000002,66.69166666666668,72.60968749999999,-5.918020833333331,10,12,22,37.914500000000004,-306.53200000000015,45.5,0.15,9.9,36.6,237.60000000000002,15.4
SAH_RN,2026-07-22,1.0,0.0,-2.120000000000001,0.0,-2.120000000000001,0.9554166666666667,1.04375,-0.08833333333333337,0,1,1,0.0,-2.120000000000001,0.0,0.0,200.0,1.0,4800.0,0.0
SANDLAKE_RN,2026-07-22,2.0,-2.0,9.310000000000002,-12.892500000000002,-3.5824999999999996,1.2720833333333335,1.078125,0.19395833333333337,1,2,3,9.310000000000002,-12.892500000000002,33.3,1.44,9.9,4.0,237.60000000000002,1.7
SBEAN_BESS,2026-07-22,0.0,-1.0,0.0,-2.030000000000001,-2.030000000000001,1.57125,1.6558333333333335,-0.08458333333333339,0,1,1,0.0,-2.030000000000001,0.0,0.0,9.9,1.0,237.60000000000002,0.4
SEVNF_ES_RN,2026-07-22,191.3,-14.0,-1503.0774999999999,-571.1924999999999,-2074.2699999999995,41.151666666666664,53.93812499999999,-12.786458333333334,2,19,21,1020.2379999999998,-3094.508,9.5,3.13,100.0,205.3,2400.0,8.6
SE_EDINB_RN,2026-07-22,2.7,-20.4,-26.442999999999998,-558.3444999999999,-584.7875,48.861250000000005,67.63604166666666,-18.77479166666667,3,19,22,3.703499999999998,-588.491,13.6,0.04,9.9,23.099999999999998,237.60000000000002,9.7
SGSA_DGR,2026-07-22,15.2,0.0,19.34199999999996,0.0,19.34199999999996,1.34875,1.2957291666666666,0.05302083333333322,1,0,1,19.34199999999996,0.0,100.0,99.99,5.4,15.2,129.60000000000002,11.7
SG_BES_BESS1,2026-07-22,540.8,-127.4,27006.738749999997,-2307.9024999999997,24698.836249999997,64.8925,57.40020833333333,7.492291666666664,12,12,24,29676.966249999998,-4978.13,50.0,5.96,100.0,668.1999999999999,2400.0,27.8
SHAMROCK_RN,2026-07-22,627.5,-41.3,2727.6527499999993,-517.1115000000001,2210.5412499999993,65.59416666666667,69.99989583333333,-4.405729166666668,8,16,24,5730.983499999998,-3520.442249999999,33.3,3.26,99.3,668.8,2383.2,28.1
SHEEPCRK_1,2026-07-22,69.6,-2.3,-870.7402500000002,8.745750000000005,-861.9945000000001,27.520833333333332,25.5390625,1.9817708333333333,12,3,15,440.02125,-1302.0157500000003,80.0,0.08,130.0,71.89999999999999,3120.0,2.3
SLCN_ESS_ALL,2026-07-22,72.8,-1.6,-324.3897499999999,-3.3455000000000013,-327.7352499999999,66.25916666666667,71.86302083333332,-5.603854166666667,8,15,23,586.54,-914.2752499999998,34.8,1.2,50.0,74.39999999999999,1200.0,6.2
SLK_BESS_RN,2026-07-22,0.0,-1.0,0.0,-15.470000000000006,-15.470000000000006,0.0,0.0,0.0,0,1,1,0.0,-15.470000000000006,0.0,0.0,200.0,1.0,4800.0,0.0
SMTH_ESS_RN,2026-07-22,3.6,-1.4000000000000001,38.25725,18.107000000000006,56.364250000000006,66.70125,55.751875000000005,10.949375000000002,19,5,24,85.66675,-29.3025,79.2,0.77,97.0,5.0,2328.0,0.2
SNY_BESS_RN,2026-07-22,79.9,-78.6,-392.34200000000004,72.80224999999994,-319.53975000000014,66.55666666666666,66.0821875,0.4744791666666644,11,13,24,610.93875,-930.4785000000003,45.8,0.78,9.9,158.5,237.60000000000002,66.7
SPTX12B_RN,2026-07-22,150.4,-4.0,2498.592,-6.125,2492.467,40.000416666666666,33.009166666666665,6.99125,10,6,16,2749.157,-256.68999999999994,62.5,6.43,22.1,154.4,530.4000000000001,29.1
SP_RN,2026-07-22,4.1000000000000005,-11.6,18.696250000000006,-9.69399999999999,9.002250000000018,64.69791666666667,61.93812499999999,2.759791666666668,14,10,24,55.11025,-46.10799999999999,58.3,0.85,9.9,15.7,237.60000000000002,6.6
SROSA_ESR_RN,2026-07-22,2.4000000000000004,-6.1000000000000005,-19.118000000000002,-99.06225,-118.18025,48.42291666666667,67.793125,-19.370208333333334,4,17,21,3.7625000000000033,-121.94275000000002,19.0,0.13,9.9,8.5,237.60000000000002,3.6
STADIUM_RN,2026-07-22,0.0,0.0,0.0,0.0,0.0,0.0,0.0,0.0,0,0,0,0.0,0.0,0.0,0.0,9.9,0.0,237.60000000000002,0.0
STAM_SLR_ALL,2026-07-22,35.4,-1.5,221.55825,18.006750000000007,239.565,66.58,58.22291666666666,8.357083333333334,18,6,24,360.6265,-121.0615,75.0,0.99,70.0,36.9,1680.0,2.2
STRG_SLR_ALL,2026-07-22,15.5,-80.8,117.697,1057.3705,1175.0675,60.475833333333334,54.30291666666667,6.172916666666668,13,11,24,1238.074,-63.00650000000002,54.2,16.63,100.0,96.3,2400.0,4.0
SUNVASLR_ALL,2026-07-22,458.40000000000003,-13.1,6450.22675,46.27799999999998,6496.504749999999,59.98,47.844166666666666,12.135833333333332,19,5,24,6943.32425,-446.8195,79.2,4.09,50.0,471.50000000000006,1200.0,39.3
SWOOSE1_U1,2026-07-22,10.0,-13.6,305.27950000000004,-176.43824999999998,128.84125000000006,66.63333333333334,72.5196875,-5.886354166666666,10,12,22,371.01725000000005,-242.17599999999993,45.5,1.84,9.9,23.6,237.60000000000002,9.9
SWOOSEII_RN,2026-07-22,25.1,-6.0,493.68674999999996,-21.144999999999996,472.5417499999999,17.934583333333332,13.550624999999998,4.383958333333333,5,2,7,510.6317499999999,-38.08999999999999,71.4,5.36,100.0,31.1,2400.0,1.3
SWT_BESS_RN,2026-07-22,3.4000000000000004,-22.5,-6.059499999999996,-93.8805,-99.94,70.70166666666667,69.34822916666667,1.3534375,10,14,24,87.45075,-187.39075,41.7,0.65,9.9,25.9,237.60000000000002,10.9
TANZ_ESS_RN,2026-07-22,0.0,0.0,0.0,0.0,0.0,0.0,0.0,0.0,0,0,0,0.0,0.0,0.0,0.0,0.0,0.0,0.0,0.0
TBWF_ES_BES1,2026-07-22,188.29999999999998,-1.0,7276.1357499999995,3.740000000000002,7279.875749999999,35.43416666666666,26.83010416666667,8.604062499999998,9,2,11,7405.7647499999985,-125.88900000000004,81.8,13.07,150.0,189.29999999999998,3600.0,5.3
TDWLPR_1_RN,2026-07-22,3.6,-1.5,43.518,22.806999999999995,66.325,63.2175,50.627812500000005,12.589687499999998,17,7,24,94.21050000000001,-27.8855,70.8,1.39,100.0,5.1,2400.0,0.2
TNFS_RN,2026-07-22,0.0,0.0,0.0,0.0,0.0,0.0,0.0,0.0,0,0,0,0.0,0.0,0.0,0.0,9.9,0.0,237.60000000000002,0.0
TORR_ALL,2026-07-22,84.5,-46.2,-4174.757,-890.5127500000001,-5065.26975,27.02958333333333,37.335625,-10.306041666666667,2,13,15,227.69499999999982,-5292.96475,13.3,0.28,1.0,130.7,24.0,544.6
TORT_ESS_RN,2026-07-22,0.0,-6.0,0.0,-14.407499999999995,-14.407499999999995,0.0,0.0,0.0,0,2,2,0.0,-14.407499999999995,0.0,0.0,50.0,6.0,1200.0,0.5
TOYAH_RN,2026-07-22,0.0,0.0,0.0,0.0,0.0,0.0,0.0,0.0,0,0,0,0.0,0.0,0.0,0.0,9.9,0.0,237.60000000000002,0.0
TRIPBUT1_RN,2026-07-22,9.700000000000001,-3.6,260.53075,-19.06575,241.46500000000003,61.22958333333333,61.53375,-0.304166666666666,10,13,23,333.2850000000001,-91.82000000000002,43.5,4.72,7.5,13.3,180.0,7.4
TSECA_ES_RN,2026-07-22,132.1,0.0,4384.270249999998,0.0,4384.270249999998,22.65375,17.7859375,4.8678124999999985,2,1,3,5740.895249999998,-1356.6249999999995,66.7,2.12,100.0,132.1,2400.0,5.5
TURQ_BESS1,2026-07-22,13.700000000000001,-3.4000000000000004,138.07675,-4.908000000000001,133.16875,66.92958333333333,56.82989583333333,10.0996875,19,5,24,216.22424999999998,-83.0555,79.2,0.69,184.0,17.1,4416.0,0.4
TV_RN,2026-07-22,3.4000000000000004,-94.8,9.1815,747.7744999999999,756.9559999999999,64.9775,62.57083333333333,2.406666666666666,14,10,24,837.6867500000001,-80.73075000000001,58.3,7.41,9.8,98.2,235.20000000000002,41.8
TYNAN_RN,2026-07-22,2.2,-1.7000000000000002,-10.701,-38.52125,-49.22225,52.737500000000004,66.88229166666666,-14.144791666666665,6,13,19,11.556999999999999,-60.779250000000005,31.6,0.41,9.9,3.9000000000000004,237.60000000000002,1.6
UTOPIA_RN,2026-07-22,147.8,-1.0,-3540.0295000000006,7.727499999999999,-3532.3020000000006,60.66041666666666,70.35770833333333,-9.69729166666667,2,12,14,863.7774999999999,-4396.0795,14.3,1.18,9.9,148.8,237.60000000000002,62.6
VERT_ESS_RN,2026-07-22,0.0,0.0,0.0,0.0,0.0,0.0,0.0,0.0,0,0,0,0.0,0.0,0.0,0.0,200.0,0.0,4800.0,0.0
VORT_ALL_RN,2026-07-22,532.8,-30.8,2648.1330000000003,120.16174999999997,2768.2947500000005,63.48333333333333,56.37291666666667,7.110416666666667,17,7,24,7441.602499999999,-4673.30775,70.8,0.66,121.8,563.5999999999999,2923.2,19.3
WAL_RN,2026-07-22,3.4000000000000004,-3.5,2.832250000000003,8.170999999999989,11.003249999999994,64.18916666666667,62.28114583333333,1.9080208333333324,12,11,23,42.91224999999999,-31.909,52.2,1.23,200.0,6.9,4800.0,0.1
WFTANK_ESS1,2026-07-22,28.099999999999998,-110.9,-454.02925,-1973.6372500000002,-2427.6665000000003,48.462916666666665,70.66052083333334,-22.197604166666668,3,19,22,97.20624999999988,-2524.87275,13.6,0.24,150.0,139.0,3600.0,3.9
WIG_BESS_RN,2026-07-22,3.6,-8.8,25.369,12.73324999999998,38.102249999999984,67.23791666666666,58.221562500000005,9.016354166666668,18,6,24,92.4395,-54.33725000000001,75.0,0.57,120.0,12.4,2880.0,0.4
WLTC_ESR_RN,2026-07-22,2.6,-1.4000000000000001,-23.599000000000004,-14.155500000000004,-37.75450000000001,48.72416666666667,58.61479166666667,-9.890625,4,16,20,22.992000000000004,-60.74650000000001,20.0,1.51,9.9,4.0,237.60000000000002,1.7
WOV_BESS_RN,2026-07-22,2.4000000000000004,-27.1,-11.477000000000004,-243.07375000000005,-254.55075000000005,66.71541666666667,72.30489583333333,-5.589479166666668,10,13,23,64.57375,-319.1245,43.5,0.26,7.0,29.5,168.0,17.6
WRSBES_BESS1,2026-07-22,0.0,-14.0,0.0,-12.949999999999978,-12.949999999999978,0.0,0.0,0.0,3,3,6,16.592500000000012,-29.54249999999999,50.0,0.56,9.7,14.0,232.79999999999998,6.0
WR_RN,2026-07-22,2.9000000000000004,-5.5,17.67175,1.525249999999982,19.19699999999998,61.317499999999995,57.65562500000001,3.661874999999997,11,10,21,53.63849999999999,-34.44150000000001,52.4,1.42,9.9,8.4,237.60000000000002,3.5
WZRD_ESS_RN,2026-07-22,4.1000000000000005,-1.6,14.243500000000003,-11.929749999999995,2.313750000000006,61.82416666666666,62.201249999999995,-0.37708333333333205,14,10,24,42.14725000000001,-39.8335,58.3,0.76,0.0,5.700000000000001,0.0,0.0
W_HRL_ESR_RN,2026-07-22,2.4000000000000004,-2.1,-19.548,-81.76850000000002,-101.31650000000002,48.31166666666667,67.88541666666667,-19.57375,4,17,21,3.697749999999994,-105.01425,19.0,0.15,9.9,4.5,237.60000000000002,1.9
X443ESRN,2026-07-22,55.5,-30.6,-145.86950000000013,-138.38699999999997,-284.2565000000001,65.97166666666666,71.16885416666666,-5.1971875,6,18,24,722.6199999999999,-1006.8765,25.0,2.15,10.0,86.1,240.0,35.9
Z0_DGR2_RN,2026-07-22,0.0,0.0,0.0,0.0,0.0,0.0,0.0,0.0,0,0,0,0.0,0.0,0.0,0.0,9.9,0.0,237.60000000000002,0.0
ZIER_SLR_ALL,2026-07-22,1354.0,-27.8,-9184.423,-257.57875000000007,-9442.001750000001,63.84708333333333,66.80166666666666,-2.9545833333333342,9,15,24,1640.9480000000005,-11082.949750000002,37.5,0.25,30.0,1381.8,720.0,191.9
ABINDUST_RN,2026-07-23,4.8,-22.6,11.512000000000004,151.05550000000002,162.56750000000002,39.42541666666667,35.63635416666667,3.7890625,18,5,23,174.25025,-11.682750000000002,78.3,4.14,9.9,27.400000000000002,237.60000000000002,11.5
ADL_RN,2026-07-23,13.0,-50.8,-22.6925,-89.82074999999995,-112.51324999999994,39.59583333333333,39.096875000000004,0.49895833333333384,12,12,24,44.673500000000054,-157.18675,50.0,0.28,60.0,63.8,1440.0,4.4
AE_RN,2026-07-23,24.1,-14.3,-194.09375,-17.016250000000014,-211.11,38.196666666666665,41.19802083333334,-3.0013541666666668,6,17,23,6.239500000000003,-217.34949999999998,26.1,0.08,9.9,38.400000000000006,237.60000000000002,16.2
ALAMO_ST_RN,2026-07-23,1.0,0.0,5.992500000000007,0.0,5.992500000000007,4.395416666666667,4.220104166666666,0.17531250000000043,1,0,1,5.992500000000007,0.0,100.0,99.99,9.9,1.0,237.60000000000002,0.4
ALP_BESS_RN,2026-07-23,8.9,-33.0,-56.466499999999996,-87.21475000000004,-143.68125000000006,48.22,51.265416666666674,-3.0454166666666675,10,13,23,212.47299999999996,-356.15425000000005,43.5,0.78,100.3,41.9,2407.2,1.7
ALVIN_RN,2026-07-23,5.5,-18.3,-21.74325,-84.74375000000002,-106.48700000000002,36.7525,40.63197916666667,-3.8794791666666675,5,18,23,6.01325,-112.50025000000002,21.7,0.19,7.5,23.8,180.0,13.2
AMAD_ESS_RN,2026-07-23,83.4,0.0,328.7489999999999,0.0,328.7489999999999,12.994166666666667,12.07875,0.9154166666666669,4,1,5,337.24649999999997,-8.497499999999995,80.0,9.92,0.0,83.4,0.0,0.0
ANCHOR_ALL,2026-07-23,229.7,-101.0,809.5442500000001,681.18175,1490.726,33.10541666666666,29.015,4.090416666666667,19,5,24,1925.6575000000003,-434.9314999999998,79.2,1.17,36.3,330.7,871.1999999999999,38.0
ANDMDSLR_ALL,2026-07-23,97.60000000000001,-10.9,485.238,85.61500000000001,570.8530000000001,33.11291666666667,28.304374999999997,4.808541666666667,17,4,21,679.9812499999999,-109.12824999999998,81.0,1.47,81.9,108.50000000000001,1965.6000000000001,5.5
ANEM_ESS_RN,2026-07-23,21.2,-2.4000000000000004,-63.99299999999996,-17.2975,-81.29049999999995,37.0875,50.068333333333335,-12.980833333333331,1,21,22,0.5620000000000005,-81.85249999999995,4.5,0.14,200.0,23.6,4800.0,0.5
ANG_ALL,2026-07-23,1809.3,-56.9,-2189.0399999999995,-859.0565,-3048.0964999999997,43.32,48.25958333333333,-4.939583333333334,10,13,23,2824.15,-5872.246499999999,43.5,0.63,100.0,1866.2,2400.0,77.8
ANOL_ESS_RN,2026-07-23,3.8000000000000003,-1.2000000000000002,23.160750000000004,4.1659999999999995,27.326750000000004,37.290416666666665,31.524895833333332,5.765520833333333,18,4,22,35.17875000000001,-7.852,81.8,1.0,240.0,5.0,5760.0,0.1
ANTL_ESS_ES1,2026-07-23,5.0,-63.3,-35.21099999999999,-475.18975,-510.40075,44.461666666666666,51.51885416666667,-7.0571875,6,18,24,110.04674999999997,-620.4474999999999,25.0,0.53,70.0,68.3,1680.0,4.1
APPLE_ESR_RN,2026-07-23,1.0,0.0,-3.370000000000001,0.0,-3.370000000000001,0.995,1.1354166666666667,-0.14041666666666672,0,1,1,0.0,-3.370000000000001,0.0,0.0,0.0,1.0,0.0,0.0
ARY_BESS_RN,2026-07-23,2.0,0.0,-22.822500000000005,0.0,-22.822500000000005,6.633749999999999,10.137083333333335,-3.503333333333334,0,2,2,0.0,-22.822500000000005,0.0,0.0,180.0,2.0,4320.0,0.0
AVIL_ESS_RN,2026-07-23,102.9,-3.5000000000000004,-1253.0784999999998,-53.90725000000001,-1306.9857499999998,45.94708333333333,56.67583333333334,-10.72875,6,18,24,151.93599999999998,-1458.9217499999997,25.0,0.31,160.0,106.4,3840.0,2.8
AZURE_RN,2026-07-23,121.3,-17.5,525.40075,200.32274999999998,725.7235000000001,33.48625,28.358854166666664,5.127395833333334,18,4,22,818.79325,-93.06974999999994,81.8,1.96,77.6,138.8,1862.3999999999999,7.5
BATCAVE_RN,2026-07-23,33.5,-202.6,-780.1984999999999,-3321.54825,-4101.746749999999,41.87,53.9528125,-12.082812499999998,4,19,23,43.13625,-4144.883,17.4,0.05,100.5,236.1,2412.0,9.8
BAYC_BESS_RN,2026-07-23,3.4000000000000004,-5.2,-39.8935,-19.708750000000006,-59.602250000000005,37.969166666666666,44.923750000000005,-6.954583333333335,5,18,23,15.219000000000001,-74.82124999999999,21.7,0.73,9.9,8.600000000000001,237.60000000000002,3.6
BCK_RN,2026-07-23,2248.4,-346.4,-28607.50525,-1625.4282500000002,-30232.9335,34.73041666666666,41.40260416666667,-6.6721875,5,19,24,388.67150000000015,-30621.605,20.8,0.05,126.5,2594.8,3036.0,85.5
BCNV2_ES_RN,2026-07-23,3.0,0.0,-2.3374999999999986,0.0,-2.3374999999999986,13.234583333333333,14.075729166666667,-0.8411458333333336,1,2,3,2.1875,-4.524999999999999,33.3,0.97,150.0,3.0,3600.0,0.1
BCNV_RN,2026-07-23,0.0,-1.0,0.0,-16.255000000000003,-16.255000000000003,5.584166666666667,7.116145833333333,-1.5319791666666667,0,1,1,0.0,-16.255000000000003,0.0,0.0,150.0,1.0,3600.0,0.0
BEXAR_ES_RN,2026-07-23,1104.1,-12.700000000000001,-5812.545250000001,-322.6315,-6135.1767500000005,39.02583333333333,51.52520833333333,-12.499375,4,20,24,739.13075,-6874.307500000001,16.7,0.54,100.0,1116.8,2400.0,46.5
BIGSTAR_ALL,2026-07-23,21.4,-38.0,-454.9355,-483.6865,-938.6220000000001,38.33875,49.88822916666666,-11.549479166666666,4,20,24,52.66799999999999,-991.29,16.7,0.27,80.0,59.4,1920.0,3.1
BKBN_RN,2026-07-23,0.0,0.0,0.0,0.0,0.0,38.908,50.9965,-12.0885,0,0,0,0.0,0.0,0.0,0.0,121.0,0.0,2904.0,0.0
BKSL_RN,2026-07-23,2.6,-12.200000000000001,10.2595,188.208,198.46750000000003,29.72458333333333,24.510208333333335,5.2143749999999995,12,2,14,199.45049999999998,-0.9829999999999999,85.7,33.82,100.0,14.8,2400.0,0.6
BLACKSPR_RN,2026-07-23,1.0,-18.0,2.625,160.02,162.645,7.2375,6.565416666666667,0.6720833333333336,8,0,8,162.645,0.0,100.0,99.99,120.0,19.0,2880.0,0.7
BLSMT1_5_A_6,2026-07-23,240.3,-11.9,351.30700000000024,76.16524999999999,427.4722500000002,32.73875,27.014791666666667,5.723958333333333,18,6,24,1234.2415,-806.7692499999999,75.0,0.51,150.0,252.20000000000002,3600.0,7.0
BLUEJAY_RN,2026-07-23,14.6,-32.2,29.831499999999995,124.93000000000009,154.7615000000001,39.461666666666666,36.61541666666667,2.846250000000001,15,7,22,214.50350000000003,-59.74199999999996,68.2,1.68,50.0,46.800000000000004,1200.0,3.9
BLVN_RN,2026-07-23,1401.3999999999999,-63.9,20274.4565,446.72799999999984,20721.1845,32.916666666666664,26.21677083333333,6.699895833333334,19,4,23,20737.430750000003,-16.246250000000003,82.6,268.73,180.0,1465.3,4320.0,33.9
BOCO_ESS_RN,2026-07-23,37.7,-3.2,82.80100000000006,-8.802500000000004,73.99850000000005,45.030833333333334,46.220104166666665,-1.1892708333333335,12,10,22,148.59725000000006,-74.59875,54.5,1.66,150.0,40.900000000000006,3600.0,1.1
BRHEIGHT_RN,2026-07-23,12.1,-46.2,-15.170999999999994,-27.29950000000006,-42.47050000000006,39.21208333333333,40.172916666666666,-0.960833333333333,9,14,23,35.10974999999997,-77.58025000000005,39.1,0.7,10.0,58.300000000000004,240.0,24.3
BRPANGLE_RN,2026-07-23,1.0,-39.0,-6.6875,-76.07625000000003,-82.76375000000003,5.208749999999999,5.9792708333333335,-0.7705208333333337,6,16,22,43.295,-126.05875000000003,27.3,0.92,10.0,40.0,240.0,16.7
BRPMAGNO_RN,2026-07-23,74.10000000000001,-74.7,-375.5870000000001,-200.48050000000012,-576.0675000000002,19.6375,20.707395833333333,-1.0698958333333337,6,13,19,51.508749999999964,-627.5762500000001,31.6,0.18,7.5,148.8,180.0,82.7
BRP_BRAZ_RN,2026-07-23,2.5,-80.8,-13.098500000000001,-118.31425,-131.41275000000002,38.657916666666665,41.39416666666667,-2.7362500000000005,6,18,24,34.57599999999997,-165.98874999999998,25.0,0.62,10.0,83.3,240.0,34.7
BRP_DIKN_RN,2026-07-23,31.1,-10.0,-78.16749999999992,-22.4625,-100.62999999999991,4.625416666666666,4.7560416666666665,-0.1306249999999999,1,2,3,14.100000000000009,-114.72999999999992,33.3,0.25,10.0,41.1,240.0,17.1
BRP_LOOP_RN,2026-07-23,22.7,-39.3,-171.83275,-402.58125000000007,-574.414,10.700833333333334,16.895,-6.194166666666667,0,8,8,0.0,-574.4140000000001,0.0,0.0,10.0,62.0,240.0,25.8
BRP_LOP1_RN,2026-07-23,39.099999999999994,0.0,-1130.172,0.0,-1130.172,6.677499999999999,9.695625,-3.018125,0,4,4,0.0,-1130.172,0.0,0.0,0.0,39.099999999999994,0.0,0.0
BRP_PBL1_RN,2026-07-23,147.1,-12.0,-1422.13775,-113.745,-1535.88275,32.165,39.4603125,-7.2953125000000005,4,17,21,89.0025,-1624.88525,19.0,0.23,10.0,159.1,240.0,66.3
BRP_PBL2_RN,2026-07-23,4.0,0.0,-10.402500000000003,0.0,-10.402500000000003,11.937083333333334,12.926458333333334,-0.989375,1,3,4,10.3975,-20.800000000000004,25.0,1.5,10.0,4.0,240.0,1.7
BRP_RN_UNIT1,2026-07-23,56.9,-2.7,-2227.3755,-9.218750000000002,-2236.59425,39.69291666666667,51.76135416666667,-12.0684375,4,20,24,6.3622499999999995,-2242.9565,16.7,0.01,10.0,59.6,240.0,24.8
BRP_SWNY_RN,2026-07-23,0.0,-3.0,0.0,-4.0425,-4.0425,7.667083333333333,8.278541666666667,-0.6114583333333337,0,1,1,0.0,-4.0425,0.0,0.0,10.0,3.0,240.0,1.2
BRP_ZPT1_RN,2026-07-23,2.0,-14.0,-0.29000000000000625,-47.83999999999999,-48.129999999999995,5.420833333333333,5.837083333333333,-0.41625000000000006,3,5,8,18.445,-66.57499999999999,37.5,0.46,10.0,16.0,240.0,6.7
BRP_ZPT2_RN,2026-07-23,131.4,-2.3000000000000003,-1617.7677499999995,-7.935750000000002,-1625.7034999999996,36.494166666666665,47.29833333333334,-10.804166666666667,5,18,23,168.17674999999997,-1793.8802499999997,21.7,0.34,10.0,133.70000000000002,240.0,55.7
BR_ARROW_ALL,2026-07-23,46.1,-13.200000000000001,240.26525,170.166,410.43125000000003,37.38666666666666,31.468541666666667,5.918125,18,4,22,419.41825,-8.987000000000002,81.8,10.37,51.7,59.300000000000004,1240.8000000000002,4.8
BSS_U1,2026-07-23,20.6,-88.3,-54.755250000000004,-188.91450000000006,-243.66975000000008,39.07833333333333,41.40375,-2.3254166666666674,7,17,24,118.06649999999993,-361.73625,29.2,0.79,9.9,108.9,237.60000000000002,45.8
BUDA_RN,2026-07-23,3.0,-8.0,-124.3325,-344.03499999999997,-468.36749999999995,10.32,15.949687500000001,-5.6296875,0,4,4,0.0,-468.36749999999995,0.0,0.0,9.9,11.0,237.60000000000002,4.6
BYP_RN,2026-07-23,3.0,-357.4,0.5249999999999986,-592.1804999999999,-591.6554999999998,12.210416666666667,13.145312500000001,-0.9348958333333335,2,6,8,2.8424999999999976,-594.4979999999999,25.0,0.01,200.0,360.4,4800.0,7.5
BYRDR_ES_ALL,2026-07-23,2.0,0.0,-0.302500000000002,0.0,-0.302500000000002,5.9575000000000005,6.081354166666666,-0.12385416666666682,1,1,2,1.8299999999999983,-2.1325000000000003,50.0,0.86,50.0,2.0,1200.0,0.2
C5_RN,2026-07-23,1.0,0.0,-10.892500000000005,0.0,-10.892500000000005,6.199166666666667,6.5871875,-0.3880208333333339,0,1,1,0.0,-10.892500000000005,0.0,0.0,0.0,1.0,0.0,0.0
CACH_ESS_RN,2026-07-23,4.3,-2.6,-93.316,-7.865250000000003,-101.18125,39.56375,52.165416666666665,-12.601666666666667,4,20,24,6.049499999999998,-107.23074999999999,16.7,0.28,200.0,6.9,4800.0,0.1
CAMWIND_RN,2026-07-23,64.2,-102.7,-822.91725,-972.6410000000001,-1795.5582500000003,38.954166666666666,49.82010416666666,-10.865937500000001,2,22,24,76.57574999999997,-1872.1340000000002,8.3,0.45,16.4,166.9,393.59999999999997,42.4
CARA_ESS_RN,2026-07-23,3.0,0.0,-53.54499999999999,0.0,-53.54499999999999,7.018750000000001,9.766666666666666,-2.7479166666666655,0,3,3,0.0,-53.54499999999999,0.0,0.0,98.3,3.0,2359.2,0.1
CARN_ESS_RN,2026-07-23,3.2,-3.7,-60.244,-25.39425,-85.63825,36.870416666666664,49.040416666666665,-12.17,2,22,24,1.7399999999999993,-87.37825,8.3,0.22,150.0,6.9,3600.0,0.2
CARRIZO_ESR1,2026-07-23,1.8,-52.4,-49.829499999999996,-3329.56675,-3379.3962500000002,38.581250000000004,115.1346875,-76.5534375,2,21,23,3.894500000000001,-3383.29075,8.7,0.01,9.8,54.199999999999996,235.20000000000002,23.0
CARTWHL_RN,2026-07-23,0.0,-24.0,0.0,188.83499999999998,188.83499999999998,4.51375,3.783958333333333,0.7297916666666664,3,1,4,191.07,-2.2350000000000136,75.0,28.5,150.0,24.0,3600.0,0.7
CASL_GAP_UN1,2026-07-23,115.0,-90.5,-515.01825,-1755.60775,-2270.6259999999997,46.715,57.1540625,-10.4390625,6,18,24,217.11100000000002,-2487.737,25.0,0.26,3.9,205.5,93.6,219.6
CAST_ESS_RN,2026-07-23,1.0,-19.0,-2.2225,-34.567500000000024,-36.79000000000002,4.179583333333333,5.04125,-0.8616666666666665,1,4,5,0.6024999999999991,-37.39250000000002,20.0,0.06,200.0,20.0,4800.0,0.4
CATARINA_B1,2026-07-23,112.5,-292.0,-568.76925,-2100.69025,-2669.4595000000004,44.89208333333334,53.8790625,-8.986979166666666,5,19,24,400.8994999999998,-3070.3590000000004,20.8,0.5,9.9,404.5,237.60000000000002,170.2
CEDRVALE_RN,2026-07-23,2.8000000000000003,-62.9,-4.2569999999999935,-128.93624999999983,-133.19324999999984,47.8525,58.41677083333334,-10.564270833333333,7,15,22,213.41500000000022,-346.6082500000001,31.8,1.32,9.9,65.7,237.60000000000002,27.7
CFLAT_ES_RN,2026-07-23,4.0,-108.0,-77.25500000000001,-573.755,-651.01,8.252916666666666,12.7171875,-4.464270833333334,2,13,15,97.67500000000001,-748.6850000000001,13.3,0.85,100.0,112.0,2400.0,4.7
CHIL_SLR,2026-07-23,341.3,-25.8,1609.6727499999997,59.77325000000003,1669.446,33.64333333333334,28.407187500000003,5.2361458333333335,18,6,24,1805.9547499999999,-136.50875000000002,75.0,4.41,150.0,367.1,3600.0,10.2
CISC_RN,2026-07-23,3.9000000000000004,-8.8,19.2695,78.16525000000001,97.43475000000002,39.70333333333333,34.805,4.898333333333333,18,4,22,102.63750000000002,-5.20275,81.8,4.38,9.9,12.700000000000001,237.60000000000002,5.3
CITRUSCY_RN,2026-07-23,5.2,-2.9000000000000004,-54.521,-6.9552499999999995,-61.47625,35.29375,45.834375,-10.540624999999999,5,18,23,7.655250000000002,-69.1315,21.7,0.4,9.9,8.100000000000001,237.60000000000002,3.4
CLO_RN,2026-07-23,4.6000000000000005,-55.7,-16.783249999999995,60.41300000000005,43.62975000000007,40.39041666666667,39.94291666666667,0.4475000000000011,10,14,24,165.84775000000002,-122.21799999999995,41.7,1.9,100.0,60.300000000000004,2400.0,2.5
CLT_RN,2026-07-23,0.0,0.0,0.0,0.0,0.0,44.715,48.18125,-3.4662499999999987,0,0,0,0.0,0.0,0.0,0.0,100.0,0.0,2400.0,0.0
CNLY_ESS_RN,2026-07-23,5.0,-13.2,34.42225,71.60499999999999,106.02724999999998,37.645833333333336,31.60354166666667,6.042291666666667,17,5,22,135.50224999999998,-29.474999999999998,77.3,1.35,125.0,18.2,3000.0,0.6
CNTRY_RN,2026-07-23,3.5,-51.4,27.13825,332.97650000000004,360.1147500000001,37.92166666666667,30.74864583333333,7.173020833333333,19,4,23,408.40125,-48.286500000000004,82.6,1.78,9.8,54.9,235.20000000000002,23.3
CNTYRDS_RN,2026-07-23,2.0,0.0,-4.484999999999999,0.0,-4.484999999999999,2.0325,2.219375,-0.18687499999999999,0,2,2,0.0,-4.484999999999999,0.0,0.0,9.9,2.0,237.60000000000002,0.8
CONTINEN_RN,2026-07-23,91.0,-10.0,-1901.6924999999999,-20.367499999999993,-1922.06,29.922083333333333,38.23677083333333,-8.3146875,3,13,16,40.69999999999999,-1962.7599999999998,18.8,0.09,9.9,101.0,237.60000000000002,42.5
CORALSLR_ALL,2026-07-23,699.3,-52.699999999999996,9175.05775,541.99625,9717.054,34.66916666666666,28.078958333333333,6.590208333333333,19,5,24,9765.116999999998,-48.063000000000024,79.2,53.47,51.4,752.0,1233.6,61.0
CORAZON_RN,2026-07-23,67.60000000000001,-34.6,-1520.1725000000001,-253.20075,-1773.37325,36.93541666666667,50.471354166666664,-13.535937500000001,2,21,23,0.4795000000000002,-1773.8527500000002,8.7,0.0,200.0,102.20000000000002,4800.0,2.1
COTULLA_RN,2026-07-23,7.2,-87.5,-120.65300000000002,-795.2177500000001,-915.8707500000002,40.15541666666667,49.6,-9.444583333333334,4,19,23,204.44449999999995,-1120.31525,17.4,0.87,9.9,94.7,237.60000000000002,39.9
COYOTSPR_RN,2026-07-23,0.0,-16.5,0.0,-468.55875000000015,-468.55875000000015,6.31,8.816458333333335,-2.5064583333333337,0,1,1,0.0,-468.55875000000015,0.0,0.0,9.9,16.5,237.60000000000002,6.9
CROSSETT_ALL,2026-07-23,207.0,-84.3,-9.972000000000492,-661.5345,-671.5065000000005,46.66,57.1096875,-10.449687500000001,6,18,24,710.3934999999994,-1381.9,25.0,1.54,100.0,291.3,2400.0,12.1
CROSSTRL_RN,2026-07-23,7.2,-3.3000000000000003,6.210999999999995,-20.652250000000006,-14.44125000000001,47.834583333333335,48.84375,-1.009166666666667,14,10,24,44.38825,-58.82950000000001,58.3,0.54,57.0,10.5,1368.0,0.8
CR_RN,2026-07-23,2.8000000000000003,-2.5000000000000004,-2.1102500000000006,4.400750000000004,2.2905000000000033,39.8275,39.5153125,0.312187500000001,11,13,24,14.723250000000002,-12.432749999999997,45.8,1.4,9.8,5.300000000000001,235.20000000000002,2.3
CS_RN,2026-07-23,21.5,-0.7000000000000001,-167.13975000000002,-2.599,-169.73875,25.279583333333335,24.1853125,1.0942708333333337,6,8,14,2.3272499999999994,-172.06600000000003,42.9,0.02,7.0,22.2,168.0,13.2
CTW_RN,2026-07-23,31.9,-7.699999999999999,-142.69325,-24.58500000000002,-167.27825,38.64875,40.85239583333333,-2.203645833333334,6,17,23,7.634999999999998,-174.91325000000003,26.1,0.12,150.0,39.599999999999994,3600.0,1.1
DAN_ALL,2026-07-23,169.2,-39.199999999999996,-3115.7505,-371.1694999999999,-3486.92,35.15291666666666,43.46666666666667,-8.31375,5,19,24,20.178749999999983,-3507.0987500000006,20.8,0.02,76.3,208.39999999999998,1831.1999999999998,11.4
DA_BESS,2026-07-23,0.1,-29.3,-1.2762500000000003,-80.31925000000005,-81.59550000000006,5.436666666666667,6.043541666666667,-0.6068749999999999,2,9,11,31.547999999999995,-113.14350000000005,18.2,1.25,5.0,29.400000000000002,120.0,24.5
DA_BESS2,2026-07-23,0.0,0.0,0.0,0.0,0.0,50.53,42.8325,7.697499999999998,0,0,0,0.0,0.0,0.0,0.0,9.9,0.0,237.60000000000002,0.0
DC2SES_ALL,2026-07-23,3.5,-175.7,24.77675,1350.9292500000001,1375.7060000000001,38.17458333333333,31.174895833333334,6.9996875,18,5,23,1398.4672500000001,-22.761249999999997,78.3,17.07,66.5,179.2,1596.0,11.2
DESN_ESS_RN,2026-07-23,2.0,0.0,-8.75,0.0,-8.75,7.534166666666667,8.611770833333333,-1.0776041666666667,0,2,2,0.0,-8.75,0.0,0.0,200.0,2.0,4800.0,0.0
DGFS_ESR_RN,2026-07-23,102.9,-3.5000000000000004,-1248.08325,-53.45225000000001,-1301.5355,46.05416666666667,56.72427083333333,-10.670104166666667,6,18,24,154.74500000000003,-1456.2804999999998,25.0,0.32,75.0,106.4,1800.0,5.9
DIBOL_RN,2026-07-23,1.4,-0.2,23.337249999999997,-1.6089999999999998,21.728249999999996,9.634583333333333,7.0765625000000005,2.5580208333333334,5,2,7,23.337249999999997,-1.6089999999999998,71.4,5.8,9.9,1.5999999999999999,237.60000000000002,0.7
DKNS_ESS_RN,2026-07-23,1.0,-2.0,-2.5174999999999983,-7.880000000000006,-10.397500000000004,3.31625,3.749479166666667,-0.43322916666666683,1,2,3,10.392499999999998,-20.790000000000003,33.3,1.0,50.0,3.0,1200.0,0.2
DRAK_ESS_RN,2026-07-23,0.0,0.0,0.0,0.0,0.0,39.95,51.6725,-11.722499999999997,0,0,0,0.0,0.0,0.0,0.0,150.0,0.0,3600.0,0.0
DSWL_BES1,2026-07-23,1.4,-0.2,-1.92625,-1.6544999999999996,-3.5807499999999988,12.11625,9.553229166666666,2.5630208333333337,4,2,6,6.276250000000001,-9.857,66.7,0.32,150.0,1.5999999999999999,3600.0,0.0
EBNY_ESS_RN,2026-07-23,10.899999999999999,-12.6,-41.44975000000002,-157.21025,-198.66,39.56583333333334,51.54239583333333,-11.9765625,4,20,24,76.96450000000002,-275.62449999999995,16.7,1.4,200.0,23.5,4800.0,0.5
ELMCRK_RN,2026-07-23,12.700000000000001,-1.7000000000000002,31.981999999999985,2.7849999999999984,34.76699999999998,39.54625,35.85458333333333,3.6916666666666664,15,7,22,59.862249999999996,-25.095250000000018,68.2,1.11,9.9,14.400000000000002,237.60000000000002,6.1
ELM_ST_RN,2026-07-23,3.0,0.0,-54.9025,0.0,-54.9025,7.451666666666667,9.344479166666666,-1.8928125,1,2,3,1.0299999999999976,-55.932500000000005,33.3,0.04,9.9,3.0,237.60000000000002,1.3
ELM_ST_RN2,2026-07-23,0.0,0.0,0.0,0.0,0.0,6.872083333333333,10.014583333333334,-3.1425000000000005,0,0,0,0.0,0.0,0.0,0.0,9.9,0.0,237.60000000000002,0.0
ELSA_ESR_RN,2026-07-23,4.5,-89.7,-71.29500000000002,-2007.14225,-2078.43725,37.24125,49.176562499999996,-11.9353125,3,19,22,0.7870000000000006,-2079.2242500000007,13.6,0.0,9.9,94.2,237.60000000000002,39.6
ELZA_SLR_RN,2026-07-23,22.7,-28.200000000000003,121.65075000000003,254.18224999999998,375.833,37.3425,31.527916666666666,5.814583333333334,18,4,22,384.71125,-8.878249999999996,81.8,9.63,100.0,50.900000000000006,2400.0,2.1
EMPCT_RN,2026-07-23,4.6000000000000005,-14.2,28.266,155.74349999999998,184.00949999999997,37.86291666666667,31.550208333333334,6.312708333333333,19,4,23,191.97349999999997,-7.964000000000002,82.6,5.07,9.9,18.8,237.60000000000002,7.9
ENDPARK_ESS1,2026-07-23,4.4,-31.5,7.6925,7.34599999999999,15.038499999999992,32.836666666666666,30.648958333333336,2.187708333333333,15,8,23,144.3375,-129.299,65.2,0.6,50.0,35.9,1200.0,3.0
ESCONDID_ESR,2026-07-23,1.2000000000000002,-4.800000000000001,-23.0085,-38.925000000000004,-61.9335,39.99208333333333,50.13625,-10.144166666666667,4,17,21,8.4435,-70.37700000000001,19.0,0.51,0.0,6.000000000000001,0.0,0.0
ESTONIAN_ALL,2026-07-23,32.199999999999996,-24.6,165.29375000000002,97.28750000000001,262.58125,37.41875,31.472291666666663,5.946458333333335,19,4,23,336.03275,-73.45149999999997,82.6,0.96,101.6,56.8,2438.3999999999996,2.3
EUNICE_ALL,2026-07-23,884.0,-62.699999999999996,-3786.6915,-1670.9534999999998,-5457.6449999999995,29.87125,35.9284375,-6.0571875,8,14,22,857.5747500000002,-6315.21975,36.4,0.24,22.0,946.7,528.0,179.3
EVLN_ESS_RN,2026-07-23,6.1000000000000005,-2.2,-1.7852499999999931,-1.2582499999999976,-3.043499999999991,39.355,40.14083333333333,-0.7858333333333327,9,14,23,8.688249999999998,-11.731749999999987,39.1,1.15,220.0,8.3,5280.0,0.2
E_HARRIS_RN,2026-07-23,5.0,0.0,-44.027499999999996,0.0,-44.027499999999996,7.6575,9.357395833333333,-1.6998958333333334,1,3,4,3.344999999999999,-47.372499999999995,25.0,0.21,9.9,5.0,237.60000000000002,2.1
FALFUR_RN,2026-07-23,84.39999999999999,-16.7,-1245.5925000000002,-163.77149999999997,-1409.364,35.2975,49.3675,-14.07,0,23,23,0.0,-1409.364,0.0,0.0,9.9,101.1,237.60000000000002,42.6
FALFUR_RN2,2026-07-23,2.0,0.0,-8.739999999999998,0.0,-8.739999999999998,31.0275,52.1975,-21.169999999999998,0,2,2,0.0,-8.739999999999998,0.0,0.0,9.8,2.0,235.20000000000002,0.9
FAULKNER_RN,2026-07-23,0.0,-4.0,0.0,37.860000000000014,37.860000000000014,1.2529166666666667,1.2691666666666668,-0.016250000000000025,1,0,1,37.860000000000014,0.0,100.0,99.99,9.9,4.0,237.60000000000002,1.7
FENCESLR_ALL,2026-07-23,36.7,-3.4000000000000004,284.98825,22.013749999999998,307.002,36.34583333333333,30.983437499999997,5.362395833333333,18,2,20,312.18375000000003,-5.181750000000001,90.0,6.69,71.0,40.1,1704.0,2.4
FERD_ESS_RN,2026-07-23,13.0,-9.0,-220.72749999999996,-42.08250000000001,-262.80999999999995,20.115,25.59,-5.474999999999999,3,9,12,37.565000000000005,-300.37499999999994,25.0,0.38,200.0,22.0,4800.0,0.5
FIVEWSLR_ALL,2026-07-23,1117.3,-17.9,5692.901999999999,-4.997999999999966,5687.9039999999995,16.980416666666667,11.630625,5.349791666666666,17,5,22,5943.248999999999,-255.3450000000001,77.3,6.85,220.0,1135.2,5280.0,21.5
FLOWERII_RN,2026-07-23,98.9,-49.8,710.4702499999999,-282.10625,428.3639999999999,47.94708333333333,58.07458333333333,-10.1275,7,17,24,825.5695,-397.20550000000003,29.2,5.05,100.0,148.7,2400.0,6.2
FLTBES1,2026-07-23,1.0,-16.0,-5.725000000000001,-59.94999999999996,-65.67499999999995,3.4804166666666667,3.2729166666666667,0.20750000000000016,0,3,3,0.0,-65.67499999999995,0.0,0.0,8.5,17.0,204.0,8.3
FLVABES1_ESR,2026-07-23,69.6,-3.5999999999999996,60.585000000000065,-15.622499999999995,44.96250000000007,21.032083333333336,27.05395833333333,-6.021874999999998,3,4,7,95.64250000000003,-50.67999999999995,42.9,2.52,9.9,73.19999999999999,237.60000000000002,30.8
FORTMA_RN,2026-07-23,50.0,-27.0,-554.425,-597.18,-1151.6049999999998,27.838333333333335,34.921458333333334,-7.083124999999999,2,15,17,66.73500000000001,-1218.3399999999997,11.8,0.41,9.8,77.0,235.20000000000002,32.7
FRMRSVLW_RN,2026-07-23,4.7,-1.2000000000000002,42.200500000000005,5.143999999999998,47.344500000000004,37.4375,31.477500000000003,5.96,18,4,22,55.37200000000001,-8.027500000000003,81.8,1.53,9.9,5.9,237.60000000000002,2.5
FRMR_BS2_RN1,2026-07-23,2.0,0.0,10.897499999999997,0.0,10.897499999999997,8.192916666666667,7.141354166666667,1.0515624999999997,2,0,2,10.897499999999997,0.0,100.0,99.99,6.0,2.0,144.0,1.4
FTDUNCAN_RN,2026-07-23,2.2,-4.800000000000001,-33.183,-34.150000000000006,-67.333,39.85666666666666,50.03875,-10.182083333333333,4,18,22,8.5225,-75.85549999999999,18.2,0.51,100.0,7.000000000000001,2400.0,0.3
GAIA_SLR_RN,2026-07-23,13.0,0.0,78.70250000000001,0.0,78.70250000000001,17.197083333333335,13.329895833333333,3.8671875,11,0,11,78.70250000000001,0.0,100.0,99.99,75.0,13.0,1800.0,0.7
GAMBIT_RN,2026-07-23,0.0,-93.60000000000001,0.0,-265.1907500000001,-265.1907500000001,38.654583333333335,41.4025,-2.7479166666666672,6,16,22,43.295,-308.4857500000001,27.3,0.37,100.0,93.60000000000001,2400.0,3.9
GARC_BESS_RN,2026-07-23,3.6,-2.7,-47.0615,2.176000000000003,-44.8855,35.927083333333336,44.93052083333333,-9.003437499999999,7,17,24,13.807500000000005,-58.693,29.2,0.57,9.9,6.300000000000001,237.60000000000002,2.7
GIGA_ESS_RN,2026-07-23,28.6,-9.200000000000001,-326.0855000000002,-426.55199999999996,-752.6375000000002,40.6625,57.83708333333333,-17.174583333333334,4,20,24,7.204500000000001,-759.8420000000001,16.7,0.05,119.0,37.800000000000004,2856.0,1.3
GKS_BESS_RN,2026-07-23,305.40000000000003,-152.39999999999998,-8498.9225,-1015.4179999999993,-9514.3405,37.696666666666665,50.90052083333333,-13.203854166666666,1,22,23,0.6785000000000011,-9515.019000000002,4.3,0.0,87.0,457.8,2088.0,21.9
GODY_SLR_RN,2026-07-23,123.4,-10.0,-300.23300000000006,52.10999999999997,-248.1230000000001,8.407916666666667,8.913229166666666,-0.5053125000000004,4,7,11,73.27249999999994,-321.3955000000001,36.4,0.4,0.0,133.4,0.0,0.0
GOMZ_RN,2026-07-23,3.9000000000000004,-11.3,-10.089999999999998,9.059249999999981,-1.0307500000000154,47.321666666666665,57.89822916666666,-10.5765625,6,17,23,77.17349999999999,-78.20425000000002,26.1,2.8,9.9,15.200000000000001,237.60000000000002,6.4
GOODWIN_ESR,2026-07-23,74.2,-2.8000000000000003,-1368.8509999999999,5.423499999999999,-1363.4275,35.70166666666667,43.91947916666667,-8.2178125,6,16,22,68.84000000000002,-1432.2675000000002,27.3,0.13,9.0,77.0,216.0,35.6
GRDNE_ESR_RN,2026-07-23,2.8000000000000003,-115.3,-0.4935000000000105,-1416.9972500000001,-1417.4907500000002,48.949999999999996,59.92864583333333,-10.978645833333337,10,14,24,282.9772499999999,-1700.468,41.7,0.23,9.9,118.1,237.60000000000002,49.7
GREGORY_RN,2026-07-23,23.4,-33.6,-532.6825,-259.5997500000001,-792.2822500000001,37.643750000000004,48.93854166666667,-11.294791666666669,4,20,24,2.825999999999999,-795.10825,16.7,0.02,9.9,57.0,237.60000000000002,24.0
GUNR_RN,2026-07-23,0.0,0.0,0.0,0.0,0.0,39.22,44.9425,-5.7225,0,0,0,0.0,0.0,0.0,0.0,150.0,0.0,3600.0,0.0
GZ_RN,2026-07-23,123.89999999999999,-2.2,-172.78499999999997,4.661999999999999,-168.12299999999996,39.53791666666667,38.96604166666667,0.5718749999999991,11,12,23,183.07050000000004,-351.19350000000003,47.8,0.57,6.0,126.1,144.0,87.6
HAMI_BESS_RN,2026-07-23,0.0,-49.0,0.0,-662.2049999999999,-662.2049999999999,3.2424999999999997,4.427291666666666,-1.1847916666666665,2,15,17,63.29499999999997,-725.5,11.8,0.65,9.9,49.0,237.60000000000002,20.6
HARLIN_1_RN,2026-07-23,4.0,-37.0,-27.085,-633.4575,-660.5425,7.490833333333334,9.261875,-1.7710416666666664,2,17,19,12.6325,-673.1750000000001,10.5,0.16,0.0,41.0,0.0,0.0
HEADCAMP_RN,2026-07-23,1.0,0.0,-6.4375,0.0,-6.4375,4.367083333333333,4.676875,-0.30979166666666674,0,1,1,0.0,-6.4375,0.0,0.0,150.0,1.0,3600.0,0.0
HEARN_RD_RN,2026-07-23,173.2,-2.7,-2359.4514999999997,-15.74475,-2375.19625,36.989583333333336,49.102916666666665,-12.113333333333332,3,20,23,44.555750000000025,-2419.752,13.0,0.12,9.8,175.89999999999998,235.20000000000002,74.8
HEN_RN,2026-07-23,1.0,0.0,-1.245000000000001,0.0,-1.245000000000001,4.215833333333333,4.220833333333333,-0.005000000000000042,0,1,1,0.0,-1.245000000000001,0.0,0.0,150.0,1.0,3600.0,0.0
HI_LONEB_RN1,2026-07-23,14.8,-5.6000000000000005,-137.57825,-106.93900000000001,-244.51725,45.31875,55.935,-10.61625,5,18,23,8.191000000000003,-252.70825,21.7,0.12,50.0,20.400000000000002,1200.0,1.7
HLY_RN,2026-07-23,1.0,0.0,3.6625000000000014,0.0,3.6625000000000014,4.78875,4.617916666666667,0.1708333333333337,1,0,1,3.6625000000000014,0.0,100.0,99.99,102.0,1.0,2448.0,0.0
HMNG_ESS_RN,2026-07-23,1.5,-5.2,8.561749999999998,27.01125,35.573,11.6875,9.0278125,2.6596874999999995,8,2,10,37.473,-1.9000000000000008,80.0,4.93,100.0,6.7,2400.0,0.3
HNY_COMB_RN,2026-07-23,0.0,0.0,0.0,0.0,0.0,39.17125,46.8775,-7.706249999999999,0,0,0,0.0,0.0,0.0,0.0,61.5,0.0,1476.0,0.0
HOLCOMB_RN1,2026-07-23,0.0,0.0,0.0,0.0,0.0,38.550000000000004,50.79291666666666,-12.242916666666668,0,0,0,0.0,0.0,0.0,0.0,9.9,0.0,237.60000000000002,0.0
HOUSEMTN_RN,2026-07-23,89.7,-29.0,-499.4557500000002,-130.72025000000002,-630.1760000000002,45.51125,57.418749999999996,-11.9075,4,20,24,21.457999999999977,-651.6340000000002,16.7,0.16,60.0,118.7,1440.0,8.2
HRMS_SLR_RN,2026-07-23,2.0,0.0,-0.8200000000000038,0.0,-0.8200000000000038,4.665,4.043854166666667,0.6211458333333334,1,1,2,1.1074999999999982,-1.927500000000002,50.0,0.57,100.0,2.0,2400.0,0.1
HV_BESS1_RN,2026-07-23,52.0,0.0,-166.78749999999997,0.0,-166.78749999999997,26.909583333333334,26.2271875,0.6823958333333336,3,3,6,114.51250000000007,-281.30000000000007,50.0,0.41,9.0,52.0,216.0,24.1
HWY6_RN,2026-07-23,0.0,0.0,0.0,0.0,0.0,5.454583333333333,4.3722916666666665,1.0822916666666664,0,0,0,0.0,0.0,0.0,0.0,9.9,0.0,237.60000000000002,0.0
HYDR_ESS_RN,2026-07-23,4.0,-10.2,-43.64999999999999,-62.43600000000001,-106.08600000000001,7.095,8.91375,-1.8187499999999996,3,4,7,59.64825000000002,-165.73425,42.9,0.48,200.0,14.2,4800.0,0.3
IND_INADALE1,2026-07-23,85.7,-70.9,1661.51975,321.06550000000004,1982.58525,34.18458333333333,24.401041666666668,9.783541666666666,17,4,21,2108.1492500000004,-125.56400000000002,81.0,3.95,9.9,156.60000000000002,237.60000000000002,65.9
INRT_W_ALL,2026-07-23,2094.6,-32.1,7333.951499999999,161.51350000000002,7495.464999999998,33.30958333333333,28.120416666666667,5.189166666666667,19,5,24,12307.616750000001,-4812.151750000001,79.2,0.67,13.0,2126.7,312.0,681.6
JADE_SLR_ALL,2026-07-23,121.8,-12.0,717.3392499999999,63.38625000000001,780.7254999999999,32.78958333333333,28.10864583333333,4.6809375,18,6,24,973.72375,-192.99824999999998,75.0,1.68,81.9,133.8,1965.6000000000001,6.8
JAG_SLR_RN,2026-07-23,108.8,-2.5,537.4409999999998,11.485999999999999,548.9269999999998,33.22416666666667,28.435000000000002,4.789166666666666,18,3,21,570.7282499999998,-21.801249999999996,85.7,4.36,150.0,111.3,3600.0,3.1
JAR_RN,2026-07-23,1.8000000000000003,-8.9,-5.660500000000002,4.1205000000000105,-1.5399999999999927,35.759166666666665,40.7190625,-4.959895833333333,4,18,22,24.806000000000008,-26.346,18.2,4.24,156.0,10.700000000000001,3744.0,0.3
JC_BAT_RN,2026-07-23,5.4,-30.5,-108.84174999999999,-560.082,-668.9237499999999,41.77,56.69677083333334,-14.92677083333333,4,20,24,77.31050000000002,-746.23425,16.7,0.52,1.2,35.9,28.799999999999997,124.7
JDKNS_RN,2026-07-23,19.8,-11.100000000000001,-103.02099999999999,4.815750000000005,-98.20524999999999,48.242916666666666,58.97239583333334,-10.729479166666666,9,14,23,104.19750000000002,-202.40275000000003,39.1,0.8,9.9,30.900000000000002,237.60000000000002,13.0
JUNCTION_RN,2026-07-23,160.5,-31.4,1266.7477499999998,-88.48249999999999,1178.2652499999997,53.67208333333334,51.532604166666665,2.1394791666666664,11,13,24,1781.37575,-603.1105000000001,45.8,3.49,9.9,191.9,237.60000000000002,80.8
JUNORTH_RN,2026-07-23,50.8,-28.0,-155.83399999999997,43.20499999999999,-112.62899999999999,22.495,22.260208333333335,0.23479166666666718,7,10,17,198.84000000000003,-311.469,41.2,0.91,9.9,78.8,237.60000000000002,33.2
KEG_RN,2026-07-23,0.0,-1.0,0.0,-2.519999999999996,-2.519999999999996,6.508333333333333,6.753645833333334,-0.24531249999999982,0,1,1,0.0,-2.519999999999996,0.0,0.0,160.0,1.0,3840.0,0.0
KNAPP_RN,2026-07-23,15.0,-24.0,-19.082499999999968,-366.78,-385.86249999999995,17.279583333333335,17.895,-0.6154166666666661,5,9,14,82.94250000000001,-468.80499999999995,35.7,0.32,0.0,39.0,0.0,0.0
LANTANA_RN,2026-07-23,2.0,-1.0,-10.459999999999994,-9.32,-19.779999999999994,10.96875,16.528645833333332,-5.559895833333333,0,3,3,0.0,-19.779999999999994,0.0,0.0,9.9,3.0,237.60000000000002,1.3
LAUR_BESS_RN,2026-07-23,32.0,-11.0,-465.275,-247.60749999999996,-712.8824999999999,15.722083333333332,19.828333333333333,-4.10625,1,7,8,33.800000000000026,-746.6824999999999,12.5,0.32,9.8,43.0,235.20000000000002,18.3
LBRA_BES1,2026-07-23,4.3,-6.7,-67.35325,-1.8864999999999998,-69.23974999999999,38.93958333333333,51.02239583333333,-12.082812499999998,4,20,24,24.887999999999995,-94.12774999999999,16.7,1.32,200.0,11.0,4800.0,0.2
LEAKEY_RN,2026-07-23,0.0,-3.0,0.0,-21.689999999999994,-21.689999999999994,2.1129166666666666,2.5437499999999997,-0.4308333333333332,0,3,3,0.0,-21.689999999999994,0.0,0.0,0.0,3.0,0.0,0.0
LFSTH_RN,2026-07-23,2.0,0.0,10.632500000000007,0.0,10.632500000000007,7.2370833333333335,6.176354166666667,1.0607291666666667,1,1,2,19.025000000000006,-8.392499999999998,50.0,2.27,9.9,2.0,237.60000000000002,0.8
LIGSW_RN,2026-07-23,5.7,-19.2,33.74900000000001,69.78325,103.53225,37.66375,33.637708333333336,4.026041666666666,16,7,23,145.30675000000002,-41.77450000000001,69.6,1.52,6.0,24.9,144.0,17.3
LILY_RN,2026-07-23,25.7,-19.5,191.61975,133.89599999999996,325.51574999999997,37.6875,31.47875,6.208749999999999,18,5,23,334.98175000000003,-9.466000000000005,78.3,9.83,50.0,45.2,1200.0,3.8
LK_RN,2026-07-23,2.0,0.0,-8.002499999999998,0.0,-8.002499999999998,4.700833333333333,5.253020833333333,-0.5521874999999999,0,2,2,0.0,-8.002499999999998,0.0,0.0,9.9,2.0,237.60000000000002,0.8
LMO_ESR_RN,2026-07-23,3.9000000000000004,-1.5000000000000002,4.9292500000000015,5.619499999999997,10.548749999999998,38.43958333333333,35.91375,2.525833333333333,15,5,20,17.59825,-7.049500000000002,75.0,0.83,100.0,5.4,2400.0,0.2
LONESTAR_RN,2026-07-23,10.799999999999999,-3.1000000000000005,-68.1135,-56.763500000000015,-124.87700000000001,47.98208333333333,58.58479166666667,-10.602708333333334,8,14,22,9.926999999999996,-134.804,36.4,0.13,9.9,13.899999999999999,237.60000000000002,5.9
LON_RN1,2026-07-23,5.9,-50.8,-31.592249999999996,-97.46349999999995,-129.05574999999996,38.5475,40.93020833333333,-2.382708333333334,6,17,23,136.4025,-265.45824999999996,26.1,1.46,174.0,56.699999999999996,4176.0,1.4
LOWR_ESS_RN,2026-07-23,5.0,0.0,-36.08749999999999,0.0,-36.08749999999999,10.407083333333333,12.246458333333331,-1.8393749999999998,0,5,5,0.0,-36.08749999999999,0.0,0.0,60.0,5.0,1440.0,0.3
LUCKYBLU_RN,2026-07-23,2.0,0.0,-2.6524999999999963,0.0,-2.6524999999999963,6.706666666666667,5.9617708333333335,0.7448958333333332,1,1,2,3.844999999999999,-6.497499999999995,50.0,0.59,45.0,2.0,1080.0,0.2
LYNX_ESS_RN,2026-07-23,1.0,0.0,-11.287500000000001,0.0,-11.287500000000001,5.655833333333334,6.4878124999999995,-0.8319791666666667,0,1,1,0.0,-11.287500000000001,0.0,0.0,75.0,1.0,1800.0,0.1
LYSSY_RN,2026-07-23,133.6,-4.6000000000000005,-1587.1952500000002,8.856,-1578.3392500000002,39.83583333333333,50.50010416666667,-10.664270833333335,4,20,24,70.81725,-1649.1565000000003,16.7,0.21,9.9,138.2,237.60000000000002,58.2
L_FRE_ESR_RN,2026-07-23,1.0,-30.8,-5.855000000000004,-450.93825,-456.79325,6.76875,7.501041666666667,-0.7322916666666668,2,15,17,19.221750000000007,-476.015,11.8,0.3,9.9,31.8,237.60000000000002,13.4
MADERO_RN,2026-07-23,0.0,0.0,0.0,0.0,0.0,1.6879166666666665,2.3629166666666666,-0.6750000000000002,0,0,0,0.0,0.0,0.0,0.0,100.0,0.0,2400.0,0.0
MAINLAND_RN,2026-07-23,6.1000000000000005,-2.3000000000000003,-17.0135,-2.318749999999998,-19.332249999999995,38.550000000000004,40.29541666666667,-1.7454166666666662,9,14,23,7.675749999999998,-27.007999999999992,39.1,0.44,9.9,8.4,237.60000000000002,3.5
MEDILA_RN,2026-07-23,106.0,-6.7,-706.09,-11.632500000000011,-717.7225000000001,40.09875,52.24135416666667,-12.142604166666667,4,19,23,128.85249999999996,-846.5749999999999,17.4,0.72,0.0,112.7,0.0,0.0
MEDINA1_RN,2026-07-23,2.0,0.0,-21.014999999999993,0.0,-21.014999999999993,3.7641666666666667,4.6397916666666665,-0.8756249999999998,0,2,2,0.0,-21.014999999999993,0.0,0.0,0.0,2.0,0.0,0.0
MESQUITE_RN,2026-07-23,0.0,0.0,0.0,0.0,0.0,1.4933333333333334,2.8937500000000003,-1.4004166666666666,0,0,0,0.0,0.0,0.0,0.0,9.9,0.0,237.60000000000002,0.0
MESQUITE_RN2,2026-07-23,2.5,0.0,-11.015,0.0,-11.015,8.349583333333333,12.590416666666668,-4.240833333333334,0,3,3,0.0,-11.015,0.0,0.0,0.0,2.5,0.0,0.0
MIDP_SLR_RN,2026-07-23,47.2,-26.699999999999996,273.655,369.0414999999999,642.6964999999999,28.317083333333333,23.00979166666667,5.307291666666667,18,3,21,647.8439999999998,-5.147500000000001,85.7,20.98,50.0,73.9,1200.0,6.2
MIDWY_RN,2026-07-23,0.0,0.0,0.0,0.0,0.0,0.0,0.0,0.0,0,0,0,0.0,0.0,0.0,0.0,9.9,0.0,237.60000000000002,0.0
MILTON_RN,2026-07-23,24.299999999999997,-6.5,-100.25100000000003,-71.10725000000001,-171.35825000000006,39.21125,50.7865625,-11.5753125,4,19,23,74.99099999999997,-246.34925,17.4,1.45,9.9,30.799999999999997,237.60000000000002,13.0
MNWL_BESS_RN,2026-07-23,66.2,-12.200000000000001,971.3557500000001,139.55800000000002,1110.91375,39.942083333333336,32.58572916666667,7.356354166666666,18,5,23,1119.5967500000002,-8.683000000000003,78.3,35.82,9.9,78.4,237.60000000000002,33.0
MOORE_FL_RN,2026-07-23,3.8000000000000003,-3.3000000000000003,-35.3645,-28.184500000000003,-63.549,35.09083333333333,46.913125,-11.822291666666667,5,18,23,4.988250000000002,-68.53725,21.7,0.26,9.9,7.1000000000000005,237.60000000000002,3.0
MUENSTER_RN,2026-07-23,45.2,-1.2000000000000002,12.506749999999968,5.229499999999998,17.736249999999966,37.7975,31.36125,6.43625,17,5,22,221.42575000000005,-203.6895000000001,77.3,0.32,0.0,46.400000000000006,0.0,0.0
MUSTNGCK_ALL,2026-07-23,339.2,-10.2,-2628.2517500000004,-62.802000000000035,-2691.05375,37.928333333333335,46.7478125,-8.819479166666667,4,20,24,49.28975000000001,-2740.3435000000004,16.7,0.09,71.0,349.4,1704.0,20.5
MU_RN,2026-07-23,4.1000000000000005,-29.2,-4.670250000000001,7.5319999999999485,2.8617499999999456,39.20666666666667,40.40895833333334,-1.2022916666666674,7,16,23,53.86099999999998,-50.99925000000003,30.4,2.41,9.9,33.3,237.60000000000002,14.0
MV_VALV4_RN,2026-07-23,3.5,-3.4000000000000004,-56.35,-27.162500000000005,-83.5125,38.74375,49.2359375,-10.492187500000002,3,19,22,0.7212499999999993,-84.23375000000001,13.6,0.05,9.9,6.9,237.60000000000002,2.9
MYRY_BES2_RN,2026-07-23,3.4000000000000004,-3.4000000000000004,-50.375499999999995,-29.306000000000004,-79.6815,37.29333333333333,49.71895833333334,-12.425624999999998,1,21,22,0.5665000000000007,-80.248,4.5,0.15,9.9,6.800000000000001,237.60000000000002,2.9
MYRY_ESR_RN,2026-07-23,1.0,0.0,-33.915,0.0,-33.915,3.175416666666667,4.4609375,-1.2855208333333332,0,1,1,0.0,-33.915,0.0,0.0,9.9,1.0,237.60000000000002,0.4
MYR_ALL,2026-07-23,78.0,-90.7,-438.195,-534.2982500000002,-972.4932500000001,25.410833333333333,28.5290625,-3.118229166666667,3,17,20,56.71000000000004,-1029.2032500000003,15.0,0.31,76.3,168.7,1831.1999999999998,9.2
NCO_RN,2026-07-23,3.5,-15.9,-14.441750000000003,-61.51000000000001,-75.95175000000002,38.63166666666667,41.365208333333335,-2.7335416666666674,6,18,24,12.639999999999997,-88.59175000000002,25.0,0.43,38.8,19.4,931.1999999999999,2.1
NEDIN_RN,2026-07-23,0.0,0.0,0.0,0.0,0.0,2.824583333333333,4.3265625,-1.5019791666666664,0,0,0,0.0,0.0,0.0,0.0,0.0,0.0,0.0,0.0
NF_BRP_RN,2026-07-23,224.9,-96.0,-6298.906000000001,-4990.0470000000005,-11288.953000000001,50.30083333333334,72.06958333333334,-21.76875,4,20,24,899.9397500000001,-12188.892749999997,16.7,0.37,100.5,320.9,2412.0,13.3
NOBLESLR_ALL,2026-07-23,1153.1000000000001,-27.9,9331.044,231.41474999999997,9562.45875,22.05541666666667,16.652395833333333,5.403020833333333,14,3,17,9578.963249999997,-16.504500000000007,82.4,124.37,62.5,1181.0000000000002,1500.0,78.7
NWF_NWF1,2026-07-23,266.8,-105.7,-510.4364999999997,-1663.6292499999997,-2174.0657499999993,48.41708333333333,59.11208333333334,-10.695,10,13,23,1535.1242500000003,-3709.19,43.5,0.54,3.0,372.5,72.0,517.4
N_AL_BESS_RN,2026-07-23,4.4,-73.8,-84.4315,-1743.523,-1827.9544999999998,38.410000000000004,49.37927083333333,-10.969270833333335,2,20,22,0.5942499999999982,-1828.54875,9.1,0.0,9.9,78.2,237.60000000000002,32.9
N_MRD_ESR_RN,2026-07-23,4.4,-2.7,-65.53750000000001,-14.224750000000007,-79.76225000000001,37.85666666666666,49.42729166666667,-11.570625,3,20,23,1.7784999999999993,-81.54075000000002,13.0,0.15,9.9,7.1000000000000005,237.60000000000002,3.0
ODESW_RN,2026-07-23,4.8,-165.1,-77.78850000000001,-5385.75075,-5463.53925,48.364583333333336,59.14572916666666,-10.781145833333335,9,13,22,182.51324999999983,-5646.052500000001,40.9,0.05,10.0,169.9,240.0,70.8
OLMITO_RN,2026-07-23,6.4,-47.5,-43.057500000000005,-406.524,-449.5815,41.75291666666667,49.98885416666667,-8.2359375,3,20,23,24.131499999999996,-473.713,13.0,0.34,0.0,53.9,0.0,0.0
OLNEYTN_RN,2026-07-23,101.0,-13.5,1938.8849999999998,363.9385,2302.8235,42.8475,33.33677083333333,9.510729166666666,15,5,20,2810.091,-507.2674999999999,75.0,1.85,0.0,114.5,0.0,0.0
OR_BESS_RN,2026-07-23,4.4,-17.4,-1.0104999999999975,74.58424999999998,73.57374999999999,39.53208333333333,41.440625000000004,-1.9085416666666675,5,14,19,144.71024999999997,-71.1365,26.3,5.7,9.9,21.799999999999997,237.60000000000002,9.2
PAD1_ESS_RN,2026-07-23,3.9000000000000004,-4.6000000000000005,-68.62450000000001,-41.061000000000014,-109.68550000000002,40.76333333333333,51.50114583333333,-10.737812499999999,4,20,24,6.247249999999998,-115.93275000000001,16.7,0.27,50.0,8.5,1200.0,0.7
PAD2_ESS_RN,2026-07-23,0.0,0.0,0.0,0.0,0.0,3.7158333333333338,3.6015625,0.11427083333333332,0,0,0,0.0,0.0,0.0,0.0,150.0,0.0,3600.0,0.0
PALACIOS_RN,2026-07-23,142.1,-26.800000000000004,-1110.9232499999998,121.61275000000012,-989.3104999999997,38.88333333333333,46.043749999999996,-7.1604166666666655,5,17,22,187.91125000000017,-1177.22175,22.7,0.54,9.9,168.9,237.60000000000002,71.1
PALE_ESS_EN,2026-07-23,1.0,-28.5,-6.335000000000001,415.7455000000001,409.41050000000007,1.3483333333333334,2.196354166666667,-0.8480208333333333,4,5,9,613.4985000000001,-204.08800000000002,44.4,3.76,200.0,29.5,4800.0,0.6
PALMVIEW_RN,2026-07-23,3.4000000000000004,-30.8,-36.970499999999994,-250.46075,-287.43125,35.550000000000004,44.46791666666667,-8.917916666666665,6,17,23,22.209500000000002,-309.64074999999997,26.1,0.2,9.9,34.2,237.60000000000002,14.4
PAULN_RN,2026-07-23,5.4,-19.2,48.628,126.23974999999999,174.86775,37.149166666666666,31.538229166666667,5.6109374999999995,18,3,21,197.16649999999998,-22.29874999999999,85.7,1.47,9.9,24.6,237.60000000000002,10.4
PAVLOV_BT_RN,2026-07-23,3.4,-21.1,-31.252000000000002,-238.49175,-269.74375,37.970416666666665,45.0546875,-7.084270833333334,4,19,23,17.006999999999998,-286.75075,17.4,0.28,9.9,24.5,237.60000000000002,10.3
PAVO_ESS_ALL,2026-07-23,59.099999999999994,0.0,-130.4172499999999,0.0,-130.4172499999999,15.97875,15.95875,0.020000000000000018,4,5,9,132.93600000000004,-263.35324999999995,44.4,0.63,87.5,59.099999999999994,2100.0,2.8
PEARSALL_RN,2026-07-23,2.0,-7.0,18.855000000000004,19.922500000000003,38.7775,4.3275,4.700729166666666,-0.37322916666666667,4,2,6,63.49750000000001,-24.720000000000002,66.7,1.28,9.9,9.0,237.60000000000002,3.8
PHO_ALL,2026-07-23,28.8,-33.3,-405.844,53.152249999999974,-352.69175,34.997083333333336,42.20125,-7.204166666666667,5,19,24,118.57699999999998,-471.26875,20.8,0.96,150.0,62.099999999999994,3600.0,1.7
PINEFRST_RN,2026-07-23,39.800000000000004,-27.6,216.93975000000003,289.28099999999995,506.22074999999995,37.39041666666667,31.475624999999997,5.914791666666666,18,4,22,515.24425,-9.0235,81.8,12.69,200.0,67.4,4800.0,1.4
PIN_BESS_RN,2026-07-23,0.0,-3.0,0.0,-19.719999999999995,-19.719999999999995,6.0249999999999995,9.9184375,-3.8934375000000006,1,1,2,10.560000000000002,-30.279999999999998,50.0,0.35,175.0,3.0,4200.0,0.1
PIRATE_RN,2026-07-23,164.4,-3.7,-2158.4445,-23.08325,-2181.5277499999997,37.5425,49.20864583333333,-11.666145833333333,4,20,24,54.77774999999996,-2236.3055,16.7,0.12,9.8,168.1,235.20000000000002,71.5
PLATINUM_RN,2026-07-23,2.0,0.0,6.545000000000002,0.0,6.545000000000002,6.877916666666667,5.494166666666666,1.3837500000000003,2,0,2,6.545000000000002,0.0,100.0,99.99,144.1,2.0,3458.3999999999996,0.1
POTEETS_RN,2026-07-23,5.1000000000000005,-8.3,-226.56300000000002,-126.98025,-353.54325,38.23875,55.95072916666667,-17.711979166666666,5,19,24,29.09675,-382.64000000000004,20.8,0.29,9.9,13.400000000000002,237.60000000000002,5.6
POTSVIL_RN,2026-07-23,404.3,-66.7,-2432.580750000001,-971.1287500000001,-3403.7095000000013,54.28125,65.31052083333334,-11.029270833333335,9,15,24,860.9942499999999,-4264.7037500000015,37.5,0.34,9.9,471.0,237.60000000000002,198.2
PRCRK_RN,2026-07-23,6.7,-14.2,35.833,212.9715,248.8045,38.137499999999996,31.528333333333332,6.609166666666667,19,4,23,255.84425000000002,-7.03975,82.6,7.65,9.9,20.9,237.60000000000002,8.8
PTLBES_BESS1,2026-07-23,111.8,-9.5,-842.6297499999998,-139.27974999999998,-981.9094999999999,37.959583333333335,47.648854166666666,-9.689270833333333,4,20,24,4.421999999999999,-986.3315,16.7,0.02,3.0,121.3,72.0,168.5
PYR_PYRON1,2026-07-23,487.2,-20.2,2253.2564999999995,179.71750000000003,2432.9739999999997,34.18458333333333,24.401041666666668,9.783541666666666,19,5,24,3094.0515,-661.0775,79.2,1.23,15.1,507.4,362.4,140.0
QUEEN_BA_RN,2026-07-23,42.0,-3.3000000000000003,-1034.1295,-53.18975000000001,-1087.3192500000002,46.93,57.434895833333336,-10.504895833333334,6,18,24,43.61850000000001,-1130.9377500000003,25.0,0.12,50.0,45.3,1200.0,3.8
RADN_SLR_ALL,2026-07-23,75.2,-41.1,54.95600000000002,-85.66824999999997,-30.71224999999997,39.17208333333333,37.2065625,1.9655208333333334,12,12,24,278.30275,-309.015,50.0,0.9,81.9,116.30000000000001,1965.6000000000001,5.9
RBN_BESS1,2026-07-23,4.8,-6.800000000000001,-10.400750000000006,88.863,78.46225,39.73166666666666,40.56427083333333,-0.8326041666666674,6,17,23,98.52225,-20.06000000000001,26.1,13.92,100.0,11.600000000000001,2400.0,0.5
RHESS2_ESS1,2026-07-23,62.1,-62.6,-2145.94325,-4967.551,-7113.49425,43.501666666666665,75.09864583333334,-31.596979166666667,4,13,17,455.44,-7568.934250000001,23.5,0.2,9.8,124.7,235.20000000000002,53.0
RIOG_ESR2_RN,2026-07-23,4.7,-2.7,-52.37075,2.826499999999998,-49.544250000000005,35.88375,44.749270833333334,-8.865520833333335,7,17,24,14.327750000000002,-63.87200000000001,29.2,0.54,0.0,7.4,0.0,0.0
RIOG_ESR_RN,2026-07-23,4.0,0.0,-14.500000000000004,0.0,-14.500000000000004,8.417499999999999,9.447395833333333,-1.0298958333333335,0,4,4,0.0,-14.500000000000004,0.0,0.0,9.9,4.0,237.60000000000002,1.7
RN_BY_ESR1,2026-07-23,0.0,0.0,0.0,0.0,0.0,1.6504166666666666,1.8716666666666668,-0.22125000000000009,0,0,0,0.0,0.0,0.0,0.0,0.0,0.0,0.0,0.0
RN_PAD3_ESS,2026-07-23,1.0,-1.0,-6.587499999999999,-12.829999999999998,-19.417499999999997,6.234166666666667,8.07625,-1.842083333333333,0,2,2,0.0,-19.417499999999997,0.0,0.0,200.0,2.0,4800.0,0.0
RN_QTUM_SLR,2026-07-23,201.5,0.0,777.3237499999999,0.0,777.3237499999999,33.35458333333333,28.18104166666667,5.173541666666666,2,0,2,777.3237499999999,0.0,100.0,99.99,160.0,201.5,3840.0,5.2
RN_RHN_ESR,2026-07-23,2.0,0.0,2.9849999999999994,0.0,2.9849999999999994,6.328333333333333,6.038854166666667,0.28947916666666657,2,0,2,2.9849999999999994,0.0,100.0,99.99,200.0,2.0,4800.0,0.0
RN_SOLC_SLR,2026-07-23,1217.8,-30.0,7008.39525,116.23249999999999,7124.627749999999,35.26125,27.670416666666668,7.590833333333332,14,2,16,7172.155249999999,-47.5275,87.5,21.56,160.0,1247.8,3840.0,32.5
ROSELAND_ALL,2026-07-23,359.0,-64.9,2032.1260000000004,344.12,2376.2460000000005,34.217083333333335,28.891562500000003,5.325520833333333,18,5,23,2854.9587500000002,-478.71274999999974,78.3,1.66,50.0,423.9,1200.0,35.3
RPUBRDS_RN,2026-07-23,4.6000000000000005,-22.7,6.280000000000001,33.400249999999964,39.68024999999997,46.569583333333334,43.260937500000004,3.308645833333333,15,7,22,204.98050000000003,-165.30025000000006,68.2,0.58,39.5,27.3,948.0,2.9
RRANCHES_ALL,2026-07-23,53.3,-105.8,337.5132499999999,-1457.8970000000002,-1120.3837500000004,47.99125,58.47875,-10.487500000000002,7,15,22,587.67675,-1708.0605,31.8,0.74,150.0,159.1,3600.0,4.4
RRC_WIND_ALL,2026-07-23,41.9,-12.200000000000001,204.27574999999996,65.71849999999999,269.99424999999997,33.21666666666667,28.973645833333332,4.2430208333333335,20,4,24,327.23724999999996,-57.24300000000001,83.3,1.14,75.0,54.1,1800.0,3.0
RTLSNAKE_BT,2026-07-23,1.0,0.0,-3.785,0.0,-3.785,3.6445833333333333,5.003020833333333,-1.3584375000000002,0,1,1,0.0,-3.785,0.0,0.0,9.9,1.0,237.60000000000002,0.4
RUSSEKST_RN,2026-07-23,67.2,-227.2,-619.6845,-116.25049999999996,-735.9350000000002,51.03666666666667,52.15770833333334,-1.121041666666666,12,12,24,1773.52225,-2509.45725,50.0,0.71,9.9,294.4,237.60000000000002,123.9
RVN_RN,2026-07-23,0.0,0.0,0.0,0.0,0.0,41.85,53.6875,-11.837499999999999,0,0,0,0.0,0.0,0.0,0.0,0.0,0.0,0.0,0.0
RVRVLYS_ALL,2026-07-23,29.4,-6.4,-1292.1027499999998,3.2060000000000066,-1288.8967499999999,39.975,57.200312499999995,-17.2253125,4,20,24,60.3295,-1349.2262500000002,16.7,0.22,50.0,35.8,1200.0,3.0
SADLBACK_RN,2026-07-23,1.8,-37.2,-11.146999999999998,-672.68775,-683.8347500000001,47.911249999999995,58.29145833333334,-10.380208333333334,6,16,22,48.03850000000001,-731.8732500000001,27.3,0.18,9.9,39.0,237.60000000000002,16.4
SAH_RN,2026-07-23,4.0,0.0,-14.092500000000005,0.0,-14.092500000000005,14.199166666666668,14.988229166666668,-0.7890625000000001,0,3,3,0.0,-14.092500000000005,0.0,0.0,200.0,4.0,4800.0,0.1
SANDLAKE_RN,2026-07-23,1.0,-3.0,-3.754999999999999,21.27000000000001,17.51500000000001,3.782083333333333,4.3146875,-0.5326041666666668,1,1,2,21.27000000000001,-3.754999999999999,50.0,5.66,9.9,4.0,237.60000000000002,1.7
SBEAN_BESS,2026-07-23,3.8000000000000003,-3.1000000000000005,-26.188499999999998,-56.79450000000002,-82.98300000000002,47.946666666666665,58.568437499999995,-10.621770833333334,8,14,22,14.768000000000002,-97.751,36.4,0.26,9.9,6.9,237.60000000000002,2.9
SEVNF_ES_RN,2026-07-23,79.1,-13.0,-280.80899999999997,-107.69000000000001,-388.49899999999997,18.890416666666667,26.764166666666668,-7.87375,4,6,10,96.26350000000002,-484.7625,40.0,0.3,100.0,92.1,2400.0,3.8
SE_EDINB_RN,2026-07-23,5.4,-22.4,-55.1975,-202.76,-257.9575,41.206250000000004,49.067499999999995,-7.861249999999999,3,20,23,0.8952500000000015,-258.85274999999996,13.0,0.02,9.9,27.799999999999997,237.60000000000002,11.7
SGSA_DGR,2026-07-23,13.8,-4.0,-85.56500000000003,29.169999999999987,-56.39500000000004,9.892916666666666,15.142083333333332,-5.2491666666666665,1,3,4,29.169999999999987,-85.56500000000003,25.0,1.02,5.4,17.8,129.60000000000002,13.7
SG_BES_BESS1,2026-07-23,474.7,-86.5,-1012.3592500000003,-762.86675,-1775.2260000000003,45.8325,56.64208333333334,-10.809583333333334,6,18,24,873.8954999999999,-2649.1215,25.0,0.99,100.0,561.2,2400.0,23.4
SHAMROCK_RN,2026-07-23,600.1,-56.7,-3096.53075,-1303.36175,-4399.8925,44.66791666666666,55.2534375,-10.585520833333334,6,18,24,1591.9130000000005,-5991.8055,25.0,0.8,99.3,656.8000000000001,2383.2,27.6
SHEEPCRK_1,2026-07-23,151.3,-16.2,597.34875,133.8795,731.22825,28.485,25.71864583333333,2.7663541666666664,14,4,18,1073.6832499999998,-342.45500000000004,77.8,0.9,130.0,167.5,3120.0,5.4
SLCN_ESS_ALL,2026-07-23,83.2,-5.2,-2705.4555,5.0492499999999865,-2700.40625,41.431666666666665,60.17333333333334,-18.741666666666667,4,20,24,56.228,-2756.63425,16.7,0.1,50.0,88.4,1200.0,7.4
SLK_BESS_RN,2026-07-23,1.0,0.0,-19.979999999999997,0.0,-19.979999999999997,9.730833333333333,14.008958333333334,-4.278125,0,1,1,0.0,-19.979999999999997,0.0,0.0,200.0,1.0,4800.0,0.0
SMTH_ESS_RN,2026-07-23,7.9,-1.2000000000000002,20.1675,4.973,25.1405,37.435833333333335,31.505520833333335,5.930312499999999,18,4,22,42.75599999999999,-17.615499999999997,81.8,0.54,97.0,9.100000000000001,2328.0,0.4
SNY_BESS_RN,2026-07-23,76.5,-14.4,-861.9642500000002,-273.03400000000005,-1134.9982500000003,45.86833333333333,47.15375,-1.285416666666667,14,10,24,30.896500000000003,-1165.8947500000002,58.3,0.02,9.9,90.9,237.60000000000002,38.3
SPTX12B_RN,2026-07-23,109.5,-70.2,-312.9195,-1420.9869999999999,-1733.9064999999998,28.440416666666668,34.75052083333333,-6.310104166666666,5,17,22,203.15875000000003,-1937.0652499999997,22.7,0.36,22.1,179.7,530.4000000000001,33.9
SP_RN,2026-07-23,6.2,-17.3,-5.376500000000001,0.3132499999999834,-5.063250000000017,39.80708333333333,39.514375,0.2927083333333333,11,13,24,19.148500000000006,-24.21175000000002,45.8,0.93,9.9,23.5,237.60000000000002,9.9
SROSA_ESR_RN,2026-07-23,3.4000000000000004,-6.4,-52.62600000000001,-42.80575,-95.43175000000001,37.3025,49.73260416666667,-12.430104166666668,2,20,22,1.641499999999998,-97.07325,9.1,0.17,9.9,9.8,237.60000000000002,4.1
STADIUM_RN,2026-07-23,3.0,-4.0,-13.612499999999997,-14.747500000000006,-28.360000000000003,9.12875,10.6696875,-1.5409374999999994,1,5,6,7.509999999999991,-35.86999999999999,16.7,1.05,9.9,7.0,237.60000000000002,2.9
STAM_SLR_ALL,2026-07-23,39.599999999999994,-10.6,215.84750000000003,127.12575000000001,342.97325,37.385416666666664,31.468333333333334,5.917083333333333,19,4,23,360.80699999999996,-17.833749999999995,82.6,4.26,70.0,50.199999999999996,1680.0,3.0
STRG_SLR_ALL,2026-07-23,20.6,-40.8,-191.603,-257.62625,-449.22925000000004,36.06125,40.67364583333333,-4.612395833333333,5,19,24,11.629999999999997,-460.85925000000003,20.8,0.1,100.0,61.4,2400.0,2.6
SUNVASLR_ALL,2026-07-23,341.5,-8.5,1244.0589999999997,40.306749999999994,1284.3657499999997,32.60791666666667,29.109791666666666,3.498125,19,5,24,1308.9769999999996,-24.611250000000016,79.2,14.0,53.3,350.0,1279.1999999999998,27.4
SWOOSE1_U1,2026-07-23,10.0,-5.2,23.703499999999984,-64.4095,-40.70600000000002,48.078333333333326,58.6253125,-10.546979166666667,9,14,23,47.75049999999998,-88.45649999999999,39.1,0.84,9.9,15.2,237.60000000000002,6.4
SWOOSEII_RN,2026-07-23,3.0,0.0,-0.3124999999999929,0.0,-0.3124999999999929,8.69375,8.375104166666667,0.3186458333333337,1,2,3,6.935000000000002,-7.247499999999995,33.3,1.91,100.0,3.0,2400.0,0.1
SWT_BESS_RN,2026-07-23,12.3,-37.2,19.49749999999999,-2.001749999999988,17.495749999999994,45.69416666666667,47.98822916666666,-2.2940625,12,11,23,245.08249999999998,-227.58674999999997,52.2,0.99,9.9,49.5,237.60000000000002,20.8
TANZ_ESS_RN,2026-07-23,2.0,-16.0,11.879999999999999,13.385000000000016,25.265000000000015,2.5975,2.1025,0.49499999999999994,3,2,5,78.25500000000001,-52.989999999999995,60.0,0.98,0.0,18.0,0.0,0.0
TBWF_ES_BES1,2026-07-23,186.1,-4.0,690.9950000000002,-15.915000000000006,675.0800000000002,22.936666666666667,27.04760416666667,-4.1109374999999995,4,9,13,978.4340000000002,-303.35400000000004,30.8,7.26,150.0,190.1,3600.0,5.3
TDWLPR_1_RN,2026-07-23,2.9000000000000004,-4.1,12.565,26.850500000000004,39.4155,35.95166666666667,31.583333333333332,4.368333333333333,17,3,20,44.61275,-5.19725,85.0,1.51,100.0,7.0,2400.0,0.3
TNFS_RN,2026-07-23,101.0,0.0,-1234.2399999999998,0.0,-1234.2399999999998,40.33083333333333,50.58572916666666,-10.254895833333332,5,15,20,147.00000000000006,-1381.2399999999998,25.0,0.32,9.9,101.0,237.60000000000002,42.5
TORR_ALL,2026-07-23,110.6,-67.2,-786.25175,-764.60775,-1550.8595,25.31833333333333,35.42458333333334,-10.10625,2,19,21,68.81550000000004,-1619.675,9.5,0.4,1.0,177.8,24.0,740.8
TORT_ESS_RN,2026-07-23,1.0,0.0,2.1875,0.0,2.1875,3.015416666666667,3.6015625,-0.5861458333333335,1,0,1,2.1875,0.0,100.0,99.99,50.0,1.0,1200.0,0.1
TOYAH_RN,2026-07-23,1.0,0.0,-6.004999999999999,0.0,-6.004999999999999,3.5541666666666667,4.18875,-0.6345833333333332,0,1,1,0.0,-6.004999999999999,0.0,0.0,9.9,1.0,237.60000000000002,0.4
TRIPBUT1_RN,2026-07-23,5.0,-9.5,-14.585500000000003,-54.32724999999999,-68.91274999999999,45.242916666666666,56.9465625,-11.703645833333333,5,18,23,18.12600000000002,-87.03875000000001,21.7,0.75,7.5,14.5,180.0,8.1
TSECA_ES_RN,2026-07-23,70.9,0.0,330.8080000000001,0.0,330.8080000000001,10.290000000000001,11.178229166666666,-0.8882291666666665,2,2,4,461.82700000000006,-131.01899999999998,50.0,3.52,100.0,70.9,2400.0,3.0
TURQ_BESS1,2026-07-23,7.9,-5.300000000000001,36.2295,64.75875,100.98825000000001,37.57041666666667,31.502291666666665,6.068124999999999,18,4,22,118.08775000000001,-17.099500000000003,81.8,1.53,184.0,13.200000000000001,4416.0,0.3
TV_RN,2026-07-23,3.6,-20.6,-12.521999999999993,117.20749999999998,104.68549999999998,40.07125,40.03614583333333,0.03510416666666701,10,14,24,143.05274999999997,-38.367249999999984,41.7,5.22,9.8,24.200000000000003,235.20000000000002,10.3
TYNAN_RN,2026-07-23,3.5,-2.7,-60.675000000000004,-13.127,-73.802,37.942083333333336,49.59739583333334,-11.655312499999999,4,20,24,4.083000000000001,-77.88499999999999,16.7,0.26,9.9,6.2,237.60000000000002,2.6
UTOPIA_RN,2026-07-23,116.0,0.0,-829.0849999999999,0.0,-829.0849999999999,38.63125,48.923854166666665,-10.292604166666667,1,13,14,79.87499999999997,-908.9599999999999,7.1,1.14,0.0,116.0,0.0,0.0
VERT_ESS_RN,2026-07-23,2.0,0.0,-2.354999999999997,0.0,-2.354999999999997,3.9820833333333336,4.414375,-0.43229166666666635,1,1,2,0.34250000000000114,-2.697499999999998,50.0,0.13,200.0,2.0,4800.0,0.0
VORT_ALL_RN,2026-07-23,241.6,-11.7,519.026,92.35875,611.3847499999999,34.08375,28.8053125,5.2784375,17,5,22,1497.635,-886.2502500000002,77.3,0.5,121.8,253.29999999999998,2923.2,8.7
WAL_RN,2026-07-23,3.6,-2.2,-6.958500000000008,1.2127500000000047,-5.745750000000003,39.627500000000005,42.848958333333336,-3.2214583333333326,5,18,23,22.3495,-28.09525,21.7,2.86,200.0,5.800000000000001,4800.0,0.1
WFTANK_ESS1,2026-07-23,12.9,-12.4,-140.36925,-18.171250000000004,-158.5405,36.84375,50.43020833333333,-13.586458333333333,2,21,23,5.817000000000007,-164.35750000000002,8.7,0.37,150.0,25.3,3600.0,0.7
WIG_BESS_RN,2026-07-23,5.7,-19.4,34.910500000000006,165.46625000000003,200.37675000000004,37.638333333333335,31.522916666666664,6.115416666666667,18,4,22,208.28850000000003,-7.9117500000000005,81.8,5.85,120.0,25.099999999999998,2880.0,0.9
WLTC_ESR_RN,2026-07-23,4.2,-2.7,-63.52,-16.268250000000002,-79.78825,36.80083333333334,49.00458333333333,-12.20375,2,21,23,1.6894999999999998,-81.47774999999999,8.7,0.22,9.9,6.9,237.60000000000002,2.9
WOV_BESS_RN,2026-07-23,3.8,-3.1000000000000005,-37.07749999999999,-59.389000000000024,-96.46650000000002,48.38291666666667,59.12583333333333,-10.742916666666668,9,13,22,8.783499999999997,-105.25000000000003,40.9,0.12,9.9,6.9,237.60000000000002,2.9
WRSBES_BESS1,2026-07-23,2.0,-15.0,-5.800000000000001,-63.2,-69.0,2.0729166666666665,2.314583333333333,-0.2416666666666667,0,4,4,0.0,-69.0,0.0,0.0,9.7,17.0,232.79999999999998,7.3
WR_RN,2026-07-23,3.6,-2.2,-20.758749999999992,-0.40149999999999686,-21.16024999999999,39.07083333333333,42.4046875,-3.333854166666665,5,18,23,8.590000000000003,-29.750249999999994,21.7,1.04,9.9,5.800000000000001,237.60000000000002,2.4
WZRD_ESS_RN,2026-07-23,4.1000000000000005,-2.2,-11.382,-1.535249999999999,-12.91725,39.06791666666667,40.18333333333333,-1.115416666666666,9,14,23,6.933749999999998,-19.850999999999996,39.1,0.54,0.0,6.300000000000001,0.0,0.0
W_HRL_ESR_RN,2026-07-23,3.4000000000000004,-3.4000000000000004,-42.133500000000005,-28.56825,-70.70175,37.191250000000004,49.82447916666666,-12.633229166666666,2,20,22,4.918500000000001,-75.62025,9.1,0.65,9.9,6.800000000000001,237.60000000000002,2.9
X443ESRN,2026-07-23,54.6,-44.0,-854.53925,-359.8977500000001,-1214.4370000000001,39.90625,51.56447916666667,-11.658229166666667,4,20,24,154.82475,-1369.26175,16.7,0.57,9.0,98.6,216.0,45.6
Z0_DGR2_RN,2026-07-23,1.0,0.0,-6.532499999999999,0.0,-6.532499999999999,6.994583333333334,9.335104166666666,-2.3405208333333327,0,1,1,0.0,-6.532499999999999,0.0,0.0,9.9,1.0,237.60000000000002,0.4
ZIER_SLR_ALL,2026-07-23,1376.0,-161.9,-25833.57125,-772.2342500000002,-26605.805500000002,40.525,50.53677083333333,-10.011770833333335,4,20,24,607.413,-27213.218500000003,16.7,0.11,30.0,1537.9,720.0,213.6
ABINDUST_RN,2026-07-24,5.300000000000001,-4.4,84.6795,20.578,105.25750000000001,38.28541666666667,25.971875,12.313541666666666,23,0,23,105.2575,0.0,100.0,99.99,9.9,9.700000000000001,237.60000000000002,4.1
ADL_RN,2026-07-24,19.5,-7.8,120.04499999999997,25.89550000000001,145.9405,24.052083333333332,20.149375,3.902708333333333,12,1,13,148.7475,-2.8070000000000133,92.3,4.42,60.0,27.3,1440.0,1.9
AE_RN,2026-07-24,63.7,-20.2,354.415,50.70374999999998,405.11875000000003,33.69041666666667,26.575729166666665,7.1146875,23,0,23,405.11875,0.0,100.0,99.99,9.9,83.9,237.60000000000002,35.3
ALAMO_ST_RN,2026-07-24,0.0,-1.0,0.0,11.61,11.61,4.27125,2.6801041666666663,1.5911458333333333,1,0,1,11.61,0.0,100.0,99.99,9.9,1.0,237.60000000000002,0.4
ALP_BESS_RN,2026-07-24,4.7,-111.2,52.94400000000001,1742.9420000000002,1795.8860000000002,38.391666666666666,26.472083333333334,11.919583333333334,24,0,24,1795.8860000000002,0.0,100.0,99.99,100.3,115.9,2407.2,4.8
ALVIN_RN,2026-07-24,5.9,-14.200000000000001,52.83050000000001,434.41100000000006,487.2415000000001,36.126666666666665,27.805000000000003,8.321666666666667,23,0,23,487.2415000000001,0.0,100.0,99.99,7.5,20.1,180.0,11.2
AMAD_ESS_RN,2026-07-24,43.2,-28.0,230.02049999999994,218.25,448.27049999999997,7.544583333333333,7.0596875,0.48489583333333314,11,1,12,449.5255,-1.2549999999999955,91.7,32.56,0.0,71.2,0.0,0.0
ANCHOR_ALL,2026-07-24,682.5,-50.4,3021.43425,336.2,3357.63425,29.919166666666666,26.319166666666664,3.5999999999999996,19,5,24,3494.4207499999998,-136.78649999999993,79.2,6.72,36.3,732.9,871.1999999999999,84.1
ANDMDSLR_ALL,2026-07-24,66.0,-8.0,234.85149999999996,-3.6350000000000082,231.21649999999994,29.77208333333333,25.575520833333332,4.1965625,17,7,24,281.6255,-50.40900000000003,70.8,2.3,81.9,74.0,1965.6000000000001,3.8
ANEM_ESS_RN,2026-07-24,2.6,-8.2,5.458499999999998,-31.663249999999998,-26.204749999999997,22.584999999999997,23.594270833333336,-1.0092708333333338,12,11,23,9.546499999999996,-35.75125,52.2,0.24,200.0,10.799999999999999,4800.0,0.2
ANG_ALL,2026-07-24,1577.0,-14.6,12277.50975,170.07350000000002,12447.583249999998,34.9275,25.792083333333334,9.135416666666666,24,0,24,12447.58325,0.0,100.0,99.99,100.0,1591.6,2400.0,66.3
ANOL_ESS_RN,2026-07-24,4.9,-0.4,29.37825000000001,4.724,34.10225000000001,33.25791666666667,26.951875,6.306041666666668,20,3,23,34.36475000000001,-0.26249999999999934,87.0,19.64,240.0,5.300000000000001,5760.0,0.1
ANTL_ESS_ES1,2026-07-24,5.4,-46.4,61.5725,493.14,554.7125,38.21791666666667,27.751770833333335,10.466145833333334,24,0,24,554.7125,0.0,100.0,99.99,70.0,51.8,1680.0,3.1
APPLE_ESR_RN,2026-07-24,1.0,-20.0,24.444999999999997,322.17499999999995,346.62,6.2175,3.8634375,2.3540624999999995,12,0,12,346.62,0.0,100.0,99.99,0.0,21.0,0.0,0.0
ARY_BESS_RN,2026-07-24,0.0,-28.0,0.0,65.23999999999997,65.23999999999997,3.0491666666666664,0.9825,2.0666666666666664,10,4,14,93.31249999999999,-28.072500000000023,71.4,1.33,180.0,28.0,4320.0,0.6
AVIL_ESS_RN,2026-07-24,114.60000000000001,-1.0,1581.0155,15.128,1596.1435,35.19416666666667,22.229375,12.964791666666665,24,0,24,1596.1435,0.0,100.0,99.99,160.0,115.60000000000001,3840.0,3.0
AZURE_RN,2026-07-24,75.9,-11.8,298.33250000000004,-10.267499999999995,288.06500000000005,30.150000000000002,25.88072916666667,4.269270833333334,17,6,23,347.74375000000003,-59.678749999999994,73.9,2.06,77.6,87.7,1862.3999999999999,4.7
BATCAVE_RN,2026-07-24,9.3,-235.3,57.2395,1080.5007500000002,1137.74025,33.78333333333333,28.635104166666668,5.148229166666667,22,2,24,1389.2077499999998,-251.4675,91.7,0.5,100.5,244.60000000000002,2412.0,10.1
BAYC_BESS_RN,2026-07-24,2.6,-6.1000000000000005,12.3385,41.41125,53.74975,28.252499999999998,22.023958333333336,6.2285416666666675,23,0,23,53.74974999999999,0.0,100.0,99.99,9.9,8.700000000000001,237.60000000000002,3.7
BCK_RN,2026-07-24,2596.4,-358.8,7977.6695,898.8469999999998,8876.5165,26.011666666666667,21.712083333333336,4.2995833333333335,22,2,24,9199.831499999997,-323.3149999999996,91.7,2.59,126.5,2955.2000000000003,3036.0,97.3
BCNV2_ES_RN,2026-07-24,4.0,-6.0,9.2425,61.16249999999999,70.40499999999999,7.180416666666666,6.1258333333333335,1.0545833333333332,6,0,6,70.40499999999999,0.0,100.0,99.99,150.0,10.0,3600.0,0.3
BCNV_RN,2026-07-24,2.0,0.0,3.9899999999999984,0.0,3.9899999999999984,6.876666666666668,5.828854166666667,1.0478125,2,0,2,3.9899999999999984,0.0,100.0,99.99,150.0,2.0,3600.0,0.1
BEXAR_ES_RN,2026-07-24,1004.6,-4.8,5562.248000000001,40.989000000000004,5603.237000000001,30.924583333333334,23.495104166666668,7.429479166666667,23,0,23,5603.237000000001,0.0,100.0,99.99,100.0,1009.4,2400.0,42.1
BIGSTAR_ALL,2026-07-24,38.2,-31.7,349.1915,285.68050000000005,634.8720000000001,30.85291666666667,23.860833333333332,6.992083333333333,24,0,24,634.8720000000001,0.0,100.0,99.99,80.0,69.9,1920.0,3.6
BKBN_RN,2026-07-24,0.0,0.0,0.0,0.0,0.0,34.945,23.115000000000002,11.830000000000002,0,0,0,0.0,0.0,0.0,0.0,121.0,0.0,2904.0,0.0
BKSL_RN,2026-07-24,3.4000000000000004,-5.7,11.535,-17.438999999999997,-5.903999999999994,28.68041666666667,25.6053125,3.075104166666667,13,9,22,20.136,-26.039999999999996,59.1,0.54,100.0,9.100000000000001,2400.0,0.4
BLACKSPR_RN,2026-07-24,1.0,-33.0,8.57,475.64000000000004,484.21000000000004,4.968333333333334,3.9158333333333335,1.0525,13,0,13,484.21,0.0,100.0,99.99,120.0,34.0,2880.0,1.2
BLSMT1_5_A_6,2026-07-24,136.5,-47.8,456.3505,257.486,713.8365,30.022916666666664,25.944270833333334,4.078645833333334,15,9,24,932.80825,-218.97175,62.5,2.56,150.0,184.3,3600.0,5.1
BLUEJAY_RN,2026-07-24,17.7,-8.4,121.38050000000003,24.136499999999995,145.51700000000002,35.72416666666667,28.648749999999996,7.0754166666666665,23,0,23,145.51700000000005,0.0,100.0,99.99,50.0,26.1,1200.0,2.2
BLVN_RN,2026-07-24,640.7,-18.4,150.9305000000001,19.73899999999998,170.6695000000001,29.202916666666667,26.0371875,3.165729166666667,20,4,24,1030.7902499999998,-860.1207499999998,83.3,0.24,180.0,659.1,4320.0,15.3
BOCO_ESS_RN,2026-07-24,41.7,-5.4,490.96774999999997,70.63299999999998,561.60075,35.352916666666665,25.780208333333334,9.572708333333333,23,0,23,561.60075,0.0,100.0,99.99,150.0,47.1,3600.0,1.3
BRHEIGHT_RN,2026-07-24,11.0,-28.0,12.2,68.20249999999999,80.40249999999997,18.6975,17.671145833333334,1.0263541666666667,6,3,9,102.32499999999999,-21.9225,66.7,2.33,10.0,39.0,240.0,16.2
BRPANGLE_RN,2026-07-24,0.0,0.0,0.0,0.0,0.0,4.44125,3.185416666666667,1.2558333333333334,0,0,0,0.0,0.0,0.0,0.0,10.0,0.0,240.0,0.0
BRPMAGNO_RN,2026-07-24,41.7,-12.4,59.59625,62.514999999999986,122.11124999999998,37.145833333333336,31.388854166666665,5.7569791666666665,21,2,23,135.29250000000002,-13.181250000000011,91.3,0.98,7.5,54.1,180.0,30.1
BRP_BRAZ_RN,2026-07-24,4.2,-7.4,31.872500000000002,23.587500000000013,55.460000000000015,34.18125,26.155312499999997,8.0259375,23,0,23,55.46000000000002,0.0,100.0,99.99,10.0,11.600000000000001,240.0,4.8
BRP_DIKN_RN,2026-07-24,2.0,0.0,5.572500000000002,0.0,5.572500000000002,8.535416666666666,6.852083333333333,1.6833333333333336,2,0,2,5.572500000000002,0.0,100.0,99.99,10.0,2.0,240.0,0.8
BRP_LOOP_RN,2026-07-24,19.3,-5.1,91.88200000000003,17.57875,109.46075000000005,7.402916666666667,5.1293750000000005,2.273541666666667,10,0,10,109.46075000000005,0.0,100.0,99.99,10.0,24.4,240.0,10.2
BRP_LOP1_RN,2026-07-24,27.7,-5.2,-56.411000000000044,-11.565250000000006,-67.97625000000005,3.0516666666666663,3.1110416666666665,-0.05937500000000018,2,5,7,2.1822499999999985,-70.15850000000005,28.6,0.08,0.0,32.9,0.0,0.0
BRP_PBL1_RN,2026-07-24,101.1,-14.0,571.1802500000001,113.37000000000003,684.5502500000001,13.899166666666666,9.915833333333333,3.983333333333333,15,0,15,684.5502500000001,0.0,100.0,99.99,10.0,115.1,240.0,48.0
BRP_PBL2_RN,2026-07-24,1.0,-9.0,18.207499999999996,79.3925,97.6,5.447916666666667,4.007083333333333,1.4408333333333332,7,0,7,97.60000000000001,0.0,100.0,99.99,10.0,10.0,240.0,4.2
BRP_RN_UNIT1,2026-07-24,75.4,-0.8,870.179,6.396000000000001,876.575,31.50125,23.654479166666665,7.846770833333333,23,0,23,876.5749999999998,0.0,100.0,99.99,10.0,76.2,240.0,31.8
BRP_SWNY_RN,2026-07-24,0.0,0.0,0.0,0.0,0.0,4.212083333333333,3.5025,0.7095833333333333,0,0,0,0.0,0.0,0.0,0.0,10.0,0.0,240.0,0.0
BRP_ZPT1_RN,2026-07-24,0.0,-28.2,0.0,88.879,88.879,5.409166666666667,5.179479166666667,0.22968750000000004,9,3,12,117.48600000000002,-28.607000000000006,75.0,1.37,10.0,28.2,240.0,11.8
BRP_ZPT2_RN,2026-07-24,121.6,-18.5,624.0055,61.89275000000003,685.89825,24.46166666666667,25.3546875,-0.8930208333333333,11,12,23,724.5277500000001,-38.62950000000002,47.8,20.46,10.0,140.1,240.0,58.4
BR_ARROW_ALL,2026-07-24,19.900000000000002,-30.7,144.0875,295.25050000000005,439.338,33.16791666666666,26.808854166666666,6.3590625,19,4,23,442.834,-3.495999999999997,82.6,26.67,51.7,50.6,1240.8000000000002,4.1
BSS_U1,2026-07-24,11.6,-15.200000000000001,97.4975,75.04525000000001,172.54275,16.861250000000002,12.267395833333333,4.593854166666667,10,0,10,172.54274999999998,0.0,100.0,99.99,9.9,26.8,237.60000000000002,11.3
BUDA_RN,2026-07-24,0.0,-4.0,0.0,53.175,53.175,3.7070833333333333,2.643854166666667,1.0632291666666667,2,0,2,53.175,0.0,100.0,99.99,9.9,4.0,237.60000000000002,1.7
BYP_RN,2026-07-24,460.1,-105.5,4571.7075,281.1574999999999,4852.865,7.070416666666667,5.3855208333333335,1.6848958333333333,5,0,5,4852.865,0.0,100.0,99.99,200.0,565.6,4800.0,11.8
BYRDR_ES_ALL,2026-07-24,0.0,0.0,0.0,0.0,0.0,5.877916666666667,3.9772916666666664,1.9006249999999998,0,0,0,0.0,0.0,0.0,0.0,50.0,0.0,1200.0,0.0
C5_RN,2026-07-24,0.0,-2.0,0.0,7.0275,7.0275,5.385416666666667,4.177916666666667,1.2075,2,0,2,7.0275,0.0,100.0,99.99,0.0,2.0,0.0,0.0
CACH_ESS_RN,2026-07-24,3.8000000000000003,-1.8,27.221999999999998,11.657499999999999,38.8795,31.430833333333336,23.850624999999997,7.580208333333332,23,0,23,38.87949999999999,0.0,100.0,99.99,200.0,5.6000000000000005,4800.0,0.1
CAMWIND_RN,2026-07-24,619.8,-98.0,7801.7555,641.4805,8443.236,23.118333333333336,15.96625,7.152083333333334,20,4,24,8622.201000000001,-178.96499999999997,83.3,9.64,16.4,717.8,393.59999999999997,182.4
CARA_ESS_RN,2026-07-24,0.0,0.0,0.0,0.0,0.0,1.3683333333333334,1.2358333333333333,0.13250000000000015,0,0,0,0.0,0.0,0.0,0.0,98.3,0.0,2359.2,0.0
CARN_ESS_RN,2026-07-24,2.8000000000000003,-7.4,12.4755,49.9115,62.387,26.104583333333334,21.113854166666666,4.990729166666667,24,0,24,62.387,0.0,100.0,99.99,150.0,10.200000000000001,3600.0,0.3
CARRIZO_ESR1,2026-07-24,23.8,-3.1,446.26649999999995,24.827250000000003,471.09374999999994,33.882083333333334,24.050833333333333,9.831249999999999,24,0,24,471.09374999999994,0.0,100.0,99.99,9.8,26.900000000000002,235.20000000000002,11.4
CARTWHL_RN,2026-07-24,0.0,0.0,0.0,0.0,0.0,10.505,7.8628125,2.6421875,0,0,0,0.0,0.0,0.0,0.0,150.0,0.0,3600.0,0.0
CASL_GAP_UN1,2026-07-24,123.9,-4.0,1307.15075,66.905,1374.05575,35.787083333333335,22.881041666666665,12.906041666666667,24,0,24,1374.05575,0.0,100.0,99.99,3.9,127.9,93.6,136.6
CAST_ESS_RN,2026-07-24,1.0,-6.0,9.642500000000002,65.14499999999998,74.7875,8.684583333333334,6.750833333333333,1.93375,3,0,3,74.7875,0.0,100.0,99.99,200.0,7.0,4800.0,0.1
CATARINA_B1,2026-07-24,12.700000000000001,-243.7,267.84950000000003,1859.5175000000002,2127.367,31.896666666666665,23.9659375,7.930729166666667,23,1,24,2209.876,-82.509,95.8,1.16,9.9,256.4,237.60000000000002,107.9
CEDRVALE_RN,2026-07-24,3.8000000000000003,-59.0,46.874,772.59275,819.46675,37.54291666666666,24.642395833333335,12.900520833333333,23,0,23,819.46675,0.0,100.0,99.99,9.9,62.8,237.60000000000002,26.4
CFLAT_ES_RN,2026-07-24,0.0,-103.0,0.0,132.77749999999992,132.77749999999992,5.259166666666666,5.026458333333333,0.23270833333333343,11,3,14,397.33250000000004,-264.55500000000006,78.6,0.41,100.0,103.0,2400.0,4.3
CHIL_SLR,2026-07-24,584.3,-9.3,1308.5625,16.078500000000002,1324.641,29.532083333333333,25.92114583333333,3.6109375,21,3,24,1503.1430000000003,-178.50200000000007,87.5,1.2,150.0,593.5999999999999,3600.0,16.5
CISC_RN,2026-07-24,6.3,-14.4,71.9,88.66799999999998,160.56799999999998,35.90291666666666,26.74875,9.154166666666667,23,0,23,160.56799999999998,0.0,100.0,99.99,9.9,20.7,237.60000000000002,8.7
CITRUSCY_RN,2026-07-24,3.4000000000000004,-1.2000000000000002,0.521999999999998,-7.2595,-6.737500000000002,26.55333333333333,28.037291666666665,-1.4839583333333337,9,13,22,7.6209999999999996,-14.3585,40.9,0.77,9.9,4.6000000000000005,237.60000000000002,1.9
CLO_RN,2026-07-24,4.300000000000001,-43.1,30.27325,331.11575000000005,361.389,37.9425,30.38625,7.5562499999999995,24,0,24,361.389,0.0,100.0,99.99,100.0,47.400000000000006,2400.0,2.0
CLT_RN,2026-07-24,0.0,0.0,0.0,0.0,0.0,34.945,30.405,4.54,0,0,0,0.0,0.0,0.0,0.0,100.0,0.0,2400.0,0.0
CNLY_ESS_RN,2026-07-24,9.700000000000001,-0.4,96.04849999999999,4.875499999999999,100.92399999999999,33.025416666666665,26.6634375,6.361979166666667,20,4,24,101.6215,-0.6975000000000009,83.3,29.14,125.0,10.100000000000001,3000.0,0.3
CNTRY_RN,2026-07-24,5.6000000000000005,-54.4,37.28025,602.7429999999999,640.02325,33.18625,26.709374999999998,6.476875,21,3,24,640.3447499999999,-0.3214999999999989,87.5,284.53,9.8,60.0,235.20000000000002,25.5
CNTYRDS_RN,2026-07-24,0.0,0.0,0.0,0.0,0.0,2.797083333333333,2.13875,0.6583333333333333,0,0,0,0.0,0.0,0.0,0.0,9.9,0.0,237.60000000000002,0.0
CONTINEN_RN,2026-07-24,0.0,-51.2,0.0,5.02125000000007,5.02125000000007,11.095416666666667,13.071562499999999,-1.976145833333333,4,3,7,79.12450000000004,-74.10324999999997,57.1,0.8,0.0,51.2,0.0,0.0
CORALSLR_ALL,2026-07-24,320.9,-10.8,1161.8325,14.576499999999987,1176.4089999999999,30.840833333333336,26.575833333333335,4.265,24,0,24,1176.409,0.0,100.0,99.99,51.4,331.7,1233.6,26.9
CORAZON_RN,2026-07-24,370.59999999999997,-69.9,-2586.0127499999994,-263.62775,-2849.6404999999995,20.86916666666667,23.008229166666666,-2.1390624999999996,13,11,24,250.46075000000002,-3100.1012499999993,54.2,0.07,200.0,440.5,4800.0,9.2
COTULLA_RN,2026-07-24,3.8,-60.1,19.000500000000002,282.54300000000006,301.54350000000005,29.60666666666667,24.461354166666666,5.1453125,23,0,23,301.54350000000005,0.0,100.0,99.99,9.9,63.9,237.60000000000002,26.9
COYOTSPR_RN,2026-07-24,0.0,-15.5,0.0,300.08,300.08,1.1116666666666666,0.9565625,0.15510416666666668,1,0,1,300.08,0.0,100.0,99.99,9.9,15.5,237.60000000000002,6.5
CROSSETT_ALL,2026-07-24,165.3,-30.5,2797.6467500000003,533.29475,3330.9415000000004,36.05458333333333,23.016145833333336,13.0384375,24,0,24,3330.9415000000004,0.0,100.0,99.99,100.0,195.8,2400.0,8.2
CROSSTRL_RN,2026-07-24,7.2,-31.4,97.58050000000001,390.759,488.33950000000004,37.43416666666666,25.976770833333333,11.457395833333335,24,0,24,488.33950000000004,0.0,100.0,99.99,57.0,38.6,1368.0,2.8
CR_RN,2026-07-24,5.6000000000000005,-3.4,37.522,12.562500000000002,50.0845,37.60916666666667,30.8565625,6.752604166666667,23,0,23,50.08449999999999,0.0,100.0,99.99,9.8,9.0,235.20000000000002,3.8
CS_RN,2026-07-24,94.9,-10.3,388.7685,25.795500000000004,414.564,37.373333333333335,31.639166666666668,5.734166666666667,21,2,23,441.8490000000001,-27.285000000000046,91.3,1.54,9.9,105.2,237.60000000000002,44.3
CTW_RN,2026-07-24,27.8,-16.2,199.858,100.89200000000001,300.75,34.810833333333335,28.313541666666666,6.4972916666666665,24,0,24,300.75,0.0,100.0,99.99,150.0,44.0,3600.0,1.2
DAN_ALL,2026-07-24,382.0,-28.5,2393.0355,229.83824999999993,2622.87375,24.782916666666665,19.0771875,5.705729166666665,24,0,24,2622.8737499999997,0.0,100.0,99.99,76.3,410.5,1831.1999999999998,22.4
DA_BESS,2026-07-24,5.2,-0.4,27.923000000000005,4.020000000000001,31.943000000000005,34.18125,27.256770833333334,6.924479166666667,23,0,23,31.942999999999998,0.0,100.0,99.99,5.0,5.6000000000000005,120.0,4.7
DA_BESS2,2026-07-24,0.0,0.0,0.0,0.0,0.0,33.09,24.603125,8.486875000000001,0,0,0,0.0,0.0,0.0,0.0,10.0,0.0,240.0,0.0
DC2SES_ALL,2026-07-24,9.8,-141.7,63.51100000000001,1342.339,1405.85,33.38666666666666,27.0221875,6.3644791666666665,20,3,23,1406.7635,-0.9135000000000012,87.0,231.0,66.5,151.5,1596.0,9.5
DESN_ESS_RN,2026-07-24,0.0,0.0,0.0,0.0,0.0,6.689583333333334,5.5421875,1.1473958333333334,0,0,0,0.0,0.0,0.0,0.0,200.0,0.0,4800.0,0.0
DGFS_ESR_RN,2026-07-24,3.8000000000000003,-3.0,46.7665,44.4925,91.259,35.32833333333333,22.361874999999998,12.966458333333334,24,0,24,91.259,0.0,100.0,99.99,75.0,6.800000000000001,1800.0,0.4
DIBOL_RN,2026-07-24,4.9,-0.4,31.659000000000002,5.752000000000001,37.411,34.09125,27.1028125,6.9884375,21,2,23,37.455000000000005,-0.04400000000000048,91.3,81.07,9.9,5.300000000000001,237.60000000000002,2.2
DKNS_ESS_RN,2026-07-24,0.0,-3.0,0.0,-18.4525,-18.4525,5.289166666666667,5.6140625,-0.32489583333333333,0,3,3,0.0,-18.4525,0.0,0.0,50.0,3.0,1200.0,0.2
DRAK_ESS_RN,2026-07-24,0.0,0.0,0.0,0.0,0.0,33.0875,29.34875,3.7387500000000014,0,0,0,0.0,0.0,0.0,0.0,150.0,0.0,3600.0,0.0
DSWL_BES1,2026-07-24,0.0,0.0,0.0,0.0,0.0,3.903333333333333,3.7090625,0.1942708333333331,0,0,0,0.0,0.0,0.0,0.0,150.0,0.0,3600.0,0.0
EBNY_ESS_RN,2026-07-24,3.8000000000000003,-2.8,27.832,32.5095,60.3415,31.18875,23.499166666666667,7.689583333333334,24,0,24,60.34150000000001,0.0,100.0,99.99,200.0,6.6,4800.0,0.1
ELMCRK_RN,2026-07-24,25.3,-23.4,249.98725,530.3745,780.36175,38.57333333333333,25.9771875,12.596145833333333,24,0,24,780.36175,0.0,100.0,99.99,9.9,48.7,237.60000000000002,20.5
ELM_ST_RN,2026-07-24,0.0,0.0,0.0,0.0,0.0,5.260000000000001,3.427604166666667,1.8323958333333337,0,0,0,0.0,0.0,0.0,0.0,9.9,0.0,237.60000000000002,0.0
ELM_ST_RN2,2026-07-24,0.0,0.0,0.0,0.0,0.0,8.03375,4.871979166666667,3.1617708333333336,0,0,0,0.0,0.0,0.0,0.0,9.9,0.0,237.60000000000002,0.0
ELSA_ESR_RN,2026-07-24,3.8000000000000003,-183.2,-8.452,-1779.595,-1788.047,28.54416666666667,31.995416666666667,-3.45125,10,14,24,117.23674999999999,-1905.28375,41.7,0.09,9.9,187.0,237.60000000000002,78.7
ELZA_SLR_RN,2026-07-24,4.800000000000001,-3.8,29.064500000000002,2.140000000000001,31.204500000000003,33.222500000000004,26.87572916666667,6.346770833333333,20,3,23,34.112,-2.9075,87.0,1.76,100.0,8.600000000000001,2400.0,0.4
EMPCT_RN,2026-07-24,5.7,-79.5,38.530750000000005,1163.7315,1202.26225,33.864583333333336,26.833333333333332,7.03125,21,3,24,1202.61775,-0.35549999999999926,87.5,483.27,9.9,85.2,237.60000000000002,35.9
ENDPARK_ESS1,2026-07-24,6.300000000000001,-8.4,34.40024999999999,91.30800000000002,125.70825,29.622083333333336,25.057187499999998,4.564895833333334,17,5,22,127.48875000000001,-1.7805000000000002,77.3,21.06,50.0,14.700000000000001,1200.0,1.2
ESCONDID_ESR,2026-07-24,4.4,-9.1,43.8485,49.17599999999999,93.02449999999999,34.63458333333333,24.77552083333333,9.8590625,23,0,23,93.02450000000002,0.0,100.0,99.99,0.0,13.5,0.0,0.0
ESTONIAN_ALL,2026-07-24,22.700000000000003,-47.699999999999996,176.791,374.86799999999994,551.659,33.168749999999996,26.801041666666666,6.367708333333333,20,4,24,555.512,-3.8530000000000086,83.3,28.84,101.6,70.4,2438.3999999999996,2.9
EUNICE_ALL,2026-07-24,1756.0,-300.5,15211.166250000002,6127.342500000001,21338.508750000005,22.667916666666667,14.799583333333333,7.868333333333335,21,0,21,21338.508750000005,0.0,100.0,99.99,22.0,2056.5,528.0,389.5
EVLN_ESS_RN,2026-07-24,8.1,-0.4,19.071249999999996,4.527999999999999,23.599249999999994,37.57458333333333,32.9675,4.607083333333333,20,3,23,42.27725,-18.678000000000008,87.0,0.34,220.0,8.5,5280.0,0.2
E_HARRIS_RN,2026-07-24,1.0,-3.1,-1.8275000000000006,16.836,15.008499999999998,3.65375,3.6197916666666665,0.033958333333333236,1,2,3,17.235,-2.2265000000000006,33.3,15.48,9.9,4.1,237.60000000000002,1.7
FALFUR_RN,2026-07-24,2.8000000000000003,-42.3,7.9510000000000005,13.696750000000026,21.64775000000002,25.923333333333332,24.206666666666667,1.7166666666666668,17,7,24,70.4805,-48.83274999999999,70.8,0.59,9.9,45.099999999999994,237.60000000000002,19.0
FALFUR_RN2,2026-07-24,0.0,-8.2,0.0,3.4677500000000085,3.4677500000000085,9.901666666666666,10.39625,-0.49458333333333293,2,2,4,4.960250000000008,-1.4924999999999993,50.0,3.32,9.8,8.2,235.20000000000002,3.5
FAULKNER_RN,2026-07-24,0.0,-8.0,0.0,85.95000000000002,85.95000000000002,5.232083333333333,3.663020833333333,1.5690625,2,0,2,85.95000000000002,0.0,100.0,99.99,9.9,8.0,237.60000000000002,3.4
FENCESLR_ALL,2026-07-24,21.1,-51.1,110.82425,239.63525000000007,350.4595000000001,32.42208333333333,26.935937499999998,5.486145833333334,21,2,23,353.12750000000005,-2.6680000000000135,91.3,12.61,71.0,72.2,1704.0,4.2
FERD_ESS_RN,2026-07-24,0.0,-28.0,0.0,386.3425,386.3425,5.742916666666667,3.89625,1.8466666666666665,11,0,11,386.34250000000003,0.0,100.0,99.99,200.0,28.0,4800.0,0.6
FIVEWSLR_ALL,2026-07-24,1977.3999999999999,-7.1,4443.4935,11.792500000000004,4455.286,16.812916666666666,14.910937500000001,1.9019791666666663,11,3,14,5053.959749999999,-598.6737500000002,78.6,2.3,220.0,1984.4999999999998,5280.0,37.6
FLOWERII_RN,2026-07-24,124.7,-21.0,2506.9552499999995,348.088,2855.0432499999997,37.73,24.286458333333332,13.443541666666667,24,0,24,2855.0432499999997,0.0,100.0,99.99,100.0,145.7,2400.0,6.1
FLTBES1,2026-07-24,0.0,-22.0,0.0,177.3075,177.3075,4.83625,3.1927083333333335,1.6435416666666667,3,0,3,177.3075,0.0,100.0,99.99,8.5,22.0,204.0,10.8
FLVABES1_ESR,2026-07-24,63.0,0.0,582.31675,0.0,582.31675,16.577916666666667,9.943645833333333,6.634270833333333,4,0,4,582.31675,0.0,100.0,99.99,9.9,63.0,237.60000000000002,26.5
FORTMA_RN,2026-07-24,96.0,-53.0,688.7925,273.65,962.4425,27.62125,23.844166666666666,3.777083333333333,20,2,22,1118.35,-155.9075,90.9,0.72,9.8,149.0,235.20000000000002,63.4
FRMRSVLW_RN,2026-07-24,4.800000000000001,-0.4,29.344750000000005,4.7010000000000005,34.045750000000005,33.19708333333333,26.8096875,6.387395833333333,19,4,23,34.478750000000005,-0.4329999999999999,82.6,16.76,9.9,5.200000000000001,237.60000000000002,2.2
FRMR_BS2_RN1,2026-07-24,1.0,0.0,7.017500000000002,0.0,7.017500000000002,7.66875,5.833645833333333,1.8351041666666668,1,0,1,7.017500000000002,0.0,100.0,99.99,6.0,1.0,144.0,0.7
FTDUNCAN_RN,2026-07-24,4.4,-7.2,54.3755,46.79474999999999,101.17025,34.57583333333333,24.704791666666665,9.871041666666665,24,0,24,101.17024999999998,0.0,100.0,99.99,100.0,11.600000000000001,2400.0,0.5
GAIA_SLR_RN,2026-07-24,1.0,0.0,5.8675,0.0,5.8675,2.23625,1.8767708333333335,0.35947916666666674,1,0,1,5.8675,0.0,100.0,99.99,75.0,1.0,1800.0,0.1
GAMBIT_RN,2026-07-24,1.0,-68.7,9.225000000000001,336.65475,345.87975,34.18125,26.076666666666668,8.104583333333334,4,0,4,345.87974999999994,0.0,100.0,99.99,100.0,69.7,2400.0,2.9
GARC_BESS_RN,2026-07-24,3.0,-3.0000000000000004,1.4195000000000007,-14.973250000000002,-13.55375,25.489583333333332,26.777916666666666,-1.288333333333333,10,13,23,7.669750000000001,-21.2235,43.5,0.47,9.9,6.0,237.60000000000002,2.5
GIGA_ESS_RN,2026-07-24,4.0,-139.5,29.9005,1811.3535000000002,1841.2540000000001,32.86291666666667,24.894166666666667,7.96875,24,0,24,1841.2540000000004,0.0,100.0,99.99,125.0,143.5,3000.0,4.8
GKS_BESS_RN,2026-07-24,86.60000000000001,-310.3,88.52399999999997,196.58224999999993,285.10624999999993,26.53708333333333,25.420937499999997,1.1161458333333334,14,10,24,637.2690000000002,-352.16275000000024,58.3,1.29,82.0,396.90000000000003,1968.0,20.2
GODY_SLR_RN,2026-07-24,270.0,-44.0,36.874999999999886,247.2875,284.1624999999999,8.8525,8.592395833333333,0.26010416666666636,13,4,17,508.40999999999985,-224.24750000000003,76.5,0.7,50.0,314.0,1200.0,26.2
GOMZ_RN,2026-07-24,3.8000000000000003,-26.0,45.518,408.8985,454.41650000000004,36.95333333333333,24.22072916666667,12.732604166666667,24,0,24,454.41650000000004,0.0,100.0,99.99,9.9,29.8,237.60000000000002,12.5
GOODWIN_ESR,2026-07-24,3.2,-32.4,1.7910000000000006,-59.434250000000006,-57.643250000000016,25.935000000000002,27.373541666666668,-1.4385416666666673,11,12,23,31.436500000000002,-89.07975000000002,47.8,0.38,9.9,35.6,237.60000000000002,15.0
GRDNE_ESR_RN,2026-07-24,7.0,-0.4,103.9925,5.8580000000000005,109.8505,38.42583333333334,25.088229166666665,13.337604166666667,23,0,23,109.8505,0.0,100.0,99.99,9.9,7.4,237.60000000000002,3.1
GREGORY_RN,2026-07-24,12.8,-6.300000000000001,107.55449999999999,45.5385,153.093,27.18541666666667,21.218958333333333,5.966458333333333,24,0,24,153.09299999999996,0.0,100.0,99.99,0.0,19.1,0.0,0.0
GUNR_RN,2026-07-24,0.0,0.0,0.0,0.0,0.0,31.67,27.966250000000002,3.703750000000001,0,0,0,0.0,0.0,0.0,0.0,150.0,0.0,3600.0,0.0
GZ_RN,2026-07-24,166.8,-0.4,1097.5525,4.304,1101.8564999999999,37.28458333333334,30.772604166666667,6.511979166666666,23,0,23,1101.8564999999999,0.0,100.0,99.99,9.0,167.20000000000002,216.0,77.4
HAMI_BESS_RN,2026-07-24,3.0,-57.0,27.474999999999994,587.27,614.7449999999999,8.109583333333333,5.504270833333333,2.6053124999999997,19,0,19,614.745,0.0,100.0,99.99,9.9,60.0,237.60000000000002,25.3
HARLIN_1_RN,2026-07-24,2.0,-30.0,4.824999999999999,77.12000000000003,81.94500000000004,6.555416666666667,5.817291666666667,0.7381250000000001,10,3,13,101.47500000000002,-19.529999999999998,76.9,1.56,0.0,32.0,0.0,0.0
HEADCAMP_RN,2026-07-24,0.0,0.0,0.0,0.0,0.0,4.1875,2.703645833333333,1.483854166666667,0,0,0,0.0,0.0,0.0,0.0,150.0,0.0,3600.0,0.0
HEARN_RD_RN,2026-07-24,22.799999999999997,-8.4,61.99750000000006,59.0135,121.01100000000005,26.268333333333334,21.143958333333334,5.124375,24,0,24,121.01100000000005,0.0,100.0,99.99,9.8,31.199999999999996,235.20000000000002,13.3
HEN_RN,2026-07-24,0.0,0.0,0.0,0.0,0.0,3.0958333333333337,2.6140624999999997,0.4817708333333335,0,0,0,0.0,0.0,0.0,0.0,150.0,0.0,3600.0,0.0
HI_LONEB_RN1,2026-07-24,17.0,-1.0,250.679,16.7555,267.4345,35.199999999999996,23.106354166666666,12.093645833333333,24,0,24,267.4345,0.0,100.0,99.99,50.0,18.0,1200.0,1.5
HLY_RN,2026-07-24,1.0,0.0,-0.6174999999999997,0.0,-0.6174999999999997,5.34,4.595104166666666,0.7448958333333334,0,1,1,0.0,-0.6174999999999997,0.0,0.0,102.0,1.0,2448.0,0.0
HMNG_ESS_RN,2026-07-24,4.7,-39.2,26.986000000000004,186.9555,213.94150000000002,32.52458333333333,26.548020833333336,5.9765625,19,4,23,217.5815,-3.6399999999999997,82.6,12.58,100.0,43.900000000000006,2400.0,1.8
HNY_COMB_RN,2026-07-24,0.0,0.0,0.0,0.0,0.0,21.434,15.859,5.575,0,0,0,0.0,0.0,0.0,0.0,61.5,0.0,1476.0,0.0
HOLCOMB_RN1,2026-07-24,0.0,0.0,0.0,0.0,0.0,20.367083333333333,22.82739583333333,-2.4603125,0,0,0,0.0,0.0,0.0,0.0,9.9,0.0,237.60000000000002,0.0
HOUSEMTN_RN,2026-07-24,56.7,-12.0,712.6460000000001,150.9445,863.5905,35.668749999999996,23.586770833333333,12.081979166666665,24,0,24,863.5905,0.0,100.0,99.99,60.0,68.7,1440.0,4.8
HRMS_SLR_RN,2026-07-24,0.0,-1.0,0.0,-1.370000000000001,-1.370000000000001,3.9625,3.7302083333333336,0.23229166666666648,0,1,1,0.0,-1.370000000000001,0.0,0.0,100.0,1.0,2400.0,0.0
HV_BESS1_RN,2026-07-24,153.0,0.0,978.665,0.0,978.665,30.571250000000003,24.981979166666665,5.589270833333334,16,0,16,978.6650000000001,0.0,100.0,99.99,0.0,153.0,0.0,0.0
HWY6_RN,2026-07-24,1.0,-14.0,8.517499999999998,57.35000000000001,65.8675,3.4804166666666667,2.9328125000000003,0.5476041666666666,4,0,4,65.8675,0.0,100.0,99.99,9.9,15.0,237.60000000000002,6.3
HYDR_ESS_RN,2026-07-24,4.0,-19.8,68.535,314.84375,383.37875,9.830416666666666,5.9120833333333325,3.9183333333333334,10,0,10,383.37874999999997,0.0,100.0,99.99,200.0,23.8,4800.0,0.5
IND_INADALE1,2026-07-24,122.2,-27.4,104.10625000000007,-10.298249999999989,93.80800000000008,29.448333333333334,25.800416666666667,3.647916666666667,16,8,24,537.04225,-443.2342499999999,66.7,0.61,9.9,149.6,237.60000000000002,63.0
INRT_W_ALL,2026-07-24,3045.6,-66.4,13111.27125,215.73200000000003,13327.00325,30.092916666666667,25.878333333333334,4.214583333333334,16,7,23,15310.67675,-1983.6734999999999,69.6,3.38,13.0,3112.0,312.0,997.4
JADE_SLR_ALL,2026-07-24,64.7,-4.1000000000000005,360.4305,-0.4467500000000042,359.98375,29.53916666666667,25.418854166666666,4.1203125,17,7,24,405.91450000000003,-45.930749999999996,70.8,3.64,81.9,68.8,1965.6000000000001,3.5
JAG_SLR_RN,2026-07-24,3.5,-39.0,11.036249999999995,100.80699999999996,111.84324999999995,29.952083333333334,26.485416666666666,3.4666666666666655,17,5,22,115.0565,-3.213250000000035,77.3,10.53,150.0,42.5,3600.0,1.2
JAR_RN,2026-07-24,5.6000000000000005,-6.5,60.5525,44.480499999999985,105.03299999999999,35.45791666666667,25.864479166666666,9.5934375,23,0,23,105.03299999999999,0.0,100.0,99.99,147.0,12.100000000000001,3528.0,0.3
JC_BAT_RN,2026-07-24,4.0,-47.5,31.525500000000005,253.80424999999997,285.32975,33.312083333333334,25.07041666666667,8.241666666666667,23,0,23,285.32974999999993,0.0,100.0,99.99,1.2,51.5,28.799999999999997,178.8
JDKNS_RN,2026-07-24,10.0,-24.8,162.001,376.57,538.571,37.82333333333333,24.714270833333334,13.1090625,24,0,24,538.5709999999999,0.0,100.0,99.99,9.9,34.8,237.60000000000002,14.6
JUNCTION_RN,2026-07-24,87.8,-18.4,-246.61200000000008,-26.918500000000005,-273.5305000000001,38.985416666666666,40.130520833333335,-1.145104166666667,21,3,24,1207.5545,-1481.085,87.5,0.12,9.9,106.19999999999999,237.60000000000002,44.7
JUNORTH_RN,2026-07-24,20.8,-43.0,-248.84975,295.14,46.290250000000036,14.507083333333334,18.054166666666667,-3.5470833333333336,16,3,19,710.7927500000001,-664.5025,84.2,0.2,9.9,63.8,237.60000000000002,26.9
KEG_RN,2026-07-24,0.0,-10.0,0.0,55.200000000000024,55.200000000000024,3.7137499999999997,2.6753125000000004,1.0384375,3,0,3,55.200000000000024,0.0,100.0,99.99,160.0,10.0,3840.0,0.3
KNAPP_RN,2026-07-24,18.2,-81.0,219.312,892.275,1111.587,24.956666666666667,18.40458333333333,6.552083333333333,20,1,21,1168.7069999999997,-57.119999999999976,95.2,1.02,0.0,99.2,0.0,0.0
LANTANA_RN,2026-07-24,0.0,-3.1,0.0,20.83275,20.83275,4.941666666666666,3.8328124999999997,1.1088541666666665,4,0,4,20.83275,0.0,100.0,99.99,9.9,3.1,237.60000000000002,1.3
LAUR_BESS_RN,2026-07-24,1.0,-12.700000000000001,-0.259999999999998,-8.230999999999987,-8.490999999999985,8.795833333333333,7.008125,1.7877083333333335,7,3,10,30.119250000000008,-38.61024999999999,70.0,0.33,9.8,13.700000000000001,235.20000000000002,5.8
LBRA_BES1,2026-07-24,103.0,-47.0,708.4680000000001,177.91199999999998,886.38,30.332916666666666,23.131666666666664,7.201250000000001,23,0,23,886.38,0.0,100.0,99.99,200.0,150.0,4800.0,3.1
LEAKEY_RN,2026-07-24,1.0,0.0,4.537499999999994,0.0,4.537499999999994,8.83625,6.69625,2.14,1,0,1,4.537499999999994,0.0,100.0,99.99,0.0,1.0,0.0,0.0
LFSTH_RN,2026-07-24,1.0,0.0,14.170000000000002,0.0,14.170000000000002,5.8445833333333335,4.367291666666667,1.477291666666667,1,0,1,14.170000000000002,0.0,100.0,99.99,9.9,1.0,237.60000000000002,0.4
LIGSW_RN,2026-07-24,4.7,-4.4,29.873,53.974000000000004,83.847,33.22875,26.749895833333337,6.478854166666667,19,4,23,84.25750000000001,-0.4105000000000004,82.6,43.21,9.8,9.100000000000001,235.20000000000002,3.9
LILY_RN,2026-07-24,13.1,-25.8,117.66025,40.55774999999997,158.21799999999996,33.27875,26.926770833333332,6.351979166666667,20,3,23,160.54199999999997,-2.3239999999999923,87.0,10.36,50.0,38.9,1200.0,3.2
LK_RN,2026-07-24,1.0,-2.0,9.389999999999997,2.520000000000003,11.91,3.3958333333333335,2.4438541666666667,0.9519791666666667,2,0,2,11.91,0.0,100.0,99.99,9.9,3.0,237.60000000000002,1.3
LMO_ESR_RN,2026-07-24,4.800000000000001,-4.2,28.0185,11.734499999999986,39.752999999999986,35.33,29.10875,6.221249999999999,23,0,23,39.752999999999986,0.0,100.0,99.99,100.0,9.0,2400.0,0.4
LONESTAR_RN,2026-07-24,13.0,-4.6,122.86000000000001,37.891500000000015,160.75150000000002,37.64791666666667,24.68166666666667,12.96625,23,0,23,160.75150000000005,0.0,100.0,99.99,9.9,17.6,237.60000000000002,7.4
LON_RN1,2026-07-24,7.7,-26.199999999999996,50.245000000000005,237.108,287.353,34.557916666666664,27.921041666666667,6.636875,23,0,23,287.353,0.0,100.0,99.99,174.0,33.9,4176.0,0.8
LOWR_ESS_RN,2026-07-24,0.0,-26.2,0.0,-276.65774999999996,-276.65774999999996,4.320416666666667,4.661666666666666,-0.3412499999999999,2,8,10,8.764999999999997,-285.42275,20.0,0.12,60.0,26.2,1440.0,1.8
LUCKYBLU_RN,2026-07-24,1.0,-14.0,13.890000000000004,73.25,87.14,6.552083333333333,5.984895833333333,0.5671875000000002,7,0,7,87.14,0.0,100.0,99.99,26.0,15.0,624.0,2.4
LYNX_ESS_RN,2026-07-24,1.0,-3.0,0.8125,15.245000000000005,16.057500000000005,6.302499999999999,5.048958333333333,1.2535416666666668,4,0,4,16.057500000000005,0.0,100.0,99.99,75.0,4.0,1800.0,0.2
LYSSY_RN,2026-07-24,83.2,-3.2,592.7315,33.74850000000001,626.48,30.837083333333336,23.0690625,7.768020833333334,24,0,24,626.48,0.0,100.0,99.99,0.0,86.4,0.0,0.0
L_FRE_ESR_RN,2026-07-24,2.0,-52.1,12.137499999999996,97.94649999999999,110.08399999999999,4.98625,3.5661458333333336,1.4201041666666665,14,4,18,160.5725,-50.48849999999999,77.8,0.91,9.9,54.1,237.60000000000002,22.8
MADERO_RN,2026-07-24,2.0,-5.2,9.950000000000003,14.08849999999999,24.038499999999992,6.349166666666666,6.272083333333334,0.07708333333333368,5,2,7,37.26775,-13.229250000000008,71.4,1.13,100.0,7.2,2400.0,0.3
MAINLAND_RN,2026-07-24,3.0,0.0,7.512499999999999,0.0,7.512499999999999,10.23625,9.042604166666667,1.1936458333333335,3,0,3,7.512499999999999,0.0,100.0,99.99,9.9,3.0,237.60000000000002,1.3
MEDILA_RN,2026-07-24,84.19999999999999,-9.8,504.54449999999997,100.8195,605.364,32.2525,23.993020833333333,8.259479166666667,24,0,24,605.364,0.0,100.0,99.99,0.0,93.99999999999999,0.0,0.0
MEDINA1_RN,2026-07-24,0.0,0.0,0.0,0.0,0.0,2.9487500000000004,2.146666666666667,0.8020833333333334,0,0,0,0.0,0.0,0.0,0.0,0.0,0.0,0.0,0.0
MESQUITE_RN,2026-07-24,1.0,0.0,2.414999999999999,0.0,2.414999999999999,2.8220833333333335,2.1060416666666666,0.7160416666666666,1,0,1,2.414999999999999,0.0,100.0,99.99,9.9,1.0,237.60000000000002,0.4
MESQUITE_RN2,2026-07-24,0.0,-1.0,0.0,4.970000000000001,4.970000000000001,0.6483333333333333,0.44125,0.20708333333333337,1,0,1,4.970000000000001,0.0,100.0,99.99,0.0,1.0,0.0,0.0
MIDP_SLR_RN,2026-07-24,304.8,-66.8,-2193.439,287.76625,-1905.67275,23.4475,25.133958333333336,-1.6864583333333336,14,9,23,470.3802500000001,-2376.053,60.9,0.13,50.0,371.6,1200.0,31.0
MIDWY_RN,2026-07-24,0.0,0.0,0.0,0.0,0.0,6.593333333333334,4.7959375,1.7973958333333335,0,0,0,0.0,0.0,0.0,0.0,9.9,0.0,237.60000000000002,0.0
MILTON_RN,2026-07-24,32.8,-3.2,132.3135,32.11625,164.42975,30.389583333333334,23.16395833333333,7.225625,21,0,21,164.42975,0.0,100.0,99.99,0.0,36.0,0.0,0.0
MNWL_BESS_RN,2026-07-24,53.5,-9.4,1089.9825,136.142,1226.1245000000001,36.058749999999996,27.256354166666668,8.802395833333334,21,3,24,1227.5079999999998,-1.3835000000000008,87.5,126.75,9.9,62.9,237.60000000000002,26.5
MOORE_FL_RN,2026-07-24,3.4000000000000004,-1.2000000000000002,0.5969999999999993,-7.555,-6.958,26.852500000000003,28.349999999999998,-1.4975000000000003,10,13,23,7.780000000000001,-14.738000000000003,43.5,0.69,9.9,4.6000000000000005,237.60000000000002,1.9
MUENSTER_RN,2026-07-24,190.4,-0.4,1035.407,5.0645000000000024,1040.4714999999999,33.02125,26.657291666666666,6.363958333333334,20,4,24,1078.4154999999998,-37.94399999999998,83.3,5.68,9.9,190.8,237.60000000000002,80.3
MUSTNGCK_ALL,2026-07-24,106.1,-12.9,674.38775,71.48575000000001,745.8735,28.255,22.18552083333333,6.0694791666666665,24,0,24,745.8735,0.0,100.0,99.99,71.0,119.0,1704.0,7.0
MU_RN,2026-07-24,45.5,-16.3,111.36675000000002,95.1645,206.53125,36.194583333333334,30.4590625,5.735520833333333,21,2,23,222.93225000000004,-16.401000000000007,91.3,1.29,9.9,61.8,237.60000000000002,26.0
MV_VALV4_RN,2026-07-24,4.8,-4.9,-4.082499999999999,-17.013749999999998,-21.096249999999998,28.46291666666667,31.7409375,-3.2780208333333327,10,13,23,12.061000000000003,-33.15725,43.5,0.47,9.9,9.7,237.60000000000002,4.1
MYRY_BES2_RN,2026-07-24,3.2,-1.3,4.623000000000001,-7.104750000000001,-2.48175,27.080416666666665,27.838125,-0.7577083333333331,12,10,22,8.50025,-10.982,54.5,0.65,9.9,4.5,237.60000000000002,1.9
MYRY_ESR_RN,2026-07-24,1.0,-1.2,3.84,-7.6335,-3.7935,4.835416666666666,4.464791666666667,0.3706249999999999,2,2,4,3.8994999999999997,-7.693,50.0,0.51,9.9,2.2,237.60000000000002,0.9
MYR_ALL,2026-07-24,89.1,-9.7,1167.8067499999997,34.006000000000014,1201.8127499999998,12.974583333333333,9.611875,3.3627083333333325,12,0,12,1201.8127499999998,0.0,100.0,99.99,76.3,98.8,1831.1999999999998,5.4
NCO_RN,2026-07-24,0.0,0.0,0.0,0.0,0.0,6.028333333333333,4.955520833333334,1.0728125000000002,0,0,0,0.0,0.0,0.0,0.0,50.0,0.0,1200.0,0.0
NEDIN_RN,2026-07-24,3.0,0.0,17.005,0.0,17.005,5.704166666666667,5.820833333333333,-0.11666666666666677,3,0,3,17.005,0.0,100.0,99.99,0.0,3.0,0.0,0.0
NF_BRP_RN,2026-07-24,203.1,-75.0,2325.886,944.56,3270.446,32.8,22.276979166666667,10.523020833333332,24,0,24,3270.446,0.0,100.0,99.99,100.5,278.1,2412.0,11.5
NOBLESLR_ALL,2026-07-24,609.6,-102.4,6581.2685,434.86250000000007,7016.131,17.42625,12.964270833333332,4.461979166666667,14,2,16,7023.463000000001,-7.331999999999993,87.5,136.85,62.5,712.0,1500.0,47.5
NWF_NWF1,2026-07-24,49.3,-119.4,634.1084999999999,2533.88725,3167.99575,38.012499999999996,24.873854166666664,13.138645833333333,23,0,23,3167.9957500000005,0.0,100.0,99.99,3.0,168.7,72.0,234.3
N_AL_BESS_RN,2026-07-24,3.8000000000000003,-4.9,-5.668,-16.772,-22.439999999999998,28.14375,30.790104166666666,-2.646354166666667,10,13,23,8.300000000000002,-30.740000000000002,43.5,0.35,9.9,8.700000000000001,237.60000000000002,3.7
N_MRD_ESR_RN,2026-07-24,3.5,-0.8,-1.093249999999998,-5.5755,-6.6687499999999975,27.87,29.8084375,-1.9384374999999994,10,12,22,8.389000000000003,-15.057749999999999,45.5,0.67,9.9,4.3,237.60000000000002,1.8
ODESW_RN,2026-07-24,9.200000000000001,-128.9,121.4015,2421.89525,2543.2967500000004,37.924166666666665,24.777083333333334,13.147083333333335,24,0,24,2543.2967500000004,0.0,100.0,99.99,10.0,138.1,240.0,57.5
OLMITO_RN,2026-07-24,2.6,-81.2,10.0805,334.4155,344.49600000000004,25.838333333333335,20.380937499999998,5.457395833333333,20,4,24,371.156,-26.659999999999993,83.3,2.78,0.0,83.8,0.0,0.0
OLNEYTN_RN,2026-07-24,58.0,-39.4,2040.3,1034.966,3075.266,35.753750000000004,20.921041666666667,14.832708333333331,17,3,20,3086.11775,-10.851750000000001,85.0,50.19,0.0,97.4,0.0,0.0
OR_BESS_RN,2026-07-24,0.0,-4.0,0.0,37.06,37.06,3.0325,2.60875,0.42375000000000007,1,0,1,37.06,0.0,100.0,99.99,9.9,4.0,237.60000000000002,1.7
PAD1_ESS_RN,2026-07-24,4.2,-7.0,36.953,22.174250000000022,59.127250000000025,32.00083333333333,23.491666666666664,8.509166666666667,23,0,23,59.12725000000002,0.0,100.0,99.99,50.0,11.2,1200.0,0.9
PAD2_ESS_RN,2026-07-24,0.0,0.0,0.0,0.0,0.0,29.945,20.8625,9.0825,0,0,0,0.0,0.0,0.0,0.0,150.0,0.0,3600.0,0.0
PALACIOS_RN,2026-07-24,57.3,-71.3,253.12299999999996,428.00075,681.12375,27.26875,21.0784375,6.190312499999998,24,0,24,681.12375,0.0,100.0,99.99,9.0,128.6,216.0,59.5
PALE_ESS_EN,2026-07-24,0.0,-29.2,0.0,-340.72975,-340.72975,3.89,3.565208333333333,0.3247916666666668,1,9,10,14.951999999999996,-355.68175,10.0,0.38,200.0,29.2,4800.0,0.6
PALMVIEW_RN,2026-07-24,3.4000000000000004,-81.1,0.10950000000000082,-60.71399999999997,-60.60449999999995,26.174583333333334,27.640937500000003,-1.4663541666666664,10,13,23,183.01000000000005,-243.61450000000002,43.5,0.98,9.9,84.5,237.60000000000002,35.6
PAULN_RN,2026-07-24,4.9,-0.4,27.691250000000004,4.6745,32.365750000000006,33.05083333333334,27.040833333333335,6.010000000000001,21,2,23,32.54175000000001,-0.1759999999999998,91.3,17.61,9.9,5.300000000000001,237.60000000000002,2.2
PAVLOV_BT_RN,2026-07-24,4.6,-49.1,16.361000000000004,260.43600000000004,276.797,27.1975,21.09375,6.103749999999999,23,0,23,276.797,0.0,100.0,99.99,9.9,53.7,237.60000000000002,22.6
PAVO_ESS_ALL,2026-07-24,32.8,0.0,461.121,0.0,461.121,12.09875,7.313958333333333,4.784791666666667,4,0,4,461.121,0.0,100.0,99.99,87.5,32.8,2100.0,1.6
PEARSALL_RN,2026-07-24,6.0,-8.0,49.67,47.55499999999999,97.225,6.969583333333333,5.087083333333333,1.8825,10,0,10,97.225,0.0,100.0,99.99,9.9,14.0,237.60000000000002,5.9
PHO_ALL,2026-07-24,201.2,-32.2,1372.9085,259.89750000000004,1632.8059999999998,26.73625,21.3159375,5.4203125000000005,23,0,23,1632.806,0.0,100.0,99.99,150.0,233.39999999999998,3600.0,6.5
PINEFRST_RN,2026-07-24,18.0,-56.4,137.54375,335.8175,473.36125,33.153749999999995,26.7921875,6.361562499999999,20,4,24,478.41175,-5.05050000000001,83.3,18.95,200.0,74.4,4800.0,1.6
PIN_BESS_RN,2026-07-24,0.0,-3.0,0.0,18.607499999999995,18.607499999999995,1.5066666666666666,1.4240625,0.08260416666666644,1,0,1,18.607499999999995,0.0,100.0,99.99,175.0,3.0,4200.0,0.1
PIRATE_RN,2026-07-24,22.799999999999997,-6.5,45.896499999999975,27.662,73.55849999999997,26.891666666666666,21.351249999999997,5.540416666666666,24,0,24,73.55849999999998,0.0,100.0,99.99,9.8,29.299999999999997,235.20000000000002,12.5
PLATINUM_RN,2026-07-24,5.7,-0.4,40.95425,4.675000000000001,45.62925,33.10041666666667,26.771145833333335,6.329270833333333,19,4,23,46.12625,-0.49699999999999994,82.6,19.54,143.8,6.1000000000000005,3451.2000000000003,0.2
POTEETS_RN,2026-07-24,104.7,-53.2,538.592,124.57800000000003,663.1700000000001,28.877916666666668,23.395833333333332,5.482083333333333,22,2,24,1110.3909999999998,-447.221,91.7,0.23,9.9,157.9,237.60000000000002,66.5
POTSVIL_RN,2026-07-24,266.90000000000003,-39.6,2766.27325,458.01575,3224.289,47.07125,30.700520833333332,16.370729166666667,24,0,24,3224.289,0.0,100.0,99.99,9.9,306.50000000000006,237.60000000000002,129.0
PRCRK_RN,2026-07-24,4.5,-12.4,27.149,175.23749999999995,202.38649999999998,33.56875,26.873229166666665,6.695520833333333,21,3,24,202.73299999999995,-0.34649999999999964,87.5,83.58,9.9,16.9,237.60000000000002,7.1
PTLBES_BESS1,2026-07-24,186.2,-34.2,746.7927500000001,256.55024999999995,1003.3430000000001,27.619583333333335,21.56833333333333,6.05125,24,0,24,1003.3430000000001,0.0,100.0,99.99,3.0,220.39999999999998,72.0,306.1
PYR_PYRON1,2026-07-24,699.5,-30.0,4319.233,21.262500000000045,4340.4955,29.448333333333334,25.800416666666667,3.647916666666667,16,8,24,4991.815500000001,-651.3199999999998,66.7,3.83,15.1,729.5,362.4,201.3
QUEEN_BA_RN,2026-07-24,50.3,-1.0,939.35675,16.564,955.92075,36.440000000000005,23.519791666666666,12.920208333333333,24,0,24,955.92075,0.0,100.0,99.99,50.0,51.3,1200.0,4.3
RADN_SLR_ALL,2026-07-24,20.4,-20.4,144.84775,113.74550000000002,258.59325,32.30833333333333,25.556145833333332,6.752187500000001,24,0,24,258.59325,0.0,100.0,99.99,81.9,40.8,1965.6000000000001,2.1
RBN_BESS1,2026-07-24,4.6000000000000005,-4.4,33.182750000000006,41.88850000000001,75.07125,36.527499999999996,29.113541666666666,7.413958333333333,23,0,23,75.07125000000002,0.0,100.0,99.99,100.0,9.0,2400.0,0.4
RHESS2_ESS1,2026-07-24,101.1,-173.0,1829.89625,4251.601,6081.497249999999,36.55833333333333,22.791875,13.766458333333333,22,0,22,6081.497249999999,0.0,100.0,99.99,9.8,274.1,235.20000000000002,116.5
RIOG_ESR2_RN,2026-07-24,3.0,-2.0000000000000004,1.6549999999999994,-8.924750000000001,-7.269750000000003,25.571250000000003,26.888333333333335,-1.3170833333333338,10,13,23,7.632750000000001,-14.902500000000005,43.5,0.67,0.0,5.0,0.0,0.0
RIOG_ESR_RN,2026-07-24,4.0,-0.2,19.47999999999999,-0.5832500000000004,18.89674999999999,14.933749999999998,17.122916666666665,-2.1891666666666674,2,1,3,19.49374999999999,-0.5970000000000003,66.7,16.33,9.9,4.2,237.60000000000002,1.8
RN_BY_ESR1,2026-07-24,3.0,0.0,16.457500000000003,0.0,16.457500000000003,8.510416666666666,7.1386458333333325,1.3717708333333334,3,0,3,16.457500000000003,0.0,100.0,99.99,0.0,3.0,0.0,0.0
RN_PAD3_ESS,2026-07-24,1.0,-2.0,8.094999999999995,6.475,14.569999999999995,8.569166666666666,6.288437500000001,2.2807291666666663,3,0,3,14.569999999999995,0.0,100.0,99.99,200.0,3.0,4800.0,0.1
RN_QTUM_SLR,2026-07-24,0.0,-1.0,0.0,-0.21750000000000114,-0.21750000000000114,30.107083333333332,25.878854166666667,4.228229166666666,0,1,1,0.0,-0.21750000000000114,0.0,0.0,160.0,1.0,3840.0,0.0
RN_RHN_ESR,2026-07-24,1.0,0.0,2.0650000000000013,0.0,2.0650000000000013,6.727083333333333,5.861770833333334,0.8653125,1,0,1,2.0650000000000013,0.0,100.0,99.99,200.0,1.0,4800.0,0.0
RN_SOLC_SLR,2026-07-24,10.0,-50.0,67.495,181.32000000000005,248.81500000000003,30.689166666666665,26.042291666666667,4.646875,13,3,16,273.0675,-24.25249999999992,81.2,2.6,160.0,60.0,3840.0,1.6
ROSELAND_ALL,2026-07-24,460.9,-76.0,1294.9749999999997,251.31175000000002,1546.2867499999998,30.670416666666668,26.675833333333333,3.994583333333333,22,1,23,1594.66675,-48.38000000000002,95.7,1.5,50.0,536.9,1200.0,44.7
RPUBRDS_RN,2026-07-24,5.5,-6.4,94.641,140.15900000000002,234.8,40.187916666666666,27.928854166666667,12.2590625,24,0,24,234.8,0.0,100.0,99.99,39.5,11.9,948.0,1.3
RRANCHES_ALL,2026-07-24,3.8000000000000003,-221.1,47.303000000000004,2741.6582500000004,2788.9612500000003,37.649166666666666,24.600416666666664,13.04875,23,0,23,2788.96125,0.0,100.0,99.99,150.0,224.9,3600.0,6.2
RRC_WIND_ALL,2026-07-24,53.4,-4.6,288.13125,23.612000000000002,311.74325,29.9575,26.271874999999998,3.685625,19,5,24,317.71574999999996,-5.972500000000004,79.2,14.0,75.0,58.0,1800.0,3.2
RTLSNAKE_BT,2026-07-24,0.0,0.0,0.0,0.0,0.0,5.3808333333333325,3.9492708333333333,1.4315625,0,0,0,0.0,0.0,0.0,0.0,9.9,0.0,237.60000000000002,0.0
RUSSEKST_RN,2026-07-24,67.6,-144.8,600.91,979.7939999999998,1580.7039999999997,43.1225,39.217708333333334,3.9047916666666658,21,3,24,2584.0930000000003,-1003.3890000000001,87.5,0.37,9.9,212.4,237.60000000000002,89.4
RVN_RN,2026-07-24,0.0,0.0,0.0,0.0,0.0,39.53666666666667,29.105,10.431666666666667,0,0,0,0.0,0.0,0.0,0.0,0.0,0.0,0.0,0.0
RVRVLYS_ALL,2026-07-24,4.2,-2.4,28.865,30.758000000000003,59.623000000000005,32.80166666666667,25.331145833333334,7.470520833333333,24,0,24,59.623000000000005,0.0,100.0,99.99,50.0,6.6,1200.0,0.5
SADLBACK_RN,2026-07-24,6.800000000000001,-34.9,104.69,668.01175,772.7017500000001,37.63916666666667,24.490729166666668,13.1484375,24,0,24,772.70175,0.0,100.0,99.99,9.9,41.7,237.60000000000002,17.6
SAH_RN,2026-07-24,2.0,0.0,3.9574999999999996,0.0,3.9574999999999996,4.59625,2.5222916666666664,2.073958333333333,2,0,2,3.9574999999999996,0.0,100.0,99.99,200.0,2.0,4800.0,0.0
SANDLAKE_RN,2026-07-24,4.0,-3.0,27.439999999999998,34.112500000000004,61.5525,7.242083333333333,5.245833333333334,1.9962499999999996,4,0,4,61.5525,0.0,100.0,99.99,9.9,7.0,237.60000000000002,2.9
SBEAN_BESS,2026-07-24,1.1,0.0,24.772999999999996,0.0,24.772999999999996,2.966666666666667,1.4777083333333334,1.4889583333333334,2,0,2,24.772999999999996,0.0,100.0,99.99,9.9,1.1,237.60000000000002,0.5
SEVNF_ES_RN,2026-07-24,24.0,-32.0,6.79999999999999,-146.7575,-139.95750000000004,22.2625,22.8425,-0.5800000000000004,15,8,23,122.64999999999996,-262.6075,65.2,0.25,100.0,56.0,2400.0,2.3
SE_EDINB_RN,2026-07-24,4.6000000000000005,-65.9,-3.4884999999999957,-155.6585,-159.14700000000002,27.75583333333333,29.8459375,-2.090104166666667,10,14,24,94.21,-253.357,41.7,0.52,9.9,70.5,237.60000000000002,29.7
SGSA_DGR,2026-07-24,6.4,-8.0,46.928000000000026,71.6,118.52800000000002,3.13875,2.026145833333333,1.1126041666666666,3,0,3,118.52800000000002,0.0,100.0,99.99,4.0,14.4,96.0,15.0
SG_BES_BESS1,2026-07-24,217.7,-10.0,2935.62725,112.42299999999997,3048.05025,35.132083333333334,22.13791666666667,12.994166666666665,24,0,24,3048.0502500000002,0.0,100.0,99.99,100.0,227.7,2400.0,9.5
SHAMROCK_RN,2026-07-24,1737.6,-1.0,22454.362,16.807000000000002,22471.169,34.69291666666667,22.942812500000002,11.750104166666667,24,0,24,22471.169,0.0,100.0,99.99,99.3,1738.6,2383.2,73.0
SHEEPCRK_1,2026-07-24,297.5,-4.0,1618.986,11.634999999999994,1630.621,29.9575,26.271874999999998,3.685625,19,5,24,1674.9202500000001,-44.29924999999997,79.2,9.95,130.0,301.5,3120.0,9.7
SLCN_ESS_ALL,2026-07-24,34.3,-3.4,179.46675,38.2725,217.73925,33.5175,25.17322916666667,8.344270833333335,24,0,24,217.73924999999997,0.0,100.0,99.99,50.0,37.699999999999996,1200.0,3.1
SLK_BESS_RN,2026-07-24,0.0,0.0,0.0,0.0,0.0,5.506666666666667,3.252291666666667,2.254375,0,0,0,0.0,0.0,0.0,0.0,200.0,0.0,4800.0,0.0
SMTH_ESS_RN,2026-07-24,1.6,-6.0,7.85775,99.435,107.29275,11.897083333333333,9.110520833333334,2.7865625,8,0,8,107.29275,0.0,100.0,99.99,125.0,7.6,3000.0,0.3
SNY_BESS_RN,2026-07-24,79.2,-37.8,493.6157499999999,523.7885,1017.4042499999998,36.60583333333333,25.89072916666667,10.715104166666668,24,0,24,1017.4042499999997,0.0,100.0,99.99,9.9,117.0,237.60000000000002,49.2
SPTX12B_RN,2026-07-24,237.4,-3.0,1686.6862499999997,59.05,1745.73625,22.756249999999998,14.2359375,8.5203125,13,0,13,1745.7362499999997,0.0,100.0,99.99,22.1,240.4,530.4000000000001,45.3
SP_RN,2026-07-24,24.9,-17.4,51.08025000000004,73.3835,124.46375000000005,37.68875,32.106875,5.581875,21,2,23,126.96200000000006,-2.4982500000000005,91.3,4.84,9.9,42.3,237.60000000000002,17.8
SROSA_ESR_RN,2026-07-24,2.8000000000000003,-5.4,9.5095,23.021250000000002,32.530750000000005,25.414166666666663,22.26833333333333,3.1458333333333335,19,5,24,34.638000000000005,-2.1072499999999996,79.2,4.33,9.9,8.200000000000001,237.60000000000002,3.5
STADIUM_RN,2026-07-24,0.0,-8.0,0.0,38.54999999999999,38.54999999999999,1.6220833333333333,0.8614583333333333,0.760625,3,0,3,38.54999999999999,0.0,100.0,99.99,9.9,8.0,237.60000000000002,3.4
STAM_SLR_ALL,2026-07-24,19.7,-6.4,139.94725,5.532499999999993,145.47974999999997,33.16291666666667,26.8059375,6.356979166666666,19,4,23,149.01174999999998,-3.5320000000000022,82.6,8.88,70.0,26.1,1680.0,1.6
STRG_SLR_ALL,2026-07-24,15.7,-79.5,79.26324999999999,432.27399999999994,511.53725,30.68958333333333,25.347291666666667,5.342291666666667,24,0,24,511.53725,0.0,100.0,99.99,100.0,95.2,2400.0,4.0
SUNVASLR_ALL,2026-07-24,435.0,-9.2,924.3695,23.45600000000001,947.8255000000001,29.767083333333332,26.55395833333333,3.2131250000000002,18,6,24,1286.4795,-338.654,75.0,1.27,53.3,444.2,1279.1999999999998,34.7
SWOOSE1_U1,2026-07-24,7.300000000000001,-0.6000000000000001,108.83275,8.935500000000001,117.76825000000001,37.7075,24.644166666666667,13.063333333333333,23,0,23,117.76825,0.0,100.0,99.99,9.9,7.9,237.60000000000002,3.3
SWOOSEII_RN,2026-07-24,0.0,-100.0,0.0,1409.075,1409.075,5.112916666666667,3.4143749999999997,1.6985416666666666,20,0,20,1409.075,0.0,100.0,99.99,100.0,100.0,2400.0,4.2
SWT_BESS_RN,2026-07-24,13.2,-19.4,131.894,255.0345,386.9285,38.07333333333333,25.934583333333332,12.13875,23,0,23,386.9285,0.0,100.0,99.99,9.9,32.599999999999994,237.60000000000002,13.7
TANZ_ESS_RN,2026-07-24,0.0,0.0,0.0,0.0,0.0,3.1733333333333333,2.4320833333333334,0.7412499999999999,0,0,0,0.0,0.0,0.0,0.0,0.0,0.0,0.0,0.0
TBWF_ES_BES1,2026-07-24,28.999999999999996,-2.0,429.5835,26.455,456.0385,16.62333333333333,9.011979166666666,7.6113541666666675,6,0,6,456.03850000000006,0.0,100.0,99.99,150.0,30.999999999999996,3600.0,0.9
TDWLPR_1_RN,2026-07-24,4.7,-0.4,20.3375,4.185499999999999,24.522999999999996,32.19291666666667,27.209895833333334,4.983020833333333,23,0,23,24.523,0.0,100.0,99.99,100.0,5.1000000000000005,2400.0,0.2
TNFS_RN,2026-07-24,0.0,-12.0,0.0,195.685,195.685,3.1199999999999997,2.0370833333333334,1.0829166666666665,5,0,5,195.685,0.0,100.0,99.99,9.9,12.0,237.60000000000002,5.1
TORR_ALL,2026-07-24,1095.0,-102.0,-7611.83525,-102.80674999999994,-7714.642,17.98375,20.717187499999998,-2.7334374999999995,13,11,24,732.2375000000001,-8446.879500000001,54.2,0.07,0.0,1197.0,0.0,0.0
TORT_ESS_RN,2026-07-24,1.0,0.0,31.200000000000003,0.0,31.200000000000003,6.585833333333333,4.123541666666667,2.4622916666666668,1,0,1,31.200000000000003,0.0,100.0,99.99,48.3,1.0,1159.1999999999998,0.1
TOYAH_RN,2026-07-24,0.0,-4.0,0.0,46.80000000000001,46.80000000000001,7.5441666666666665,5.183541666666667,2.360625,1,0,1,46.80000000000001,0.0,100.0,99.99,9.9,4.0,237.60000000000002,1.7
TRIPBUT1_RN,2026-07-24,3.8000000000000003,-19.0,43.3495,251.7985,295.148,34.5225,22.760416666666668,11.762083333333335,24,0,24,295.148,0.0,100.0,99.99,7.5,22.8,180.0,12.7
TSECA_ES_RN,2026-07-24,56.2,-1.0,919.99475,2.370000000000001,922.36475,7.642916666666667,5.427604166666666,2.2153125,4,0,4,922.36475,0.0,100.0,99.99,100.0,57.2,2400.0,2.4
TURQ_BESS1,2026-07-24,5.800000000000001,-0.4,36.336,4.7124999999999995,41.0485,33.240833333333335,26.843958333333333,6.3968750000000005,20,3,23,41.437,-0.3884999999999991,87.0,16.0,184.0,6.200000000000001,4416.0,0.1
TV_RN,2026-07-24,6.4,-8.4,42.37950000000001,96.65850000000002,139.038,37.53791666666667,30.054479166666667,7.483437500000001,24,0,24,139.038,0.0,100.0,99.99,9.8,14.8,235.20000000000002,6.3
TYNAN_RN,2026-07-24,3.8000000000000003,-6.4,16.1305,35.10725,51.237750000000005,27.98375,22.087395833333332,5.896354166666666,23,0,23,51.23775,0.0,100.0,99.99,9.9,10.200000000000001,237.60000000000002,4.3
UTOPIA_RN,2026-07-24,138.0,0.0,1278.3274999999999,0.0,1278.3274999999999,30.476249999999997,21.462604166666665,9.013645833333333,18,0,18,1278.3274999999999,0.0,100.0,99.99,9.9,138.0,237.60000000000002,58.1
VERT_ESS_RN,2026-07-24,1.0,0.0,9.895,0.0,9.895,7.3825,6.353437500000001,1.0290624999999995,1,0,1,9.895,0.0,100.0,99.99,200.0,1.0,4800.0,0.0
VORT_ALL_RN,2026-07-24,792.3000000000001,-3.4,2307.69625,18.330000000000005,2326.0262500000003,30.55125,25.985416666666666,4.565833333333333,18,6,24,2793.58425,-467.558,75.0,1.99,121.8,795.7,2923.2,27.2
WAL_RN,2026-07-24,4.300000000000001,-6.4,27.798249999999996,67.29049999999998,95.08874999999998,34.69708333333333,27.67260416666667,7.024479166666666,24,0,24,95.08874999999998,0.0,100.0,99.99,200.0,10.700000000000001,4800.0,0.2
WFTANK_ESS1,2026-07-24,26.8,-67.8,-288.76975,-123.82124999999999,-412.591,23.697083333333335,23.28916666666667,0.40791666666666665,16,8,24,131.706,-544.297,66.7,0.12,150.0,94.6,3600.0,2.6
WIG_BESS_RN,2026-07-24,5.800000000000001,-11.7,36.448,23.68849999999999,60.13649999999999,33.28333333333333,26.848125,6.435208333333333,20,3,23,60.51999999999999,-0.3835000000000001,87.0,23.67,120.0,17.5,2880.0,0.6
WLTC_ESR_RN,2026-07-24,2.8000000000000003,-3.5000000000000004,12.454,17.2485,29.7025,26.066666666666666,21.002083333333335,5.064583333333333,24,0,24,29.7025,0.0,100.0,99.99,9.9,6.300000000000001,237.60000000000002,2.7
WOV_BESS_RN,2026-07-24,7.0,-35.0,104.96350000000001,632.5295000000001,737.4929999999999,37.97708333333333,24.812187499999997,13.164895833333333,24,0,24,737.493,0.0,100.0,99.99,7.0,42.0,168.0,25.0
WRSBES_BESS1,2026-07-24,0.0,-17.0,0.0,114.675,114.675,9.08375,5.673125,3.410625,4,0,4,114.675,0.0,100.0,99.99,9.7,17.0,232.79999999999998,7.3
WR_RN,2026-07-24,5.6000000000000005,-2.4,34.001000000000005,10.7255,44.72650000000001,33.634166666666665,26.515937500000003,7.118229166666667,23,0,23,44.7265,0.0,100.0,99.99,9.9,8.0,237.60000000000002,3.4
WZRD_ESS_RN,2026-07-24,5.1000000000000005,-0.4,19.63075,4.4515,24.08225,37.415416666666665,32.38260416666667,5.0328124999999995,21,2,23,28.419500000000006,-4.337250000000002,91.3,0.62,150.0,5.500000000000001,3600.0,0.2
W_HRL_ESR_RN,2026-07-24,4.6,-11.3,20.842499999999994,34.2825,55.125,25.120833333333334,21.261458333333334,3.859375,19,4,23,63.516,-8.390999999999998,82.6,1.59,9.9,15.9,237.60000000000002,6.7
X443ESRN,2026-07-24,30.9,-91.0,364.70674999999994,481.15275,845.8595,31.522499999999997,23.542395833333334,7.980104166666666,24,0,24,845.8595,0.0,100.0,99.99,9.0,121.9,216.0,56.4
Z0_DGR2_RN,2026-07-24,1.0,0.0,8.075,0.0,8.075,4.99,3.7069791666666667,1.2830208333333335,1,0,1,8.075,0.0,100.0,99.99,9.9,1.0,237.60000000000002,0.4
ZIER_SLR_ALL,2026-07-24,642.9,-120.5,4673.26125,1596.2644999999998,6269.52575,34.82125,25.038749999999997,9.7825,24,0,24,6269.525749999999,0.0,100.0,99.99,28.0,763.4,672.0,113.6
ABINDUST_RN,2026-07-25,4.0,-3.9,30.1575,23.1185,53.276,30.150833333333335,22.701979166666664,7.448854166666666,20,4,24,53.80349999999999,-0.5275000000000006,83.3,20.4,9.9,7.9,237.60000000000002,3.3
ADL_RN,2026-07-25,9.0,-1.0,34.58,-0.42249999999999943,34.1575,16.5975,14.740416666666667,1.857083333333333,9,1,10,34.58,-0.42249999999999943,90.0,9.09,60.0,10.0,1440.0,0.7
AE_RN,2026-07-25,4.1000000000000005,-39.5,15.898999999999997,90.83024999999996,106.72924999999995,27.672083333333333,23.91625,3.755833333333333,20,4,24,109.99274999999996,-3.2634999999999983,83.3,6.74,9.9,43.6,237.60000000000002,18.4
ALAMO_ST_RN,2026-07-25,104.9,-1.0,592.5012499999999,12.4975,604.99875,20.200416666666666,15.262291666666668,4.938124999999999,18,3,21,612.8487499999999,-7.85000000000001,85.7,13.01,9.9,105.9,237.60000000000002,44.6
ALP_BESS_RN,2026-07-25,10.5,-72.6,58.13675,298.48525,356.622,26.22666666666667,21.3234375,4.903229166666667,21,3,24,371.64750000000004,-15.025500000000012,87.5,3.53,100.3,83.1,2407.2,3.5
ALVIN_RN,2026-07-25,45.5,-35.4,470.70775,-25.924500000000062,444.7832499999999,28.855833333333333,25.806145833333332,3.0496874999999997,18,6,24,641.4889999999998,-196.70575,75.0,1.09,7.5,80.9,180.0,44.9
AMAD_ESS_RN,2026-07-25,38.3,-5.0,415.78000000000003,-0.7974999999999959,414.9825,7.71,5.544375,2.165625,5,1,6,419.1975,-4.214999999999993,83.3,19.89,0.0,43.3,0.0,0.0
ANCHOR_ALL,2026-07-25,972.6,-77.7,1700.637,759.9375,2460.5744999999997,23.198333333333334,17.658854166666668,5.539479166666666,20,4,24,2610.3737500000007,-149.79924999999992,83.3,3.49,36.3,1050.3,871.1999999999999,120.6
ANDMDSLR_ALL,2026-07-25,58.2,-3.8000000000000003,292.85774999999995,7.133500000000003,299.99125,24.782916666666665,21.712083333333336,3.070833333333333,17,7,24,308.66175,-8.670499999999999,70.8,14.66,81.9,62.0,1965.6000000000001,3.2
ANEM_ESS_RN,2026-07-25,4.0,-2.2,14.239999999999998,-2.9692500000000046,11.270749999999994,24.469166666666666,21.870104166666668,2.599062499999999,14,10,24,15.441,-4.1702500000000065,58.3,2.64,200.0,6.2,4800.0,0.1
ANG_ALL,2026-07-25,1601.8999999999999,-21.400000000000002,5951.49125,22.01175000000002,5973.503,24.97583333333333,22.684791666666666,2.2910416666666666,18,6,24,8675.605249999999,-2702.10225,75.0,1.07,100.0,1623.3,2400.0,67.6
ANOL_ESS_RN,2026-07-25,4.2,-0.8,5.684249999999998,1.2965000000000007,6.980749999999999,26.474166666666665,25.111875,1.3622916666666665,16,7,23,13.328,-6.34725,69.6,0.92,240.0,5.0,5760.0,0.1
ANTL_ESS_ES1,2026-07-25,3.2,-60.0,-2.9127500000000004,-113.35325,-116.26600000000002,25.766666666666666,26.2621875,-0.49552083333333385,12,12,24,150.72875,-266.99475,50.0,0.56,70.0,63.2,1680.0,3.8
APPLE_ESR_RN,2026-07-25,0.0,-20.0,0.0,49.72249999999998,49.72249999999998,5.642500000000001,5.239791666666666,0.4027083333333332,9,2,11,54.76249999999999,-5.040000000000006,81.8,2.41,0.0,20.0,0.0,0.0
ARY_BESS_RN,2026-07-25,540.0,-195.0,201.14999999999992,148.14000000000004,349.28999999999996,11.684583333333334,11.271770833333333,0.41281249999999975,6,3,9,614.8949999999995,-265.6049999999996,66.7,1.16,90.0,735.0,2160.0,34.0
AVIL_ESS_RN,2026-07-25,107.3,-5.2,616.43625,39.318999999999996,655.7552499999999,23.082083333333333,16.773541666666667,6.308541666666667,21,3,24,664.2952500000001,-8.540000000000013,87.5,11.11,160.0,112.5,3840.0,2.9
AZURE_RN,2026-07-25,45.0,-74.1,191.70774999999998,126.33274999999995,318.0404999999999,24.8025,21.65125,3.1512499999999997,18,6,24,328.77549999999997,-10.735000000000023,75.0,10.21,77.6,119.1,1862.3999999999999,6.4
BATCAVE_RN,2026-07-25,22.0,-582.4,45.588750000000005,-993.2502500000005,-947.6615000000005,30.518333333333334,29.410729166666666,1.1076041666666665,17,7,24,1101.7442499999997,-2049.4057500000004,70.8,0.22,100.5,604.4,2412.0,25.1
BAYC_BESS_RN,2026-07-25,3.5,-2.4000000000000004,10.501,20.201500000000003,30.7025,26.061666666666667,22.049166666666665,4.0125,20,4,24,31.1255,-0.42299999999999904,83.3,14.72,9.9,5.9,237.60000000000002,2.5
BCK_RN,2026-07-25,2572.0,-422.7,4375.75325,1000.8355,5376.58875,23.241249999999997,21.704166666666666,1.5370833333333327,17,7,24,6075.35875,-698.7700000000002,70.8,3.58,126.5,2994.7,3036.0,98.6
BCNV2_ES_RN,2026-07-25,1.0,-3.0,1.8049999999999997,7.132499999999997,8.937499999999996,11.585,10.979999999999999,0.605,4,0,4,8.937499999999996,0.0,100.0,99.99,150.0,4.0,3600.0,0.1
BCNV_RN,2026-07-25,0.0,0.0,0.0,0.0,0.0,4.445833333333334,3.3923958333333335,1.0534374999999998,0,0,0,0.0,0.0,0.0,0.0,150.0,0.0,3600.0,0.0
BEXAR_ES_RN,2026-07-25,4.2,-12.8,17.326,83.47300000000001,100.799,27.297916666666666,23.050520833333334,4.247395833333333,20,4,24,101.13400000000001,-0.3350000000000023,83.3,60.38,80.0,17.0,1920.0,0.9
BIGSTAR_ALL,2026-07-25,17.3,-64.9,100.34975,284.803,385.15275,27.349166666666665,23.018958333333334,4.330208333333333,20,4,24,389.32875000000007,-4.176000000000007,83.3,18.65,80.0,82.2,1920.0,4.3
BKBN_RN,2026-07-25,0.0,0.0,0.0,0.0,0.0,33.45285714285714,30.7475,2.7053571428571423,0,0,0,0.0,0.0,0.0,0.0,121.0,0.0,2904.0,0.0
BKSL_RN,2026-07-25,8.100000000000001,-13.600000000000001,16.009749999999993,20.994000000000025,37.00375000000002,24.916666666666668,22.126562500000002,2.790104166666666,17,7,24,50.940500000000014,-13.936750000000002,70.8,1.51,100.0,21.700000000000003,2400.0,0.9
BLACKSPR_RN,2026-07-25,5.0,-7.0,-18.177499999999988,7.427500000000016,-10.749999999999972,10.655416666666666,9.362291666666666,1.293125,3,2,5,53.755,-64.50499999999997,60.0,0.56,120.0,12.0,2880.0,0.4
BLSMT1_5_A_6,2026-07-25,245.4,-43.5,326.4690000000001,45.194750000000006,371.6637500000001,25.263333333333335,22.8315625,2.431770833333333,17,7,24,481.38700000000017,-109.72325000000005,70.8,1.81,150.0,288.9,3600.0,8.0
BLUEJAY_RN,2026-07-25,14.2,-3.8,64.142,24.894,89.036,27.617500000000003,24.00375,3.61375,19,5,24,95.559,-6.522999999999996,79.2,3.86,50.0,18.0,1200.0,1.5
BLVN_RN,2026-07-25,1604.6000000000001,-2.5,13730.5735,17.194499999999998,13747.768,21.775833333333335,17.886354166666667,3.889479166666666,19,5,24,14142.298,-394.5300000000002,79.2,9.43,180.0,1607.1000000000001,4320.0,37.2
BOCO_ESS_RN,2026-07-25,38.1,-3.1,-17.50600000000005,21.078,3.5719999999999446,25.027083333333334,21.538124999999997,3.4889583333333327,18,6,24,62.12949999999997,-58.557500000000026,75.0,0.35,150.0,41.2,3600.0,1.1
BRHEIGHT_RN,2026-07-25,10.9,-7.0,65.42399999999999,8.259999999999998,73.684,12.302083333333334,10.172708333333334,2.129375,10,2,12,74.889,-1.2050000000000014,83.3,12.43,10.0,17.9,240.0,7.5
BRPANGLE_RN,2026-07-25,0.0,-20.5,0.0,95.51374999999999,95.51374999999999,5.166250000000001,4.188854166666666,0.9773958333333334,15,2,17,97.74124999999998,-2.227499999999999,88.2,5.85,10.0,20.5,240.0,8.5
BRPMAGNO_RN,2026-07-25,23.900000000000002,-11.9,93.68275,11.944249999999991,105.627,29.357083333333335,25.980625,3.3764583333333333,20,4,24,108.11925000000001,-2.492250000000008,83.3,8.68,7.5,35.800000000000004,180.0,19.9
BRP_BRAZ_RN,2026-07-25,4.1000000000000005,-4.3,16.0825,7.09775,23.180249999999997,27.506666666666664,23.714583333333334,3.792083333333333,20,4,24,23.625749999999996,-0.44549999999999984,83.3,10.61,10.0,8.4,240.0,3.5
BRP_DIKN_RN,2026-07-25,0.0,-10.0,0.0,3.9750000000000085,3.9750000000000085,1.4529166666666666,1.3777083333333333,0.07520833333333332,2,0,2,3.9750000000000085,0.0,100.0,99.99,10.0,10.0,240.0,4.2
BRP_LOOP_RN,2026-07-25,20.1,0.0,60.045,0.0,60.045,9.255416666666667,6.750520833333333,2.504895833333333,7,1,8,61.682500000000005,-1.6375,87.5,5.38,10.0,20.1,240.0,8.4
BRP_LOP1_RN,2026-07-25,48.900000000000006,-11.0,271.5255,-20.63249999999999,250.89300000000003,3.9595833333333332,2.857083333333333,1.1025,2,4,6,288.0145,-37.121500000000005,33.3,15.52,0.0,59.900000000000006,0.0,0.0
BRP_PBL1_RN,2026-07-25,113.7,-37.1,700.16975,77.86274999999999,778.0325,8.495416666666666,6.432916666666666,2.0625,12,1,13,779.8775,-1.845000000000006,92.3,35.22,10.0,150.8,240.0,62.8
BRP_PBL2_RN,2026-07-25,4.0,-4.0,45.230000000000004,21.8375,67.0675,11.8275,9.1153125,2.7121875,5,0,5,67.0675,0.0,100.0,99.99,10.0,8.0,240.0,3.3
BRP_RN_UNIT1,2026-07-25,66.2,-1.8,675.6125000000001,6.531000000000002,682.1435,27.729166666666668,23.171041666666667,4.5581249999999995,20,4,24,682.3754999999999,-0.23200000000000073,83.3,588.25,10.0,68.0,240.0,28.3
BRP_SWNY_RN,2026-07-25,0.0,0.0,0.0,0.0,0.0,5.160416666666666,4.295,0.8654166666666668,0,0,0,0.0,0.0,0.0,0.0,10.0,0.0,240.0,0.0
BRP_ZPT1_RN,2026-07-25,13.0,-15.0,59.879999999999995,-27.830000000000005,32.04999999999998,14.409583333333332,12.4190625,1.990520833333333,10,9,19,77.32749999999999,-45.2775,52.6,1.54,10.0,28.0,240.0,11.7
BRP_ZPT2_RN,2026-07-25,69.3,-1.8,-24.62000000000002,-3.4225000000000008,-28.042500000000018,23.514583333333334,21.743750000000002,1.7708333333333328,13,10,23,20.388499999999993,-48.43100000000001,56.5,0.32,10.0,71.1,240.0,29.6
BR_ARROW_ALL,2026-07-25,66.7,-4.1,103.32549999999998,-17.88325,85.44224999999997,26.5425,25.24791666666667,1.2945833333333325,16,8,24,241.97625,-156.53400000000002,66.7,0.77,51.7,70.8,1240.8000000000002,5.7
BSS_U1,2026-07-25,14.9,-70.7,97.47824999999999,225.94874999999996,323.42699999999996,15.432083333333333,12.177395833333334,3.2546874999999997,20,2,22,328.2445,-4.817499999999988,90.9,6.81,9.9,85.60000000000001,237.60000000000002,36.0
BUDA_RN,2026-07-25,1.0,-10.0,10.81,27.762499999999974,38.57249999999998,6.236250000000001,4.7508333333333335,1.4854166666666668,5,0,5,38.57249999999998,0.0,100.0,99.99,9.9,11.0,237.60000000000002,4.6
BYP_RN,2026-07-25,113.3,-611.0,474.52424999999994,1606.87,2081.39425,16.012083333333333,13.817916666666667,2.1941666666666673,8,0,8,2081.39425,0.0,100.0,99.99,200.0,724.3,4800.0,15.1
BYRDR_ES_ALL,2026-07-25,0.0,-1.0,0.0,-0.20750000000000313,-0.20750000000000313,2.2654166666666664,2.1191666666666666,0.14624999999999977,0,1,1,0.0,-0.20750000000000313,0.0,0.0,50.0,1.0,1200.0,0.1
C5_RN,2026-07-25,0.0,0.0,0.0,0.0,0.0,7.272916666666667,6.358854166666667,0.9140625000000001,0,0,0,0.0,0.0,0.0,0.0,0.0,0.0,0.0,0.0
CACH_ESS_RN,2026-07-25,4.0,-0.8,18.983000000000004,3.9024999999999994,22.885500000000004,27.900833333333335,23.133020833333333,4.767812500000001,20,4,24,23.169,-0.2834999999999994,83.3,16.34,200.0,4.8,4800.0,0.1
CAMWIND_RN,2026-07-25,36.2,-62.5,23.658249999999985,-18.66650000000005,4.991749999999934,24.939166666666665,21.875208333333333,3.0639583333333333,15,9,24,51.77649999999997,-46.78475000000004,62.5,0.66,16.4,98.7,393.59999999999997,25.1
CARA_ESS_RN,2026-07-25,0.0,0.0,0.0,0.0,0.0,1.7066666666666668,1.60625,0.10041666666666667,0,0,0,0.0,0.0,0.0,0.0,98.3,0.0,2359.2,0.0
CARN_ESS_RN,2026-07-25,3.8000000000000003,-2.2,13.303500000000001,1.3532500000000027,14.656750000000004,25.042916666666667,21.718541666666667,3.3243750000000003,19,5,24,15.528750000000002,-0.8719999999999992,79.2,4.69,150.0,6.0,3600.0,0.2
CARRIZO_ESR1,2026-07-25,40.8,-92.5,1451.783,3693.998,5145.781000000001,45.96,23.57739583333333,22.382604166666667,21,2,23,5147.302,-1.5210000000000208,91.3,322.3,9.8,133.3,235.20000000000002,56.7
CARTWHL_RN,2026-07-25,0.0,-1.0,0.0,-0.5225000000000009,-0.5225000000000009,5.649166666666666,5.604166666666667,0.04499999999999963,0,1,1,0.0,-0.5225000000000009,0.0,0.0,150.0,1.0,3600.0,0.0
CASL_GAP_UN1,2026-07-25,138.9,-73.1,1153.31825,551.93975,1705.258,22.088333333333335,17.387708333333332,4.700625,22,2,24,1714.0285,-8.770500000000004,91.7,17.77,3.9,212.0,93.6,226.5
CAST_ESS_RN,2026-07-25,2.0,-2.0,12.775,4.290000000000006,17.065000000000005,8.163333333333334,6.649062499999999,1.5142708333333335,3,0,3,17.065000000000005,0.0,100.0,99.99,200.0,4.0,4800.0,0.1
CATARINA_B1,2026-07-25,15.2,-593.3,138.755,4503.451,4642.205999999999,31.372500000000002,23.325,8.047500000000001,24,0,24,4642.206,0.0,100.0,99.99,9.9,608.5,237.60000000000002,256.1
CEDRVALE_RN,2026-07-25,2.9000000000000004,-62.9,9.980500000000001,164.4014999999999,174.38199999999992,24.980833333333333,20.451354166666665,4.5294791666666665,21,3,24,175.35099999999989,-0.9689999999999992,87.5,25.85,9.9,65.8,237.60000000000002,27.7
CFLAT_ES_RN,2026-07-25,0.0,-46.0,0.0,284.9925,284.9925,5.569166666666668,4.7475,0.8216666666666669,11,2,13,297.8925,-12.899999999999991,84.6,4.2,100.0,46.0,2400.0,1.9
CHIL_SLR,2026-07-25,505.9,-17.3,4020.80525,43.449499999999986,4064.2547499999996,22.394583333333333,18.598333333333333,3.7962499999999992,19,5,24,4123.8115,-59.55675000000001,79.2,18.22,150.0,523.1999999999999,3600.0,14.5
CISC_RN,2026-07-25,6.8,-45.1,64.236,139.69549999999992,203.93149999999994,29.04625,23.77416666666667,5.272083333333334,20,4,24,206.03099999999995,-2.0995000000000013,83.3,19.63,9.9,51.9,237.60000000000002,21.8
CITRUSCY_RN,2026-07-25,3.8000000000000003,-2.1,10.628,-1.9424999999999972,8.685500000000003,24.133750000000003,21.742604166666666,2.3911458333333333,13,10,23,12.872750000000002,-4.187249999999997,56.5,2.36,9.9,5.9,237.60000000000002,2.5
CLO_RN,2026-07-25,5.1000000000000005,-129.9,26.235500000000005,291.07150000000007,317.3070000000001,29.501666666666665,25.754375,3.7472916666666674,20,4,24,333.57225000000005,-16.265249999999988,83.3,4.1,100.0,135.0,2400.0,5.6
CLT_RN,2026-07-25,0.0,0.0,0.0,0.0,0.0,32.162,29.6635,2.4985000000000004,0,0,0,0.0,0.0,0.0,0.0,100.0,0.0,2400.0,0.0
CNLY_ESS_RN,2026-07-25,4.7,-5.9,5.300249999999999,0.5794999999999824,5.879749999999982,26.977500000000003,25.234062500000004,1.743437499999999,17,7,24,15.9965,-10.116750000000017,70.8,0.65,125.0,10.600000000000001,3000.0,0.4
CNTRY_RN,2026-07-25,4.300000000000001,-4.9,-6.159000000000005,64.21175,58.05274999999999,27.07166666666667,26.978229166666665,0.09343749999999999,15,9,24,76.08049999999999,-18.027750000000005,62.5,2.53,9.8,9.200000000000001,235.20000000000002,3.9
CNTYRDS_RN,2026-07-25,0.0,-1.0,0.0,1.9250000000000007,1.9250000000000007,4.3425,4.021145833333333,0.3213541666666668,1,0,1,1.9250000000000007,0.0,100.0,99.99,9.9,1.0,237.60000000000002,0.4
CONTINEN_RN,2026-07-25,40.0,-51.0,13.300000000000018,62.68500000000003,75.98500000000006,14.871666666666668,13.842291666666666,1.029375,6,6,12,184.0,-108.01499999999996,50.0,1.7,0.0,91.0,0.0,0.0
CORALSLR_ALL,2026-07-25,679.7,-56.7,6468.09025,245.55575,6713.646,23.535416666666666,19.235833333333332,4.299583333333333,19,5,24,6748.79025,-35.14425000000007,79.2,50.53,51.4,736.4000000000001,1233.6,59.7
CORAZON_RN,2026-07-25,257.3,-13.0,652.9077500000002,-15.962000000000009,636.9457500000002,23.664583333333336,21.837083333333336,1.8275000000000003,12,12,24,981.5905000000001,-344.64475,50.0,2.85,200.0,270.3,4800.0,5.6
COTULLA_RN,2026-07-25,4.7,-28.1,18.247249999999998,47.87049999999998,66.11774999999997,27.114166666666666,24.551041666666666,2.563124999999999,18,6,24,86.56824999999998,-20.450500000000012,75.0,1.41,9.9,32.800000000000004,237.60000000000002,13.8
COYOTSPR_RN,2026-07-25,0.0,-11.8,0.0,27.896500000000003,27.896500000000003,3.69125,3.404375,0.286875,2,0,2,27.896500000000003,0.0,100.0,99.99,9.9,11.8,237.60000000000002,5.0
CROSSETT_ALL,2026-07-25,179.6,-181.7,1936.3229999999996,533.0475,2469.3705,22.79375,17.700208333333332,5.093541666666667,22,2,24,2516.7945,-47.424,91.7,4.82,100.0,361.29999999999995,2400.0,15.1
CROSSTRL_RN,2026-07-25,3.2,-23.8,8.432999999999998,167.19899999999998,175.63199999999998,25.71375,21.7634375,3.950312499999999,21,3,24,178.00625,-2.3742500000000035,87.5,10.71,57.0,27.0,1368.0,2.0
CR_RN,2026-07-25,4.1000000000000005,-4.9,11.96075,15.7905,27.751250000000002,29.030833333333334,26.082916666666666,2.9479166666666665,20,4,24,28.361250000000002,-0.6099999999999988,83.3,9.3,9.8,9.0,235.20000000000002,3.8
CS_RN,2026-07-25,14.1,-0.9000000000000001,12.053249999999993,2.255499999999998,14.308749999999991,28.974999999999998,26.476979166666666,2.498020833333333,20,4,24,14.925249999999991,-0.6165000000000014,83.3,4.84,7.0,15.0,168.0,8.9
CTW_RN,2026-07-25,32.1,-11.9,184.18475,18.470749999999974,202.6555,28.226249999999997,24.63927083333333,3.5869791666666657,20,4,24,204.28375000000003,-1.6282500000000169,83.3,25.09,150.0,44.0,3600.0,1.2
DAN_ALL,2026-07-25,327.70000000000005,-34.199999999999996,2354.83125,107.51299999999996,2462.34425,24.454166666666666,20.727500000000003,3.726666666666666,20,4,24,2473.9530000000004,-11.608750000000015,83.3,42.62,76.3,361.90000000000003,1831.1999999999998,19.8
DA_BESS,2026-07-25,0.0,-10.0,0.0,8.019999999999992,8.019999999999992,7.792916666666667,7.402604166666666,0.3903125000000001,3,1,4,8.664999999999992,-0.6449999999999996,75.0,4.48,5.0,10.0,120.0,8.3
DA_BESS2,2026-07-25,0.0,0.0,0.0,0.0,0.0,27.399999999999995,23.94875,3.451249999999998,0,0,0,0.0,0.0,0.0,0.0,10.0,0.0,240.0,0.0
DC2SES_ALL,2026-07-25,30.7,-107.9,113.31925000000001,821.2455,934.56475,26.847083333333334,26.00135416666667,0.8457291666666666,16,8,24,949.03125,-14.466500000000009,66.7,32.8,66.5,138.6,1596.0,8.7
DESN_ESS_RN,2026-07-25,0.0,-3.0,0.0,-0.8250000000000028,-0.8250000000000028,6.8425,6.090104166666666,0.752395833333333,0,3,3,0.0,-0.8250000000000028,0.0,0.0,200.0,3.0,4800.0,0.1
DGFS_ESR_RN,2026-07-25,2.4000000000000004,-4.2,6.140999999999999,39.4185,45.5595,23.00208333333333,16.9259375,6.0761458333333325,21,3,24,45.87400000000001,-0.3145,87.5,20.84,75.0,6.6000000000000005,1800.0,0.4
DIBOL_RN,2026-07-25,4.0,-0.8,9.575999999999999,2.8860000000000015,12.462,26.974166666666665,24.377916666666668,2.59625,18,6,24,15.578000000000001,-3.116000000000001,75.0,1.67,9.9,4.8,237.60000000000002,2.0
DKNS_ESS_RN,2026-07-25,0.0,0.0,0.0,0.0,0.0,3.7554166666666666,3.2746875,0.4807291666666665,0,0,0,0.0,0.0,0.0,0.0,50.0,0.0,1200.0,0.0
DRAK_ESS_RN,2026-07-25,0.0,0.0,0.0,0.0,0.0,27.33,31.54,-4.210000000000001,0,0,0,0.0,0.0,0.0,0.0,150.0,0.0,3600.0,0.0
DSWL_BES1,2026-07-25,0.0,-1.0,0.0,-0.3500000000000014,-0.3500000000000014,3.77875,3.1479166666666667,0.6308333333333334,0,1,1,0.0,-0.3500000000000014,0.0,0.0,150.0,1.0,3600.0,0.0
EBNY_ESS_RN,2026-07-25,4.0,-15.8,17.9465,126.29950000000001,144.246,27.567083333333333,23.020520833333336,4.546562499999999,20,4,24,144.594,-0.34800000000000186,83.3,83.1,200.0,19.8,4800.0,0.4
ELMCRK_RN,2026-07-25,15.000000000000002,-29.900000000000002,227.088,398.86100000000005,625.9490000000001,30.241249999999997,22.709166666666665,7.5320833333333335,20,4,24,626.4669999999999,-0.5180000000000007,83.3,241.88,9.9,44.900000000000006,237.60000000000002,18.9
ELM_ST_RN,2026-07-25,0.0,-1.0,0.0,0.8574999999999982,0.8574999999999982,1.0083333333333333,0.9726041666666667,0.03572916666666659,1,0,1,0.8574999999999982,0.0,100.0,99.99,9.9,1.0,237.60000000000002,0.4
ELM_ST_RN2,2026-07-25,0.0,-2.0,0.0,7.949999999999999,7.949999999999999,4.57875,4.047083333333333,0.5316666666666666,2,0,2,7.949999999999999,0.0,100.0,99.99,9.9,2.0,237.60000000000002,0.8
ELSA_ESR_RN,2026-07-25,38.0,-76.9,244.23700000000002,716.0229999999999,960.26,24.79375,21.849270833333335,2.944479166666666,15,9,24,978.5322499999999,-18.272249999999982,62.5,32.13,9.9,114.9,237.60000000000002,48.4
ELZA_SLR_RN,2026-07-25,14.2,-1.8,23.241249999999994,0.8579999999999985,24.099249999999994,26.50208333333333,25.157916666666665,1.3441666666666663,16,8,24,57.5785,-33.47925000000001,66.7,0.86,100.0,16.0,2400.0,0.7
EMPCT_RN,2026-07-25,4.5,-114.3,0.8877499999999978,-219.71000000000004,-218.82225000000008,26.866249999999997,25.74354166666667,1.1227083333333332,16,8,24,290.42749999999995,-509.24975,66.7,0.29,9.9,118.8,237.60000000000002,50.0
ENDPARK_ESS1,2026-07-25,13.1,-9.8,14.847250000000008,34.6535,49.50075000000001,24.882500000000004,21.753958333333333,3.128541666666667,18,6,24,58.890499999999996,-9.389749999999985,75.0,2.09,50.0,22.9,1200.0,1.9
ESCONDID_ESR,2026-07-25,4.5,-2.3000000000000003,23.6035,17.51325,41.116749999999996,29.027916666666666,24.398020833333334,4.629895833333333,22,2,24,42.04375,-0.9270000000000003,91.7,4.12,0.0,6.800000000000001,0.0,0.0
ESTONIAN_ALL,2026-07-25,25.3,-34.6,21.845249999999993,78.696,100.54124999999999,26.557916666666667,25.226770833333333,1.331145833333333,16,8,24,164.79524999999998,-64.25399999999999,66.7,1.28,101.6,59.900000000000006,2438.3999999999996,2.5
EUNICE_ALL,2026-07-25,955.9,-38.0,6201.120749999999,102.85474999999998,6303.9755,15.36,11.695729166666666,3.664270833333333,12,2,14,6537.781749999999,-233.80625,85.7,4.66,22.0,993.9,528.0,188.2
EVLN_ESS_RN,2026-07-25,4.4,-1.9000000000000001,14.37775,2.907000000000001,17.284750000000003,29.56833333333333,26.549895833333334,3.0184374999999997,19,5,24,17.977,-0.6922499999999994,79.2,6.83,220.0,6.300000000000001,5280.0,0.1
E_HARRIS_RN,2026-07-25,12.0,-4.0,53.677499999999995,27.424999999999997,81.10249999999999,14.28625,12.018541666666666,2.267708333333333,11,3,14,86.3125,-5.210000000000001,78.6,4.52,9.9,16.0,237.60000000000002,6.7
FALFUR_RN,2026-07-25,24.0,-60.3,5.479999999999988,-45.388999999999996,-39.90900000000001,24.6125,21.827708333333334,2.784791666666667,14,10,24,36.863999999999976,-76.773,58.3,0.34,9.9,84.3,237.60000000000002,35.5
FALFUR_RN2,2026-07-25,0.0,-7.1,0.0,-0.17699999999996016,-0.17699999999996016,25.43285714285714,21.32,4.112857142857144,1,1,2,0.08550000000000005,-0.2624999999999602,50.0,0.33,9.8,7.1,235.20000000000002,3.0
FAULKNER_RN,2026-07-25,0.0,-8.0,0.0,9.790000000000006,9.790000000000006,6.155,5.644895833333334,0.5101041666666664,1,1,2,18.67,-8.879999999999995,50.0,2.1,9.9,8.0,237.60000000000002,3.4
FENCESLR_ALL,2026-07-25,53.300000000000004,-4.4,62.82350000000002,8.701,71.5245,25.62125,23.497500000000002,2.1237500000000002,17,7,24,153.99525,-82.47074999999998,70.8,0.77,71.0,57.7,1704.0,3.4
FERD_ESS_RN,2026-07-25,0.0,-53.0,0.0,388.60499999999996,388.60499999999996,8.254583333333334,6.039791666666666,2.2147916666666667,13,1,14,388.8974999999999,-0.2925000000000004,92.9,102.27,200.0,53.0,4800.0,1.1
FIVEWSLR_ALL,2026-07-25,1370.3,-14.0,10744.4005,23.14749999999999,10767.548,13.5875,10.119479166666666,3.4680208333333327,18,4,22,10967.538250000001,-199.99025000000003,81.8,12.19,220.0,1384.3,5280.0,26.2
FLOWERII_RN,2026-07-25,113.8,-162.0,932.0052500000003,581.01875,1513.0240000000003,24.923333333333332,19.919375,5.003958333333333,21,3,24,1539.427,-26.40299999999996,87.5,8.33,100.0,275.8,2400.0,11.5
FLTBES1,2026-07-25,0.0,-98.0,0.0,684.1049999999999,684.1049999999999,2.0295833333333335,1.018125,1.0114583333333333,7,1,8,686.1674999999999,-2.0625000000000426,87.5,47.53,8.5,98.0,204.0,48.0
FLVABES1_ESR,2026-07-25,34.8,-12.5,460.95025,63.8595,524.80975,10.430416666666668,8.161145833333334,2.2692708333333336,8,1,9,526.5677499999999,-1.7579999999999956,88.9,37.44,9.9,47.3,237.60000000000002,19.9
FORTMA_RN,2026-07-25,5.0,-66.0,36.64999999999999,36.08500000000001,72.735,8.582083333333333,7.664791666666666,0.9172916666666668,9,4,13,222.7575,-150.02249999999998,69.2,0.66,9.8,71.0,235.20000000000002,30.2
FRMRSVLW_RN,2026-07-25,0.4,-1.0,-1.4882499999999999,4.842499999999999,3.3542499999999995,5.816666666666666,6.628958333333333,-0.8122916666666667,3,2,5,5.208499999999999,-1.8542499999999997,60.0,1.87,9.9,1.4,237.60000000000002,0.6
FRMR_BS2_RN1,2026-07-25,0.0,-2.0,0.0,4.475,4.475,1.6108333333333336,1.4243750000000002,0.1864583333333333,1,1,2,4.842499999999999,-0.3674999999999997,50.0,13.18,6.0,2.0,144.0,1.4
FTDUNCAN_RN,2026-07-25,3.5,-8.9,8.987750000000002,28.341000000000005,37.32875000000001,29.042083333333334,24.317291666666666,4.7247916666666665,21,2,23,38.518750000000004,-1.19,91.3,3.08,100.0,12.4,2400.0,0.5
GAIA_SLR_RN,2026-07-25,9.0,-11.0,38.0925,4.257499999999993,42.349999999999994,9.188333333333333,7.703020833333333,1.4853125,10,3,13,59.332499999999996,-16.9825,76.9,1.05,75.0,20.0,1800.0,1.1
GAMBIT_RN,2026-07-25,1.3,-78.8,-1.8232499999999952,269.11525,267.29200000000003,27.478333333333335,23.679270833333334,3.7990624999999993,15,2,17,271.75525,-4.463249999999996,88.2,8.12,100.0,80.1,2400.0,3.3
GARC_BESS_RN,2026-07-25,4.0,-2.1,12.0465,-3.0677499999999984,8.978750000000002,23.742500000000003,21.699791666666666,2.0427083333333336,13,11,24,15.014000000000003,-6.03525,54.2,2.1,9.9,6.1,237.60000000000002,2.6
GIGA_ESS_RN,2026-07-25,4.1000000000000005,-503.8,22.50525,2740.21,2762.71525,29.183333333333334,23.649583333333336,5.53375,20,4,24,2781.7062500000006,-18.991000000000064,83.3,29.29,125.0,507.90000000000003,3000.0,16.9
GKS_BESS_RN,2026-07-25,6.2,-410.2,12.416250000000003,3375.54575,3387.962,24.907083333333333,21.903854166666665,3.003229166666667,16,8,24,3402.9932500000004,-15.031250000000007,66.7,113.2,82.0,416.4,1968.0,21.2
GODY_SLR_RN,2026-07-25,191.2,-51.0,-636.0175000000002,-97.50750000000002,-733.5250000000002,7.5625,8.708854166666667,-1.146354166666667,12,9,21,471.32224999999994,-1204.8472500000003,57.1,0.29,50.0,242.2,1200.0,20.2
GOMZ_RN,2026-07-25,2.7,-48.0,6.49725,82.7565,89.25375000000001,24.33,19.779374999999998,4.550625,20,3,23,111.12875000000003,-21.874999999999996,87.0,0.76,9.9,50.7,237.60000000000002,21.3
GOODWIN_ESR,2026-07-25,54.0,-41.1,-127.83549999999997,-7.502500000000042,-135.33800000000002,23.83583333333333,21.681354166666665,2.154479166666666,14,10,24,39.575500000000005,-174.9135,58.3,0.16,9.0,95.1,216.0,44.0
GRDNE_ESR_RN,2026-07-25,3.2,-101.8,9.509000000000002,377.1580000000001,386.6670000000001,25.173333333333332,20.838541666666668,4.334791666666667,21,3,24,404.84075,-18.17374999999998,87.5,3.18,9.9,105.0,237.60000000000002,44.2
GREGORY_RN,2026-07-25,4.1000000000000005,-1.2000000000000002,16.56375,5.8950000000000005,22.458750000000002,26.434166666666666,22.086979166666666,4.3471874999999995,20,4,24,23.119999999999997,-0.6612499999999999,83.3,6.99,9.9,5.300000000000001,237.60000000000002,2.2
GUNR_RN,2026-07-25,0.0,0.0,0.0,0.0,0.0,28.175,27.39,0.7850000000000006,0,0,0,0.0,0.0,0.0,0.0,150.0,0.0,3600.0,0.0
GZ_RN,2026-07-25,66.1,-1.9000000000000001,75.46424999999995,2.039499999999995,77.50374999999995,28.787499999999998,26.389375,2.398125,20,4,24,80.69924999999995,-3.195499999999999,83.3,5.05,9.0,68.0,216.0,31.5
HAMI_BESS_RN,2026-07-25,0.0,-29.0,0.0,107.36499999999997,107.36499999999997,2.3166666666666664,2.0346875,0.2819791666666666,10,2,12,136.92499999999998,-29.56000000000001,83.3,0.93,9.9,29.0,237.60000000000002,12.2
HARLIN_1_RN,2026-07-25,12.0,-25.0,53.66000000000001,137.95499999999998,191.61499999999998,16.288333333333334,13.919375,2.3689583333333335,12,5,17,200.81250000000006,-9.197500000000009,70.6,9.1,0.0,37.0,0.0,0.0
HEADCAMP_RN,2026-07-25,0.0,-3.0,0.0,22.1225,22.1225,2.8804166666666666,1.9186458333333334,0.9617708333333334,2,1,3,22.424999999999997,-0.3025000000000002,66.7,37.07,150.0,3.0,3600.0,0.1
HEARN_RD_RN,2026-07-25,23.9,-2.2,33.494249999999994,1.9469999999999985,35.44125,25.222083333333334,21.817291666666666,3.404791666666666,20,4,24,36.07874999999999,-0.6375000000000028,83.3,11.32,9.8,26.099999999999998,235.20000000000002,11.1
HEN_RN,2026-07-25,0.0,0.0,0.0,0.0,0.0,3.045833333333334,2.5996875,0.44614583333333346,0,0,0,0.0,0.0,0.0,0.0,150.0,0.0,3600.0,0.0
HI_LONEB_RN1,2026-07-25,43.6,-16.1,241.42100000000002,89.88175000000001,331.30275,22.32166666666667,18.245104166666668,4.076562499999999,23,1,24,346.32475,-15.022000000000007,95.8,1.0,50.0,59.7,1200.0,5.0
HLY_RN,2026-07-25,0.0,-9.0,0.0,37.50749999999997,37.50749999999997,4.514166666666667,4.0603125,0.4538541666666666,2,0,2,37.50749999999997,0.0,100.0,99.99,102.0,9.0,2448.0,0.4
HMNG_ESS_RN,2026-07-25,4.1000000000000005,-60.5,5.773,20.36925,26.142250000000004,26.389166666666668,24.914583333333336,1.4745833333333334,16,7,23,55.2265,-29.084249999999997,69.6,0.83,100.0,64.6,2400.0,2.7
HNY_COMB_RN,2026-07-25,0.0,0.0,0.0,0.0,0.0,23.798,20.2015,3.5965000000000003,0,0,0,0.0,0.0,0.0,0.0,61.5,0.0,1476.0,0.0
HOLCOMB_RN1,2026-07-25,0.0,0.0,0.0,0.0,0.0,21.13625,21.153333333333332,-0.01708333333333349,0,0,0,0.0,0.0,0.0,0.0,9.9,0.0,237.60000000000002,0.0
HOUSEMTN_RN,2026-07-25,119.3,-78.1,523.2937499999999,224.02899999999994,747.3227499999998,23.177916666666665,18.85739583333333,4.320520833333332,22,2,24,793.5722499999998,-46.249499999999955,91.7,1.56,60.0,197.39999999999998,1440.0,13.7
HRMS_SLR_RN,2026-07-25,0.0,-1.0,0.0,-0.24750000000000227,-0.24750000000000227,1.9854166666666666,2.2104166666666667,-0.2250000000000001,0,1,1,0.0,-0.24750000000000227,0.0,0.0,100.0,1.0,2400.0,0.0
HV_BESS1_RN,2026-07-25,60.0,0.0,60.27499999999996,0.0,60.27499999999996,24.616666666666664,22.73166666666667,1.8849999999999996,5,1,6,62.62499999999996,-2.3499999999999943,83.3,5.33,0.0,60.0,0.0,0.0
HWY6_RN,2026-07-25,0.0,0.0,0.0,0.0,0.0,3.49375,3.2696875,0.22406249999999975,0,0,0,0.0,0.0,0.0,0.0,9.9,0.0,237.60000000000002,0.0
HYDR_ESS_RN,2026-07-25,0.0,-29.1,0.0,87.86275000000003,87.86275000000003,0.9812500000000001,0.7127083333333334,0.2685416666666667,10,1,11,88.40600000000002,-0.5432499999999955,90.9,16.27,200.0,29.1,4800.0,0.6
IND_INADALE1,2026-07-25,161.6,-13.1,267.91249999999974,28.154749999999993,296.0672499999998,24.751666666666665,21.863541666666666,2.888124999999999,14,10,24,348.0379999999998,-51.970750000000066,58.3,4.78,9.9,174.7,237.60000000000002,73.5
INRT_W_ALL,2026-07-25,3703.1,-23.8,6970.292249999997,94.15549999999999,7064.4477499999975,24.867500000000003,21.764791666666667,3.1027083333333327,17,7,24,7877.721999999999,-813.2742500000011,70.8,3.99,13.0,3726.9,312.0,1194.5
JADE_SLR_ALL,2026-07-25,57.800000000000004,-7.8,213.29500000000002,8.079999999999995,221.375,24.821250000000003,21.764166666666668,3.057083333333333,17,7,24,235.89475,-14.519749999999991,70.8,6.69,81.9,65.60000000000001,1965.6000000000001,3.3
JAG_SLR_RN,2026-07-25,136.3,-6.2,1186.714,55.303000000000004,1242.017,22.609583333333333,17.08625,5.523333333333333,19,5,24,1242.6180000000002,-0.6010000000000013,79.2,544.1,150.0,142.5,3600.0,4.0
JAR_RN,2026-07-25,4.300000000000001,-6.8,19.672749999999997,-5.935999999999982,13.736750000000015,28.061666666666667,23.982708333333335,4.078958333333333,20,4,24,22.692249999999998,-8.955499999999983,83.3,0.51,147.0,11.100000000000001,3528.0,0.3
JC_BAT_RN,2026-07-25,4.0,-5.8,18.990000000000002,28.353000000000005,47.343,29.59,24.646145833333335,4.943854166666667,20,4,24,47.5955,-0.2524999999999999,83.3,37.7,1.2,9.8,28.799999999999997,34.0
JDKNS_RN,2026-07-25,37.9,-15.8,269.26775,65.18799999999997,334.45574999999997,25.01,20.430208333333333,4.579791666666666,21,2,23,338.11724999999996,-3.6615000000000113,91.3,8.79,9.9,53.7,237.60000000000002,22.6
JUNCTION_RN,2026-07-25,230.7,-35.0,-2346.5289999999995,-540.2465,-2886.7754999999997,32.81,35.99489583333333,-3.1848958333333326,15,9,24,755.5647500000001,-3642.34025,62.5,0.12,9.9,265.7,237.60000000000002,111.8
JUNORTH_RN,2026-07-25,25.6,-33.0,-320.6619999999999,-246.42,-567.0819999999999,19.762916666666666,20.800833333333333,-1.0379166666666657,7,7,14,287.16049999999996,-854.2425,50.0,0.34,9.9,58.6,237.60000000000002,24.7
KEG_RN,2026-07-25,0.0,-8.0,0.0,15.075000000000017,15.075000000000017,1.7212500000000002,1.7816666666666665,-0.06041666666666649,3,1,4,17.97500000000001,-2.8999999999999915,75.0,2.07,160.0,8.0,3840.0,0.2
KNAPP_RN,2026-07-25,32.0,-64.0,31.72249999999998,157.475,189.19749999999996,10.0325,9.561875,0.4706249999999997,19,5,24,210.56999999999996,-21.372500000000024,79.2,2.59,0.0,96.0,0.0,0.0
LANTANA_RN,2026-07-25,3.8000000000000003,-0.9000000000000001,13.2615,0.10225000000000006,13.36375,24.936666666666667,21.66479166666667,3.271875,17,6,23,13.9535,-0.5897500000000002,73.9,8.35,9.9,4.7,237.60000000000002,2.0
LAUR_BESS_RN,2026-07-25,4.0,-5.199999999999999,14.888,-7.8727500000000195,7.015249999999981,24.885416666666668,21.8771875,3.0082291666666663,15,9,24,16.342750000000002,-9.327500000000018,62.5,1.05,9.8,9.2,235.20000000000002,3.9
LBRA_BES1,2026-07-25,4.0,-0.8,17.6675,3.668499999999999,21.336,27.22875,22.78375,4.444999999999999,20,4,24,21.623000000000005,-0.2870000000000005,83.3,15.07,200.0,4.8,4800.0,0.1
LEAKEY_RN,2026-07-25,0.0,0.0,0.0,0.0,0.0,3.077916666666667,2.8753124999999997,0.20260416666666656,0,0,0,0.0,0.0,0.0,0.0,0.0,0.0,0.0,0.0
LFSTH_RN,2026-07-25,0.0,0.0,0.0,0.0,0.0,2.8370833333333336,3.0572916666666665,-0.22020833333333326,0,0,0,0.0,0.0,0.0,0.0,9.9,0.0,237.60000000000002,0.0
LIGSW_RN,2026-07-25,4.300000000000001,-1.8,-0.5192500000000008,3.867000000000003,3.3477500000000013,26.778333333333336,25.992708333333336,0.7856250000000005,15,9,24,15.455250000000003,-12.107500000000002,62.5,0.77,9.8,6.1000000000000005,235.20000000000002,2.6
LILY_RN,2026-07-25,33.9,-17.8,98.47474999999999,58.25950000000001,156.73424999999997,26.393333333333334,24.856770833333332,1.5365624999999998,16,8,24,198.7835,-42.04925,66.7,2.36,50.0,51.7,1200.0,4.3
LK_RN,2026-07-25,0.0,-4.0,0.0,-0.3500000000000014,-0.3500000000000014,4.394583333333333,4.1121875,0.28239583333333335,1,1,2,2.5549999999999997,-2.905000000000001,50.0,0.88,9.9,4.0,237.60000000000002,1.7
LMO_ESR_RN,2026-07-25,4.4,-13.3,16.1685,41.23275000000003,57.40125000000003,26.840416666666666,23.3990625,3.4413541666666667,20,4,24,57.905250000000024,-0.5039999999999999,83.3,22.98,100.0,17.700000000000003,2400.0,0.7
LONESTAR_RN,2026-07-25,12.8,-7.0,92.298,37.91349999999999,130.2115,25.00791666666667,20.4684375,4.539479166666667,21,3,24,131.102,-0.8905000000000002,87.5,21.03,9.9,19.8,237.60000000000002,8.3
LON_RN1,2026-07-25,14.3,-24.0,69.52824999999999,68.31899999999993,137.84724999999992,28.101249999999997,24.47458333333333,3.6266666666666656,20,4,24,154.96424999999994,-17.11700000000002,83.3,1.81,174.0,38.3,4176.0,0.9
LOWR_ESS_RN,2026-07-25,0.0,-5.0,0.0,26.087500000000006,26.087500000000006,2.8370833333333336,2.517708333333333,0.319375,1,0,1,26.087500000000006,0.0,100.0,99.99,60.0,5.0,1440.0,0.3
LUCKYBLU_RN,2026-07-25,21.0,-14.0,39.58999999999999,86.225,125.81499999999997,15.042083333333332,12.985624999999999,2.056458333333333,6,3,9,199.25500000000002,-73.44000000000003,66.7,1.36,100.0,35.0,2400.0,1.5
LYNX_ESS_RN,2026-07-25,0.0,-3.0,0.0,-4.57500000000001,-4.57500000000001,3.9116666666666666,3.999479166666667,-0.08781250000000036,0,2,2,0.0,-4.57500000000001,0.0,0.0,75.0,3.0,1800.0,0.2
LYSSY_RN,2026-07-25,15.9,-10.0,79.51225000000004,10.875250000000017,90.38750000000005,27.784166666666668,22.799583333333334,4.984583333333333,20,4,24,95.81800000000003,-5.4304999999999675,83.3,3.53,0.0,25.9,0.0,0.0
L_FRE_ESR_RN,2026-07-25,4.0,-58.6,14.846,21.91274999999993,36.75874999999993,24.869583333333335,21.878125,2.9914583333333327,15,9,24,75.87499999999999,-39.11625000000004,62.5,1.16,9.9,62.6,237.60000000000002,26.3
MADERO_RN,2026-07-25,3.0,-9.0,5.077500000000001,33.2175,38.295,6.237916666666667,5.719583333333333,0.5183333333333334,6,1,7,54.4425,-16.1475,85.7,0.56,100.0,12.0,2400.0,0.5
MAINLAND_RN,2026-07-25,0.0,-23.0,0.0,1.7199999999999989,1.7199999999999989,2.3216666666666668,2.193229166666667,0.12843749999999998,3,3,6,5.770000000000003,-4.050000000000004,50.0,1.42,9.9,23.0,237.60000000000002,9.7
MEDILA_RN,2026-07-25,34.4,-5.8,276.58275,3.303499999999994,279.88624999999996,28.34375,23.469062500000003,4.874687499999999,20,4,24,280.74375,-0.8575000000000059,83.3,65.48,0.0,40.199999999999996,0.0,0.0
MEDINA1_RN,2026-07-25,0.0,-1.0,0.0,10.470000000000002,10.470000000000002,4.825833333333333,3.9576041666666666,0.8682291666666667,1,0,1,10.470000000000002,0.0,100.0,99.99,0.0,1.0,0.0,0.0
MESQUITE_RN,2026-07-25,0.0,-1.0,0.0,1.3475000000000001,1.3475000000000001,1.9404166666666667,1.681979166666667,0.2584374999999999,1,0,1,1.3475000000000001,0.0,100.0,99.99,9.9,1.0,237.60000000000002,0.4
MESQUITE_RN2,2026-07-25,0.0,0.0,0.0,0.0,0.0,2.0525,2.1615625,-0.10906249999999999,0,0,0,0.0,0.0,0.0,0.0,0.0,0.0,0.0,0.0
MIDP_SLR_RN,2026-07-25,68.3,-70.4,116.16325,246.96949999999995,363.13274999999993,18.92125,16.64635416666667,2.274895833333333,20,4,24,368.68725,-5.5545,83.3,13.28,50.0,138.7,1200.0,11.6
MIDWY_RN,2026-07-25,0.0,-1.0,0.0,4.955,4.955,3.78375,2.8953124999999997,0.8884375000000001,1,0,1,4.955,0.0,100.0,99.99,9.9,1.0,237.60000000000002,0.4
MILTON_RN,2026-07-25,3.9000000000000004,-10.1,17.95775,55.56949999999998,73.52724999999998,27.40125,22.8103125,4.5909375,20,4,24,73.82874999999999,-0.30150000000000077,83.3,48.97,0.0,14.0,0.0,0.0
MNWL_BESS_RN,2026-07-25,4.2,-5.8,4.628249999999999,-10.098500000000003,-5.470250000000005,29.87875,26.291979166666668,3.586770833333333,17,5,22,19.12575,-24.596000000000007,77.3,0.23,9.9,10.0,237.60000000000002,4.2
MOORE_FL_RN,2026-07-25,3.8000000000000003,-1.1,11.03,-1.3430000000000009,9.686999999999998,24.284166666666664,21.7765625,2.5076041666666664,13,10,23,13.0015,-3.3145000000000016,56.5,3.02,9.9,4.9,237.60000000000002,2.1
MUENSTER_RN,2026-07-25,84.8,-0.9000000000000001,99.33399999999996,2.9882500000000003,102.32224999999997,27.097083333333334,25.098229166666666,1.9988541666666666,17,7,24,113.40649999999998,-11.084250000000008,70.8,4.21,9.0,85.7,216.0,39.7
MUSTNGCK_ALL,2026-07-25,86.7,-27.1,593.5102499999999,74.26450000000001,667.7747499999999,26.17375,22.195624999999996,3.978125,20,4,24,674.5377500000001,-6.762999999999999,83.3,19.95,71.0,113.80000000000001,1704.0,6.7
MU_RN,2026-07-25,4.300000000000001,-0.9000000000000001,15.77125,2.3702499999999995,18.1415,28.910416666666666,25.54625,3.3641666666666663,20,4,24,18.74225,-0.6007499999999995,83.3,6.24,9.9,5.200000000000001,237.60000000000002,2.2
MV_VALV4_RN,2026-07-25,4.0,-5.199999999999999,14.966500000000002,1.2812499999999991,16.24775,24.804166666666664,21.851250000000004,2.952916666666667,15,9,24,18.987750000000002,-2.7399999999999993,62.5,4.16,9.9,9.2,237.60000000000002,3.9
MYRY_BES2_RN,2026-07-25,4.0,-2.3000000000000003,14.386000000000001,0.09599999999999898,14.482,24.676666666666666,21.863229166666667,2.8134375000000005,15,9,24,17.313499999999998,-2.831499999999999,62.5,3.67,9.9,6.300000000000001,237.60000000000002,2.7
MYRY_ESR_RN,2026-07-25,0.0,-1.1,0.0,-0.22175000000000153,-0.22175000000000153,1.905833333333333,1.9251041666666666,-0.01927083333333342,1,1,2,0.10075000000000003,-0.32250000000000156,50.0,0.31,9.9,1.1,237.60000000000002,0.5
MYR_ALL,2026-07-25,67.8,-8.0,386.1015,17.907499999999978,404.00899999999996,22.366249999999997,18.838333333333335,3.527916666666666,14,2,16,412.5875,-8.5785,87.5,6.87,76.3,75.8,1831.1999999999998,4.1
NCO_RN,2026-07-25,4.1000000000000005,-15.8,15.959,19.153499999999962,35.11249999999996,27.611666666666665,23.842187499999998,3.7694791666666663,20,4,24,37.41999999999997,-2.3075000000000134,83.3,3.24,38.8,19.900000000000002,931.1999999999999,2.1
NEDIN_RN,2026-07-25,0.0,0.0,0.0,0.0,0.0,5.3308333333333335,4.645208333333334,0.6856249999999999,0,0,0,0.0,0.0,0.0,0.0,0.0,0.0,0.0,0.0
NF_BRP_RN,2026-07-25,264.2,-47.0,2464.853,606.1,3070.9530000000004,34.55916666666667,26.751770833333335,7.8073958333333335,19,5,24,3101.9155000000005,-30.96249999999996,79.2,26.36,100.5,311.2,2412.0,12.9
NOBLESLR_ALL,2026-07-25,1210.4,-19.0,1655.6527500000002,21.478,1677.1307500000003,15.753333333333332,14.803020833333333,0.9503124999999998,10,7,17,5705.259499999999,-4028.12875,58.8,0.99,62.5,1229.4,1500.0,82.0
NWF_NWF1,2026-07-25,521.1,-68.9,1750.9972499999997,295.9892499999999,2046.9864999999995,25.14,20.619895833333334,4.520104166666666,21,3,24,2167.6659999999997,-120.67950000000022,87.5,2.57,3.0,590.0,72.0,819.4
N_AL_BESS_RN,2026-07-25,4.0,-6.199999999999999,14.627,0.9680000000000091,15.59500000000001,24.736666666666665,21.854583333333334,2.8820833333333336,15,9,24,18.65200000000001,-3.057,62.5,3.66,7.0,10.2,168.0,6.1
N_MRD_ESR_RN,2026-07-25,4.0,-1.2000000000000002,14.8115,-1.018499999999999,13.793000000000003,24.802916666666665,21.85864583333333,2.944270833333334,15,9,24,16.33,-2.5369999999999986,62.5,3.86,9.9,5.2,237.60000000000002,2.2
ODESW_RN,2026-07-25,2.9000000000000004,-134.7,10.284,267.04524999999995,277.32924999999994,25.06958333333333,20.4915625,4.578020833333333,21,2,23,277.6797499999999,-0.350500000000001,91.3,75.45,10.0,137.6,240.0,57.3
OLMITO_RN,2026-07-25,0.30000000000000004,-74.2,1.64075,27.945999999999962,29.58674999999996,5.129583333333334,4.5328124999999995,0.5967708333333333,11,9,20,63.62374999999999,-34.03700000000002,55.0,1.53,0.0,74.5,0.0,0.0
OLNEYTN_RN,2026-07-25,32.0,-54.8,-658.2399999999999,-356.51899999999995,-1014.7589999999999,20.443749999999998,27.566979166666666,-7.123229166666666,15,6,21,342.93025,-1357.68925,71.4,0.1,0.0,86.8,0.0,0.0
OR_BESS_RN,2026-07-25,0.0,-39.5,0.0,46.355000000000004,46.355000000000004,5.828749999999999,5.294583333333333,0.5341666666666667,8,4,12,55.822500000000005,-9.467500000000005,66.7,2.95,9.9,39.5,237.60000000000002,16.6
PAD1_ESS_RN,2026-07-25,4.1000000000000005,-9.8,21.62275,22.123499999999996,43.746249999999996,28.13083333333333,23.03125,5.0995833333333325,20,4,24,44.310249999999996,-0.5640000000000015,83.3,15.71,50.0,13.900000000000002,1200.0,1.2
PAD2_ESS_RN,2026-07-25,0.0,-1.0,0.0,0.7600000000000016,0.7600000000000016,6.559166666666667,5.3796875,1.1794791666666666,1,0,1,0.7600000000000016,0.0,100.0,99.99,150.0,1.0,3600.0,0.0
PALACIOS_RN,2026-07-25,28.1,-19.8,128.56625000000003,102.60625000000002,231.1725,25.839166666666667,21.702916666666667,4.1362499999999995,21,3,24,231.51700000000002,-0.3444999999999979,87.5,96.01,9.0,47.900000000000006,216.0,22.2
PALE_ESS_EN,2026-07-25,0.0,-28.9,0.0,11.910499999999972,11.910499999999972,4.528333333333333,3.497291666666667,1.0310416666666666,4,6,10,34.84299999999999,-22.932500000000026,40.0,2.28,200.0,28.9,4800.0,0.6
PALMVIEW_RN,2026-07-25,3.8000000000000003,-19.1,10.116,0.8772499999999708,10.99324999999997,23.940416666666668,21.699583333333333,2.2408333333333332,12,11,23,21.331499999999973,-10.338250000000006,52.2,1.89,9.9,22.900000000000002,237.60000000000002,9.6
PAULN_RN,2026-07-25,4.0,-6.8,6.0005,-10.399999999999995,-4.399499999999994,26.142916666666665,24.207708333333333,1.935208333333333,15,8,23,16.659750000000003,-21.05925,65.2,0.42,9.9,10.8,237.60000000000002,4.5
PAVLOV_BT_RN,2026-07-25,4.3,-43.0,11.174750000000003,332.93275,344.1075,25.79375,21.657916666666665,4.135833333333333,20,4,24,344.69949999999994,-0.5919999999999981,83.3,116.45,9.9,47.3,237.60000000000002,19.9
PAVO_ESS_ALL,2026-07-25,63.9,-15.3,659.50575,72.93324999999999,732.439,6.663333333333333,3.223541666666667,3.4397916666666664,9,1,10,734.8635,-2.4245000000000028,90.0,33.68,87.5,79.2,2100.0,3.8
PEARSALL_RN,2026-07-25,1.0,-13.0,2.6575000000000006,39.92500000000001,42.58250000000001,5.18,4.3680208333333335,0.8119791666666666,9,2,11,56.15000000000001,-13.567500000000003,81.8,0.92,9.9,14.0,237.60000000000002,5.9
PHO_ALL,2026-07-25,33.800000000000004,-26.5,126.6675,69.49774999999997,196.16525,24.192083333333333,21.562395833333337,2.6296874999999997,20,4,24,208.42674999999997,-12.261499999999998,83.3,3.4,150.0,60.300000000000004,3600.0,1.7
PINEFRST_RN,2026-07-25,25.2,-0.8,37.60125000000001,1.4554999999999996,39.05675000000001,26.553749999999997,25.282708333333332,1.2710416666666662,16,8,24,102.75874999999999,-63.70199999999999,66.7,0.81,200.0,26.0,4800.0,0.5
PIN_BESS_RN,2026-07-25,0.0,-1.0,0.0,1.317499999999999,1.317499999999999,2.739166666666667,1.734791666666667,1.004375,1,0,1,1.317499999999999,0.0,100.0,99.99,175.0,1.0,4200.0,0.0
PIRATE_RN,2026-07-25,24.099999999999998,-1.2000000000000002,156.02,2.520000000000001,158.54000000000002,25.793333333333333,22.056250000000002,3.737083333333333,20,4,24,159.14775000000003,-0.6077500000000001,83.3,52.37,9.8,25.299999999999997,235.20000000000002,10.8
PLATINUM_RN,2026-07-25,4.2,-0.8,5.1865,1.4820000000000009,6.668500000000001,26.544583333333335,25.2390625,1.3055208333333335,16,7,23,13.3965,-6.728,69.6,0.87,144.0,5.0,3456.0,0.1
POTEETS_RN,2026-07-25,107.3,-36.8,654.667,492.4265,1147.0935,30.060000000000002,23.045729166666664,7.014270833333334,20,4,24,1151.0855000000001,-3.992000000000015,83.3,57.67,9.9,144.1,237.60000000000002,60.6
POTSVIL_RN,2026-07-25,388.5,-57.800000000000004,2888.37725,566.72975,3455.107,42.50333333333334,36.14239583333333,6.3609374999999995,19,5,24,4317.44925,-862.3422500000001,79.2,1.32,9.9,446.3,237.60000000000002,187.8
PRCRK_RN,2026-07-25,4.2,-5.8,4.6402499999999955,5.9515000000000065,10.591750000000003,26.590416666666666,25.433125,1.157291666666666,16,7,23,23.159750000000003,-12.568,69.6,0.81,9.9,10.0,237.60000000000002,4.2
PTLBES_BESS1,2026-07-25,200.2,-4.8,451.1684999999999,36.481500000000004,487.6499999999999,26.045833333333334,22.003645833333334,4.0421875,20,4,24,493.8544999999999,-6.204500000000046,83.3,15.92,3.0,205.0,72.0,284.7
PYR_PYRON1,2026-07-25,1111.0,-29.5,2227.9664999999986,32.274999999999984,2260.2414999999987,24.751666666666665,21.863541666666666,2.888124999999999,14,10,24,2715.253249999999,-455.0117500000004,58.3,4.26,15.1,1140.5,362.4,314.7
QUEEN_BA_RN,2026-07-25,81.9,-3.6,221.16775,12.9295,234.09725,22.491666666666664,18.331770833333334,4.159895833333333,22,2,24,237.23025000000004,-3.133,91.7,6.88,50.0,85.5,1200.0,7.1
RADN_SLR_ALL,2026-07-25,54.5,-35.3,197.41449999999998,49.52824999999998,246.94274999999996,24.9475,22.4796875,2.4678124999999995,17,7,24,285.5679999999999,-38.62525,70.8,3.04,81.9,89.8,1965.6000000000001,4.6
RBN_BESS1,2026-07-25,9.1,-33.4,41.62,68.29275000000004,109.91275000000005,28.439166666666665,24.828125,3.611041666666667,20,4,24,117.99575000000004,-8.082999999999997,83.3,2.92,100.0,42.5,2400.0,1.8
RHESS2_ESS1,2026-07-25,104.1,-242.2,1532.9899999999998,5693.375,7226.365,31.429166666666664,21.150312500000002,10.278854166666667,14,2,16,7597.2212500000005,-370.85624999999993,87.5,2.93,9.8,346.29999999999995,235.20000000000002,147.2
RIOG_ESR2_RN,2026-07-25,4.0,-0.9000000000000001,12.065499999999998,-2.29,9.7755,23.759583333333335,21.696875000000002,2.062708333333333,13,11,24,14.991,-5.2155000000000005,54.2,2.43,0.0,4.9,0.0,0.0
RIOG_ESR_RN,2026-07-25,0.0,0.0,0.0,0.0,0.0,13.96,11.250833333333333,2.7091666666666665,0,0,0,0.0,0.0,0.0,0.0,9.9,0.0,237.60000000000002,0.0
RN_BY_ESR1,2026-07-25,0.0,0.0,0.0,0.0,0.0,4.733333333333333,4.113333333333333,0.6200000000000001,0,0,0,0.0,0.0,0.0,0.0,0.0,0.0,0.0,0.0
RN_PAD3_ESS,2026-07-25,0.0,-2.0,0.0,0.6574999999999953,0.6574999999999953,7.22375,5.8746875,1.3490624999999998,1,1,2,0.764999999999997,-0.1075000000000017,50.0,7.12,200.0,2.0,4800.0,0.0
RN_QTUM_SLR,2026-07-25,536.8,-2.0,812.7824999999991,0.7475000000000023,813.5299999999991,24.8575,21.735520833333336,3.1219791666666663,3,2,5,1168.9779999999996,-355.44800000000055,60.0,2.19,160.0,538.8,3840.0,14.0
RN_RHN_ESR,2026-07-25,0.0,0.0,0.0,0.0,0.0,1.7208333333333332,1.781875,-0.061041666666666806,0,0,0,0.0,0.0,0.0,0.0,200.0,0.0,4800.0,0.0
RN_SOLC_SLR,2026-07-25,734.5,-25.0,155.71774999999946,-41.067499999999995,114.6502499999994,25.28916666666667,22.96083333333333,2.3283333333333336,10,3,13,984.9592499999999,-870.3090000000005,76.9,0.34,160.0,759.5,3840.0,19.8
ROSELAND_ALL,2026-07-25,1285.4,-31.6,6751.247,94.59724999999999,6845.84425,23.27208333333333,18.7503125,4.521770833333334,19,5,24,6987.378250000001,-141.53400000000036,79.2,12.99,50.0,1317.0,1200.0,109.7
RPUBRDS_RN,2026-07-25,9.8,-47.9,15.06774999999999,171.57899999999998,186.64674999999997,32.95875,27.865520833333335,5.093229166666666,18,6,24,281.03925,-94.3925,75.0,0.99,39.5,57.7,948.0,6.1
RRANCHES_ALL,2026-07-25,2.9000000000000004,-455.0,9.82675,1666.6854999999996,1676.5122499999998,24.982083333333335,20.405729166666667,4.5763541666666665,21,3,24,1756.6267499999997,-80.11450000000008,87.5,3.13,150.0,457.9,3600.0,12.7
RRC_WIND_ALL,2026-07-25,171.5,-8.0,212.75375,29.675,242.42875,23.362916666666667,18.083541666666665,5.279375000000001,20,4,24,271.7102499999999,-29.281499999999962,83.3,1.86,75.0,179.5,1800.0,10.0
RTLSNAKE_BT,2026-07-25,0.0,0.0,0.0,0.0,0.0,4.269166666666667,3.3491666666666666,0.9199999999999999,0,0,0,0.0,0.0,0.0,0.0,9.9,0.0,237.60000000000002,0.0
RUSSEKST_RN,2026-07-25,86.5,-183.0,-167.83675000000008,-1433.9872500000001,-1601.8240000000003,36.9975,48.108020833333335,-11.110520833333332,15,9,24,1011.3839999999998,-2613.2079999999996,62.5,0.23,9.9,269.5,237.60000000000002,113.4
RVN_RN,2026-07-25,0.0,0.0,0.0,0.0,0.0,28.875,25.964375,2.910624999999999,0,0,0,0.0,0.0,0.0,0.0,0.0,0.0,0.0,0.0
RVRVLYS_ALL,2026-07-25,4.0,-16.8,19.695500000000003,54.591,74.2865,28.967916666666667,23.954062500000003,5.0138541666666665,20,4,24,76.0685,-1.782,83.3,8.54,50.0,20.8,1200.0,1.7
SADLBACK_RN,2026-07-25,2.9000000000000004,-37.1,10.04225,54.69950000000006,64.74175000000005,24.9575,20.219583333333333,4.737916666666667,21,3,24,71.53875000000005,-6.796999999999995,87.5,1.5,9.9,40.0,237.60000000000002,16.8
SAH_RN,2026-07-25,0.0,0.0,0.0,0.0,0.0,3.3766666666666665,2.771875,0.6047916666666665,0,0,0,0.0,0.0,0.0,0.0,200.0,0.0,4800.0,0.0
SANDLAKE_RN,2026-07-25,2.0,-120.0,24.275000000000002,427.59749999999997,451.8725,2.3245833333333334,1.2279166666666665,1.0966666666666667,19,3,22,476.5224999999999,-24.650000000000016,86.4,3.05,9.9,122.0,237.60000000000002,51.3
SBEAN_BESS,2026-07-25,0.0,0.0,0.0,0.0,0.0,2.9095833333333334,2.740625,0.16895833333333332,0,0,0,0.0,0.0,0.0,0.0,9.9,0.0,237.60000000000002,0.0
SEVNF_ES_RN,2026-07-25,10.0,-35.0,50.48,-31.747499999999974,18.732500000000016,15.119583333333333,13.275208333333333,1.8443750000000003,9,6,15,164.7075,-145.97499999999997,60.0,0.75,100.0,45.0,2400.0,1.9
SE_EDINB_RN,2026-07-25,3.8000000000000003,-29.2,11.9565,105.98949999999999,117.94599999999998,24.684166666666666,21.844583333333333,2.8395833333333336,14,9,23,120.812,-2.865999999999998,60.9,27.1,9.9,33.0,237.60000000000002,13.9
SGSA_DGR,2026-07-25,0.0,-9.0,0.0,19.07999999999999,19.07999999999999,2.5870833333333336,2.1104166666666666,0.47666666666666674,2,1,3,24.229999999999997,-5.150000000000006,66.7,2.35,6.6,9.0,158.39999999999998,5.7
SG_BES_BESS1,2026-07-25,458.6,-175.4,3740.48875,799.9929999999997,4540.48175,23.101666666666663,16.667083333333334,6.434583333333332,22,2,24,4644.840249999999,-104.35849999999988,91.7,4.05,100.0,634.0,2400.0,26.4
SHAMROCK_RN,2026-07-25,3322.6,-31.1,11787.98925,154.61950000000004,11942.60875,22.300416666666667,18.270520833333332,4.029895833333334,23,1,24,12359.58825,-416.9795,95.8,1.29,99.3,3353.7,2383.2,140.7
SHEEPCRK_1,2026-07-25,299.9,-3.0,880.8505000000001,27.877499999999998,908.7280000000002,23.362916666666667,18.083541666666665,5.279375000000001,20,4,24,966.9992500000001,-58.27124999999991,83.3,3.32,130.0,302.9,3120.0,9.7
SLCN_ESS_ALL,2026-07-25,17.2,-31.8,119.38775,187.76,307.14775000000003,29.980833333333333,24.152708333333333,5.828125,20,4,24,309.23074999999994,-2.083000000000008,83.3,29.69,50.0,49.0,1200.0,4.1
SLK_BESS_RN,2026-07-25,0.0,-3.0,0.0,12.549999999999999,12.549999999999999,4.122916666666667,3.4956250000000004,0.6272916666666666,3,0,3,12.549999999999999,0.0,100.0,99.99,200.0,3.0,4800.0,0.1
SMTH_ESS_RN,2026-07-25,0.4,-1.0,-1.4545000000000003,0.4075000000000024,-1.046999999999998,9.807083333333333,10.597395833333334,-0.7903124999999998,3,2,5,0.7750000000000021,-1.822,60.0,0.28,125.0,1.4,3000.0,0.0
SNY_BESS_RN,2026-07-25,68.6,-33.3,146.7775,59.368500000000004,206.146,25.600416666666664,21.75916666666667,3.841249999999999,20,3,23,213.82625000000002,-7.680249999999998,87.0,4.18,9.9,101.89999999999999,237.60000000000002,42.9
SPTX12B_RN,2026-07-25,101.4,-13.9,988.68025,62.33375,1051.0140000000001,9.60125,5.735416666666667,3.8658333333333332,11,2,13,1054.4337500000001,-3.4197500000000014,84.6,56.06,22.1,115.30000000000001,530.4000000000001,21.7
SP_RN,2026-07-25,5.4,-0.9000000000000001,22.75825,2.2870000000000026,25.045250000000003,29.68041666666667,26.468229166666664,3.2121875,20,4,24,25.655250000000002,-0.6099999999999988,83.3,8.41,9.9,6.300000000000001,237.60000000000002,2.7
SROSA_ESR_RN,2026-07-25,4.1000000000000005,-1.2000000000000002,15.694249999999998,-0.6967500000000006,14.997499999999999,24.8575,21.871041666666667,2.9864583333333328,15,9,24,17.152,-2.154500000000002,62.5,4.78,9.9,5.300000000000001,237.60000000000002,2.2
STADIUM_RN,2026-07-25,0.0,0.0,0.0,0.0,0.0,2.6420833333333333,2.5191666666666666,0.12291666666666672,0,0,0,0.0,0.0,0.0,0.0,9.9,0.0,237.60000000000002,0.0
STAM_SLR_ALL,2026-07-25,45.2,-71.1,67.68574999999998,149.97474999999994,217.6604999999999,26.5425,25.250208333333333,1.2922916666666657,16,8,24,326.5707499999999,-108.91025000000003,66.7,1.5,70.0,116.3,1680.0,6.9
STRG_SLR_ALL,2026-07-25,22.1,-208.6,89.11975000000001,299.80975,388.9295,25.150833333333335,22.52354166666667,2.627291666666667,19,5,24,435.2392500000001,-46.309750000000044,79.2,2.47,100.0,230.7,2400.0,9.6
SUNVASLR_ALL,2026-07-25,418.9,-5.300000000000001,5484.73575,73.993,5558.72875,22.4275,15.718020833333334,6.709479166666667,20,4,24,5568.509000000001,-9.780250000000002,83.3,113.87,53.3,424.2,1279.1999999999998,33.2
SWOOSE1_U1,2026-07-25,7.2,-4.2,30.074499999999993,15.6155,45.68999999999999,24.999166666666667,20.439270833333335,4.559895833333334,21,3,24,48.30499999999999,-2.6150000000000015,87.5,2.64,9.9,11.4,237.60000000000002,4.8
SWOOSEII_RN,2026-07-25,0.0,-106.8,0.0,389.96600000000007,389.96600000000007,3.607083333333333,3.2928125,0.31427083333333333,17,3,20,408.99100000000004,-19.02499999999998,85.0,3.79,100.0,106.8,2400.0,4.5
SWT_BESS_RN,2026-07-25,15.200000000000001,-10.0,102.1745,64.706,166.88049999999998,27.203333333333333,22.166875,5.036458333333333,23,1,24,167.03749999999997,-0.15699999999999933,95.8,46.26,9.9,25.200000000000003,237.60000000000002,10.6
TANZ_ESS_RN,2026-07-25,0.0,-2.0,0.0,12.39,12.39,3.6458333333333335,3.4682291666666667,0.17760416666666665,1,0,1,12.39,0.0,100.0,99.99,0.0,2.0,0.0,0.0
TBWF_ES_BES1,2026-07-25,51.5,-20.2,562.79425,160.55924999999996,723.3534999999999,8.535833333333333,4.370208333333333,4.1656249999999995,9,1,10,724.1949999999999,-0.8415000000000007,90.0,95.62,150.0,71.7,3600.0,2.0
TDWLPR_1_RN,2026-07-25,3.2,-6.8,9.714749999999999,71.494,81.20875000000001,24.62625,21.159583333333334,3.4666666666666663,19,5,24,82.17575,-0.9670000000000003,79.2,22.36,100.0,10.0,2400.0,0.4
TNFS_RN,2026-07-25,4.9,-7.0,62.41374999999999,8.202499999999993,70.61624999999998,4.333333333333333,3.639583333333333,0.6937499999999998,3,0,3,70.61624999999998,0.0,100.0,99.99,9.9,11.9,237.60000000000002,5.0
TORR_ALL,2026-07-25,585.5,-25.1,-669.7502499999996,-23.523500000000006,-693.2737499999996,23.664583333333336,21.837083333333336,1.8275000000000003,12,12,24,728.3715000000003,-1421.64525,50.0,0.51,0.0,610.6,0.0,0.0
TORT_ESS_RN,2026-07-25,0.0,0.0,0.0,0.0,0.0,3.4225,2.2931250000000003,1.1293749999999998,0,0,0,0.0,0.0,0.0,0.0,48.3,0.0,1159.1999999999998,0.0
TOYAH_RN,2026-07-25,0.0,-7.0,0.0,38.7525,38.7525,3.0883333333333334,1.9173958333333332,1.1709375,4,0,4,38.75249999999999,0.0,100.0,99.99,9.9,7.0,237.60000000000002,2.9
TRIPBUT1_RN,2026-07-25,7.0,-45.4,19.762999999999998,113.55924999999998,133.32224999999997,22.272916666666664,17.535416666666666,4.7375,20,3,23,140.28399999999996,-6.9617499999999986,87.0,3.02,7.5,52.4,180.0,29.1
TSECA_ES_RN,2026-07-25,16.2,0.0,109.75500000000008,0.0,109.75500000000008,12.122916666666667,9.920520833333333,2.2023958333333336,1,0,1,109.75500000000008,0.0,100.0,99.99,100.0,16.2,2400.0,0.7
TURQ_BESS1,2026-07-25,21.700000000000003,-0.8,32.018249999999995,1.4105000000000005,33.42875,26.549583333333334,25.25072916666667,1.2988541666666666,16,8,24,74.24100000000001,-40.812250000000006,66.7,0.91,188.0,22.500000000000004,4512.0,0.5
TV_RN,2026-07-25,4.1000000000000005,-44.4,15.4015,108.85400000000001,124.25550000000001,29.195833333333336,25.557291666666668,3.638541666666667,20,4,24,134.6555,-10.399999999999983,83.3,2.59,9.8,48.5,235.20000000000002,20.6
TYNAN_RN,2026-07-25,4.1000000000000005,-21.1,17.488500000000002,62.039000000000016,79.52750000000002,26.009583333333335,22.214479166666667,3.7951041666666665,20,4,24,80.82325000000002,-1.295750000000002,83.3,12.48,9.9,25.200000000000003,237.60000000000002,10.6
UTOPIA_RN,2026-07-25,30.0,-36.0,344.4425,57.07500000000003,401.51750000000004,17.79041666666667,13.801666666666668,3.98875,7,1,8,401.65250000000003,-0.134999999999998,87.5,425.03,9.9,66.0,237.60000000000002,27.8
VERT_ESS_RN,2026-07-25,1.0,0.0,11.375,0.0,11.375,8.775416666666667,7.7896875,0.9857291666666663,1,0,1,11.375,0.0,100.0,99.99,200.0,1.0,4800.0,0.0
VORT_ALL_RN,2026-07-25,1091.2,-13.8,2593.1514999999986,23.541999999999984,2616.6934999999985,25.08458333333333,22.215833333333336,2.868749999999999,16,7,23,2880.093249999999,-263.3997500000005,69.6,4.78,121.8,1105.0,2923.2,37.8
WAL_RN,2026-07-25,4.0,-6.8,14.625,21.478999999999996,36.104,27.957083333333333,24.327083333333334,3.6299999999999994,20,4,24,37.128499999999995,-1.0245000000000004,83.3,7.25,200.0,10.8,4800.0,0.2
WFTANK_ESS1,2026-07-25,29.3,-104.7,-84.82850000000006,-54.46749999999997,-139.29600000000002,23.849999999999998,21.8309375,2.0190625,13,11,24,185.94600000000003,-325.242,54.2,0.48,150.0,134.0,3600.0,3.7
WIG_BESS_RN,2026-07-25,4.2,-19.8,5.178249999999999,18.199250000000006,23.3775,26.571250000000003,25.2890625,1.2821874999999998,16,7,23,46.01725,-22.639749999999996,69.6,0.89,120.0,24.0,2880.0,0.8
WLTC_ESR_RN,2026-07-25,3.8000000000000003,-14.2,13.256,44.322500000000005,57.578500000000005,24.9375,21.661562500000002,3.2759375,18,6,24,59.5545,-1.9759999999999933,75.0,10.05,9.9,18.0,237.60000000000002,7.6
WOV_BESS_RN,2026-07-25,3.2,-38.4,9.898249999999999,86.95500000000003,96.85325000000002,25.110416666666666,20.5421875,4.568229166666667,21,3,24,102.43750000000001,-5.5842499999999955,87.5,2.62,7.0,41.6,168.0,24.8
WRSBES_BESS1,2026-07-25,0.0,-28.0,0.0,218.39999999999998,218.39999999999998,2.2483333333333335,2.0290625,0.2192708333333333,7,0,7,218.39999999999998,0.0,100.0,99.99,9.7,28.0,232.79999999999998,12.0
WR_RN,2026-07-25,4.1000000000000005,-0.8,14.945749999999999,2.7115,17.657249999999998,27.425833333333333,23.841145833333332,3.5846874999999994,20,4,24,18.09275,-0.4355000000000011,83.3,8.31,9.9,4.9,237.60000000000002,2.1
WZRD_ESS_RN,2026-07-25,4.4,-2.9,14.99375,4.685500000000003,19.679250000000003,29.48875,26.36375,3.125,20,4,24,20.28225000000001,-0.6029999999999995,83.3,6.73,0.0,7.300000000000001,0.0,0.0
W_HRL_ESR_RN,2026-07-25,4.1000000000000005,-5.199999999999999,15.623,4.503999999999989,20.12699999999999,24.8425,21.874166666666667,2.9683333333333324,15,9,24,22.29249999999999,-2.1654999999999998,62.5,6.18,9.9,9.3,237.60000000000002,3.9
X443ESRN,2026-07-25,34.0,-30.4,286.066,134.51899999999998,420.585,27.682083333333335,23.084166666666665,4.597916666666666,20,4,24,421.7255,-1.1405000000000114,83.3,73.95,9.0,64.4,216.0,29.8
Z0_DGR2_RN,2026-07-25,0.0,0.0,0.0,0.0,0.0,1.935833333333333,1.1332291666666665,0.8026041666666665,0,0,0,0.0,0.0,0.0,0.0,9.9,0.0,237.60000000000002,0.0
ZIER_SLR_ALL,2026-07-25,1304.1000000000001,-102.8,3841.9587500000007,942.6945000000002,4784.653250000001,28.631249999999998,24.700208333333332,3.931041666666667,20,4,24,6139.362000000001,-1354.70875,83.3,0.91,28.0,1406.9,672.0,209.4
ABINDUST_RN,2026-07-26,3.8000000000000003,-1.2000000000000002,12.137000000000002,7.551750000000002,19.688750000000006,26.643333333333334,22.805000000000003,3.8383333333333334,21,2,23,19.733250000000005,-0.04450000000000003,91.3,42.23,9.9,5.0,237.60000000000002,2.1
ADL_RN,2026-07-26,15.8,0.0,68.18499999999999,0.0,68.18499999999999,12.836666666666666,11.134375,1.7022916666666663,9,1,10,68.67499999999998,-0.48999999999999844,90.0,15.57,60.0,15.8,1440.0,1.1
AE_RN,2026-07-26,3.8000000000000003,-28.900000000000002,10.8015,38.446250000000006,49.24775,26.595,23.057291666666668,3.5377083333333332,22,2,24,49.408,-0.16024999999999318,91.7,28.03,9.9,32.7,237.60000000000002,13.8
ALAMO_ST_RN,2026-07-26,0.0,-1.0,0.0,-4.452500000000001,-4.452500000000001,3.5091666666666668,3.330208333333333,0.1789583333333334,0,1,1,0.0,-4.452500000000001,0.0,0.0,9.9,1.0,237.60000000000002,0.4
ALP_BESS_RN,2026-07-26,28.8,-58.5,326.18225000000007,351.01075,677.193,24.758750000000003,21.8625,2.8962499999999998,14,10,24,700.602,-23.409,58.3,21.38,100.3,87.3,2407.2,3.6
ALVIN_RN,2026-07-26,25.6,-37.4,121.33100000000002,138.17125000000001,259.50225000000006,28.012083333333333,24.46229166666667,3.549791666666667,22,2,24,259.7527500000001,-0.25049999999999883,91.7,94.27,7.5,63.0,180.0,35.0
AMAD_ESS_RN,2026-07-26,47.0,-2.0,-35.16249999999998,-11.11,-46.27249999999998,8.66375,8.266875,0.39687500000000003,0,5,5,0.0,-46.27249999999998,0.0,0.0,0.0,49.0,0.0,0.0
ANCHOR_ALL,2026-07-26,951.4,-122.3,1313.62075,-204.84125,1108.7795,20.91625,20.38927083333333,0.5269791666666667,14,10,24,1732.1802500000003,-623.4007500000001,58.3,1.98,36.3,1073.7,871.1999999999999,123.2
ANDMDSLR_ALL,2026-07-26,37.4,-2.9000000000000004,-78.25075,-2.6922500000000005,-80.943,22.084166666666665,22.253020833333334,-0.16885416666666667,12,12,24,16.97925,-97.92224999999999,50.0,0.17,81.9,40.3,1965.6000000000001,2.1
ANEM_ESS_RN,2026-07-26,4.6000000000000005,-21.7,9.780000000000001,168.06325,177.84324999999998,25.224999999999998,20.844270833333333,4.380729166666667,22,2,24,178.01725,-0.1739999999999995,91.7,93.01,200.0,26.3,4800.0,0.5
ANG_ALL,2026-07-26,1934.2,-68.2,-5562.0075,-298.2045,-5860.2119999999995,23.063333333333333,22.970520833333335,0.09281250000000012,15,9,24,729.8005000000003,-6590.012500000001,62.5,0.07,100.0,2002.4,2400.0,83.4
ANOL_ESS_RN,2026-07-26,2.5,-3.4000000000000004,2.08275,2.1127499999999992,4.195499999999999,24.80875,24.042604166666667,0.7661458333333333,15,9,24,9.0275,-4.832000000000001,62.5,1.12,240.0,5.9,5760.0,0.1
ANTL_ESS_ES1,2026-07-26,10.0,-58.0,47.694250000000025,230.89850000000007,278.5927500000001,29.111250000000002,25.1003125,4.010937500000001,22,2,24,280.4797500000001,-1.8869999999999905,91.7,13.51,70.0,68.0,1680.0,4.0
APPLE_ESR_RN,2026-07-26,1.0,-56.0,-4.549999999999999,187.99749999999997,183.4475,2.9645833333333336,3.4103125,-0.4457291666666667,13,2,15,198.5375,-15.090000000000005,86.7,2.02,0.0,57.0,0.0,0.0
ARY_BESS_RN,2026-07-26,1260.0,-722.0,10720.349999999999,819.4025000000007,11539.752499999999,11.810416666666667,9.2953125,2.5151041666666667,11,1,12,11539.842499999999,-0.08999999999999986,91.7,11656.41,70.0,1982.0,1680.0,118.0
AVIL_ESS_RN,2026-07-26,107.9,-4.0,261.03324999999995,3.761500000000001,264.79474999999996,20.269583333333333,18.329687500000002,1.939895833333333,15,9,24,384.0489999999999,-119.25425000000001,62.5,1.93,160.0,111.9,3840.0,2.9
AZURE_RN,2026-07-26,50.9,-24.2,-12.373499999999991,-1.5372499999999807,-13.910749999999974,22.22666666666667,22.254791666666666,-0.028124999999999734,12,12,24,95.56850000000003,-109.47925000000001,50.0,0.87,77.6,75.1,1862.3999999999999,4.0
BATCAVE_RN,2026-07-26,86.8,-365.3,1444.18925,2342.5517499999996,3786.741,33.799166666666665,24.228958333333335,9.570208333333333,22,2,24,3793.847,-7.106000000000018,91.7,48.54,100.5,452.1,2412.0,18.7
BAYC_BESS_RN,2026-07-26,3.0,-22.3,8.936250000000001,117.17750000000001,126.11375000000001,25.278333333333336,20.823645833333334,4.4546875,24,0,24,126.11375000000002,0.0,100.0,99.99,9.9,25.3,237.60000000000002,10.6
BCK_RN,2026-07-26,2308.3,-398.1,4549.102249999999,983.0389999999998,5532.141249999999,23.175833333333333,20.3440625,2.831770833333333,18,6,24,6562.6889999999985,-1030.5477500000002,75.0,2.12,126.5,2706.4,3036.0,89.1
BCNV2_ES_RN,2026-07-26,2.0,-50.0,13.567499999999995,129.265,142.83249999999998,17.612083333333334,15.195520833333333,2.4165625,13,2,15,143.84249999999997,-1.009999999999991,86.7,21.91,150.0,52.0,3600.0,1.4
BCNV_RN,2026-07-26,0.0,-1.0,0.0,2.7925000000000004,2.7925000000000004,2.95375,2.6766666666666663,0.2770833333333334,1,0,1,2.7925000000000004,0.0,100.0,99.99,150.0,1.0,3600.0,0.0
BEXAR_ES_RN,2026-07-26,203.9,-9.1,1126.931,43.196500000000015,1170.1275,26.256249999999998,21.844166666666666,4.412083333333333,23,1,24,1170.1415000000004,-0.014000000000000058,95.8,3633.98,80.0,213.0,1920.0,11.1
BIGSTAR_ALL,2026-07-26,16.2,-31.5,89.29625000000001,141.5595,230.85575000000003,26.536666666666665,21.709791666666664,4.826875,23,1,24,232.58474999999999,-1.7289999999999868,95.8,5.85,80.0,47.7,1920.0,2.5
BKBN_RN,2026-07-26,0.0,0.0,0.0,0.0,0.0,24.177500000000002,17.741875,6.435625,0,0,0,0.0,0.0,0.0,0.0,121.0,0.0,2904.0,0.0
BKSL_RN,2026-07-26,3.0,-10.6,1.6365000000000007,-6.795750000000001,-5.15925,22.08666666666667,22.451979166666664,-0.3653125000000001,12,12,24,8.323749999999999,-13.483,50.0,0.62,100.0,13.6,2400.0,0.6
BLACKSPR_RN,2026-07-26,2.0,-7.0,16.470000000000002,96.8725,113.34250000000002,12.61125,10.2371875,2.3740625,5,1,6,113.62750000000001,-0.2849999999999966,83.3,79.74,120.0,9.0,2880.0,0.3
BLSMT1_5_A_6,2026-07-26,281.3,-7.1000000000000005,205.7217499999999,-2.934750000000001,202.7869999999999,22.51625,22.821875000000002,-0.3056250000000002,12,12,24,409.3034999999999,-206.5165,50.0,1.98,150.0,288.40000000000003,3600.0,8.0
BLUEJAY_RN,2026-07-26,27.4,-24.299999999999997,-18.721999999999994,103.1315,84.40950000000001,25.7325,24.49802083333333,1.2344791666666666,15,9,24,112.18749999999999,-27.77799999999999,62.5,2.42,50.0,51.699999999999996,1200.0,4.3
BLVN_RN,2026-07-26,1616.3,-23.4,-4195.178,49.076750000000004,-4146.10125,20.469583333333336,19.634895833333335,0.8346875000000004,15,9,24,1314.0192500000003,-5460.120500000001,62.5,0.14,180.0,1639.7,4320.0,38.0
BOCO_ESS_RN,2026-07-26,37.0,-3.0,-130.684,-2.43475,-133.11874999999998,22.47083333333333,22.0371875,0.43364583333333334,13,11,24,31.43750000000001,-164.55625,54.2,0.16,150.0,40.0,3600.0,1.1
BRHEIGHT_RN,2026-07-26,0.0,-1.0,0.0,2.782499999999999,2.782499999999999,4.7525,3.6520833333333336,1.1004166666666668,1,0,1,2.782499999999999,0.0,100.0,99.99,10.0,1.0,240.0,0.4
BRPANGLE_RN,2026-07-26,0.0,-20.0,0.0,70.90875,70.90875,1.2529166666666667,1.0554166666666667,0.1975000000000001,15,1,16,71.20875000000001,-0.29999999999999716,93.8,15.82,10.0,20.0,240.0,8.3
BRPMAGNO_RN,2026-07-26,20.4,-18.0,117.01950000000002,21.2655,138.28500000000003,28.728333333333335,24.507499999999997,4.220833333333333,22,2,24,139.33550000000002,-1.050499999999996,91.7,12.06,7.5,38.4,180.0,21.3
BRP_BRAZ_RN,2026-07-26,3.8000000000000003,-1.1,10.302000000000001,6.919,17.221,26.407916666666665,22.967916666666667,3.44,23,1,24,17.251,-0.029999999999999718,95.8,25.0,10.0,4.9,240.0,2.0
BRP_DIKN_RN,2026-07-26,0.0,-3.0,0.0,2.3774999999999977,2.3774999999999977,4.569583333333333,4.263437499999999,0.3061458333333332,3,0,3,2.3774999999999977,0.0,100.0,99.99,10.0,3.0,240.0,1.2
BRP_LOOP_RN,2026-07-26,28.5,0.0,30.89124999999994,0.0,30.89124999999994,3.7237500000000003,2.9667708333333334,0.7569791666666666,2,0,2,30.89124999999994,0.0,100.0,99.99,10.0,28.5,240.0,11.9
BRP_LOP1_RN,2026-07-26,39.1,-23.2,57.02924999999998,168.70174999999998,225.73099999999997,4.14375,4.028645833333333,0.11510416666666672,8,2,10,240.17849999999999,-14.447499999999994,80.0,4.16,0.0,62.3,0.0,0.0
BRP_PBL1_RN,2026-07-26,109.3,-5.0,896.38,7.337500000000006,903.7175,10.229583333333332,7.431562500000001,2.7980208333333336,11,0,11,903.7175000000001,0.0,100.0,99.99,10.0,114.3,240.0,47.6
BRP_PBL2_RN,2026-07-26,12.0,-1.0,117.91499999999999,6.48,124.39499999999998,14.892083333333332,11.487499999999999,3.404583333333333,7,0,7,124.39499999999997,0.0,100.0,99.99,10.0,13.0,240.0,5.4
BRP_RN_UNIT1,2026-07-26,31.0,-2.1,259.94250000000005,13.684,273.6265,27.142083333333332,21.920625,5.221458333333333,23,1,24,273.6385,-0.011999999999999745,95.8,991.44,10.0,33.1,240.0,13.8
BRP_SWNY_RN,2026-07-26,0.0,-3.0,0.0,6.997499999999999,6.997499999999999,3.3729166666666663,2.827083333333334,0.5458333333333331,1,0,1,6.997499999999999,0.0,100.0,99.99,10.0,3.0,240.0,1.2
BRP_ZPT1_RN,2026-07-26,15.0,-53.3,57.51249999999999,233.72625,291.23875,16.101666666666667,13.7053125,2.3963541666666663,16,7,23,315.16724999999997,-23.928500000000003,69.6,5.76,10.0,68.3,240.0,28.5
BRP_ZPT2_RN,2026-07-26,90.1,-73.4,111.93749999999997,411.24825,523.1857499999999,24.9675,21.441979166666666,3.525520833333333,17,7,24,550.39525,-27.209499999999995,70.8,8.33,10.0,163.5,240.0,68.1
BR_ARROW_ALL,2026-07-26,51.900000000000006,-2.1,-64.47150000000005,1.4949999999999983,-62.97650000000005,24.8175,24.08583333333333,0.7316666666666664,15,9,24,34.1545,-97.13100000000006,62.5,0.21,51.7,54.00000000000001,1240.8000000000002,4.4
BSS_U1,2026-07-26,8.8,-67.7,26.313750000000017,232.368,258.68175,26.925,23.36791666666667,3.5570833333333334,24,0,24,258.68175,0.0,100.0,99.99,9.9,76.5,237.60000000000002,32.2
BUDA_RN,2026-07-26,0.0,-20.0,0.0,96.94999999999999,96.94999999999999,5.0325,4.115,0.9174999999999999,9,1,10,97.16999999999999,-0.21999999999999886,90.0,49.08,9.9,20.0,237.60000000000002,8.4
BYP_RN,2026-07-26,373.1,-484.0,1093.5980000000009,1116.3825000000004,2209.980500000001,12.84125,11.621041666666665,1.2202083333333336,7,2,9,2431.364000000001,-221.38349999999983,77.8,3.14,200.0,857.1,4800.0,17.9
BYRDR_ES_ALL,2026-07-26,0.0,-3.0,0.0,1.0524999999999984,1.0524999999999984,4.2975,3.749791666666667,0.5477083333333331,2,0,2,1.0524999999999984,0.0,100.0,99.99,50.0,3.0,1200.0,0.2
C5_RN,2026-07-26,0.0,-2.0,0.0,4.409999999999997,4.409999999999997,6.252083333333334,5.6484375,0.6036458333333331,2,0,2,4.409999999999997,0.0,100.0,99.99,0.0,2.0,0.0,0.0
CACH_ESS_RN,2026-07-26,4.2,-1.1,19.70625,8.566250000000002,28.2725,27.190416666666668,21.878333333333334,5.312083333333333,23,1,24,28.292500000000004,-0.020000000000000285,95.8,61.51,200.0,5.300000000000001,4800.0,0.1
CAMWIND_RN,2026-07-26,50.5,-107.1,203.258,250.13450000000003,453.39250000000004,24.8275,20.668854166666666,4.158645833333334,23,1,24,454.7605000000001,-1.3679999999999979,95.8,14.45,16.4,157.6,393.59999999999997,40.0
CARA_ESS_RN,2026-07-26,2.0,0.0,0.6750000000000007,0.0,0.6750000000000007,2.8008333333333333,2.5415625,0.25927083333333334,1,1,2,1.120000000000001,-0.4450000000000003,50.0,2.52,98.3,2.0,2359.2,0.1
CARN_ESS_RN,2026-07-26,3.3000000000000003,-3.0,8.898499999999999,15.753750000000004,24.652250000000002,24.49791666666667,20.4575,4.040416666666666,23,1,24,24.672250000000005,-0.020000000000000285,95.8,53.64,150.0,6.300000000000001,3600.0,0.2
CARRIZO_ESR1,2026-07-26,10.3,-36.7,126.46899999999998,217.10475,343.57374999999996,27.31958333333333,19.960104166666667,7.359479166666667,23,0,23,343.57375,0.0,100.0,99.99,9.8,47.0,235.20000000000002,20.0
CARTWHL_RN,2026-07-26,0.1,0.0,-0.7497500000000002,0.0,-0.7497500000000002,4.4225,4.5746875,-0.1521875,0,1,1,0.0,-0.7497500000000002,0.0,0.0,150.0,0.1,3600.0,0.0
CASL_GAP_UN1,2026-07-26,199.5,-11.4,-947.821,-28.466749999999998,-976.2877500000001,19.477083333333333,18.933333333333334,0.5437500000000002,14,10,24,16.352000000000004,-992.6397499999999,58.3,0.01,3.9,210.9,93.6,225.3
CAST_ESS_RN,2026-07-26,0.0,-4.0,0.0,19.032500000000002,19.032500000000002,6.578749999999999,5.439791666666667,1.1389583333333335,2,0,2,19.032500000000002,0.0,100.0,99.99,200.0,4.0,4800.0,0.1
CATARINA_B1,2026-07-26,21.4,-322.4,-81.86125000000006,-4084.3747500000004,-4166.236000000001,27.26125,35.101145833333334,-7.839895833333334,16,7,23,828.4784999999999,-4994.7145,69.6,0.07,9.9,343.79999999999995,237.60000000000002,144.7
CEDRVALE_RN,2026-07-26,2.0,-65.3,5.123,190.92425,196.04725,21.82166666666667,21.0703125,0.7513541666666667,15,9,24,202.805,-6.757750000000001,62.5,18.01,9.9,67.3,237.60000000000002,28.3
CFLAT_ES_RN,2026-07-26,0.0,-61.0,0.0,331.41249999999997,331.41249999999997,2.9945833333333334,2.8874999999999997,0.10708333333333335,16,1,17,331.6825,-0.2699999999999996,94.1,76.78,100.0,61.0,2400.0,2.5
CHIL_SLR,2026-07-26,507.5,-18.8,-286.1190000000001,10.982749999999985,-275.13625000000013,21.176666666666666,20.033645833333335,1.1430208333333327,16,8,24,484.8365,-759.97275,66.7,0.32,150.0,526.3,3600.0,14.6
CISC_RN,2026-07-26,9.2,-31.7,21.610250000000015,37.61225000000002,59.22250000000003,25.7075,23.459270833333335,2.248229166666667,20,4,24,66.8615,-7.63899999999998,83.3,1.75,9.9,40.9,237.60000000000002,17.2
CITRUSCY_RN,2026-07-26,3.9000000000000004,-6.7,10.308250000000001,43.16925,53.4775,25.014166666666668,20.864479166666666,4.1496875,21,3,24,53.75525,-0.2777499999999986,87.5,27.65,9.9,10.600000000000001,237.60000000000002,4.5
CLO_RN,2026-07-26,10.0,-82.5,32.43125,267.011,299.44225000000006,28.435833333333335,25.131979166666667,3.303854166666667,21,3,24,301.00225,-1.5599999999999916,87.5,27.56,100.0,92.5,2400.0,3.9
CLT_RN,2026-07-26,0.0,0.0,0.0,0.0,0.0,25.865000000000002,21.7875,4.077500000000001,0,0,0,0.0,0.0,0.0,0.0,100.0,0.0,2400.0,0.0
CNLY_ESS_RN,2026-07-26,3.6,-9.3,0.6119999999999981,7.1027499999999995,7.714749999999998,25.493333333333336,24.071354166666666,1.4219791666666666,16,7,23,20.58100000000001,-12.866250000000012,69.6,0.7,125.0,12.9,3000.0,0.4
CNTRY_RN,2026-07-26,3.6,-13.100000000000001,0.870000000000001,23.688499999999998,24.558500000000002,25.387916666666666,24.9465625,0.4413541666666669,15,8,23,33.0485,-8.49,65.2,2.08,9.8,16.700000000000003,235.20000000000002,7.1
CNTYRDS_RN,2026-07-26,0.0,-1.0,0.0,-7.395,-7.395,3.205416666666667,3.145208333333333,0.06020833333333342,0,1,1,0.0,-7.395,0.0,0.0,9.9,1.0,237.60000000000002,0.4
CONTINEN_RN,2026-07-26,81.0,-62.3,590.7575,147.03899999999996,737.7964999999999,17.68583333333333,14.199895833333334,3.4859375,16,3,19,740.549,-2.752500000000012,84.2,50.45,0.0,143.3,0.0,0.0
CORALSLR_ALL,2026-07-26,809.0,-42.7,-2318.731,31.97175,-2286.75925,21.785,20.9775,0.8075,15,9,24,311.7244999999999,-2598.4837500000003,62.5,0.07,51.4,851.7,1233.6,69.0
CORAZON_RN,2026-07-26,248.1,-67.2,2324.7747499999996,356.58424999999994,2681.3589999999995,25.110833333333332,21.145416666666666,3.965416666666666,19,5,24,2704.3275,-22.96850000000002,79.2,30.98,200.0,315.3,4800.0,6.6
COTULLA_RN,2026-07-26,5.9,-12.2,41.642250000000004,-26.525499999999987,15.116750000000017,28.120833333333334,25.142916666666668,2.9779166666666668,20,4,24,79.60175,-64.485,83.3,0.25,9.9,18.1,237.60000000000002,7.6
COYOTSPR_RN,2026-07-26,3.0,0.0,19.35000000000001,0.0,19.35000000000001,5.0375000000000005,4.898645833333333,0.13885416666666686,1,0,1,19.35000000000001,0.0,100.0,99.99,9.9,3.0,237.60000000000002,1.3
CROSSETT_ALL,2026-07-26,290.2,-20.900000000000002,989.2824999999998,45.805499999999995,1035.0879999999997,20.075416666666666,19.140625,0.9347916666666665,15,9,24,1483.8639999999998,-448.776,62.5,1.98,100.0,311.09999999999997,2400.0,13.0
CROSSTRL_RN,2026-07-26,2.1,-18.2,5.1485,-24.477499999999996,-19.328999999999997,23.055000000000003,22.190729166666667,0.8642708333333333,14,10,24,27.020249999999997,-46.349250000000005,58.3,0.42,57.0,20.3,1368.0,1.5
CR_RN,2026-07-26,6.6000000000000005,-1.0,15.467500000000001,4.9495000000000005,20.417,28.194166666666664,24.936979166666664,3.2571875000000006,21,3,24,20.637,-0.21999999999999886,87.5,13.4,9.8,7.6000000000000005,235.20000000000002,3.2
CS_RN,2026-07-26,40.6,-5.0,170.73850000000004,9.832500000000003,180.57100000000005,9.540833333333333,8.4846875,1.0561458333333336,6,1,7,180.67600000000004,-0.10499999999999687,85.7,286.79,7.0,45.6,168.0,27.1
CTW_RN,2026-07-26,35.3,-65.5,154.71649999999997,207.38499999999996,362.10149999999993,27.307083333333335,23.486874999999998,3.820208333333333,22,2,24,362.86199999999985,-0.7605000000000274,91.7,43.38,150.0,100.8,3600.0,2.8
DAN_ALL,2026-07-26,265.0,-39.6,1024.5919999999999,214.38649999999998,1238.9785,23.538749999999997,19.453125,4.085624999999999,22,2,24,1241.6265,-2.6480000000000077,91.7,42.63,76.3,304.6,1831.1999999999998,16.6
DA_BESS,2026-07-26,3.8000000000000003,-17.1,10.048,19.1295,29.1775,26.758333333333336,23.442916666666665,3.3154166666666662,23,1,24,29.80749999999999,-0.629999999999994,95.8,2.06,5.0,20.900000000000002,120.0,17.4
DA_BESS2,2026-07-26,0.0,0.0,0.0,0.0,0.0,30.28,25.114166666666666,5.165833333333333,0,0,0,0.0,0.0,0.0,0.0,9.9,0.0,237.60000000000002,0.0
DC2SES_ALL,2026-07-26,63.8,-77.8,176.50550000000007,20.657749999999997,197.16325000000003,25.001666666666665,24.496666666666666,0.5050000000000001,15,8,23,214.16100000000006,-16.997749999999982,65.2,6.72,66.5,141.6,1596.0,8.9
DESN_ESS_RN,2026-07-26,0.0,-1.0,0.0,0.8125,0.8125,6.042916666666667,5.0621875,0.9807291666666668,1,0,1,0.8125,0.0,100.0,99.99,200.0,1.0,4800.0,0.0
DGFS_ESR_RN,2026-07-26,102.0,-4.0,214.68849999999998,2.9094999999999995,217.59799999999998,20.227083333333333,18.46625,1.7608333333333333,15,9,24,338.62775,-121.02974999999998,62.5,1.68,75.0,106.0,1800.0,5.9
DIBOL_RN,2026-07-26,6.0,-1.6,-6.495000000000008,-3.8429999999999995,-10.338000000000008,11.105833333333335,10.793645833333334,0.3121874999999998,4,4,8,8.742499999999994,-19.0805,50.0,0.46,9.9,7.6,237.60000000000002,3.2
DKNS_ESS_RN,2026-07-26,1.0,0.0,5.702499999999997,0.0,5.702499999999997,3.3970833333333332,3.129375,0.26770833333333316,1,0,1,5.702499999999997,0.0,100.0,99.99,50.0,1.0,1200.0,0.1
DRAK_ESS_RN,2026-07-26,0.0,0.0,0.0,0.0,0.0,24.33,25.1325,-0.802500000000002,0,0,0,0.0,0.0,0.0,0.0,150.0,0.0,3600.0,0.0
DSWL_BES1,2026-07-26,0.0,-2.0,0.0,2.7799999999999976,2.7799999999999976,5.47125,5.263229166666666,0.20802083333333346,2,0,2,2.7799999999999976,0.0,100.0,99.99,150.0,2.0,3600.0,0.1
EBNY_ESS_RN,2026-07-26,3.9000000000000004,-11.6,16.30525,97.93525000000001,114.24050000000001,26.659583333333334,21.8090625,4.850520833333333,23,1,24,114.25650000000002,-0.01599999999999966,95.8,310.48,200.0,15.5,4800.0,0.3
ELMCRK_RN,2026-07-26,14.8,-39.2,63.45700000000001,208.31775000000002,271.77475000000004,26.65625,22.811458333333334,3.844791666666667,23,1,24,271.81675000000007,-0.042000000000000176,95.8,281.38,9.9,54.0,237.60000000000002,22.7
ELM_ST_RN,2026-07-26,0.0,-2.0,0.0,-1.4849999999999994,-1.4849999999999994,3.7445833333333334,3.565729166666667,0.17885416666666676,0,2,2,0.0,-1.4849999999999994,0.0,0.0,9.9,2.0,237.60000000000002,0.8
ELM_ST_RN2,2026-07-26,0.0,-2.0,0.0,-6.8125,-6.8125,4.190833333333333,3.964583333333333,0.22625000000000015,1,1,2,0.15499999999999936,-6.967499999999999,50.0,0.02,9.9,2.0,237.60000000000002,0.8
ELSA_ESR_RN,2026-07-26,3.9000000000000004,-9.5,12.889750000000003,38.22750000000001,51.11725000000001,25.72458333333333,20.855208333333334,4.869375000000001,22,2,24,51.24250000000002,-0.1252499999999998,91.7,37.19,9.9,13.4,237.60000000000002,5.6
ELZA_SLR_RN,2026-07-26,12.5,-2.2,-17.073999999999998,1.1810000000000005,-15.892999999999995,24.799166666666665,24.0578125,0.7413541666666669,15,9,24,9.5905,-25.483499999999996,62.5,0.23,100.0,14.7,2400.0,0.6
EMPCT_RN,2026-07-26,8.8,-115.7,-18.688999999999997,-98.72724999999993,-117.41624999999993,25.14833333333333,24.283749999999998,0.8645833333333334,15,9,24,156.34700000000004,-273.76324999999997,62.5,0.34,9.9,124.5,237.60000000000002,52.4
ENDPARK_ESS1,2026-07-26,9.0,-19.0,34.4645,19.02025,53.484750000000005,21.93875,22.24354166666667,-0.30479166666666674,11,13,24,60.809,-7.324249999999997,45.8,9.81,50.0,28.0,1200.0,2.3
ESCONDID_ESR,2026-07-26,11.2,-1.8,102.33350000000002,10.622000000000002,112.95550000000001,27.856666666666666,21.815104166666668,6.0415625,24,0,24,112.95550000000003,0.0,100.0,99.99,0.0,13.0,0.0,0.0
ESTONIAN_ALL,2026-07-26,25.5,-2.2,-39.50975000000001,1.1757499999999987,-38.334,24.810000000000002,24.073125,0.7368749999999995,15,9,24,14.088750000000001,-52.42275000000001,62.5,0.16,101.6,27.7,2438.3999999999996,1.1
EUNICE_ALL,2026-07-26,1017.4,-12.2,-1877.0250000000003,-10.931000000000004,-1887.9560000000004,17.804166666666667,17.513229166666665,0.2909374999999999,8,10,18,449.5605,-2337.5165,44.4,0.24,22.0,1029.6,528.0,195.0
EVLN_ESS_RN,2026-07-26,6.7,-3.0,37.471000000000004,10.162500000000001,47.633500000000005,29.12625,24.5390625,4.5871875,22,2,24,47.88400000000001,-0.25049999999999883,91.7,17.38,220.0,9.7,5280.0,0.2
E_HARRIS_RN,2026-07-26,4.2,-6.7,18.3685,66.86925,85.23775,25.04041666666667,20.716354166666665,4.3240625,22,2,24,85.27425000000001,-0.0365000000000002,91.7,212.39,9.9,10.9,237.60000000000002,4.6
FALFUR_RN,2026-07-26,113.6,-40.0,853.4925,245.81199999999998,1099.3045,25.12,20.823854166666667,4.296145833333333,22,2,24,1099.536,-0.23149999999999976,91.7,431.78,9.9,153.6,237.60000000000002,64.6
FALFUR_RN2,2026-07-26,0.0,-15.5,0.0,139.8655,139.8655,12.375,9.0485,3.3265000000000002,10,0,10,139.8655,0.0,100.0,99.99,9.8,15.5,235.20000000000002,6.6
FAULKNER_RN,2026-07-26,3.0,-5.0,19.35000000000001,19.73749999999999,39.0875,5.560833333333334,5.1775,0.3833333333333336,2,1,3,39.64,-0.5525000000000002,66.7,35.87,9.9,8.0,237.60000000000002,3.4
FENCESLR_ALL,2026-07-26,33.9,-7.300000000000001,8.943249999999988,12.646250000000006,21.589499999999994,24.07166666666667,22.937187499999997,1.1344791666666667,15,9,24,54.27424999999999,-32.68475,62.5,1.0,71.0,41.2,1704.0,2.4
FERD_ESS_RN,2026-07-26,3.0,-75.0,41.38499999999999,331.555,372.94,7.597916666666666,5.815,1.7829166666666667,18,1,19,373.28999999999996,-0.3500000000000014,94.7,59.25,200.0,78.0,4800.0,1.6
FIVEWSLR_ALL,2026-07-26,1742.5,-23.5,-1056.6022500000004,62.90549999999996,-993.6967500000003,14.7575,14.2809375,0.4765624999999995,13,8,21,1615.2372500000001,-2608.934,61.9,0.38,220.0,1766.0,5280.0,33.4
FLOWERII_RN,2026-07-26,118.0,-34.800000000000004,501.441,112.32749999999997,613.7684999999999,21.70875,20.673645833333335,1.0351041666666663,15,9,24,671.6197500000001,-57.85125000000002,62.5,6.97,100.0,152.8,2400.0,6.4
FLTBES1,2026-07-26,6.0,-124.0,41.47499999999999,416.5225,457.99749999999995,6.539166666666667,5.8125,0.7266666666666662,11,1,12,459.7499999999999,-1.7524999999999995,91.7,23.85,8.5,130.0,204.0,63.7
FLVABES1_ESR,2026-07-26,44.8,-1.0,-35.83549999999998,-7.132500000000002,-42.96799999999998,10.7975,10.124375,0.6731249999999999,3,3,6,87.98524999999998,-130.95324999999997,50.0,0.67,9.9,45.8,237.60000000000002,19.3
FORTMA_RN,2026-07-26,33.0,-44.0,844.3275000000001,584.7825,1429.1100000000001,15.33375,9.392708333333333,5.941041666666667,13,1,14,1429.12,-0.010000000000001563,92.9,10993.23,9.8,77.0,235.20000000000002,32.7
FRMRSVLW_RN,2026-07-26,0.1,-2.4,-0.7572499999999999,4.000500000000001,3.243250000000001,10.014166666666666,9.555833333333334,0.4583333333333333,4,3,7,4.690250000000001,-1.447,57.1,2.43,9.9,2.5,237.60000000000002,1.1
FRMR_BS2_RN1,2026-07-26,0.1,-2.0,-0.7572499999999999,3.870000000000001,3.112750000000001,4.858333333333333,4.822916666666667,0.035416666666666874,2,1,3,3.870000000000001,-0.7572499999999999,66.7,2.56,6.0,2.1,144.0,1.5
FTDUNCAN_RN,2026-07-26,11.1,-6.8,102.425,37.187,139.612,27.718333333333334,21.6021875,6.116145833333333,24,0,24,139.612,0.0,100.0,99.99,100.0,17.9,2400.0,0.7
GAIA_SLR_RN,2026-07-26,10.0,0.0,-14.287500000000003,0.0,-14.287500000000003,10.754166666666668,10.945416666666667,-0.19125000000000014,1,9,10,1.3724999999999987,-15.660000000000002,10.0,0.79,75.0,10.0,1800.0,0.6
GAMBIT_RN,2026-07-26,0.0,-55.5,0.0,204.76575000000003,204.76575000000003,26.37708333333333,22.936354166666664,3.440729166666667,15,1,16,205.06575000000004,-0.29999999999999716,93.8,45.57,100.0,55.5,2400.0,2.3
GARC_BESS_RN,2026-07-26,4.2,-7.7,8.666250000000002,90.5215,99.18775,24.830833333333334,21.0584375,3.772395833333333,19,5,24,100.12474999999999,-0.9369999999999992,79.2,28.12,9.9,11.9,237.60000000000002,5.0
GIGA_ESS_RN,2026-07-26,4.6000000000000005,-304.1,27.370000000000005,661.1635,688.5335,28.409583333333334,22.549583333333334,5.859999999999999,23,1,24,692.0695000000001,-3.535999999999973,95.8,8.51,113.0,308.70000000000005,2712.0,11.4
GKS_BESS_RN,2026-07-26,153.8,-208.2,1765.0830000000003,557.8489999999999,2322.9320000000002,25.428749999999997,20.803229166666664,4.625520833333334,22,2,24,2340.1355000000003,-17.20350000000006,91.7,12.37,82.0,362.0,1968.0,18.4
GODY_SLR_RN,2026-07-26,3.0,-71.0,-13.542499999999999,105.90999999999997,92.36749999999998,12.4275,14.2190625,-1.7915625000000002,11,8,19,161.01249999999996,-68.645,57.9,1.71,50.0,74.0,1200.0,6.2
GOMZ_RN,2026-07-26,2.0,-26.0,5.023,37.927249999999994,42.95024999999999,21.208333333333332,20.58729166666667,0.6210416666666666,15,9,24,62.48925,-19.539000000000005,62.5,1.92,9.9,28.0,237.60000000000002,11.8
GOODWIN_ESR,2026-07-26,93.69999999999999,-60.7,809.7984999999999,112.33449999999995,922.1329999999998,24.77333333333333,20.89645833333333,3.8768749999999996,18,5,23,925.6344999999999,-3.5015000000000196,78.3,73.43,9.0,154.39999999999998,216.0,71.5
GRDNE_ESR_RN,2026-07-26,2.1,-3.1,5.83125,-0.4710000000000001,5.36025,22.360416666666666,21.4471875,0.9132291666666664,14,10,24,12.491,-7.13075,58.3,1.25,9.9,5.2,237.60000000000002,2.2
GREGORY_RN,2026-07-26,23.2,-1.5,300.16774999999996,16.6355,316.80325,25.93625,20.4759375,5.4603125,21,1,22,316.82325,-0.020000000000000285,95.5,754.34,9.9,24.7,237.60000000000002,10.4
GUNR_RN,2026-07-26,0.0,0.0,0.0,0.0,0.0,28.86,24.375,4.484999999999999,0,0,0,0.0,0.0,0.0,0.0,150.0,0.0,3600.0,0.0
GZ_RN,2026-07-26,55.199999999999996,-1.0,203.87774999999993,4.8020000000000005,208.67974999999993,28.12625,24.834895833333334,3.2913541666666664,21,3,24,209.0162499999999,-0.3365000000000002,87.5,88.74,9.0,56.199999999999996,216.0,26.0
HAMI_BESS_RN,2026-07-26,6.1,-35.0,73.79675,212.96250000000003,286.75925,6.495416666666666,5.236354166666667,1.2590625,16,0,16,286.75925,0.0,100.0,99.99,9.9,41.1,237.60000000000002,17.3
HARLIN_1_RN,2026-07-26,0.0,-20.0,0.0,122.13749999999999,122.13749999999999,6.507916666666667,5.777916666666667,0.7299999999999996,8,1,9,122.22749999999999,-0.08999999999999986,88.9,169.76,0.0,20.0,0.0,0.0
HEADCAMP_RN,2026-07-26,0.0,-1.0,0.0,-0.4524999999999988,-0.4524999999999988,3.1345833333333335,2.8151041666666665,0.3194791666666667,0,1,1,0.0,-0.4524999999999988,0.0,0.0,150.0,1.0,3600.0,0.0
HEARN_RD_RN,2026-07-26,73.3,-7.0,539.6934999999999,31.0595,570.7529999999999,24.790833333333335,20.480833333333333,4.31,23,1,24,570.7729999999998,-0.020000000000000285,95.8,1240.81,9.8,80.3,235.20000000000002,34.1
HEN_RN,2026-07-26,1.0,-1.0,3.8625000000000007,0.6774999999999984,4.539999999999999,2.7412500000000004,2.4759375,0.2653125,2,0,2,4.539999999999999,0.0,100.0,99.99,150.0,2.0,3600.0,0.1
HI_LONEB_RN1,2026-07-26,50.5,-4.0,-97.714,-0.2442499999999992,-97.95824999999999,20.813333333333333,19.677291666666665,1.1360416666666666,17,7,24,28.591499999999996,-126.54975,70.8,0.09,50.0,54.5,1200.0,4.5
HLY_RN,2026-07-26,1.0,-6.5,6.7675,17.131249999999998,23.89875,7.272916666666667,6.233229166666667,1.0396875,4,0,4,23.89875,0.0,100.0,99.99,102.0,7.5,2448.0,0.3
HMNG_ESS_RN,2026-07-26,2.5,-46.3,3.1702500000000002,57.04975,60.220000000000006,24.47583333333333,23.878229166666667,0.5976041666666668,14,10,24,66.87275,-6.652749999999994,58.3,7.18,100.0,48.8,2400.0,2.0
HNY_COMB_RN,2026-07-26,0.0,0.0,0.0,0.0,0.0,25.947499999999998,20.68625,5.2612499999999995,0,0,0,0.0,0.0,0.0,0.0,61.5,0.0,1476.0,0.0
HOLCOMB_RN1,2026-07-26,0.0,0.0,0.0,0.0,0.0,24.901666666666667,19.393333333333334,5.508333333333333,0,0,0,0.0,0.0,0.0,0.0,9.9,0.0,237.60000000000002,0.0
HOUSEMTN_RN,2026-07-26,121.30000000000001,-7.0,194.22649999999996,16.557499999999997,210.78399999999993,20.355,19.89979166666667,0.45520833333333294,14,10,24,343.24749999999995,-132.4635,58.3,1.85,60.0,128.3,1440.0,8.9
HRMS_SLR_RN,2026-07-26,0.0,-5.0,0.0,5.865000000000002,5.865000000000002,3.8679166666666664,3.6235416666666667,0.2443750000000001,4,1,5,6.085000000000001,-0.21999999999999886,80.0,6.91,100.0,5.0,2400.0,0.2
HV_BESS1_RN,2026-07-26,1.0,0.0,3.8550000000000004,0.0,3.8550000000000004,12.972499999999998,11.360208333333333,1.6122916666666667,1,0,1,3.8550000000000004,0.0,100.0,99.99,0.0,1.0,0.0,0.0
HWY6_RN,2026-07-26,0.0,-5.0,0.0,13.772499999999992,13.772499999999992,4.76,4.566979166666667,0.19302083333333311,3,1,4,14.729999999999992,-0.9574999999999996,75.0,5.13,9.9,5.0,237.60000000000002,2.1
HYDR_ESS_RN,2026-07-26,0.0,-17.900000000000002,0.0,41.19125,41.19125,1.0954166666666667,0.9461458333333334,0.14927083333333332,7,1,8,43.52799999999999,-2.3367499999999994,87.5,2.66,200.0,17.900000000000002,4800.0,0.4
IND_INADALE1,2026-07-26,142.5,-13.1,106.87600000000005,19.402250000000006,126.27825000000006,22.210416666666664,22.282083333333333,-0.07166666666666617,11,13,24,233.79875000000004,-107.52049999999997,45.8,2.57,9.9,155.6,237.60000000000002,65.5
INRT_W_ALL,2026-07-26,4273.9,-43.0,2973.5002499999964,-3.3357500000000497,2970.164499999996,22.264166666666668,22.308541666666667,-0.04437500000000042,12,12,24,7493.0364999999965,-4522.872,50.0,1.66,13.0,4316.9,312.0,1383.6
JADE_SLR_ALL,2026-07-26,56.5,-2.9000000000000004,-142.73550000000003,-2.8475000000000024,-145.58300000000003,22.04375,22.262291666666666,-0.21854166666666722,12,12,24,43.238,-188.82100000000005,50.0,0.23,81.9,59.4,1965.6000000000001,3.0
JAG_SLR_RN,2026-07-26,137.2,-32.6,-274.6155,-22.216250000000024,-296.83175000000006,20.867916666666666,19.85770833333333,1.0102083333333332,15,9,24,107.36474999999996,-404.19649999999996,62.5,0.16,150.0,169.79999999999998,3600.0,4.7
JAR_RN,2026-07-26,4.300000000000001,-11.1,7.211000000000001,31.866500000000002,39.0775,26.782083333333333,24.374687499999997,2.4073958333333336,20,4,24,40.06175,-0.9842499999999987,83.3,8.14,156.0,15.4,3744.0,0.4
JC_BAT_RN,2026-07-26,5.2,-1.2000000000000002,33.801500000000004,10.36625,44.167750000000005,28.715,23.010729166666668,5.704270833333333,23,1,24,44.18375,-0.01599999999999966,95.8,120.06,1.2,6.4,28.799999999999997,22.2
JDKNS_RN,2026-07-26,12.0,-11.0,13.506999999999998,45.5275,59.0345,22.039166666666663,21.086770833333333,0.9523958333333332,15,9,24,71.2245,-12.190000000000001,62.5,3.51,9.9,23.0,237.60000000000002,9.7
JUNCTION_RN,2026-07-26,102.7,-45.3,1576.18225,1078.544,2654.72625,43.747083333333336,23.7765625,19.970520833333335,23,1,24,2672.9032499999994,-18.176999999999996,95.8,6.39,9.9,148.0,237.60000000000002,62.3
JUNORTH_RN,2026-07-26,22.0,-10.5,278.62249999999995,613.4975,892.1199999999999,19.4225,15.407916666666667,4.014583333333333,12,0,12,892.1199999999999,0.0,100.0,99.99,9.9,32.5,237.60000000000002,13.7
KEG_RN,2026-07-26,1.0,-24.0,4.724999999999998,63.932500000000005,68.6575,7.8445833333333335,7.044791666666666,0.7997916666666667,10,2,12,68.96249999999999,-0.30499999999999616,83.3,45.22,160.0,25.0,3840.0,0.7
KNAPP_RN,2026-07-26,12.0,-21.0,4.604999999999997,78.175,82.77999999999999,10.9225,10.389166666666666,0.5333333333333332,11,3,14,95.72999999999999,-12.95,78.6,2.02,0.0,33.0,0.0,0.0
LANTANA_RN,2026-07-26,0.0,-1.0,0.0,0.9525000000000006,0.9525000000000006,2.4008333333333334,2.1726041666666664,0.22822916666666662,1,0,1,0.9525000000000006,0.0,100.0,99.99,9.9,1.0,237.60000000000002,0.4
LAUR_BESS_RN,2026-07-26,0.0,-10.600000000000001,0.0,105.77900000000001,105.77900000000001,3.828333333333333,2.916770833333333,0.9115625,6,0,6,105.77900000000001,0.0,100.0,99.99,9.8,10.600000000000001,235.20000000000002,4.5
LBRA_BES1,2026-07-26,3.9000000000000004,-4.1,15.9445,14.944499999999996,30.888999999999996,26.368750000000002,21.51364583333333,4.855104166666666,23,1,24,30.908999999999992,-0.020000000000000285,95.8,67.19,200.0,8.0,4800.0,0.2
LEAKEY_RN,2026-07-26,1.0,0.0,5.255000000000001,0.0,5.255000000000001,2.1999999999999997,1.623125,0.576875,1,0,1,5.255000000000001,0.0,100.0,99.99,0.0,1.0,0.0,0.0
LFSTH_RN,2026-07-26,3.1,0.0,7.226750000000008,0.0,7.226750000000008,3.27125,3.2813541666666666,-0.010104166666666655,1,1,2,7.702500000000008,-0.47575000000000006,50.0,16.19,9.9,3.1,237.60000000000002,1.3
LIGSW_RN,2026-07-26,3.3000000000000003,-4.2,2.4812499999999984,-11.210750000000003,-8.729500000000003,25.0925,24.422812500000003,0.6696874999999997,14,8,22,10.588249999999999,-19.31775,63.6,0.31,9.8,7.5,235.20000000000002,3.2
LILY_RN,2026-07-26,23.400000000000002,-110.4,-23.94650000000001,93.9425,69.99599999999998,24.72666666666667,23.883333333333336,0.8433333333333334,15,9,24,183.72050000000002,-113.72450000000005,62.5,0.97,50.0,133.8,1200.0,11.2
LK_RN,2026-07-26,0.0,-14.0,0.0,40.92000000000001,40.92000000000001,1.4770833333333335,1.2278125,0.2492708333333334,7,0,7,40.92000000000001,0.0,100.0,99.99,9.9,14.0,237.60000000000002,5.9
LMO_ESR_RN,2026-07-26,3.2,-3.3000000000000003,2.056999999999999,10.087499999999999,12.144499999999999,25.29041666666667,23.844791666666666,1.4456249999999997,16,7,23,13.8295,-1.6850000000000007,69.6,3.59,100.0,6.5,2400.0,0.3
LONESTAR_RN,2026-07-26,0.0,-1.0,0.0,-7.334999999999999,-7.334999999999999,3.0533333333333332,2.9152083333333336,0.13812499999999997,0,1,1,0.0,-7.334999999999999,0.0,0.0,9.9,1.0,237.60000000000002,0.4
LON_RN1,2026-07-26,6.300000000000001,-34.9,27.647000000000002,166.44224999999997,194.08925,27.145416666666666,23.387604166666666,3.7578125,22,2,24,194.12975,-0.04050000000000011,91.7,435.76,174.0,41.2,4176.0,1.0
LOWR_ESS_RN,2026-07-26,1.0,-1.2,3.1975000000000016,3.1427499999999986,6.34025,2.9175,2.50625,0.41125000000000006,4,0,4,6.340249999999999,0.0,100.0,99.99,60.0,2.2,1440.0,0.2
LUCKYBLU_RN,2026-07-26,0.0,-12.0,0.0,35.13499999999999,35.13499999999999,4.8925,4.020520833333333,0.8719791666666667,5,1,6,35.69499999999999,-0.5600000000000023,83.3,12.75,26.0,12.0,624.0,1.9
LYNX_ESS_RN,2026-07-26,0.0,-2.0,0.0,2.785,2.785,2.5345833333333334,2.3077083333333337,0.22687500000000002,2,0,2,2.785,0.0,100.0,99.99,75.0,2.0,1800.0,0.1
LYSSY_RN,2026-07-26,120.60000000000001,-1.1,863.60375,8.972999999999999,872.5767500000001,26.9325,21.392291666666665,5.540208333333333,23,1,24,872.5927499999999,-0.01599999999999966,95.8,2371.18,0.0,121.7,0.0,0.0
L_FRE_ESR_RN,2026-07-26,3.2,-67.5,6.739999999999998,339.36125,346.10125,25.05458333333333,20.720520833333335,4.3340625,22,2,24,346.33774999999997,-0.23649999999999982,91.7,133.13,9.9,70.7,237.60000000000002,29.8
MADERO_RN,2026-07-26,1.0,-9.2,4.262499999999999,54.55200000000002,58.81450000000002,8.031666666666668,5.959479166666667,2.0721875000000005,6,1,7,60.59200000000002,-1.7775000000000034,85.7,5.68,100.0,10.2,2400.0,0.4
MAINLAND_RN,2026-07-26,5.7,-2.0,27.7435,6.110999999999997,33.8545,28.78625,24.51625,4.27,22,2,24,33.904999999999994,-0.05049999999999955,91.7,61.04,9.9,7.7,237.60000000000002,3.2
MEDILA_RN,2026-07-26,106.7,-16.1,948.5855,55.439750000000004,1004.0252500000001,28.782916666666665,22.10864583333333,6.674270833333334,23,1,24,1004.0312500000001,-0.006000000000000227,95.8,7275.59,0.0,122.80000000000001,0.0,0.0
MEDINA1_RN,2026-07-26,0.0,-1.0,0.0,2.0474999999999994,2.0474999999999994,3.73,3.2914583333333334,0.43854166666666644,1,0,1,2.0474999999999994,0.0,100.0,99.99,0.0,1.0,0.0,0.0
MESQUITE_RN,2026-07-26,0.0,-2.0,0.0,0.15500000000000114,0.15500000000000114,0.7195833333333334,0.6753125,0.044270833333333336,1,0,1,0.15500000000000114,0.0,100.0,99.99,9.9,2.0,237.60000000000002,0.8
MESQUITE_RN2,2026-07-26,0.0,0.0,0.0,0.0,0.0,1.2558333333333334,1.0547916666666668,0.20104166666666665,0,0,0,0.0,0.0,0.0,0.0,0.0,0.0,0.0,0.0
MIDP_SLR_RN,2026-07-26,79.8,-46.6,235.50525,174.133,409.63824999999997,18.608333333333334,14.9228125,3.6855208333333334,22,2,24,410.87249999999983,-1.234249999999999,91.7,30.26,50.0,126.4,1200.0,10.5
MIDWY_RN,2026-07-26,0.0,0.0,0.0,0.0,0.0,4.302499999999999,4.072395833333333,0.23010416666666664,0,0,0,0.0,0.0,0.0,0.0,9.9,0.0,237.60000000000002,0.0
MILTON_RN,2026-07-26,14.6,-9.1,117.96324999999999,36.13249999999999,154.09574999999998,26.692083333333333,21.4403125,5.251770833333333,23,1,24,154.11374999999998,-0.01799999999999997,95.8,372.26,0.0,23.7,0.0,0.0
MNWL_BESS_RN,2026-07-26,21.8,-10.1,318.8205,135.29275,454.11324999999994,31.41125,25.090833333333332,6.320416666666666,22,2,24,454.223,-0.10975000000000001,91.7,376.25,9.9,31.9,237.60000000000002,13.4
MOORE_FL_RN,2026-07-26,43.9,-6.7,486.9475,45.60799999999999,532.5555,25.145,20.85739583333333,4.287604166666666,21,3,24,532.778,-0.22250000000000159,87.5,342.07,9.9,50.6,237.60000000000002,21.3
MUENSTER_RN,2026-07-26,46.8,-2.3000000000000003,185.63424999999998,4.674999999999998,190.30924999999996,25.659166666666664,23.997083333333332,1.6620833333333331,16,7,23,196.53999999999996,-6.230750000000002,69.6,13.8,9.0,49.099999999999994,216.0,22.7
MUSTNGCK_ALL,2026-07-26,37.7,-24.9,175.66375000000002,113.64125,289.30500000000006,25.430833333333336,20.8753125,4.5555208333333335,23,1,24,290.055,-0.7499999999999841,95.8,16.81,71.0,62.6,1704.0,3.7
MU_RN,2026-07-26,5.7,-14.0,26.802500000000002,15.713999999999993,42.51649999999999,28.181250000000002,24.02927083333333,4.151979166666667,22,2,24,43.00599999999999,-0.4895000000000003,91.7,7.99,9.9,19.7,237.60000000000002,8.3
MV_VALV4_RN,2026-07-26,4.0,-6.5,12.687999999999999,62.32325000000001,75.01125,25.645833333333332,20.854895833333334,4.790937499999999,22,2,24,75.2595,-0.24825000000000125,91.7,27.56,9.9,10.5,237.60000000000002,4.4
MYRY_BES2_RN,2026-07-26,3.9000000000000004,-8.7,11.464000000000002,45.393249999999995,56.85725,25.419583333333335,20.861770833333335,4.5578125,22,2,24,58.72524999999999,-1.867999999999996,91.7,2.86,9.9,12.6,237.60000000000002,5.3
MYRY_ESR_RN,2026-07-26,0.0,-7.3,0.0,29.955499999999997,29.955499999999997,3.0370833333333334,2.362083333333333,0.6750000000000002,5,1,6,31.635499999999993,-1.6799999999999962,83.3,3.77,9.9,7.3,237.60000000000002,3.1
MYR_ALL,2026-07-26,48.0,-7.0,231.23000000000002,37.32,268.55,14.648333333333333,12.424270833333333,2.2240625,15,1,16,268.5625,-0.01249999999999929,93.8,1432.33,76.3,55.0,1831.1999999999998,3.0
NCO_RN,2026-07-26,3.8000000000000003,-9.1,10.3535,43.209999999999994,53.56349999999999,26.521666666666665,23.084791666666664,3.436875,23,1,24,53.7315,-0.16800000000000068,95.8,13.91,38.8,12.9,931.1999999999999,1.4
NEDIN_RN,2026-07-26,0.0,0.0,0.0,0.0,0.0,0.0,0.0,0.0,0,0,0,0.0,0.0,0.0,0.0,0.0,0.0,0.0,0.0
NF_BRP_RN,2026-07-26,325.1,-173.0,3580.4259999999995,2843.48,6423.905999999999,32.339999999999996,24.053854166666667,8.286145833333332,22,1,23,6424.686,-0.779999999999994,95.7,374.4,100.5,498.1,2412.0,20.7
NOBLESLR_ALL,2026-07-26,1498.2,-15.1,-4085.8042500000006,6.053500000000003,-4079.7507500000006,16.512083333333333,16.578229166666667,-0.06614583333333335,8,10,18,68.32674999999949,-4148.077499999999,44.4,0.02,62.5,1513.3,1500.0,100.9
NWF_NWF1,2026-07-26,412.6,-52.9,1344.58125,147.47624999999996,1492.0575,22.176666666666666,21.235312500000003,0.9413541666666664,14,10,24,1790.325,-298.26750000000004,58.3,4.29,3.0,465.5,72.0,646.5
N_AL_BESS_RN,2026-07-26,3.9000000000000004,-6.5,12.287750000000003,64.80675,77.0945,25.57875,20.852395833333333,4.726354166666667,22,2,24,77.22975000000001,-0.13524999999999923,91.7,51.91,9.9,10.4,237.60000000000002,4.4
N_MRD_ESR_RN,2026-07-26,3.9000000000000004,-3.5,12.3465,18.19450000000001,30.541000000000007,25.537499999999998,20.818749999999998,4.718750000000001,22,2,24,30.745000000000008,-0.20399999999999885,91.7,13.7,9.9,7.4,237.60000000000002,3.1
ODESW_RN,2026-07-26,2.0,-109.8,5.368999999999999,300.38374999999996,305.75274999999993,22.122500000000002,21.139791666666667,0.9827083333333331,14,10,24,311.57174999999995,-5.819,58.3,38.25,10.0,111.8,240.0,46.6
OLMITO_RN,2026-07-26,0.0,-73.3,0.0,327.23375,327.23375,3.435416666666667,2.77125,0.6641666666666666,19,1,20,327.62075000000004,-0.3869999999999994,95.0,44.56,0.0,73.3,0.0,0.0
OLNEYTN_RN,2026-07-26,59.0,-184.5,1233.3225,2902.1365000000005,4135.459000000001,39.41916666666666,28.64333333333333,10.775833333333333,21,3,24,4901.493,-766.0339999999999,87.5,0.91,0.0,243.5,0.0,0.0
OR_BESS_RN,2026-07-26,3.0,-36.0,11.0625,97.01625000000001,108.07875000000001,6.24875,5.627916666666667,0.6208333333333335,10,1,11,108.55875000000002,-0.480000000000004,90.9,22.62,9.9,39.0,237.60000000000002,16.4
PAD1_ESS_RN,2026-07-26,4.300000000000001,-1.1,23.094,7.9832500000000035,31.077250000000006,27.091250000000002,21.807395833333334,5.283854166666667,23,1,24,31.09325000000001,-0.01599999999999966,95.8,84.49,50.0,5.4,1200.0,0.5
PAD2_ESS_RN,2026-07-26,0.0,-1.0,0.0,0.8374999999999986,0.8374999999999986,2.73375,2.1153125,0.6184375000000001,1,0,1,0.8374999999999986,0.0,100.0,99.99,150.0,1.0,3600.0,0.0
PALACIOS_RN,2026-07-26,63.400000000000006,-7.2,283.65875,36.049499999999995,319.70825,25.079166666666666,20.366354166666667,4.7128125,24,0,24,319.70825,0.0,100.0,99.99,9.0,70.60000000000001,216.0,32.7
PALE_ESS_EN,2026-07-26,109.7,-15.700000000000001,-189.81575,-7.548499999999995,-197.36425,13.072916666666666,14.084479166666668,-1.0115625000000004,5,6,11,26.848750000000038,-224.21300000000005,45.5,0.14,200.0,125.4,4800.0,2.6
PALMVIEW_RN,2026-07-26,3.7,-8.7,9.102250000000002,46.22900000000001,55.33125000000002,24.847083333333334,20.87302083333333,3.9740625000000005,21,3,24,55.91450000000002,-0.5832500000000004,87.5,13.7,9.9,12.399999999999999,237.60000000000002,5.2
PAULN_RN,2026-07-26,2.2,-7.3,2.9290000000000007,9.731499999999995,12.660499999999995,24.49875,23.563541666666666,0.9352083333333329,14,10,24,17.763499999999997,-5.1030000000000015,58.3,2.49,9.9,9.5,237.60000000000002,4.0
PAVLOV_BT_RN,2026-07-26,3.1,-40.4,10.395,230.76424999999998,241.15925,25.132499999999997,20.372083333333332,4.760416666666667,24,0,24,241.15925,0.0,100.0,99.99,9.9,43.5,237.60000000000002,18.3
PAVO_ESS_ALL,2026-07-26,94.19999999999999,0.0,-362.31,0.0,-362.31,3.8575,5.397395833333333,-1.5398958333333335,1,9,10,4.6154999999999875,-366.9255,10.0,0.11,87.5,94.19999999999999,2100.0,4.5
PEARSALL_RN,2026-07-26,11.0,-6.3,73.05,15.933499999999999,88.98349999999999,11.534583333333332,9.615520833333333,1.9190624999999997,10,0,10,88.98349999999999,0.0,100.0,99.99,9.9,17.3,237.60000000000002,7.3
PHO_ALL,2026-07-26,33.6,-15.999999999999998,72.351,77.54275,149.89375,23.66125,20.421354166666667,3.239895833333333,22,2,24,150.09975000000003,-0.20599999999999527,91.7,66.24,150.0,49.6,3600.0,1.4
PINEFRST_RN,2026-07-26,21.8,-17.599999999999998,-35.235,-10.839749999999983,-46.07474999999997,24.827083333333334,24.0975,0.7295833333333336,15,9,24,45.08000000000004,-91.15475,62.5,0.3,200.0,39.4,4800.0,0.8
PIN_BESS_RN,2026-07-26,0.0,-1.0,0.0,1.1774999999999984,1.1774999999999984,2.598333333333333,2.210104166666667,0.3882291666666666,1,0,1,1.1774999999999984,0.0,100.0,99.99,175.0,1.0,4200.0,0.0
PIRATE_RN,2026-07-26,73.3,-3.8000000000000003,579.26025,22.1215,601.38175,25.526666666666667,20.539583333333333,4.9870833333333335,23,1,24,601.4017499999999,-0.020000000000000285,95.8,1307.4,9.8,77.1,235.20000000000002,32.8
PLATINUM_RN,2026-07-26,2.4000000000000004,-2.2,2.7604999999999986,1.1012500000000016,3.8617500000000002,24.798333333333332,24.074375,0.7239583333333334,15,9,24,8.155000000000001,-4.2932500000000005,62.5,1.14,144.0,4.6000000000000005,3456.0,0.1
POTEETS_RN,2026-07-26,20.6,-46.2,177.93925,628.5355000000001,806.47475,29.429166666666664,21.644270833333334,7.784895833333334,23,1,24,806.5587499999999,-0.08400000000000034,95.8,417.47,9.9,66.80000000000001,237.60000000000002,28.1
POTSVIL_RN,2026-07-26,387.1,-65.5,1179.06225,774.2734999999999,1953.3357499999997,41.0725,35.504895833333336,5.5676041666666665,20,4,24,2512.277,-558.9412500000001,83.3,0.9,9.9,452.6,237.60000000000002,190.5
PRCRK_RN,2026-07-26,8.4,-11.200000000000001,-37.069999999999986,3.3502500000000044,-33.71974999999998,24.905833333333334,24.1846875,0.7211458333333338,15,9,24,17.900250000000003,-51.61999999999998,62.5,0.21,9.9,19.6,237.60000000000002,8.2
PTLBES_BESS1,2026-07-26,152.29999999999998,-3.0,398.8099999999999,20.863250000000004,419.67324999999994,25.692916666666665,20.571041666666666,5.121875,24,0,24,419.6732499999999,0.0,100.0,99.99,3.0,155.29999999999998,72.0,215.7
PYR_PYRON1,2026-07-26,959.5,-22.0,786.5332500000004,-0.3175000000000203,786.2157500000005,22.210416666666664,22.282083333333333,-0.07166666666666617,11,13,24,1826.594,-1040.3782499999998,45.8,2.07,15.1,981.5,362.4,270.8
QUEEN_BA_RN,2026-07-26,76.5,-4.0,46.275500000000015,-3.71375,42.56175000000002,20.860833333333332,19.803124999999998,1.0577083333333333,15,9,24,137.28924999999998,-94.72749999999999,62.5,0.87,50.0,80.5,1200.0,6.7
RADN_SLR_ALL,2026-07-26,41.9,-18.0,-76.03649999999999,2.6919999999999984,-73.34449999999998,22.778333333333332,22.8221875,-0.04385416666666653,13,11,24,46.06425,-119.40874999999998,54.2,0.33,81.9,59.9,1965.6000000000001,3.0
RBN_BESS1,2026-07-26,7.0,-22.1,20.515749999999993,90.76549999999997,111.28124999999997,27.2975,24.2603125,3.0371874999999995,21,3,24,111.55724999999997,-0.27600000000000263,87.5,57.74,100.0,29.1,2400.0,1.2
RHESS2_ESS1,2026-07-26,136.8,-487.5,2759.09525,11615.12175,14374.216999999999,35.53,24.48364583333333,11.046354166666667,19,1,20,14374.2195,-0.002500000000001279,95.0,302615.15,9.8,624.3,235.20000000000002,265.4
RIOG_ESR2_RN,2026-07-26,4.300000000000001,-11.6,8.761,90.089,98.85,24.821250000000003,21.028645833333332,3.7926041666666666,19,5,24,100.07525,-1.225249999999999,79.2,21.49,0.0,15.9,0.0,0.0
RIOG_ESR_RN,2026-07-26,0.0,-7.3,0.0,77.64075,77.64075,10.0475,7.601458333333333,2.4460416666666664,6,0,6,77.64075,0.0,100.0,99.99,9.9,7.3,237.60000000000002,3.1
RN_BY_ESR1,2026-07-26,0.0,0.0,0.0,0.0,0.0,3.0795833333333333,2.734166666666667,0.34541666666666665,0,0,0,0.0,0.0,0.0,0.0,0.0,0.0,0.0,0.0
RN_PAD3_ESS,2026-07-26,0.0,0.0,0.0,0.0,0.0,2.5204166666666667,2.1209374999999997,0.3994791666666669,0,0,0,0.0,0.0,0.0,0.0,200.0,0.0,4800.0,0.0
RN_QTUM_SLR,2026-07-26,707.1,0.0,-589.2077500000003,0.0,-589.2077500000003,22.260416666666668,22.29479166666667,-0.03437500000000012,1,6,7,449.82599999999906,-1039.0337499999994,14.3,2.6,160.0,707.1,3840.0,18.4
RN_RHN_ESR,2026-07-26,0.0,-2.0,0.0,2.102499999999999,2.102499999999999,7.767500000000001,6.8620833333333335,0.9054166666666666,1,1,2,2.3125,-0.21000000000000085,50.0,11.01,200.0,2.0,4800.0,0.0
RN_SOLC_SLR,2026-07-26,627.7,-38.0,-562.4527499999998,-125.87999999999998,-688.3327499999999,22.62708333333333,22.866874999999997,-0.2397916666666664,3,12,15,667.2369999999999,-1355.5697499999997,20.0,1.97,160.0,665.7,3840.0,17.3
ROSELAND_ALL,2026-07-26,888.7,-29.6,565.43225,34.72575000000002,600.1579999999999,21.65125,20.650520833333335,1.0007291666666667,15,9,24,1417.036,-816.8780000000002,62.5,1.04,50.0,918.3000000000001,1200.0,76.5
RPUBRDS_RN,2026-07-26,71.6,-29.1,-177.87975000000003,62.48224999999999,-115.39750000000004,29.449166666666667,28.3834375,1.0657291666666664,17,7,24,223.679,-339.0765,70.8,0.27,39.5,100.69999999999999,948.0,10.6
RRANCHES_ALL,2026-07-26,5.0,-461.0,24.34700000000001,256.3747499999999,280.7217499999998,21.851249999999997,21.147395833333334,0.7038541666666666,14,10,24,925.5532499999998,-644.8315,58.3,1.03,150.0,466.0,3600.0,12.9
RRC_WIND_ALL,2026-07-26,112.5,-9.200000000000001,304.31350000000003,-12.843500000000002,291.47,21.044999999999998,20.586041666666667,0.45895833333333313,14,10,24,332.34475,-40.87474999999999,58.3,5.81,75.0,121.7,1800.0,6.8
RTLSNAKE_BT,2026-07-26,0.0,-1.0,0.0,-1.884999999999998,-1.884999999999998,0.9254166666666667,1.0529166666666667,-0.12749999999999995,0,1,1,0.0,-1.884999999999998,0.0,0.0,9.9,1.0,237.60000000000002,0.4
RUSSEKST_RN,2026-07-26,34.1,-90.8,98.51350000000001,-11.143499999999932,87.37000000000006,39.912083333333335,42.1534375,-2.241354166666666,15,9,24,628.7267499999999,-541.35675,62.5,0.7,9.9,124.9,237.60000000000002,52.6
RVN_RN,2026-07-26,0.0,0.0,0.0,0.0,0.0,24.776,20.619,4.157000000000001,0,0,0,0.0,0.0,0.0,0.0,0.0,0.0,0.0,0.0
RVRVLYS_ALL,2026-07-26,6.500000000000001,-85.1,52.17475,641.9449999999999,694.11975,28.28333333333333,22.6996875,5.583645833333333,22,2,24,694.45525,-0.3354999999999997,91.7,188.17,50.0,91.6,1200.0,7.6
SADLBACK_RN,2026-07-26,5.0,-38.1,25.63449999999999,112.3515,137.986,21.7825,20.898958333333333,0.8835416666666666,15,9,24,144.74724999999998,-6.7612499999999995,62.5,12.85,9.9,43.1,237.60000000000002,18.1
SAH_RN,2026-07-26,0.0,0.0,0.0,0.0,0.0,4.638750000000001,4.207604166666667,0.43114583333333334,0,0,0,0.0,0.0,0.0,0.0,200.0,0.0,4800.0,0.0
SANDLAKE_RN,2026-07-26,5.0,-22.0,-29.185000000000002,77.66250000000001,48.477500000000006,5.333749999999999,6.291458333333334,-0.9577083333333333,9,3,12,77.66250000000001,-29.185000000000002,75.0,0.89,9.9,27.0,237.60000000000002,11.4
SBEAN_BESS,2026-07-26,2.0,-3.0,5.1705,-1.4657500000000008,3.704749999999999,21.88,21.104791666666667,0.775208333333333,15,9,24,10.4575,-6.752750000000002,62.5,0.93,9.9,5.0,237.60000000000002,2.1
SEVNF_ES_RN,2026-07-26,15.0,-22.0,28.832499999999996,256.715,285.54749999999996,18.705000000000002,15.7040625,3.0009374999999996,14,4,18,306.95249999999993,-21.405,77.8,4.1,100.0,37.0,2400.0,1.5
SE_EDINB_RN,2026-07-26,3.9000000000000004,-9.5,11.84775,55.1715,67.01925,25.464166666666667,20.849375,4.614791666666666,22,2,24,67.1645,-0.14525000000000007,91.7,42.04,9.9,13.4,237.60000000000002,5.6
SGSA_DGR,2026-07-26,0.0,-12.0,0.0,41.459999999999994,41.459999999999994,0.0,0.0,0.0,3,0,3,41.459999999999994,0.0,100.0,99.99,6.6,12.0,158.39999999999998,7.6
SG_BES_BESS1,2026-07-26,361.7,-167.0,1117.3149999999996,275.70649999999995,1393.0214999999996,20.3,18.233958333333334,2.0660416666666666,15,9,24,1865.3349999999996,-472.3135000000001,62.5,2.37,100.0,528.7,2400.0,22.0
SHAMROCK_RN,2026-07-26,3758.1,-13.0,3052.5200000000004,-17.85374999999999,3034.66625,20.825833333333332,19.666145833333335,1.1596875000000002,17,7,24,7515.523999999999,-4480.85775,70.8,0.69,96.1,3771.1,2306.3999999999996,163.5
SHEEPCRK_1,2026-07-26,227.0,-5.1,483.89599999999996,-7.3397499999999996,476.55625,21.044999999999998,20.586041666666667,0.45895833333333313,14,10,24,615.15175,-138.59550000000002,58.3,3.17,130.0,232.1,3120.0,7.4
SLCN_ESS_ALL,2026-07-26,35.7,-83.1,131.71775000000005,769.02675,900.7445000000001,29.192083333333333,22.953333333333333,6.23875,23,1,24,901.0525,-0.3080000000000013,95.8,127.2,50.0,118.8,1200.0,9.9
SLK_BESS_RN,2026-07-26,0.0,0.0,0.0,0.0,0.0,5.020833333333333,4.0183333333333335,1.0025000000000002,0,0,0,0.0,0.0,0.0,0.0,0.0,0.0,0.0,0.0
SMTH_ESS_RN,2026-07-26,0.1,-5.5,-0.75,-37.34275,-38.09275,5.51875,5.445520833333333,0.07322916666666668,3,3,6,0.8424999999999998,-38.93525,50.0,0.02,125.0,5.6,3000.0,0.2
SNY_BESS_RN,2026-07-26,88.7,-9.8,291.73775,8.369000000000009,300.10675,22.9425,22.192708333333332,0.749791666666667,14,10,24,313.89824999999996,-13.791499999999996,58.3,16.26,9.9,98.5,237.60000000000002,41.5
SPTX12B_RN,2026-07-26,163.79999999999998,0.0,-560.303,0.0,-560.303,7.3775,8.3825,-1.005,4,8,12,20.79724999999999,-581.10025,33.3,0.07,22.1,163.79999999999998,530.4000000000001,30.9
SP_RN,2026-07-26,10.3,-2.0,50.53075,9.984,60.51475,29.062083333333334,24.71666666666667,4.345416666666667,22,2,24,60.56524999999999,-0.05049999999999955,91.7,109.03,0.0,12.3,0.0,0.0
SROSA_ESR_RN,2026-07-26,3.3000000000000003,-103.8,6.9655000000000005,450.51674999999994,457.48224999999996,25.105,20.720208333333336,4.384791666666666,22,2,24,458.00824999999986,-0.5260000000000076,91.7,79.16,9.9,107.1,237.60000000000002,45.1
STADIUM_RN,2026-07-26,0.0,-8.0,0.0,30.390000000000004,30.390000000000004,4.269583333333333,3.416770833333333,0.8528125000000001,4,1,5,30.590000000000007,-0.20000000000000284,80.0,38.24,9.9,8.0,237.60000000000002,3.4
STAM_SLR_ALL,2026-07-26,37.9,-2.1,-41.575499999999955,1.4957500000000006,-40.079749999999954,24.81833333333333,24.08604166666667,0.7322916666666668,15,9,24,29.129250000000013,-69.20899999999997,62.5,0.25,70.0,40.0,1680.0,2.4
STRG_SLR_ALL,2026-07-26,25.9,-42.6,83.69749999999999,124.81524999999998,208.51274999999998,24.385,21.091458333333332,3.293541666666666,22,2,24,210.61925,-2.1065000000000227,91.7,9.09,100.0,68.5,2400.0,2.9
SUNVASLR_ALL,2026-07-26,375.2,-8.1,-108.98050000000002,-7.948500000000001,-116.929,20.50583333333333,19.3996875,1.1061458333333336,15,9,24,546.8022500000001,-663.73125,62.5,0.49,53.3,383.3,1279.1999999999998,30.0
SWOOSE1_U1,2026-07-26,7.6,-3.0,39.95049999999997,-1.7357500000000008,38.214749999999974,21.905,21.180208333333333,0.7247916666666666,14,10,24,45.596999999999966,-7.382249999999999,58.3,4.41,9.9,10.6,237.60000000000002,4.5
SWOOSEII_RN,2026-07-26,3.0,-102.0,18.599999999999987,101.96000000000002,120.56000000000002,2.2241666666666666,2.0452083333333335,0.1789583333333332,13,8,21,235.64,-115.07999999999997,61.9,1.26,100.0,105.0,2400.0,4.4
SWT_BESS_RN,2026-07-26,5.2,-6.9,22.40250000000001,-3.199499999999999,19.203000000000014,23.95625,22.44322916666667,1.5130208333333333,17,7,24,30.623500000000014,-11.4205,70.8,1.1,9.9,12.100000000000001,237.60000000000002,5.1
TANZ_ESS_RN,2026-07-26,3.1,-1.0,5.196000000000002,0.5775000000000006,5.773500000000003,5.81625,5.751770833333333,0.06447916666666687,2,1,3,6.270000000000003,-0.4965,66.7,6.31,0.0,4.1,0.0,0.0
TBWF_ES_BES1,2026-07-26,80.5,0.0,-293.46174999999994,0.0,-293.46174999999994,7.978333333333334,8.691145833333334,-0.7128125000000001,2,8,10,6.677250000000015,-300.139,20.0,0.09,150.0,80.5,3600.0,2.2
TDWLPR_1_RN,2026-07-26,2.3000000000000003,-18.7,3.50425,-5.114000000000015,-1.609750000000016,23.17125,21.984583333333333,1.1866666666666665,16,8,24,19.23124999999998,-20.841,66.7,0.46,100.0,21.0,2400.0,0.9
TNFS_RN,2026-07-26,0.0,0.0,0.0,0.0,0.0,4.8825,4.0140625000000005,0.8684374999999999,0,0,0,0.0,0.0,0.0,0.0,9.9,0.0,237.60000000000002,0.0
TORR_ALL,2026-07-26,331.0,-116.1,2734.9742499999998,975.1014999999998,3710.0757499999995,25.112916666666667,21.145416666666666,3.9675,19,5,24,3738.9282499999995,-28.85250000000002,79.2,34.1,0.0,447.1,0.0,0.0
TORT_ESS_RN,2026-07-26,0.0,-4.0,0.0,12.922500000000001,12.922500000000001,7.120416666666666,6.094791666666667,1.025625,2,0,2,12.922500000000001,0.0,100.0,99.99,48.3,4.0,1159.1999999999998,0.3
TOYAH_RN,2026-07-26,0.0,-9.0,0.0,35.309999999999995,35.309999999999995,1.0345833333333332,0.9026041666666668,0.13197916666666668,3,0,3,35.309999999999995,0.0,100.0,99.99,9.9,9.0,237.60000000000002,3.8
TRIPBUT1_RN,2026-07-26,4.7,-18.0,17.909750000000003,77.47424999999998,95.38399999999999,19.892083333333332,18.950416666666666,0.9416666666666668,14,10,24,112.0555,-16.6715,58.3,4.8,7.5,22.7,180.0,12.6
TSECA_ES_RN,2026-07-26,7.1,0.0,83.61675,0.0,83.61675,15.615,12.531145833333333,3.083854166666667,4,0,4,83.61675,0.0,100.0,99.99,100.0,7.1,2400.0,0.3
TURQ_BESS1,2026-07-26,14.3,-2.1,-8.188499999999996,1.517500000000001,-6.670999999999996,24.83791666666667,24.099791666666665,0.7381250000000001,15,9,24,15.399250000000002,-22.07025,62.5,0.42,188.0,16.400000000000002,4512.0,0.4
TV_RN,2026-07-26,9.600000000000001,-48.2,28.899249999999995,149.86575,178.765,28.132499999999997,24.897916666666664,3.234583333333333,21,3,24,180.5975,-1.8325000000000125,87.5,14.08,9.8,57.800000000000004,235.20000000000002,24.6
TYNAN_RN,2026-07-26,3.8000000000000003,-3.2,13.1905,18.507250000000003,31.697750000000003,25.625416666666666,20.730104166666667,4.895312499999999,21,1,22,31.71775,-0.020000000000000285,95.5,75.52,9.9,7.0,237.60000000000002,2.9
UTOPIA_RN,2026-07-26,102.0,-49.0,1257.2975,203.31499999999997,1460.6125,28.550416666666667,21.082604166666666,7.4678125,21,0,21,1460.6125,0.0,100.0,99.99,9.9,151.0,237.60000000000002,63.6
VERT_ESS_RN,2026-07-26,0.0,-1.0,0.0,2.322499999999998,2.322499999999998,4.07625,3.663541666666667,0.41270833333333307,1,0,1,2.322499999999998,0.0,100.0,99.99,200.0,1.0,4800.0,0.0
VORT_ALL_RN,2026-07-26,996.8000000000001,-8.9,979.9447500000003,-1.3924999999999963,978.5522500000003,22.581666666666667,22.543854166666666,0.037812500000000616,12,12,24,1475.8047500000002,-497.2524999999998,50.0,2.97,121.8,1005.7,2923.2,34.4
WAL_RN,2026-07-26,4.2,-4.1,12.418500000000002,9.20425,21.622750000000003,26.941666666666666,23.498125,3.4435416666666665,23,1,24,21.652749999999997,-0.029999999999999718,95.8,31.38,200.0,8.3,4800.0,0.2
WFTANK_ESS1,2026-07-26,52.3,-124.0,651.0545,698.02575,1349.08025,25.257499999999997,21.273645833333333,3.9838541666666667,18,6,24,1353.1505,-4.070250000000007,75.0,110.82,150.0,176.3,3600.0,4.9
WIG_BESS_RN,2026-07-26,2.9000000000000004,-10.8,1.3185000000000002,10.439999999999996,11.758499999999996,24.857916666666668,24.127604166666668,0.7303124999999998,15,9,24,17.168499999999995,-5.41,62.5,1.9,120.0,13.700000000000001,2880.0,0.5
WLTC_ESR_RN,2026-07-26,3.3000000000000003,-19.0,8.896999999999998,63.45725000000001,72.35425000000001,24.315416666666668,20.451875,3.8635416666666664,23,1,24,72.57425,-0.22000000000000314,95.8,14.34,9.9,22.3,237.60000000000002,9.4
WOV_BESS_RN,2026-07-26,4.0,-25.400000000000002,3.4115,69.01775,72.42925000000001,22.13416666666667,21.175833333333333,0.9583333333333334,14,10,24,83.71400000000003,-11.28475,58.3,5.3,9.9,29.400000000000002,237.60000000000002,12.4
WRSBES_BESS1,2026-07-26,3.0,-23.0,19.16250000000001,71.67749999999998,90.84,3.747916666666667,3.687291666666667,0.06062500000000015,6,1,7,98.18749999999999,-7.347499999999998,85.7,2.23,9.7,26.0,232.79999999999998,11.2
WR_RN,2026-07-26,3.8000000000000003,-4.1,10.240000000000002,13.098249999999997,23.33825,26.465,23.007291666666664,3.457708333333333,23,1,24,23.342249999999996,-0.003999999999999915,95.8,253.72,9.9,7.9,237.60000000000002,3.3
WZRD_ESS_RN,2026-07-26,6.7,-2.0,35.820499999999996,6.2385,42.05899999999999,28.983333333333334,24.528125,4.455208333333333,22,2,24,42.10949999999999,-0.05049999999999955,91.7,75.8,0.0,8.7,0.0,0.0
W_HRL_ESR_RN,2026-07-26,0.2,-6.6,0.0995000000000001,56.99999999999999,57.09949999999999,3.7566666666666664,3.5541666666666667,0.20250000000000012,7,1,8,57.10874999999999,-0.009250000000000114,87.5,881.99,9.9,6.8,237.60000000000002,2.9
X443ESRN,2026-07-26,57.2,-49.6,436.11750000000006,188.15875,624.27625,26.6825,21.860416666666666,4.8220833333333335,23,1,24,624.5002500000002,-0.22400000000000092,95.8,121.22,9.0,106.80000000000001,216.0,49.4
Z0_DGR2_RN,2026-07-26,0.0,0.0,0.0,0.0,0.0,1.2,0.7686458333333334,0.43135416666666665,0,0,0,0.0,0.0,0.0,0.0,9.9,0.0,237.60000000000002,0.0
ZIER_SLR_ALL,2026-07-26,1443.5,-72.6,8171.92125,685.3684999999999,8857.28975,27.710416666666664,22.66479166666667,5.045625,24,0,24,8857.28975,0.0,100.0,99.99,28.0,1516.1,672.0,225.6
ABINDUST_RN,2026-07-27,123.89999999999999,-1.3,-150.14624999999995,11.4815,-138.66474999999988,29.934583333333336,28.012604166666666,1.9219791666666672,14,10,24,456.29375000000005,-594.9585,58.3,0.55,9.9,125.19999999999999,237.60000000000002,52.7
ADL_RN,2026-07-27,17.6,-2.0,76.29149999999998,5.752500000000001,82.04399999999998,19.002916666666668,16.533541666666668,2.469375,9,4,13,90.3065,-8.262500000000006,69.2,4.86,60.0,19.6,1440.0,1.4
AE_RN,2026-07-27,5.1000000000000005,-10.700000000000001,21.180250000000004,13.985249999999997,35.1655,30.4575,23.993645833333332,6.463854166666668,22,2,24,35.195,-0.029500000000000172,91.7,108.46,9.9,15.8,237.60000000000002,6.6
ALAMO_ST_RN,2026-07-27,100.0,0.0,839.225,0.0,839.225,19.723333333333333,12.729791666666666,6.993541666666666,17,3,20,888.5375000000001,-49.31249999999999,85.0,3.18,9.9,100.0,237.60000000000002,42.1
ALP_BESS_RN,2026-07-27,11.1,-30.3,84.89125,284.87025,369.7615,27.772916666666664,20.6003125,7.172604166666666,18,6,24,372.8135,-3.052000000000001,75.0,40.72,100.3,41.4,2407.2,1.7
ALVIN_RN,2026-07-27,19.9,-48.4,5.055499999999997,69.37350000000002,74.42900000000002,32.55583333333333,26.528958333333332,6.026875,19,5,24,134.84675000000001,-60.41775,79.2,0.59,7.5,68.3,180.0,37.9
AMAD_ESS_RN,2026-07-27,65.1,-9.0,10.838000000000044,134.0525,144.89050000000003,12.329166666666666,11.825729166666667,0.5034375000000001,9,3,12,224.85650000000004,-79.966,75.0,0.94,0.0,74.1,0.0,0.0
ANCHOR_ALL,2026-07-27,870.6,-88.3,4914.02875,133.94350000000006,5047.972250000001,21.63083333333333,15.552708333333333,6.078125,17,7,24,6045.912,-997.9397499999997,70.8,2.49,36.3,958.9,871.1999999999999,110.1
ANDMDSLR_ALL,2026-07-27,48.7,-2.8000000000000003,-56.50875000000002,10.692499999999999,-45.816250000000025,25.12625,21.426875,3.6993750000000003,16,8,24,46.466499999999996,-92.28275000000002,66.7,0.25,81.9,51.5,1965.6000000000001,2.6
ANEM_ESS_RN,2026-07-27,2.0,-2.9000000000000004,7.0595000000000026,16.888,23.947500000000005,21.2475,16.04520833333333,5.2022916666666665,23,0,23,23.947500000000005,0.0,100.0,99.99,200.0,4.9,4800.0,0.1
ANG_ALL,2026-07-27,1920.1,-241.8,984.4327499999995,897.3019999999999,1881.7347499999996,25.43041666666667,20.6903125,4.740104166666667,19,5,24,4635.366249999999,-2753.6314999999995,79.2,0.44,100.0,2161.9,2400.0,90.1
ANOL_ESS_RN,2026-07-27,6.9,-1.1,-0.022499999999998188,10.335249999999998,10.31275,30.450833333333335,27.204166666666666,3.2466666666666675,15,9,24,25.460500000000003,-15.147750000000004,62.5,1.01,240.0,8.0,5760.0,0.1
ANTL_ESS_ES1,2026-07-27,4.5,-58.1,58.56125000000002,94.48925000000006,153.05050000000008,25.90875,24.548437500000002,1.360312500000001,14,9,23,315.9990000000001,-162.94850000000002,60.9,1.25,70.0,62.6,1680.0,3.7
APPLE_ESR_RN,2026-07-27,2.0,-46.0,-8.0,410.43500000000006,402.43500000000006,3.2254166666666664,3.1335416666666664,0.09187499999999993,13,2,15,410.43500000000006,-8.0,86.7,7.89,0.0,48.0,0.0,0.0
ARY_BESS_RN,2026-07-27,180.0,-909.0,741.6000000000001,3450.5075,4192.1075,12.092083333333333,8.8846875,3.2073958333333334,10,0,10,4192.1075,0.0,100.0,99.99,70.0,1089.0,1680.0,64.8
AVIL_ESS_RN,2026-07-27,2.0,-2.8000000000000003,10.478500000000002,29.585,40.063500000000005,23.256249999999998,14.909687499999999,8.3465625,21,3,24,42.013000000000005,-1.9495000000000005,87.5,3.08,160.0,4.800000000000001,3840.0,0.1
AZURE_RN,2026-07-27,49.8,-17.4,43.34300000000001,39.51749999999998,82.86049999999999,25.147916666666664,21.4159375,3.7319791666666666,16,8,24,153.21499999999997,-70.3545,66.7,1.09,77.6,67.19999999999999,1862.3999999999999,3.6
BATCAVE_RN,2026-07-27,11.4,-218.79999999999998,183.0735,2264.9125,2447.986,38.46958333333333,24.395,14.074583333333335,24,0,24,2447.986,0.0,100.0,99.99,100.5,230.2,2412.0,9.5
BAYC_BESS_RN,2026-07-27,2.7,-5.300000000000001,13.103000000000002,55.947,69.05000000000001,24.965833333333332,17.791666666666668,7.174166666666667,24,0,24,69.05000000000001,0.0,100.0,99.99,9.9,8.0,237.60000000000002,3.4
BCK_RN,2026-07-27,3030.0,-232.20000000000002,21626.82725,903.7587499999998,22530.586,23.375416666666666,16.216666666666665,7.15875,23,1,24,22531.716,-1.129999999999936,95.8,866.94,126.5,3262.2,3036.0,107.5
BCNV2_ES_RN,2026-07-27,1.0,0.0,15.670000000000002,0.0,15.670000000000002,2.0220833333333332,1.3691666666666666,0.6529166666666667,1,0,1,15.670000000000002,0.0,100.0,99.99,150.0,1.0,3600.0,0.0
BCNV_RN,2026-07-27,0.0,0.0,0.0,0.0,0.0,0.8504166666666667,0.8469791666666667,0.0034374999999999822,0,0,0,0.0,0.0,0.0,0.0,150.0,0.0,3600.0,0.0
BEXAR_ES_RN,2026-07-27,304.20000000000005,-1.8,3515.8089999999997,22.365000000000002,3538.174,28.902083333333334,20.027708333333333,8.874375,24,0,24,3538.1739999999995,0.0,100.0,99.99,80.0,306.00000000000006,1920.0,15.9
BIGSTAR_ALL,2026-07-27,20.2,-25.5,151.715,212.58025,364.29525,28.83458333333333,20.30635416666667,8.528229166666668,24,0,24,364.29525,0.0,100.0,99.99,80.0,45.7,1920.0,2.4
BKBN_RN,2026-07-27,0.0,0.0,0.0,0.0,0.0,53.480000000000004,36.1425,17.337500000000002,0,0,0,0.0,0.0,0.0,0.0,121.0,0.0,2904.0,0.0
BKSL_RN,2026-07-27,6.8,-9.2,54.093999999999994,16.23874999999999,70.33274999999999,25.358333333333334,22.088333333333335,3.2699999999999996,15,8,23,75.28524999999998,-4.952500000000001,65.2,8.11,100.0,16.0,2400.0,0.7
BLACKSPR_RN,2026-07-27,1.0,-5.0,-63.79500000000001,62.895,-0.9000000000000057,6.365833333333334,7.504583333333334,-1.1387500000000002,3,1,4,62.895,-63.79500000000001,75.0,0.33,120.0,6.0,2880.0,0.2
BLSMT1_5_A_6,2026-07-27,149.5,-5.9,465.09800000000007,10.266250000000007,475.3642500000001,26.049166666666665,23.278958333333332,2.770208333333334,13,11,24,599.9,-124.53574999999994,54.2,4.08,150.0,155.4,3600.0,4.3
BLUEJAY_RN,2026-07-27,35.1,-19.0,97.88175000000007,369.8865,467.7682500000001,32.107083333333335,27.680625000000003,4.4264583333333345,18,6,24,476.02425000000005,-8.255999999999997,75.0,19.22,50.0,54.1,1200.0,4.5
BLVN_RN,2026-07-27,746.9,-57.39999999999999,1936.3415,618.9504999999999,2555.292,19.805,13.1771875,6.627812500000001,20,4,24,5233.065,-2677.773,83.3,0.39,180.0,804.3,4320.0,18.6
BOCO_ESS_RN,2026-07-27,38.0,-3.0,298.365,14.569249999999997,312.93425,25.62375,20.89708333333333,4.726666666666667,18,6,24,318.856,-5.921750000000003,75.0,17.95,150.0,41.0,3600.0,1.1
BRHEIGHT_RN,2026-07-27,2.0,-9.0,31.319999999999997,55.0125,86.33250000000001,6.0929166666666665,3.8121875000000003,2.2807291666666667,3,1,4,86.4,-0.06750000000000256,75.0,426.67,10.0,11.0,240.0,4.6
BRPANGLE_RN,2026-07-27,11.0,-19.5,166.41249999999997,138.485,304.8975,11.747916666666667,8.696458333333334,3.051458333333333,17,1,18,304.92249999999996,-0.02499999999999858,94.4,717.46,10.0,30.5,240.0,12.7
BRPMAGNO_RN,2026-07-27,30.599999999999998,-11.8,101.49825,42.016500000000015,143.51475000000002,33.94041666666667,26.957395833333333,6.983020833333334,21,3,24,146.15625000000003,-2.641500000000006,87.5,7.9,7.5,42.4,180.0,23.6
BRP_BRAZ_RN,2026-07-27,5.0,-0.8,25.368000000000002,13.185500000000001,38.5535,31.045,24.44739583333333,6.597604166666667,23,1,24,38.556000000000004,-0.0024999999999998582,95.8,670.54,10.0,5.8,240.0,2.4
BRP_DIKN_RN,2026-07-27,27.3,0.0,9.979749999999992,0.0,9.979749999999992,5.047916666666667,3.908541666666667,1.139375,2,0,2,9.979749999999992,0.0,100.0,99.99,10.0,27.3,240.0,11.4
BRP_LOOP_RN,2026-07-27,37.1,-10.7,96.26574999999998,47.21375000000001,143.4795,9.112499999999999,6.394895833333333,2.7176041666666664,9,0,9,143.4795,0.0,100.0,99.99,10.0,47.8,240.0,19.9
BRP_LOP1_RN,2026-07-27,9.1,-1.0,34.21599999999998,6.91,41.125999999999976,3.8320833333333333,2.788229166666667,1.0438541666666665,2,0,2,41.125999999999976,0.0,100.0,99.99,0.0,10.1,0.0,0.0
BRP_PBL1_RN,2026-07-27,70.5,-8.0,246.25025000000005,24.392500000000013,270.6427500000001,5.957916666666667,4.9281250000000005,1.0297916666666669,7,0,7,270.6427500000001,0.0,100.0,99.99,10.0,78.5,240.0,32.7
BRP_PBL2_RN,2026-07-27,0.0,-8.0,0.0,20.897500000000008,20.897500000000008,4.6812499999999995,3.4379166666666667,1.243333333333333,4,1,5,23.31500000000001,-2.4175000000000004,80.0,2.41,10.0,8.0,240.0,3.3
BRP_RN_UNIT1,2026-07-27,13.8,-1.8,180.24499999999998,24.187,204.432,30.71666666666667,20.231875,10.484791666666666,24,0,24,204.43199999999996,0.0,100.0,99.99,10.0,15.600000000000001,240.0,6.5
BRP_SWNY_RN,2026-07-27,0.0,0.0,0.0,0.0,0.0,0.0,0.0,0.0,0,0,0,0.0,0.0,0.0,0.0,10.0,0.0,240.0,0.0
BRP_ZPT1_RN,2026-07-27,0.0,-16.0,0.0,106.48750000000001,106.48750000000001,3.94125,2.9403124999999997,1.0009374999999998,5,0,5,106.48750000000001,0.0,100.0,99.99,10.0,16.0,240.0,6.7
BRP_ZPT2_RN,2026-07-27,106.0,-4.6000000000000005,286.6035000000001,19.05525,305.6587500000001,22.299583333333334,16.6453125,5.654270833333334,21,1,22,308.85675000000015,-3.1979999999999733,95.5,4.6,10.0,110.6,240.0,46.1
BR_ARROW_ALL,2026-07-27,51.4,-1.4000000000000001,-138.47825,9.364500000000003,-129.11374999999998,30.26375,27.276979166666667,2.9867708333333334,15,9,24,67.56725,-196.68099999999998,62.5,0.21,51.7,52.8,1240.8000000000002,4.3
BSS_U1,2026-07-27,9.9,-46.6,41.25825,331.10650000000004,372.3647500000001,31.324583333333333,24.493333333333336,6.831250000000001,24,0,24,372.3647500000001,0.0,100.0,99.99,9.9,56.5,237.60000000000002,23.8
BUDA_RN,2026-07-27,1.0,-1.0,13.755000000000003,3.8050000000000033,17.560000000000006,3.9562500000000003,2.7825,1.1737500000000003,2,0,2,17.560000000000006,0.0,100.0,99.99,9.9,2.0,237.60000000000002,0.8
BYP_RN,2026-07-27,267.9,-120.0,3536.45325,9.899999999999949,3546.35325,10.854583333333332,7.538125,3.3164583333333333,5,0,5,3546.35325,0.0,100.0,99.99,200.0,387.9,4800.0,8.1
BYRDR_ES_ALL,2026-07-27,1.0,-1.0,6.884999999999998,4.379999999999999,11.264999999999997,5.89375,4.695104166666667,1.1986458333333332,2,0,2,11.264999999999997,0.0,100.0,99.99,50.0,2.0,1200.0,0.2
C5_RN,2026-07-27,0.0,0.0,0.0,0.0,0.0,2.436666666666667,1.5118749999999999,0.9247916666666667,0,0,0,0.0,0.0,0.0,0.0,0.0,0.0,0.0,0.0
CACH_ESS_RN,2026-07-27,5.6000000000000005,-0.8,60.804500000000004,16.662,77.4665,29.70375,20.566875,9.136875,24,0,24,77.46650000000001,0.0,100.0,99.99,200.0,6.4,4800.0,0.1
CAMWIND_RN,2026-07-27,68.8,-35.800000000000004,439.15825,124.24700000000004,563.40525,20.832083333333333,16.131249999999998,4.700833333333334,24,0,24,563.40525,0.0,100.0,99.99,16.4,104.6,393.59999999999997,26.6
CARA_ESS_RN,2026-07-27,1.0,-1.0,3.785,0.007500000000000284,3.7925000000000004,6.814583333333334,4.86625,1.9483333333333335,2,0,2,3.7925000000000004,0.0,100.0,99.99,98.3,2.0,2359.2,0.1
CARN_ESS_RN,2026-07-27,2.0,-4.7,6.856500000000002,28.335500000000003,35.19200000000001,22.19125,16.330208333333335,5.861041666666668,22,0,22,35.192,0.0,100.0,99.99,150.0,6.7,3600.0,0.2
CARRIZO_ESR1,2026-07-27,17.6,-18.7,62.45749999999998,139.559,202.01649999999998,28.347916666666666,21.175625,7.172291666666667,22,1,23,202.09599999999995,-0.07950000000000018,95.7,115.55,9.8,36.3,235.20000000000002,15.4
CARTWHL_RN,2026-07-27,1.0,0.0,15.89,0.0,15.89,5.371666666666666,4.760104166666667,0.6115625000000001,1,0,1,15.89,0.0,100.0,99.99,150.0,1.0,3600.0,0.0
CASL_GAP_UN1,2026-07-27,208.5,-6.8,1460.0662499999999,108.46849999999999,1568.5347499999998,22.958333333333332,14.780312499999999,8.178020833333333,21,3,24,1717.5297499999997,-148.995,87.5,1.65,3.9,215.3,93.6,230.0
CAST_ESS_RN,2026-07-27,0.0,-3.0,0.0,33.175,33.175,4.1362499999999995,3.357708333333333,0.7785416666666668,3,0,3,33.175,0.0,100.0,99.99,200.0,3.0,4800.0,0.1
CATARINA_B1,2026-07-27,8.600000000000001,-173.5,40.07025,919.2387500000001,959.3090000000002,26.709166666666665,20.670312499999998,6.038854166666667,23,0,23,959.309,0.0,100.0,99.99,9.9,182.1,237.60000000000002,76.6
CEDRVALE_RN,2026-07-27,2.0,-25.2,9.0845,176.75025000000002,185.83475000000004,25.510833333333334,18.957916666666666,6.552916666666666,21,3,24,187.73575000000005,-1.9010000000000002,87.5,14.11,9.9,27.2,237.60000000000002,11.4
CFLAT_ES_RN,2026-07-27,0.0,-22.0,0.0,190.68,190.68,4.376666666666666,3.1225,1.2541666666666667,7,0,7,190.68,0.0,100.0,99.99,100.0,22.0,2400.0,0.9
CHIL_SLR,2026-07-27,512.6,-42.599999999999994,1230.46775,631.8965,1862.3642499999999,21.01125,14.435,6.576249999999999,19,5,24,2319.90775,-457.54349999999994,79.2,1.33,150.0,555.2,3600.0,15.4
CISC_RN,2026-07-27,5.8,-22.1,9.553500000000001,-439.43274999999994,-429.87924999999996,31.44083333333333,33.5759375,-2.135104166666666,13,9,22,69.98075,-499.85999999999996,59.1,0.1,9.9,27.900000000000002,237.60000000000002,11.7
CITRUSCY_RN,2026-07-27,3.2,-2.8000000000000003,21.087500000000002,15.692750000000002,36.78025,23.14333333333333,16.191041666666667,6.9522916666666665,21,2,23,36.95675000000001,-0.17649999999999794,91.3,19.94,9.9,6.0,237.60000000000002,2.5
CLO_RN,2026-07-27,7.1,-85.7,31.124000000000002,482.33575,513.45975,35.74458333333333,30.918020833333333,4.8265625000000005,19,5,24,538.967,-25.50725,79.2,5.56,100.0,92.8,2400.0,3.9
CLT_RN,2026-07-27,0.0,0.0,0.0,0.0,0.0,26.325,20.8525,5.4725,0,0,0,0.0,0.0,0.0,0.0,100.0,0.0,2400.0,0.0
CNLY_ESS_RN,2026-07-27,8.5,-3.3,1.9425000000000079,38.13600000000001,40.07850000000002,30.345,27.4734375,2.8715625000000014,15,9,24,67.52925000000002,-27.450749999999992,62.5,1.48,125.0,11.8,3000.0,0.4
CNTRY_RN,2026-07-27,5.8,-1.1,-5.951499999999999,5.6785,-0.2730000000000006,29.347916666666666,28.8175,0.5304166666666665,15,9,24,21.196000000000005,-21.469,62.5,0.59,9.8,6.9,235.20000000000002,2.9
CNTYRDS_RN,2026-07-27,0.0,0.0,0.0,0.0,0.0,4.202916666666667,3.5693749999999995,0.6335416666666668,0,0,0,0.0,0.0,0.0,0.0,9.9,0.0,237.60000000000002,0.0
CONTINEN_RN,2026-07-27,71.0,-7.0,573.4925,56.28,629.7725,19.893333333333334,13.917395833333332,5.975937500000001,11,0,11,629.7724999999999,0.0,100.0,99.99,0.0,78.0,0.0,0.0
CORALSLR_ALL,2026-07-27,754.6,-37.0,2365.683,174.87175000000002,2540.55475,23.21166666666667,17.406354166666667,5.8053125,20,4,24,3502.1452500000005,-961.5905,83.3,0.73,51.4,791.6,1233.6,64.2
CORAZON_RN,2026-07-27,407.6,-54.0,2289.22725,340.04850000000005,2629.27575,20.426666666666666,15.804583333333333,4.622083333333333,23,1,24,2665.37575,-36.099999999999994,95.8,3.21,200.0,461.6,4800.0,9.6
COTULLA_RN,2026-07-27,3.8000000000000003,-19.2,19.430000000000003,71.31174999999999,90.74175,27.412916666666664,22.583645833333332,4.829270833333333,23,1,24,90.79575,-0.05399999999999921,95.8,73.1,9.9,23.0,237.60000000000002,9.7
COYOTSPR_RN,2026-07-27,0.0,-5.5,0.0,24.117500000000007,24.117500000000007,3.470833333333333,2.618125,0.8527083333333335,1,0,1,24.117500000000007,0.0,100.0,99.99,9.9,5.5,237.60000000000002,2.3
CROSSETT_ALL,2026-07-27,225.6,-13.5,5465.831,116.21500000000002,5582.046,23.45375,15.239583333333334,8.214166666666667,21,3,24,5586.059500000001,-4.013499999999999,87.5,198.83,100.0,239.1,2400.0,10.0
CROSSTRL_RN,2026-07-27,3.0,-6.9,2.5735,44.67075,47.24425,26.107083333333332,21.837604166666665,4.269479166666667,18,6,24,61.946250000000006,-14.702,75.0,1.4,57.0,9.9,1368.0,0.7
CR_RN,2026-07-27,7.0,-4.0,22.640500000000003,65.2195,87.86,34.779583333333335,29.1134375,5.666145833333332,19,5,24,99.95149999999998,-12.091500000000002,79.2,2.18,9.8,11.0,235.20000000000002,4.7
CS_RN,2026-07-27,83.2,-20.8,952.431,-3.851000000000025,948.58,21.639166666666668,16.565416666666668,5.07375,11,3,14,990.655,-42.07499999999997,78.6,6.42,7.0,104.0,168.0,61.9
CTW_RN,2026-07-27,21.2,-3.8,94.51675000000002,30.988000000000007,125.50475000000002,31.67625,25.03333333333333,6.642916666666667,21,3,24,126.77625000000003,-1.2715000000000045,87.5,14.24,150.0,25.0,3600.0,0.7
DAN_ALL,2026-07-27,192.1,-18.6,688.4685000000001,180.53175000000002,869.00025,21.335833333333337,14.277812500000001,7.058020833333334,22,2,24,992.5745,-123.57424999999996,91.7,0.73,76.3,210.7,1831.1999999999998,11.5
DA_BESS,2026-07-27,7.0,-12.8,40.015499999999996,62.22800000000001,102.24350000000001,31.043333333333333,24.434791666666666,6.608541666666667,23,1,24,102.248,-0.0045000000000001705,95.8,987.9,5.0,19.8,120.0,16.5
DA_BESS2,2026-07-27,2.0,-1.0,27.415000000000006,4.379999999999999,31.795000000000005,32.84125,24.873437499999998,7.967812500000001,3,0,3,31.795000000000005,0.0,100.0,99.99,10.0,3.0,240.0,1.2
DC2SES_ALL,2026-07-27,21.4,-57.800000000000004,177.202,63.84249999999991,241.0444999999999,30.727500000000003,30.825833333333335,-0.09833333333333331,17,6,23,329.1404999999999,-88.09599999999999,73.9,1.32,66.5,79.2,1596.0,5.0
DESN_ESS_RN,2026-07-27,1.0,-3.0,2.349999999999998,10.145,12.494999999999997,5.777083333333334,5.0867708333333335,0.6903125,3,1,4,12.517499999999998,-0.022500000000000853,75.0,185.44,200.0,4.0,4800.0,0.1
DGFS_ESR_RN,2026-07-27,102.0,-3.8,849.2615000000001,41.900000000000006,891.1615,23.291666666666668,14.937708333333333,8.353958333333333,21,3,24,942.6545000000001,-51.493,87.5,2.62,75.0,105.8,1800.0,5.9
DIBOL_RN,2026-07-27,1.0,0.0,13.5125,0.0,13.5125,2.748333333333333,1.9944791666666666,0.7538541666666666,1,0,1,13.5125,0.0,100.0,99.99,9.9,1.0,237.60000000000002,0.4
DKNS_ESS_RN,2026-07-27,1.0,0.0,10.764999999999997,0.0,10.764999999999997,2.0887499999999997,1.7914583333333336,0.2972916666666665,1,0,1,10.764999999999997,0.0,100.0,99.99,50.0,1.0,1200.0,0.1
DRAK_ESS_RN,2026-07-27,0.0,0.0,0.0,0.0,0.0,36.6,40.755,-4.155000000000001,0,0,0,0.0,0.0,0.0,0.0,150.0,0.0,3600.0,0.0
DSWL_BES1,2026-07-27,1.0,-1.0,5.77,1.2974999999999994,7.067499999999999,3.5695833333333336,3.562708333333333,0.006875000000000113,2,0,2,7.067499999999999,0.0,100.0,99.99,150.0,2.0,3600.0,0.1
EBNY_ESS_RN,2026-07-27,58.0,-4.8,1405.7047499999999,57.56649999999999,1463.2712499999998,29.172916666666666,20.062916666666666,9.11,24,0,24,1463.27125,0.0,100.0,99.99,200.0,62.8,4800.0,1.3
ELMCRK_RN,2026-07-27,147.9,-22.4,-273.9922500000002,-97.80750000000002,-371.7997500000002,30.105,28.324375,1.780625,14,10,24,556.20475,-928.0045000000001,58.3,0.43,9.9,170.3,237.60000000000002,71.7
ELM_ST_RN,2026-07-27,0.0,0.0,0.0,0.0,0.0,2.5929166666666665,2.198958333333333,0.39395833333333324,0,0,0,0.0,0.0,0.0,0.0,9.9,0.0,237.60000000000002,0.0
ELM_ST_RN2,2026-07-27,0.0,0.0,0.0,0.0,0.0,0.4375,0.48156249999999995,-0.04406249999999997,0,0,0,0.0,0.0,0.0,0.0,9.9,0.0,237.60000000000002,0.0
ELSA_ESR_RN,2026-07-27,0.0,-82.3,0.0,1095.5845,1095.5845,5.12625,3.6,1.52625,11,0,11,1095.5845,0.0,100.0,99.99,9.9,82.3,237.60000000000002,34.6
ELZA_SLR_RN,2026-07-27,5.800000000000001,-1.3,10.301249999999998,10.48075,20.781999999999996,30.286666666666665,27.194479166666667,3.0921874999999996,15,8,23,23.906750000000002,-3.124750000000003,65.2,4.08,100.0,7.1000000000000005,2400.0,0.3
EMPCT_RN,2026-07-27,3.1,-122.10000000000001,7.620750000000002,-27.265499999999978,-19.644750000000016,31.355,28.166875,3.188125,15,9,24,671.48825,-691.1329999999999,62.5,0.58,9.9,125.2,237.60000000000002,52.7
ENDPARK_ESS1,2026-07-27,9.799999999999999,-3.1,83.99850000000002,10.23825,94.23675000000001,25.09,21.5175,3.5725,16,8,24,102.40350000000001,-8.16675,66.7,6.27,50.0,12.899999999999999,1200.0,1.1
ESCONDID_ESR,2026-07-27,4.6000000000000005,-3.7,49.18325,13.696750000000002,62.88,26.77,21.913229166666667,4.856770833333333,20,4,24,64.44275,-1.5627499999999994,83.3,8.25,0.0,8.3,0.0,0.0
ESTONIAN_ALL,2026-07-27,15.3,-0.2,-9.155750000000008,-1.0927499999999997,-10.248500000000007,16.84375,17.195416666666667,-0.35166666666666685,5,8,13,29.851749999999996,-40.10025,38.5,1.19,101.6,15.5,2438.3999999999996,0.6
EUNICE_ALL,2026-07-27,1079.9,-5.2,2373.4932499999995,35.39900000000001,2408.8922499999994,21.853333333333335,16.512291666666666,5.3410416666666665,12,4,16,3372.9965,-964.1042499999999,75.0,1.17,22.0,1085.1000000000001,528.0,205.5
EVLN_ESS_RN,2026-07-27,6.9,-0.8,43.65475,14.739,58.39375,34.56916666666667,27.139062499999998,7.430104166666666,22,2,24,58.61725,-0.22350000000000034,91.7,23.84,220.0,7.7,5280.0,0.1
E_HARRIS_RN,2026-07-27,6.0,-10.6,35.5525,52.56950000000001,88.122,22.060000000000002,16.211770833333333,5.848229166666667,23,0,23,88.12200000000001,0.0,100.0,99.99,9.9,16.6,237.60000000000002,7.0
FALFUR_RN,2026-07-27,102.19999999999999,-26.4,507.87800000000004,298.4835,806.3615000000001,21.142916666666668,13.401874999999999,7.741041666666667,23,0,23,806.3615000000001,0.0,100.0,99.99,9.9,128.6,237.60000000000002,54.1
FALFUR_RN2,2026-07-27,0.0,-1.0,0.0,0.017500000000001847,0.017500000000001847,22.546,17.496000000000002,5.05,1,0,1,0.017500000000001847,0.0,100.0,99.99,9.8,1.0,235.20000000000002,0.4
FAULKNER_RN,2026-07-27,0.0,-4.0,0.0,66.63,66.63,1.8429166666666668,1.2555208333333334,0.5873958333333333,1,0,1,66.63,0.0,100.0,99.99,9.9,4.0,237.60000000000002,1.7
FENCESLR_ALL,2026-07-27,16.3,-18.4,114.10350000000003,424.9794999999999,539.083,29.103333333333335,24.995,4.108333333333333,20,3,23,540.0695,-0.9865000000000002,87.0,82.12,71.0,34.7,1704.0,2.0
FERD_ESS_RN,2026-07-27,5.0,-56.0,75.26750000000001,470.76500000000004,546.0325,10.447916666666666,5.816458333333333,4.631458333333334,18,0,18,546.0325,0.0,100.0,99.99,200.0,61.0,4800.0,1.3
FIVEWSLR_ALL,2026-07-27,1491.2,-22.6,3683.20225,232.27549999999997,3915.4777499999996,10.738750000000001,6.732708333333334,4.0060416666666665,18,5,23,5077.894499999999,-1162.4167499999999,78.3,1.21,220.0,1513.8,5280.0,28.7
FLOWERII_RN,2026-07-27,134.7,-32.3,3431.6107500000007,294.07575,3725.6865000000003,25.580416666666665,18.2840625,7.296354166666667,21,3,24,3727.5495,-1.8630000000000002,87.5,285.83,100.0,167.0,2400.0,7.0
FLTBES1,2026-07-27,0.0,-118.0,0.0,397.11000000000007,397.11000000000007,4.991666666666666,4.3875,0.6041666666666669,8,0,8,397.11000000000007,0.0,100.0,99.99,8.5,118.0,204.0,57.8
FLVABES1_ESR,2026-07-27,56.9,-15.0,440.67599999999993,193.05,633.7259999999999,10.226666666666667,6.945937499999999,3.280729166666667,5,0,5,633.7259999999999,0.0,100.0,99.99,9.9,71.9,237.60000000000002,30.3
FORTMA_RN,2026-07-27,16.0,-76.5,428.97499999999997,689.7725,1118.7475,14.273333333333333,7.9796875,6.293645833333333,15,0,15,1118.7475,0.0,100.0,99.99,9.8,92.5,235.20000000000002,39.3
FRMRSVLW_RN,2026-07-27,3.5000000000000004,-2.4000000000000004,8.293500000000002,9.326749999999999,17.62025,30.314999999999998,27.318020833333335,2.9969791666666663,15,8,23,22.2145,-4.594250000000002,65.2,2.58,9.9,5.9,237.60000000000002,2.5
FRMR_BS2_RN1,2026-07-27,3.0,0.0,25.959999999999997,0.0,25.959999999999997,7.833749999999999,6.476979166666666,1.356770833333333,3,0,3,25.959999999999997,0.0,100.0,99.99,6.0,3.0,144.0,2.1
FTDUNCAN_RN,2026-07-27,5.5,-8.6,65.45150000000001,31.1595,96.611,26.802916666666665,21.852708333333336,4.950208333333333,20,4,24,97.71775,-1.10675,83.3,17.66,100.0,14.1,2400.0,0.6
GAIA_SLR_RN,2026-07-27,1.0,0.0,15.660000000000004,0.0,15.660000000000004,5.9054166666666665,5.241770833333333,0.6636458333333334,1,0,1,15.660000000000004,0.0,100.0,99.99,75.0,1.0,1800.0,0.1
GAMBIT_RN,2026-07-27,2.0,-53.7,12.612499999999997,182.06449999999995,194.67699999999996,31.045,24.4459375,6.5990625,16,1,17,194.71449999999996,-0.03749999999999787,94.1,324.52,100.0,55.7,2400.0,2.3
GARC_BESS_RN,2026-07-27,3.6000000000000005,-2.2,20.724000000000004,17.290750000000003,38.01475000000001,22.727083333333336,16.3384375,6.3886458333333325,19,2,21,38.088,-0.07324999999999983,90.5,54.73,9.9,5.800000000000001,237.60000000000002,2.4
GIGA_ESS_RN,2026-07-27,6.800000000000001,-153.8,59.154250000000005,1078.6385,1137.79275,32.76083333333333,22.886041666666667,9.874791666666667,24,0,24,1137.79275,0.0,100.0,99.99,113.0,160.60000000000002,2712.0,5.9
GKS_BESS_RN,2026-07-27,502.40000000000003,-86.3,3946.9655000000002,885.4885,4832.454000000001,22.900000000000002,16.2759375,6.624062500000001,23,0,23,4832.454,0.0,100.0,99.99,82.0,588.7,1968.0,29.9
GODY_SLR_RN,2026-07-27,7.0,-56.0,57.56,507.9025,565.4625,4.390416666666667,2.369375,2.0210416666666666,14,2,16,568.9225,-3.4599999999999937,87.5,23.49,50.0,63.0,1200.0,5.2
GOMZ_RN,2026-07-27,2.0,-2.8000000000000003,8.959500000000002,24.9755,33.935,24.914583333333336,17.844791666666666,7.069791666666667,21,3,24,35.813500000000005,-1.8785000000000003,87.5,2.72,9.9,4.800000000000001,237.60000000000002,2.0
GOODWIN_ESR,2026-07-27,83.19999999999999,-12.7,632.9675,47.60000000000002,680.5675,22.905416666666667,16.207916666666666,6.697500000000001,21,2,23,680.8700000000001,-0.30249999999999777,91.3,214.36,9.9,95.89999999999999,237.60000000000002,40.4
GRDNE_ESR_RN,2026-07-27,2.0,-2.9000000000000004,9.579500000000003,18.785,28.364500000000003,25.63416666666667,19.841458333333332,5.792708333333334,20,4,24,30.735500000000005,-2.3710000000000004,83.3,2.59,9.9,4.9,237.60000000000002,2.1
GREGORY_RN,2026-07-27,22.2,-4.9,293.99449999999996,30.920750000000005,324.91525,23.551666666666666,17.570104166666667,5.9815625,23,1,24,326.15925000000004,-1.2440000000000013,95.8,11.4,9.9,27.1,237.60000000000002,11.4
GUNR_RN,2026-07-27,0.0,0.0,0.0,0.0,0.0,27.84,18.466666666666665,9.373333333333333,0,0,0,0.0,0.0,0.0,0.0,150.0,0.0,3600.0,0.0
GZ_RN,2026-07-27,105.39999999999999,-2.6,665.5904999999999,21.8335,687.4239999999999,34.124583333333334,27.979375,6.145208333333333,20,4,24,748.6404999999999,-61.21650000000002,83.3,2.45,9.9,107.99999999999999,237.60000000000002,45.5
HAMI_BESS_RN,2026-07-27,0.0,-31.0,0.0,69.275,69.275,0.8991666666666666,1.1958333333333333,-0.2966666666666667,8,6,14,107.6075,-38.332499999999996,57.1,2.11,9.9,31.0,237.60000000000002,13.0
HARLIN_1_RN,2026-07-27,0.0,-7.0,0.0,29.002500000000005,29.002500000000005,3.3800000000000003,2.5940625,0.7859375000000002,4,0,4,29.0025,0.0,100.0,99.99,0.0,7.0,0.0,0.0
HEADCAMP_RN,2026-07-27,0.0,0.0,0.0,0.0,0.0,2.4029166666666666,1.2648958333333333,1.1380208333333337,0,0,0,0.0,0.0,0.0,0.0,150.0,0.0,3600.0,0.0
HEARN_RD_RN,2026-07-27,11.999999999999998,-3.7,8.6065,20.852,29.4585,22.438333333333333,16.460416666666667,5.977916666666666,22,0,22,29.458499999999997,0.0,100.0,99.99,9.8,15.7,235.20000000000002,6.7
HEN_RN,2026-07-27,1.0,0.0,12.907499999999999,0.0,12.907499999999999,3.8504166666666664,3.1477083333333336,0.7027083333333333,1,0,1,12.907499999999999,0.0,100.0,99.99,150.0,1.0,3600.0,0.0
HI_LONEB_RN1,2026-07-27,27.5,-4.8,99.20175,45.4425,144.64425,23.1875,15.157395833333332,8.030104166666666,21,3,24,198.60225,-53.958000000000006,87.5,0.53,50.0,32.3,1200.0,2.7
HLY_RN,2026-07-27,0.0,-10.5,0.0,192.33375,192.33375,0.9154166666666667,0.7652083333333333,0.15020833333333336,3,0,3,192.33375,0.0,100.0,99.99,102.0,10.5,2448.0,0.4
HMNG_ESS_RN,2026-07-27,3.5000000000000004,-2.8000000000000003,7.741750000000003,10.579250000000002,18.321000000000005,29.3225,26.526875,2.7956250000000007,15,9,24,25.190250000000006,-6.869250000000001,62.5,2.2,100.0,6.300000000000001,2400.0,0.3
HNY_COMB_RN,2026-07-27,0.0,0.0,0.0,0.0,0.0,26.29,18.106875000000002,8.183125,0,0,0,0.0,0.0,0.0,0.0,61.5,0.0,1476.0,0.0
HOLCOMB_RN1,2026-07-27,0.0,0.0,0.0,0.0,0.0,22.058333333333334,19.840416666666666,2.217916666666667,0,0,0,0.0,0.0,0.0,0.0,9.9,0.0,237.60000000000002,0.0
HOUSEMTN_RN,2026-07-27,118.39999999999999,-2.8000000000000003,1788.55725,21.335,1809.89225,23.393333333333334,17.061979166666667,6.331354166666667,21,3,24,1811.88175,-1.9895,87.5,130.1,60.0,121.19999999999999,1440.0,8.4
HRMS_SLR_RN,2026-07-27,2.7,-3.0,15.959,25.315,41.274,5.645833333333333,3.8909374999999997,1.7548958333333333,4,1,5,41.36750000000001,-0.09350000000000254,80.0,110.61,100.0,5.7,2400.0,0.2
HV_BESS1_RN,2026-07-27,13.0,-1.0,2.5099999999999554,4.362500000000001,6.872499999999956,12.28125,10.154895833333333,2.126354166666666,4,1,5,23.39749999999999,-16.525000000000034,80.0,0.35,0.0,14.0,0.0,0.0
HWY6_RN,2026-07-27,0.0,0.0,0.0,0.0,0.0,3.4179166666666667,2.7644791666666664,0.6534375,0,0,0,0.0,0.0,0.0,0.0,9.9,0.0,237.60000000000002,0.0
HYDR_ESS_RN,2026-07-27,0.0,-10.7,0.0,97.18925,97.18925,3.1054166666666667,2.1465625,0.9588541666666667,6,0,6,97.18925000000002,0.0,100.0,99.99,200.0,10.7,4800.0,0.2
IND_INADALE1,2026-07-27,147.70000000000002,-16.900000000000002,79.36024999999998,69.58900000000001,148.94925,25.45625,21.332083333333333,4.1241666666666665,16,8,24,330.11825,-181.16900000000004,66.7,0.91,9.9,164.60000000000002,237.60000000000002,69.3
INRT_W_ALL,2026-07-27,4196.9,-37.8,11631.179000000002,109.38600000000004,11740.565000000002,25.215833333333332,21.596666666666664,3.6191666666666666,16,8,24,15299.347500000003,-3558.7824999999993,66.7,2.15,13.0,4234.7,312.0,1357.3
JADE_SLR_ALL,2026-07-27,58.3,-2.8000000000000003,199.72175000000007,10.696000000000002,210.41775000000007,25.147499999999997,21.465625,3.6818750000000002,16,7,23,280.5675,-70.14974999999997,69.6,1.75,81.9,61.099999999999994,1965.6000000000001,3.1
JAG_SLR_RN,2026-07-27,3.4000000000000004,-4.6000000000000005,27.345,44.283500000000004,71.6285,21.116249999999997,13.96875,7.147500000000001,19,5,24,75.412,-3.783500000000001,79.2,5.25,150.0,8.0,3600.0,0.2
JAR_RN,2026-07-27,5.5,-1.8,17.0145,15.555,32.569500000000005,31.57875,26.209374999999998,5.369375000000001,19,5,24,35.873000000000005,-3.3035000000000014,79.2,2.86,156.0,7.3,3744.0,0.2
JC_BAT_RN,2026-07-27,6.4,-53.4,66.94625,337.68025,404.6265,35.998333333333335,24.412291666666665,11.586041666666667,24,0,24,404.62649999999996,0.0,100.0,99.99,1.2,59.8,28.799999999999997,207.6
JDKNS_RN,2026-07-27,36.0,-10.8,173.60100000000006,117.2425,290.84350000000006,25.613333333333333,19.118854166666665,6.494479166666667,21,3,24,304.7065000000001,-13.863,87.5,3.14,9.9,46.8,237.60000000000002,19.7
JUNCTION_RN,2026-07-27,90.7,-27.2,2327.476,1289.38525,3616.86125,58.66625,25.713437499999998,32.9528125,23,1,24,3626.8950000000004,-10.033749999999998,95.8,15.72,9.9,117.9,237.60000000000002,49.6
JUNORTH_RN,2026-07-27,22.0,-11.0,369.87750000000005,686.0875,1055.9650000000001,9.247083333333334,6.053541666666667,3.193541666666667,10,1,11,1069.0525,-13.087499999999997,90.9,8.17,9.9,33.0,237.60000000000002,13.9
KEG_RN,2026-07-27,2.0,0.0,24.422500000000007,0.0,24.422500000000007,7.125416666666666,5.72625,1.399166666666667,1,1,2,24.750000000000007,-0.32750000000000057,50.0,75.57,160.0,2.0,3840.0,0.1
KNAPP_RN,2026-07-27,27.0,-12.0,108.29500000000002,18.879999999999992,127.17500000000001,15.2425,13.055,2.1875,11,5,16,166.41500000000002,-39.24000000000001,68.8,1.93,0.0,39.0,0.0,0.0
LANTANA_RN,2026-07-27,2.0,-5.4,6.677500000000001,36.917500000000004,43.595,22.064999999999998,16.264375,5.800625,22,0,22,43.595,0.0,100.0,99.99,9.9,7.4,237.60000000000002,3.1
LAUR_BESS_RN,2026-07-27,2.0,-12.2,7.102,113.28,120.38199999999999,21.729583333333334,16.202604166666667,5.526979166666667,23,0,23,120.38199999999999,0.0,100.0,99.99,9.8,14.2,235.20000000000002,6.0
LBRA_BES1,2026-07-27,5.2,-1.8,37.862750000000005,17.376,55.238749999999996,28.033749999999998,19.566354166666667,8.467395833333333,24,0,24,55.238749999999996,0.0,100.0,99.99,200.0,7.0,4800.0,0.1
LEAKEY_RN,2026-07-27,1.0,0.0,38.94,0.0,38.94,3.3825,1.5985416666666665,1.7839583333333333,1,0,1,38.94,0.0,100.0,99.99,0.0,1.0,0.0,0.0
LFSTH_RN,2026-07-27,3.6,-1.0,10.295000000000002,13.649500000000002,23.944500000000005,30.592916666666667,26.155104166666664,4.437812500000001,20,3,23,24.977500000000006,-1.033,87.0,3.63,9.9,4.6,237.60000000000002,1.9
LIGSW_RN,2026-07-27,5.7,-2.1,3.560000000000001,14.20175,17.761750000000003,30.34875,28.213958333333334,2.134791666666667,15,9,24,28.792,-11.030250000000002,62.5,1.57,9.8,7.800000000000001,235.20000000000002,3.3
LILY_RN,2026-07-27,31.400000000000002,-10.6,-23.00699999999997,217.41150000000002,194.40450000000007,30.24416666666667,26.848958333333332,3.3952083333333345,16,8,24,274.87225000000007,-80.46774999999998,66.7,1.71,50.0,42.0,1200.0,3.5
LK_RN,2026-07-27,1.0,0.0,-1.0700000000000003,0.0,-1.0700000000000003,2.507083333333333,2.579166666666667,-0.0720833333333335,0,1,1,0.0,-1.0700000000000003,0.0,0.0,9.9,1.0,237.60000000000002,0.4
LMO_ESR_RN,2026-07-27,5.1000000000000005,-2.9000000000000004,11.680499999999999,19.410000000000004,31.090500000000002,30.9575,25.74625,5.21125,19,4,23,31.96,-0.8695000000000008,82.6,7.74,100.0,8.0,2400.0,0.3
LONESTAR_RN,2026-07-27,2.0,-2.8000000000000003,9.193000000000001,22.0455,31.238500000000002,25.544166666666666,19.036145833333332,6.508020833333333,21,3,24,33.179,-1.9405000000000003,87.5,2.44,9.9,4.800000000000001,237.60000000000002,2.0
LON_RN1,2026-07-27,11.1,-3.8,38.817499999999995,30.889000000000006,69.7065,31.40125,24.80260416666667,6.598645833333333,22,2,24,69.864,-0.15750000000000172,91.7,40.33,174.0,14.899999999999999,4176.0,0.4
LOWR_ESS_RN,2026-07-27,3.2,-2.4,24.286500000000004,23.063499999999998,47.35,24.18875,16.31895833333333,7.869791666666667,23,0,23,47.35,0.0,100.0,99.99,60.0,5.6,1440.0,0.4
LUCKYBLU_RN,2026-07-27,11.0,-2.0,140.51000000000002,25.789999999999996,166.3,17.9275,12.732916666666666,5.194583333333334,7,1,8,166.3425,-0.042500000000000426,87.5,559.13,26.0,13.0,624.0,2.1
LYNX_ESS_RN,2026-07-27,0.0,-1.0,0.0,1.4675000000000011,1.4675000000000011,0.9404166666666667,0.8792708333333333,0.06114583333333338,1,0,1,1.4675000000000011,0.0,100.0,99.99,75.0,1.0,1800.0,0.1
LYSSY_RN,2026-07-27,68.6,-2.0,962.024,20.629500000000004,982.6535000000001,27.897916666666664,19.655312499999997,8.242604166666666,24,0,24,982.6535000000001,0.0,100.0,99.99,0.0,70.6,0.0,0.0
L_FRE_ESR_RN,2026-07-27,9.0,-62.199999999999996,74.4445,342.31675,416.76125,21.898749999999996,16.21875,5.68,24,0,24,416.76125,0.0,100.0,99.99,9.9,71.19999999999999,237.60000000000002,30.0
MADERO_RN,2026-07-27,1.0,-2.0,4.095000000000002,24.057499999999997,28.152500000000003,4.539166666666667,3.238645833333333,1.3005208333333336,3,0,3,28.1525,0.0,100.0,99.99,100.0,3.0,2400.0,0.1
MAINLAND_RN,2026-07-27,5.9,-11.3,33.93675,21.605,55.54175,33.94916666666666,26.949166666666667,7.0,21,3,24,59.51225000000001,-3.9705000000000084,87.5,2.14,9.9,17.200000000000003,237.60000000000002,7.2
MEDILA_RN,2026-07-27,78.9,-16.8,2273.25,107.62450000000003,2380.8745000000004,34.479166666666664,20.641041666666666,13.838125,24,0,24,2380.8745,0.0,100.0,99.99,0.0,95.7,0.0,0.0
MEDINA1_RN,2026-07-27,2.0,0.0,72.9275,0.0,72.9275,6.55875,2.9746875,3.5840625,2,0,2,72.9275,0.0,100.0,99.99,0.0,2.0,0.0,0.0
MESQUITE_RN,2026-07-27,0.0,0.0,0.0,0.0,0.0,5.064583333333334,3.4605208333333333,1.6040625000000002,0,0,0,0.0,0.0,0.0,0.0,9.9,0.0,237.60000000000002,0.0
MESQUITE_RN2,2026-07-27,0.0,0.0,0.0,0.0,0.0,1.3379166666666666,0.6578125,0.6801041666666667,0,0,0,0.0,0.0,0.0,0.0,0.0,0.0,0.0,0.0
MIDP_SLR_RN,2026-07-27,289.7,-19.999999999999996,1562.259,441.28800000000007,2003.547,21.977083333333336,14.733333333333333,7.243750000000001,23,1,24,2003.5655000000004,-0.018499999999999517,95.8,4708.73,50.0,309.7,1200.0,25.8
MIDWY_RN,2026-07-27,0.0,0.0,0.0,0.0,0.0,3.597083333333334,2.6940625,0.9030208333333337,0,0,0,0.0,0.0,0.0,0.0,9.9,0.0,237.60000000000002,0.0
MILTON_RN,2026-07-27,24.4,-0.8,266.97700000000003,14.001000000000001,280.97800000000007,28.001666666666665,19.683541666666667,8.318125,23,0,23,280.97800000000007,0.0,100.0,99.99,0.0,25.2,0.0,0.0
MNWL_BESS_RN,2026-07-27,224.79999999999998,-13.9,-112.4252500000002,98.77249999999997,-13.652750000000058,36.65208333333333,33.744791666666664,2.907291666666666,19,5,24,2470.8625,-2484.5152500000004,79.2,0.26,9.9,238.7,237.60000000000002,100.5
MOORE_FL_RN,2026-07-27,3.2,-1.8000000000000003,21.422500000000007,16.1715,37.59400000000001,23.256666666666664,16.189375,7.067291666666667,22,1,23,37.612500000000004,-0.018499999999999517,95.7,92.41,9.9,5.0,237.60000000000002,2.1
MUENSTER_RN,2026-07-27,145.8,-1.3,85.05750000000003,11.940000000000003,96.99750000000003,30.61125,27.369479166666665,3.2417708333333337,14,10,24,511.0565,-414.05899999999997,58.3,0.88,9.0,147.10000000000002,216.0,68.1
MUSTNGCK_ALL,2026-07-27,106.1,-18.599999999999998,852.30875,185.08324999999996,1037.392,25.094166666666666,18.162499999999998,6.9316666666666675,24,0,24,1037.392,0.0,100.0,99.99,71.0,124.69999999999999,1704.0,7.3
MU_RN,2026-07-27,7.9,-0.8,52.38200000000001,14.168499999999998,66.55050000000001,33.180416666666666,26.31520833333333,6.865208333333334,21,3,24,67.008,-0.4574999999999997,87.5,20.92,9.9,8.700000000000001,237.60000000000002,3.7
MV_VALV4_RN,2026-07-27,1.0,-5.299999999999999,8.022499999999999,31.716750000000005,39.739250000000006,1.7758333333333336,1.4408333333333332,0.335,5,0,5,39.739250000000006,0.0,100.0,99.99,9.9,6.299999999999999,237.60000000000002,2.7
MYRY_BES2_RN,2026-07-27,4.0,-1.8000000000000003,26.349500000000003,16.44225,42.79175000000001,23.280416666666667,16.222291666666667,7.058125,22,0,22,42.79175000000001,0.0,100.0,99.99,9.9,5.800000000000001,237.60000000000002,2.4
MYRY_ESR_RN,2026-07-27,0.0,0.0,0.0,0.0,0.0,5.011666666666667,3.704375,1.3072916666666667,0,0,0,0.0,0.0,0.0,0.0,9.9,0.0,237.60000000000002,0.0
MYR_ALL,2026-07-27,4.7,-4.0,7.662500000000003,21.742500000000003,29.40500000000001,6.241666666666667,5.264479166666667,0.9771875000000003,4,0,4,29.40500000000001,0.0,100.0,99.99,76.3,8.7,1831.1999999999998,0.5
NCO_RN,2026-07-27,5.0,-4.8,21.182000000000002,36.3355,57.517500000000005,31.044166666666666,24.434791666666666,6.609375,23,1,24,57.522000000000006,-0.0045000000000001705,95.8,555.77,38.8,9.8,931.1999999999999,1.1
NEDIN_RN,2026-07-27,2.0,0.0,24.432499999999997,0.0,24.432499999999997,4.6033333333333335,2.5895833333333336,2.01375,2,0,2,24.432499999999997,0.0,100.0,99.99,0.0,2.0,0.0,0.0
NF_BRP_RN,2026-07-27,156.7,-19.0,1880.5362499999999,351.3125,2231.8487499999997,31.5325,21.48635416666667,10.046145833333332,15,0,15,2231.8487499999997,0.0,100.0,99.99,100.5,175.7,2412.0,7.3
NOBLESLR_ALL,2026-07-27,1238.1,-12.799999999999999,-5602.05825,180.17575,-5421.8825,18.529166666666665,17.268020833333335,1.2611458333333334,7,9,16,630.2839999999998,-6052.1665,43.8,0.13,62.5,1250.8999999999999,1500.0,83.4
NWF_NWF1,2026-07-27,310.6,-44.8,3297.5810000000006,500.11300000000006,3797.6940000000004,25.685000000000002,19.388125,6.296875000000001,21,3,24,3870.5655000000006,-72.87150000000001,87.5,7.59,3.0,355.40000000000003,72.0,493.6
N_AL_BESS_RN,2026-07-27,3.2,-87.6,23.416000000000004,1063.7292499999999,1087.14525,23.9275,16.289166666666667,7.6383333333333345,23,0,23,1087.14525,0.0,100.0,99.99,7.0,90.8,168.0,54.0
N_MRD_ESR_RN,2026-07-27,3.2,-2.8000000000000003,22.699000000000005,20.852500000000003,43.551500000000004,23.764583333333334,16.31,7.454583333333333,23,0,23,43.551500000000004,0.0,100.0,99.99,9.9,6.0,237.60000000000002,2.5
ODESW_RN,2026-07-27,6.3,-138.8,38.81400000000001,598.5430000000001,637.3570000000001,25.65833333333333,19.242395833333333,6.415937500000001,21,3,24,639.4170000000003,-2.06,87.5,44.34,10.0,145.10000000000002,240.0,60.5
OLMITO_RN,2026-07-27,100.0,-56.8,657.8875,316.21725000000004,974.1047500000001,19.452083333333334,13.9696875,5.482395833333334,22,0,22,974.10475,0.0,100.0,99.99,0.0,156.8,0.0,0.0
OLNEYTN_RN,2026-07-27,88.0,-71.6,-4939.932500000001,531.3102500000001,-4408.62225,74.55041666666666,79.43708333333333,-4.88666666666667,19,4,23,4116.3005,-8524.92275,82.6,0.1,0.0,159.6,0.0,0.0
OR_BESS_RN,2026-07-27,1.0,-17.0,-0.182500000000001,63.425000000000026,63.24250000000002,6.357083333333333,5.276458333333333,1.0806250000000002,6,1,7,63.42500000000001,-0.182500000000001,85.7,57.92,9.9,18.0,237.60000000000002,7.6
PAD1_ESS_RN,2026-07-27,4.9,-1.8,37.510250000000006,22.324,59.834250000000004,29.649583333333336,20.1246875,9.524895833333334,24,0,24,59.834250000000004,0.0,100.0,99.99,50.0,6.7,1200.0,0.6
PAD2_ESS_RN,2026-07-27,1.0,-1.0,9.68,4.442500000000003,14.122500000000002,2.7441666666666666,1.8851041666666666,0.8590625,2,0,2,14.122500000000002,0.0,100.0,99.99,150.0,2.0,3600.0,0.1
PALACIOS_RN,2026-07-27,33.9,-13.799999999999999,358.78675000000004,104.58449999999999,463.37125000000003,23.754583333333333,16.855729166666666,6.898854166666666,23,0,23,463.37125000000003,0.0,100.0,99.99,9.0,47.699999999999996,216.0,22.1
PALE_ESS_EN,2026-07-27,106.3,-10.7,1164.22775,16.158999999999995,1180.3867500000001,12.707916666666668,10.690416666666666,2.0175,10,3,13,1197.307,-16.920249999999996,76.9,21.23,200.0,117.0,4800.0,2.4
PALMVIEW_RN,2026-07-27,3.2,-2.0,20.6625,15.922,36.584500000000006,22.9975,16.1921875,6.8053125,22,2,24,36.6445,-0.06000000000000015,91.7,55.52,9.9,5.2,237.60000000000002,2.2
PAULN_RN,2026-07-27,5.6000000000000005,-2.3000000000000003,22.042,11.720000000000002,33.762,29.679166666666664,25.907291666666666,3.771875,19,5,24,38.057,-4.295000000000001,79.2,2.33,9.9,7.9,237.60000000000002,3.3
PAVLOV_BT_RN,2026-07-27,102.1,-7.800000000000001,690.0517500000001,72.57150000000001,762.6232500000001,23.785833333333333,16.716666666666665,7.069166666666668,24,0,24,762.62325,0.0,100.0,99.99,9.9,109.89999999999999,237.60000000000002,46.3
PAVO_ESS_ALL,2026-07-27,47.0,0.0,568.8967499999999,0.0,568.8967499999999,6.1575,2.9479166666666665,3.2095833333333332,6,1,7,570.5182499999999,-1.6215,85.7,58.64,87.5,47.0,2100.0,2.2
PEARSALL_RN,2026-07-27,1.0,-12.0,21.387499999999996,63.377500000000005,84.765,3.744583333333333,2.6559375,1.088645833333333,5,2,7,110.66749999999999,-25.9025,71.4,1.71,9.9,13.0,237.60000000000002,5.5
PHO_ALL,2026-07-27,18.7,-10.3,109.40125,54.06400000000001,163.46525000000003,23.7225,16.830000000000002,6.892500000000001,23,1,24,163.46775000000002,-0.0024999999999998582,95.8,2842.92,150.0,29.0,3600.0,0.8
PINEFRST_RN,2026-07-27,5.5,-1.4000000000000001,8.463000000000003,9.332999999999998,17.796000000000003,30.271666666666665,27.306354166666665,2.9653125,15,8,23,22.939500000000002,-5.143500000000002,65.2,2.38,200.0,6.9,4800.0,0.1
PIN_BESS_RN,2026-07-27,0.0,-3.0,0.0,21.622500000000002,21.622500000000002,5.67625,3.3358333333333334,2.3404166666666666,3,0,3,21.622500000000002,0.0,100.0,99.99,175.0,3.0,4200.0,0.1
PIRATE_RN,2026-07-27,32.2,-3.7,433.3355,31.150000000000006,464.4855,24.2825,17.163020833333334,7.119479166666667,24,0,24,464.4855,0.0,100.0,99.99,9.8,35.900000000000006,235.20000000000002,15.3
PLATINUM_RN,2026-07-27,6.5,-1.4000000000000001,54.45099999999999,9.244250000000001,63.695249999999994,30.18041666666667,27.24791666666667,2.9325000000000006,15,8,23,70.1225,-6.427250000000005,65.2,5.82,143.8,7.9,3451.2000000000003,0.2
POTEETS_RN,2026-07-27,10.5,-4.1,238.2975,72.14325000000001,310.44075000000004,41.79083333333333,20.140520833333333,21.650312500000002,24,0,24,310.44075000000004,0.0,100.0,99.99,9.9,14.6,237.60000000000002,6.1
POTSVIL_RN,2026-07-27,260.1,-50.1,-1875.3270000000002,492.87325,-1382.4537500000004,63.51624999999999,81.70343749999999,-18.1871875,18,6,24,1785.5272499999999,-3167.981,75.0,0.19,9.9,310.20000000000005,237.60000000000002,130.6
PRCRK_RN,2026-07-27,5.3,-7.5,22.350250000000003,105.709,128.05925,30.635416666666668,27.662499999999998,2.9729166666666678,15,8,23,138.95675,-10.897500000000008,65.2,6.8,9.9,12.8,237.60000000000002,5.4
PTLBES_BESS1,2026-07-27,204.1,-11.5,876.33225,90.23375,966.566,24.234583333333333,17.543541666666666,6.691041666666667,23,0,23,966.566,0.0,100.0,99.99,3.0,215.6,72.0,299.4
PYR_PYRON1,2026-07-27,1177.2,-15.0,4903.4710000000005,17.212500000000006,4920.683500000001,25.45625,21.332083333333333,4.1241666666666665,16,8,24,5854.745000000001,-934.0615,66.7,3.13,15.1,1192.2,362.4,329.0
QUEEN_BA_RN,2026-07-27,84.1,-2.8000000000000003,407.0165000000001,28.5725,435.58900000000017,23.49875,15.608333333333334,7.890416666666667,21,3,24,438.1445000000001,-2.5555000000000003,87.5,24.49,50.0,86.89999999999999,1200.0,7.2
RADN_SLR_ALL,2026-07-27,44.3,-3.7,-80.49424999999994,13.445750000000002,-67.04849999999993,25.469166666666666,20.781145833333333,4.688020833333334,17,5,22,57.84700000000001,-124.89549999999996,77.3,0.14,81.9,48.0,1965.6000000000001,2.4
RBN_BESS1,2026-07-27,5.300000000000001,-15.9,16.583000000000002,68.68275000000001,85.26575000000003,33.4625,27.671041666666667,5.791458333333334,19,5,24,87.22375,-1.9579999999999993,79.2,11.72,100.0,21.200000000000003,2400.0,0.9
RHESS2_ESS1,2026-07-27,77.3,-131.6,1333.9377499999998,3081.55925,4415.497,39.19166666666667,27.09177083333333,12.099895833333335,12,1,13,4569.089,-153.59200000000016,92.3,2.48,9.8,208.89999999999998,235.20000000000002,88.8
RIOG_ESR2_RN,2026-07-27,3.7,-1.1,21.885500000000004,8.255500000000001,30.141000000000005,22.775000000000002,16.31375,6.46125,19,2,21,30.21925000000001,-0.07825000000000061,90.5,40.65,0.0,4.800000000000001,0.0,0.0
RIOG_ESR_RN,2026-07-27,0.0,0.0,0.0,0.0,0.0,3.1558333333333333,2.3528125,0.8030208333333332,0,0,0,0.0,0.0,0.0,0.0,9.9,0.0,237.60000000000002,0.0
RN_BY_ESR1,2026-07-27,1.0,-1.0,8.7,4.370000000000001,13.07,3.513333333333333,2.8185416666666665,0.6947916666666667,2,0,2,13.07,0.0,100.0,99.99,0.0,2.0,0.0,0.0
RN_PAD3_ESS,2026-07-27,1.0,0.0,9.68,0.0,9.68,2.38125,1.4098958333333333,0.9713541666666666,1,0,1,9.68,0.0,100.0,99.99,200.0,1.0,4800.0,0.0
RN_QTUM_SLR,2026-07-27,1683.8,0.0,3922.417249999998,0.0,3922.417249999998,25.197916666666668,21.55,3.6479166666666667,5,3,8,7051.614749999999,-3129.1975,62.5,1.35,160.0,1683.8,3840.0,43.8
RN_RHN_ESR,2026-07-27,1.0,0.0,20.57,0.0,20.57,3.330416666666667,2.3172916666666663,1.013125,1,0,1,20.57,0.0,100.0,99.99,200.0,1.0,4800.0,0.0
RN_SOLC_SLR,2026-07-27,1990.4,0.0,2481.3945,0.0,2481.3945,26.30541666666667,23.293958333333332,3.011458333333334,4,4,8,7201.248250000001,-4719.85375,50.0,1.53,160.0,1990.4,3840.0,51.8
ROSELAND_ALL,2026-07-27,1054.4,-30.7,3021.4839999999995,467.28799999999995,3488.7719999999995,22.80875,16.449583333333333,6.359166666666667,20,4,24,4060.6665,-571.8945,83.3,1.42,50.0,1085.1000000000001,1200.0,90.4
RPUBRDS_RN,2026-07-27,145.2,-20.8,-409.2927499999998,85.32700000000001,-323.96574999999973,41.06458333333333,39.14083333333333,1.92375,18,6,24,715.5409999999999,-1039.5067499999998,75.0,0.23,39.5,166.0,948.0,17.5
RRANCHES_ALL,2026-07-27,6.1,-437.7,130.19825,1700.12475,1830.323,25.55125,19.0809375,6.4703124999999995,21,3,24,2144.9395,-314.6164999999999,87.5,0.97,150.0,443.8,3600.0,12.3
RRC_WIND_ALL,2026-07-27,66.0,-9.9,412.75300000000004,6.7810000000000015,419.53400000000005,22.00916666666667,16.1684375,5.840729166666667,17,7,24,472.39750000000004,-52.8635,70.8,3.68,75.0,75.9,1800.0,4.2
RTLSNAKE_BT,2026-07-27,0.0,0.0,0.0,0.0,0.0,3.478333333333333,2.592916666666667,0.8854166666666665,0,0,0,0.0,0.0,0.0,0.0,9.9,0.0,237.60000000000002,0.0
RUSSEKST_RN,2026-07-27,42.5,-187.4,-129.66400000000002,-2081.4685,-2211.1325,44.435833333333335,52.26958333333334,-7.833749999999999,13,11,24,383.6067500000001,-2594.7392500000005,54.2,0.13,9.9,229.9,237.60000000000002,96.8
RVN_RN,2026-07-27,0.0,0.0,0.0,0.0,0.0,33.42666666666667,24.51125,8.915416666666667,0,0,0,0.0,0.0,0.0,0.0,0.0,0.0,0.0,0.0
RVRVLYS_ALL,2026-07-27,6.7,-14.2,61.470000000000006,84.85525000000001,146.32525000000004,32.92,23.715833333333332,9.204166666666667,24,0,24,146.32525,0.0,100.0,99.99,50.0,20.9,1200.0,1.7
SADLBACK_RN,2026-07-27,2.0,-7.9,9.204000000000002,98.748,107.952,25.545,18.6725,6.8725,21,3,24,109.843,-1.891,87.5,8.3,9.9,9.9,237.60000000000002,4.2
SAH_RN,2026-07-27,0.0,0.0,0.0,0.0,0.0,0.0,0.0,0.0,0,0,0,0.0,0.0,0.0,0.0,200.0,0.0,4800.0,0.0
SANDLAKE_RN,2026-07-27,8.0,-26.0,20.400000000000002,182.69000000000003,203.09000000000003,5.3075,4.343958333333333,0.9635416666666666,14,1,15,205.27,-2.1799999999999997,93.3,6.73,9.9,34.0,237.60000000000002,14.3
SBEAN_BESS,2026-07-27,0.0,0.0,0.0,0.0,0.0,1.4091666666666667,1.1721875,0.23697916666666674,0,0,0,0.0,0.0,0.0,0.0,9.9,0.0,237.60000000000002,0.0
SEVNF_ES_RN,2026-07-27,0.0,-12.0,0.0,48.2725,48.2725,8.795,7.322187499999999,1.4728125000000005,4,2,6,49.730000000000004,-1.457499999999996,66.7,17.06,100.0,12.0,2400.0,0.5
SE_EDINB_RN,2026-07-27,3.2,-5.8,22.707000000000004,17.459750000000007,40.16675000000001,23.694166666666664,16.242916666666666,7.451250000000001,23,0,23,40.16675000000001,0.0,100.0,99.99,9.9,9.0,237.60000000000002,3.8
SGSA_DGR,2026-07-27,0.0,-12.0,0.0,112.47,112.47,4.689583333333333,3.5452083333333335,1.144375,3,0,3,112.47,0.0,100.0,99.99,6.6,12.0,158.39999999999998,7.6
SG_BES_BESS1,2026-07-27,443.8,-97.6,7719.2074999999995,-194.71400000000006,7524.4935,23.30541666666667,14.890520833333333,8.414895833333333,21,3,24,7867.26525,-342.77175000000005,87.5,3.28,100.0,541.4,2400.0,22.6
SHAMROCK_RN,2026-07-27,3163.3999999999996,-7.800000000000001,17192.609500000002,69.483,17262.0925,23.062916666666666,15.023333333333333,8.039583333333335,21,3,24,19229.03325,-1966.9407499999998,87.5,1.4,99.3,3171.2,2383.2,133.1
SHEEPCRK_1,2026-07-27,252.7,-7.0,1736.0032500000002,10.257500000000004,1746.2607500000001,22.00916666666667,16.1684375,5.840729166666667,17,7,24,1954.17575,-207.915,70.8,3.87,130.0,259.7,3120.0,8.3
SLCN_ESS_ALL,2026-07-27,37.0,-7.1,353.89125,42.556749999999994,396.44800000000004,34.594166666666666,24.1940625,10.400104166666667,24,0,24,396.4480000000001,0.0,100.0,99.99,50.0,44.1,1200.0,3.7
SLK_BESS_RN,2026-07-27,0.0,-2.0,0.0,19.21,19.21,4.1745833333333335,2.954166666666666,1.2204166666666667,2,0,2,19.21,0.0,100.0,99.99,0.0,2.0,0.0,0.0
SMTH_ESS_RN,2026-07-27,1.0,0.0,-1.2549999999999955,0.0,-1.2549999999999955,4.421250000000001,4.705104166666666,-0.28385416666666624,0,1,1,0.0,-1.2549999999999955,0.0,0.0,125.0,1.0,3000.0,0.0
SNY_BESS_RN,2026-07-27,81.3,-32.0,459.439,134.79025000000007,594.2292500000001,26.000416666666666,21.76489583333333,4.235520833333333,18,6,24,604.3192500000001,-10.09,75.0,19.96,9.9,113.3,237.60000000000002,47.7
SPTX12B_RN,2026-07-27,124.0,-1.0,1079.8709999999999,14.655,1094.5259999999998,8.025416666666667,4.3855208333333335,3.6398958333333327,8,3,11,1160.389,-65.86300000000001,72.7,6.61,22.3,125.0,535.2,23.4
SP_RN,2026-07-27,7.9,-9.9,68.17224999999999,115.97225,184.14450000000002,34.69958333333333,28.019895833333333,6.6796875,21,3,24,185.5475,-1.4029999999999991,87.5,18.89,0.0,17.8,0.0,0.0
SROSA_ESR_RN,2026-07-27,2.0,-103.4,7.088000000000003,592.7310000000001,599.8190000000001,22.25208333333333,16.230208333333334,6.0218750000000005,24,0,24,599.8190000000001,0.0,100.0,99.99,9.9,105.4,237.60000000000002,44.4
STADIUM_RN,2026-07-27,0.0,-3.0,0.0,12.015000000000004,12.015000000000004,6.53,4.400104166666666,2.1298958333333338,3,0,3,12.015000000000004,0.0,100.0,99.99,9.9,3.0,237.60000000000002,1.3
STAM_SLR_ALL,2026-07-27,48.0,-1.4000000000000001,-178.53525000000002,9.373,-169.16225,30.2625,27.275104166666665,2.987395833333333,15,9,24,46.41425,-215.5765,62.5,0.13,70.0,49.4,1680.0,2.9
STRG_SLR_ALL,2026-07-27,14.3,-39.300000000000004,110.574,234.46900000000002,345.043,26.455416666666665,18.634687500000002,7.820729166666666,22,2,24,345.49625000000003,-0.45324999999997434,91.7,69.3,100.0,53.60000000000001,2400.0,2.2
SUNVASLR_ALL,2026-07-27,457.5,-3.5,1936.7882499999998,34.39675,1971.185,20.405,12.471874999999999,7.9331249999999995,18,6,24,2831.6322499999997,-860.4472499999999,75.0,1.1,50.0,461.0,1200.0,38.4
SWOOSE1_U1,2026-07-27,2.0,-2.8000000000000003,9.251000000000001,21.451,30.702,25.564166666666665,19.167916666666667,6.396249999999999,21,3,24,33.5535,-2.8515,87.5,1.68,9.9,4.800000000000001,237.60000000000002,2.0
SWOOSEII_RN,2026-07-27,0.0,0.0,0.0,0.0,0.0,6.760833333333333,4.824583333333333,1.9362500000000005,0,0,0,0.0,0.0,0.0,0.0,100.0,0.0,2400.0,0.0
SWT_BESS_RN,2026-07-27,5.0,-15.8,-6.529999999999997,24.733,18.203000000000007,27.574166666666667,24.719791666666666,2.8543750000000006,14,10,24,82.379,-64.17600000000002,58.3,0.92,9.9,20.8,237.60000000000002,8.8
TANZ_ESS_RN,2026-07-27,3.0,-1.0,22.492500000000003,3.960000000000001,26.452500000000004,5.839166666666666,4.590104166666666,1.2490625000000002,4,0,4,26.452500000000004,0.0,100.0,99.99,0.0,4.0,0.0,0.0
TBWF_ES_BES1,2026-07-27,40.0,-1.0,527.5685,6.494999999999999,534.0635,10.967500000000001,5.572083333333334,5.395416666666667,7,1,8,535.0039999999999,-0.9404999999999984,87.5,81.26,150.0,41.0,3600.0,1.1
TDWLPR_1_RN,2026-07-27,2.8000000000000003,-3.4000000000000004,8.155250000000004,23.173000000000005,31.328250000000008,25.969166666666666,20.341666666666665,5.627500000000001,20,4,24,32.036750000000005,-0.7084999999999988,83.3,9.04,100.0,6.200000000000001,2400.0,0.3
TNFS_RN,2026-07-27,0.0,0.0,0.0,0.0,0.0,4.4816666666666665,2.539895833333333,1.9417708333333337,0,0,0,0.0,0.0,0.0,0.0,9.9,0.0,237.60000000000002,0.0
TORR_ALL,2026-07-27,838.9,-35.0,4722.3635,198.54500000000002,4920.9085000000005,20.4725,15.804583333333333,4.667916666666668,23,1,24,4981.8085,-60.9,95.8,3.56,0.0,873.9,0.0,0.0
TORT_ESS_RN,2026-07-27,0.0,-13.5,0.0,44.077500000000015,44.077500000000015,2.7937499999999997,2.0455208333333332,0.7482291666666668,2,2,4,65.20500000000001,-21.1275,50.0,3.09,48.3,13.5,1159.1999999999998,1.2
TOYAH_RN,2026-07-27,1.0,-8.0,-5.925,64.78,58.855000000000004,2.893333333333333,2.3580208333333332,0.5353125000000002,2,1,3,64.78,-5.925,66.7,5.47,9.9,9.0,237.60000000000002,3.8
TRIPBUT1_RN,2026-07-27,8.5,-10.8,143.73399999999998,111.4975,255.2315,22.986666666666665,15.793020833333332,7.193645833333334,21,3,24,257.476,-2.2445000000000004,87.5,16.39,7.5,19.3,180.0,10.7
TSECA_ES_RN,2026-07-27,31.8,0.0,142.20524999999992,0.0,142.20524999999992,9.82625,8.756979166666666,1.0692708333333334,1,1,2,165.49699999999993,-23.291750000000008,50.0,7.11,100.0,31.8,2400.0,1.3
TURQ_BESS1,2026-07-27,26.1,-1.3,-52.416000000000004,10.385499999999999,-42.030499999999996,30.351249999999997,27.313437500000003,3.0378125,15,9,24,51.74749999999999,-93.778,62.5,0.33,188.0,27.400000000000002,4512.0,0.6
TV_RN,2026-07-27,5.0,-20.0,29.392000000000003,101.08975000000001,130.48175,35.035000000000004,29.8459375,5.1890624999999995,19,5,24,134.39675,-3.915,79.2,9.03,9.8,25.0,235.20000000000002,10.6
TYNAN_RN,2026-07-27,2.2,-5.3,8.0545,31.672750000000004,39.727250000000005,24.550833333333333,18.069270833333334,6.4815625,22,0,22,39.72725000000001,0.0,100.0,99.99,9.9,7.5,237.60000000000002,3.2
UTOPIA_RN,2026-07-27,121.0,-54.0,3218.2974999999997,429.93250000000006,3648.23,34.214999999999996,19.5734375,14.6415625,21,0,21,3648.23,0.0,100.0,99.99,9.9,175.0,237.60000000000002,73.7
VERT_ESS_RN,2026-07-27,3.0,-1.0,43.584999999999994,5.787500000000001,49.3725,7.969166666666666,5.761770833333333,2.2073958333333334,4,0,4,49.3725,0.0,100.0,99.99,200.0,4.0,4800.0,0.1
VORT_ALL_RN,2026-07-27,498.4,-8.8,3187.0785000000005,10.251000000000007,3197.3295000000007,25.711250000000003,22.30479166666667,3.4064583333333336,15,9,24,3282.77675,-85.44724999999994,62.5,23.05,121.8,507.2,2923.2,17.4
WAL_RN,2026-07-27,5.3,-0.8,20.93050000000001,14.014,34.944500000000005,31.785833333333333,25.046875,6.738958333333334,23,1,24,34.94700000000001,-0.0024999999999998582,95.8,607.77,200.0,6.1,4800.0,0.1
WFTANK_ESS1,2026-07-27,19.2,-102.8,148.843,574.6667500000001,723.50975,21.56041666666667,15.820208333333333,5.740208333333334,24,0,24,723.50975,0.0,100.0,99.99,150.0,122.0,3600.0,3.4
WIG_BESS_RN,2026-07-27,4.1,-3.4000000000000004,48.863749999999996,4.023750000000002,52.887499999999996,9.509166666666667,7.071770833333333,2.437395833333333,6,4,10,54.54424999999999,-1.6567500000000004,60.0,21.95,120.0,7.5,2880.0,0.3
WLTC_ESR_RN,2026-07-27,2.0,-7.7,6.690500000000002,80.81225,87.50275,22.05875,16.273229166666667,5.785520833333334,22,0,22,87.50274999999999,0.0,100.0,99.99,9.9,9.7,237.60000000000002,4.1
WOV_BESS_RN,2026-07-27,2.0,-4.8,9.477500000000003,39.016000000000005,48.493500000000004,25.658749999999998,19.306979166666668,6.351770833333333,21,3,24,50.551500000000004,-2.0580000000000003,87.5,3.51,9.9,6.8,237.60000000000002,2.9
WRSBES_BESS1,2026-07-27,0.0,-34.0,0.0,155.95750000000004,155.95750000000004,6.344166666666666,5.073645833333333,1.2705208333333333,7,0,7,155.95750000000004,0.0,100.0,99.99,9.7,34.0,232.79999999999998,14.6
WR_RN,2026-07-27,5.1000000000000005,-0.8,28.064000000000004,13.260000000000002,41.324000000000005,30.542916666666667,22.18020833333333,8.362708333333334,23,1,24,41.3265,-0.0024999999999998582,95.8,718.72,8.0,5.9,192.0,3.1
WZRD_ESS_RN,2026-07-27,6.9,-2.8,37.46600000000001,18.795500000000004,56.26150000000001,34.337916666666665,27.070624999999996,7.267291666666668,22,2,24,56.503750000000004,-0.24225000000000033,91.7,21.2,0.0,9.7,0.0,0.0
W_HRL_ESR_RN,2026-07-27,0.0,-4.3999999999999995,0.0,30.90299999999999,30.90299999999999,4.7179166666666665,3.426979166666667,1.2909375,4,0,4,30.90299999999999,0.0,100.0,99.99,9.9,4.3999999999999995,237.60000000000002,1.9
X443ESRN,2026-07-27,57.6,-23.8,667.96925,96.30800000000002,764.27725,29.41541666666667,20.132083333333334,9.283333333333333,24,0,24,764.2772500000001,0.0,100.0,99.99,9.0,81.4,216.0,37.7
Z0_DGR2_RN,2026-07-27,0.0,-1.0,0.0,4.449999999999999,4.449999999999999,2.5241666666666664,2.0290624999999998,0.4951041666666667,1,0,1,4.449999999999999,0.0,100.0,99.99,9.9,1.0,237.60000000000002,0.4
ZIER_SLR_ALL,2026-07-27,1444.0,-108.5,104.87099999999907,1007.2217499999999,1112.0927499999991,26.406666666666666,22.11708333333333,4.289583333333334,19,5,24,2965.0170000000003,-1852.924250000001,79.2,0.42,28.0,1552.5,672.0,231.0
