node,date,total_offer_mw,total_bid_mw,offer_revenue,bid_revenue,net_revenue,avg_da_lmp,avg_rt_lmp,avg_dart_spread,hours_positive,hours_negative,hours_participated,positive_revenue,negative_revenue,win_rate,profit_loss_ratio,hsl,total_awarded_mw,max_possible_mw,participation_rate
ABINDUST_RN,2026-06-16,5.1000000000000005,-5.3,5.09125,-7.429999999999984,-2.338749999999984,34.9975,33.6925,1.3050000000000002,16,6,22,15.27775,-17.616499999999984,72.7,0.33,9.9,10.4,237.60000000000002,4.4
ADL_RN,2026-06-16,2.1,-124.5,2.1544999999999983,-4.681000000000082,-2.5265000000000715,34.32041666666667,31.762395833333333,2.5580208333333325,12,10,22,310.81924999999995,-313.34575000000007,54.5,0.83,60.0,126.6,1440.0,8.8
AE_RN,2026-06-16,5.1000000000000005,-0.2,-20.524500000000018,2.9944999999999995,-17.53000000000002,34.335,32.10333333333333,2.231666666666666,12,10,22,8.51675,-26.046750000000024,54.5,0.27,9.9,5.300000000000001,237.60000000000002,2.2
ALAMO_ST_RN,2026-06-16,3.0,0.0,51.742499999999986,0.0,51.742499999999986,4.212916666666667,3.473125,0.7397916666666665,1,0,1,51.742499999999986,0.0,100.0,99.99,9.9,3.0,237.60000000000002,1.3
ALP_BESS_RN,2026-06-16,8.2,-13.9,-235.57874999999996,55.750500000000045,-179.8282499999999,47.59375,51.971666666666664,-4.377916666666665,17,5,22,75.37125000000005,-255.19949999999994,77.3,0.09,100.3,22.1,2407.2,0.9
ALVIN_RN,2026-06-16,23.599999999999998,-86.0,-45.332500000000046,100.4095000000001,55.07700000000004,34.52708333333333,31.9884375,2.5386458333333333,12,10,22,314.42525000000006,-259.34825,54.5,1.01,9.9,109.6,237.60000000000002,46.1
AMAD_ESS_RN,2026-06-16,0.0,-7.0,0.0,37.919999999999995,37.919999999999995,1.2225,0.93375,0.28875,2,0,2,37.919999999999995,0.0,100.0,99.99,0.0,7.0,0.0,0.0
ANCHOR_ALL,2026-06-16,54.2,-67.1,920.7927500000001,124.84725000000009,1045.6400000000003,32.97166666666667,27.58,5.391666666666667,18,5,23,1197.9722500000003,-152.33225,78.3,2.18,36.3,121.3,871.1999999999999,13.9
ANDMDSLR_ALL,2026-06-16,84.0,-88.89999999999999,1045.1580000000001,-142.97875,902.17925,31.655,22.9328125,8.7221875,15,8,23,1183.09025,-280.911,65.2,2.25,81.9,172.89999999999998,1965.6000000000001,8.8
ANEM_ESS_RN,2026-06-16,21.1,-0.2,223.54800000000003,2.4377500000000003,225.98575000000005,34.71666666666666,33.69708333333333,1.0195833333333326,12,10,22,231.05875000000006,-5.073000000000001,54.5,37.96,200.0,21.3,4800.0,0.4
ANG_ALL,2026-06-16,672.1999999999999,-66.2,943.2547499999998,177.38949999999997,1120.64425,37.61333333333334,35.666354166666665,1.9469791666666663,14,9,23,2407.525,-1286.88075,60.9,1.2,100.0,738.4,2400.0,30.8
ANOL_ESS_RN,2026-06-16,14.200000000000001,-20.2,59.75450000000001,3.6039999999999996,63.35850000000001,33.56,28.563645833333336,4.996354166666666,16,6,22,75.65875000000001,-12.300250000000009,72.7,2.31,240.0,34.4,5760.0,0.6
ANTL_ESS_ES1,2026-06-16,1.2000000000000002,-56.2,6.593999999999999,444.41049999999996,451.00449999999995,58.312083333333334,51.584375,6.727708333333332,19,4,23,476.746,-25.74150000000001,82.6,3.9,70.0,57.400000000000006,1680.0,3.4
APPLE_ESR_RN,2026-06-16,3.0,-19.0,22.402500000000003,68.63750000000002,91.04000000000002,3.61375,3.2689583333333334,0.3447916666666668,12,2,14,110.30000000000003,-19.259999999999998,85.7,0.95,0.0,22.0,0.0,0.0
ARY_BESS_RN,2026-06-16,3.0,-59.5,29.872499999999988,121.15249999999997,151.02499999999998,4.8620833333333335,4.8878125,-0.025729166666666952,6,3,9,250.21374999999995,-99.18875,66.7,1.26,0.0,62.5,0.0,0.0
AVIL_ESS_RN,2026-06-16,4.300000000000001,-1.4000000000000001,14.253000000000005,12.909499999999998,27.1625,48.165,43.10489583333333,5.060104166666666,18,4,22,28.091500000000007,-0.9289999999999996,81.8,6.72,160.0,5.700000000000001,3840.0,0.1
AZURE_RN,2026-06-16,75.7,-98.7,767.6465,-158.27150000000012,609.3749999999999,32.27708333333333,25.279375,6.997708333333333,17,6,23,820.4144999999999,-211.03950000000003,73.9,1.37,77.6,174.4,1862.3999999999999,9.4
BATCAVE_RN,2026-06-16,517.3,-191.20000000000002,-7325.51325,-1132.0410000000002,-8457.554250000001,28.4825,33.60104166666667,-5.118541666666667,9,14,23,515.6187500000001,-8973.172999999999,39.1,0.09,100.5,708.5,2412.0,29.4
BAYC_BESS_RN,2026-06-16,5.3,-16.3,15.336749999999986,-0.7352500000000006,14.601499999999987,34.44,32.690729166666664,1.749270833333334,12,10,22,45.130499999999984,-30.529,54.5,1.23,9.9,21.6,237.60000000000002,9.1
BCK_RN,2026-06-16,1031.9,-371.7,3266.486749999999,-989.8887500000002,2276.597999999999,34.29291666666666,32.12927083333333,2.163645833333333,13,10,23,4999.64075,-2723.0427500000005,56.5,1.41,126.5,1403.6000000000001,3036.0,46.2
BCNV2_ES_RN,2026-06-16,6.0,0.0,82.635,0.0,82.635,8.23375,6.638854166666666,1.5948958333333334,2,0,2,82.635,0.0,100.0,99.99,0.0,6.0,0.0,0.0
BCNV_RN,2026-06-16,6.0,-4.0,-14.460000000000022,41.705000000000005,27.244999999999983,5.357083333333333,4.966979166666667,0.39010416666666653,2,2,4,41.705000000000005,-14.460000000000022,50.0,2.88,150.0,10.0,3600.0,0.3
BEXAR_ES_RN,2026-06-16,1105.3999999999999,-44.2,-352.0982499999982,-158.67625,-510.7744999999984,34.67541666666667,33.87489583333333,0.800520833333334,13,10,23,2001.4222500000012,-2512.1967499999996,56.5,0.61,100.0,1149.6,2400.0,47.9
BIGSTAR_ALL,2026-06-16,35.5,-55.1,55.040500000000065,-144.76374999999993,-89.72324999999988,34.48875,33.391979166666665,1.0967708333333337,13,10,23,228.44750000000002,-318.17074999999994,56.5,0.55,80.0,90.6,1920.0,4.7
BKSL_RN,2026-06-16,14.200000000000001,-6.1000000000000005,11.632249999999985,218.1175,229.74975,30.93041666666667,23.989375,6.941041666666666,16,6,22,231.7005,-1.9507499999999958,72.7,44.54,100.0,20.3,2400.0,0.8
BLACKSPR_RN,2026-06-16,3.0,-67.0,25.942500000000003,-3827.94,-3801.9975,2.920833333333333,2.668854166666667,0.25197916666666664,7,5,12,360.2475,-4162.245,58.3,0.06,120.0,70.0,2880.0,2.4
BLSMT1_5_A_6,2026-06-16,89.4,-110.3,1545.266,-153.5444999999997,1391.7215000000006,32.19416666666667,26.621666666666666,5.572500000000001,18,5,23,1644.0132500000002,-252.2917499999998,78.3,1.81,150.0,199.7,3600.0,5.5
BLUEJAY_RN,2026-06-16,200.70000000000002,-199.9,120.62150000000018,106.94825000000016,227.56975000000025,34.13125,31.3171875,2.8140625,13,10,23,1000.2644999999999,-772.6947499999998,56.5,1.0,50.0,400.6,1200.0,33.4
BLVN_RN,2026-06-16,25.1,-53.1,11.017750000000007,-46.818,-35.80025000000001,34.23791666666667,32.5071875,1.7307291666666673,12,10,22,210.78275000000002,-246.58300000000006,54.5,0.71,180.0,78.2,4320.0,1.8
BOCO_ESS_RN,2026-06-16,25.5,-31.400000000000002,-121.70199999999998,92.53674999999996,-29.165250000000025,39.2025,37.02354166666667,2.1789583333333327,18,4,22,124.66749999999995,-153.83274999999998,81.8,0.18,150.0,56.900000000000006,3600.0,1.6
BRHEIGHT_RN,2026-06-16,12.2,-4.8,16.055249999999994,-8.026749999999993,8.028500000000001,34.528333333333336,31.932083333333335,2.5962500000000013,12,10,22,31.60175,-23.573249999999998,54.5,1.12,9.9,17.0,237.60000000000002,7.2
BRPANGLE_RN,2026-06-16,2.1,-1.2,1.431,9.871500000000003,11.302500000000002,34.322916666666664,32.139895833333334,2.1830208333333334,12,10,22,15.331500000000005,-4.029000000000001,54.5,3.17,9.9,3.3,237.60000000000002,1.4
BRPMAGNO_RN,2026-06-16,38.300000000000004,-63.3,-68.981,379.68600000000004,310.70500000000004,34.527499999999996,31.9465625,2.5809375000000006,13,10,23,404.92975000000007,-94.22474999999997,56.5,3.31,9.9,101.6,237.60000000000002,42.8
BRP_BRAZ_RN,2026-06-16,2.1,-0.2,1.434,2.9887500000000005,4.422750000000001,34.3225,32.13791666666666,2.1845833333333333,12,10,22,8.450750000000001,-4.028000000000001,54.5,1.75,9.9,2.3000000000000003,237.60000000000002,1.0
BRP_DIKN_RN,2026-06-16,6.1,0.0,9.616000000000001,0.0,9.616000000000001,6.134583333333333,5.610416666666666,0.5241666666666668,3,0,3,9.616000000000001,0.0,100.0,99.99,9.9,6.1,237.60000000000002,2.6
BRP_LOOP_RN,2026-06-16,3.0,-135.7,43.95749999999999,-46.51424999999999,-2.556750000000001,3.30875,2.9521874999999995,0.3565624999999999,4,2,6,159.98324999999997,-162.53999999999996,66.7,0.49,9.9,138.7,237.60000000000002,58.4
BRP_LOP1_RN,2026-06-16,59.800000000000004,0.0,73.48000000000017,0.0,73.48000000000017,6.819583333333334,6.2334375,0.5861458333333335,3,1,4,94.65300000000018,-21.172999999999995,75.0,1.49,9.9,59.800000000000004,237.60000000000002,25.2
BRP_PBL1_RN,2026-06-16,83.8,-6.0,276.89324999999985,59.32,336.2132499999999,13.95375,11.536770833333334,2.4169791666666667,7,1,8,538.32675,-202.11350000000007,87.5,0.38,9.9,89.8,237.60000000000002,37.8
BRP_PBL2_RN,2026-06-16,3.0,-56.2,31.409999999999997,28.683749999999975,60.09374999999998,5.32625,5.782604166666666,-0.45635416666666656,4,3,7,244.29375000000002,-184.20000000000002,57.1,0.99,9.9,59.2,237.60000000000002,24.9
BRP_RN_UNIT1,2026-06-16,13.099999999999998,-6.2,70.90274999999998,57.41125000000002,128.314,34.75416666666667,33.9290625,0.8251041666666667,13,10,23,134.03950000000003,-5.7255,56.5,18.01,9.9,19.299999999999997,237.60000000000002,8.1
BRP_SWNY_RN,2026-06-16,2.1,-0.2,1.4370000000000007,2.9905,4.427500000000001,34.321666666666665,32.1346875,2.1869791666666667,12,10,22,8.455250000000001,-4.02775,54.5,1.75,9.9,2.3000000000000003,237.60000000000002,1.0
BRP_ZPT1_RN,2026-06-16,0.0,-12.0,0.0,62.799999999999976,62.799999999999976,4.142916666666666,4.028854166666666,0.11406249999999973,4,2,6,75.83999999999999,-13.040000000000013,66.7,2.91,9.9,12.0,237.60000000000002,5.1
BRP_ZPT2_RN,2026-06-16,135.8,-4.2,339.10899999999975,1.904000000000006,341.01299999999975,33.600833333333334,30.817291666666666,2.783541666666665,11,10,21,416.5957499999999,-75.5827500000002,52.4,5.01,9.9,140.0,237.60000000000002,58.9
BR_ARROW_ALL,2026-06-16,32.3,-34.9,211.29325,94.18274999999996,305.47599999999994,33.46375,28.265520833333337,5.198229166666667,17,6,23,350.17725,-44.70125000000003,73.9,2.76,51.7,67.19999999999999,1240.8000000000002,5.4
BSS_U1,2026-06-16,62.2,-7.2,0.06474999999999653,21.419999999999984,21.484749999999984,9.042916666666667,8.814791666666666,0.2281249999999999,4,4,8,149.12249999999997,-127.63774999999998,50.0,1.17,9.9,69.4,237.60000000000002,29.2
BUDA_RN,2026-06-16,23.0,-4.0,22.63000000000001,20.284999999999997,42.915000000000006,16.991666666666667,16.204687500000002,0.7869791666666667,6,5,11,124.32500000000002,-81.41,54.5,1.27,9.9,27.0,237.60000000000002,11.4
BYP_RN,2026-06-16,3.0,-74.0,8.887499999999996,-113.32500000000005,-104.43750000000006,1.4654166666666668,1.3419791666666667,0.12343749999999994,3,9,12,85.56749999999995,-190.00500000000002,25.0,1.35,200.0,77.0,4800.0,1.6
BYRDR_ES_ALL,2026-06-16,6.0,0.0,64.33500000000002,0.0,64.33500000000002,5.88625,5.277708333333333,0.608541666666667,2,0,2,64.33500000000002,0.0,100.0,99.99,50.0,6.0,1200.0,0.5
CACH_ESS_RN,2026-06-16,2.2,-2.2,0.4267499999999991,25.203250000000015,25.630000000000013,34.66833333333333,33.71270833333333,0.955625,12,10,22,30.907500000000013,-5.277500000000001,54.5,4.88,200.0,4.4,4800.0,0.1
CAMWIND_RN,2026-06-16,2.1,-146.9,-3.4895000000000014,-349.1,-352.58950000000004,33.4375,33.6790625,-0.24156250000000026,9,13,22,259.78775,-612.37725,40.9,0.61,16.4,149.0,393.59999999999997,37.9
CARA_ESS_RN,2026-06-16,3.0,0.0,32.9025,0.0,32.9025,4.485416666666667,4.670729166666667,-0.18531249999999963,1,0,1,32.9025,0.0,100.0,99.99,98.3,3.0,2359.2,0.1
CARN_ESS_RN,2026-06-16,5.4,-30.2,-10.735750000000017,-57.84000000000005,-68.57575000000007,34.145,33.45708333333334,0.6879166666666666,12,10,22,59.3925,-127.96825000000007,54.5,0.39,150.0,35.6,3600.0,1.0
CARRIZO_ESR1,2026-06-16,4.3,-1.9000000000000001,-10.45825,5.66125,-4.797000000000001,36.339166666666664,34.39572916666667,1.9434374999999993,13,9,22,11.37,-16.167,59.1,0.49,9.8,6.2,235.20000000000002,2.6
CARTWHL_RN,2026-06-16,3.0,0.0,-22.320000000000014,0.0,-22.320000000000014,1.5570833333333332,1.8670833333333334,-0.3100000000000002,0,1,1,0.0,-22.320000000000014,0.0,0.0,150.0,3.0,3600.0,0.1
CASL_GAP_UN1,2026-06-16,114.89999999999999,-137.79999999999998,623.7475,1268.1409999999998,1891.8884999999998,48.826249999999995,43.993541666666665,4.832708333333333,18,5,23,1942.5047499999998,-50.61625000000001,78.3,10.66,3.9,252.7,93.6,270.0
CAST_ESS_RN,2026-06-16,6.0,-17.0,2.8275000000000077,133.51749999999998,136.345,4.123333333333334,3.8764583333333333,0.24687500000000018,8,0,8,136.345,0.0,100.0,99.99,200.0,23.0,4800.0,0.5
CATARINA_B1,2026-06-16,69.9,-237.2,89.232,391.3444999999997,480.5764999999997,36.81916666666667,34.16770833333333,2.6514583333333324,14,9,23,952.2779999999998,-471.70149999999995,60.9,1.3,9.9,307.1,237.60000000000002,129.3
CEDRVALE_RN,2026-06-16,4.3,-4.3,30.573999999999998,26.673500000000008,57.24750000000001,45.83583333333333,42.533229166666665,3.3026041666666672,17,5,22,59.398250000000004,-2.1507499999999986,77.3,8.12,9.9,8.6,237.60000000000002,3.6
CFLAT_ES_RN,2026-06-16,0.0,-88.0,0.0,-129.28250000000003,-129.28250000000003,1.54,1.8666666666666665,-0.3266666666666665,5,6,11,172.68249999999992,-301.965,45.5,0.69,100.0,88.0,2400.0,3.7
CHIL_SLR,2026-06-16,502.40000000000003,-4.3,-1358.4759999999997,42.788500000000006,-1315.6874999999998,34.324999999999996,33.09979166666667,1.225208333333334,13,10,23,1106.87625,-2422.56375,56.5,0.35,150.0,506.70000000000005,3600.0,14.1
CISC_RN,2026-06-16,12.4,-53.9,-334.15875,-335.81899999999996,-669.97775,34.89791666666667,40.038020833333334,-5.140104166666666,14,9,23,73.97474999999996,-743.9524999999999,60.9,0.06,9.9,66.3,237.60000000000002,27.9
CITRUSCY_RN,2026-06-16,2.2,-0.2,-1.4297499999999994,2.37775,0.9480000000000004,31.4675,29.903229166666666,1.5642708333333335,8,13,21,6.971,-6.023,38.1,1.88,6.0,2.4000000000000004,144.0,1.7
CLO_RN,2026-06-16,8.200000000000001,-42.7,1.3262499999999928,214.09625,215.42249999999999,34.13291666666667,31.898750000000003,2.2341666666666664,13,10,23,269.337,-53.91449999999998,56.5,3.84,100.0,50.900000000000006,2400.0,2.1
CNLY_ESS_RN,2026-06-16,8.3,-4.4,-362.00275000000005,-148.5405,-510.54325000000006,33.981249999999996,41.580416666666665,-7.599166666666666,11,12,23,47.46775000000001,-558.011,47.8,0.09,125.0,12.700000000000001,3000.0,0.4
CNTRY_RN,2026-06-16,5.300000000000001,-0.30000000000000004,13.138000000000002,5.375,18.513,33.449999999999996,27.37625,6.07375,16,6,22,20.552,-2.0389999999999997,72.7,3.78,9.8,5.6000000000000005,235.20000000000002,2.4
CNTYRDS_RN,2026-06-16,6.0,0.0,29.055000000000007,0.0,29.055000000000007,8.775,7.6353125,1.1396875000000006,1,0,1,29.055000000000007,0.0,100.0,99.99,9.9,6.0,237.60000000000002,2.5
CONTINEN_RN,2026-06-16,22.6,-80.3,252.39874999999998,-408.5632499999999,-156.1645,33.39125,28.790104166666666,4.601145833333333,10,11,21,278.6112499999999,-434.7757499999999,47.6,0.7,0.0,102.9,0.0,0.0
CORALSLR_ALL,2026-06-16,22.2,-75.8,-85.16449999999998,-98.94999999999993,-184.1144999999999,34.729166666666664,34.88041666666667,-0.15124999999999966,13,10,23,250.06625000000003,-434.18075,56.5,0.44,51.4,98.0,1233.6,7.9
CORAZON_RN,2026-06-16,18.4,-183.6,54.619,-661.5907499999998,-606.9717499999998,19.642500000000002,19.1721875,0.4703125000000001,11,8,19,205.62424999999996,-812.5959999999998,57.9,0.18,200.0,202.0,4800.0,4.2
COYOTSPR_RN,2026-06-16,6.0,0.0,-10.837500000000013,0.0,-10.837500000000013,5.4245833333333335,5.566666666666666,-0.14208333333333334,1,1,2,14.347499999999997,-25.18500000000001,50.0,0.57,9.9,6.0,237.60000000000002,2.5
CROSSETT_ALL,2026-06-16,122.3,-191.2,646.0679999999998,923.5855000000003,1569.6535,25.775833333333335,22.019791666666666,3.756041666666667,15,4,19,1599.066,-29.412499999999994,78.9,14.5,100.0,313.5,2400.0,13.1
CROSSTRL_RN,2026-06-16,25.8,-25.8,-30.967499999999987,66.55150000000002,35.58400000000004,42.17958333333333,41.413125,0.766458333333334,17,6,23,124.68850000000005,-89.10450000000002,73.9,0.49,57.0,51.6,1368.0,3.8
CR_RN,2026-06-16,8.3,-0.4,65.37975000000002,6.109000000000001,71.48875000000001,34.2075,31.830729166666668,2.376770833333333,12,10,22,75.56125,-4.072500000000002,54.5,15.46,9.8,8.700000000000001,235.20000000000002,3.7
CS_RN,2026-06-16,8.1,-69.2,-17.226000000000024,-17.64100000000004,-34.86700000000009,34.33583333333333,31.770625,2.5652083333333326,12,10,22,204.22299999999996,-239.09,54.5,0.71,7.0,77.3,168.0,46.0
CTW_RN,2026-06-16,30.200000000000003,-57.5,43.863,-73.4315,-29.568499999999986,34.38875,32.0446875,2.3440625,13,10,23,193.47975000000005,-223.04825,56.5,0.67,150.0,87.7,3600.0,2.4
DAN_ALL,2026-06-16,53.5,-58.2,51.42524999999998,-92.5035,-41.07825000000001,34.385,32.44708333333333,1.937916666666667,13,10,23,256.071,-297.14925,56.5,0.66,76.3,111.7,1831.1999999999998,6.1
DA_BESS,2026-06-16,2.1,-0.2,1.509999999999999,3.0085,4.518499999999999,34.32,32.08979166666666,2.2302083333333327,12,10,22,8.5125,-3.994000000000001,54.5,1.78,5.0,2.3000000000000003,120.0,1.9
DA_BESS2,2026-06-16,3.0,0.0,34.83,0.0,34.83,33.50666666666667,26.624166666666667,6.882499999999999,1,0,1,34.83,0.0,100.0,99.99,9.9,3.0,237.60000000000002,1.3
DC2SES_ALL,2026-06-16,2.2,-27.7,7.378000000000001,133.13524999999998,140.51325,31.95125,27.873333333333335,4.077916666666667,16,7,23,160.17125,-19.657999999999983,69.6,3.56,66.5,29.9,1596.0,1.9
DESN_ESS_RN,2026-06-16,0.0,0.0,0.0,0.0,0.0,0.0,0.0,0.0,0,0,0,0.0,0.0,0.0,0.0,200.0,0.0,4800.0,0.0
DGFS_ESR_RN,2026-06-16,1.3,-1.4000000000000001,3.1472500000000005,12.79825,15.945500000000001,48.36166666666667,43.31625,5.045416666666667,19,3,22,16.85125,-0.9057499999999994,86.4,2.94,75.0,2.7,1800.0,0.1
DIBOL_RN,2026-06-16,9.0,0.0,109.1025,0.0,109.1025,5.064583333333334,3.5492708333333334,1.5153125000000003,3,0,3,109.1025,0.0,100.0,99.99,9.9,9.0,237.60000000000002,3.8
DKNS_ESS_RN,2026-06-16,6.0,0.0,-6.967499999999994,0.0,-6.967499999999994,2.432916666666667,1.9191666666666665,0.51375,0,1,1,0.0,-6.967499999999994,0.0,0.0,50.0,6.0,1200.0,0.5
DRAK_ESS_RN,2026-06-16,0.0,0.0,0.0,0.0,0.0,38.1575,29.732499999999998,8.424999999999999,0,0,0,0.0,0.0,0.0,0.0,150.0,0.0,3600.0,0.0
DSWL_BES1,2026-06-16,3.2,-0.1,55.76649999999999,1.765,57.531499999999994,5.480833333333333,4.659270833333333,0.8215624999999999,2,2,4,57.834999999999994,-0.30350000000000005,50.0,190.56,150.0,3.3000000000000003,3600.0,0.1
EBNY_ESS_RN,2026-06-16,8.4,-4.2,25.174499999999984,51.880499999999984,77.05499999999996,34.80416666666667,33.78760416666667,1.0165624999999994,12,10,22,90.31999999999996,-13.265000000000002,54.5,5.67,195.0,12.600000000000001,4680.0,0.3
ELMCRK_RN,2026-06-16,3.0,0.0,3.105000000000011,0.0,3.105000000000011,1.8258333333333334,1.7827083333333331,0.043125000000000156,1,0,1,3.105000000000011,0.0,100.0,99.99,9.9,3.0,237.60000000000002,1.3
ELM_ST_RN,2026-06-16,9.0,0.0,70.785,0.0,70.785,7.482916666666667,6.478854166666667,1.0040625,2,0,2,70.785,0.0,100.0,99.99,9.9,9.0,237.60000000000002,3.8
ELM_ST_RN2,2026-06-16,3.0,0.0,41.760000000000005,0.0,41.760000000000005,2.6991666666666667,2.1191666666666666,0.5800000000000001,1,0,1,41.760000000000005,0.0,100.0,99.99,9.9,3.0,237.60000000000002,1.3
ELSA_ESR_RN,2026-06-16,0.0,-2.0,0.0,22.284999999999997,22.284999999999997,2.4345833333333333,3.278020833333333,-0.8434375,1,0,1,22.284999999999997,0.0,100.0,99.99,9.9,2.0,237.60000000000002,0.8
ELZA_SLR_RN,2026-06-16,11.200000000000001,-3.0000000000000004,46.786,55.926500000000004,102.7125,33.505,28.374062499999997,5.130937499999999,16,6,22,106.80850000000001,-4.096000000000003,72.7,9.78,100.0,14.200000000000001,2400.0,0.6
EMPCT_RN,2026-06-16,5.2,-2.3,6.950750000000001,11.310249999999996,18.260999999999996,33.51291666666666,28.1046875,5.4082291666666675,16,6,22,20.15175,-1.8907500000000004,72.7,4.0,9.9,7.5,237.60000000000002,3.2
ENDPARK_ESS1,2026-06-16,8.8,-15.100000000000001,344.9215,369.2555,714.177,30.316666666666666,16.95447916666667,13.3621875,15,8,23,730.1610000000001,-15.984000000000002,65.2,24.36,50.0,23.900000000000002,1200.0,2.0
ESCONDID_ESR,2026-06-16,10.2,-56.8,-70.60999999999999,-336.17974999999996,-406.7897499999999,38.80958333333333,39.22291666666667,-0.4133333333333337,10,12,22,57.873999999999995,-464.66374999999994,45.5,0.15,0.0,67.0,0.0,0.0
ESTONIAN_ALL,2026-06-16,36.8,-11.0,310.99075,50.056000000000004,361.04675,33.46666666666667,28.492499999999996,4.974166666666666,16,6,22,382.12025,-21.073500000000003,72.7,6.8,101.6,47.8,2438.3999999999996,2.0
EUNICE_ALL,2026-06-16,951.0,-77.6,1064.9810000000002,-331.7167500000001,733.26425,27.162916666666664,26.299791666666664,0.8631249999999998,16,4,20,2985.342,-2252.0777500000004,80.0,0.33,17.0,1028.6,408.0,252.1
EVLN_ESS_RN,2026-06-16,11.2,-48.2,73.34950000000003,18.017500000000034,91.36700000000008,34.52875,31.927916666666665,2.600833333333334,13,10,23,205.72975000000005,-114.36274999999998,56.5,1.38,220.0,59.400000000000006,5280.0,1.1
E_HARRIS_RN,2026-06-16,8.3,-0.30000000000000004,36.36075,2.9397499999999996,39.3005,33.385,33.681666666666665,-0.2966666666666673,10,13,23,48.25475000000001,-8.954250000000002,43.5,7.01,9.9,8.600000000000001,237.60000000000002,3.6
FALFUR_RN,2026-06-16,8.200000000000001,-42.2,15.323000000000004,6.920500000000047,22.243500000000054,34.25291666666667,33.19927083333334,1.0536458333333336,12,10,22,136.35500000000002,-114.11149999999998,54.5,1.0,9.9,50.400000000000006,237.60000000000002,21.2
FALFUR_RN2,2026-06-16,0.0,0.0,0.0,0.0,0.0,35.87,28.105,7.764999999999997,0,0,0,0.0,0.0,0.0,0.0,9.8,0.0,235.20000000000002,0.0
FAULKNER_RN,2026-06-16,0.0,0.0,0.0,0.0,0.0,2.733333333333333,2.2695833333333333,0.46374999999999983,0,0,0,0.0,0.0,0.0,0.0,9.9,0.0,237.60000000000002,0.0
FENCESLR_ALL,2026-06-16,78.4,-21.2,363.30049999999994,38.693000000000005,401.9934999999999,33.567083333333336,28.479166666666668,5.087916666666667,16,6,22,478.15600000000006,-76.16250000000011,72.7,2.35,71.0,99.60000000000001,1704.0,5.8
FERD_ESS_RN,2026-06-16,6.0,-9.0,52.86750000000001,23.690000000000005,76.5575,4.01875,3.284479166666667,0.7342708333333334,3,0,3,76.5575,0.0,100.0,99.99,200.0,15.0,4800.0,0.3
FIVEWSLR_ALL,2026-06-16,1609.3,-33.2,-4862.868749999999,-38.25100000000003,-4901.119749999999,23.07375,22.550208333333334,0.5235416666666669,9,8,17,3445.3832500000003,-8346.502999999999,52.9,0.37,220.0,1642.5,5280.0,31.1
FLOWERII_RN,2026-06-16,69.7,-120.8,133.41374999999994,219.63175000000004,353.04549999999995,46.4,42.8034375,3.5965624999999997,18,5,23,491.10299999999995,-138.0575,78.3,0.99,100.0,190.5,2400.0,7.9
FLTBES1,2026-06-16,0.0,0.0,0.0,0.0,0.0,1.1175,1.1194791666666666,-0.001979166666666643,0,0,0,0.0,0.0,0.0,0.0,8.5,0.0,204.0,0.0
FLVABES1_ESR,2026-06-16,34.6,-10.2,-5.30699999999996,19.936000000000003,14.62900000000004,18.310416666666665,16.6178125,1.6926041666666667,5,2,7,25.766,-11.136999999999958,71.4,0.93,9.9,44.8,237.60000000000002,18.9
FORTMA_RN,2026-06-16,158.0,-12.0,-1927.1350000000002,58.67500000000001,-1868.4600000000003,21.83375,27.56135416666667,-5.727604166666668,5,11,16,145.88999999999996,-2014.3500000000004,31.2,0.16,6.0,170.0,144.0,118.1
FRMRSVLW_RN,2026-06-16,5.2,-9.3,19.446250000000003,96.46999999999998,115.91624999999999,33.464999999999996,28.343958333333333,5.121041666666667,16,6,22,119.362,-3.4457500000000025,72.7,12.99,9.9,14.5,237.60000000000002,6.1
FRMR_BS2_RN1,2026-06-16,3.0,0.0,-1.8000000000000043,0.0,-1.8000000000000043,2.883333333333333,2.7503124999999997,0.13302083333333314,0,1,1,0.0,-1.8000000000000043,0.0,0.0,6.0,3.0,144.0,2.1
FTDUNCAN_RN,2026-06-16,4.2,-2.8,25.014749999999996,6.272000000000002,31.286749999999998,38.65958333333334,39.152499999999996,-0.4929166666666657,10,12,22,43.844,-12.55725,45.5,4.19,100.0,7.0,2400.0,0.3
GAIA_SLR_RN,2026-06-16,3.0,0.0,-2.385000000000005,0.0,-2.385000000000005,4.28375,4.274791666666666,0.00895833333333318,0,1,1,0.0,-2.385000000000005,0.0,0.0,76.3,3.0,1831.1999999999998,0.2
GAMBIT_RN,2026-06-16,3.0,0.0,42.03749999999999,0.0,42.03749999999999,34.322916666666664,32.139895833333334,2.1830208333333334,1,0,1,42.03749999999999,0.0,100.0,99.99,100.0,3.0,2400.0,0.1
GARC_BESS_RN,2026-06-16,0.0,0.0,0.0,0.0,0.0,0.0,0.0,0.0,0,0,0,0.0,0.0,0.0,0.0,9.9,0.0,237.60000000000002,0.0
GIGA_ESS_RN,2026-06-16,11.3,-12.2,29.002750000000002,-14.18899999999999,14.813750000000017,34.580000000000005,33.731249999999996,0.8487500000000007,12,10,22,99.25925000000001,-84.44550000000001,54.5,0.98,125.0,23.5,3000.0,0.8
GKS_BESS_RN,2026-06-16,8.3,-226.5,62.10224999999999,-247.34374999999997,-185.2415,33.82083333333333,34.614583333333336,-0.7937500000000006,8,14,22,506.9775000000001,-692.219,36.4,1.28,93.0,234.8,2232.0,10.5
GODY_SLR_RN,2026-06-16,120.0,-18.0,-132.56250000000003,386.0175,253.45499999999998,7.9925,8.360729166666667,-0.3682291666666668,8,7,15,455.76750000000004,-202.31250000000006,53.3,1.97,50.0,138.0,1200.0,11.5
GOMZ_RN,2026-06-16,1.3,-4.6,2.566500000000001,29.233250000000012,31.799750000000017,46.877916666666664,43.14958333333333,3.728333333333334,17,5,22,33.871000000000016,-2.071249999999999,77.3,4.81,9.9,5.8999999999999995,237.60000000000002,2.5
GOODWIN_ESR,2026-06-16,0.0,-164.0,0.0,-275.5449999999999,-275.5449999999999,4.802083333333333,4.435,0.36708333333333343,6,10,16,231.75000000000003,-507.2949999999999,37.5,0.76,7.0,164.0,168.0,97.6
GRDNE_ESR_RN,2026-06-16,7.3,-1.4000000000000001,21.36075,6.767000000000002,28.12775,44.474583333333335,41.99520833333333,2.4793749999999997,19,4,23,49.03074999999999,-20.902999999999995,82.6,0.49,9.9,8.7,237.60000000000002,3.7
GREGORY_RN,2026-06-16,58.3,-199.0,423.53574999999995,-258.4395,165.09624999999994,35.18083333333333,33.411875,1.7689583333333336,13,10,23,833.6645,-668.56825,56.5,0.96,0.0,257.3,0.0,0.0
GZ_RN,2026-06-16,139.0,0.0,-98.31750000000002,0.0,-98.31750000000002,30.320000000000004,28.1596875,2.1603125000000003,5,8,13,181.38749999999996,-279.705,38.5,1.04,9.0,139.0,216.0,64.4
HAMI_BESS_RN,2026-06-16,6.0,-17.0,18.97500000000002,43.45000000000002,62.42500000000003,5.783333333333334,5.277291666666667,0.5060416666666671,7,2,9,78.57000000000004,-16.145000000000003,77.8,1.39,9.9,23.0,237.60000000000002,9.7
HARLIN_1_RN,2026-06-16,0.0,-17.0,0.0,24.38499999999997,24.38499999999997,1.1258333333333332,1.4304166666666667,-0.30458333333333326,4,4,8,68.42249999999999,-44.03750000000001,50.0,1.55,0.0,17.0,0.0,0.0
HEADCAMP_RN,2026-06-16,15.0,0.0,142.79999999999995,0.0,142.79999999999995,10.634583333333333,9.264375,1.370208333333333,3,0,3,142.79999999999995,0.0,100.0,99.99,150.0,15.0,3600.0,0.4
HEARN_RD_RN,2026-06-16,31.4,-30.2,-25.199249999999925,100.44250000000004,75.2432500000001,34.32375,33.45802083333333,0.8657291666666674,12,10,22,204.6395,-129.39624999999992,54.5,1.32,9.8,61.599999999999994,235.20000000000002,26.2
HEN_RN,2026-06-16,0.0,-2.0,0.0,17.695,17.695,1.09125,1.1914583333333333,-0.10020833333333323,2,0,2,17.695,0.0,100.0,99.99,150.0,2.0,3600.0,0.1
HI_LONEB_RN1,2026-06-16,17.5,-23.8,82.717,-21.073000000000025,61.64399999999998,39.402499999999996,37.460208333333334,1.942291666666667,13,8,21,116.10600000000002,-54.46200000000003,61.9,1.31,50.0,41.3,1200.0,3.4
HLY_RN,2026-06-16,0.0,-35.0,0.0,81.24124999999998,81.24124999999998,1.0904166666666668,1.1903124999999999,-0.09989583333333323,4,2,6,149.62124999999997,-68.38000000000001,66.7,1.09,102.0,35.0,2448.0,1.4
HMNG_ESS_RN,2026-06-16,2.4000000000000004,-22.0,8.552250000000003,494.039,502.59125,33.31375,26.864166666666666,6.449583333333334,16,7,23,504.33349999999996,-1.7422499999999985,69.6,126.64,100.0,24.4,2400.0,1.0
HNY_COMB_RN,2026-06-16,0.0,0.0,0.0,0.0,0.0,27.922000000000004,28.7275,-0.8055000000000007,0,0,0,0.0,0.0,0.0,0.0,61.5,0.0,1476.0,0.0
HOLCOMB_RN1,2026-06-16,0.0,0.0,0.0,0.0,0.0,34.839999999999996,33.529895833333335,1.3101041666666673,0,0,0,0.0,0.0,0.0,0.0,9.9,0.0,237.60000000000002,0.0
HOUSEMTN_RN,2026-06-16,52.99999999999999,-71.8,94.29574999999996,100.37150000000001,194.66724999999997,46.739583333333336,42.96541666666667,3.7741666666666656,16,7,23,304.6039999999999,-109.93674999999996,69.6,1.21,60.0,124.79999999999998,1440.0,8.7
HRMS_SLR_RN,2026-06-16,3.0,0.0,9.307499999999997,0.0,9.307499999999997,1.4558333333333333,1.3265624999999999,0.1292708333333333,1,0,1,9.307499999999997,0.0,100.0,99.99,100.0,3.0,2400.0,0.1
HV_BESS1_RN,2026-06-16,141.1,-41.3,139.31024999999997,51.70350000000003,191.01375,34.25291666666667,31.741874999999997,2.511041666666667,13,10,23,515.18675,-324.173,56.5,1.22,9.0,182.39999999999998,216.0,84.4
HWY6_RN,2026-06-16,19.2,0.0,-0.8470000000000084,0.0,-0.8470000000000084,6.444583333333334,6.384583333333333,0.06000000000000005,1,2,3,32.04999999999998,-32.89699999999999,33.3,1.95,9.9,19.2,237.60000000000002,8.1
HYDR_ESS_RN,2026-06-16,6.0,-13.0,21.6675,1.7759999999999954,23.443499999999997,2.4779166666666668,2.2734375,0.20447916666666663,2,2,4,29.628499999999995,-6.185,50.0,4.79,200.0,19.0,4800.0,0.4
IND_INADALE1,2026-06-16,65.6,-82.6,163.52374999999992,110.82749999999999,274.35124999999994,33.38791666666666,31.158541666666665,2.229375,17,6,23,514.9912499999998,-240.63999999999993,73.9,0.76,9.9,148.2,237.60000000000002,62.4
INRT_W_ALL,2026-06-16,1183.1000000000001,-94.7,12560.467500000002,15.540000000000003,12576.007500000002,32.229166666666664,25.357708333333335,6.871458333333333,17,6,23,13346.687000000002,-770.6795000000001,73.9,6.11,13.0,1277.8000000000002,312.0,409.6
JADE_SLR_ALL,2026-06-16,56.3,-97.5,1110.33925,38.092749999999995,1148.432,31.295833333333334,21.763229166666665,9.532604166666667,15,8,23,1388.1005,-239.6685000000001,65.2,3.09,81.9,153.8,1965.6000000000001,7.8
JAG_SLR_RN,2026-06-16,8.2,-20.3,54.35800000000001,17.322749999999946,71.68074999999996,33.89541666666667,30.018229166666668,3.8771875000000002,16,6,22,73.87749999999997,-2.1967499999999998,72.7,12.61,150.0,28.5,3600.0,0.8
JAR_RN,2026-06-16,7.2,-36.3,37.52524999999999,22.288249999999977,59.81349999999997,34.279583333333335,32.022708333333334,2.256874999999999,13,10,23,166.82924999999997,-107.01575000000003,56.5,1.2,156.0,43.5,3744.0,1.2
JC_BAT_RN,2026-06-16,2.3000000000000003,-0.2,-1.2244999999999995,2.45575,1.2312500000000002,34.190416666666664,34.00010416666667,0.1903125000000001,11,11,22,7.749249999999998,-6.518,50.0,1.19,1.2,2.5000000000000004,28.799999999999997,8.7
JDKNS_RN,2026-06-16,4.3,-11.200000000000001,-23.523499999999995,26.06150000000001,2.5380000000000162,45.2825,42.165625,3.116875,18,4,22,68.59875000000002,-66.06074999999998,81.8,0.23,9.9,15.5,237.60000000000002,6.5
JUNCTION_RN,2026-06-16,24.099999999999998,-48.4,580.6184999999999,2039.307,2619.9255,66.06791666666668,32.9078125,33.16010416666666,19,4,23,2678.7052499999995,-58.77975000000001,82.6,9.59,9.9,72.5,237.60000000000002,30.5
JUNORTH_RN,2026-06-16,68.0,-30.8,2916.3925,255.25650000000002,3171.6490000000003,49.95666666666667,22.6003125,27.356354166666666,16,4,20,3225.773,-54.124,80.0,14.9,0.0,98.8,0.0,0.0
KEG_RN,2026-06-16,6.0,-10.0,-19.365000000000016,-11.129999999999995,-30.49500000000001,4.3429166666666665,4.8455208333333335,-0.502604166666667,3,4,7,20.3525,-50.84750000000001,42.9,0.53,0.0,16.0,0.0,0.0
KNAPP_RN,2026-06-16,55.0,-46.0,-2099.125,-1613.9,-3713.0250000000005,13.251666666666667,28.1609375,-14.909270833333332,14,7,21,465.6475,-4178.6725,66.7,0.06,0.0,101.0,0.0,0.0
LANTANA_RN,2026-06-16,0.0,-102.0,0.0,-69.47999999999999,-69.47999999999999,1.5029166666666667,1.7090625,-0.20614583333333325,9,10,19,228.7725,-298.25249999999994,47.4,0.85,9.9,102.0,237.60000000000002,42.9
LAUR_BESS_RN,2026-06-16,15.299999999999999,-92.9,27.860249999999997,237.27675000000002,265.137,33.420833333333334,33.7403125,-0.31947916666666637,10,13,23,463.38400000000007,-198.24700000000007,43.5,3.04,9.8,108.2,235.20000000000002,46.0
LBRA_BES1,2026-06-16,11.4,-0.2,33.81649999999999,2.5347500000000007,36.351249999999986,34.72208333333334,33.63708333333333,1.0850000000000002,12,10,22,50.69099999999999,-14.33975,54.5,2.95,200.0,11.6,4800.0,0.2
LEAKEY_RN,2026-06-16,0.0,0.0,0.0,0.0,0.0,0.0,0.0,0.0,0,0,0,0.0,0.0,0.0,0.0,0.0,0.0,0.0,0.0
LFSTH_RN,2026-06-16,5.3,-12.2,-3.854249999999992,37.86725,34.013000000000005,34.069583333333334,28.997395833333332,5.072187500000001,16,6,22,50.39725000000001,-16.384250000000005,72.7,1.15,9.9,17.5,237.60000000000002,7.4
LIGSW_RN,2026-06-16,8.200000000000001,-0.30000000000000004,62.782000000000004,5.490500000000001,68.27250000000001,33.449999999999996,27.043958333333332,6.406041666666667,16,6,22,72.31475000000002,-4.042250000000005,72.7,6.71,9.8,8.500000000000002,235.20000000000002,3.6
LILY_RN,2026-06-16,55.0,-32.5,290.008,210.40625000000003,500.41425000000004,33.545,28.51,5.035,17,6,23,529.96175,-29.547500000000007,73.9,6.33,50.0,87.5,1200.0,7.3
LK_RN,2026-06-16,0.0,-2.0,0.0,5.954999999999998,5.954999999999998,2.1891666666666665,2.6145833333333335,-0.4254166666666667,1,0,1,5.954999999999998,0.0,100.0,99.99,0.0,2.0,0.0,0.0
LMO_ESR_RN,2026-06-16,2.2,-0.30000000000000004,2.4827499999999993,4.710000000000001,7.192749999999999,34.13791666666666,31.246979166666666,2.8909374999999997,12,10,22,10.676000000000002,-3.4832500000000013,54.5,2.55,100.0,2.5,2400.0,0.1
LONESTAR_RN,2026-06-16,0.1,-0.6000000000000001,-0.02575000000000003,5.46575,5.44,12.0375,10.9275,1.11,6,1,7,5.465750000000001,-0.02575000000000003,85.7,35.38,9.9,0.7000000000000001,237.60000000000002,0.3
LON_RN1,2026-06-16,13.1,-26.9,82.00175,-60.42125000000003,21.58049999999997,34.377916666666664,32.05770833333333,2.3202083333333334,12,10,22,94.48774999999999,-72.90725000000003,54.5,1.08,174.0,40.0,4176.0,1.0
LOWR_ESS_RN,2026-06-16,2.5,-10.2,-2.6549999999999985,18.352000000000004,15.697000000000005,33.5475,33.092083333333335,0.4554166666666674,10,13,23,59.28725000000001,-43.59025,43.5,1.77,60.0,12.7,1440.0,0.9
LUCKYBLU_RN,2026-06-16,3.0,-21.0,-1.7550000000000026,-317.965,-319.72,3.9600000000000004,3.668854166666667,0.2911458333333334,9,9,18,121.605,-441.32500000000005,50.0,0.28,100.0,24.0,2400.0,1.0
LYNX_ESS_RN,2026-06-16,0.0,0.0,0.0,0.0,0.0,0.0,0.0,0.0,0,0,0,0.0,0.0,0.0,0.0,20.0,0.0,480.0,0.0
LYSSY_RN,2026-06-16,34.5,-24.2,-20.567749999999993,-16.305750000000018,-36.87350000000001,35.01291666666667,33.6778125,1.3351041666666674,12,10,22,83.51525000000002,-120.38875000000002,54.5,0.58,0.0,58.7,0.0,0.0
L_FRE_ESR_RN,2026-06-16,2.3000000000000003,-30.3,-4.806250000000002,145.37799999999996,140.57174999999995,33.42875,33.785000000000004,-0.3562500000000009,10,13,23,181.05424999999994,-40.48250000000001,43.5,5.81,9.9,32.6,237.60000000000002,13.7
MADERO_RN,2026-06-16,3.0,0.0,-57.134999999999984,0.0,-57.134999999999984,4.4750000000000005,6.365833333333334,-1.8908333333333331,0,1,1,0.0,-57.134999999999984,0.0,0.0,100.0,3.0,2400.0,0.1
MAINLAND_RN,2026-06-16,5.2,-24.2,-5.282000000000002,37.73774999999998,32.45574999999999,34.52791666666667,31.947083333333335,2.580833333333334,12,10,22,103.26749999999998,-70.81175000000002,54.5,1.22,9.9,29.4,237.60000000000002,12.4
MEDILA_RN,2026-06-16,87.3,-20.2,74.51449999999998,-42.14175000000003,32.37274999999997,34.7575,34.14416666666667,0.6133333333333332,12,11,23,319.0137499999999,-286.64099999999996,52.2,1.02,9.0,107.5,216.0,49.8
MEDINA1_RN,2026-06-16,0.0,0.0,0.0,0.0,0.0,0.0,0.0,0.0,0,0,0,0.0,0.0,0.0,0.0,0.0,0.0,0.0,0.0
MESQUITE_RN,2026-06-16,3.0,-18.0,0.0,3.165000000000042,3.165000000000042,4.622916666666666,3.949375,0.6735416666666665,2,1,3,50.115000000000016,-46.949999999999974,66.7,0.53,9.9,21.0,237.60000000000002,8.8
MESQUITE_RN2,2026-06-16,3.0,-30.0,23.46,-146.71499999999997,-123.25499999999997,7.6691666666666665,7.312604166666667,0.3565624999999999,1,4,5,23.46,-146.71499999999997,20.0,0.64,0.0,33.0,0.0,0.0
MIDP_SLR_RN,2026-06-16,94.39999999999999,-10.799999999999999,1316.17725,150.44249999999997,1466.61975,32.60958333333333,23.288541666666664,9.321041666666668,17,5,22,1474.5742500000001,-7.954499999999994,77.3,54.52,50.9,105.19999999999999,1221.6,8.6
MIDWY_RN,2026-06-16,1.3,-1.6,2.5872499999999996,9.557500000000005,12.144750000000004,45.296666666666674,42.26354166666667,3.0331250000000005,17,5,22,14.33675,-2.1919999999999993,77.3,1.92,0.0,2.9000000000000004,0.0,0.0
MILTON_RN,2026-06-16,48.199999999999996,-4.2,-16.07649999999997,0.4054999999999993,-15.670999999999967,34.79083333333333,33.625,1.1658333333333333,12,10,22,137.28100000000003,-152.95199999999997,54.5,0.75,9.9,52.4,237.60000000000002,22.1
MNWL_BESS_RN,2026-06-16,8.3,-0.4,-117.34324999999998,-52.399249999999995,-169.74249999999998,36.44583333333333,100.03302083333334,-63.5871875,11,12,23,13.511250000000011,-183.25375,47.8,0.08,9.9,8.700000000000001,237.60000000000002,3.7
MOORE_FL_RN,2026-06-16,25.2,-73.2,252.70974999999996,-56.160249999999934,196.54950000000002,31.774583333333336,30.905729166666664,0.8688541666666673,9,13,22,381.23949999999996,-184.68999999999997,40.9,2.98,9.0,98.4,216.0,45.6
MUENSTER_RN,2026-06-16,144.4,-20.3,-1029.1825,-545.102,-1574.2845,34.32,51.95427083333333,-17.634270833333336,11,12,23,275.41024999999996,-1849.6947499999999,47.8,0.16,9.9,164.70000000000002,237.60000000000002,69.3
MUSTNGCK_ALL,2026-06-16,48.3,-73.9,64.68124999999995,-140.39350000000002,-75.71225000000004,34.574999999999996,32.9934375,1.5815624999999993,13,10,23,271.361,-347.07325000000003,56.5,0.6,71.0,122.2,1704.0,7.2
MU_RN,2026-06-16,2.2,-35.2,3.2277499999999995,39.13549999999999,42.363249999999994,34.45375,31.972083333333334,2.481666666666667,12,10,22,147.56125000000003,-105.19800000000004,54.5,1.17,9.9,37.400000000000006,237.60000000000002,15.7
MV_VALV4_RN,2026-06-16,3.0,-1.0,17.955,-6.012500000000003,11.942499999999995,5.560416666666666,5.8886458333333325,-0.32822916666666685,1,1,2,17.955,-6.012500000000003,50.0,2.99,9.9,4.0,237.60000000000002,1.7
MYRY_BES2_RN,2026-06-16,5.4,-18.2,37.321750000000016,-23.856999999999985,13.46475000000003,33.31,33.50145833333333,-0.19145833333333373,9,13,22,108.83600000000001,-95.37124999999997,40.9,1.65,9.9,23.6,237.60000000000002,9.9
MYRY_ESR_RN,2026-06-16,0.0,0.0,0.0,0.0,0.0,1.2529166666666667,0.995,0.25791666666666674,0,0,0,0.0,0.0,0.0,0.0,9.9,0.0,237.60000000000002,0.0
MYR_ALL,2026-06-16,27.0,-113.5,56.64499999999998,-294.31050000000016,-237.66550000000024,17.21875,16.565208333333334,0.6535416666666664,9,9,18,185.72099999999998,-423.3865000000002,50.0,0.44,76.3,140.5,1831.1999999999998,7.7
NCO_RN,2026-06-16,2.1,-47.9,1.443499999999999,-74.47200000000001,-73.02850000000002,34.32,32.129895833333336,2.1901041666666665,12,10,22,72.72624999999996,-145.75475,54.5,0.42,38.8,50.0,931.1999999999999,5.4
NEDIN_RN,2026-06-16,0.0,0.0,0.0,0.0,0.0,1.075,1.1777083333333334,-0.10270833333333333,0,0,0,0.0,0.0,0.0,0.0,0.0,0.0,0.0,0.0
NF_BRP_RN,2026-06-16,180.5,-31.0,-980.6902500000001,56.680000000000014,-924.0102500000002,11.442083333333334,12.948020833333333,-1.5059375000000002,5,9,14,205.62,-1129.6302500000002,35.7,0.33,100.5,211.5,2412.0,8.8
NOBLESLR_ALL,2026-06-16,35.0,-82.9,285.3525,711.4270000000001,996.7795000000002,15.079583333333334,10.973645833333334,4.1059375000000005,12,3,15,1013.4475000000002,-16.667999999999992,80.0,15.2,62.5,117.9,1500.0,7.9
NWF_NWF1,2026-06-16,48.0,-79.3,-186.46949999999998,256.0035000000001,69.53400000000006,45.190416666666664,42.373645833333335,2.8167708333333334,18,4,22,505.15575,-435.6217499999999,81.8,0.26,36.0,127.3,864.0,14.7
N_AL_BESS_RN,2026-06-16,2.5,-0.2,-2.969749999999999,2.5915,-0.37824999999999875,33.52375,33.20489583333333,0.3188541666666668,9,13,22,8.894,-9.27225,40.9,1.39,9.9,2.7,237.60000000000002,1.1
N_MRD_ESR_RN,2026-06-16,8.5,-12.2,9.272250000000009,-103.43349999999998,-94.16124999999998,33.41125,33.275104166666665,0.136145833333334,9,13,22,42.735749999999996,-136.89699999999996,40.9,0.45,9.9,20.7,237.60000000000002,8.7
ODESW_RN,2026-06-16,9.1,-391.8,15.08525000000001,1404.4920000000002,1419.57725,9.470416666666667,9.268854166666666,0.2015625000000001,14,3,17,1783.6595,-364.08225000000004,82.4,1.05,9.9,400.90000000000003,237.60000000000002,168.7
OLMITO_RN,2026-06-16,16.0,-45.5,-28.64749999999999,32.21125,3.56375000000002,17.286666666666665,17.705520833333335,-0.41885416666666675,8,11,19,225.74374999999998,-222.17999999999998,42.1,1.4,0.0,61.5,0.0,0.0
OLNEYTN_RN,2026-06-16,24.0,-12.0,-153.9975,52.22750000000002,-101.76999999999998,26.3325,33.7965625,-7.464062500000001,12,11,23,134.8175,-236.58750000000003,52.2,0.52,9.9,36.0,237.60000000000002,15.2
OR_BESS_RN,2026-06-16,8.200000000000001,-0.2,52.52575,2.98625,55.512,34.294583333333335,32.13614583333334,2.1584375000000002,12,10,22,59.5715,-4.059499999999999,54.5,12.23,9.9,8.4,237.60000000000002,3.5
PAD1_ESS_RN,2026-06-16,0.7000000000000001,-0.2,4.681999999999999,2.4529999999999994,7.134999999999998,35.06916666666667,33.82395833333333,1.2452083333333324,7,0,7,7.134999999999998,0.0,100.0,99.99,50.0,0.9000000000000001,1200.0,0.1
PAD2_ESS_RN,2026-06-16,0.0,0.0,0.0,0.0,0.0,37.0475,39.92875,-2.8812499999999996,0,0,0,0.0,0.0,0.0,0.0,150.0,0.0,3600.0,0.0
PALACIOS_RN,2026-06-16,112.8,-70.2,102.25774999999989,72.11274999999998,174.37049999999982,35.00083333333333,32.87166666666666,2.129166666666666,12,10,22,457.70025,-283.32975000000005,54.5,1.35,7.0,183.0,168.0,108.9
PALE_ESS_EN,2026-06-16,6.0,-22.5,-6.510000000000005,286.62675,280.11675,5.495,4.6865625,0.8084374999999998,5,3,8,333.51825,-53.4015,62.5,3.75,200.0,28.5,4800.0,0.6
PAULN_RN,2026-06-16,5.2,-6.3,18.389999999999997,0.6087499999999801,18.99874999999998,33.637499999999996,28.869687499999998,4.767812500000001,16,6,22,25.61025,-6.611500000000021,72.7,1.45,9.9,11.5,237.60000000000002,4.8
PAVLOV_BT_RN,2026-06-16,22.4,-19.2,-76.18674999999999,-6.187499999999993,-82.37424999999996,34.4175,32.70916666666667,1.708333333333334,12,10,22,50.01674999999999,-132.39099999999996,54.5,0.31,9.9,41.599999999999994,237.60000000000002,17.5
PAVO_ESS_ALL,2026-06-16,23.700000000000003,-56.0,305.44925,519.7232499999998,825.1724999999998,18.928749999999997,15.792499999999999,3.136249999999999,7,0,7,825.1724999999998,0.0,100.0,99.99,87.5,79.7,2100.0,3.8
PEARSALL_RN,2026-06-16,3.0,-6.0,12.735000000000014,-48.510000000000005,-35.77499999999999,4.215416666666667,3.8859374999999994,0.32947916666666704,1,1,2,12.735000000000014,-48.510000000000005,50.0,0.26,9.9,9.0,237.60000000000002,3.8
PHO_ALL,2026-06-16,37.1,-9.6,63.3535,6.250499999999995,69.60399999999998,34.33375,32.258125,2.075625,13,10,23,162.065,-92.46100000000001,56.5,1.35,150.0,46.7,3600.0,1.3
PINEFRST_RN,2026-06-16,30.7,-3.0000000000000004,202.0835,56.752500000000005,258.836,33.455,28.1490625,5.3059375,17,6,23,269.60749999999996,-10.771500000000009,73.9,8.83,200.0,33.7,4800.0,0.7
PIN_BESS_RN,2026-06-16,9.0,-42.0,122.50500000000002,231.58500000000004,354.0900000000001,7.047083333333333,5.350416666666667,1.696666666666667,7,1,8,396.18000000000006,-42.08999999999998,87.5,1.34,0.0,51.0,0.0,0.0
PIRATE_RN,2026-06-16,24.4,-75.2,-33.19424999999999,-176.90575,-210.1,34.742916666666666,33.461979166666666,1.2809375,12,10,22,118.46750000000002,-328.5675,54.5,0.3,6.0,99.6,144.0,69.2
PLATINUM_RN,2026-06-16,11.200000000000001,-9.3,72.44624999999998,67.26275,139.70899999999997,33.50208333333333,28.383333333333336,5.1187499999999995,17,6,23,166.88625000000002,-27.177250000000015,73.9,2.17,151.7,20.5,3640.7999999999997,0.6
POTEETS_RN,2026-06-16,5.2,-8.2,0.9692500000000008,62.39799999999999,63.36724999999999,34.76833333333334,33.578541666666666,1.1897916666666668,13,10,23,68.31625,-4.948999999999999,56.5,10.62,9.9,13.399999999999999,237.60000000000002,5.6
POTSVIL_RN,2026-06-16,234.2,-52.6,-267.2584999999999,299.5635,32.30499999999997,33.732083333333335,36.240625,-2.5085416666666673,13,10,23,1392.85075,-1360.54575,56.5,0.79,9.9,286.8,237.60000000000002,120.7
PRCRK_RN,2026-06-16,6.2,-32.2,76.91625,407.43875,484.355,33.50625,28.30479166666667,5.201458333333333,17,6,23,486.25999999999993,-1.905,73.9,90.09,9.9,38.400000000000006,237.60000000000002,16.2
PTLBES_BESS1,2026-06-16,138.3,-2.7,-370.8637499999999,-15.871249999999998,-386.7349999999999,35.36833333333333,33.1684375,2.199895833333333,14,9,23,77.49000000000012,-464.225,60.9,0.11,6.0,141.0,144.0,97.9
PYR_PYRON1,2026-06-16,283.7,-64.1,1946.2337499999999,-97.70400000000001,1848.5297500000001,33.38791666666666,31.158541666666665,2.229375,17,6,23,2170.6499999999996,-322.1202499999999,73.9,2.38,15.1,347.79999999999995,362.4,96.0
QUEEN_BA_RN,2026-06-16,104.2,-16.0,1130.5407500000001,128.7405,1259.28125,21.947916666666668,19.35322916666667,2.5946875000000005,8,2,10,1285.34375,-26.06249999999998,80.0,12.33,50.0,120.2,1200.0,10.0
RADN_SLR_ALL,2026-06-16,235.8,-135.0,233.76425,-183.30474999999993,50.45950000000006,35.01583333333333,33.464687500000004,1.5511458333333337,13,10,23,481.4587500000001,-430.9992500000001,56.5,0.86,81.9,370.8,1965.6000000000001,18.9
RBN_BESS1,2026-06-16,14.1,-0.2,81.63250000000001,3.0157499999999997,84.64825,34.25625,31.999479166666664,2.256770833333334,13,10,23,94.294,-9.645749999999989,56.5,7.52,100.0,14.299999999999999,2400.0,0.6
RHESS2_ESS1,2026-06-16,36.7,-118.3,-78.93424999999995,-108.82850000000003,-187.76274999999998,5.45375,5.733020833333334,-0.2792708333333331,8,7,15,351.7822499999999,-539.5449999999998,53.3,0.57,8.0,155.0,192.0,80.7
RIOG_ESR2_RN,2026-06-16,3.0,0.0,36.75749999999999,0.0,36.75749999999999,5.985833333333333,4.136666666666667,1.8491666666666664,1,0,1,36.75749999999999,0.0,100.0,99.99,0.0,3.0,0.0,0.0
RIOG_ESR_RN,2026-06-16,6.0,0.0,96.9975,0.0,96.9975,16.332916666666666,16.3725,-0.0395833333333336,2,0,2,96.9975,0.0,100.0,99.99,9.9,6.0,237.60000000000002,2.5
RN_BY_ESR1,2026-06-16,0.0,0.0,0.0,0.0,0.0,1.4937500000000001,1.6854166666666668,-0.19166666666666674,0,0,0,0.0,0.0,0.0,0.0,0.0,0.0,0.0,0.0
RN_PAD3_ESS,2026-06-16,0.0,0.0,0.0,0.0,0.0,0.0,0.0,0.0,0,0,0,0.0,0.0,0.0,0.0,0.0,0.0,0.0,0.0
RN_QTUM_SLR,2026-06-16,619.2,0.0,1596.096749999999,0.0,1596.096749999999,16.432916666666667,13.274270833333333,3.158645833333333,4,0,4,1596.096749999999,0.0,100.0,99.99,160.0,619.2,3840.0,16.1
RN_RHN_ESR,2026-06-16,9.0,-42.0,-27.68250000000004,-22.769999999999968,-50.45250000000001,8.33375,7.947395833333334,0.38635416666666583,3,6,9,32.639999999999965,-83.09249999999997,33.3,0.79,200.0,51.0,4800.0,1.1
RN_SOLC_SLR,2026-06-16,769.2,-67.0,2567.7812500000005,57.494999999999855,2625.2762500000003,18.491666666666667,17.013854166666665,1.4778125,9,4,13,2724.943750000001,-99.66750000000013,69.2,12.15,160.0,836.2,3840.0,21.8
ROSELAND_ALL,2026-06-16,221.5,-212.6,215.27425000000014,-146.2845,68.9897500000001,34.03916666666667,30.611770833333335,3.427395833333334,17,6,23,532.6070000000001,-463.61725,73.9,0.41,50.0,434.1,1200.0,36.2
RPUBRDS_RN,2026-06-16,8.1,-56.199999999999996,23.740750000000016,293.7617499999999,317.50249999999994,34.26958333333334,31.938125,2.3314583333333334,13,10,23,345.01074999999986,-27.508249999999997,56.5,9.65,39.5,64.3,948.0,6.8
RRANCHES_ALL,2026-06-16,14.899999999999999,-146.8,33.493250000000046,-365.89775,-332.40449999999987,45.82875000000001,42.50833333333333,3.320416666666668,17,5,22,455.98299999999995,-788.3874999999998,77.3,0.17,150.0,161.70000000000002,3600.0,4.5
RRC_WIND_ALL,2026-06-16,23.1,-61.2,220.14249999999998,-84.18874999999998,135.95374999999999,32.94875,27.526354166666664,5.422395833333334,17,5,22,283.8515,-147.89774999999995,77.3,0.56,75.0,84.30000000000001,1800.0,4.7
RTLSNAKE_BT,2026-06-16,0.1,-10.8,-0.026750000000000187,16.66574999999999,16.63899999999999,5.055,4.620208333333333,0.43479166666666663,9,3,12,18.523,-1.884000000000008,75.0,3.28,9.9,10.9,237.60000000000002,4.6
RUSSEKST_RN,2026-06-16,39.2,-152.6,809.3345,9209.9805,10019.315,103.1875,69.83395833333334,33.353541666666665,21,2,23,10067.2875,-47.97250000000001,91.3,19.99,9.9,191.8,237.60000000000002,80.7
RVRVLYS_ALL,2026-06-16,54.300000000000004,-4.2,-311.5575000000001,41.873999999999995,-269.6835000000001,34.520833333333336,33.68927083333333,0.8315625000000001,12,10,22,73.07325,-342.7567500000001,54.5,0.18,50.0,58.50000000000001,1200.0,4.9
SADLBACK_RN,2026-06-16,7.300000000000001,-15.9,29.365999999999996,99.38700000000001,128.75300000000001,46.05708333333333,42.636041666666664,3.421041666666666,17,5,22,130.824,-2.071,77.3,18.58,9.9,23.200000000000003,237.60000000000002,9.8
SAH_RN,2026-06-16,0.0,0.0,0.0,0.0,0.0,1.1004166666666666,1.2761458333333333,-0.17572916666666671,0,0,0,0.0,0.0,0.0,0.0,200.0,0.0,4800.0,0.0
SANDLAKE_RN,2026-06-16,0.0,-37.0,0.0,100.43749999999997,100.43749999999997,0.0,0.0,0.0,11,4,15,113.91249999999998,-13.475000000000016,73.3,3.07,9.9,37.0,237.60000000000002,15.6
SBEAN_BESS,2026-06-16,3.0,0.0,22.154999999999994,0.0,22.154999999999994,4.00125,3.4968749999999997,0.5043749999999999,1,0,1,22.154999999999994,0.0,100.0,99.99,9.9,3.0,237.60000000000002,1.3
SEVNF_ES_RN,2026-06-16,12.0,-19.0,-65.88000000000002,47.22000000000001,-18.660000000000014,12.6275,11.161145833333334,1.4663541666666662,8,3,11,82.96500000000002,-101.62500000000003,72.7,0.31,100.0,31.0,2400.0,1.3
SGSA_DGR,2026-06-16,6.0,-3.0,42.014999999999986,17.527500000000003,59.54249999999999,7.92125,7.416875,0.5043749999999999,3,0,3,59.54249999999999,0.0,100.0,99.99,9.9,9.0,237.60000000000002,3.8
SG_BES_BESS1,2026-06-16,351.1,-283.9,1538.4277499999998,557.47025,2095.8979999999997,48.0275,42.95822916666666,5.069270833333333,18,5,23,2513.3407499999994,-417.44274999999953,78.3,1.67,100.0,635.0,2400.0,26.5
SHAMROCK_RN,2026-06-16,663.7,-111.1,2765.3605,287.6387499999998,3052.999249999999,39.005833333333335,37.03927083333333,1.9665624999999995,14,9,23,3299.7732499999997,-246.77400000000014,60.9,8.6,99.3,774.8000000000001,2383.2,32.5
SHEEPCRK_1,2026-06-16,92.0,-55.1,1382.27925,-113.16374999999996,1269.1155,23.216250000000002,17.276875,5.939375000000001,10,3,13,1417.203,-148.08749999999992,76.9,2.87,135.0,147.1,3240.0,4.5
SLCN_ESS_ALL,2026-06-16,16.8,-0.2,-44.00300000000005,2.7360000000000007,-41.267000000000046,34.543749999999996,33.74125,0.8024999999999997,12,10,22,17.4195,-58.686500000000045,54.5,0.25,50.0,17.0,1200.0,1.4
SLK_BESS_RN,2026-06-16,18.0,0.0,118.37999999999997,0.0,118.37999999999997,11.56875,9.924583333333333,1.6441666666666663,5,0,5,118.37999999999997,0.0,100.0,99.99,0.0,18.0,0.0,0.0
SMTH_ESS_RN,2026-06-16,11.2,-48.3,47.98774999999999,397.30275,445.2905,33.48916666666667,28.303541666666664,5.185624999999999,16,6,22,459.76025000000004,-14.469750000000003,72.7,11.92,125.0,59.5,3000.0,2.0
SNY_BESS_RN,2026-06-16,11.799999999999999,-163.6,29.7825,460.59174999999993,490.3742499999999,40.90833333333333,38.99,1.9183333333333337,16,6,22,498.4149999999999,-8.040749999999992,72.7,23.24,9.9,175.4,237.60000000000002,73.8
SPTX12B_RN,2026-06-16,49.5,-194.9,340.44275000000005,1461.3829999999998,1801.82575,35.583333333333336,31.515416666666667,4.067916666666666,18,5,23,1880.36075,-78.53500000000001,78.3,6.65,24.9,244.4,597.5999999999999,40.9
SP_RN,2026-06-16,8.200000000000001,-34.2,33.08099999999998,17.82324999999995,50.90424999999992,34.57416666666666,31.829166666666666,2.7449999999999997,12,10,22,160.58524999999997,-109.68100000000005,54.5,1.22,9.9,42.400000000000006,237.60000000000002,17.8
SROSA_ESR_RN,2026-06-16,11.4,-0.2,-19.616750000000017,2.4815,-17.135250000000017,33.37166666666666,33.596250000000005,-0.22458333333333438,9,13,22,15.026999999999983,-32.16225000000001,40.9,0.67,9.9,11.6,237.60000000000002,4.9
STADIUM_RN,2026-06-16,31.0,-56.0,88.46249999999992,65.23374999999996,153.69624999999988,19.947499999999998,18.801666666666666,1.1458333333333321,12,8,20,322.64749999999987,-168.95125000000002,60.0,1.27,9.9,87.0,237.60000000000002,36.6
STAM_SLR_ALL,2026-06-16,24.0,-2.3,150.851,14.136500000000005,164.9875,33.462916666666665,28.257604166666667,5.205312500000001,17,6,23,175.28625000000002,-10.298750000000013,73.9,6.01,70.0,26.3,1680.0,1.6
STRG_SLR_ALL,2026-06-16,25.2,-77.8,-32.21700000000005,-229.71200000000007,-261.92900000000014,34.41166666666667,33.38364583333333,1.028020833333332,12,10,22,192.0075,-453.9365000000001,54.5,0.35,100.0,103.0,2400.0,4.3
SUNVASLR_ALL,2026-06-16,308.7,-50.3,1290.32,164.1655,1454.4855,33.20708333333334,28.779479166666665,4.427604166666666,17,6,23,1602.3205,-147.83499999999998,73.9,3.83,53.3,359.0,1279.1999999999998,28.1
SWOOSE1_U1,2026-06-16,8.4,-8.2,-1.4222500000000133,22.533250000000002,21.110999999999986,45.663333333333334,42.416041666666665,3.247291666666667,17,6,23,36.804,-15.693000000000012,73.9,0.83,9.9,16.6,237.60000000000002,7.0
SWOOSEII_RN,2026-06-16,0.0,-48.599999999999994,0.0,-123.302,-123.302,2.9604166666666667,3.461145833333333,-0.5007291666666666,2,3,5,76.269,-199.57100000000003,40.0,0.57,100.0,48.599999999999994,2400.0,2.0
SWT_BESS_RN,2026-06-16,10.7,-38.1,67.32325,97.88625000000002,165.20950000000002,41.01166666666666,39.22302083333333,1.7886458333333344,17,5,22,194.2515,-29.041999999999998,77.3,1.97,9.9,48.8,237.60000000000002,20.5
TANZ_ESS_RN,2026-06-16,3.0,-49.2,55.425000000000004,1.143749999999983,56.56874999999999,2.1233333333333335,1.3535416666666666,0.7697916666666668,9,6,15,118.73400000000001,-62.165250000000015,60.0,1.27,0.0,52.2,0.0,0.0
TBWF_ES_BES1,2026-06-16,41.0,-43.5,176.37250000000003,381.5385000000002,557.9110000000002,26.515416666666667,23.326249999999998,3.1891666666666674,7,1,8,677.4490000000003,-119.53800000000007,87.5,0.81,150.0,84.5,3600.0,2.3
TDWLPR_1_RN,2026-06-16,5.1000000000000005,-0.30000000000000004,-4.395749999999993,4.72275,0.32700000000000684,34.18125,31.700833333333332,2.480416666666667,12,10,22,10.495000000000001,-10.167999999999994,54.5,0.86,100.0,5.4,2400.0,0.2
TNFS_RN,2026-06-16,3.0,0.0,14.864999999999995,0.0,14.864999999999995,1.5491666666666666,1.3427083333333334,0.20645833333333327,1,0,1,14.864999999999995,0.0,100.0,99.99,9.9,3.0,237.60000000000002,1.3
TORR_ALL,2026-06-16,6.0,-269.4,1.6274999999999906,-670.36125,-668.73375,8.598333333333334,9.695625,-1.0972916666666668,10,10,20,225.66725000000002,-894.4010000000001,50.0,0.25,0.0,275.4,0.0,0.0
TORT_ESS_RN,2026-06-16,3.0,0.0,42.547500000000014,0.0,42.547500000000014,2.1437500000000003,1.5528125,0.5909375000000002,1,0,1,42.547500000000014,0.0,100.0,99.99,50.0,3.0,1200.0,0.2
TOYAH_RN,2026-06-16,0.0,0.0,0.0,0.0,0.0,0.0,0.0,0.0,0,0,0,0.0,0.0,0.0,0.0,9.9,0.0,237.60000000000002,0.0
TRIPBUT1_RN,2026-06-16,8.1,-11.1,-0.7197499999999867,41.050250000000005,40.33050000000003,47.312916666666666,42.9803125,4.332604166666667,17,6,23,56.67400000000002,-16.343499999999995,73.9,1.22,7.5,19.2,180.0,10.7
TSECA_ES_RN,2026-06-16,3.0,0.0,0.0,0.0,0.0,7.9975,6.9765625,1.0209375000000003,0,0,0,0.0,0.0,0.0,0.0,100.0,3.0,2400.0,0.1
TURQ_BESS1,2026-06-16,18.4,-2.0,122.862,3.5925000000000047,126.4545,13.672916666666666,11.448541666666666,2.2243749999999998,7,3,10,138.457,-12.002499999999998,70.0,4.94,188.0,20.4,4512.0,0.5
TV_RN,2026-06-16,5.2,-95.3,-7.516749999999991,-52.66300000000001,-60.17975,34.17208333333333,31.916562499999998,2.2555208333333336,12,10,22,200.04500000000002,-260.22475,54.5,0.64,9.8,100.5,235.20000000000002,42.7
TYNAN_RN,2026-06-16,5.2,-2.2,-22.521750000000004,19.047749999999994,-3.4740000000000135,34.62416666666667,33.516041666666666,1.108125,12,10,22,24.823749999999993,-28.297750000000008,54.5,0.73,9.9,7.4,237.60000000000002,3.1
UTOPIA_RN,2026-06-16,50.0,-48.1,254.52499999999998,-346.14824999999996,-91.62325,12.14875,10.57375,1.575,9,9,18,339.97450000000003,-431.59775,50.0,0.79,9.9,98.1,237.60000000000002,41.3
VERT_ESS_RN,2026-06-16,3.0,0.0,34.68000000000001,0.0,34.68000000000001,1.8208333333333335,1.3391666666666666,0.48166666666666674,1,0,1,34.68000000000001,0.0,100.0,99.99,200.0,3.0,4800.0,0.1
VORT_ALL_RN,2026-06-16,57.6,-81.8,1175.6180000000002,-80.03399999999988,1095.5840000000003,32.46541666666666,25.395416666666666,7.07,18,5,23,1309.3405000000002,-213.75650000000002,78.3,1.7,121.8,139.4,2923.2,4.8
WAL_RN,2026-06-16,8.200000000000001,-0.2,59.505749999999985,2.9480000000000004,62.45374999999999,34.34666666666667,32.34552083333333,2.001145833333334,13,10,23,66.71974999999999,-4.265999999999999,56.5,12.03,200.0,8.4,4800.0,0.2
WFTANK_ESS1,2026-06-16,5.2,-106.2,30.351999999999997,-183.58925000000016,-153.23725000000016,34.64875,33.49239583333333,1.1563541666666668,12,10,22,251.09999999999997,-404.33725000000015,54.5,0.52,150.0,111.4,3600.0,3.1
WIG_BESS_RN,2026-06-16,9.0,-7.300000000000001,124.0075,61.64749999999999,185.65499999999997,7.5304166666666665,5.1446875,2.3857291666666662,5,1,6,193.51199999999997,-7.857000000000004,83.3,4.93,120.0,16.3,2880.0,0.6
WLTC_ESR_RN,2026-06-16,32.4,-0.30000000000000004,7.795750000000005,2.1165000000000007,9.912250000000006,34.025416666666665,33.454791666666665,0.5706250000000006,13,10,23,76.4285,-66.51625,56.5,0.88,9.9,32.699999999999996,237.60000000000002,13.8
WOV_BESS_RN,2026-06-16,4.3,-22.5,30.396000000000022,206.92350000000013,237.31950000000015,45.11333333333334,42.15604166666667,2.9572916666666664,18,4,22,239.53200000000012,-2.2124999999999995,81.8,24.06,9.9,26.8,237.60000000000002,11.3
WRSBES_BESS1,2026-06-16,0.0,0.0,0.0,0.0,0.0,9.5325,8.8728125,0.6596875,0,0,0,0.0,0.0,0.0,0.0,9.7,0.0,232.79999999999998,0.0
WR_RN,2026-06-16,5.5,-0.2,25.821999999999996,2.9522500000000003,28.774249999999995,34.33875,32.28895833333333,2.049791666666667,13,10,23,33.413999999999994,-4.63975,56.5,5.54,9.9,5.7,237.60000000000002,2.4
WZRD_ESS_RN,2026-06-16,2.1,-0.2,2.322750000000001,3.0315000000000007,5.354250000000002,34.528333333333336,31.9346875,2.593645833333334,12,10,22,9.1125,-3.7582499999999994,54.5,2.02,138.0,2.3000000000000003,3312.0,0.1
W_HRL_ESR_RN,2026-06-16,3.0,0.0,0.0,0.0,0.0,2.6308333333333334,2.6647916666666664,-0.033958333333333535,0,0,0,0.0,0.0,0.0,0.0,9.9,3.0,237.60000000000002,1.3
X443ESRN,2026-06-16,14.4,-6.2,37.57424999999999,58.41925,95.99349999999998,34.88708333333333,33.903645833333336,0.9834374999999999,13,10,23,116.60849999999999,-20.61500000000001,56.5,4.35,10.0,20.6,240.0,8.6
Z0_DGR2_RN,2026-06-16,9.0,0.0,18.952500000000008,0.0,18.952500000000008,4.842083333333334,4.6779166666666665,0.16416666666666688,1,1,2,41.34,-22.387499999999996,50.0,1.85,9.9,9.0,237.60000000000002,3.8
ZIER_SLR_ALL,2026-06-16,561.7,-303.79999999999995,274.58049999999923,736.0294999999996,1010.6099999999989,41.4525,39.381458333333335,2.0710416666666656,13,10,23,2570.71825,-1560.1082500000007,56.5,1.27,40.0,865.5,960.0,90.2
ABINDUST_RN,2026-06-17,14.6,-6.4,39.26199999999999,34.295000000000016,73.557,17.38375,14.830416666666666,2.5533333333333332,16,6,22,75.656,-2.099000000000001,72.7,13.52,9.9,21.0,237.60000000000002,8.8
ADL_RN,2026-06-17,5.6000000000000005,-79.89999999999999,15.394000000000004,-119.88349999999997,-104.48949999999996,29.30666666666667,27.477395833333333,1.829270833333334,18,6,24,152.44600000000005,-256.93550000000005,75.0,0.2,60.0,85.49999999999999,1440.0,5.9
AE_RN,2026-06-17,4.6000000000000005,-10.1,9.191999999999998,-12.130500000000007,-2.9385000000000083,28.684583333333332,26.615520833333335,2.0690625,17,7,24,12.599,-15.537500000000009,70.8,0.33,9.9,14.7,237.60000000000002,6.2
ALAMO_ST_RN,2026-06-17,0.0,0.0,0.0,0.0,0.0,0.0,0.0,0.0,0,0,0,0.0,0.0,0.0,0.0,9.9,0.0,237.60000000000002,0.0
ALP_BESS_RN,2026-06-17,1.1,-16.0,-171.88775,-406.0535,-577.9412500000001,27.94666666666667,105.43104166666666,-77.484375,14,9,23,168.13725000000002,-746.0785000000001,60.9,0.14,100.3,17.1,2407.2,0.7
ALVIN_RN,2026-06-17,15.6,-93.39999999999999,-11.88399999999999,253.79825,241.91425,29.05333333333333,26.471145833333335,2.5821875000000003,18,6,24,313.32950000000005,-71.41525,75.0,1.46,9.9,108.99999999999999,237.60000000000002,45.9
AMAD_ESS_RN,2026-06-17,0.0,0.0,0.0,0.0,0.0,2.6058333333333334,2.4063541666666666,0.19947916666666657,0,0,0,0.0,0.0,0.0,0.0,0.0,0.0,0.0,0.0
ANCHOR_ALL,2026-06-17,410.6,-2.3000000000000003,1869.5260000000003,10.39075,1879.91675,16.450833333333332,12.1065625,4.344270833333334,21,3,24,1990.88375,-110.967,87.5,2.56,36.3,412.90000000000003,871.1999999999999,47.4
ANDMDSLR_ALL,2026-06-17,69.2,-10.799999999999999,322.415,84.46525,406.88025,13.724583333333333,8.0128125,5.711770833333333,22,2,24,406.93225,-0.052000000000001025,91.7,711.42,81.9,80.0,1965.6000000000001,4.1
ANEM_ESS_RN,2026-06-17,50.6,-0.2,52.67450000000004,-0.1700000000000003,52.504500000000036,30.9075,28.685729166666665,2.2217708333333337,15,9,24,77.27350000000007,-24.76900000000004,62.5,1.87,200.0,50.800000000000004,4800.0,1.1
ANG_ALL,2026-06-17,389.6,-48.0,1296.9915,46.64625000000001,1343.63775,14.979999999999999,13.393229166666666,1.5867708333333332,15,9,24,1475.1912500000003,-131.55350000000004,62.5,6.73,100.0,437.6,2400.0,18.2
ANOL_ESS_RN,2026-06-17,5.0,-0.5,30.93925,6.373500000000002,37.31275,25.699166666666667,19.5315625,6.167604166666667,23,1,24,37.46625,-0.15349999999999966,95.8,10.61,240.0,5.5,5760.0,0.1
ANTL_ESS_ES1,2026-06-17,4.9,-124.0,-25.74675,215.50899999999993,189.76224999999994,18.43375,15.074895833333334,3.3588541666666667,13,11,24,678.3855,-488.62325,54.2,1.17,70.0,128.9,1680.0,7.7
APPLE_ESR_RN,2026-06-17,0.0,-35.2,0.0,-1.9849999999999923,-1.9849999999999923,3.6170833333333334,5.171145833333333,-1.5540625,7,5,12,190.2175,-192.20250000000001,58.3,0.71,0.0,35.2,0.0,0.0
ARY_BESS_RN,2026-06-17,18.0,-30.5,43.55000000000005,183.58875,227.13875000000004,8.193333333333333,7.681458333333333,0.511875,8,1,9,228.68875000000006,-1.5500000000000114,88.9,18.44,0.0,48.5,0.0,0.0
AVIL_ESS_RN,2026-06-17,2.4000000000000004,-2.3000000000000003,-15.156500000000001,16.81025,1.6537499999999994,18.25875,17.974166666666665,0.28458333333333313,13,10,23,21.405250000000002,-19.751500000000004,56.5,0.83,160.0,4.700000000000001,3840.0,0.1
AZURE_RN,2026-06-17,144.9,-43.800000000000004,697.394,359.71275,1057.10675,14.902083333333332,9.7375,5.164583333333334,24,0,24,1057.10675,0.0,100.0,99.99,77.6,188.70000000000002,1862.3999999999999,10.1
BATCAVE_RN,2026-06-17,176.6,-243.29999999999998,-453.4830000000003,-1375.6454999999996,-1829.1285,64.56375,76.36760416666667,-11.803854166666667,6,18,24,2080.2417499999997,-3909.37025,25.0,1.6,100.5,419.9,2412.0,17.4
BAYC_BESS_RN,2026-06-17,4.6000000000000005,-0.2,11.188500000000001,0.361,11.549500000000002,29.379166666666666,26.973020833333333,2.4061458333333334,17,7,24,12.329500000000001,-0.7799999999999991,70.8,6.51,9.9,4.800000000000001,237.60000000000002,2.0
BCK_RN,2026-06-17,1712.4,-36.7,14999.360999999999,106.96850000000005,15106.3295,27.469166666666666,22.492500000000003,4.976666666666667,19,5,24,16123.794499999998,-1017.4649999999997,79.2,4.17,126.5,1749.1000000000001,3036.0,57.6
BCNV2_ES_RN,2026-06-17,2.0,0.0,1.2249999999999943,0.0,1.2249999999999943,0.9304166666666666,0.9048958333333333,0.025520833333333215,1,0,1,1.2249999999999943,0.0,100.0,99.99,0.0,2.0,0.0,0.0
BCNV_RN,2026-06-17,2.0,-48.0,4.75,184.0625,188.8125,3.49,2.965520833333333,0.5244791666666666,5,2,7,201.15750000000003,-12.345000000000006,71.4,6.52,150.0,50.0,3600.0,1.4
BEXAR_ES_RN,2026-06-17,1329.2,-7.2,3602.6494999999995,57.61150000000002,3660.2609999999995,30.695416666666663,28.931250000000002,1.7641666666666664,13,11,24,4169.664249999999,-509.40325,54.2,6.93,91.0,1336.4,2184.0,61.2
BIGSTAR_ALL,2026-06-17,24.1,-31.8,84.65325,17.74375000000002,102.39700000000002,30.57166666666667,28.228958333333335,2.3427083333333334,16,8,24,111.00075000000004,-8.603750000000002,66.7,6.45,80.0,55.900000000000006,1920.0,2.9
BKSL_RN,2026-06-17,6.500000000000001,-2.5,46.0735,14.678500000000001,60.752,13.853333333333333,8.485520833333334,5.367812499999999,23,1,24,60.785500000000006,-0.0335000000000008,95.8,78.89,100.0,9.0,2400.0,0.4
BLACKSPR_RN,2026-06-17,5.0,-20.4,21.557500000000005,228.36600000000004,249.92350000000005,6.470416666666668,5.926145833333333,0.5442708333333335,12,0,12,249.92350000000005,0.0,100.0,99.99,120.0,25.4,2880.0,0.9
BLSMT1_5_A_6,2026-06-17,234.9,-48.6,1243.31575,248.53275000000005,1491.8485,15.035416666666668,9.507395833333334,5.528020833333334,24,0,24,1491.8485,0.0,100.0,99.99,150.0,283.5,3600.0,7.9
BLUEJAY_RN,2026-06-17,298.9,-116.7,2513.324,787.95225,3301.2762500000003,26.987083333333334,22.026354166666664,4.960729166666668,23,1,24,3326.16075,-24.884500000000003,95.8,5.81,50.0,415.59999999999997,1200.0,34.6
BLVN_RN,2026-06-17,1050.2,-131.1,12740.048249999998,753.5824999999999,13493.630749999998,25.385416666666668,19.986250000000002,5.399166666666666,23,1,24,13494.990749999997,-1.3600000000000012,95.8,431.43,180.0,1181.3,4320.0,27.3
BOCO_ESS_RN,2026-06-17,42.4,-2.4000000000000004,373.893,15.146,389.039,17.11,9.707083333333333,7.402916666666666,24,0,24,389.039,0.0,100.0,99.99,150.0,44.8,3600.0,1.2
BRHEIGHT_RN,2026-06-17,24.3,-8.399999999999999,231.20749999999998,0.9362500000000034,232.14374999999998,31.133750000000003,26.786562500000002,4.3471874999999995,19,5,24,236.31824999999998,-4.174500000000001,79.2,14.9,9.9,32.7,237.60000000000002,13.8
BRPANGLE_RN,2026-06-17,4.6000000000000005,-15.2,8.6795,10.959000000000014,19.638500000000015,28.507499999999997,26.54895833333333,1.9585416666666664,17,7,24,22.188500000000015,-2.5500000000000007,70.8,3.58,9.9,19.8,237.60000000000002,8.3
BRPMAGNO_RN,2026-06-17,35.800000000000004,-83.1,-10.487000000000059,266.22024999999996,255.73324999999986,30.582083333333333,26.706666666666667,3.8754166666666663,19,5,24,338.5099999999999,-82.77675000000006,79.2,1.08,9.9,118.9,237.60000000000002,50.0
BRP_BRAZ_RN,2026-06-17,4.6000000000000005,-0.2,8.728499999999999,0.7235,9.451999999999998,28.522499999999997,26.55333333333333,1.9691666666666663,17,7,24,11.995000000000001,-2.5430000000000024,70.8,1.94,9.9,4.800000000000001,237.60000000000002,2.0
BRP_DIKN_RN,2026-06-17,0.0,0.0,0.0,0.0,0.0,0.0,0.0,0.0,0,0,0,0.0,0.0,0.0,0.0,9.9,0.0,237.60000000000002,0.0
BRP_LOOP_RN,2026-06-17,7.0,-50.5,-3.0175000000000054,77.99799999999993,74.98049999999994,5.7375,5.733750000000001,0.003749999999999846,6,4,10,93.31674999999996,-18.336250000000028,60.0,3.39,9.9,57.5,237.60000000000002,24.2
BRP_LOP1_RN,2026-06-17,70.0,0.0,-126.17500000000004,0.0,-126.17500000000004,5.870833333333334,5.987291666666667,-0.1164583333333334,1,3,4,88.51,-214.68500000000006,25.0,1.24,9.9,70.0,237.60000000000002,29.5
BRP_PBL1_RN,2026-06-17,81.6,-2.0,-155.80299999999997,10.045000000000002,-145.75799999999995,6.509583333333334,6.98,-0.4704166666666665,1,6,7,10.045000000000002,-155.80299999999994,14.3,0.39,9.9,83.6,237.60000000000002,35.2
BRP_PBL2_RN,2026-06-17,4.0,0.0,-8.035000000000004,0.0,-8.035000000000004,3.200416666666667,3.158541666666667,0.04187499999999996,0,2,2,0.0,-8.035000000000004,0.0,0.0,9.9,4.0,237.60000000000002,1.7
BRP_RN_UNIT1,2026-06-17,11.200000000000001,-4.2,46.88425,17.692500000000013,64.57675000000002,32.20333333333333,29.272916666666664,2.930416666666666,15,9,24,68.02375,-3.4469999999999947,62.5,11.84,9.9,15.400000000000002,237.60000000000002,6.5
BRP_SWNY_RN,2026-06-17,4.6000000000000005,-0.2,8.805500000000002,0.7254999999999996,9.531,28.545833333333334,26.560208333333335,1.985625,17,7,24,12.066000000000003,-2.535000000000001,70.8,1.96,9.9,4.800000000000001,237.60000000000002,2.0
BRP_ZPT1_RN,2026-06-17,2.0,-9.0,2.710000000000001,-7.57,-4.859999999999999,0.98875,0.9322916666666666,0.05645833333333335,2,4,6,10.369999999999997,-15.229999999999997,33.3,1.36,9.9,11.0,237.60000000000002,4.6
BRP_ZPT2_RN,2026-06-17,147.2,-5.2,-283.1317499999999,-8.464500000000005,-291.5962499999999,29.600416666666664,29.050833333333333,0.5495833333333339,10,14,24,26.422500000000007,-318.01874999999995,41.7,0.12,9.9,152.39999999999998,237.60000000000002,64.1
BR_ARROW_ALL,2026-06-17,31.5,-8.399999999999999,232.74675,20.396249999999995,253.143,25.749166666666667,19.171145833333334,6.578020833333333,23,1,24,256.215,-3.0719999999999916,95.8,3.63,51.7,39.9,1240.8000000000002,3.2
BSS_U1,2026-06-17,36.2,-7.3,-6.299250000000066,-3.673000000000008,-9.972250000000074,28.570416666666663,26.567916666666665,2.002499999999999,17,7,24,28.036499999999975,-38.00875000000006,70.8,0.3,9.9,43.5,237.60000000000002,18.3
BUDA_RN,2026-06-17,46.0,0.0,108.74499999999996,0.0,108.74499999999996,27.221249999999998,25.151666666666667,2.0695833333333327,12,8,20,118.93999999999998,-10.195000000000022,60.0,7.78,0.0,46.0,0.0,0.0
BYP_RN,2026-06-17,6.0,-12.0,66.00000000000003,45.33000000000004,111.33000000000007,2.44375,1.9379166666666665,0.5058333333333335,3,0,3,111.33000000000007,0.0,100.0,99.99,200.0,18.0,4800.0,0.4
BYRDR_ES_ALL,2026-06-17,0.0,-2.0,0.0,1.1749999999999972,1.1749999999999972,5.91125,5.4378125,0.4734375000000002,1,0,1,1.1749999999999972,0.0,100.0,99.99,50.0,2.0,1200.0,0.2
CACH_ESS_RN,2026-06-17,7.1000000000000005,-0.2,33.963750000000005,-0.5449999999999989,33.41875,31.836249999999996,29.576666666666668,2.259583333333333,17,7,24,34.90975,-1.490999999999999,70.8,9.64,200.0,7.300000000000001,4800.0,0.2
CAMWIND_RN,2026-06-17,29.5,-234.7,180.33474999999999,726.2847499999999,906.6194999999999,31.629166666666666,28.5203125,3.108854166666667,17,7,24,940.9292499999999,-34.30974999999999,70.8,11.29,16.4,264.2,393.59999999999997,67.1
CARA_ESS_RN,2026-06-17,0.0,0.0,0.0,0.0,0.0,0.0,0.0,0.0,0,0,0,0.0,0.0,0.0,0.0,98.3,0.0,2359.2,0.0
CARN_ESS_RN,2026-06-17,6.6000000000000005,-108.3,35.135,209.85225,244.98725,30.329166666666666,27.8403125,2.488854166666666,17,7,24,279.5915,-34.60425000000003,70.8,3.33,150.0,114.89999999999999,3600.0,3.2
CARRIZO_ESR1,2026-06-17,19.7,-0.9000000000000001,43.87875000000001,3.1050000000000013,46.983750000000015,27.235833333333332,24.67833333333333,2.5575000000000006,9,13,22,55.038750000000014,-8.055,40.9,9.87,9.8,20.599999999999998,235.20000000000002,8.8
CARTWHL_RN,2026-06-17,4.0,0.0,24.295,0.0,24.295,3.9933333333333336,3.3056250000000005,0.6877083333333333,1,1,2,26.17,-1.875,50.0,13.96,150.0,4.0,3600.0,0.1
CASL_GAP_UN1,2026-06-17,285.8,-50.800000000000004,1268.1235,-85.27749999999997,1182.846,18.0575,17.45625,0.6012500000000002,15,9,24,1755.9957500000003,-573.14975,62.5,1.84,3.9,336.6,93.6,359.6
CAST_ESS_RN,2026-06-17,0.0,0.0,0.0,0.0,0.0,2.305833333333333,2.2221875,0.08364583333333304,0,0,0,0.0,0.0,0.0,0.0,200.0,0.0,4800.0,0.0
CATARINA_B1,2026-06-17,39.2,-464.1,232.38924999999995,853.9519999999997,1086.3412499999995,32.687083333333334,30.65760416666667,2.029479166666666,16,8,24,1809.0482499999998,-722.7070000000004,66.7,1.25,9.9,503.3,237.60000000000002,211.8
CEDRVALE_RN,2026-06-17,2.0,-9.4,-20.32,-31.688749999999985,-52.008749999999985,18.72625,19.205,-0.47874999999999934,13,10,23,23.722500000000004,-75.73124999999999,56.5,0.24,9.9,11.4,237.60000000000002,4.8
CFLAT_ES_RN,2026-06-17,2.0,-141.0,7.615000000000009,661.5625,669.1775,4.15375,3.953958333333333,0.19979166666666673,15,6,21,674.44,-5.262499999999999,71.4,51.26,100.0,143.0,2400.0,6.0
CHIL_SLR,2026-06-17,644.6,-17.4,5821.5205000000005,111.43599999999999,5932.9565,26.078333333333333,20.924166666666668,5.154166666666667,22,2,24,5937.4765,-4.520000000000045,91.7,119.42,150.0,662.0,3600.0,18.4
CISC_RN,2026-06-17,27.099999999999998,-29.0,80.96249999999995,-236.7645,-155.80200000000008,22.98375,26.01,-3.0262500000000006,11,13,24,153.94924999999995,-309.75125,45.8,0.59,9.9,56.099999999999994,237.60000000000002,23.6
CITRUSCY_RN,2026-06-17,4.6000000000000005,-5.3,-3.5524999999999993,-12.719999999999992,-16.27249999999999,27.75,28.590104166666666,-0.8401041666666663,8,16,24,4.6960000000000015,-20.96849999999999,33.3,0.45,6.0,9.9,144.0,6.9
CLO_RN,2026-06-17,6.6000000000000005,-170.0,-1.7725000000000017,364.329,362.55649999999997,28.788749999999997,27.188437500000003,1.6003125,18,6,24,466.83474999999993,-104.27825000000001,75.0,1.49,100.0,176.6,2400.0,7.4
CLT_RN,2026-06-17,0.0,0.0,0.0,0.0,0.0,29.869999999999997,25.58625,4.2837499999999995,0,0,0,0.0,0.0,0.0,0.0,100.0,0.0,2400.0,0.0
CNLY_ESS_RN,2026-06-17,9.000000000000002,-2.2,47.45375000000001,28.478500000000004,75.93225000000001,26.528750000000002,20.410833333333333,6.117916666666667,23,1,24,76.57825000000001,-0.6460000000000001,95.8,5.15,125.0,11.200000000000003,3000.0,0.4
CNTRY_RN,2026-06-17,4.300000000000001,-0.8,16.094500000000004,6.274000000000001,22.368500000000004,22.890833333333333,18.590104166666666,4.300729166666668,23,1,24,22.686500000000006,-0.318,95.8,3.1,9.8,5.1000000000000005,235.20000000000002,2.2
CNTYRDS_RN,2026-06-17,12.0,0.0,-55.54499999999998,0.0,-55.54499999999998,12.135416666666666,15.170729166666666,-3.0353125,1,1,2,34.574999999999996,-90.11999999999998,50.0,0.38,0.0,12.0,0.0,0.0
CONTINEN_RN,2026-06-17,58.599999999999994,-53.2,45.90200000000006,-25.439000000000007,20.46300000000004,28.51833333333333,28.715104166666666,-0.19677083333333334,10,14,24,121.48100000000002,-101.018,41.7,1.68,0.0,111.8,0.0,0.0
CORALSLR_ALL,2026-06-17,461.1,-79.6,6716.81925,493.06225,7209.8815,27.258333333333336,20.114375,7.143958333333334,23,1,24,7220.7755,-10.893999999999995,95.8,28.82,51.4,540.7,1233.6,43.8
CORAZON_RN,2026-06-17,285.59999999999997,-75.8,755.323,38.94649999999993,794.2694999999999,23.846666666666668,21.899895833333332,1.9467708333333331,13,6,19,870.4114999999999,-76.14200000000004,68.4,5.28,200.0,361.4,4800.0,7.5
COYOTSPR_RN,2026-06-17,0.0,0.0,0.0,0.0,0.0,2.9941666666666666,3.713645833333333,-0.7194791666666669,0,0,0,0.0,0.0,0.0,0.0,9.9,0.0,237.60000000000002,0.0
CROSSETT_ALL,2026-06-17,81.2,-55.6,497.87199999999996,35.19649999999999,533.0685,8.840416666666668,9.089479166666667,-0.2490625000000001,11,5,16,588.078,-55.00950000000001,68.8,4.86,100.0,136.8,2400.0,5.7
CROSSTRL_RN,2026-06-17,6.4,-28.9,7.064500000000004,196.522,203.5865,21.197916666666668,22.644479166666667,-1.4465625,13,10,23,335.65399999999994,-132.06749999999997,56.5,1.96,57.0,35.3,1368.0,2.6
CR_RN,2026-06-17,10.600000000000001,-12.2,10.843000000000009,30.368499999999976,41.21149999999999,29.006666666666664,27.371458333333333,1.635208333333333,18,6,24,74.98849999999999,-33.777,75.0,0.74,9.8,22.8,235.20000000000002,9.7
CS_RN,2026-06-17,0.8,-134.0,3.12225,316.01000000000005,319.13225000000006,12.71875,11.345520833333333,1.3732291666666665,16,3,19,376.7247500000001,-57.592500000000015,84.2,1.23,7.0,134.8,168.0,80.2
CTW_RN,2026-06-17,40.3,-48.0,133.44599999999997,65.81400000000002,199.26,29.3075,26.72729166666667,2.5802083333333337,18,6,24,276.25775,-76.99774999999997,75.0,1.2,150.0,88.3,3600.0,2.5
DAN_ALL,2026-06-17,128.9,-53.8,566.19825,80.837,647.03525,28.368333333333336,25.68166666666667,2.686666666666666,16,8,24,697.81075,-50.77549999999997,66.7,6.87,76.3,182.7,1831.1999999999998,10.0
DA_BESS,2026-06-17,4.6000000000000005,-0.2,9.431500000000002,0.7719999999999999,10.2035,28.575416666666666,26.4496875,2.1257291666666664,17,7,24,12.443000000000001,-2.2395000000000005,70.8,2.29,5.0,4.800000000000001,120.0,4.0
DA_BESS2,2026-06-17,2.0,0.0,7.719999999999999,0.0,7.719999999999999,29.826666666666668,28.122500000000002,1.7041666666666668,1,0,1,7.719999999999999,0.0,100.0,99.99,9.9,2.0,237.60000000000002,0.8
DC2SES_ALL,2026-06-17,4.7,-28.6,22.701250000000005,158.16000000000003,180.86125000000004,25.415833333333335,20.618020833333333,4.7978125,24,0,24,180.86124999999998,0.0,100.0,99.99,66.5,33.300000000000004,1596.0,2.1
DESN_ESS_RN,2026-06-17,0.0,-2.0,0.0,0.10000000000000142,0.10000000000000142,3.7554166666666666,3.585729166666667,0.16968750000000007,1,0,1,0.10000000000000142,0.0,100.0,99.99,200.0,2.0,4800.0,0.0
DGFS_ESR_RN,2026-06-17,8.4,-51.3,-94.46899999999998,-382.9155,-477.3845,18.227083333333333,17.873854166666668,0.35322916666666665,13,10,23,123.12750000000001,-600.5120000000001,56.5,0.16,75.0,59.699999999999996,1800.0,3.3
DIBOL_RN,2026-06-17,4.0,0.0,56.635000000000005,0.0,56.635000000000005,5.275416666666667,3.831145833333333,1.4442708333333334,2,0,2,56.635000000000005,0.0,100.0,99.99,9.9,4.0,237.60000000000002,1.7
DKNS_ESS_RN,2026-06-17,2.0,0.0,16.164999999999996,0.0,16.164999999999996,0.8158333333333333,0.4790625,0.33677083333333324,1,0,1,16.164999999999996,0.0,100.0,99.99,50.0,2.0,1200.0,0.2
DRAK_ESS_RN,2026-06-17,0.0,0.0,0.0,0.0,0.0,20.08,19.21,0.8699999999999974,0,0,0,0.0,0.0,0.0,0.0,150.0,0.0,3600.0,0.0
DSWL_BES1,2026-06-17,0.0,0.0,0.0,0.0,0.0,2.932916666666667,2.143854166666667,0.7890625,0,0,0,0.0,0.0,0.0,0.0,150.0,0.0,3600.0,0.0
EBNY_ESS_RN,2026-06-17,5.1000000000000005,-10.2,12.721499999999997,-1.578499999999997,11.142999999999999,31.252916666666668,29.054375000000004,2.198541666666666,15,9,24,15.221249999999992,-4.078249999999993,62.5,2.24,195.0,15.3,4680.0,0.3
ELMCRK_RN,2026-06-17,2.0,0.0,1.3299999999999983,0.0,1.3299999999999983,1.3879166666666667,1.1045833333333335,0.28333333333333327,1,0,1,1.3299999999999983,0.0,100.0,99.99,9.9,2.0,237.60000000000002,0.8
ELM_ST_RN,2026-06-17,24.0,0.0,39.38999999999999,0.0,39.38999999999999,10.589166666666666,13.882395833333334,-3.293229166666667,3,1,4,129.57,-90.18,75.0,0.48,9.9,24.0,237.60000000000002,10.1
ELM_ST_RN2,2026-06-17,0.0,0.0,0.0,0.0,0.0,2.42375,2.7116666666666664,-0.28791666666666654,0,0,0,0.0,0.0,0.0,0.0,9.9,0.0,237.60000000000002,0.0
ELSA_ESR_RN,2026-06-17,0.0,0.0,0.0,0.0,0.0,1.9029166666666668,1.9275,-0.02458333333333318,0,0,0,0.0,0.0,0.0,0.0,9.9,0.0,237.60000000000002,0.0
ELZA_SLR_RN,2026-06-17,18.4,-30.0,134.4095,172.76675,307.17625000000004,26.036666666666665,19.544791666666665,6.491875,23,1,24,308.24125000000004,-1.064999999999999,95.8,12.58,100.0,48.4,2400.0,2.0
EMPCT_RN,2026-06-17,4.4,-87.8,25.769000000000002,988.2194999999999,1013.9885,25.951666666666668,19.382916666666667,6.5687500000000005,22,2,24,1014.1154999999999,-0.1270000000000003,91.7,725.92,9.9,92.2,237.60000000000002,38.8
ENDPARK_ESS1,2026-06-17,3.9000000000000004,-34.6,27.602999999999998,188.568,216.171,10.985416666666666,4.426458333333334,6.558958333333333,21,3,24,237.14249999999998,-20.971499999999995,87.5,1.62,50.0,38.5,1200.0,3.2
ESCONDID_ESR,2026-06-17,16.8,-23.7,100.12875,-28.092750000000038,72.03599999999996,27.814166666666665,25.989166666666666,1.8249999999999995,10,14,24,141.3815,-69.34550000000004,41.7,2.85,0.0,40.5,0.0,0.0
ESTONIAN_ALL,2026-06-17,44.6,-10.200000000000001,328.22725,76.51825000000001,404.74550000000005,25.912499999999998,19.273229166666667,6.639270833333334,23,1,24,412.1075,-7.362000000000006,95.8,2.43,101.6,54.800000000000004,2438.3999999999996,2.2
EUNICE_ALL,2026-06-17,1229.9,-130.8,4167.3925,-543.90725,3623.48525,6.3475,5.199791666666667,1.1477083333333333,14,10,24,5694.12625,-2070.641,58.3,1.96,17.0,1360.7,408.0,333.5
EVLN_ESS_RN,2026-06-17,7.7,-6.2,26.273499999999995,55.012499999999974,81.28599999999997,31.250833333333333,26.805000000000003,4.445833333333333,19,5,24,85.54875,-4.262750000000008,79.2,5.28,220.0,13.9,5280.0,0.3
E_HARRIS_RN,2026-06-17,32.800000000000004,-0.30000000000000004,164.27124999999998,-0.21525000000000039,164.05599999999998,31.602500000000003,28.527708333333333,3.0747916666666666,16,8,24,165.03375,-0.977749999999999,66.7,84.39,9.9,33.1,237.60000000000002,13.9
FALFUR_RN,2026-06-17,8.600000000000001,-124.3,4.863000000000003,-51.84475,-46.98175,30.23125,28.5965625,1.6346874999999994,13,11,24,26.69600000000002,-73.67775000000002,54.2,0.31,9.9,132.9,237.60000000000002,55.9
FALFUR_RN2,2026-06-17,4.0,0.0,14.580000000000005,0.0,14.580000000000005,34.464,30.511000000000003,3.9529999999999985,2,0,2,14.580000000000005,0.0,100.0,99.99,9.8,4.0,235.20000000000002,1.7
FAULKNER_RN,2026-06-17,0.0,-5.0,0.0,-36.23750000000001,-36.23750000000001,0.21416666666666664,0.036875,0.17729166666666665,0,1,1,0.0,-36.23750000000001,0.0,0.0,9.9,5.0,237.60000000000002,2.1
FENCESLR_ALL,2026-06-17,28.5,-42.0,236.4075,166.52749999999997,402.935,25.449583333333333,19.782708333333336,5.666875,23,1,24,403.88899999999995,-0.9539999999999977,95.8,18.41,71.0,70.5,1704.0,4.1
FERD_ESS_RN,2026-06-17,2.0,-7.0,-0.9600000000000009,-12.539999999999985,-13.499999999999986,2.7641666666666667,2.423958333333333,0.34020833333333345,0,3,3,0.0,-13.499999999999986,0.0,0.0,200.0,9.0,4800.0,0.2
FIVEWSLR_ALL,2026-06-17,2060.7,-47.6,18958.681,39.16525000000003,18997.846250000002,15.488333333333335,11.1415625,4.346770833333333,12,2,14,19014.45375,-16.60750000000016,85.7,190.82,220.0,2108.2999999999997,5280.0,39.9
FLOWERII_RN,2026-06-17,42.0,-69.5,223.85749999999996,-42.76675000000001,181.09074999999999,18.592916666666667,18.8396875,-0.24677083333333347,14,10,24,395.94374999999997,-214.85299999999998,58.3,1.32,100.0,111.5,2400.0,4.6
FLTBES1,2026-06-17,0.0,0.0,0.0,0.0,0.0,0.0,0.0,0.0,0,0,0,0.0,0.0,0.0,0.0,8.5,0.0,204.0,0.0
FLVABES1_ESR,2026-06-17,30.1,-5.0,40.86075,6.922000000000001,47.78275,5.797499999999999,6.755416666666666,-0.9579166666666667,3,1,4,48.55525,-0.7725,75.0,20.95,9.9,35.1,237.60000000000002,14.8
FORTMA_RN,2026-06-17,32.0,-13.0,-46.96000000000001,-936.6399999999999,-983.5999999999999,7.27625,7.779583333333334,-0.5033333333333333,0,5,5,0.0,-983.5999999999999,0.0,0.0,8.0,45.0,192.0,23.4
FRMRSVLW_RN,2026-06-17,6.7,-0.2,66.319,3.7050000000000005,70.024,26.021666666666665,19.377604166666668,6.6440624999999995,23,1,24,70.218,-0.1940000000000005,95.8,15.74,9.9,6.9,237.60000000000002,2.9
FRMR_BS2_RN1,2026-06-17,2.0,0.0,37.050000000000004,0.0,37.050000000000004,4.58625,3.0026041666666665,1.5836458333333334,1,0,1,37.050000000000004,0.0,100.0,99.99,6.0,2.0,144.0,1.4
FTDUNCAN_RN,2026-06-17,8.200000000000001,-20.8,73.02350000000001,157.323,230.34650000000005,27.74625,25.841250000000002,1.9050000000000011,11,13,24,246.60550000000003,-16.258999999999997,45.8,17.93,100.0,29.0,2400.0,1.2
GAIA_SLR_RN,2026-06-17,0.0,0.0,0.0,0.0,0.0,0.84375,0.8144791666666666,0.029270833333333357,0,0,0,0.0,0.0,0.0,0.0,76.3,0.0,1831.1999999999998,0.0
GAMBIT_RN,2026-06-17,0.0,0.0,0.0,0.0,0.0,28.507499999999997,26.54895833333333,1.9585416666666664,0,0,0,0.0,0.0,0.0,0.0,100.0,0.0,2400.0,0.0
GARC_BESS_RN,2026-06-17,6.8,-0.30000000000000004,-8.515250000000002,0.3547499999999993,-8.160500000000003,28.59375,28.736041666666665,-0.14229166666666693,10,14,24,6.560499999999997,-14.721,41.7,0.62,9.9,7.1,237.60000000000002,3.0
GIGA_ESS_RN,2026-06-17,22.2,-9.2,33.42375,45.315999999999974,78.73974999999999,31.672083333333333,29.885312499999998,1.786770833333333,14,10,24,102.47925,-23.7395,58.3,3.08,125.0,31.4,3000.0,1.0
GKS_BESS_RN,2026-06-17,188.60000000000002,-19.3,932.5749999999999,34.80175000000002,967.37675,31.81833333333333,28.598645833333336,3.2196874999999996,20,4,24,976.5695000000001,-9.192750000000004,83.3,21.25,93.0,207.90000000000003,2232.0,9.3
GODY_SLR_RN,2026-06-17,122.0,-36.0,579.4325,232.6075,812.04,8.8025,6.654062499999999,2.1484375,16,1,17,850.5525,-38.51250000000004,94.1,1.38,50.0,158.0,1200.0,13.2
GOMZ_RN,2026-06-17,2.4000000000000004,-7.4,-16.317,74.67399999999998,58.356999999999985,18.435416666666665,18.418333333333333,0.017083333333333634,13,10,23,79.07399999999998,-20.717,56.5,2.94,9.9,9.8,237.60000000000002,4.1
GOODWIN_ESR,2026-06-17,68.0,-72.0,137.06500000000005,-73.56499999999998,63.500000000000064,15.68875,15.125104166666667,0.5636458333333341,7,8,15,191.34500000000003,-127.84499999999997,46.7,1.71,7.0,140.0,168.0,83.3
GRDNE_ESR_RN,2026-06-17,5.800000000000001,-3.0000000000000004,-77.893,18.070500000000003,-59.8225,18.500833333333333,21.154374999999998,-2.653541666666667,13,9,22,33.138000000000005,-92.96050000000001,59.1,0.25,9.9,8.8,237.60000000000002,3.7
GREGORY_RN,2026-06-17,52.6,-136.3,124.5164999999999,313.892,438.4084999999999,31.533749999999998,28.565104166666668,2.968645833333332,18,6,24,465.0809999999999,-26.672500000000042,75.0,5.81,0.0,188.9,0.0,0.0
GZ_RN,2026-06-17,74.89999999999999,-18.2,195.002,-71.56949999999999,123.43250000000002,28.844583333333333,27.8925,0.9520833333333331,17,7,24,438.3415,-314.90900000000005,70.8,0.57,9.9,93.1,237.60000000000002,39.2
HAMI_BESS_RN,2026-06-17,0.0,-55.0,0.0,283.765,283.765,0.0,0.0,0.0,12,8,20,366.99749999999995,-83.2325,60.0,2.94,9.9,55.0,237.60000000000002,23.1
HARLIN_1_RN,2026-06-17,2.0,-27.0,-1.4300000000000068,130.56,129.13,3.9379166666666663,4.0084375,-0.07052083333333344,9,2,11,133.21,-4.08000000000002,81.8,7.26,0.0,29.0,0.0,0.0
HEADCAMP_RN,2026-06-17,48.0,0.0,155.29500000000002,0.0,155.29500000000002,10.780833333333334,11.494375,-0.713541666666667,5,3,8,290.565,-135.27,62.5,1.29,150.0,48.0,3600.0,1.3
HEARN_RD_RN,2026-06-17,16.6,-78.3,99.88949999999998,131.83950000000004,231.72900000000004,30.57375,28.021145833333335,2.552604166666667,16,8,24,255.49099999999999,-23.761999999999965,66.7,5.38,9.8,94.9,235.20000000000002,40.3
HEN_RN,2026-06-17,2.0,-13.0,15.830000000000005,98.67250000000001,114.50250000000003,3.5204166666666663,2.8858333333333337,0.6345833333333332,4,0,4,114.50250000000003,0.0,100.0,99.99,150.0,15.0,3600.0,0.4
HI_LONEB_RN1,2026-06-17,42.1,-2.0,144.21225,7.535,151.74725,15.904166666666667,16.053124999999998,-0.1489583333333333,11,11,22,177.52949999999998,-25.78225,50.0,6.89,50.0,44.1,1200.0,3.7
HLY_RN,2026-06-17,12.0,-13.5,75.52499999999999,79.06250000000001,154.5875,6.305,4.8259375,1.4790625000000002,6,0,6,154.5875,0.0,100.0,99.99,102.0,25.5,2448.0,1.0
HMNG_ESS_RN,2026-06-17,4.9,-39.4,31.606,396.259,427.865,25.407916666666665,18.355,7.052916666666666,23,1,24,428.06899999999996,-0.20399999999999993,95.8,91.23,100.0,44.3,2400.0,1.8
HNY_COMB_RN,2026-06-17,0.0,0.0,0.0,0.0,0.0,25.63,25.8575,-0.2275000000000027,0,0,0,0.0,0.0,0.0,0.0,61.5,0.0,1476.0,0.0
HOLCOMB_RN1,2026-06-17,0.0,0.0,0.0,0.0,0.0,31.729166666666668,30.11145833333333,1.6177083333333329,0,0,0,0.0,0.0,0.0,0.0,9.9,0.0,237.60000000000002,0.0
HOUSEMTN_RN,2026-06-17,26.4,-33.0,133.887,58.46475,192.35175,18.29125,18.222708333333333,0.06854166666666606,14,10,24,218.51149999999998,-26.159750000000003,58.3,5.97,60.0,59.4,1440.0,4.1
HRMS_SLR_RN,2026-06-17,2.0,0.0,-0.6649999999999991,0.0,-0.6649999999999991,4.31375,3.1841666666666666,1.1295833333333334,0,1,1,0.0,-0.6649999999999991,0.0,0.0,100.0,2.0,2400.0,0.1
HV_BESS1_RN,2026-06-17,36.0,-24.0,205.41500000000005,-17.295000000000023,188.12000000000003,22.054166666666664,20.266875,1.7872916666666665,5,2,7,257.165,-69.045,71.4,1.49,9.0,60.0,216.0,27.8
HWY6_RN,2026-06-17,0.0,-7.0,0.0,18.214999999999982,18.214999999999982,1.9320833333333332,1.8728125000000002,0.05927083333333316,2,0,2,18.214999999999982,0.0,100.0,99.99,9.9,7.0,237.60000000000002,2.9
HYDR_ESS_RN,2026-06-17,22.0,-5.3,224.075,-32.06325,192.01175,5.797916666666667,2.3086458333333333,3.4892708333333338,6,4,10,235.574,-43.56225,60.0,3.61,200.0,27.3,4800.0,0.6
IND_INADALE1,2026-06-17,114.5,-20.6,340.485,67.15974999999999,407.64475,16.212083333333332,12.9446875,3.2673958333333335,21,3,24,416.25624999999997,-8.611500000000008,87.5,6.91,9.9,135.1,237.60000000000002,56.9
INRT_W_ALL,2026-06-17,6361.3,-2.6,33370.153999999995,14.392750000000001,33384.546749999994,14.88,9.673854166666667,5.206145833333333,24,0,24,33384.546749999994,0.0,100.0,99.99,13.0,6363.900000000001,312.0,2039.7
JADE_SLR_ALL,2026-06-17,90.8,-52.7,423.66799999999995,386.6375,810.3054999999999,13.119166666666667,7.132604166666667,5.986562500000001,22,2,24,813.2310000000001,-2.925499999999998,91.7,25.27,81.9,143.5,1965.6000000000001,7.3
JAG_SLR_RN,2026-06-17,10.200000000000001,-27.6,57.34,83.38650000000001,140.72650000000002,24.57041666666667,19.59510416666667,4.9753125,24,0,24,140.72650000000002,0.0,100.0,99.99,150.0,37.800000000000004,3600.0,1.1
JAR_RN,2026-06-17,7.6,-59.2,10.953999999999997,82.94149999999996,93.89549999999996,27.80666666666667,26.284166666666668,1.5225,17,7,24,99.90849999999996,-6.013000000000002,70.8,6.84,156.0,66.8,3744.0,1.8
JC_BAT_RN,2026-06-17,6.7,-6.5,3.957250000000008,-34.81325000000001,-30.856,33.360416666666666,33.957187499999996,-0.5967708333333327,10,14,24,18.75625000000002,-49.61225000000002,41.7,0.53,1.2,13.2,28.799999999999997,45.8
JDKNS_RN,2026-06-17,22.5,-105.9,87.2525,-505.87749999999994,-418.6249999999999,18.689583333333335,19.665520833333336,-0.9759375,13,10,23,476.4145,-895.0395,56.5,0.41,9.9,128.4,237.60000000000002,54.0
JUNCTION_RN,2026-06-17,142.1,-40.4,-304.0397499999996,769.8822500000001,465.8425000000006,106.79416666666667,109.600625,-2.8064583333333304,15,9,24,5086.4695,-4620.6269999999995,62.5,0.66,9.9,182.5,237.60000000000002,76.8
JUNORTH_RN,2026-06-17,76.0,-1.0,1775.1000000000001,32.587500000000006,1807.6875,106.79416666666667,109.600625,-2.8064583333333304,15,9,24,2569.0625,-761.375,62.5,2.02,0.0,77.0,0.0,0.0
KEG_RN,2026-06-17,6.0,-16.0,9.065000000000005,24.480000000000004,33.54500000000001,3.4441666666666664,3.2553125,0.18885416666666677,8,1,9,40.01500000000001,-6.469999999999999,88.9,0.77,0.0,22.0,0.0,0.0
KNAPP_RN,2026-06-17,113.1,-14.0,514.50425,15.447500000000002,529.9517500000001,25.1925,19.018958333333334,6.173541666666666,15,8,23,1596.8882500000002,-1066.9365,65.2,0.8,0.0,127.1,0.0,0.0
LANTANA_RN,2026-06-17,2.0,-143.5,8.219999999999999,241.96624999999997,250.18624999999997,2.9866666666666664,2.8061458333333333,0.18052083333333332,15,7,22,294.62125,-44.435,68.2,3.09,9.9,145.5,237.60000000000002,61.2
LAUR_BESS_RN,2026-06-17,36.4,-57.6,148.92674999999997,315.8715000000001,464.79825000000005,18.754583333333333,17.29885416666667,1.4557291666666667,14,2,16,470.3142500000001,-5.515999999999964,87.5,12.18,9.0,94.0,216.0,43.5
LBRA_BES1,2026-06-17,7.1000000000000005,-2.2,22.493499999999997,-0.05150000000000149,22.441999999999993,30.85291666666667,28.821145833333333,2.031770833333333,14,10,24,24.037499999999994,-1.5955,58.3,10.76,200.0,9.3,4800.0,0.2
LEAKEY_RN,2026-06-17,2.0,-19.0,0.060000000000002274,-50.147499999999994,-50.08749999999999,0.8791666666666668,0.8779166666666667,0.0012500000000000473,1,12,13,0.060000000000002274,-50.147499999999994,7.7,0.01,0.0,21.0,0.0,0.0
LFSTH_RN,2026-06-17,5.2,-0.2,34.78025,3.01,37.79025000000001,26.270416666666666,19.8178125,6.452604166666667,23,1,24,37.92125000000001,-0.13100000000000023,95.8,12.59,9.9,5.4,237.60000000000002,2.3
LIGSW_RN,2026-06-17,4.6000000000000005,-0.2,25.686999999999998,3.0154999999999994,28.702499999999997,25.105416666666667,19.125729166666666,5.9796875,23,1,24,28.892499999999995,-0.18999999999999986,95.8,6.61,9.8,4.800000000000001,235.20000000000002,2.0
LILY_RN,2026-06-17,60.0,-18.6,317.83225000000004,159.1755,477.00775000000004,25.80125,19.583854166666665,6.217395833333334,23,1,24,477.97675,-0.9690000000000012,95.8,21.45,50.0,78.6,1200.0,6.5
LK_RN,2026-06-17,0.0,-49.0,0.0,-66.725,-66.725,3.3045833333333334,3.1495833333333336,0.15500000000000025,9,5,14,51.12750000000001,-117.85250000000002,64.3,0.24,0.0,49.0,0.0,0.0
LMO_ESR_RN,2026-06-17,4.9,-0.2,26.270750000000003,1.2764999999999986,27.547250000000002,27.08,21.992708333333336,5.087291666666666,23,1,24,27.71575,-0.16850000000000023,95.8,7.15,100.0,5.1000000000000005,2400.0,0.2
LONESTAR_RN,2026-06-17,0.0,-10.3,0.0,-166.7555,-166.7555,0.023333333333333334,0.0415625,-0.018229166666666668,3,2,5,4.182,-170.9375,60.0,0.02,9.9,10.3,237.60000000000002,4.3
LON_RN1,2026-06-17,5.2,-36.4,13.641000000000007,-14.521749999999983,-0.8807499999999696,29.1675,26.701562499999998,2.465937500000001,18,6,24,47.58250000000002,-48.46325,75.0,0.33,174.0,41.6,4176.0,1.0
LOWR_ESS_RN,2026-06-17,4.6000000000000005,-22.3,21.996000000000002,23.037749999999985,45.03374999999998,33.14208333333333,28.577604166666664,4.5644791666666675,16,8,24,55.45950000000001,-10.425750000000024,66.7,2.66,13.0,26.900000000000002,312.0,8.6
LUCKYBLU_RN,2026-06-17,14.0,-26.0,124.16499999999998,291.485,415.65,11.605416666666665,8.616875,2.9885416666666664,23,1,24,463.86250000000007,-48.21250000000003,95.8,0.42,100.0,40.0,2400.0,1.7
LYNX_ESS_RN,2026-06-17,2.0,0.0,4.990000000000002,0.0,4.990000000000002,2.1245833333333333,2.0246875,0.09989583333333352,1,0,1,4.990000000000002,0.0,100.0,99.99,20.0,2.0,480.0,0.4
LYSSY_RN,2026-06-17,107.1,-11.2,454.84149999999994,50.01550000000003,504.85699999999997,31.976666666666663,28.951458333333335,3.025208333333333,16,8,24,508.7679999999999,-3.9109999999999725,66.7,65.04,0.0,118.3,0.0,0.0
L_FRE_ESR_RN,2026-06-17,7.000000000000001,-17.3,15.235000000000007,95.19650000000004,110.43150000000004,31.582083333333333,28.541458333333335,3.040625000000001,18,6,24,113.65200000000003,-3.2205,75.0,11.76,9.9,24.3,237.60000000000002,10.2
MADERO_RN,2026-06-17,4.0,0.0,31.180000000000007,0.0,31.180000000000007,2.7237500000000003,2.0741666666666667,0.6495833333333335,2,0,2,31.180000000000007,0.0,100.0,99.99,100.0,4.0,2400.0,0.2
MAINLAND_RN,2026-06-17,7.7,-6.2,47.70949999999999,54.90949999999997,102.61899999999997,30.572916666666668,26.701979166666664,3.8709374999999997,19,5,24,105.32799999999997,-2.7090000000000005,79.2,10.23,9.9,13.9,237.60000000000002,5.9
MEDILA_RN,2026-06-17,150.0,-15.3,974.48975,62.44549999999997,1036.93525,35.73083333333333,30.0240625,5.706770833333333,17,7,24,1122.70475,-85.76950000000001,70.8,5.39,9.0,165.3,216.0,76.5
MEDINA1_RN,2026-06-17,4.0,0.0,16.655,0.0,16.655,3.8358333333333334,3.4888541666666666,0.34697916666666667,1,1,2,29.995000000000005,-13.340000000000003,50.0,2.25,0.0,4.0,0.0,0.0
MESQUITE_RN,2026-06-17,10.0,-6.0,30.314999999999984,42.97500000000001,73.28999999999999,4.79625,4.551875,0.24437499999999993,3,1,4,75.35499999999999,-2.0649999999999977,75.0,12.16,9.9,16.0,237.60000000000002,6.7
MESQUITE_RN2,2026-06-17,12.0,0.0,64.66,0.0,64.66,7.997083333333333,7.062916666666666,0.9341666666666667,4,0,4,64.66,0.0,100.0,99.99,0.0,12.0,0.0,0.0
MIDP_SLR_RN,2026-06-17,83.0,-38.6,364.7372500000001,156.5212500000001,521.2585000000001,23.472916666666666,19.439583333333335,4.033333333333334,22,1,23,528.3730000000002,-7.114499999999979,95.7,3.38,50.9,121.6,1221.6,10.0
MIDWY_RN,2026-06-17,0.0,-5.3,0.0,-40.59525000000003,-40.59525000000003,1.1970833333333333,1.5502083333333332,-0.3531249999999999,3,1,4,4.21725,-44.81250000000003,75.0,0.03,9.9,5.3,237.60000000000002,2.2
MILTON_RN,2026-06-17,35.1,-10.2,99.00499999999994,-5.547000000000003,93.45799999999993,31.558333333333334,29.01375,2.544583333333333,16,8,24,101.96599999999995,-8.508000000000004,66.7,5.99,8.0,45.3,192.0,23.6
MNWL_BESS_RN,2026-06-17,8.0,-2.2,71.66675000000002,36.51950000000001,108.18625000000003,44.01208333333333,36.6775,7.334583333333334,20,4,24,112.50875000000003,-4.322500000000003,83.3,5.21,9.9,10.2,237.60000000000002,4.3
MOORE_FL_RN,2026-06-17,56.6,-46.3,-237.34149999999997,-29.081000000000014,-266.4225,27.695833333333336,28.590729166666666,-0.8948958333333336,9,15,24,58.09550000000004,-324.518,37.5,0.3,9.0,102.9,216.0,47.6
MUENSTER_RN,2026-06-17,129.5,-15.2,1073.00425,181.39999999999998,1254.40425,28.880416666666665,21.85875,7.021666666666667,23,1,24,1256.84025,-2.436,95.8,22.43,9.9,144.7,237.60000000000002,60.9
MUSTNGCK_ALL,2026-06-17,63.5,-30.7,206.144,10.139250000000013,216.28325,29.830416666666665,27.474895833333335,2.355520833333333,17,7,24,232.27500000000003,-15.991750000000003,70.8,5.98,71.0,94.2,1704.0,5.5
MU_RN,2026-06-17,7.700000000000001,-90.2,44.27075,88.43199999999999,132.70274999999998,30.07625,26.867395833333333,3.208854166666667,18,6,24,140.4825,-7.779749999999996,75.0,6.02,9.9,97.9,237.60000000000002,41.2
MV_VALV4_RN,2026-06-17,2.0,0.0,30.144999999999996,0.0,30.144999999999996,1.74125,1.1132291666666667,0.6280208333333333,1,0,1,30.144999999999996,0.0,100.0,99.99,9.9,2.0,237.60000000000002,0.8
MYRY_BES2_RN,2026-06-17,32.6,-19.3,155.02099999999996,52.81224999999996,207.83324999999994,31.152083333333334,28.6171875,2.534895833333333,16,8,24,212.05649999999991,-4.2232500000000055,66.7,25.11,9.9,51.900000000000006,237.60000000000002,21.8
MYRY_ESR_RN,2026-06-17,0.0,0.0,0.0,0.0,0.0,0.0,0.0,0.0,0,0,0,0.0,0.0,0.0,0.0,9.9,0.0,237.60000000000002,0.0
MYR_ALL,2026-06-17,12.0,-130.6,20.99,251.862,272.852,15.194166666666666,14.0178125,1.1763541666666666,8,6,14,433.05549999999994,-160.2035,57.1,2.03,76.3,142.6,1831.1999999999998,7.8
NCO_RN,2026-06-17,0.0,-57.8,0.0,31.023999999999987,31.023999999999987,1.9720833333333332,1.9310416666666665,0.04104166666666664,7,6,13,93.95450000000001,-62.93050000000002,53.8,1.28,38.8,57.8,931.1999999999999,6.2
NEDIN_RN,2026-06-17,2.0,0.0,2.355000000000004,0.0,2.355000000000004,3.8825000000000003,3.9159375,-0.03343749999999993,1,0,1,2.355000000000004,0.0,100.0,99.99,0.0,2.0,0.0,0.0
NF_BRP_RN,2026-06-17,160.4,-21.6,531.3932500000002,145.32500000000002,676.7182500000002,11.805,11.720833333333331,0.08416666666666694,5,5,10,878.6360000000001,-201.91774999999998,50.0,4.35,100.5,182.0,2412.0,7.5
NOBLESLR_ALL,2026-06-17,1078.7,-30.299999999999997,10732.38475,265.6395,10998.024249999999,13.868333333333334,8.772291666666666,5.096041666666667,13,1,14,11000.06425,-2.039999999999999,92.9,414.78,62.5,1109.0,1500.0,73.9
NWF_NWF1,2026-06-17,431.0,-14.1,-3599.886,45.80425000000001,-3554.08175,19.330833333333334,22.03697916666667,-2.706145833333333,13,10,23,2049.9990000000003,-5604.08075,56.5,0.28,36.0,445.1,864.0,51.5
N_AL_BESS_RN,2026-06-17,6.6000000000000005,-5.3,23.461999999999996,33.88149999999999,57.343499999999985,32.74458333333333,28.585625000000004,4.158958333333333,16,8,24,58.63699999999999,-1.2935000000000003,66.7,22.67,9.9,11.9,237.60000000000002,5.0
N_MRD_ESR_RN,2026-06-17,10.700000000000001,-34.3,25.836000000000016,53.079500000000024,78.91550000000004,32.257083333333334,28.5590625,3.698020833333333,16,8,24,89.45900000000003,-10.543499999999991,66.7,4.24,9.9,45.0,237.60000000000002,18.9
ODESW_RN,2026-06-17,0.0,-149.3,0.0,-2303.041,-2303.041,0.5183333333333334,-0.050416666666666665,0.56875,3,8,11,3.8637500000000005,-2306.90475,27.3,0.0,9.9,149.3,237.60000000000002,62.8
OLMITO_RN,2026-06-17,17.0,-40.5,67.58500000000001,203.07750000000001,270.6625,11.786666666666667,10.329583333333334,1.4570833333333335,14,2,16,272.93000000000006,-2.267500000000002,87.5,17.2,0.0,57.5,0.0,0.0
OLNEYTN_RN,2026-06-17,18.0,-14.0,383.78,380.59,764.3699999999999,66.15541666666667,59.7496875,6.405729166666666,11,4,15,1185.1499999999999,-420.78,73.3,1.02,9.9,32.0,237.60000000000002,13.5
OR_BESS_RN,2026-06-17,4.6000000000000005,-10.2,11.338500000000003,-15.322499999999998,-3.9839999999999955,28.772499999999997,26.261354166666667,2.511145833333334,18,6,24,13.936000000000002,-17.919999999999995,75.0,0.26,9.9,14.8,237.60000000000002,6.2
PAD1_ESS_RN,2026-06-17,5.1000000000000005,-0.2,16.887250000000005,-0.35949999999999993,16.527750000000005,31.886666666666667,29.013229166666665,2.8734375,16,8,24,18.201750000000004,-1.6740000000000002,66.7,5.44,50.0,5.300000000000001,1200.0,0.4
PAD2_ESS_RN,2026-06-17,0.0,0.0,0.0,0.0,0.0,40.769999999999996,37.41,3.3599999999999994,0,0,0,0.0,0.0,0.0,0.0,150.0,0.0,3600.0,0.0
PALACIOS_RN,2026-06-17,208.3,-31.2,663.48325,133.32600000000002,796.80925,29.585833333333337,27.232916666666668,2.3529166666666668,17,7,24,851.1337500000001,-54.32450000000003,70.8,6.45,7.0,239.5,168.0,142.6
PALE_ESS_EN,2026-06-17,4.0,-4.3,24.695000000000004,60.46475,85.15975,2.07625,1.5617708333333333,0.5144791666666667,3,1,4,87.71975,-2.5599999999999907,75.0,11.42,200.0,8.3,4800.0,0.2
PAULN_RN,2026-06-17,23.1,-0.2,229.83975,2.474500000000001,232.31425000000002,25.62708333333333,19.7890625,5.838020833333332,23,1,24,232.48825000000002,-0.1740000000000002,95.8,58.09,9.9,23.3,237.60000000000002,9.8
PAVLOV_BT_RN,2026-06-17,5.6000000000000005,-27.2,10.629499999999998,94.43700000000004,105.06650000000003,29.370416666666667,26.933645833333333,2.436770833333334,17,7,24,106.54050000000004,-1.4739999999999902,70.8,29.76,9.9,32.8,237.60000000000002,13.8
PAVO_ESS_ALL,2026-06-17,71.39999999999999,0.0,439.84950000000003,0.0,439.84950000000003,2.3800000000000003,0.5759374999999999,1.8040625000000003,7,0,7,439.84950000000003,0.0,100.0,99.99,87.5,71.39999999999999,2100.0,3.4
PEARSALL_RN,2026-06-17,24.0,-18.0,156.96,85.05,242.01,8.480416666666667,7.049270833333334,1.4311458333333338,5,3,8,253.9275,-11.9175,62.5,12.78,9.9,42.0,237.60000000000002,17.7
PHO_ALL,2026-06-17,25.0,-10.0,162.46750000000003,7.7250000000000085,170.19250000000002,16.807083333333335,13.3440625,3.4630208333333337,12,3,15,184.92750000000004,-14.734999999999992,80.0,3.14,150.0,35.0,3600.0,1.0
PINEFRST_RN,2026-06-17,21.6,-14.3,146.36450000000002,114.96125,261.32575,25.991666666666664,19.293229166666666,6.698437500000001,23,1,24,264.41374999999994,-3.0879999999999996,95.8,3.72,200.0,35.900000000000006,4800.0,0.7
PIN_BESS_RN,2026-06-17,12.0,-6.0,58.455,1.559999999999988,60.014999999999986,8.730833333333333,7.740624999999999,0.9902083333333334,3,0,3,60.014999999999986,0.0,100.0,99.99,0.0,18.0,0.0,0.0
PIRATE_RN,2026-06-17,40.6,-112.3,131.36200000000005,144.67600000000004,276.03800000000007,31.080833333333334,28.380625,2.700208333333334,17,7,24,311.85100000000006,-35.813,70.8,3.59,5.0,152.9,120.0,127.4
PLATINUM_RN,2026-06-17,11.5,0.0,126.3945,0.0,126.3945,14.424999999999999,9.7440625,4.6809375,10,0,10,126.3945,0.0,100.0,99.99,151.7,11.5,3640.7999999999997,0.3
POTEETS_RN,2026-06-17,6.6000000000000005,-38.2,9.735500000000004,139.21450000000007,148.95000000000007,30.3875,28.34583333333333,2.0416666666666674,14,10,24,153.68250000000006,-4.732499999999984,58.3,23.2,9.9,44.800000000000004,237.60000000000002,18.9
POTSVIL_RN,2026-06-17,235.60000000000002,-123.4,-432.94275000000016,-2322.9045,-2755.8472500000003,34.13166666666667,30.555833333333336,3.575833333333333,20,4,24,1869.87925,-4625.7265,83.3,0.08,9.9,359.0,237.60000000000002,151.1
PRCRK_RN,2026-06-17,4.4,-0.4,25.389,5.596000000000001,30.985,25.91208333333333,19.456875,6.455208333333332,23,1,24,31.133999999999997,-0.14900000000000022,95.8,9.08,9.9,4.800000000000001,237.60000000000002,2.0
PTLBES_BESS1,2026-06-17,142.1,-18.2,552.67,42.908000000000015,595.578,31.436666666666667,27.834999999999997,3.601666666666667,20,4,24,616.0355000000001,-20.45750000000009,83.3,6.02,6.0,160.29999999999998,144.0,111.3
PYR_PYRON1,2026-06-17,223.5,-8.2,524.95875,-3.2185000000000006,521.74025,16.212083333333332,12.9446875,3.2673958333333335,21,3,24,541.3082499999999,-19.56800000000002,87.5,3.95,15.1,231.7,362.4,63.9
QUEEN_BA_RN,2026-06-17,113.0,-2.4000000000000004,-1026.433,18.3165,-1008.1165000000001,18.147083333333335,17.826979166666668,0.32010416666666686,14,9,23,137.8455,-1145.962,60.9,0.08,50.0,115.4,1200.0,9.6
RADN_SLR_ALL,2026-06-17,362.0,-15.9,627.7805,11.395750000000021,639.17625,16.680833333333336,14.500520833333333,2.1803125000000003,12,12,24,876.2755000000002,-237.09924999999998,50.0,3.7,81.9,377.9,1965.6000000000001,19.2
RBN_BESS1,2026-06-17,6.6000000000000005,-26.2,13.101,10.292500000000002,23.393500000000003,28.618333333333336,26.180625000000003,2.4377083333333336,18,6,24,46.129500000000014,-22.736000000000004,75.0,0.68,100.0,32.8,2400.0,1.4
RHESS2_ESS1,2026-06-17,52.5,-153.0,-28.285499999999942,1353.6740000000002,1325.3885000000002,13.417083333333332,13.0728125,0.34427083333333347,13,10,23,1569.8540000000003,-244.46549999999993,56.5,4.94,8.0,205.5,192.0,107.0
RIOG_ESR2_RN,2026-06-17,0.2,-0.1,0.4932499999999991,0.11724999999999995,0.610499999999999,3.9254166666666666,3.8247916666666666,0.10062499999999952,3,0,3,0.6104999999999989,0.0,100.0,99.99,0.0,0.30000000000000004,0.0,0.0
RIOG_ESR_RN,2026-06-17,0.0,-2.0,0.0,-9.754999999999995,-9.754999999999995,0.8762500000000001,1.0794791666666665,-0.20322916666666657,0,1,1,0.0,-9.754999999999995,0.0,0.0,9.9,2.0,237.60000000000002,0.8
RN_BY_ESR1,2026-06-17,0.0,0.0,0.0,0.0,0.0,0.8758333333333334,0.8716666666666667,0.004166666666666578,0,0,0,0.0,0.0,0.0,0.0,0.0,0.0,0.0,0.0
RN_PAD3_ESS,2026-06-17,0.0,0.0,0.0,0.0,0.0,25.034285714285716,22.723214285714285,2.311071428571428,0,0,0,0.0,0.0,0.0,0.0,0.0,0.0,0.0,0.0
RN_QTUM_SLR,2026-06-17,2986.6,0.0,15531.320749999999,0.0,15531.320749999999,4.96,1.6907291666666666,3.2692708333333336,14,0,14,15531.32075,0.0,100.0,99.99,160.0,2986.6,3840.0,77.8
RN_RHN_ESR,2026-06-17,0.0,0.0,0.0,0.0,0.0,9.309166666666668,8.7003125,0.608854166666667,0,0,0,0.0,0.0,0.0,0.0,0.0,0.0,0.0,0.0
RN_SOLC_SLR,2026-06-17,2789.8,0.0,13448.928,0.0,13448.928,5.707083333333333,2.9581250000000003,2.748958333333333,15,0,15,13448.928000000002,0.0,100.0,99.99,160.0,2789.8,3840.0,72.7
ROSELAND_ALL,2026-06-17,387.20000000000005,-206.20000000000002,2629.96,294.6704999999999,2924.6305,25.317083333333333,20.003645833333334,5.3134375,24,0,24,2924.6305,0.0,100.0,99.99,50.0,593.4000000000001,1200.0,49.5
RPUBRDS_RN,2026-06-17,37.0,-13.9,263.2855,28.490499999999994,291.776,27.66541666666667,23.348333333333333,4.317083333333334,22,2,24,291.99300000000005,-0.21699999999999806,91.7,122.33,39.5,50.9,948.0,5.4
RRANCHES_ALL,2026-06-17,47.6,-530.7,433.64850000000007,-1130.4975000000004,-696.8490000000003,18.8025,19.32979166666667,-0.527291666666667,14,10,24,2270.7217499999997,-2967.5707500000003,58.3,0.55,150.0,578.3000000000001,3600.0,16.1
RRC_WIND_ALL,2026-06-17,104.9,-4.4,487.32025,17.821,505.14124999999996,16.28125,11.915625,4.365625,21,3,24,521.96175,-16.820500000000003,87.5,4.43,52.0,109.30000000000001,1248.0,8.8
RTLSNAKE_BT,2026-06-17,0.0,-24.3,0.0,47.817,47.817,0.26458333333333334,0.050416666666666665,0.21416666666666664,9,2,11,51.4395,-3.622500000000002,81.8,3.16,9.9,24.3,237.60000000000002,10.2
RUSSEKST_RN,2026-06-17,92.0,-239.4,139.89824999999993,967.4309999999998,1107.3292499999998,21.138333333333332,20.0628125,1.0755208333333328,14,10,24,2094.4094999999998,-987.0802500000001,58.3,1.52,9.9,331.4,237.60000000000002,139.5
RVN_RN,2026-06-17,0.0,0.0,0.0,0.0,0.0,35.62,23.7375,11.882499999999997,0,0,0,0.0,0.0,0.0,0.0,0.0,0.0,0.0,0.0
RVRVLYS_ALL,2026-06-17,40.4,-45.7,139.69450000000006,90.39425000000004,230.0887500000001,31.30666666666667,29.34,1.9666666666666661,15,9,24,287.58625,-57.49749999999993,62.5,3.0,50.0,86.1,1200.0,7.2
SADLBACK_RN,2026-06-17,12.9,-23.5,32.477,-143.38699999999997,-110.90999999999998,18.685416666666665,19.083333333333332,-0.39791666666666686,12,10,22,129.185,-240.095,54.5,0.45,9.9,36.4,237.60000000000002,15.3
SAH_RN,2026-06-17,0.0,0.0,0.0,0.0,0.0,1.0279166666666668,1.0333333333333334,-0.005416666666666625,0,0,0,0.0,0.0,0.0,0.0,200.0,0.0,4800.0,0.0
SANDLAKE_RN,2026-06-17,1.0,-95.0,2.2225,-515.0949999999999,-512.8725,1.72,1.1352083333333332,0.5847916666666667,11,9,20,177.435,-690.3074999999999,55.0,0.21,9.9,96.0,237.60000000000002,40.4
SBEAN_BESS,2026-06-17,2.0,-2.9000000000000004,-20.688499999999998,21.3975,0.7090000000000023,18.823333333333334,19.366458333333334,-0.5431249999999999,13,10,23,23.666000000000004,-22.956999999999997,56.5,0.79,9.9,4.9,237.60000000000002,2.1
SEVNF_ES_RN,2026-06-17,6.0,-29.0,-7.895000000000003,16.759999999999998,8.864999999999995,13.3175,13.016041666666666,0.30145833333333344,6,5,11,34.95250000000001,-26.087500000000013,54.5,1.12,100.0,35.0,2400.0,1.5
SGSA_DGR,2026-06-17,0.0,-15.0,0.0,-87.25000000000003,-87.25000000000003,3.2404166666666665,2.869895833333333,0.3705208333333334,1,2,3,56.249999999999986,-143.5,33.3,0.78,9.9,15.0,237.60000000000002,6.3
SG_BES_BESS1,2026-06-17,124.9,-24.5,1097.753,-73.89725,1023.8557499999998,18.28,18.0428125,0.2371874999999998,13,10,23,1283.4475,-259.59175000000005,56.5,3.8,100.0,149.4,2400.0,6.2
SHAMROCK_RN,2026-06-17,4031.0,-54.0,5993.623749999999,137.83349999999993,6131.457249999999,15.655416666666667,15.520520833333334,0.13489583333333321,13,11,24,17213.777,-11082.319749999999,54.2,1.31,99.3,4085.0,2383.2,171.4
SHEEPCRK_1,2026-06-17,418.4,-2.0,1882.2939999999999,-4.545,1877.7489999999998,16.28125,11.915625,4.365625,21,3,24,1971.8774999999998,-94.1285,87.5,2.99,135.0,420.4,3240.0,13.0
SLCN_ESS_ALL,2026-06-17,18.4,-35.7,16.146250000000016,-38.34674999999995,-22.200499999999945,32.08541666666667,30.493854166666665,1.5915625000000002,14,10,24,85.86050000000003,-108.06099999999998,58.3,0.57,50.0,54.1,1200.0,4.5
SLK_BESS_RN,2026-06-17,0.0,0.0,0.0,0.0,0.0,1.2841666666666667,1.3611458333333335,-0.07697916666666678,0,0,0,0.0,0.0,0.0,0.0,0.0,0.0,0.0,0.0
SMTH_ESS_RN,2026-06-17,8.4,-6.4,77.12100000000001,50.05449999999999,127.17550000000001,26.078333333333333,19.5178125,6.560520833333334,23,1,24,127.35200000000003,-0.17649999999999935,95.8,31.37,125.0,14.8,3000.0,0.5
SNY_BESS_RN,2026-06-17,2.2,-145.6,1.2795000000000014,262.8605000000001,264.1400000000001,20.749166666666667,21.0315625,-0.2823958333333329,13,10,23,535.6895000000001,-271.5494999999999,56.5,1.52,9.9,147.79999999999998,237.60000000000002,62.2
SPTX12B_RN,2026-06-17,212.1,0.0,856.40875,0.0,856.40875,15.971666666666666,14.6475,1.3241666666666667,15,6,21,1196.0415,-339.63275,71.4,1.41,24.9,212.1,597.5999999999999,35.5
SP_RN,2026-06-17,7.5,-113.2,17.708,83.79199999999992,101.49999999999991,30.299583333333334,27.286562500000002,3.0130208333333326,18,6,24,164.6467499999999,-63.146750000000004,75.0,0.87,8.0,120.7,192.0,62.9
SROSA_ESR_RN,2026-06-17,8.700000000000001,-5.3,11.25724999999999,17.262999999999998,28.52024999999999,31.61208333333333,28.520416666666666,3.0916666666666663,16,8,24,33.46125,-4.9410000000000105,66.7,3.39,9.9,14.0,237.60000000000002,5.9
STADIUM_RN,2026-06-17,72.0,-23.0,179.55000000000007,80.07749999999997,259.62750000000005,24.464583333333334,22.368750000000002,2.0958333333333337,16,7,23,278.615,-18.987500000000004,69.6,6.42,9.9,95.0,237.60000000000002,40.0
STAM_SLR_ALL,2026-06-17,33.2,-0.2,286.815,3.7419999999999995,290.55699999999996,25.822916666666668,19.2175,6.605416666666667,23,1,24,291.71199999999993,-1.1549999999999983,95.8,10.98,70.0,33.400000000000006,1680.0,2.0
STRG_SLR_ALL,2026-06-17,24.3,-58.8,136.9725,271.9565,408.929,28.444999999999997,24.7115625,3.7334375000000004,18,6,24,413.33950000000004,-4.410500000000013,75.0,31.24,100.0,83.1,2400.0,3.5
SUNVASLR_ALL,2026-06-17,323.3,-46.9,356.695,-19.810749999999985,336.88425000000007,19.497916666666665,18.942291666666666,0.5556250000000004,20,4,24,1652.1765,-1315.29225,83.3,0.25,53.3,370.2,1279.1999999999998,28.9
SWOOSE1_U1,2026-06-17,2.2,-3.9000000000000004,-20.484,9.851750000000001,-10.632249999999999,18.895833333333332,19.548958333333335,-0.6531250000000003,14,10,24,24.56225,-35.194500000000005,58.3,0.5,9.9,6.1000000000000005,237.60000000000002,2.6
SWOOSEII_RN,2026-06-17,15.1,-14.3,147.06025,61.27550000000001,208.33575000000002,4.17125,3.3613541666666666,0.8098958333333334,3,0,3,208.33575000000002,0.0,100.0,99.99,100.0,29.4,2400.0,1.2
SWT_BESS_RN,2026-06-17,14.4,-52.4,-10.049499999999991,187.35175000000004,177.30225000000004,18.282500000000002,18.7709375,-0.4884374999999997,11,11,22,250.17100000000005,-72.86874999999998,50.0,3.43,9.9,66.8,237.60000000000002,28.1
TANZ_ESS_RN,2026-06-17,0.0,0.0,0.0,0.0,0.0,2.645,2.060208333333333,0.5847916666666668,0,0,0,0.0,0.0,0.0,0.0,0.0,0.0,0.0,0.0
TBWF_ES_BES1,2026-06-17,60.89999999999999,0.0,379.64624999999995,0.0,379.64624999999995,7.065833333333333,3.924375,3.141458333333334,7,0,7,379.64625,0.0,100.0,99.99,150.0,60.89999999999999,3600.0,1.7
TDWLPR_1_RN,2026-06-17,8.600000000000001,-6.2,28.106,4.164499999999997,32.2705,26.215833333333332,21.057395833333334,5.1584375,23,1,24,32.3865,-0.11599999999999966,95.8,12.14,100.0,14.8,2400.0,0.6
TNFS_RN,2026-06-17,0.0,0.0,0.0,0.0,0.0,0.0,0.0,0.0,0,0,0,0.0,0.0,0.0,0.0,9.9,0.0,237.60000000000002,0.0
TORR_ALL,2026-06-17,236.1,-100.8,638.42575,84.26824999999997,722.694,19.954583333333336,18.089375,1.8652083333333331,15,9,24,789.10275,-66.40875000000001,62.5,7.13,0.0,336.9,0.0,0.0
TORT_ESS_RN,2026-06-17,0.0,0.0,0.0,0.0,0.0,2.950416666666667,2.7198958333333336,0.23052083333333329,0,0,0,0.0,0.0,0.0,0.0,50.0,0.0,1200.0,0.0
TOYAH_RN,2026-06-17,0.0,-5.0,0.0,-112.25000000000001,-112.25000000000001,2.9008333333333334,3.579166666666667,-0.6783333333333333,0,1,1,0.0,-112.25000000000001,0.0,0.0,9.9,5.0,237.60000000000002,2.1
TRIPBUT1_RN,2026-06-17,2.4000000000000004,-13.5,-15.464500000000003,33.50274999999997,18.03824999999997,18.302083333333332,18.114479166666666,0.18760416666666582,13,10,23,78.58649999999999,-60.548250000000024,56.5,1.0,7.5,15.9,180.0,8.8
TSECA_ES_RN,2026-06-17,0.0,0.0,0.0,0.0,0.0,3.6795833333333334,2.1279166666666667,1.5516666666666667,0,0,0,0.0,0.0,0.0,0.0,100.0,0.0,2400.0,0.0
TURQ_BESS1,2026-06-17,13.0,-7.0,108.98049999999998,46.3425,155.32299999999998,11.635,8.909270833333332,2.725729166666666,8,1,9,158.0305,-2.7074999999999996,88.9,7.3,188.0,20.0,4512.0,0.4
TV_RN,2026-06-17,8.600000000000001,-53.1,27.667,-17.771000000000022,9.89599999999997,28.765416666666667,27.02270833333333,1.7427083333333329,17,7,24,120.179,-110.28300000000002,70.8,0.45,9.8,61.7,235.20000000000002,26.2
TYNAN_RN,2026-06-17,6.6000000000000005,-13.2,11.646000000000003,8.074000000000002,19.720000000000002,30.858333333333334,28.40625,2.4520833333333334,16,8,24,28.56900000000001,-8.849000000000004,66.7,1.61,9.9,19.8,237.60000000000002,8.3
UTOPIA_RN,2026-06-17,2.0,-63.7,-0.8800000000000026,-181.72225,-182.60225000000003,3.0366666666666666,3.2326041666666665,-0.19593750000000001,5,16,21,49.015499999999996,-231.61775,23.8,0.68,7.0,65.7,168.0,39.1
VERT_ESS_RN,2026-06-17,0.0,0.0,0.0,0.0,0.0,1.04125,1.0329166666666667,0.008333333333333304,0,0,0,0.0,0.0,0.0,0.0,200.0,0.0,4800.0,0.0
VORT_ALL_RN,2026-06-17,537.2,-2.6,2487.554,14.028250000000002,2501.58225,15.25,10.372083333333334,4.877916666666667,23,1,24,2508.7912499999998,-7.209000000000083,95.8,15.13,121.8,539.8000000000001,2923.2,18.5
WAL_RN,2026-06-17,6.9,-12.7,6.7395,-5.401250000000001,1.3382499999999988,29.092083333333335,26.721041666666665,2.3710416666666663,16,8,24,25.714499999999997,-24.37625,66.7,0.53,200.0,19.6,4800.0,0.4
WFTANK_ESS1,2026-06-17,40.2,-227.7,84.63299999999997,444.7870000000001,529.4200000000001,30.84375,29.163229166666667,1.6805208333333337,15,9,24,608.8787500000001,-79.45874999999995,62.5,4.6,150.0,267.9,3600.0,7.4
WIG_BESS_RN,2026-06-17,0.0,-7.0,0.0,23.93,23.93,0.0,0.0,0.0,2,1,3,26.592499999999998,-2.662499999999998,66.7,4.99,120.0,7.0,2880.0,0.2
WLTC_ESR_RN,2026-06-17,30.6,-0.30000000000000004,79.12350000000002,-0.6892499999999999,78.43425000000002,30.164583333333336,27.723125,2.4414583333333337,17,7,24,87.344,-8.909749999999995,70.8,4.04,9.9,30.900000000000002,237.60000000000002,13.0
WOV_BESS_RN,2026-06-17,2.0,-20.9,-23.996500000000005,-479.9942500000001,-503.99075000000005,19.934166666666666,20.669791666666665,-0.7356250000000005,13,10,23,26.345750000000006,-530.3365000000001,56.5,0.04,9.9,22.9,237.60000000000002,9.6
WRSBES_BESS1,2026-06-17,0.0,0.0,0.0,0.0,0.0,0.2604166666666667,-0.0790625,0.3394791666666667,0,0,0,0.0,0.0,0.0,0.0,9.7,0.0,232.79999999999998,0.0
WR_RN,2026-06-17,5.0,-0.2,11.820250000000001,0.6215000000000004,12.441750000000003,28.922083333333333,26.51625,2.4058333333333333,19,5,24,14.103500000000002,-1.6617500000000003,79.2,2.23,9.9,5.2,237.60000000000002,2.2
WZRD_ESS_RN,2026-06-17,5.800000000000001,-38.2,27.3485,187.14300000000003,214.49150000000003,31.002916666666668,26.7678125,4.235104166666667,19,5,24,219.41500000000005,-4.923500000000002,79.2,11.73,138.0,44.0,3312.0,1.3
W_HRL_ESR_RN,2026-06-17,2.0,0.0,7.409999999999997,0.0,7.409999999999997,2.804166666666667,2.698333333333333,0.1058333333333333,1,0,1,7.409999999999997,0.0,100.0,99.99,9.9,2.0,237.60000000000002,0.8
X443ESRN,2026-06-17,11.200000000000001,-0.2,35.396499999999996,-0.2914999999999992,35.105,31.450833333333335,28.9621875,2.4886458333333334,15,9,24,37.823499999999996,-2.718500000000004,62.5,8.35,10.0,11.4,240.0,4.8
Z0_DGR2_RN,2026-06-17,2.0,0.0,21.095,0.0,21.095,4.548333333333333,4.044375,0.5039583333333332,1,0,1,21.095,0.0,100.0,99.99,9.9,2.0,237.60000000000002,0.8
ZIER_SLR_ALL,2026-06-17,676.6,-252.5,8269.70125,711.312,8981.01325,23.167083333333334,17.918645833333333,5.2484375000000005,16,8,24,9473.89725,-492.884,66.7,9.61,40.0,929.1,960.0,96.8
ABINDUST_RN,2026-06-18,17.9,-1.3,-279.44425,-7.707000000000001,-287.15125,27.400000000000002,33.31364583333333,-5.913645833333333,11,13,24,25.426000000000002,-312.57725000000005,45.8,0.1,9.9,19.2,237.60000000000002,8.1
ADL_RN,2026-06-18,28.0,-31.400000000000002,-156.55499999999998,42.31124999999999,-114.24375,37.55583333333333,37.6475,-0.09166666666666694,14,10,24,156.05525,-270.299,58.3,0.41,60.0,59.400000000000006,1440.0,4.1
AE_RN,2026-06-18,35.900000000000006,-60.1,97.45725000000002,-41.05449999999996,56.40275000000004,32.452083333333334,33.21864583333333,-0.7665624999999999,10,14,24,218.865,-162.46224999999995,41.7,1.89,9.9,96.0,237.60000000000002,40.4
ALAMO_ST_RN,2026-06-18,2.0,0.0,10.029999999999998,0.0,10.029999999999998,0.6224999999999999,0.4135416666666667,0.20895833333333327,1,0,1,10.029999999999998,0.0,100.0,99.99,9.9,2.0,237.60000000000002,0.8
ALP_BESS_RN,2026-06-18,8.0,-7.3,248.49650000000005,233.32775,481.82425,63.57,38.62260416666667,24.94739583333333,21,3,24,508.19250000000005,-26.368249999999996,87.5,2.75,100.3,15.3,2407.2,0.6
ALVIN_RN,2026-06-18,24.5,-90.60000000000001,-6.202999999999989,-479.2877499999999,-485.4907499999999,38.30166666666667,35.09083333333333,3.210833333333333,14,10,24,141.62724999999998,-627.1179999999999,58.3,0.16,9.9,115.10000000000001,237.60000000000002,48.4
AMAD_ESS_RN,2026-06-18,2.0,0.0,-13.379999999999995,0.0,-13.379999999999995,2.9758333333333336,3.2410416666666664,-0.26520833333333327,0,1,1,0.0,-13.379999999999995,0.0,0.0,0.0,2.0,0.0,0.0
ANCHOR_ALL,2026-06-18,834.6,-31.099999999999998,6044.9235,-2.7900000000000054,6042.1335,24.016666666666666,17.427395833333332,6.589270833333333,16,8,24,6776.41575,-734.28225,66.7,4.61,36.3,865.7,871.1999999999999,99.4
ANDMDSLR_ALL,2026-06-18,47.2,-12.6,1001.16525,72.62049999999999,1073.78575,21.159583333333334,10.706354166666666,10.453229166666667,16,8,24,1087.6487499999998,-13.863000000000014,66.7,39.23,81.9,59.800000000000004,1965.6000000000001,3.0
ANEM_ESS_RN,2026-06-18,26.6,0.0,-488.935,0.0,-488.935,23.410833333333333,32.270625,-8.859791666666668,6,18,24,35.649999999999984,-524.5849999999999,25.0,0.2,200.0,26.6,4800.0,0.6
ANG_ALL,2026-06-18,1075.8,-12.7,-3236.7752500000006,49.086250000000014,-3187.6890000000008,27.364583333333332,27.989479166666666,-0.6248958333333334,14,10,24,6086.4515,-9274.140500000001,58.3,0.47,100.0,1088.5,2400.0,45.4
ANOL_ESS_RN,2026-06-18,4.4,-0.7000000000000001,20.331250000000004,5.560250000000001,25.891500000000004,30.500833333333333,25.349375,5.151458333333333,19,4,23,27.893000000000004,-2.0015,82.6,2.93,240.0,5.1000000000000005,5760.0,0.1
ANTL_ESS_ES1,2026-06-18,2.8000000000000003,-86.0,8.993000000000002,190.54500000000004,199.538,31.554166666666664,29.014375,2.5397916666666673,16,8,24,622.76125,-423.22325,66.7,0.74,70.0,88.8,1680.0,5.3
APPLE_ESR_RN,2026-06-18,0.0,-7.0,0.0,-24.72249999999999,-24.72249999999999,0.0,0.0,0.0,2,1,3,33.432500000000005,-58.154999999999994,66.7,0.29,0.0,7.0,0.0,0.0
ARY_BESS_RN,2026-06-18,46.5,-4.5,-1124.03875,-87.32625000000002,-1211.365,5.5754166666666665,11.5025,-5.927083333333333,1,8,9,0.572499999999998,-1211.9375,11.1,0.0,0.0,51.0,0.0,0.0
AVIL_ESS_RN,2026-06-18,6.6000000000000005,-2.5000000000000004,6.903500000000004,16.540499999999998,23.444000000000003,34.225,35.66354166666667,-1.4385416666666668,13,9,22,45.9305,-22.4865,59.1,1.41,160.0,9.100000000000001,3840.0,0.2
AZURE_RN,2026-06-18,122.4,-46.0,1214.41175,78.80175,1293.2135,22.680833333333336,15.118854166666665,7.561979166666667,16,8,24,1362.025,-68.8115,66.7,9.9,77.6,168.4,1862.3999999999999,9.0
BATCAVE_RN,2026-06-18,138.9,-188.1,-560.2277499999999,2088.69175,1528.4640000000002,43.479166666666664,44.52927083333333,-1.0501041666666666,13,11,24,2526.3307499999996,-997.8667499999999,54.2,2.14,100.5,327.0,2412.0,13.6
BAYC_BESS_RN,2026-06-18,4.0,-0.7000000000000001,-19.2915,2.5195,-16.772,27.9375,32.52,-4.5825000000000005,8,15,23,5.3255,-22.0975,34.8,0.45,9.9,4.7,237.60000000000002,2.0
BCK_RN,2026-06-18,1098.5,-317.9,-11544.81475,-1857.1609999999998,-13401.97575,26.59583333333333,31.860416666666666,-5.264583333333333,9,15,24,1168.4540000000004,-14570.42975,37.5,0.13,126.5,1416.4,3036.0,46.7
BCNV2_ES_RN,2026-06-18,6.0,0.0,20.924999999999997,0.0,20.924999999999997,4.395833333333333,3.959895833333333,0.4359374999999999,1,2,3,25.439999999999998,-4.515000000000001,33.3,11.27,0.0,6.0,0.0,0.0
BCNV_RN,2026-06-18,24.0,-22.0,324.20249999999993,2.9287500000000133,327.1312499999999,10.352500000000001,8.164791666666668,2.187708333333333,7,1,8,335.07874999999996,-7.947500000000002,87.5,6.02,150.0,46.0,3600.0,1.3
BEXAR_ES_RN,2026-06-18,1715.9,-0.7000000000000001,-1479.9340000000002,13.65075,-1466.28325,34.76833333333333,34.45729166666667,0.3110416666666665,15,9,24,6197.130500000001,-7663.413750000001,62.5,0.49,100.0,1716.6000000000001,2400.0,71.5
BIGSTAR_ALL,2026-06-18,34.7,-16.9,-138.02949999999998,27.766250000000014,-110.26324999999996,33.26958333333334,33.711875,-0.44229166666666614,13,11,24,77.99800000000003,-188.26125,54.2,0.35,80.0,51.6,1920.0,2.7
BKSL_RN,2026-06-18,2.2,-13.1,1.5930000000000002,100.47775,102.07075,21.515833333333333,14.371041666666665,7.144791666666666,16,8,24,114.75649999999999,-12.685749999999995,66.7,4.52,100.0,15.3,2400.0,0.6
BLACKSPR_RN,2026-06-18,9.0,-73.1,267.4425,3954.64575,4222.08825,33.53416666666667,14.893749999999999,18.640416666666667,10,0,10,4222.08825,0.0,100.0,99.99,120.0,82.1,2880.0,2.9
BLSMT1_5_A_6,2026-06-18,103.0,-74.2,806.8574999999998,300.15149999999994,1107.0089999999998,23.161666666666665,19.096770833333334,4.064895833333333,16,8,24,1184.3165,-77.30750000000006,66.7,7.66,150.0,177.2,3600.0,4.9
BLUEJAY_RN,2026-06-18,404.1,-118.7,5060.8185,1729.8345,6790.653,33.089166666666664,26.223333333333333,6.865833333333334,20,4,24,6794.149500000001,-3.496500000000012,83.3,388.63,50.0,522.8000000000001,1200.0,43.6
BLVN_RN,2026-06-18,25.6,-82.0,105.99850000000002,388.87825,494.87675,27.984166666666667,24.67625,3.3079166666666673,16,8,24,521.9594999999999,-27.082750000000008,66.7,9.64,180.0,107.6,4320.0,2.5
BOCO_ESS_RN,2026-06-18,63.8,-0.9000000000000001,1422.55075,14.832500000000001,1437.38325,27.178749999999997,16.227708333333332,10.951041666666667,17,5,22,1440.60175,-3.218499999999999,77.3,131.65,150.0,64.7,3600.0,1.8
BRHEIGHT_RN,2026-06-18,23.900000000000002,-10.6,52.50349999999999,15.243500000000001,67.747,43.33166666666667,39.323125,4.008541666666667,16,8,24,197.60400000000004,-129.85700000000003,66.7,0.76,9.9,34.5,237.60000000000002,14.5
BRPANGLE_RN,2026-06-18,4.2,-0.6000000000000001,-10.558,4.6884999999999994,-5.8695,31.302916666666665,32.525729166666665,-1.2228125,9,15,24,6.814,-12.6835,37.5,0.9,9.9,4.800000000000001,237.60000000000002,2.0
BRPMAGNO_RN,2026-06-18,37.199999999999996,-73.2,-50.895750000000014,368.93050000000005,318.03475000000003,42.043749999999996,38.239583333333336,3.804166666666667,16,8,24,455.66575,-137.63100000000003,66.7,1.66,9.9,110.4,237.60000000000002,46.5
BRP_BRAZ_RN,2026-06-18,4.2,-0.7000000000000001,-10.330500000000002,5.476499999999999,-4.854000000000003,31.36916666666667,32.545,-1.175833333333334,9,15,24,7.603499999999998,-12.4575,37.5,1.02,9.9,4.9,237.60000000000002,2.1
BRP_DIKN_RN,2026-06-18,4.2,-0.6000000000000001,13.855500000000003,5.163000000000001,19.018500000000003,43.04416666666666,39.08197916666666,3.9621875,16,8,24,28.078000000000003,-9.0595,66.7,1.55,9.9,4.800000000000001,237.60000000000002,2.0
BRP_LOOP_RN,2026-06-18,1.0,-112.7,-0.5899999999999999,-459.95225,-460.54224999999997,4.922083333333333,5.4707291666666675,-0.5486458333333333,1,12,13,6.997500000000045,-467.53975,7.7,0.18,9.9,113.7,237.60000000000002,47.9
BRP_LOP1_RN,2026-06-18,71.1,-2.0,-309.50225,-7.045000000000002,-316.54725,3.299166666666667,3.9353125,-0.6361458333333334,0,4,4,0.0,-316.54724999999996,0.0,0.0,9.9,73.1,237.60000000000002,30.8
BRP_PBL1_RN,2026-06-18,73.7,0.0,534.6575,0.0,534.6575,6.195833333333333,4.843437499999999,1.3523958333333337,6,0,6,534.6575,0.0,100.0,99.99,9.9,73.7,237.60000000000002,31.0
BRP_PBL2_RN,2026-06-18,3.0,-12.0,23.02999999999999,-248.46249999999998,-225.43249999999998,6.382083333333333,5.229375,1.1527083333333332,1,5,6,28.99499999999999,-254.42749999999998,16.7,0.57,9.9,15.0,237.60000000000002,6.3
BRP_RN_UNIT1,2026-06-18,7.0,-0.7000000000000001,-32.511,13.370000000000001,-19.141000000000002,36.41041666666667,34.472812499999996,1.9376041666666666,17,7,24,22.791000000000007,-41.93200000000001,70.8,0.22,9.9,7.7,237.60000000000002,3.2
BRP_SWNY_RN,2026-06-18,6.2,-0.7000000000000001,-3.1175000000000006,5.4747499999999985,2.357249999999998,31.480416666666667,32.576875,-1.0964583333333333,9,15,24,14.435249999999996,-12.078,37.5,1.99,9.9,6.9,237.60000000000002,2.9
BRP_ZPT1_RN,2026-06-18,0.0,-11.0,0.0,-132.85500000000002,-132.85500000000002,2.5508333333333333,2.7328125,-0.18197916666666672,1,5,6,0.6700000000000017,-133.525,16.7,0.03,9.9,11.0,237.60000000000002,4.6
BRP_ZPT2_RN,2026-06-18,102.39999999999999,-43.0,-453.73575,-505.665,-959.40075,22.757499999999997,31.981354166666666,-9.223854166666667,5,19,24,22.28325000000001,-981.6840000000001,20.8,0.09,9.9,145.39999999999998,237.60000000000002,61.2
BR_ARROW_ALL,2026-06-18,66.10000000000001,-10.6,707.6915,23.859499999999993,731.551,30.82041666666667,23.9784375,6.841979166666667,20,4,24,735.4694999999999,-3.9185000000000016,83.3,37.54,51.7,76.7,1240.8000000000002,6.2
BSS_U1,2026-06-18,51.2,-0.6000000000000001,-1400.54425,4.684000000000001,-1395.8602499999997,33.779583333333335,75.80739583333333,-42.0278125,9,15,24,6.8195000000000014,-1402.67975,37.5,0.01,9.9,51.800000000000004,237.60000000000002,21.8
BUDA_RN,2026-06-18,28.0,-1.0,104.42000000000002,10.0075,114.42750000000001,23.179999999999996,21.373229166666665,1.8067708333333334,10,4,14,169.90500000000003,-55.477500000000006,71.4,1.23,9.9,29.0,237.60000000000002,12.2
BYP_RN,2026-06-18,9.5,0.0,87.79875000000001,0.0,87.79875000000001,7.03625,5.773541666666667,1.2627083333333335,3,0,3,87.79875,0.0,100.0,99.99,200.0,9.5,4800.0,0.2
BYRDR_ES_ALL,2026-06-18,5.0,0.0,-25.862499999999997,0.0,-25.862499999999997,5.422499999999999,6.066770833333334,-0.6442708333333336,0,1,1,0.0,-25.862499999999997,0.0,0.0,50.0,5.0,1200.0,0.4
CACH_ESS_RN,2026-06-18,9.0,-0.7000000000000001,-58.41675000000001,9.31825,-49.09850000000001,34.599583333333335,34.43416666666666,0.1654166666666669,15,9,24,16.953750000000003,-66.05225,62.5,0.15,200.0,9.7,4800.0,0.2
CAMWIND_RN,2026-06-18,1082.8,-14.6,-19362.01175,-97.75300000000001,-19459.764750000002,19.845416666666665,32.0228125,-12.177395833333334,5,19,24,296.68000000000006,-19756.444750000002,20.8,0.06,16.4,1097.3999999999999,393.59999999999997,278.8
CARA_ESS_RN,2026-06-18,0.0,0.0,0.0,0.0,0.0,2.344583333333333,2.9150000000000005,-0.5704166666666667,0,0,0,0.0,0.0,0.0,0.0,98.3,0.0,2359.2,0.0
CARN_ESS_RN,2026-06-18,4.2,-72.4,-17.59475,-550.843,-568.4377499999999,23.05125,29.998541666666668,-6.9472916666666675,10,14,24,104.23275000000001,-672.6705000000001,41.7,0.22,150.0,76.60000000000001,3600.0,2.1
CARRIZO_ESR1,2026-06-18,73.3,-22.1,-101.19849999999994,102.25425,1.0557500000001028,31.982083333333332,30.661354166666666,1.320729166666667,17,7,24,524.4939999999999,-523.4382499999999,70.8,0.41,9.8,95.4,235.20000000000002,40.6
CARTWHL_RN,2026-06-18,2.0,0.0,2.6599999999999966,0.0,2.6599999999999966,5.189583333333333,4.927291666666666,0.2622916666666666,1,0,1,2.6599999999999966,0.0,100.0,99.99,150.0,2.0,3600.0,0.1
CASL_GAP_UN1,2026-06-18,133.6,-59.4,-487.93549999999993,-208.06649999999996,-696.0019999999998,34.068333333333335,35.4284375,-1.3601041666666667,14,10,24,668.68725,-1364.68925,58.3,0.35,1.9,193.0,45.599999999999994,423.2
CAST_ESS_RN,2026-06-18,2.0,-398.4,-16.269999999999996,-144244.28399999999,-144260.55399999997,5.5925,5.866666666666667,-0.27416666666666645,0,3,3,0.0,-144260.55399999997,0.0,0.0,200.0,400.4,4800.0,8.3
CATARINA_B1,2026-06-18,54.6,-243.20000000000002,-60.427750000000074,984.3095000000002,923.8817500000001,32.579166666666666,30.996458333333333,1.5827083333333336,17,7,24,1216.2697500000002,-292.38800000000003,70.8,1.71,9.9,297.8,237.60000000000002,125.3
CEDRVALE_RN,2026-06-18,2.6,-12.700000000000001,-10.570000000000002,-23.64774999999999,-34.217749999999995,34.55,36.03,-1.4800000000000002,13,9,22,54.65775000000001,-88.87550000000002,59.1,0.43,9.9,15.3,237.60000000000002,6.4
CFLAT_ES_RN,2026-06-18,0.0,-87.0,0.0,-1077.9900000000002,-1077.9900000000002,1.7529166666666665,1.9953125,-0.24239583333333345,5,14,19,25.232499999999998,-1103.2225,26.3,0.06,100.0,87.0,2400.0,3.6
CHIL_SLR,2026-06-18,881.4,-41.6,2772.9367500000003,206.99299999999994,2979.9297500000002,29.01,25.630312500000002,3.3796874999999997,17,7,24,3366.35225,-386.42249999999996,70.8,3.59,150.0,923.0,3600.0,25.6
CISC_RN,2026-06-18,29.0,-10.4,-186.71899999999994,-167.72699999999998,-354.4459999999999,32.739583333333336,36.1665625,-3.426979166666665,10,14,24,11.6125,-366.0585,41.7,0.04,9.9,39.4,237.60000000000002,16.6
CITRUSCY_RN,2026-06-18,4.300000000000001,-9.0,-33.58575,-135.99,-169.57575000000003,23.60625,31.932083333333335,-8.325833333333334,5,16,21,2.2852500000000004,-171.86100000000002,23.8,0.04,6.0,13.3,144.0,9.2
CLO_RN,2026-06-18,6.2,-92.8,10.872500000000006,149.68225,160.55475000000004,33.833333333333336,32.375416666666666,1.4579166666666674,15,9,24,285.9055,-125.35074999999998,62.5,1.37,100.0,99.0,2400.0,4.1
CLT_RN,2026-06-18,0.0,0.0,0.0,0.0,0.0,34.5,35.06,-0.5599999999999987,0,0,0,0.0,0.0,0.0,0.0,100.0,0.0,2400.0,0.0
CNLY_ESS_RN,2026-06-18,12.200000000000001,-0.7000000000000001,158.361,8.08975,166.45075,35.147083333333335,24.417708333333334,10.729375,20,4,24,169.11075,-2.6600000000000037,83.3,12.72,125.0,12.9,3000.0,0.4
CNTRY_RN,2026-06-18,5.6000000000000005,-1.2000000000000002,31.206999999999994,7.4825,38.689499999999995,27.887916666666666,24.034583333333334,3.853333333333333,19,5,24,40.76425,-2.074750000000002,79.2,5.17,9.8,6.800000000000001,235.20000000000002,2.9
CNTYRDS_RN,2026-06-18,33.0,0.0,-504.46000000000004,0.0,-504.46000000000004,8.030416666666666,11.866354166666667,-3.8359375000000004,1,5,6,32.477499999999985,-536.9375,16.7,0.3,9.9,33.0,237.60000000000002,13.9
CONTINEN_RN,2026-06-18,14.2,-93.0,-84.54699999999998,-729.3149999999999,-813.8619999999999,23.005,31.8471875,-8.8421875,5,19,24,23.963000000000015,-837.8249999999998,20.8,0.11,0.0,107.2,0.0,0.0
CORALSLR_ALL,2026-06-18,139.1,-49.699999999999996,1472.328,451.19399999999996,1923.522,32.874583333333334,24.344270833333336,8.530312499999999,20,4,24,1937.7430000000002,-14.220999999999986,83.3,27.25,51.4,188.79999999999998,1233.6,15.3
CORAZON_RN,2026-06-18,160.5,-23.3,-2301.23625,16.051999999999992,-2285.1842500000002,17.401666666666667,26.002499999999998,-8.600833333333334,5,14,19,129.38424999999998,-2414.5685,26.3,0.15,200.0,183.8,4800.0,3.8
COYOTSPR_RN,2026-06-18,0.0,0.0,0.0,0.0,0.0,0.0,0.0,0.0,0,0,0,0.0,0.0,0.0,0.0,9.9,0.0,237.60000000000002,0.0
CROSSETT_ALL,2026-06-18,97.2,-21.099999999999998,466.31699999999995,-85.79375000000002,380.5232499999999,8.84875,9.0484375,-0.19968750000000016,9,4,13,476.38824999999997,-95.86500000000002,69.2,2.21,100.0,118.3,2400.0,4.9
CROSSTRL_RN,2026-06-18,39.300000000000004,-2.1,-5142.958750000001,-294.733,-5437.691750000001,37.767916666666665,88.99989583333333,-51.23197916666667,12,11,23,58.79525,-5496.486999999999,52.2,0.01,57.0,41.400000000000006,1368.0,3.0
CR_RN,2026-06-18,6.2,-3.7,-23.564499999999995,-10.158249999999994,-33.72274999999999,35.498333333333335,34.62625,0.8720833333333338,15,9,24,17.30075,-51.02349999999999,62.5,0.2,9.8,9.9,235.20000000000002,4.2
CS_RN,2026-06-18,31.4,-35.2,85.04549999999996,-22.406999999999986,62.63849999999998,23.05875,22.80604166666667,0.2527083333333329,6,6,12,171.30900000000003,-108.67050000000006,50.0,1.58,7.0,66.6,168.0,39.6
CTW_RN,2026-06-18,32.3,-32.2,-34.429500000000004,41.139,6.7094999999999985,35.401666666666664,34.97177083333333,0.42989583333333375,13,11,24,113.47524999999999,-106.76575,54.2,0.9,150.0,64.5,3600.0,1.8
DAN_ALL,2026-06-18,396.6,-30.0,-7077.4267500000005,-249.1915,-7326.61825,25.252916666666668,32.0103125,-6.757395833333334,9,15,24,100.19224999999997,-7426.8105000000005,37.5,0.02,76.3,426.6,1831.1999999999998,23.3
DA_BESS,2026-06-18,8.2,-0.7000000000000001,-9.8355,5.475,-4.360499999999998,31.61791666666667,32.596250000000005,-0.9783333333333335,9,15,24,23.456000000000003,-27.816500000000005,37.5,1.41,5.0,8.899999999999999,120.0,7.4
DA_BESS2,2026-06-18,2.0,0.0,6.825000000000003,0.0,6.825000000000003,38.995000000000005,37.99875,0.9962500000000016,1,0,1,6.825000000000003,0.0,100.0,99.99,9.9,2.0,237.60000000000002,0.8
DC2SES_ALL,2026-06-18,5.0,-27.799999999999997,25.668,212.18325,237.85125000000002,26.610833333333332,24.505520833333335,2.1053124999999997,16,8,24,286.6785,-48.82724999999999,66.7,2.94,66.5,32.8,1596.0,2.1
DESN_ESS_RN,2026-06-18,2.0,0.0,24.209999999999994,0.0,24.209999999999994,4.672916666666667,4.763229166666667,-0.09031250000000017,1,0,1,24.209999999999994,0.0,100.0,99.99,200.0,2.0,4800.0,0.0
DGFS_ESR_RN,2026-06-18,39.6,-8.0,-721.693,-46.74699999999998,-768.4399999999999,34.2025,35.5996875,-1.3971874999999994,13,11,24,24.546750000000007,-792.9867499999999,54.2,0.03,75.0,47.6,1800.0,2.6
DIBOL_RN,2026-06-18,0.0,0.0,0.0,0.0,0.0,0.8945833333333333,0.8908333333333333,0.0037499999999999942,0,0,0,0.0,0.0,0.0,0.0,9.9,0.0,237.60000000000002,0.0
DKNS_ESS_RN,2026-06-18,2.0,0.0,56.904999999999994,0.0,56.904999999999994,3.8808333333333334,1.9109375,1.9698958333333332,1,0,1,56.904999999999994,0.0,100.0,99.99,50.0,2.0,1200.0,0.2
DRAK_ESS_RN,2026-06-18,0.0,0.0,0.0,0.0,0.0,38.33,30.486666666666665,7.843333333333333,0,0,0,0.0,0.0,0.0,0.0,150.0,0.0,3600.0,0.0
DSWL_BES1,2026-06-18,5.8,-0.6000000000000001,29.099499999999995,5.8705,34.96999999999999,29.232916666666668,24.338958333333334,4.893958333333333,18,4,22,36.955499999999994,-1.9855000000000012,81.8,4.14,150.0,6.4,3600.0,0.2
EBNY_ESS_RN,2026-06-18,55.3,-0.7000000000000001,945.3817499999998,13.056750000000003,958.4384999999997,35.29416666666666,34.26677083333333,1.0273958333333335,17,7,24,975.9974999999998,-17.559000000000005,70.8,22.89,195.0,56.0,4680.0,1.2
ELMCRK_RN,2026-06-18,4.0,0.0,40.19499999999999,0.0,40.19499999999999,6.930833333333333,6.611458333333334,0.3193749999999999,2,0,2,40.19499999999999,0.0,100.0,99.99,9.9,4.0,237.60000000000002,1.7
ELM_ST_RN,2026-06-18,31.5,0.0,-515.4762499999999,0.0,-515.4762499999999,10.448333333333332,14.609270833333333,-4.1609375,1,6,7,26.17500000000001,-541.65125,14.3,0.29,9.9,31.5,237.60000000000002,13.3
ELM_ST_RN2,2026-06-18,2.0,0.0,13.460000000000008,0.0,13.460000000000008,4.73125,4.6665625,0.06468749999999979,1,0,1,13.460000000000008,0.0,100.0,99.99,9.9,2.0,237.60000000000002,0.8
ELSA_ESR_RN,2026-06-18,2.0,-113.6,4.960000000000001,-454.85350000000005,-449.8935,2.439583333333333,2.1410416666666667,0.2985416666666667,7,6,13,212.42549999999997,-662.319,53.8,0.27,9.9,115.6,237.60000000000002,48.7
ELZA_SLR_RN,2026-06-18,4.8,-6.8999999999999995,22.415,2.910249999999984,25.325249999999983,31.044166666666666,26.020416666666666,5.02375,19,4,23,29.67925,-4.354000000000016,82.6,1.44,0.0,11.7,0.0,0.0
EMPCT_RN,2026-06-18,3.5,-48.1,17.691000000000003,438.22850000000005,455.9195,31.046666666666667,25.26427083333333,5.782395833333333,19,4,23,457.8910000000001,-1.9715000000000011,82.6,48.9,9.9,51.6,237.60000000000002,21.7
ENDPARK_ESS1,2026-06-18,49.0,-22.8,1898.1625000000001,135.35999999999999,2033.5225,17.08875,2.379895833333333,14.708854166666667,16,8,24,2074.8245,-41.30199999999999,66.7,25.12,50.0,71.8,1200.0,6.0
ESCONDID_ESR,2026-06-18,15.5,-1.9000000000000001,-36.12525,16.56225,-19.563,31.985,30.924374999999998,1.0606250000000002,17,6,23,52.317,-71.88,73.9,0.26,0.0,17.4,0.0,0.0
ESTONIAN_ALL,2026-06-18,16.6,-6.8,148.31049999999996,2.5604999999999962,150.87099999999998,31.051666666666666,24.778541666666666,6.273124999999999,20,4,24,155.24899999999997,-4.378000000000003,83.3,7.09,101.6,23.400000000000002,2438.3999999999996,1.0
EUNICE_ALL,2026-06-18,762.6,-157.1,-3137.769,-95.53775000000002,-3233.3067499999993,34.933749999999996,36.34072916666667,-1.406979166666666,13,11,24,3400.69575,-6634.0025000000005,54.2,0.43,17.0,919.7,408.0,225.4
EVLN_ESS_RN,2026-06-18,7.0,-0.6000000000000001,60.25349999999999,5.171499999999999,65.42499999999998,43.62083333333334,39.56729166666667,4.053541666666665,16,8,24,78.48024999999998,-13.055250000000006,66.7,3.01,220.0,7.6,5280.0,0.1
E_HARRIS_RN,2026-06-18,4.5,-7.0,-97.07325,-19.87,-116.94325,9.331249999999999,12.771875,-3.4406250000000007,3,7,10,2.632249999999997,-119.5755,30.0,0.05,9.9,11.5,237.60000000000002,4.8
FALFUR_RN,2026-06-18,14.899999999999999,-20.0,-12.582499999999992,-192.35000000000002,-204.93250000000003,23.246666666666666,31.641145833333336,-8.394479166666668,5,19,24,30.66750000000001,-235.60000000000005,20.8,0.49,9.9,34.9,237.60000000000002,14.7
FALFUR_RN2,2026-06-18,0.0,-2.0,0.0,-6.704999999999998,-6.704999999999998,20.87,23.39125,-2.5212499999999984,0,1,1,0.0,-6.704999999999998,0.0,0.0,9.8,2.0,235.20000000000002,0.9
FAULKNER_RN,2026-06-18,0.0,-5.0,0.0,29.499999999999993,29.499999999999993,1.5095833333333333,1.1855208333333334,0.32406249999999986,1,0,1,29.499999999999993,0.0,100.0,99.99,9.9,5.0,237.60000000000002,2.1
FENCESLR_ALL,2026-06-18,36.0,-32.3,216.07125000000002,126.31200000000001,342.38325000000003,30.365,25.1934375,5.171562499999999,19,4,23,347.89899999999994,-5.515749999999986,82.6,13.28,71.0,68.3,1704.0,4.0
FERD_ESS_RN,2026-06-18,2.0,0.0,32.10499999999999,0.0,32.10499999999999,2.7379166666666666,2.0690625,0.6688541666666664,1,0,1,32.10499999999999,0.0,100.0,99.99,200.0,2.0,4800.0,0.0
FIVEWSLR_ALL,2026-06-18,2978.4,-39.1,9024.19525,152.39425,9176.5895,18.75125,15.603645833333333,3.147604166666666,11,4,15,10522.0785,-1345.489,73.3,2.84,220.0,3017.5,5280.0,57.1
FLOWERII_RN,2026-06-18,75.0,-35.1,575.3005,78.31349999999993,653.614,34.461666666666666,35.92552083333333,-1.463854166666667,13,9,22,760.3557500000001,-106.74175000000002,59.1,4.93,100.0,110.1,2400.0,4.6
FLTBES1,2026-06-18,0.0,0.0,0.0,0.0,0.0,0.71875,0.5177083333333333,0.20104166666666665,0,0,0,0.0,0.0,0.0,0.0,8.5,0.0,204.0,0.0
FLVABES1_ESR,2026-06-18,42.9,0.0,9.671750000000003,0.0,9.671750000000003,15.363333333333335,15.32,0.04333333333333315,4,1,5,83.903,-74.23125,80.0,0.28,9.9,42.9,237.60000000000002,18.1
FORTMA_RN,2026-06-18,22.0,-77.0,187.87000000000003,-142.575,45.29500000000007,24.08583333333333,24.4465625,-0.3607291666666666,13,10,23,683.8650000000001,-638.5699999999999,56.5,0.82,9.8,99.0,235.20000000000002,42.1
FRMRSVLW_RN,2026-06-18,4.4,-0.6000000000000001,21.8645,4.959500000000003,26.824000000000005,31.122500000000002,25.476875000000003,5.645625,19,4,23,28.830000000000005,-2.0060000000000002,82.6,3.03,9.9,5.0,237.60000000000002,2.1
FRMR_BS2_RN1,2026-06-18,2.0,0.0,23.580000000000005,0.0,23.580000000000005,1.3970833333333335,0.9058333333333333,0.49125000000000013,1,0,1,23.580000000000005,0.0,100.0,99.99,6.0,2.0,144.0,1.4
FTDUNCAN_RN,2026-06-18,5.0,-10.9,36.22575,-45.446500000000036,-9.220750000000038,31.95583333333333,30.91614583333333,1.0396874999999992,17,5,22,97.24324999999999,-106.46400000000001,77.3,0.27,100.0,15.9,2400.0,0.7
GAIA_SLR_RN,2026-06-18,4.0,0.0,18.059999999999995,0.0,18.059999999999995,5.185,4.2315625,0.9534374999999998,2,0,2,18.059999999999995,0.0,100.0,99.99,76.3,4.0,1831.1999999999998,0.2
GAMBIT_RN,2026-06-18,0.0,0.0,0.0,0.0,0.0,31.302916666666665,32.525729166666665,-1.2228125,0,0,0,0.0,0.0,0.0,0.0,100.0,0.0,2400.0,0.0
GARC_BESS_RN,2026-06-18,0.1,-2.0,0.04300000000000033,-9.849999999999998,-9.806999999999997,2.6275,3.1588541666666665,-0.5313541666666667,1,1,2,0.04300000000000033,-9.849999999999998,50.0,0.0,9.9,2.1,237.60000000000002,0.9
GIGA_ESS_RN,2026-06-18,20.0,-4.7,-25.903250000000018,49.68975,23.78649999999998,37.77041666666667,35.91041666666667,1.8599999999999988,16,8,24,87.60674999999998,-63.820250000000016,66.7,0.69,125.0,24.7,3000.0,0.8
GKS_BESS_RN,2026-06-18,680.7,-21.0,-7886.678000000001,-279.54625,-8166.22425,24.2225,32.25958333333333,-8.037083333333333,6,18,24,142.37650000000002,-8308.600750000001,25.0,0.05,93.0,701.7,2232.0,31.4
GODY_SLR_RN,2026-06-18,125.0,-1.0,1113.405,-6.740000000000002,1106.665,9.647083333333333,6.533125000000001,3.113958333333333,9,1,10,1113.405,-6.740000000000002,90.0,18.35,50.0,126.0,1200.0,10.5
GOMZ_RN,2026-06-18,4.6,-7.5,-34.6765,29.368750000000013,-5.307749999999984,34.36291666666667,35.74302083333333,-1.3801041666666662,13,9,22,37.77500000000002,-43.08275,59.1,0.61,9.9,12.1,237.60000000000002,5.1
GOODWIN_ESR,2026-06-18,38.6,-15.5,-672.73925,-96.44999999999997,-769.18925,22.34958333333333,30.802604166666665,-8.453020833333333,1,8,9,1.1619999999999975,-770.35125,11.1,0.01,9.9,54.1,237.60000000000002,22.8
GRDNE_ESR_RN,2026-06-18,2.6,-2.0000000000000004,-17.0505,12.735000000000005,-4.315499999999997,33.22208333333334,37.43322916666667,-4.211145833333333,12,8,20,22.547,-26.862499999999997,60.0,0.56,9.9,4.6000000000000005,237.60000000000002,1.9
GREGORY_RN,2026-06-18,58.4,-47.8,-1014.9180000000001,-480.13675,-1495.05475,24.275833333333335,35.91427083333333,-11.6384375,3,21,24,1.7594999999999998,-1496.81425,12.5,0.01,9.9,106.19999999999999,237.60000000000002,44.7
GZ_RN,2026-06-18,118.39999999999999,-20.6,126.44750000000003,-5.848,120.59950000000005,36.02625,36.96083333333333,-0.9345833333333332,12,12,24,539.65825,-419.0587499999999,50.0,1.29,9.9,139.0,237.60000000000002,58.5
HAMI_BESS_RN,2026-06-18,1.0,-28.0,19.427499999999995,-84.48499999999999,-65.05749999999999,4.09,3.220625,0.8693749999999998,8,7,15,103.5075,-168.565,53.3,0.54,9.9,29.0,237.60000000000002,12.2
HARLIN_1_RN,2026-06-18,0.0,-32.0,0.0,-436.375,-436.375,1.66875,1.42125,0.24750000000000005,1,10,11,0.16999999999999815,-436.545,9.1,0.0,0.0,32.0,0.0,0.0
HEADCAMP_RN,2026-06-18,33.0,0.0,-663.63,0.0,-663.63,8.514166666666666,13.279791666666666,-4.765625,0,6,6,0.0,-663.63,0.0,0.0,150.0,33.0,3600.0,0.9
HEARN_RD_RN,2026-06-18,14.1,-54.9,-13.13699999999999,73.54150000000001,60.404500000000034,23.312083333333334,30.611770833333335,-7.2996875,9,14,23,108.12425000000005,-47.71975000000001,39.1,3.52,9.8,69.0,235.20000000000002,29.3
HEN_RN,2026-06-18,4.0,-3.0,37.96000000000001,-0.7399999999999949,37.22000000000001,4.712083333333333,3.8981250000000003,0.8139583333333335,4,1,5,38.77750000000001,-1.5574999999999974,80.0,6.22,150.0,7.0,3600.0,0.2
HI_LONEB_RN1,2026-06-18,3.6,-1.0,-8.448,9.038500000000003,0.5905000000000006,30.08791666666667,32.08104166666667,-1.993125,14,8,22,17.834500000000002,-17.244,63.6,0.59,50.0,4.6,1200.0,0.4
HLY_RN,2026-06-18,15.0,-5.5,14.37874999999999,-53.29500000000001,-38.91625000000001,9.607083333333334,9.920833333333334,-0.3137500000000002,3,2,5,81.09875000000001,-120.01500000000001,60.0,0.45,102.0,20.5,2448.0,0.8
HMNG_ESS_RN,2026-06-18,4.4,-6.3999999999999995,21.472750000000005,28.224500000000006,49.697250000000004,31.01625,25.345208333333332,5.671041666666667,17,6,23,53.94024999999999,-4.242999999999992,73.9,4.49,100.0,10.8,2400.0,0.5
HNY_COMB_RN,2026-06-18,0.0,0.0,0.0,0.0,0.0,32.464999999999996,56.16625,-23.70125,0,0,0,0.0,0.0,0.0,0.0,61.5,0.0,1476.0,0.0
HOLCOMB_RN1,2026-06-18,0.0,0.0,0.0,0.0,0.0,21.126250000000002,31.788124999999997,-10.661875,0,0,0,0.0,0.0,0.0,0.0,9.9,0.0,237.60000000000002,0.0
HOUSEMTN_RN,2026-06-18,54.9,-9.5,442.2089999999999,9.85475000000001,452.0637499999999,34.27833333333333,35.622395833333336,-1.3440624999999997,13,9,22,541.7605,-89.69675,59.1,4.18,60.0,64.4,1440.0,4.5
HRMS_SLR_RN,2026-06-18,0.0,0.0,0.0,0.0,0.0,0.0,0.0,0.0,0,0,0,0.0,0.0,0.0,0.0,100.0,0.0,2400.0,0.0
HV_BESS1_RN,2026-06-18,129.0,-22.0,1.0799999999998704,27.00499999999998,28.084999999999837,28.8925,28.957604166666666,-0.06510416666666725,10,7,17,508.7187499999999,-480.63374999999996,58.8,0.74,0.0,151.0,0.0,0.0
HWY6_RN,2026-06-18,2.0,0.0,22.080000000000005,0.0,22.080000000000005,4.1241666666666665,2.7794791666666665,1.3446875000000003,1,0,1,22.080000000000005,0.0,100.0,99.99,9.9,2.0,237.60000000000002,0.8
HYDR_ESS_RN,2026-06-18,29.5,-8.8,-527.23125,-79.39900000000002,-606.63025,6.8879166666666665,10.848020833333335,-3.960104166666667,2,8,10,8.427499999999991,-615.0577499999999,20.0,0.05,200.0,38.3,4800.0,0.8
IND_INADALE1,2026-06-18,115.0,-100.6,8.710999999999999,350.41125000000005,359.12225,26.702916666666667,30.122291666666666,-3.419375,11,11,22,666.41075,-307.2885000000001,50.0,2.17,9.9,215.6,237.60000000000002,90.7
INRT_W_ALL,2026-06-18,4417.2,-34.5,18592.04725,89.30825000000002,18681.3555,22.688333333333333,15.437395833333333,7.2509375,16,8,24,22588.27725,-3906.9217499999986,66.7,2.89,13.0,4451.7,312.0,1426.8
JADE_SLR_ALL,2026-06-18,35.2,-12.8,953.44,75.41300000000001,1028.853,20.38625,9.782291666666666,10.603958333333333,16,8,24,1042.207,-13.353999999999989,66.7,39.02,81.9,48.0,1965.6000000000001,2.4
JAG_SLR_RN,2026-06-18,3.4000000000000004,-35.5,10.650500000000001,149.4795,160.13,28.028750000000002,24.361145833333335,3.6676041666666666,18,6,24,171.02025,-10.890250000000009,75.0,5.23,150.0,38.9,3600.0,1.1
JAR_RN,2026-06-18,11.700000000000001,-6.1,27.842000000000027,37.421,65.26300000000002,32.406666666666666,30.90760416666667,1.4990625000000009,14,10,24,69.76500000000004,-4.501999999999999,58.3,11.07,156.0,17.8,3744.0,0.5
JC_BAT_RN,2026-06-18,4.300000000000001,-0.7000000000000001,-2.961250000000006,8.64525,5.683999999999995,38.19583333333333,36.908125,1.2877083333333326,15,9,24,18.566250000000004,-12.882250000000008,62.5,0.86,1.2,5.000000000000001,28.799999999999997,17.4
JDKNS_RN,2026-06-18,20.599999999999998,-32.4,49.62100000000001,159.8775,209.4985,34.449999999999996,36.366770833333334,-1.9167708333333326,13,10,23,327.44875,-117.95024999999995,56.5,2.14,9.9,53.0,237.60000000000002,22.3
JUNCTION_RN,2026-06-18,69.7,-10.3,2024.6195,429.11625,2453.73575,107.64999999999999,51.55114583333333,56.09885416666666,21,3,24,2851.43775,-397.702,87.5,1.02,8.2,80.0,196.79999999999998,40.7
JUNORTH_RN,2026-06-18,48.0,-21.5,1858.3725000000002,1652.7450000000001,3511.1175,107.64999999999999,51.55114583333333,56.09885416666666,21,3,24,3838.9725,-327.855,87.5,1.67,0.0,69.5,0.0,0.0
KEG_RN,2026-06-18,2.0,0.0,19.554999999999993,0.0,19.554999999999993,1.7458333333333333,1.3384375000000002,0.4073958333333332,1,0,1,19.554999999999993,0.0,100.0,99.99,0.0,2.0,0.0,0.0
KNAPP_RN,2026-06-18,76.5,-16.5,10127.47,803.6187500000001,10931.08875,24.988333333333333,-59.15510416666667,84.1434375,16,4,20,10982.5925,-51.50374999999997,80.0,53.31,0.0,93.0,0.0,0.0
LANTANA_RN,2026-06-18,26.5,-70.0,-587.7425000000001,-268.22249999999997,-855.9649999999999,3.3175000000000003,6.7265625,-3.4090624999999997,6,9,15,123.56875,-979.53375,40.0,0.19,9.9,96.5,237.60000000000002,40.6
LAUR_BESS_RN,2026-06-18,167.1,-18.0,-973.39325,-166.11875,-1139.512,21.990416666666665,32.083125,-10.092708333333333,5,16,21,155.80850000000004,-1295.3204999999998,23.8,0.38,9.0,185.1,216.0,85.7
LBRA_BES1,2026-06-18,4.7,-0.7000000000000001,-13.941250000000002,8.726500000000001,-5.214750000000001,32.90291666666666,33.952708333333334,-1.0497916666666667,13,11,24,13.547,-18.761750000000003,54.2,0.61,200.0,5.4,4800.0,0.1
LEAKEY_RN,2026-06-18,2.0,-16.0,11.175000000000011,65.3225,76.49750000000002,2.5708333333333333,2.338020833333333,0.23281250000000023,13,0,13,76.4975,0.0,100.0,99.99,0.0,18.0,0.0,0.0
LFSTH_RN,2026-06-18,4.6000000000000005,-0.6000000000000001,22.07725,7.173999999999999,29.251249999999995,31.282083333333333,25.43104166666667,5.851041666666666,19,4,23,30.99675,-1.7455000000000014,82.6,3.74,9.9,5.200000000000001,237.60000000000002,2.2
LIGSW_RN,2026-06-18,4.0,-0.6000000000000001,16.8635,5.3725,22.235999999999997,30.09,24.967291666666668,5.122708333333333,19,4,23,24.233999999999998,-1.9980000000000013,82.6,2.55,9.8,4.6,235.20000000000002,2.0
LILY_RN,2026-06-18,42.900000000000006,-16.7,243.68800000000002,81.00675,324.69475000000006,30.7325,25.5096875,5.2228125,20,4,24,328.98175000000003,-4.286999999999999,83.3,15.35,50.0,59.60000000000001,1200.0,5.0
LK_RN,2026-06-18,4.0,0.0,-14.340000000000003,0.0,-14.340000000000003,4.7749999999999995,4.767083333333333,0.00791666666666672,1,1,2,2.9749999999999943,-17.314999999999998,50.0,0.17,0.0,4.0,0.0,0.0
LMO_ESR_RN,2026-06-18,6.200000000000001,-2.6,62.318,4.089,66.407,33.416666666666664,26.384479166666665,7.0321875,20,4,24,70.308,-3.9010000000000007,83.3,3.6,100.0,8.8,2400.0,0.4
LONESTAR_RN,2026-06-18,4.6000000000000005,-12.3,-6.396500000000011,96.57175000000001,90.17524999999999,34.64791666666667,36.10875,-1.4608333333333337,13,9,22,109.14449999999998,-18.969250000000002,59.1,3.98,9.9,16.900000000000002,237.60000000000002,7.1
LON_RN1,2026-06-18,13.3,-10.6,-22.33300000000001,14.601499999999987,-7.731500000000023,34.735,34.575520833333336,0.1594791666666664,13,11,24,25.35149999999999,-33.08300000000001,54.2,0.65,174.0,23.9,4176.0,0.6
LOWR_ESS_RN,2026-06-18,5.0,-3.0,-25.6575,-54.537499999999994,-80.195,25.775833333333335,32.19739583333333,-6.4215625,6,16,22,4.8985,-85.09349999999999,27.3,0.15,25.0,8.0,600.0,1.3
LUCKYBLU_RN,2026-06-18,8.0,-1.0,182.32999999999998,0.11500000000000199,182.445,10.6625,6.863958333333334,3.7985416666666665,4,1,5,188.295,-5.8500000000000085,80.0,8.05,100.0,9.0,2400.0,0.4
LYNX_ESS_RN,2026-06-18,0.0,0.0,0.0,0.0,0.0,2.9370833333333337,3.841666666666667,-0.9045833333333334,0,0,0,0.0,0.0,0.0,0.0,20.0,0.0,480.0,0.0
LYSSY_RN,2026-06-18,197.9,-6.1,-521.7595000000001,2.6565000000000096,-519.1030000000001,31.805000000000003,32.73072916666667,-0.9257291666666667,15,9,24,461.17949999999996,-980.2825000000001,62.5,0.28,9.9,204.0,237.60000000000002,85.9
L_FRE_ESR_RN,2026-06-18,7.000000000000001,-6.0,-33.47175,-70.94,-104.41175,22.292916666666667,32.107395833333335,-9.814479166666667,5,16,21,5.660000000000002,-110.07175000000001,23.8,0.16,9.9,13.0,237.60000000000002,5.5
MADERO_RN,2026-06-18,8.0,0.0,-151.78,0.0,-151.78,7.888749999999999,10.574479166666666,-2.685729166666667,0,2,2,0.0,-151.78,0.0,0.0,100.0,8.0,2400.0,0.3
MAINLAND_RN,2026-06-18,18.0,-0.6000000000000001,-89.64099999999999,5.147,-84.494,41.9775,38.182604166666664,3.794895833333334,16,8,24,62.6805,-147.17450000000002,66.7,0.21,9.9,18.6,237.60000000000002,7.8
MEDILA_RN,2026-06-18,195.1,-4.7,1049.5717499999998,23.53175,1073.1035,39.33625,34.90979166666667,4.426458333333333,17,7,24,1427.28525,-354.1817500000001,70.8,1.66,9.9,199.79999999999998,237.60000000000002,84.1
MEDINA1_RN,2026-06-18,2.0,0.0,12.18500000000001,0.0,12.18500000000001,1.4516666666666669,1.1978125,0.2538541666666669,1,0,1,12.18500000000001,0.0,100.0,99.99,0.0,2.0,0.0,0.0
MESQUITE_RN,2026-06-18,27.5,0.0,-126.14249999999997,0.0,-126.14249999999997,6.77,10.610520833333334,-3.8405208333333327,2,3,5,33.041250000000005,-159.18374999999997,40.0,0.31,9.9,27.5,237.60000000000002,11.6
MESQUITE_RN2,2026-06-18,11.0,-5.5,-217.9375,-11.59125000000001,-229.52875,5.873333333333334,10.9715625,-5.098229166666666,0,3,3,0.0,-229.52875,0.0,0.0,0.0,16.5,0.0,0.0
MIDP_SLR_RN,2026-06-18,66.8,-37.0,-11.831999999999905,37.92450000000005,26.092500000000136,26.702916666666667,24.220312500000002,2.482604166666667,17,7,24,217.94975000000002,-191.85724999999988,70.8,0.47,50.9,103.8,1221.6,8.5
MIDWY_RN,2026-06-18,15.1,-7.1000000000000005,-256.40625,46.44450000000001,-209.96175000000002,34.86333333333334,36.2840625,-1.420729166666666,12,10,22,54.90750000000001,-264.86924999999997,54.5,0.17,9.9,22.2,237.60000000000002,9.3
MILTON_RN,2026-06-18,183.7,-2.7,-487.2795000000001,9.95925,-477.3202500000001,31.690416666666668,33.63072916666667,-1.9403125000000003,14,10,24,407.74075,-885.0610000000001,58.3,0.33,9.9,186.39999999999998,237.60000000000002,78.5
MNWL_BESS_RN,2026-06-18,10.4,-3.7,293.16800000000006,132.8255,425.99350000000004,47.63125,27.141145833333336,20.49010416666667,21,3,24,427.3795,-1.3859999999999992,87.5,44.05,9.9,14.100000000000001,237.60000000000002,5.9
MOORE_FL_RN,2026-06-18,4.5,0.0,-32.551500000000004,0.0,-32.551500000000004,23.993750000000002,32.003125,-8.009375,6,16,22,2.613500000000002,-35.165000000000006,27.3,0.2,9.9,4.5,237.60000000000002,1.9
MUENSTER_RN,2026-06-18,56.0,-0.2,1157.88,9.268,1167.148,30.539583333333336,17.135104166666668,13.404479166666667,7,1,8,1233.773,-66.62499999999994,87.5,2.65,9.9,56.2,237.60000000000002,23.7
MUSTNGCK_ALL,2026-06-18,36.1,-26.599999999999998,-416.526,-38.545,-455.071,27.447916666666668,32.805,-5.357083333333333,10,14,24,21.091999999999985,-476.163,41.7,0.06,71.0,62.7,1704.0,3.7
MU_RN,2026-06-18,36.7,-50.1,326.96674999999993,-24.235999999999937,302.73075,39.04666666666667,37.14208333333333,1.9045833333333342,16,8,24,347.73749999999995,-45.006749999999954,66.7,3.86,9.9,86.80000000000001,237.60000000000002,36.5
MV_VALV4_RN,2026-06-18,2.0,-2.0,5.259999999999998,9.83,15.089999999999998,2.00125,1.9447916666666665,0.05645833333333335,3,0,3,15.089999999999998,0.0,100.0,99.99,9.9,4.0,237.60000000000002,1.7
MYRY_BES2_RN,2026-06-18,21.3,-21.5,-164.03425,-190.73125000000005,-354.76550000000003,24.530833333333334,32.19052083333333,-7.6596874999999995,6,18,24,37.59225,-392.35775,25.0,0.29,9.9,42.8,237.60000000000002,18.0
MYRY_ESR_RN,2026-06-18,0.0,0.0,0.0,0.0,0.0,1.4716666666666667,1.3556249999999999,0.11604166666666675,0,0,0,0.0,0.0,0.0,0.0,9.9,0.0,237.60000000000002,0.0
MYR_ALL,2026-06-18,17.0,-23.5,-56.85249999999999,25.920000000000005,-30.932499999999987,12.628333333333332,14.405416666666667,-1.777083333333333,3,10,13,51.06349999999998,-81.99599999999997,23.1,2.08,76.3,40.5,1831.1999999999998,2.2
NCO_RN,2026-06-18,0.0,-57.0,0.0,-142.30625,-142.30625,3.39875,3.564583333333333,-0.1658333333333332,2,11,13,47.87225000000002,-190.1785,15.4,1.38,38.8,57.0,931.1999999999999,6.1
NEDIN_RN,2026-06-18,0.0,0.0,0.0,0.0,0.0,2.984166666666667,4.1667708333333335,-1.1826041666666667,0,0,0,0.0,0.0,0.0,0.0,0.0,0.0,0.0,0.0
NF_BRP_RN,2026-06-18,138.20000000000002,-67.0,1732.9757500000003,206.91300000000004,1939.8887500000003,12.530000000000001,11.084270833333335,1.4457291666666665,7,4,11,2442.88575,-502.99699999999996,63.6,2.78,100.5,205.20000000000002,2412.0,8.5
NOBLESLR_ALL,2026-06-18,191.1,-21.9,1534.28875,96.10900000000001,1630.39775,14.985416666666666,10.195104166666667,4.7903125,13,2,15,1634.96925,-4.571499999999988,86.7,55.02,62.5,213.0,1500.0,14.2
NWF_NWF1,2026-06-18,691.5,-88.2,447.04275000000024,402.2534999999999,849.2962500000002,35.17041666666667,36.316562499999996,-1.1461458333333334,14,10,24,4291.802000000001,-3442.5057500000003,58.3,0.89,36.0,779.7,864.0,90.2
N_AL_BESS_RN,2026-06-18,4.6000000000000005,-5.0,-26.455750000000002,-64.91250000000001,-91.36825000000002,25.43041666666667,32.19375,-6.763333333333333,6,16,22,4.600249999999999,-95.9685,27.3,0.13,9.9,9.600000000000001,237.60000000000002,4.0
N_MRD_ESR_RN,2026-06-18,4.800000000000001,-22.0,-25.6995,-282.275,-307.9745,25.707916666666666,32.1715625,-6.4636458333333335,7,17,24,10.142500000000005,-318.11699999999996,29.2,0.08,9.9,26.8,237.60000000000002,11.3
ODESW_RN,2026-06-18,6.6000000000000005,-179.0,-91.66900000000001,74.51724999999976,-17.15175000000023,34.92375,36.44135416666666,-1.5176041666666664,14,8,22,581.4487499999998,-598.6005000000001,63.6,0.56,9.9,185.6,237.60000000000002,78.1
OLMITO_RN,2026-06-18,32.0,-10.0,-512.9712499999999,-25.502499999999994,-538.4737499999999,10.987499999999999,16.489583333333332,-5.502083333333332,5,12,17,20.30125,-558.7749999999999,29.4,0.09,9.9,42.0,237.60000000000002,17.7
OLNEYTN_RN,2026-06-18,47.0,-48.9,4244.42,6613.15125,10857.571249999999,99.63875,66.30187500000001,33.336875,12,2,14,11206.568750000002,-348.99750000000006,85.7,5.35,9.9,95.9,237.60000000000002,40.4
OR_BESS_RN,2026-06-18,6.2,-0.6000000000000001,12.14499999999999,5.024500000000001,17.169499999999992,33.71791666666667,31.7846875,1.9332291666666659,16,8,24,20.266999999999992,-3.097500000000001,66.7,3.27,9.9,6.800000000000001,237.60000000000002,2.9
PAD1_ESS_RN,2026-06-18,8.9,-0.7000000000000001,6.696249999999975,13.085500000000003,19.781749999999974,36.63583333333333,34.26989583333333,2.3659375,17,7,24,62.649499999999975,-42.86775000000001,70.8,0.6,50.0,9.6,1200.0,0.8
PAD2_ESS_RN,2026-06-18,0.0,0.0,0.0,0.0,0.0,26.91333333333333,25.184166666666666,1.7291666666666667,0,0,0,0.0,0.0,0.0,0.0,150.0,0.0,3600.0,0.0
PALACIOS_RN,2026-06-18,165.7,-2.5,-2385.057,-20.701249999999998,-2405.75825,26.310833333333335,32.73010416666667,-6.419270833333333,9,15,24,73.63575,-2479.3940000000007,37.5,0.05,7.0,168.2,168.0,100.1
PALE_ESS_EN,2026-06-18,2.0,-12.5,-1.6899999999999977,73.327,71.637,0.84125,0.8764583333333333,-0.035208333333333286,3,5,8,85.34299999999999,-13.70599999999999,37.5,10.38,200.0,14.5,4800.0,0.3
PAULN_RN,2026-06-18,50.5,-6.1,314.43025,99.66125,414.0915,30.604583333333334,25.288020833333334,5.3165625,19,4,23,429.45500000000004,-15.363500000000007,82.6,5.88,9.9,56.6,237.60000000000002,23.8
PAVLOV_BT_RN,2026-06-18,12.0,-5.1,-41.143,-14.335749999999999,-55.47875,26.639583333333334,32.498333333333335,-5.85875,8,15,23,9.0885,-64.56725000000002,34.8,0.26,9.9,17.1,237.60000000000002,7.2
PAVO_ESS_ALL,2026-06-18,14.5,-10.2,-231.9175,-6.247500000000007,-238.165,7.98875,11.828854166666666,-3.8401041666666664,1,6,7,12.170000000000002,-250.33499999999998,14.3,0.29,87.5,24.7,2100.0,1.2
PEARSALL_RN,2026-06-18,7.5,-57.0,-38.48250000000001,122.12499999999999,83.64249999999997,7.590833333333333,9.646770833333333,-2.0559375,10,2,12,167.41,-83.76750000000001,83.3,0.4,9.9,64.5,237.60000000000002,27.1
PHO_ALL,2026-06-18,40.9,-18.6,-552.19725,-67.65000000000002,-619.84725,12.5525,18.310208333333332,-5.757708333333333,4,11,15,11.587499999999984,-631.43475,26.7,0.05,150.0,59.5,3600.0,1.7
PINEFRST_RN,2026-06-18,21.6,-15.399999999999999,175.31975,100.59999999999995,275.91974999999996,31.089583333333334,24.817083333333333,6.2725,19,4,23,280.2972499999999,-4.377500000000002,82.6,13.48,200.0,37.0,4800.0,0.8
PIN_BESS_RN,2026-06-18,16.5,-22.0,-455.0975,-390.1975,-845.2950000000001,5.4887500000000005,11.784791666666665,-6.2960416666666665,0,7,7,0.0,-845.2950000000001,0.0,0.0,0.0,38.5,0.0,0.0
PIRATE_RN,2026-06-18,21.6,-37.7,-517.6245,-132.06224999999998,-649.68675,24.457083333333333,31.655625,-7.198541666666667,11,13,24,41.342,-691.0287500000001,45.8,0.07,9.8,59.300000000000004,235.20000000000002,25.2
PLATINUM_RN,2026-06-18,15.0,-4.6,122.4385,4.6415,127.08000000000001,31.02416666666667,24.39645833333333,6.6277083333333335,19,4,23,132.0095,-4.929500000000002,82.6,5.64,151.7,19.6,3640.7999999999997,0.5
POTEETS_RN,2026-06-18,4.1000000000000005,-33.7,-17.966,-253.4525,-271.41849999999994,26.713333333333335,32.76333333333333,-6.05,11,12,23,38.252,-309.67049999999995,47.8,0.13,9.9,37.800000000000004,237.60000000000002,15.9
POTSVIL_RN,2026-06-18,247.6,-171.1,4857.951,4646.05,9504.001,44.40625,26.6925,17.71375,23,1,24,9513.631000000001,-9.630000000000003,95.8,42.95,9.9,418.7,237.60000000000002,176.2
PRCRK_RN,2026-06-18,8.9,-3.7,34.88574999999999,40.6775,75.56325,30.76875,25.518020833333335,5.250729166666667,20,4,24,90.96674999999999,-15.403500000000001,83.3,1.18,9.9,12.600000000000001,237.60000000000002,5.3
PTLBES_BESS1,2026-06-18,148.9,-7.2,-290.01349999999985,-52.501250000000006,-342.5147499999998,26.000416666666666,33.254687499999996,-7.254270833333332,8,15,23,37.443749999999994,-379.95849999999984,34.8,0.18,6.0,156.1,144.0,108.4
PYR_PYRON1,2026-06-18,223.5,-74.0,388.40825000000007,333.6825,722.0907500000001,20.278333333333332,20.269479166666667,0.008854166666666755,11,9,20,996.3262500000003,-274.2355000000001,55.0,2.97,15.1,297.5,362.4,82.1
QUEEN_BA_RN,2026-06-18,95.9,-5.4,147.65225000000015,11.52900000000001,159.18125000000018,34.0925,35.728541666666665,-1.636041666666667,13,9,22,244.0152500000001,-84.83399999999992,59.1,1.99,50.0,101.30000000000001,1200.0,8.4
RADN_SLR_ALL,2026-06-18,213.9,-26.7,-713.05275,85.17075000000001,-627.882,26.07166666666667,27.363229166666667,-1.2915624999999995,10,14,24,293.3475,-921.2295,41.7,0.45,81.9,240.6,1965.6000000000001,12.2
RBN_BESS1,2026-06-18,8.200000000000001,-6.7,18.850000000000005,36.973749999999995,55.82375,34.44625,31.42895833333333,3.017291666666667,19,5,24,58.02425,-2.2005000000000003,79.2,6.94,100.0,14.900000000000002,2400.0,0.6
RHESS2_ESS1,2026-06-18,48.1,-103.2,194.00525000000005,758.2355,952.24075,21.207083333333333,17.546979166666667,3.6601041666666667,15,6,21,1753.8407500000003,-801.6,71.4,0.88,9.9,151.3,237.60000000000002,63.7
RIOG_ESR2_RN,2026-06-18,0.1,-2.0,0.039249999999999834,-10.86,-10.82075,2.152083333333333,2.1488541666666667,0.0032291666666666163,1,1,2,0.039249999999999834,-10.86,50.0,0.0,0.0,2.1,0.0,0.0
RIOG_ESR_RN,2026-06-18,0.0,-2.0,0.0,-12.200000000000003,-12.200000000000003,16.725416666666664,21.006041666666665,-4.280625,0,1,1,0.0,-12.200000000000003,0.0,0.0,9.9,2.0,237.60000000000002,0.8
RN_BY_ESR1,2026-06-18,4.0,0.0,5.439999999999998,0.0,5.439999999999998,4.678333333333334,4.5616666666666665,0.11666666666666654,1,1,2,26.405,-20.965000000000003,50.0,1.26,0.0,4.0,0.0,0.0
RN_PAD3_ESS,2026-06-18,0.0,0.0,0.0,0.0,0.0,29.800833333333333,29.358541666666667,0.44229166666666586,0,0,0,0.0,0.0,0.0,0.0,0.0,0.0,0.0,0.0
RN_QTUM_SLR,2026-06-18,2601.8,0.0,20695.462499999998,0.0,20695.462499999998,10.421666666666667,5.0175,5.404166666666666,11,3,14,21290.571500000002,-595.1089999999998,78.6,9.76,160.0,2601.8,3840.0,67.8
RN_RHN_ESR,2026-06-18,13.0,0.0,6.932500000000019,0.0,6.932500000000019,5.614999999999999,5.8253125,-0.21031249999999982,1,2,3,47.64375000000001,-40.71124999999999,33.3,2.34,200.0,13.0,4800.0,0.3
RN_SOLC_SLR,2026-06-18,525.0,0.0,-5943.859,0.0,-5943.859,8.41375,11.507083333333334,-3.0933333333333333,2,4,6,29.955,-5973.814,33.3,0.01,160.0,525.0,3840.0,13.7
ROSELAND_ALL,2026-06-18,812.2,-166.20000000000002,3577.4967500000002,180.45625000000004,3757.9530000000004,28.86125,24.684166666666666,4.177083333333334,20,4,24,3808.589500000001,-50.63649999999999,83.3,15.04,50.0,978.4000000000001,1200.0,81.5
RPUBRDS_RN,2026-06-18,53.3,-12.299999999999999,623.10275,43.60199999999998,666.7047500000001,34.00791666666667,26.587083333333336,7.420833333333334,20,4,24,668.60275,-1.8980000000000012,83.3,70.45,39.5,65.6,948.0,6.9
RRANCHES_ALL,2026-06-18,13.2,-327.1,21.718000000000007,-654.95325,-633.23525,34.59041666666666,36.297916666666666,-1.7075000000000007,13,9,22,1253.1705000000002,-1886.40575,59.1,0.46,150.0,340.3,3600.0,9.5
RRC_WIND_ALL,2026-06-18,113.2,-22.2,663.4855,16.100500000000014,679.586,23.9225,17.165937500000002,6.7565625,16,8,24,820.28575,-140.69975000000005,66.7,2.92,0.0,135.4,0.0,0.0
RTLSNAKE_BT,2026-06-18,4.0,-19.7,-5.2400000000000055,130.64375,125.40375,1.9466666666666665,2.0558333333333336,-0.10916666666666679,10,3,13,159.7175,-34.313750000000006,76.9,1.4,9.9,23.7,237.60000000000002,10.0
RUSSEKST_RN,2026-06-18,110.9,-79.7,413.37624999999997,393.30400000000003,806.68025,35.675000000000004,30.168229166666666,5.506770833333333,18,6,24,2043.8357500000002,-1237.1555,75.0,0.55,9.9,190.60000000000002,237.60000000000002,80.2
RVN_RN,2026-06-18,0.0,0.0,0.0,0.0,0.0,27.87,23.64875,4.2212499999999995,0,0,0,0.0,0.0,0.0,0.0,0.0,0.0,0.0,0.0
RVRVLYS_ALL,2026-06-18,37.2,-19.7,406.53799999999995,-101.07850000000002,305.4595,37.749583333333334,34.47864583333333,3.2709374999999987,16,8,24,448.969,-143.50950000000003,66.7,1.56,50.0,56.900000000000006,1200.0,4.7
SADLBACK_RN,2026-06-18,15.8,-21.599999999999998,-138.39475,169.04575000000003,30.651000000000042,34.51916666666667,35.996249999999996,-1.4770833333333329,13,10,23,197.28425000000001,-166.63324999999998,56.5,0.91,9.9,37.4,237.60000000000002,15.7
SAH_RN,2026-06-18,6.0,0.0,3.625000000000014,0.0,3.625000000000014,8.062916666666666,7.787187499999999,0.2757291666666671,2,1,3,19.42500000000001,-15.799999999999997,66.7,0.61,200.0,6.0,4800.0,0.1
SANDLAKE_RN,2026-06-18,2.0,-47.0,14.74,-1.5949999999999491,13.145000000000046,2.0708333333333333,2.3044791666666664,-0.2336458333333333,11,10,21,201.11750000000004,-187.9725,52.4,0.97,9.9,49.0,237.60000000000002,20.6
SBEAN_BESS,2026-06-18,2.6,-1.6,-10.698999999999998,12.587000000000005,1.8880000000000083,34.583333333333336,36.100625,-1.5172916666666652,13,8,21,20.899000000000008,-19.010999999999996,61.9,0.68,9.9,4.2,237.60000000000002,1.8
SEVNF_ES_RN,2026-06-18,16.5,-46.5,-406.87625,-637.0075,-1043.88375,11.803749999999999,18.6728125,-6.869062500000001,1,14,15,15.193749999999996,-1059.0775,6.7,0.2,100.0,63.0,2400.0,2.6
SGSA_DGR,2026-06-18,2.0,-15.0,11.86,89.975,101.83499999999998,1.45125,1.2041666666666666,0.24708333333333332,3,0,3,101.83499999999998,0.0,100.0,99.99,9.9,17.0,237.60000000000002,7.2
SG_BES_BESS1,2026-06-18,129.1,-41.599999999999994,-505.02724999999975,23.10850000000006,-481.9187499999997,15.508333333333333,19.5903125,-4.081979166666666,9,8,17,448.51750000000015,-930.4362499999999,52.9,0.43,100.0,170.7,2400.0,7.1
SHAMROCK_RN,2026-06-18,2075.7,-26.5,-2224.7205000000013,52.88374999999997,-2171.8367500000013,29.96166666666667,31.969687500000003,-2.0080208333333336,15,9,24,5842.784250000001,-8014.621000000001,62.5,0.44,99.3,2102.2,2383.2,88.2
SHEEPCRK_1,2026-06-18,391.7,-12.0,2367.9805,-47.51999999999999,2320.4605,23.9225,17.165937500000002,6.7565625,16,8,24,2782.642,-462.18150000000014,66.7,3.01,135.0,403.7,3240.0,12.5
SLCN_ESS_ALL,2026-06-18,12.0,-10.7,33.011999999999986,-176.27325000000002,-143.26125000000005,39.02166666666667,36.70427083333333,2.3173958333333333,16,8,24,66.47824999999999,-209.73950000000002,66.7,0.16,50.0,22.7,1200.0,1.9
SLK_BESS_RN,2026-06-18,0.0,0.0,0.0,0.0,0.0,0.0,0.0,0.0,0,0,0,0.0,0.0,0.0,0.0,0.0,0.0,0.0,0.0
SMTH_ESS_RN,2026-06-18,11.3,-0.7000000000000001,60.41775,5.197250000000002,65.615,31.094583333333333,26.110416666666666,4.984166666666667,19,4,23,67.611,-1.996000000000001,82.6,7.13,125.0,12.0,3000.0,0.4
SNY_BESS_RN,2026-06-18,21.3,-137.3,-158.83175000000003,-3004.4455,-3163.27725,33.526666666666664,81.47604166666666,-47.949375,14,10,24,764.245,-3927.52225,58.3,0.14,9.9,158.60000000000002,237.60000000000002,66.8
SPTX12B_RN,2026-06-18,103.4,-10.6,406.3632500000001,-7.976499999999976,398.3867500000001,12.852916666666667,14.611666666666666,-1.7587499999999994,5,6,11,523.92825,-125.54149999999996,45.5,5.01,24.9,114.0,597.5999999999999,19.1
SP_RN,2026-06-18,36.7,-15.6,332.62425,-5.972999999999974,326.65125,42.64333333333333,39.9978125,2.645520833333333,15,9,24,399.93625,-73.28499999999998,62.5,3.27,8.0,52.300000000000004,192.0,27.2
SROSA_ESR_RN,2026-06-18,4.5,-30.0,-34.8155,-550.2574999999999,-585.073,23.050416666666667,32.079791666666665,-9.029375,6,17,23,2.9170000000000003,-587.99,26.1,0.01,9.9,34.5,237.60000000000002,14.5
STADIUM_RN,2026-06-18,62.5,-35.0,-862.7975,-474.64000000000004,-1337.4375,22.517916666666668,30.28135416666667,-7.763437499999999,6,17,23,37.214999999999996,-1374.6525000000001,26.1,0.08,9.9,97.5,237.60000000000002,41.0
STAM_SLR_ALL,2026-06-18,61.7,-0.6000000000000001,625.1030000000001,4.9319999999999995,630.0350000000001,30.905,24.30197916666667,6.603020833333333,20,4,24,632.0410000000002,-2.0060000000000002,83.3,63.02,70.0,62.300000000000004,1680.0,3.7
STRG_SLR_ALL,2026-06-18,19.6,-26.599999999999998,-11.820749999999993,71.61625,59.795500000000004,31.776666666666667,29.933645833333333,1.8430208333333333,16,8,24,128.5615,-68.76599999999998,66.7,0.93,100.0,46.2,2400.0,1.9
SUNVASLR_ALL,2026-06-18,458.70000000000005,-4.0,-1102.6575000000005,-16.442500000000003,-1119.1000000000004,23.84583333333333,23.471145833333335,0.3746875000000003,15,9,24,945.7462500000001,-2064.8462500000005,62.5,0.27,53.3,462.70000000000005,1279.1999999999998,36.2
SWOOSE1_U1,2026-06-18,7.200000000000001,-2.3000000000000003,15.435500000000005,16.881250000000005,32.316750000000006,34.63583333333333,36.36729166666667,-1.731458333333333,13,9,22,51.44725000000001,-19.1305,59.1,1.86,9.9,9.500000000000002,237.60000000000002,4.0
SWOOSEII_RN,2026-06-18,2.0,-14.2,-25.21,13.738500000000016,-11.471499999999985,2.155,4.017604166666667,-1.8626041666666666,1,1,2,13.738500000000016,-25.21,50.0,0.54,100.0,16.2,2400.0,0.7
SWT_BESS_RN,2026-06-18,62.4,-29.8,-3683.9550000000004,-1181.6585,-4865.6135,31.633750000000003,51.17625,-19.5425,13,11,24,118.59550000000002,-4984.209,54.2,0.02,9.9,92.2,237.60000000000002,38.8
TANZ_ESS_RN,2026-06-18,2.0,0.0,10.144999999999996,0.0,10.144999999999996,2.50875,2.2973958333333333,0.2113541666666666,1,0,1,10.144999999999996,0.0,100.0,99.99,0.0,2.0,0.0,0.0
TBWF_ES_BES1,2026-06-18,80.9,-8.7,916.799,-6.416250000000006,910.38275,12.575000000000001,10.966770833333333,1.6082291666666666,5,1,6,916.799,-6.416250000000006,83.3,28.58,150.0,89.60000000000001,3600.0,2.5
TDWLPR_1_RN,2026-06-18,4.2,-0.6000000000000001,17.088500000000003,6.7955000000000005,23.884000000000004,30.682083333333335,25.70625,4.975833333333334,20,4,24,25.754500000000004,-1.8704999999999992,83.3,2.75,100.0,4.800000000000001,2400.0,0.2
TNFS_RN,2026-06-18,2.0,0.0,26.03,0.0,26.03,2.01625,1.4748958333333333,0.5413541666666668,1,0,1,26.03,0.0,100.0,99.99,9.9,2.0,237.60000000000002,0.8
TORR_ALL,2026-06-18,440.9,-42.1,-4354.54725,-286.49424999999997,-4641.0415,22.869583333333335,32.51479166666667,-9.645208333333334,5,19,24,121.41924999999999,-4762.46075,20.8,0.1,0.0,483.0,0.0,0.0
TORT_ESS_RN,2026-06-18,0.0,0.0,0.0,0.0,0.0,0.0,0.0,0.0,0,0,0,0.0,0.0,0.0,0.0,50.0,0.0,1200.0,0.0
TOYAH_RN,2026-06-18,2.0,-5.0,-4.450000000000003,48.41249999999999,43.962499999999984,2.165,2.3240625,-0.15906249999999997,1,1,2,48.41249999999999,-4.450000000000003,50.0,10.88,9.9,7.0,237.60000000000002,2.9
TRIPBUT1_RN,2026-06-18,4.9,-12.5,1.109750000000009,58.61224999999999,59.721999999999994,34.25416666666667,35.51114583333334,-1.2569791666666659,13,9,22,78.10475000000001,-18.38275,59.1,2.94,7.5,17.4,180.0,9.7
TSECA_ES_RN,2026-06-18,12.1,0.0,235.07274999999993,0.0,235.07274999999993,6.920833333333333,6.534270833333333,0.38656250000000014,1,0,1,235.07274999999993,0.0,100.0,99.99,100.0,12.1,2400.0,0.5
TURQ_BESS1,2026-06-18,37.8,0.0,234.9055,0.0,234.9055,22.309166666666666,18.2678125,4.041354166666666,13,1,14,237.6755,-2.770000000000003,92.9,6.6,188.0,37.8,4512.0,0.8
TV_RN,2026-06-18,17.2,-31.3,21.22099999999999,31.371999999999993,52.592999999999975,34.062916666666666,32.38885416666667,1.6740625000000005,15,9,24,108.17774999999996,-55.58475,62.5,1.17,9.8,48.5,235.20000000000002,20.6
TYNAN_RN,2026-06-18,4.300000000000001,-0.7000000000000001,-18.8235,-6.071500000000001,-24.895000000000003,25.763333333333335,32.06604166666667,-6.3027083333333325,8,15,23,4.818999999999999,-29.714000000000002,34.8,0.3,9.9,5.000000000000001,237.60000000000002,2.1
UTOPIA_RN,2026-06-18,118.0,-11.0,972.9025,5.287500000000016,978.1900000000002,28.689999999999998,23.203541666666666,5.486458333333334,10,2,12,1137.115,-158.925,83.3,1.43,7.0,129.0,168.0,76.8
VERT_ESS_RN,2026-06-18,4.0,0.0,-37.449999999999996,0.0,-37.449999999999996,4.687083333333333,5.464583333333334,-0.7774999999999999,0,2,2,0.0,-37.449999999999996,0.0,0.0,200.0,4.0,4800.0,0.1
VORT_ALL_RN,2026-06-18,719.4,-62.5,5767.06625,218.05275,5985.119,23.042083333333334,16.220312500000002,6.821770833333333,16,8,24,6163.8234999999995,-178.70449999999997,66.7,17.25,121.8,781.9,2923.2,26.7
WAL_RN,2026-06-18,8.3,-8.2,28.69625,-10.121750000000002,18.5745,33.92,32.329479166666665,1.5905208333333334,16,8,24,42.014500000000005,-23.439999999999998,66.7,0.9,200.0,16.5,4800.0,0.3
WFTANK_ESS1,2026-06-18,14.2,-179.3,-283.39349999999996,-1602.66025,-1886.0537499999998,22.7925,32.42364583333333,-9.631145833333333,5,19,24,69.70474999999999,-1955.7585,20.8,0.14,150.0,193.5,3600.0,5.4
WIG_BESS_RN,2026-06-18,6.0,-8.8,35.779999999999994,16.77949999999999,52.559499999999986,9.86875,7.8722916666666665,1.9964583333333332,6,3,9,55.816999999999986,-3.2575000000000003,66.7,8.57,120.0,14.8,2880.0,0.5
WLTC_ESR_RN,2026-06-18,4.1000000000000005,-0.9000000000000001,-16.4035,-13.64775,-30.051250000000003,22.9525,29.600624999999997,-6.648125,11,12,23,7.078999999999999,-37.13025,47.8,0.21,9.9,5.000000000000001,237.60000000000002,2.1
WOV_BESS_RN,2026-06-18,4.6000000000000005,-18.5,-66.61950000000002,0.5939999999999697,-66.02550000000005,35.1775,36.4046875,-1.2271875,12,9,21,25.008250000000007,-91.03375000000005,57.1,0.21,9.9,23.1,237.60000000000002,9.7
WRSBES_BESS1,2026-06-18,6.0,0.0,-10.079999999999984,0.0,-10.079999999999984,3.8575000000000004,4.0675,-0.20999999999999966,1,2,3,19.735000000000007,-29.81499999999999,33.3,1.32,9.7,6.0,232.79999999999998,2.6
WR_RN,2026-06-18,8.3,-0.6000000000000001,-17.672000000000008,4.3785,-13.293500000000009,32.135416666666664,32.18833333333333,-0.0529166666666662,12,12,24,11.669999999999998,-24.96350000000001,50.0,0.47,9.9,8.9,237.60000000000002,3.7
WZRD_ESS_RN,2026-06-18,2.8000000000000003,0.0,41.62525,0.0,41.62525,20.42,17.928229166666668,2.4917708333333333,6,2,8,44.678999999999995,-3.0537499999999995,75.0,4.88,138.0,2.8000000000000003,3312.0,0.1
W_HRL_ESR_RN,2026-06-18,4.4,0.0,-32.182,0.0,-32.182,23.796666666666667,32.0825,-8.285833333333334,6,16,22,2.5774999999999992,-34.7595,27.3,0.2,9.9,4.4,237.60000000000002,1.9
X443ESRN,2026-06-18,5.000000000000001,-0.7000000000000001,-8.96875,13.536000000000001,4.567250000000002,35.92166666666667,34.4628125,1.4588541666666668,17,7,24,21.829500000000003,-17.262250000000005,70.8,0.52,10.0,5.700000000000001,240.0,2.4
Z0_DGR2_RN,2026-06-18,0.0,0.0,0.0,0.0,0.0,0.0,0.0,0.0,0,0,0,0.0,0.0,0.0,0.0,9.9,0.0,237.60000000000002,0.0
ZIER_SLR_ALL,2026-06-18,505.7,-234.2,-3567.68325,1315.0719999999997,-2252.6112500000004,32.04083333333333,30.831354166666667,1.2094791666666662,16,8,24,2532.830749999999,-4785.442,66.7,0.26,40.0,739.9,960.0,77.1
ABINDUST_RN,2026-06-19,5.9,-8.9,78.76050000000001,17.394750000000005,96.15525000000002,41.41833333333333,35.0121875,6.406145833333333,19,5,24,147.46525000000003,-51.309999999999995,79.2,0.76,9.9,14.8,237.60000000000002,6.2
ADL_RN,2026-06-19,17.7,-11.0,-11.024999999999977,44.19375,33.168750000000024,44.257083333333334,48.12958333333333,-3.8725,12,12,24,137.98875,-104.82,50.0,1.32,60.0,28.7,1440.0,2.0
AE_RN,2026-06-19,33.3,-8.1,708.1869999999999,27.394249999999996,735.58125,41.20791666666667,43.39833333333333,-2.1904166666666667,12,12,24,767.6129999999999,-32.03175,50.0,23.96,9.9,41.4,237.60000000000002,17.4
ALAMO_ST_RN,2026-06-19,0.0,0.0,0.0,0.0,0.0,0.0,0.0,0.0,0,0,0,0.0,0.0,0.0,0.0,9.9,0.0,237.60000000000002,0.0
ALP_BESS_RN,2026-06-19,6.9,-44.8,137.99675,842.5369999999999,980.5337499999999,55.73541666666666,41.07052083333333,14.664895833333333,21,3,24,995.3997499999999,-14.865999999999994,87.5,9.57,100.3,51.699999999999996,2407.2,2.1
ALVIN_RN,2026-06-19,11.9,-76.60000000000001,20.59925000000001,274.4870000000001,295.08625000000006,44.56666666666666,43.71510416666666,0.8515625,16,8,24,323.0702500000001,-27.98400000000001,66.7,5.77,9.9,88.50000000000001,237.60000000000002,37.2
AMAD_ESS_RN,2026-06-19,0.0,0.0,0.0,0.0,0.0,0.0,0.0,0.0,0,0,0,0.0,0.0,0.0,0.0,0.0,0.0,0.0,0.0
ANCHOR_ALL,2026-06-19,67.60000000000001,-25.3,505.105,469.75024999999994,974.85525,40.16458333333333,33.6171875,6.547395833333333,19,5,24,1304.3,-329.44474999999994,79.2,1.04,36.3,92.9,871.1999999999999,10.7
ANDMDSLR_ALL,2026-06-19,63.5,-23.5,852.0519999999999,173.43374999999995,1025.4857499999998,39.54416666666666,33.45677083333333,6.087395833333333,19,5,24,1045.66275,-20.177,79.2,13.64,81.9,87.0,1965.6000000000001,4.4
ANEM_ESS_RN,2026-06-19,2.6,-18.5,-7.706,-458.84650000000005,-466.5525,30.5625,38.91791666666666,-8.355416666666667,7,16,23,5.544000000000001,-472.09650000000005,30.4,0.03,200.0,21.1,4800.0,0.4
ANG_ALL,2026-06-19,230.3,-24.7,2831.19,209.00824999999998,3040.19825,42.73458333333334,39.59375,3.140833333333333,15,8,23,3103.57875,-63.380500000000005,65.2,26.12,100.0,255.0,2400.0,10.6
ANOL_ESS_RN,2026-06-19,3.4000000000000004,-1.4000000000000001,33.014500000000005,-4.002499999999998,29.012000000000008,40.321666666666665,34.3134375,6.008229166666667,19,5,24,48.66550000000001,-19.653499999999998,79.2,0.65,240.0,4.800000000000001,5760.0,0.1
ANTL_ESS_ES1,2026-06-19,4.2,-94.4,-1.998999999999997,-832.2542500000002,-834.2532500000001,46.03666666666667,50.69593750000001,-4.659270833333333,13,11,24,515.0715,-1349.32475,54.2,0.32,70.0,98.60000000000001,1680.0,5.9
APPLE_ESR_RN,2026-06-19,0.0,-29.0,0.0,-34.51249999999997,-34.51249999999997,0.0,0.0,0.0,10,6,16,186.54000000000002,-221.05249999999995,62.5,0.51,0.0,29.0,0.0,0.0
ARY_BESS_RN,2026-06-19,2.0,-10.0,-0.8450000000000024,-152.52500000000003,-153.37000000000003,2.2670833333333333,2.3022916666666666,-0.03520833333333343,1,5,6,2.9062499999999947,-156.27625,16.7,0.09,0.0,12.0,0.0,0.0
AVIL_ESS_RN,2026-06-19,3.8000000000000003,-0.9000000000000001,3.3932499999999957,-1.2297499999999983,2.1634999999999973,47.73416666666666,47.78802083333333,-0.053854166666667126,12,10,22,34.749,-32.58550000000001,54.5,0.89,160.0,4.7,3840.0,0.1
AZURE_RN,2026-06-19,58.0,-36.0,783.6087500000001,-207.34674999999993,576.2620000000002,39.79625,33.54510416666667,6.251145833333335,19,5,24,1048.8470000000002,-472.585,79.2,0.58,77.6,94.0,1862.3999999999999,5.0
BATCAVE_RN,2026-06-19,120.1,-123.6,-577.2669999999997,702.8445,125.57750000000026,42.52458333333333,38.36083333333333,4.163750000000001,16,8,24,1327.303,-1201.7255,66.7,0.55,100.5,243.7,2412.0,10.1
BAYC_BESS_RN,2026-06-19,3.6,-1.4000000000000001,0.02549999999999919,-15.41675,-15.391250000000001,38.45875,40.870104166666664,-2.411354166666667,11,13,24,16.61025,-32.0015,45.8,0.61,9.9,5.0,237.60000000000002,2.1
BCK_RN,2026-06-19,874.3000000000001,-325.5,-3855.3797499999996,589.02325,-3266.3565,39.322916666666664,42.0846875,-2.7617708333333337,13,11,24,1663.7637500000003,-4930.12025,54.2,0.29,126.5,1199.8000000000002,3036.0,39.5
BCNV2_ES_RN,2026-06-19,0.0,0.0,0.0,0.0,0.0,0.0,0.0,0.0,0,0,0,0.0,0.0,0.0,0.0,0.0,0.0,0.0,0.0
BCNV_RN,2026-06-19,33.0,-4.0,232.55374999999995,45.142500000000005,277.69624999999996,13.29,11.528229166666668,1.761770833333333,5,1,6,278.71375,-1.0175000000000125,83.3,54.78,150.0,37.0,3600.0,1.0
BEXAR_ES_RN,2026-06-19,409.1,-206.20000000000002,10567.835000000001,614.1670000000006,11182.002,43.80458333333333,39.832708333333336,3.9718750000000007,17,6,23,11193.6695,-11.667499999999997,73.9,338.61,100.0,615.3000000000001,2400.0,25.6
BIGSTAR_ALL,2026-06-19,21.7,-14.2,149.85925000000003,55.82900000000003,205.68825000000007,41.5825,39.107395833333335,2.4751041666666667,16,7,23,226.45225000000005,-20.76399999999998,69.6,4.77,80.0,35.9,1920.0,1.9
BKSL_RN,2026-06-19,3.4000000000000004,-56.3,28.465000000000007,411.75675,440.22175000000004,39.125416666666666,33.889375,5.236041666666667,19,5,24,460.50175,-20.28,79.2,5.98,100.0,59.699999999999996,2400.0,2.5
BLACKSPR_RN,2026-06-19,0.0,-51.0,0.0,626.3,626.3,0.0,0.0,0.0,14,0,14,626.3000000000002,0.0,100.0,99.99,120.0,51.0,2880.0,1.8
BLSMT1_5_A_6,2026-06-19,69.9,-124.2,773.1305,557.9645,1331.095,39.70458333333333,33.884166666666665,5.820416666666667,19,5,24,1772.7225,-441.6275,79.2,1.06,150.0,194.10000000000002,3600.0,5.4
BLUEJAY_RN,2026-06-19,57.400000000000006,-107.7,1238.0462499999999,697.73825,1935.7844999999998,19.95,13.326770833333333,6.623229166666666,11,0,11,1935.7844999999998,0.0,100.0,99.99,50.0,165.10000000000002,1200.0,13.8
BLVN_RN,2026-06-19,196.4,-87.1,2402.8777500000006,-523.2652499999999,1879.6125000000004,40.71541666666666,35.660312499999996,5.055104166666666,19,5,24,2735.4125000000004,-855.8,79.2,0.84,180.0,283.5,4320.0,6.6
BOCO_ESS_RN,2026-06-19,34.9,-6.0,460.367,-70.33799999999998,390.02900000000005,42.56791666666667,37.16458333333333,5.403333333333333,16,6,22,471.42800000000005,-81.39899999999999,72.7,2.17,150.0,40.9,3600.0,1.1
BRHEIGHT_RN,2026-06-19,23.3,-11.5,2.7342499999999896,47.93374999999997,50.66799999999996,47.065,47.47385416666666,-0.4088541666666676,15,9,24,170.09224999999992,-119.42425000000003,62.5,0.85,9.9,34.8,237.60000000000002,14.6
BRPANGLE_RN,2026-06-19,0.0,-10.0,0.0,14.675000000000011,14.675000000000011,0.0,0.0,0.0,2,0,2,14.675000000000011,0.0,100.0,99.99,9.9,10.0,237.60000000000002,4.2
BRPMAGNO_RN,2026-06-19,30.0,-63.800000000000004,27.660249999999966,-34.92550000000003,-7.265250000000066,46.42458333333334,46.444375,-0.019791666666666135,15,8,23,217.96449999999993,-225.22975000000005,65.2,0.52,9.9,93.80000000000001,237.60000000000002,39.5
BRP_BRAZ_RN,2026-06-19,3.6,-1.1,-0.9094999999999995,-9.570000000000002,-10.479500000000002,40.54,42.73,-2.19,12,12,24,21.270000000000003,-31.7495,50.0,0.67,9.9,4.7,237.60000000000002,2.0
BRP_DIKN_RN,2026-06-19,3.0,-1.4000000000000001,5.993000000000001,-11.827000000000002,-5.8340000000000005,46.92166666666666,47.241770833333334,-0.32010416666666625,13,9,22,24.968999999999998,-30.802999999999997,59.1,0.56,9.9,4.4,237.60000000000002,1.9
BRP_LOOP_RN,2026-06-19,0.0,-99.4,0.0,-1862.45525,-1862.45525,0.0,0.0,0.0,0,6,6,0.0,-1862.4552499999998,0.0,0.0,9.9,99.4,237.60000000000002,41.8
BRP_LOP1_RN,2026-06-19,72.1,0.0,77.20474999999993,0.0,77.20474999999993,5.288333333333333,4.9757291666666665,0.3126041666666664,3,1,4,96.31824999999998,-19.113500000000048,75.0,1.68,9.9,72.1,237.60000000000002,30.3
BRP_PBL1_RN,2026-06-19,64.1,-21.0,-738.5955000000001,-280.4325,-1019.0280000000001,6.6691666666666665,9.028541666666667,-2.3593750000000004,0,6,6,0.0,-1019.0280000000002,0.0,0.0,9.9,85.1,237.60000000000002,35.8
BRP_PBL2_RN,2026-06-19,5.0,-5.0,44.84,33.627500000000005,78.4675,4.30875,3.3074999999999997,1.00125,6,0,6,78.4675,0.0,100.0,99.99,9.9,10.0,237.60000000000002,4.2
BRP_RN_UNIT1,2026-06-19,3.6,-0.7000000000000001,23.5765,-0.8869999999999991,22.689500000000002,43.695,39.81885416666667,3.8761458333333336,15,6,21,34.75,-12.060499999999998,71.4,1.15,10.0,4.3,240.0,1.8
BRP_SWNY_RN,2026-06-19,0.0,-0.1,0.0,-0.04700000000000024,-0.04700000000000024,2.646666666666667,2.2284375,0.4182291666666667,0,1,1,0.0,-0.04700000000000024,0.0,0.0,9.9,0.1,237.60000000000002,0.0
BRP_ZPT1_RN,2026-06-19,0.0,-17.0,0.0,-98.775,-98.775,0.0,0.0,0.0,2,8,10,26.569999999999993,-125.34499999999997,20.0,0.85,9.9,17.0,237.60000000000002,7.2
BRP_ZPT2_RN,2026-06-19,88.0,-24.3,-901.0205,1.8294999999999746,-899.1909999999999,29.515,38.0803125,-8.5653125,6,18,24,118.48249999999994,-1017.6734999999999,25.0,0.35,9.9,112.3,237.60000000000002,47.3
BR_ARROW_ALL,2026-06-19,18.7,-116.3,169.51024999999998,1050.6815000000001,1220.19175,40.361666666666665,34.21697916666667,6.1446875,19,5,24,1239.8577500000001,-19.666000000000004,79.2,16.59,51.7,135.0,1240.8000000000002,10.9
BSS_U1,2026-06-19,35.7,0.0,-196.1579999999999,0.0,-196.1579999999999,4.183333333333334,4.762083333333333,-0.5787499999999999,0,3,3,0.0,-196.1579999999999,0.0,0.0,9.9,35.7,237.60000000000002,15.0
BUDA_RN,2026-06-19,18.0,0.0,36.162499999999994,0.0,36.162499999999994,8.401666666666666,7.888958333333334,0.5127083333333332,4,2,6,60.99749999999999,-24.834999999999994,66.7,1.23,9.9,18.0,237.60000000000002,7.6
BYP_RN,2026-06-19,0.0,0.0,0.0,0.0,0.0,0.0,0.0,0.0,0,0,0,0.0,0.0,0.0,0.0,200.0,0.0,4800.0,0.0
BYRDR_ES_ALL,2026-06-19,0.0,0.0,0.0,0.0,0.0,0.0,0.0,0.0,0,0,0,0.0,0.0,0.0,0.0,50.0,0.0,1200.0,0.0
CACH_ESS_RN,2026-06-19,3.6,-4.8999999999999995,21.308999999999997,19.94699999999999,41.255999999999986,42.35541666666666,39.29145833333333,3.0639583333333333,15,7,22,60.844999999999985,-19.589,68.2,1.45,200.0,8.5,4800.0,0.2
CAMWIND_RN,2026-06-19,244.6,-132.2,-4691.0067500000005,-1069.15375,-5760.1605,28.34958333333333,38.904375,-10.554791666666667,3,21,24,23.992250000000006,-5784.15275,12.5,0.03,16.4,376.79999999999995,393.59999999999997,95.7
CARA_ESS_RN,2026-06-19,0.0,-63.0,0.0,-749.9399999999999,-749.9399999999999,0.0,0.0,0.0,6,11,17,29.000000000000036,-778.94,35.3,0.07,98.3,63.0,2359.2,2.7
CARN_ESS_RN,2026-06-19,2.0,-46.8,-4.148000000000001,-377.51075000000003,-381.65875000000005,30.159583333333334,38.43875,-8.279166666666667,6,16,22,3.5260000000000007,-385.18475,27.3,0.02,150.0,48.8,3600.0,1.4
CARRIZO_ESR1,2026-06-19,63.8,-51.2,1246.28775,-132.46224999999995,1113.8255,46.087916666666665,44.043958333333336,2.0439583333333338,14,9,23,1348.46725,-234.64175,60.9,3.69,9.8,115.0,235.20000000000002,48.9
CARTWHL_RN,2026-06-19,0.0,0.0,0.0,0.0,0.0,0.0,0.0,0.0,0,0,0,0.0,0.0,0.0,0.0,150.0,0.0,3600.0,0.0
CASL_GAP_UN1,2026-06-19,49.0,-139.8,302.8575,-1384.6745,-1081.817,47.90833333333333,48.285625,-0.37729166666666697,13,11,24,754.7287499999999,-1836.5457500000002,54.2,0.35,1.9,188.8,45.599999999999994,414.0
CAST_ESS_RN,2026-06-19,0.0,0.0,0.0,0.0,0.0,0.0,0.0,0.0,0,0,0,0.0,0.0,0.0,0.0,200.0,0.0,4800.0,0.0
CATARINA_B1,2026-06-19,37.699999999999996,-247.10000000000002,221.57225000000005,-2492.47525,-2270.903,46.862500000000004,45.0634375,1.7990625000000005,12,12,24,540.0625,-2810.9655,50.0,0.19,9.9,284.8,237.60000000000002,119.9
CEDRVALE_RN,2026-06-19,3.7,-0.9000000000000001,9.159999999999997,-1.4690000000000012,7.690999999999995,46.92250000000001,46.739375,0.1831249999999991,13,9,22,35.2115,-27.520500000000006,59.1,0.89,9.9,4.6000000000000005,237.60000000000002,1.9
CFLAT_ES_RN,2026-06-19,0.0,-129.0,0.0,-726.9,-726.9,0.0,0.0,0.0,4,15,19,50.970000000000006,-777.8700000000001,21.1,0.25,100.0,129.0,2400.0,5.4
CHIL_SLR,2026-06-19,319.7,-117.8,2762.895,394.0095,3156.9044999999996,40.86333333333334,35.922604166666666,4.940729166666667,19,5,24,3176.3235,-19.419000000000004,79.2,43.04,150.0,437.5,3600.0,12.2
CISC_RN,2026-06-19,23.6,-73.3,351.261,1047.62375,1398.8847500000002,41.32416666666666,35.48854166666667,5.835625,18,6,24,1418.57625,-19.6915,75.0,24.01,9.9,96.9,237.60000000000002,40.8
CITRUSCY_RN,2026-06-19,1.7000000000000002,-2.6,-2.588500000000002,-37.209,-39.79750000000001,29.272916666666664,37.800104166666664,-8.5271875,6,13,19,4.647,-44.444500000000005,31.6,0.23,6.0,4.300000000000001,144.0,3.0
CLO_RN,2026-06-19,3.8000000000000003,-36.3,-12.383000000000003,-204.61875000000003,-217.00175000000004,40.50541666666667,44.969166666666666,-4.46375,12,12,24,166.31899999999996,-383.32075000000003,50.0,0.43,100.0,40.099999999999994,2400.0,1.7
CNLY_ESS_RN,2026-06-19,3.4000000000000004,-8.4,33.5225,96.32575,129.84825,40.47708333333333,34.16291666666667,6.314166666666665,18,5,23,149.44975000000002,-19.6015,78.3,2.12,125.0,11.8,3000.0,0.4
CNTRY_RN,2026-06-19,3.4000000000000004,-1.4000000000000001,33.089999999999996,-3.605000000000003,29.484999999999996,40.4575,34.341875,6.115624999999999,19,5,24,49.102000000000004,-19.616999999999997,79.2,0.66,9.8,4.800000000000001,235.20000000000002,2.0
CNTYRDS_RN,2026-06-19,5.5,0.0,186.49125000000004,0.0,186.49125000000004,3.5745833333333334,2.161770833333333,1.4128125000000002,1,0,1,186.49125000000004,0.0,100.0,99.99,9.9,5.5,237.60000000000002,2.3
CONTINEN_RN,2026-06-19,32.0,-79.8,81.024,-1010.9514999999999,-929.9274999999999,30.242500000000003,37.60552083333334,-7.363020833333333,8,16,24,230.5,-1160.4274999999998,33.3,0.4,0.0,111.8,0.0,0.0
CORALSLR_ALL,2026-06-19,107.19999999999999,-99.1,1274.0327499999999,1011.269,2285.3017499999996,40.66708333333333,35.09385416666667,5.573229166666667,19,5,24,2304.6482499999997,-19.3465,79.2,31.35,51.4,206.29999999999998,1233.6,16.7
CORAZON_RN,2026-06-19,230.39999999999998,-17.6,-1170.47775,-58.67824999999999,-1229.156,29.077083333333334,38.84708333333334,-9.77,7,16,23,36.0925,-1265.2485000000001,30.4,0.07,200.0,247.99999999999997,4800.0,5.2
COYOTSPR_RN,2026-06-19,0.0,0.0,0.0,0.0,0.0,0.0,0.0,0.0,0,0,0,0.0,0.0,0.0,0.0,9.9,0.0,237.60000000000002,0.0
CROSSETT_ALL,2026-06-19,148.60000000000002,-259.5,-1632.8614999999993,-2004.3985000000002,-3637.2599999999998,47.94,48.34739583333334,-0.40739583333333346,13,11,24,1079.57125,-4716.831249999999,54.2,0.19,100.0,408.1,2400.0,17.0
CROSSTRL_RN,2026-06-19,3.4000000000000004,-29.0,35.881,109.59775000000005,145.47875000000005,46.048750000000005,40.95135416666667,5.097395833333334,15,6,21,228.73175000000003,-83.25299999999999,71.4,1.1,57.0,32.4,1368.0,2.4
CR_RN,2026-06-19,3.8000000000000003,-16.0,-11.299000000000003,48.352500000000006,37.0535,42.12625,46.31822916666667,-4.191979166666667,12,12,24,106.46900000000001,-69.4155,50.0,1.53,9.8,19.8,235.20000000000002,8.4
CS_RN,2026-06-19,51.7,-11.2,300.91875,64.92949999999999,365.84825,22.36791666666667,21.743333333333336,0.6245833333333334,6,5,11,812.5482499999999,-446.7,54.5,1.52,7.0,62.900000000000006,168.0,37.4
CTW_RN,2026-06-19,19.7,-12.600000000000001,42.885250000000035,50.75725,93.64250000000004,42.895,44.81822916666667,-1.9232291666666654,13,11,24,163.49350000000004,-69.85099999999998,54.2,1.98,150.0,32.3,3600.0,0.9
DAN_ALL,2026-06-19,187.20000000000002,-53.8,-211.5454999999999,184.18675000000002,-27.3587499999999,39.15291666666666,41.02677083333334,-1.8738541666666668,12,12,24,392.95775000000003,-420.3165,50.0,0.93,76.3,241.0,1831.1999999999998,13.2
DA_BESS,2026-06-19,3.6,-1.1,-0.8804999999999961,-9.600250000000003,-10.480749999999997,40.61958333333333,42.8165625,-2.1969791666666665,12,12,24,21.305500000000002,-31.786250000000003,50.0,0.67,5.0,4.7,120.0,3.9
DC2SES_ALL,2026-06-19,3.4000000000000004,-17.0,33.411500000000004,85.8165,119.22800000000002,40.62625,34.43145833333333,6.194791666666667,18,5,23,138.7075,-19.479499999999998,78.3,1.98,66.5,20.4,1596.0,1.3
DESN_ESS_RN,2026-06-19,0.0,0.0,0.0,0.0,0.0,0.0,0.0,0.0,0,0,0,0.0,0.0,0.0,0.0,200.0,0.0,4800.0,0.0
DGFS_ESR_RN,2026-06-19,9.3,-16.9,79.70649999999999,-202.50550000000007,-122.79900000000005,47.79458333333333,47.923541666666665,-0.12895833333333387,12,12,24,111.48025000000001,-234.27925000000005,50.0,0.48,75.0,26.2,1800.0,1.5
DIBOL_RN,2026-06-19,0.0,0.0,0.0,0.0,0.0,0.0,0.0,0.0,0,0,0,0.0,0.0,0.0,0.0,9.9,0.0,237.60000000000002,0.0
DKNS_ESS_RN,2026-06-19,0.0,0.0,0.0,0.0,0.0,0.0,0.0,0.0,0,0,0,0.0,0.0,0.0,0.0,50.0,0.0,1200.0,0.0
DSWL_BES1,2026-06-19,3.4000000000000004,-1.2000000000000002,33.2435,-4.987499999999999,28.256,40.49583333333333,34.37833333333334,6.1175,18,5,23,47.8875,-19.631500000000003,78.3,0.68,150.0,4.6000000000000005,3600.0,0.1
EBNY_ESS_RN,2026-06-19,56.2,-5.7,569.3590000000003,17.074749999999998,586.4337500000004,43.528333333333336,39.66979166666667,3.8585416666666674,15,6,21,598.2342500000003,-11.800499999999998,71.4,20.28,195.0,61.900000000000006,4680.0,1.3
ELMCRK_RN,2026-06-19,3.4000000000000004,-1.2000000000000002,34.568,-4.754499999999998,29.8135,41.449999999999996,35.103854166666665,6.346145833333334,18,5,23,48.7525,-18.939,78.3,0.72,9.9,4.6000000000000005,237.60000000000002,1.9
ELM_ST_RN,2026-06-19,5.5,-5.5,74.24999999999999,-120.3125,-46.062500000000014,1.6629166666666666,1.1004166666666666,0.5624999999999999,1,1,2,74.24999999999999,-120.3125,50.0,0.62,9.9,11.0,237.60000000000002,4.6
ELM_ST_RN2,2026-06-19,0.0,0.0,0.0,0.0,0.0,0.0,0.0,0.0,0,0,0,0.0,0.0,0.0,0.0,9.9,0.0,237.60000000000002,0.0
ELSA_ESR_RN,2026-06-19,0.0,-281.0,0.0,-310.5169999999999,-310.5169999999999,0.0,0.0,0.0,5,8,13,485.8977500000001,-796.4147499999999,38.5,0.98,9.9,281.0,237.60000000000002,118.3
ELZA_SLR_RN,2026-06-19,7.8,-1.5,74.99399999999999,-7.547749999999999,67.44624999999999,40.35041666666667,34.284375000000004,6.066041666666666,19,5,24,90.86099999999998,-23.41475,79.2,1.02,100.0,9.3,2400.0,0.4
EMPCT_RN,2026-06-19,3.4000000000000004,-3.6,33.294000000000004,11.325999999999997,44.620000000000005,40.4375,34.28697916666667,6.150520833333334,19,5,24,68.0305,-23.410500000000006,79.2,0.76,9.9,7.0,237.60000000000002,2.9
ENDPARK_ESS1,2026-06-19,5.8,-8.5,26.492000000000004,-9.092999999999982,17.399000000000022,38.82666666666666,34.6753125,4.151354166666667,19,5,24,78.88450000000002,-61.4855,79.2,0.34,50.0,14.3,1200.0,1.2
ESCONDID_ESR,2026-06-19,3.4000000000000004,-23.5,3.6095000000000015,-217.303,-213.6935,46.59916666666667,46.245625,0.3535416666666669,13,10,23,32.68950000000001,-246.38299999999998,56.5,0.1,0.0,26.9,0.0,0.0
ESTONIAN_ALL,2026-06-19,11.5,-56.6,106.39024999999998,440.1602499999999,546.5504999999998,40.36291666666667,34.22572916666667,6.137187499999999,19,5,24,569.9854999999999,-23.435000000000006,79.2,6.4,101.6,68.1,2438.3999999999996,2.8
EUNICE_ALL,2026-06-19,344.7,-185.4,3177.204750000001,-1122.6429999999998,2054.5617500000008,46.82333333333333,46.563854166666665,0.25947916666666737,14,10,24,4387.1097500000005,-2332.548,58.3,1.34,17.0,530.1,408.0,129.9
EVLN_ESS_RN,2026-06-19,8.600000000000001,-12.5,-107.64325000000001,46.673249999999996,-60.97000000000001,47.20916666666667,47.680625,-0.47145833333333265,13,9,22,84.19725,-145.16725000000002,59.1,0.4,220.0,21.1,5280.0,0.4
E_HARRIS_RN,2026-06-19,12.3,-2.7,-38.71500000000002,-44.87225000000001,-83.58725000000003,29.986666666666665,38.87072916666667,-8.8840625,5,19,24,10.652500000000003,-94.23975000000002,20.8,0.43,9.9,15.0,237.60000000000002,6.3
FALFUR_RN,2026-06-19,22.3,-65.5,-258.60625,-329.8125,-588.41875,29.804166666666664,34.67427083333333,-4.870104166666667,7,16,23,11.804249999999994,-600.223,30.4,0.04,9.9,87.8,237.60000000000002,37.0
FAULKNER_RN,2026-06-19,0.0,0.0,0.0,0.0,0.0,0.0,0.0,0.0,0,0,0,0.0,0.0,0.0,0.0,9.9,0.0,237.60000000000002,0.0
FENCESLR_ALL,2026-06-19,12.5,-132.4,137.19125,1544.3895,1681.58075,40.23291666666667,34.4003125,5.832604166666667,19,5,24,1701.2237499999999,-19.643,79.2,22.79,71.0,144.9,1704.0,8.5
FERD_ESS_RN,2026-06-19,0.0,0.0,0.0,0.0,0.0,0.0,0.0,0.0,0,0,0,0.0,0.0,0.0,0.0,200.0,0.0,4800.0,0.0
FIVEWSLR_ALL,2026-06-19,1132.8,-14.1,10158.405749999998,87.85475,10246.260499999999,20.78375,15.5753125,5.2084375,15,0,15,10246.2605,0.0,100.0,99.99,220.0,1146.8999999999999,5280.0,21.7
FLOWERII_RN,2026-06-19,107.2,-171.1,-17.233999999999682,-1671.0529999999997,-1688.2869999999991,47.07041666666667,46.94208333333333,0.128333333333334,13,10,23,918.4845000000003,-2606.7714999999994,56.5,0.27,100.0,278.3,2400.0,11.6
FLTBES1,2026-06-19,0.0,0.0,0.0,0.0,0.0,0.0,0.0,0.0,0,0,0,0.0,0.0,0.0,0.0,8.5,0.0,204.0,0.0
FLVABES1_ESR,2026-06-19,37.6,-6.7,281.28849999999983,-91.53424999999999,189.75424999999984,10.53375,11.368541666666667,-0.8347916666666665,2,4,6,381.1059999999998,-191.35174999999998,33.3,3.98,9.9,44.300000000000004,237.60000000000002,18.6
FORTMA_RN,2026-06-19,20.0,-65.0,402.9750000000001,589.2750000000001,992.2500000000001,21.375416666666666,15.691145833333332,5.684270833333334,14,1,15,994.0625000000002,-1.8125,93.3,39.17,8.0,85.0,192.0,44.3
FRMRSVLW_RN,2026-06-19,3.4000000000000004,-1.3,33.135,-4.2444999999999995,28.8905,40.36541666666667,34.24729166666666,6.118124999999999,18,5,23,48.5565,-19.666000000000004,78.3,0.69,9.9,4.7,237.60000000000002,2.0
FRMR_BS2_RN1,2026-06-19,0.0,0.0,0.0,0.0,0.0,0.0,0.0,0.0,0,0,0,0.0,0.0,0.0,0.0,6.0,0.0,144.0,0.0
FTDUNCAN_RN,2026-06-19,3.4000000000000004,-16.0,4.241000000000003,85.18,89.421,46.59125,46.05739583333334,0.5338541666666673,12,10,22,112.13900000000002,-22.718,54.5,4.11,100.0,19.4,2400.0,0.8
GAIA_SLR_RN,2026-06-19,0.0,0.0,0.0,0.0,0.0,0.0,0.0,0.0,0,0,0,0.0,0.0,0.0,0.0,76.3,0.0,1831.1999999999998,0.0
GAMBIT_RN,2026-06-19,0.0,0.0,0.0,0.0,0.0,40.51916666666667,42.70583333333334,-2.1866666666666674,0,0,0,0.0,0.0,0.0,0.0,100.0,0.0,2400.0,0.0
GARC_BESS_RN,2026-06-19,1.8,-3.2,-2.9415000000000044,-39.61475,-42.556250000000006,29.393749999999997,37.6334375,-8.2396875,7,16,23,5.317749999999998,-47.873999999999995,30.4,0.25,9.9,5.0,237.60000000000002,2.1
GIGA_ESS_RN,2026-06-19,11.600000000000001,-32.1,22.183499999999988,344.23325000000006,366.41675000000004,42.35958333333333,38.19510416666667,4.164479166666666,16,7,23,405.80775000000006,-39.391000000000005,69.6,4.51,125.0,43.7,3000.0,1.5
GKS_BESS_RN,2026-06-19,113.60000000000001,-319.0,-1300.8394999999998,-3429.6545,-4730.494,30.505416666666665,38.995625,-8.490208333333333,7,15,22,49.638999999999974,-4780.133000000001,31.8,0.02,86.0,432.6,2064.0,21.0
GODY_SLR_RN,2026-06-19,90.0,-33.0,662.9625000000001,500.6975,1163.6599999999999,7.502083333333334,5.660520833333333,1.8415625000000002,15,0,15,1163.6599999999999,0.0,100.0,99.99,50.0,123.0,1200.0,10.2
GOMZ_RN,2026-06-19,3.8000000000000003,-0.9000000000000001,4.422249999999996,-1.51175,2.9104999999999963,47.27375,47.293749999999996,-0.020000000000000757,13,9,22,34.808,-31.897500000000004,59.1,0.76,9.9,4.7,237.60000000000002,2.0
GOODWIN_ESR,2026-06-19,20.1,-70.4,-105.88074999999999,-1009.5442499999999,-1115.425,18.56625,21.601041666666664,-3.0347916666666666,1,10,11,0.018249999999999746,-1115.4432499999998,9.1,0.0,9.9,90.5,237.60000000000002,38.1
GRDNE_ESR_RN,2026-06-19,3.7,-0.9000000000000001,10.173749999999998,-1.9332500000000021,8.240499999999997,46.52666666666667,46.48500000000001,0.041666666666666075,15,7,22,36.86325,-28.622750000000007,68.2,0.6,9.9,4.6000000000000005,237.60000000000002,1.9
GREGORY_RN,2026-06-19,93.0,-63.800000000000004,106.71499999999992,-356.45300000000003,-249.7380000000001,35.17625,40.2515625,-5.075312500000001,9,14,23,501.55974999999984,-751.2977499999998,39.1,1.04,0.0,156.8,0.0,0.0
GZ_RN,2026-06-19,63.8,-1.0,121.3904999999998,-8.587,112.80349999999981,43.39541666666667,48.5196875,-5.124270833333334,12,12,24,786.7839999999999,-673.9805,50.0,1.17,9.0,64.8,216.0,30.0
HAMI_BESS_RN,2026-06-19,0.0,-39.0,0.0,-407.37999999999994,-407.37999999999994,0.0,0.0,0.0,4,11,15,51.43250000000002,-458.8125,26.7,0.31,9.9,39.0,237.60000000000002,16.4
HARLIN_1_RN,2026-06-19,0.0,-16.0,0.0,-132.8175,-132.8175,0.0,0.0,0.0,0,6,6,0.0,-132.8175,0.0,0.0,0.0,16.0,0.0,0.0
HEADCAMP_RN,2026-06-19,5.5,0.0,76.73875000000001,0.0,76.73875000000001,1.7558333333333334,1.1744791666666667,0.5813541666666667,1,0,1,76.73875000000001,0.0,100.0,99.99,150.0,5.5,3600.0,0.2
HEARN_RD_RN,2026-06-19,32.199999999999996,-28.1,145.17,-129.154,16.01599999999999,30.970416666666665,38.75927083333333,-7.788854166666667,6,16,22,166.42849999999999,-150.4125,27.3,2.95,9.8,60.3,235.20000000000002,25.6
HEN_RN,2026-06-19,0.0,0.0,0.0,0.0,0.0,0.0,0.0,0.0,0,0,0,0.0,0.0,0.0,0.0,150.0,0.0,3600.0,0.0
HI_LONEB_RN1,2026-06-19,3.9000000000000004,-6.4,5.2974999999999985,94.02149999999997,99.31899999999996,44.1475,44.685,-0.5375000000000009,13,8,21,125.27424999999997,-25.95525,61.9,2.97,50.0,10.3,1200.0,0.9
HLY_RN,2026-06-19,49.5,-2.5,-563.84625,16.05625,-547.79,18.495416666666667,22.76697916666667,-4.2715625,3,7,10,136.63,-684.42,30.0,0.47,102.0,52.0,2448.0,2.1
HMNG_ESS_RN,2026-06-19,3.4000000000000004,-52.9,33.04,500.23474999999996,533.2747499999999,40.32833333333333,34.097812499999996,6.230520833333332,18,5,23,556.6909999999999,-23.416250000000005,78.3,6.6,100.0,56.3,2400.0,2.3
HOLCOMB_RN1,2026-06-19,0.0,0.0,0.0,0.0,0.0,26.05333333333333,40.01416666666667,-13.960833333333333,0,0,0,0.0,0.0,0.0,0.0,9.9,0.0,237.60000000000002,0.0
HOUSEMTN_RN,2026-06-19,81.3,-94.8,-168.30549999999988,-1091.67,-1259.9754999999998,47.26958333333334,47.2659375,0.003645833333332978,13,10,23,473.8274999999999,-1733.8029999999994,56.5,0.21,60.0,176.1,1440.0,12.2
HRMS_SLR_RN,2026-06-19,0.0,0.0,0.0,0.0,0.0,0.0,0.0,0.0,0,0,0,0.0,0.0,0.0,0.0,100.0,0.0,2400.0,0.0
HV_BESS1_RN,2026-06-19,71.0,-20.0,67.04124999999993,125.02499999999998,192.0662499999999,26.711249999999996,28.740416666666665,-2.0291666666666672,6,4,10,937.8499999999999,-745.78375,60.0,0.84,9.0,91.0,216.0,42.1
HWY6_RN,2026-06-19,0.0,-6.0,0.0,62.454999999999984,62.454999999999984,0.0,0.0,0.0,2,0,2,62.454999999999984,0.0,100.0,99.99,9.9,6.0,237.60000000000002,2.5
HYDR_ESS_RN,2026-06-19,16.5,-37.1,211.37875000000003,-158.53075000000004,52.84799999999997,4.935833333333334,3.3344791666666667,1.6013541666666669,7,6,13,340.25350000000003,-287.4055000000001,53.8,1.01,200.0,53.6,4800.0,1.1
IND_INADALE1,2026-06-19,43.6,-40.5,388.71575,820.38775,1209.1035,40.12291666666667,29.614270833333332,10.508645833333334,19,5,24,1547.993,-338.8895,79.2,1.2,9.9,84.1,237.60000000000002,35.4
INRT_W_ALL,2026-06-19,2022.5,-1.5,-1820.8589999999976,-0.6489999999999974,-1821.507999999998,39.76916666666667,33.583958333333335,6.1852083333333345,19,5,24,16833.0685,-18654.5765,79.2,0.24,13.0,2024.0,312.0,648.7
JADE_SLR_ALL,2026-06-19,53.9,-66.0,761.02775,-25.071499999999915,735.9562500000001,39.39625,33.4303125,5.9659375,19,5,24,1041.59275,-305.63649999999996,79.2,0.9,81.9,119.9,1965.6000000000001,6.1
JAG_SLR_RN,2026-06-19,3.6,-67.5,32.5285,300.17324999999994,332.70174999999995,40.623333333333335,34.96895833333333,5.654374999999999,19,5,24,423.47875,-90.77700000000002,79.2,1.23,150.0,71.1,3600.0,2.0
JAR_RN,2026-06-19,14.6,-24.6,101.58325,158.93750000000006,260.52075,40.197916666666664,41.714062500000004,-1.5161458333333329,14,10,24,290.79875000000004,-30.278000000000002,58.3,6.86,156.0,39.2,3744.0,1.0
JC_BAT_RN,2026-06-19,11.5,-0.9000000000000001,-48.09075000000003,-9.22475,-57.31550000000003,42.628750000000004,38.77520833333333,3.8535416666666666,15,7,22,35.79775,-93.11325000000002,68.2,0.18,1.2,12.4,28.799999999999997,43.1
JDKNS_RN,2026-06-19,3.7,-11.4,9.28975,-1.92174999999999,7.368000000000002,46.69375,46.6496875,0.04406250000000019,13,9,22,115.92150000000001,-108.5535,59.1,0.74,9.9,15.100000000000001,237.60000000000002,6.4
JUNCTION_RN,2026-06-19,150.0,-70.3,1998.2667500000002,742.4702500000001,2740.737,52.23,37.480312500000004,14.7496875,19,5,24,3122.2040000000006,-381.467,79.2,2.15,8.2,220.3,196.79999999999998,111.9
JUNORTH_RN,2026-06-19,44.0,-35.5,62.447500000000005,498.19375,560.64125,20.330416666666668,17.221145833333335,3.109270833333334,16,4,20,723.375,-162.73375,80.0,1.11,0.0,79.5,0.0,0.0
KEG_RN,2026-06-19,0.0,0.0,0.0,0.0,0.0,0.0,0.0,0.0,0,0,0,0.0,0.0,0.0,0.0,0.0,0.0,0.0,0.0
KNAPP_RN,2026-06-19,6.0,-202.5,87.435,1034.0500000000002,1121.4850000000001,4.201666666666667,2.380104166666667,1.8215625,17,7,24,1643.5787500000001,-522.09375,70.8,1.3,0.0,208.5,0.0,0.0
LANTANA_RN,2026-06-19,0.0,-114.2,0.0,-998.2712499999999,-998.2712499999999,4.99125,7.509687499999999,-2.5184374999999997,4,15,19,25.739999999999988,-1024.0112499999998,21.1,0.09,9.9,114.2,237.60000000000002,48.1
LAUR_BESS_RN,2026-06-19,5.6,-13.1,3.427000000000001,-135.61999999999995,-132.19299999999996,5.300416666666666,6.654895833333334,-1.354479166666667,1,9,10,5.197500000000002,-137.39049999999997,10.0,0.34,9.8,18.7,235.20000000000002,8.0
LBRA_BES1,2026-06-19,3.6,-3.1,17.566,-5.320750000000007,12.245249999999992,41.772083333333335,39.62677083333333,2.1453125000000006,16,7,23,32.10274999999999,-19.857499999999998,69.6,0.71,200.0,6.7,4800.0,0.1
LEAKEY_RN,2026-06-19,0.0,-3.0,0.0,-8.232500000000005,-8.232500000000005,0.0,0.0,0.0,1,2,3,1.4774999999999991,-9.710000000000004,33.3,0.3,0.0,3.0,0.0,0.0
LFSTH_RN,2026-06-19,3.4000000000000004,-6.4,34.399,23.824000000000016,58.22300000000002,40.72083333333333,34.31739583333333,6.4034375,19,5,24,77.7895,-19.5665,79.2,1.05,9.9,9.8,237.60000000000002,4.1
LIGSW_RN,2026-06-19,3.4000000000000004,-3.5,33.231,9.851749999999992,43.08274999999999,40.43833333333333,34.2790625,6.159270833333333,19,5,24,66.48774999999999,-23.405000000000005,79.2,0.75,9.8,6.9,235.20000000000002,2.9
LILY_RN,2026-06-19,21.5,-88.4,196.06725,937.3420000000001,1133.4092500000002,40.32208333333333,34.31791666666667,6.004166666666667,19,5,24,1265.5892500000002,-132.18,79.2,2.52,50.0,109.9,1200.0,9.2
LK_RN,2026-06-19,0.0,0.0,0.0,0.0,0.0,0.0,0.0,0.0,0,0,0,0.0,0.0,0.0,0.0,0.0,0.0,0.0,0.0
LMO_ESR_RN,2026-06-19,3.6,-19.900000000000002,36.4125,212.67400000000004,249.08650000000003,41.001666666666665,34.726979166666666,6.2746875,19,5,24,268.925,-19.8385,79.2,3.57,100.0,23.500000000000004,2400.0,1.0
LONESTAR_RN,2026-06-19,3.7,-0.9000000000000001,9.402999999999997,-1.5270000000000015,7.875999999999997,46.88791666666666,46.69802083333334,0.18989583333333263,13,9,22,35.346,-27.470000000000006,59.1,0.89,9.9,4.6000000000000005,237.60000000000002,1.9
LON_RN1,2026-06-19,3.7,-45.4,-0.4022499999999978,207.9875,207.58525,42.513333333333335,44.49666666666667,-1.9833333333333332,13,11,24,240.96225,-33.377,54.2,6.11,174.0,49.1,4176.0,1.2
LOWR_ESS_RN,2026-06-19,2.6,-14.2,-2.0995000000000004,-95.4065,-97.506,30.909166666666668,38.52895833333333,-7.619791666666667,8,14,22,7.808000000000005,-105.31400000000002,36.4,0.13,29.0,16.8,696.0,2.4
LUCKYBLU_RN,2026-06-19,0.0,-32.0,0.0,316.06499999999994,316.06499999999994,0.0,0.0,0.0,9,0,9,316.06499999999994,0.0,100.0,99.99,100.0,32.0,2400.0,1.3
LYNX_ESS_RN,2026-06-19,0.0,0.0,0.0,0.0,0.0,0.0,0.0,0.0,0,0,0,0.0,0.0,0.0,0.0,20.0,0.0,480.0,0.0
LYSSY_RN,2026-06-19,72.1,-16.8,884.7772499999999,46.5635,931.3407499999998,40.83291666666667,39.98135416666667,0.8515624999999992,15,9,24,954.4067499999999,-23.06600000000002,62.5,24.83,0.0,88.89999999999999,0.0,0.0
L_FRE_ESR_RN,2026-06-19,4.3,-2.7,-3.6165,-43.316250000000004,-46.932750000000006,29.903750000000002,38.91166666666667,-9.007916666666667,5,18,23,5.48,-52.41275000000001,21.7,0.38,9.9,7.0,237.60000000000002,2.9
MADERO_RN,2026-06-19,2.0,0.0,-4.229999999999997,0.0,-4.229999999999997,1.2395833333333333,1.3277083333333333,-0.08812499999999994,0,1,1,0.0,-4.229999999999997,0.0,0.0,100.0,2.0,2400.0,0.1
MAINLAND_RN,2026-06-19,25.1,-1.7000000000000002,-62.59899999999996,-9.536249999999999,-72.13524999999996,46.39083333333334,46.45864583333333,-0.06781249999999961,15,8,23,118.218,-190.35324999999995,65.2,0.33,9.9,26.8,237.60000000000002,11.3
MEDILA_RN,2026-06-19,45.599999999999994,-28.7,1015.4449999999999,208.044,1223.489,43.60833333333333,39.982395833333335,3.6259375000000005,17,6,23,1241.0035,-17.514499999999998,73.9,25.01,0.0,74.3,0.0,0.0
MEDINA1_RN,2026-06-19,0.0,0.0,0.0,0.0,0.0,0.0,0.0,0.0,0,0,0,0.0,0.0,0.0,0.0,0.0,0.0,0.0,0.0
MESQUITE_RN,2026-06-19,0.0,-10.0,0.0,-438.625,-438.625,0.0,0.0,0.0,0,2,2,0.0,-438.625,0.0,0.0,9.9,10.0,237.60000000000002,4.2
MESQUITE_RN2,2026-06-19,5.5,-27.5,84.095,-126.43124999999999,-42.33624999999999,2.11,1.4729166666666667,0.6370833333333333,2,4,6,91.25874999999999,-133.595,33.3,1.37,0.0,33.0,0.0,0.0
MIDP_SLR_RN,2026-06-19,94.0,-38.1,996.2265000000001,289.14700000000005,1285.3735000000001,40.58166666666667,34.64541666666667,5.936250000000001,19,5,24,1304.948,-19.5745,79.2,17.54,50.9,132.1,1221.6,10.8
MIDWY_RN,2026-06-19,3.7,-0.9000000000000001,9.839249999999998,-1.6535000000000015,8.185749999999997,46.7925,46.608020833333335,0.1844791666666663,13,9,22,35.605500000000006,-27.419750000000008,59.1,0.9,9.9,4.6000000000000005,237.60000000000002,1.9
MILTON_RN,2026-06-19,45.599999999999994,-30.3,655.939,-39.63125,616.3077499999999,39.970416666666665,39.63458333333333,0.33583333333333315,15,9,24,707.0977499999999,-90.79000000000002,62.5,4.67,9.9,75.89999999999999,237.60000000000002,31.9
MNWL_BESS_RN,2026-06-19,3.4000000000000004,-35.5,36.382000000000005,492.868,529.25,41.293749999999996,34.31791666666667,6.975833333333334,18,5,23,552.3452500000001,-23.09525,78.3,6.64,9.9,38.9,237.60000000000002,16.4
MOORE_FL_RN,2026-06-19,31.7,-55.6,-152.904,-710.4415,-863.3455,29.60375,37.9965625,-8.3928125,5,16,21,56.48849999999998,-919.834,23.8,0.2,9.9,87.3,237.60000000000002,36.7
MUENSTER_RN,2026-06-19,20.0,-109.0,691.2750000000001,1559.725,2251.0,24.962500000000002,16.1871875,8.7753125,11,0,11,2251.0,0.0,100.0,99.99,9.9,129.0,237.60000000000002,54.3
MUSTNGCK_ALL,2026-06-19,50.9,-39.1,-30.780500000000025,107.40674999999993,76.62624999999991,37.497083333333336,40.31197916666667,-2.8148958333333334,10,14,24,196.0607499999999,-119.43449999999997,41.7,2.3,71.0,90.0,1704.0,5.3
MU_RN,2026-06-19,23.1,-11.4,364.19525,49.549500000000016,413.74475000000007,44.975833333333334,46.562083333333334,-1.5862499999999995,12,11,23,446.831,-33.08625000000001,52.2,12.38,9.9,34.5,237.60000000000002,14.5
MV_VALV4_RN,2026-06-19,0.0,0.0,0.0,0.0,0.0,0.0,0.0,0.0,0,0,0,0.0,0.0,0.0,0.0,9.9,0.0,237.60000000000002,0.0
MYRY_BES2_RN,2026-06-19,2.3000000000000003,-19.1,-5.136250000000004,-188.22525000000002,-193.3615,30.267500000000002,38.62708333333333,-8.359583333333333,6,16,22,8.347249999999999,-201.70875,27.3,0.11,9.9,21.400000000000002,237.60000000000002,9.0
MYRY_ESR_RN,2026-06-19,0.0,0.0,0.0,0.0,0.0,0.0,0.0,0.0,0,0,0,0.0,0.0,0.0,0.0,9.9,0.0,237.60000000000002,0.0
MYR_ALL,2026-06-19,31.9,-12.5,90.80524999999997,66.5885,157.39374999999995,3.817083333333333,3.4328125000000003,0.3842708333333332,8,0,8,157.39374999999995,0.0,100.0,99.99,76.3,44.4,1831.1999999999998,2.4
NCO_RN,2026-06-19,0.0,-0.1,0.0,-0.06475000000000009,-0.06475000000000009,2.646666666666667,2.228125,0.41854166666666676,0,1,1,0.0,-0.06475000000000009,0.0,0.0,38.8,0.1,931.1999999999999,0.0
NEDIN_RN,2026-06-19,0.0,0.0,0.0,0.0,0.0,0.0,0.0,0.0,0,0,0,0.0,0.0,0.0,0.0,0.0,0.0,0.0,0.0
NF_BRP_RN,2026-06-19,152.4,0.0,718.13,0.0,718.13,8.163333333333334,6.5571875,1.6061458333333334,5,1,6,731.8255,-13.69549999999995,83.3,10.69,100.5,152.4,2412.0,6.3
NOBLESLR_ALL,2026-06-19,140.7,-39.8,1872.95775,452.78049999999996,2325.73825,16.84958333333333,11.292604166666665,5.556979166666667,16,0,16,2325.73825,0.0,100.0,99.99,62.5,180.5,1500.0,12.0
NWF_NWF1,2026-06-19,363.5,-71.4,-4997.448,-768.8165000000002,-5766.2645,46.91041666666666,46.544999999999995,0.36541666666666633,13,11,24,285.47350000000006,-6051.738,54.2,0.04,36.0,434.9,864.0,50.3
N_AL_BESS_RN,2026-06-19,2.6,-31.400000000000002,-3.0024999999999995,-421.7605000000001,-424.7630000000001,30.690833333333334,38.54260416666667,-7.851770833333334,8,14,22,6.542999999999999,-431.30600000000004,36.4,0.03,9.9,34.0,237.60000000000002,14.3
N_MRD_ESR_RN,2026-06-19,2.6,-32.4,-3.17875,-12.269250000000017,-15.448000000000018,30.75375,38.638020833333336,-7.884270833333333,7,15,22,73.33274999999998,-88.78075,31.8,1.77,9.9,35.0,237.60000000000002,14.7
ODESW_RN,2026-06-19,3.7,-179.8,9.844750000000003,-1943.5285000000001,-1933.6837500000001,46.72416666666667,46.60270833333333,0.12145833333333418,13,11,24,238.83974999999992,-2172.5235,54.2,0.09,10.0,183.5,240.0,76.5
OLMITO_RN,2026-06-19,7.0,-16.0,-9.644999999999996,-191.60500000000002,-201.25,8.327916666666667,9.341145833333334,-1.0132291666666664,1,10,11,30.295,-231.54500000000002,9.1,1.31,0.0,23.0,0.0,0.0
OLNEYTN_RN,2026-06-19,0.0,-60.0,0.0,528.3,528.3,0.0,0.0,0.0,13,5,18,705.105,-176.805,72.2,1.53,9.9,60.0,237.60000000000002,25.3
OR_BESS_RN,2026-06-19,3.6,-1.0,6.686500000000003,-9.179000000000002,-2.4925000000000006,40.901666666666664,41.41760416666667,-0.5159374999999997,13,10,23,22.4315,-24.924000000000003,56.5,0.69,9.9,4.6,237.60000000000002,1.9
PAD1_ESS_RN,2026-06-19,3.6,-0.5,24.895,-2.1832500000000006,22.71175,43.94541666666667,39.75489583333333,4.190520833333333,15,6,21,34.591750000000005,-11.88,71.4,1.16,50.0,4.1,1200.0,0.3
PAD2_ESS_RN,2026-06-19,0.0,0.0,0.0,0.0,0.0,0.0,0.0,0.0,0,0,0,0.0,0.0,0.0,0.0,150.0,0.0,3600.0,0.0
PALACIOS_RN,2026-06-19,182.4,-7.300000000000001,-133.1927499999997,-157.77825,-290.9709999999997,38.96375,40.556979166666665,-1.593229166666666,13,11,24,1054.1787500000003,-1345.1497499999998,54.2,0.66,9.9,189.70000000000002,237.60000000000002,79.8
PALE_ESS_EN,2026-06-19,0.0,-49.1,0.0,364.13475,364.13475,0.0,0.0,0.0,12,1,13,384.18875,-20.054000000000006,92.3,1.6,200.0,49.1,4800.0,1.0
PAULN_RN,2026-06-19,14.4,-1.4000000000000001,142.99750000000003,-4.469750000000002,138.52775000000003,40.15333333333333,34.35947916666667,5.793854166666667,19,5,24,158.17925000000002,-19.651500000000002,79.2,2.12,9.9,15.8,237.60000000000002,6.6
PAVLOV_BT_RN,2026-06-19,3.6,-5.4,-0.7854999999999972,-0.4910000000000121,-1.2765000000000093,38.208333333333336,40.813125,-2.604791666666667,11,13,24,31.38749999999999,-32.664,45.8,1.14,9.9,9.0,237.60000000000002,3.8
PAVO_ESS_ALL,2026-06-19,0.0,-88.3,0.0,-1249.8207499999999,-1249.8207499999999,4.007083333333333,4.455729166666667,-0.44864583333333324,1,8,9,5.7375,-1255.55825,11.1,0.04,87.5,88.3,2100.0,4.2
PEARSALL_RN,2026-06-19,8.5,-11.0,33.227500000000006,36.217499999999966,69.44499999999996,3.0091666666666668,2.6615625,0.3476041666666667,4,0,4,69.44499999999996,0.0,100.0,99.99,9.9,19.5,237.60000000000002,8.2
PHO_ALL,2026-06-19,59.400000000000006,-8.4,140.1785000000001,55.938999999999986,196.11750000000006,10.577916666666667,10.12125,0.45666666666666655,8,1,9,210.92750000000007,-14.809999999999999,88.9,1.78,150.0,67.80000000000001,3600.0,1.9
PINEFRST_RN,2026-06-19,10.6,-19.4,103.83824999999999,133.46849999999998,237.30674999999997,40.36666666666667,34.226979166666666,6.139687499999998,19,5,24,260.74125,-23.434500000000007,79.2,2.93,200.0,30.0,4800.0,0.6
PIN_BESS_RN,2026-06-19,0.0,-106.5,0.0,138.16750000000016,138.16750000000016,0.0,0.0,0.0,5,6,11,286.7700000000001,-148.60249999999996,45.5,2.32,150.0,106.5,3600.0,3.0
PIRATE_RN,2026-06-19,59.8,-86.8,175.9325,-429.372,-253.4395,33.483333333333334,39.5853125,-6.101979166666666,7,17,24,414.91375,-668.3532500000001,29.2,1.51,9.8,146.6,235.20000000000002,62.3
PLATINUM_RN,2026-06-19,0.0,-11.1,0.0,138.14,138.14,2.6950000000000003,1.9360416666666669,0.7589583333333335,6,0,6,138.14,0.0,100.0,99.99,128.0,11.1,3072.0,0.4
POTEETS_RN,2026-06-19,8.5,-42.4,-2.698999999999991,-94.44574999999999,-97.14474999999999,35.81,39.97625,-4.16625,8,16,24,59.099000000000004,-156.24375,33.3,0.76,9.9,50.9,237.60000000000002,21.4
POTSVIL_RN,2026-06-19,256.9,-39.4,-596.7790000000003,-16.24274999999998,-613.0217500000003,40.89083333333333,35.25083333333333,5.640000000000001,19,5,24,1880.4684999999997,-2493.49025,79.2,0.2,9.9,296.29999999999995,237.60000000000002,124.7
PRCRK_RN,2026-06-19,5.4,-29.6,44.7055,346.73625000000004,391.44175,40.40541666666667,34.291666666666664,6.1137500000000005,19,5,24,414.845,-23.40325,79.2,4.66,9.9,35.0,237.60000000000002,14.7
PTLBES_BESS1,2026-06-19,162.7,-15.0,-1324.67,-16.630999999999993,-1341.301,36.089999999999996,40.183125,-4.093125000000001,9,15,24,163.18299999999996,-1504.484,37.5,0.18,6.0,177.7,144.0,123.4
PYR_PYRON1,2026-06-19,31.5,-12.0,396.21449999999993,380.81100000000004,777.0255,13.930833333333334,9.940416666666666,3.990416666666667,7,2,9,828.3254999999999,-51.29999999999998,77.8,4.61,15.1,43.5,362.4,12.0
QUEEN_BA_RN,2026-06-19,429.6,-71.9,-144.5510000000001,-161.4515,-306.00250000000005,47.20916666666667,47.18072916666667,0.0284374999999996,13,11,24,3095.3295,-3401.332,54.2,0.77,50.0,501.5,1200.0,41.8
RADN_SLR_ALL,2026-06-19,69.9,-13.1,-567.42025,102.5375,-464.88275,41.318333333333335,36.065625000000004,5.2527083333333335,18,6,24,410.17975,-875.0625000000001,75.0,0.16,81.9,83.0,1965.6000000000001,4.2
RBN_BESS1,2026-06-19,3.6,-1.1,7.164500000000004,-8.97975,-1.8152499999999971,41.124583333333334,41.50447916666666,-0.3798958333333327,13,11,24,23.088500000000003,-24.903750000000002,54.2,0.78,100.0,4.7,2400.0,0.2
RHESS2_ESS1,2026-06-19,38.1,-72.2,86.79975000000002,785.3684999999999,872.16825,8.105416666666667,6.475104166666667,1.6303125000000003,12,1,13,892.75825,-20.590000000000003,92.3,3.61,9.9,110.30000000000001,237.60000000000002,46.4
RIOG_ESR2_RN,2026-06-19,0.1,-15.3,-1.9525,-416.00225,-417.95475,12.097499999999998,16.152916666666666,-4.055416666666667,2,5,7,9.508000000000004,-427.46275,28.6,0.06,0.0,15.4,0.0,0.0
RIOG_ESR_RN,2026-06-19,0.0,0.0,0.0,0.0,0.0,0.0,0.0,0.0,0,0,0,0.0,0.0,0.0,0.0,9.9,0.0,237.60000000000002,0.0
RN_BY_ESR1,2026-06-19,0.0,-10.0,0.0,25.124999999999993,25.124999999999993,0.0,0.0,0.0,2,0,2,25.124999999999993,0.0,100.0,99.99,0.0,10.0,0.0,0.0
RN_PAD3_ESS,2026-06-19,0.0,-22.0,0.0,113.64374999999998,113.64374999999998,0.0,0.0,0.0,4,0,4,113.64374999999998,0.0,100.0,99.99,0.0,22.0,0.0,0.0
RN_QTUM_SLR,2026-06-19,561.4,0.0,7832.3825,0.0,7832.3825,8.664166666666667,5.2562500000000005,3.4079166666666665,5,0,5,7832.382499999999,0.0,100.0,99.99,160.0,561.4,3840.0,14.6
RN_RHN_ESR,2026-06-19,0.0,-33.0,0.0,-385.63250000000005,-385.63250000000005,0.0,0.0,0.0,2,4,6,63.68999999999998,-449.32250000000005,33.3,0.28,200.0,33.0,4800.0,0.7
RN_SOLC_SLR,2026-06-19,505.3,-64.0,7316.76775,1588.395,8905.16275,7.234166666666667,4.231770833333333,3.0023958333333334,9,0,9,8905.162750000001,0.0,100.0,99.99,160.0,569.3,3840.0,14.8
ROSELAND_ALL,2026-06-19,248.4,-222.0,2288.2794999999996,-1215.8542499999999,1072.4252499999998,40.70083333333333,35.01177083333334,5.6890624999999995,19,5,24,3101.1514999999995,-2028.7262499999997,79.2,0.4,50.0,470.4,1200.0,39.2
RPUBRDS_RN,2026-06-19,3.6,-3.1,33.2255,32.344750000000005,65.57025,40.91375,35.26291666666666,5.650833333333334,19,5,24,85.19075000000001,-19.6205,79.2,1.14,39.5,6.7,948.0,0.7
RRANCHES_ALL,2026-06-19,63.400000000000006,-265.9,493.32775,-2327.1307500000003,-1833.8030000000003,46.9575,47.0328125,-0.07531250000000049,12,12,24,946.0182499999999,-2779.8212500000004,50.0,0.34,150.0,329.29999999999995,3600.0,9.1
RRC_WIND_ALL,2026-06-19,12.5,-14.0,-63.15049999999998,125.92474999999996,62.77425,40.1425,33.5725,6.57,19,5,24,277.75275,-214.97849999999997,79.2,0.34,75.0,26.5,1800.0,1.5
RTLSNAKE_BT,2026-06-19,0.1,-6.9,-1.3929999999999993,-170.26500000000001,-171.65800000000002,5.32625,5.989375,-0.6631249999999996,0,4,4,0.0,-171.65800000000002,0.0,0.0,9.9,7.0,237.60000000000002,2.9
RUSSEKST_RN,2026-06-19,107.1,-83.1,-3262.6225000000004,-905.1215000000001,-4167.744000000001,64.60541666666667,73.09885416666667,-8.493437500000002,17,7,24,2504.121,-6671.865000000001,70.8,0.15,9.9,190.2,237.60000000000002,80.1
RVRVLYS_ALL,2026-06-19,33.8,-1.1,103.04349999999995,-6.933750000000004,96.10974999999995,42.0325,37.81427083333333,4.218229166666666,18,5,23,115.32274999999996,-19.213000000000008,78.3,1.67,50.0,34.9,1200.0,2.9
SADLBACK_RN,2026-06-19,16.3,-0.9000000000000001,112.98325000000003,-1.4599999999999984,111.52325000000003,46.97833333333333,46.8225,0.1558333333333337,13,9,22,151.15200000000002,-39.62874999999999,59.1,2.64,9.9,17.2,237.60000000000002,7.2
SAH_RN,2026-06-19,0.0,0.0,0.0,0.0,0.0,0.0,0.0,0.0,0,0,0,0.0,0.0,0.0,0.0,200.0,0.0,4800.0,0.0
SANDLAKE_RN,2026-06-19,0.0,-24.0,0.0,-105.64500000000004,-105.64500000000004,0.0,0.0,0.0,5,9,14,81.20500000000001,-186.85000000000005,35.7,0.78,9.9,24.0,237.60000000000002,10.1
SBEAN_BESS,2026-06-19,3.7,-0.9000000000000001,9.278749999999999,-1.5282499999999986,7.7505,46.85833333333333,46.693645833333335,0.16468749999999974,13,9,22,35.2915,-27.541,59.1,0.89,9.9,4.6000000000000005,237.60000000000002,1.9
SEVNF_ES_RN,2026-06-19,24.0,-106.0,-555.405,-2120.68,-2676.085,12.446666666666667,21.83875,-9.392083333333334,3,15,18,39.79375000000006,-2715.8787499999994,16.7,0.07,100.0,130.0,2400.0,5.4
SGSA_DGR,2026-06-19,0.0,0.0,0.0,0.0,0.0,0.0,0.0,0.0,0,0,0,0.0,0.0,0.0,0.0,9.9,0.0,237.60000000000002,0.0
SG_BES_BESS1,2026-06-19,256.9,-268.2,-450.55575,-3581.327999999999,-4031.883749999999,16.468333333333334,14.512708333333334,1.9556249999999997,6,9,15,1287.17825,-5319.061999999999,40.0,0.36,100.0,525.0999999999999,2400.0,21.9
SHAMROCK_RN,2026-06-19,1150.9,-46.0,-4756.560000000001,109.30000000000003,-4647.26,43.947916666666664,44.13552083333334,-0.18760416666666657,13,11,24,7159.58375,-11806.843750000002,54.2,0.51,99.3,1196.9,2383.2,50.2
SHEEPCRK_1,2026-06-19,231.29999999999998,-9.3,-231.7434999999998,107.67274999999998,-124.0707499999998,40.1425,33.5725,6.57,19,5,24,2184.1925,-2308.26325,79.2,0.25,135.0,240.6,3240.0,7.4
SLCN_ESS_ALL,2026-06-19,3.6,-6.1000000000000005,27.656,12.045999999999994,39.70199999999999,42.39125,37.99947916666667,4.391770833333333,16,7,23,58.909,-19.207000000000008,69.6,1.34,50.0,9.700000000000001,1200.0,0.8
SLK_BESS_RN,2026-06-19,0.0,0.0,0.0,0.0,0.0,0.0,0.0,0.0,0,0,0,0.0,0.0,0.0,0.0,200.0,0.0,4800.0,0.0
SMTH_ESS_RN,2026-06-19,19.900000000000002,-1.5,289.65275,-7.498000000000003,282.15475000000004,40.36083333333333,34.279375,6.081458333333333,19,5,24,305.57925,-23.424500000000002,79.2,3.43,125.0,21.400000000000002,3000.0,0.7
SNY_BESS_RN,2026-06-19,33.7,-139.1,-1044.8692499999997,660.6662500000001,-384.20299999999986,45.215,40.370416666666664,4.8445833333333335,14,7,21,1215.2462499999997,-1599.4492499999994,66.7,0.38,9.9,172.8,237.60000000000002,72.7
SPTX12B_RN,2026-06-19,10.0,-150.6,63.2975,-1412.5342500000002,-1349.2367500000003,12.460833333333333,11.568854166666666,0.8919791666666667,9,10,19,460.75274999999993,-1809.9895000000001,47.4,0.28,25.0,160.6,600.0,26.8
SP_RN,2026-06-19,27.9,-11.8,318.90725,59.23750000000002,378.14475000000004,47.9025,49.50541666666666,-1.6029166666666665,13,9,22,480.50925000000007,-102.36449999999998,59.1,3.25,9.9,39.7,237.60000000000002,16.7
SROSA_ESR_RN,2026-06-19,3.3000000000000003,-20.7,-17.071999999999996,-74.60050000000001,-91.67250000000001,30.08,38.84791666666667,-8.767916666666666,5,18,23,16.43550000000001,-108.108,21.7,0.55,9.9,24.0,237.60000000000002,10.1
STADIUM_RN,2026-06-19,33.0,-46.5,-166.765,-414.83624999999995,-581.6012499999999,22.50375,26.117708333333336,-3.6139583333333327,6,15,21,89.95750000000002,-671.5587499999998,28.6,0.33,9.9,79.5,237.60000000000002,33.5
STAM_SLR_ALL,2026-06-19,19.6,-45.3,186.79749999999996,396.82474999999994,583.6222499999999,40.362500000000004,34.2215625,6.1409375,19,5,24,603.29075,-19.668500000000005,79.2,8.07,70.0,64.9,1680.0,3.9
STRG_SLR_ALL,2026-06-19,10.7,-38.6,84.73950000000002,197.8675,282.607,41.43625,37.61354166666667,3.8227083333333347,19,5,24,305.60475,-22.997750000000003,79.2,3.5,100.0,49.3,2400.0,2.1
SUNVASLR_ALL,2026-06-19,182.5,-42.6,1810.58675,328.54975,2139.1365,40.556666666666665,34.6878125,5.868854166666668,19,5,24,2158.718,-19.5815,79.2,29.01,53.3,225.1,1279.1999999999998,17.6
SWOOSE1_U1,2026-06-19,10.3,-6.1000000000000005,-20.94199999999998,-92.61874999999999,-113.56074999999997,46.90875,46.99375,-0.08499999999999996,12,11,23,58.01549999999999,-171.57624999999996,52.2,0.31,9.9,16.400000000000002,237.60000000000002,6.9
SWOOSEII_RN,2026-06-19,0.0,-44.0,0.0,-791.7957499999998,-791.7957499999998,3.9633333333333334,4.324270833333333,-0.3609375000000001,0,5,5,0.0,-791.7957499999998,0.0,0.0,100.0,44.0,2400.0,1.8
SWT_BESS_RN,2026-06-19,27.1,-31.2,260.624,-267.23949999999996,-6.615499999999987,45.185,40.563229166666666,4.621770833333334,14,8,22,366.45775,-373.0732499999999,63.6,0.56,9.9,58.3,237.60000000000002,24.5
TANZ_ESS_RN,2026-06-19,0.0,0.0,0.0,0.0,0.0,0.0,0.0,0.0,0,0,0,0.0,0.0,0.0,0.0,0.0,0.0,0.0,0.0
TBWF_ES_BES1,2026-06-19,49.7,-75.39999999999999,-194.22050000000007,-1061.052,-1255.2725,11.770416666666668,11.738437500000002,0.03197916666666615,2,9,11,154.22324999999992,-1409.49575,18.2,0.49,150.0,125.1,3600.0,3.5
TDWLPR_1_RN,2026-06-19,0.0,-7.1,0.0,17.897750000000002,17.897750000000002,2.7383333333333333,2.129166666666667,0.6091666666666665,2,0,2,17.897750000000002,0.0,100.0,99.99,100.0,7.1,2400.0,0.3
TNFS_RN,2026-06-19,0.0,0.0,0.0,0.0,0.0,0.0,0.0,0.0,0,0,0,0.0,0.0,0.0,0.0,9.9,0.0,237.60000000000002,0.0
TORR_ALL,2026-06-19,759.6,-34.4,-15156.300249999998,-162.80499999999992,-15319.105249999999,25.04958333333333,34.26447916666667,-9.214895833333333,7,17,24,218.57150000000007,-15537.676749999999,29.2,0.03,0.0,794.0,0.0,0.0
TORT_ESS_RN,2026-06-19,0.0,0.0,0.0,0.0,0.0,0.0,0.0,0.0,0,0,0,0.0,0.0,0.0,0.0,50.0,0.0,1200.0,0.0
TOYAH_RN,2026-06-19,0.0,-5.800000000000001,0.0,11.83525000000001,11.83525000000001,0.0,0.0,0.0,1,1,2,45.907750000000014,-34.072500000000005,50.0,1.35,9.9,5.800000000000001,237.60000000000002,2.4
TRIPBUT1_RN,2026-06-19,9.4,-6.3,-13.83450000000001,-114.1805,-128.015,47.430416666666666,47.5075,-0.07708333333333428,12,11,23,54.29149999999999,-182.3065,52.2,0.27,7.5,15.7,180.0,8.7
TSECA_ES_RN,2026-06-19,29.1,0.0,249.01350000000005,0.0,249.01350000000005,7.44875,6.341458333333333,1.1072916666666668,2,0,2,249.01350000000008,0.0,100.0,99.99,100.0,29.1,2400.0,1.2
TURQ_BESS1,2026-06-19,15.5,-1.0,-81.1475,14.950000000000003,-66.19749999999999,13.134583333333333,14.3025,-1.1679166666666667,6,3,9,91.16250000000002,-157.36,66.7,0.29,188.0,16.5,4512.0,0.4
TV_RN,2026-06-19,3.8000000000000003,-1.0,-8.433500000000006,-9.031500000000001,-17.465000000000007,40.82083333333333,44.459375,-3.6385416666666672,12,12,24,22.537,-40.001999999999995,50.0,0.56,9.8,4.800000000000001,235.20000000000002,2.0
TYNAN_RN,2026-06-19,2.6,-4.0,-1.8385000000000025,-39.461499999999994,-41.3,34.058749999999996,39.4934375,-5.4346875,8,14,22,9.349499999999999,-50.649499999999996,36.4,0.32,9.9,6.6,237.60000000000002,2.8
UTOPIA_RN,2026-06-19,50.0,-68.0,514.775,61.33249999999993,576.1075,28.39375,22.820520833333333,5.573229166666667,10,4,14,1006.17,-430.0625,71.4,0.94,9.9,118.0,237.60000000000002,49.7
VERT_ESS_RN,2026-06-19,0.0,0.0,0.0,0.0,0.0,0.0,0.0,0.0,0,0,0,0.0,0.0,0.0,0.0,200.0,0.0,4800.0,0.0
VORT_ALL_RN,2026-06-19,82.8,-45.5,805.768,289.93699999999995,1095.705,39.90208333333333,33.629375,6.272708333333334,19,5,24,1313.635,-217.92999999999998,79.2,1.59,121.8,128.3,2923.2,4.4
WAL_RN,2026-06-19,3.6,-11.100000000000001,9.527499999999998,34.22799999999999,43.755499999999984,41.13833333333333,40.98322916666667,0.15510416666666593,15,9,24,66.42949999999998,-22.674,62.5,1.76,200.0,14.700000000000001,4800.0,0.3
WFTANK_ESS1,2026-06-19,4.7,-102.1,-22.037,-1203.01425,-1225.05125,28.870416666666667,38.82177083333333,-9.951354166666667,7,17,24,36.046499999999995,-1261.09775,29.2,0.07,150.0,106.8,3600.0,3.0
WIG_BESS_RN,2026-06-19,6.0,-39.3,-70.5,497.067,426.567,4.9558333333333335,6.4245833333333335,-1.46875,11,2,13,508.73699999999997,-82.17,84.6,1.13,120.0,45.3,2880.0,1.6
WLTC_ESR_RN,2026-06-19,2.0,-2.2,-5.363000000000001,-28.7435,-34.106500000000004,29.682916666666667,38.228229166666665,-8.5453125,6,15,21,2.805999999999999,-36.91250000000001,28.6,0.19,9.9,4.2,237.60000000000002,1.8
WOV_BESS_RN,2026-06-19,3.8000000000000003,-62.1,9.397249999999994,-915.2727500000001,-905.8755000000001,46.73416666666666,46.56312500000001,0.17104166666666565,13,11,24,49.298749999999984,-955.1742500000001,54.2,0.04,9.9,65.9,237.60000000000002,27.7
WRSBES_BESS1,2026-06-19,0.0,0.0,0.0,0.0,0.0,0.0,0.0,0.0,0,0,0,0.0,0.0,0.0,0.0,9.7,0.0,232.79999999999998,0.0
WR_RN,2026-06-19,3.6,-1.1,4.3370000000000015,-9.75575,-5.41875,40.35791666666667,41.48385416666667,-1.1259375000000003,14,10,24,20.858750000000004,-26.277500000000003,58.3,0.57,9.9,4.7,237.60000000000002,2.0
WZRD_ESS_RN,2026-06-19,16.6,-5.6,-9.125750000000032,33.10225,23.976499999999966,14.001249999999999,13.446041666666666,0.5552083333333327,4,2,6,134.21974999999998,-110.24325000000002,66.7,0.61,150.0,22.200000000000003,3600.0,0.6
W_HRL_ESR_RN,2026-06-19,0.0,0.0,0.0,0.0,0.0,0.0,0.0,0.0,0,0,0,0.0,0.0,0.0,0.0,9.9,0.0,237.60000000000002,0.0
X443ESRN,2026-06-19,3.6,-0.5,24.4175,-2.015499999999998,22.402,44.00375,39.85375,4.1499999999999995,15,6,21,34.218,-11.816,71.4,1.16,10.0,4.1,240.0,1.7
Z0_DGR2_RN,2026-06-19,0.0,0.0,0.0,0.0,0.0,0.0,0.0,0.0,0,0,0,0.0,0.0,0.0,0.0,9.9,0.0,237.60000000000002,0.0
ZIER_SLR_ALL,2026-06-19,389.2,-184.5,1527.4762499999997,-1785.9810000000002,-258.50475000000023,46.569583333333334,46.89447916666666,-0.3248958333333339,12,12,24,2509.5285,-2768.0332500000004,50.0,0.91,40.0,573.7,960.0,59.8
ABINDUST_RN,2026-06-20,7.0,-8.200000000000001,33.507999999999996,-47.46474999999999,-13.956749999999996,29.4525,26.74145833333333,2.7110416666666666,11,13,24,41.792249999999996,-55.749,45.8,0.89,9.9,15.200000000000001,237.60000000000002,6.4
ADL_RN,2026-06-20,17.3,-6.3,24.8725,-12.222000000000008,12.650499999999989,32.94583333333333,28.82604166666667,4.119791666666667,18,6,24,72.66199999999999,-60.0115,75.0,0.4,60.0,23.6,1440.0,1.6
AE_RN,2026-06-20,4.9,-44.8,15.87175,-159.16025000000002,-143.2885,31.742500000000003,28.238333333333333,3.5041666666666664,16,8,24,23.4045,-166.69299999999998,66.7,0.07,9.9,49.699999999999996,237.60000000000002,20.9
ALAMO_ST_RN,2026-06-20,0.0,0.0,0.0,0.0,0.0,1.9533333333333331,2.0959375000000002,-0.14260416666666678,0,0,0,0.0,0.0,0.0,0.0,9.9,0.0,237.60000000000002,0.0
ALP_BESS_RN,2026-06-20,19.2,-24.9,-56.492250000000055,228.79874999999998,172.30649999999991,48.384166666666665,51.3478125,-2.963645833333334,10,13,23,426.74875,-254.44225000000006,43.5,2.18,100.3,44.099999999999994,2407.2,1.8
ALVIN_RN,2026-06-20,11.200000000000001,-45.6,-50.63975000000001,-1088.758,-1139.39775,33.34291666666667,32.40125,0.9416666666666664,18,6,24,147.23675,-1286.6345000000001,75.0,0.04,7.5,56.800000000000004,180.0,31.6
AMAD_ESS_RN,2026-06-20,3.0,0.0,32.745,0.0,32.745,3.6283333333333334,3.1843749999999997,0.44395833333333323,1,0,1,32.745,0.0,100.0,99.99,0.0,3.0,0.0,0.0
ANCHOR_ALL,2026-06-20,136.9,-86.4,-261.1089999999999,501.3245000000001,240.21550000000022,27.224166666666665,25.257291666666664,1.9668750000000002,11,13,24,955.4622500000002,-715.24675,45.8,1.58,36.3,223.3,871.1999999999999,25.6
ANDMDSLR_ALL,2026-06-20,114.4,-36.1,-379.81874999999997,371.16274999999996,-8.65600000000002,25.142083333333332,24.381874999999997,0.7602083333333337,10,14,24,496.50224999999995,-505.15825000000007,41.7,1.38,81.9,150.5,1965.6000000000001,7.7
ANEM_ESS_RN,2026-06-20,3.0,-16.5,13.507500000000014,9.721249999999971,23.228749999999984,31.147916666666664,28.064791666666668,3.0831249999999994,2,2,4,37.1575,-13.928750000000013,50.0,2.67,200.0,19.5,4800.0,0.4
ANG_ALL,2026-06-20,422.0,-38.4,-1217.8232499999997,369.00999999999993,-848.8132499999997,30.568749999999998,28.681458333333335,1.887291666666667,10,14,24,571.7745,-1420.58775,41.7,0.56,100.0,460.4,2400.0,19.2
ANOL_ESS_RN,2026-06-20,7.800000000000001,0.0,43.84000000000002,0.0,43.84000000000002,29.737083333333334,25.9725,3.764583333333333,14,10,24,48.12300000000002,-4.283000000000001,58.3,8.03,240.0,7.800000000000001,5760.0,0.1
ANTL_ESS_ES1,2026-06-20,9.600000000000001,-87.4,68.56649999999999,882.8715000000001,951.4380000000001,35.75625,30.394583333333333,5.361666666666667,11,13,24,1055.7875000000001,-104.3495,45.8,11.96,70.0,97.0,1680.0,5.8
APPLE_ESR_RN,2026-06-20,6.0,-71.0,13.89749999999998,172.68750000000003,186.585,8.86125,7.625625,1.2356249999999995,7,9,16,354.9099999999999,-168.325,43.8,2.71,0.0,77.0,0.0,0.0
ARY_BESS_RN,2026-06-20,3.0,-81.0,31.724999999999998,163.11750000000006,194.84250000000006,3.49375,3.7517708333333335,-0.2580208333333333,12,6,18,325.1625000000001,-130.32,66.7,1.25,0.0,84.0,0.0,0.0
AVIL_ESS_RN,2026-06-20,2.8000000000000003,-2.2,-0.9655000000000009,28.569250000000007,27.60375000000001,35.803333333333335,31.500833333333333,4.302500000000001,11,12,23,37.463750000000005,-9.860000000000001,47.8,4.14,160.0,5.0,3840.0,0.1
AZURE_RN,2026-06-20,136.8,-38.0,-651.92975,213.93599999999998,-437.99375000000003,26.072083333333335,24.842916666666667,1.2291666666666663,11,13,24,370.37924999999996,-808.373,45.8,0.54,77.6,174.8,1862.3999999999999,9.4
BATCAVE_RN,2026-06-20,107.2,-198.9,1241.69475,453.3944999999999,1695.08925,36.30125,28.186875,8.114375,17,7,24,2097.36675,-402.2775000000001,70.8,2.15,100.5,306.1,2412.0,12.7
BAYC_BESS_RN,2026-06-20,5.0,0.0,17.28025,0.0,17.28025,31.437916666666666,27.7059375,3.7319791666666666,16,8,24,23.192999999999998,-5.91275,66.7,1.96,9.9,5.0,237.60000000000002,2.1
BCK_RN,2026-06-20,1940.5,-383.3,-5111.670500000001,-182.8584999999995,-5294.5289999999995,30.934166666666666,27.313333333333333,3.6208333333333336,14,10,24,620.542,-5915.071,58.3,0.07,126.5,2323.8,3036.0,76.5
BCNV2_ES_RN,2026-06-20,6.0,0.0,47.654999999999994,0.0,47.654999999999994,3.945,4.398125,-0.45312500000000017,2,0,2,47.654999999999994,0.0,100.0,99.99,0.0,6.0,0.0,0.0
BCNV_RN,2026-06-20,8.5,0.0,70.70375000000001,0.0,70.70375000000001,5.002083333333333,6.040729166666666,-1.0386458333333337,2,0,2,70.70375000000001,0.0,100.0,99.99,150.0,8.5,3600.0,0.2
BEXAR_ES_RN,2026-06-20,511.40000000000003,-16.6,4557.090999999999,28.812999999999988,4585.9039999999995,31.726666666666663,28.1940625,3.5326041666666654,15,9,24,4599.194749999999,-13.290750000000003,62.5,207.63,100.0,528.0,2400.0,22.0
BIGSTAR_ALL,2026-06-20,25.8,-177.5,10.119250000000015,-173.3142499999998,-163.19499999999977,31.63875,27.998125,3.6406250000000004,16,8,24,411.17125,-574.3662499999998,66.7,0.36,80.0,203.3,1920.0,10.6
BKSL_RN,2026-06-20,6.4,-38.0,51.9235,77.28099999999999,129.2045,24.995833333333334,24.3959375,0.5998958333333334,10,12,22,225.65599999999995,-96.45149999999998,45.5,2.81,100.0,44.4,2400.0,1.8
BLACKSPR_RN,2026-06-20,6.0,-68.0,101.82750000000001,748.6,850.4275,3.4983333333333335,2.0840625,1.4142708333333334,13,0,13,850.4274999999999,0.0,100.0,99.99,120.0,74.0,2880.0,2.6
BLSMT1_5_A_6,2026-06-20,110.0,-121.1,-782.6552499999999,631.938,-150.71725,26.310000000000002,25.05125,1.25875,11,13,24,783.01525,-933.7325000000001,45.8,0.99,150.0,231.1,3600.0,6.4
BLUEJAY_RN,2026-06-20,61.9,-80.0,-84.826,-64.97575000000006,-149.80175000000003,12.30375,12.664166666666667,-0.3604166666666668,4,10,14,123.58925000000002,-273.3910000000001,28.6,1.13,50.0,141.9,1200.0,11.8
BLVN_RN,2026-06-20,670.3,-59.4,-657.1605000000003,333.51599999999996,-323.6445000000003,30.13625,26.12125,4.015,15,9,24,890.722,-1214.3665000000003,62.5,0.44,180.0,729.6999999999999,4320.0,16.9
BOCO_ESS_RN,2026-06-20,18.2,-6.1000000000000005,-159.547,44.54025000000002,-115.00674999999998,29.920416666666668,26.906666666666666,3.0137499999999995,11,12,23,67.30175000000001,-182.3085,47.8,0.4,150.0,24.3,3600.0,0.7
BRHEIGHT_RN,2026-06-20,26.8,0.0,-99.15225000000001,0.0,-99.15225000000001,34.0075,32.6421875,1.3653125000000008,18,6,24,164.03750000000002,-263.18975,75.0,0.21,10.0,26.8,240.0,11.2
BRPANGLE_RN,2026-06-20,3.0,-11.0,18.532499999999995,13.820000000000004,32.3525,2.4637499999999997,2.3519791666666667,0.11177083333333322,3,1,4,32.3775,-0.024999999999995026,75.0,431.7,10.0,14.0,240.0,5.8
BRPMAGNO_RN,2026-06-20,36.5,-58.5,-105.04200000000004,-29.26624999999998,-134.30825000000002,33.83875,32.5803125,1.2584375,18,6,24,408.46000000000004,-542.7682500000001,75.0,0.25,7.5,95.0,180.0,52.8
BRP_BRAZ_RN,2026-06-20,7.9,0.0,35.314750000000004,0.0,35.314750000000004,31.49416666666667,27.764583333333334,3.7295833333333337,17,7,24,41.089000000000006,-5.77425,70.8,2.93,10.0,7.9,240.0,3.3
BRP_DIKN_RN,2026-06-20,12.6,0.0,125.77175,0.0,125.77175,14.021666666666667,11.262500000000001,2.7591666666666668,8,1,9,126.547,-0.7752499999999998,88.9,20.4,10.0,12.6,240.0,5.2
BRP_LOOP_RN,2026-06-20,3.0,-141.6,53.44499999999999,1158.533,1211.9779999999998,5.607083333333333,4.672395833333334,0.9346874999999999,9,1,10,1225.1899999999998,-13.212000000000007,90.0,10.3,10.0,144.6,240.0,60.2
BRP_LOP1_RN,2026-06-20,82.4,-6.0,386.32399999999984,-11.2275,375.0964999999999,10.477083333333333,10.359270833333333,0.11781249999999988,4,4,8,499.3824999999998,-124.28599999999994,50.0,4.02,10.0,88.4,240.0,36.8
BRP_PBL1_RN,2026-06-20,48.099999999999994,-29.0,147.63499999999993,355.97999999999996,503.6149999999999,8.757916666666667,7.007083333333334,1.7508333333333332,6,3,9,546.193,-42.57800000000003,66.7,6.41,10.0,77.1,240.0,32.1
BRP_PBL2_RN,2026-06-20,3.0,0.0,38.48249999999999,0.0,38.48249999999999,2.70375,2.4844791666666666,0.21927083333333316,1,0,1,38.48249999999999,0.0,100.0,99.99,10.0,3.0,240.0,1.2
BRP_RN_UNIT1,2026-06-20,8.4,-0.1,27.6105,0.5602499999999999,28.170749999999998,31.86125,28.2284375,3.6328125,16,8,24,37.32175,-9.151000000000002,66.7,2.04,10.0,8.5,240.0,3.5
BRP_SWNY_RN,2026-06-20,0.1,0.0,-0.6379999999999999,0.0,-0.6379999999999999,1.9208333333333334,2.3115625,-0.39072916666666657,0,1,1,0.0,-0.6379999999999999,0.0,0.0,10.0,0.1,240.0,0.0
BRP_ZPT1_RN,2026-06-20,0.0,-5.1,0.0,-20.66025,-20.66025,3.5383333333333336,3.604479166666667,-0.06614583333333357,1,3,4,0.7122500000000003,-21.372500000000002,25.0,0.1,7.5,5.1,180.0,2.8
BRP_ZPT2_RN,2026-06-20,92.1,-2.3,711.865,4.311250000000001,716.17625,29.697916666666668,27.9134375,1.7844791666666662,14,9,23,723.3395,-7.163250000000002,60.9,64.92,7.5,94.39999999999999,180.0,52.4
BR_ARROW_ALL,2026-06-20,44.8,-126.1,42.93275000000001,433.89200000000005,476.82475000000005,29.62125,25.794479166666665,3.8267708333333332,14,10,24,652.4704999999999,-175.64574999999994,58.3,2.65,51.7,170.89999999999998,1240.8000000000002,13.8
BSS_U1,2026-06-20,23.099999999999998,-26.6,11.379500000000029,83.4575,94.83700000000003,32.1175,27.777604166666666,4.339895833333333,17,7,24,160.06099999999998,-65.22399999999995,70.8,1.01,9.9,49.7,237.60000000000002,20.9
BUDA_RN,2026-06-20,14.0,-3.0,87.70999999999998,-10.014999999999997,77.69499999999998,10.697083333333333,9.356354166666668,1.3407291666666665,8,2,10,90.68249999999998,-12.987499999999997,80.0,1.75,9.9,17.0,237.60000000000002,7.2
BYP_RN,2026-06-20,3.0,-99.0,25.222499999999997,825.65,850.8725,1.7837500000000002,1.4334375000000001,0.35031249999999997,8,1,9,857.555,-6.682499999999999,88.9,16.04,200.0,102.0,4800.0,2.1
BYRDR_ES_ALL,2026-06-20,3.0,0.0,34.800000000000004,0.0,34.800000000000004,4.886666666666667,4.4296875,0.4569791666666669,1,0,1,34.800000000000004,0.0,100.0,99.99,50.0,3.0,1200.0,0.2
CACH_ESS_RN,2026-06-20,11.600000000000001,-5.0,77.97975000000002,0.7000000000000028,78.67975000000003,31.95625,28.126875,3.829375,17,7,24,87.79750000000003,-9.117750000000001,70.8,3.97,200.0,16.6,4800.0,0.3
CAMWIND_RN,2026-06-20,12.4,-240.5,10.984249999999992,118.72574999999989,129.7099999999999,30.999166666666667,28.048437500000002,2.9507291666666666,17,7,24,514.3784999999999,-384.66850000000005,70.8,0.55,16.4,252.9,393.59999999999997,64.3
CARA_ESS_RN,2026-06-20,6.0,-19.0,65.94,-97.6925,-31.752499999999994,4.3374999999999995,3.5090625,0.8284375,3,4,7,65.975,-97.72749999999999,42.9,0.9,98.3,25.0,2359.2,1.1
CARN_ESS_RN,2026-06-20,11.0,-11.3,82.2955,-16.143749999999994,66.15175,30.618333333333336,28.00197916666667,2.616354166666667,16,8,24,96.98450000000001,-30.832750000000004,66.7,1.57,150.0,22.3,3600.0,0.6
CARRIZO_ESR1,2026-06-20,153.89999999999998,-1.0,659.6297500000001,10.538750000000002,670.1685,33.63833333333333,28.519166666666667,5.119166666666667,16,8,24,957.0729999999999,-286.9044999999999,66.7,1.67,9.8,154.89999999999998,235.20000000000002,65.9
CARTWHL_RN,2026-06-20,6.0,0.0,43.139999999999986,0.0,43.139999999999986,3.9858333333333333,3.375625,0.6102083333333331,2,0,2,43.139999999999986,0.0,100.0,99.99,150.0,6.0,3600.0,0.2
CASL_GAP_UN1,2026-06-20,122.8,-49.4,-362.27500000000003,571.495,209.22,35.79958333333334,31.634687500000002,4.164895833333333,12,12,24,763.98875,-554.7687500000001,50.0,1.38,1.9,172.2,45.599999999999994,377.6
CAST_ESS_RN,2026-06-20,3.0,-71.0,34.800000000000004,405.095,439.895,1.51,1.0266666666666666,0.4833333333333334,15,4,19,459.42,-19.525,78.9,6.27,163.0,74.0,3912.0,1.9
CATARINA_B1,2026-06-20,30.0,-297.8,-79.02375000000004,3060.0445000000004,2981.0207500000006,34.593333333333334,28.467812499999997,6.125520833333334,16,8,24,3415.2887500000006,-434.26800000000003,66.7,3.93,9.9,327.8,237.60000000000002,138.0
CEDRVALE_RN,2026-06-20,3.2,-11.200000000000001,-0.7235000000000011,126.29199999999994,125.56849999999994,35.469166666666666,31.809479166666666,3.6596875,9,13,22,134.79599999999994,-9.2275,40.9,21.1,9.9,14.400000000000002,237.60000000000002,6.1
CFLAT_ES_RN,2026-06-20,0.0,-198.0,0.0,10.07500000000013,10.07500000000013,1.9375,2.1528125,-0.21531250000000002,13,8,21,391.4525000000001,-381.3775,61.9,0.63,100.0,198.0,2400.0,8.2
CHIL_SLR,2026-06-20,383.5,-25.4,-137.54774999999995,56.38800000000002,-81.15974999999992,30.11791666666667,26.175625,3.942291666666667,16,8,24,475.73350000000005,-556.89325,66.7,0.43,150.0,408.9,3600.0,11.4
CISC_RN,2026-06-20,20.8,-15.5,35.83199999999998,101.51999999999998,137.35199999999998,30.34875,26.5540625,3.7946874999999998,15,9,24,171.74349999999995,-34.3915,62.5,3.0,9.9,36.3,237.60000000000002,15.3
CITRUSCY_RN,2026-06-20,4.6000000000000005,-5.3999999999999995,3.2665,15.864750000000013,19.131250000000016,28.985,27.801145833333333,1.1838541666666667,15,9,24,26.402500000000018,-7.27125,62.5,2.18,6.0,10.0,144.0,6.9
CLO_RN,2026-06-20,7.800000000000001,-84.0,86.27100000000002,282.101,368.372,30.939583333333335,26.277395833333333,4.662187500000001,18,6,24,431.9670000000001,-63.59500000000002,75.0,2.26,100.0,91.8,2400.0,3.8
CLT_RN,2026-06-20,0.0,0.0,0.0,0.0,0.0,29.21,29.41,-0.1999999999999993,0,0,0,0.0,0.0,0.0,0.0,100.0,0.0,2400.0,0.0
CNLY_ESS_RN,2026-06-20,10.8,0.0,45.271,0.0,45.271,29.958333333333332,25.7940625,4.164270833333334,15,9,24,48.43000000000001,-3.1589999999999994,62.5,9.2,125.0,10.8,3000.0,0.4
CNTRY_RN,2026-06-20,10.600000000000001,-3.2,61.95599999999998,-12.563999999999998,49.39199999999999,28.934583333333336,25.925833333333333,3.0087500000000005,13,11,24,67.56699999999998,-18.174999999999994,54.2,3.15,9.8,13.8,235.20000000000002,5.9
CNTYRDS_RN,2026-06-20,27.5,0.0,-31.982499999999973,0.0,-31.982499999999973,9.06375,9.427916666666667,-0.36416666666666647,2,3,5,89.19625000000005,-121.17875000000001,40.0,1.1,0.0,27.5,0.0,0.0
CONTINEN_RN,2026-06-20,17.4,-27.2,24.032499999999995,27.23050000000003,51.263000000000034,28.525833333333335,27.739895833333335,0.7859375000000003,13,10,23,92.21649999999998,-40.953499999999956,56.5,1.73,0.0,44.599999999999994,0.0,0.0
CORALSLR_ALL,2026-06-20,309.1,-59.6,-178.82975,165.25750000000005,-13.572249999999938,30.206666666666667,26.08125,4.125416666666667,16,8,24,499.0202499999999,-512.5925,66.7,0.49,51.4,368.70000000000005,1233.6,29.9
CORAZON_RN,2026-06-20,143.1,-127.2,367.4175,325.04025000000007,692.4577500000001,30.900833333333335,28.09375,2.8070833333333334,16,8,24,954.9462500000001,-262.48849999999993,66.7,1.82,200.0,270.3,4800.0,5.6
COYOTSPR_RN,2026-06-20,0.0,0.0,0.0,0.0,0.0,3.700416666666667,3.2461458333333333,0.45427083333333335,0,0,0,0.0,0.0,0.0,0.0,9.9,0.0,237.60000000000002,0.0
CROSSETT_ALL,2026-06-20,126.8,-116.0,442.1899999999997,1011.9777499999999,1454.1677499999996,13.56875,10.334166666666667,3.234583333333333,11,4,15,1616.8897499999996,-162.72200000000004,73.3,3.61,100.0,242.8,2400.0,10.1
CROSSTRL_RN,2026-06-20,18.1,-56.1,181.5325,472.32275,653.85525,38.20375,29.7053125,8.4984375,22,2,24,661.3632500000001,-7.508000000000021,91.7,8.01,57.0,74.2,1368.0,5.4
CR_RN,2026-06-20,10.8,-32.0,67.60799999999998,64.66749999999998,132.27549999999997,31.85291666666667,27.197604166666668,4.6553125,18,6,24,135.86899999999994,-3.593499999999994,75.0,12.6,9.8,42.8,235.20000000000002,18.2
CS_RN,2026-06-20,3.3,-51.0,26.917750000000012,-220.48374999999996,-193.56599999999997,7.178333333333334,5.8553125,1.3230208333333333,5,4,9,96.53399999999998,-290.09999999999997,55.6,0.27,7.0,54.3,168.0,32.3
CTW_RN,2026-06-20,42.0,-8.6,-110.71549999999998,19.485000000000007,-91.23049999999998,32.40083333333333,29.491249999999997,2.9095833333333334,18,6,24,95.13,-186.36049999999994,75.0,0.17,150.0,50.6,3600.0,1.4
DAN_ALL,2026-06-20,144.3,-112.0,-478.4407500000001,661.6065000000001,183.16575000000006,31.244583333333335,27.554374999999997,3.690208333333333,15,9,24,776.7860000000002,-593.6202500000002,62.5,0.79,76.3,256.3,1831.1999999999998,14.0
DA_BESS,2026-06-20,7.9,0.0,36.592999999999996,0.0,36.592999999999996,31.51291666666667,27.77552083333333,3.7373958333333337,17,7,24,42.40299999999999,-5.810000000000001,70.8,3.01,5.0,7.9,120.0,6.6
DA_BESS2,2026-06-20,3.0,0.0,18.172500000000003,0.0,18.172500000000003,35.66,28.432499999999997,7.227500000000001,1,0,1,18.172500000000003,0.0,100.0,99.99,9.9,3.0,237.60000000000002,1.3
DC2SES_ALL,2026-06-20,7.800000000000001,-11.7,44.69149999999999,8.937499999999995,53.628999999999984,29.64625,25.973020833333333,3.673229166666666,14,10,24,62.72749999999999,-9.098500000000008,58.3,4.92,66.5,19.5,1596.0,1.2
DESN_ESS_RN,2026-06-20,3.0,0.0,19.297499999999992,0.0,19.297499999999992,1.6491666666666667,1.3811458333333333,0.2680208333333332,1,0,1,19.297499999999992,0.0,100.0,99.99,200.0,3.0,4800.0,0.1
DGFS_ESR_RN,2026-06-20,2.6,-2.4000000000000004,-3.2005000000000035,30.863000000000003,27.6625,35.83541666666667,31.525000000000002,4.310416666666666,11,12,23,37.5995,-9.937000000000003,47.8,4.13,75.0,5.0,1800.0,0.3
DIBOL_RN,2026-06-20,7.800000000000001,0.0,44.720000000000006,0.0,44.720000000000006,30.110833333333332,26.030104166666664,4.080729166666667,14,10,24,48.49600000000002,-3.776,58.3,9.17,9.9,7.800000000000001,237.60000000000002,3.3
DKNS_ESS_RN,2026-06-20,0.0,0.0,0.0,0.0,0.0,1.5133333333333334,2.1682291666666664,-0.6548958333333332,0,0,0,0.0,0.0,0.0,0.0,50.0,0.0,1200.0,0.0
DSWL_BES1,2026-06-20,10.8,0.0,62.38350000000001,0.0,62.38350000000001,29.29875,25.9459375,3.3528125,14,10,24,67.87650000000002,-5.493000000000001,58.3,8.83,150.0,10.8,3600.0,0.3
EBNY_ESS_RN,2026-06-20,8.600000000000001,-7.0,49.62975000000001,0.7424999999999926,50.37225,31.886666666666667,28.161770833333335,3.7248958333333335,16,8,24,68.26675,-17.894500000000008,66.7,1.91,195.0,15.600000000000001,4680.0,0.3
ELMCRK_RN,2026-06-20,10.0,-0.7000000000000001,-6.3210000000000015,0.8299999999999996,-5.491000000000001,29.508333333333336,26.77854166666667,2.729791666666666,11,13,24,20.1255,-25.616500000000002,45.8,0.93,9.9,10.7,237.60000000000002,4.5
ELM_ST_RN,2026-06-20,27.5,0.0,-32.07874999999996,0.0,-32.07874999999996,8.0775,8.276770833333332,-0.19927083333333315,2,3,5,89.00375000000003,-121.08249999999998,40.0,1.1,9.9,27.5,237.60000000000002,11.6
ELM_ST_RN2,2026-06-20,0.0,0.0,0.0,0.0,0.0,3.185,3.216875,-0.03187500000000002,0,0,0,0.0,0.0,0.0,0.0,9.9,0.0,237.60000000000002,0.0
ELSA_ESR_RN,2026-06-20,6.0,-105.0,25.260000000000005,-298.94999999999993,-273.68999999999994,5.27875,4.849895833333333,0.4288541666666667,4,5,9,86.00999999999996,-359.69999999999993,44.4,0.3,9.9,111.0,237.60000000000002,46.7
ELZA_SLR_RN,2026-06-20,14.400000000000002,-25.7,9.768000000000015,-41.548500000000004,-31.780499999999986,29.85291666666667,25.954166666666666,3.8987499999999997,14,10,24,27.587250000000008,-59.367749999999994,58.3,0.33,88.0,40.1,2112.0,1.9
EMPCT_RN,2026-06-20,4.800000000000001,-36.0,18.4225,-46.38250000000001,-27.96000000000001,29.749166666666667,25.911145833333332,3.838020833333333,14,10,24,31.3245,-59.28450000000001,58.3,0.38,9.9,40.8,237.60000000000002,17.2
ENDPARK_ESS1,2026-06-20,56.6,-34.1,-755.615,4.644000000000009,-750.971,23.135,23.800208333333334,-0.6652083333333328,10,14,24,243.46650000000002,-994.4375,41.7,0.34,50.0,90.7,1200.0,7.6
ESCONDID_ESR,2026-06-20,6.6000000000000005,-47.2,42.67475,558.18,600.85475,35.12083333333333,29.245729166666667,5.875104166666667,15,9,24,625.4405000000003,-24.585749999999997,62.5,15.26,0.0,53.800000000000004,0.0,0.0
ESTONIAN_ALL,2026-06-20,38.7,-22.700000000000003,10.839000000000006,153.60600000000002,164.44500000000002,29.73125,25.832604166666666,3.8986458333333336,14,10,24,241.78099999999998,-77.33599999999997,58.3,2.23,101.6,61.400000000000006,2438.3999999999996,2.5
EUNICE_ALL,2026-06-20,1538.0,-396.0,-2860.2205,3556.3864999999996,696.166,35.747499999999995,32.50020833333333,3.247291666666667,10,14,24,4847.952249999999,-4151.78625,41.7,1.63,17.0,1934.0,408.0,474.0
EVLN_ESS_RN,2026-06-20,11.5,-33.0,-97.01125000000002,-380.27000000000004,-477.28125000000006,34.04625,32.65635416666667,1.3898958333333333,18,6,24,155.58624999999995,-632.8675000000001,75.0,0.08,220.0,44.5,5280.0,0.8
E_HARRIS_RN,2026-06-20,14.1,-48.0,41.502749999999985,-19.71750000000001,21.785249999999976,8.860416666666667,7.9984375000000005,0.8619791666666664,9,8,17,139.92775,-118.14250000000001,52.9,1.05,9.9,62.1,237.60000000000002,26.1
FALFUR_RN,2026-06-20,4.800000000000001,-49.1,10.613750000000001,125.23275000000004,135.84650000000005,30.530416666666667,28.0284375,2.501979166666667,15,9,24,160.43725000000006,-24.59074999999999,62.5,3.91,9.9,53.900000000000006,237.60000000000002,22.7
FALFUR_RN2,2026-06-20,6.0,-3.0,58.26,23.89500000000001,82.155,23.823333333333334,17.349999999999998,6.473333333333333,3,0,3,82.155,0.0,100.0,99.99,9.8,9.0,235.20000000000002,3.8
FAULKNER_RN,2026-06-20,0.0,-5.0,0.0,75.08749999999999,75.08749999999999,2.9345833333333338,2.8655208333333335,0.0690625000000001,1,0,1,75.08749999999999,0.0,100.0,99.99,9.9,5.0,237.60000000000002,2.1
FENCESLR_ALL,2026-06-20,49.800000000000004,-8.1,44.76225000000002,92.23124999999999,136.9935,29.82375,26.0334375,3.7903125000000006,14,10,24,179.294,-42.3005,58.3,3.03,71.0,57.900000000000006,1704.0,3.4
FERD_ESS_RN,2026-06-20,0.0,0.0,0.0,0.0,0.0,1.2066666666666668,1.0897916666666667,0.11687499999999999,0,0,0,0.0,0.0,0.0,0.0,200.0,0.0,4800.0,0.0
FIVEWSLR_ALL,2026-06-20,1303.2,-15.5,-279.0234999999999,102.21250000000002,-176.81099999999992,18.111250000000002,16.856041666666666,1.2552083333333337,9,8,17,1510.72075,-1687.5317499999999,52.9,0.8,220.0,1318.7,5280.0,25.0
FLOWERII_RN,2026-06-20,92.1,-135.7,-195.53349999999972,1037.9135,842.3800000000006,35.513333333333335,31.738125,3.775208333333334,10,12,22,1243.8260000000005,-401.4459999999999,45.5,3.72,100.0,227.79999999999998,2400.0,9.5
FLTBES1,2026-06-20,0.0,0.0,0.0,0.0,0.0,3.8733333333333335,3.365625,0.5077083333333333,0,0,0,0.0,0.0,0.0,0.0,8.5,0.0,204.0,0.0
FLVABES1_ESR,2026-06-20,37.7,-5.2,-69.16124999999997,4.2367500000000025,-64.92449999999997,14.839166666666666,11.955833333333333,2.8833333333333333,2,5,7,18.535000000000025,-83.45949999999999,28.6,0.56,9.9,42.900000000000006,237.60000000000002,18.1
FORTMA_RN,2026-06-20,33.0,-39.0,749.5825,341.32,1090.9025,18.392083333333336,12.748854166666668,5.643229166666667,9,3,12,1190.6225,-99.72000000000001,75.0,3.98,8.0,72.0,192.0,37.5
FRMRSVLW_RN,2026-06-20,4.800000000000001,0.0,18.839000000000002,0.0,18.839000000000002,29.8075,25.88270833333333,3.924791666666667,14,10,24,23.169000000000004,-4.33,58.3,3.82,9.9,4.800000000000001,237.60000000000002,2.0
FRMR_BS2_RN1,2026-06-20,6.0,0.0,68.66250000000001,0.0,68.66250000000001,4.90875,4.0115625,0.8971875000000002,2,0,2,68.66250000000001,0.0,100.0,99.99,9.9,6.0,237.60000000000002,2.5
FTDUNCAN_RN,2026-06-20,9.5,-50.199999999999996,106.94899999999998,561.5825,668.5315,34.969166666666666,29.17322916666667,5.7959375,15,9,24,674.6510000000001,-6.1194999999999995,62.5,66.15,100.0,59.699999999999996,2400.0,2.5
GAIA_SLR_RN,2026-06-20,6.0,0.0,47.94750000000002,0.0,47.94750000000002,4.511666666666667,3.5478125000000005,0.963854166666667,2,0,2,47.94750000000002,0.0,100.0,99.99,76.3,6.0,1831.1999999999998,0.3
GAMBIT_RN,2026-06-20,3.0,0.0,62.662499999999994,0.0,62.662499999999994,31.489166666666666,27.760520833333334,3.7286458333333337,1,0,1,62.662499999999994,0.0,100.0,99.99,100.0,3.0,2400.0,0.1
GARC_BESS_RN,2026-06-20,4.6000000000000005,-0.4,1.6967500000000004,1.4987500000000002,3.195500000000001,28.5775,27.750520833333336,0.8269791666666668,14,10,24,10.727500000000003,-7.532000000000001,58.3,1.02,9.9,5.000000000000001,237.60000000000002,2.1
GIGA_ESS_RN,2026-06-20,5.6000000000000005,-38.0,13.86275,1.9674999999999692,15.83024999999997,31.567083333333333,28.057708333333334,3.509375,16,8,24,139.55525,-123.72500000000002,66.7,0.56,125.0,43.6,3000.0,1.5
GKS_BESS_RN,2026-06-20,5.2,-215.0,15.826249999999998,-16.250000000000174,-0.4237500000001695,31.314999999999998,28.118854166666665,3.1961458333333326,16,8,24,593.5892499999998,-594.0129999999999,66.7,0.5,86.0,220.2,2064.0,10.7
GODY_SLR_RN,2026-06-20,123.0,-5.0,-247.10250000000002,-10.08750000000001,-257.19,9.401666666666666,9.296145833333334,0.10552083333333329,2,7,9,97.11000000000001,-354.30000000000007,22.2,0.96,50.0,128.0,1200.0,10.7
GOMZ_RN,2026-06-20,2.8000000000000003,-6.800000000000001,-0.9490000000000014,31.869750000000025,30.920750000000023,35.585,31.72125,3.8637499999999996,12,11,23,39.29275000000003,-8.372000000000002,52.2,4.3,9.9,9.600000000000001,237.60000000000002,4.0
GOODWIN_ESR,2026-06-20,4.7,-40.4,0.7344999999999986,39.21299999999999,39.94749999999999,28.232083333333335,27.681458333333335,0.5506249999999998,12,12,24,102.10674999999998,-62.15924999999997,50.0,1.64,9.9,45.1,237.60000000000002,19.0
GRDNE_ESR_RN,2026-06-20,9.5,-11.3,45.97600000000003,-45.19049999999999,0.7855000000000327,35.568333333333335,32.283854166666664,3.2844791666666677,10,13,23,65.58925000000004,-64.80375,43.5,1.32,9.9,20.8,237.60000000000002,8.8
GREGORY_RN,2026-06-20,79.0,-30.0,402.5259999999999,177.75500000000002,580.281,32.08958333333333,27.981666666666666,4.107916666666666,16,8,24,590.9834999999999,-10.702499999999993,66.7,27.61,0.0,109.0,0.0,0.0
GZ_RN,2026-06-20,84.8,0.0,830.71,0.0,830.71,32.696666666666665,27.63729166666667,5.059375,19,5,24,834.824,-4.114000000000001,79.2,53.4,9.9,84.8,237.60000000000002,35.7
HAMI_BESS_RN,2026-06-20,0.0,-30.0,0.0,219.07750000000001,219.07750000000001,0.9433333333333334,1.0809374999999999,-0.1376041666666666,6,7,13,274.61,-55.532499999999985,46.2,5.77,9.9,30.0,237.60000000000002,12.6
HARLIN_1_RN,2026-06-20,6.0,-48.0,25.747499999999988,188.79750000000004,214.54500000000002,5.290416666666666,5.414583333333334,-0.12416666666666683,13,5,18,256.175,-41.629999999999995,72.2,2.37,0.0,54.0,0.0,0.0
HEADCAMP_RN,2026-06-20,5.5,0.0,139.42499999999998,0.0,139.42499999999998,2.058333333333333,1.0020833333333334,1.05625,1,0,1,139.42499999999998,0.0,100.0,99.99,150.0,5.5,3600.0,0.2
HEARN_RD_RN,2026-06-20,5.0,-0.1,11.388,0.35249999999999987,11.740499999999999,30.894166666666667,28.004479166666666,2.8896874999999995,16,8,24,19.4185,-7.678000000000001,66.7,1.26,9.8,5.1,235.20000000000002,2.2
HEN_RN,2026-06-20,0.0,0.0,0.0,0.0,0.0,2.6474999999999995,2.3277083333333333,0.3197916666666664,0,0,0,0.0,0.0,0.0,0.0,150.0,0.0,3600.0,0.0
HI_LONEB_RN1,2026-06-20,26.000000000000004,-29.6,-82.79600000000002,240.7535,157.95749999999998,31.69125,30.32677083333333,1.3644791666666674,9,14,23,302.92650000000003,-144.96900000000005,39.1,3.25,50.0,55.60000000000001,1200.0,4.6
HLY_RN,2026-06-20,0.0,-5.5,0.0,-68.87375,-68.87375,1.3875,1.0426041666666668,0.3448958333333332,0,1,1,0.0,-68.87375,0.0,0.0,102.0,5.5,2448.0,0.2
HMNG_ESS_RN,2026-06-20,7.800000000000001,-40.0,48.346000000000004,62.29999999999997,110.64599999999999,29.589583333333334,25.7128125,3.876770833333332,14,10,24,186.13199999999998,-75.48599999999998,58.3,1.76,100.0,47.8,2400.0,2.0
HNY_COMB_RN,2026-06-20,0.0,0.0,0.0,0.0,0.0,32.695,30.0075,2.6875,0,0,0,0.0,0.0,0.0,0.0,61.5,0.0,1476.0,0.0
HOLCOMB_RN1,2026-06-20,0.0,0.0,0.0,0.0,0.0,31.05333333333333,28.188333333333333,2.864999999999999,0,0,0,0.0,0.0,0.0,0.0,9.9,0.0,237.60000000000002,0.0
HOUSEMTN_RN,2026-06-20,64.2,-67.9,-46.26775000000008,340.98799999999994,294.72024999999985,35.516666666666666,31.6003125,3.916354166666667,12,12,24,535.3179999999998,-240.5977499999999,50.0,2.22,60.0,132.10000000000002,1440.0,9.2
HRMS_SLR_RN,2026-06-20,0.0,-133.0,0.0,-110.90999999999985,-110.90999999999985,5.346666666666667,5.097916666666666,0.2487500000000001,4,5,9,92.51000000000005,-203.4199999999999,44.4,0.57,100.0,133.0,2400.0,5.5
HV_BESS1_RN,2026-06-20,56.0,-46.5,580.1300000000001,45.60875,625.7387500000001,24.08375,20.186041666666668,3.8977083333333327,13,4,17,719.55125,-93.81249999999997,76.5,2.36,0.0,102.5,0.0,0.0
HWY6_RN,2026-06-20,3.0,0.0,23.670000000000012,0.0,23.670000000000012,3.3645833333333335,3.2266666666666666,0.1379166666666669,1,0,1,23.670000000000012,0.0,100.0,99.99,9.9,3.0,237.60000000000002,1.3
HYDR_ESS_RN,2026-06-20,6.0,-23.1,83.26499999999999,397.41275,480.67775,3.820833333333333,2.664375,1.156458333333333,6,0,6,480.67774999999995,0.0,100.0,99.99,200.0,29.1,4800.0,0.6
IND_INADALE1,2026-06-20,70.8,-33.9,-94.70649999999999,314.488,219.7815,27.860416666666666,24.798437500000002,3.0619791666666667,11,13,24,487.91775,-268.1362500000001,45.8,2.15,9.9,104.69999999999999,237.60000000000002,44.1
INRT_W_ALL,2026-06-20,3041.1,-41.4,156.34550000000218,191.09000000000003,347.4355000000023,26.059166666666666,24.848125,1.2110416666666672,11,13,24,12897.527750000003,-12550.092249999998,45.8,1.21,13.0,3082.5,312.0,988.0
JADE_SLR_ALL,2026-06-20,59.199999999999996,-33.5,-298.34849999999994,267.24800000000005,-31.10049999999992,24.653333333333336,24.142291666666665,0.5110416666666666,10,13,23,364.23750000000007,-395.33799999999997,43.5,1.2,81.9,92.69999999999999,1965.6000000000001,4.7
JAG_SLR_RN,2026-06-20,10.8,-124.3,78.4355,140.72100000000006,219.15650000000005,29.46375,26.030833333333334,3.432916666666667,14,10,24,394.85275,-175.69624999999996,58.3,1.61,150.0,135.1,3600.0,3.8
JAR_RN,2026-06-20,7.800000000000001,-98.0,45.06150000000001,75.45500000000003,120.51650000000004,31.209166666666665,27.515104166666664,3.6940625,15,9,24,242.2175,-121.70099999999998,62.5,1.19,156.0,105.8,3744.0,2.8
JC_BAT_RN,2026-06-20,18.6,-12.0,100.4975,-58.24249999999998,42.25500000000003,31.955833333333334,28.247083333333332,3.7087500000000007,17,7,24,120.81775000000002,-78.56274999999997,70.8,0.63,1.2,30.6,28.799999999999997,106.3
JDKNS_RN,2026-06-20,39.3,-16.2,-177.28400000000002,163.91975000000002,-13.364249999999998,35.397083333333335,31.8878125,3.5092708333333333,9,13,22,173.08125,-186.44550000000004,40.9,1.34,9.9,55.5,237.60000000000002,23.4
JUNCTION_RN,2026-06-20,70.8,-82.0,1980.2205000000001,1936.4625,3916.683,50.586666666666666,28.054895833333333,22.531770833333336,21,3,24,3946.7615000000005,-30.078499999999977,87.5,18.75,9.9,152.8,237.60000000000002,64.3
JUNORTH_RN,2026-06-20,43.8,-27.0,982.71825,919.8225,1902.54075,27.649583333333336,16.8328125,10.816770833333335,16,0,16,1902.5407500000001,0.0,100.0,99.99,0.0,70.8,0.0,0.0
KEG_RN,2026-06-20,3.0,-40.0,5.632500000000004,-7.119999999999994,-1.48749999999999,4.221666666666667,4.2440625,-0.022395833333333243,6,5,11,54.37500000000003,-55.86250000000002,54.5,0.81,0.0,43.0,0.0,0.0
KNAPP_RN,2026-06-20,14.5,-148.9,615.5474999999999,-841.8187499999999,-226.27125,9.89875,9.002291666666666,0.8964583333333334,13,11,24,1147.00125,-1373.2724999999998,54.2,0.71,0.0,163.4,0.0,0.0
LANTANA_RN,2026-06-20,3.0,-5.5,13.379999999999981,4.166250000000002,17.546249999999983,3.797916666666666,3.6289583333333333,0.16895833333333288,2,0,2,17.546249999999983,0.0,100.0,99.99,9.9,8.5,237.60000000000002,3.6
LAUR_BESS_RN,2026-06-20,3.0,-222.5,31.83749999999999,-21.241250000000058,10.59624999999992,3.5749999999999997,3.4629166666666666,0.11208333333333324,13,8,21,525.3075,-514.7112500000001,61.9,0.63,9.8,225.5,235.20000000000002,95.9
LBRA_BES1,2026-06-20,8.600000000000001,-25.0,29.570999999999998,23.924999999999994,53.495999999999995,31.78,28.095520833333335,3.684479166666667,16,8,24,67.64624999999998,-14.150249999999993,66.7,2.39,200.0,33.6,4800.0,0.7
LEAKEY_RN,2026-06-20,0.0,-12.0,0.0,26.275000000000013,26.275000000000013,1.14,1.4288541666666665,-0.2888541666666666,6,3,9,35.74750000000001,-9.472499999999997,66.7,1.89,0.0,12.0,0.0,0.0
LFSTH_RN,2026-06-20,12.0,-5.0,153.7125,-8.199999999999985,145.51250000000002,6.7525,4.617604166666667,2.134895833333333,4,1,5,153.71249999999998,-8.199999999999985,80.0,4.69,9.9,17.0,237.60000000000002,7.2
LIGSW_RN,2026-06-20,4.800000000000001,-16.0,17.4165,-39.650000000000006,-22.23350000000001,29.520833333333332,25.892395833333335,3.6284375,14,10,24,22.29,-44.52350000000001,58.3,0.36,9.8,20.8,235.20000000000002,8.8
LILY_RN,2026-06-20,27.5,-59.6,141.492,-27.111250000000002,114.38075000000002,29.795833333333334,25.97083333333333,3.8250000000000006,14,10,24,272.85925000000003,-158.47850000000003,58.3,1.23,50.0,87.1,1200.0,7.3
LK_RN,2026-06-20,3.0,-41.0,23.2725,-5.599999999999994,17.672500000000007,1.4254166666666668,1.1021875,0.3232291666666667,7,4,11,75.89749999999998,-58.22499999999997,63.6,0.74,0.0,44.0,0.0,0.0
LMO_ESR_RN,2026-06-20,7.800000000000001,0.0,49.63949999999999,0.0,49.63949999999999,30.197083333333335,26.453958333333333,3.7431249999999996,13,11,24,53.98949999999999,-4.3500000000000005,54.2,10.5,100.0,7.800000000000001,2400.0,0.3
LONESTAR_RN,2026-06-20,3.2,-11.200000000000001,-0.723000000000001,120.11550000000004,119.39250000000003,35.503750000000004,31.90354166666667,3.600208333333333,9,13,22,128.60650000000004,-9.214000000000002,40.9,20.16,9.9,14.400000000000002,237.60000000000002,6.1
LON_RN1,2026-06-20,11.9,-48.099999999999994,31.929749999999995,231.28925,263.219,32.251666666666665,29.20875,3.0429166666666667,17,7,24,287.91299999999995,-24.694,70.8,4.8,174.0,59.99999999999999,4176.0,1.4
LOWR_ESS_RN,2026-06-20,5.2,-18.1,11.89375,139.53475,151.4285,30.907083333333333,28.014479166666664,2.8926041666666666,17,7,24,157.92775,-6.499250000000001,70.8,10.01,34.0,23.3,816.0,2.9
LUCKYBLU_RN,2026-06-20,3.0,-4.0,33.675,36.41000000000001,70.08500000000001,2.4633333333333334,2.078125,0.3852083333333332,2,0,2,70.08500000000001,0.0,100.0,99.99,100.0,7.0,2400.0,0.3
LYNX_ESS_RN,2026-06-20,3.0,0.0,18.26999999999999,0.0,18.26999999999999,3.1075,2.7373958333333337,0.3701041666666665,1,0,1,18.26999999999999,0.0,100.0,99.99,20.0,3.0,480.0,0.6
LYSSY_RN,2026-06-20,15.6,-35.0,223.31699999999995,179.66124999999997,402.9782499999999,32.08416666666667,28.124687499999997,3.959479166666666,17,7,24,410.63324999999986,-7.655000000000002,70.8,22.09,0.0,50.6,0.0,0.0
L_FRE_ESR_RN,2026-06-20,8.200000000000001,-12.0,45.15174999999999,89.20999999999998,134.36174999999997,30.985416666666666,28.0571875,2.9282291666666658,16,8,24,141.0675,-6.705750000000002,66.7,10.52,9.9,20.200000000000003,237.60000000000002,8.5
MADERO_RN,2026-06-20,6.0,-24.0,62.73749999999998,-36.72000000000004,26.017499999999945,4.960833333333333,4.236041666666667,0.7247916666666665,4,4,8,101.31499999999997,-75.29750000000001,50.0,1.35,100.0,30.0,2400.0,1.2
MAINLAND_RN,2026-06-20,5.4,0.0,9.238500000000005,0.0,9.238500000000005,33.83,32.576770833333335,1.253229166666667,18,6,24,34.392,-25.153499999999998,75.0,0.46,9.9,5.4,237.60000000000002,2.3
MEDILA_RN,2026-06-20,77.39999999999999,-50.1,615.3022499999998,31.814249999999976,647.1164999999999,32.07208333333333,28.327812499999997,3.7442708333333328,16,8,24,730.3262499999998,-83.20975000000001,66.7,4.39,0.0,127.5,0.0,0.0
MEDINA1_RN,2026-06-20,3.0,0.0,40.650000000000006,0.0,40.650000000000006,3.7283333333333335,3.1123958333333337,0.6159375000000001,1,0,1,40.650000000000006,0.0,100.0,99.99,0.0,3.0,0.0,0.0
MESQUITE_RN,2026-06-20,0.0,-16.5,0.0,28.476250000000032,28.476250000000032,2.55625,2.5494791666666665,0.0067708333333333925,2,1,3,37.661250000000024,-9.18499999999999,66.7,2.05,9.9,16.5,237.60000000000002,6.9
MESQUITE_RN2,2026-06-20,6.0,-44.0,76.56,154.81125,231.37125,7.1620833333333325,6.167604166666667,0.9944791666666667,6,3,9,248.57250000000005,-17.20125000000001,66.7,7.23,0.0,50.0,0.0,0.0
MIDP_SLR_RN,2026-06-20,66.1,-18.5,-38.04825000000004,190.85799999999998,152.80974999999992,29.533749999999998,26.0134375,3.5203124999999993,13,11,24,246.53949999999995,-93.72975000000004,54.2,2.23,50.9,84.6,1221.6,6.9
MIDWY_RN,2026-06-20,5.800000000000001,-1.1,-6.836750000000006,11.340499999999999,4.503749999999992,35.556666666666665,32.061875,3.494791666666666,8,13,21,20.4435,-15.939750000000009,38.1,2.08,9.9,6.9,237.60000000000002,2.9
MILTON_RN,2026-06-20,7.6000000000000005,-13.0,27.832749999999994,66.11250000000001,93.94525,31.900000000000002,28.092291666666668,3.807708333333333,17,7,24,109.40974999999999,-15.4645,70.8,2.91,9.9,20.6,237.60000000000002,8.7
MNWL_BESS_RN,2026-06-20,4.800000000000001,-19.0,33.413500000000006,152.1225,185.536,32.884166666666665,25.923020833333336,6.961145833333333,20,4,24,186.985,-1.4489999999999994,83.3,25.81,9.9,23.8,237.60000000000002,10.0
MOORE_FL_RN,2026-06-20,4.6000000000000005,-73.4,4.886249999999999,-168.42725000000004,-163.54100000000005,29.405833333333334,27.868645833333332,1.5371875,14,10,24,88.90399999999998,-252.44500000000002,58.3,0.25,9.9,78.0,237.60000000000002,32.8
MUENSTER_RN,2026-06-20,63.4,-72.0,728.3820000000001,147.75250000000005,876.1345000000001,20.09208333333333,16.3715625,3.7205208333333335,12,3,15,924.2222500000001,-48.08774999999999,80.0,4.8,0.0,135.4,0.0,0.0
MUSTNGCK_ALL,2026-06-20,50.4,-88.2,-40.293500000000016,261.13175000000007,220.83825000000004,31.54625,27.826562499999998,3.7196875000000005,16,8,24,378.52425000000005,-157.68600000000004,66.7,1.2,71.0,138.6,1704.0,8.1
MU_RN,2026-06-20,8.4,-52.0,40.19849999999999,-681.4300000000001,-641.2315000000001,33.22708333333333,31.038020833333334,2.1890625,18,6,24,69.27149999999999,-710.503,75.0,0.03,9.9,60.4,237.60000000000002,25.4
MV_VALV4_RN,2026-06-20,3.0,-27.0,36.209999999999994,13.907499999999992,50.117499999999986,2.5929166666666665,2.4154166666666668,0.17749999999999977,4,5,9,90.495,-40.3775,44.4,2.8,9.9,30.0,237.60000000000002,12.6
MYRY_BES2_RN,2026-06-20,4.800000000000001,-38.1,11.2815,16.807500000000005,28.089,30.70958333333333,28.045833333333334,2.66375,16,8,24,96.50075000000001,-68.41175000000001,66.7,0.71,9.9,42.900000000000006,237.60000000000002,18.1
MYRY_ESR_RN,2026-06-20,6.0,-3.0,54.607500000000016,-5.242499999999996,49.365000000000016,3.8920833333333333,3.2064583333333334,0.6856250000000003,2,1,3,54.607500000000016,-5.242499999999996,66.7,5.21,9.9,9.0,237.60000000000002,3.8
MYR_ALL,2026-06-20,25.3,-47.1,37.714,2.369249999999949,40.08324999999994,13.905833333333334,14.066562500000002,-0.1607291666666666,6,7,13,144.69575,-104.61250000000005,46.2,1.61,76.3,72.4,1831.1999999999998,4.0
NCO_RN,2026-06-20,0.0,-22.6,0.0,-37.363250000000015,-37.363250000000015,2.0995833333333334,2.1415625,-0.04197916666666668,2,2,4,1.5240000000000111,-38.88725000000003,50.0,0.04,38.8,22.6,931.1999999999999,2.4
NEDIN_RN,2026-06-20,6.0,0.0,52.6125,0.0,52.6125,7.334583333333334,6.8066666666666675,0.5279166666666665,2,0,2,52.6125,0.0,100.0,99.99,0.0,6.0,0.0,0.0
NF_BRP_RN,2026-06-20,150.5,-34.3,-334.03475000000003,-0.9722499999999741,-335.007,9.594583333333334,9.6209375,-0.02635416666666653,4,7,11,76.84025000000003,-411.84725,36.4,0.33,100.5,184.8,2412.0,7.7
NOBLESLR_ALL,2026-06-20,552.6,-18.7,-1306.0015,152.04149999999998,-1153.96,14.402499999999998,14.779166666666667,-0.3766666666666671,7,10,17,206.40700000000012,-1360.3670000000002,41.2,0.22,62.5,571.3000000000001,1500.0,38.1
NWF_NWF1,2026-06-20,272.4,-227.39999999999998,1573.7589999999998,863.9107499999999,2437.6697499999996,35.78,32.46510416666667,3.314895833333333,10,14,24,3310.7815,-873.1117500000005,41.7,5.31,36.0,499.79999999999995,864.0,57.8
N_AL_BESS_RN,2026-06-20,4.9,-5.1,12.132749999999998,29.749750000000017,41.882500000000014,30.794166666666666,28.02270833333333,2.771458333333333,17,7,24,47.763500000000015,-5.881000000000001,70.8,3.34,9.9,10.0,237.60000000000002,4.2
N_MRD_ESR_RN,2026-06-20,5.1000000000000005,0.0,14.746250000000003,0.0,14.746250000000003,30.905833333333334,28.0253125,2.880520833333334,17,7,24,20.510500000000004,-5.76425,70.8,1.47,9.9,5.1000000000000005,237.60000000000002,2.1
ODESW_RN,2026-06-20,3.5,-180.0,4.741000000000001,2744.4345000000003,2749.1755,35.575833333333335,31.993229166666666,3.5826041666666675,11,13,24,2776.9300000000003,-27.7545,45.8,118.24,10.0,183.5,240.0,76.5
OLMITO_RN,2026-06-20,21.0,-62.5,116.36500000000001,119.11749999999996,235.48249999999996,18.79375,16.209791666666668,2.5839583333333334,15,7,22,327.3749999999999,-91.89250000000001,68.2,1.66,0.0,83.5,0.0,0.0
OLNEYTN_RN,2026-06-20,57.1,-36.0,4339.605,742.185,5081.79,30.633750000000003,8.787083333333333,21.846666666666668,20,3,23,5091.245000000001,-9.454999999999998,87.0,80.77,9.9,93.1,237.60000000000002,39.2
OR_BESS_RN,2026-06-20,3.0,0.0,34.537499999999994,0.0,34.537499999999994,1.5058333333333334,1.0261458333333333,0.4796875,1,0,1,34.537499999999994,0.0,100.0,99.99,9.9,3.0,237.60000000000002,1.3
PAD1_ESS_RN,2026-06-20,8.600000000000001,0.0,56.937749999999994,0.0,56.937749999999994,32.15958333333334,28.17635416666667,3.983229166666666,17,7,24,64.2945,-7.356750000000002,70.8,3.6,50.0,8.600000000000001,1200.0,0.7
PAD2_ESS_RN,2026-06-20,3.0,-36.0,14.37749999999999,188.61999999999998,202.99749999999997,1.68,1.4803125000000001,0.19968749999999988,9,1,10,206.64749999999995,-3.6499999999999844,90.0,6.29,150.0,39.0,3600.0,1.1
PALACIOS_RN,2026-06-20,106.3,-40.0,841.4740000000002,305.92750000000007,1147.4015000000002,32.354166666666664,27.787395833333335,4.566770833333333,17,7,24,1213.2830000000001,-65.88150000000002,70.8,7.58,7.0,146.3,168.0,87.1
PALE_ESS_EN,2026-06-20,0.0,-45.5,0.0,235.86000000000004,235.86000000000004,1.9325,3.1547916666666667,-1.2222916666666663,7,4,11,355.3465,-119.4865,63.6,1.7,200.0,45.5,4800.0,0.9
PAULN_RN,2026-06-20,4.800000000000001,0.0,18.1215,0.0,18.1215,29.800833333333333,26.02552083333333,3.7753125000000005,14,10,24,22.355500000000003,-4.233999999999999,58.3,3.77,9.9,4.800000000000001,237.60000000000002,2.0
PAVLOV_BT_RN,2026-06-20,5.1000000000000005,-26.0,16.79475,211.72250000000003,228.51725000000002,31.41125,27.708333333333332,3.702916666666667,16,8,24,234.86350000000002,-6.34625,66.7,18.5,9.9,31.1,237.60000000000002,13.1
PAVO_ESS_ALL,2026-06-20,18.2,-30.0,-110.86,507.42375,396.56374999999997,17.216666666666665,14.072083333333333,3.1445833333333333,8,2,10,510.46750000000003,-113.90375,80.0,1.12,87.5,48.2,2100.0,2.3
PEARSALL_RN,2026-06-20,6.0,-5.5,53.37749999999999,-20.363749999999982,33.01375000000001,5.685833333333334,4.777083333333334,0.90875,2,1,3,53.37749999999999,-20.363749999999982,66.7,1.31,9.9,11.5,237.60000000000002,4.8
PHO_ALL,2026-06-20,33.3,-30.7,-22.12850000000005,169.49899999999994,147.37049999999988,13.8525,14.579166666666666,-0.726666666666667,7,9,16,188.46799999999988,-41.097500000000004,43.8,5.9,150.0,64.0,3600.0,1.8
PINEFRST_RN,2026-06-20,33.9,-88.7,16.210749999999983,-29.784749999999946,-13.573999999999979,29.74416666666667,25.831979166666667,3.9121874999999995,14,10,24,199.57474999999997,-213.14874999999995,58.3,0.67,200.0,122.6,4800.0,2.6
PIN_BESS_RN,2026-06-20,3.0,-108.0,24.41999999999999,-11.808749999999968,12.61125000000002,3.5870833333333336,3.3390625000000003,0.24802083333333305,7,5,12,132.86375,-120.25249999999998,58.3,0.79,0.0,111.0,0.0,0.0
PIRATE_RN,2026-06-20,58.199999999999996,-36.0,155.4232499999999,-50.08500000000006,105.33824999999985,31.568749999999998,28.008333333333336,3.5604166666666663,16,8,24,210.2194999999999,-104.88125000000005,66.7,1.0,9.8,94.19999999999999,235.20000000000002,40.1
PLATINUM_RN,2026-06-20,11.8,-10.5,8.235,35.57499999999999,43.80999999999999,29.670833333333334,25.79375,3.877083333333333,14,10,24,67.0715,-23.261500000000005,58.3,2.06,128.0,22.3,3072.0,0.7
POTEETS_RN,2026-06-20,19.200000000000003,0.0,64.12049999999999,0.0,64.12049999999999,32.0575,28.097083333333334,3.960416666666667,16,8,24,70.44775,-6.32725,66.7,5.57,9.9,19.200000000000003,237.60000000000002,8.1
POTSVIL_RN,2026-06-20,231.1,-180.5,2011.1767499999999,1560.5155,3571.6922499999996,33.910833333333336,26.983437499999997,6.927395833333333,19,5,24,3666.09575,-94.40349999999998,79.2,10.22,9.9,411.6,237.60000000000002,173.2
PRCRK_RN,2026-06-20,7.800000000000001,-3.0,54.463499999999996,-4.82,49.643499999999996,29.782083333333333,25.93552083333333,3.8465625000000006,14,10,24,58.65849999999999,-9.015,58.3,4.65,9.9,10.8,237.60000000000002,4.5
PTLBES_BESS1,2026-06-20,151.5,-17.6,385.77475000000004,43.4285,429.20325,31.74291666666667,27.889479166666664,3.8534375,16,8,24,655.3545,-226.15125000000006,66.7,1.45,6.0,169.1,144.0,117.4
PYR_PYRON1,2026-06-20,693.6,-30.9,980.8740000000001,174.06650000000002,1154.9405000000002,27.860416666666666,24.798437500000002,3.0619791666666667,10,13,23,2825.2607500000004,-1670.3202500000002,43.5,2.2,15.1,724.5,362.4,199.9
QUEEN_BA_RN,2026-06-20,98.10000000000001,-36.4,1889.6432499999999,38.693999999999996,1928.3372499999998,35.27625,31.5040625,3.7721875,11,12,23,2033.6354999999999,-105.29825000000002,47.8,21.07,50.0,134.5,1200.0,11.2
RADN_SLR_ALL,2026-06-20,202.1,-59.7,-71.46600000000005,314.721,243.25500000000002,29.125,27.016666666666666,2.108333333333333,11,13,24,816.432,-573.1769999999999,45.8,1.68,81.9,261.8,1965.6000000000001,13.3
RBN_BESS1,2026-06-20,10.8,-35.0,66.48400000000001,251.265,317.749,31.18875,27.133229166666666,4.0555208333333335,16,8,24,321.31100000000004,-3.5619999999999994,66.7,45.1,100.0,45.8,2400.0,1.9
RHESS2_ESS1,2026-06-20,44.2,-102.0,13.751999999999914,-385.1575,-371.40550000000013,16.752083333333335,17.338229166666668,-0.5861458333333335,12,7,19,250.97749999999996,-622.383,63.2,0.24,9.9,146.2,237.60000000000002,61.5
RIOG_ESR2_RN,2026-06-20,0.4,-3.2,-0.5759999999999998,12.233249999999998,11.65725,7.880416666666666,8.139999999999999,-0.25958333333333306,5,3,8,12.322,-0.6647499999999997,62.5,11.12,0.0,3.6,0.0,0.0
RIOG_ESR_RN,2026-06-20,0.0,0.0,0.0,0.0,0.0,15.563333333333333,15.928854166666667,-0.36552083333333335,0,0,0,0.0,0.0,0.0,0.0,9.9,0.0,237.60000000000002,0.0
RN_BY_ESR1,2026-06-20,3.0,0.0,17.87250000000001,0.0,17.87250000000001,4.193333333333333,3.4301041666666663,0.7632291666666667,1,0,1,17.87250000000001,0.0,100.0,99.99,0.0,3.0,0.0,0.0
RN_PAD3_ESS,2026-06-20,0.0,-44.0,0.0,54.683749999999996,54.683749999999996,8.402222222222223,8.588055555555556,-0.18583333333333327,4,4,8,92.94999999999999,-38.26624999999998,50.0,2.43,0.0,44.0,0.0,0.0
RN_QTUM_SLR,2026-06-20,902.9,0.0,-5703.07525,0.0,-5703.07525,6.867916666666666,8.3590625,-1.4911458333333332,1,6,7,34.822500000000005,-5737.89775,14.3,0.04,160.0,902.9,3840.0,23.5
RN_RHN_ESR,2026-06-20,11.5,-33.0,89.56375000000001,-204.37999999999994,-114.81624999999994,8.820416666666667,7.0573958333333335,1.7630208333333337,4,5,9,138.10125000000002,-252.91749999999996,44.4,0.68,200.0,44.5,4800.0,0.9
RN_SOLC_SLR,2026-06-20,85.3,-253.0,-813.246,974.4450000000002,161.19900000000015,8.297916666666667,9.738229166666667,-1.4403125,9,8,17,1184.89,-1023.691,52.9,1.03,160.0,338.3,3840.0,8.8
ROSELAND_ALL,2026-06-20,304.2,-190.5,-279.6535000000002,2183.9095,1904.2559999999999,30.057916666666667,26.0971875,3.960729166666667,15,9,24,2339.4272500000006,-435.17125000000016,62.5,3.23,50.0,494.7,1200.0,41.2
RPUBRDS_RN,2026-06-20,56.8,-12.0,76.41800000000002,15.512499999999989,91.93050000000001,30.875416666666666,26.67375,4.201666666666667,15,9,24,107.8495,-15.919000000000002,62.5,4.06,39.5,68.8,948.0,7.3
RRANCHES_ALL,2026-06-20,3.3000000000000003,-547.2,-0.13449999999999762,2937.28775,2937.15325,35.481249999999996,31.835104166666667,3.6461458333333336,11,13,24,4030.388,-1093.23475,45.8,4.36,150.0,550.5,3600.0,15.3
RRC_WIND_ALL,2026-06-20,44.8,-0.6000000000000001,59.47050000000003,-3.9679999999999995,55.50250000000003,27.133333333333336,25.226874999999996,1.9064583333333338,11,12,23,183.32800000000003,-127.82549999999996,47.8,1.56,75.0,45.4,1800.0,2.5
RTLSNAKE_BT,2026-06-20,0.1,-5.2,0.5699999999999996,77.204,77.77399999999999,3.922083333333333,2.9375,0.984583333333333,4,0,4,77.77399999999999,0.0,100.0,99.99,9.9,5.3,237.60000000000002,2.2
RUSSEKST_RN,2026-06-20,74.9,-116.2,659.0794999999999,2844.74475,3503.82425,56.403333333333336,34.20666666666667,22.19666666666667,22,2,24,3550.5125,-46.688250000000025,91.7,6.91,9.9,191.10000000000002,237.60000000000002,80.4
RVRVLYS_ALL,2026-06-20,44.7,-23.3,43.126,64.66774999999998,107.79374999999999,31.78125,28.0996875,3.6815625,17,7,24,176.29524999999998,-68.5015,70.8,1.06,50.0,68.0,1200.0,5.7
SADLBACK_RN,2026-06-20,15.799999999999999,-17.2,-14.557000000000002,201.78150000000005,187.22450000000003,35.48916666666667,31.78635416666667,3.7028125000000003,9,13,22,221.06550000000004,-33.841,40.9,9.44,9.9,33.0,237.60000000000002,13.9
SAH_RN,2026-06-20,0.0,0.0,0.0,0.0,0.0,2.0050000000000003,2.3744791666666667,-0.3694791666666665,0,0,0,0.0,0.0,0.0,0.0,200.0,0.0,4800.0,0.0
SANDLAKE_RN,2026-06-20,0.0,-37.0,0.0,159.81999999999994,159.81999999999994,0.0,0.0,0.0,10,6,16,239.67749999999995,-79.8575,62.5,1.8,9.9,37.0,237.60000000000002,15.6
SBEAN_BESS,2026-06-20,0.0,-5.0,0.0,72.49999999999997,72.49999999999997,3.63125,4.1784375,-0.5471874999999998,1,0,1,72.49999999999997,0.0,100.0,99.99,9.9,5.0,237.60000000000002,2.1
SEVNF_ES_RN,2026-06-20,0.0,-53.0,0.0,89.96124999999998,89.96124999999998,7.35625,7.010000000000001,0.34624999999999995,7,4,11,158.65375,-68.69250000000001,63.6,1.32,100.0,53.0,2400.0,2.2
SGSA_DGR,2026-06-20,3.0,-15.0,62.925,132.67500000000007,195.60000000000005,3.908333333333333,2.3000000000000003,1.6083333333333332,4,0,4,195.60000000000005,0.0,100.0,99.99,9.9,18.0,237.60000000000002,7.6
SG_BES_BESS1,2026-06-20,174.3,-221.89999999999998,-32.82024999999999,435.62299999999993,402.80275000000006,35.78041666666667,31.48427083333333,4.296145833333333,12,12,24,1241.8910000000005,-839.0882500000002,50.0,1.48,100.0,396.2,2400.0,16.5
SHAMROCK_RN,2026-06-20,2551.7,-80.6,-241.31974999999989,818.3039999999999,576.9842500000002,31.372083333333332,30.068645833333335,1.3034374999999998,10,14,24,9477.709,-8900.72475,41.7,1.49,99.3,2632.2999999999997,2383.2,110.5
SHEEPCRK_1,2026-06-20,182.4,0.0,212.53825000000006,0.0,212.53825000000006,27.133333333333336,25.226874999999996,1.9064583333333338,10,13,23,831.2479999999999,-618.7097499999999,43.5,1.75,135.0,182.4,3240.0,5.6
SLCN_ESS_ALL,2026-06-20,11.600000000000001,-23.3,76.40575000000001,44.034249999999965,120.43999999999998,31.566666666666666,28.118854166666665,3.4478125,17,7,24,131.14474999999996,-10.70475,70.8,5.04,50.0,34.900000000000006,1200.0,2.9
SLK_BESS_RN,2026-06-20,0.0,0.0,0.0,0.0,0.0,0.0,0.0,0.0,0,0,0,0.0,0.0,0.0,0.0,0.0,0.0,0.0,0.0
SMTH_ESS_RN,2026-06-20,10.8,0.0,78.1265,0.0,78.1265,29.88291666666667,25.945625000000003,3.937291666666667,14,10,24,82.20899999999997,-4.0825000000000005,58.3,14.38,125.0,10.8,3000.0,0.4
SNY_BESS_RN,2026-06-20,66.6,-179.0,686.915,975.4430000000003,1662.3580000000002,36.02041666666667,29.125312500000003,6.895104166666666,20,4,24,1696.2917500000003,-33.933749999999954,83.3,10.0,9.9,245.6,237.60000000000002,103.4
SPTX12B_RN,2026-06-20,46.5,-36.1,-139.44275000000005,624.71225,485.26949999999994,19.7575,18.2540625,1.5034374999999993,10,10,20,665.8900000000001,-180.62050000000005,50.0,3.69,25.0,82.6,600.0,13.8
SP_RN,2026-06-20,9.4,-59.0,35.34449999999998,-1258.7949999999998,-1223.4505,34.66291666666667,34.93416666666666,-0.2712500000000005,17,7,24,161.7575,-1385.2079999999999,70.8,0.05,9.9,68.4,237.60000000000002,28.8
SROSA_ESR_RN,2026-06-20,14.0,-14.0,73.53549999999998,63.285000000000004,136.82049999999998,30.927083333333332,28.043125,2.8839583333333336,16,8,24,143.39499999999998,-6.574499999999999,66.7,10.91,9.9,28.0,237.60000000000002,11.8
STADIUM_RN,2026-06-20,49.0,-31.0,152.94,23.089999999999993,176.02999999999997,29.198333333333334,26.532291666666666,2.6660416666666666,15,8,23,268.9975,-92.96749999999997,65.2,1.54,9.9,80.0,237.60000000000002,33.7
STAM_SLR_ALL,2026-06-20,34.3,-27.799999999999997,-13.637749999999992,20.304750000000013,6.667000000000036,29.665833333333335,25.811562499999997,3.854270833333334,14,10,24,152.38649999999998,-145.71949999999998,58.3,0.75,70.0,62.099999999999994,1680.0,3.7
STRG_SLR_ALL,2026-06-20,22.3,-44.199999999999996,-2.6037500000000033,-90.02599999999998,-92.62974999999999,31.357083333333335,27.98,3.3770833333333337,16,8,24,111.48799999999999,-204.11774999999994,66.7,0.27,100.0,66.5,2400.0,2.8
SUNVASLR_ALL,2026-06-20,258.6,-28.900000000000002,-482.51800000000014,7.948000000000008,-474.5700000000001,29.016666666666666,25.966354166666665,3.0503125000000004,13,11,24,233.367,-707.9370000000001,54.2,0.28,53.3,287.5,1279.1999999999998,22.5
SWOOSE1_U1,2026-06-20,8.5,-7.4,-4.650499999999999,19.178000000000008,14.527500000000005,35.482083333333335,31.8784375,3.603645833333333,8,13,21,41.21475000000001,-26.687250000000006,38.1,2.51,9.9,15.9,237.60000000000002,6.7
SWOOSEII_RN,2026-06-20,0.0,-70.8,0.0,593.2379999999999,593.2379999999999,6.37375,4.941666666666666,1.4320833333333332,6,2,8,647.842,-54.60400000000003,75.0,3.95,100.0,70.8,2400.0,2.9
SWT_BESS_RN,2026-06-20,85.9,-17.2,196.45675000000003,55.24749999999997,251.70425,34.9425,29.3834375,5.5590625,21,2,23,252.34224999999998,-0.6379999999999968,91.3,37.67,9.9,103.10000000000001,237.60000000000002,43.4
TANZ_ESS_RN,2026-06-20,3.0,0.0,30.5625,0.0,30.5625,3.3720833333333338,3.02125,0.3508333333333334,1,0,1,30.5625,0.0,100.0,99.99,0.0,3.0,0.0,0.0
TBWF_ES_BES1,2026-06-20,8.7,-12.799999999999999,-83.56349999999999,256.0055,172.44199999999995,8.7525,7.600520833333334,1.1519791666666666,2,1,3,256.0055,-83.56349999999999,66.7,1.53,150.0,21.5,3600.0,0.6
TDWLPR_1_RN,2026-06-20,3.0,0.0,37.25999999999999,0.0,37.25999999999999,5.142916666666667,4.289791666666667,0.8531249999999999,1,0,1,37.25999999999999,0.0,100.0,99.99,100.0,3.0,2400.0,0.1
TNFS_RN,2026-06-20,0.0,0.0,0.0,0.0,0.0,1.9204166666666669,2.1911458333333336,-0.27072916666666674,0,0,0,0.0,0.0,0.0,0.0,9.9,0.0,237.60000000000002,0.0
TORR_ALL,2026-06-20,121.2,-188.2,320.19075,462.0917500000001,782.2825000000001,21.719583333333333,21.26125,0.4583333333333332,15,8,23,1186.4935000000003,-404.21099999999996,65.2,1.57,0.0,309.4,0.0,0.0
TORT_ESS_RN,2026-06-20,9.0,0.0,122.03999999999999,0.0,122.03999999999999,6.572083333333333,4.6709375,1.9011458333333333,3,0,3,122.03999999999999,0.0,100.0,99.99,48.3,9.0,1159.1999999999998,0.8
TOYAH_RN,2026-06-20,3.0,-10.0,-9.472500000000007,51.16250000000001,41.69,1.8812499999999999,2.1490625,-0.26781250000000006,2,1,3,51.16250000000001,-9.472500000000007,66.7,2.7,9.9,13.0,237.60000000000002,5.5
TRIPBUT1_RN,2026-06-20,7.300000000000001,-13.8,-1.0819999999999936,39.95650000000002,38.874500000000026,35.63458333333333,31.5334375,4.101145833333334,12,12,24,67.43125000000003,-28.556749999999994,50.0,2.36,7.5,21.1,180.0,11.7
TSECA_ES_RN,2026-06-20,0.0,0.0,0.0,0.0,0.0,5.527916666666666,5.92875,-0.40083333333333354,0,0,0,0.0,0.0,0.0,0.0,100.0,0.0,2400.0,0.0
TURQ_BESS1,2026-06-20,24.0,-2.0,47.73500000000001,-2.5474999999999994,45.18750000000001,14.073333333333332,13.011874999999998,1.0614583333333332,4,9,13,80.01500000000001,-34.82750000000001,30.8,5.17,186.0,26.0,4464.0,0.6
TV_RN,2026-06-20,10.8,-6.3,79.03950000000003,0.9764999999999847,80.01600000000002,31.12291666666667,26.63291666666667,4.49,19,5,24,82.95650000000002,-2.9405,79.2,7.42,9.8,17.1,235.20000000000002,7.3
TYNAN_RN,2026-06-20,5.2,-2.0,14.40775,17.14,31.54775,31.414583333333336,28.048020833333336,3.3665625,16,8,24,39.156,-7.608249999999999,66.7,2.57,9.9,7.2,237.60000000000002,3.0
UTOPIA_RN,2026-06-20,46.0,-11.0,558.755,96.4425,655.1975,21.31625,18.013541666666665,3.3027083333333334,9,0,9,655.1975,0.0,100.0,99.99,7.0,57.0,168.0,33.9
VERT_ESS_RN,2026-06-20,0.0,0.0,0.0,0.0,0.0,0.0,0.0,0.0,0,0,0,0.0,0.0,0.0,0.0,200.0,0.0,4800.0,0.0
VORT_ALL_RN,2026-06-20,128.7,-70.0,-541.142,262.24274999999994,-278.8992500000001,26.34583333333333,25.001562500000002,1.3442708333333326,11,13,24,628.8957499999999,-907.7950000000001,45.8,0.82,121.8,198.7,2923.2,6.8
WAL_RN,2026-06-20,7.800000000000001,-15.0,37.855000000000004,108.16250000000004,146.01750000000004,31.387083333333333,27.436562499999997,3.950520833333334,16,8,24,151.20800000000003,-5.1904999999999895,66.7,14.57,200.0,22.8,4800.0,0.5
WFTANK_ESS1,2026-06-20,10.8,-131.6,38.605500000000006,227.99925,266.60474999999997,30.839583333333334,28.0975,2.7420833333333334,16,8,24,411.86925,-145.26450000000006,66.7,1.42,150.0,142.4,3600.0,4.0
WIG_BESS_RN,2026-06-20,15.0,-21.1,-17.022499999999997,149.38450000000003,132.36200000000002,8.134583333333333,8.496145833333333,-0.36156249999999995,6,9,15,164.67450000000002,-32.31250000000001,40.0,7.64,120.0,36.1,2880.0,1.3
WLTC_ESR_RN,2026-06-20,12.999999999999998,-0.30000000000000004,15.66675,0.43649999999999956,16.10325,30.434583333333332,28.000312500000003,2.434270833333333,16,8,24,23.805500000000002,-7.702250000000002,66.7,1.55,9.9,13.299999999999999,237.60000000000002,5.6
WOV_BESS_RN,2026-06-20,6.5,-14.6,69.53750000000001,73.68449999999997,143.22199999999998,35.586666666666666,32.1215625,3.4651041666666664,9,13,22,152.43199999999996,-9.210000000000003,40.9,23.91,9.9,21.1,237.60000000000002,8.9
WRSBES_BESS1,2026-06-20,3.0,0.0,-15.2925,0.0,-15.2925,1.1704166666666667,1.3828125,-0.21239583333333334,0,1,1,0.0,-15.2925,0.0,0.0,9.7,3.0,232.79999999999998,1.3
WR_RN,2026-06-20,7.9,0.0,36.514,0.0,36.514,31.380416666666665,27.488333333333333,3.892083333333334,16,8,24,41.257999999999996,-4.744,66.7,4.35,9.9,7.9,237.60000000000002,3.3
WZRD_ESS_RN,2026-06-20,4.800000000000001,-5.5,6.440500000000003,-225.11499999999995,-218.67449999999994,33.96958333333333,32.6278125,1.3417708333333334,18,6,24,30.993,-249.66749999999996,75.0,0.04,150.0,10.3,3600.0,0.3
W_HRL_ESR_RN,2026-06-20,7.8,0.0,26.41550000000001,0.0,26.41550000000001,30.93958333333333,28.04885416666667,2.890729166666666,16,8,24,32.205500000000015,-5.790000000000001,66.7,2.78,9.9,7.8,237.60000000000002,3.3
X443ESRN,2026-06-20,11.4,-0.1,62.57700000000001,0.5690000000000002,63.14600000000001,31.960833333333337,28.207083333333333,3.7537500000000006,16,8,24,71.81725,-8.67125,66.7,4.14,10.0,11.5,240.0,4.8
Z0_DGR2_RN,2026-06-20,0.0,0.0,0.0,0.0,0.0,1.0945833333333332,1.0426041666666668,0.05197916666666661,0,0,0,0.0,0.0,0.0,0.0,9.9,0.0,237.60000000000002,0.0
ZIER_SLR_ALL,2026-06-20,459.9,-130.9,-2117.541,968.2635000000001,-1149.2775000000001,34.410833333333336,29.51770833333333,4.8931249999999995,12,12,24,1252.7404999999999,-2402.018,50.0,0.52,40.0,590.8,960.0,61.5
ABINDUST_RN,2026-06-21,8.7,-15.500000000000002,-43.832,-50.88725000000001,-94.71925,10.484583333333333,16.7553125,-6.2707291666666665,4,19,23,2.0262499999999997,-96.7455,17.4,0.1,9.9,24.200000000000003,237.60000000000002,10.2
ADL_RN,2026-06-21,16.5,-1.2000000000000002,196.08625,4.001250000000001,200.0875,30.702916666666667,24.262604166666666,6.4403125,19,5,24,208.4025,-8.315000000000005,79.2,6.6,60.0,17.7,1440.0,1.2
AE_RN,2026-06-21,7.0,-11.100000000000001,-10.824500000000008,-32.76075,-43.58525000000001,25.595,23.77333333333333,1.8216666666666672,17,7,24,14.059000000000003,-57.644250000000014,70.8,0.1,9.9,18.1,237.60000000000002,7.6
ALAMO_ST_RN,2026-06-21,0.0,0.0,0.0,0.0,0.0,1.31,4.220104166666666,-2.9101041666666667,0,0,0,0.0,0.0,0.0,0.0,9.9,0.0,237.60000000000002,0.0
ALP_BESS_RN,2026-06-21,9.4,-16.9,395.581,594.2952500000001,989.8762500000001,43.29708333333334,31.801875,11.495208333333332,13,11,24,1076.0785000000003,-86.20225,54.2,10.56,100.3,26.299999999999997,2407.2,1.1
ALVIN_RN,2026-06-21,41.9,-72.5,-81.08775000000001,546.40875,465.321,28.719583333333333,23.770833333333332,4.9487499999999995,19,5,24,668.6850000000001,-203.36400000000003,79.2,0.87,7.5,114.4,180.0,63.6
AMAD_ESS_RN,2026-06-21,0.0,0.0,0.0,0.0,0.0,3.175416666666667,3.547083333333333,-0.3716666666666666,0,0,0,0.0,0.0,0.0,0.0,0.0,0.0,0.0,0.0
ANCHOR_ALL,2026-06-21,301.3,-5.0,-1877.701,-32.53175,-1910.23275,10.092083333333333,16.5696875,-6.477604166666667,1,23,24,14.263499999999963,-1924.49625,4.2,0.17,36.3,306.3,871.1999999999999,35.2
ANDMDSLR_ALL,2026-06-21,77.0,-17.8,-633.6515,-162.29149999999998,-795.943,6.286666666666666,14.846354166666666,-8.5596875,0,23,23,0.0,-795.9430000000001,0.0,0.0,81.9,94.8,1965.6000000000001,4.8
ANEM_ESS_RN,2026-06-21,16.5,0.0,87.40875000000001,0.0,87.40875000000001,20.141666666666666,20.29552083333333,-0.15385416666666676,3,0,3,87.40875000000001,0.0,100.0,99.99,200.0,16.5,4800.0,0.3
ANG_ALL,2026-06-21,258.9,-4.9,-1937.2024999999999,-27.83725,-1965.03975,8.52,14.163229166666667,-5.643229166666667,7,17,24,67.52024999999998,-2032.56,29.2,0.08,100.0,263.79999999999995,2400.0,11.0
ANOL_ESS_RN,2026-06-21,2.5,-52.5,-4.344500000000002,64.53074999999997,60.186249999999966,22.427916666666665,22.347291666666667,0.08062499999999988,13,10,23,137.55674999999997,-77.37050000000002,56.5,1.37,240.0,55.0,5760.0,1.0
ANTL_ESS_ES1,2026-06-21,10.0,-15.200000000000001,-86.77950000000001,-167.8115,-254.591,13.97125,19.208229166666666,-5.236979166666667,4,16,20,9.2245,-263.8155,20.0,0.14,70.0,25.200000000000003,1680.0,1.5
APPLE_ESR_RN,2026-06-21,3.0,-6.0,-33.39000000000001,-60.70249999999999,-94.0925,1.7375,2.4497916666666666,-0.7122916666666668,0,4,4,0.0,-94.0925,0.0,0.0,0.0,9.0,0.0,0.0
ARY_BESS_RN,2026-06-21,0.0,-27.0,0.0,11.458750000000055,11.458750000000055,2.7808333333333337,3.2291666666666665,-0.4483333333333331,2,2,4,25.027500000000018,-13.56874999999996,50.0,1.84,0.0,27.0,0.0,0.0
AVIL_ESS_RN,2026-06-21,4.4,-3.6,-84.189,-41.847750000000005,-126.03675,14.490833333333333,24.834791666666664,-10.343958333333333,1,23,24,0.0365,-126.07325,4.2,0.01,160.0,8.0,3840.0,0.2
AZURE_RN,2026-06-21,168.4,-12.7,-1236.03775,-69.23474999999998,-1305.2725,7.864999999999999,15.779895833333333,-7.914895833333333,0,24,24,0.0,-1305.2725,0.0,0.0,77.6,181.1,1862.3999999999999,9.7
BATCAVE_RN,2026-06-21,67.2,-224.9,595.51025,3298.1515000000004,3893.6617500000007,51.24625,35.84791666666667,15.398333333333333,22,2,24,4197.70875,-304.04699999999997,91.7,1.26,100.5,292.1,2412.0,12.1
BAYC_BESS_RN,2026-06-21,7.1000000000000005,-1.1,1.1469999999999927,3.366000000000001,4.512999999999994,23.996666666666666,23.637395833333333,0.3592708333333336,15,9,24,10.852999999999994,-6.34,62.5,1.03,9.9,8.200000000000001,237.60000000000002,3.5
BCK_RN,2026-06-21,2792.2999999999997,-23.900000000000002,-8710.113249999999,-27.93749999999997,-8738.050749999999,22.42958333333333,23.24291666666667,-0.8133333333333331,12,12,24,438.5729999999998,-9176.62375,50.0,0.05,126.5,2816.2,3036.0,92.8
BCNV2_ES_RN,2026-06-21,3.0,0.0,30.780000000000005,0.0,30.780000000000005,1.7275,1.3,0.42750000000000005,1,0,1,30.780000000000005,0.0,100.0,99.99,0.0,3.0,0.0,0.0
BCNV_RN,2026-06-21,6.0,-34.0,18.442500000000003,247.32625000000002,265.76875,2.4708333333333337,2.2146875,0.25614583333333335,6,2,8,284.86125000000004,-19.092500000000005,75.0,4.97,150.0,40.0,3600.0,1.1
BEXAR_ES_RN,2026-06-21,309.6,-17.2,-611.9352499999998,34.00350000000002,-577.9317499999997,24.58125,24.145833333333332,0.43541666666666723,15,9,24,937.5340000000001,-1515.4657499999998,62.5,0.37,100.0,326.8,2400.0,13.6
BIGSTAR_ALL,2026-06-21,20.3,-1.1,-4.216999999999995,3.574749999999999,-0.642249999999996,24.06958333333333,23.679270833333334,0.3903124999999996,15,9,24,44.1135,-44.75574999999999,62.5,0.59,80.0,21.400000000000002,1920.0,1.1
BKSL_RN,2026-06-21,6.0,-74.2,-12.622499999999999,-505.64650000000006,-518.269,7.171666666666667,15.491666666666667,-8.32,0,23,23,0.0,-518.2690000000001,0.0,0.0,100.0,80.2,2400.0,3.3
BLACKSPR_RN,2026-06-21,17.0,-52.0,113.11999999999998,987.1374999999999,1100.2575,12.533333333333333,8.563125,3.9702083333333333,18,2,20,1111.8099999999997,-11.552500000000002,90.0,10.69,120.0,69.0,2880.0,2.4
BLSMT1_5_A_6,2026-06-21,224.2,-76.2,-1745.2762500000001,-331.3579999999999,-2076.63425,8.760416666666666,16.341666666666665,-7.58125,1,23,24,2.795749999999999,-2079.43,4.2,0.03,150.0,300.4,3600.0,8.3
BLUEJAY_RN,2026-06-21,249.3,-63.800000000000004,-470.34424999999993,-376.9902499999999,-847.3344999999998,22.21666666666667,22.562708333333333,-0.3460416666666665,13,11,24,254.29350000000008,-1101.6280000000002,54.2,0.2,50.0,313.1,1200.0,26.1
BLVN_RN,2026-06-21,995.0,-2.1,-978.2497500000003,3.1642500000000005,-975.0855000000003,21.893333333333334,22.57302083333333,-0.6796874999999994,13,11,24,900.9165,-1876.0020000000004,54.2,0.41,180.0,997.1,4320.0,23.1
BOCO_ESS_RN,2026-06-21,15.6,-5.0,-255.84550000000002,-41.68175000000001,-297.52725000000004,8.73875,17.21260416666667,-8.473854166666667,2,22,24,0.24800000000000005,-297.77524999999997,8.3,0.01,150.0,20.6,3600.0,0.6
BRHEIGHT_RN,2026-06-21,24.9,-11.0,773.0559999999999,2.8547499999999935,775.9107499999999,33.29208333333333,23.94729166666667,9.344791666666667,19,5,24,785.9772499999998,-10.066500000000003,79.2,20.55,10.0,35.9,240.0,15.0
BRPANGLE_RN,2026-06-21,0.0,-4.0,0.0,-10.165,-10.165,5.3220833333333335,5.178958333333333,0.14312500000000009,1,1,2,1.2899999999999991,-11.454999999999998,50.0,0.11,10.0,4.0,240.0,1.7
BRPMAGNO_RN,2026-06-21,38.3,-26.299999999999997,-66.69725000000005,1040.36825,973.6709999999999,32.121249999999996,23.901875,8.219375000000001,19,5,24,1079.37525,-105.70425000000006,79.2,2.69,7.5,64.6,180.0,35.9
BRP_BRAZ_RN,2026-06-21,4.0,-1.2000000000000002,2.5904999999999974,3.5174999999999996,6.107999999999997,24.754583333333333,23.726354166666667,1.028229166666666,16,8,24,11.15775,-5.049750000000001,66.7,1.1,10.0,5.2,240.0,2.2
BRP_DIKN_RN,2026-06-21,0.30000000000000004,-0.30000000000000004,1.7352499999999997,1.4655000000000014,3.200750000000001,7.408333333333334,6.149062499999999,1.2592708333333336,5,1,6,3.359250000000001,-0.15850000000000009,83.3,4.24,7.5,0.6000000000000001,180.0,0.3
BRP_LOOP_RN,2026-06-21,0.0,-144.60000000000002,0.0,86.88549999999995,86.88549999999995,2.205833333333333,2.2966666666666664,-0.09083333333333317,6,2,8,217.48099999999994,-130.59549999999996,75.0,0.56,10.0,144.60000000000002,240.0,60.3
BRP_LOP1_RN,2026-06-21,64.2,-0.1,16.332999999999956,0.010999999999999944,16.343999999999955,5.5737499999999995,4.8097916666666665,0.7639583333333331,3,1,4,62.70099999999996,-46.357000000000006,75.0,0.45,10.0,64.3,240.0,26.8
BRP_PBL1_RN,2026-06-21,89.0,0.0,-355.9685,0.0,-355.9685,11.53625,12.186354166666668,-0.6501041666666666,2,6,8,1.3102500000000008,-357.27875000000006,25.0,0.01,10.0,89.0,240.0,37.1
BRP_PBL2_RN,2026-06-21,0.2,0.0,1.3102500000000008,0.0,1.3102500000000008,7.671250000000001,7.235625,0.4356250000000003,2,0,2,1.3102500000000008,0.0,100.0,99.99,10.0,0.2,240.0,0.1
BRP_RN_UNIT1,2026-06-21,15.9,-0.7000000000000001,24.473000000000013,2.142000000000003,26.61500000000002,24.897499999999997,24.08458333333333,0.8129166666666672,16,8,24,34.00800000000002,-7.393,66.7,2.3,10.0,16.6,240.0,6.9
BRP_SWNY_RN,2026-06-21,3.0,-0.4,2.572500000000005,1.17475,3.747250000000005,6.91875,6.759479166666666,0.15927083333333325,4,0,4,3.747250000000005,0.0,100.0,99.99,10.0,3.4,240.0,1.4
BRP_ZPT1_RN,2026-06-21,0.0,-0.1,0.0,0.003750000000000142,0.003750000000000142,4.0375000000000005,3.8742708333333336,0.16322916666666668,1,0,1,0.003750000000000142,0.0,100.0,99.99,7.5,0.1,180.0,0.1
BRP_ZPT2_RN,2026-06-21,155.0,-0.7000000000000001,88.66949999999999,0.6582500000000004,89.32775,21.8425,20.7653125,1.0771874999999997,15,8,23,207.10449999999994,-117.77674999999999,65.2,0.94,7.5,155.7,180.0,86.5
BR_ARROW_ALL,2026-06-21,58.0,-17.8,-142.61200000000002,-51.401750000000035,-194.01375000000007,22.44125,21.658125,0.783125,16,8,24,94.62549999999997,-288.63925,66.7,0.16,51.7,75.8,1240.8000000000002,6.1
BSS_U1,2026-06-21,4.0,-40.1,4.551,6.471250000000007,11.022250000000007,25.16875,23.730416666666667,1.4383333333333332,17,7,24,81.0885,-70.06624999999998,70.8,0.48,9.9,44.1,237.60000000000002,18.6
BUDA_RN,2026-06-21,3.0,0.0,4.304999999999996,0.0,4.304999999999996,1.6741666666666666,1.5725,0.10166666666666657,1,0,1,4.304999999999996,0.0,100.0,99.99,9.9,3.0,237.60000000000002,1.3
BYP_RN,2026-06-21,0.0,-53.5,0.0,-72.45875000000001,-72.45875000000001,3.13625,3.3711458333333333,-0.2348958333333333,4,5,9,77.43624999999999,-149.89499999999998,44.4,0.65,200.0,53.5,4800.0,1.1
BYRDR_ES_ALL,2026-06-21,16.0,0.0,95.21999999999998,0.0,95.21999999999998,4.150833333333334,3.5273958333333333,0.6234374999999999,2,0,2,95.21999999999998,0.0,100.0,99.99,50.0,16.0,1200.0,1.3
CACH_ESS_RN,2026-06-21,4.9,-0.8,0.45475000000000343,3.3280000000000003,3.7827500000000036,24.591250000000002,23.961979166666666,0.629270833333334,15,9,24,11.418000000000003,-7.635249999999998,62.5,0.9,200.0,5.7,4800.0,0.1
CAMWIND_RN,2026-06-21,452.1,-70.60000000000001,235.8794999999999,152.97275000000002,388.8522499999999,20.83875,20.743750000000002,0.09499999999999968,15,9,24,965.2235000000002,-576.3712500000001,62.5,1.0,16.4,522.7,393.59999999999997,132.8
CARA_ESS_RN,2026-06-21,3.0,0.0,-23.385000000000005,0.0,-23.385000000000005,1.6879166666666665,1.7236458333333333,-0.035729166666666735,0,1,1,0.0,-23.385000000000005,0.0,0.0,98.3,3.0,2359.2,0.1
CARN_ESS_RN,2026-06-21,26.4,-23.0,-29.84000000000002,-28.170750000000012,-58.01075000000004,21.925416666666667,22.493958333333335,-0.5685416666666662,13,11,24,35.84124999999997,-93.852,54.2,0.32,150.0,49.4,3600.0,1.4
CARRIZO_ESR1,2026-06-21,26.799999999999997,-2.0,-88.08374999999998,6.386000000000002,-81.69774999999998,23.360416666666666,22.029375,1.3310416666666667,14,9,23,16.23175,-97.92949999999998,60.9,0.11,9.8,28.799999999999997,235.20000000000002,12.2
CARTWHL_RN,2026-06-21,0.0,-41.0,0.0,204.88750000000002,204.88750000000002,0.82875,0.825625,0.0031249999999999702,4,1,5,208.15750000000003,-3.2700000000000102,80.0,15.91,150.0,41.0,3600.0,1.1
CASL_GAP_UN1,2026-06-21,93.7,-65.7,-1081.1934999999999,-582.64225,-1663.83575,14.3675,24.765625,-10.398125,1,23,24,0.7769999999999998,-1664.6127499999998,4.2,0.01,1.9,159.4,45.599999999999994,349.6
CAST_ESS_RN,2026-06-21,0.0,-24.0,0.0,50.699999999999996,50.699999999999996,0.0,0.0,0.0,6,2,8,83.5225,-32.8225,75.0,0.85,200.0,24.0,4800.0,0.5
CATARINA_B1,2026-06-21,45.6,-250.3,114.76599999999996,386.37750000000005,501.1435,24.1925,21.606458333333332,2.5860416666666666,16,8,24,618.9045000000001,-117.76100000000002,66.7,2.63,9.9,295.90000000000003,237.60000000000002,124.5
CEDRVALE_RN,2026-06-21,1.4000000000000001,-14.4,-12.2975,-95.8595,-108.157,14.982083333333334,26.023645833333333,-11.0415625,1,23,24,0.05750000000000001,-108.21449999999999,4.2,0.01,9.9,15.8,237.60000000000002,6.6
CFLAT_ES_RN,2026-06-21,3.0,-22.0,12.577499999999997,-38.99499999999999,-26.417499999999997,5.913333333333334,5.795208333333334,0.11812500000000019,4,6,10,36.66499999999999,-63.082499999999996,40.0,0.87,100.0,25.0,2400.0,1.0
CHIL_SLR,2026-06-21,615.3,-11.2,-1313.5167499999998,-20.29574999999999,-1333.8124999999998,21.855416666666667,22.666562499999998,-0.8111458333333332,13,11,24,488.9225000000001,-1822.7350000000001,54.2,0.23,150.0,626.5,3600.0,17.4
CISC_RN,2026-06-21,10.0,-29.5,5.575500000000011,-280.9305,-275.35499999999996,17.478333333333335,21.498854166666664,-4.020520833333333,8,15,23,25.157749999999997,-300.5127499999999,34.8,0.16,9.9,39.5,237.60000000000002,16.6
CITRUSCY_RN,2026-06-21,5.0,-5.3,5.022999999999997,14.482499999999995,19.50549999999999,22.34958333333333,21.537604166666668,0.8119791666666659,15,8,23,24.798999999999996,-5.293500000000002,65.2,2.5,6.0,10.3,144.0,7.2
CLO_RN,2026-06-21,7.0,-152.0,12.252499999999998,93.88624999999999,106.13874999999996,25.17833333333333,23.981875000000002,1.196458333333333,17,7,24,255.70125000000002,-149.56250000000003,70.8,0.7,100.0,159.0,2400.0,6.6
CLT_RN,2026-06-21,0.0,0.0,0.0,0.0,0.0,24.4875,23.87375,0.6137500000000005,0,0,0,0.0,0.0,0.0,0.0,100.0,0.0,2400.0,0.0
CNLY_ESS_RN,2026-06-21,5.0,-3.5000000000000004,-3.7000000000000064,2.2187500000000004,-1.481250000000006,21.23375,21.774895833333332,-0.5411458333333332,10,13,23,6.135750000000002,-7.617000000000007,43.5,1.05,125.0,8.5,3000.0,0.3
CNTRY_RN,2026-06-21,11.8,-33.9,-2.6135000000000055,-93.37650000000002,-95.99000000000004,19.785416666666666,22.060833333333335,-2.2754166666666666,8,15,23,29.755999999999986,-125.74600000000002,34.8,0.44,9.8,45.7,235.20000000000002,19.4
CNTYRDS_RN,2026-06-21,0.0,0.0,0.0,0.0,0.0,1.0258333333333332,2.2547916666666663,-1.2289583333333332,0,0,0,0.0,0.0,0.0,0.0,9.9,0.0,237.60000000000002,0.0
CONTINEN_RN,2026-06-21,95.5,-18.2,-18.54175000000004,20.756499999999992,2.2147499999999507,22.53916666666667,21.311666666666667,1.2274999999999998,15,8,23,215.75374999999997,-213.53900000000002,65.2,0.54,0.0,113.7,0.0,0.0
CORALSLR_ALL,2026-06-21,524.6,-10.3,471.9985000000004,50.733000000000004,522.7315000000003,22.856666666666666,22.563958333333332,0.29270833333333374,14,10,24,1038.44825,-515.7167499999997,58.3,1.44,51.4,534.9,1233.6,43.4
CORAZON_RN,2026-06-21,684.4,-20.8,-424.47550000000024,-37.303000000000004,-461.7785000000003,19.44333333333333,18.755729166666665,0.6876041666666669,12,12,24,2101.1185,-2562.897,50.0,0.82,200.0,705.1999999999999,4800.0,14.7
COYOTSPR_RN,2026-06-21,0.0,0.0,0.0,0.0,0.0,0.11541666666666667,0.9715625,-0.8561458333333333,0,0,0,0.0,0.0,0.0,0.0,9.9,0.0,237.60000000000002,0.0
CROSSETT_ALL,2026-06-21,175.79999999999998,-10.8,-3071.7495000000004,-109.33125,-3181.080750000001,14.374583333333334,24.761354166666667,-10.386770833333333,1,23,24,0.03399999999999999,-3181.1147500000006,4.2,0.0,100.0,186.6,2400.0,7.8
CROSSTRL_RN,2026-06-21,3.8000000000000003,-28.2,-13.5925,42.78575,29.193250000000006,19.297916666666666,18.706979166666667,0.5909374999999998,15,8,23,172.45675,-143.26350000000002,65.2,0.64,57.0,32.0,1368.0,2.3
CR_RN,2026-06-21,4.0,-17.2,14.9255,7.347499999999998,22.272999999999996,27.74875,24.133020833333333,3.615729166666666,18,6,24,35.987500000000004,-13.714500000000006,75.0,0.87,9.8,21.2,235.20000000000002,9.0
CS_RN,2026-06-21,7.1000000000000005,-13.7,60.211999999999996,155.23775000000003,215.44975000000002,31.13625,24.274375000000003,6.861875,19,5,24,217.04174999999998,-1.592,79.2,35.88,7.0,20.8,168.0,12.4
CTW_RN,2026-06-21,37.5,-1.1,278.61575,3.8862500000000004,282.502,27.846249999999998,23.844687500000003,4.0015625,19,5,24,309.31649999999996,-26.81450000000001,79.2,3.04,150.0,38.6,3600.0,1.1
DAN_ALL,2026-06-21,95.7,-29.0,-114.39349999999999,22.42350000000001,-91.96999999999998,23.224166666666665,23.530937499999997,-0.30677083333333305,13,11,24,107.49050000000008,-199.46050000000005,54.2,0.46,76.3,124.7,1831.1999999999998,6.8
DA_BESS,2026-06-21,4.0,-1.2000000000000002,3.3360000000000003,3.5437499999999993,6.8797500000000005,24.879583333333333,23.692395833333332,1.1871875,17,7,24,11.68425,-4.8045,70.8,1.0,5.0,5.2,120.0,4.3
DA_BESS2,2026-06-21,0.0,0.0,0.0,0.0,0.0,24.68,23.1775,1.5025000000000013,0,0,0,0.0,0.0,0.0,0.0,9.9,0.0,237.60000000000002,0.0
DC2SES_ALL,2026-06-21,30.299999999999997,-13.200000000000001,-72.1835,-52.99224999999999,-125.17575,22.1875,23.897499999999997,-1.71,8,16,24,5.0992500000000005,-130.27499999999998,33.3,0.08,66.5,43.5,1596.0,2.7
DESN_ESS_RN,2026-06-21,3.0,0.0,28.185000000000002,0.0,28.185000000000002,5.77625,4.992291666666667,0.7839583333333332,1,0,1,28.185000000000002,0.0,100.0,99.99,200.0,3.0,4800.0,0.1
DGFS_ESR_RN,2026-06-21,22.9,-3.6,-129.04874999999998,-41.93525,-170.98399999999998,14.459583333333333,24.80916666666667,-10.349583333333333,1,23,24,0.98325,-171.96725,4.2,0.13,75.0,26.5,1800.0,1.5
DIBOL_RN,2026-06-21,8.6,-2.2,19.633500000000005,5.851000000000001,25.484500000000008,22.634583333333335,22.3925,0.24208333333333357,13,11,24,32.90650000000001,-7.422000000000001,54.2,3.75,9.9,10.8,237.60000000000002,4.5
DKNS_ESS_RN,2026-06-21,3.0,0.0,-1.7925000000000004,0.0,-1.7925000000000004,1.5791666666666666,1.8968749999999999,-0.3177083333333333,0,1,1,0.0,-1.7925000000000004,0.0,0.0,50.0,3.0,1200.0,0.2
DRAK_ESS_RN,2026-06-21,0.0,0.0,0.0,0.0,0.0,21.73,20.62375,1.1062499999999993,0,0,0,0.0,0.0,0.0,0.0,150.0,0.0,3600.0,0.0
DSWL_BES1,2026-06-21,3.0,0.0,-25.147499999999994,0.0,-25.147499999999994,3.5954166666666665,3.8786458333333336,-0.2832291666666666,0,1,1,0.0,-25.147499999999994,0.0,0.0,150.0,3.0,3600.0,0.1
EBNY_ESS_RN,2026-06-21,7.9,-0.7000000000000001,27.988750000000007,2.0885000000000016,30.077250000000006,24.607083333333335,24.039895833333333,0.5671875000000003,15,9,24,37.90325000000001,-7.826,62.5,2.91,195.0,8.6,4680.0,0.2
ELMCRK_RN,2026-06-21,0.2,-5.500000000000001,-0.3880000000000003,-35.89275000000001,-36.280750000000005,10.537916666666666,16.7978125,-6.259895833333334,3,20,23,0.24850000000000022,-36.529250000000005,13.0,0.05,9.9,5.700000000000001,237.60000000000002,2.4
ELM_ST_RN,2026-06-21,5.5,0.0,-3.4925,0.0,-3.4925,2.151666666666667,3.1490625,-0.9973958333333331,0,1,1,0.0,-3.4925,0.0,0.0,9.9,5.5,237.60000000000002,2.3
ELM_ST_RN2,2026-06-21,0.0,0.0,0.0,0.0,0.0,1.6995833333333332,2.383645833333333,-0.6840624999999999,0,0,0,0.0,0.0,0.0,0.0,9.9,0.0,237.60000000000002,0.0
ELSA_ESR_RN,2026-06-21,0.0,0.0,0.0,0.0,0.0,1.9254166666666668,1.8116666666666665,0.11375000000000017,0,0,0,0.0,0.0,0.0,0.0,9.9,0.0,237.60000000000002,0.0
ELZA_SLR_RN,2026-06-21,17.599999999999998,-2.3000000000000003,36.90699999999999,7.571500000000001,44.47849999999999,23.02333333333333,22.431875,0.5914583333333331,15,8,23,73.88,-29.401500000000002,65.2,1.34,100.0,19.9,2400.0,0.8
EMPCT_RN,2026-06-21,5.4,-86.5,34.51300000000001,193.29999999999998,227.813,22.852083333333336,22.233437499999997,0.6186458333333336,16,7,23,234.30975,-6.49675,69.6,15.78,9.9,91.9,237.60000000000002,38.7
ENDPARK_ESS1,2026-06-21,28.0,-19.8,-425.0425,-174.343,-599.3855,2.9329166666666673,12.932291666666666,-9.999374999999999,1,22,23,1.8199999999999996,-601.2055,4.3,0.07,50.0,47.8,1200.0,4.0
ESCONDID_ESR,2026-06-21,35.300000000000004,-14.7,3.0639999999999743,81.23850000000002,84.30249999999998,23.2625,23.29885416666667,-0.036354166666666764,11,13,24,163.9015,-79.59900000000002,45.8,2.43,0.0,50.0,0.0,0.0
ESTONIAN_ALL,2026-06-21,25.1,-2.7,29.894249999999985,9.977250000000002,39.87149999999998,22.74625,21.907291666666666,0.8389583333333334,16,7,23,70.45099999999998,-30.579499999999992,69.6,1.01,101.6,27.8,2438.3999999999996,1.1
EUNICE_ALL,2026-06-21,809.4,-140.8,-8251.825,-1400.27375,-9652.098750000001,15.841666666666667,25.614270833333336,-9.772604166666667,2,22,24,69.38600000000002,-9721.484750000001,8.3,0.08,17.0,950.2,408.0,232.9
EVLN_ESS_RN,2026-06-21,4.5,-6.6,49.44750000000001,32.178500000000014,81.62600000000003,33.55583333333333,23.957708333333333,9.598125000000001,19,5,24,83.74300000000002,-2.1169999999999995,79.2,10.41,220.0,11.1,5280.0,0.2
E_HARRIS_RN,2026-06-21,0.0,0.0,0.0,0.0,0.0,3.9029166666666666,3.5238541666666667,0.3790625,0,0,0,0.0,0.0,0.0,0.0,9.9,0.0,237.60000000000002,0.0
FALFUR_RN,2026-06-21,25.2,-66.2,-153.25625000000002,28.710999999999984,-124.54525000000002,21.718333333333334,21.4728125,0.2455208333333331,14,10,24,106.84425,-231.3895,58.3,0.33,9.9,91.4,237.60000000000002,38.5
FALFUR_RN2,2026-06-21,0.0,0.0,0.0,0.0,0.0,24.740000000000002,27.387500000000003,-2.647500000000001,0,0,0,0.0,0.0,0.0,0.0,9.8,0.0,235.20000000000002,0.0
FAULKNER_RN,2026-06-21,0.0,-5.0,0.0,-31.86250000000001,-31.86250000000001,1.7754166666666666,3.8103125,-2.0348958333333336,0,1,1,0.0,-31.86250000000001,0.0,0.0,9.9,5.0,237.60000000000002,2.1
FENCESLR_ALL,2026-06-21,34.4,-21.5,-172.7575,2.412500000000004,-170.34499999999997,22.294583333333335,22.530833333333334,-0.23624999999999963,13,11,24,26.611750000000008,-196.95674999999997,54.2,0.11,71.0,55.9,1704.0,3.3
FERD_ESS_RN,2026-06-21,3.0,0.0,2.7674999999999983,0.0,2.7674999999999983,4.482916666666667,3.9728125,0.5101041666666667,1,0,1,2.7674999999999983,0.0,100.0,99.99,200.0,3.0,4800.0,0.1
FIVEWSLR_ALL,2026-06-21,2018.1000000000001,0.0,-4345.209,0.0,-4345.209,11.587916666666667,13.2834375,-1.6955208333333331,3,10,13,1576.0635000000004,-5921.272500000001,23.1,0.89,220.0,2018.1000000000001,5280.0,38.2
FLOWERII_RN,2026-06-21,102.9,-22.8,-1401.5034999999998,-200.25324999999998,-1601.75675,14.830416666666666,25.79875,-10.968333333333334,1,23,24,0.05049999999999999,-1601.8072499999998,4.2,0.0,100.0,125.7,2400.0,5.2
FLTBES1,2026-06-21,0.0,0.0,0.0,0.0,0.0,2.9858333333333333,4.0559375,-1.0701041666666662,0,0,0,0.0,0.0,0.0,0.0,8.5,0.0,204.0,0.0
FLVABES1_ESR,2026-06-21,30.7,0.0,-122.81899999999999,0.0,-122.81899999999999,7.2683333333333335,10.3140625,-3.0457291666666664,1,2,3,5.428749999999999,-128.24775,33.3,0.08,9.9,30.7,237.60000000000002,12.9
FORTMA_RN,2026-06-21,53.0,-77.0,1129.955,1653.2825,2783.2375,21.866249999999997,16.118645833333332,5.747604166666666,16,0,16,2783.2374999999997,0.0,100.0,99.99,9.0,130.0,216.0,60.2
FRMRSVLW_RN,2026-06-21,5.2,-2.7,35.868500000000004,9.848,45.716499999999996,22.982083333333335,22.1696875,0.8123958333333335,16,7,23,52.40175,-6.68525,69.6,3.43,9.9,7.9,237.60000000000002,3.3
FRMR_BS2_RN1,2026-06-21,0.0,0.0,0.0,0.0,0.0,1.8779166666666667,2.141875,-0.26395833333333324,0,0,0,0.0,0.0,0.0,0.0,6.0,0.0,144.0,0.0
FTDUNCAN_RN,2026-06-21,17.8,-27.900000000000002,37.47975,6.404249999999994,43.88399999999999,23.291666666666668,23.164895833333333,0.12677083333333342,11,13,24,90.32875000000001,-46.44475000000001,45.8,2.3,100.0,45.7,2400.0,1.9
GAIA_SLR_RN,2026-06-21,0.0,0.0,0.0,0.0,0.0,1.6450000000000002,1.6541666666666668,-0.00916666666666662,0,0,0,0.0,0.0,0.0,0.0,76.3,0.0,1831.1999999999998,0.0
GAMBIT_RN,2026-06-21,0.0,0.0,0.0,0.0,0.0,24.719583333333333,23.725104166666668,0.9944791666666668,0,0,0,0.0,0.0,0.0,0.0,100.0,0.0,2400.0,0.0
GARC_BESS_RN,2026-06-21,5.300000000000001,-0.4,5.3092500000000005,0.4585000000000004,5.767750000000001,22.133750000000003,21.278020833333333,0.8557291666666668,14,9,23,11.94125,-6.173499999999999,60.9,1.24,9.9,5.700000000000001,237.60000000000002,2.4
GIGA_ESS_RN,2026-06-21,4.5,-1.1,-2.5247499999999956,3.3472500000000016,0.8225000000000057,23.715,23.569895833333334,0.14510416666666748,14,9,23,9.686500000000008,-8.864,60.9,0.7,125.0,5.6,3000.0,0.2
GKS_BESS_RN,2026-06-21,709.1,-73.2,215.06900000000022,158.92350000000008,373.9925000000003,22.371666666666666,21.571979166666665,0.7996875000000002,15,9,24,1493.9317500000002,-1119.93925,62.5,0.8,77.0,782.3000000000001,1848.0,42.3
GODY_SLR_RN,2026-06-21,121.7,-13.0,-520.3557500000001,-56.567499999999995,-576.92325,6.155833333333334,7.470208333333333,-1.314375,5,6,11,46.080000000000005,-623.0032500000001,45.5,0.09,50.0,134.7,1200.0,11.2
GOMZ_RN,2026-06-21,1.4000000000000001,-8.6,-12.3345,-175.69499999999996,-188.02949999999996,14.667916666666665,25.586875000000003,-10.918958333333334,1,23,24,0.041000000000000016,-188.07049999999995,4.2,0.01,9.9,10.0,237.60000000000002,4.2
GOODWIN_ESR,2026-06-21,76.39999999999999,-44.0,-10.19600000000002,90.69925,80.50325000000002,22.254166666666666,21.490624999999998,0.7635416666666667,15,8,23,284.704,-204.20074999999997,65.2,0.74,9.0,120.39999999999999,216.0,55.7
GRDNE_ESR_RN,2026-06-21,7.4,-29.900000000000002,-58.398999999999994,-75.21225,-133.61124999999998,14.88,22.694999999999997,-7.815,5,19,24,12.359000000000004,-145.97025,20.8,0.32,9.9,37.300000000000004,237.60000000000002,15.7
GREGORY_RN,2026-06-21,125.3,-18.5,169.08749999999995,7.371250000000007,176.45874999999995,25.19666666666667,23.952187499999997,1.2444791666666661,16,8,24,398.59625,-222.1375,66.7,0.9,0.0,143.8,0.0,0.0
GZ_RN,2026-06-21,130.0,-2.2,1160.2874999999997,2.263000000000004,1162.5504999999998,30.050416666666667,24.406770833333336,5.643645833333333,19,5,24,1230.5794999999998,-68.029,79.2,4.76,9.9,132.2,237.60000000000002,55.6
HAMI_BESS_RN,2026-06-21,0.0,-37.0,0.0,-91.72750000000002,-91.72750000000002,1.8333333333333333,1.8455208333333335,-0.012187500000000018,4,6,10,17.86249999999999,-109.59000000000002,40.0,0.24,9.9,37.0,237.60000000000002,15.6
HARLIN_1_RN,2026-06-21,0.0,-16.0,0.0,39.88000000000001,39.88000000000001,5.588333333333334,5.533854166666667,0.05447916666666656,3,1,4,43.0525,-3.1724999999999923,75.0,4.52,0.0,16.0,0.0,0.0
HEADCAMP_RN,2026-06-21,38.5,-5.5,-285.3125,-45.8975,-331.21,3.235416666666667,6.441666666666666,-3.2062500000000003,1,7,8,0.94875,-332.15875,12.5,0.02,150.0,44.0,3600.0,1.2
HEARN_RD_RN,2026-06-21,74.8,-11.799999999999999,-156.28024999999994,15.320999999999989,-140.95924999999997,22.384583333333335,22.674895833333334,-0.2903124999999998,14,10,24,64.953,-205.91224999999991,58.3,0.23,7.0,86.6,168.0,51.5
HEN_RN,2026-06-21,0.0,-9.0,0.0,13.974999999999998,13.974999999999998,0.9258333333333333,0.8852083333333334,0.04062499999999991,5,0,5,13.974999999999998,0.0,100.0,99.99,150.0,9.0,3600.0,0.2
HI_LONEB_RN1,2026-06-21,24.3,-11.5,-160.25775000000002,-117.452,-277.70975000000004,10.527083333333334,15.027187499999998,-4.500104166666667,10,14,24,27.69675,-305.40650000000005,41.7,0.13,50.0,35.8,1200.0,3.0
HLY_RN,2026-06-21,0.0,-25.5,0.0,181.43875000000003,181.43875000000003,0.0,0.0,0.0,8,0,8,181.43875000000003,0.0,100.0,99.99,102.0,25.5,2448.0,1.0
HMNG_ESS_RN,2026-06-21,4.800000000000001,-139.8,26.76699999999999,-47.088999999999984,-20.32199999999998,22.717916666666667,21.849999999999998,0.8679166666666669,14,8,22,147.70149999999998,-168.02349999999998,63.6,0.5,100.0,144.60000000000002,2400.0,6.0
HNY_COMB_RN,2026-06-21,0.0,0.0,0.0,0.0,0.0,28.71,25.665,3.044999999999998,0,0,0,0.0,0.0,0.0,0.0,61.5,0.0,1476.0,0.0
HOLCOMB_RN1,2026-06-21,0.0,0.0,0.0,0.0,0.0,22.14125,20.2296875,1.9115625000000003,0,0,0,0.0,0.0,0.0,0.0,9.9,0.0,237.60000000000002,0.0
HOUSEMTN_RN,2026-06-21,75.30000000000001,-8.6,-1093.4400000000003,-172.35225000000003,-1265.7922500000002,14.542499999999999,25.36270833333333,-10.820208333333333,1,23,24,0.024,-1265.8162500000003,4.2,0.0,60.0,83.9,1440.0,5.8
HRMS_SLR_RN,2026-06-21,0.0,0.0,0.0,0.0,0.0,1.26,1.6026041666666666,-0.34260416666666665,0,0,0,0.0,0.0,0.0,0.0,100.0,0.0,2400.0,0.0
HV_BESS1_RN,2026-06-21,126.0,-20.5,1321.9225000000001,129.83124999999998,1451.75375,27.965,22.4075,5.5575,11,4,15,1505.97875,-54.22499999999995,73.3,10.1,0.0,146.5,0.0,0.0
HWY6_RN,2026-06-21,0.0,0.0,0.0,0.0,0.0,1.8204166666666666,1.8866666666666667,-0.06625000000000014,0,0,0,0.0,0.0,0.0,0.0,9.9,0.0,237.60000000000002,0.0
HYDR_ESS_RN,2026-06-21,8.5,-23.9,-136.21499999999997,-122.81899999999999,-259.034,0.895,3.5858333333333334,-2.6908333333333334,2,8,10,0.4812500000000003,-259.5152499999999,20.0,0.01,200.0,32.4,4800.0,0.7
IND_INADALE1,2026-06-21,72.2,-6.4,-445.87399999999997,-43.398250000000004,-489.27225,9.968333333333334,16.307083333333335,-6.33875,2,22,24,2.833,-492.1052499999999,8.3,0.06,9.9,78.60000000000001,237.60000000000002,33.1
INRT_W_ALL,2026-06-21,6614.5,-16.5,-52768.17275,-85.82150000000001,-52853.994249999996,7.920833333333333,15.820104166666667,-7.8992708333333335,0,24,24,0.0,-52853.99425,0.0,0.0,13.0,6631.0,312.0,2125.3
JADE_SLR_ALL,2026-06-21,66.1,-51.800000000000004,-562.32075,-327.72175,-890.0424999999999,5.512083333333333,14.386979166666668,-8.874895833333333,0,23,23,0.0,-890.0424999999999,0.0,0.0,81.9,117.9,1965.6000000000001,6.0
JAG_SLR_RN,2026-06-21,3.0,-83.3,-5.782499999999999,55.10200000000003,49.31950000000006,21.457083333333333,22.421875,-0.9647916666666662,11,13,24,199.45999999999995,-150.14049999999997,45.8,1.57,150.0,86.3,3600.0,2.4
JAR_RN,2026-06-21,3.2,-75.6,-1.6090000000000004,276.2545000000001,274.64550000000014,23.222083333333334,23.675520833333334,-0.45343749999999994,13,11,24,311.4857500000001,-36.840249999999976,54.2,7.15,156.0,78.8,3744.0,2.1
JC_BAT_RN,2026-06-21,14.600000000000001,-8.8,22.18974999999999,33.92075,56.11049999999999,25.398749999999996,24.115416666666665,1.2833333333333332,13,11,24,65.29774999999998,-9.18725,54.2,6.01,1.2,23.400000000000002,28.799999999999997,81.3
JDKNS_RN,2026-06-21,1.4000000000000001,-5.4,-12.681,-39.46699999999998,-52.14799999999998,15.295416666666668,26.581666666666667,-11.28625,0,9,9,0.0,-52.147999999999975,0.0,0.0,9.9,6.800000000000001,237.60000000000002,2.9
JUNCTION_RN,2026-06-21,107.2,-32.8,3933.25225,1865.02,5798.27225,87.1025,48.97104166666667,38.131458333333335,19,5,24,6361.9865,-563.71425,79.2,2.97,9.9,140.0,237.60000000000002,58.9
JUNORTH_RN,2026-06-21,102.4,-36.0,2274.4655000000002,2383.91,4658.3755,87.1025,48.97104166666667,38.131458333333335,19,5,24,5105.152499999999,-446.77699999999993,79.2,3.01,0.0,138.4,0.0,0.0
KEG_RN,2026-06-21,6.0,-29.0,24.435,57.64,82.075,2.82875,2.4893750000000003,0.339375,7,5,12,128.255,-46.18,58.3,1.98,0.0,35.0,0.0,0.0
KNAPP_RN,2026-06-21,173.4,-4.0,-3366.7174999999993,-27.89999999999999,-3394.6174999999994,12.760833333333332,28.89135416666667,-16.130520833333332,10,14,24,283.56275,-3678.1802499999994,41.7,0.11,0.0,177.4,0.0,0.0
LANTANA_RN,2026-06-21,7.5,-58.5,-29.612499999999997,-62.01249999999999,-91.62499999999999,5.039166666666667,5.612395833333333,-0.5732291666666666,4,8,12,38.98500000000003,-130.61,33.3,0.6,9.9,66.0,237.60000000000002,27.8
LAUR_BESS_RN,2026-06-21,101.2,-46.4,-8.962749999999962,42.69325,33.730500000000056,22.050833333333333,21.744479166666665,0.30635416666666687,15,8,23,246.42224999999996,-212.69174999999993,65.2,0.62,9.0,147.6,216.0,68.3
LBRA_BES1,2026-06-21,4.800000000000001,-0.8,-0.8285000000000016,2.9117499999999996,2.083249999999998,24.313333333333333,23.918645833333333,0.3946874999999997,15,9,24,10.126,-8.042750000000002,62.5,0.76,200.0,5.6000000000000005,4800.0,0.1
LEAKEY_RN,2026-06-21,0.0,-11.0,0.0,16.332500000000003,16.332500000000003,1.8387499999999999,1.6854166666666668,0.15333333333333332,7,3,10,24.495,-8.162499999999996,70.0,1.29,0.0,11.0,0.0,0.0
LFSTH_RN,2026-06-21,0.0,-0.30000000000000004,0.0,1.23925,1.23925,3.495416666666667,3.4051041666666664,0.09031250000000017,2,1,3,1.27375,-0.034499999999999885,66.7,18.46,9.9,0.30000000000000004,237.60000000000002,0.1
LIGSW_RN,2026-06-21,5.6000000000000005,-12.9,9.515999999999998,39.60249999999998,49.11849999999998,22.079166666666666,22.13989583333333,-0.06072916666666672,11,10,21,76.26899999999998,-27.150500000000005,52.4,2.55,6.0,18.5,144.0,12.8
LILY_RN,2026-06-21,65.60000000000001,-2.5,54.88275000000005,7.124500000000001,62.00725000000005,22.633750000000003,22.382291666666664,0.2514583333333334,14,10,24,188.02075000000002,-126.01350000000001,58.3,1.07,50.0,68.10000000000001,1200.0,5.7
LK_RN,2026-06-21,0.0,0.0,0.0,0.0,0.0,0.0,0.0,0.0,0,0,0,0.0,0.0,0.0,0.0,0.0,0.0,0.0,0.0
LMO_ESR_RN,2026-06-21,3.2,-1.4000000000000001,-3.423499999999999,3.128250000000003,-0.2952499999999951,22.3225,22.560625,-0.23812499999999917,12,10,22,7.444750000000004,-7.739999999999998,54.5,0.8,100.0,4.6000000000000005,2400.0,0.2
LONESTAR_RN,2026-06-21,1.4000000000000001,-13.4,-11.929500000000003,-82.52450000000003,-94.45400000000004,15.153333333333334,26.094270833333336,-10.940937499999999,1,23,24,0.0665,-94.52050000000001,4.2,0.02,9.9,14.8,237.60000000000002,6.2
LON_RN1,2026-06-21,13.0,-13.1,100.66699999999999,-8.277500000000014,92.38949999999997,27.334999999999997,23.828541666666666,3.5064583333333332,19,5,24,114.14649999999999,-21.757000000000005,79.2,1.38,174.0,26.1,4176.0,0.6
LOWR_ESS_RN,2026-06-21,0.8,-16.0,1.9172500000000003,44.607499999999995,46.52475,7.621666666666667,6.8228125,0.7988541666666668,9,3,12,50.842000000000006,-4.317250000000011,75.0,3.93,34.0,16.8,816.0,2.1
LUCKYBLU_RN,2026-06-21,10.0,-4.0,-162.20000000000002,-21.349999999999998,-183.55,9.422083333333333,13.9546875,-4.532604166666666,2,4,6,26.497500000000002,-210.0475,33.3,0.25,100.0,14.0,2400.0,0.6
LYNX_ESS_RN,2026-06-21,0.0,0.0,0.0,0.0,0.0,0.0,0.0,0.0,0,0,0,0.0,0.0,0.0,0.0,20.0,0.0,480.0,0.0
LYSSY_RN,2026-06-21,59.8,-19.3,-142.6985,74.07924999999999,-68.61925000000001,24.68541666666667,24.04104166666667,0.6443750000000001,15,9,24,128.47549999999998,-197.09475,62.5,0.39,0.0,79.1,0.0,0.0
L_FRE_ESR_RN,2026-06-21,5.1000000000000005,-5.4,2.89225,13.3845,16.27675,22.10166666666667,21.712083333333336,0.3895833333333332,15,9,24,21.825750000000003,-5.549000000000001,62.5,2.36,9.9,10.5,237.60000000000002,4.4
MADERO_RN,2026-06-21,3.0,0.0,16.410000000000004,0.0,16.410000000000004,3.7587500000000005,3.0267708333333334,0.7319791666666667,1,0,1,16.410000000000004,0.0,100.0,99.99,100.0,3.0,2400.0,0.1
MAINLAND_RN,2026-06-21,12.700000000000001,-29.7,293.8335,108.87175,402.70525000000004,32.060833333333335,23.899583333333336,8.16125,19,5,24,411.23575,-8.530500000000004,79.2,12.69,9.9,42.4,237.60000000000002,17.8
MEDILA_RN,2026-06-21,78.1,-10.8,113.97700000000002,46.03550000000001,160.01250000000002,27.7375,24.1296875,3.6078124999999996,18,6,24,267.43575000000004,-107.42325,75.0,0.83,0.0,88.89999999999999,0.0,0.0
MEDINA1_RN,2026-06-21,6.0,0.0,22.455,0.0,22.455,1.8704166666666666,1.5585416666666667,0.31187499999999996,1,1,2,26.3325,-3.8775000000000013,50.0,6.79,0.0,6.0,0.0,0.0
MESQUITE_RN,2026-06-21,22.0,-16.5,46.50250000000002,-9.253750000000005,37.248750000000015,5.065,4.648645833333333,0.41635416666666675,4,3,7,59.16625000000001,-21.917499999999997,57.1,2.02,9.9,38.5,237.60000000000002,16.2
MESQUITE_RN2,2026-06-21,8.5,0.0,12.846249999999994,0.0,12.846249999999994,5.175416666666667,5.176354166666667,-0.0009374999999998875,1,1,2,37.303749999999994,-24.4575,50.0,1.53,0.0,8.5,0.0,0.0
MIDP_SLR_RN,2026-06-21,69.5,-6.3,-89.31024999999997,9.664499999999999,-79.64574999999998,21.70625,21.786770833333332,-0.08052083333333286,12,11,23,142.62850000000003,-222.27424999999997,52.2,0.59,50.9,75.8,1221.6,6.2
MIDWY_RN,2026-06-21,1.4000000000000001,-8.6,-11.38,-79.89,-91.27000000000001,15.485833333333332,26.2825,-10.796666666666667,1,23,24,0.085,-91.35500000000002,4.2,0.02,9.9,10.0,237.60000000000002,4.2
MILTON_RN,2026-06-21,64.8,-35.7,-84.86200000000011,51.98824999999995,-32.87375000000016,24.43166666666667,24.034166666666668,0.39749999999999924,15,9,24,168.27424999999994,-201.14800000000005,62.5,0.5,9.9,100.5,237.60000000000002,42.3
MNWL_BESS_RN,2026-06-21,9.0,-28.2,39.421,745.5822499999999,785.00325,36.02875,24.59385416666667,11.434895833333334,21,3,24,797.12525,-12.122000000000003,87.5,9.39,9.9,37.2,237.60000000000002,15.7
MOORE_FL_RN,2026-06-21,35.099999999999994,-17.2,-72.60924999999997,-0.046999999999997044,-72.65624999999997,22.39375,21.547708333333333,0.8460416666666669,15,8,23,111.38625,-184.0425,65.2,0.32,9.0,52.3,216.0,24.2
MUENSTER_RN,2026-06-21,8.6,-48.8,-22.852999999999998,22.246250000000035,-0.6067499999999635,22.446250000000003,21.59364583333333,0.8526041666666666,14,9,23,40.633750000000006,-41.24049999999997,60.9,0.63,9.9,57.4,237.60000000000002,24.2
MUSTNGCK_ALL,2026-06-21,61.4,-1.1,0.3342499999999582,3.2660000000000022,3.600249999999951,23.99416666666667,23.640625,0.3535416666666669,15,9,24,105.88749999999996,-102.28725,62.5,0.62,71.0,62.5,1704.0,3.7
MU_RN,2026-06-21,10.200000000000001,-5.1000000000000005,124.11500000000001,9.362249999999996,133.47725000000003,30.624583333333334,23.936041666666668,6.688541666666667,19,5,24,144.35475000000002,-10.877500000000003,79.2,3.49,9.9,15.3,237.60000000000002,6.4
MV_VALV4_RN,2026-06-21,4.6000000000000005,-20.2,4.088000000000001,87.09899999999999,91.18699999999998,22.650833333333335,21.607708333333335,1.043125,16,8,24,96.05399999999999,-4.867000000000002,66.7,9.87,9.9,24.8,237.60000000000002,10.4
MYRY_BES2_RN,2026-06-21,27.2,-15.2,60.611000000000004,-17.151000000000025,43.45999999999999,22.41,21.533541666666668,0.876458333333333,16,8,24,86.51175000000002,-43.05175000000004,66.7,1.0,7.0,42.4,168.0,25.2
MYRY_ESR_RN,2026-06-21,0.0,0.0,0.0,0.0,0.0,2.66,2.4307291666666666,0.2292708333333334,0,0,0,0.0,0.0,0.0,0.0,9.9,0.0,237.60000000000002,0.0
MYR_ALL,2026-06-21,23.5,0.0,82.65624999999999,0.0,82.65624999999999,10.731250000000001,9.913958333333333,0.8172916666666664,5,6,11,107.71875,-25.062500000000004,45.5,5.16,76.3,23.5,1831.1999999999998,1.3
NCO_RN,2026-06-21,0.0,0.0,0.0,0.0,0.0,3.4737500000000003,3.06375,0.41,0,0,0,0.0,0.0,0.0,0.0,38.8,0.0,931.1999999999999,0.0
NEDIN_RN,2026-06-21,3.0,0.0,-23.385000000000005,0.0,-23.385000000000005,2.53625,2.6308333333333334,-0.09458333333333346,0,1,1,0.0,-23.385000000000005,0.0,0.0,0.0,3.0,0.0,0.0
NF_BRP_RN,2026-06-21,139.6,0.0,-267.05549999999994,0.0,-267.05549999999994,4.784583333333333,5.199791666666666,-0.41520833333333323,2,3,5,175.56574999999995,-442.6212499999999,40.0,0.59,100.5,139.6,2412.0,5.8
NOBLESLR_ALL,2026-06-21,1205.7,-15.600000000000001,1045.0210000000013,66.4845,1111.5055000000011,11.121666666666668,11.767395833333333,-0.6457291666666666,11,7,18,2250.930250000001,-1139.4247499999997,61.1,1.26,62.5,1221.3,1500.0,81.4
NWF_NWF1,2026-06-21,349.9,-8.5,-4087.0137499999996,-78.89150000000001,-4165.90525,15.904166666666667,25.955,-10.050833333333333,2,22,24,3.215999999999997,-4169.121249999999,8.3,0.01,36.0,358.4,864.0,41.5
N_AL_BESS_RN,2026-06-21,5.500000000000001,-38.2,5.936250000000005,12.46350000000005,18.399750000000054,22.599166666666665,21.593958333333333,1.005208333333334,16,8,24,71.92850000000003,-53.528749999999974,66.7,0.67,9.9,43.7,237.60000000000002,18.4
N_MRD_ESR_RN,2026-06-21,5.500000000000001,-8.2,6.544999999999999,2.3895,8.9345,22.754166666666666,21.662291666666665,1.0918749999999997,17,7,24,20.12825,-11.19375,70.8,0.74,9.9,13.7,237.60000000000002,5.8
ODESW_RN,2026-06-21,1.4000000000000001,-192.6,-11.9085,-2263.91025,-2275.81875,15.692916666666667,26.5690625,-10.876145833333334,1,23,24,0.09,-2275.9087499999996,4.2,0.0,10.0,194.0,240.0,80.8
OLMITO_RN,2026-06-21,10.0,-7.5,51.97500000000001,-1.2312499999999993,50.74375000000001,3.6179166666666664,2.7516666666666665,0.8662500000000003,5,2,7,57.68125000000001,-6.937500000000005,71.4,3.33,0.0,17.5,0.0,0.0
OLNEYTN_RN,2026-06-21,27.1,0.0,1266.68925,0.0,1266.68925,23.066666666666666,4.674791666666667,18.391875,4,0,4,1266.6892500000001,0.0,100.0,99.99,9.9,27.1,237.60000000000002,11.4
OR_BESS_RN,2026-06-21,0.0,-8.3,0.0,-2.0505000000000075,-2.0505000000000075,1.9345833333333333,1.8351041666666668,0.09947916666666663,5,2,7,25.029499999999995,-27.080000000000005,71.4,0.37,9.9,8.3,237.60000000000002,3.5
PAD1_ESS_RN,2026-06-21,4.2,-0.6000000000000001,1.976,1.9504999999999995,3.9265,24.9025,24.084479166666668,0.8180208333333333,15,9,24,10.5435,-6.617,62.5,0.96,50.0,4.800000000000001,1200.0,0.4
PAD2_ESS_RN,2026-06-21,0.0,-12.0,0.0,14.849999999999994,14.849999999999994,0.9454166666666667,0.8139583333333333,0.13145833333333337,4,2,6,31.614999999999995,-16.765,66.7,0.94,150.0,12.0,3600.0,0.3
PALACIOS_RN,2026-06-21,60.599999999999994,-57.5,-214.97975,106.40149999999997,-108.57825000000004,24.1075,23.645104166666666,0.46239583333333306,14,9,23,131.28074999999998,-239.85900000000004,60.9,0.35,7.0,118.1,168.0,70.3
PALE_ESS_EN,2026-06-21,0.0,-7.5,0.0,-101.39949999999999,-101.39949999999999,-0.19708333333333336,1.2472916666666667,-1.444375,0,7,7,0.0,-101.39949999999999,0.0,0.0,200.0,7.5,4800.0,0.2
PAULN_RN,2026-06-21,11.1,-2.5,2.3480000000000065,5.481999999999999,7.830000000000005,22.247500000000002,22.407812500000002,-0.1603125000000003,13,11,24,19.434999999999995,-11.60499999999999,54.2,1.42,9.9,13.6,237.60000000000002,5.7
PAVLOV_BT_RN,2026-06-21,4.300000000000001,-25.2,-1.2042499999999994,20.070249999999984,18.865999999999985,23.87125,23.630312500000002,0.24093749999999972,14,10,24,36.28224999999999,-17.416250000000005,58.3,1.49,9.9,29.5,237.60000000000002,12.4
PAVO_ESS_ALL,2026-06-21,36.099999999999994,-2.5,-409.3507499999999,-18.4375,-427.7882499999999,6.6120833333333335,9.047916666666667,-2.435833333333333,0,4,4,0.0,-427.78824999999983,0.0,0.0,87.5,38.599999999999994,2100.0,1.8
PEARSALL_RN,2026-06-21,0.0,0.0,0.0,0.0,0.0,3.1566666666666667,3.093125,0.06354166666666668,0,0,0,0.0,0.0,0.0,0.0,9.9,0.0,237.60000000000002,0.0
PHO_ALL,2026-06-21,31.0,-13.6,-79.77499999999998,-1.275249999999982,-81.05024999999996,10.475416666666666,11.895208333333334,-1.4197916666666666,3,11,14,15.140000000000013,-96.19024999999998,21.4,0.58,150.0,44.6,3600.0,1.2
PINEFRST_RN,2026-06-21,34.7,-11.299999999999999,37.871000000000016,88.5745,126.4455,22.882500000000004,21.906354166666663,0.976145833333334,16,8,24,180.93500000000003,-54.48950000000001,66.7,1.66,200.0,46.0,4800.0,1.0
PIN_BESS_RN,2026-06-21,6.0,-11.5,14.039999999999985,-17.221250000000026,-3.181250000000041,4.398333333333333,4.249791666666667,0.14854166666666643,1,2,3,35.85749999999999,-39.03875000000003,33.3,1.84,0.0,17.5,0.0,0.0
PIRATE_RN,2026-06-21,104.69999999999999,-27.6,-88.4447500000001,82.49500000000003,-5.949750000000066,23.234166666666667,23.191770833333333,0.04239583333333311,15,8,23,235.60975000000002,-241.55950000000013,65.2,0.52,9.8,132.29999999999998,235.20000000000002,56.2
PLATINUM_RN,2026-06-21,12.7,-4.9,23.58925000000001,31.802,55.39125000000001,22.640416666666667,21.7459375,0.8944791666666676,16,7,23,62.05425000000001,-6.662999999999999,69.6,4.07,128.0,17.6,3072.0,0.6
POTEETS_RN,2026-06-21,11.0,-10.3,9.384750000000004,43.08899999999997,52.473749999999974,24.019166666666667,23.75,0.26916666666666683,14,8,22,59.089999999999975,-6.616250000000001,63.6,5.1,9.9,21.3,237.60000000000002,9.0
POTSVIL_RN,2026-06-21,239.5,-18.3,-2573.4079999999994,52.69174999999999,-2520.7162499999995,38.34875,42.49458333333333,-4.145833333333333,15,9,24,1037.52475,-3558.241,62.5,0.17,9.9,257.8,237.60000000000002,108.5
PRCRK_RN,2026-06-21,5.4,-2.3000000000000003,14.768999999999993,7.7735,22.542499999999993,22.81375,22.31822916666667,0.495520833333334,14,8,22,29.20074999999999,-6.658249999999999,63.6,2.51,9.9,7.700000000000001,237.60000000000002,3.2
PTLBES_BESS1,2026-06-21,168.5,-12.9,-39.11899999999994,14.281249999999995,-24.837749999999932,24.22,23.6790625,0.5409375000000005,14,9,23,260.10275,-284.9404999999999,60.9,0.59,6.0,181.4,144.0,126.0
PYR_PYRON1,2026-06-21,2152.9,0.0,-12759.019999999999,0.0,-12759.019999999999,9.968333333333334,16.307083333333335,-6.33875,2,22,24,137.34000000000003,-12896.36,8.3,0.12,15.1,2152.9,362.4,594.1
QUEEN_BA_RN,2026-06-21,105.3,-33.6,-1244.0575000000001,-151.7765,-1395.834,14.475416666666668,25.565625,-11.090208333333335,1,23,24,0.030999999999999986,-1395.8649999999998,4.2,0.0,50.0,138.9,1200.0,11.6
RADN_SLR_ALL,2026-06-21,249.70000000000002,-58.3,-1895.3642499999999,-275.72575,-2171.0899999999997,9.089583333333334,13.715729166666668,-4.626145833333333,3,21,24,115.78750000000002,-2286.8775,12.5,0.35,81.9,308.0,1965.6000000000001,15.7
RBN_BESS1,2026-06-21,4.0,-22.1,2.708000000000001,17.651,20.359,24.65041666666667,23.607812499999998,1.0426041666666663,16,8,24,67.87049999999999,-47.51149999999999,66.7,0.71,100.0,26.1,2400.0,1.1
RHESS2_ESS1,2026-06-21,34.1,-77.0,-130.59775000000002,-161.14999999999998,-291.74775,9.12875,9.829375,-0.700625,6,6,12,161.78250000000003,-453.53024999999997,50.0,0.36,9.9,111.1,237.60000000000002,46.8
RIOG_ESR2_RN,2026-06-21,0.0,-0.2,0.0,-0.13600000000000032,-0.13600000000000032,2.4804166666666667,2.6572916666666666,-0.1768749999999999,1,1,2,0.01999999999999993,-0.15600000000000025,50.0,0.13,9.9,0.2,237.60000000000002,0.1
RIOG_ESR_RN,2026-06-21,4.0,-0.2,6.9199999999999875,-0.13600000000000032,6.783999999999987,18.014166666666664,17.519166666666667,0.49499999999999983,2,1,3,6.939999999999987,-0.15600000000000025,66.7,22.24,9.9,4.2,237.60000000000002,1.8
RN_BY_ESR1,2026-06-21,0.0,0.0,0.0,0.0,0.0,1.4179166666666667,1.2122916666666665,0.20562500000000009,0,0,0,0.0,0.0,0.0,0.0,0.0,0.0,0.0,0.0
RN_PAD3_ESS,2026-06-21,8.5,0.0,-26.271250000000006,0.0,-26.271250000000006,6.597499999999999,6.693541666666666,-0.09604166666666696,1,1,2,7.0724999999999945,-33.34375,50.0,0.21,0.0,8.5,0.0,0.0
RN_QTUM_SLR,2026-06-21,485.6,0.0,-6222.737000000001,0.0,-6222.737000000001,1.00625,6.2406250000000005,-5.234375,0,5,5,0.0,-6222.737,0.0,0.0,160.0,485.6,3840.0,12.6
RN_RHN_ESR,2026-06-21,8.5,0.0,0.6800000000000246,0.0,0.6800000000000246,2.9616666666666664,3.0332291666666666,-0.0715624999999999,1,1,2,7.535000000000025,-6.855,50.0,1.1,200.0,8.5,4800.0,0.2
RN_SOLC_SLR,2026-06-21,1130.5,-32.0,-18817.359249999998,-51.754999999999924,-18869.11425,1.2804166666666668,6.3351041666666665,-5.0546875,0,6,6,0.0,-18869.11425,0.0,0.0,160.0,1162.5,3840.0,30.3
ROSELAND_ALL,2026-06-21,605.2,-213.20000000000002,-2022.41125,70.28674999999984,-1952.1245000000004,21.845416666666665,22.503854166666667,-0.6584375000000006,12,12,24,523.4064999999996,-2475.531,50.0,0.21,50.0,818.4000000000001,1200.0,68.2
RPUBRDS_RN,2026-06-21,70.8,-1.1,181.1345,3.411499999999999,184.54600000000002,23.53125,22.658541666666665,0.8727083333333333,16,7,23,191.41800000000006,-6.872000000000021,69.6,12.19,39.5,71.89999999999999,948.0,7.6
RRANCHES_ALL,2026-06-21,4.4,-529.7,-70.0475,-5379.9555,-5450.003,15.0525,26.079583333333332,-11.027083333333332,1,23,24,7.8119999999999985,-5457.8150000000005,4.2,0.03,150.0,534.1,3600.0,14.8
RRC_WIND_ALL,2026-06-21,130.7,-5.0,-880.37525,-33.4915,-913.86675,9.839166666666667,16.516875000000002,-6.677708333333334,1,23,24,2.326500000000002,-916.1932500000001,4.2,0.06,61.9,135.7,1485.6,9.1
RTLSNAKE_BT,2026-06-21,0.0,-32.2,0.0,-211.51399999999998,-211.51399999999998,0.009583333333333333,0.56125,-0.5516666666666666,1,8,9,0.9599999999999999,-212.474,11.1,0.04,9.9,32.2,237.60000000000002,13.6
RUSSEKST_RN,2026-06-21,101.9,-3.5000000000000004,-828.3185000000002,-29.006250000000005,-857.3247500000002,15.26625,22.339479166666667,-7.073229166666668,6,18,24,82.54099999999997,-939.8657500000002,25.0,0.26,9.9,105.4,237.60000000000002,44.4
RVN_RN,2026-06-21,0.0,0.0,0.0,0.0,0.0,28.16333333333333,23.74083333333333,4.4224999999999985,0,0,0,0.0,0.0,0.0,0.0,0.0,0.0,0.0,0.0
RVRVLYS_ALL,2026-06-21,36.9,-1.1,-226.85800000000006,3.3185000000000016,-223.53950000000006,23.972916666666666,23.36520833333333,0.6077083333333334,15,9,24,15.624250000000002,-239.16375000000008,62.5,0.04,50.0,38.0,1200.0,3.2
SADLBACK_RN,2026-06-21,14.3,-18.4,-92.4915,-141.9025,-234.39399999999998,14.935416666666667,25.944895833333334,-11.009479166666665,1,23,24,0.8602499999999998,-235.25424999999996,4.2,0.08,9.9,32.7,237.60000000000002,13.8
SAH_RN,2026-06-21,0.0,0.0,0.0,0.0,0.0,3.1675000000000004,3.3017708333333338,-0.1342708333333332,0,0,0,0.0,0.0,0.0,0.0,200.0,0.0,4800.0,0.0
SANDLAKE_RN,2026-06-21,0.0,-5.0,0.0,-31.824999999999992,-31.824999999999992,-0.05333333333333334,-0.02677083333333333,-0.026562500000000003,0,1,1,0.0,-31.824999999999992,0.0,0.0,9.9,5.0,237.60000000000002,2.1
SBEAN_BESS,2026-06-21,1.4000000000000001,-8.4,-12.3175,-72.43450000000001,-84.75200000000001,15.081666666666669,26.15760416666667,-11.0759375,1,23,24,0.06499999999999999,-84.81700000000001,4.2,0.02,9.9,9.8,237.60000000000002,4.1
SEVNF_ES_RN,2026-06-21,0.0,-49.0,0.0,68.89875000000006,68.89875000000006,7.852916666666666,7.556770833333334,0.29614583333333394,7,3,10,120.81750000000005,-51.918749999999996,70.0,1.0,100.0,49.0,2400.0,2.0
SGSA_DGR,2026-06-21,3.0,-15.0,-80.8425,-179.125,-259.9675,2.8295833333333333,4.7370833333333335,-1.9075,0,3,3,0.0,-259.9675,0.0,0.0,9.9,18.0,237.60000000000002,7.6
SG_BES_BESS1,2026-06-21,264.8,-39.4,-3600.06525,-528.7075,-4128.77275,14.512500000000001,24.851770833333333,-10.339270833333334,1,23,24,0.03799999999999999,-4128.81075,4.2,0.0,100.0,304.2,2400.0,12.7
SHAMROCK_RN,2026-06-21,4106.2,-13.8,-18188.785499999998,-143.23075000000003,-18332.01625,10.11875,14.791875,-4.673125,10,14,24,3961.82425,-22293.8405,41.7,0.25,99.3,4120.0,2383.2,172.9
SHEEPCRK_1,2026-06-21,434.5,0.0,-3238.97075,0.0,-3238.97075,9.839166666666667,16.516875000000002,-6.677708333333334,1,23,24,22.842000000000024,-3261.8127500000005,4.2,0.16,135.0,434.5,3240.0,13.4
SLCN_ESS_ALL,2026-06-21,4.800000000000001,-1.1,-1.6507500000000026,3.3334999999999995,1.6827499999999969,23.715,23.525729166666665,0.18927083333333275,15,9,24,10.2875,-8.604750000000003,62.5,0.72,50.0,5.9,1200.0,0.5
SLK_BESS_RN,2026-06-21,0.0,0.0,0.0,0.0,0.0,0.85125,1.3539583333333332,-0.5027083333333332,0,0,0,0.0,0.0,0.0,0.0,0.0,0.0,0.0,0.0
SMTH_ESS_RN,2026-06-21,24.6,-33.3,-66.86450000000002,278.31025000000005,211.44575000000003,23.12125,22.440104166666668,0.6811458333333332,15,8,23,296.12350000000004,-84.67775000000003,65.2,1.87,125.0,57.9,3000.0,1.9
SNY_BESS_RN,2026-06-21,37.300000000000004,-169.2,-168.97849999999994,748.7255,579.7470000000001,17.356666666666666,17.753020833333334,-0.39635416666666656,13,10,23,906.2902499999999,-326.54324999999994,56.5,2.13,9.9,206.5,237.60000000000002,86.9
SPTX12B_RN,2026-06-21,66.1,0.0,-737.09775,0.0,-737.09775,4.007916666666667,10.1646875,-6.156770833333333,1,13,14,0.18499999999999994,-737.28275,7.1,0.0,25.0,66.1,600.0,11.0
SP_RN,2026-06-21,4.2,-29.1,46.17575,193.88049999999996,240.05624999999995,34.32125,24.154687499999998,10.1665625,20,4,24,246.62224999999995,-6.565999999999997,83.3,7.51,9.9,33.300000000000004,237.60000000000002,14.0
SROSA_ESR_RN,2026-06-21,0.6000000000000001,-14.0,1.5990000000000002,34.2375,35.8365,6.2370833333333335,5.564583333333334,0.6725,6,1,7,36.83075,-0.9942499999999989,85.7,6.17,9.9,14.6,237.60000000000002,6.1
STADIUM_RN,2026-06-21,34.0,-38.5,177.58125000000007,52.61374999999997,230.19500000000002,11.758750000000001,10.523229166666667,1.2355208333333336,8,1,9,239.64125,-9.446250000000006,88.9,3.17,9.9,72.5,237.60000000000002,30.5
STAM_SLR_ALL,2026-06-21,45.5,-2.8000000000000003,-142.26625,10.226250000000002,-132.04,22.5825,21.761875,0.8206250000000006,16,7,23,70.00650000000002,-202.04650000000004,69.6,0.15,70.0,48.3,1680.0,2.9
STRG_SLR_ALL,2026-06-21,24.5,-3.1,-19.498750000000015,2.4054999999999915,-17.09325000000002,23.4025,23.135625,0.2668749999999995,14,10,24,32.61725,-49.71050000000002,58.3,0.47,100.0,27.6,2400.0,1.1
SUNVASLR_ALL,2026-06-21,345.1,-22.9,-2697.669,-16.353250000000045,-2714.02225,18.636666666666667,22.278645833333332,-3.6419791666666668,8,16,24,82.26774999999998,-2796.29,33.3,0.06,53.3,368.0,1279.1999999999998,28.8
SWOOSE1_U1,2026-06-21,8.3,-4.6000000000000005,-117.71000000000001,-45.327,-163.037,15.16375,26.192291666666666,-11.028541666666667,1,23,24,0.06800000000000002,-163.10500000000002,4.2,0.01,9.9,12.900000000000002,237.60000000000002,5.4
SWOOSEII_RN,2026-06-21,0.0,0.0,0.0,0.0,0.0,2.7112499999999997,3.7375000000000003,-1.02625,0,0,0,0.0,0.0,0.0,0.0,100.0,0.0,2400.0,0.0
SWT_BESS_RN,2026-06-21,44.4,-22.5,-188.42725000000002,-110.748,-299.17525,14.4525,17.789166666666667,-3.3366666666666664,10,12,22,22.700250000000008,-321.8755,45.5,0.08,9.9,66.9,237.60000000000002,28.2
TANZ_ESS_RN,2026-06-21,0.0,0.0,0.0,0.0,0.0,4.170416666666667,3.536354166666667,0.6340625000000001,0,0,0,0.0,0.0,0.0,0.0,0.0,0.0,0.0,0.0
TBWF_ES_BES1,2026-06-21,26.099999999999998,-1.0,-293.40749999999997,-29.875000000000004,-323.28249999999997,3.8487500000000003,6.255416666666666,-2.4066666666666667,0,4,4,0.0,-323.2825,0.0,0.0,150.0,27.099999999999998,3600.0,0.8
TDWLPR_1_RN,2026-06-21,0.0,-39.0,0.0,203.95750000000004,203.95750000000004,6.24875,5.733645833333333,0.5151041666666668,2,0,2,203.95750000000004,0.0,100.0,99.99,100.0,39.0,2400.0,1.6
TNFS_RN,2026-06-21,0.0,0.0,0.0,0.0,0.0,2.2920833333333333,4.916458333333334,-2.624375,0,0,0,0.0,0.0,0.0,0.0,9.9,0.0,237.60000000000002,0.0
TORR_ALL,2026-06-21,707.2,-30.1,-1000.0130000000004,20.317500000000024,-979.6955000000003,19.44333333333333,18.755729166666665,0.6876041666666669,12,12,24,1722.9985000000001,-2702.6940000000004,50.0,0.64,0.0,737.3000000000001,0.0,0.0
TORT_ESS_RN,2026-06-21,3.0,0.0,73.0575,0.0,73.0575,1.66125,0.6465625,1.0146875,1,0,1,73.0575,0.0,100.0,99.99,48.3,3.0,1159.1999999999998,0.3
TOYAH_RN,2026-06-21,0.0,-10.0,0.0,-147.4,-147.4,0.96875,2.3358333333333334,-1.3670833333333332,0,2,2,0.0,-147.4,0.0,0.0,9.9,10.0,237.60000000000002,4.2
TRIPBUT1_RN,2026-06-21,10.9,-19.2,-182.168,-240.99624999999997,-423.16425,14.502083333333333,25.071250000000003,-10.569166666666666,1,23,24,0.023,-423.18724999999995,4.2,0.0,7.5,30.1,180.0,16.7
TSECA_ES_RN,2026-06-21,0.0,0.0,0.0,0.0,0.0,3.4379166666666667,4.833749999999999,-1.3958333333333333,0,0,0,0.0,0.0,0.0,0.0,100.0,0.0,2400.0,0.0
TURQ_BESS1,2026-06-21,23.0,0.0,-99.5595,0.0,-99.5595,6.1937500000000005,6.8859375,-0.6921874999999998,2,5,7,21.087500000000002,-120.647,28.6,0.44,186.0,23.0,4464.0,0.5
TV_RN,2026-06-21,4.0,-6.699999999999999,4.4990000000000006,4.633999999999982,9.132999999999981,25.337083333333336,23.926145833333333,1.4109375,17,7,24,14.167499999999983,-5.034500000000001,70.8,1.16,9.8,10.7,235.20000000000002,4.5
TYNAN_RN,2026-06-21,4.800000000000001,-0.8,-6.966750000000004,1.3444999999999983,-5.6222500000000055,23.772499999999997,24.729166666666668,-0.9566666666666674,15,9,24,8.524249999999999,-14.146500000000003,62.5,0.36,9.9,5.6000000000000005,237.60000000000002,2.4
UTOPIA_RN,2026-06-21,29.1,-68.0,83.36399999999996,76.60499999999995,159.9689999999999,15.89,15.213125,0.6768749999999996,8,4,12,195.4274999999999,-35.4585,66.7,2.76,7.0,97.1,168.0,57.8
VERT_ESS_RN,2026-06-21,6.0,0.0,108.77999999999999,0.0,108.77999999999999,4.634166666666666,3.0556249999999996,1.5785416666666665,2,0,2,108.77999999999999,0.0,100.0,99.99,200.0,6.0,4800.0,0.1
VORT_ALL_RN,2026-06-21,271.0,-6.6000000000000005,-1848.44475,-48.303000000000004,-1896.74775,8.161666666666667,16.01,-7.848333333333334,0,24,24,0.0,-1896.74775,0.0,0.0,121.8,277.6,2923.2,9.5
WAL_RN,2026-06-21,4.0,-14.6,2.7335000000000003,17.135250000000006,19.868750000000006,24.675833333333333,23.623125,1.0527083333333334,16,8,24,35.25450000000001,-15.385750000000002,66.7,1.15,200.0,18.6,4800.0,0.4
WFTANK_ESS1,2026-06-21,22.1,-230.1,278.96049999999997,571.1829999999999,850.1434999999999,21.24125,19.802395833333332,1.4388541666666665,14,10,24,1188.85625,-338.71275,58.3,2.51,150.0,252.2,3600.0,7.0
WIG_BESS_RN,2026-06-21,0.0,-2.2,0.0,4.834500000000004,4.834500000000004,0.0,0.0,0.0,2,0,2,4.834500000000004,0.0,100.0,99.99,120.0,2.2,2880.0,0.1
WLTC_ESR_RN,2026-06-21,4.4,-1.0,-3.8352499999999976,-0.1842499999999987,-4.019499999999996,21.682916666666667,22.419166666666666,-0.7362499999999995,11,12,23,3.7045000000000043,-7.724,47.8,0.52,9.9,5.4,237.60000000000002,2.3
WOV_BESS_RN,2026-06-21,1.4000000000000001,-20.700000000000003,-11.337,-69.36624999999998,-80.70324999999998,15.6425,26.460104166666667,-10.817604166666667,1,23,24,0.09400000000000001,-80.79724999999998,4.2,0.03,9.9,22.1,237.60000000000002,9.3
WRSBES_BESS1,2026-06-21,6.0,0.0,-115.51500000000001,0.0,-115.51500000000001,4.8933333333333335,7.576041666666666,-2.6827083333333337,0,2,2,0.0,-115.51500000000001,0.0,0.0,9.7,6.0,232.79999999999998,2.6
WR_RN,2026-06-21,4.0,-1.1,2.0555,3.4500000000000015,5.505500000000001,24.553749999999997,23.648750000000003,0.9050000000000001,16,8,24,10.764000000000001,-5.2585000000000015,66.7,1.02,9.9,5.1,237.60000000000002,2.1
WZRD_ESS_RN,2026-06-21,4.0,-6.3,40.427,30.58574999999999,71.01274999999998,33.02125,23.936041666666668,9.085208333333334,19,5,24,73.02624999999999,-2.0135000000000005,79.2,9.54,150.0,10.3,3600.0,0.3
W_HRL_ESR_RN,2026-06-21,8.3,-0.2,-19.465500000000002,0.4555,-19.01,22.567916666666665,21.75072916666667,0.8171875000000001,15,8,23,10.4665,-29.4765,65.2,0.19,9.9,8.5,237.60000000000002,3.6
X443ESRN,2026-06-21,8.0,-0.7000000000000001,-18.997750000000003,2.0587500000000016,-16.939,24.857083333333332,24.132604166666667,0.7244791666666668,15,9,24,11.334000000000003,-28.273,62.5,0.24,10.0,8.7,240.0,3.6
Z0_DGR2_RN,2026-06-21,0.0,0.0,0.0,0.0,0.0,4.3500000000000005,3.919791666666667,0.4302083333333333,0,0,0,0.0,0.0,0.0,0.0,9.9,0.0,237.60000000000002,0.0
ZIER_SLR_ALL,2026-06-21,595.2,-209.6,-2715.80375,-143.07250000000002,-2858.87625,18.26875,21.457916666666666,-3.189166666666667,7,16,23,680.133,-3539.0092499999996,30.4,0.44,40.0,804.8000000000001,960.0,83.8
ABINDUST_RN,2026-06-22,12.700000000000001,-17.400000000000002,-263.10024999999996,-433.07,-696.17025,26.403750000000002,41.39989583333333,-14.996145833333335,7,17,24,7.957,-704.12725,29.2,0.03,9.9,30.1,237.60000000000002,12.7
ADL_RN,2026-06-22,21.3,-0.5,19.96175000000001,-6.4882500000000025,13.473500000000005,33.464999999999996,33.977916666666665,-0.5129166666666668,14,10,24,64.27250000000001,-50.799,58.3,0.9,60.0,21.8,1440.0,1.5
AE_RN,2026-06-22,3.8000000000000003,-129.20000000000002,-4.704000000000001,-38.13575000000006,-42.83975000000005,29.495416666666667,32.694583333333334,-3.1991666666666667,9,13,22,151.812,-194.65175000000008,40.9,1.13,9.9,133.00000000000003,237.60000000000002,56.0
ALAMO_ST_RN,2026-06-22,3.0,0.0,-55.245,0.0,-55.245,1.4658333333333333,2.233125,-0.7672916666666666,0,1,1,0.0,-55.245,0.0,0.0,9.9,3.0,237.60000000000002,1.3
ALP_BESS_RN,2026-06-22,35.9,-29.9,106.58150000000002,105.64574999999998,212.22725,36.793749999999996,34.28145833333333,2.512291666666666,10,13,23,365.777,-153.54975000000002,43.5,3.1,100.3,65.8,2407.2,2.7
ALVIN_RN,2026-06-22,3.6,-93.3,3.8152499999999976,146.99099999999999,150.80624999999998,31.56625,32.444583333333334,-0.8783333333333335,13,11,24,235.52000000000007,-84.71375000000008,54.2,2.35,7.5,96.89999999999999,180.0,53.8
AMAD_ESS_RN,2026-06-22,3.0,0.0,2.857499999999991,0.0,2.857499999999991,2.075416666666667,2.1534375000000003,-0.07802083333333343,1,0,1,2.857499999999991,0.0,100.0,99.99,0.0,3.0,0.0,0.0
ANCHOR_ALL,2026-06-22,248.1,-32.4,-1473.13625,-220.881,-1694.0172499999999,25.61791666666667,32.041041666666665,-6.423125,7,17,24,240.03300000000013,-1934.0502500000002,29.2,0.3,36.3,280.5,871.1999999999999,32.2
ANDMDSLR_ALL,2026-06-22,36.7,-10.6,-256.35875,-35.983500000000014,-292.34225000000004,25.204166666666666,32.23041666666666,-7.02625,7,17,24,50.51549999999999,-342.85775,29.2,0.36,81.9,47.300000000000004,1965.6000000000001,2.4
ANEM_ESS_RN,2026-06-22,24.8,-1.9000000000000001,188.6125,11.677,200.2895,14.880416666666667,12.318229166666667,2.5621875000000003,16,6,22,205.53975000000003,-5.250249999999999,72.7,14.68,200.0,26.7,4800.0,0.6
ANG_ALL,2026-06-22,1352.2,-2.9000000000000004,3566.312,-11.743750000000004,3554.56825,24.312083333333334,24.778645833333332,-0.4665625000000002,12,12,24,9065.871749999998,-5511.3035,50.0,1.64,100.0,1355.1000000000001,2400.0,56.5
ANOL_ESS_RN,2026-06-22,2.8000000000000003,-1.8000000000000003,-1.9584999999999986,-18.03225,-19.99075,28.753333333333334,33.25770833333333,-4.504375,8,15,23,5.36725,-25.358,34.8,0.4,240.0,4.6000000000000005,5760.0,0.1
ANTL_ESS_ES1,2026-06-22,3.6,-80.2,-152.257,-422.13025000000005,-574.38725,25.871666666666666,31.630416666666665,-5.75875,6,18,24,195.57675,-769.964,25.0,0.76,70.0,83.8,1680.0,5.0
APPLE_ESR_RN,2026-06-22,0.0,-40.0,0.0,-297.72249999999997,-297.72249999999997,0.0,0.0,0.0,3,9,12,27.845000000000006,-325.5675,25.0,0.26,0.0,40.0,0.0,0.0
ARY_BESS_RN,2026-06-22,0.0,-79.0,0.0,-65.91875000000002,-65.91875000000002,1.7387500000000002,1.3720833333333333,0.3666666666666667,12,6,18,147.76749999999996,-213.68624999999997,66.7,0.35,0.0,79.0,0.0,0.0
AVIL_ESS_RN,2026-06-22,7.2,-2.2,-96.1655,-7.4205000000000005,-103.586,30.929166666666664,36.311875,-5.382708333333333,7,16,23,10.527000000000003,-114.113,30.4,0.21,160.0,9.4,3840.0,0.2
AZURE_RN,2026-06-22,70.6,-17.8,-458.08325,-16.676999999999985,-474.76025,25.565833333333334,32.44166666666667,-6.875833333333333,7,17,24,62.156750000000024,-536.917,29.2,0.28,77.6,88.39999999999999,1862.3999999999999,4.7
BATCAVE_RN,2026-06-22,75.9,-203.0,99.18099999999995,1200.2132499999998,1299.3942499999998,39.768750000000004,35.68833333333333,4.0804166666666655,17,7,24,1563.88975,-264.4955000000001,70.8,2.43,100.5,278.9,2412.0,11.6
BAYC_BESS_RN,2026-06-22,9.4,-1.1,-2.6625000000000085,-12.331750000000001,-14.994250000000001,27.4375,30.885416666666668,-3.4479166666666674,8,14,22,45.26399999999999,-60.25824999999999,36.4,1.31,9.9,10.5,237.60000000000002,4.4
BCK_RN,2026-06-22,2066.0,-314.2,-12553.796500000002,-1504.7992500000007,-14058.595750000002,26.217916666666667,29.958541666666665,-3.740625,9,15,24,246.95625000000032,-14305.552,37.5,0.03,126.5,2380.2,3036.0,78.4
BCNV2_ES_RN,2026-06-22,0.0,0.0,0.0,0.0,0.0,0.0,0.0,0.0,0,0,0,0.0,0.0,0.0,0.0,0.0,0.0,0.0,0.0
BCNV_RN,2026-06-22,11.5,-22.0,-41.188750000000006,53.97749999999998,12.788749999999968,3.2904166666666668,3.5863541666666667,-0.29593750000000013,5,4,9,70.18249999999999,-57.39375000000002,55.6,0.98,150.0,33.5,3600.0,0.9
BEXAR_ES_RN,2026-06-22,214.0,-506.3,606.6782500000006,-560.2050000000004,46.47325000000046,28.93541666666667,36.036770833333335,-7.101354166666667,8,16,24,1846.6775,-1800.2042499999998,33.3,2.05,100.0,720.3,2400.0,30.0
BIGSTAR_ALL,2026-06-22,31.8,-1.3,-269.74749999999995,-12.65075,-282.39824999999996,28.54875,33.72083333333333,-5.172083333333333,8,16,24,6.079750000000001,-288.47799999999995,33.3,0.04,80.0,33.1,1920.0,1.7
BKSL_RN,2026-06-22,8.200000000000001,-4.7,2.031499999999997,-29.498250000000002,-27.466750000000008,25.346666666666668,32.45395833333333,-7.107291666666666,6,18,24,11.184000000000001,-38.65075000000001,25.0,0.87,100.0,12.900000000000002,2400.0,0.5
BLACKSPR_RN,2026-06-22,1.0,-34.0,-6.647500000000001,-370.79499999999996,-377.4425,0.895,1.1719791666666668,-0.2769791666666667,3,7,10,11.950000000000003,-389.3924999999999,30.0,0.07,120.0,35.0,2880.0,1.2
BLSMT1_5_A_6,2026-06-22,97.4,-43.5,-852.8932500000001,-192.00925,-1044.9025000000001,25.853333333333335,32.94520833333333,-7.091875000000001,7,17,24,81.59275000000004,-1126.49525,29.2,0.18,150.0,140.9,3600.0,3.9
BLUEJAY_RN,2026-06-22,18.0,-80.0,-93.64325000000002,-288.38300000000004,-382.02625,29.152083333333334,37.01125,-7.859166666666667,8,16,24,45.02599999999999,-427.0522500000001,33.3,0.21,50.0,98.0,1200.0,8.2
BLVN_RN,2026-06-22,1064.1,-28.2,7562.081499999998,-18.85149999999999,7543.229999999999,27.08458333333333,26.426979166666666,0.6576041666666668,14,10,24,8405.541249999998,-862.3112500000004,58.3,6.96,180.0,1092.3,4320.0,25.3
BOCO_ESS_RN,2026-06-22,59.2,-2.8000000000000003,-660.5952500000001,-27.80525,-688.4005000000001,25.485,31.9290625,-6.4440625,1,23,24,2.8315,-691.2320000000001,4.2,0.09,150.0,62.0,3600.0,1.7
BRHEIGHT_RN,2026-06-22,18.599999999999998,-8.1,200.05649999999994,3.3064999999999976,203.36299999999994,17.1375,15.015520833333333,2.1219791666666663,7,5,12,213.79074999999995,-10.42775,58.3,14.64,10.0,26.699999999999996,240.0,11.1
BRPANGLE_RN,2026-06-22,0.0,-5.1,0.0,15.218749999999991,15.218749999999991,2.646666666666667,2.9175,-0.2708333333333332,1,1,2,15.84999999999999,-0.6312500000000001,50.0,25.11,10.0,5.1,240.0,2.1
BRPMAGNO_RN,2026-06-22,20.7,-75.60000000000001,-66.12799999999999,105.78975000000003,39.66175000000004,35.45333333333333,34.47666666666667,0.9766666666666667,14,9,23,248.79925,-209.13749999999996,60.9,0.76,7.5,96.30000000000001,180.0,53.5
BRP_BRAZ_RN,2026-06-22,3.4000000000000004,-0.5,-2.389000000000001,-6.415499999999999,-8.804499999999999,28.74208333333333,32.420208333333335,-3.678125,8,12,20,5.585999999999999,-14.3905,40.0,0.58,10.0,3.9000000000000004,240.0,1.6
BRP_DIKN_RN,2026-06-22,9.8,-0.1,56.80449999999999,-0.6335000000000002,56.17099999999999,17.665,15.672916666666666,1.9920833333333334,7,4,11,57.827999999999996,-1.6570000000000005,63.6,19.94,7.5,9.9,180.0,5.5
BRP_LOOP_RN,2026-06-22,6.0,-127.8,-9.46,195.67525,186.21525000000003,7.053750000000001,7.8628125,-0.8090624999999999,6,4,10,244.69425,-58.479,60.0,2.79,10.0,133.8,240.0,55.8
BRP_LOP1_RN,2026-06-22,67.2,0.0,-59.51975,0.0,-59.51975,5.235416666666667,4.873958333333333,0.3614583333333334,3,1,4,201.84025000000005,-261.36000000000007,75.0,0.26,10.0,67.2,240.0,28.0
BRP_PBL1_RN,2026-06-22,93.6,0.0,-712.9992499999998,0.0,-712.9992499999998,8.70125,11.606041666666668,-2.9047916666666667,2,5,7,17.359000000000062,-730.3582499999999,28.6,0.06,10.0,93.6,240.0,39.0
BRP_PBL2_RN,2026-06-22,4.0,-15.0,-31.2975,47.035,15.7375,9.38,12.589583333333332,-3.209583333333333,5,2,7,47.035,-31.2975,71.4,0.6,10.0,19.0,240.0,7.9
BRP_RN_UNIT1,2026-06-22,11.8,-3.7,-149.7355,-26.707500000000003,-176.44299999999998,29.362083333333334,35.7790625,-6.416979166666667,8,16,24,5.768750000000002,-182.21175,33.3,0.06,10.0,15.5,240.0,6.5
BRP_SWNY_RN,2026-06-22,0.0,0.0,0.0,0.0,0.0,1.0558333333333334,1.2244791666666666,-0.1686458333333333,0,0,0,0.0,0.0,0.0,0.0,10.0,0.0,240.0,0.0
BRP_ZPT1_RN,2026-06-22,0.0,-8.0,0.0,-120.455,-120.455,1.1995833333333332,1.0010416666666666,0.19854166666666664,0,4,4,0.0,-120.45499999999998,0.0,0.0,7.5,8.0,180.0,4.4
BRP_ZPT2_RN,2026-06-22,127.0,-0.30000000000000004,755.2764999999998,3.6345000000000005,758.9109999999998,20.127083333333335,18.821145833333333,1.3059375,13,7,20,779.6954999999999,-20.784500000000005,65.0,20.2,7.5,127.3,180.0,70.7
BR_ARROW_ALL,2026-06-22,40.300000000000004,-63.199999999999996,-346.08875,-228.6565,-574.74525,28.633333333333336,33.32541666666666,-4.692083333333334,8,16,24,17.362499999999994,-592.10775,33.3,0.06,51.7,103.5,1240.8000000000002,8.3
BSS_U1,2026-06-22,6.6000000000000005,-16.8,34.65050000000001,-51.14425000000002,-16.493750000000013,29.07875,32.47541666666667,-3.396666666666666,9,13,22,46.63150000000001,-63.12525000000003,40.9,1.07,9.9,23.400000000000002,237.60000000000002,9.8
BUDA_RN,2026-06-22,34.0,-1.0,-314.06,-2.477499999999999,-316.5375,23.837083333333336,30.291875,-6.454791666666666,5,13,18,43.40999999999999,-359.94750000000005,27.8,0.31,9.9,35.0,237.60000000000002,14.7
BYP_RN,2026-06-22,14.0,-33.0,-135.46375,-88.85249999999996,-224.31624999999997,6.338333333333334,8.1509375,-1.8126041666666672,2,6,8,7.575000000000006,-231.89124999999999,25.0,0.1,200.0,47.0,4800.0,1.0
BYRDR_ES_ALL,2026-06-22,38.0,0.0,-404.72249999999997,0.0,-404.72249999999997,7.600416666666667,9.815,-2.214583333333333,0,5,5,0.0,-404.72249999999997,0.0,0.0,50.0,38.0,1200.0,3.2
CACH_ESS_RN,2026-06-22,2.7,-1.5,-0.7509999999999999,-14.50225,-15.25325,28.874166666666667,34.43895833333333,-5.564791666666667,8,13,21,6.257500000000001,-21.51075,38.1,0.47,200.0,4.2,4800.0,0.1
CAMWIND_RN,2026-06-22,714.2,-115.60000000000001,1692.7427500000001,261.74375,1954.4865000000002,19.644583333333333,17.728854166666668,1.9157291666666663,17,7,24,3240.2970000000005,-1285.8105000000003,70.8,1.04,16.4,829.8000000000001,393.59999999999997,210.8
CARA_ESS_RN,2026-06-22,0.0,0.0,0.0,0.0,0.0,0.5983333333333333,0.7978125,-0.19947916666666674,0,0,0,0.0,0.0,0.0,0.0,98.3,0.0,2359.2,0.0
CARN_ESS_RN,2026-06-22,7.7,-55.6,1.47825,-115.4125,-113.93424999999999,23.630416666666665,23.834270833333335,-0.20385416666666653,11,13,24,25.06675,-139.001,45.8,0.21,150.0,63.300000000000004,3600.0,1.8
CARRIZO_ESR1,2026-06-22,70.2,-3.5000000000000004,-1129.441,-37.179500000000004,-1166.6205,29.984583333333333,39.14604166666667,-9.161458333333334,10,12,22,190.61249999999995,-1357.2330000000002,45.5,0.17,9.8,73.7,235.20000000000002,31.3
CARTWHL_RN,2026-06-22,6.0,0.0,-11.324999999999996,0.0,-11.324999999999996,4.180000000000001,4.425,-0.24499999999999997,1,1,2,8.909999999999997,-20.234999999999992,50.0,0.44,150.0,6.0,3600.0,0.2
CASL_GAP_UN1,2026-06-22,119.3,-57.3,55.463250000000016,-107.68724999999995,-52.22399999999999,30.414166666666663,34.1946875,-3.7805208333333336,9,14,23,869.3247500000001,-921.5487499999999,39.1,1.47,1.9,176.6,45.599999999999994,387.3
CAST_ESS_RN,2026-06-22,0.0,-13.0,0.0,30.2975,30.2975,1.0574999999999999,1.5380208333333334,-0.48052083333333345,2,1,3,41.047500000000014,-10.75000000000001,66.7,1.91,200.0,13.0,4800.0,0.3
CATARINA_B1,2026-06-22,20.099999999999998,-209.4,-61.32599999999999,-2089.43575,-2150.76175,30.920416666666668,42.29260416666667,-11.3721875,9,15,24,367.75800000000004,-2518.519750000001,37.5,0.24,9.9,229.5,237.60000000000002,96.6
CEDRVALE_RN,2026-06-22,5.4,-15.7,-61.14100000000002,-253.02625000000003,-314.16725,31.9475,38.631770833333334,-6.684270833333334,7,16,23,7.5755,-321.74275000000006,30.4,0.05,9.9,21.1,237.60000000000002,8.9
CFLAT_ES_RN,2026-06-22,3.0,-107.0,-10.74750000000001,-1526.5375,-1537.2849999999999,2.3733333333333335,2.604791666666667,-0.23145833333333346,5,14,19,30.23250000000004,-1567.5175,26.3,0.05,100.0,110.0,2400.0,4.6
CHIL_SLR,2026-06-22,620.2,-34.6,3283.3842500000005,61.71700000000003,3345.10125,27.29041666666667,26.3225,0.9679166666666671,14,10,24,4236.938000000001,-891.8367499999999,58.3,3.39,150.0,654.8000000000001,3600.0,18.2
CISC_RN,2026-06-22,41.2,-30.6,-1297.044,-1298.07225,-2595.11625,30.61583333333333,49.17645833333333,-18.560624999999998,3,21,24,19.93700000000001,-2615.0532499999995,12.5,0.05,9.9,71.80000000000001,237.60000000000002,30.2
CITRUSCY_RN,2026-06-22,4.6000000000000005,-5.2,-22.127499999999998,-8.26749999999999,-30.39499999999999,21.48125,25.781041666666667,-4.299791666666667,10,13,23,6.759,-37.15399999999998,43.5,0.24,6.0,9.8,144.0,6.8
CLO_RN,2026-06-22,7.2,-118.9,3.095000000000003,-198.05874999999997,-194.96374999999998,30.77416666666667,33.606249999999996,-2.8320833333333333,10,14,24,190.49949999999995,-385.46324999999996,41.7,0.69,100.0,126.10000000000001,2400.0,5.3
CLT_RN,2026-06-22,0.0,0.0,0.0,0.0,0.0,32.876666666666665,42.245,-9.36833333333333,0,0,0,0.0,0.0,0.0,0.0,100.0,0.0,2400.0,0.0
CNLY_ESS_RN,2026-06-22,12.0,-1.7000000000000002,17.8525,-19.4705,-1.618000000000002,28.584166666666665,34.068125,-5.483958333333333,8,15,23,46.84299999999999,-48.461,34.8,1.81,125.0,13.7,3000.0,0.5
CNTRY_RN,2026-06-22,12.600000000000001,-44.5,35.65249999999999,-300.02624999999995,-264.37375,27.167083333333334,33.45979166666667,-6.292708333333334,8,16,24,94.553,-358.92674999999997,33.3,0.53,9.8,57.1,235.20000000000002,24.3
CNTYRDS_RN,2026-06-22,33.0,0.0,-192.65125,0.0,-192.65125,5.33125,6.644583333333333,-1.3133333333333332,2,4,6,14.671249999999993,-207.3225,33.3,0.14,9.9,33.0,237.60000000000002,13.9
CONTINEN_RN,2026-06-22,24.7,-223.4,381.3454999999999,3338.37125,3719.7167499999996,27.983333333333334,23.5590625,4.424270833333333,15,9,24,3864.5994999999994,-144.88275,62.5,16.0,0.0,248.1,0.0,0.0
CORALSLR_ALL,2026-06-22,561.7,-11.6,-4182.7725,-42.515,-4225.287499999999,27.69125,31.71947916666667,-4.028229166666666,9,14,23,92.13325000000003,-4317.420749999999,39.1,0.03,51.4,573.3000000000001,1233.6,46.5
CORAZON_RN,2026-06-22,595.3,-55.1,2457.19625,130.04849999999996,2587.24475,12.402083333333332,8.47375,3.9283333333333332,19,5,24,2938.4829999999997,-351.23825,79.2,2.2,200.0,650.4,4800.0,13.5
COYOTSPR_RN,2026-06-22,3.0,0.0,-65.115,0.0,-65.115,2.4566666666666666,3.7223958333333336,-1.2657291666666668,0,1,1,0.0,-65.115,0.0,0.0,9.9,3.0,237.60000000000002,1.3
CROSSETT_ALL,2026-06-22,114.1,-100.5,-892.3620000000008,-264.28099999999995,-1156.6430000000005,30.527083333333334,34.624270833333334,-4.0971874999999995,9,14,23,498.43950000000007,-1655.0825000000007,39.1,0.47,100.0,214.6,2400.0,8.9
CROSSTRL_RN,2026-06-22,9.3,-102.2,-26.619,-105.55824999999997,-132.17724999999996,31.375,32.941562499999996,-1.5665625,9,15,24,230.04275,-362.21999999999997,37.5,1.06,57.0,111.5,1368.0,8.2
CR_RN,2026-06-22,7.200000000000001,-21.5,2.787,25.981750000000016,28.768750000000015,31.965,33.78604166666667,-1.8210416666666662,10,14,24,51.235000000000014,-22.466250000000002,41.7,3.19,9.8,28.700000000000003,235.20000000000002,12.2
CS_RN,2026-06-22,16.6,-107.0,-16.97549999999999,3.1624999999999366,-13.813000000000056,33.735416666666666,34.050937499999996,-0.31552083333333353,13,10,23,173.52724999999995,-187.34025,56.5,0.71,7.0,123.6,168.0,73.6
CTW_RN,2026-06-22,47.0,-17.5,-135.45125000000002,33.50899999999999,-101.94225000000002,31.535416666666666,33.369687500000005,-1.8342708333333337,9,15,24,71.20125000000002,-173.14350000000005,37.5,0.69,150.0,64.5,3600.0,1.8
DAN_ALL,2026-06-22,287.7,-2.1,-2588.5657499999998,-20.974249999999998,-2609.54,26.70958333333333,31.371875,-4.662291666666666,8,16,24,9.271999999999997,-2618.812,33.3,0.01,76.3,289.8,1831.1999999999998,15.8
DA_BESS,2026-06-22,6.6000000000000005,-0.5,-43.05549999999999,-6.4117500000000005,-49.46724999999999,28.90625,32.485625,-3.579375,8,13,21,5.572000000000001,-55.03924999999999,38.1,0.16,5.0,7.1000000000000005,120.0,5.9
DA_BESS2,2026-06-22,0.0,0.0,0.0,0.0,0.0,25.395,26.34875,-0.9537499999999994,0,0,0,0.0,0.0,0.0,0.0,9.9,0.0,237.60000000000002,0.0
DC2SES_ALL,2026-06-22,12.1,-31.1,-216.23799999999997,-171.53924999999998,-387.77725,29.23875,37.57375,-8.335,5,18,23,11.501750000000003,-399.279,21.7,0.1,66.5,43.2,1596.0,2.7
DESN_ESS_RN,2026-06-22,3.0,0.0,39.510000000000005,0.0,39.510000000000005,4.2195833333333335,4.069895833333333,0.14968750000000006,1,0,1,39.510000000000005,0.0,100.0,99.99,200.0,3.0,4800.0,0.1
DGFS_ESR_RN,2026-06-22,5.2,-24.2,-24.606500000000004,-209.17575000000002,-233.78225000000003,30.842083333333335,35.945625,-5.1035416666666675,8,14,22,45.1765,-278.95875,36.4,0.28,75.0,29.4,1800.0,1.6
DIBOL_RN,2026-06-22,6.0,0.0,45.36750000000001,0.0,45.36750000000001,6.1433333333333335,6.340833333333333,-0.19749999999999993,2,0,2,45.36750000000001,0.0,100.0,99.99,9.9,6.0,237.60000000000002,2.5
DKNS_ESS_RN,2026-06-22,3.0,0.0,2.9025000000000034,0.0,2.9025000000000034,1.6766666666666665,1.7998958333333333,-0.12322916666666665,1,0,1,2.9025000000000034,0.0,100.0,99.99,50.0,3.0,1200.0,0.2
DRAK_ESS_RN,2026-06-22,0.0,0.0,0.0,0.0,0.0,24.455,35.37375,-10.91875,0,0,0,0.0,0.0,0.0,0.0,150.0,0.0,3600.0,0.0
DSWL_BES1,2026-06-22,6.0,-1.3,-44.555499999999995,-12.703999999999999,-57.259499999999996,28.107916666666668,33.088125,-4.980208333333334,8,13,21,5.158499999999997,-62.41799999999999,38.1,0.13,150.0,7.3,3600.0,0.2
EBNY_ESS_RN,2026-06-22,2.5,-1.7000000000000002,0.8429999999999995,-18.56575,-17.72275,28.909166666666668,35.3265625,-6.417395833333334,8,13,21,5.962499999999999,-23.68525,38.1,0.41,195.0,4.2,4680.0,0.1
ELMCRK_RN,2026-06-22,5.3,-2.4000000000000004,-56.19199999999999,-48.389500000000005,-104.58149999999999,26.44875,41.9115625,-15.4628125,7,15,22,4.468000000000002,-109.0495,31.8,0.09,9.9,7.7,237.60000000000002,3.2
ELM_ST_RN,2026-06-22,44.5,0.0,-198.15625000000003,0.0,-198.15625000000003,11.3175,12.348229166666668,-1.030729166666667,3,6,9,97.15624999999999,-295.3125,33.3,0.66,9.9,44.5,237.60000000000002,18.7
ELM_ST_RN2,2026-06-22,3.0,0.0,0.547500000000003,0.0,0.547500000000003,1.5954166666666667,1.4425,0.15291666666666673,1,0,1,0.547500000000003,0.0,100.0,99.99,9.9,3.0,237.60000000000002,1.3
ELSA_ESR_RN,2026-06-22,0.0,-39.0,0.0,79.67750000000001,79.67750000000001,2.5866666666666664,2.2546874999999997,0.33197916666666666,8,1,9,84.49000000000001,-4.812499999999993,88.9,2.19,9.9,39.0,237.60000000000002,16.4
ELZA_SLR_RN,2026-06-22,14.0,-0.1,-73.91250000000001,-0.6695000000000001,-74.58200000000001,11.532499999999999,14.861354166666667,-3.3288541666666673,1,12,13,8.969999999999995,-83.55199999999999,7.7,1.29,100.0,14.1,2400.0,0.6
EMPCT_RN,2026-06-22,5.8,-5.6000000000000005,3.0500000000000016,-4.760999999999994,-1.7109999999999905,28.96291666666667,33.3678125,-4.404895833333334,8,15,23,22.107000000000006,-23.818000000000005,34.8,1.74,9.9,11.4,237.60000000000002,4.8
ENDPARK_ESS1,2026-06-22,16.2,-16.9,-267.232,-65.4505,-332.6825,24.193749999999998,32.25020833333333,-8.056458333333333,5,19,24,7.477000000000009,-340.15950000000004,20.8,0.08,50.0,33.099999999999994,1200.0,2.8
ESCONDID_ESR,2026-06-22,9.8,-14.4,-42.32325,-6.053499999999988,-48.37675,29.714166666666667,36.03302083333333,-6.318854166666665,9,13,22,40.02525000000001,-88.40200000000002,40.9,0.65,0.0,24.200000000000003,0.0,0.0
ESTONIAN_ALL,2026-06-22,24.8,-84.6,-224.94650000000001,-556.1197500000001,-781.0662500000001,28.63875,33.359791666666666,-4.721041666666666,8,16,24,13.197999999999997,-794.2642500000001,33.3,0.03,101.6,109.39999999999999,2438.3999999999996,4.5
EUNICE_ALL,2026-06-22,489.4,-231.4,-2335.314,-437.0517500000001,-2772.36575,31.679166666666664,38.518750000000004,-6.839583333333333,4,20,24,1481.6825000000001,-4254.048249999999,16.7,1.74,17.0,720.8,408.0,176.7
EVLN_ESS_RN,2026-06-22,13.8,-0.5,55.84875000000001,-6.192,49.65675000000001,37.089166666666664,35.333125,1.7560416666666672,15,8,23,66.7765,-17.11975,65.2,2.08,220.0,14.3,5280.0,0.3
E_HARRIS_RN,2026-06-22,18.0,0.0,-14.234999999999992,0.0,-14.234999999999992,9.139166666666666,9.612708333333332,-0.47354166666666647,3,6,9,13.430000000000007,-27.665,33.3,0.97,9.9,18.0,237.60000000000002,7.6
FALFUR_RN,2026-06-22,4.300000000000001,-174.3,-4.647999999999998,-311.79474999999996,-316.44275,21.25583333333333,22.59875,-1.3429166666666663,8,16,24,167.31875000000008,-483.76150000000007,33.3,0.69,9.9,178.60000000000002,237.60000000000002,75.2
FALFUR_RN2,2026-06-22,0.0,0.0,0.0,0.0,0.0,14.39,19.713749999999997,-5.3237499999999995,0,0,0,0.0,0.0,0.0,0.0,9.8,0.0,235.20000000000002,0.0
FAULKNER_RN,2026-06-22,0.0,-5.0,0.0,-108.52499999999999,-108.52499999999999,0.8016666666666666,1.1630208333333334,-0.3613541666666668,0,1,1,0.0,-108.52499999999999,0.0,0.0,9.9,5.0,237.60000000000002,2.1
FENCESLR_ALL,2026-06-22,36.9,-27.5,-307.53774999999996,-122.78474999999996,-430.32249999999993,28.74625,33.28604166666667,-4.539791666666667,8,16,24,17.630499999999994,-447.953,33.3,0.08,71.0,64.4,1704.0,3.8
FERD_ESS_RN,2026-06-22,3.0,0.0,-19.35000000000001,0.0,-19.35000000000001,2.9324999999999997,3.3920833333333333,-0.4595833333333335,0,1,1,0.0,-19.35000000000001,0.0,0.0,200.0,3.0,4800.0,0.1
FIVEWSLR_ALL,2026-06-22,2017.3,0.0,10684.973500000002,0.0,10684.973500000002,15.452083333333334,14.625625,0.826458333333334,6,7,13,13234.091500000002,-2549.1179999999995,46.2,6.06,220.0,2017.3,5280.0,38.2
FLOWERII_RN,2026-06-22,94.7,-48.0,-453.3882500000003,-177.53250000000003,-630.9207500000003,31.76625,38.120625,-6.354375,6,17,23,281.9055,-912.8262500000003,26.1,0.88,100.0,142.7,2400.0,5.9
FLTBES1,2026-06-22,6.0,0.0,-56.715000000000025,0.0,-56.715000000000025,4.009166666666666,4.909479166666666,-0.9003125000000004,0,2,2,0.0,-56.715000000000025,0.0,0.0,8.5,6.0,204.0,2.9
FLVABES1_ESR,2026-06-22,27.0,0.0,-44.51300000000006,0.0,-44.51300000000006,10.514166666666666,12.785104166666665,-2.2709375000000005,0,3,3,0.0,-44.51300000000006,0.0,0.0,9.9,27.0,237.60000000000002,11.4
FORTMA_RN,2026-06-22,0.2,-130.0,3.7935000000000008,726.4699999999999,730.2634999999999,11.664583333333333,9.309583333333334,2.355,16,3,19,795.7984999999999,-65.53500000000003,84.2,2.28,9.8,130.2,235.20000000000002,55.4
FRMRSVLW_RN,2026-06-22,3.0,-2.7,-1.6204999999999994,-25.14975,-26.77025,28.720416666666665,33.37927083333333,-4.658854166666667,8,15,23,5.510500000000001,-32.28075,34.8,0.32,9.9,5.7,237.60000000000002,2.4
FRMR_BS2_RN1,2026-06-22,0.0,0.0,0.0,0.0,0.0,1.9991666666666668,2.745729166666667,-0.7465625,0,0,0,0.0,0.0,0.0,0.0,6.0,0.0,144.0,0.0
FTDUNCAN_RN,2026-06-22,1.8000000000000003,-15.4,-1.3237499999999982,28.549499999999995,27.225749999999998,29.795,36.51583333333333,-6.720833333333334,11,11,22,65.21775,-37.992,50.0,1.72,100.0,17.2,2400.0,0.7
GAIA_SLR_RN,2026-06-22,3.0,0.0,2.9175000000000004,0.0,2.9175000000000004,0.9941666666666666,0.9536458333333333,0.04052083333333334,1,0,1,2.9175000000000004,0.0,100.0,99.99,76.3,3.0,1831.1999999999998,0.2
GAMBIT_RN,2026-06-22,3.0,0.0,3.5625,0.0,3.5625,28.697916666666668,32.404270833333335,-3.706354166666667,1,0,1,3.5625,0.0,100.0,99.99,100.0,3.0,2400.0,0.1
GARC_BESS_RN,2026-06-22,4.300000000000001,-0.30000000000000004,-9.231250000000003,1.7565000000000004,-7.474750000000003,21.007916666666667,23.26635416666667,-2.2584375000000008,12,10,22,11.950250000000002,-19.425000000000004,54.5,0.51,9.9,4.6000000000000005,237.60000000000002,1.9
GIGA_ESS_RN,2026-06-22,11.8,-59.3,-12.218500000000013,-363.90774999999996,-376.12624999999997,28.683333333333334,34.38520833333333,-5.701875,8,16,24,109.22049999999997,-485.34674999999993,33.3,0.45,125.0,71.1,3000.0,2.4
GKS_BESS_RN,2026-06-22,354.40000000000003,-260.3,142.2344999999998,378.13549999999975,520.3699999999997,21.291666666666668,23.396666666666665,-2.1050000000000004,12,11,23,1614.3454999999997,-1093.9755000000002,52.2,1.35,77.0,614.7,1848.0,33.3
GODY_SLR_RN,2026-06-22,145.0,-15.0,-1053.9325000000001,27.027499999999993,-1026.905,9.96125,13.264166666666666,-3.3029166666666665,3,11,14,56.462500000000006,-1083.3675,21.4,0.19,50.0,160.0,1200.0,13.3
GOMZ_RN,2026-06-22,5.4,-7.2,-67.79300000000002,128.47849999999997,60.68549999999996,31.489166666666666,37.19614583333333,-5.706979166666667,8,15,23,146.21849999999998,-85.53299999999999,34.8,3.21,9.9,12.600000000000001,237.60000000000002,5.3
GOODWIN_ESR,2026-06-22,39.9,-180.2,50.98649999999999,-180.64299999999992,-129.65649999999988,21.37625,25.106145833333333,-3.7298958333333325,10,14,24,469.908,-599.5645,41.7,1.1,9.0,220.1,216.0,101.9
GRDNE_ESR_RN,2026-06-22,2.8000000000000003,-42.2,-12.933500000000002,-337.36475,-350.29825,30.24208333333333,35.666041666666665,-5.423958333333334,6,17,23,8.148500000000006,-358.44675,26.1,0.06,9.9,45.0,237.60000000000002,18.9
GREGORY_RN,2026-06-22,57.8,-55.4,64.36950000000004,123.57174999999997,187.94125,27.359583333333333,25.84875,1.5108333333333333,16,8,24,398.08825,-210.14699999999993,66.7,0.95,0.0,113.19999999999999,0.0,0.0
GZ_RN,2026-06-22,67.2,-60.4,-45.891999999999996,-74.1105,-120.0025,32.574999999999996,33.626041666666666,-1.0510416666666662,14,10,24,226.34549999999996,-346.34799999999996,58.3,0.47,9.9,127.6,237.60000000000002,53.7
HAMI_BESS_RN,2026-06-22,3.0,-31.0,-11.444999999999993,-125.18249999999998,-136.62749999999997,1.2483333333333333,1.4072916666666666,-0.15895833333333323,4,7,11,53.905,-190.53249999999997,36.4,0.5,9.9,34.0,237.60000000000002,14.3
HARLIN_1_RN,2026-06-22,3.0,-13.0,-10.140000000000008,-34.5625,-44.70250000000001,3.9908333333333332,8.639166666666666,-4.648333333333333,0,4,4,0.0,-44.70250000000001,0.0,0.0,0.0,16.0,0.0,0.0
HEADCAMP_RN,2026-06-22,44.5,-33.0,-316.81,-133.82875,-450.63875,8.095833333333333,11.129479166666668,-3.033645833333333,5,9,14,126.40374999999997,-577.0425,35.7,0.39,150.0,77.5,3600.0,2.2
HEARN_RD_RN,2026-06-22,44.7,-50.6,-33.47324999999995,95.86975000000002,62.39650000000007,24.260416666666668,24.062187499999997,0.1982291666666672,12,12,24,205.6787500000001,-143.28225,50.0,1.44,7.0,95.30000000000001,168.0,56.7
HEN_RN,2026-06-22,6.0,0.0,8.557499999999997,0.0,8.557499999999997,1.9112500000000001,1.7923958333333332,0.11885416666666664,2,0,2,8.557499999999997,0.0,100.0,99.99,150.0,6.0,3600.0,0.2
HI_LONEB_RN1,2026-06-22,35.1,-25.7,-161.15375000000003,43.446499999999965,-117.70725000000004,24.233333333333334,24.1984375,0.034895833333333424,15,9,24,141.51899999999998,-259.22625000000005,62.5,0.33,50.0,60.8,1200.0,5.1
HLY_RN,2026-06-22,5.5,-38.5,-28.173750000000013,-14.278749999999995,-42.452500000000015,5.277916666666667,5.070104166666667,0.20781249999999987,8,5,13,79.40999999999998,-121.86249999999998,61.5,0.41,102.0,44.0,2448.0,1.8
HMNG_ESS_RN,2026-06-22,5.800000000000001,-82.9,5.292500000000005,4.4032500000000265,9.69575000000004,28.16625,33.42302083333333,-5.256770833333333,9,14,23,101.31500000000003,-91.61924999999998,39.1,1.72,100.0,88.7,2400.0,3.7
HOLCOMB_RN1,2026-06-22,0.0,0.0,0.0,0.0,0.0,24.068749999999998,16.756354166666664,7.312395833333333,0,0,0,0.0,0.0,0.0,0.0,9.9,0.0,237.60000000000002,0.0
HOUSEMTN_RN,2026-06-22,69.5,-24.3,-308.1027499999999,172.89425,-135.20849999999984,31.221249999999998,36.9471875,-5.7259375,7,15,22,308.41299999999995,-443.62149999999986,31.8,1.49,60.0,93.8,1440.0,6.5
HRMS_SLR_RN,2026-06-22,3.0,0.0,-38.97749999999998,0.0,-38.97749999999998,2.4133333333333336,2.9546875,-0.5413541666666664,0,1,1,0.0,-38.97749999999998,0.0,0.0,100.0,3.0,2400.0,0.1
HV_BESS1_RN,2026-06-22,60.0,-45.1,-51.00000000000003,-52.27874999999995,-103.27875,22.954166666666666,23.87375,-0.9195833333333336,8,5,13,219.67249999999999,-322.95124999999996,61.5,0.43,0.0,105.1,0.0,0.0
HWY6_RN,2026-06-22,3.0,0.0,3.2925000000000004,0.0,3.2925000000000004,1.9770833333333335,2.1555208333333336,-0.17843749999999994,1,0,1,3.2925000000000004,0.0,100.0,99.99,9.9,3.0,237.60000000000002,1.3
HYDR_ESS_RN,2026-06-22,19.5,-10.7,-253.09625000000003,-3.2797499999999875,-256.37600000000003,2.225,3.995520833333334,-1.7705208333333335,2,7,9,65.63625000000002,-322.01225,22.2,0.71,200.0,30.2,4800.0,0.6
IND_INADALE1,2026-06-22,83.2,-75.7,-223.65125,-411.49724999999995,-635.1484999999999,25.5425,31.276875,-5.734375,7,17,24,117.57599999999998,-752.7244999999999,29.2,0.38,9.9,158.9,237.60000000000002,66.9
INRT_W_ALL,2026-06-22,4191.4,-65.5,-23903.5305,-174.66925,-24078.19975,25.58458333333333,32.48375,-6.899166666666666,7,17,24,3975.495,-28053.69475,29.2,0.34,13.0,4256.9,312.0,1364.4
JADE_SLR_ALL,2026-06-22,50.7,-34.8,-622.9150000000001,-25.182500000000022,-648.0975000000001,25.04125,32.130208333333336,-7.088958333333334,6,18,24,26.930999999999976,-675.0285000000001,25.0,0.12,81.9,85.5,1965.6000000000001,4.3
JAG_SLR_RN,2026-06-22,5.8,-39.1,2.7520000000000033,-119.69999999999999,-116.94799999999998,27.30541666666667,30.551041666666666,-3.245625,10,14,24,28.807250000000003,-145.75524999999996,41.7,0.28,150.0,44.9,3600.0,1.2
JAR_RN,2026-06-22,11.100000000000001,-52.0,-54.47674999999998,-373.03824999999995,-427.51499999999993,27.515833333333333,31.445624999999996,-3.929791666666666,9,15,24,45.2705,-472.7854999999999,37.5,0.16,156.0,63.1,3744.0,1.7
JC_BAT_RN,2026-06-22,7.700000000000001,-13.8,-24.63725000000001,-170.75125,-195.38850000000002,30.833333333333332,40.94875,-10.115416666666667,8,14,22,30.75175,-226.14024999999995,36.4,0.24,1.2,21.5,28.799999999999997,74.7
JDKNS_RN,2026-06-22,0.0,0.0,0.0,0.0,0.0,32.065,39.55166666666667,-7.486666666666667,0,0,0,0.0,0.0,0.0,0.0,9.9,0.0,237.60000000000002,0.0
JUNCTION_RN,2026-06-22,120.6,-83.0,3316.0775,2366.64975,5682.72725,59.55458333333333,29.660416666666666,29.894166666666667,23,1,24,5785.3655,-102.63824999999993,95.8,2.45,9.9,203.6,237.60000000000002,85.7
JUNORTH_RN,2026-06-22,108.5,-20.0,1967.6352500000003,1187.115,3154.75025,59.55458333333333,29.660416666666666,29.894166666666667,23,1,24,3273.1789999999996,-118.42874999999992,95.8,1.2,0.0,128.5,0.0,0.0
KEG_RN,2026-06-22,0.0,-36.0,0.0,-70.3025,-70.3025,1.2658333333333334,1.6063541666666667,-0.34052083333333344,5,7,12,48.595000000000006,-118.89749999999998,41.7,0.57,0.0,36.0,0.0,0.0
KNAPP_RN,2026-06-22,143.5,-30.0,-2146.6025,-235.2150000000001,-2381.8175,17.521666666666665,32.47510416666667,-14.953437500000001,2,21,23,104.10999999999997,-2485.9275,8.7,0.44,0.0,173.5,0.0,0.0
LANTANA_RN,2026-06-22,3.0,-59.0,26.197500000000005,-168.8775,-142.68,2.5741666666666667,2.2083333333333335,0.3658333333333334,3,6,9,39.3575,-182.0375,33.3,0.43,9.9,62.0,237.60000000000002,26.1
LAUR_BESS_RN,2026-06-22,55.5,-128.5,233.64124999999999,378.8462499999999,612.4875,10.113333333333333,8.023333333333333,2.09,11,8,19,1003.805,-391.31750000000005,57.9,1.87,9.0,184.0,216.0,85.2
LBRA_BES1,2026-06-22,2.7,-38.5,-1.6720000000000002,-249.6585,-251.3305,28.413750000000004,34.12354166666667,-5.709791666666667,8,14,22,6.055999999999999,-257.3865,36.4,0.04,200.0,41.2,4800.0,0.9
LEAKEY_RN,2026-06-22,3.0,-18.0,-83.66999999999999,-84.7825,-168.4525,6.186666666666667,8.782916666666667,-2.5962499999999995,3,12,15,5.714999999999996,-174.1675,20.0,0.13,0.0,21.0,0.0,0.0
LFSTH_RN,2026-06-22,3.0,-1.5,-1.327,-16.154,-17.481,28.93875,33.199895833333336,-4.261145833333333,8,15,23,5.596500000000001,-23.0775,34.8,0.45,9.9,4.5,237.60000000000002,1.9
LIGSW_RN,2026-06-22,3.0,-1.9000000000000001,-2.731500000000001,-22.48975,-25.22125,28.308333333333334,33.41822916666667,-5.109895833333334,8,16,24,5.32,-30.541250000000005,33.3,0.35,9.8,4.9,235.20000000000002,2.1
LILY_RN,2026-06-22,60.5,-36.7,-121.65949999999995,-131.98899999999992,-253.64849999999987,29.928749999999997,33.31072916666667,-3.381979166666666,9,15,24,139.26600000000002,-392.9144999999999,37.5,0.59,50.0,97.2,1200.0,8.1
LK_RN,2026-06-22,3.0,0.0,9.48,0.0,9.48,3.8054166666666664,4.236770833333334,-0.43135416666666676,1,0,1,9.48,0.0,100.0,99.99,0.0,3.0,0.0,0.0
LMO_ESR_RN,2026-06-22,3.0,-2.9,-1.0234999999999999,-7.186750000000002,-8.210250000000002,28.93625,33.451145833333335,-4.514895833333333,8,12,20,9.667,-17.877250000000004,40.0,0.81,100.0,5.9,2400.0,0.2
LONESTAR_RN,2026-06-22,11.4,-12.1,-81.2015,-199.46225,-280.66375,31.97458333333333,38.777499999999996,-6.802916666666667,6,17,23,14.875499999999992,-295.53925,26.1,0.14,9.9,23.5,237.60000000000002,9.9
LON_RN1,2026-06-22,10.200000000000001,-8.5,-5.515999999999997,-2.8299999999999947,-8.345999999999993,31.074166666666667,33.217708333333334,-2.1435416666666662,9,14,23,27.793250000000004,-36.13925,39.1,1.2,174.0,18.700000000000003,4176.0,0.4
LOWR_ESS_RN,2026-06-22,0.7000000000000001,-11.0,-6.063000000000001,-45.67500000000001,-51.738000000000014,6.8725,9.221666666666666,-2.349166666666667,5,5,10,22.072249999999997,-73.81025000000001,50.0,0.3,18.0,11.7,432.0,2.7
LUCKYBLU_RN,2026-06-22,19.0,-10.0,-568.375,-37.86999999999997,-606.245,15.336666666666666,25.7996875,-10.463020833333333,2,10,12,33.09,-639.3349999999998,16.7,0.26,100.0,29.0,2400.0,1.2
LYNX_ESS_RN,2026-06-22,0.0,0.0,0.0,0.0,0.0,3.40625,3.3009375,0.10531249999999999,0,0,0,0.0,0.0,0.0,0.0,20.0,0.0,480.0,0.0
LYSSY_RN,2026-06-22,61.4,-41.7,-60.695250000000044,-1.5907500000000823,-62.286000000000115,29.556250000000002,30.045416666666668,-0.4891666666666669,14,10,24,241.54749999999996,-303.8335000000001,58.3,0.57,0.0,103.1,0.0,0.0
L_FRE_ESR_RN,2026-06-22,0.9,-10.2,2.9775000000000005,-35.81075000000003,-32.83325000000002,8.982916666666666,8.194583333333334,0.7883333333333334,8,6,14,5.631999999999981,-38.465250000000005,57.1,0.11,9.9,11.1,237.60000000000002,4.7
MADERO_RN,2026-06-22,0.0,-5.0,0.0,3.6625000000000085,3.6625000000000085,2.7525,4.103645833333333,-1.351145833333333,1,0,1,3.6625000000000085,0.0,100.0,99.99,100.0,5.0,2400.0,0.2
MAINLAND_RN,2026-06-22,10.8,-6.5,25.554750000000006,18.601499999999987,44.15624999999999,35.38291666666667,34.43958333333333,0.9433333333333338,14,9,23,66.23825000000001,-22.08200000000001,60.9,1.93,9.9,17.3,237.60000000000002,7.3
MEDILA_RN,2026-06-22,13.6,-30.5,-89.06324999999997,-81.0995,-170.16274999999996,30.35666666666667,36.302187499999995,-5.945520833333333,8,15,23,21.354999999999976,-191.51774999999995,34.8,0.21,0.0,44.1,0.0,0.0
MEDINA1_RN,2026-06-22,3.0,0.0,2.317499999999992,0.0,2.317499999999992,0.9162499999999999,0.8840625000000001,0.03218749999999989,1,0,1,2.317499999999992,0.0,100.0,99.99,0.0,3.0,0.0,0.0
MESQUITE_RN,2026-06-22,0.0,-27.5,0.0,72.55874999999999,72.55874999999999,4.562083333333333,4.402708333333333,0.15937500000000004,3,2,5,92.61999999999999,-20.061250000000005,60.0,3.08,9.9,27.5,237.60000000000002,11.6
MESQUITE_RN2,2026-06-22,5.5,-11.0,-27.871250000000003,-38.609999999999985,-66.48124999999999,3.5520833333333335,3.5152083333333337,0.036874999999999915,0,3,3,0.0,-66.48124999999999,0.0,0.0,0.0,16.5,0.0,0.0
MIDP_SLR_RN,2026-06-22,69.6,-14.7,-928.205,-303.78825,-1231.99325,27.154583333333335,35.51854166666667,-8.363958333333334,7,17,24,7.218000000000009,-1239.21125,29.2,0.01,50.9,84.3,1221.6,6.9
MIDWY_RN,2026-06-22,2.4000000000000004,-12.0,-17.900000000000002,-153.037,-170.937,32.09166666666667,39.164479166666666,-7.0728125,5,18,23,6.9075,-177.84450000000004,21.7,0.14,9.9,14.4,237.60000000000002,6.1
MILTON_RN,2026-06-22,31.4,-27.5,-25.992250000000013,-116.93124999999999,-142.9235,28.578333333333333,31.381249999999998,-2.8029166666666665,8,16,24,143.95374999999999,-286.87725,33.3,1.0,9.9,58.9,237.60000000000002,24.8
MNWL_BESS_RN,2026-06-22,7.2,-7.6,-41.95225000000001,-71.36525,-113.31750000000001,33.09458333333333,39.219479166666666,-6.124895833333333,5,19,24,4.754,-118.0715,20.8,0.15,9.9,14.8,237.60000000000002,6.2
MOORE_FL_RN,2026-06-22,14.6,-135.2,-42.382249999999964,-242.64899999999997,-285.03125,21.515833333333333,26.021145833333335,-4.5053125000000005,10,14,24,246.113,-531.1442499999999,41.7,0.65,9.0,149.79999999999998,216.0,69.4
MUENSTER_RN,2026-06-22,30.0,-41.0,31.05000000000001,-657.4325000000001,-626.3825000000002,17.01125,22.088437499999998,-5.077187500000001,1,9,10,131.725,-758.1075000000002,10.0,1.56,9.9,71.0,237.60000000000002,29.9
MUSTNGCK_ALL,2026-06-22,81.10000000000001,-31.3,-332.05775000000006,-231.7540000000001,-563.8117500000001,27.353333333333335,30.10083333333333,-2.7475,8,16,24,73.15275,-636.9645000000002,33.3,0.23,71.0,112.4,1704.0,6.6
MU_RN,2026-06-22,10.700000000000001,-119.60000000000001,19.01225000000001,64.10624999999997,83.11849999999998,34.0525,34.203125,-0.1506250000000001,13,10,23,195.59000000000003,-112.47150000000005,56.5,1.34,9.9,130.3,237.60000000000002,54.8
MV_VALV4_RN,2026-06-22,7.4,-24.2,-45.056499999999986,-361.376,-406.43249999999995,22.645416666666666,28.88864583333333,-6.243229166666667,12,11,23,37.01649999999999,-443.44899999999996,52.2,0.08,9.9,31.6,237.60000000000002,13.3
MYRY_BES2_RN,2026-06-22,10.100000000000001,-20.1,-111.08624999999999,-33.61674999999997,-144.70299999999997,21.52541666666667,25.25125,-3.7258333333333327,10,14,24,22.04925000000001,-166.75224999999998,41.7,0.19,9.9,30.200000000000003,237.60000000000002,12.7
MYRY_ESR_RN,2026-06-22,0.0,0.0,0.0,0.0,0.0,7.116666666666667,8.858958333333334,-1.7422916666666666,0,0,0,0.0,0.0,0.0,0.0,9.9,0.0,237.60000000000002,0.0
MYR_ALL,2026-06-22,27.5,0.0,-148.65125,0.0,-148.65125,15.611249999999998,18.407708333333332,-2.7964583333333337,1,11,12,3.5699999999999985,-152.22125000000003,8.3,0.26,76.3,27.5,1831.1999999999998,1.5
NCO_RN,2026-06-22,3.0,0.0,39.50249999999999,0.0,39.50249999999999,5.33125,5.19,0.14124999999999974,1,0,1,39.50249999999999,0.0,100.0,99.99,38.8,3.0,931.1999999999999,0.3
NEDIN_RN,2026-06-22,0.0,0.0,0.0,0.0,0.0,2.2491666666666665,2.9644791666666666,-0.7153125000000001,0,0,0,0.0,0.0,0.0,0.0,0.0,0.0,0.0,0.0
NF_BRP_RN,2026-06-22,128.2,-22.0,-4097.67225,-1394.4625,-5492.13475,6.108750000000001,11.806354166666667,-5.697604166666667,3,10,13,27.68750000000001,-5519.822249999999,23.1,0.02,100.5,150.2,2412.0,6.2
NOBLESLR_ALL,2026-06-22,667.1,-2.2,-8458.1625,-13.227000000000004,-8471.389500000001,15.096666666666666,20.412499999999998,-5.315833333333334,4,13,17,9.4775,-8480.867,23.5,0.0,62.5,669.3000000000001,1500.0,44.6
NWF_NWF1,2026-06-22,76.0,-71.8,-788.24575,33.77250000000015,-754.4732499999999,31.89916666666667,38.71760416666667,-6.818437499999999,4,20,24,620.3582500000001,-1374.8315000000002,16.7,2.26,36.0,147.8,864.0,17.1
N_AL_BESS_RN,2026-06-22,4.7,-5.2,-29.085500000000003,-23.70499999999999,-52.790499999999994,22.32625,28.033854166666668,-5.707604166666667,11,12,23,6.561,-59.35149999999999,47.8,0.12,9.9,9.9,237.60000000000002,4.2
N_MRD_ESR_RN,2026-06-22,7.6000000000000005,-8.2,-45.31774999999999,-41.631499999999974,-86.94924999999996,22.722916666666666,29.595208333333332,-6.872291666666666,12,10,22,13.837000000000003,-100.78624999999995,54.5,0.11,9.9,15.8,237.60000000000002,6.6
ODESW_RN,2026-06-22,11.4,-180.8,-87.14500000000001,-2224.8255,-2311.9705,32.55833333333333,39.60989583333333,-7.0515625,4,20,24,289.7714999999999,-2601.742,16.7,0.56,10.0,192.20000000000002,240.0,80.1
OLMITO_RN,2026-06-22,7.5,-7.5,40.28125,-38.099999999999994,2.1812500000000057,4.088333333333334,3.4067708333333333,0.6815625000000001,2,4,6,45.20625,-43.02499999999999,33.3,2.1,0.0,15.0,0.0,0.0
OLNEYTN_RN,2026-06-22,20.0,-10.0,677.8625,234.87,912.7325000000001,16.903333333333332,8.573854166666665,8.329479166666667,8,2,10,952.0525,-39.31999999999999,80.0,6.05,9.9,30.0,237.60000000000002,12.6
OR_BESS_RN,2026-06-22,3.0,-9.1,-37.4775,-54.01400000000001,-91.4915,3.2650000000000006,4.325104166666667,-1.0601041666666666,0,5,5,0.0,-91.49150000000002,0.0,0.0,9.9,12.1,237.60000000000002,5.1
PAD1_ESS_RN,2026-06-22,5.5,-1.5,-71.8735,-15.248,-87.1215,29.2975,35.2953125,-5.997812499999999,8,11,19,5.9190000000000005,-93.04050000000001,42.1,0.09,50.0,7.0,1200.0,0.6
PAD2_ESS_RN,2026-06-22,6.0,-2.0,-15.059999999999988,-20.665000000000006,-35.724999999999994,7.230416666666667,8.4275,-1.197083333333333,1,2,3,4.050000000000004,-39.775,33.3,0.2,150.0,8.0,3600.0,0.2
PALACIOS_RN,2026-06-22,127.0,-24.5,-513.1675,-151.27849999999998,-664.4459999999999,27.455833333333334,29.989479166666666,-2.5336458333333334,8,16,24,182.1795,-846.6254999999999,33.3,0.43,7.0,151.5,168.0,90.2
PALE_ESS_EN,2026-06-22,3.0,-4.4,-67.10249999999999,-24.315250000000002,-91.41775,0.7783333333333333,1.7103125,-0.9319791666666667,1,5,6,1.3800000000000026,-92.79775000000001,16.7,0.07,200.0,7.4,4800.0,0.2
PAULN_RN,2026-06-22,14.0,-1.7000000000000002,-156.36374999999998,-18.0865,-174.45024999999998,28.670833333333334,33.186770833333334,-4.5159375,8,15,23,5.400999999999998,-179.85124999999996,34.8,0.06,9.9,15.7,237.60000000000002,6.6
PAVLOV_BT_RN,2026-06-22,3.4000000000000004,-10.6,-0.3464999999999998,-45.996500000000005,-46.343,27.18375,30.729583333333334,-3.545833333333333,8,15,23,6.360250000000001,-52.70325,34.8,0.23,9.9,14.0,237.60000000000002,5.9
PAVO_ESS_ALL,2026-06-22,9.8,-20.799999999999997,137.0665,176.2345,313.301,3.6770833333333335,2.2150000000000003,1.4620833333333332,2,2,4,353.51874999999995,-40.21774999999997,50.0,8.79,87.5,30.599999999999998,2100.0,1.5
PEARSALL_RN,2026-06-22,6.0,-14.0,-79.38,210.3225,130.9425,6.129166666666666,6.253645833333333,-0.12447916666666654,3,2,5,210.3225,-79.38,60.0,1.77,9.9,20.0,237.60000000000002,8.4
PHO_ALL,2026-06-22,42.8,-2.5,-191.23499999999999,5.006249999999994,-186.22875,15.855416666666665,18.9190625,-3.0636458333333327,3,12,15,51.729749999999996,-237.95849999999996,20.0,0.87,150.0,45.3,3600.0,1.3
PINEFRST_RN,2026-06-22,27.0,-21.900000000000002,-190.91225,-321.05749999999995,-511.96975,28.6375,33.360104166666666,-4.722604166666666,8,16,24,5.522500000000001,-517.49225,33.3,0.02,200.0,48.900000000000006,4800.0,1.0
PIN_BESS_RN,2026-06-22,3.0,-16.5,35.24250000000001,7.370000000000019,42.612500000000026,2.9958333333333336,2.579895833333333,0.41593750000000007,3,1,4,53.818750000000016,-11.206249999999988,75.0,1.6,0.0,19.5,0.0,0.0
PIRATE_RN,2026-06-22,44.4,-108.7,29.949250000000035,63.06400000000002,93.01325000000006,25.735,26.356666666666666,-0.6216666666666664,12,12,24,381.47475,-288.46149999999994,50.0,1.32,9.8,153.1,235.20000000000002,65.1
PLATINUM_RN,2026-06-22,33.6,-10.4,-216.33849999999998,-41.28674999999999,-257.62525,28.594166666666666,33.361041666666665,-4.766875,8,16,24,43.41175000000002,-301.03700000000003,33.3,0.29,128.0,44.0,3072.0,1.4
POTEETS_RN,2026-06-22,9.9,-38.1,49.04700000000001,45.77575,94.82275000000001,27.545833333333334,26.935104166666665,0.610729166666667,13,11,24,166.47700000000003,-71.65425,54.2,1.97,9.9,48.0,237.60000000000002,20.2
POTSVIL_RN,2026-06-22,165.9,-19.7,-11565.27275,-654.4872499999999,-12219.76,49.168749999999996,116.81822916666668,-67.64947916666667,8,16,24,707.8444999999999,-12927.604500000001,33.3,0.11,9.9,185.6,237.60000000000002,78.1
PRCRK_RN,2026-06-22,6.800000000000001,-6.9,-9.142499999999997,-53.1715,-62.314,28.799166666666665,33.348958333333336,-4.549791666666667,8,16,24,10.43,-72.744,33.3,0.29,9.9,13.700000000000001,237.60000000000002,5.8
PTLBES_BESS1,2026-06-22,173.7,-14.9,68.62625000000008,26.93125,95.55750000000009,27.0725,28.3275,-1.255,10,13,23,254.3395,-158.7819999999999,43.5,2.08,6.0,188.6,144.0,131.0
PYR_PYRON1,2026-06-22,1453.5,-64.0,-5466.046249999999,-426.4,-5892.44625,25.5425,31.276875,-5.734375,7,17,24,1710.8237499999996,-7603.2699999999995,29.2,0.55,15.1,1517.5,362.4,418.7
QUEEN_BA_RN,2026-06-22,101.3,-38.7,-2013.718,335.59499999999997,-1678.1230000000003,30.38875,35.545,-5.15625,9,15,24,396.74475,-2074.8677500000003,37.5,0.32,50.0,140.0,1200.0,11.7
RADN_SLR_ALL,2026-06-22,299.7,-56.4,-1315.2027500000002,-300.52575,-1615.7285000000002,24.192083333333333,28.349999999999998,-4.157916666666668,7,17,24,379.81199999999995,-1995.5405,29.2,0.46,81.9,356.09999999999997,1965.6000000000001,18.1
RBN_BESS1,2026-06-22,9.200000000000001,-2.5,-42.747499999999995,-12.172249999999996,-54.919749999999986,30.069999999999997,33.2165625,-3.1465625,9,15,24,5.885,-60.80475,37.5,0.16,100.0,11.700000000000001,2400.0,0.5
RHESS2_ESS1,2026-06-22,31.1,-723.2,-168.227,-2856.4374999999995,-3024.6644999999994,10.036666666666667,12.306145833333332,-2.2694791666666663,5,12,17,172.041,-3196.7055,29.4,0.13,9.9,754.3000000000001,237.60000000000002,317.5
RIOG_ESR2_RN,2026-06-22,9.0,0.0,302.43,0.0,302.43,6.7075,2.5070833333333336,4.2004166666666665,3,0,3,302.43,0.0,100.0,99.99,9.9,9.0,237.60000000000002,3.8
RIOG_ESR_RN,2026-06-22,18.0,-110.0,356.1025,2613.65,2969.7525,21.741666666666664,20.5165625,1.2251041666666664,7,1,8,2988.7774999999997,-19.025,87.5,22.44,9.9,128.0,237.60000000000002,53.9
RN_BY_ESR1,2026-06-22,6.0,0.0,-45.16500000000002,0.0,-45.16500000000002,7.805,8.371458333333335,-0.5664583333333337,1,1,2,5.699999999999996,-50.865000000000016,50.0,0.11,0.0,6.0,0.0,0.0
RN_PAD3_ESS,2026-06-22,14.0,0.0,-110.97375,0.0,-110.97375,7.825833333333333,11.559375000000001,-3.733541666666667,0,2,2,0.0,-110.97375,0.0,0.0,0.0,14.0,0.0,0.0
RN_QTUM_SLR,2026-06-22,3.0,0.0,-23.722499999999997,0.0,-23.722499999999997,2.08625,2.4157291666666665,-0.3294791666666666,0,1,1,0.0,-23.722499999999997,0.0,0.0,160.0,3.0,3840.0,0.1
RN_RHN_ESR,2026-06-22,11.5,-22.0,-25.739999999999984,-26.95000000000001,-52.69,5.984166666666667,5.857187499999999,0.12697916666666678,4,3,7,38.71999999999997,-91.40999999999997,57.1,0.32,200.0,33.5,4800.0,0.7
RN_SOLC_SLR,2026-06-22,3.0,0.0,-61.402500000000025,0.0,-61.402500000000025,1.9066666666666665,2.759479166666667,-0.8528125000000003,0,1,1,0.0,-61.402500000000025,0.0,0.0,160.0,3.0,3840.0,0.1
ROSELAND_ALL,2026-06-22,250.6,-188.1,-697.3925000000002,127.04025000000007,-570.3522500000001,27.593333333333334,30.48125,-2.887916666666666,10,13,23,459.5522500000001,-1029.9045,43.5,0.58,50.0,438.7,1200.0,36.6
RPUBRDS_RN,2026-06-22,13.5,-0.5,-134.16575000000003,-6.82775,-140.99350000000004,31.062083333333334,54.58697916666667,-23.524895833333332,8,15,23,48.54349999999999,-189.53700000000003,34.8,0.48,39.5,14.0,948.0,1.5
RRANCHES_ALL,2026-06-22,5.4,-444.5,-10.403,-2545.0134999999996,-2555.4164999999994,31.95125,38.708333333333336,-6.757083333333334,7,16,23,1008.2777500000002,-3563.6942499999996,30.4,0.65,150.0,449.9,3600.0,12.5
RRC_WIND_ALL,2026-06-22,106.9,-22.4,-625.14225,-132.54349999999997,-757.68575,25.584999999999997,32.0609375,-6.4759375,7,17,24,87.64149999999998,-845.32725,29.2,0.25,75.0,129.3,1800.0,7.2
RTLSNAKE_BT,2026-06-22,3.0,-23.0,-43.875,-195.305,-239.18,2.3595833333333336,2.963229166666667,-0.6036458333333333,2,6,8,7.499999999999995,-246.67999999999995,25.0,0.09,9.9,26.0,237.60000000000002,10.9
RUSSEKST_RN,2026-06-22,165.8,-200.79999999999998,-1817.3694999999998,323.26574999999997,-1494.1037499999998,32.276666666666664,49.445625,-17.168958333333332,7,17,24,3023.241,-4517.34475,29.2,1.63,9.9,366.6,237.60000000000002,154.3
RVN_RN,2026-06-22,0.0,0.0,0.0,0.0,0.0,23.23,21.8575,1.3724999999999987,0,0,0,0.0,0.0,0.0,0.0,0.0,0.0,0.0,0.0
RVRVLYS_ALL,2026-06-22,33.900000000000006,-3.2,-158.72875000000005,-34.47675,-193.20550000000006,28.478333333333335,33.11770833333333,-4.639375,8,13,21,5.9582500000000005,-199.16375000000005,38.1,0.05,50.0,37.10000000000001,1200.0,3.1
SADLBACK_RN,2026-06-22,21.8,-24.7,-40.002000000000024,-441.2225,-481.22450000000003,31.874583333333334,38.44291666666667,-6.568333333333334,7,16,23,103.27449999999999,-584.499,30.4,0.4,9.9,46.5,237.60000000000002,19.6
SAH_RN,2026-06-22,6.0,-28.0,-11.91749999999999,-155.85999999999999,-167.77749999999997,4.250416666666666,4.415937499999999,-0.1655208333333332,2,11,13,72.125,-239.90249999999997,15.4,1.65,200.0,34.0,4800.0,0.7
SANDLAKE_RN,2026-06-22,11.0,-51.0,-169.04,-665.92,-834.96,6.394583333333333,8.803749999999999,-2.4091666666666667,7,14,21,69.02,-903.98,33.3,0.15,9.9,62.0,237.60000000000002,26.1
SBEAN_BESS,2026-06-22,6.0,-5.0,-92.5725,-109.32500000000002,-201.89750000000004,4.301666666666667,6.608333333333333,-2.3066666666666666,0,3,3,0.0,-201.89750000000004,0.0,0.0,9.9,11.0,237.60000000000002,4.6
SEVNF_ES_RN,2026-06-22,0.0,-121.0,0.0,411.06999999999994,411.06999999999994,6.744166666666666,1.8332291666666667,4.9109375,14,8,22,820.9637499999998,-409.89375000000007,63.6,1.14,100.0,121.0,2400.0,5.0
SGSA_DGR,2026-06-22,3.0,-15.0,-47.54249999999999,-50.71249999999995,-98.25499999999994,2.6354166666666665,4.333854166666666,-1.6984374999999998,1,2,3,136.38750000000002,-234.64249999999996,33.3,1.16,9.9,18.0,237.60000000000002,7.6
SG_BES_BESS1,2026-06-22,176.2,-76.8,-693.5109999999997,-251.4732499999999,-944.9842499999995,30.989583333333332,36.55739583333334,-5.5678125,8,16,24,411.28950000000043,-1356.27375,33.3,0.61,100.0,253.0,2400.0,10.5
SHAMROCK_RN,2026-06-22,4616.6,-67.6,282.04375000000255,217.40300000000005,499.4467500000028,24.110833333333332,24.356666666666666,-0.24583333333333268,15,9,24,16379.252000000006,-15879.805250000001,62.5,0.62,84.1,4684.200000000001,2018.3999999999999,232.1
SHEEPCRK_1,2026-06-22,503.7,-52.0,-2335.90525,-305.42999999999995,-2641.3352499999996,25.584999999999997,32.0609375,-6.4759375,7,17,24,626.0197499999999,-3267.3549999999996,29.2,0.47,135.0,555.7,3240.0,17.2
SLCN_ESS_ALL,2026-06-22,10.5,-1.1,-63.46000000000001,-10.655249999999999,-74.11525,28.932083333333335,35.315625000000004,-6.383541666666666,8,13,21,9.925499999999994,-84.04074999999999,38.1,0.19,50.0,11.6,1200.0,1.0
SLK_BESS_RN,2026-06-22,3.0,0.0,-53.032500000000006,0.0,-53.032500000000006,2.86375,3.044791666666667,-0.18104166666666677,0,1,1,0.0,-53.032500000000006,0.0,0.0,0.0,3.0,0.0,0.0
SMTH_ESS_RN,2026-06-22,36.0,-1.7000000000000002,-179.05625,-18.819750000000003,-197.876,28.73375,33.36864583333333,-4.634895833333332,8,15,23,5.5145,-203.39050000000003,34.8,0.05,125.0,37.7,3000.0,1.3
SNY_BESS_RN,2026-06-22,41.9,-187.4,-151.26875000000004,-146.8625,-298.1312500000001,30.765,32.719166666666666,-1.9541666666666668,10,14,24,65.32349999999991,-363.45475,41.7,0.25,9.9,229.3,237.60000000000002,96.5
SPTX12B_RN,2026-06-22,29.1,-19.1,70.57349999999998,192.24125000000004,262.81475,10.097083333333332,10.5325,-0.43541666666666656,7,8,15,403.60725,-140.79250000000002,46.7,3.28,25.0,48.2,600.0,8.0
SP_RN,2026-06-22,7.1000000000000005,-53.5,-32.50700000000001,25.391250000000003,-7.115750000000008,36.36333333333334,34.495625,1.867708333333333,13,8,21,94.90124999999999,-102.017,61.9,0.57,9.9,60.6,237.60000000000002,25.5
SROSA_ESR_RN,2026-06-22,0.30000000000000004,-37.2,-7.500250000000002,-546.26925,-553.7695000000001,2.3358333333333334,5.4609375,-3.125104166666667,2,12,14,0.48900000000000043,-554.2585,14.3,0.01,9.9,37.5,237.60000000000002,15.8
STADIUM_RN,2026-06-22,106.5,-32.0,1078.57,83.50124999999997,1162.07125,31.192083333333333,23.720625,7.4714583333333335,20,4,24,1191.8337499999998,-29.762500000000017,83.3,8.01,9.9,138.5,237.60000000000002,58.3
STAM_SLR_ALL,2026-06-22,33.800000000000004,-36.3,-349.94450000000006,-153.84700000000004,-503.7915000000001,28.63416666666667,33.3371875,-4.703020833333333,8,16,24,5.512499999999999,-509.3040000000001,33.3,0.02,70.0,70.1,1680.0,4.2
STRG_SLR_ALL,2026-06-22,24.3,-3.5,-76.39525000000002,-10.771250000000006,-87.16650000000003,27.989583333333332,30.088229166666668,-2.0986458333333338,10,14,24,30.526250000000005,-117.69275000000003,41.7,0.36,100.0,27.8,2400.0,1.2
SUNVASLR_ALL,2026-06-22,351.7,-2.4000000000000004,-3706.5975,-27.332000000000004,-3733.9295,25.565833333333334,31.488125,-5.922291666666667,8,16,24,5.186999999999999,-3739.1165,33.3,0.0,53.3,354.09999999999997,1279.1999999999998,27.7
SWOOSE1_U1,2026-06-22,13.1,-2.1,-108.95174999999999,-12.65175,-121.6035,31.999166666666667,38.912708333333335,-6.913541666666667,6,17,23,14.135499999999999,-135.739,26.1,0.3,9.9,15.2,237.60000000000002,6.4
SWOOSEII_RN,2026-06-22,3.0,-19.2,-53.79,240.69599999999997,186.90599999999998,5.914999999999999,5.8865625,0.028437499999999893,1,2,3,264.69599999999997,-77.78999999999999,33.3,6.81,100.0,22.2,2400.0,0.9
SWT_BESS_RN,2026-06-22,36.2,-68.2,-572.6615,-763.078,-1335.7395,30.271666666666665,37.32822916666667,-7.056562499999999,6,18,24,4.225500000000001,-1339.965,25.0,0.01,9.9,104.4,237.60000000000002,43.9
TANZ_ESS_RN,2026-06-22,0.0,0.0,0.0,0.0,0.0,0.0,0.0,0.0,0,0,0,0.0,0.0,0.0,0.0,0.0,0.0,0.0,0.0
TBWF_ES_BES1,2026-06-22,39.9,-15.7,-57.66250000000002,158.41850000000005,100.75600000000006,7.629166666666666,7.419270833333333,0.20989583333333303,2,1,3,242.85200000000006,-142.096,66.7,0.85,150.0,55.599999999999994,3600.0,1.5
TDWLPR_1_RN,2026-06-22,3.0,-20.0,3.3299999999999983,-53.05,-49.72,2.9633333333333334,2.8888541666666665,0.07447916666666672,1,1,2,3.3299999999999983,-53.05,50.0,0.06,100.0,23.0,2400.0,1.0
TNFS_RN,2026-06-22,3.0,0.0,-62.745,0.0,-62.745,2.317083333333333,3.3781250000000003,-1.0610416666666667,0,1,1,0.0,-62.745,0.0,0.0,9.9,3.0,237.60000000000002,1.3
TORR_ALL,2026-06-22,980.9,-71.8,3592.92925,132.725,3725.6542500000005,12.402083333333332,8.47375,3.9283333333333332,19,5,24,4260.8055,-535.15125,79.2,2.1,0.0,1052.7,0.0,0.0
TORT_ESS_RN,2026-06-22,3.0,0.0,9.495000000000008,0.0,9.495000000000008,5.607499999999999,6.31125,-0.70375,1,0,1,9.495000000000008,0.0,100.0,99.99,48.3,3.0,1159.1999999999998,0.3
TOYAH_RN,2026-06-22,3.0,-10.0,2.100000000000003,57.150000000000034,59.25000000000004,0.64875,0.6195833333333333,0.029166666666666712,2,1,3,138.4875,-79.23749999999998,66.7,0.87,9.9,13.0,237.60000000000002,5.5
TRIPBUT1_RN,2026-06-22,9.8,-14.7,-88.492,32.27825000000003,-56.213749999999976,31.22458333333333,36.297604166666666,-5.0730208333333335,9,15,24,157.30725000000004,-213.52100000000004,37.5,1.23,7.5,24.5,180.0,13.6
TSECA_ES_RN,2026-06-22,16.9,-3.0,-356.06100000000004,-11.782499999999995,-367.8435,9.1775,13.301770833333334,-4.124270833333333,0,4,4,0.0,-367.8435,0.0,0.0,100.0,19.9,2400.0,0.8
TURQ_BESS1,2026-06-22,34.4,-2.0,-331.32349999999997,10.239999999999998,-321.0835,19.699583333333333,24.892916666666668,-5.193333333333333,4,14,18,27.480000000000008,-348.5635000000001,22.2,0.28,186.0,36.4,4464.0,0.8
TV_RN,2026-06-22,4.2,-6.0,-6.285499999999999,-44.06300000000001,-50.3485,30.687083333333334,33.4946875,-2.8076041666666662,10,14,24,6.3565000000000005,-56.705,41.7,0.16,9.8,10.2,235.20000000000002,4.3
TYNAN_RN,2026-06-22,7.7,-0.5,-45.857500000000016,-6.420000000000002,-52.27750000000002,27.60875,27.24666666666667,0.3620833333333329,16,8,24,11.724500000000003,-64.00200000000002,66.7,0.09,9.9,8.2,237.60000000000002,3.5
UTOPIA_RN,2026-06-22,16.0,-51.0,-112.75749999999994,-49.514999999999944,-162.27249999999987,20.616666666666667,24.0134375,-3.3967708333333335,3,4,7,54.10250000000002,-216.37499999999991,42.9,0.33,7.0,67.0,168.0,39.9
VERT_ESS_RN,2026-06-22,3.0,0.0,-3.877500000000012,0.0,-3.877500000000012,1.8129166666666665,1.8667708333333335,-0.053854166666666835,0,1,1,0.0,-3.877500000000012,0.0,0.0,200.0,3.0,4800.0,0.1
VORT_ALL_RN,2026-06-22,113.7,-54.5,-906.81675,-315.77375,-1222.5904999999998,25.762916666666666,32.631145833333335,-6.868229166666666,7,17,24,111.757,-1334.3475,29.2,0.2,121.8,168.2,2923.2,5.8
WAL_RN,2026-06-22,4.1000000000000005,-2.5,-9.05575,-12.624249999999995,-21.679999999999996,29.59375,33.175000000000004,-3.5812499999999994,8,16,24,5.587,-27.266999999999996,33.3,0.41,200.0,6.6000000000000005,4800.0,0.1
WFTANK_ESS1,2026-06-22,2.7,-272.0,14.7505,532.32075,547.07125,17.190416666666668,17.08760416666667,0.1028125000000002,12,12,24,1484.46875,-937.3975,50.0,1.58,150.0,274.7,3600.0,7.6
WIG_BESS_RN,2026-06-22,17.0,-6.2,-112.10249999999996,-7.1734999999999935,-119.27599999999995,16.556250000000002,19.885729166666668,-3.329479166666666,4,11,15,28.087500000000002,-147.36349999999996,26.7,0.52,120.0,23.2,2880.0,0.8
WLTC_ESR_RN,2026-06-22,4.2,-0.6000000000000001,0.8725000000000005,-1.514249999999999,-0.6417499999999987,23.401666666666667,23.717291666666668,-0.3156249999999996,11,11,22,7.328750000000001,-7.9704999999999995,50.0,0.92,9.9,4.800000000000001,237.60000000000002,2.0
WOV_BESS_RN,2026-06-22,8.4,-23.6,-118.7805,-358.12299999999993,-476.9035,32.214166666666664,39.45364583333333,-7.2394791666666665,4,19,23,7.047500000000001,-483.95099999999996,17.4,0.07,9.9,32.0,237.60000000000002,13.5
WRSBES_BESS1,2026-06-22,6.0,0.0,-60.787499999999994,0.0,-60.787499999999994,2.1441666666666666,2.9884375,-0.8442708333333332,0,2,2,0.0,-60.787499999999994,0.0,0.0,9.7,6.0,232.79999999999998,2.6
WR_RN,2026-06-22,3.9000000000000004,-1.1,-5.03375,-12.243,-17.27675,28.69666666666667,32.32822916666667,-3.6315625,8,16,24,6.305250000000003,-23.582000000000004,33.3,0.53,9.9,5.0,237.60000000000002,2.1
WZRD_ESS_RN,2026-06-22,18.0,-0.4,-91.22449999999998,-5.578999999999999,-96.80349999999999,36.47958333333333,35.01333333333333,1.4662499999999998,15,7,22,19.414499999999997,-116.21799999999996,68.2,0.08,150.0,18.4,3600.0,0.5
W_HRL_ESR_RN,2026-06-22,3.4000000000000004,-0.6000000000000001,-4.450999999999999,-0.5820000000000004,-5.0329999999999995,21.408749999999998,24.918958333333332,-3.510208333333333,10,9,19,5.61875,-10.65175,52.6,0.47,9.9,4.0,237.60000000000002,1.7
X443ESRN,2026-06-22,5.5,-3.9000000000000004,4.500000000000008,-30.596000000000004,-26.095999999999997,29.159583333333334,35.973645833333336,-6.8140624999999995,8,13,21,9.740000000000007,-35.836000000000006,38.1,0.44,10.0,9.4,240.0,3.9
Z0_DGR2_RN,2026-06-22,0.0,0.0,0.0,0.0,0.0,0.0,0.0,0.0,0,0,0,0.0,0.0,0.0,0.0,9.9,0.0,237.60000000000002,0.0
ZIER_SLR_ALL,2026-06-22,474.4,-162.79999999999998,940.7302499999998,-1764.8217499999996,-824.0914999999998,27.694999999999997,33.949374999999996,-6.254375,6,17,23,1200.5529999999997,-2024.6444999999999,26.1,1.68,40.0,637.1999999999999,960.0,66.4
