DATETIME,da,rt,netload_fc,wind_south_fc,wind_coastal_fc,HOURENDING,MARKETDAY,PEAKTYPE,MONTH,YEAR,date,he,spread,rt_hub,basis,regime,regime_realized,short_mwh,long_mwh,DA_Sales_Qty,DA_Purchases_Qty,RT_Generation_Qty,RT_Consumption_Qty,our_pnl,has_pos
07/01/2026 01:00:00,27.38,28.2375,39634.3589,2354.2,1652.9,1,07/01/2026,OFFPEAK,JULY,2026,2026-07-01,1,-0.8575000000000017,28.2375,0.0,normal,normal,0.0,0.0,0.0,0.0,0.0,0.0602949999,0.0,False
07/01/2026 02:00:00,25.46,24.375,36717.1202,2165.0,1533.7,2,07/01/2026,OFFPEAK,JULY,2026,2026-07-01,2,1.0850000000000009,24.375,0.0,normal,normal,0.0,0.0,0.0,0.0,0.0,0.0678299999,0.0,False
07/01/2026 03:00:00,24.81,24.605,34620.8002,2042.1,1361.3,3,07/01/2026,OFFPEAK,JULY,2026,2026-07-01,3,0.2049999999999983,24.2025,0.40249999999999986,normal,normal,0.0,0.0,0.0,0.0,0.0,0.0572749999,0.0,False
07/01/2026 04:00:00,24.09,26.0125,33894.3299,1948.3,1232.1,4,07/01/2026,OFFPEAK,JULY,2026,2026-07-01,4,-1.9224999999999994,25.345,0.6675000000000004,normal,normal,0.0,0.0,0.0,0.0,0.0,0.061763,0.0,False
07/01/2026 05:00:00,24.08,24.365,34497.0001,1801.5,1091.1,5,07/01/2026,OFFPEAK,JULY,2026,2026-07-01,5,-0.28500000000000014,24.365,0.0,normal,normal,0.0,0.0,0.0,0.0,0.0,0.0646459998,0.0,False
07/01/2026 06:00:00,25.44,23.395,36422.5503,1641.9,981.6,6,07/01/2026,OFFPEAK,JULY,2026,2026-07-01,6,2.0450000000000017,23.395,0.0,normal,normal,0.0,0.0,0.0,0.0,0.0,0.06473,0.0,False
07/01/2026 07:00:00,25.37,22.6025,38579.7802,1488.5,853.4,7,07/01/2026,WDPEAK,JULY,2026,2026-07-01,7,2.767500000000002,22.6025,0.0,normal,normal,0.0,0.0,0.0,0.0,0.0,0.0645559999,0.0,False
07/01/2026 08:00:00,21.69,19.315,33836.8695,1500.2,942.5,8,07/01/2026,WDPEAK,JULY,2026,2026-07-01,8,2.375,19.0375,0.27749999999999986,normal,normal,0.0,0.0,0.0,0.0,0.0,0.0627639999,0.0,False
07/01/2026 09:00:00,17.35,16.885,24699.5098,1619.0,1208.0,9,07/01/2026,WDPEAK,JULY,2026,2026-07-01,9,0.46499999999999986,14.0125,2.8725000000000023,normal,normal,0.0,0.0,0.0,0.0,0.0,0.0542119997,0.0,False
07/01/2026 10:00:00,16.6,16.24,22120.4121,1617.6,1325.0,10,07/01/2026,WDPEAK,JULY,2026,2026-07-01,10,0.360000000000003,14.16,2.0799999999999983,normal,normal,0.0,0.0,0.0,0.0,0.0,43.7665209998,0.0,False
07/01/2026 11:00:00,17.22,17.335,23519.6398,1629.7,1486.5,11,07/01/2026,WDPEAK,JULY,2026,2026-07-01,11,-0.11500000000000199,15.08,2.255000000000001,normal,normal,0.0,0.0,0.0,0.0,0.0,21.9340479999,0.0,False
07/01/2026 12:00:00,18.82,14.88,26412.5691,1662.6,1668.1,12,07/01/2026,WDPEAK,JULY,2026,2026-07-01,12,3.9399999999999995,14.34,0.5400000000000009,normal,normal,0.0,0.0,0.0,0.0,0.0,6.0553469999,0.0,False
07/01/2026 13:00:00,22.75,14.925,29916.1787,1659.6,1868.7,13,07/01/2026,WDPEAK,JULY,2026,2026-07-01,13,7.824999999999999,13.9725,0.9525000000000006,normal,normal,0.0,0.0,0.0,0.0,0.0,0.1697909998,0.0,False
07/01/2026 14:00:00,23.72,17.7075,33305.1803,1695.3,2062.4,14,07/01/2026,WDPEAK,JULY,2026,2026-07-01,14,6.012499999999999,17.07,0.6374999999999993,normal,normal,0.1,0.0,0.1,0.0,0.0,0.0489449999,0.60125,False
07/01/2026 15:00:00,24.13,20.375,34204.1782,1784.8,2259.3,15,07/01/2026,WDPEAK,JULY,2026,2026-07-01,15,3.754999999999999,21.155,-0.7800000000000011,normal,normal,0.1,0.0,0.1,0.0,0.0,0.0765839998,0.37549999999999994,False
07/01/2026 16:00:00,23.75,25.1675,34033.0113,1956.2,2497.2,16,07/01/2026,WDPEAK,JULY,2026,2026-07-01,16,-1.4175000000000004,24.5,0.6675000000000004,normal,normal,0.1,0.0,0.1,0.0,0.0,0.0918149999,-0.14175000000000004,False
07/01/2026 17:00:00,22.6,36.2975,33929.3109,2270.8,2639.5,17,07/01/2026,WDPEAK,JULY,2026,2026-07-01,17,-13.697499999999998,26.0875,10.21,normal,normal,46.2234,0.0,50.0,0.0,3.7766,0.094229,-633.1450214999999,True
07/01/2026 18:00:00,23.26,32.5975,34675.6994,2615.0,2687.4,18,07/01/2026,WDPEAK,JULY,2026,2026-07-01,18,-9.337499999999995,24.89,7.707499999999996,normal,normal,41.2369,0.0,50.0,0.0,8.7631,0.074994,-385.0495537499998,True
07/01/2026 19:00:00,28.15,40.18,38200.3399,2767.6,2610.4,19,07/01/2026,WDPEAK,JULY,2026,2026-07-01,19,-12.030000000000001,28.995,11.184999999999999,normal,normal,48.8893,0.0,50.0,0.0,1.1107,0.1242149996,-588.138279,True
07/01/2026 20:00:00,40.91,36.315,51027.5479,2694.1,2107.8,20,07/01/2026,WDPEAK,JULY,2026,2026-07-01,20,4.594999999999999,38.855,-2.539999999999999,normal,normal,14.521099999999997,0.0,50.0,0.0,35.4789,0.054097,66.72445449999996,True
07/01/2026 21:00:00,44.43,42.4725,57175.5306,2567.5,1725.3,21,07/01/2026,WDPEAK,JULY,2026,2026-07-01,21,1.9575000000000031,43.61,-1.1375000000000028,normal,normal,20.1047,0.0,50.0,0.0,29.8953,0.000531,39.354950250000066,True
07/01/2026 22:00:00,42.09,48.7275,55290.0907,2514.4,1434.3,22,07/01/2026,WDPEAK,JULY,2026,2026-07-01,22,-6.637499999999996,48.73,-0.0024999999999977263,normal,normal,30.9174,0.0,50.0,0.0,19.0826,0.0770079999,-205.21424249999987,True
07/01/2026 23:00:00,39.59,48.88,50665.9209,2358.9,1244.4,23,07/01/2026,OFFPEAK,JULY,2026,2026-07-01,23,-9.29,48.88,0.0,normal,normal,0.0,0.0,0.0,0.0,5.6069,0.000607,0.0,False
07/02/2026 00:00:00,31.88,28.9825,46228.6202,2210.1,1137.3,24,07/01/2026,OFFPEAK,JULY,2026,2026-07-01,24,2.8974999999999973,28.9825,0.0,normal,normal,0.0,0.0,0.0,0.0,0.0,0.1921919997,0.0,False
07/02/2026 01:00:00,28.37,26.53,42267.9602,2127.9,1102.1,1,07/02/2026,OFFPEAK,JULY,2026,2026-07-02,1,1.8399999999999999,26.53,0.0,normal,normal,0.0,0.0,0.0,0.0,0.0,0.2310749998,0.0,False
07/02/2026 02:00:00,25.3,24.9625,39072.5289,1916.8,960.7,2,07/02/2026,OFFPEAK,JULY,2026,2026-07-02,2,0.33750000000000213,24.9625,0.0,normal,normal,0.0,0.0,0.0,0.0,0.0,0.2284379998,0.0,False
07/02/2026 03:00:00,24.4,24.2775,36752.6414,1686.3,824.6,3,07/02/2026,OFFPEAK,JULY,2026,2026-07-02,3,0.12249999999999872,24.2775,0.0,normal,normal,0.0,49.7723420001,0.0,50.0,0.0,0.2276579999,-6.097111895012186,True
07/02/2026 04:00:00,24.69,23.405,36684.4111,1598.5,800.5,4,07/02/2026,OFFPEAK,JULY,2026,2026-07-02,4,1.2850000000000001,23.405,0.0,normal,normal,0.0,49.8579030002,0.0,50.0,0.0,0.1420969998,-64.06740535525701,True
07/02/2026 05:00:00,26.0,23.9275,37348.99,1450.2,639.4,5,07/02/2026,OFFPEAK,JULY,2026,2026-07-02,5,2.0725000000000016,23.9275,0.0,normal,normal,0.0,0.0,0.0,0.0,0.0,0.0596809998,0.0,False
07/02/2026 06:00:00,27.71,26.3325,39243.0692,1359.6,525.8,6,07/02/2026,OFFPEAK,JULY,2026,2026-07-02,6,1.3775000000000013,26.3325,0.0,normal,normal,0.0,0.0,0.0,0.0,0.0,0.0500599999,0.0,False
07/02/2026 07:00:00,28.16,26.6475,41221.79,1255.8,456.1,7,07/02/2026,WDPEAK,JULY,2026,2026-07-02,7,1.5124999999999993,26.645,0.002500000000001279,normal,normal,0.0,0.0,0.0,0.0,0.0,0.0638059999,0.0,False
07/02/2026 08:00:00,23.94,22.21,37819.4893,1147.2,372.3,8,07/02/2026,WDPEAK,JULY,2026,2026-07-02,8,1.7300000000000004,22.21,0.0,normal,normal,0.0,0.0,0.0,0.0,0.0,0.0627669999,0.0,False
07/02/2026 09:00:00,20.72,20.105,30113.1696,1141.1,413.5,9,07/02/2026,WDPEAK,JULY,2026,2026-07-02,9,0.6149999999999984,19.7275,0.3775000000000013,normal,normal,0.0,0.0,0.0,0.0,0.0,7.7844399999,0.0,False
07/02/2026 10:00:00,23.45,18.9575,26699.209,1151.7,622.8,10,07/02/2026,WDPEAK,JULY,2026,2026-07-02,10,4.4925,17.9975,0.9600000000000009,normal,normal,0.0,0.0,0.0,0.0,0.0,60.2575199998,0.0,False
07/02/2026 11:00:00,22.96,18.6025,27695.2989,1063.1,760.2,11,07/02/2026,WDPEAK,JULY,2026,2026-07-02,11,4.357500000000002,16.6225,1.9800000000000004,normal,normal,0.0,0.0,0.0,0.0,0.0,57.0721899999,0.0,False
07/02/2026 12:00:00,24.34,20.1175,30962.8293,998.8,862.0,12,07/02/2026,WDPEAK,JULY,2026,2026-07-02,12,4.2225,16.15,3.967500000000001,normal,normal,0.0,0.0,0.0,0.0,0.0,6.9679069999,0.0,False
07/02/2026 13:00:00,24.71,22.4925,34453.4203,996.0,1071.6,13,07/02/2026,WDPEAK,JULY,2026,2026-07-02,13,2.217500000000001,18.6675,3.8249999999999993,normal,normal,0.0,0.0,0.0,0.0,0.0,0.209036,0.0,False
07/02/2026 14:00:00,27.63,27.775,38892.5898,1076.7,1435.5,14,07/02/2026,WDPEAK,JULY,2026,2026-07-02,14,-0.14499999999999957,23.7475,4.0275,normal,normal,50.0,0.0,50.0,0.0,0.0,0.0430129997,-7.249999999999979,True
07/02/2026 15:00:00,26.15,30.7025,40367.1499,1245.0,1832.9,15,07/02/2026,WDPEAK,JULY,2026,2026-07-02,15,-4.552500000000002,26.3725,4.330000000000002,normal,normal,0.1,0.0,0.1,0.0,0.0,0.0365509999,-0.4552500000000002,False
07/02/2026 16:00:00,26.64,35.2375,41228.31,1503.5,2122.4,16,07/02/2026,WDPEAK,JULY,2026,2026-07-02,16,-8.597499999999997,26.86,8.377499999999998,normal,normal,0.1,0.0,0.1,0.0,0.0,0.0702329999,-0.8597499999999997,False
07/02/2026 17:00:00,27.95,35.9075,41957.5592,1813.3,2350.1,17,07/02/2026,WDPEAK,JULY,2026,2026-07-02,17,-7.9575,27.41,8.497499999999999,normal,normal,49.9606,0.0,50.0,0.0,0.0394,0.088188,-397.5614745,True
07/02/2026 18:00:00,28.72,23.13,42741.9515,2073.4,2457.3,18,07/02/2026,WDPEAK,JULY,2026,2026-07-02,18,5.59,26.0025,-2.8725000000000023,normal,normal,50.0,0.0,50.0,0.0,0.0,0.0990109999,279.5,True
07/02/2026 19:00:00,30.15,26.15,45674.6489,2303.8,2403.3,19,07/02/2026,WDPEAK,JULY,2026,2026-07-02,19,4.0,31.3325,-5.182500000000001,normal,normal,50.0,0.0,50.0,0.0,0.0,0.104788,200.0,True
07/02/2026 20:00:00,36.4,28.8325,54005.1205,2454.4,2149.0,20,07/02/2026,WDPEAK,JULY,2026,2026-07-02,20,7.567499999999999,30.93,-2.0975,normal,normal,50.0,0.0,50.0,0.0,0.0,0.1765859998,378.37499999999994,True
07/02/2026 21:00:00,36.22,31.08,57964.9109,2465.6,1780.2,21,07/02/2026,WDPEAK,JULY,2026,2026-07-02,21,5.140000000000001,32.2825,-1.2025000000000006,normal,normal,50.0,0.0,50.0,0.0,0.0,0.1983909998,257.0,True
07/02/2026 22:00:00,36.34,29.5025,55043.4885,2428.6,1503.9,22,07/02/2026,WDPEAK,JULY,2026,2026-07-02,22,6.837500000000002,29.8775,-0.375,normal,normal,50.0,0.0,50.0,0.0,0.0,0.1571569998,341.8750000000001,True
07/02/2026 23:00:00,34.68,28.96,49788.3013,2358.8,1365.0,23,07/02/2026,OFFPEAK,JULY,2026,2026-07-02,23,5.719999999999999,29.15,-0.18999999999999773,normal,normal,0.0,0.0,0.0,0.0,0.0,0.1754939998,0.0,False
07/03/2026 00:00:00,30.21,27.745,44970.2905,2250.9,1244.5,24,07/02/2026,OFFPEAK,JULY,2026,2026-07-02,24,2.465,27.68,0.06500000000000128,normal,normal,0.0,0.0,0.0,0.0,0.0,0.1895629997,0.0,False
07/03/2026 01:00:00,24.55,23.9725,39487.0593,2284.5,1317.5,1,07/03/2026,OFFPEAK,JULY,2026,2026-07-03,1,0.5775000000000006,23.9725,0.0,normal,normal,0.0,0.0,0.0,0.0,0.0,0.1569959999,0.0,False
07/03/2026 02:00:00,23.39,23.6775,36781.1407,2094.6,1229.4,2,07/03/2026,OFFPEAK,JULY,2026,2026-07-03,2,-0.28749999999999787,23.6775,0.0,normal,normal,0.0,24.8039940003,0.0,25.0,0.0,0.1960059997,7.131148275086198,True
07/03/2026 03:00:00,21.8,23.0375,35234.8506,1876.2,1094.5,3,07/03/2026,OFFPEAK,JULY,2026,2026-07-03,3,-1.2375000000000007,23.0375,0.0,normal,normal,0.0,24.7928200001,0.0,25.0,0.0,0.2071799999,30.68111475012377,True
07/03/2026 04:00:00,21.89,22.045,34586.82,1677.8,933.4,4,07/03/2026,OFFPEAK,JULY,2026,2026-07-03,4,-0.15500000000000114,22.045,0.0,normal,normal,0.0,49.7905350003,0.0,50.0,0.0,0.2094649997,7.717532925046556,True
07/03/2026 05:00:00,21.8,21.68,35272.2004,1498.1,776.4,5,07/03/2026,OFFPEAK,JULY,2026,2026-07-03,5,0.120000000000001,21.68,0.0,normal,normal,0.0,49.8120430001,0.0,50.0,0.0,0.1879569999,-5.977445160012049,True
07/03/2026 06:00:00,23.25,22.9525,37157.5303,1345.5,632.3,6,07/03/2026,OFFPEAK,JULY,2026,2026-07-03,6,0.29749999999999943,22.9525,0.0,normal,normal,0.0,49.7997280002,0.0,50.0,0.0,0.2002719998,-14.81541908005947,True
07/03/2026 07:00:00,24.29,22.6125,39211.751,1215.7,534.5,7,07/03/2026,WDPEAK,JULY,2026,2026-07-03,7,1.6774999999999984,22.6125,0.0,normal,normal,0.0,0.0,0.0,0.0,0.0,0.2097549998,0.0,False
07/03/2026 08:00:00,21.64,18.0575,36238.4704,1074.7,430.9,8,07/03/2026,WDPEAK,JULY,2026,2026-07-03,8,3.5824999999999996,18.0575,0.0,normal,normal,0.0,0.0,0.0,0.0,0.0,0.1795449999,0.0,False
07/03/2026 09:00:00,18.11,12.885,28048.0012,1071.0,417.7,9,07/03/2026,WDPEAK,JULY,2026,2026-07-03,9,5.225,11.3125,1.5724999999999998,normal,normal,0.0,0.0,0.0,0.0,0.0,0.1282439997,0.0,False
07/03/2026 10:00:00,17.96,10.705,24170.0706,1169.4,577.6,10,07/03/2026,WDPEAK,JULY,2026,2026-07-03,10,7.255000000000001,6.75,3.955,normal,normal,0.0,0.0,0.0,0.0,0.0,0.0800619999,0.0,False
07/03/2026 11:00:00,18.24,10.305,25732.0493,1169.9,723.2,11,07/03/2026,WDPEAK,JULY,2026,2026-07-03,11,7.934999999999999,5.8525,4.4525,normal,normal,0.0,0.0,0.0,0.0,0.0,0.0671769998,0.0,False
07/03/2026 12:00:00,19.68,15.035,29894.48,1171.9,859.5,12,07/03/2026,WDPEAK,JULY,2026,2026-07-03,12,4.645,9.8925,5.1425,normal,normal,0.0,0.0,0.0,0.0,0.0,0.0456939999,0.0,False
07/03/2026 13:00:00,22.67,16.395,34019.6287,1200.7,1110.0,13,07/03/2026,WDPEAK,JULY,2026,2026-07-03,13,6.275000000000002,19.02,-2.625,normal,normal,0.0,49.9580000002,0.0,50.0,0.0,0.0419999998,-313.4864500012551,True
07/03/2026 14:00:00,24.94,19.3725,38508.8916,1218.7,1536.8,14,07/03/2026,WDPEAK,JULY,2026,2026-07-03,14,5.567500000000003,22.3875,-3.0150000000000006,normal,normal,0.0,49.9589300002,0.0,50.0,0.0,0.0410699998,-278.1463427761136,True
07/03/2026 15:00:00,26.61,22.2275,40175.6513,1268.2,2008.9,15,07/03/2026,WDPEAK,JULY,2026,2026-07-03,15,4.3825,24.4475,-2.2200000000000024,normal,normal,0.0839,0.0,0.1,0.0,0.0161,0.047493,0.36769175000000004,False
07/03/2026 16:00:00,28.63,22.0975,40595.0695,1440.3,2373.5,16,07/03/2026,WDPEAK,JULY,2026,2026-07-03,16,6.532499999999999,25.1425,-3.044999999999998,normal,normal,25.0,0.0,25.0,0.0,0.0,0.045943,163.31249999999997,True
07/03/2026 17:00:00,27.86,28.5525,40848.9096,1710.6,2647.8,17,07/03/2026,WDPEAK,JULY,2026,2026-07-03,17,-0.692499999999999,24.91,3.6424999999999983,normal,normal,0.1,0.0,0.1,0.0,0.0,0.0435339999,-0.06924999999999991,False
07/03/2026 18:00:00,28.26,30.4,41339.7711,2027.5,2780.5,18,07/03/2026,WDPEAK,JULY,2026,2026-07-03,18,-2.139999999999997,24.48,5.919999999999998,normal,normal,25.0,0.0,25.0,0.0,0.0,0.055114,-53.49999999999993,True
07/03/2026 19:00:00,27.85,25.2175,43843.18,2333.1,2719.1,19,07/03/2026,WDPEAK,JULY,2026,2026-07-03,19,2.6325000000000003,25.9275,-0.7099999999999973,normal,normal,0.1,0.0,0.1,0.0,0.0,0.0500329999,0.26325000000000004,False
07/03/2026 20:00:00,30.8,29.12,53383.6192,2532.3,2484.6,20,07/03/2026,WDPEAK,JULY,2026,2026-07-03,20,1.6799999999999997,32.11,-2.9899999999999984,normal,normal,0.0,49.9886150001,0.0,50.0,45.5209,0.0113849999,-83.98087320016798,True
07/03/2026 21:00:00,31.18,31.4275,58355.4095,2615.4,2110.3,21,07/03/2026,WDPEAK,JULY,2026,2026-07-03,21,-0.24749999999999872,36.8225,-5.395,normal,normal,0.0,50.0,0.0,50.0,45.9021,0.0,12.374999999999936,True
07/03/2026 22:00:00,36.22,30.6775,55562.2507,2632.3,1776.7,22,07/03/2026,WDPEAK,JULY,2026,2026-07-03,22,5.5425,34.1925,-3.515000000000004,normal,normal,0.0,0.0,0.0,0.0,6.2394,0.0125769999,0.0,False
07/03/2026 23:00:00,34.15,29.925,50729.3215,2617.4,1609.1,23,07/03/2026,OFFPEAK,JULY,2026,2026-07-03,23,4.224999999999998,30.185,-0.259999999999998,normal,normal,0.0,0.0,0.0,0.0,0.0,0.0667409999,0.0,False
07/04/2026 00:00:00,28.31,25.285,46386.8119,2511.4,1494.0,24,07/03/2026,OFFPEAK,JULY,2026,2026-07-03,24,3.0249999999999986,25.085,0.1999999999999993,normal,normal,0.0,0.0,0.0,0.0,0.0,0.2444869999,0.0,False
07/04/2026 01:00:00,24.35,21.91,43204.6891,2420.0,1557.0,1,07/04/2026,OFFPEAK,JULY,2026,2026-07-04,1,2.4400000000000013,21.91,0.0,normal,normal,0.1,0.0,0.1,0.0,0.0,0.1289649998,0.24400000000000013,False
07/04/2026 02:00:00,22.49,19.2725,41010.2392,2205.4,1394.7,2,07/04/2026,OFFPEAK,JULY,2026,2026-07-04,2,3.2174999999999976,19.2725,0.0,normal,normal,0.0,49.8509870001,0.0,50.0,0.0,0.1490129999,-160.39555067282163,True
07/04/2026 03:00:00,22.54,20.36,39828.3901,1989.0,1209.3,3,07/04/2026,OFFPEAK,JULY,2026,2026-07-04,3,2.1799999999999997,20.36,0.0,normal,normal,0.0,0.0,0.0,0.0,0.0,0.1051669999,0.0,False
07/04/2026 04:00:00,21.58,20.225,38982.8694,1808.1,1017.3,4,07/04/2026,OFFPEAK,JULY,2026,2026-07-04,4,1.3549999999999969,20.225,0.0,normal,normal,0.0,49.945564,0.0,50.0,0.0,0.054436,-67.67623921999984,True
07/04/2026 05:00:00,22.23,19.58,38614.1089,1639.4,831.1,5,07/04/2026,OFFPEAK,JULY,2026,2026-07-04,5,2.650000000000002,19.58,0.0,normal,normal,0.0,49.943408,0.0,50.0,0.0,0.056592,-132.3500312000001,True
07/04/2026 06:00:00,23.09,21.3175,38689.7905,1511.5,685.3,6,07/04/2026,OFFPEAK,JULY,2026,2026-07-04,6,1.7725000000000009,21.3175,0.0,normal,normal,0.0,0.0,0.0,0.0,0.0,0.0629719996,0.0,False
07/04/2026 07:00:00,21.08,22.455,37212.1497,1398.7,608.1,7,07/04/2026,WEPEAK,JULY,2026,2026-07-04,7,-1.375,22.455,0.0,normal,normal,0.0,0.0,0.0,0.0,0.0,0.057629,0.0,False
07/04/2026 08:00:00,17.63,16.6525,32971.6799,1227.2,517.2,8,07/04/2026,WEPEAK,JULY,2026,2026-07-04,8,0.9774999999999991,16.6525,0.0,normal,normal,0.0,0.0,0.0,0.0,0.0,0.0672979999,0.0,False
07/04/2026 09:00:00,15.35,13.14,25932.7392,1153.3,557.3,9,07/04/2026,WEPEAK,JULY,2026,2026-07-04,9,2.209999999999999,11.49,1.6500000000000004,normal,normal,0.0,0.0,0.0,0.0,0.0,17.8710639999,0.0,False
07/04/2026 10:00:00,15.64,11.7775,23090.5694,1174.4,762.9,10,07/04/2026,WEPEAK,JULY,2026,2026-07-04,10,3.8625000000000007,10.0,1.7774999999999999,normal,normal,0.0,0.0,0.0,0.0,0.0,59.5687799999,0.0,False
07/04/2026 11:00:00,15.85,14.5025,26215.6695,1125.7,916.5,11,07/04/2026,WEPEAK,JULY,2026,2026-07-04,11,1.3475000000000001,14.3125,0.1899999999999995,normal,normal,0.0,0.0,0.0,0.0,0.0,31.1251319998,0.0,False
07/04/2026 12:00:00,16.81,19.3925,30850.8493,1068.2,1050.6,12,07/04/2026,WEPEAK,JULY,2026,2026-07-04,12,-2.5824999999999996,20.1175,-0.7250000000000014,normal,normal,0.0,0.0,0.0,0.0,0.0,10.2726009999,0.0,False
07/04/2026 13:00:00,20.57,22.9575,35496.0503,1028.1,1226.5,13,07/04/2026,WEPEAK,JULY,2026,2026-07-04,13,-2.3874999999999993,23.995,-1.0375000000000014,normal,normal,0.0,0.0,0.0,0.0,0.0,3.2967679999,0.0,False
07/04/2026 14:00:00,23.47,24.8075,39260.7297,1022.8,1607.1,14,07/04/2026,WEPEAK,JULY,2026,2026-07-04,14,-1.3375000000000021,26.225,-1.4175000000000004,normal,normal,0.0,0.0,0.0,0.0,0.0,0.278425,0.0,False
07/04/2026 15:00:00,25.96,24.2975,38678.1281,1092.7,2133.8,15,07/04/2026,WEPEAK,JULY,2026,2026-07-04,15,1.6625000000000014,27.3225,-3.025000000000002,normal,normal,0.0,49.9473620001,0.0,50.0,0.0,0.0526379999,-83.03748932516632,True
07/04/2026 16:00:00,29.06,27.8175,38616.6088,1261.0,2557.9,16,07/04/2026,WEPEAK,JULY,2026,2026-07-04,16,1.2424999999999997,26.025,1.7925000000000004,normal,normal,0.0,0.0,0.0,0.0,0.0,0.0548319999,0.0,False
07/04/2026 17:00:00,30.43,28.165,38959.16,1494.0,2884.9,17,07/04/2026,WEPEAK,JULY,2026,2026-07-04,17,2.2650000000000006,24.265,3.8999999999999986,normal,normal,0.0,0.0,0.0,0.0,0.0,0.05033,0.0,False
07/04/2026 18:00:00,29.56,30.19,39961.0985,1795.6,3066.8,18,07/04/2026,WEPEAK,JULY,2026,2026-07-04,18,-0.6300000000000026,28.98,1.2100000000000009,normal,normal,0.0,0.0,0.0,0.0,0.0338,0.0312199998,0.0,False
07/04/2026 19:00:00,29.32,26.095,42704.8398,2161.0,3040.4,19,07/04/2026,WEPEAK,JULY,2026,2026-07-04,19,3.2250000000000014,40.9125,-14.817500000000003,normal,normal,0.0,0.0,0.0,0.0,0.0,0.0392209999,0.0,False
07/04/2026 20:00:00,31.44,37.9825,52289.4514,2479.3,2775.3,20,07/04/2026,WEPEAK,JULY,2026,2026-07-04,20,-6.5425,53.7925,-15.809999999999995,normal,normal,0.0,0.0,0.0,0.0,0.0,0.0768569998,0.0,False
07/04/2026 21:00:00,33.42,35.235,57688.2214,2660.3,2408.5,21,07/04/2026,WEPEAK,JULY,2026,2026-07-04,21,-1.8149999999999977,51.945,-16.71,normal,normal,0.0,0.0,0.1,0.0,50.7069,0.002066,0.0,False
07/04/2026 22:00:00,35.47,33.2625,55441.6797,2709.8,2085.6,22,07/04/2026,WEPEAK,JULY,2026,2026-07-04,22,2.207499999999996,49.6325,-16.369999999999997,normal,normal,0.0,0.0,0.1,0.0,41.3465,0.001178,0.0,False
07/04/2026 23:00:00,33.63,27.9825,50880.08,2686.9,1909.0,23,07/04/2026,OFFPEAK,JULY,2026,2026-07-04,23,5.647500000000001,37.705,-9.722499999999997,normal,normal,0.0,0.0,0.0,0.0,0.2525,0.056555,0.0,False
07/05/2026 00:00:00,31.1,29.7175,46823.9803,2588.2,1761.8,24,07/04/2026,OFFPEAK,JULY,2026,2026-07-04,24,1.3825000000000003,32.46,-2.7424999999999997,normal,normal,0.0,0.0,0.0,0.0,0.0,0.0618609998,0.0,False
07/05/2026 01:00:00,26.66,27.2525,44172.6734,2395.3,1707.7,1,07/05/2026,OFFPEAK,JULY,2026,2026-07-05,1,-0.5925000000000011,27.2525,0.0,normal,normal,50.0,0.0,50.0,0.0,0.0,0.058483,-29.625000000000057,True
07/05/2026 02:00:00,25.95,26.9225,41382.2039,2198.4,1538.8,2,07/05/2026,OFFPEAK,JULY,2026,2026-07-05,2,-0.9725000000000001,25.7525,1.1699999999999982,normal,normal,50.0,0.0,50.0,0.0,0.0,0.061635,-48.62500000000001,True
07/05/2026 03:00:00,25.06,26.19,39789.308,1986.3,1369.9,3,07/05/2026,OFFPEAK,JULY,2026,2026-07-05,3,-1.1300000000000026,25.6,0.5899999999999999,normal,normal,50.0,0.0,50.0,0.0,0.0,0.0593699999,-56.50000000000013,True
07/05/2026 04:00:00,24.98,24.2175,39415.2434,1783.9,1154.7,4,07/05/2026,OFFPEAK,JULY,2026,2026-07-05,4,0.7624999999999993,24.2175,0.0,normal,normal,50.0,0.0,50.0,0.0,0.0,0.066608,38.124999999999964,True
07/05/2026 05:00:00,24.76,22.215,39809.6114,1606.2,940.0,5,07/05/2026,OFFPEAK,JULY,2026,2026-07-05,5,2.5450000000000017,22.215,0.0,normal,normal,50.0,0.0,50.0,0.0,0.0,0.0999859999,127.25000000000009,True
07/05/2026 06:00:00,25.92,23.4625,40563.4138,1450.6,807.6,6,07/05/2026,OFFPEAK,JULY,2026,2026-07-05,6,2.457500000000003,23.4625,0.0,normal,normal,50.0,0.0,50.0,0.0,0.0,0.0730219998,122.87500000000016,True
07/05/2026 07:00:00,25.75,23.0025,41201.8917,1315.8,711.2,7,07/05/2026,WEPEAK,JULY,2026,2026-07-05,7,2.7474999999999987,23.0025,0.0,normal,normal,0.0,0.0,0.0,0.0,0.0,0.0544769999,0.0,False
07/05/2026 08:00:00,23.37,18.585,37678.2408,1171.4,599.5,8,07/05/2026,WEPEAK,JULY,2026,2026-07-05,8,4.785,18.5775,0.007500000000000284,normal,normal,0.0,0.0,0.0,0.0,0.0,0.0759739996,0.0,False
07/05/2026 09:00:00,19.13,17.93,30690.9464,1106.0,711.0,9,07/05/2026,WEPEAK,JULY,2026,2026-07-05,9,1.1999999999999993,17.93,0.0,normal,normal,0.0,0.0,0.0,0.0,0.0,14.9314339997,0.0,False
07/05/2026 10:00:00,18.73,17.8625,28432.3684,1077.4,958.3,10,07/05/2026,WEPEAK,JULY,2026,2026-07-05,10,0.8674999999999997,17.8625,0.0,normal,normal,0.0,0.0,0.0,0.0,0.0,59.7922399999,0.0,False
07/05/2026 11:00:00,19.24,18.4625,30462.5838,1003.1,1037.8,11,07/05/2026,WEPEAK,JULY,2026,2026-07-05,11,0.7774999999999999,18.4625,0.0,normal,normal,0.0,0.0,0.0,0.0,0.0,29.8310789998,0.0,False
07/05/2026 12:00:00,21.28,21.5975,34383.7412,978.4,1113.8,12,07/05/2026,WEPEAK,JULY,2026,2026-07-05,12,-0.317499999999999,21.5975,0.0,normal,normal,0.0,0.0,0.0,0.0,0.0,2.9376849998,0.0,False
07/05/2026 13:00:00,23.5,29.9025,38424.9415,929.0,1277.7,13,07/05/2026,WEPEAK,JULY,2026,2026-07-05,13,-6.4025,30.135,-0.2325000000000017,normal,normal,0.0,49.9294640002,0.0,50.0,0.0,0.0705359998,319.67339326128047,True
07/05/2026 14:00:00,25.97,29.68,42803.6579,903.1,1576.4,14,07/05/2026,WEPEAK,JULY,2026,2026-07-05,14,-3.710000000000001,31.035,-1.3550000000000004,normal,normal,0.0,49.9079980002,0.0,50.0,0.0,0.0920019998,185.15867258074206,True
07/05/2026 15:00:00,28.94,32.9975,44188.1451,967.3,1959.0,15,07/05/2026,WEPEAK,JULY,2026,2026-07-05,15,-4.057500000000001,34.9975,-2.0,normal,normal,0.0,49.8721960001,0.0,50.0,0.0,0.1278039999,202.3564352704058,True
07/05/2026 16:00:00,27.83,29.845,45126.0585,1096.9,2288.5,16,07/05/2026,WEPEAK,JULY,2026,2026-07-05,16,-2.0150000000000006,28.745,1.0999999999999979,normal,normal,0.0,49.924999,0.0,50.0,0.0,0.075001,100.59887298500003,True
07/05/2026 17:00:00,29.91,31.645,46871.4601,1289.8,2565.5,17,07/05/2026,WEPEAK,JULY,2026,2026-07-05,17,-1.7349999999999994,35.0525,-3.4075000000000024,normal,normal,0.0,49.9719600001,0.0,50.0,0.0,0.0280399999,86.70135060017347,True
07/05/2026 18:00:00,30.27,32.28,48147.8371,1551.2,2722.4,18,07/05/2026,WEPEAK,JULY,2026,2026-07-05,18,-2.0100000000000016,50.3075,-18.027499999999996,normal,normal,0.0,49.9647430002,0.0,50.0,0.0201,0.0352569998,100.42913343040209,True
07/05/2026 19:00:00,27.69,29.6225,51068.9307,1854.3,2713.6,19,07/05/2026,WEPEAK,JULY,2026,2026-07-05,19,-1.9324999999999974,39.7075,-10.085000000000004,normal,normal,0.0,49.934006,0.0,50.0,0.0,0.065994,96.49746659499986,True
07/05/2026 20:00:00,26.3,37.88,59637.6791,2176.0,2468.5,20,07/05/2026,WEPEAK,JULY,2026,2026-07-05,20,-11.580000000000002,44.27,-6.390000000000001,normal,normal,0.0,49.9906550001,0.0,50.0,17.086,0.0093449999,578.8917849011581,True
07/05/2026 21:00:00,26.18,32.6225,65316.2227,2404.4,2123.8,21,07/05/2026,WEPEAK,JULY,2026,2026-07-05,21,-6.442500000000003,31.275,1.3475000000000037,normal,normal,0.0,49.9833560001,0.0,50.0,28.0082,0.0166439999,322.0177710306444,True
07/05/2026 22:00:00,35.44,26.58,63223.3172,2479.1,1844.0,22,07/05/2026,WEPEAK,JULY,2026,2026-07-05,22,8.86,26.555,0.02499999999999858,normal,normal,0.0,49.9304650001,0.0,50.0,0.0,0.0695349999,-442.383919900886,True
07/05/2026 23:00:00,41.06,25.725,58749.3821,2456.2,1676.0,23,07/05/2026,OFFPEAK,JULY,2026,2026-07-05,23,15.335,25.725,0.0,normal,normal,0.0,0.0,0.0,0.0,0.0,0.066523,0.0,False
07/06/2026 00:00:00,36.39,28.26,54534.5497,2351.6,1559.9,24,07/05/2026,OFFPEAK,JULY,2026,2026-07-05,24,8.129999999999999,28.26,0.0,normal,normal,0.0,0.0,0.0,0.0,0.0,0.062407,0.0,False
07/06/2026 01:00:00,37.81,31.8525,49643.2148,2023.5,1267.4,1,07/06/2026,OFFPEAK,JULY,2026,2026-07-06,1,5.957500000000003,31.8525,0.0,normal,normal,50.0,0.0,50.0,0.0,0.0,0.0650949999,297.87500000000017,True
07/06/2026 02:00:00,32.04,30.515,47560.7298,1810.1,1166.9,2,07/06/2026,OFFPEAK,JULY,2026,2026-07-06,2,1.5249999999999986,30.515,0.0,normal,normal,50.0,0.0,50.0,0.0,0.0,0.0775219998,76.24999999999993,True
07/06/2026 03:00:00,31.27,28.67,46332.6455,1629.7,1054.7,3,07/06/2026,OFFPEAK,JULY,2026,2026-07-06,3,2.599999999999998,28.67,0.0,normal,normal,50.0,0.0,50.0,0.0,0.0,0.0796249998,129.9999999999999,True
07/06/2026 04:00:00,32.33,27.6425,46265.498,1481.6,892.1,4,07/06/2026,OFFPEAK,JULY,2026,2026-07-06,4,4.6875,27.6425,0.0,normal,normal,50.0,0.0,50.0,0.0,0.0,0.0936209998,234.375,True
07/06/2026 05:00:00,32.67,27.7775,46943.3512,1353.7,732.3,5,07/06/2026,OFFPEAK,JULY,2026,2026-07-06,5,4.892500000000002,27.7775,0.0,normal,normal,50.0,0.0,50.0,0.0,0.0,0.1097879999,244.62500000000009,True
07/06/2026 06:00:00,35.59,29.0025,48722.0518,1247.7,624.9,6,07/06/2026,OFFPEAK,JULY,2026,2026-07-06,6,6.587500000000002,29.0025,0.0,normal,normal,50.0,0.0,50.0,0.0,0.0,0.0969849998,329.3750000000001,True
07/06/2026 07:00:00,41.25,29.7525,50529.3466,1109.9,524.9,7,07/06/2026,WDPEAK,JULY,2026,2026-07-06,7,11.497499999999999,29.7525,0.0,normal,normal,50.0,0.0,50.0,0.0,0.0,0.0904639999,574.8749999999999,True
07/06/2026 08:00:00,30.21,27.0025,46887.8787,920.2,379.2,8,07/06/2026,WDPEAK,JULY,2026,2026-07-06,8,3.2074999999999996,27.0025,0.0,normal,normal,0.0,0.0,0.0,0.0,0.0,0.0891499999,0.0,False
07/06/2026 09:00:00,23.37,22.1075,38972.6159,821.5,328.1,9,07/06/2026,WDPEAK,JULY,2026,2026-07-06,9,1.2624999999999993,22.11,-0.0024999999999977263,normal,normal,0.0,0.0,0.0,0.0,0.0,6.376383,0.0,False
07/06/2026 10:00:00,24.1,24.01,35893.3404,794.3,420.5,10,07/06/2026,WDPEAK,JULY,2026,2026-07-06,10,0.08999999999999986,23.8725,0.13750000000000284,normal,normal,0.0,0.0,0.0,0.0,0.0,39.5071319999,0.0,False
07/06/2026 11:00:00,25.63,23.9525,37386.5459,718.9,479.7,11,07/06/2026,WDPEAK,JULY,2026,2026-07-06,11,1.6774999999999984,23.935,0.017500000000001847,normal,normal,0.0,0.0,0.0,0.0,0.0,3.7597519999,0.0,False
07/06/2026 12:00:00,24.71,25.9675,39765.6989,646.5,523.1,12,07/06/2026,WDPEAK,JULY,2026,2026-07-06,12,-1.2575000000000003,25.86,0.1075000000000017,normal,normal,0.0,0.0,0.0,0.0,0.0,7.6284419998,0.0,False
07/06/2026 13:00:00,30.27,29.865,42996.7936,612.0,653.9,13,07/06/2026,WDPEAK,JULY,2026,2026-07-06,13,0.40500000000000114,29.355,0.509999999999998,normal,normal,0.0,0.0,0.0,0.0,0.0,0.2506249998,0.0,False
07/06/2026 14:00:00,32.78,34.555,46552.4941,623.9,1016.5,14,07/06/2026,WDPEAK,JULY,2026,2026-07-06,14,-1.7749999999999986,33.7975,0.7575000000000003,normal,normal,0.0,0.0,0.0,0.0,0.0,0.05838,0.0,False
07/06/2026 15:00:00,33.45,32.4525,47716.5608,688.5,1543.7,15,07/06/2026,WDPEAK,JULY,2026,2026-07-06,15,0.9975000000000023,29.805,2.647500000000001,normal,normal,0.0,49.9396740002,0.0,50.0,0.0,0.0603259998,-49.814824815199614,True
07/06/2026 16:00:00,30.26,35.735,48204.7596,821.0,1931.3,16,07/06/2026,WDPEAK,JULY,2026,2026-07-06,16,-5.474999999999998,32.8025,2.9324999999999974,normal,normal,0.0,49.9532460002,0.0,50.0,0.0,0.0467539998,273.4940218510949,True
07/06/2026 17:00:00,30.67,28.2325,50334.8181,1064.9,2227.4,17,07/06/2026,WDPEAK,JULY,2026,2026-07-06,17,2.4375,30.94,-2.7074999999999996,normal,normal,0.0,49.9379320001,0.0,50.0,0.0,0.0620679999,-121.72370925024374,True
07/06/2026 18:00:00,28.77,21.105,51028.3678,1418.4,2470.2,18,07/06/2026,WDPEAK,JULY,2026,2026-07-06,18,7.664999999999999,24.115,-3.009999999999998,normal,normal,0.0,49.9349020002,0.0,50.0,0.0,0.0650979998,-382.75102383153296,True
07/06/2026 19:00:00,26.68,15.67,53400.451,1789.6,2544.4,19,07/06/2026,WDPEAK,JULY,2026,2026-07-06,19,11.01,26.9675,-11.297500000000001,normal,normal,0.0,49.9451940001,0.0,50.0,0.0,0.0548059999,-549.896585941101,True
07/06/2026 20:00:00,33.03,27.255,60542.5407,2141.3,2368.6,20,07/06/2026,WDPEAK,JULY,2026,2026-07-06,20,5.775000000000002,43.805,-16.55,normal,normal,0.0,49.9491240002,0.0,50.0,3.6886,0.0508759998,-288.4561911011551,True
07/06/2026 21:00:00,41.74,38.935,65250.6031,2341.5,1969.2,21,07/06/2026,WDPEAK,JULY,2026,2026-07-06,21,2.8049999999999997,46.21,-7.274999999999999,normal,normal,0.0,50.0,0.0,50.0,47.054,0.0,-140.25,True
07/06/2026 22:00:00,37.83,43.9875,62135.9864,2350.1,1629.9,22,07/06/2026,WDPEAK,JULY,2026,2026-07-06,22,-6.157499999999999,45.8175,-1.8300000000000054,normal,normal,0.0,50.0,0.0,50.0,46.4411,0.0,307.87499999999994,True
07/06/2026 23:00:00,41.32,48.465,56551.7037,2301.0,1467.3,23,07/06/2026,OFFPEAK,JULY,2026,2026-07-06,23,-7.145000000000003,50.35,-1.884999999999998,normal,normal,0.0,0.0,0.0,0.0,1.9294,0.0455749999,0.0,False
07/07/2026 00:00:00,34.71,41.44,51788.5106,2193.1,1343.3,24,07/06/2026,OFFPEAK,JULY,2026,2026-07-06,24,-6.729999999999997,41.91,-0.46999999999999886,normal,normal,0.0,0.0,0.0,0.0,0.0,0.0763269998,0.0,False
07/07/2026 01:00:00,31.69,38.2675,48428.9599,1903.0,1197.6,1,07/07/2026,OFFPEAK,JULY,2026,2026-07-07,1,-6.577499999999997,38.2725,-0.005000000000002558,normal,normal,50.0,0.0,50.0,0.0,0.0,0.0648349999,-328.87499999999983,True
07/07/2026 02:00:00,29.01,32.5325,45669.5596,1755.2,1058.0,2,07/07/2026,OFFPEAK,JULY,2026,2026-07-07,2,-3.5224999999999973,32.8025,-0.2700000000000031,normal,normal,50.0,0.0,50.0,0.0,0.0,0.0639409999,-176.12499999999986,True
07/07/2026 03:00:00,27.02,29.4225,44006.2798,1584.5,891.0,3,07/07/2026,OFFPEAK,JULY,2026,2026-07-07,3,-2.4025,31.5375,-2.115000000000002,normal,normal,0.1,0.0,0.1,0.0,0.0,0.070867,-0.24025,False
07/07/2026 04:00:00,26.48,30.5875,43227.0908,1433.3,742.0,4,07/07/2026,OFFPEAK,JULY,2026,2026-07-07,4,-4.107499999999998,30.5875,0.0,normal,normal,0.0,0.0,0.0,0.0,0.0,0.0761709998,0.0,False
07/07/2026 05:00:00,27.76,29.4925,43647.8101,1318.0,611.9,5,07/07/2026,OFFPEAK,JULY,2026,2026-07-07,5,-1.7324999999999982,29.4925,0.0,normal,normal,0.1,0.0,0.1,0.0,0.0,0.0749879998,-0.17324999999999982,False
07/07/2026 06:00:00,29.83,39.3375,45635.4802,1195.3,504.0,6,07/07/2026,OFFPEAK,JULY,2026,2026-07-07,6,-9.5075,39.3375,0.0,normal,normal,50.0,0.0,50.0,0.0,0.0,0.0872129999,-475.375,True
07/07/2026 07:00:00,30.47,40.37,47442.3101,1080.9,439.7,7,07/07/2026,WDPEAK,JULY,2026,2026-07-07,7,-9.899999999999999,40.32,0.04999999999999716,normal,normal,50.0,0.0,50.0,0.0,0.0,0.0750339997,-494.99999999999994,True
07/07/2026 08:00:00,24.38,24.2725,43546.5702,958.1,368.6,8,07/07/2026,WDPEAK,JULY,2026,2026-07-07,8,0.10749999999999815,24.255,0.017500000000001847,normal,normal,0.0,0.0,0.0,0.0,0.0,0.1575719999,0.0,False
07/07/2026 09:00:00,18.29,20.86,34557.5695,934.0,404.7,9,07/07/2026,WDPEAK,JULY,2026,2026-07-07,9,-2.5700000000000003,20.86,0.0,normal,normal,0.0,0.0,0.0,0.0,0.0,0.0887929998,0.0,False
07/07/2026 10:00:00,18.73,23.57,31534.7394,968.4,543.2,10,07/07/2026,WDPEAK,JULY,2026,2026-07-07,10,-4.84,23.645,-0.07499999999999929,normal,normal,0.0,0.0,0.0,0.0,0.0,48.7674,0.0,False
07/07/2026 11:00:00,19.17,24.45,33436.4114,938.5,652.1,11,07/07/2026,WDPEAK,JULY,2026,2026-07-07,11,-5.279999999999998,24.6575,-0.20749999999999957,normal,normal,0.0,0.0,0.0,0.0,0.0,39.8533169999,0.0,False
07/07/2026 12:00:00,22.95,23.7875,37015.1196,927.3,760.4,12,07/07/2026,WDPEAK,JULY,2026,2026-07-07,12,-0.8375000000000021,24.98,-1.192499999999999,normal,normal,0.0,0.0,0.0,0.0,0.0,26.8708329999,0.0,False
07/07/2026 13:00:00,27.24,29.2575,41160.0302,903.3,952.6,13,07/07/2026,WDPEAK,JULY,2026,2026-07-07,13,-2.017500000000002,29.5125,-0.254999999999999,normal,normal,0.0,0.0,0.0,0.0,0.0,3.4543489998,0.0,False
07/07/2026 14:00:00,32.18,35.1325,46135.8189,870.5,1288.7,14,07/07/2026,WDPEAK,JULY,2026,2026-07-07,14,-2.9525000000000006,35.115,0.017499999999998295,normal,normal,0.0,0.0,0.0,0.0,0.0,0.055743,0.0,False
07/07/2026 15:00:00,30.74,29.5125,47435.9697,918.0,1658.5,15,07/07/2026,WDPEAK,JULY,2026,2026-07-07,15,1.2274999999999991,29.9225,-0.41000000000000014,normal,normal,0.0,0.0,0.0,0.0,0.0,0.0577979999,0.0,False
07/07/2026 16:00:00,29.58,29.21,48422.0899,1041.4,1974.2,16,07/07/2026,WDPEAK,JULY,2026,2026-07-07,16,0.36999999999999744,29.5275,-0.317499999999999,normal,normal,0.0,49.9356310001,0.0,50.0,0.0,0.0643689999,-18.476183470036872,True
07/07/2026 17:00:00,28.42,25.585,50019.9999,1272.8,2236.7,17,07/07/2026,WDPEAK,JULY,2026,2026-07-07,17,2.835000000000001,28.5875,-3.0024999999999977,normal,normal,0.0,49.9344120001,0.0,50.0,0.0,0.0655879999,-141.56405802028354,True
07/07/2026 18:00:00,27.58,28.0875,50764.4098,1618.3,2383.9,18,07/07/2026,WDPEAK,JULY,2026,2026-07-07,18,-0.5075000000000003,29.43,-1.3425000000000011,normal,normal,0.0,49.9400920003,0.0,50.0,0.0,0.0599079997,25.34459669015226,True
07/07/2026 19:00:00,25.49,31.365,52827.0492,1938.5,2418.8,19,07/07/2026,WDPEAK,JULY,2026,2026-07-07,19,-5.875,36.4075,-5.0425,normal,normal,0.0,49.93809,0.0,50.0,0.0,0.06191,293.38627875000003,True
07/07/2026 20:00:00,32.11,30.35,59933.9793,2128.5,2343.8,20,07/07/2026,WDPEAK,JULY,2026,2026-07-07,20,1.759999999999998,40.7225,-10.372499999999995,normal,normal,0.0,49.979438,0.0,50.0,31.3518,0.020562,-87.9638108799999,True
07/07/2026 21:00:00,36.44,28.5025,63859.6807,2240.7,2030.8,21,07/07/2026,WDPEAK,JULY,2026,2026-07-07,21,7.9374999999999964,43.015,-14.5125,normal,normal,0.0,0.0,0.0,0.0,1.6672,0.0769979998,0.0,False
07/07/2026 22:00:00,36.52,32.3025,60046.4995,2305.7,1768.7,22,07/07/2026,WDPEAK,JULY,2026,2026-07-07,22,4.217500000000001,40.965,-8.662500000000001,normal,normal,0.0,0.0,0.1,0.0,6.7008,0.0891379998,0.0,False
07/07/2026 23:00:00,33.0,31.99,53961.3906,2339.6,1641.6,23,07/07/2026,OFFPEAK,JULY,2026,2026-07-07,23,1.0100000000000016,37.2425,-5.252500000000001,normal,normal,0.0,0.0,0.0,0.0,8.0684,0.1062949999,0.0,False
07/08/2026 00:00:00,28.53,29.0725,48620.7601,2282.7,1552.5,24,07/07/2026,OFFPEAK,JULY,2026,2026-07-07,24,-0.5425000000000004,29.1575,-0.0849999999999973,normal,normal,0.0,0.0,0.0,0.0,0.0,0.2076309999,0.0,False
07/08/2026 01:00:00,28.62,23.73,46067.9902,1956.1,1407.4,1,07/08/2026,OFFPEAK,JULY,2026,2026-07-08,1,4.890000000000001,23.6825,0.04749999999999943,normal,normal,75.0,0.0,75.0,0.0,0.0,0.233861,366.75000000000006,True
07/08/2026 02:00:00,26.21,22.4275,42812.2698,1797.2,1245.6,2,07/08/2026,OFFPEAK,JULY,2026,2026-07-08,2,3.7825000000000024,22.4275,0.0,normal,normal,75.0,0.0,75.0,0.0,0.0,0.2508429999,283.68750000000017,True
07/08/2026 03:00:00,24.45,22.6825,40792.5491,1624.1,1060.2,3,07/08/2026,OFFPEAK,JULY,2026,2026-07-08,3,1.7674999999999983,22.6825,0.0,normal,normal,0.0,0.0,0.0,0.0,0.0,0.2479299998,0.0,False
07/08/2026 04:00:00,23.82,21.55,39502.1197,1458.4,854.1,4,07/08/2026,OFFPEAK,JULY,2026,2026-07-08,4,2.2699999999999996,21.55,0.0,normal,normal,0.0,0.0,0.0,0.0,0.0,0.2445919998,0.0,False
07/08/2026 05:00:00,24.38,19.8675,39387.7103,1333.3,674.9,5,07/08/2026,OFFPEAK,JULY,2026,2026-07-08,5,4.512499999999999,19.2125,0.6550000000000011,normal,normal,0.0,0.0,0.0,0.0,0.0,0.2105099999,0.0,False
07/08/2026 06:00:00,25.04,23.6975,40693.2299,1226.3,548.5,6,07/08/2026,OFFPEAK,JULY,2026,2026-07-08,6,1.3424999999999976,20.8425,2.8550000000000004,normal,normal,75.0,0.0,75.0,0.0,0.0,0.2075069997,100.68749999999982,True
07/08/2026 07:00:00,24.75,24.265,42032.94,1103.2,483.4,7,07/08/2026,WDPEAK,JULY,2026,2026-07-08,7,0.48499999999999943,22.72,1.5450000000000017,normal,normal,0.0,0.0,0.0,0.0,0.0,0.2343889999,0.0,False
07/08/2026 08:00:00,21.61,18.505,37899.0807,978.4,387.0,8,07/08/2026,WDPEAK,JULY,2026,2026-07-08,8,3.1050000000000004,18.505,0.0,normal,normal,50.0,0.0,50.0,0.0,0.0,0.1601679999,155.25000000000003,True
07/08/2026 09:00:00,16.54,16.55,28148.9392,970.6,401.3,9,07/08/2026,WDPEAK,JULY,2026,2026-07-08,9,-0.010000000000001563,16.4825,0.067499999999999,normal,normal,0.0,0.0,0.0,0.0,0.0,19.394714,0.0,False
07/08/2026 10:00:00,16.68,17.45,24520.6696,1034.8,572.4,10,07/08/2026,WDPEAK,JULY,2026,2026-07-08,10,-0.7699999999999996,17.0725,0.3774999999999977,normal,normal,0.0,0.0,0.0,0.0,0.0,29.6406269998,0.0,False
07/08/2026 11:00:00,17.42,15.5725,26950.7988,1029.6,705.1,11,07/08/2026,WDPEAK,JULY,2026,2026-07-08,11,1.847500000000002,16.4675,-0.8950000000000014,normal,normal,0.0,0.0,0.0,0.0,0.0,19.1076969997,0.0,False
07/08/2026 12:00:00,19.28,14.99,31288.2689,1036.1,830.3,12,07/08/2026,WDPEAK,JULY,2026,2026-07-08,12,4.290000000000001,18.205,-3.214999999999998,normal,normal,50.0,0.0,50.0,0.0,0.0,5.3327209998,214.50000000000006,True
07/08/2026 13:00:00,20.87,17.83,35634.1192,1062.8,1055.4,13,07/08/2026,WDPEAK,JULY,2026,2026-07-08,13,3.0400000000000027,20.6325,-2.802500000000002,normal,normal,50.0,0.0,50.0,0.0,0.0,0.2325809997,152.00000000000014,True
07/08/2026 14:00:00,24.68,32.5525,39690.5497,1094.4,1473.0,14,07/08/2026,WDPEAK,JULY,2026,2026-07-08,14,-7.872500000000002,25.785,6.767500000000002,normal,normal,0.0,0.0,0.0,0.0,0.0,0.0413569998,0.0,False
07/08/2026 15:00:00,23.94,37.1125,40524.7406,1267.8,1957.3,15,07/08/2026,WDPEAK,JULY,2026,2026-07-08,15,-13.172499999999996,25.5825,11.529999999999998,normal,normal,0.0,0.0,0.0,0.0,0.0,0.0513729999,0.0,False
07/08/2026 16:00:00,25.75,33.48,40767.7302,1542.4,2288.3,16,07/08/2026,WDPEAK,JULY,2026,2026-07-08,16,-7.729999999999997,25.0625,8.417499999999997,normal,normal,50.0,0.0,50.0,0.0,0.0,0.0646129998,-386.49999999999983,True
07/08/2026 17:00:00,26.88,24.6875,41333.2215,1803.8,2554.2,17,07/08/2026,WDPEAK,JULY,2026,2026-07-08,17,2.192499999999999,25.0475,-0.35999999999999943,normal,normal,50.0,0.0,50.0,0.0,0.0,0.0733249997,109.62499999999994,True
07/08/2026 18:00:00,26.93,19.115,41799.1221,2123.6,2749.7,18,07/08/2026,WDPEAK,JULY,2026,2026-07-08,18,7.815000000000001,28.155,-9.040000000000003,normal,normal,50.0,0.0,50.0,0.0,0.0,0.0682339999,390.75000000000006,True
07/08/2026 19:00:00,28.41,24.2925,44464.3681,2393.8,2739.7,19,07/08/2026,WDPEAK,JULY,2026,2026-07-08,19,4.1175,29.6775,-5.384999999999998,normal,normal,50.0,0.0,50.0,0.0,0.0,0.063611,205.875,True
07/08/2026 20:00:00,39.46,33.765,53301.0491,2466.3,2616.3,20,07/08/2026,WDPEAK,JULY,2026,2026-07-08,20,5.695,36.5425,-2.7774999999999963,normal,normal,75.0,0.0,75.0,0.0,0.0,0.0488169998,427.125,True
07/08/2026 21:00:00,39.29,35.245,59208.409,2447.1,2252.8,21,07/08/2026,WDPEAK,JULY,2026,2026-07-08,21,4.045000000000002,45.8875,-10.642500000000005,normal,normal,50.5738,0.0,75.0,0.0,24.4262,0.0357319996,204.5710210000001,True
07/08/2026 22:00:00,38.27,39.8225,56046.2691,2438.1,1952.3,22,07/08/2026,WDPEAK,JULY,2026,2026-07-08,22,-1.5524999999999949,61.695,-21.872500000000002,normal,normal,0.0,0.0,0.0,0.0,33.257,0.022797,0.0,False
07/08/2026 23:00:00,33.74,41.5475,50348.8695,2389.7,1769.6,23,07/08/2026,OFFPEAK,JULY,2026,2026-07-08,23,-7.807499999999997,42.7225,-1.1749999999999972,normal,normal,0.0,0.0,0.0,0.0,38.784,0.001109,0.0,False
07/09/2026 00:00:00,26.94,28.64,45246.0212,2280.8,1605.0,24,07/08/2026,OFFPEAK,JULY,2026,2026-07-08,24,-1.6999999999999993,28.64,0.0,normal,normal,0.0,0.0,0.0,0.0,0.0,0.1319819998,0.0,False
07/09/2026 01:00:00,26.83,24.96,40843.9316,2124.3,1338.4,1,07/09/2026,OFFPEAK,JULY,2026,2026-07-09,1,1.8699999999999974,24.9575,0.002500000000001279,normal,normal,0.0,0.0,0.0,0.0,0.0,0.1568849997,0.0,False
07/09/2026 02:00:00,25.0,22.795,38076.779,1899.7,1144.6,2,07/09/2026,OFFPEAK,JULY,2026,2026-07-09,2,2.2049999999999983,22.795,0.0,normal,normal,0.0,0.0,0.0,0.0,0.0,0.154224,0.0,False
07/09/2026 03:00:00,24.28,21.9325,36334.3896,1707.1,965.5,3,07/09/2026,OFFPEAK,JULY,2026,2026-07-09,3,2.3475,21.9325,0.0,normal,normal,0.0,0.0,0.0,0.0,0.0,0.1665719997,0.0,False
07/09/2026 04:00:00,23.3,19.0375,35282.6289,1567.1,793.3,4,07/09/2026,OFFPEAK,JULY,2026,2026-07-09,4,4.262499999999999,19.0375,0.0,normal,normal,0.0,0.0,0.0,0.0,0.0,2.6689849998,0.0,False
07/09/2026 05:00:00,22.58,18.8575,35330.9694,1438.3,642.6,5,07/09/2026,OFFPEAK,JULY,2026,2026-07-09,5,3.7224999999999966,18.8575,0.0,normal,normal,0.0,0.0,0.0,0.0,0.0,0.10397,0.0,False
07/09/2026 06:00:00,24.35,20.7675,36603.1693,1347.0,543.2,6,07/09/2026,OFFPEAK,JULY,2026,2026-07-09,6,3.582500000000003,20.7675,0.0,normal,normal,0.0,0.0,0.0,0.0,0.0,0.1323559999,0.0,False
07/09/2026 07:00:00,24.05,22.5925,38051.0312,1301.5,507.4,7,07/09/2026,WDPEAK,JULY,2026,2026-07-09,7,1.4574999999999996,22.5925,0.0,normal,normal,0.0,0.0,0.0,0.0,0.0,3.6668329999,0.0,False
07/09/2026 08:00:00,20.72,17.6225,33649.2398,1248.2,486.5,8,07/09/2026,WDPEAK,JULY,2026,2026-07-09,8,3.0975,17.4925,0.129999999999999,normal,normal,0.0,0.0,0.0,0.0,0.0,16.2203509998,0.0,False
07/09/2026 09:00:00,17.64,15.3275,22278.0599,1255.6,594.9,9,07/09/2026,WDPEAK,JULY,2026,2026-07-09,9,2.3125,12.965,2.3625000000000007,normal,normal,50.0,0.0,50.0,0.0,0.0,25.4539599998,115.625,True
07/09/2026 10:00:00,16.03,18.1125,17875.4,1419.0,938.3,10,07/09/2026,WDPEAK,JULY,2026,2026-07-09,10,-2.0824999999999996,13.6375,4.475000000000001,normal,normal,50.0,0.0,50.0,0.0,0.0,27.6375879999,-104.12499999999997,True
07/09/2026 11:00:00,14.99,19.29,20021.5092,1646.1,1295.1,11,07/09/2026,WDPEAK,JULY,2026,2026-07-09,11,-4.299999999999999,14.555,4.734999999999999,normal,normal,10.7,0.0,10.7,0.0,0.0,30.5965669999,-46.009999999999984,True
07/09/2026 12:00:00,14.42,21.3875,24106.562,1841.7,1593.0,12,07/09/2026,WDPEAK,JULY,2026,2026-07-09,12,-6.967499999999999,16.025,5.362500000000001,normal,normal,0.0,0.0,0.0,0.0,0.0,19.2476139998,0.0,False
07/09/2026 13:00:00,15.52,18.3075,28234.3579,1988.4,1931.0,13,07/09/2026,WDPEAK,JULY,2026,2026-07-09,13,-2.7875000000000014,20.545,-2.2375000000000007,normal,normal,50.0,0.0,50.0,0.0,0.0,3.6479439999,-139.37500000000006,True
07/09/2026 14:00:00,22.56,15.72,32158.9203,2148.0,2252.9,14,07/09/2026,WDPEAK,JULY,2026,2026-07-09,14,6.839999999999998,22.0575,-6.3375,normal,normal,50.0,0.0,50.0,0.0,0.0,4.0320179998,341.9999999999999,True
07/09/2026 15:00:00,25.29,9.5775,32634.8798,2306.1,2473.4,15,07/09/2026,WDPEAK,JULY,2026,2026-07-09,15,15.712499999999999,19.345,-9.767499999999998,normal,normal,50.0,0.0,50.0,0.0,0.0,1.6127519999,785.6249999999999,True
07/09/2026 16:00:00,26.7,11.86,32346.6405,2457.0,2591.9,16,07/09/2026,WDPEAK,JULY,2026,2026-07-09,16,14.84,20.2775,-8.4175,normal,normal,50.0,0.0,50.0,0.0,0.0,0.5347229999,742.0,True
07/09/2026 17:00:00,22.54,10.94,31407.9993,2605.8,2650.3,17,07/09/2026,WDPEAK,JULY,2026,2026-07-09,17,11.6,19.05,-8.110000000000001,normal,normal,50.0,0.0,50.0,0.0,0.0,0.1310279997,580.0,True
07/09/2026 18:00:00,23.64,15.7275,31183.1301,2663.3,2651.2,18,07/09/2026,WDPEAK,JULY,2026,2026-07-09,18,7.912500000000001,22.6475,-6.920000000000002,normal,normal,50.0,0.0,50.0,0.0,0.0,0.047186,395.62500000000006,True
07/09/2026 19:00:00,28.68,29.225,34264.9003,2677.5,2510.1,19,07/09/2026,WDPEAK,JULY,2026,2026-07-09,19,-0.5450000000000017,32.5375,-3.3125,normal,normal,39.6976,0.0,50.0,0.0,10.3024,0.0244509999,-21.635192000000067,True
07/09/2026 20:00:00,39.11,40.4775,46675.5493,2636.4,2172.6,20,07/09/2026,WDPEAK,JULY,2026,2026-07-09,20,-1.3674999999999997,41.37,-0.8924999999999983,normal,normal,7.531599999999997,0.0,50.0,0.0,42.4684,0.0,-10.299462999999994,True
07/09/2026 21:00:00,39.98,44.48,54930.4096,2503.7,1767.8,21,07/09/2026,WDPEAK,JULY,2026,2026-07-09,21,-4.5,40.6225,3.8574999999999946,normal,normal,6.457500000000003,0.0,50.0,0.0,43.5425,0.0,-29.058750000000014,True
07/09/2026 22:00:00,37.34,51.0225,53140.0106,2346.8,1472.0,22,07/09/2026,WDPEAK,JULY,2026,2026-07-09,22,-13.682499999999997,42.4425,8.579999999999998,normal,normal,24.8727,0.0,50.0,0.0,25.1273,0.0,-340.3207177499999,True
07/09/2026 23:00:00,34.54,41.3925,48572.2193,2204.8,1285.1,23,07/09/2026,OFFPEAK,JULY,2026,2026-07-09,23,-6.852499999999999,41.405,-0.012500000000002842,normal,normal,0.0,0.0,0.0,0.0,0.036,0.0773629999,0.0,False
07/10/2026 00:00:00,29.46,28.9975,44091.0289,2055.0,1120.6,24,07/09/2026,OFFPEAK,JULY,2026,2026-07-09,24,0.46250000000000213,27.1825,1.8149999999999977,normal,normal,0.0,0.0,0.0,0.0,0.0,0.1942499999,0.0,False
07/10/2026 01:00:00,26.5,26.555,39838.5399,1905.1,874.8,1,07/10/2026,OFFPEAK,JULY,2026,2026-07-10,1,-0.054999999999999716,25.2275,1.3275000000000006,normal,normal,0.0,0.0,0.0,0.0,0.0,0.0748299997,0.0,False
07/10/2026 02:00:00,25.16,25.845,37075.4508,1742.8,798.1,2,07/10/2026,OFFPEAK,JULY,2026,2026-07-10,2,-0.6849999999999987,24.48,1.3649999999999984,normal,normal,0.0,0.0,0.0,0.0,0.0,0.0702659998,0.0,False
07/10/2026 03:00:00,24.76,23.7475,37140.7093,1377.9,480.8,3,07/10/2026,OFFPEAK,JULY,2026,2026-07-10,3,1.0125000000000028,22.8775,0.8699999999999974,normal,normal,0.0,0.0,0.0,0.0,0.0,0.070957,0.0,False
07/10/2026 04:00:00,24.06,22.685,36455.7703,1261.5,422.6,4,07/10/2026,OFFPEAK,JULY,2026,2026-07-10,4,1.375,22.0525,0.6325000000000003,normal,normal,0.0,0.0,0.0,0.0,0.0,0.0743509998,0.0,False
07/10/2026 05:00:00,23.93,22.9375,36895.0903,1205.3,387.6,5,07/10/2026,OFFPEAK,JULY,2026,2026-07-10,5,0.9924999999999997,22.875,0.0625,normal,normal,0.0,0.0,0.0,0.0,0.0,0.0713529998,0.0,False
07/10/2026 06:00:00,25.8,23.985,38403.0799,1152.0,380.0,6,07/10/2026,OFFPEAK,JULY,2026,2026-07-10,6,1.8150000000000013,23.985,0.0,normal,normal,0.0,0.0,0.0,0.0,0.0,0.065801,0.0,False
07/10/2026 07:00:00,26.02,25.13,40282.8506,1109.5,386.5,7,07/10/2026,WDPEAK,JULY,2026,2026-07-10,7,0.8900000000000006,25.1275,0.0024999999999977263,normal,normal,0.0,0.0,0.0,0.0,0.0,0.0558299999,0.0,False
07/10/2026 08:00:00,23.32,20.665,37067.8501,1055.8,368.5,8,07/10/2026,WDPEAK,JULY,2026,2026-07-10,8,2.655000000000001,20.665,0.0,normal,normal,0.0,0.0,0.0,0.0,0.0,0.0697969999,0.0,False
07/10/2026 09:00:00,18.64,17.6825,27011.1103,1100.0,494.6,9,07/10/2026,WDPEAK,JULY,2026,2026-07-10,9,0.9574999999999996,16.1,1.5824999999999996,normal,normal,0.0,0.0,0.0,0.0,0.0,44.507216,0.0,False
07/10/2026 10:00:00,18.23,19.4825,22593.5785,1308.0,851.3,10,07/10/2026,WDPEAK,JULY,2026,2026-07-10,10,-1.2525000000000013,16.2725,3.210000000000001,normal,normal,0.0,0.0,0.0,0.0,0.0,53.99131,0.0,False
07/10/2026 11:00:00,17.63,20.91,23463.6704,1483.0,1176.5,11,07/10/2026,WDPEAK,JULY,2026,2026-07-10,11,-3.280000000000001,15.4925,5.4175,normal,normal,0.0,0.0,0.0,0.0,0.0,25.5377809998,0.0,False
07/10/2026 12:00:00,18.07,20.305,26358.5916,1605.9,1465.9,12,07/10/2026,WDPEAK,JULY,2026,2026-07-10,12,-2.2349999999999994,15.9475,4.3575,normal,normal,0.0,27.178732,0.0,30.0,0.0,2.821268,60.74446601999998,True
07/10/2026 13:00:00,19.61,21.8475,27601.881,1881.8,2009.8,13,07/10/2026,WDPEAK,JULY,2026,2026-07-10,13,-2.2375000000000007,18.5775,3.2699999999999996,normal,normal,0.0,29.9175890002,0.0,30.0,0.0,0.0824109998,66.94060538794751,True
07/10/2026 14:00:00,23.94,19.6825,32244.9401,1938.2,2218.1,14,07/10/2026,WDPEAK,JULY,2026,2026-07-10,14,4.2575,18.75,0.932500000000001,normal,normal,0.0,0.0,0.0,0.0,0.0,0.097296,0.0,False
07/10/2026 15:00:00,26.0,15.685,33438.1,2013.3,2408.8,15,07/10/2026,WDPEAK,JULY,2026,2026-07-10,15,10.315,18.93,-3.244999999999999,normal,normal,0.0,0.0,0.0,0.0,0.0,0.117483,0.0,False
07/10/2026 16:00:00,27.42,12.015,34136.8896,2080.8,2549.3,16,07/10/2026,WDPEAK,JULY,2026,2026-07-10,16,15.405000000000001,19.965,-7.949999999999999,normal,normal,0.0,0.0,0.0,0.0,0.0,2.9636849999,0.0,False
07/10/2026 17:00:00,28.64,13.1125,34582.4707,2173.8,2682.8,17,07/10/2026,WDPEAK,JULY,2026,2026-07-10,17,15.5275,21.27,-8.157499999999999,normal,normal,49.948,0.0,50.0,0.0,0.052,0.0591889998,775.56757,True
07/10/2026 18:00:00,28.13,8.3575,35220.579,2282.2,2801.6,18,07/10/2026,WDPEAK,JULY,2026,2026-07-10,18,19.7725,19.75,-11.3925,normal,normal,50.0,0.0,50.0,0.0,0.0,1.7034239997,988.625,True
07/10/2026 19:00:00,30.29,19.845,37681.8682,2383.7,2790.3,19,07/10/2026,WDPEAK,JULY,2026,2026-07-10,19,10.445,24.12,-4.275000000000002,normal,normal,73.7145,0.0,75.0,0.0,1.2855,0.0612919998,769.9479525,True
07/10/2026 20:00:00,38.26,35.6725,45952.0713,2446.5,2550.4,20,07/10/2026,WDPEAK,JULY,2026,2026-07-10,20,2.5874999999999986,39.3125,-3.6400000000000006,normal,normal,63.0059,0.0,100.0,0.0,36.9941,1.5e-05,163.0277662499999,True
07/10/2026 21:00:00,40.24,37.935,53168.0411,2457.9,2196.1,21,07/10/2026,WDPEAK,JULY,2026,2026-07-10,21,2.3049999999999997,41.85,-3.914999999999999,normal,normal,57.3352,0.0,100.0,0.0,42.6648,0.0,132.157636,True
07/10/2026 22:00:00,38.17,40.8875,52040.5109,2497.6,1900.3,22,07/10/2026,WDPEAK,JULY,2026,2026-07-10,22,-2.717500000000001,41.65,-0.7624999999999957,normal,normal,43.5531,0.0,75.0,0.0,31.4469,0.0,-118.35554925000005,True
07/10/2026 23:00:00,35.93,58.745,48491.4301,2530.7,1758.2,23,07/10/2026,OFFPEAK,JULY,2026,2026-07-10,23,-22.814999999999998,45.5425,13.2025,normal,normal,0.0,0.0,0.0,0.0,0.0,0.0811279998,0.0,False
07/11/2026 00:00:00,29.91,35.1425,45220.17,2482.5,1673.0,24,07/10/2026,OFFPEAK,JULY,2026,2026-07-10,24,-5.232499999999998,34.8,0.34250000000000114,normal,normal,0.0,0.0,0.0,0.0,0.0,0.0997739999,0.0,False
07/11/2026 01:00:00,27.41,35.1675,41581.7901,2410.8,1613.7,1,07/11/2026,OFFPEAK,JULY,2026,2026-07-11,1,-7.757499999999997,35.1675,0.0,normal,normal,0.0,49.9237280001,0.0,50.0,0.0,0.0762719999,387.2833199607756,True
07/11/2026 02:00:00,26.78,35.88,41466.1984,2051.7,1244.6,2,07/11/2026,OFFPEAK,JULY,2026,2026-07-11,2,-9.100000000000001,35.6125,0.2675000000000054,normal,normal,0.0,49.9165590003,0.0,50.0,0.0,0.0834409997,454.24068690273003,True
07/11/2026 03:00:00,26.25,29.83,40518.0298,1876.6,1141.8,3,07/11/2026,OFFPEAK,JULY,2026,2026-07-11,3,-3.5799999999999983,29.81,0.019999999999999574,normal,normal,0.0,49.8912060001,0.0,50.0,0.0,0.1087939999,178.6105174803579,True
07/11/2026 04:00:00,26.15,27.0925,40510.75,1718.2,998.6,4,07/11/2026,OFFPEAK,JULY,2026,2026-07-11,4,-0.9425000000000026,27.0925,0.0,normal,normal,0.0,49.9234330001,0.0,50.0,0.0,0.0765669999,47.05283560259438,True
07/11/2026 05:00:00,29.18,29.505,41240.4403,1573.3,844.8,5,07/11/2026,OFFPEAK,JULY,2026,2026-07-11,5,-0.3249999999999993,29.505,0.0,normal,normal,0.0,0.0,0.0,0.0,0.0,0.1557299997,0.0,False
07/11/2026 06:00:00,33.31,28.9675,42367.1995,1457.6,774.5,6,07/11/2026,OFFPEAK,JULY,2026,2026-07-11,6,4.342500000000001,28.9675,0.0,normal,normal,0.0,0.0,0.0,0.0,0.0,0.072495,0.0,False
07/11/2026 07:00:00,28.48,32.3725,43504.3706,1368.3,752.3,7,07/11/2026,WEPEAK,JULY,2026,2026-07-11,7,-3.892500000000002,31.6175,0.7550000000000026,normal,normal,50.0,0.0,50.0,0.0,0.0,0.1011819998,-194.62500000000009,True
07/11/2026 08:00:00,23.49,26.8425,41028.4099,1253.3,684.0,8,07/11/2026,WEPEAK,JULY,2026,2026-07-11,8,-3.3525000000000027,24.3975,2.4450000000000003,normal,normal,0.0,0.0,0.0,0.0,0.0,0.0834159998,0.0,False
07/11/2026 09:00:00,18.77,23.345,34024.7319,1278.3,784.4,9,07/11/2026,WEPEAK,JULY,2026,2026-07-11,9,-4.574999999999999,23.3025,0.042500000000000426,normal,normal,0.0,0.0,0.0,0.0,0.0,43.262777,0.0,False
07/11/2026 10:00:00,20.32,23.7725,31163.2601,1391.2,1090.5,10,07/11/2026,WEPEAK,JULY,2026,2026-07-11,10,-3.4525000000000006,23.54,0.2325000000000017,normal,normal,0.0,0.0,0.0,0.0,0.0,45.1328359998,0.0,False
07/11/2026 11:00:00,22.68,21.68,32839.4411,1367.0,1289.1,11,07/11/2026,WEPEAK,JULY,2026,2026-07-11,11,1.0,21.4375,0.24249999999999972,normal,normal,0.0,37.607740000199996,0.0,50.0,0.0,12.3922599998,-37.607740000199996,True
07/11/2026 12:00:00,24.51,15.9675,36260.7015,1301.5,1393.5,12,07/11/2026,WEPEAK,JULY,2026,2026-07-11,12,8.542500000000002,16.0025,-0.03500000000000192,normal,normal,0.0,46.6731560001,0.0,50.0,0.0,3.3268439999,-398.70543513085437,True
07/11/2026 13:00:00,27.53,18.7825,39579.931,1248.3,1556.3,13,07/11/2026,WEPEAK,JULY,2026,2026-07-11,13,8.747500000000002,19.5575,-0.7750000000000021,normal,normal,0.0,0.0,0.0,0.0,0.0,1.7063009998,0.0,False
07/11/2026 14:00:00,28.69,22.9475,42237.8603,1384.6,2009.9,14,07/11/2026,WEPEAK,JULY,2026,2026-07-11,14,5.7425,25.045,-2.0975,normal,normal,0.0,0.0,0.0,0.0,0.0,0.2045859999,0.0,False
07/11/2026 15:00:00,30.78,30.2775,43724.8206,1428.3,2304.8,15,07/11/2026,WEPEAK,JULY,2026,2026-07-11,15,0.5025000000000013,30.4925,-0.21499999999999986,normal,normal,50.0,0.0,50.0,0.0,0.0,0.0893859998,25.125000000000064,True
07/11/2026 16:00:00,29.83,25.685,44693.8215,1559.9,2614.4,16,07/11/2026,WEPEAK,JULY,2026,2026-07-11,16,4.145,28.5625,-2.8775000000000013,normal,normal,50.0,0.0,50.0,0.0,0.0,0.1980459997,207.24999999999997,True
07/11/2026 17:00:00,30.85,9.7,45086.5215,1762.2,2905.3,17,07/11/2026,WEPEAK,JULY,2026,2026-07-11,17,21.150000000000002,24.115,-14.415,normal,normal,50.0,0.0,50.0,0.0,0.0,1.8247969998,1057.5,True
07/11/2026 18:00:00,29.36,10.1125,45629.4799,1903.5,2996.9,18,07/11/2026,WEPEAK,JULY,2026,2026-07-11,18,19.2475,25.325,-15.212499999999999,normal,normal,50.0,0.0,50.0,0.0,0.0,7.1750469999,962.3749999999999,True
07/11/2026 19:00:00,32.88,11.4275,47576.6717,2000.1,2868.0,19,07/11/2026,WEPEAK,JULY,2026,2026-07-11,19,21.4525,25.985,-14.5575,normal,normal,50.0,0.0,50.0,0.0,0.0,2.7502779999,1072.625,True
07/11/2026 20:00:00,37.98,14.8975,53995.6413,2122.7,2607.4,20,07/11/2026,WEPEAK,JULY,2026,2026-07-11,20,23.082499999999996,40.31,-25.4125,normal,normal,50.1,0.0,50.1,0.0,0.0,0.0579839999,1156.4332499999998,True
07/11/2026 21:00:00,38.94,28.21,58445.24,2221.5,2240.0,21,07/11/2026,WEPEAK,JULY,2026,2026-07-11,21,10.729999999999997,39.665,-11.454999999999998,normal,normal,0.0,0.0,0.1,0.0,8.5391,0.039564,0.0,False
07/11/2026 22:00:00,42.35,28.9075,56714.8808,2280.4,1855.5,22,07/11/2026,WEPEAK,JULY,2026,2026-07-11,22,13.442500000000003,29.5925,-0.6850000000000023,normal,normal,61.3309,0.0,75.0,0.0,13.6691,0.0412879999,824.4406232500002,True
07/11/2026 23:00:00,36.75,27.6775,53115.8901,2281.1,1625.5,23,07/11/2026,OFFPEAK,JULY,2026,2026-07-11,23,9.072500000000002,27.6775,0.0,normal,normal,0.0,0.0,0.0,0.0,0.0,0.0832729998,0.0,False
07/12/2026 00:00:00,35.66,28.11,49681.5203,2189.9,1480.4,24,07/11/2026,OFFPEAK,JULY,2026,2026-07-11,24,7.549999999999997,28.11,0.0,normal,normal,0.0,0.0,0.0,0.0,0.0,0.0894969998,0.0,False
07/12/2026 01:00:00,35.62,25.0975,46055.8888,2053.5,1293.5,1,07/12/2026,OFFPEAK,JULY,2026,2026-07-12,1,10.522499999999997,25.0975,0.0,normal,normal,0.0,0.0,0.0,0.0,0.0,0.0657529998,0.0,False
07/12/2026 02:00:00,30.51,22.6675,44461.4302,1861.5,1130.3,2,07/12/2026,OFFPEAK,JULY,2026,2026-07-12,2,7.842500000000001,22.6675,0.0,normal,normal,0.0,0.0,0.0,0.0,0.0,0.0701959998,0.0,False
07/12/2026 03:00:00,29.96,21.1675,43760.5994,1675.5,978.8,3,07/12/2026,OFFPEAK,JULY,2026,2026-07-12,3,8.7925,21.1675,0.0,normal,normal,0.0,0.0,0.0,0.0,0.0,0.0640239997,0.0,False
07/12/2026 04:00:00,32.91,21.81,43873.02,1503.9,821.0,4,07/12/2026,OFFPEAK,JULY,2026,2026-07-12,4,11.099999999999998,21.81,0.0,normal,normal,0.0,0.0,0.0,0.0,0.0,0.06757,0.0,False
07/12/2026 05:00:00,32.39,23.5,44271.3997,1326.7,661.1,5,07/12/2026,OFFPEAK,JULY,2026,2026-07-12,5,8.89,23.5,0.0,normal,normal,0.0,0.0,0.0,0.0,0.0,0.067801,0.0,False
07/12/2026 06:00:00,33.31,24.6325,44783.5101,1192.4,532.7,6,07/12/2026,OFFPEAK,JULY,2026,2026-07-12,6,8.677500000000002,24.5375,0.09499999999999886,normal,normal,0.0,0.0,0.0,0.0,0.0,0.0661139999,0.0,False
07/12/2026 07:00:00,30.22,25.5075,45224.9201,1095.7,451.2,7,07/12/2026,WEPEAK,JULY,2026,2026-07-12,7,4.712499999999999,25.7125,-0.2049999999999983,normal,normal,0.0,0.0,0.0,0.0,0.0,0.0706979998,0.0,False
07/12/2026 08:00:00,23.8,23.3325,42471.4604,973.8,389.7,8,07/12/2026,WEPEAK,JULY,2026,2026-07-12,8,0.46750000000000114,22.89,0.442499999999999,normal,normal,0.0,49.935003,0.0,50.0,0.0,0.064997,-23.344613902500058,True
07/12/2026 09:00:00,19.25,20.47,35233.959,955.8,429.2,9,07/12/2026,WEPEAK,JULY,2026,2026-07-12,9,-1.2199999999999989,20.47,0.0,normal,normal,0.0,49.9270920001,0.0,50.0,0.0,0.0729079999,60.91105224012194,True
07/12/2026 10:00:00,21.46,21.06,32156.1593,1055.7,624.6,10,07/12/2026,WEPEAK,JULY,2026,2026-07-12,10,0.40000000000000213,21.06,0.0,normal,normal,0.0,0.0,0.0,0.0,0.0,0.0541059999,0.0,False
07/12/2026 11:00:00,21.54,20.825,32911.3899,1081.0,800.2,11,07/12/2026,WEPEAK,JULY,2026,2026-07-12,11,0.7149999999999999,20.825,0.0,normal,normal,0.0,0.0,0.0,0.0,0.0,0.0571749998,0.0,False
07/12/2026 12:00:00,21.83,22.7425,35530.0814,1053.5,952.0,12,07/12/2026,WEPEAK,JULY,2026,2026-07-12,12,-0.9125000000000014,22.77,-0.027499999999999858,normal,normal,0.0,0.0,0.0,0.0,0.0,0.0673489999,0.0,False
07/12/2026 13:00:00,24.23,23.045,38280.2694,1048.1,1190.4,13,07/12/2026,WEPEAK,JULY,2026,2026-07-12,13,1.1849999999999987,23.19,-0.14499999999999957,normal,normal,0.0,0.0,0.0,0.0,0.0,0.0631919999,0.0,False
07/12/2026 14:00:00,26.21,22.3775,41895.4393,1086.2,1572.4,14,07/12/2026,WEPEAK,JULY,2026,2026-07-12,14,3.8324999999999996,23.045,-0.6675000000000004,normal,normal,50.0,0.0,50.0,0.0,0.0,0.0514569997,191.62499999999997,True
07/12/2026 15:00:00,26.91,27.8875,43687.1319,1176.6,2017.0,15,07/12/2026,WEPEAK,JULY,2026,2026-07-12,15,-0.9774999999999991,28.21,-0.32250000000000156,normal,normal,75.0,0.0,75.0,0.0,0.0,0.0666369998,-73.31249999999994,True
07/12/2026 16:00:00,27.88,26.71,45500.27,1352.5,2356.5,16,07/12/2026,WEPEAK,JULY,2026,2026-07-12,16,1.1699999999999982,27.1825,-0.47250000000000014,normal,normal,75.1,0.0,75.1,0.0,0.0,0.0722359998,87.86699999999985,True
07/12/2026 17:00:00,27.82,22.58,47192.8304,1638.0,2624.9,17,07/12/2026,WEPEAK,JULY,2026,2026-07-12,17,5.240000000000002,30.895,-8.315000000000001,normal,normal,75.1,0.0,75.1,0.0,0.0,0.0601029998,393.5240000000001,True
07/12/2026 18:00:00,25.73,19.0975,47955.4198,1942.3,2795.8,18,07/12/2026,WEPEAK,JULY,2026,2026-07-12,18,6.6325,33.2625,-14.165000000000003,normal,normal,75.0,0.0,75.0,0.0,0.0,0.057972,497.4375,True
07/12/2026 19:00:00,25.86,15.605,49087.6815,2185.2,2786.4,19,07/12/2026,WEPEAK,JULY,2026,2026-07-12,19,10.254999999999999,30.44,-14.835,normal,normal,75.0,0.0,75.0,0.0,0.0,1.5336309999,769.1249999999999,True
07/12/2026 20:00:00,29.77,24.1825,53917.2002,2317.0,2546.9,20,07/12/2026,WEPEAK,JULY,2026,2026-07-12,20,5.587499999999999,33.8975,-9.715,normal,normal,75.1,0.0,75.1,0.0,0.0,0.0680049997,419.62124999999986,True
07/12/2026 21:00:00,28.03,28.9775,57927.9989,2352.4,2124.3,21,07/12/2026,WEPEAK,JULY,2026,2026-07-12,21,-0.947499999999998,38.14,-9.162500000000001,normal,normal,30.0,0.0,30.0,0.0,0.0,0.0843469999,-28.42499999999994,True
07/12/2026 22:00:00,34.64,30.925,57310.73,2323.4,1770.4,22,07/12/2026,WEPEAK,JULY,2026,2026-07-12,22,3.715,36.8125,-5.887499999999999,normal,normal,30.1,0.0,30.1,0.0,0.0,0.083706,111.8215,True
07/12/2026 23:00:00,40.17,31.5225,54179.1303,2227.9,1597.0,23,07/12/2026,OFFPEAK,JULY,2026,2026-07-12,23,8.6475,34.86,-3.3374999999999986,normal,normal,0.0,0.0,0.0,0.0,0.0,0.1125489999,0.0,False
07/13/2026 00:00:00,42.78,36.4325,51161.9704,2087.5,1462.6,24,07/12/2026,OFFPEAK,JULY,2026,2026-07-12,24,6.347500000000004,36.9575,-0.5250000000000057,normal,normal,0.0,0.0,0.0,0.0,0.0,0.1283139999,0.0,False
07/13/2026 01:00:00,34.61,30.835,49449.1489,1989.9,1330.4,1,07/13/2026,OFFPEAK,JULY,2026,2026-07-13,1,3.7749999999999986,31.1475,-0.3125,normal,normal,50.0,0.0,50.0,0.0,0.0,0.1614989997,188.74999999999994,True
07/13/2026 02:00:00,30.22,30.895,48121.4258,1792.1,1183.0,2,07/13/2026,OFFPEAK,JULY,2026,2026-07-13,2,-0.6750000000000007,31.7675,-0.8724999999999987,normal,normal,0.1,0.0,0.1,0.0,0.0,0.1578549999,-0.06750000000000007,False
07/13/2026 03:00:00,31.41,33.5025,47285.1664,1600.7,1037.2,3,07/13/2026,OFFPEAK,JULY,2026,2026-07-13,3,-2.0924999999999976,33.5025,0.0,normal,normal,50.0,0.0,50.0,0.0,0.0,0.088831,-104.62499999999989,True
07/13/2026 04:00:00,34.95,39.57,47035.0664,1415.2,887.6,4,07/13/2026,OFFPEAK,JULY,2026,2026-07-13,4,-4.619999999999997,39.765,-0.19500000000000028,normal,normal,0.1,0.0,0.1,0.0,0.0,0.0942599997,-0.46199999999999974,False
07/13/2026 05:00:00,35.5,34.175,47830.0973,1245.2,743.0,5,07/13/2026,OFFPEAK,JULY,2026,2026-07-13,5,1.3250000000000028,36.6675,-2.4924999999999997,normal,normal,50.0,0.0,50.0,0.0,0.0,0.1000959998,66.25000000000014,True
07/13/2026 06:00:00,39.94,33.4925,49416.2482,1148.6,621.7,6,07/13/2026,OFFPEAK,JULY,2026,2026-07-13,6,6.447499999999998,36.5475,-3.0549999999999997,normal,normal,50.0,0.0,50.0,0.0,0.0,0.0752279999,322.3749999999999,True
07/13/2026 07:00:00,41.31,30.42,51212.8157,1064.7,552.6,7,07/13/2026,WDPEAK,JULY,2026,2026-07-13,7,10.89,33.4825,-3.0625,normal,normal,50.0,0.0,50.0,0.0,0.0,0.0770179999,544.5,True
07/13/2026 08:00:00,37.67,31.805,49745.2822,966.5,510.8,8,07/13/2026,WDPEAK,JULY,2026,2026-07-13,8,5.865000000000002,31.9625,-0.15749999999999886,normal,normal,50.0,0.0,50.0,0.0,0.0,0.0765669998,293.2500000000001,True
07/13/2026 09:00:00,29.61,26.9675,45432.679,1005.7,591.9,9,07/13/2026,WDPEAK,JULY,2026,2026-07-13,9,2.6424999999999983,26.22,0.7475000000000023,normal,normal,0.0,0.0,0.0,0.0,0.0,0.0707569999,0.0,False
07/13/2026 10:00:00,29.84,26.7825,42725.814,1113.1,824.0,10,07/13/2026,WDPEAK,JULY,2026,2026-07-13,10,3.057500000000001,26.05,0.7324999999999982,normal,normal,0.0,0.0,0.0,0.0,0.0,0.0644879999,0.0,False
07/13/2026 11:00:00,28.27,28.285,42594.8376,1104.7,987.4,11,07/13/2026,WDPEAK,JULY,2026,2026-07-13,11,-0.015000000000000568,27.635,0.6499999999999986,normal,normal,0.0,0.0,0.0,0.0,0.0,0.0555409999,0.0,False
07/13/2026 12:00:00,27.4,30.5375,43676.2674,1112.2,1132.6,12,07/13/2026,WDPEAK,JULY,2026,2026-07-13,12,-3.137500000000003,30.7875,-0.25,normal,normal,0.0,0.0,0.0,0.0,0.0,0.0581629999,0.0,False
07/13/2026 13:00:00,27.34,26.1,44465.912,1152.7,1370.6,13,07/13/2026,WDPEAK,JULY,2026,2026-07-13,13,1.2399999999999984,27.785,-1.6849999999999987,normal,normal,0.0,0.0,0.0,0.0,0.0,0.0685849998,0.0,False
07/13/2026 14:00:00,27.16,26.2825,45802.746,1187.5,1760.1,14,07/13/2026,WDPEAK,JULY,2026,2026-07-13,14,0.8775000000000013,26.6325,-0.3500000000000014,normal,normal,0.1,0.0,0.1,0.0,0.0,0.0823779999,0.08775000000000013,False
07/13/2026 15:00:00,25.31,26.5075,46655.3587,1242.2,2259.9,15,07/13/2026,WDPEAK,JULY,2026,2026-07-13,15,-1.1975000000000016,27.4975,-0.9899999999999984,normal,normal,0.0,49.9168900003,0.0,50.0,0.0,0.0831099997,59.775475775359325,True
07/13/2026 16:00:00,26.15,26.1125,47652.2871,1418.9,2629.9,16,07/13/2026,WDPEAK,JULY,2026,2026-07-13,16,0.03749999999999787,26.21,-0.09750000000000014,normal,normal,0.0,0.0,0.0,0.0,0.0,0.0644069998,0.0,False
07/13/2026 17:00:00,22.6,27.25,48198.0924,1645.8,2875.8,17,07/13/2026,WDPEAK,JULY,2026,2026-07-13,17,-4.649999999999999,23.07,4.18,normal,normal,0.0,49.9410550002,0.0,50.0,0.0,0.0589449998,232.22590575092994,True
07/13/2026 18:00:00,20.59,25.0425,49334.2946,1843.9,3067.9,18,07/13/2026,WDPEAK,JULY,2026,2026-07-13,18,-4.452500000000001,23.785,1.2575000000000003,normal,normal,0.0,49.9302400001,0.0,50.0,0.0,0.0697599999,222.31439360044527,True
07/13/2026 19:00:00,17.76,25.59,51218.2465,2064.2,3073.1,19,07/13/2026,WDPEAK,JULY,2026,2026-07-13,19,-7.829999999999998,25.355,0.23499999999999943,normal,normal,0.0,49.9013690002,0.0,50.0,0.0,0.0986309998,390.7277192715659,True
07/13/2026 20:00:00,26.63,19.435,55670.0651,2219.0,2804.2,20,07/13/2026,WDPEAK,JULY,2026,2026-07-13,20,7.195,30.4725,-11.037500000000001,normal,normal,0.0,0.0,0.0,0.0,0.0,9.18903,0.0,False
07/13/2026 21:00:00,28.16,12.58,58915.7102,2298.6,2346.6,21,07/13/2026,WDPEAK,JULY,2026,2026-07-13,21,15.58,32.7475,-20.167500000000004,normal,normal,0.0,0.0,0.0,0.0,0.0,18.7187259998,0.0,False
07/13/2026 22:00:00,31.85,10.8,57791.1881,2299.4,1958.1,22,07/13/2026,WDPEAK,JULY,2026,2026-07-13,22,21.05,30.1625,-19.3625,normal,normal,75.0,0.0,75.0,0.0,0.0,13.9305699998,1578.75,True
07/13/2026 23:00:00,32.51,10.96,54624.6456,2235.1,1752.0,23,07/13/2026,OFFPEAK,JULY,2026,2026-07-13,23,21.549999999999997,29.3775,-18.4175,normal,normal,30.0,0.0,30.0,0.0,0.0,3.3577879999,646.4999999999999,True
07/14/2026 00:00:00,28.24,10.775,51789.5047,2120.9,1564.2,24,07/13/2026,OFFPEAK,JULY,2026,2026-07-13,24,17.464999999999996,28.7475,-17.972499999999997,normal,normal,0.0,0.0,0.0,0.0,0.0,0.090961,0.0,False
07/14/2026 01:00:00,30.5,8.3775,48558.3203,2063.3,1575.9,1,07/14/2026,OFFPEAK,JULY,2026,2026-07-14,1,22.122500000000002,27.0275,-18.65,normal,normal,0.0,0.0,0.0,0.0,0.0,0.0573649998,0.0,False
07/14/2026 02:00:00,29.1,10.1225,46942.7295,1951.4,1460.2,2,07/14/2026,OFFPEAK,JULY,2026,2026-07-14,2,18.9775,28.8775,-18.755000000000003,normal,normal,0.0,0.0,0.0,0.0,0.0,0.053901,0.0,False
07/14/2026 03:00:00,27.16,11.835,45928.7995,1844.6,1371.4,3,07/14/2026,OFFPEAK,JULY,2026,2026-07-14,3,15.325,29.5775,-17.7425,normal,normal,0.0,0.0,0.0,0.0,0.0,0.0503839999,0.0,False
07/14/2026 04:00:00,26.98,10.84,45561.5611,1743.8,1284.3,4,07/14/2026,OFFPEAK,JULY,2026,2026-07-14,4,16.14,29.4775,-18.6375,normal,normal,0.0,49.954298,0.0,50.0,0.0,0.045702,-806.26236972,True
07/14/2026 05:00:00,30.68,11.115,46077.8396,1657.0,1187.7,5,07/14/2026,OFFPEAK,JULY,2026,2026-07-14,5,19.564999999999998,28.5825,-17.4675,normal,normal,0.1,0.0,0.1,0.0,0.0,0.052648,1.9565,False
07/14/2026 06:00:00,30.87,9.39,47387.1299,1619.1,1124.9,6,07/14/2026,OFFPEAK,JULY,2026,2026-07-14,6,21.48,28.4675,-19.0775,normal,normal,0.1,0.0,0.1,0.0,0.0,0.051784,2.148,False
07/14/2026 07:00:00,30.94,12.255,49200.8794,1573.8,1113.2,7,07/14/2026,WDPEAK,JULY,2026,2026-07-14,7,18.685000000000002,32.4375,-20.182499999999997,normal,normal,0.1,0.0,0.1,0.0,0.0,0.0455219999,1.8685000000000003,False
07/14/2026 08:00:00,28.33,12.3225,47107.56,1527.2,1102.6,8,07/14/2026,WDPEAK,JULY,2026,2026-07-14,8,16.0075,33.88,-21.557500000000005,normal,normal,0.0,0.0,0.0,0.0,0.0,0.0497059998,0.0,False
07/14/2026 09:00:00,23.36,16.47,41626.0213,1600.3,1318.2,9,07/14/2026,WDPEAK,JULY,2026,2026-07-14,9,6.890000000000001,26.045,-9.575000000000003,normal,normal,0.0,0.0,0.0,0.0,0.0,0.054083,0.0,False
07/14/2026 10:00:00,20.72,14.6125,37799.5106,1747.7,1704.3,10,07/14/2026,WDPEAK,JULY,2026,2026-07-14,10,6.107499999999998,22.75,-8.1375,normal,normal,0.0,0.0,0.0,0.0,0.0,0.0869679999,0.0,False
07/14/2026 11:00:00,18.71,4.165,35911.2314,1838.9,1930.9,11,07/14/2026,WDPEAK,JULY,2026,2026-07-14,11,14.545000000000002,22.855,-18.69,normal,normal,0.0,0.0,0.0,0.0,0.0,0.0695719998,0.0,False
07/14/2026 12:00:00,19.31,3.4225,35850.9798,1882.6,2107.7,12,07/14/2026,WDPEAK,JULY,2026,2026-07-14,12,15.8875,22.2375,-18.815,normal,normal,0.0,49.9431260001,0.0,50.0,0.0,0.0568739999,-793.4714143265887,True
07/14/2026 13:00:00,19.65,-2.3025,35809.771,1908.6,2325.4,13,07/14/2026,WDPEAK,JULY,2026,2026-07-14,13,21.9525,23.44,-25.7425,normal,normal,0.0,45.9382730002,0.0,50.0,0.0,4.0617269998,-1008.4599380368905,True
07/14/2026 14:00:00,16.76,5.2,36268.1096,1925.7,2599.2,14,07/14/2026,WDPEAK,JULY,2026,2026-07-14,14,11.560000000000002,22.4525,-17.2525,normal,normal,0.0,49.5667720001,0.0,50.0,0.0,0.4332279999,-572.9918843211561,True
07/14/2026 15:00:00,16.72,8.1575,36871.5605,1941.7,2843.9,15,07/14/2026,WDPEAK,JULY,2026,2026-07-14,15,8.562499999999998,22.785,-14.6275,normal,normal,0.0,49.9340170003,0.0,50.0,0.0421,0.0659829997,-427.56002056506867,True
07/14/2026 16:00:00,18.46,10.155,38447.8401,2000.9,3025.0,16,07/14/2026,WDPEAK,JULY,2026,2026-07-14,16,8.305000000000001,22.595,-12.44,normal,normal,0.0,49.947218,0.0,50.0,0.0,0.052782,-414.81164549000005,True
07/14/2026 17:00:00,16.75,15.1275,39444.8491,2130.7,3191.7,17,07/14/2026,WDPEAK,JULY,2026,2026-07-14,17,1.6225000000000005,19.7375,-4.610000000000001,normal,normal,0.0,49.9262870004,0.0,50.0,0.0,0.0737129996,-81.00540065814903,True
07/14/2026 18:00:00,15.87,14.8475,41291.0502,2272.2,3244.6,18,07/14/2026,WDPEAK,JULY,2026,2026-07-14,18,1.022499999999999,18.375,-3.5275,normal,normal,0.0,49.9559680002,0.0,50.0,0.0,0.0440319998,-51.07997728020445,True
07/14/2026 19:00:00,15.84,20.3275,43814.5015,2407.9,3209.6,19,07/14/2026,WDPEAK,JULY,2026,2026-07-14,19,-4.487500000000001,20.42,-0.09250000000000114,normal,normal,0.0,49.950874,0.0,50.0,0.0,0.049126,224.15454707500004,True
07/14/2026 20:00:00,18.63,24.8475,48657.1115,2498.3,2918.3,20,07/14/2026,WDPEAK,JULY,2026,2026-07-14,20,-6.217500000000001,32.8925,-8.044999999999998,normal,normal,0.0,49.996527,0.0,50.0,25.6058,0.003473,310.8534066225001,True
07/14/2026 21:00:00,24.29,18.84,53303.9709,2503.4,2471.6,21,07/14/2026,WDPEAK,JULY,2026,2026-07-14,21,5.449999999999999,39.9075,-21.0675,normal,normal,0.0,49.9640940002,0.0,50.0,1.2185,0.0359059998,-272.30431230108996,True
07/14/2026 22:00:00,26.98,19.2925,53302.3797,2474.7,2111.3,22,07/14/2026,WDPEAK,JULY,2026,2026-07-14,22,7.6875,43.0175,-23.724999999999998,normal,normal,0.0,0.0,0.0,0.0,0.0,0.062433,0.0,False
07/14/2026 23:00:00,31.08,20.6225,50809.3593,2424.0,1921.0,23,07/14/2026,OFFPEAK,JULY,2026,2026-07-14,23,10.4575,51.3825,-30.76,normal,normal,0.0,0.0,0.0,0.0,0.0,0.0774569998,0.0,False
07/15/2026 00:00:00,27.41,16.6925,48614.7505,2317.7,1811.4,24,07/14/2026,OFFPEAK,JULY,2026,2026-07-14,24,10.717500000000001,49.1775,-32.485,normal,normal,0.0,0.0,0.0,0.0,0.0,0.0843599997,0.0,False
07/15/2026 01:00:00,16.04,9.1675,47610.2709,2290.9,1823.0,1,07/15/2026,OFFPEAK,JULY,2026,2026-07-15,1,6.872499999999999,35.2275,-26.06,normal,normal,0.0,49.9255470001,0.0,50.0,0.0,0.0744529999,-343.1133217581872,True
07/15/2026 02:00:00,13.97,6.6225,46625.0101,2151.5,1780.6,2,07/15/2026,OFFPEAK,JULY,2026,2026-07-15,2,7.347500000000001,29.8025,-23.18,normal,normal,0.0,49.922927,0.0,50.0,0.0,0.077073,-366.80870613250005,True
07/15/2026 03:00:00,15.39,9.4,46090.7998,1994.5,1729.8,3,07/15/2026,OFFPEAK,JULY,2026,2026-07-15,3,5.99,31.46,-22.060000000000002,normal,normal,0.0,49.909453,0.0,50.0,0.0,0.090547,-298.95762347,True
07/15/2026 04:00:00,15.89,8.73,45946.9005,1893.1,1618.8,4,07/15/2026,OFFPEAK,JULY,2026,2026-07-15,4,7.16,26.9325,-18.2025,normal,normal,0.0,49.8838970001,0.0,50.0,0.0,0.1161029999,-357.168702520716,True
07/15/2026 05:00:00,17.52,15.675,46406.4807,1859.4,1513.2,5,07/15/2026,OFFPEAK,JULY,2026,2026-07-15,5,1.8449999999999989,27.7125,-12.037499999999998,normal,normal,0.0,49.8732610003,0.0,50.0,0.0,0.1267389997,-92.01616654555343,True
07/15/2026 06:00:00,17.8,24.9225,47593.8998,1863.0,1506.0,6,07/15/2026,OFFPEAK,JULY,2026,2026-07-15,6,-7.122499999999999,27.86,-2.9375,normal,normal,0.0,49.8862600001,0.0,50.0,0.0,0.1137399999,355.3148868507122,True
07/15/2026 07:00:00,18.33,24.0475,48824.9212,1856.4,1520.6,7,07/15/2026,WDPEAK,JULY,2026,2026-07-15,7,-5.717500000000001,26.18,-2.1325000000000003,normal,normal,0.0,49.8292010001,0.0,50.0,0.0,0.1707989999,284.8984567180718,True
07/15/2026 08:00:00,19.75,24.6225,47340.8998,1713.6,1565.2,8,07/15/2026,WDPEAK,JULY,2026,2026-07-15,8,-4.872499999999999,25.3325,-0.7100000000000009,normal,normal,0.0,49.9176760001,0.0,50.0,0.0,0.0823239999,243.22387631048719,True
07/15/2026 09:00:00,17.04,23.7525,42874.6505,1779.6,1795.6,9,07/15/2026,WDPEAK,JULY,2026,2026-07-15,9,-6.712500000000002,23.3525,0.40000000000000213,normal,normal,0.0,0.0,0.0,0.0,0.0,0.0871909998,0.0,False
07/15/2026 10:00:00,13.61,24.8875,39438.7294,1846.9,2142.2,10,07/15/2026,WDPEAK,JULY,2026,2026-07-15,10,-11.2775,22.39,2.4974999999999987,normal,normal,0.0,0.0,0.0,0.0,0.0,0.0565239999,0.0,False
07/15/2026 11:00:00,13.79,24.16,37588.5189,1812.3,2351.1,11,07/15/2026,WDPEAK,JULY,2026,2026-07-15,11,-10.370000000000001,24.525,-0.36499999999999844,normal,normal,0.0,0.0,0.0,0.0,0.0,0.0452389998,0.0,False
07/15/2026 12:00:00,15.58,26.52,37701.2503,1780.3,2476.4,12,07/15/2026,WDPEAK,JULY,2026,2026-07-15,12,-10.94,27.2,-0.6799999999999997,normal,normal,0.0,0.0,0.0,0.0,0.0,0.0449789998,0.0,False
07/15/2026 13:00:00,17.08,24.5575,38033.5601,1783.9,2568.4,13,07/15/2026,WDPEAK,JULY,2026,2026-07-15,13,-7.477500000000003,25.565,-1.0075000000000003,normal,normal,0.0,0.0,0.0,0.0,0.0,0.054866,0.0,False
07/15/2026 14:00:00,20.19,24.7825,38639.1494,1755.9,2677.9,14,07/15/2026,WDPEAK,JULY,2026,2026-07-15,14,-4.592499999999998,24.895,-0.11250000000000071,normal,normal,0.0,0.0,0.0,0.0,0.0,0.050369,0.0,False
07/15/2026 15:00:00,20.06,24.3525,40138.0102,1769.7,2823.0,15,07/15/2026,WDPEAK,JULY,2026,2026-07-15,15,-4.2925,24.26,0.09249999999999758,normal,normal,0.0,0.0,0.0,0.0,0.0,0.0522959998,0.0,False
07/15/2026 16:00:00,20.46,22.91,41793.7895,1850.5,2963.6,16,07/15/2026,WDPEAK,JULY,2026,2026-07-15,16,-2.4499999999999993,22.73,0.17999999999999972,normal,normal,50.0,0.0,50.0,0.0,0.0,0.0641199999,-122.49999999999997,True
07/15/2026 17:00:00,20.15,24.99,42715.6505,1978.9,3123.7,17,07/15/2026,WDPEAK,JULY,2026,2026-07-15,17,-4.84,20.4575,4.532499999999999,normal,normal,50.0,0.0,50.0,0.0,0.0,0.0711499998,-242.0,True
07/15/2026 18:00:00,18.22,26.885,43773.3398,2139.0,3185.3,18,07/15/2026,WDPEAK,JULY,2026,2026-07-15,18,-8.665000000000003,18.775,8.110000000000003,normal,normal,50.0,0.0,50.0,0.0,0.0,0.0714079998,-433.2500000000001,True
07/15/2026 19:00:00,17.19,30.14,45447.3194,2462.9,3119.6,19,07/15/2026,WDPEAK,JULY,2026,2026-07-15,19,-12.95,25.22,4.920000000000002,normal,normal,0.1,0.0,0.1,0.0,0.0,0.0383109999,-1.295,False
07/15/2026 20:00:00,18.69,34.185,49203.3597,2557.8,2882.2,20,07/15/2026,WDPEAK,JULY,2026,2026-07-15,20,-15.495000000000001,34.2525,-0.06749999999999545,normal,normal,0.0,0.0,0.1,0.0,37.3498,0.0004899999,0.0,False
07/15/2026 21:00:00,20.81,28.1825,54842.7001,2353.0,2299.7,21,07/15/2026,WDPEAK,JULY,2026,2026-07-15,21,-7.372500000000002,39.41,-11.227499999999996,normal,normal,0.0,0.0,0.0,0.0,14.3882,0.0289629998,0.0,False
07/15/2026 22:00:00,21.07,30.4375,54236.1894,2340.7,2115.9,22,07/15/2026,WDPEAK,JULY,2026,2026-07-15,22,-9.3675,40.0875,-9.649999999999999,normal,normal,0.0,0.0,0.0,0.0,12.406,0.027398,0.0,False
07/15/2026 23:00:00,19.4,27.3725,50921.2605,2361.9,2078.1,23,07/15/2026,OFFPEAK,JULY,2026,2026-07-15,23,-7.9725,32.0675,-4.695000000000004,normal,normal,0.0,0.0,0.0,0.0,0.0,0.0694249998,0.0,False
07/16/2026 00:00:00,18.1,25.3725,47819.2102,2316.2,2024.2,24,07/15/2026,OFFPEAK,JULY,2026,2026-07-15,24,-7.272499999999997,29.585,-4.212500000000002,normal,normal,0.0,0.0,0.0,0.0,0.0,0.0740389999,0.0,False
07/16/2026 01:00:00,14.71,25.7425,44043.4708,2397.9,1914.0,1,07/16/2026,OFFPEAK,JULY,2026,2026-07-16,1,-11.032499999999999,26.81,-1.067499999999999,normal,normal,0.0,0.0,0.0,0.0,0.0,0.0832859997,0.0,False
07/16/2026 02:00:00,13.86,26.41,42841.3102,2324.3,1828.9,2,07/16/2026,OFFPEAK,JULY,2026,2026-07-16,2,-12.55,26.6125,-0.20250000000000057,normal,normal,0.0,0.0,0.0,0.0,0.0,0.1173449998,0.0,False
07/16/2026 03:00:00,13.47,26.5025,42180.7603,2246.5,1753.2,3,07/16/2026,OFFPEAK,JULY,2026,2026-07-16,3,-13.0325,28.66,-2.157499999999999,normal,normal,0.0,0.0,0.0,0.0,0.0,0.127001,0.0,False
07/16/2026 04:00:00,15.6,26.805,42200.6892,2167.8,1667.9,4,07/16/2026,OFFPEAK,JULY,2026,2026-07-16,4,-11.205,27.13,-0.3249999999999993,normal,normal,0.0,0.0,0.0,0.0,0.0,0.1385859998,0.0,False
07/16/2026 05:00:00,18.24,31.5575,42910.7395,2105.1,1580.9,5,07/16/2026,OFFPEAK,JULY,2026,2026-07-16,5,-13.317500000000003,31.5575,0.0,normal,normal,0.0,0.0,0.0,0.0,0.0,0.1151419998,0.0,False
07/16/2026 06:00:00,21.34,39.305,44600.7103,2036.9,1556.4,6,07/16/2026,OFFPEAK,JULY,2026,2026-07-16,6,-17.965,39.47,-0.16499999999999915,normal,normal,0.0,0.0,0.0,0.0,0.0,0.1441079999,0.0,False
07/16/2026 07:00:00,23.28,36.45,46485.6504,1985.7,1584.0,7,07/16/2026,WDPEAK,JULY,2026,2026-07-16,7,-13.170000000000002,37.69,-1.2399999999999949,normal,normal,0.0,0.0,0.0,0.0,0.0,0.1225299999,0.0,False
07/16/2026 08:00:00,22.3,32.8275,45077.2502,1945.6,1596.0,8,07/16/2026,WDPEAK,JULY,2026,2026-07-16,8,-10.5275,33.7925,-0.9649999999999963,normal,normal,0.0,0.0,0.0,0.0,0.0,0.1377849997,0.0,False
07/16/2026 09:00:00,20.41,24.7475,40798.3503,2001.7,1841.7,9,07/16/2026,WDPEAK,JULY,2026,2026-07-16,9,-4.337499999999999,25.7225,-0.9750000000000014,normal,normal,0.0,0.0,0.0,0.0,0.0,0.1401629998,0.0,False
07/16/2026 10:00:00,11.79,23.5675,37754.9596,2164.6,2299.0,10,07/16/2026,WDPEAK,JULY,2026,2026-07-16,10,-11.7775,23.975,-0.4075000000000024,normal,normal,0.0,0.0,0.0,0.0,0.0,0.054399,0.0,False
07/16/2026 11:00:00,10.4,17.8575,35135.9103,2274.2,2620.1,11,07/16/2026,WDPEAK,JULY,2026,2026-07-16,11,-7.457500000000001,23.5625,-5.704999999999998,normal,normal,0.0,0.0,0.0,0.0,0.0,42.1621369998,0.0,False
07/16/2026 12:00:00,9.58,20.445,32887.2204,2494.5,3063.8,12,07/16/2026,WDPEAK,JULY,2026,2026-07-16,12,-10.865,23.6025,-3.157499999999999,normal,normal,0.0,0.0,0.0,0.0,0.0,27.0935199999,0.0,False
07/16/2026 13:00:00,11.4,19.2175,32515.5795,2513.0,3194.6,13,07/16/2026,WDPEAK,JULY,2026,2026-07-16,13,-7.817500000000001,24.9625,-5.744999999999997,normal,normal,0.0,0.0,0.0,0.0,0.0,22.8767989999,0.0,False
07/16/2026 14:00:00,13.05,23.5675,32749.0793,2530.4,3324.7,14,07/16/2026,WDPEAK,JULY,2026,2026-07-16,14,-10.517499999999998,22.8775,0.6899999999999977,normal,normal,0.0,0.0,0.0,0.0,0.0,8.1996369999,0.0,False
07/16/2026 15:00:00,13.04,20.605,33604.611,2563.1,3476.5,15,07/16/2026,WDPEAK,JULY,2026,2026-07-16,15,-7.565000000000001,23.75,-3.1449999999999996,normal,normal,0.0,0.0,0.0,0.0,0.0631,2.2353579999,0.0,False
07/16/2026 16:00:00,15.02,21.14,35133.8608,2619.5,3566.4,16,07/16/2026,WDPEAK,JULY,2026,2026-07-16,16,-6.120000000000001,34.54,-13.399999999999999,normal,normal,0.0,0.0,0.0,0.0,0.0,0.7880689999,0.0,False
07/16/2026 17:00:00,13.29,18.485,35809.3288,2710.4,3611.4,17,07/16/2026,WDPEAK,JULY,2026,2026-07-16,17,-5.195,41.6975,-23.2125,normal,normal,0.0,0.0,0.0,0.0,0.0,8.791921,0.0,False
07/16/2026 18:00:00,13.44,18.365,37270.7699,2802.1,3594.8,18,07/16/2026,WDPEAK,JULY,2026,2026-07-16,18,-4.924999999999999,37.1825,-18.8175,normal,normal,0.0,0.0,0.0,0.0,0.0,0.2424,0.0,False
07/16/2026 19:00:00,14.64,18.9775,39577.3495,2862.0,3525.8,19,07/16/2026,WDPEAK,JULY,2026,2026-07-16,19,-4.337499999999999,38.7375,-19.759999999999998,normal,normal,0.0,0.0,0.0,0.0,0.0,0.072721,0.0,False
07/16/2026 20:00:00,20.56,19.9725,44558.9108,2916.2,3263.3,20,07/16/2026,WDPEAK,JULY,2026,2026-07-16,20,0.5874999999999986,41.3275,-21.355,normal,normal,50.0,0.0,50.0,0.0,0.0,0.1275689998,29.37499999999993,True
07/16/2026 21:00:00,25.93,15.0925,48702.5893,2921.8,2877.5,21,07/16/2026,WDPEAK,JULY,2026,2026-07-16,21,10.8375,33.5325,-18.439999999999998,normal,normal,50.0,0.0,50.0,0.0,0.0,0.1477519998,541.875,True
07/16/2026 22:00:00,24.76,18.3275,48038.7084,2890.5,2581.7,22,07/16/2026,WDPEAK,JULY,2026,2026-07-16,22,6.432500000000001,29.51,-11.182500000000001,normal,normal,0.0,0.0,0.0,0.0,0.0,0.1553419997,0.0,False
07/16/2026 23:00:00,21.1,18.74,45252.8289,2872.1,2456.3,23,07/16/2026,OFFPEAK,JULY,2026,2026-07-16,23,2.360000000000003,29.74,-11.0,normal,normal,0.0,0.0,0.0,0.0,0.0,0.1311219998,0.0,False
07/17/2026 00:00:00,17.45,17.88,42234.2293,2836.7,2403.3,24,07/16/2026,OFFPEAK,JULY,2026,2026-07-16,24,-0.4299999999999997,28.305,-10.425,normal,normal,0.0,0.0,0.0,0.0,0.0,0.0655739997,0.0,False
07/17/2026 01:00:00,19.71,14.24,41973.2399,2595.8,2266.6,1,07/17/2026,OFFPEAK,JULY,2026,2026-07-17,1,5.470000000000001,25.8075,-11.5675,normal,normal,0.0,0.0,0.0,0.0,0.0,0.065703,0.0,False
07/17/2026 02:00:00,18.75,10.7925,40157.5512,2544.3,2169.5,2,07/17/2026,OFFPEAK,JULY,2026,2026-07-17,2,7.9575,25.1375,-14.344999999999999,normal,normal,0.0,0.0,0.0,0.0,0.0,0.0644839999,0.0,False
07/17/2026 03:00:00,18.4,9.1825,39050.6104,2493.2,2034.3,3,07/17/2026,OFFPEAK,JULY,2026,2026-07-17,3,9.2175,24.7425,-15.56,normal,normal,0.0,0.0,0.0,0.0,0.0,0.0656039998,0.0,False
07/17/2026 04:00:00,18.89,8.7525,38626.3899,2420.3,1837.9,4,07/17/2026,OFFPEAK,JULY,2026,2026-07-17,4,10.137500000000001,23.7925,-15.040000000000001,normal,normal,0.0,0.0,0.0,0.0,0.0,0.0663779999,0.0,False
07/17/2026 05:00:00,20.67,8.32,39051.4204,2349.5,1672.2,5,07/17/2026,OFFPEAK,JULY,2026,2026-07-17,5,12.350000000000001,23.665,-15.344999999999999,normal,normal,0.0,0.0,0.0,0.0,0.0,0.0652929999,0.0,False
07/17/2026 06:00:00,22.53,8.4825,40744.9004,2298.2,1564.7,6,07/17/2026,OFFPEAK,JULY,2026,2026-07-17,6,14.047500000000001,24.415,-15.9325,normal,normal,0.0,0.0,0.0,0.0,0.0,0.061018,0.0,False
07/17/2026 07:00:00,22.26,9.6025,42362.6891,2245.2,1511.3,7,07/17/2026,WDPEAK,JULY,2026,2026-07-17,7,12.657500000000002,23.575,-13.9725,normal,normal,0.0,0.0,0.0,0.0,0.0,0.0651229998,0.0,False
07/17/2026 08:00:00,20.74,9.115,41000.2402,2155.0,1450.0,8,07/17/2026,WDPEAK,JULY,2026,2026-07-17,8,11.624999999999998,22.6675,-13.5525,normal,normal,0.0,0.0,0.0,0.0,0.0,0.065076,0.0,False
07/17/2026 09:00:00,19.24,11.495,37110.5303,2129.8,1606.8,9,07/17/2026,WDPEAK,JULY,2026,2026-07-17,9,7.744999999999999,20.7775,-9.2825,normal,normal,0.0,0.0,0.0,0.0,0.0,0.070688,0.0,False
07/17/2026 10:00:00,15.18,2.5225,32496.5111,2407.9,2294.6,10,07/17/2026,WDPEAK,JULY,2026,2026-07-17,10,12.657499999999999,18.3575,-15.835,normal,normal,0.0,0.0,0.0,0.0,0.0,8.5240659999,0.0,False
07/17/2026 11:00:00,13.37,-0.3875,30113.622,2488.0,2616.8,11,07/17/2026,WDPEAK,JULY,2026,2026-07-17,11,13.757499999999999,19.795,-20.1825,normal,normal,0.0,0.0,0.0,0.0,0.0,2.8141699998,0.0,False
07/17/2026 12:00:00,12.71,0.675,30323.2305,2525.3,2812.8,12,07/17/2026,WDPEAK,JULY,2026,2026-07-17,12,12.035,15.5175,-14.8425,normal,normal,0.0,0.0,0.0,0.0,0.0,0.2558809999,0.0,False
07/17/2026 13:00:00,13.5,-0.4525,31206.6095,2576.3,3010.0,13,07/17/2026,WDPEAK,JULY,2026,2026-07-17,13,13.9525,12.7,-13.1525,normal,normal,0.0,0.0,0.0,0.0,0.0,0.067178,0.0,False
07/17/2026 14:00:00,14.06,-1.4125,31088.7103,2623.2,3224.7,14,07/17/2026,WDPEAK,JULY,2026,2026-07-17,14,15.4725,14.2725,-15.685,normal,normal,0.0,0.0,0.0,0.0,0.2108,0.0481189999,0.0,False
07/17/2026 15:00:00,14.68,0.715,31629.249,2671.6,3448.2,15,07/17/2026,WDPEAK,JULY,2026,2026-07-17,15,13.965,15.3825,-14.6675,normal,normal,0.0,0.0,0.0,0.0,0.0,0.0761979998,0.0,False
07/17/2026 16:00:00,16.41,9.0075,32133.6898,2744.8,3593.4,16,07/17/2026,WDPEAK,JULY,2026,2026-07-17,16,7.4025,14.925,-5.9175,normal,normal,0.0,0.0,0.0,0.0,0.0,0.0697759998,0.0,False
07/17/2026 17:00:00,17.88,6.135,32099.4207,2828.1,3657.5,17,07/17/2026,WDPEAK,JULY,2026,2026-07-17,17,11.745,16.4175,-10.2825,normal,normal,0.0,0.0,0.0,0.0,0.1482,0.0362619999,0.0,False
07/17/2026 18:00:00,18.23,14.5625,32831.1607,2902.2,3645.4,18,07/17/2026,WDPEAK,JULY,2026,2026-07-17,18,3.6675000000000004,19.2225,-4.66,normal,normal,0.0,0.0,0.0,0.0,0.0,0.0351379999,0.0,False
07/17/2026 19:00:00,22.66,17.74,35683.0708,2950.5,3537.3,19,07/17/2026,WDPEAK,JULY,2026,2026-07-17,19,4.920000000000002,19.665,-1.9250000000000007,normal,normal,0.0,0.0,0.0,0.0,0.0,0.0458739997,0.0,False
07/17/2026 20:00:00,29.54,23.1575,43472.6185,2956.2,3273.2,20,07/17/2026,WDPEAK,JULY,2026,2026-07-17,20,6.3825,32.6825,-9.524999999999999,normal,normal,50.0,0.0,50.0,0.0,0.0,0.05164,319.125,True
07/17/2026 21:00:00,30.82,24.515,48707.4309,2937.1,2867.5,21,07/17/2026,WDPEAK,JULY,2026,2026-07-17,21,6.305,38.3075,-13.792499999999997,normal,normal,50.0,0.0,50.0,0.0,0.0,0.084941,315.25,True
07/17/2026 22:00:00,33.46,26.48,50191.2806,2677.2,2219.0,22,07/17/2026,WDPEAK,JULY,2026,2026-07-17,22,6.98,37.0975,-10.617499999999996,normal,normal,50.0,0.0,50.0,0.0,0.0,0.140355,349.0,True
07/17/2026 23:00:00,30.82,37.695,47334.2399,2656.6,2061.7,23,07/17/2026,OFFPEAK,JULY,2026,2026-07-17,23,-6.875,59.8675,-22.1725,normal,normal,0.0,0.0,50.0,0.0,55.6241,0.001823,0.0,False
07/18/2026 00:00:00,25.7,32.8325,44632.5599,2594.3,1926.9,24,07/17/2026,OFFPEAK,JULY,2026,2026-07-17,24,-7.132500000000004,41.4325,-8.599999999999994,normal,normal,0.0,0.0,0.0,0.0,37.0315,0.0,0.0,False
07/18/2026 01:00:00,23.96,28.22,41962.4105,2597.5,2026.0,1,07/18/2026,OFFPEAK,JULY,2026,2026-07-18,1,-4.259999999999998,31.0625,-2.842500000000001,normal,normal,50.0,0.0,50.0,0.0,0.0,12.822828,-212.9999999999999,True
07/18/2026 02:00:00,22.39,24.415,39447.18,2543.7,1904.7,2,07/18/2026,OFFPEAK,JULY,2026,2026-07-18,2,-2.0249999999999986,24.455,-0.03999999999999915,normal,normal,0.1,0.0,0.1,0.0,0.0,0.2046039998,-0.20249999999999987,False
07/18/2026 03:00:00,21.37,22.7475,37835.911,2460.4,1757.1,3,07/18/2026,OFFPEAK,JULY,2026,2026-07-18,3,-1.3774999999999977,22.7475,0.0,normal,normal,0.1,0.0,0.1,0.0,0.0,0.0754199998,-0.1377499999999998,False
07/18/2026 04:00:00,20.44,22.075,36691.411,2364.8,1578.6,4,07/18/2026,OFFPEAK,JULY,2026,2026-07-18,4,-1.634999999999998,22.075,0.0,normal,normal,0.0,0.0,0.0,0.0,0.0,0.0717869998,0.0,False
07/18/2026 05:00:00,20.75,22.0225,36116.2801,2275.9,1422.8,5,07/18/2026,OFFPEAK,JULY,2026,2026-07-18,5,-1.2725000000000009,22.0225,0.0,normal,normal,0.1,0.0,0.1,0.0,0.0,0.0681729998,-0.12725000000000009,False
07/18/2026 06:00:00,21.6,21.5825,36416.6294,2196.4,1342.4,6,07/18/2026,OFFPEAK,JULY,2026,2026-07-18,6,0.017500000000001847,21.5825,0.0,normal,normal,0.1,0.0,0.1,0.0,0.0,0.0599559998,0.0017500000000001848,False
07/18/2026 07:00:00,21.37,22.4225,36546.8597,2140.1,1283.4,7,07/18/2026,WEPEAK,JULY,2026,2026-07-18,7,-1.0524999999999984,22.4225,0.0,normal,normal,0.0,0.0,0.0,0.0,0.0,0.0616179998,0.0,False
07/18/2026 08:00:00,18.4,18.3,34477.2601,2021.2,1224.2,8,07/18/2026,WEPEAK,JULY,2026,2026-07-18,8,0.09999999999999787,18.3,0.0,normal,normal,0.0,0.0,0.0,0.0,0.0,0.066405,0.0,False
07/18/2026 09:00:00,15.92,16.0875,28539.7299,1977.4,1447.0,9,07/18/2026,WEPEAK,JULY,2026,2026-07-18,9,-0.16749999999999865,16.15,-0.0625,normal,normal,0.0,0.0,0.0,0.0,0.0,0.0880069998,0.0,False
07/18/2026 10:00:00,13.39,9.3375,24852.7098,2069.7,1838.2,10,07/18/2026,WEPEAK,JULY,2026,2026-07-18,10,4.0525,13.1725,-3.834999999999999,normal,normal,0.0,0.0,0.0,0.0,0.0,39.0429919999,0.0,False
07/18/2026 11:00:00,10.14,4.955,25156.6209,2102.5,2032.9,11,07/18/2026,WEPEAK,JULY,2026,2026-07-18,11,5.1850000000000005,11.39,-6.4350000000000005,normal,normal,0.0,0.0,0.0,0.0,0.0,48.7755699999,0.0,False
07/18/2026 12:00:00,12.77,1.025,28254.2291,2074.6,2177.7,12,07/18/2026,WEPEAK,JULY,2026,2026-07-18,12,11.745,10.0025,-8.9775,normal,normal,0.0,42.9204540002,0.0,50.0,0.0,7.0795459998,-504.100732232349,True
07/18/2026 13:00:00,15.55,1.2625,31769.2794,2060.0,2340.7,13,07/18/2026,WEPEAK,JULY,2026,2026-07-18,13,14.287500000000001,13.8275,-12.565000000000001,normal,normal,0.0,0.0,0.0,0.0,0.0,3.9704019997,0.0,False
07/18/2026 14:00:00,15.14,3.275,34297.5402,2076.7,2574.1,14,07/18/2026,WEPEAK,JULY,2026,2026-07-18,14,11.865,15.8625,-12.5875,normal,normal,0.0,49.8812460002,0.0,50.0,0.0,0.1187539998,-591.840983792373,True
07/18/2026 15:00:00,16.03,5.6575,34726.0707,2314.0,3112.2,15,07/18/2026,WEPEAK,JULY,2026,2026-07-18,15,10.372500000000002,15.7725,-10.115000000000002,normal,normal,0.0,49.941961,0.0,50.0,0.0,0.058039,-518.0229904725,True
07/18/2026 16:00:00,15.37,11.175,36477.3807,2413.7,3374.9,16,07/18/2026,WEPEAK,JULY,2026,2026-07-18,16,4.1949999999999985,17.215,-6.039999999999999,normal,normal,0.0,49.9693290002,0.0,50.0,0.0,0.0306709998,-209.62133515583892,True
07/18/2026 17:00:00,15.02,11.5325,38034.4092,2566.9,3572.0,17,07/18/2026,WEPEAK,JULY,2026,2026-07-18,17,3.487499999999999,17.035,-5.5024999999999995,normal,normal,0.0,49.9469590002,0.0,50.0,0.0,0.0530409998,-174.19001951319746,True
07/18/2026 18:00:00,15.47,13.545,39077.4806,2734.4,3674.6,18,07/18/2026,WEPEAK,JULY,2026,2026-07-18,18,1.9250000000000007,15.01,-1.4649999999999999,normal,normal,0.0,49.9482000002,0.0,50.0,0.0,0.0517999998,-96.15028500038504,True
07/18/2026 19:00:00,17.11,17.4225,42150.041,2848.8,3697.4,19,07/18/2026,WEPEAK,JULY,2026,2026-07-18,19,-0.3125,23.0725,-5.650000000000002,normal,normal,0.0,0.0,0.0,0.0,0.0,0.036538,0.0,False
07/18/2026 20:00:00,24.37,20.6475,50732.0304,2898.4,3500.9,20,07/18/2026,WEPEAK,JULY,2026,2026-07-18,20,3.7225,34.4025,-13.755000000000003,normal,normal,0.0,0.0,0.0,0.0,0.0,0.0756379999,0.0,False
07/18/2026 21:00:00,25.08,16.68,57281.9598,2460.2,2365.3,21,07/18/2026,WEPEAK,JULY,2026,2026-07-18,21,8.399999999999999,34.725,-18.045,normal,normal,0.0,0.0,0.0,0.0,0.0,0.1245349999,0.0,False
07/18/2026 22:00:00,23.49,18.8825,56114.1293,2467.6,2022.9,22,07/18/2026,WEPEAK,JULY,2026,2026-07-18,22,4.607499999999998,34.9525,-16.07,normal,normal,0.0,0.0,0.0,0.0,0.0,0.1734259997,0.0,False
07/18/2026 23:00:00,24.44,14.015,53913.4909,2342.7,1787.3,23,07/18/2026,OFFPEAK,JULY,2026,2026-07-18,23,10.425,37.0375,-23.0225,normal,normal,0.0,0.0,0.0,0.0,0.0,0.1017029998,0.0,False
07/19/2026 00:00:00,22.75,15.135,50932.6296,2232.0,1583.1,24,07/18/2026,OFFPEAK,JULY,2026,2026-07-18,24,7.615,40.1775,-25.042500000000004,normal,normal,0.0,0.0,0.0,0.0,0.0,0.0634209999,0.0,False
07/19/2026 01:00:00,26.84,19.9325,48944.4297,2125.2,1575.4,1,07/19/2026,OFFPEAK,JULY,2026,2026-07-19,1,6.907499999999999,40.655,-20.7225,normal,normal,0.0,0.0,0.0,0.0,0.0,0.0800199999,0.0,False
07/19/2026 02:00:00,26.49,21.6825,47181.2804,2007.0,1383.8,2,07/19/2026,OFFPEAK,JULY,2026,2026-07-19,2,4.807499999999997,43.6125,-21.929999999999996,normal,normal,0.0,0.0,0.0,0.0,0.0,0.09172,0.0,False
07/19/2026 03:00:00,26.04,22.0625,45997.6298,1900.6,1199.2,3,07/19/2026,OFFPEAK,JULY,2026,2026-07-19,3,3.977499999999999,38.7075,-16.645000000000003,normal,normal,0.0,0.0,0.0,0.0,0.0,0.1149099999,0.0,False
07/19/2026 04:00:00,24.56,23.7375,44806.4492,1845.5,1050.2,4,07/19/2026,OFFPEAK,JULY,2026,2026-07-19,4,0.822499999999998,27.8,-4.0625,normal,normal,0.0,49.8698050001,0.0,50.0,0.0,0.1301949999,-41.01791461258215,True
07/19/2026 05:00:00,22.92,25.5975,44333.0799,1718.9,927.0,5,07/19/2026,OFFPEAK,JULY,2026,2026-07-19,5,-2.6774999999999984,26.7775,-1.1799999999999997,normal,normal,0.0,49.8651260003,0.0,50.0,0.0,0.1348739997,133.5138748658032,True
07/19/2026 06:00:00,23.73,26.395,44226.6605,1617.6,840.8,6,07/19/2026,OFFPEAK,JULY,2026,2026-07-19,6,-2.664999999999999,27.5125,-1.1174999999999997,normal,normal,0.0,49.8537790002,0.0,50.0,0.0,0.1462209998,132.86032103553296,True
07/19/2026 07:00:00,21.65,25.4825,43923.6495,1530.7,753.8,7,07/19/2026,WEPEAK,JULY,2026,2026-07-19,7,-3.832500000000003,26.2225,-0.7399999999999984,normal,normal,0.0,0.0,0.0,0.0,0.0,0.1428689998,0.0,False
07/19/2026 08:00:00,21.32,21.8125,40636.67,1523.5,872.9,8,07/19/2026,WEPEAK,JULY,2026,2026-07-19,8,-0.4924999999999997,21.665,0.14750000000000085,normal,normal,0.0,0.0,0.0,0.0,0.0,0.1726619998,0.0,False
07/19/2026 09:00:00,16.2,21.035,31560.7902,1867.2,1487.8,9,07/19/2026,WEPEAK,JULY,2026,2026-07-19,9,-4.835000000000001,20.3025,0.7325000000000017,normal,normal,0.0,0.0,0.0,0.0,0.0,0.121535,0.0,False
07/19/2026 10:00:00,14.6,14.3575,27808.3307,1913.1,1729.2,10,07/19/2026,WEPEAK,JULY,2026,2026-07-19,10,0.24249999999999972,18.345,-3.987499999999999,normal,normal,0.0,0.0,0.0,0.0,0.0,0.0787049999,0.0,False
07/19/2026 11:00:00,12.88,13.815,27838.6499,1897.0,1793.4,11,07/19/2026,WEPEAK,JULY,2026,2026-07-19,11,-0.9349999999999987,18.4075,-4.592499999999999,normal,normal,0.0,0.0,0.0,0.0,0.0,0.062834,0.0,False
07/19/2026 12:00:00,14.66,13.3525,30506.2108,1916.6,1877.2,12,07/19/2026,WEPEAK,JULY,2026,2026-07-19,12,1.307500000000001,17.58,-4.227499999999999,normal,normal,0.0,0.0,0.0,0.0,0.0,0.0633169998,0.0,False
07/19/2026 13:00:00,14.12,12.055,33720.9797,1963.6,2076.9,13,07/19/2026,WEPEAK,JULY,2026,2026-07-19,13,2.0649999999999995,18.7,-6.645,normal,normal,0.0,0.0,0.0,0.0,0.0,0.0672659998,0.0,False
07/19/2026 14:00:00,15.33,14.4425,36849.8911,1998.5,2380.0,14,07/19/2026,WEPEAK,JULY,2026,2026-07-19,14,0.8874999999999993,22.535,-8.0925,normal,normal,0.0,0.0,0.0,0.0,0.0,0.04691,0.0,False
07/19/2026 15:00:00,15.73,14.73,38755.6891,2021.5,2726.6,15,07/19/2026,WEPEAK,JULY,2026,2026-07-19,15,1.0,27.55,-12.82,normal,normal,0.0,0.0,0.0,0.0,0.0,0.044925,0.0,False
07/19/2026 16:00:00,15.74,15.34,40195.2388,2079.9,3027.5,16,07/19/2026,WEPEAK,JULY,2026,2026-07-19,16,0.40000000000000036,29.5975,-14.2575,normal,normal,0.0,0.0,0.0,0.0,0.0,0.052913,0.0,False
07/19/2026 17:00:00,15.04,15.1625,41746.7196,2206.7,3274.9,17,07/19/2026,WEPEAK,JULY,2026,2026-07-19,17,-0.1225000000000005,28.26,-13.097500000000002,normal,normal,0.0,0.0,0.0,0.0,0.0,0.051257,0.0,False
07/19/2026 18:00:00,14.86,17.6375,43072.5191,2369.2,3442.7,18,07/19/2026,WEPEAK,JULY,2026,2026-07-19,18,-2.7775,28.7325,-11.095000000000002,normal,normal,0.0,0.0,0.0,0.0,0.0,0.063568,0.0,False
07/19/2026 19:00:00,14.45,17.86,46283.9093,2542.0,3460.0,19,07/19/2026,WEPEAK,JULY,2026,2026-07-19,19,-3.41,42.1625,-24.302500000000002,normal,normal,0.0,0.0,0.0,0.0,0.0173,0.05054,0.0,False
07/19/2026 20:00:00,17.61,28.26,55294.3679,2696.5,3321.0,20,07/19/2026,WEPEAK,JULY,2026,2026-07-19,20,-10.650000000000002,66.29,-38.03,normal,normal,0.0,0.0,0.0,0.0,0.0,0.0951379997,0.0,False
07/19/2026 21:00:00,15.6,32.72,60899.2607,2797.7,3021.7,21,07/19/2026,WEPEAK,JULY,2026,2026-07-19,21,-17.119999999999997,67.295,-34.575,normal,normal,0.0,0.0,0.0,0.0,51.0484,0.015126,0.0,False
07/19/2026 22:00:00,22.54,34.1775,60255.3806,2385.1,1980.0,22,07/19/2026,WEPEAK,JULY,2026,2026-07-19,22,-11.637500000000003,50.655,-16.4775,normal,normal,0.0,0.0,0.0,0.0,45.6066,0.0,0.0,False
07/19/2026 23:00:00,30.06,28.53,57209.8804,2250.4,1692.9,23,07/19/2026,OFFPEAK,JULY,2026,2026-07-19,23,1.5299999999999976,37.545,-9.015,normal,normal,0.0,0.0,0.0,0.0,4.564,0.0415809998,0.0,False
07/20/2026 00:00:00,26.51,25.32,53371.9397,2120.4,1435.2,24,07/19/2026,OFFPEAK,JULY,2026,2026-07-19,24,1.1900000000000013,33.8525,-8.532499999999999,normal,normal,0.0,49.9150470002,0.0,50.0,0.0,0.0849529998,-59.39890593023806,True
07/20/2026 01:00:00,23.27,25.1275,49179.7108,2253.8,1601.5,1,07/20/2026,OFFPEAK,JULY,2026,2026-07-20,1,-1.8575000000000017,28.5225,-3.3949999999999996,normal,normal,0.0,0.0,0.0,0.0,0.0,0.1165989999,0.0,False
07/20/2026 02:00:00,22.2,23.8275,46559.67,2164.8,1402.9,2,07/20/2026,OFFPEAK,JULY,2026,2026-07-20,2,-1.6275000000000013,24.7525,-0.9250000000000007,normal,normal,0.0,0.0,0.0,0.0,0.0,0.0959189998,0.0,False
07/20/2026 03:00:00,20.99,23.8475,44676.2498,2065.5,1231.5,3,07/20/2026,OFFPEAK,JULY,2026,2026-07-20,3,-2.8575000000000017,24.28,-0.432500000000001,normal,normal,0.0,0.0,0.0,0.0,0.0,0.130552,0.0,False
07/20/2026 04:00:00,22.03,24.0275,43858.6195,1948.2,1061.9,4,07/20/2026,OFFPEAK,JULY,2026,2026-07-20,4,-1.9974999999999987,24.415,-0.3874999999999993,normal,normal,0.0,49.8921850003,0.0,50.0,0.0,0.1078149997,99.6596395380992,True
07/20/2026 05:00:00,23.01,23.6625,44258.2795,1770.3,905.7,5,07/20/2026,OFFPEAK,JULY,2026,2026-07-20,5,-0.6524999999999999,23.6625,0.0,normal,normal,0.0,49.9438800002,0.0,50.0,0.0,0.0561199998,32.58838170013049,True
07/20/2026 06:00:00,24.74,24.0975,45656.3011,1583.6,778.8,6,07/20/2026,OFFPEAK,JULY,2026,2026-07-20,6,0.6424999999999983,24.0975,0.0,normal,normal,0.0,49.9370790002,0.0,50.0,0.0,0.0629209998,-32.08457325762841,True
07/20/2026 07:00:00,24.75,24.9325,47113.4605,1431.4,665.4,7,07/20/2026,WDPEAK,JULY,2026,2026-07-20,7,-0.182500000000001,24.9325,0.0,normal,normal,0.0,0.0,0.0,0.0,0.0,0.050386,0.0,False
07/20/2026 08:00:00,22.81,22.63,44154.2997,1299.8,723.9,8,07/20/2026,WDPEAK,JULY,2026,2026-07-20,8,0.17999999999999972,22.63,0.0,normal,normal,0.0,0.0,0.0,0.0,0.0,0.0856799997,0.0,False
07/20/2026 09:00:00,16.6,17.765,34357.3893,1485.3,1074.2,9,07/20/2026,WDPEAK,JULY,2026,2026-07-20,9,-1.1649999999999991,19.2325,-1.4675000000000011,normal,normal,0.0,0.0,0.0,0.0,0.0,0.099326,0.0,False
07/20/2026 10:00:00,14.93,13.935,30652.9096,1410.2,1167.5,10,07/20/2026,WDPEAK,JULY,2026,2026-07-20,10,0.9949999999999992,18.4325,-4.4975000000000005,normal,normal,0.0,0.0,0.0,0.0,0.0,57.2438999999,0.0,False
07/20/2026 11:00:00,14.45,13.6675,31769.8394,1309.0,1124.1,11,07/20/2026,WDPEAK,JULY,2026,2026-07-20,11,0.7824999999999989,19.6675,-6.0,normal,normal,0.0,0.0,0.0,0.0,0.0,48.0509709999,0.0,False
07/20/2026 12:00:00,14.78,15.475,35240.3293,1255.0,1050.2,12,07/20/2026,WDPEAK,JULY,2026,2026-07-20,12,-0.6950000000000003,21.8775,-6.402500000000002,normal,normal,0.0,0.0,0.0,0.0,0.0,13.1510519997,0.0,False
07/20/2026 13:00:00,15.05,16.3175,39272.4711,1256.6,1104.2,13,07/20/2026,WDPEAK,JULY,2026,2026-07-20,13,-1.2674999999999983,25.1575,-8.84,normal,normal,0.0,0.0,0.0,0.0,0.0,6.0125049999,0.0,False
07/20/2026 14:00:00,18.76,19.9025,42818.4794,1275.5,1372.9,14,07/20/2026,WDPEAK,JULY,2026,2026-07-20,14,-1.1424999999999983,29.7875,-9.885000000000002,normal,normal,0.0,0.0,0.0,0.0,0.0,0.3049749999,0.0,False
07/20/2026 15:00:00,21.64,15.665,44437.2301,1326.9,1854.4,15,07/20/2026,WDPEAK,JULY,2026,2026-07-20,15,5.975000000000001,25.9425,-10.2775,normal,normal,0.0,0.0,0.0,0.0,0.0,5.5003539999,0.0,False
07/20/2026 16:00:00,20.49,15.5125,45002.5296,1455.6,2341.2,16,07/20/2026,WDPEAK,JULY,2026,2026-07-20,16,4.977499999999999,23.7275,-8.215,normal,normal,0.0,0.0,0.0,0.0,0.0,2.8200079998,0.0,False
07/20/2026 17:00:00,18.62,19.385,44484.129,1653.8,2718.5,17,07/20/2026,WDPEAK,JULY,2026,2026-07-20,17,-0.7650000000000006,24.35,-4.965,normal,normal,0.0,0.0,0.0,0.0,0.0,0.1293979998,0.0,False
07/20/2026 18:00:00,19.51,24.3175,45065.7907,1898.6,2977.6,18,07/20/2026,WDPEAK,JULY,2026,2026-07-20,18,-4.807499999999997,25.4,-1.0824999999999996,normal,normal,0.0,0.0,0.0,0.0,0.0,0.0599149997,0.0,False
07/20/2026 19:00:00,20.29,25.2175,48634.0291,2163.7,3064.6,19,07/20/2026,WDPEAK,JULY,2026,2026-07-20,19,-4.927500000000002,41.0275,-15.810000000000002,normal,normal,0.0,0.0,0.0,0.0,0.0,0.0451709999,0.0,False
07/20/2026 20:00:00,29.91,29.86,59751.5101,2409.6,2877.5,20,07/20/2026,WDPEAK,JULY,2026,2026-07-20,20,0.05000000000000071,57.015,-27.155,normal,normal,0.0,0.0,0.0,0.0,0.0,0.0436219999,0.0,False
07/20/2026 21:00:00,25.33,26.23,65358.6621,2589.7,2519.3,21,07/20/2026,WDPEAK,JULY,2026,2026-07-20,21,-0.9000000000000021,93.39,-67.16,normal,normal,0.0,0.0,0.0,0.0,8.7108,0.0350439998,0.0,False
07/20/2026 22:00:00,29.33,31.1075,61472.3101,2644.8,2227.3,22,07/20/2026,WDPEAK,JULY,2026,2026-07-20,22,-1.7775000000000034,48.2975,-17.189999999999998,normal,normal,0.0,0.0,0.0,0.0,39.3252,0.028677,0.0,False
07/20/2026 23:00:00,22.11,29.0075,57520.7902,2372.1,1771.8,23,07/20/2026,OFFPEAK,JULY,2026,2026-07-20,23,-6.897500000000001,35.355,-6.347499999999997,normal,normal,0.0,0.0,0.0,0.0,40.8404,0.037458,0.0,False
07/21/2026 00:00:00,26.1,25.5425,52170.9509,2277.2,1621.6,24,07/20/2026,OFFPEAK,JULY,2026,2026-07-20,24,0.557500000000001,31.18,-5.637499999999999,normal,normal,0.0,0.0,0.0,0.0,13.0525,0.0057919999,0.0,False
07/21/2026 01:00:00,24.92,23.47,47690.0294,2258.5,1598.7,1,07/21/2026,OFFPEAK,JULY,2026,2026-07-21,1,1.4500000000000028,24.3025,-0.8324999999999996,scarcity_lambda,scarcity_bearish_rlz,0.0,0.0,0.0,0.0,0.0,0.2573329997,0.0,False
07/21/2026 02:00:00,23.66,22.4325,45033.25,2084.0,1453.6,2,07/21/2026,OFFPEAK,JULY,2026,2026-07-21,2,1.2274999999999991,22.9275,-0.49499999999999744,scarcity_lambda,scarcity_bearish_rlz,0.0,0.0,0.0,0.0,0.0,0.2492609998,0.0,False
07/21/2026 03:00:00,22.48,22.615,43738.6592,1884.4,1252.5,3,07/21/2026,OFFPEAK,JULY,2026,2026-07-21,3,-0.134999999999998,22.8225,-0.20750000000000313,scarcity_lambda,scarcity_bearish_rlz,0.0,0.0,0.0,0.0,0.0,0.264357,0.0,False
07/21/2026 04:00:00,23.5,23.925,43535.1308,1677.9,1009.5,4,07/21/2026,OFFPEAK,JULY,2026,2026-07-21,4,-0.4250000000000007,23.935,-0.00999999999999801,scarcity_lambda,scarcity_bearish_rlz,0.0,0.0,0.0,0.0,0.0,0.2599659999,0.0,False
07/21/2026 05:00:00,24.33,23.865,44377.63,1469.8,778.1,5,07/21/2026,OFFPEAK,JULY,2026,2026-07-21,5,0.46499999999999986,23.705,0.16000000000000014,scarcity_lambda,scarcity_bearish_rlz,0.0,0.0,0.0,0.0,0.0,0.2103729997,0.0,False
07/21/2026 06:00:00,26.17,26.1725,46601.4208,1255.6,584.8,6,07/21/2026,OFFPEAK,JULY,2026,2026-07-21,6,-0.0024999999999977263,25.9975,0.1750000000000007,scarcity_lambda,scarcity_bearish_rlz,0.0,0.0,0.0,0.0,0.0,0.1309179997,0.0,False
07/21/2026 07:00:00,34.48,28.2025,48869.0818,1047.6,457.5,7,07/21/2026,WDPEAK,JULY,2026,2026-07-21,7,6.277499999999996,28.2025,0.0,scarcity_lambda,scarcity_bearish_rlz,0.0,0.0,0.0,0.0,0.0,0.1611899997,0.0,False
07/21/2026 08:00:00,28.49,24.9725,45333.7906,848.4,342.1,8,07/21/2026,WDPEAK,JULY,2026,2026-07-21,8,3.5174999999999983,24.93,0.042500000000000426,scarcity_lambda,scarcity_bearish_rlz,0.0,0.0,0.0,0.0,0.0,0.1181339999,0.0,False
07/21/2026 09:00:00,19.23,20.83,34386.0491,698.7,303.0,9,07/21/2026,WDPEAK,JULY,2026,2026-07-21,9,-1.5999999999999979,20.7375,0.09249999999999758,scarcity_lambda,scarcity_bearish_rlz,0.0,0.0,0.0,0.0,0.0,40.4311509998,0.0,False
07/21/2026 10:00:00,18.06,20.69,31066.929,594.8,361.6,10,07/21/2026,WDPEAK,JULY,2026,2026-07-21,10,-2.6300000000000026,21.19,-0.5,scarcity_lambda,scarcity_bearish_rlz,0.0,0.0,0.0,0.0,0.0,50.80139,0.0,False
07/21/2026 11:00:00,18.01,16.42,33361.3008,598.9,493.5,11,07/21/2026,WDPEAK,JULY,2026,2026-07-21,11,1.5899999999999999,19.435,-3.014999999999997,scarcity_lambda,scarcity_bearish_rlz,0.0,0.0,0.0,0.0,0.0,33.9368879999,0.0,False
07/21/2026 12:00:00,21.25,17.745,38094.7387,523.7,450.0,12,07/21/2026,WDPEAK,JULY,2026,2026-07-21,12,3.504999999999999,20.2325,-2.4875000000000007,scarcity_lambda,scarcity_bearish_rlz,0.0,0.0,0.0,0.0,0.0,3.7792419998,0.0,False
07/21/2026 13:00:00,25.59,28.6975,43218.3706,493.2,523.7,13,07/21/2026,WDPEAK,JULY,2026,2026-07-21,13,-3.1075000000000017,25.7475,2.950000000000003,scarcity_lambda,scarcity_bearish_rlz,0.0,0.0,0.0,0.0,0.0,0.1296439999,0.0,False
07/21/2026 14:00:00,26.84,38.495,47771.438,489.5,745.4,14,07/21/2026,WDPEAK,JULY,2026,2026-07-21,14,-11.654999999999998,33.8375,4.657499999999999,scarcity_lambda,scarcity_bearish_rlz,0.0,49.9550270001,0.0,50.0,0.0,0.0449729999,582.2258396861654,True
07/21/2026 15:00:00,28.88,33.8875,49590.5718,522.4,1122.3,15,07/21/2026,WDPEAK,JULY,2026,2026-07-21,15,-5.007500000000004,30.3125,3.575000000000003,scarcity_lambda,scarcity_bearish_rlz,0.0,0.0,0.0,0.0,0.0,0.055771,0.0,False
07/21/2026 16:00:00,29.13,31.4425,50166.9098,628.4,1568.2,16,07/21/2026,WDPEAK,JULY,2026,2026-07-21,16,-2.3125,26.6125,4.829999999999998,scarcity_lambda,scarcity_bearish_rlz,0.0,0.0,0.0,0.0,0.0,0.0555549998,0.0,False
07/21/2026 17:00:00,27.26,25.89,49512.7502,797.2,2006.4,17,07/21/2026,WDPEAK,JULY,2026,2026-07-21,17,1.370000000000001,26.9225,-1.0324999999999989,scarcity_lambda,scarcity_bearish_rlz,0.0,0.0,0.0,0.0,0.0,0.0610549998,0.0,False
07/21/2026 18:00:00,26.37,26.4475,50363.609,1011.1,2335.2,18,07/21/2026,WDPEAK,JULY,2026,2026-07-21,18,-0.07750000000000057,26.5075,-0.05999999999999872,scarcity_lambda,scarcity_bearish_rlz,0.0,49.9405390001,0.0,50.0,0.0,0.0594609999,3.8703917725077788,True
07/21/2026 19:00:00,30.12,47.05,54352.1984,1286.2,2483.1,19,07/21/2026,WDPEAK,JULY,2026,2026-07-21,19,-16.929999999999996,60.0475,-12.997500000000002,scarcity_lambda,scarcity_bearish_rlz,0.0,0.0,0.0,0.0,0.0,0.0534589998,0.0,False
07/21/2026 20:00:00,98.95,87.6,66480.2383,1634.5,2342.8,20,07/21/2026,WDPEAK,JULY,2026,2026-07-21,20,11.350000000000009,149.1425,-61.54250000000002,scarcity_lambda,scarcity_bearish_rlz,36.744,0.0,50.0,0.0,13.256,0.011153,417.04440000000034,True
07/21/2026 21:00:00,63.48,86.49,72469.811,2025.0,2065.1,21,07/21/2026,WDPEAK,JULY,2026,2026-07-21,21,-23.009999999999998,140.7275,-54.2375,scarcity_lambda,scarcity_bearish_rlz,0.0,49.9993190001,0.0,50.0,51.1455,0.0006809999,1150.4843301923008,True
07/21/2026 22:00:00,61.74,57.445,69154.7086,2244.3,1804.0,22,07/21/2026,WDPEAK,JULY,2026,2026-07-21,22,4.295000000000002,75.56,-18.115000000000002,scarcity_lambda,scarcity_bearish_rlz,19.7529,0.0,50.0,0.0,30.2471,0.035678,84.83870550000003,True
07/21/2026 23:00:00,41.21,95.5525,63809.4303,2205.7,1660.9,23,07/21/2026,OFFPEAK,JULY,2026,2026-07-21,23,-54.342499999999994,114.6275,-19.075000000000003,scarcity_lambda,scarcity_bearish_rlz,0.0,0.0,0.0,0.0,20.9008,0.0082229999,0.0,False
07/22/2026 00:00:00,32.38,52.335,58884.9393,2084.0,1550.8,24,07/21/2026,OFFPEAK,JULY,2026,2026-07-21,24,-19.955,52.5625,-0.22749999999999915,scarcity_lambda,scarcity_bearish_rlz,0.0,0.0,0.0,0.0,0.0,0.0725479998,0.0,False
07/22/2026 01:00:00,38.35,37.5225,58601.3001,1666.2,1140.7,1,07/22/2026,OFFPEAK,JULY,2026,2026-07-22,1,0.8275000000000006,37.5225,0.0,scarcity_lambda,scarcity_lambda_rlz,50.0,0.0,50.0,0.0,0.0,0.1934629997,41.37500000000003,True
07/22/2026 02:00:00,32.98,34.4175,55246.6984,1506.0,1019.7,2,07/22/2026,OFFPEAK,JULY,2026,2026-07-22,2,-1.4375,34.295,0.12249999999999517,scarcity_lambda,scarcity_lambda_rlz,0.0,0.0,0.0,0.0,0.0,0.113942,0.0,False
07/22/2026 03:00:00,31.5,35.1475,53434.0593,1324.8,890.3,3,07/22/2026,OFFPEAK,JULY,2026,2026-07-22,3,-3.647500000000001,33.2725,1.875,scarcity_lambda,scarcity_lambda_rlz,0.0,0.0,0.0,0.0,0.0,0.057676,0.0,False
07/22/2026 04:00:00,32.93,32.88,52255.609,1135.7,757.5,4,07/22/2026,OFFPEAK,JULY,2026,2026-07-22,4,0.04999999999999716,31.225,1.6550000000000011,scarcity_lambda,scarcity_lambda_rlz,0.0,0.0,0.0,0.0,0.0,0.0865409998,0.0,False
07/22/2026 05:00:00,31.28,35.6175,52098.8992,961.5,612.2,5,07/22/2026,OFFPEAK,JULY,2026,2026-07-22,5,-4.337499999999999,32.5675,3.049999999999997,scarcity_lambda,scarcity_lambda_rlz,0.0,0.0,0.0,0.0,0.0,0.082685,0.0,False
07/22/2026 06:00:00,33.22,41.2325,53758.7798,772.7,469.6,6,07/22/2026,OFFPEAK,JULY,2026,2026-07-22,6,-8.012500000000003,35.33,5.902500000000003,scarcity_lambda,scarcity_lambda_rlz,50.0,0.0,50.0,0.0,0.0,0.0808619999,-400.6250000000001,True
07/22/2026 07:00:00,38.08,39.975,55268.1203,580.5,364.3,7,07/22/2026,WDPEAK,JULY,2026,2026-07-22,7,-1.8950000000000031,36.93,3.0450000000000017,scarcity_lambda,scarcity_lambda_rlz,50.0,0.0,50.0,0.0,0.0,0.065568,-94.75000000000016,True
07/22/2026 08:00:00,32.14,36.1425,51357.4519,396.7,257.2,8,07/22/2026,WDPEAK,JULY,2026,2026-07-22,8,-4.002499999999998,31.2175,4.924999999999997,scarcity_lambda,scarcity_lambda_rlz,50.0,0.0,50.0,0.0,0.0,0.1034659999,-200.1249999999999,True
07/22/2026 09:00:00,22.73,25.855,39555.5999,195.8,204.1,9,07/22/2026,WDPEAK,JULY,2026,2026-07-22,9,-3.125,25.01,0.8449999999999989,scarcity_lambda,scarcity_lambda_rlz,0.0,0.0,0.0,0.0,0.0,0.102362,0.0,False
07/22/2026 10:00:00,20.94,27.0075,34736.8902,162.7,325.0,10,07/22/2026,WDPEAK,JULY,2026,2026-07-22,10,-6.067499999999999,26.345,0.6625000000000014,scarcity_lambda,scarcity_lambda_rlz,0.0,0.0,0.0,30.0,0.0,47.9243599999,0.0,False
07/22/2026 11:00:00,22.7,26.795,37430.9897,117.8,267.3,11,07/22/2026,WDPEAK,JULY,2026,2026-07-22,11,-4.095000000000002,26.35,0.4450000000000003,scarcity_lambda,scarcity_lambda_rlz,0.0,0.0,0.0,30.0,0.0,48.7134599999,0.0,False
07/22/2026 12:00:00,26.98,26.735,42172.4082,91.3,205.1,12,07/22/2026,WDPEAK,JULY,2026,2026-07-22,12,0.245000000000001,25.8375,0.8975000000000009,scarcity_lambda,scarcity_lambda_rlz,0.0,0.0,0.0,0.0,0.0,12.6752019999,0.0,False
07/22/2026 13:00:00,28.91,41.04,46962.5719,81.7,194.3,13,07/22/2026,WDPEAK,JULY,2026,2026-07-22,13,-12.129999999999999,31.0025,10.037499999999998,scarcity_lambda,scarcity_lambda_rlz,0.0,0.0,0.0,0.0,0.0,0.062309,0.0,False
07/22/2026 14:00:00,36.9,66.9,51729.8607,99.9,291.2,14,07/22/2026,WDPEAK,JULY,2026,2026-07-22,14,-30.000000000000007,33.97,32.93000000000001,scarcity_lambda,scarcity_lambda_rlz,0.0,0.0,0.0,0.0,3.7014,0.0531469999,0.0,False
07/22/2026 15:00:00,40.74,81.0225,52943.0304,144.3,583.5,15,07/22/2026,WDPEAK,JULY,2026,2026-07-22,15,-40.28249999999999,51.52,29.50249999999999,scarcity_lambda,scarcity_lambda_rlz,0.0,0.0,0.1,0.0,7.8055,0.012412,0.0,False
07/22/2026 16:00:00,44.03,74.5025,52995.4895,243.8,971.4,16,07/22/2026,WDPEAK,JULY,2026,2026-07-22,16,-30.472499999999997,49.0475,25.455,scarcity_lambda,scarcity_lambda_rlz,0.0,0.0,0.1,0.0,0.5516,0.0522829997,0.0,False
07/22/2026 17:00:00,46.08,67.005,52929.0911,388.7,1389.7,17,07/22/2026,WDPEAK,JULY,2026,2026-07-22,17,-20.924999999999997,39.7075,27.297499999999992,scarcity_lambda,scarcity_lambda_rlz,0.0,0.0,0.1,0.0,2.0624,0.0415919998,0.0,False
07/22/2026 18:00:00,44.32,70.4425,53214.3607,566.6,1793.1,18,07/22/2026,WDPEAK,JULY,2026,2026-07-22,18,-26.122499999999995,42.0,28.442499999999995,scarcity_lambda,scarcity_lambda_rlz,0.1,0.0,0.1,0.0,0.0,0.0728209999,-2.6122499999999995,False
07/22/2026 19:00:00,79.7,133.6275,56978.6785,808.0,2015.0,19,07/22/2026,WDPEAK,JULY,2026,2026-07-22,19,-53.927499999999995,88.53,45.0975,scarcity_lambda,scarcity_lambda_rlz,46.6928,0.0,50.0,0.0,3.3072,0.058182,-2518.0259719999995,True
07/22/2026 20:00:00,141.39,133.59,68004.0289,1140.4,2009.3,20,07/22/2026,WDPEAK,JULY,2026,2026-07-22,20,7.799999999999983,135.5675,-1.977499999999992,scarcity_lambda,scarcity_lambda_rlz,0.0,0.0,0.1,0.0,11.4284,0.0,0.0,False
07/22/2026 21:00:00,137.62,131.04,72713.6,1593.4,1824.5,21,07/22/2026,WDPEAK,JULY,2026,2026-07-22,21,6.5800000000000125,150.0175,-18.97750000000002,scarcity_lambda,scarcity_lambda_rlz,0.0,0.0,0.0,0.0,30.187,0.0,0.0,False
07/22/2026 22:00:00,100.0,196.645,69441.9678,1950.4,1630.8,22,07/22/2026,WDPEAK,JULY,2026,2026-07-22,22,-96.64500000000001,205.8275,-9.182499999999976,scarcity_lambda,scarcity_lambda_rlz,0.0,28.0,0.0,28.0,30.1952,0.0,2706.0600000000004,True
07/22/2026 23:00:00,83.63,205.72,64140.6895,1960.9,1547.5,23,07/22/2026,OFFPEAK,JULY,2026,2026-07-22,23,-122.09,194.3475,11.372500000000002,scarcity_lambda,scarcity_lambda_rlz,0.0,0.0,0.0,0.0,0.0,0.0601079999,0.0,False
07/23/2026 00:00:00,48.16,71.71,59430.5601,1774.0,1460.2,24,07/22/2026,OFFPEAK,JULY,2026,2026-07-22,24,-23.549999999999997,65.595,6.114999999999995,scarcity_lambda,scarcity_lambda_rlz,0.0,0.0,0.0,0.0,0.0,0.0916239997,0.0,False
07/23/2026 01:00:00,55.15,61.2175,57033.981,1351.4,1057.7,1,07/23/2026,OFFPEAK,JULY,2026,2026-07-23,1,-6.067500000000003,59.5075,1.7100000000000009,normal,normal,0.0,0.0,0.0,0.0,0.0,0.200141,0.0,False
07/23/2026 02:00:00,46.56,61.2175,54451.2082,1103.1,969.2,2,07/23/2026,OFFPEAK,JULY,2026,2026-07-23,2,-14.657499999999999,54.3525,6.865000000000002,normal,normal,0.0,0.0,0.0,0.0,0.0,0.088384,0.0,False
07/23/2026 03:00:00,39.92,48.2925,52845.69,886.9,932.4,3,07/23/2026,OFFPEAK,JULY,2026,2026-07-23,3,-8.372499999999995,39.865,8.427499999999995,normal,normal,0.0,0.0,0.0,0.0,0.0,0.0810549999,0.0,False
07/23/2026 04:00:00,39.5,45.7225,52233.6602,720.0,832.7,4,07/23/2026,OFFPEAK,JULY,2026,2026-07-23,4,-6.222499999999997,35.8275,9.894999999999996,normal,normal,0.0,0.0,0.0,0.0,0.0,0.145535,0.0,False
07/23/2026 05:00:00,39.91,45.7725,52614.2897,584.9,697.2,5,07/23/2026,OFFPEAK,JULY,2026,2026-07-23,5,-5.862500000000004,35.815,9.957500000000003,normal,normal,0.0,0.0,0.0,0.0,0.0,0.1637579998,0.0,False
07/23/2026 06:00:00,43.51,46.6825,54075.4308,485.9,640.2,6,07/23/2026,OFFPEAK,JULY,2026,2026-07-23,6,-3.1724999999999994,37.2575,9.424999999999997,normal,normal,0.0,0.0,0.0,0.0,0.0,0.0527339998,0.0,False
07/23/2026 07:00:00,46.11,53.4925,55265.1897,425.7,651.2,7,07/23/2026,WDPEAK,JULY,2026,2026-07-23,7,-7.3825,43.4575,10.034999999999997,normal,normal,0.0,0.0,0.0,0.0,0.0,0.0630779998,0.0,False
07/23/2026 08:00:00,35.04,40.6275,51268.1704,381.9,643.0,8,07/23/2026,WDPEAK,JULY,2026,2026-07-23,8,-5.587499999999999,34.32,6.307499999999997,normal,normal,0.0,0.0,0.0,0.0,0.0,0.066113,0.0,False
07/23/2026 09:00:00,24.15,26.7775,40617.0095,196.2,478.2,9,07/23/2026,WDPEAK,JULY,2026,2026-07-23,9,-2.6275000000000013,25.01,1.7674999999999983,normal,normal,0.0,0.0,0.0,0.0,0.0,0.078752,0.0,False
07/23/2026 10:00:00,21.66,31.025,35077.24,167.1,632.7,10,07/23/2026,WDPEAK,JULY,2026,2026-07-23,10,-9.364999999999998,25.2275,5.797499999999999,normal,normal,0.0,0.0,0.0,0.0,0.0,9.3494449998,0.0,False
07/23/2026 11:00:00,20.52,33.18,36961.8289,202.4,738.0,11,07/23/2026,WDPEAK,JULY,2026,2026-07-23,11,-12.66,24.585,8.594999999999999,normal,normal,0.0,0.0,0.0,0.0,0.0,49.8927199998,0.0,False
07/23/2026 12:00:00,22.66,39.1625,40009.9313,267.7,700.2,12,07/23/2026,WDPEAK,JULY,2026,2026-07-23,12,-16.5025,25.9725,13.190000000000001,normal,normal,0.0,0.0,0.0,0.0,0.0,2.3105129999,0.0,False
07/23/2026 13:00:00,28.9,44.6775,43660.7594,363.9,812.6,13,07/23/2026,WDPEAK,JULY,2026,2026-07-23,13,-15.777500000000003,28.33,16.347500000000004,normal,normal,50.0,0.0,50.0,0.0,0.0,0.1340469998,-788.8750000000002,True
07/23/2026 14:00:00,34.45,68.1925,48029.3205,444.7,1052.6,14,07/23/2026,WDPEAK,JULY,2026,2026-07-23,14,-33.74249999999999,34.9775,33.214999999999996,normal,normal,30.574,0.0,50.0,0.0,19.426,0.011448,-1031.6431949999999,True
07/23/2026 15:00:00,36.83,71.8675,47884.7211,697.9,1419.5,15,07/23/2026,WDPEAK,JULY,2026,2026-07-23,15,-35.03750000000001,37.665,34.20250000000001,normal,normal,22.8006,0.0,50.0,0.0,27.1994,0.0,-798.8760225000002,True
07/23/2026 16:00:00,39.45,74.3725,48127.5188,911.9,1606.1,16,07/23/2026,WDPEAK,JULY,2026,2026-07-23,16,-34.9225,37.9225,36.45,normal,normal,46.6134,0.0,50.0,0.0,3.3866,0.023836,-1627.8564615,True
07/23/2026 17:00:00,37.21,69.5,48443.4298,1192.3,1846.3,17,07/23/2026,WDPEAK,JULY,2026,2026-07-23,17,-32.29,35.9375,33.5625,normal,normal,50.0,0.0,50.0,0.0,0.0,0.1819869997,-1614.5,True
07/23/2026 18:00:00,35.25,62.4425,48150.5907,1422.0,2021.6,18,07/23/2026,WDPEAK,JULY,2026,2026-07-23,18,-27.192500000000003,32.73,29.712500000000006,normal,normal,50.0,0.0,50.0,0.0,0.0,0.1274849998,-1359.6250000000002,True
07/23/2026 19:00:00,38.84,52.885,50445.5389,1500.4,2024.9,19,07/23/2026,WDPEAK,JULY,2026,2026-07-23,19,-14.044999999999995,32.7225,20.1625,normal,normal,0.0,0.0,0.0,0.0,0.0,2.8332169999,0.0,False
07/23/2026 20:00:00,45.06,49.1325,59863.4797,1585.1,1878.2,20,07/23/2026,WDPEAK,JULY,2026,2026-07-23,20,-4.072499999999998,41.47,7.662500000000001,normal,normal,0.0,49.8982420002,0.0,50.0,0.0,0.1017579998,203.2105905458144,True
07/23/2026 21:00:00,44.88,46.6675,63143.3303,1751.4,1754.6,21,07/23/2026,WDPEAK,JULY,2026,2026-07-23,21,-1.7874999999999943,42.3925,4.274999999999999,normal,normal,0.0,49.9456320002,0.0,50.0,0.0,0.0543679998,89.27781720035722,True
07/23/2026 22:00:00,42.55,41.9375,60218.5917,1783.1,1708.4,22,07/23/2026,WDPEAK,JULY,2026,2026-07-23,22,0.6124999999999972,37.7125,4.225000000000001,normal,normal,0.0,49.8932970001,0.0,50.0,0.0,0.1067029999,-30.559644412561106,True
07/23/2026 23:00:00,38.45,35.0575,56163.34,1694.1,1595.3,23,07/23/2026,OFFPEAK,JULY,2026,2026-07-23,23,3.3925000000000054,32.96,2.0974999999999966,normal,normal,0.0,0.0,0.0,0.0,0.0,0.112105,0.0,False
07/24/2026 00:00:00,34.38,34.395,52302.3706,1607.1,1515.3,24,07/23/2026,OFFPEAK,JULY,2026,2026-07-23,24,-0.015000000000000568,33.9475,0.4475000000000051,normal,normal,0.0,0.0,0.0,0.0,0.0,0.0961699999,0.0,False
07/24/2026 01:00:00,37.01,34.185,47379.7302,1355.6,1288.3,1,07/24/2026,OFFPEAK,JULY,2026,2026-07-24,1,2.8249999999999957,34.1025,0.08250000000000313,normal,normal,0.0,0.0,0.0,0.0,0.0,0.0784369999,0.0,False
07/24/2026 02:00:00,34.02,33.3775,45228.0494,1138.3,1332.7,2,07/24/2026,OFFPEAK,JULY,2026,2026-07-24,2,0.6425000000000054,30.565,2.8124999999999964,normal,normal,0.0,0.0,0.0,0.0,0.0,0.1270889997,0.0,False
07/24/2026 03:00:00,32.06,25.0975,43911.3895,969.2,1308.4,3,07/24/2026,OFFPEAK,JULY,2026,2026-07-24,3,6.962500000000002,25.0975,0.0,normal,normal,0.0,0.0,0.0,0.0,0.0,0.1072389997,0.0,False
07/24/2026 04:00:00,31.11,24.22,43425.3102,936.3,1272.2,4,07/24/2026,OFFPEAK,JULY,2026,2026-07-24,4,6.890000000000001,24.22,0.0,normal,normal,0.0,0.0,0.0,0.0,0.0,0.0663769999,0.0,False
07/24/2026 05:00:00,32.27,24.385,44042.8796,917.0,1306.3,5,07/24/2026,OFFPEAK,JULY,2026,2026-07-24,5,7.885000000000002,24.385,0.0,normal,normal,0.0,0.0,0.0,0.0,0.0,0.0731039998,0.0,False
07/24/2026 06:00:00,34.05,30.02,45309.1304,971.0,1405.7,6,07/24/2026,OFFPEAK,JULY,2026,2026-07-24,6,4.029999999999998,30.02,0.0,normal,normal,0.0,0.0,0.0,0.0,0.0,0.1597689999,0.0,False
07/24/2026 07:00:00,36.91,30.6025,47020.5389,1077.0,1527.3,7,07/24/2026,WDPEAK,JULY,2026,2026-07-24,7,6.307499999999997,30.6275,-0.02500000000000213,normal,normal,0.0,0.0,0.0,0.0,0.0,0.080024,0.0,False
07/24/2026 08:00:00,33.78,29.2925,45227.3213,1158.4,1621.2,8,07/24/2026,WDPEAK,JULY,2026,2026-07-24,8,4.487500000000001,29.295,-0.002500000000001279,normal,normal,0.0,0.0,0.0,0.0,0.0,0.0859469997,0.0,False
07/24/2026 09:00:00,24.24,22.58,37020.4303,1284.1,1782.7,9,07/24/2026,WDPEAK,JULY,2026,2026-07-24,9,1.6600000000000001,23.0175,-0.4375,normal,normal,0.0,49.880812,0.0,50.0,0.0,0.119188,-82.80214792000001,True
07/24/2026 10:00:00,17.98,15.465,32785.65,1546.6,2159.6,10,07/24/2026,WDPEAK,JULY,2026,2026-07-24,10,2.5150000000000006,19.9175,-4.452500000000001,normal,normal,0.0,12.062635000100002,0.0,50.0,0.0,37.9373649999,-30.33752702525151,True
07/24/2026 11:00:00,14.53,16.7325,32999.3198,1829.1,2544.4,11,07/24/2026,WDPEAK,JULY,2026,2026-07-24,11,-2.2025000000000023,19.1175,-2.384999999999998,normal,normal,0.0,0.0,0.0,50.0,0.0,58.4917699998,0.0,False
07/24/2026 12:00:00,13.68,17.3075,35425.5387,1967.1,2792.8,12,07/24/2026,WDPEAK,JULY,2026,2026-07-24,12,-3.6275000000000013,19.4725,-2.164999999999999,normal,normal,0.0,26.7603300004,0.0,50.0,0.0,23.2396699996,97.07309707645103,True
07/24/2026 13:00:00,16.87,15.5975,38224.0294,2055.8,3030.8,13,07/24/2026,WDPEAK,JULY,2026,2026-07-24,13,1.2725000000000009,21.4225,-5.824999999999999,normal,normal,0.0,49.6717100001,0.0,50.0,0.0,0.3282899999,-63.207250975127295,True
07/24/2026 14:00:00,19.76,20.8125,40223.482,2127.0,3279.2,14,07/24/2026,WDPEAK,JULY,2026,2026-07-24,14,-1.0524999999999984,23.75,-2.9375,normal,normal,0.0,49.9441100002,0.0,50.0,0.0,0.0558899998,52.56617577521042,True
07/24/2026 15:00:00,20.28,20.145,41326.8911,2214.1,3498.0,15,07/24/2026,WDPEAK,JULY,2026,2026-07-24,15,0.13500000000000156,25.505,-5.359999999999999,normal,normal,0.0,0.0,0.0,0.0,0.0,0.0405149996,0.0,False
07/24/2026 16:00:00,21.23,24.1575,41417.7894,2334.8,3619.4,16,07/24/2026,WDPEAK,JULY,2026,2026-07-24,16,-2.9274999999999984,27.0475,-2.8900000000000006,normal,normal,0.0,0.0,0.0,0.0,0.0,0.0436989998,0.0,False
07/24/2026 17:00:00,20.96,24.005,40560.3891,2460.6,3649.3,17,07/24/2026,WDPEAK,JULY,2026,2026-07-24,17,-3.044999999999998,22.12,1.884999999999998,normal,normal,0.0,0.0,0.0,0.0,0.0,0.0703359998,0.0,False
07/24/2026 18:00:00,20.36,21.7425,40298.4597,2609.0,3668.4,18,07/24/2026,WDPEAK,JULY,2026,2026-07-24,18,-1.3825000000000003,21.075,0.6675000000000004,normal,normal,0.0,0.0,0.0,0.0,0.0,0.071782,0.0,False
07/24/2026 19:00:00,25.0,22.57,42569.6195,2748.3,3541.6,19,07/24/2026,WDPEAK,JULY,2026,2026-07-24,19,2.4299999999999997,20.9875,1.5824999999999996,normal,normal,32.7,0.0,32.7,0.0,0.0,0.0672289998,79.461,True
07/24/2026 20:00:00,27.28,31.2325,51204.861,2794.3,3213.4,20,07/24/2026,WDPEAK,JULY,2026,2026-07-24,20,-3.9525000000000006,31.6275,-0.3949999999999996,normal,normal,22.1183,0.0,50.0,0.0,27.8817,0.001194,-87.42258075000002,True
07/24/2026 21:00:00,27.58,30.2525,55675.4311,2787.5,2761.6,21,07/24/2026,WDPEAK,JULY,2026,2026-07-24,21,-2.672500000000003,32.58,-2.327499999999997,normal,normal,0.0,0.0,0.0,0.0,31.8615,0.0,0.0,False
07/24/2026 22:00:00,32.6,31.38,52959.7595,2780.9,2380.6,22,07/24/2026,WDPEAK,JULY,2026,2026-07-24,22,1.2200000000000024,31.2675,0.11250000000000071,normal,normal,0.0,0.0,0.1,0.0,37.5666,0.0,0.0,False
07/24/2026 23:00:00,28.95,30.5475,48759.8116,2736.6,2159.3,23,07/24/2026,OFFPEAK,JULY,2026,2026-07-24,23,-1.5975000000000001,30.6375,-0.08999999999999986,normal,normal,0.0,0.0,0.0,0.0,1.132,0.1493269999,0.0,False
07/25/2026 00:00:00,25.01,27.5625,44838.65,2617.4,1998.0,24,07/24/2026,OFFPEAK,JULY,2026,2026-07-24,24,-2.5524999999999984,27.5825,-0.019999999999999574,normal,normal,0.0,0.0,0.0,0.0,0.0,0.2019599997,0.0,False
07/25/2026 01:00:00,25.98,25.445,40759.2493,2466.4,1614.0,1,07/25/2026,OFFPEAK,JULY,2026,2026-07-25,1,0.5350000000000001,25.445,0.0,normal,normal,0.0,0.0,0.0,0.0,0.0,0.2588379998,0.0,False
07/25/2026 02:00:00,24.17,24.315,38275.1605,2327.8,1457.3,2,07/25/2026,OFFPEAK,JULY,2026,2026-07-25,2,-0.14499999999999957,24.315,0.0,normal,normal,0.0,0.0,0.0,0.0,0.0,0.17195,0.0,False
07/25/2026 03:00:00,23.64,23.5,37344.8406,2146.3,1290.5,3,07/25/2026,OFFPEAK,JULY,2026,2026-07-25,3,0.14000000000000057,23.5,0.0,normal,normal,0.0,0.0,0.0,0.0,0.0,0.1786919999,0.0,False
07/25/2026 04:00:00,24.07,23.2025,36652.5099,1949.6,1111.8,4,07/25/2026,OFFPEAK,JULY,2026,2026-07-25,4,0.8674999999999997,23.195,0.007500000000000284,normal,normal,0.0,0.0,0.0,0.0,0.0,0.2573979999,0.0,False
07/25/2026 05:00:00,23.07,23.1675,36624.5696,1776.4,947.0,5,07/25/2026,OFFPEAK,JULY,2026,2026-07-25,5,-0.09750000000000014,23.115,0.05250000000000199,normal,normal,0.0,0.0,0.0,0.0,0.0,0.3049119998,0.0,False
07/25/2026 06:00:00,23.21,23.295,37020.5909,1620.8,799.3,6,07/25/2026,OFFPEAK,JULY,2026,2026-07-25,6,-0.08500000000000085,23.2875,0.007500000000000284,normal,normal,0.0,0.0,0.0,0.0,0.0,0.2692109999,0.0,False
07/25/2026 07:00:00,22.4,22.7025,37671.5708,1468.4,685.5,7,07/25/2026,WEPEAK,JULY,2026,2026-07-25,7,-0.302500000000002,22.7025,0.0,normal,normal,0.0,0.0,0.0,0.0,0.0,0.2793869998,0.0,False
07/25/2026 08:00:00,20.95,19.5725,35858.3506,1288.8,585.4,8,07/25/2026,WEPEAK,JULY,2026,2026-07-25,8,1.3774999999999977,19.5725,0.0,normal,normal,0.0,0.0,0.0,0.0,0.0,0.2282959998,0.0,False
07/25/2026 09:00:00,17.78,15.05,28064.6508,1166.9,526.3,9,07/25/2026,WEPEAK,JULY,2026,2026-07-25,9,2.7300000000000004,15.1225,-0.07249999999999979,normal,normal,0.0,0.0,0.0,0.0,0.0,48.5673199998,0.0,False
07/25/2026 10:00:00,16.85,13.805,24111.2896,1179.7,666.6,10,07/25/2026,WEPEAK,JULY,2026,2026-07-25,10,3.0450000000000017,12.9325,0.8725000000000005,normal,normal,0.0,0.0,0.0,0.0,0.0,49.65836,0.0,False
07/25/2026 11:00:00,17.51,12.01,25777.4805,1149.8,809.7,11,07/25/2026,WEPEAK,JULY,2026,2026-07-25,11,5.500000000000002,10.1625,1.8475000000000001,normal,normal,0.0,28.7079650002,0.0,50.0,0.0,21.2920349998,-157.89380750110007,True
07/25/2026 12:00:00,19.6,10.545,30062.5413,1038.2,849.3,12,07/25/2026,WEPEAK,JULY,2026,2026-07-25,12,9.055000000000001,5.3125,5.2325,normal,normal,0.0,49.7983250003,0.0,50.0,0.0,0.2016749997,-450.92383287771656,True
07/25/2026 13:00:00,21.45,11.565,34815.6186,935.3,1023.9,13,07/25/2026,WEPEAK,JULY,2026,2026-07-25,13,9.885,11.3675,0.1974999999999998,normal,normal,0.0,49.9420980001,0.0,50.0,0.0,0.0579019999,-493.6776387309885,True
07/25/2026 14:00:00,24.04,10.96,38491.0207,859.3,1357.4,14,07/25/2026,WEPEAK,JULY,2026,2026-07-25,14,13.079999999999998,15.635,-4.674999999999999,normal,normal,0.0,49.9559870002,0.0,50.0,0.0,0.0440129998,-653.4243099626159,True
07/25/2026 15:00:00,23.61,11.9375,40647.39,884.5,1777.9,15,07/25/2026,WEPEAK,JULY,2026,2026-07-25,15,11.6725,20.995,-9.057500000000001,normal,normal,0.0,49.9553170001,0.0,50.0,0.0,0.0446829999,-583.1034376836673,True
07/25/2026 16:00:00,23.59,14.0725,41984.441,1002.8,2166.5,16,07/25/2026,WEPEAK,JULY,2026,2026-07-25,16,9.5175,24.4,-10.327499999999999,normal,normal,0.0,49.9512990001,0.0,50.0,0.0,0.0487009999,-475.41148823345173,True
07/25/2026 17:00:00,23.98,18.1,42090.1588,1198.5,2439.0,17,07/25/2026,WEPEAK,JULY,2026,2026-07-25,17,5.879999999999999,28.3225,-10.2225,normal,normal,0.0,49.9478800001,0.0,50.0,0.0,0.0521199999,-293.69353440058796,True
07/25/2026 18:00:00,25.8,20.8725,42739.0097,1476.4,2521.2,18,07/25/2026,WEPEAK,JULY,2026,2026-07-25,18,4.927500000000002,31.135,-10.262500000000003,normal,normal,0.0,49.9501920002,0.0,50.0,0.0,0.0498079998,-246.12957108098558,True
07/25/2026 19:00:00,30.3,29.0375,45829.61,1819.3,2433.6,19,07/25/2026,WEPEAK,JULY,2026,2026-07-25,19,1.2624999999999993,32.14,-3.102499999999999,normal,normal,0.0,0.0,0.0,0.0,5.8209,0.044197,0.0,False
07/25/2026 20:00:00,34.91,37.785,55907.2393,2185.3,2141.1,20,07/25/2026,WEPEAK,JULY,2026,2026-07-25,20,-2.875,38.955,-1.1700000000000017,normal,normal,0.0,0.0,0.1,0.0,30.0004,0.0,0.0,False
07/25/2026 21:00:00,35.83,34.6775,60317.491,2406.6,1742.4,21,07/25/2026,WEPEAK,JULY,2026,2026-07-25,21,1.1524999999999963,40.43,-5.752499999999998,normal,normal,0.0,0.0,0.1,0.0,29.4424,0.0,0.0,False
07/25/2026 22:00:00,37.17,39.5825,56823.9909,2443.0,1420.2,22,07/25/2026,WEPEAK,JULY,2026,2026-07-25,22,-2.4125000000000014,42.81,-3.227499999999999,normal,normal,0.0,0.0,0.0,0.0,31.2811,0.0,0.0,False
07/25/2026 23:00:00,32.85,32.93,51586.4694,2374.9,1259.8,23,07/25/2026,OFFPEAK,JULY,2026,2026-07-25,23,-0.0799999999999983,33.0975,-0.16749999999999687,normal,normal,0.0,0.0,0.0,0.0,1.0875,0.2246909999,0.0,False
07/26/2026 00:00:00,30.31,25.315,47004.7493,2234.0,1141.5,24,07/25/2026,OFFPEAK,JULY,2026,2026-07-25,24,4.994999999999997,25.34,-0.02499999999999858,normal,normal,0.0,0.0,0.0,0.0,0.0,0.2599529998,0.0,False
07/26/2026 01:00:00,25.84,22.7075,42209.3602,2088.9,1154.4,1,07/26/2026,OFFPEAK,JULY,2026,2026-07-26,1,3.1325000000000003,22.7075,0.0,normal,normal,0.0,0.0,0.0,0.0,0.0,0.2748339999,0.0,False
07/26/2026 02:00:00,24.45,21.6475,39395.3301,1906.8,1041.3,2,07/26/2026,OFFPEAK,JULY,2026,2026-07-26,2,2.8024999999999984,21.6475,0.0,normal,normal,0.0,0.0,0.0,0.0,0.0,0.2646619998,0.0,False
07/26/2026 03:00:00,23.44,21.0925,37973.6203,1664.1,870.7,3,07/26/2026,OFFPEAK,JULY,2026,2026-07-26,3,2.3475,21.0925,0.0,normal,normal,0.0,0.0,0.0,0.0,0.0,0.2738969999,0.0,False
07/26/2026 04:00:00,22.87,21.4725,37319.9604,1447.4,692.2,4,07/26/2026,OFFPEAK,JULY,2026,2026-07-26,4,1.3975000000000009,21.4725,0.0,normal,normal,0.0,0.0,0.0,0.0,0.0,0.2732259999,0.0,False
07/26/2026 05:00:00,22.1,21.0875,37441.91,1266.8,526.1,5,07/26/2026,OFFPEAK,JULY,2026,2026-07-26,5,1.0125000000000028,21.0875,0.0,normal,normal,0.0,0.0,0.0,0.0,0.0,0.2763659998,0.0,False
07/26/2026 06:00:00,21.81,20.9325,37869.4102,1114.2,378.5,6,07/26/2026,OFFPEAK,JULY,2026,2026-07-26,6,0.8774999999999977,20.9325,0.0,normal,normal,0.0,0.0,0.0,0.0,0.0,0.2934399999,0.0,False
07/26/2026 07:00:00,20.95,21.0,38278.3795,984.7,289.4,7,07/26/2026,WEPEAK,JULY,2026,2026-07-26,7,-0.05000000000000071,21.0,0.0,normal,normal,0.0,0.0,0.0,0.0,0.0,0.2733269997,0.0,False
07/26/2026 08:00:00,19.09,18.9925,35785.8394,841.2,220.7,8,07/26/2026,WEPEAK,JULY,2026,2026-07-26,8,0.09750000000000014,18.9925,0.0,normal,normal,0.0,0.0,0.0,0.0,0.0,0.2867969998,0.0,False
07/26/2026 09:00:00,15.88,12.6025,26299.5301,738.3,200.3,9,07/26/2026,WEPEAK,JULY,2026,2026-07-26,9,3.2775000000000016,12.19,0.41249999999999964,normal,normal,0.0,0.0,0.0,0.0,0.0,29.3021139999,0.0,False
07/26/2026 10:00:00,16.02,14.8025,22184.7107,722.5,312.1,10,07/26/2026,WEPEAK,JULY,2026,2026-07-26,10,1.2174999999999994,10.785,4.0175,normal,normal,0.0,0.0,0.0,0.0,0.0,30.4686929999,0.0,False
07/26/2026 11:00:00,17.31,16.41,24171.0998,710.1,459.0,11,07/26/2026,WEPEAK,JULY,2026,2026-07-26,11,0.8999999999999986,13.88,2.5299999999999994,normal,normal,0.0,19.5782370001,0.0,50.0,0.0,30.4217629999,-17.62041330008997,True
07/26/2026 12:00:00,19.66,20.0025,28614.0006,700.3,607.7,12,07/26/2026,WEPEAK,JULY,2026,2026-07-26,12,-0.34250000000000114,16.6075,3.3949999999999996,normal,normal,0.0,45.387257,0.0,50.0,0.0,4.612743,15.54513552250005,True
07/26/2026 13:00:00,23.0,22.3825,33097.6094,713.4,863.3,13,07/26/2026,WEPEAK,JULY,2026,2026-07-26,13,0.6174999999999997,19.825,2.557500000000001,normal,normal,0.0,49.9407540001,0.0,50.0,0.0,0.0592459999,-30.838415595061736,True
07/26/2026 14:00:00,25.36,22.0775,36647.3789,766.5,1279.9,14,07/26/2026,WEPEAK,JULY,2026,2026-07-26,14,3.282499999999999,21.725,0.35249999999999915,normal,normal,0.0,0.0,0.0,0.0,0.0,0.055987,0.0,False
07/26/2026 15:00:00,25.01,18.07,38055.9784,870.3,1809.4,15,07/26/2026,WEPEAK,JULY,2026,2026-07-26,15,6.940000000000001,22.1725,-4.102499999999999,normal,normal,0.0,0.0,0.0,5.2,0.0,13.4645109998,0.0,False
07/26/2026 16:00:00,25.3,16.3375,38738.9101,1007.2,2279.9,16,07/26/2026,WEPEAK,JULY,2026,2026-07-26,16,8.962500000000002,24.2675,-7.93,normal,normal,0.0,0.0,0.0,0.0,0.0,0.7179059999,0.0,False
07/26/2026 17:00:00,25.0,17.505,38161.8915,1214.9,2597.1,17,07/26/2026,WEPEAK,JULY,2026,2026-07-26,17,7.495000000000001,26.96,-9.455000000000002,normal,normal,0.0,37.4464040003,0.0,37.5,0.0,0.0535959997,-280.66079798224854,True
07/26/2026 18:00:00,25.82,16.2425,38626.7011,1465.6,2761.3,18,07/26/2026,WEPEAK,JULY,2026,2026-07-26,18,9.5775,26.7375,-10.495000000000001,normal,normal,0.0,0.0,0.0,0.0,0.0,0.0641359999,0.0,False
07/26/2026 19:00:00,33.09,16.9125,42084.9492,1732.7,2735.0,19,07/26/2026,WEPEAK,JULY,2026,2026-07-26,19,16.177500000000002,25.9175,-9.004999999999999,normal,normal,50.0,0.0,50.0,0.0,0.0,0.0620109998,808.8750000000001,True
07/26/2026 20:00:00,39.95,30.6375,52970.1802,2029.2,2509.7,20,07/26/2026,WEPEAK,JULY,2026,2026-07-26,20,9.312500000000004,37.79,-7.1525,normal,normal,25.78,0.0,50.0,0.0,24.22,0.011462,240.0762500000001,True
07/26/2026 21:00:00,39.13,27.3025,59163.5288,2277.4,2180.5,21,07/26/2026,WEPEAK,JULY,2026,2026-07-26,21,11.827500000000004,40.0575,-12.754999999999999,normal,normal,18.5356,0.0,50.0,0.0,31.4644,0.002085,219.22980900000007,True
07/26/2026 22:00:00,36.74,27.69,55873.3899,2430.7,1939.0,22,07/26/2026,WEPEAK,JULY,2026,2026-07-26,22,9.05,34.36,-6.669999999999998,normal,normal,0.0,0.0,0.0,0.0,33.7106,0.0,0.0,False
07/26/2026 23:00:00,32.16,26.055,50406.1595,2492.3,1829.8,23,07/26/2026,OFFPEAK,JULY,2026,2026-07-26,23,6.104999999999997,28.0975,-2.0425000000000004,normal,normal,0.0,0.0,0.0,0.0,1.347,0.1913049999,0.0,False
07/27/2026 00:00:00,27.55,23.47,45505.0804,2455.1,1746.1,24,07/26/2026,OFFPEAK,JULY,2026,2026-07-26,24,4.080000000000002,23.505,-0.03500000000000014,normal,normal,0.0,0.0,0.0,0.0,0.0,0.201037,0.0,False
07/27/2026 01:00:00,24.18,20.05,41384.9804,2460.6,1998.2,1,07/27/2026,OFFPEAK,JULY,2026,2026-07-27,1,4.129999999999999,20.05,0.0,normal,normal,0.0,0.0,0.0,0.0,0.0,0.0842479999,0.0,False
07/27/2026 02:00:00,23.13,18.6775,38346.579,2326.9,1947.8,2,07/27/2026,OFFPEAK,JULY,2026,2026-07-27,2,4.452500000000001,18.6775,0.0,normal,normal,50.0,0.0,50.0,0.0,0.0,0.103434,222.62500000000003,True
07/27/2026 03:00:00,22.19,18.08,36503.7409,2184.5,1818.8,3,07/27/2026,OFFPEAK,JULY,2026,2026-07-27,3,4.110000000000003,18.08,0.0,normal,normal,50.0,0.0,50.0,0.0,0.0,0.155677,205.50000000000014,True
07/27/2026 04:00:00,21.98,18.115,35809.2909,2062.4,1608.3,4,07/27/2026,OFFPEAK,JULY,2026,2026-07-27,4,3.865000000000002,18.115,0.0,normal,normal,50.0,0.0,50.0,0.0,0.0,0.1485399998,193.2500000000001,True
07/27/2026 05:00:00,22.09,18.365,36206.6996,1955.1,1424.4,5,07/27/2026,OFFPEAK,JULY,2026,2026-07-27,5,3.7250000000000014,18.365,0.0,normal,normal,50.0,0.0,50.0,0.0,0.0,0.1523849997,186.25000000000006,True
07/27/2026 06:00:00,22.59,21.1025,37795.8605,1858.1,1264.9,6,07/27/2026,OFFPEAK,JULY,2026,2026-07-27,6,1.4875000000000007,21.1025,0.0,normal,normal,0.0,0.0,0.0,0.0,0.0,0.1392439998,0.0,False
07/27/2026 07:00:00,23.1,23.0125,39314.0899,1797.2,1166.0,7,07/27/2026,WDPEAK,JULY,2026,2026-07-27,7,0.08750000000000213,23.0125,0.0,normal,normal,0.0,0.0,0.0,0.0,0.0,0.1052349998,0.0,False
07/27/2026 08:00:00,20.53,20.3275,36702.9499,1726.3,1107.9,8,07/27/2026,WDPEAK,JULY,2026,2026-07-27,8,0.20250000000000057,20.3275,0.0,normal,normal,0.0,0.0,0.0,0.0,0.0,0.0774159998,0.0,False
07/27/2026 09:00:00,16.52,13.5975,26132.329,1699.6,1213.7,9,07/27/2026,WDPEAK,JULY,2026,2026-07-27,9,2.9224999999999994,16.205,-2.607499999999998,normal,normal,0.0,0.0,0.0,0.0,0.0,0.0692869999,0.0,False
07/27/2026 10:00:00,11.13,5.37,21560.4207,1752.8,1564.1,10,07/27/2026,WDPEAK,JULY,2026,2026-07-27,10,5.760000000000001,14.0875,-8.717500000000001,normal,normal,0.0,0.0,0.0,0.0,0.0,46.8513599999,0.0,False
07/27/2026 11:00:00,11.76,5.5575,24013.9885,1742.9,1816.1,11,07/27/2026,WDPEAK,JULY,2026,2026-07-27,11,6.2025,15.105,-9.5475,normal,normal,0.0,0.0,0.0,0.0,0.0,34.4514899999,0.0,False
07/27/2026 12:00:00,13.52,8.9575,29161.2208,1710.1,1931.8,12,07/27/2026,WDPEAK,JULY,2026,2026-07-27,12,4.5625,20.2475,-11.29,normal,normal,0.0,0.0,0.0,0.0,0.1342,1.3864819997,0.0,False
07/27/2026 13:00:00,18.18,11.58,34289.4793,1704.2,2128.5,13,07/27/2026,WDPEAK,JULY,2026,2026-07-27,13,6.6,20.985,-9.405,normal,normal,0.0,0.0,0.0,0.0,0.0,7.6117559997,0.0,False
07/27/2026 14:00:00,23.98,15.9675,38240.1213,1712.3,2431.4,14,07/27/2026,WDPEAK,JULY,2026,2026-07-27,14,8.012500000000001,24.9525,-8.985000000000001,normal,normal,50.0,0.0,50.0,0.0,0.0,0.2015579999,400.62500000000006,True
07/27/2026 15:00:00,23.36,13.045,39782.391,1755.9,2800.4,15,07/27/2026,WDPEAK,JULY,2026,2026-07-27,15,10.315,25.8425,-12.797500000000001,normal,normal,50.0,0.0,50.0,0.0,0.0,6.615598,515.75,True
07/27/2026 16:00:00,24.89,13.92,40328.5614,1858.8,3139.2,16,07/27/2026,WDPEAK,JULY,2026,2026-07-27,16,10.97,36.92,-23.0,normal,normal,50.0,0.0,50.0,0.0,0.0,4.0543459999,548.5,True
07/27/2026 17:00:00,24.32,11.7775,39623.9086,2016.0,3400.7,17,07/27/2026,WDPEAK,JULY,2026,2026-07-27,17,12.5425,31.925,-20.1475,normal,normal,50.0,0.0,50.0,0.0,0.0,0.2657929999,627.125,True
07/27/2026 18:00:00,24.2,10.495,39781.0995,2213.5,3554.3,18,07/27/2026,WDPEAK,JULY,2026,2026-07-27,18,13.705,29.1475,-18.652500000000003,normal,normal,50.0,0.0,50.0,0.0,0.0,1.6314219999,685.25,True
07/27/2026 19:00:00,27.24,14.9375,43699.9186,2441.3,3567.0,19,07/27/2026,WDPEAK,JULY,2026,2026-07-27,19,12.302499999999998,28.39,-13.4525,normal,normal,50.0,0.0,50.0,0.0,0.0,0.1766349999,615.1249999999999,True
07/27/2026 20:00:00,33.18,24.78,56460.6499,2631.0,3421.5,20,07/27/2026,WDPEAK,JULY,2026,2026-07-27,20,8.399999999999999,36.5725,-11.792499999999997,normal,normal,0.0,0.0,0.1,0.0,15.0693,0.034332,0.0,False
07/27/2026 21:00:00,29.37,22.5075,61650.6903,2759.1,3153.8,21,07/27/2026,WDPEAK,JULY,2026,2026-07-27,21,6.862500000000001,36.9,-14.392499999999998,normal,normal,0.0,49.9745450002,0.0,50.0,21.5596,0.0254549998,-342.95031506387255,True
07/27/2026 22:00:00,33.17,19.265,57430.0721,2850.4,2946.8,22,07/27/2026,WDPEAK,JULY,2026,2026-07-27,22,13.905000000000001,33.1975,-13.932499999999997,normal,normal,0.0,0.0,0.1,0.0,3.5356,0.1830779997,0.0,False
07/27/2026 23:00:00,27.44,17.665,51567.9291,2896.6,2849.4,23,07/27/2026,OFFPEAK,JULY,2026,2026-07-27,23,9.775000000000002,27.5275,-9.8625,normal,normal,0.0,29.8447530001,0.0,30.0,0.0,0.1552469999,-291.73246057597754,True
07/28/2026 00:00:00,24.34,21.69,46494.48,2877.9,2746.1,24,07/27/2026,OFFPEAK,JULY,2026,2026-07-27,24,2.6499999999999986,25.645,-3.9549999999999983,normal,normal,0.0,0.0,0.0,0.0,0.0,0.1813069999,0.0,False
07/28/2026 01:00:00,21.84,19.6675,44043.7891,2586.5,2320.4,1,07/28/2026,OFFPEAK,JULY,2026,2026-07-28,1,2.1724999999999994,24.11,-4.442499999999999,normal,normal,0.0,0.0,0.0,0.0,0.0,0.2223539998,0.0,False
07/28/2026 02:00:00,21.55,22.48,41070.6495,2481.5,2153.3,2,07/28/2026,OFFPEAK,JULY,2026,2026-07-28,2,-0.9299999999999997,22.6175,-0.1374999999999993,normal,normal,0.0,0.0,0.0,0.0,0.0,0.2307749999,0.0,False
07/28/2026 03:00:00,21.91,21.4,39475.2997,2328.0,1916.5,3,07/28/2026,OFFPEAK,JULY,2026,2026-07-28,3,0.5100000000000016,21.4,0.0,normal,normal,0.0,0.0,0.0,0.0,0.0,0.2356739999,0.0,False
07/28/2026 04:00:00,21.19,20.5425,39089.7192,2138.6,1626.8,4,07/28/2026,OFFPEAK,JULY,2026,2026-07-28,4,0.6475000000000009,20.5425,0.0,normal,normal,0.0,0.0,0.0,0.0,0.0,0.2546349998,0.0,False
07/28/2026 05:00:00,23.12,20.7425,39867.9514,1962.7,1380.6,5,07/28/2026,OFFPEAK,JULY,2026,2026-07-28,5,2.3775000000000013,20.7425,0.0,normal,normal,50.0,0.0,50.0,0.0,0.0,0.238578,118.87500000000006,True
07/28/2026 06:00:00,24.08,23.7375,41966.4697,1813.2,1224.3,6,07/28/2026,OFFPEAK,JULY,2026,2026-07-28,6,0.3424999999999976,23.7375,0.0,normal,normal,0.0,0.0,0.0,0.0,0.0,0.2339479999,0.0,False
07/28/2026 07:00:00,23.76,26.255,44198.1106,1681.1,1148.8,7,07/28/2026,WDPEAK,JULY,2026,2026-07-28,7,-2.4949999999999974,26.255,0.0,normal,normal,0.0,0.0,0.0,0.0,0.0,0.1432299999,0.0,False
07/28/2026 08:00:00,22.55,24.2525,41646.1892,1524.1,1094.5,8,07/28/2026,WDPEAK,JULY,2026,2026-07-28,8,-1.7025000000000006,24.2525,0.0,normal,normal,0.0,0.0,0.0,0.0,0.0,0.1160359998,0.0,False
07/28/2026 09:00:00,15.68,15.055,30349.6895,1501.9,1377.8,9,07/28/2026,WDPEAK,JULY,2026,2026-07-28,9,0.625,18.545,-3.490000000000002,normal,normal,0.0,0.0,0.0,0.0,0.0,0.1251959998,0.0,False
07/28/2026 10:00:00,10.87,12.3475,25482.9406,1587.5,1946.9,10,07/28/2026,WDPEAK,JULY,2026,2026-07-28,10,-1.477500000000001,19.1425,-6.794999999999998,normal,normal,0.0,0.0,0.0,0.0,0.0,20.9475049998,0.0,False
07/28/2026 11:00:00,10.66,11.4125,27925.8398,1571.4,2258.8,11,07/28/2026,WDPEAK,JULY,2026,2026-07-28,11,-0.7524999999999995,22.385,-10.972500000000002,normal,normal,0.0,0.0,0.0,0.0,0.0,18.8573789998,0.0,False
07/28/2026 12:00:00,12.94,8.29,32637.3392,1560.1,2390.5,12,07/28/2026,WDPEAK,JULY,2026,2026-07-28,12,4.65,21.0225,-12.732500000000002,normal,normal,0.0,0.0,0.0,0.0,0.0,14.2260059999,0.0,False
07/28/2026 13:00:00,15.41,6.1,37414.529,1572.8,2551.7,13,07/28/2026,WDPEAK,JULY,2026,2026-07-28,13,9.31,24.0325,-17.932499999999997,normal,normal,0.0,0.0,0.0,0.0,0.0,0.2553449998,0.0,False
07/28/2026 14:00:00,19.56,10.105,39338.9597,1778.1,3045.2,14,07/28/2026,WDPEAK,JULY,2026,2026-07-28,14,9.454999999999998,25.12,-15.015,normal,normal,0.0,49.9575800002,0.0,50.0,0.0,0.0424199998,-472.3489189018909,True
07/28/2026 15:00:00,21.81,10.4575,40545.2905,1851.7,3376.8,15,07/28/2026,WDPEAK,JULY,2026,2026-07-28,15,11.3525,32.6875,-22.23,normal,normal,0.0,0.0,0.0,0.0,0.0,0.0401939997,0.0,False
07/28/2026 16:00:00,23.65,10.025,40975.2308,1975.3,3649.4,16,07/28/2026,WDPEAK,JULY,2026,2026-07-28,16,13.624999999999998,37.06,-27.035000000000004,normal,normal,0.1,0.0,0.1,0.0,0.0,0.0350219999,1.3624999999999998,False
07/28/2026 17:00:00,23.38,13.64,40457.3613,2145.8,3794.9,17,07/28/2026,WDPEAK,JULY,2026,2026-07-28,17,9.739999999999998,39.7175,-26.0775,normal,normal,0.1,0.0,0.1,0.0,0.0,0.0241639998,0.9739999999999999,False
07/28/2026 18:00:00,24.0,23.83,41164.0304,2355.2,3838.1,18,07/28/2026,WDPEAK,JULY,2026,2026-07-28,18,0.1700000000000017,37.415,-13.585,normal,normal,50.0,0.0,50.0,0.0,0.0,0.0362199999,8.500000000000085,True
07/28/2026 19:00:00,23.55,28.815,45540.5292,2571.6,3778.0,19,07/28/2026,WDPEAK,JULY,2026,2026-07-28,19,-5.265000000000001,41.115,-12.3,normal,normal,0.0,0.0,0.0,0.0,7.7421,0.055791,0.0,False
07/28/2026 20:00:00,31.62,31.525,57761.5917,2726.3,3592.1,20,07/28/2026,WDPEAK,JULY,2026,2026-07-28,20,0.09500000000000242,48.9425,-17.417500000000004,normal,normal,0.0,0.0,0.1,0.0,43.177,0.0009319999,0.0,False
07/28/2026 21:00:00,33.39,33.7675,63918.8395,2811.2,3272.8,21,07/28/2026,WDPEAK,JULY,2026,2026-07-28,21,-0.3774999999999977,51.2875,-17.520000000000003,normal,normal,0.0,0.0,0.1,0.0,38.4069,0.0,0.0,False
07/28/2026 22:00:00,33.96,31.205,60505.98,2864.0,2961.7,22,07/28/2026,WDPEAK,JULY,2026,2026-07-28,22,2.7550000000000026,42.875,-11.670000000000002,normal,normal,0.0,0.0,0.1,0.0,3.5717,0.0,0.0,False
07/28/2026 23:00:00,29.57,32.2275,54823.9089,2883.7,2756.8,23,07/28/2026,OFFPEAK,JULY,2026,2026-07-28,23,-2.657499999999999,34.1375,-1.9100000000000037,normal,normal,0.0,0.0,0.0,0.0,0.0,0.0909299998,0.0,False
07/29/2026 00:00:00,23.44,28.8275,49935.9202,2849.0,2591.5,24,07/28/2026,OFFPEAK,JULY,2026,2026-07-28,24,-5.387499999999999,30.2975,-1.4699999999999989,normal,normal,0.0,0.0,0.0,0.0,0.0,0.1393149998,0.0,False
07/29/2026 01:00:00,19.97,25.515,47694.9703,2746.5,2482.9,1,07/29/2026,OFFPEAK,JULY,2026,2026-07-29,1,-5.545000000000002,26.335,-0.8200000000000003,normal,normal,0.0,0.0,0.0,0.0,0.0,0.1026709999,0.0,False
07/29/2026 02:00:00,20.32,24.0325,44817.3395,2638.1,2323.4,2,07/29/2026,OFFPEAK,JULY,2026,2026-07-29,2,-3.7124999999999986,24.7025,-0.6700000000000017,normal,normal,0.0,0.0,0.0,0.0,0.0,0.0981119997,0.0,False
07/29/2026 03:00:00,21.64,23.985,43179.7691,2509.9,2105.8,3,07/29/2026,OFFPEAK,JULY,2026,2026-07-29,3,-2.344999999999999,23.985,0.0,normal,normal,0.0,0.0,0.0,0.0,0.0,0.095801,0.0,False
07/29/2026 04:00:00,22.06,23.375,42655.2307,2319.1,1855.4,4,07/29/2026,OFFPEAK,JULY,2026,2026-07-29,4,-1.3150000000000013,23.375,0.0,normal,normal,50.0,0.0,50.0,0.0,0.0,0.0630639999,-65.75000000000006,True
07/29/2026 05:00:00,23.67,25.6325,43284.3204,2124.1,1630.2,5,07/29/2026,OFFPEAK,JULY,2026,2026-07-29,5,-1.9624999999999986,25.6325,0.0,normal,normal,50.0,0.0,50.0,0.0,0.0,0.0646269999,-98.12499999999993,True
07/29/2026 06:00:00,26.55,32.8675,45081.8011,1964.4,1451.5,6,07/29/2026,OFFPEAK,JULY,2026,2026-07-29,6,-6.317499999999999,32.8675,0.0,normal,normal,50.0,0.0,50.0,0.0,0.0,0.057066,-315.87499999999994,True
07/29/2026 07:00:00,29.42,35.6175,46907.3205,1831.6,1309.5,7,07/29/2026,WDPEAK,JULY,2026,2026-07-29,7,-6.197499999999998,35.725,-0.1075000000000017,normal,normal,0.0,0.0,0.0,0.0,0.0,0.0666819997,0.0,False
07/29/2026 08:00:00,26.37,31.07,45286.519,1800.9,1256.5,8,07/29/2026,WDPEAK,JULY,2026,2026-07-29,8,-4.699999999999999,31.1075,-0.03750000000000142,normal,normal,0.0,0.0,0.0,0.0,0.0,0.0944899999,0.0,False
07/29/2026 09:00:00,18.72,18.6575,35700.8604,1815.9,1468.4,9,07/29/2026,WDPEAK,JULY,2026,2026-07-29,9,0.0625,21.455,-2.7974999999999994,normal,normal,0.0,0.0,0.0,0.0,0.0,0.0938109999,0.0,False
07/29/2026 10:00:00,14.46,13.4225,31552.0506,1937.7,1874.9,10,07/29/2026,WDPEAK,JULY,2026,2026-07-29,10,1.0375000000000014,20.345,-6.922499999999999,normal,normal,0.0,0.0,0.0,0.0,0.0,0.1279309997,0.0,False
07/29/2026 11:00:00,12.97,11.28,34183.3202,1886.2,2074.5,11,07/29/2026,WDPEAK,JULY,2026,2026-07-29,11,1.6900000000000013,19.75,-8.47,normal,normal,0.0,0.0,0.0,0.0,0.0,27.7091999998,0.0,False
07/29/2026 12:00:00,13.65,8.85,38728.9805,1807.1,2228.1,12,07/29/2026,WDPEAK,JULY,2026,2026-07-29,12,4.800000000000001,21.1625,-12.312500000000002,normal,normal,0.0,0.0,0.0,0.0,0.0,29.322695,0.0,False
07/29/2026 13:00:00,16.87,12.645,43219.9778,1779.8,2452.1,13,07/29/2026,WDPEAK,JULY,2026,2026-07-29,13,4.225000000000001,28.265,-15.620000000000001,normal,normal,0.0,21.1719180003,0.0,50.0,0.0,28.8280819997,-89.45135355126753,True
07/29/2026 14:00:00,18.73,18.2275,46388.4787,1801.0,2737.9,14,07/29/2026,WDPEAK,JULY,2026,2026-07-29,14,0.5025000000000013,26.6625,-8.435000000000002,normal,normal,0.0,30.3695370002,0.0,50.0,0.0,19.6304629998,-15.260692342600539,True
07/29/2026 15:00:00,20.91,23.9575,47334.9993,1857.4,3051.7,15,07/29/2026,WDPEAK,JULY,2026,2026-07-29,15,-3.0474999999999994,31.8725,-7.914999999999999,normal,normal,0.0,49.6560730003,0.0,50.0,0.0,0.3439269997,151.32688246841423,True
07/29/2026 16:00:00,21.51,23.21,47428.9093,1960.1,3290.3,16,07/29/2026,WDPEAK,JULY,2026,2026-07-29,16,-1.6999999999999993,33.2575,-10.0475,normal,normal,0.0,0.0,0.0,0.0,0.0,0.0713359998,0.0,False
07/29/2026 17:00:00,21.36,28.815,46180.4798,2117.3,3596.2,17,07/29/2026,WDPEAK,JULY,2026,2026-07-29,17,-7.455000000000002,39.07,-10.254999999999999,normal,normal,0.0,0.0,0.0,0.0,0.0,0.057886,0.0,False
07/29/2026 18:00:00,23.66,31.6075,46379.6104,2323.3,3661.8,18,07/29/2026,WDPEAK,JULY,2026,2026-07-29,18,-7.947500000000002,39.305,-7.697499999999998,normal,normal,0.1,0.0,0.1,0.0,0.0,0.035802,-0.7947500000000002,False
07/29/2026 19:00:00,26.37,30.07,50167.1987,2526.0,3627.7,19,07/29/2026,WDPEAK,JULY,2026,2026-07-29,19,-3.6999999999999993,44.4975,-14.427500000000002,normal,normal,0.0,0.0,0.0,0.0,0.0,0.0404249999,0.0,False
07/29/2026 20:00:00,31.01,31.07,62218.5209,2661.3,3411.6,20,07/29/2026,WDPEAK,JULY,2026,2026-07-29,20,-0.05999999999999872,48.06,-16.990000000000002,normal,normal,50.0,0.0,50.0,0.0,0.0,0.0396769999,-2.999999999999936,True
07/29/2026 21:00:00,32.17,29.2275,67188.6089,2756.4,3048.5,21,07/29/2026,WDPEAK,JULY,2026,2026-07-29,21,2.9425000000000026,47.4575,-18.230000000000004,normal,normal,8.545200000000001,0.0,50.0,0.0,41.4548,5e-06,25.144251000000025,True
07/29/2026 22:00:00,35.85,28.0225,63384.5998,2812.3,2742.8,22,07/29/2026,WDPEAK,JULY,2026,2026-07-29,22,7.827500000000001,39.08,-11.057499999999997,normal,normal,25.546,0.0,75.0,0.0,49.454,0.0,199.961315,True
07/29/2026 23:00:00,29.2,31.345,57606.4093,2808.1,2564.6,23,07/29/2026,OFFPEAK,JULY,2026,2026-07-29,23,-2.1449999999999996,34.2925,-2.947499999999998,normal,normal,0.0,0.0,0.0,0.0,1.9734,0.066253,0.0,False
07/30/2026 00:00:00,24.14,25.2475,52443.46,2754.2,2393.2,24,07/29/2026,OFFPEAK,JULY,2026,2026-07-29,24,-1.1074999999999982,29.4825,-4.235000000000003,normal,normal,0.0,0.0,0.0,0.0,0.0,0.0625069998,0.0,False
07/30/2026 01:00:00,25.12,23.08,47802.8795,2675.6,2310.0,1,07/30/2026,OFFPEAK,JULY,2026,2026-07-30,1,2.0400000000000027,26.555,-3.4750000000000014,normal,normal,50.0,0.0,50.0,0.0,0.0,0.0755569999,102.00000000000014,True
07/30/2026 02:00:00,23.22,23.2575,44941.5078,2549.0,2079.4,2,07/30/2026,OFFPEAK,JULY,2026,2026-07-30,2,-0.03750000000000142,25.2875,-2.030000000000001,normal,normal,50.0,0.0,50.0,0.0,0.0,0.0870019997,-1.875000000000071,True
07/30/2026 03:00:00,24.02,24.4125,42973.5703,2424.6,1837.3,3,07/30/2026,OFFPEAK,JULY,2026,2026-07-30,3,-0.39250000000000185,24.5975,-0.18499999999999872,normal,normal,50.0,0.0,50.0,0.0,0.0,0.1445059999,-19.625000000000092,True
07/30/2026 04:00:00,23.72,25.1475,42231.1668,2242.9,1577.0,4,07/30/2026,OFFPEAK,JULY,2026,2026-07-30,4,-1.427500000000002,25.1475,0.0,normal,normal,50.0,0.0,50.0,0.0,0.0,0.1299559999,-71.3750000000001,True
07/30/2026 05:00:00,24.59,26.235,42665.8286,2067.8,1338.9,5,07/30/2026,OFFPEAK,JULY,2026,2026-07-30,5,-1.6449999999999996,26.235,0.0,normal,normal,50.0,0.0,50.0,0.0,0.0,0.159727,-82.24999999999997,True
07/30/2026 06:00:00,26.45,30.095,44106.7381,1971.0,1197.5,6,07/30/2026,OFFPEAK,JULY,2026,2026-07-30,6,-3.6449999999999996,30.095,0.0,normal,normal,50.0,0.0,50.0,0.0,0.0,0.0266669998,-182.24999999999997,True
07/30/2026 07:00:00,30.98,30.4375,45908.4741,1921.9,1150.9,7,07/30/2026,WDPEAK,JULY,2026,2026-07-30,7,0.5425000000000004,30.4375,0.0,normal,normal,0.0,0.0,0.0,0.0,0.0,0.042481,0.0,False
07/30/2026 08:00:00,26.66,26.4,43943.8586,1837.6,1121.0,8,07/30/2026,WDPEAK,JULY,2026,2026-07-30,8,0.26000000000000156,26.4,0.0,normal,normal,0.0,0.0,0.0,0.0,0.0,0.0567879997,0.0,False
07/30/2026 09:00:00,18.44,17.6275,33223.7355,1867.6,1339.1,9,07/30/2026,WDPEAK,JULY,2026,2026-07-30,9,0.8125,19.45,-1.822499999999998,normal,normal,0.0,0.0,0.0,0.0,0.0,0.0796209998,0.0,False
07/30/2026 10:00:00,9.94,11.29,27698.1495,1993.0,1757.4,10,07/30/2026,WDPEAK,JULY,2026,2026-07-30,10,-1.3499999999999996,17.45,-6.16,normal,normal,0.0,0.0,0.0,0.0,0.0,44.350483,0.0,False
07/30/2026 11:00:00,10.4,6.0675,28952.4206,1987.8,1986.9,11,07/30/2026,WDPEAK,JULY,2026,2026-07-30,11,4.3325000000000005,15.83,-9.7625,normal,normal,0.0,0.0,0.0,0.0,0.0,49.5697099999,0.0,False
07/30/2026 12:00:00,13.0,4.1375,33709.8756,1949.6,2155.1,12,07/30/2026,WDPEAK,JULY,2026,2026-07-30,12,8.8625,14.78,-10.642499999999998,normal,normal,0.0,0.0,0.0,0.0,0.0,25.1889979999,0.0,False
07/30/2026 13:00:00,16.69,6.84,38562.6347,1939.2,2402.5,13,07/30/2026,WDPEAK,JULY,2026,2026-07-30,13,9.850000000000001,19.3025,-12.462499999999999,normal,normal,0.0,0.0,0.0,0.0,0.0,8.1703129999,0.0,False
07/30/2026 14:00:00,22.45,8.5425,42116.2736,1940.5,2696.0,14,07/30/2026,WDPEAK,JULY,2026,2026-07-30,14,13.907499999999999,19.6325,-11.09,normal,normal,50.0,0.0,50.0,0.0,0.0,4.54905,695.375,True
07/30/2026 15:00:00,22.78,5.4075,44399.9144,1969.8,3015.9,15,07/30/2026,WDPEAK,JULY,2026,2026-07-30,15,17.372500000000002,23.015,-17.6075,normal,normal,50.0,0.0,50.0,0.0,0.0,5.1315829998,868.6250000000001,True
07/30/2026 16:00:00,29.94,6.07,46102.0134,2057.0,3311.3,16,07/30/2026,WDPEAK,JULY,2026,2026-07-30,16,23.87,22.72,-16.65,normal,normal,75.0,0.0,75.0,0.0,0.0,4.615425,1790.25,True
07/30/2026 17:00:00,29.28,10.34,46202.0134,2207.0,3490.4,17,07/30/2026,WDPEAK,JULY,2026,2026-07-30,17,18.94,23.4475,-13.107500000000002,normal,normal,75.0,0.0,75.0,0.0,0.0,0.167823,1420.5,True
07/30/2026 18:00:00,28.53,3.535,46933.8389,2388.0,3541.6,18,07/30/2026,WDPEAK,JULY,2026,2026-07-30,18,24.995,21.9375,-18.4025,normal,normal,50.0,0.0,50.0,0.0,0.0,0.0315329998,1249.75,True
07/30/2026 19:00:00,36.7,12.525,50698.3215,2566.2,3505.6,19,07/30/2026,WDPEAK,JULY,2026,2026-07-30,19,24.175000000000004,31.37,-18.845,normal,normal,50.0,0.0,50.0,0.0,0.0,0.0299629998,1208.7500000000002,True
07/30/2026 20:00:00,50.74,21.19,61921.7535,2683.5,3273.7,20,07/30/2026,WDPEAK,JULY,2026,2026-07-30,20,29.55,47.54,-26.349999999999998,normal,normal,50.0,0.0,50.0,0.0,0.0,0.0288139999,1477.5,True
07/30/2026 21:00:00,41.66,27.83,67450.0062,2763.6,2893.9,21,07/30/2026,WDPEAK,JULY,2026,2026-07-30,21,13.829999999999998,41.345,-13.515,normal,normal,24.2176,0.0,50.0,0.0,25.7824,0.0069399999,334.92940799999997,True
07/30/2026 22:00:00,49.22,25.185,63868.2342,2810.9,2551.5,22,07/30/2026,WDPEAK,JULY,2026,2026-07-30,22,24.035,33.5125,-8.327500000000004,normal,normal,0.0,0.0,0.0,0.0,14.0838,0.025486,0.0,False
07/30/2026 23:00:00,36.77,27.2325,57122.5284,2791.1,2341.7,23,07/30/2026,OFFPEAK,JULY,2026,2026-07-30,23,9.537500000000001,27.08,0.1525000000000034,normal,normal,0.0,0.0,0.0,0.0,34.6753,0.0,0.0,False
07/31/2026 00:00:00,27.5,25.2,51661.2443,2717.5,2168.4,24,07/30/2026,OFFPEAK,JULY,2026,2026-07-30,24,2.3000000000000007,25.2,0.0,normal,normal,0.0,0.0,0.0,0.0,24.5632,0.0255829999,0.0,False
07/31/2026 01:00:00,25.6,24.3975,46925.2686,2547.5,1886.5,1,07/31/2026,OFFPEAK,JULY,2026,2026-07-31,1,1.2025000000000006,24.3975,0.0,scarcity_bearish,scarcity_bearish_rlz,0.0,0.0,0.0,0.0,0.0,0.1284759999,0.0,False
07/31/2026 02:00:00,23.98,22.88,43486.52,2424.7,1740.3,2,07/31/2026,OFFPEAK,JULY,2026,2026-07-31,2,1.1000000000000014,22.88,0.0,scarcity_bearish,scarcity_bearish_rlz,0.0,0.0,0.0,0.0,0.0,0.1197519998,0.0,False
07/31/2026 03:00:00,22.65,22.4475,41317.5414,2280.7,1572.6,3,07/31/2026,OFFPEAK,JULY,2026,2026-07-31,3,0.20249999999999702,22.4475,0.0,scarcity_bearish,scarcity_bearish_rlz,0.0,0.0,0.0,0.0,0.0,0.0815139999,0.0,False
07/31/2026 04:00:00,23.28,22.075,40104.4285,2131.3,1382.4,4,07/31/2026,OFFPEAK,JULY,2026,2026-07-31,4,1.2050000000000018,22.075,0.0,scarcity_bearish,scarcity_bearish_rlz,50.0,0.0,50.0,0.0,0.0,0.090649,60.25000000000009,True
07/31/2026 05:00:00,22.85,21.56,40136.8707,2009.1,1212.4,5,07/31/2026,OFFPEAK,JULY,2026,2026-07-31,5,1.2900000000000027,21.56,0.0,scarcity_bearish,scarcity_bearish_rlz,0.0,0.0,0.0,0.0,0.0,0.0770959999,0.0,False
07/31/2026 06:00:00,24.06,22.03,41037.3096,1916.6,1104.1,6,07/31/2026,OFFPEAK,JULY,2026,2026-07-31,6,2.0299999999999976,22.03,0.0,scarcity_bearish,scarcity_bearish_rlz,0.0,0.0,0.0,0.0,0.0,0.0799359999,0.0,False
07/31/2026 07:00:00,24.9,22.755,42247.1906,1836.0,1058.2,7,07/31/2026,WDPEAK,JULY,2026,2026-07-31,7,2.1449999999999996,22.755,0.0,scarcity_bearish,scarcity_bearish_rlz,0.0,49.926961,0.0,50.0,0.0,0.073039,-107.09333134499998,True
07/31/2026 08:00:00,22.39,20.1025,40245.7196,1694.7,1004.8,8,07/31/2026,WDPEAK,JULY,2026,2026-07-31,8,2.2875000000000014,20.1025,0.0,scarcity_bearish,scarcity_bearish_rlz,0.0,49.9346670002,0.0,50.0,0.0,0.0653329998,-114.22555076295757,True
07/31/2026 09:00:00,16.23,13.65,29915.9202,1633.8,1092.0,9,07/31/2026,WDPEAK,JULY,2026,2026-07-31,9,2.58,17.1725,-3.522499999999999,scarcity_bearish,scarcity_bearish_rlz,0.0,0.0,0.0,0.0,0.0,0.0407679999,0.0,False
07/31/2026 10:00:00,9.85,8.0575,25571.0114,1682.5,1413.3,10,07/31/2026,WDPEAK,JULY,2026,2026-07-31,10,1.7925000000000004,14.7375,-6.6800000000000015,scarcity_bearish,scarcity_bearish_rlz,0.0,0.0,0.0,0.0,0.0,48.7107699999,0.0,False
07/31/2026 11:00:00,9.3,7.3625,29205.5019,1620.1,1658.5,11,07/31/2026,WDPEAK,JULY,2026,2026-07-31,11,1.9375000000000009,13.28,-5.9174999999999995,scarcity_bearish,scarcity_bearish_rlz,0.0,5.855322000000001,0.0,50.0,0.0,44.144678,-11.344686375000007,True
07/31/2026 12:00:00,10.41,3.1375,35152.8102,1506.8,1779.9,12,07/31/2026,WDPEAK,JULY,2026,2026-07-31,12,7.2725,15.095,-11.9575,scarcity_bearish,scarcity_bearish_rlz,0.0,0.0,0.0,0.0,0.0,13.9464319998,0.0,False
07/31/2026 13:00:00,13.93,4.2225,40732.2906,1441.9,2001.0,13,07/31/2026,WDPEAK,JULY,2026,2026-07-31,13,9.7075,21.2725,-17.05,scarcity_bearish,scarcity_bearish_rlz,0.1,0.0,0.1,0.0,0.0,3.7965699997,0.97075,False
07/31/2026 14:00:00,19.17,10.8725,45033.7293,1400.3,2315.7,14,07/31/2026,WDPEAK,JULY,2026,2026-07-31,14,8.297500000000001,22.58,-11.707499999999998,scarcity_bearish,scarcity_bearish_rlz,0.0,0.0,0.0,0.0,0.0,2.6112209998,0.0,False
07/31/2026 15:00:00,23.69,14.8525,46817.681,1387.6,2691.1,15,07/31/2026,WDPEAK,JULY,2026,2026-07-31,15,8.837500000000002,27.5675,-12.715,scarcity_bearish,scarcity_bearish_rlz,0.0,0.0,0.0,0.0,0.0,0.0953689998,0.0,False
07/31/2026 16:00:00,28.66,14.1875,47286.7385,1466.2,3027.4,16,07/31/2026,WDPEAK,JULY,2026,2026-07-31,16,14.4725,35.2925,-21.104999999999997,scarcity_bearish,scarcity_bearish_rlz,0.0,0.0,0.0,0.0,0.0,0.031817,0.0,False
07/31/2026 17:00:00,27.07,19.8975,46966.6504,1634.7,3224.4,17,07/31/2026,WDPEAK,JULY,2026,2026-07-31,17,7.172499999999999,42.58,-22.682499999999997,scarcity_bearish,scarcity_bearish_rlz,0.0,0.0,0.0,0.0,0.0,0.0317859999,0.0,False
07/31/2026 18:00:00,24.04,21.1575,47571.9915,1844.1,3367.9,18,07/31/2026,WDPEAK,JULY,2026,2026-07-31,18,2.8825000000000003,39.635,-18.4775,scarcity_bearish,scarcity_bearish_rlz,0.0,49.9729110002,0.0,50.0,0.0,0.0270889998,-144.0469159580765,True
07/31/2026 19:00:00,28.98,17.4425,52068.5117,2158.9,3322.6,19,07/31/2026,WDPEAK,JULY,2026,2026-07-31,19,11.537500000000001,42.9075,-25.465,scarcity_bearish,scarcity_bearish_rlz,0.0,49.9688640002,0.0,50.0,0.0,0.0311359998,-576.5157684023076,True
07/31/2026 20:00:00,33.29,29.1675,64866.0991,2421.6,3149.2,20,07/31/2026,WDPEAK,JULY,2026,2026-07-31,20,4.122499999999999,60.985,-31.8175,scarcity_bearish,scarcity_bearish_rlz,0.0,49.9957850001,0.0,50.0,14.8904,0.0042149999,-206.10762366291218,True
07/31/2026 21:00:00,31.42,41.93,69794.9901,2569.4,2768.4,21,07/31/2026,WDPEAK,JULY,2026,2026-07-31,21,-10.509999999999998,58.42,-16.490000000000002,scarcity_bearish,scarcity_bearish_rlz,0.0,50.0,0.0,50.0,29.9997,0.0,525.4999999999999,True
07/31/2026 22:00:00,46.04,34.72,66444.5691,2652.9,2422.8,22,07/31/2026,WDPEAK,JULY,2026,2026-07-31,22,11.32,40.0825,-5.362500000000004,scarcity_bearish,scarcity_bearish_rlz,0.0,50.0,0.0,50.0,41.5837,0.0,-566.0,True
07/31/2026 23:00:00,50.4,35.945,61362.5995,2634.0,2209.1,23,07/31/2026,OFFPEAK,JULY,2026,2026-07-31,23,14.454999999999998,37.805,-1.8599999999999994,scarcity_bearish,scarcity_bearish_rlz,0.0,50.0,0.0,50.0,33.4016,0.0,-722.7499999999999,True
08/01/2026 00:00:00,34.37,32.235,56939.3787,2532.2,1993.9,24,07/31/2026,OFFPEAK,JULY,2026,2026-07-31,24,2.134999999999998,32.53,-0.2950000000000017,scarcity_bearish,scarcity_bearish_rlz,0.0,0.0,0.0,0.0,0.1643,0.1322439999,0.0,False
08/01/2026 01:00:00,30.17,32.07,54542.2694,2163.6,1477.3,1,08/01/2026,OFFPEAK,AUGUST,2026,2026-08-01,1,-1.8999999999999986,31.5675,0.5025000000000013,scarcity_lambda,scarcity_lambda_rlz,0.0,0.0,0.0,0.0,0.0,0.0941509998,0.0,False
08/01/2026 02:00:00,31.72,27.845,51866.0196,1964.6,1302.4,2,08/01/2026,OFFPEAK,AUGUST,2026,2026-08-01,2,3.875,26.7525,1.0924999999999976,scarcity_lambda,scarcity_lambda_rlz,0.0,0.0,0.0,0.0,0.0,0.112364,0.0,False
08/01/2026 03:00:00,30.75,27.0975,49970.6814,1720.3,1103.9,3,08/01/2026,OFFPEAK,AUGUST,2026,2026-08-01,3,3.6525,26.1575,0.9400000000000013,scarcity_lambda,scarcity_lambda_rlz,0.0,0.0,0.0,0.0,0.0,0.0876659998,0.0,False
08/01/2026 04:00:00,31.19,27.6225,49324.4902,1506.5,882.4,4,08/01/2026,OFFPEAK,AUGUST,2026,2026-08-01,4,3.5675000000000026,27.565,0.05749999999999744,scarcity_lambda,scarcity_lambda_rlz,0.0,0.0,0.0,0.0,0.0,0.0570969999,0.0,False
08/01/2026 05:00:00,31.28,32.01,48853.9713,1357.7,714.9,5,08/01/2026,OFFPEAK,AUGUST,2026,2026-08-01,5,-0.7299999999999969,30.4,1.6099999999999994,scarcity_lambda,scarcity_lambda_rlz,0.0,0.0,0.0,0.0,0.0,0.058136,0.0,False
08/01/2026 06:00:00,30.74,31.81,49028.7597,1208.7,604.9,6,08/01/2026,OFFPEAK,AUGUST,2026,2026-08-01,6,-1.0700000000000003,27.88,3.9299999999999997,scarcity_lambda,scarcity_lambda_rlz,0.0,0.0,0.0,0.0,0.0,0.0533989998,0.0,False
08/01/2026 07:00:00,30.81,34.6575,48278.9804,1207.7,760.0,7,08/01/2026,WEPEAK,AUGUST,2026,2026-08-01,7,-3.8475,28.43,6.227499999999999,scarcity_lambda,scarcity_lambda_rlz,0.0,0.0,0.0,0.0,0.0,0.0734889999,0.0,False
08/01/2026 08:00:00,28.19,33.61,45670.7108,1017.4,688.3,8,08/01/2026,WEPEAK,AUGUST,2026,2026-08-01,8,-5.419999999999998,26.23,7.379999999999999,scarcity_lambda,scarcity_lambda_rlz,0.0,0.0,0.0,0.0,0.0,0.056291,0.0,False
08/01/2026 09:00:00,22.01,23.3875,38190.6691,851.4,745.5,9,08/01/2026,WEPEAK,AUGUST,2026,2026-08-01,9,-1.3774999999999977,19.97,3.4175000000000004,scarcity_lambda,scarcity_lambda_rlz,0.0,0.0,0.0,0.0,0.0,38.9023599998,0.0,False
08/01/2026 10:00:00,20.48,24.43,34978.6405,729.8,936.5,10,08/01/2026,WEPEAK,AUGUST,2026,2026-08-01,10,-3.9499999999999993,21.255,3.1750000000000007,scarcity_lambda,scarcity_lambda_rlz,0.0,0.0,0.0,0.0,0.0,54.9487649999,0.0,False
08/01/2026 11:00:00,19.88,23.565,35978.1083,572.7,959.2,11,08/01/2026,WEPEAK,AUGUST,2026,2026-08-01,11,-3.6850000000000023,22.1825,1.3825000000000003,scarcity_lambda,scarcity_lambda_rlz,0.0,15.625559000099997,0.0,50.0,0.0,34.3744409999,57.58018491536853,True
08/01/2026 12:00:00,20.62,23.9425,39695.8401,459.5,877.1,12,08/01/2026,WEPEAK,AUGUST,2026,2026-08-01,12,-3.322499999999998,23.27,0.6724999999999994,scarcity_lambda,scarcity_lambda_rlz,0.0,44.5602910003,0.0,50.0,0.0,5.4397089997,148.05156684849666,True
08/01/2026 13:00:00,27.62,20.7625,43677.579,379.6,849.1,13,08/01/2026,WEPEAK,AUGUST,2026,2026-08-01,13,6.857500000000002,22.095,-1.3324999999999996,scarcity_lambda,scarcity_lambda_rlz,0.1,0.0,0.1,0.0,0.0,5.0728979999,0.6857500000000002,False
08/01/2026 14:00:00,32.38,19.475,46884.4311,311.7,943.1,14,08/01/2026,WEPEAK,AUGUST,2026,2026-08-01,14,12.905000000000001,21.3475,-1.8724999999999987,scarcity_lambda,scarcity_lambda_rlz,0.1,0.0,0.1,0.0,0.0,2.590298,1.2905000000000002,False
08/01/2026 15:00:00,37.83,22.89,49502.5588,282.3,1269.8,15,08/01/2026,WEPEAK,AUGUST,2026,2026-08-01,15,14.939999999999998,24.155,-1.2650000000000006,scarcity_lambda,scarcity_lambda_rlz,50.0,0.0,50.0,0.0,0.0,0.131493,746.9999999999999,True
08/01/2026 16:00:00,41.83,24.85,51247.8494,324.2,1695.6,16,08/01/2026,WEPEAK,AUGUST,2026,2026-08-01,16,16.979999999999997,24.66,0.19000000000000128,scarcity_lambda,scarcity_lambda_rlz,50.0,0.0,50.0,0.0,0.0,0.04628,848.9999999999999,True
08/01/2026 17:00:00,45.17,25.31,52087.2688,447.1,2081.0,17,08/01/2026,WEPEAK,AUGUST,2026,2026-08-01,17,19.860000000000003,24.795,0.514999999999997,scarcity_lambda,scarcity_lambda_rlz,50.0,0.0,50.0,0.0,0.0,0.0532919998,993.0000000000001,True
08/01/2026 18:00:00,45.47,26.2575,52799.999,606.7,2479.2,18,08/01/2026,WEPEAK,AUGUST,2026,2026-08-01,18,19.2125,25.345,0.9125000000000014,scarcity_lambda,scarcity_lambda_rlz,50.0,0.0,50.0,0.0,0.0,0.0457149998,960.6249999999999,True
08/01/2026 19:00:00,48.27,40.0225,56136.1312,830.8,2738.4,19,08/01/2026,WEPEAK,AUGUST,2026,2026-08-01,19,8.247500000000002,35.4025,4.619999999999997,scarcity_lambda,scarcity_lambda_rlz,0.0,0.0,0.0,0.0,26.7318,0.0004209999,0.0,False
08/01/2026 20:00:00,57.81,46.775,64323.0603,1178.2,2681.9,20,08/01/2026,WEPEAK,AUGUST,2026,2026-08-01,20,11.035000000000004,46.955,-0.17999999999999972,scarcity_lambda,scarcity_lambda_rlz,0.0,0.0,0.1,0.0,33.6914,8e-05,0.0,False
08/01/2026 21:00:00,46.01,52.92,69431.3794,1644.4,2463.3,21,08/01/2026,WEPEAK,AUGUST,2026,2026-08-01,21,-6.910000000000004,54.74,-1.8200000000000003,scarcity_lambda,scarcity_lambda_rlz,0.0,0.0,0.0,0.0,35.1718,0.0,0.0,False
08/01/2026 22:00:00,46.68,41.83,66962.2801,2058.8,2254.6,22,08/01/2026,WEPEAK,AUGUST,2026,2026-08-01,22,4.850000000000001,42.3375,-0.5075000000000003,scarcity_lambda,scarcity_lambda_rlz,0.0,0.0,0.0,0.0,1.0938,0.0480259999,0.0,False
08/01/2026 23:00:00,60.59,40.77,63516.7092,2178.3,2087.2,23,08/01/2026,OFFPEAK,AUGUST,2026,2026-08-01,23,19.82,37.9125,2.8575000000000017,scarcity_lambda,scarcity_lambda_rlz,0.0,0.0,0.0,0.0,12.5462,0.0186129999,0.0,False
08/02/2026 00:00:00,43.32,41.69,60466.6788,2066.0,1963.1,24,08/01/2026,OFFPEAK,AUGUST,2026,2026-08-01,24,1.6300000000000026,36.53,5.159999999999997,scarcity_lambda,scarcity_lambda_rlz,0.0,0.0,0.0,0.0,11.1061,0.0115679997,0.0,False
08/02/2026 01:00:00,40.9,42.655,58564.8208,1753.2,1800.0,1,08/02/2026,OFFPEAK,AUGUST,2026,2026-08-02,1,-1.7550000000000026,37.0025,5.652500000000003,scarcity_lambda,scarcity_lambda_rlz,0.0,0.0,0.0,0.0,0.0,0.0419979998,0.0,False
08/02/2026 02:00:00,39.73,40.025,56621.1091,1526.4,1629.1,2,08/02/2026,OFFPEAK,AUGUST,2026,2026-08-02,2,-0.2950000000000017,34.005,6.019999999999996,scarcity_lambda,scarcity_lambda_rlz,0.0,0.0,0.0,0.0,0.0,0.0516279999,0.0,False
08/02/2026 03:00:00,37.93,37.8225,55277.1408,1269.0,1421.1,3,08/02/2026,OFFPEAK,AUGUST,2026,2026-08-02,3,0.1075000000000017,31.8275,5.994999999999997,scarcity_lambda,scarcity_lambda_rlz,0.0,0.0,0.0,0.0,0.0,0.0656029999,0.0,False
08/02/2026 04:00:00,36.64,36.3725,54341.7593,1034.2,1167.6,4,08/02/2026,OFFPEAK,AUGUST,2026,2026-08-02,4,0.2674999999999983,29.9275,6.445000000000004,scarcity_lambda,scarcity_lambda_rlz,0.0,0.0,0.0,0.0,0.0,0.060483,0.0,False
08/02/2026 05:00:00,35.27,37.55,53668.1999,841.2,952.7,5,08/02/2026,OFFPEAK,AUGUST,2026,2026-08-02,5,-2.279999999999994,30.5175,7.032499999999999,scarcity_lambda,scarcity_lambda_rlz,0.0,0.0,0.0,0.0,0.0,0.0471699998,0.0,False
08/02/2026 06:00:00,34.71,38.22,53178.5798,670.8,792.3,6,08/02/2026,OFFPEAK,AUGUST,2026,2026-08-02,6,-3.509999999999998,30.2175,8.002499999999998,scarcity_lambda,scarcity_lambda_rlz,0.0,0.0,0.0,0.0,0.0,0.057961,0.0,False
08/02/2026 07:00:00,35.44,32.335,53251.6498,512.1,648.9,7,08/02/2026,WEPEAK,AUGUST,2026,2026-08-02,7,3.104999999999997,27.6775,4.657500000000002,scarcity_lambda,scarcity_lambda_rlz,0.0,0.0,0.0,0.0,0.0,0.0526799998,0.0,False
08/02/2026 08:00:00,28.9,31.6275,49027.6404,359.9,498.1,8,08/02/2026,WEPEAK,AUGUST,2026,2026-08-02,8,-2.7275000000000027,26.24,5.387500000000003,scarcity_lambda,scarcity_lambda_rlz,0.0,0.0,0.0,0.0,0.0,0.088923,0.0,False
08/02/2026 09:00:00,19.02,21.2075,37555.6304,217.1,435.0,9,08/02/2026,WEPEAK,AUGUST,2026,2026-08-02,9,-2.1875,18.8925,2.3150000000000013,scarcity_lambda,scarcity_lambda_rlz,0.0,1.4163100000000028,0.0,50.0,0.0,48.58369,3.0981781250000062,True
08/02/2026 10:00:00,19.0,22.8425,32630.7612,126.1,427.6,10,08/02/2026,WEPEAK,AUGUST,2026,2026-08-02,10,-3.842500000000001,17.78,5.0625,scarcity_lambda,scarcity_lambda_rlz,0.0,0.20692999999999984,0.0,50.0,0.0,49.79307,0.7951285249999996,False
08/02/2026 11:00:00,20.95,23.905,34406.1002,84.2,341.5,11,08/02/2026,WEPEAK,AUGUST,2026,2026-08-02,11,-2.955000000000002,19.0975,4.807500000000001,scarcity_lambda,scarcity_lambda_rlz,0.0,21.924955,0.0,50.0,0.0,28.075045,64.78824202500005,True
08/02/2026 12:00:00,25.08,22.0075,38261.221,54.3,240.8,12,08/02/2026,WEPEAK,AUGUST,2026,2026-08-02,12,3.072499999999998,17.1525,4.855,scarcity_lambda,scarcity_lambda_rlz,0.0,48.3396720001,0.0,50.0,0.0,1.6603279999,-148.52364222030715,True
08/02/2026 13:00:00,28.94,21.73,42667.9399,49.9,203.7,13,08/02/2026,WEPEAK,AUGUST,2026,2026-08-02,13,7.210000000000001,18.8525,2.8775000000000013,scarcity_lambda,scarcity_lambda_rlz,0.0,0.0,0.0,0.0,0.0,0.0308669998,0.0,False
08/02/2026 14:00:00,39.63,25.8675,46428.4507,69.9,292.1,14,08/02/2026,WEPEAK,AUGUST,2026,2026-08-02,14,13.762500000000003,21.2625,4.605,scarcity_lambda,scarcity_lambda_rlz,0.0,0.0,0.0,0.0,0.0,0.0640809999,0.0,False
08/02/2026 15:00:00,46.96,28.965,49299.0602,114.1,608.3,15,08/02/2026,WEPEAK,AUGUST,2026,2026-08-02,15,17.995,22.2175,6.747499999999999,scarcity_lambda,scarcity_lambda_rlz,0.0,0.0,0.0,0.0,0.0,0.076161,0.0,False
08/02/2026 16:00:00,51.17,26.86,51377.741,195.3,1020.0,16,08/02/2026,WEPEAK,AUGUST,2026,2026-08-02,16,24.310000000000002,21.9775,4.8825,scarcity_lambda,scarcity_lambda_rlz,0.0,0.0,0.0,0.0,0.0,0.091428,0.0,False
08/02/2026 17:00:00,56.51,26.4125,52298.1999,359.1,1416.3,17,08/02/2026,WEPEAK,AUGUST,2026,2026-08-02,17,30.097499999999997,23.805,2.6075000000000017,scarcity_lambda,scarcity_lambda_rlz,0.0,0.0,0.0,0.0,0.0,0.0335229997,0.0,False
08/02/2026 18:00:00,54.94,30.2425,53209.6791,598.4,1824.5,18,08/02/2026,WEPEAK,AUGUST,2026,2026-08-02,18,24.697499999999998,28.1325,2.1099999999999994,scarcity_lambda,scarcity_lambda_rlz,0.0,0.0,0.0,0.0,1.4223,0.0298469999,0.0,False
08/02/2026 19:00:00,63.92,42.025,56875.159,789.9,2017.3,19,08/02/2026,WEPEAK,AUGUST,2026,2026-08-02,19,21.895000000000003,43.505,-1.480000000000004,scarcity_lambda,scarcity_lambda_rlz,0.0,0.0,0.0,0.0,17.3551,0.0125049999,0.0,False
08/02/2026 20:00:00,78.99,48.145,68081.0098,1035.0,1962.4,20,08/02/2026,WEPEAK,AUGUST,2026,2026-08-02,20,30.84499999999999,50.31,-2.164999999999999,scarcity_lambda,scarcity_lambda_rlz,0.0,49.9995060001,0.0,50.0,23.0256,0.0004939999,-1542.234762573084,True
08/02/2026 21:00:00,76.08,36.4025,72470.7111,1364.7,1810.5,21,08/02/2026,WEPEAK,AUGUST,2026,2026-08-02,21,39.677499999999995,39.725,-3.322499999999998,scarcity_lambda,scarcity_lambda_rlz,0.0,49.999387,0.0,50.0,27.4506,0.000613,-1983.8506776924996,True
08/02/2026 22:00:00,60.08,35.6,67408.8191,1602.7,1632.0,22,08/02/2026,WEPEAK,AUGUST,2026,2026-08-02,22,24.479999999999997,34.6825,0.917500000000004,scarcity_lambda,scarcity_lambda_rlz,0.0,0.0,0.0,0.0,28.7886,8.7e-05,0.0,False
08/02/2026 23:00:00,43.38,29.3875,60185.9319,1721.0,1529.5,23,08/02/2026,OFFPEAK,AUGUST,2026,2026-08-02,23,13.992500000000003,29.1725,0.21499999999999986,scarcity_lambda,scarcity_lambda_rlz,0.0,49.9412770001,0.0,50.0,1.1883,0.0587229999,-698.8033184238994,True
08/03/2026 00:00:00,33.39,24.8175,53897.9893,1661.9,1434.4,24,08/02/2026,OFFPEAK,AUGUST,2026,2026-08-02,24,8.572500000000002,24.7025,0.11499999999999844,scarcity_lambda,scarcity_lambda_rlz,0.0,49.9419040002,0.0,50.0,0.0,0.0580959998,-428.12697204171457,True
08/03/2026 01:00:00,26.05,22.3,47440.3301,1172.9,996.4,1,08/03/2026,OFFPEAK,AUGUST,2026,2026-08-03,1,3.75,22.3,0.0,normal,normal,29.9716,0.0,30.0,0.0,0.0284,0.0438189998,112.39349999999999,True
08/03/2026 02:00:00,22.88,20.85,44022.6397,1122.0,907.1,2,08/03/2026,OFFPEAK,AUGUST,2026,2026-08-03,2,2.0299999999999976,20.85,0.0,normal,normal,0.0,0.0,0.0,0.0,0.0,0.0504119999,0.0,False
08/03/2026 03:00:00,21.8,22.245,41966.6097,1009.2,800.2,3,08/03/2026,OFFPEAK,AUGUST,2026,2026-08-03,3,-0.4450000000000003,21.97,0.27500000000000213,normal,normal,0.0,0.0,0.0,0.0,0.0,0.048506,0.0,False
08/03/2026 04:00:00,21.19,21.805,41186.6999,900.7,697.5,4,08/03/2026,OFFPEAK,AUGUST,2026,2026-08-03,4,-0.6149999999999984,21.7375,0.067499999999999,normal,normal,0.0,0.0,0.0,0.0,0.0,0.0497859999,0.0,False
08/03/2026 05:00:00,21.12,23.4225,41627.8205,811.9,614.3,5,08/03/2026,OFFPEAK,AUGUST,2026,2026-08-03,5,-2.3024999999999984,23.2675,0.15500000000000114,normal,normal,0.0,0.0,0.0,0.0,0.0,0.040342,0.0,False
08/03/2026 06:00:00,24.34,25.585,43732.7005,730.6,547.7,6,08/03/2026,OFFPEAK,AUGUST,2026,2026-08-03,6,-1.245000000000001,24.8125,0.7725000000000009,normal,normal,0.0,0.0,0.0,0.0,0.0,0.0480549999,0.0,False
08/03/2026 07:00:00,22.79,26.095,46409.1898,640.3,502.6,7,08/03/2026,WDPEAK,AUGUST,2026,2026-08-03,7,-3.3049999999999997,25.325,0.7699999999999996,normal,normal,0.0,0.0,0.0,0.0,0.0,0.0552749999,0.0,False
08/03/2026 08:00:00,20.24,20.9975,42911.8693,541.6,442.0,8,08/03/2026,WDPEAK,AUGUST,2026,2026-08-03,8,-0.7575000000000003,20.975,0.0224999999999973,normal,normal,0.0,0.0,0.0,0.0,0.0,0.06937,0.0,False
08/03/2026 09:00:00,15.79,16.2975,30844.6205,419.5,437.9,9,08/03/2026,WDPEAK,AUGUST,2026,2026-08-03,9,-0.5075000000000003,15.5,0.7974999999999994,normal,normal,0.0,0.0,0.0,0.0,0.0,48.4212999998,0.0,False
08/03/2026 10:00:00,15.66,18.465,26465.4698,334.3,533.6,10,08/03/2026,WDPEAK,AUGUST,2026,2026-08-03,10,-2.8049999999999997,16.4975,1.9675000000000011,normal,normal,0.0,0.0,0.0,0.0,0.0,42.4197979999,0.0,False
08/03/2026 11:00:00,16.28,19.47,29085.2484,317.6,583.0,11,08/03/2026,WDPEAK,AUGUST,2026,2026-08-03,11,-3.1899999999999977,15.72,3.7499999999999982,normal,normal,0.0,0.0,0.0,0.0,0.0,11.0048439999,0.0,False
08/03/2026 12:00:00,18.59,18.555,33490.1998,331.3,622.8,12,08/03/2026,WDPEAK,AUGUST,2026,2026-08-03,12,0.03500000000000014,15.59,2.965,normal,normal,0.0,0.0,0.0,0.0,0.0,7.4861999998,0.0,False
08/03/2026 13:00:00,22.26,23.335,38958.4003,375.2,792.5,13,08/03/2026,WDPEAK,AUGUST,2026,2026-08-03,13,-1.0749999999999993,19.885,3.4499999999999993,normal,normal,30.0,0.0,30.0,0.0,0.0,3.2092539998,-32.24999999999998,True
08/03/2026 14:00:00,26.81,20.86,43364.4591,455.5,1135.7,14,08/03/2026,WDPEAK,AUGUST,2026,2026-08-03,14,5.949999999999999,23.745,-2.8850000000000016,normal,normal,50.0,0.0,50.0,0.0,0.0,0.8995659999,297.49999999999994,True
08/03/2026 15:00:00,27.62,19.5675,45194.7695,564.9,1648.6,15,08/03/2026,WDPEAK,AUGUST,2026,2026-08-03,15,8.052500000000002,21.54,-1.9725000000000001,normal,normal,0.0,0.0,0.0,0.0,0.0,1.9532939997,0.0,False
08/03/2026 16:00:00,26.11,21.72,45687.5812,701.6,2172.9,16,08/03/2026,WDPEAK,AUGUST,2026,2026-08-03,16,4.390000000000001,19.735,1.9849999999999994,normal,normal,0.0,0.0,0.0,0.0,0.0,0.1219599999,0.0,False
08/03/2026 17:00:00,27.04,23.08,45094.9693,891.8,2605.1,17,08/03/2026,WDPEAK,AUGUST,2026,2026-08-03,17,3.960000000000001,19.36,3.719999999999999,normal,normal,0.0,0.0,0.0,0.0,0.0,2.0072109999,0.0,False
08/03/2026 18:00:00,25.36,23.545,44870.168,1141.8,2905.1,18,08/03/2026,WDPEAK,AUGUST,2026,2026-08-03,18,1.8149999999999977,19.155,4.390000000000001,normal,normal,0.0,0.0,0.0,0.0,0.7269,0.1224449998,0.0,False
08/03/2026 19:00:00,31.28,29.26,47957.0405,1500.3,3066.6,19,08/03/2026,WDPEAK,AUGUST,2026,2026-08-03,19,2.0199999999999996,24.8025,4.457500000000003,normal,normal,0.0,0.0,0.0,0.0,25.5615,0.0001739999,0.0,False
08/03/2026 20:00:00,42.98,34.79,59081.1801,1936.0,2965.4,20,08/03/2026,WDPEAK,AUGUST,2026,2026-08-03,20,8.189999999999998,32.9325,1.8575000000000017,normal,normal,0.0,0.0,0.0,0.0,33.7055,0.0,0.0,False
08/03/2026 21:00:00,40.37,32.6025,63509.1489,2308.2,2677.0,21,08/03/2026,WDPEAK,AUGUST,2026,2026-08-03,21,7.767499999999998,32.56,0.042499999999996874,normal,normal,0.0,0.0,0.0,0.0,32.2878,0.0,0.0,False
08/03/2026 22:00:00,33.82,27.99,58147.1813,2534.8,2375.7,22,08/03/2026,WDPEAK,AUGUST,2026,2026-08-03,22,5.830000000000002,27.9925,-0.002500000000001279,normal,normal,0.0,0.0,0.0,0.0,13.1817,0.000804,0.0,False
08/03/2026 23:00:00,30.73,23.105,51551.2295,2589.7,2182.1,23,08/03/2026,OFFPEAK,AUGUST,2026,2026-08-03,23,7.625,22.1225,0.9825000000000017,normal,normal,0.0,0.0,0.0,0.0,0.0,0.0685239999,0.0,False
08/04/2026 00:00:00,26.1,21.93,46042.3822,2523.1,2027.3,24,08/03/2026,OFFPEAK,AUGUST,2026,2026-08-03,24,4.170000000000002,18.8275,3.102499999999999,normal,normal,0.0,0.0,0.0,0.0,0.0,0.071589,0.0,False
08/04/2026 01:00:00,21.42,21.045,41622.0403,2316.8,1596.8,1,08/04/2026,OFFPEAK,AUGUST,2026,2026-08-04,1,0.375,17.8375,3.207500000000003,normal,normal,0.0,0.0,0.0,0.0,0.0,0.0687579999,0.0,False
08/04/2026 02:00:00,20.29,18.9025,38527.3007,2154.9,1476.5,2,08/04/2026,OFFPEAK,AUGUST,2026,2026-08-04,2,1.3874999999999993,17.34,1.5625,normal,normal,0.0,0.0,0.0,0.0,0.0,0.0850769999,0.0,False
08/04/2026 03:00:00,20.0,17.8725,36783.8996,1996.6,1357.1,3,08/04/2026,OFFPEAK,AUGUST,2026,2026-08-04,3,2.1275000000000013,17.8675,0.004999999999999005,normal,normal,0.0,35.5135650002,0.0,35.6,0.0,0.0864349998,-75.55510953792555,True
08/04/2026 04:00:00,19.04,17.905,36130.8205,1857.8,1226.5,4,08/04/2026,OFFPEAK,AUGUST,2026,2026-08-04,4,1.134999999999998,17.91,-0.004999999999999005,normal,normal,0.0,49.924927,0.0,50.0,0.0,0.075073,-56.6647921449999,True
08/04/2026 05:00:00,19.03,18.7225,36669.4294,1728.5,1126.9,5,08/04/2026,OFFPEAK,AUGUST,2026,2026-08-04,5,0.307500000000001,18.725,-0.002500000000001279,normal,normal,0.0,49.9154970004,0.0,50.0,0.0,0.0845029996,-15.34901532762305,True
08/04/2026 06:00:00,20.56,19.645,38975.5908,1659.6,1090.1,6,08/04/2026,OFFPEAK,AUGUST,2026,2026-08-04,6,0.9149999999999991,19.645,0.0,normal,normal,0.0,0.0,0.0,0.0,0.0,0.0476369997,0.0,False
08/04/2026 07:00:00,20.59,20.175,41793.2102,1618.9,1092.1,7,08/04/2026,WDPEAK,AUGUST,2026,2026-08-04,7,0.41499999999999915,20.1875,-0.01249999999999929,normal,normal,0.0,0.0,0.0,0.0,0.0,0.116916,0.0,False
08/04/2026 08:00:00,19.34,19.9,39315.8899,1543.2,1061.6,8,08/04/2026,WDPEAK,AUGUST,2026,2026-08-04,8,-0.5599999999999987,19.9,0.0,normal,normal,0.0,0.0,0.0,0.0,0.0,0.1467779998,0.0,False
08/04/2026 09:00:00,14.77,12.0975,28062.88,1551.8,1190.8,9,08/04/2026,WDPEAK,AUGUST,2026,2026-08-04,9,2.6724999999999994,15.4125,-3.3149999999999995,normal,normal,0.0,0.0,0.0,0.0,0.0,42.7996529999,0.0,False
08/04/2026 10:00:00,10.05,8.9625,22686.61,1642.3,1542.6,10,08/04/2026,WDPEAK,AUGUST,2026,2026-08-04,10,1.0875000000000004,13.58,-4.6175,normal,normal,0.0,0.0,0.0,0.0,0.0,48.5621099997,0.0,False
08/04/2026 11:00:00,9.72,4.505,25170.8908,1623.3,1790.2,11,08/04/2026,WDPEAK,AUGUST,2026,2026-08-04,11,5.215000000000001,13.135,-8.629999999999999,normal,normal,0.0,0.0,0.0,0.0,0.0,22.8924629998,0.0,False
08/04/2026 12:00:00,11.34,1.0125,29752.7993,1643.2,1988.3,12,08/04/2026,WDPEAK,AUGUST,2026,2026-08-04,12,10.3275,13.62,-12.6075,normal,normal,0.0,0.0,0.0,0.0,0.0,2.8616149998,0.0,False
08/04/2026 13:00:00,11.13,1.965,34432.1114,1738.9,2310.3,13,08/04/2026,WDPEAK,AUGUST,2026,2026-08-04,13,9.165000000000001,15.2475,-13.2825,normal,normal,0.0,0.0,0.0,0.0,0.0,2.9946879997,0.0,False
08/04/2026 14:00:00,13.32,13.5825,38345.6504,1843.6,2720.2,14,08/04/2026,WDPEAK,AUGUST,2026,2026-08-04,14,-0.2624999999999993,17.6075,-4.025000000000002,normal,normal,0.0,0.0,0.0,0.0,0.0,1.2794319999,0.0,False
08/04/2026 15:00:00,15.13,19.1275,40200.8322,1987.6,3125.4,15,08/04/2026,WDPEAK,AUGUST,2026,2026-08-04,15,-3.9975000000000005,20.42,-1.2925000000000004,normal,normal,0.0,0.0,0.0,0.0,0.0,0.1124939997,0.0,False
08/04/2026 16:00:00,16.44,16.9425,41074.33,2161.8,3388.7,16,08/04/2026,WDPEAK,AUGUST,2026,2026-08-04,16,-0.5024999999999977,18.555,-1.6125000000000007,normal,normal,0.0,0.0,0.0,0.0,0.0,0.0336879998,0.0,False
08/04/2026 17:00:00,17.95,17.465,41297.5497,2328.0,3507.1,17,08/04/2026,WDPEAK,AUGUST,2026,2026-08-04,17,0.48499999999999943,20.4875,-3.022500000000001,normal,normal,0.0,0.0,0.0,0.0,0.0,0.0248119998,0.0,False
08/04/2026 18:00:00,19.18,15.3525,42579.4793,2530.2,3510.1,18,08/04/2026,WDPEAK,AUGUST,2026,2026-08-04,18,3.8275000000000006,20.6425,-5.289999999999999,normal,normal,0.0,0.0,0.0,0.0,0.0,0.0281519999,0.0,False
08/04/2026 19:00:00,22.96,19.825,47153.8,2682.8,3425.0,19,08/04/2026,WDPEAK,AUGUST,2026,2026-08-04,19,3.1350000000000016,28.565,-8.740000000000002,normal,normal,0.0,0.0,0.0,0.0,0.0,0.0316049999,0.0,False
08/04/2026 20:00:00,29.31,22.525,59589.0519,2713.3,3127.6,20,08/04/2026,WDPEAK,AUGUST,2026,2026-08-04,20,6.785,39.98,-17.455,normal,normal,0.0,0.0,0.0,0.0,0.0,0.0632939997,0.0,False
08/04/2026 21:00:00,32.16,29.835,64529.9292,2709.7,2747.4,21,08/04/2026,WDPEAK,AUGUST,2026,2026-08-04,21,2.3249999999999957,47.0375,-17.2025,normal,normal,0.0,0.0,0.0,0.0,37.1919,0.0003809999,0.0,False
08/04/2026 22:00:00,37.08,36.5,60485.0601,2695.4,2350.1,22,08/04/2026,WDPEAK,AUGUST,2026,2026-08-04,22,0.5799999999999983,55.7325,-19.2325,normal,normal,6.141500000000001,0.0,50.0,0.0,43.8585,0.0,3.56206999999999,True
08/04/2026 23:00:00,32.78,36.705,54688.9702,2636.4,2073.8,23,08/04/2026,OFFPEAK,AUGUST,2026,2026-08-04,23,-3.924999999999997,40.585,-3.8800000000000026,normal,normal,5.4757,0.0,30.1,0.0,24.6243,0.016029,-21.492122499999983,True
08/05/2026 00:00:00,28.81,27.7725,49673.7013,2516.5,1856.4,24,08/04/2026,OFFPEAK,AUGUST,2026,2026-08-04,24,1.0374999999999979,27.685,0.08750000000000213,normal,normal,0.0,0.0,0.0,0.0,0.0,0.1062919999,0.0,False
08/05/2026 01:00:00,24.46,27.21,45534.5798,2365.2,1860.6,1,08/05/2026,OFFPEAK,AUGUST,2026,2026-08-05,1,-2.75,25.78,1.4299999999999997,normal,normal,50.0,0.0,50.0,0.0,0.0,0.0629569999,-137.5,True
08/05/2026 02:00:00,22.77,26.065,42833.9702,2224.1,1705.6,2,08/05/2026,OFFPEAK,AUGUST,2026,2026-08-05,2,-3.2950000000000017,24.795,1.2699999999999996,normal,normal,50.0,0.0,50.0,0.0,0.0,0.0852999999,-164.75000000000009,True
08/05/2026 03:00:00,21.97,27.0575,41339.5103,2077.4,1555.6,3,08/05/2026,OFFPEAK,AUGUST,2026,2026-08-05,3,-5.087500000000002,25.1175,1.9400000000000013,normal,normal,0.0,0.0,0.0,0.0,0.0,0.0940999997,0.0,False
08/05/2026 04:00:00,21.9,25.5975,40470.6398,1950.9,1403.7,4,08/05/2026,OFFPEAK,AUGUST,2026,2026-08-05,4,-3.6975000000000016,24.01,1.5874999999999986,normal,normal,0.0,0.0,0.0,0.0,0.0,0.1331659998,0.0,False
08/05/2026 05:00:00,21.45,24.64,40574.5697,1826.7,1255.1,5,08/05/2026,OFFPEAK,AUGUST,2026,2026-08-05,5,-3.1900000000000013,24.62,0.019999999999999574,normal,normal,0.0,0.0,0.0,0.0,0.0,0.0996489997,0.0,False
08/05/2026 06:00:00,23.23,27.57,42198.5192,1733.6,1153.4,6,08/05/2026,OFFPEAK,AUGUST,2026,2026-08-05,6,-4.34,27.57,0.0,normal,normal,0.0,0.0,0.0,0.0,0.0,0.0711269998,0.0,False
08/05/2026 07:00:00,22.84,31.2975,44310.8997,1672.1,1112.9,7,08/05/2026,WDPEAK,AUGUST,2026,2026-08-05,7,-8.4575,31.2975,0.0,normal,normal,0.0,0.0,0.0,0.0,0.0,0.0614019999,0.0,False
08/05/2026 08:00:00,21.74,27.1625,41898.1102,1598.1,1063.9,8,08/05/2026,WDPEAK,AUGUST,2026,2026-08-05,8,-5.422500000000003,27.1625,0.0,normal,normal,0.0,49.9590980002,0.0,50.0,0.0,0.0409019998,270.90320890608467,True
08/05/2026 09:00:00,15.46,20.53,31075.9795,1614.0,1193.6,9,08/05/2026,WDPEAK,AUGUST,2026,2026-08-05,9,-5.07,21.4675,-0.9375,normal,normal,0.0,49.8548140001,0.0,50.0,0.0,0.1451859999,252.76390698050702,True
08/05/2026 10:00:00,10.3,14.7,25450.8692,1744.6,1556.5,10,08/05/2026,WDPEAK,AUGUST,2026,2026-08-05,10,-4.399999999999999,18.3375,-3.6374999999999993,normal,normal,0.0,0.0,0.0,0.0,0.0,48.6581,0.0,False
08/05/2026 11:00:00,9.83,13.7325,27549.5792,1786.8,1825.3,11,08/05/2026,WDPEAK,AUGUST,2026,2026-08-05,11,-3.9025,17.335,-3.602500000000001,normal,normal,0.0,0.0,0.0,0.0,0.0,48.48723,0.0,False
08/05/2026 12:00:00,10.66,11.8275,31880.8001,1748.5,2003.4,12,08/05/2026,WDPEAK,AUGUST,2026,2026-08-05,12,-1.1675000000000004,16.335,-4.5075,normal,normal,0.0,0.0,0.0,0.0,0.0,23.9098539999,0.0,False
08/05/2026 13:00:00,10.14,8.9925,35944.9014,1739.3,2256.1,13,08/05/2026,WDPEAK,AUGUST,2026,2026-08-05,13,1.1475000000000009,15.445,-6.452500000000001,normal,normal,0.0,0.0,0.0,0.0,0.0,0.3448079998,0.0,False
08/05/2026 14:00:00,13.44,10.34,38888.0388,1765.0,2578.1,14,08/05/2026,WDPEAK,AUGUST,2026,2026-08-05,14,3.0999999999999996,17.3075,-6.967500000000001,normal,normal,50.0,0.0,50.0,0.0,0.0,2.8025469999,154.99999999999997,True
08/05/2026 15:00:00,15.0,21.7,40599.8416,1802.3,2882.0,15,08/05/2026,WDPEAK,AUGUST,2026,2026-08-05,15,-6.699999999999999,18.6025,3.0975,normal,normal,35.7,0.0,35.7,0.0,0.0,0.1769549998,-239.19,True
08/05/2026 16:00:00,18.25,20.61,41560.3208,1872.1,3134.1,16,08/05/2026,WDPEAK,AUGUST,2026,2026-08-05,16,-2.3599999999999994,17.4725,3.1374999999999993,normal,normal,50.1,0.0,50.1,0.0,0.0,0.027412,-118.23599999999998,True
08/05/2026 17:00:00,19.73,19.925,41718.5899,2007.4,3314.6,17,08/05/2026,WDPEAK,AUGUST,2026,2026-08-05,17,-0.19500000000000028,18.865,1.0600000000000023,normal,normal,50.1,0.0,50.1,0.0,0.0,0.0314439997,-9.769500000000015,True
08/05/2026 18:00:00,22.03,17.9825,42791.7093,2163.6,3388.8,18,08/05/2026,WDPEAK,AUGUST,2026,2026-08-05,18,4.047499999999999,21.085,-3.102499999999999,normal,normal,50.0,0.0,50.0,0.0,0.0,0.0394759998,202.37499999999997,True
08/05/2026 19:00:00,26.85,21.9225,47518.9509,2337.6,3332.0,19,08/05/2026,WDPEAK,AUGUST,2026,2026-08-05,19,4.927500000000002,32.6825,-10.759999999999998,normal,normal,50.0,0.0,50.0,0.0,0.0,0.0307019997,246.3750000000001,True
08/05/2026 20:00:00,32.91,31.985,59763.549,2483.5,3040.7,20,08/05/2026,WDPEAK,AUGUST,2026,2026-08-05,20,0.9249999999999972,45.1475,-13.162500000000001,normal,normal,20.424300000000002,0.0,50.1,0.0,29.6757,0.000571,18.892477499999945,True
08/05/2026 21:00:00,33.62,40.7425,64377.4917,2572.0,2620.1,21,08/05/2026,WDPEAK,AUGUST,2026,2026-08-05,21,-7.122500000000002,62.0325,-21.29,normal,normal,18.1236,0.0,50.1,0.0,31.9764,0.0003759999,-129.08534100000003,True
08/05/2026 22:00:00,34.78,38.8225,60275.8404,2615.5,2262.5,22,08/05/2026,WDPEAK,AUGUST,2026,2026-08-05,22,-4.042499999999997,65.0025,-26.18,normal,normal,20.309,0.0,50.1,0.0,29.791,0.0,-82.09913249999994,True
08/05/2026 23:00:00,33.91,29.2675,54487.0493,2575.1,2032.3,23,08/05/2026,OFFPEAK,AUGUST,2026,2026-08-05,23,4.642499999999998,40.465,-11.197500000000005,normal,normal,49.0916,0.0,50.0,0.0,0.9084,0.0493949999,227.90775299999993,True
08/06/2026 00:00:00,28.36,27.235,49276.889,2456.7,1813.9,24,08/05/2026,OFFPEAK,AUGUST,2026,2026-08-05,24,1.125,29.925,-2.6900000000000013,normal,normal,0.0,0.0,0.0,0.0,0.0,0.0493559999,0.0,False
08/06/2026 01:00:00,22.79,28.46,46455.3594,2149.7,1373.6,1,08/06/2026,OFFPEAK,AUGUST,2026,2026-08-06,1,-5.670000000000002,28.6775,-0.21749999999999758,normal,normal,0.0,49.939055,0.0,50.0,0.0,0.060945,283.1544418500001,True
08/06/2026 02:00:00,21.4,24.7375,43380.9203,1976.1,1186.9,2,08/06/2026,OFFPEAK,AUGUST,2026,2026-08-06,2,-3.337500000000002,24.7375,0.0,normal,normal,0.0,49.949427,0.0,50.0,0.0,0.050573,166.7062126125001,True
08/06/2026 03:00:00,20.49,24.2025,41686.2708,1789.9,1005.2,3,08/06/2026,OFFPEAK,AUGUST,2026,2026-08-06,3,-3.712500000000002,24.2025,0.0,normal,normal,0.0,49.9174520002,0.0,50.0,0.0,0.0825479998,185.3185405507426,True
08/06/2026 04:00:00,20.86,24.63,41151.7888,1604.9,804.2,4,08/06/2026,OFFPEAK,AUGUST,2026,2026-08-06,4,-3.7699999999999996,24.63,0.0,normal,normal,0.0,49.9231320001,0.0,50.0,0.0,0.0768679999,188.21020764037698,True
08/06/2026 05:00:00,21.18,25.43,41618.4103,1468.8,620.4,5,08/06/2026,OFFPEAK,AUGUST,2026,2026-08-06,5,-4.25,25.43,0.0,normal,normal,0.0,49.9354340002,0.0,50.0,0.0,0.0645659998,212.22559450084998,True
08/06/2026 06:00:00,23.08,27.1125,43237.8498,1372.8,493.8,6,08/06/2026,OFFPEAK,AUGUST,2026,2026-08-06,6,-4.032500000000002,27.1125,0.0,normal,normal,0.0,49.9206790002,0.0,50.0,0.0,0.0793209998,201.30513806830663,True
08/06/2026 07:00:00,24.97,27.4775,45875.6009,1251.6,437.5,7,08/06/2026,WDPEAK,AUGUST,2026,2026-08-06,7,-2.5075000000000003,27.4775,0.0,normal,normal,0.0,49.914221,0.0,50.0,0.0,0.085779,125.15990915750001,True
08/06/2026 08:00:00,23.55,26.2125,44617.2714,1121.6,394.7,8,08/06/2026,WDPEAK,AUGUST,2026,2026-08-06,8,-2.662499999999998,26.2125,0.0,normal,normal,0.0,0.0,0.0,0.0,0.0,0.1330299997,0.0,False
08/06/2026 09:00:00,17.62,19.5225,35359.9994,1110.6,466.5,9,08/06/2026,WDPEAK,AUGUST,2026,2026-08-06,9,-1.9024999999999999,20.1,-0.5775000000000006,normal,normal,0.0,0.0,0.0,0.0,0.0,0.1887849999,0.0,False
08/06/2026 10:00:00,12.41,14.6025,29495.8806,1204.9,703.3,10,08/06/2026,WDPEAK,AUGUST,2026,2026-08-06,10,-2.192499999999999,15.53,-0.9275000000000002,normal,normal,0.0,0.0,0.0,0.0,0.0,0.2320289999,0.0,False
08/06/2026 11:00:00,12.3,12.6025,30861.0205,1172.9,869.3,11,08/06/2026,WDPEAK,AUGUST,2026,2026-08-06,11,-0.30249999999999844,15.3,-2.6975000000000016,normal,normal,0.0,0.0,0.0,0.0,0.0,51.8439089998,0.0,False
08/06/2026 12:00:00,13.87,7.385,35722.2189,1097.3,1007.9,12,08/06/2026,WDPEAK,AUGUST,2026,2026-08-06,12,6.484999999999999,17.665,-10.28,normal,normal,0.0,0.0,0.0,0.0,0.0,46.38131,0.0,False
08/06/2026 13:00:00,16.22,11.66,40065.0403,1048.7,1277.2,13,08/06/2026,WDPEAK,AUGUST,2026,2026-08-06,13,4.559999999999999,20.5775,-8.9175,normal,normal,50.0,0.0,50.0,0.0,0.0,14.638368,227.99999999999994,True
08/06/2026 14:00:00,19.47,18.66,41821.7298,1202.3,1870.9,14,08/06/2026,WDPEAK,AUGUST,2026,2026-08-06,14,0.8099999999999987,22.4375,-3.7775,normal,normal,50.0,0.0,50.0,0.0,0.0,3.0351019999,40.499999999999936,True
08/06/2026 15:00:00,21.79,23.705,43286.3602,1246.1,2294.9,15,08/06/2026,WDPEAK,AUGUST,2026,2026-08-06,15,-1.9149999999999991,23.275,0.4299999999999997,normal,normal,50.1,0.0,50.1,0.0,0.0,0.2374079997,-95.94149999999996,True
08/06/2026 16:00:00,25.03,27.18,43880.91,1388.8,2711.4,16,08/06/2026,WDPEAK,AUGUST,2026,2026-08-06,16,-2.1499999999999986,27.3175,-0.1374999999999993,normal,normal,75.0,0.0,75.0,0.0,0.0,0.0309319999,-161.2499999999999,True
08/06/2026 17:00:00,25.03,22.3475,44028.0895,1642.5,3018.2,17,08/06/2026,WDPEAK,AUGUST,2026,2026-08-06,17,2.682500000000001,31.2725,-8.925,normal,normal,80.0,0.0,80.0,0.0,0.0,0.0301689999,214.60000000000008,True
08/06/2026 18:00:00,23.23,24.61,44979.0811,1942.2,3191.5,18,08/06/2026,WDPEAK,AUGUST,2026,2026-08-06,18,-1.379999999999999,31.4275,-6.817499999999999,normal,normal,50.1,0.0,50.1,0.0,0.0,0.0310699998,-69.13799999999995,True
08/06/2026 19:00:00,26.9,15.1075,49026.0993,2256.8,3182.7,19,08/06/2026,WDPEAK,AUGUST,2026,2026-08-06,19,11.792499999999999,39.6325,-24.525,normal,normal,50.0,0.0,50.0,0.0,0.0,0.0233939998,589.6249999999999,True
08/06/2026 20:00:00,29.75,21.765,58960.0692,2497.7,2954.8,20,08/06/2026,WDPEAK,AUGUST,2026,2026-08-06,20,7.984999999999999,53.525,-31.759999999999998,normal,normal,0.0,0.0,0.0,0.0,0.0,0.030925,0.0,False
08/06/2026 21:00:00,31.67,18.5525,62840.7813,2591.0,2547.0,21,08/06/2026,WDPEAK,AUGUST,2026,2026-08-06,21,13.117500000000003,55.71,-37.1575,normal,normal,30.0,0.0,30.0,0.0,0.0,0.057751,393.5250000000001,True
08/06/2026 22:00:00,34.45,27.84,59248.1506,2616.0,2130.2,22,08/06/2026,WDPEAK,AUGUST,2026,2026-08-06,22,6.610000000000003,75.18,-47.34,normal,normal,30.1,0.0,30.1,0.0,0.0,0.0409809999,198.9610000000001,True
08/06/2026 23:00:00,31.38,27.0225,53817.6492,2578.0,1850.2,23,08/06/2026,OFFPEAK,AUGUST,2026,2026-08-06,23,4.357499999999998,46.77,-19.747500000000002,normal,normal,0.0,0.0,30.1,0.0,47.8351,0.0040379999,0.0,False
08/07/2026 00:00:00,26.7,25.66,48995.531,2425.6,1655.8,24,08/06/2026,OFFPEAK,AUGUST,2026,2026-08-06,24,1.0399999999999991,31.06,-5.399999999999999,normal,normal,0.0,0.0,0.0,0.0,55.986,0.0,0.0,False
08/07/2026 01:00:00,27.33,22.535,44979.1694,2419.9,1771.7,1,08/07/2026,OFFPEAK,AUGUST,2026,2026-08-07,1,4.794999999999998,23.8125,-1.2774999999999999,normal,normal,0.0,0.0,0.0,0.0,1.7387,0.0438119999,0.0,False
08/07/2026 02:00:00,24.62,23.9025,43775.6294,2058.3,1258.2,2,08/07/2026,OFFPEAK,AUGUST,2026,2026-08-07,2,0.7175000000000011,24.0225,-0.120000000000001,normal,normal,0.0,0.0,0.0,0.0,0.0,0.0453719998,0.0,False
08/07/2026 03:00:00,24.14,25.9775,41929.1499,1849.3,985.7,3,08/07/2026,OFFPEAK,AUGUST,2026,2026-08-07,3,-1.8374999999999986,25.9725,0.004999999999999005,normal,normal,0.0,0.0,0.0,0.0,0.0,0.055411,0.0,False
08/07/2026 04:00:00,22.94,22.8425,41124.3905,1627.0,732.4,4,08/07/2026,OFFPEAK,AUGUST,2026,2026-08-07,4,0.09750000000000014,22.8425,0.0,normal,normal,0.0,49.9363610001,0.0,50.0,0.0,0.0636389999,-4.868795197509757,True
08/07/2026 05:00:00,22.49,23.7,41311.5502,1417.9,519.0,5,08/07/2026,OFFPEAK,AUGUST,2026,2026-08-07,5,-1.2100000000000009,23.7,0.0,normal,normal,0.0,49.9672060002,0.0,50.0,0.0,0.0327939998,60.460319260242045,True
08/07/2026 06:00:00,24.07,30.575,42654.3193,1232.0,342.2,6,08/07/2026,OFFPEAK,AUGUST,2026,2026-08-07,6,-6.504999999999999,30.575,0.0,normal,normal,0.0,0.0,0.0,0.0,0.0,0.051579,0.0,False
08/07/2026 07:00:00,26.73,27.215,44977.5198,1072.5,222.2,7,08/07/2026,WDPEAK,AUGUST,2026,2026-08-07,7,-0.48499999999999943,27.215,0.0,normal,normal,0.0,0.0,0.0,0.0,0.0,0.1307319998,0.0,False
08/07/2026 08:00:00,24.16,21.71,43683.2806,905.7,145.0,8,08/07/2026,WDPEAK,AUGUST,2026,2026-08-07,8,2.4499999999999993,21.71,0.0,normal,normal,0.0,0.0,0.0,0.0,0.0,0.071693,0.0,False
08/07/2026 09:00:00,19.37,17.6975,34350.7507,820.0,153.3,9,08/07/2026,WDPEAK,AUGUST,2026,2026-08-07,9,1.6724999999999994,17.605,0.09250000000000114,normal,normal,0.0,0.0,0.0,0.0,0.0,0.135491,0.0,False
08/07/2026 10:00:00,16.2,16.0725,29261.7301,822.7,255.4,10,08/07/2026,WDPEAK,AUGUST,2026,2026-08-07,10,0.12749999999999773,14.6075,1.4650000000000016,normal,normal,0.0,0.0,0.0,0.0,0.0009,50.2798779999,0.0,False
08/07/2026 11:00:00,16.38,16.6125,31059.1299,744.5,352.1,11,08/07/2026,WDPEAK,AUGUST,2026,2026-08-07,11,-0.2325000000000017,14.6775,1.9350000000000005,normal,normal,0.0,0.0,0.0,0.0,0.0,60.0689399998,0.0,False
08/07/2026 12:00:00,18.1,16.6375,36136.0204,634.9,499.0,12,08/07/2026,WDPEAK,AUGUST,2026,2026-08-07,12,1.4625000000000021,16.2525,0.384999999999998,normal,normal,0.0,0.0,0.0,0.0,0.0,16.1510269999,0.0,False
08/07/2026 13:00:00,20.91,16.69,41035.6896,579.0,799.9,13,08/07/2026,WDPEAK,AUGUST,2026,2026-08-07,13,4.219999999999999,23.5375,-6.8475,normal,normal,30.0,0.0,30.0,0.0,0.0,5.1810729998,126.59999999999997,True
08/07/2026 14:00:00,23.06,29.0525,43833.9393,747.1,1472.6,14,08/07/2026,WDPEAK,AUGUST,2026,2026-08-07,14,-5.9925,37.0375,-7.985000000000003,normal,normal,30.0,0.0,30.0,0.0,0.0,0.0306789998,-179.77499999999998,True
08/07/2026 15:00:00,25.3,38.02,45706.7495,850.1,1971.2,15,08/07/2026,WDPEAK,AUGUST,2026,2026-08-07,15,-12.720000000000002,55.2575,-17.237499999999997,normal,normal,30.0,0.0,30.0,0.0,0.0,0.0377309998,-381.6000000000001,True
08/07/2026 16:00:00,26.05,30.0425,46471.2691,1078.1,2330.5,16,08/07/2026,WDPEAK,AUGUST,2026,2026-08-07,16,-3.9924999999999997,60.83,-30.787499999999998,normal,normal,28.1289,0.0,30.0,0.0,1.8711,0.0292849998,-112.30463325,True
08/07/2026 17:00:00,25.07,16.3825,47332.5495,1430.9,2516.1,17,08/07/2026,WDPEAK,AUGUST,2026,2026-08-07,17,8.6875,62.33,-45.9475,normal,normal,30.0,0.0,30.0,0.0,0.0,0.0313319999,260.625,True
08/07/2026 18:00:00,23.42,2.2525,47590.7601,1857.9,2574.4,18,08/07/2026,WDPEAK,AUGUST,2026,2026-08-07,18,21.1675,74.52,-72.2675,normal,normal,0.0,0.0,0.0,0.0,0.0,0.0218919999,0.0,False
08/07/2026 19:00:00,25.76,-1.185,51012.7703,2204.3,2461.5,19,08/07/2026,WDPEAK,AUGUST,2026,2026-08-07,19,26.945,91.14,-92.325,normal,normal,30.0,0.0,30.0,0.0,0.0,0.9473199999,808.35,True
08/07/2026 20:00:00,31.78,22.035,59702.7297,2326.4,2085.0,20,08/07/2026,WDPEAK,AUGUST,2026,2026-08-07,20,9.745000000000001,66.5525,-44.5175,normal,normal,0.0,0.0,0.0,0.0,0.0,0.7006169999,0.0,False
08/07/2026 21:00:00,34.86,31.42,64058.5586,2295.3,1589.6,21,08/07/2026,WDPEAK,AUGUST,2026,2026-08-07,21,3.4399999999999977,55.17,-23.75,normal,normal,0.0,0.0,0.0,0.0,36.4102,0.0004409999,0.0,False
08/07/2026 22:00:00,37.59,27.0175,60293.9397,2186.5,1212.6,22,08/07/2026,WDPEAK,AUGUST,2026,2026-08-07,22,10.572500000000005,39.2375,-12.219999999999999,normal,normal,0.0,0.0,0.0,0.0,52.0921,0.001423,0.0,False
08/07/2026 23:00:00,38.12,29.8475,55095.8491,2039.5,974.7,23,08/07/2026,OFFPEAK,AUGUST,2026,2026-08-07,23,8.272499999999997,35.46,-5.612500000000001,normal,normal,0.0,0.0,0.0,0.0,25.2692,0.000132,0.0,False
08/08/2026 00:00:00,31.14,28.9275,50705.6016,1850.0,784.1,24,08/07/2026,OFFPEAK,AUGUST,2026,2026-08-07,24,2.212500000000002,29.775,-0.8475000000000001,normal,normal,0.0,0.0,0.0,0.0,0.0346,0.0442509999,0.0,False
08/08/2026 01:00:00,28.61,37.06,49015.3396,1516.7,467.9,1,08/08/2026,OFFPEAK,AUGUST,2026,2026-08-08,1,-8.450000000000003,32.2475,4.8125,normal,normal,0.0,0.0,0.0,0.0,0.0,0.078245,0.0,False
08/08/2026 02:00:00,26.5,32.795,46589.5001,1242.3,258.6,2,08/08/2026,OFFPEAK,AUGUST,2026,2026-08-08,2,-6.295000000000002,27.5775,5.217500000000001,normal,normal,0.0,0.0,0.0,0.0,0.0,0.047665,0.0,False
08/08/2026 03:00:00,26.34,27.3075,44993.0991,981.7,99.9,3,08/08/2026,OFFPEAK,AUGUST,2026,2026-08-08,3,-0.9675000000000011,24.4725,2.835000000000001,normal,normal,0.0,0.0,0.0,0.0,0.0,0.0339669999,0.0,False
08/08/2026 04:00:00,25.37,25.2025,44030.08,764.7,22.6,4,08/08/2026,OFFPEAK,AUGUST,2026,2026-08-08,4,0.16750000000000043,23.6675,1.5350000000000001,normal,normal,0.0,0.0,0.0,0.0,0.0,0.054748,0.0,False
08/08/2026 05:00:00,25.12,26.1225,43749.6,592.5,1.5,5,08/08/2026,OFFPEAK,AUGUST,2026,2026-08-08,5,-1.0024999999999977,24.42,1.702499999999997,normal,normal,0.0,0.0,0.0,0.0,0.0,0.0435399998,0.0,False
08/08/2026 06:00:00,25.88,31.2375,44045.5908,477.6,0.0,6,08/08/2026,OFFPEAK,AUGUST,2026,2026-08-08,6,-5.357500000000002,27.665,3.5725000000000016,normal,normal,0.0,0.0,0.0,0.0,0.0,0.0528749999,0.0,False
08/08/2026 07:00:00,24.75,28.055,45195.3905,402.5,0.0,7,08/08/2026,WEPEAK,AUGUST,2026,2026-08-08,7,-3.3049999999999997,28.0325,0.022500000000000853,normal,normal,0.0,49.958699,0.0,50.0,0.0,0.041301,165.113500195,True
08/08/2026 08:00:00,24.6,26.9375,43739.7094,312.8,0.0,8,08/08/2026,WEPEAK,AUGUST,2026,2026-08-08,8,-2.3374999999999986,26.3325,0.6050000000000004,normal,normal,0.0,49.9118190003,0.0,50.0,0.0,0.0881809997,116.66887691320117,True
08/08/2026 09:00:00,19.04,21.055,35554.4192,211.3,0.0,9,08/08/2026,WEPEAK,AUGUST,2026,2026-08-08,9,-2.0150000000000006,20.955,0.10000000000000142,normal,normal,0.0,19.1128560001,0.0,50.0,0.0,30.8871439999,38.51240484020151,True
08/08/2026 10:00:00,18.98,21.7725,31494.6394,167.9,0.4,10,08/08/2026,WEPEAK,AUGUST,2026,2026-08-08,10,-2.7925000000000004,21.75,0.022500000000000853,normal,normal,0.0,0.0,0.0,0.0,0.0,58.4683299999,0.0,False
08/08/2026 11:00:00,20.09,23.995,33414.739,153.9,18.6,11,08/08/2026,WEPEAK,AUGUST,2026,2026-08-08,11,-3.905000000000001,24.11,-0.11499999999999844,normal,normal,0.0,0.0,0.0,0.0,0.0,37.0305109999,0.0,False
08/08/2026 12:00:00,24.38,24.345,38345.8113,128.2,112.8,12,08/08/2026,WEPEAK,AUGUST,2026,2026-08-08,12,0.03500000000000014,24.59,-0.245000000000001,normal,normal,50.0,0.0,50.0,0.0,0.0,4.5625779998,1.750000000000007,True
08/08/2026 13:00:00,26.09,33.54,41595.921,242.3,495.7,13,08/08/2026,WEPEAK,AUGUST,2026,2026-08-08,13,-7.449999999999999,34.255,-0.7150000000000034,normal,normal,37.303,0.0,50.0,0.0,12.697,0.0725259999,-277.90734999999995,True
08/08/2026 14:00:00,27.42,30.2525,44845.2685,293.6,872.3,14,08/08/2026,WEPEAK,AUGUST,2026,2026-08-08,14,-2.8324999999999996,37.8625,-7.609999999999996,normal,normal,47.0851,0.0,50.0,0.0,2.9149,0.1757939999,-133.36854574999998,True
08/08/2026 15:00:00,28.67,35.265,46824.3095,369.2,1274.5,15,08/08/2026,WEPEAK,AUGUST,2026,2026-08-08,15,-6.594999999999999,51.4075,-16.1425,normal,normal,21.1952,0.0,30.0,0.0,8.8048,0.0252369999,-139.78234399999997,True
08/08/2026 16:00:00,30.87,41.6325,48056.8699,582.0,1634.2,16,08/08/2026,WEPEAK,AUGUST,2026,2026-08-08,16,-10.7625,68.75,-27.1175,normal,normal,5.4574,0.0,30.0,0.0,24.5426,0.00017,-58.73526749999999,True
08/08/2026 17:00:00,28.61,37.6,48665.5398,926.4,1917.8,17,08/08/2026,WEPEAK,AUGUST,2026,2026-08-08,17,-8.990000000000002,76.5475,-38.9475,normal,normal,12.493500000000001,0.0,30.0,0.0,17.5065,0.008347,-112.31656500000004,True
08/08/2026 18:00:00,25.56,23.1075,49009.0913,1286.2,1996.6,18,08/08/2026,WEPEAK,AUGUST,2026,2026-08-08,18,2.452499999999997,86.445,-63.33749999999999,normal,normal,0.0,0.0,0.0,0.0,0.0,31.9170999999,0.0,False
08/08/2026 19:00:00,29.77,12.03,51661.2704,1677.5,1903.3,19,08/08/2026,WEPEAK,AUGUST,2026,2026-08-08,19,17.740000000000002,53.2425,-41.2125,normal,normal,50.0,0.0,50.0,0.0,0.0,26.6529869998,887.0000000000001,True
08/08/2026 20:00:00,34.59,23.785,59214.8186,1960.1,1633.0,20,08/08/2026,WEPEAK,AUGUST,2026,2026-08-08,20,10.805000000000003,50.6275,-26.842499999999998,normal,normal,0.1,0.0,0.1,0.0,0.0,1.24533,1.0805000000000005,False
08/08/2026 21:00:00,36.82,30.5425,61931.2005,2029.5,1267.9,21,08/08/2026,WEPEAK,AUGUST,2026,2026-08-08,21,6.2775,46.3625,-15.819999999999997,normal,normal,37.5505,0.0,50.0,0.0,12.4495,0.0473159998,235.72326375,True
08/08/2026 22:00:00,37.39,37.1075,57608.3895,2023.4,989.3,22,08/08/2026,WEPEAK,AUGUST,2026,2026-08-08,22,0.28249999999999886,47.835,-10.7275,normal,normal,0.0,0.0,0.0,0.0,50.7195,0.000193,0.0,False
08/08/2026 23:00:00,34.67,34.595,53236.3202,1834.9,810.4,23,08/08/2026,OFFPEAK,AUGUST,2026,2026-08-08,23,0.07500000000000284,35.1,-0.5050000000000026,normal,normal,0.0,0.0,0.0,0.0,36.6304,0.001329,0.0,False
08/09/2026 00:00:00,28.74,30.855,49118.6294,1625.4,665.4,24,08/08/2026,OFFPEAK,AUGUST,2026,2026-08-08,24,-2.115000000000002,28.795,2.0599999999999987,normal,normal,0.0,0.0,0.0,0.0,1.0041,0.1959219998,0.0,False
08/09/2026 01:00:00,31.62,31.67,48237.6339,1461.6,545.8,1,08/09/2026,OFFPEAK,AUGUST,2026,2026-08-09,1,-0.05000000000000071,28.4225,3.2475000000000023,normal,normal,0.0,0.0,0.0,0.0,0.0,0.2374579997,0.0,False
08/09/2026 02:00:00,28.74,26.1175,46337.5459,1076.5,185.8,2,08/09/2026,OFFPEAK,AUGUST,2026,2026-08-09,2,2.6224999999999987,24.145,1.9725000000000001,normal,normal,0.0,0.0,0.0,0.0,0.0,0.2414449999,0.0,False
08/09/2026 03:00:00,25.48,25.0675,44773.153,883.3,76.2,3,08/09/2026,OFFPEAK,AUGUST,2026,2026-08-09,3,0.4125000000000014,23.1875,1.879999999999999,normal,normal,0.0,0.0,0.0,0.0,0.0,0.1849499999,0.0,False
08/09/2026 04:00:00,24.58,23.8725,43894.4588,679.0,22.0,4,08/09/2026,OFFPEAK,AUGUST,2026,2026-08-09,4,0.7074999999999996,22.515,1.3574999999999982,normal,normal,0.0,49.938692,0.0,50.0,0.0,0.061308,-35.33162458999998,True
08/09/2026 05:00:00,24.36,26.0075,43483.7112,520.4,5.0,5,08/09/2026,OFFPEAK,AUGUST,2026,2026-08-09,5,-1.6475000000000009,23.19,2.817499999999999,normal,normal,0.0,49.945138,0.0,50.0,0.0,0.054862,82.28461485500004,True
08/09/2026 06:00:00,24.64,25.925,43571.9242,409.6,0.4,6,08/09/2026,OFFPEAK,AUGUST,2026,2026-08-09,6,-1.2850000000000001,23.1525,2.772500000000001,normal,normal,0.0,49.9343900001,0.0,50.0,0.0,0.0656099999,64.16569115012851,True
08/09/2026 07:00:00,23.34,26.08,44164.8708,323.3,0.0,7,08/09/2026,WEPEAK,AUGUST,2026,2026-08-09,7,-2.7399999999999984,23.41,2.669999999999998,normal,normal,0.0,49.9391990001,0.0,50.0,0.0,0.0608009999,136.8334052602739,True
08/09/2026 08:00:00,21.2,24.12,41919.6677,237.7,0.0,8,08/09/2026,WEPEAK,AUGUST,2026,2026-08-09,8,-2.9200000000000017,20.5025,3.6174999999999997,normal,normal,0.0,0.0,0.0,0.0,0.0,0.065905,0.0,False
08/09/2026 09:00:00,16.36,17.8075,32031.6422,143.7,0.0,9,08/09/2026,WEPEAK,AUGUST,2026,2026-08-09,9,-1.4475000000000016,17.53,0.27749999999999986,normal,normal,0.0,0.0,0.0,0.0,0.0,46.4795989998,0.0,False
08/09/2026 10:00:00,17.34,21.0275,27002.3827,85.9,0.0,10,08/09/2026,WEPEAK,AUGUST,2026,2026-08-09,10,-3.6875,17.3725,3.655000000000001,normal,normal,0.0,0.0,0.0,0.0,0.0,58.7207899999,0.0,False
08/09/2026 11:00:00,19.55,20.79,28949.7673,63.1,3.6,11,08/09/2026,WEPEAK,AUGUST,2026,2026-08-09,11,-1.2399999999999984,17.0275,3.7624999999999993,normal,normal,0.0,0.0,0.0,0.0,0.0,27.6827769998,0.0,False
08/09/2026 12:00:00,21.29,22.375,34155.355,79.7,48.6,12,08/09/2026,WEPEAK,AUGUST,2026,2026-08-09,12,-1.0850000000000009,19.165,3.210000000000001,normal,normal,50.0,0.0,50.0,0.0,0.0,8.466026,-54.25000000000004,True
08/09/2026 13:00:00,27.92,24.0225,39220.2003,125.0,246.2,13,08/09/2026,WEPEAK,AUGUST,2026,2026-08-09,13,3.897500000000001,23.4075,0.615000000000002,normal,normal,50.0,0.0,50.0,0.0,0.0,0.3433729998,194.87500000000006,True
08/09/2026 14:00:00,26.31,31.8625,41266.9999,313.7,831.1,14,08/09/2026,WEPEAK,AUGUST,2026,2026-08-09,14,-5.552500000000002,30.9425,0.9200000000000017,normal,normal,19.332700000000003,0.0,30.0,0.0,10.6673,0.0131959999,-107.34481675000005,True
08/09/2026 15:00:00,28.48,36.6325,42924.0397,481.5,1296.2,15,08/09/2026,WEPEAK,AUGUST,2026,2026-08-09,15,-8.1525,36.615,0.017499999999998295,normal,normal,0.0,0.0,0.0,0.0,23.7227,0.0030489999,0.0,False
08/09/2026 16:00:00,29.2,36.31,43657.1229,745.7,1685.6,16,08/09/2026,WEPEAK,AUGUST,2026,2026-08-09,16,-7.110000000000003,36.305,0.005000000000002558,normal,normal,0.0,0.0,0.0,0.0,20.0005,0.0238749999,0.0,False
08/09/2026 17:00:00,27.71,28.8125,43813.1496,1059.5,1953.4,17,08/09/2026,WEPEAK,AUGUST,2026,2026-08-09,17,-1.1024999999999991,36.505,-7.692500000000003,normal,normal,50.1,0.0,50.1,0.0,0.0,0.0632219998,-55.23524999999996,True
08/09/2026 18:00:00,27.1,21.07,44338.0131,1438.4,2071.1,18,08/09/2026,WEPEAK,AUGUST,2026,2026-08-09,18,6.030000000000001,38.485,-17.415,normal,normal,50.0,0.0,50.0,0.0,0.0,13.704662,301.50000000000006,True
08/09/2026 19:00:00,29.09,20.6775,48098.7336,1771.2,2016.3,19,08/09/2026,WEPEAK,AUGUST,2026,2026-08-09,19,8.412500000000001,37.95,-17.272500000000004,normal,normal,50.1,0.0,50.1,0.0,0.0,28.2835209997,421.46625000000006,True
08/09/2026 20:00:00,36.82,29.7625,57947.3561,1940.4,1787.1,20,08/09/2026,WEPEAK,AUGUST,2026,2026-08-09,20,7.057500000000001,48.725,-18.962500000000002,normal,normal,29.828100000000003,0.0,50.1,0.0,20.2719,1.050614,210.51181575000004,True
08/09/2026 21:00:00,40.39,37.1425,61577.7175,1971.3,1449.7,21,08/09/2026,WEPEAK,AUGUST,2026,2026-08-09,21,3.2475000000000023,53.1625,-16.020000000000003,normal,normal,0.0,0.0,0.0,0.0,36.2416,6.39999e-05,0.0,False
08/09/2026 22:00:00,41.71,42.265,57805.5552,1947.5,1177.8,22,08/09/2026,WEPEAK,AUGUST,2026,2026-08-09,22,-0.5549999999999997,57.735,-15.469999999999999,normal,normal,0.0,0.0,30.0,0.0,40.5109,0.0,0.0,False
08/09/2026 23:00:00,36.11,43.34,52338.0903,1890.3,1034.1,23,08/09/2026,OFFPEAK,AUGUST,2026,2026-08-09,23,-7.230000000000004,43.5225,-0.18249999999999744,normal,normal,41.716499999999996,0.0,50.0,0.0,8.2835,0.0342979998,-301.6102950000001,True
08/10/2026 00:00:00,29.53,31.4875,47163.3556,1794.2,950.6,24,08/09/2026,OFFPEAK,AUGUST,2026,2026-08-09,24,-1.9574999999999996,31.4875,0.0,normal,normal,0.0,0.0,0.0,0.0,0.0,0.0733939998,0.0,False
08/10/2026 01:00:00,25.44,27.8625,43234.7426,1717.7,836.9,1,08/10/2026,OFFPEAK,AUGUST,2026,2026-08-10,1,-2.4224999999999994,27.8625,0.0,normal,normal,0.0,0.0,0.0,0.0,0.0,0.058652,0.0,False
08/10/2026 02:00:00,23.81,23.61,40573.7483,1517.7,740.8,2,08/10/2026,OFFPEAK,AUGUST,2026,2026-08-10,2,0.1999999999999993,23.345,0.26500000000000057,normal,normal,0.0,0.0,0.0,0.0,0.0,0.0298299998,0.0,False
08/10/2026 03:00:00,22.39,23.0425,38951.78,1320.8,627.6,3,08/10/2026,OFFPEAK,AUGUST,2026,2026-08-10,3,-0.6524999999999999,22.4225,0.620000000000001,normal,normal,0.0,0.0,0.0,0.0,0.0,0.0827379998,0.0,False
08/10/2026 04:00:00,22.02,21.8025,38302.3379,1164.5,504.2,4,08/10/2026,OFFPEAK,AUGUST,2026,2026-08-10,4,0.21750000000000114,21.8025,0.0,normal,normal,0.0,0.0,0.0,0.0,0.0,0.1052329999,0.0,False
08/10/2026 05:00:00,22.37,21.5775,38859.6184,1038.2,404.1,5,08/10/2026,OFFPEAK,AUGUST,2026,2026-08-10,5,0.7925000000000004,21.5775,0.0,normal,normal,0.0,0.0,0.0,0.0,0.0,0.0992649999,0.0,False
08/10/2026 06:00:00,24.07,22.5975,40700.0861,951.4,338.1,6,08/10/2026,OFFPEAK,AUGUST,2026,2026-08-10,6,1.4725000000000001,22.595,0.002500000000001279,normal,normal,0.0,49.9656010003,0.0,50.0,0.0,0.0343989997,-73.57434747294175,True
08/10/2026 07:00:00,24.28,23.4875,43257.6721,867.0,299.2,7,08/10/2026,WDPEAK,AUGUST,2026,2026-08-10,7,0.7925000000000004,23.4875,0.0,normal,normal,0.0,49.8889910002,0.0,50.0,0.0,0.1110089998,-39.53702536765852,True
08/10/2026 08:00:00,22.71,21.295,42422.9997,762.8,274.7,8,08/10/2026,WDPEAK,AUGUST,2026,2026-08-10,8,1.4149999999999991,21.295,0.0,normal,normal,0.0,0.0,0.0,0.0,0.0,0.163146,0.0,False
08/10/2026 09:00:00,18.76,17.43,32907.6213,695.9,311.1,9,08/10/2026,WDPEAK,AUGUST,2026,2026-08-10,9,1.3300000000000018,17.4325,-0.002500000000001279,normal,normal,0.0,0.0,0.0,0.0,0.0,0.0750489998,0.0,False
08/10/2026 10:00:00,17.31,18.705,26854.88,688.8,494.4,10,08/10/2026,WDPEAK,AUGUST,2026,2026-08-10,10,-1.3949999999999996,18.285,0.41999999999999815,normal,normal,0.0,0.0,0.0,0.0,0.0,56.8876,0.0,False
08/10/2026 11:00:00,17.09,20.2525,28456.9298,668.3,707.4,11,08/10/2026,WDPEAK,AUGUST,2026,2026-08-10,11,-3.1625000000000014,19.95,0.302500000000002,normal,normal,0.0,0.0,0.0,0.0,0.0,50.92817,0.0,False
08/10/2026 12:00:00,18.12,22.1475,33228.6244,655.0,868.7,12,08/10/2026,WDPEAK,AUGUST,2026,2026-08-10,12,-4.0275,22.14,0.007500000000000284,normal,normal,30.1,0.0,30.1,0.0,0.0,20.5844179998,-121.22775,True
08/10/2026 13:00:00,19.41,23.6925,37677.5066,696.3,1166.0,13,08/10/2026,WDPEAK,AUGUST,2026,2026-08-10,13,-4.282499999999999,23.28,0.41249999999999787,normal,normal,30.1,0.0,30.1,0.0,0.0,0.3785179998,-128.90324999999999,True
08/10/2026 14:00:00,21.94,25.045,40984.5875,781.5,1650.1,14,08/10/2026,WDPEAK,AUGUST,2026,2026-08-10,14,-3.1050000000000004,23.445,1.6000000000000014,normal,normal,0.0,0.0,0.0,0.0,0.0,0.0317729999,0.0,False
08/10/2026 15:00:00,23.94,31.5975,42010.7986,924.2,2207.9,15,08/10/2026,WDPEAK,AUGUST,2026,2026-08-10,15,-7.657499999999999,24.805,6.7925,normal,normal,0.0,0.0,0.0,0.0,0.0,0.039917,0.0,False
08/10/2026 16:00:00,23.95,28.425,42026.5513,1115.0,2762.4,16,08/10/2026,WDPEAK,AUGUST,2026,2026-08-10,16,-4.475000000000001,25.145,3.280000000000001,normal,normal,0.0,0.0,0.0,0.0,0.0,0.0323159999,0.0,False
08/10/2026 17:00:00,22.63,23.5325,41758.0887,1389.0,3189.5,17,08/10/2026,WDPEAK,AUGUST,2026,2026-08-10,17,-0.9024999999999999,23.6525,-0.120000000000001,normal,normal,0.0,0.0,0.0,0.0,0.0,0.044284,0.0,False
08/10/2026 18:00:00,21.34,24.1025,42063.761,1735.4,3446.9,18,08/10/2026,WDPEAK,AUGUST,2026,2026-08-10,18,-2.7624999999999993,19.29,4.8125,normal,normal,0.0,0.0,0.0,0.0,0.0,0.0467819998,0.0,False
08/10/2026 19:00:00,24.11,21.8325,46047.0928,2130.0,3521.5,19,08/10/2026,WDPEAK,AUGUST,2026,2026-08-10,19,2.2775,23.02,-1.1875,normal,normal,0.0,0.0,0.0,0.0,0.0,0.049012,0.0,False
08/10/2026 20:00:00,24.79,20.1425,55935.9256,2481.5,3317.6,20,08/10/2026,WDPEAK,AUGUST,2026,2026-08-10,20,4.647500000000001,28.0725,-7.930000000000003,normal,normal,0.0,0.0,0.0,0.0,0.0,0.0553859999,0.0,False
08/10/2026 21:00:00,25.47,17.9875,58820.1754,2668.6,2953.0,21,08/10/2026,WDPEAK,AUGUST,2026,2026-08-10,21,7.482499999999998,27.3325,-9.344999999999999,normal,normal,0.0,0.0,0.0,0.0,0.0,0.0795619999,0.0,False
08/10/2026 22:00:00,28.3,20.04,54812.3656,2757.3,2634.0,22,08/10/2026,WDPEAK,AUGUST,2026,2026-08-10,22,8.260000000000002,25.84,-5.800000000000001,normal,normal,0.0,0.0,0.0,0.0,0.0,0.1088319998,0.0,False
08/10/2026 23:00:00,27.83,21.5125,49303.2972,2767.8,2425.4,23,08/10/2026,OFFPEAK,AUGUST,2026,2026-08-10,23,6.317499999999999,23.8775,-2.365000000000002,normal,normal,0.0,0.0,0.0,0.0,0.0,0.1006099998,0.0,False
08/11/2026 00:00:00,23.95,21.245,44509.4012,2710.7,2274.9,24,08/10/2026,OFFPEAK,AUGUST,2026,2026-08-10,24,2.7049999999999983,22.4875,-1.2424999999999997,normal,normal,0.0,0.0,0.0,0.0,0.0,0.1306059998,0.0,False
08/11/2026 01:00:00,22.96,21.175,42082.8699,2634.1,2063.3,1,08/11/2026,OFFPEAK,AUGUST,2026,2026-08-11,1,1.7850000000000001,21.2675,-0.09249999999999758,normal,normal,50.0,0.0,50.0,0.0,0.0,0.1184189999,89.25,True
08/11/2026 02:00:00,21.94,19.665,39218.2291,2503.3,1931.6,2,08/11/2026,OFFPEAK,AUGUST,2026,2026-08-11,2,2.275000000000002,19.665,0.0,normal,normal,0.0,0.0,0.0,0.0,0.0,0.0932669998,0.0,False
08/11/2026 03:00:00,21.44,17.885,37466.5207,2364.8,1756.1,3,08/11/2026,OFFPEAK,AUGUST,2026,2026-08-11,3,3.5549999999999997,17.885,0.0,normal,normal,0.0,0.0,0.0,0.0,0.0,0.0697499999,0.0,False
08/11/2026 04:00:00,21.6,17.7925,36843.44,2213.5,1516.6,4,08/11/2026,OFFPEAK,AUGUST,2026,2026-08-11,4,3.807500000000001,17.7925,0.0,normal,normal,0.0,0.0,0.0,0.0,0.0,0.078563,0.0,False
08/11/2026 05:00:00,21.63,17.535,37243.0809,2063.6,1291.6,5,08/11/2026,OFFPEAK,AUGUST,2026,2026-08-11,5,4.094999999999999,17.535,0.0,normal,normal,0.0,0.0,0.0,0.0,0.0,0.0556339999,0.0,False
08/11/2026 06:00:00,22.54,19.11,38730.2518,1950.1,1105.1,6,08/11/2026,OFFPEAK,AUGUST,2026,2026-08-11,6,3.4299999999999997,19.11,0.0,normal,normal,50.0,0.0,50.0,0.0,0.0,0.0496579998,171.5,True
08/11/2026 07:00:00,22.65,20.86,40794.2502,1858.8,994.2,7,08/11/2026,WDPEAK,AUGUST,2026,2026-08-11,7,1.7899999999999991,20.86,0.0,normal,normal,0.0,0.0,0.0,0.0,0.0,0.0491839999,0.0,False
08/11/2026 08:00:00,21.92,20.025,39319.2593,1740.2,926.2,8,08/11/2026,WDPEAK,AUGUST,2026,2026-08-11,8,1.8950000000000031,20.025,0.0,normal,normal,0.0,0.0,0.0,0.0,0.0,0.0450989999,0.0,False
08/11/2026 09:00:00,16.33,15.3575,28422.4804,1751.4,1012.5,9,08/11/2026,WDPEAK,AUGUST,2026,2026-08-11,9,0.9724999999999984,14.7125,0.6449999999999996,normal,normal,0.0,0.0,0.0,0.0,0.0,9.6925379999,0.0,False
08/11/2026 10:00:00,12.52,13.315,20600.2402,1925.9,1388.3,10,08/11/2026,WDPEAK,AUGUST,2026,2026-08-11,10,-0.7949999999999999,11.1875,2.1274999999999995,normal,normal,0.0,0.0,0.0,0.0,0.0,7.465548,0.0,False
08/11/2026 11:00:00,10.4,11.16,21824.9703,2023.4,1741.2,11,08/11/2026,WDPEAK,AUGUST,2026,2026-08-11,11,-0.7599999999999998,7.9775,3.1825,normal,normal,0.0,0.0,0.0,0.0,0.0,3.3824329999,0.0,False
08/11/2026 12:00:00,11.02,7.725,26550.9613,2025.4,1959.3,12,08/11/2026,WDPEAK,AUGUST,2026,2026-08-11,12,3.295,11.42,-3.6950000000000003,normal,normal,0.0,0.0,0.0,0.0,0.0,3.0485329997,0.0,False
08/11/2026 13:00:00,12.64,5.76,31415.4597,2048.6,2259.2,13,08/11/2026,WDPEAK,AUGUST,2026,2026-08-11,13,6.880000000000001,14.0725,-8.3125,normal,normal,0.0,0.0,0.0,0.0,0.0,2.8687429997,0.0,False
08/11/2026 14:00:00,14.51,6.5875,35284.5891,2096.5,2648.9,14,08/11/2026,WDPEAK,AUGUST,2026,2026-08-11,14,7.922499999999999,17.8925,-11.304999999999998,normal,normal,0.0,0.0,0.0,0.0,0.0,1.9061309998,0.0,False
08/11/2026 15:00:00,14.12,10.0775,37088.9591,2143.0,3098.2,15,08/11/2026,WDPEAK,AUGUST,2026,2026-08-11,15,4.042499999999999,21.045,-10.967500000000001,normal,normal,0.0,0.0,0.0,0.0,0.0,0.0881969999,0.0,False
08/11/2026 16:00:00,14.51,12.9825,37762.5097,2211.6,3458.0,16,08/11/2026,WDPEAK,AUGUST,2026,2026-08-11,16,1.5274999999999999,22.9825,-10.000000000000002,normal,normal,0.0,0.0,0.0,0.0,0.0,0.0351529998,0.0,False
08/11/2026 17:00:00,15.25,15.7625,38271.4506,2343.9,3627.5,17,08/11/2026,WDPEAK,AUGUST,2026,2026-08-11,17,-0.5124999999999993,24.035,-8.2725,normal,normal,0.0,0.0,0.0,0.0,0.0,0.0427679998,0.0,False
08/11/2026 18:00:00,15.43,15.5775,39167.0501,2529.5,3682.9,18,08/11/2026,WDPEAK,AUGUST,2026,2026-08-11,18,-0.14750000000000085,25.35,-9.7725,normal,normal,0.0,0.0,0.0,0.0,0.0,0.6923939999,0.0,False
08/11/2026 19:00:00,18.71,19.105,44010.6489,2708.3,3609.3,19,08/11/2026,WDPEAK,AUGUST,2026,2026-08-11,19,-0.3949999999999996,33.1,-13.995000000000001,normal,normal,0.0,0.0,0.0,0.0,2.1527,1.9544439998,0.0,False
08/11/2026 20:00:00,24.89,24.1925,55670.2904,2855.7,3313.2,20,08/11/2026,WDPEAK,AUGUST,2026,2026-08-11,20,0.6975000000000016,49.8875,-25.695000000000004,normal,normal,0.0,0.0,0.0,0.0,28.9324,0.0003879998,0.0,False
08/11/2026 21:00:00,27.46,27.3475,58551.6999,2941.7,2884.6,21,08/11/2026,WDPEAK,AUGUST,2026,2026-08-11,21,0.11250000000000071,47.0625,-19.715,normal,normal,0.0,0.0,0.0,0.0,20.974,0.004158,0.0,False
08/11/2026 22:00:00,28.26,35.5925,54431.1087,2955.0,2559.9,22,08/11/2026,WDPEAK,AUGUST,2026,2026-08-11,22,-7.3325,65.4925,-29.900000000000006,normal,normal,0.0,0.0,0.0,0.0,30.9429,0.000263,0.0,False
08/11/2026 23:00:00,29.46,30.4025,48848.5388,2930.3,2363.4,23,08/11/2026,OFFPEAK,AUGUST,2026,2026-08-11,23,-0.942499999999999,35.8225,-5.419999999999998,normal,normal,0.0,0.0,30.0,0.0,32.3096,0.000266,0.0,False
08/12/2026 00:00:00,23.84,27.06,44003.7311,2875.3,2251.6,24,08/11/2026,OFFPEAK,AUGUST,2026,2026-08-11,24,-3.219999999999999,28.1275,-1.0675000000000026,normal,normal,0.0,0.0,0.0,0.0,1.1349,0.1443939999,0.0,False
08/12/2026 01:00:00,22.95,21.335,40642.4591,2726.7,2194.4,1,08/12/2026,OFFPEAK,AUGUST,2026,2026-08-12,1,1.6149999999999984,22.45,-1.1149999999999984,normal,normal,50.0,0.0,50.0,0.0,0.0,0.1311689999,80.74999999999991,True
08/12/2026 02:00:00,22.47,21.375,37895.9401,2622.2,2025.5,2,08/12/2026,OFFPEAK,AUGUST,2026,2026-08-12,2,1.0949999999999989,21.6525,-0.27749999999999986,normal,normal,50.0,0.0,50.0,0.0,0.0,0.0848759998,54.74999999999994,True
08/12/2026 03:00:00,21.46,20.8625,35909.399,2500.4,1864.9,3,08/12/2026,OFFPEAK,AUGUST,2026,2026-08-12,3,0.5975000000000001,20.8625,0.0,normal,normal,50.0,0.0,50.0,0.0,0.0,0.0884729999,29.875000000000007,True
08/12/2026 04:00:00,20.8,21.075,34919.5786,2348.8,1661.1,4,08/12/2026,OFFPEAK,AUGUST,2026,2026-08-12,4,-0.2749999999999986,21.075,0.0,normal,normal,50.0,0.0,50.0,0.0,0.0,0.1071149999,-13.749999999999929,True
08/12/2026 05:00:00,20.31,21.7575,34998.9589,2227.4,1493.6,5,08/12/2026,OFFPEAK,AUGUST,2026,2026-08-12,5,-1.4475000000000016,21.7575,0.0,normal,normal,50.0,0.0,50.0,0.0,0.0,0.1017129999,-72.37500000000009,True
08/12/2026 06:00:00,22.04,23.125,36660.2191,2102.9,1318.1,6,08/12/2026,OFFPEAK,AUGUST,2026,2026-08-12,6,-1.0850000000000009,23.125,0.0,normal,normal,0.0,0.0,0.0,0.0,0.0,0.09188,0.0,False
08/12/2026 07:00:00,21.61,23.9125,38705.6197,1995.5,1198.6,7,08/12/2026,WDPEAK,AUGUST,2026,2026-08-12,7,-2.302500000000002,23.9125,0.0,normal,normal,0.0,0.0,0.0,0.0,0.0,3.8667069999,0.0,False
08/12/2026 08:00:00,19.58,20.045,36923.5997,1981.1,1350.3,8,08/12/2026,WDPEAK,AUGUST,2026,2026-08-12,8,-0.4650000000000034,20.05,-0.004999999999999005,normal,normal,0.0,6.5239259999999994,0.0,30.0,0.0,23.476074,3.033625590000022,True
08/12/2026 09:00:00,16.09,14.015,24489.8908,2206.3,1863.2,9,08/12/2026,WDPEAK,AUGUST,2026,2026-08-12,9,2.0749999999999993,13.99,0.025000000000000355,normal,normal,0.0,0.0,0.0,30.0,0.0,45.8172799998,0.0,False
08/12/2026 10:00:00,12.62,12.26,17986.57,2253.8,2200.7,10,08/12/2026,WDPEAK,AUGUST,2026,2026-08-12,10,0.35999999999999943,13.6375,-1.3774999999999995,normal,normal,0.0,0.0,0.0,0.0,0.0,45.5856299999,0.0,False
08/12/2026 11:00:00,9.07,12.9475,19237.7291,2273.8,2539.3,11,08/12/2026,WDPEAK,AUGUST,2026,2026-08-12,11,-3.8774999999999995,13.1425,-0.19500000000000028,normal,normal,0.0,0.0,0.0,0.0,0.0,18.7369339998,0.0,False
08/12/2026 12:00:00,10.82,14.6375,23256.081,2334.5,2894.3,12,08/12/2026,WDPEAK,AUGUST,2026,2026-08-12,12,-3.817499999999999,13.485,1.1524999999999999,normal,normal,0.0,0.0,0.0,0.0,0.0,8.1863089999,0.0,False
08/12/2026 13:00:00,12.73,15.245,27665.8191,2400.7,3246.8,13,08/12/2026,WDPEAK,AUGUST,2026,2026-08-12,13,-2.514999999999999,15.3125,-0.06750000000000078,normal,normal,0.1,0.0,0.1,0.0,0.0,10.7252419998,-0.2514999999999999,False
08/12/2026 14:00:00,16.76,23.2725,31153.8997,2456.4,3595.6,14,08/12/2026,WDPEAK,AUGUST,2026,2026-08-12,14,-6.512499999999999,17.73,5.5425,normal,normal,30.0,0.0,30.0,0.0,0.0,2.6354229999,-195.37499999999997,True
08/12/2026 15:00:00,18.55,23.795,32951.53,2510.6,3877.4,15,08/12/2026,WDPEAK,AUGUST,2026,2026-08-12,15,-5.245000000000001,21.365,2.4300000000000033,normal,normal,0.0,0.0,0.0,0.0,0.0,0.2842479998,0.0,False
08/12/2026 16:00:00,20.45,22.7075,33728.6313,2608.8,4086.0,16,08/12/2026,WDPEAK,AUGUST,2026,2026-08-12,16,-2.2575000000000003,20.305,2.4025,normal,normal,0.0,0.0,0.0,0.0,0.0,0.111536,0.0,False
08/12/2026 17:00:00,15.49,17.575,34320.9718,2778.3,4158.0,17,08/12/2026,WDPEAK,AUGUST,2026,2026-08-12,17,-2.084999999999999,29.605,-12.030000000000001,normal,normal,0.0,0.0,0.0,0.0,0.0,0.031633,0.0,False
08/12/2026 18:00:00,16.37,24.9875,35151.1503,2981.9,4210.0,18,08/12/2026,WDPEAK,AUGUST,2026,2026-08-12,18,-8.6175,34.2025,-9.215,normal,normal,48.1405,0.0,50.0,0.0,1.8595,0.0239759999,-414.85075875,True
08/12/2026 19:00:00,17.14,28.82,40219.9603,3157.0,4215.2,19,08/12/2026,WDPEAK,AUGUST,2026,2026-08-12,19,-11.68,41.63,-12.810000000000002,normal,normal,40.9073,0.0,50.0,0.0,9.0927,0.0195279999,-477.797264,True
08/12/2026 20:00:00,22.07,31.685,52471.5815,3211.9,3934.7,20,08/12/2026,WDPEAK,AUGUST,2026,2026-08-12,20,-9.614999999999998,52.74,-21.055000000000003,normal,normal,12.393700000000003,0.0,50.0,0.0,37.6063,9.89999e-05,-119.16542550000001,True
08/12/2026 21:00:00,23.2,29.4975,55386.3905,3246.0,3608.3,21,08/12/2026,WDPEAK,AUGUST,2026,2026-08-12,21,-6.297499999999999,57.9025,-28.405000000000005,normal,normal,18.6321,0.0,50.1,0.0,31.4679,0.000687,-117.33564975,True
08/12/2026 22:00:00,24.12,27.0975,52449.7502,3237.1,3258.5,22,08/12/2026,WDPEAK,AUGUST,2026,2026-08-12,22,-2.977499999999999,40.695,-13.5975,normal,normal,0.0,0.0,0.0,0.0,31.7617,0.0066669999,0.0,False
08/12/2026 23:00:00,24.76,24.1275,47854.2797,3205.8,3125.4,23,08/12/2026,OFFPEAK,AUGUST,2026,2026-08-12,23,0.6325000000000003,34.3675,-10.239999999999998,normal,normal,0.0,0.0,0.0,0.0,13.9632,0.0494839998,0.0,False
08/13/2026 00:00:00,20.73,18.115,43499.8707,3196.9,3000.2,24,08/12/2026,OFFPEAK,AUGUST,2026,2026-08-12,24,2.615000000000002,26.06,-7.945,normal,normal,0.0,0.0,0.0,0.0,0.0,0.2013559999,0.0,False
08/13/2026 01:00:00,18.69,14.9775,39715.8312,3208.9,3017.3,1,08/13/2026,OFFPEAK,AUGUST,2026,2026-08-13,1,3.712500000000002,23.4225,-8.445,normal,normal,0.0,0.0,0.0,0.0,0.0,0.1161099999,0.0,False
08/13/2026 02:00:00,18.32,14.7775,36635.3398,3139.5,2886.1,2,08/13/2026,OFFPEAK,AUGUST,2026,2026-08-13,2,3.5425000000000004,22.7125,-7.934999999999999,normal,normal,50.0,0.0,50.0,0.0,0.0,0.0857379999,177.12500000000003,True
08/13/2026 03:00:00,18.72,15.195,34378.7102,3021.6,2731.4,3,08/13/2026,OFFPEAK,AUGUST,2026,2026-08-13,3,3.5249999999999986,21.6325,-6.4375,normal,normal,50.0,0.0,50.0,0.0,0.0,0.1119179999,176.24999999999994,True
08/13/2026 04:00:00,17.9,19.1975,32993.7998,2888.3,2524.7,4,08/13/2026,OFFPEAK,AUGUST,2026,2026-08-13,4,-1.297500000000003,20.34,-1.1424999999999983,normal,normal,0.0,0.0,0.0,0.0,0.0,0.0990259999,0.0,False
08/13/2026 05:00:00,18.88,20.465,32763.8293,2705.5,2331.2,5,08/13/2026,OFFPEAK,AUGUST,2026,2026-08-13,5,-1.5850000000000009,20.545,-0.08000000000000185,normal,normal,0.0,0.0,0.0,0.0,0.0,0.0562249998,0.0,False
08/13/2026 06:00:00,19.44,21.4975,33949.8307,2543.3,2133.4,6,08/13/2026,OFFPEAK,AUGUST,2026,2026-08-13,6,-2.0574999999999974,21.5075,-0.010000000000001563,normal,normal,0.0,49.9629160001,0.0,50.0,0.0,0.0370839999,102.79869967020562,True
08/13/2026 07:00:00,19.99,23.255,36179.1399,2381.9,1967.1,7,08/13/2026,WDPEAK,AUGUST,2026,2026-08-13,7,-3.2650000000000006,23.255,0.0,normal,normal,0.0,49.9734290003,0.0,50.0,0.0,0.0265709997,163.16324568597952,True
08/13/2026 08:00:00,19.21,21.645,34628.5995,2288.1,2055.9,8,08/13/2026,WDPEAK,AUGUST,2026,2026-08-13,8,-2.4349999999999987,21.645,0.0,normal,normal,0.0,0.0,0.0,0.0,0.0,0.0377979999,0.0,False
08/13/2026 09:00:00,10.96,14.415,22445.3691,2544.1,2597.1,9,08/13/2026,WDPEAK,AUGUST,2026,2026-08-13,9,-3.4549999999999983,14.105,0.3099999999999987,normal,normal,0.0,0.0,0.0,0.0,0.0,27.7138439998,0.0,False
08/13/2026 10:00:00,5.41,7.355,16715.1808,2603.2,2912.1,10,08/13/2026,WDPEAK,AUGUST,2026,2026-08-13,10,-1.9450000000000003,9.83,-2.4749999999999996,normal,normal,0.0,0.0,0.0,0.0,0.0,59.8585599998,0.0,False
08/13/2026 11:00:00,4.61,8.105,18532.4406,2630.1,3124.8,11,08/13/2026,WDPEAK,AUGUST,2026,2026-08-13,11,-3.495,10.355,-2.25,normal,normal,0.0,0.0,0.0,0.0,0.0,25.1540129999,0.0,False
08/13/2026 12:00:00,5.46,9.7225,23054.4697,2601.4,3323.1,12,08/13/2026,WDPEAK,AUGUST,2026,2026-08-13,12,-4.2625,12.5825,-2.8599999999999994,normal,normal,0.0,0.0,0.0,0.0,0.0,2.9597269998,0.0,False
08/13/2026 13:00:00,9.31,13.9475,28171.8898,2576.1,3567.6,13,08/13/2026,WDPEAK,AUGUST,2026,2026-08-13,13,-4.637499999999999,13.5925,0.3550000000000004,normal,normal,0.0,0.0,0.0,0.0,0.0,2.5486889998,0.0,False
08/13/2026 14:00:00,11.17,19.955,32116.2507,2597.4,3809.3,14,08/13/2026,WDPEAK,AUGUST,2026,2026-08-13,14,-8.784999999999998,19.0225,0.9324999999999974,normal,normal,0.0,0.0,0.0,0.0,0.0,1.0494089998,0.0,False
08/13/2026 15:00:00,15.14,26.2325,34354.4715,2665.4,4030.9,15,08/13/2026,WDPEAK,AUGUST,2026,2026-08-13,15,-11.092500000000001,23.415,2.8175000000000026,normal,normal,50.0,0.0,50.0,0.0,0.0,0.0288929998,-554.625,True
08/13/2026 16:00:00,16.6,23.1275,35194.1617,2790.7,4178.4,16,08/13/2026,WDPEAK,AUGUST,2026,2026-08-13,16,-6.5275,22.8525,0.27500000000000213,normal,normal,50.0,0.0,50.0,0.0,0.0,0.0293519999,-326.375,True
08/13/2026 17:00:00,16.43,16.43,35530.2683,3010.1,4247.1,17,08/13/2026,WDPEAK,AUGUST,2026,2026-08-13,17,0.0,20.6125,-4.182500000000001,normal,normal,0.0,0.0,0.0,0.0,0.0,0.0324679997,0.0,False
08/13/2026 18:00:00,16.49,14.645,36201.4086,3224.9,4268.5,18,08/13/2026,WDPEAK,AUGUST,2026,2026-08-13,18,1.8449999999999989,24.2675,-9.622499999999999,normal,normal,0.0,0.0,0.0,0.0,0.0,0.0271589998,0.0,False
08/13/2026 19:00:00,17.09,16.7325,40918.2412,3373.8,4278.5,19,08/13/2026,WDPEAK,AUGUST,2026,2026-08-13,19,0.35749999999999815,39.205,-22.472499999999997,normal,normal,0.0,0.0,0.0,0.0,7.7124,0.0148379999,0.0,False
08/13/2026 20:00:00,20.37,21.37,53217.2007,3355.9,3926.1,20,08/13/2026,WDPEAK,AUGUST,2026,2026-08-13,20,-1.0,50.5025,-29.132499999999997,normal,normal,0.0,0.0,0.0,0.0,26.2997,0.0005619998,0.0,False
08/13/2026 21:00:00,21.0,22.64,55987.6492,3325.3,3570.2,21,08/13/2026,WDPEAK,AUGUST,2026,2026-08-13,21,-1.6400000000000006,71.735,-49.095,normal,normal,0.0,0.0,0.0,0.0,40.1156,0.000127,0.0,False
08/13/2026 22:00:00,24.93,21.0525,53404.06,3244.4,3125.4,22,08/13/2026,WDPEAK,AUGUST,2026,2026-08-13,22,3.8775000000000013,37.94,-16.8875,normal,normal,0.0,0.0,0.0,0.0,39.2451,5.8e-05,0.0,False
08/13/2026 23:00:00,26.68,20.645,49127.0193,3125.5,2843.7,23,08/13/2026,OFFPEAK,AUGUST,2026,2026-08-13,23,6.035,37.6675,-17.022499999999997,normal,normal,0.0,0.0,0.0,0.0,8.8916,0.0361299998,0.0,False
08/14/2026 00:00:00,24.6,19.455,44908.0506,2982.5,2601.7,24,08/13/2026,OFFPEAK,AUGUST,2026,2026-08-13,24,5.145000000000003,34.1025,-14.6475,normal,normal,0.0,0.0,0.0,0.0,0.0,0.0977939998,0.0,False
08/14/2026 01:00:00,19.51,21.3225,41114.6703,3078.2,2814.8,1,08/14/2026,OFFPEAK,AUGUST,2026,2026-08-14,1,-1.8125,28.31,-6.987499999999997,normal,normal,50.0,0.0,50.0,0.0,0.0,0.1666889998,-90.625,True
08/14/2026 02:00:00,21.12,24.4575,38237.0498,2851.3,2508.2,2,08/14/2026,OFFPEAK,AUGUST,2026,2026-08-14,2,-3.3374999999999986,25.0975,-0.6400000000000006,normal,normal,50.0,0.0,50.0,0.0,0.0,0.075428,-166.87499999999994,True
08/14/2026 03:00:00,21.28,23.28,35897.8307,2603.3,2218.1,3,08/14/2026,OFFPEAK,AUGUST,2026,2026-08-14,3,-2.0,23.28,0.0,normal,normal,50.0,0.0,50.0,0.0,0.0,0.0839129999,-100.0,True
08/14/2026 04:00:00,21.87,22.3675,34927.0603,2365.9,1928.3,4,08/14/2026,OFFPEAK,AUGUST,2026,2026-08-14,4,-0.4974999999999987,22.375,-0.007500000000000284,normal,normal,0.0,0.0,0.0,0.0,0.0,0.074868,0.0,False
08/14/2026 05:00:00,21.69,21.355,35363.5306,2190.6,1647.9,5,08/14/2026,OFFPEAK,AUGUST,2026,2026-08-14,5,0.33500000000000085,21.355,0.0,normal,normal,0.0,0.0,0.0,0.0,0.0,0.0606229999,0.0,False
08/14/2026 06:00:00,22.82,21.935,36890.9397,2064.1,1437.8,6,08/14/2026,OFFPEAK,AUGUST,2026,2026-08-14,6,0.8850000000000016,21.935,0.0,normal,normal,0.0,0.0,0.0,0.0,0.0,0.0565559997,0.0,False
08/14/2026 07:00:00,23.52,23.365,39429.3203,1970.1,1305.5,7,08/14/2026,WDPEAK,AUGUST,2026,2026-08-14,7,0.15500000000000114,23.365,0.0,normal,normal,0.0,0.0,0.0,0.0,0.0,0.0586779999,0.0,False
08/14/2026 08:00:00,22.23,19.965,38409.5102,1963.9,1416.4,8,08/14/2026,WDPEAK,AUGUST,2026,2026-08-14,8,2.2650000000000006,20.4525,-0.4875000000000007,normal,normal,0.0,0.0,0.0,0.0,0.0,0.0458779999,0.0,False
08/14/2026 09:00:00,17.56,14.885,27843.549,2297.4,1840.9,9,08/14/2026,WDPEAK,AUGUST,2026,2026-08-14,9,2.674999999999999,16.0275,-1.1425,normal,normal,50.0,0.0,50.0,0.0,0.0,13.686633,133.74999999999994,True
08/14/2026 10:00:00,10.73,13.3475,22254.8507,2401.0,2243.3,10,08/14/2026,WDPEAK,AUGUST,2026,2026-08-14,10,-2.6174999999999997,13.9075,-0.5600000000000005,normal,normal,0.0,0.18415000019999894,0.0,50.0,0.0,49.8158499998,0.48201262552349716,False
08/14/2026 11:00:00,11.58,11.3225,24096.9991,2410.0,2492.5,11,08/14/2026,WDPEAK,AUGUST,2026,2026-08-14,11,0.2575000000000003,11.8775,-0.5549999999999997,normal,normal,0.0,0.0,0.0,50.0,0.0,56.6084999999,0.0,False
08/14/2026 12:00:00,11.06,11.57,27771.1611,2408.2,2766.6,12,08/14/2026,WDPEAK,AUGUST,2026,2026-08-14,12,-0.5099999999999998,12.7625,-1.192499999999999,normal,normal,0.0,34.3629680001,0.0,50.0,0.0,15.6370319999,17.525113680050993,True
08/14/2026 13:00:00,12.68,15.57,31838.05,2424.5,3078.0,13,08/14/2026,WDPEAK,AUGUST,2026,2026-08-14,13,-2.8900000000000006,15.475,0.09500000000000064,normal,normal,0.0,46.503942,0.0,50.0,0.0,3.496058,134.39639238000004,True
08/14/2026 14:00:00,15.76,18.0775,34240.9215,2463.2,3382.2,14,08/14/2026,WDPEAK,AUGUST,2026,2026-08-14,14,-2.317500000000001,16.4275,1.6500000000000021,normal,normal,0.0,49.9119350002,0.0,50.0,0.0,0.0880649998,115.67090936296354,True
08/14/2026 15:00:00,18.15,25.1125,35285.2385,2511.6,3632.1,15,08/14/2026,WDPEAK,AUGUST,2026,2026-08-14,15,-6.962500000000002,19.7175,5.395,normal,normal,0.0,49.9663900001,0.0,50.0,0.0,0.0336099999,347.89099037569633,True
08/14/2026 16:00:00,20.56,25.9075,35224.9812,2619.1,3861.2,16,08/14/2026,WDPEAK,AUGUST,2026,2026-08-14,16,-5.3475,20.3075,5.599999999999998,normal,normal,0.0,0.0,0.0,0.0,0.0,0.0315869997,0.0,False
08/14/2026 17:00:00,19.68,19.2725,35621.6801,2809.8,3944.3,17,08/14/2026,WDPEAK,AUGUST,2026,2026-08-14,17,0.40749999999999886,17.095,2.177500000000002,normal,normal,0.0,49.9524040002,0.0,50.0,0.0,0.0475959998,-20.35560463008144,True
08/14/2026 18:00:00,19.04,21.0225,35864.9487,3028.0,3952.1,18,08/14/2026,WDPEAK,AUGUST,2026,2026-08-14,18,-1.9825000000000017,17.2075,3.8150000000000013,normal,normal,0.0,48.0569360003,0.0,50.0,0.0,1.9430639997,95.27287562059483,True
08/14/2026 19:00:00,21.68,27.205,40372.889,3206.3,3905.0,19,08/14/2026,WDPEAK,AUGUST,2026,2026-08-14,19,-5.524999999999999,20.7675,6.4375,normal,normal,0.0,49.9993020001,0.0,50.0,37.7329,0.0006979999,276.24614355055246,True
08/14/2026 20:00:00,24.24,29.5075,51891.4196,3180.2,3513.4,20,08/14/2026,WDPEAK,AUGUST,2026,2026-08-14,20,-5.267500000000002,28.71,0.7974999999999994,normal,normal,0.0,49.9997920001,0.0,50.0,41.7579,0.0002079999,263.37390436052686,True
08/14/2026 21:00:00,26.15,26.885,55725.0391,3146.5,3139.0,21,08/14/2026,WDPEAK,AUGUST,2026,2026-08-14,21,-0.735000000000003,29.17,-2.285,normal,normal,0.0,49.9998700001,0.0,50.0,37.3529,0.0001299999,36.74990445007365,True
08/14/2026 22:00:00,23.38,26.745,54230.9918,3054.5,2759.4,22,08/14/2026,WDPEAK,AUGUST,2026,2026-08-14,22,-3.365000000000002,26.76,-0.015000000000000568,normal,normal,0.0,0.0,0.0,0.0,2.0573,0.0279569999,0.0,False
08/14/2026 23:00:00,23.3,26.545,51044.6891,2965.2,2528.4,23,08/14/2026,OFFPEAK,AUGUST,2026,2026-08-14,23,-3.245000000000001,26.5475,-0.0024999999999977263,normal,normal,0.0,0.0,0.0,0.0,0.0,0.0741689999,0.0,False
08/15/2026 00:00:00,24.57,25.7825,47603.8213,2846.1,2328.9,24,08/14/2026,OFFPEAK,AUGUST,2026,2026-08-14,24,-1.2124999999999986,25.7825,0.0,normal,normal,0.0,0.0,0.0,0.0,0.0,0.064139,0.0,False
08/15/2026 01:00:00,20.77,23.6825,42366.7308,2819.0,2232.4,1,08/15/2026,OFFPEAK,AUGUST,2026,2026-08-15,1,-2.9125000000000014,23.6825,0.0,normal,normal,0.0,0.0,0.0,0.0,0.0,0.0558339999,0.0,False
08/15/2026 02:00:00,22.17,23.3775,39825.8704,2590.9,2010.3,2,08/15/2026,OFFPEAK,AUGUST,2026,2026-08-15,2,-1.2074999999999996,23.3775,0.0,normal,normal,50.1,0.0,50.1,0.0,0.0,0.0400609998,-60.49574999999998,True
08/15/2026 03:00:00,22.64,23.4925,38229.2295,2387.7,1781.5,3,08/15/2026,OFFPEAK,AUGUST,2026,2026-08-15,3,-0.8524999999999991,23.4925,0.0,normal,normal,50.0,0.0,50.0,0.0,0.0,0.0636619998,-42.62499999999996,True
08/15/2026 04:00:00,22.38,23.1375,37379.2291,2160.8,1543.0,4,08/15/2026,OFFPEAK,AUGUST,2026,2026-08-15,4,-0.7575000000000003,23.1375,0.0,normal,normal,50.0,0.0,50.0,0.0,0.0,0.081129,-37.875000000000014,True
08/15/2026 05:00:00,22.22,23.7325,37322.3587,1960.0,1241.9,5,08/15/2026,OFFPEAK,AUGUST,2026,2026-08-15,5,-1.5125000000000028,23.7325,0.0,normal,normal,0.0,0.0,0.0,0.0,0.0,0.0820129999,0.0,False
08/15/2026 06:00:00,23.04,25.4775,37841.7209,1790.5,994.2,6,08/15/2026,OFFPEAK,AUGUST,2026,2026-08-15,6,-2.4375,25.4775,0.0,normal,normal,0.0,0.0,0.0,0.0,0.0,0.0570529999,0.0,False
08/15/2026 07:00:00,23.76,25.3775,38755.6197,1634.2,827.3,7,08/15/2026,WEPEAK,AUGUST,2026,2026-08-15,7,-1.6174999999999997,25.3775,0.0,normal,normal,0.0,0.0,0.0,0.0,0.0,0.0947659997,0.0,False
08/15/2026 08:00:00,22.86,23.29,37368.1001,1605.7,847.0,8,08/15/2026,WEPEAK,AUGUST,2026,2026-08-15,8,-0.4299999999999997,23.285,0.004999999999999005,normal,normal,0.0,0.0,0.0,0.0,0.0,0.0899669999,0.0,False
08/15/2026 09:00:00,17.86,15.79,26889.2106,1776.2,1128.4,9,08/15/2026,WEPEAK,AUGUST,2026,2026-08-15,9,2.0700000000000003,15.3525,0.4375,normal,normal,0.0,0.0,0.0,0.0,0.0,0.0694979998,0.0,False
08/15/2026 10:00:00,14.92,14.295,22133.9401,1820.2,1306.1,10,08/15/2026,WEPEAK,AUGUST,2026,2026-08-15,10,0.625,13.2125,1.0824999999999996,normal,normal,0.0,0.0,0.0,30.0,0.0,57.9936199999,0.0,False
08/15/2026 11:00:00,14.3,14.59,24085.7986,1872.2,1503.0,11,08/15/2026,WEPEAK,AUGUST,2026,2026-08-15,11,-0.28999999999999915,15.03,-0.4399999999999995,normal,normal,0.0,0.0,0.0,50.0,0.0,50.1597499998,0.0,False
08/15/2026 12:00:00,13.67,15.2925,28247.72,1886.1,1767.2,12,08/15/2026,WEPEAK,AUGUST,2026,2026-08-15,12,-1.6225000000000005,17.775,-2.482499999999998,normal,normal,0.0,22.807198,0.0,30.0,0.0,7.192802,37.00467875500001,True
08/15/2026 13:00:00,14.98,15.0575,32300.1106,1879.6,2086.8,13,08/15/2026,WEPEAK,AUGUST,2026,2026-08-15,13,-0.07749999999999879,20.365,-5.307499999999999,normal,normal,0.1,0.0,0.1,0.0,0.0,4.624969,-0.007749999999999879,False
08/15/2026 14:00:00,18.01,14.81,34750.0493,1920.8,2323.2,14,08/15/2026,WEPEAK,AUGUST,2026,2026-08-15,14,3.200000000000001,22.7775,-7.967499999999999,normal,normal,50.0,0.0,50.0,0.0,0.0,0.2829179998,160.00000000000006,True
08/15/2026 15:00:00,20.24,20.825,36543.1682,1988.4,2563.3,15,08/15/2026,WEPEAK,AUGUST,2026,2026-08-15,15,-0.5850000000000009,22.9575,-2.1325000000000003,normal,normal,50.0,0.0,50.0,0.0,0.0,0.0900399997,-29.250000000000043,True
08/15/2026 16:00:00,22.56,16.51,37373.0204,2126.8,2837.1,16,08/15/2026,WEPEAK,AUGUST,2026,2026-08-15,16,6.049999999999997,22.735,-6.224999999999998,normal,normal,50.1,0.0,50.1,0.0,0.0,3.3809889998,303.10499999999985,True
08/15/2026 17:00:00,20.43,13.5075,37401.8094,2374.3,2974.8,17,08/15/2026,WEPEAK,AUGUST,2026,2026-08-15,17,6.922499999999999,20.97,-7.462499999999999,normal,normal,50.0,0.0,50.0,0.0,0.0,0.2992439998,346.125,True
08/15/2026 18:00:00,19.87,8.765,38230.2488,2687.1,3034.7,18,08/15/2026,WEPEAK,AUGUST,2026,2026-08-15,18,11.105,19.515,-10.75,normal,normal,0.0,0.0,0.0,0.0,0.0,0.115708,0.0,False
08/15/2026 19:00:00,21.28,15.1125,43232.9897,2909.4,3052.6,19,08/15/2026,WEPEAK,AUGUST,2026,2026-08-15,19,6.1675,27.45,-12.337499999999999,normal,normal,49.9961,0.0,50.0,0.0,0.0039,0.0429189998,308.35094675,True
08/15/2026 20:00:00,27.08,25.79,55396.9883,2886.8,2655.6,20,08/15/2026,WEPEAK,AUGUST,2026,2026-08-15,20,1.2899999999999991,40.3525,-14.5625,normal,normal,22.2959,0.0,30.0,0.0,7.7041,0.0239359999,28.76171099999998,True
08/15/2026 21:00:00,30.0,27.4375,58898.7099,2858.6,2256.2,21,08/15/2026,WEPEAK,AUGUST,2026,2026-08-15,21,2.5625,37.7725,-10.335,normal,normal,0.0,0.0,43.8,0.0,52.5269,0.0,0.0,False
08/15/2026 22:00:00,30.87,30.1,56457.78,2736.0,1921.2,22,08/15/2026,WEPEAK,AUGUST,2026,2026-08-15,22,0.7699999999999996,31.0525,-0.952499999999997,normal,normal,5.976799999999997,0.0,50.0,0.0,44.0232,0.0004699999,4.602135999999995,True
08/15/2026 23:00:00,32.71,32.8625,53030.239,2509.0,1667.7,23,08/15/2026,OFFPEAK,AUGUST,2026,2026-08-15,23,-0.1524999999999963,32.89,-0.02750000000000341,normal,normal,0.0,0.0,0.0,0.0,0.7535,0.0549959999,0.0,False
08/16/2026 00:00:00,29.34,36.2675,49300.4304,2318.4,1486.5,24,08/15/2026,OFFPEAK,AUGUST,2026,2026-08-15,24,-6.927499999999998,35.95,0.31749999999999545,normal,normal,0.0,0.0,0.0,0.0,0.0,0.0838499997,0.0,False
08/16/2026 01:00:00,24.79,35.9875,44535.391,2195.6,1364.7,1,08/16/2026,OFFPEAK,AUGUST,2026,2026-08-16,1,-11.197499999999998,33.5875,2.3999999999999986,scarcity_bearish,scarcity_bearish_rlz,0.0,0.0,0.0,0.0,0.0,0.0836309998,0.0,False
08/16/2026 02:00:00,23.9,32.4275,42280.0904,1969.9,1158.7,2,08/16/2026,OFFPEAK,AUGUST,2026,2026-08-16,2,-8.527500000000003,29.565,2.8625000000000007,scarcity_bearish,scarcity_bearish_rlz,0.0,0.0,0.0,0.0,0.0,0.1160489998,0.0,False
08/16/2026 03:00:00,23.21,33.12,40722.0414,1723.4,940.6,3,08/16/2026,OFFPEAK,AUGUST,2026,2026-08-16,3,-9.909999999999997,28.0275,5.092499999999998,scarcity_bearish,scarcity_bearish_rlz,0.0,0.0,0.0,0.0,0.0,0.1401269998,0.0,False
08/16/2026 04:00:00,22.94,25.95,39758.1903,1474.3,728.9,4,08/16/2026,OFFPEAK,AUGUST,2026,2026-08-16,4,-3.009999999999998,25.435,0.5150000000000006,scarcity_bearish,scarcity_bearish_rlz,0.0,0.0,0.0,0.0,0.0,0.1356769998,0.0,False
08/16/2026 05:00:00,22.34,23.5075,39391.4699,1255.6,539.1,5,08/16/2026,OFFPEAK,AUGUST,2026,2026-08-16,5,-1.1675000000000004,23.5075,0.0,scarcity_bearish,scarcity_bearish_rlz,0.0,0.0,0.0,0.0,0.0,0.1355679997,0.0,False
08/16/2026 06:00:00,23.19,26.6725,39455.9699,1098.7,388.7,6,08/16/2026,OFFPEAK,AUGUST,2026,2026-08-16,6,-3.482499999999998,26.6725,0.0,scarcity_bearish,scarcity_bearish_rlz,0.0,0.0,0.0,0.0,0.0,0.1487479999,0.0,False
08/16/2026 07:00:00,22.54,27.4375,40494.8901,972.7,288.0,7,08/16/2026,WEPEAK,AUGUST,2026,2026-08-16,7,-4.897500000000001,27.4375,0.0,scarcity_bearish,scarcity_bearish_rlz,0.0,0.0,0.0,0.0,0.0,0.0722329998,0.0,False
08/16/2026 08:00:00,20.78,22.1,39180.3807,839.6,228.7,8,08/16/2026,WEPEAK,AUGUST,2026,2026-08-16,8,-1.3200000000000003,22.1,0.0,scarcity_bearish,scarcity_bearish_rlz,0.0,0.0,0.0,0.0,0.0,0.0906399999,0.0,False
08/16/2026 09:00:00,16.27,17.4475,30247.4192,745.0,228.4,9,08/16/2026,WEPEAK,AUGUST,2026,2026-08-16,9,-1.177500000000002,17.4525,-0.004999999999999005,scarcity_bearish,scarcity_bearish_rlz,0.0,0.0,0.0,0.0,0.0,0.093575,0.0,False
08/16/2026 10:00:00,15.57,16.295,25711.6596,721.4,319.3,10,08/16/2026,WEPEAK,AUGUST,2026,2026-08-16,10,-0.7250000000000014,16.235,0.060000000000002274,scarcity_bearish,scarcity_bearish_rlz,0.0,0.0,0.0,0.0,0.0,29.7841559998,0.0,False
08/16/2026 11:00:00,16.35,16.9625,28268.96,684.7,449.3,11,08/16/2026,WEPEAK,AUGUST,2026,2026-08-16,11,-0.6124999999999972,16.8925,0.07000000000000028,scarcity_bearish,scarcity_bearish_rlz,0.0,0.0,0.0,0.0,0.0,61.1502199998,0.0,False
08/16/2026 12:00:00,19.33,17.965,33663.7402,621.8,602.1,12,08/16/2026,WEPEAK,AUGUST,2026,2026-08-16,12,1.3649999999999984,18.56,-0.5949999999999989,scarcity_bearish,scarcity_bearish_rlz,0.0,15.9104730002,0.0,50.0,0.0,34.0895269998,-21.717795645272975,True
08/16/2026 13:00:00,21.8,18.2175,38802.0901,608.9,875.1,13,08/16/2026,WEPEAK,AUGUST,2026,2026-08-16,13,3.5824999999999996,20.7375,-2.5199999999999996,scarcity_bearish,scarcity_bearish_rlz,0.0,47.6088010001,0.0,50.0,0.0,2.3911989999,-170.55852958285823,True
08/16/2026 14:00:00,24.06,20.0825,42113.8098,631.6,1291.2,14,08/16/2026,WEPEAK,AUGUST,2026,2026-08-16,14,3.977499999999999,24.0525,-3.969999999999999,scarcity_bearish,scarcity_bearish_rlz,0.0,49.8296680003,0.0,50.0,0.0,0.1703319997,-198.1975044711932,True
08/16/2026 15:00:00,24.51,28.0675,44305.1614,724.9,1782.6,15,08/16/2026,WEPEAK,AUGUST,2026,2026-08-16,15,-3.5574999999999974,31.4975,-3.4299999999999997,scarcity_bearish,scarcity_bearish_rlz,0.0,49.8575860002,0.0,50.0,0.0,0.1424139998,177.36836219571137,True
08/16/2026 16:00:00,25.34,23.6175,45542.5405,947.1,2213.0,16,08/16/2026,WEPEAK,AUGUST,2026,2026-08-16,16,1.7225000000000001,28.02,-4.4025,scarcity_bearish,scarcity_bearish_rlz,0.0,0.0,0.0,0.0,0.0,0.1975539998,0.0,False
08/16/2026 17:00:00,21.89,21.9575,45744.1708,1258.0,2521.5,17,08/16/2026,WEPEAK,AUGUST,2026,2026-08-16,17,-0.067499999999999,25.85,-3.892500000000002,scarcity_bearish,scarcity_bearish_rlz,0.0,49.7865680002,0.0,50.0,0.0,0.2134319998,3.3605933400134504,True
08/16/2026 18:00:00,20.95,18.23,46914.5497,1646.3,2703.7,18,08/16/2026,WEPEAK,AUGUST,2026,2026-08-16,18,2.719999999999999,23.28,-5.050000000000001,scarcity_bearish,scarcity_bearish_rlz,0.0,49.7942900001,0.0,50.0,0.0,0.2057099999,-135.44046880027193,True
08/16/2026 19:00:00,21.03,21.7175,52678.2887,2036.8,2655.3,19,08/16/2026,WEPEAK,AUGUST,2026,2026-08-16,19,-0.6875,39.0825,-17.365000000000002,scarcity_bearish,scarcity_bearish_rlz,0.0,49.9471870002,0.0,50.0,0.0,0.0528129998,34.3386910626375,True
08/16/2026 20:00:00,19.76,30.955,65007.0199,2318.8,2349.6,20,08/16/2026,WEPEAK,AUGUST,2026,2026-08-16,20,-11.194999999999997,74.6925,-43.7375,scarcity_bearish,scarcity_bearish_rlz,0.0,49.9615850001,0.0,50.0,0.0,0.0384149999,559.3199440761193,True
08/16/2026 21:00:00,25.42,39.5475,68086.8895,2428.9,1906.7,21,08/16/2026,WEPEAK,AUGUST,2026,2026-08-16,21,-14.127499999999998,89.325,-49.7775,scarcity_bearish,scarcity_bearish_rlz,0.0,49.9941380001,0.0,50.0,10.6784,0.0058619999,706.2921845964127,True
08/16/2026 22:00:00,32.66,45.525,63959.6016,2380.6,1510.9,22,08/16/2026,WEPEAK,AUGUST,2026,2026-08-16,22,-12.865000000000002,69.1275,-23.6025,scarcity_bearish,scarcity_bearish_rlz,0.0,50.0,0.0,50.0,47.0306,0.0,643.2500000000001,True
08/16/2026 23:00:00,42.81,31.1825,58471.1721,2220.2,1224.7,23,08/16/2026,OFFPEAK,AUGUST,2026,2026-08-16,23,11.627500000000001,32.985,-1.8024999999999984,scarcity_bearish,scarcity_bearish_rlz,0.0,0.0,0.0,0.0,18.3327,0.058417,0.0,False
08/17/2026 00:00:00,30.34,27.1575,53370.2995,1978.2,1006.1,24,08/16/2026,OFFPEAK,AUGUST,2026,2026-08-16,24,3.182500000000001,26.9275,0.23000000000000043,scarcity_bearish,scarcity_bearish_rlz,0.0,0.0,0.0,0.0,0.0,0.1449749999,0.0,False
08/17/2026 01:00:00,29.54,23.975,49684.4009,1845.2,873.8,1,08/17/2026,OFFPEAK,AUGUST,2026,2026-08-17,1,5.564999999999998,23.945,0.030000000000001137,scarcity_bearish,scarcity_bearish_rlz,0.0,0.0,0.0,0.0,0.0,0.5626550102068318,0.0,False
08/17/2026 02:00:00,27.46,24.0575,46470.5797,1573.4,650.1,2,08/17/2026,OFFPEAK,AUGUST,2026,2026-08-17,2,3.4025,24.0575,0.0,scarcity_bearish,scarcity_bearish_rlz,0.0,0.0,0.0,0.0,0.0,0.45844748181601364,0.0,False
08/17/2026 03:00:00,26.55,23.0,44506.5101,1312.5,456.4,3,08/17/2026,OFFPEAK,AUGUST,2026,2026-08-17,3,3.5500000000000007,23.0,0.0,scarcity_bearish,scarcity_bearish_rlz,0.0,0.0,0.0,0.0,0.0001,0.5304654980368084,0.0,False
08/17/2026 04:00:00,25.13,22.025,43925.4491,1100.5,310.9,4,08/17/2026,OFFPEAK,AUGUST,2026,2026-08-17,4,3.1050000000000004,22.025,0.0,scarcity_bearish,scarcity_bearish_rlz,0.0,0.0,0.0,0.0,0.0,0.555610887143347,0.0,False
08/17/2026 05:00:00,26.97,21.8675,44533.1595,925.7,179.4,5,08/17/2026,OFFPEAK,AUGUST,2026,2026-08-17,5,5.102499999999999,21.8675,0.0,scarcity_bearish,scarcity_bearish_rlz,0.0,0.0,0.0,0.0,0.0,0.1851592376248704,0.0,False
08/17/2026 06:00:00,30.02,25.0975,46569.7098,776.4,91.0,6,08/17/2026,OFFPEAK,AUGUST,2026,2026-08-17,6,4.922499999999999,25.0975,0.0,scarcity_bearish,scarcity_bearish_rlz,0.0,0.0,0.0,0.0,0.0028,0.14485163503326476,0.0,False
08/17/2026 07:00:00,33.09,28.875,49710.1706,645.9,46.8,7,08/17/2026,WDPEAK,AUGUST,2026,2026-08-17,7,4.215000000000003,28.875,0.0,scarcity_bearish,scarcity_bearish_rlz,0.0,0.0,0.0,0.0,0.0034,0.1798241059116683,0.0,False
08/17/2026 08:00:00,32.17,29.225,48862.8398,516.7,32.5,8,08/17/2026,WDPEAK,AUGUST,2026,2026-08-17,8,2.9450000000000003,29.225,0.0,scarcity_bearish,scarcity_bearish_rlz,0.0,0.0,0.0,0.0,0.0,0.23337044287886885,0.0,False
08/17/2026 09:00:00,22.04,20.47,39193.0895,378.5,40.3,9,08/17/2026,WDPEAK,AUGUST,2026,2026-08-17,9,1.5700000000000003,19.4475,1.0224999999999973,scarcity_bearish,scarcity_bearish_rlz,0.0,0.0,0.0,0.0,0.0,39.24959918637242,0.0,False
08/17/2026 10:00:00,21.59,20.3775,34537.6712,292.8,99.0,10,08/17/2026,WDPEAK,AUGUST,2026,2026-08-17,10,1.2124999999999986,17.2025,3.1750000000000007,scarcity_bearish,scarcity_bearish_rlz,0.0,0.0,0.0,0.0,0.0,40.70382185863124,0.0,False
08/17/2026 11:00:00,22.4,20.875,36717.3183,268.0,213.4,11,08/17/2026,WDPEAK,AUGUST,2026,2026-08-17,11,1.5249999999999986,18.4375,2.4375,scarcity_bearish,scarcity_bearish_rlz,0.0,0.0,0.0,0.0,0.0,11.86801320988271,0.0,False
08/17/2026 12:00:00,25.44,24.56,41502.9702,253.8,373.6,12,08/17/2026,WDPEAK,AUGUST,2026,2026-08-17,12,0.8800000000000026,21.4475,3.112499999999997,scarcity_bearish,scarcity_bearish_rlz,0.0,48.28257884838515,0.0,50.0,0.0,1.7174211516148514,-42.488669386579055,True
08/17/2026 13:00:00,27.55,24.68,46417.3601,274.9,657.1,13,08/17/2026,WDPEAK,AUGUST,2026,2026-08-17,13,2.870000000000001,32.1075,-7.427500000000002,scarcity_bearish,scarcity_bearish_rlz,0.0,48.35123725841443,0.0,50.0,0.0002,1.6487627415855726,-138.76805093164947,True
08/17/2026 14:00:00,28.9,35.71,49732.639,342.3,1065.7,14,08/17/2026,WDPEAK,AUGUST,2026,2026-08-17,14,-6.810000000000002,36.495,-0.7849999999999966,scarcity_bearish,scarcity_bearish_rlz,0.0,49.71461834557872,0.0,50.0,0.0002,0.2853816544212815,338.5565509333912,True
08/17/2026 15:00:00,32.97,32.6,51509.5095,443.3,1554.9,15,08/17/2026,WDPEAK,AUGUST,2026,2026-08-17,15,0.36999999999999744,28.915,3.6850000000000023,scarcity_bearish,scarcity_bearish_rlz,0.0,49.688947489972534,0.0,50.0,0.0002,0.31105251002746326,-18.384910571289712,True
08/17/2026 16:00:00,29.77,27.065,52011.3507,615.3,2021.4,16,08/17/2026,WDPEAK,AUGUST,2026,2026-08-17,16,2.7049999999999983,29.355,-2.289999999999999,scarcity_bearish,scarcity_bearish_rlz,0.0,49.697859725087056,0.0,50.0,0.0006,0.30214027491294676,-134.4327105563604,True
08/17/2026 17:00:00,30.36,20.1275,51827.7719,997.1,2317.5,17,08/17/2026,WDPEAK,AUGUST,2026,2026-08-17,17,10.232499999999998,27.1875,-7.059999999999999,scarcity_bearish,scarcity_bearish_rlz,0.0,49.67659032189805,0.0,50.0,0.0002,0.32340967810195353,-508.3157104688217,True
08/17/2026 18:00:00,28.77,16.6475,52882.031,1495.7,2421.1,18,08/17/2026,WDPEAK,AUGUST,2026,2026-08-17,18,12.122499999999999,36.4725,-19.824999999999996,scarcity_bearish,scarcity_bearish_rlz,0.0,49.49586088721123,0.0,50.0,0.0001,0.5041391127887699,-600.0135736052181,True
08/17/2026 19:00:00,35.88,19.89,59295.67,1852.7,2317.2,19,08/17/2026,WDPEAK,AUGUST,2026,2026-08-17,19,15.990000000000002,97.8775,-77.9875,scarcity_bearish,scarcity_bearish_rlz,0.0,49.467308576417466,0.0,50.0,0.0001,0.532691423582534,-790.9822641369154,True
08/17/2026 20:00:00,56.32,33.955,72082.351,2022.5,2027.5,20,08/17/2026,WDPEAK,AUGUST,2026,2026-08-17,20,22.365000000000002,201.8725,-167.91750000000002,scarcity_bearish,scarcity_bearish_rlz,0.0,49.87088526874839,0.0,50.0,8.4515,0.12911473125161138,-1115.3623490355578,True
08/17/2026 21:00:00,59.62,49.695,74798.7799,2057.1,1666.8,21,08/17/2026,WDPEAK,AUGUST,2026,2026-08-17,21,9.924999999999997,300.6425,-250.9475,scarcity_bearish,scarcity_bearish_rlz,0.0,49.992352006056656,0.0,50.0,22.2612,0.007647993943343558,-496.1740936601122,True
08/17/2026 22:00:00,89.16,68.195,70417.0601,2040.1,1365.2,22,08/17/2026,WDPEAK,AUGUST,2026,2026-08-17,22,20.965000000000003,105.665,-37.47000000000001,scarcity_bearish,scarcity_bearish_rlz,0.0,75.0,0.0,75.0,38.2574,0.0,-1572.3750000000002,True
08/17/2026 23:00:00,71.06,39.405,64179.0484,1974.5,1169.2,23,08/17/2026,OFFPEAK,AUGUST,2026,2026-08-17,23,31.655,41.915,-2.509999999999998,scarcity_bearish,scarcity_bearish_rlz,0.0,75.0,0.0,75.0,36.8514,0.0,-2374.125,True
08/18/2026 00:00:00,37.96,29.57,58148.5205,1821.6,1029.4,24,08/17/2026,OFFPEAK,AUGUST,2026,2026-08-17,24,8.39,29.57,0.0,scarcity_bearish,scarcity_bearish_rlz,0.0,49.49737546876073,0.0,50.0,0.3699,0.5026245312392711,-415.2829801829026,True
08/18/2026 01:00:00,29.24,28.7,49050.2692,1736.0,944.6,1,08/18/2026,OFFPEAK,AUGUST,2026,2026-08-18,1,0.5399999999999991,28.7,0.0,scarcity_lambda,scarcity_bearish_rlz,50.0,0.0,50.0,0.0,0.0,0.5097369460761547,26.999999999999957,True
08/18/2026 02:00:00,26.28,24.325,45686.4699,1506.0,821.5,2,08/18/2026,OFFPEAK,AUGUST,2026,2026-08-18,2,1.9550000000000018,24.325,0.0,scarcity_lambda,scarcity_bearish_rlz,0.1,0.0,0.1,0.0,0.0,0.5604601288835207,0.1955000000000002,False
08/18/2026 03:00:00,24.82,23.305,43655.36,1323.8,695.0,3,08/18/2026,OFFPEAK,AUGUST,2026,2026-08-18,3,1.5150000000000006,23.305,0.0,scarcity_lambda,scarcity_bearish_rlz,0.0,0.0,0.0,0.0,0.0,0.5648244378550185,0.0,False
08/18/2026 04:00:00,24.26,22.4975,42658.43,1196.0,589.9,4,08/18/2026,OFFPEAK,AUGUST,2026,2026-08-18,4,1.7625000000000028,22.485,0.01249999999999929,scarcity_lambda,scarcity_bearish_rlz,0.0,0.0,0.0,0.0,0.0,0.5388453880863057,0.0,False
08/18/2026 05:00:00,24.61,21.7375,42643.0891,1092.9,500.1,5,08/18/2026,OFFPEAK,AUGUST,2026,2026-08-18,5,2.8724999999999987,21.7375,0.0,scarcity_lambda,scarcity_bearish_rlz,0.0,0.0,0.0,0.0,0.0,0.5663807486742735,0.0,False
08/18/2026 06:00:00,25.77,22.3075,44198.6898,1010.4,440.9,6,08/18/2026,OFFPEAK,AUGUST,2026,2026-08-18,6,3.4624999999999986,22.3075,0.0,scarcity_lambda,scarcity_bearish_rlz,0.0,0.0,0.0,0.0,0.0483,0.4742116250470281,0.0,False
08/18/2026 07:00:00,27.34,25.485,46439.0799,938.1,417.2,7,08/18/2026,WDPEAK,AUGUST,2026,2026-08-18,7,1.8550000000000004,25.485,0.0,scarcity_lambda,scarcity_bearish_rlz,0.0,0.0,0.0,0.0,0.0012,0.4819260998639382,0.0,False
08/18/2026 08:00:00,26.55,23.505,45107.9291,842.0,404.7,8,08/18/2026,WDPEAK,AUGUST,2026,2026-08-18,8,3.0450000000000017,23.485,0.019999999999999574,scarcity_lambda,scarcity_bearish_rlz,0.0,0.0,0.0,0.0,0.0,0.6135951566696167,0.0,False
08/18/2026 09:00:00,20.22,16.1775,35554.6907,748.4,439.2,9,08/18/2026,WDPEAK,AUGUST,2026,2026-08-18,9,4.0425,15.745,0.4324999999999992,scarcity_lambda,scarcity_bearish_rlz,0.0,0.0,0.0,0.0,0.0004,0.31875255677021214,0.0,False
08/18/2026 10:00:00,17.61,16.6775,30479.2505,711.1,607.7,10,08/18/2026,WDPEAK,AUGUST,2026,2026-08-18,10,0.932500000000001,15.255,1.4224999999999977,scarcity_lambda,scarcity_bearish_rlz,0.0,0.0,0.0,0.0,0.0,47.38716896237599,0.0,False
08/18/2026 11:00:00,18.74,16.7375,32051.94,665.5,766.0,11,08/18/2026,WDPEAK,AUGUST,2026,2026-08-18,11,2.0024999999999977,15.5875,1.1500000000000004,scarcity_lambda,scarcity_bearish_rlz,0.0,0.0,0.0,50.0,0.0,55.61115359084474,0.0,False
08/18/2026 12:00:00,20.53,19.7575,36934.7689,608.3,834.0,12,08/18/2026,WDPEAK,AUGUST,2026,2026-08-18,12,0.7725000000000009,20.87,-1.1125000000000007,scarcity_lambda,scarcity_bearish_rlz,0.1,0.0,0.1,0.0,0.0,13.136304931756523,0.0772500000000001,False
08/18/2026 13:00:00,22.74,28.8925,41869.1388,604.0,1028.5,13,08/18/2026,WDPEAK,AUGUST,2026,2026-08-18,13,-6.1525,29.97,-1.0775000000000006,scarcity_lambda,scarcity_bearish_rlz,0.0821,0.0,0.1,0.0,0.0179,1.0651354755223212,-0.50512025,False
08/18/2026 14:00:00,25.28,32.015,45902.3397,651.0,1433.0,14,08/18/2026,WDPEAK,AUGUST,2026,2026-08-18,14,-6.734999999999999,36.27,-4.255000000000003,scarcity_lambda,scarcity_bearish_rlz,29.9994,0.0,30.0,0.0,0.0006,0.2791457733760277,-202.04595899999998,True
08/18/2026 15:00:00,26.64,29.1575,47743.8403,743.0,1992.1,15,08/18/2026,WDPEAK,AUGUST,2026,2026-08-18,15,-2.5174999999999983,30.49,-1.3324999999999996,scarcity_lambda,scarcity_bearish_rlz,50.0,0.0,50.0,0.0,0.0,0.3212615214412411,-125.87499999999991,True
08/18/2026 16:00:00,26.89,30.865,48786.7098,893.8,2560.1,16,08/18/2026,WDPEAK,AUGUST,2026,2026-08-18,16,-3.974999999999998,30.0775,0.7874999999999979,scarcity_lambda,scarcity_bearish_rlz,50.0,0.0,50.0,0.0,0.0,0.30086573327581084,-198.7499999999999,True
08/18/2026 17:00:00,27.35,26.0475,49182.7183,1076.3,2962.8,17,08/18/2026,WDPEAK,AUGUST,2026,2026-08-18,17,1.302500000000002,36.7125,-10.665,scarcity_lambda,scarcity_bearish_rlz,49.9998,0.0,50.0,0.0,0.0002,0.23558045873211486,65.1247395000001,True
08/18/2026 18:00:00,28.99,28.13,50282.4895,1311.7,3151.4,18,08/18/2026,WDPEAK,AUGUST,2026,2026-08-18,18,0.8599999999999994,29.695,-1.5650000000000013,scarcity_lambda,scarcity_bearish_rlz,50.1,0.0,50.1,0.0,0.0,0.31936591049035395,43.08599999999997,True
08/18/2026 19:00:00,33.14,36.045,55544.3095,1622.5,3121.1,19,08/18/2026,WDPEAK,AUGUST,2026,2026-08-18,19,-2.905000000000001,47.2975,-11.252499999999998,scarcity_lambda,scarcity_bearish_rlz,0.07830000000000001,0.0,0.1,0.0,0.0217,0.2531899405653692,-0.22746150000000012,False
08/18/2026 20:00:00,28.11,35.02,67349.7196,1935.5,2837.0,20,08/18/2026,WDPEAK,AUGUST,2026,2026-08-18,20,-6.910000000000004,98.915,-63.895,scarcity_lambda,scarcity_bearish_rlz,0.0,49.73579378839116,0.0,50.0,0.0104,0.26420621160883456,343.6743350777831,True
08/18/2026 21:00:00,36.06,34.7075,68317.6103,2248.4,2435.2,21,08/18/2026,WDPEAK,AUGUST,2026,2026-08-18,21,1.3524999999999991,79.0125,-44.305,scarcity_lambda,scarcity_bearish_rlz,0.0,49.95407780854239,0.0,50.0,49.7602,0.04592219145761596,-67.56289023605353,True
08/18/2026 22:00:00,35.75,32.62,62674.4204,2509.8,2122.8,22,08/18/2026,WDPEAK,AUGUST,2026,2026-08-18,22,3.1300000000000026,47.4025,-14.782500000000006,scarcity_lambda,scarcity_bearish_rlz,0.0,50.0,0.0,50.0,41.9776,0.0,-156.5000000000001,True
08/18/2026 23:00:00,35.85,28.7275,55645.4795,2562.7,1931.3,23,08/18/2026,OFFPEAK,AUGUST,2026,2026-08-18,23,7.122500000000002,28.88,-0.15249999999999986,scarcity_lambda,scarcity_bearish_rlz,0.0,0.0,0.0,0.0,5.5933,0.0,0.0,False
08/19/2026 00:00:00,28.38,24.8025,49524.6515,2484.2,1796.5,24,08/18/2026,OFFPEAK,AUGUST,2026,2026-08-18,24,3.5775000000000006,24.6825,0.11999999999999744,scarcity_lambda,scarcity_bearish_rlz,0.0,0.0,0.0,0.0,0.0242,0.48213404259747933,0.0,False
08/19/2026 01:00:00,25.03,23.245,43442.5193,2405.2,1784.4,1,08/19/2026,OFFPEAK,AUGUST,2026,2026-08-19,1,1.7850000000000001,23.245,0.0,normal,normal,0.0,0.0,0.0,0.0,0.0,0.5399758542908563,0.0,False
08/19/2026 02:00:00,22.7,21.27,40247.6901,2228.9,1611.6,2,08/19/2026,OFFPEAK,AUGUST,2026,2026-08-19,2,1.4299999999999997,21.27,0.0,normal,normal,0.0,0.0,0.0,0.0,0.0,0.5732641534838412,0.0,False
08/19/2026 03:00:00,21.99,19.75,38431.2001,2045.0,1435.4,3,08/19/2026,OFFPEAK,AUGUST,2026,2026-08-19,3,2.2399999999999984,19.75,0.0,normal,normal,0.0,0.0,0.0,0.0,0.0,0.3497617962376939,0.0,False
08/19/2026 04:00:00,22.48,18.415,37693.6092,1876.6,1269.7,4,08/19/2026,OFFPEAK,AUGUST,2026,2026-08-19,4,4.065000000000001,18.4175,-0.002500000000001279,normal,normal,0.0,0.0,0.0,0.0,0.0001,0.31200708059180116,0.0,False
08/19/2026 05:00:00,22.32,18.1225,37998.9504,1754.4,1106.7,5,08/19/2026,OFFPEAK,AUGUST,2026,2026-08-19,5,4.197500000000002,18.1225,0.0,normal,normal,0.0,0.0,0.0,0.0,0.0006,0.28883666794798857,0.0,False
08/19/2026 06:00:00,23.54,18.7575,39596.9,1668.9,953.7,6,08/19/2026,OFFPEAK,AUGUST,2026,2026-08-19,6,4.782499999999999,18.7575,0.0,normal,normal,0.0,0.0,0.0,0.0,0.0,0.3056178963355099,0.0,False
08/19/2026 07:00:00,23.52,19.48,42206.2595,1590.2,882.0,7,08/19/2026,WDPEAK,AUGUST,2026,2026-08-19,7,4.039999999999999,19.4625,0.017500000000001847,normal,normal,0.0,0.0,0.0,0.0,0.0008,0.2822996877392547,0.0,False
08/19/2026 08:00:00,21.4,18.35,41262.9701,1524.3,840.6,8,08/19/2026,WDPEAK,AUGUST,2026,2026-08-19,8,3.049999999999997,18.2925,0.057500000000000995,normal,normal,0.0,0.0,0.0,0.0,0.0002,0.2803762013465166,0.0,False
08/19/2026 09:00:00,17.89,16.3525,30915.3994,1463.9,846.2,9,08/19/2026,WDPEAK,AUGUST,2026,2026-08-19,9,1.5375000000000014,15.555,0.7974999999999994,normal,normal,0.0,0.0,0.0,0.0,0.0002,0.2897275319861041,0.0,False
08/19/2026 10:00:00,16.26,14.0175,25596.5181,1479.6,1086.9,10,08/19/2026,WDPEAK,AUGUST,2026,2026-08-19,10,2.2425000000000015,13.335,0.6824999999999992,normal,normal,0.0,0.0,0.0,0.0,0.0,47.87907819483843,0.0,False
08/19/2026 11:00:00,15.34,12.1,27208.899,1507.2,1342.7,11,08/19/2026,WDPEAK,AUGUST,2026,2026-08-19,11,3.24,14.5575,-2.4574999999999996,normal,normal,30.0,0.0,30.0,0.0,0.0,49.691436064922144,97.2,True
08/19/2026 12:00:00,15.83,13.7,32560.6998,1429.7,1388.4,12,08/19/2026,WDPEAK,AUGUST,2026,2026-08-19,12,2.130000000000001,18.87,-5.170000000000002,normal,normal,30.0,0.0,30.0,0.0,0.0,17.58158894320329,63.90000000000002,True
08/19/2026 13:00:00,16.94,16.0325,38331.1007,1372.1,1520.6,13,08/19/2026,WDPEAK,AUGUST,2026,2026-08-19,13,0.9075000000000024,22.6075,-6.575000000000003,normal,normal,0.0,0.0,0.0,0.0,0.0,0.4134002712700102,0.0,False
08/19/2026 14:00:00,21.39,20.0375,42968.6982,1369.4,1859.2,14,08/19/2026,WDPEAK,AUGUST,2026,2026-08-19,14,1.3524999999999991,25.66,-5.622499999999999,normal,normal,50.0,0.0,50.0,0.0,0.0,0.3193148795763652,67.62499999999996,True
08/19/2026 15:00:00,23.12,28.09,45481.3717,1414.3,2327.2,15,08/19/2026,WDPEAK,AUGUST,2026,2026-08-19,15,-4.969999999999999,28.575,-0.48499999999999943,normal,normal,50.0,0.0,50.0,0.0,0.0,0.4008769543303384,-248.49999999999994,True
08/19/2026 16:00:00,24.79,27.1,46644.5697,1506.1,2782.5,16,08/19/2026,WDPEAK,AUGUST,2026,2026-08-19,16,-2.3100000000000023,28.2125,-1.1124999999999972,normal,normal,50.1,0.0,50.1,0.0,0.0,0.23100492876845236,-115.73100000000012,True
08/19/2026 17:00:00,26.26,30.6725,47547.7716,1658.7,3157.8,17,08/19/2026,WDPEAK,AUGUST,2026,2026-08-19,17,-4.412499999999998,28.3925,2.280000000000001,normal,normal,50.1,0.0,50.1,0.0,0.0,0.5902384005652533,-221.0662499999999,True
08/19/2026 18:00:00,27.0,24.3125,48568.1093,1917.3,3394.2,18,08/19/2026,WDPEAK,AUGUST,2026,2026-08-19,18,2.6875,27.8475,-3.535,normal,normal,74.5,0.0,74.5,0.0,0.0,0.34780481670465735,200.21875,True
08/19/2026 19:00:00,29.8,19.51,54326.0702,2210.6,3398.7,19,08/19/2026,WDPEAK,AUGUST,2026,2026-08-19,19,10.29,55.51,-36.0,normal,normal,50.0998,0.0,50.1,0.0,0.0002,0.32691187613333267,515.526942,True
08/19/2026 20:00:00,37.99,28.24,66072.72,2436.6,3176.9,20,08/19/2026,WDPEAK,AUGUST,2026,2026-08-19,20,9.750000000000004,56.5275,-28.287500000000005,normal,normal,0.0,0.0,7.1,0.0,14.3035,0.271208732098134,0.0,False
08/19/2026 21:00:00,38.0,31.5275,66743.1601,2610.0,2845.6,21,08/19/2026,WDPEAK,AUGUST,2026,2026-08-19,21,6.4725,51.16,-19.632499999999997,normal,normal,0.0,0.0,33.3,0.0,54.3686,0.0,0.0,False
08/19/2026 22:00:00,36.71,32.8725,61117.7186,2718.7,2536.0,22,08/19/2026,WDPEAK,AUGUST,2026,2026-08-19,22,3.8374999999999986,36.205,-3.332499999999996,normal,normal,0.0,0.0,0.0,0.0,27.2477,0.0,0.0,False
08/19/2026 23:00:00,35.85,28.935,55175.6494,2703.6,2288.6,23,08/19/2026,OFFPEAK,AUGUST,2026,2026-08-19,23,6.915000000000003,28.9425,-0.007500000000000284,normal,normal,0.0,0.0,0.0,0.0,0.2239,0.27440705377401575,0.0,False
08/20/2026 00:00:00,30.25,25.5775,49647.6398,2599.9,2076.5,24,08/19/2026,OFFPEAK,AUGUST,2026,2026-08-19,24,4.672499999999999,25.5775,0.0,normal,normal,0.0,0.0,0.0,0.0,0.0,0.3093076551457246,0.0,False
08/20/2026 01:00:00,23.61,23.7825,45946.7296,2268.4,1709.5,1,08/20/2026,OFFPEAK,AUGUST,2026,2026-08-20,1,-0.17249999999999943,23.7825,0.0,scarcity_bearish,scarcity_bearish_rlz,0.0,0.0,0.0,0.0,0.0,0.3561673624316851,0.0,False
08/20/2026 02:00:00,22.15,22.1475,43562.8908,2057.0,1481.9,2,08/20/2026,OFFPEAK,AUGUST,2026,2026-08-20,2,0.0024999999999977263,22.1475,0.0,scarcity_bearish,scarcity_bearish_rlz,0.0,0.0,0.0,0.0,0.0,0.4999294547405508,0.0,False
08/20/2026 03:00:00,22.01,21.46,42434.1092,1849.6,1276.9,3,08/20/2026,OFFPEAK,AUGUST,2026,2026-08-20,3,0.5500000000000007,21.46,0.0,scarcity_bearish,scarcity_bearish_rlz,0.0,0.0,0.0,0.0,0.0,0.2920843615548478,0.0,False
08/20/2026 04:00:00,22.29,21.0325,42243.0692,1689.6,1086.3,4,08/20/2026,OFFPEAK,AUGUST,2026,2026-08-20,4,1.2575000000000003,21.0325,0.0,scarcity_bearish,scarcity_bearish_rlz,0.0,0.0,0.0,0.0,0.0,0.2530110775596565,0.0,False
08/20/2026 05:00:00,23.4,19.5625,43200.1306,1580.6,916.5,5,08/20/2026,OFFPEAK,AUGUST,2026,2026-08-20,5,3.8374999999999986,19.5625,0.0,scarcity_bearish,scarcity_bearish_rlz,0.0,0.0,0.0,0.0,0.0,0.2762230813342871,0.0,False
08/20/2026 06:00:00,25.08,21.29,45362.8391,1539.8,838.1,6,08/20/2026,OFFPEAK,AUGUST,2026,2026-08-20,6,3.789999999999999,21.29,0.0,scarcity_bearish,scarcity_bearish_rlz,0.0,0.0,0.0,0.0,0.0001,0.26807193983139266,0.0,False
08/20/2026 07:00:00,27.42,23.265,48042.0612,1540.1,871.0,7,08/20/2026,WDPEAK,AUGUST,2026,2026-08-20,7,4.155000000000001,23.265,0.0,scarcity_bearish,scarcity_bearish_rlz,0.0,0.0,0.0,0.0,0.0026,0.23832039876530567,0.0,False
08/20/2026 08:00:00,25.27,22.3375,47168.5097,1499.4,911.0,8,08/20/2026,WDPEAK,AUGUST,2026,2026-08-20,8,2.932500000000001,22.4725,-0.13500000000000156,scarcity_bearish,scarcity_bearish_rlz,0.0,0.0,0.0,0.0,0.0,0.2797634104887644,0.0,False
08/20/2026 09:00:00,20.46,16.2675,38019.3494,1490.8,1103.8,9,08/20/2026,WDPEAK,AUGUST,2026,2026-08-20,9,4.192500000000003,16.305,-0.03750000000000142,scarcity_bearish,scarcity_bearish_rlz,0.0,0.0,0.0,0.0,0.0,39.04323222579227,0.0,False
08/20/2026 10:00:00,16.32,15.03,32522.2499,1510.4,1496.6,10,08/20/2026,WDPEAK,AUGUST,2026,2026-08-20,10,1.290000000000001,16.6625,-1.632500000000002,scarcity_bearish,scarcity_bearish_rlz,0.0,0.0,0.0,0.0,0.0,49.689043197168246,0.0,False
08/20/2026 11:00:00,14.87,14.3675,33486.9192,1448.6,1757.6,11,08/20/2026,WDPEAK,AUGUST,2026,2026-08-20,11,0.5024999999999995,18.95,-4.5825,scarcity_bearish,scarcity_bearish_rlz,0.0,0.0,0.0,0.0,0.0,28.58425657666392,0.0,False
08/20/2026 12:00:00,15.83,15.53,38539.6703,1386.7,1873.3,12,08/20/2026,WDPEAK,AUGUST,2026,2026-08-20,12,0.3000000000000007,21.375,-5.845000000000001,scarcity_bearish,scarcity_bearish_rlz,0.0,0.0,0.0,0.0,0.0,2.515118612382147,0.0,False
08/20/2026 13:00:00,17.09,15.265,42678.44,1498.0,2250.0,13,08/20/2026,WDPEAK,AUGUST,2026,2026-08-20,13,1.8249999999999993,24.81,-9.544999999999998,scarcity_bearish,scarcity_bearish_rlz,0.0,0.0,0.0,0.0,0.0,0.38403670933511524,0.0,False
08/20/2026 14:00:00,21.08,19.17,47047.1895,1475.8,2518.0,14,08/20/2026,WDPEAK,AUGUST,2026,2026-08-20,14,1.9099999999999966,30.5175,-11.347499999999997,scarcity_bearish,scarcity_bearish_rlz,0.0,0.0,0.0,0.0,0.0024,0.20374626289471054,0.0,False
08/20/2026 15:00:00,24.19,23.6375,49057.2101,1497.6,2865.7,15,08/20/2026,WDPEAK,AUGUST,2026,2026-08-20,15,0.552500000000002,24.5175,-0.879999999999999,scarcity_bearish,scarcity_bearish_rlz,0.0,0.0,0.0,0.0,0.0002,0.19401528813772725,0.0,False
08/20/2026 16:00:00,24.06,27.285,49899.9197,1560.9,3194.1,16,08/20/2026,WDPEAK,AUGUST,2026,2026-08-20,16,-3.2250000000000014,26.725,0.5599999999999987,scarcity_bearish,scarcity_bearish_rlz,0.0,0.0,0.0,0.0,0.0001,0.24193236908151045,0.0,False
08/20/2026 17:00:00,22.11,24.685,50949.0412,1695.4,3435.5,17,08/20/2026,WDPEAK,AUGUST,2026,2026-08-20,17,-2.5749999999999993,23.8475,0.8374999999999986,scarcity_bearish,scarcity_bearish_rlz,0.0,0.0,0.0,0.0,0.0123,0.28064885397234723,0.0,False
08/20/2026 18:00:00,21.25,26.995,52287.4611,1919.9,3553.7,18,08/20/2026,WDPEAK,AUGUST,2026,2026-08-20,18,-5.745000000000001,21.415,5.580000000000002,scarcity_bearish,scarcity_bearish_rlz,0.0,0.0,0.0,0.0,0.0,2.0750826315581796,0.0,False
08/20/2026 19:00:00,33.15,25.6825,58212.7599,2184.8,3515.5,19,08/20/2026,WDPEAK,AUGUST,2026,2026-08-20,19,7.467499999999998,46.22,-20.537499999999998,scarcity_bearish,scarcity_bearish_rlz,49.9961,0.0,50.0,0.0,0.0039,0.46394881943729055,373.3458767499999,True
08/20/2026 20:00:00,45.37,34.06,69733.6698,2397.8,3289.8,20,08/20/2026,WDPEAK,AUGUST,2026,2026-08-20,20,11.309999999999995,64.805,-30.745000000000005,scarcity_bearish,scarcity_bearish_rlz,0.0,0.0,0.0,0.0,15.0613,0.13525495114425817,0.0,False
08/20/2026 21:00:00,44.45,25.735,70943.7697,2530.9,2927.5,21,08/20/2026,WDPEAK,AUGUST,2026,2026-08-20,21,18.715000000000003,63.5925,-37.8575,scarcity_bearish,scarcity_bearish_rlz,0.0,0.0,0.0,0.0,21.2443,0.23513854884439045,0.0,False
08/20/2026 22:00:00,50.45,29.87,66233.3513,2615.5,2593.0,22,08/20/2026,WDPEAK,AUGUST,2026,2026-08-20,22,20.580000000000002,56.995,-27.124999999999996,scarcity_bearish,scarcity_bearish_rlz,0.0,0.0,0.1,0.0,39.1121,0.0,0.0,False
08/20/2026 23:00:00,36.26,27.895,60780.2504,2621.1,2320.0,23,08/20/2026,OFFPEAK,AUGUST,2026,2026-08-20,23,8.364999999999998,34.5775,-6.682500000000001,scarcity_bearish,scarcity_bearish_rlz,0.0,0.0,0.0,0.0,25.0096,0.0,0.0,False
08/21/2026 00:00:00,29.54,25.7525,55663.2107,2544.1,2098.4,24,08/20/2026,OFFPEAK,AUGUST,2026,2026-08-20,24,3.787499999999998,28.46,-2.7074999999999996,scarcity_bearish,scarcity_bearish_rlz,0.0,0.0,0.0,0.0,0.0676,0.34105647979511156,0.0,False
08/21/2026 01:00:00,27.0,26.11,50290.9194,2210.5,1648.4,1,08/21/2026,OFFPEAK,AUGUST,2026,2026-08-21,1,0.8900000000000006,26.1625,-0.05250000000000199,scarcity_bearish,scarcity_lambda_rlz,32.9,0.0,32.9,0.0,0.0,0.36299432620406147,29.281000000000017,True
08/21/2026 02:00:00,24.81,27.4725,47253.1788,2027.6,1474.4,2,08/21/2026,OFFPEAK,AUGUST,2026,2026-08-21,2,-2.6625000000000014,26.99,0.4825000000000017,scarcity_bearish,scarcity_lambda_rlz,0.1,0.0,0.1,0.0,0.0,0.3354353409922785,-0.26625000000000015,False
08/21/2026 03:00:00,24.62,27.055,45535.2605,1829.5,1283.2,3,08/21/2026,OFFPEAK,AUGUST,2026,2026-08-21,3,-2.4349999999999987,26.94,0.11499999999999844,scarcity_bearish,scarcity_lambda_rlz,0.1,0.0,0.1,0.0,0.0,0.31700878530740734,-0.24349999999999988,False
08/21/2026 04:00:00,24.38,26.665,45368.9205,1655.4,1068.0,4,08/21/2026,OFFPEAK,AUGUST,2026,2026-08-21,4,-2.285,26.665,0.0,scarcity_bearish,scarcity_lambda_rlz,0.0,0.0,0.0,0.0,0.0,0.3051821718696091,0.0,False
08/21/2026 05:00:00,24.26,28.8325,45975.2602,1522.6,905.8,5,08/21/2026,OFFPEAK,AUGUST,2026,2026-08-21,5,-4.572499999999998,28.83,0.002500000000001279,scarcity_bearish,scarcity_lambda_rlz,0.0,0.0,0.0,0.0,0.0,0.2847387035232451,0.0,False
08/21/2026 06:00:00,27.01,29.6575,47723.4501,1433.8,815.4,6,08/21/2026,OFFPEAK,AUGUST,2026,2026-08-21,6,-2.6474999999999973,29.6575,0.0,scarcity_bearish,scarcity_lambda_rlz,0.0,0.0,0.0,0.0,0.0,0.28516699952383834,0.0,False
08/21/2026 07:00:00,28.34,29.905,50379.3206,1344.0,755.6,7,08/21/2026,WDPEAK,AUGUST,2026,2026-08-21,7,-1.5650000000000013,29.905,0.0,scarcity_bearish,scarcity_lambda_rlz,0.0,0.0,0.0,0.0,0.0021,0.29688048917282783,0.0,False
08/21/2026 08:00:00,27.55,29.09,49595.1603,1198.8,687.5,8,08/21/2026,WDPEAK,AUGUST,2026,2026-08-21,8,-1.5399999999999991,29.09,0.0,scarcity_bearish,scarcity_lambda_rlz,0.0,0.0,0.0,0.0,0.0,0.3076895456440333,0.0,False
08/21/2026 09:00:00,20.62,21.1375,40849.9302,1067.2,758.0,9,08/21/2026,WDPEAK,AUGUST,2026,2026-08-21,9,-0.5174999999999983,21.175,-0.03750000000000142,scarcity_bearish,scarcity_lambda_rlz,0.0,0.0,0.0,0.0,0.0003,0.15306287347235614,0.0,False
08/21/2026 10:00:00,18.95,21.2475,35650.7292,1013.3,988.9,10,08/21/2026,WDPEAK,AUGUST,2026,2026-08-21,10,-2.2974999999999994,23.04,-1.7925000000000004,scarcity_bearish,scarcity_lambda_rlz,0.0952,0.0,0.1,0.0,0.0048,44.23934684967208,-0.21872199999999997,False
08/21/2026 11:00:00,18.73,23.06,37308.9009,947.0,1076.8,11,08/21/2026,WDPEAK,AUGUST,2026,2026-08-21,11,-4.329999999999998,24.7975,-1.7375000000000007,scarcity_bearish,scarcity_lambda_rlz,0.1,0.0,0.1,0.0,0.0,55.154982460339866,-0.43299999999999983,False
08/21/2026 12:00:00,20.92,23.1325,42493.4601,882.7,1057.5,12,08/21/2026,WDPEAK,AUGUST,2026,2026-08-21,12,-2.2124999999999986,25.785,-2.6525,scarcity_bearish,scarcity_lambda_rlz,50.0,0.0,50.0,0.0,0.0,23.235129408356215,-110.62499999999993,True
08/21/2026 13:00:00,23.63,27.29,47306.0403,816.0,1144.2,13,08/21/2026,WDPEAK,AUGUST,2026,2026-08-21,13,-3.66,28.67,-1.3800000000000026,scarcity_bearish,scarcity_lambda_rlz,50.0,0.0,50.0,0.0,0.0,1.4916378564635913,-183.0,True
08/21/2026 14:00:00,27.24,36.0475,50108.5107,895.7,1577.0,14,08/21/2026,WDPEAK,AUGUST,2026,2026-08-21,14,-8.807500000000001,33.6775,2.3699999999999974,scarcity_bearish,scarcity_lambda_rlz,30.1,0.0,30.1,0.0,0.0,0.3358844068066942,-265.10575000000006,True
08/21/2026 15:00:00,29.04,25.6625,51931.001,877.0,1969.9,15,08/21/2026,WDPEAK,AUGUST,2026,2026-08-21,15,3.3774999999999977,26.9125,-1.25,scarcity_bearish,scarcity_lambda_rlz,30.099400000000003,0.0,30.1,0.0,0.0006,0.279135910840127,101.66072349999995,True
08/21/2026 16:00:00,28.66,23.8625,53071.4007,895.6,2408.6,16,08/21/2026,WDPEAK,AUGUST,2026,2026-08-21,16,4.797499999999999,26.1475,-2.285,scarcity_bearish,scarcity_lambda_rlz,30.091900000000003,0.0,30.1,0.0,0.0081,0.25314986491575836,144.36589025,True
08/21/2026 17:00:00,30.89,23.6675,55368.1397,1030.2,2745.7,17,08/21/2026,WDPEAK,AUGUST,2026,2026-08-21,17,7.2225,27.05,-3.3825000000000003,scarcity_bearish,scarcity_lambda_rlz,29.9981,0.0,30.0,0.0,0.0019,0.27479475472804754,216.66127725,True
08/21/2026 18:00:00,30.65,22.9175,56453.5308,1283.7,2921.2,18,08/21/2026,WDPEAK,AUGUST,2026,2026-08-21,18,7.732499999999998,25.8075,-2.8900000000000006,scarcity_bearish,scarcity_lambda_rlz,29.9978,0.0,30.0,0.0,0.0022,0.8742881782735802,231.95798849999997,True
08/21/2026 19:00:00,44.11,28.755,61156.9182,1665.8,2933.7,19,08/21/2026,WDPEAK,AUGUST,2026,2026-08-21,19,15.355,41.005,-12.250000000000004,scarcity_bearish,scarcity_lambda_rlz,0.0,0.0,0.0,0.0,3.5954,0.3142018291810786,0.0,False
08/21/2026 20:00:00,41.06,41.265,69867.4204,2088.7,2692.0,20,08/21/2026,WDPEAK,AUGUST,2026,2026-08-21,20,-0.2049999999999983,49.8625,-8.597499999999997,scarcity_bearish,scarcity_lambda_rlz,0.0,50.0,0.0,50.0,39.1959,0.0,10.249999999999915,True
08/21/2026 21:00:00,36.72,36.7875,69538.6588,2369.0,2344.7,21,08/21/2026,WDPEAK,AUGUST,2026,2026-08-21,21,-0.06750000000000256,45.0825,-8.295000000000002,scarcity_bearish,scarcity_lambda_rlz,0.0,50.0,0.0,50.0,38.1641,0.0,3.375000000000128,True
08/21/2026 22:00:00,38.51,34.02,64498.1488,2399.4,2074.9,22,08/21/2026,WDPEAK,AUGUST,2026,2026-08-21,22,4.489999999999995,37.4375,-3.417499999999997,scarcity_bearish,scarcity_lambda_rlz,0.0,49.916777084569134,0.0,50.0,17.2439,0.0832229154308637,-224.12632910971516,True
08/21/2026 23:00:00,38.88,33.2325,59750.27,2289.5,1816.0,23,08/21/2026,OFFPEAK,AUGUST,2026,2026-08-21,23,5.647500000000001,30.7825,2.450000000000003,scarcity_bearish,scarcity_lambda_rlz,0.0,0.0,0.0,0.0,0.8657,0.2191850803751085,0.0,False
08/22/2026 00:00:00,31.03,30.145,54827.7705,2151.5,1639.6,24,08/21/2026,OFFPEAK,AUGUST,2026,2026-08-21,24,0.8850000000000016,29.3,0.8449999999999989,scarcity_bearish,scarcity_lambda_rlz,0.0,0.0,0.0,0.0,0.0,0.28508551393946013,0.0,False
08/22/2026 01:00:00,27.29,28.965,51504.9699,1954.1,1391.8,1,08/22/2026,OFFPEAK,AUGUST,2026,2026-08-22,1,-1.6750000000000007,27.5925,1.3724999999999987,scarcity_lambda,scarcity_lambda_rlz,0.0,0.0,0.0,0.0,0.0,0.28993991980122197,0.0,False
08/22/2026 02:00:00,25.5,25.425,48533.5202,1779.2,1287.0,2,08/22/2026,OFFPEAK,AUGUST,2026,2026-08-22,2,0.07499999999999929,24.9425,0.4825000000000017,scarcity_lambda,scarcity_lambda_rlz,0.0,0.0,0.0,0.0,0.0,0.2682835536657108,0.0,False
08/22/2026 03:00:00,23.78,26.1675,46304.3798,1588.4,1124.1,3,08/22/2026,OFFPEAK,AUGUST,2026,2026-08-22,3,-2.3874999999999993,23.25,2.9175000000000004,scarcity_lambda,scarcity_lambda_rlz,0.0,49.81888361279335,0.0,50.0,0.0,0.18111638720664713,118.94258462554409,True
08/22/2026 04:00:00,22.87,27.6875,45119.4799,1439.7,900.2,4,08/22/2026,OFFPEAK,AUGUST,2026,2026-08-22,4,-4.817499999999999,24.0975,3.59,scarcity_lambda,scarcity_lambda_rlz,0.0,49.87593593776226,0.0,50.0,0.0,0.12406406223773957,240.27732138016964,True
08/22/2026 05:00:00,22.79,24.8375,44976.3991,1304.9,715.6,5,08/22/2026,OFFPEAK,AUGUST,2026,2026-08-22,5,-2.0474999999999994,24.1625,0.6749999999999972,scarcity_lambda,scarcity_lambda_rlz,0.0,49.88700223965984,0.0,50.0,0.0002,0.11299776034015749,102.1436370857035,True
08/22/2026 06:00:00,23.62,22.8325,45462.6297,1153.4,567.9,6,08/22/2026,OFFPEAK,AUGUST,2026,2026-08-22,6,0.7875000000000014,22.585,0.24749999999999872,scarcity_lambda,scarcity_lambda_rlz,0.0,0.0,0.0,0.0,0.0001,0.09502693269712231,0.0,False
08/22/2026 07:00:00,24.34,21.615,46613.25,1009.3,429.3,7,08/22/2026,WEPEAK,AUGUST,2026,2026-08-22,7,2.7250000000000014,21.515,0.09999999999999787,scarcity_lambda,scarcity_lambda_rlz,0.0,0.0,0.0,0.0,0.0006,0.07880501242962461,0.0,False
08/22/2026 08:00:00,23.23,21.0425,45396.4008,863.2,325.1,8,08/22/2026,WEPEAK,AUGUST,2026,2026-08-22,8,2.1875,21.0175,0.02500000000000213,scarcity_lambda,scarcity_lambda_rlz,0.0,0.0,0.0,0.0,0.0,8.89759153601196,0.0,False
08/22/2026 09:00:00,18.75,19.8225,37666.2096,629.0,270.1,9,08/22/2026,WEPEAK,AUGUST,2026,2026-08-22,9,-1.0725000000000016,19.86,-0.03749999999999787,scarcity_lambda,scarcity_lambda_rlz,0.0,0.0,0.0,0.0,0.0,21.829084244206964,0.0,False
08/22/2026 10:00:00,19.13,18.91,33148.359,405.5,309.3,10,08/22/2026,WEPEAK,AUGUST,2026,2026-08-22,10,0.21999999999999886,20.1,-1.1900000000000013,scarcity_lambda,scarcity_lambda_rlz,0.0,2.1260598160367863,0.0,50.0,0.0,47.873940183963214,-0.4677331595280906,True
08/22/2026 11:00:00,20.47,17.4425,35210.6296,280.6,334.9,11,08/22/2026,WEPEAK,AUGUST,2026,2026-08-22,11,3.0275,19.515,-2.0725000000000016,scarcity_lambda,scarcity_lambda_rlz,0.0,0.0,0.0,0.0,0.0,34.97787037486831,0.0,False
08/22/2026 12:00:00,23.93,20.8625,41227.608,176.8,280.1,12,08/22/2026,WEPEAK,AUGUST,2026,2026-08-22,12,3.067499999999999,22.1025,-1.2399999999999984,scarcity_lambda,scarcity_lambda_rlz,0.0,44.79644597220752,0.0,50.0,0.0,5.20355402779248,-137.41309801974654,True
08/22/2026 13:00:00,32.15,34.2775,46830.9508,113.8,327.9,13,08/22/2026,WEPEAK,AUGUST,2026,2026-08-22,13,-2.127500000000005,33.5325,0.7450000000000045,scarcity_lambda,scarcity_lambda_rlz,0.0,0.0,0.0,0.0,0.0028,0.3311704215717812,0.0,False
08/22/2026 14:00:00,39.23,43.99,51127.8696,103.5,592.8,14,08/22/2026,WEPEAK,AUGUST,2026,2026-08-22,14,-4.760000000000005,36.465,7.524999999999999,scarcity_lambda,scarcity_lambda_rlz,0.0,0.0,0.0,0.0,0.0,0.3067671814229753,0.0,False
08/22/2026 15:00:00,42.65,45.7175,52578.552,246.7,1268.8,15,08/22/2026,WEPEAK,AUGUST,2026,2026-08-22,15,-3.0675000000000026,38.6375,7.079999999999998,scarcity_lambda,scarcity_lambda_rlz,0.0,0.0,0.0,0.0,0.0007,0.25871067585320107,0.0,False
08/22/2026 16:00:00,48.56,35.3225,53470.1881,331.7,1872.4,16,08/22/2026,WEPEAK,AUGUST,2026,2026-08-22,16,13.237500000000004,30.9825,4.339999999999996,scarcity_lambda,scarcity_lambda_rlz,0.0,0.0,0.0,0.0,0.0,0.1067386916797194,0.0,False
08/22/2026 17:00:00,52.21,33.1075,55160.3901,511.9,2364.8,17,08/22/2026,WEPEAK,AUGUST,2026,2026-08-22,17,19.1025,34.745,-1.6374999999999957,scarcity_lambda,scarcity_lambda_rlz,0.0,0.0,0.0,0.0,0.0018,0.08851989318448535,0.0,False
08/22/2026 18:00:00,52.43,39.9025,57134.9406,801.9,2668.5,18,08/22/2026,WEPEAK,AUGUST,2026,2026-08-22,18,12.527499999999996,45.02,-5.1175,scarcity_lambda,scarcity_lambda_rlz,47.4669,0.0,50.0,0.0,2.5331,0.06303515694104136,594.6415897499999,True
08/22/2026 19:00:00,41.07,46.2575,62737.6318,1254.0,2667.5,19,08/22/2026,WEPEAK,AUGUST,2026,2026-08-22,19,-5.1875,58.5825,-12.325000000000003,scarcity_lambda,scarcity_lambda_rlz,0.0,0.0,0.1,0.0,27.3006,0.01368054963234398,0.0,False
08/22/2026 20:00:00,43.29,57.665,71594.8707,1790.7,2376.8,20,08/22/2026,WEPEAK,AUGUST,2026,2026-08-22,20,-14.375,68.8025,-11.137499999999996,scarcity_lambda,scarcity_lambda_rlz,0.0,0.0,0.0,0.0,33.3036,0.0,0.0,False
08/22/2026 21:00:00,45.44,49.3275,70724.6086,2193.2,2039.2,21,08/22/2026,WEPEAK,AUGUST,2026,2026-08-22,21,-3.887500000000003,55.6275,-6.299999999999997,scarcity_lambda,scarcity_lambda_rlz,0.0,0.0,0.1,0.0,28.0112,0.0,0.0,False
08/22/2026 22:00:00,50.16,49.49,65093.2796,2351.5,1789.5,22,08/22/2026,WEPEAK,AUGUST,2026,2026-08-22,22,0.6699999999999946,48.125,1.365000000000002,scarcity_lambda,scarcity_lambda_rlz,42.669,0.0,50.0,0.0,7.331,0.11101876128128628,28.58822999999977,True
08/22/2026 23:00:00,39.19,121.53,61524.7807,2185.3,1474.1,23,08/22/2026,OFFPEAK,AUGUST,2026,2026-08-22,23,-82.34,110.575,10.954999999999998,scarcity_lambda,scarcity_lambda_rlz,0.0,0.0,0.0,0.0,0.0523,0.11527753560338169,0.0,False
08/23/2026 00:00:00,31.61,242.1725,56987.6293,1997.7,1301.7,24,08/22/2026,OFFPEAK,AUGUST,2026,2026-08-22,24,-210.5625,212.37,29.80250000000001,scarcity_lambda,scarcity_lambda_rlz,0.0,0.0,0.0,0.0,0.0028,0.15702153409210348,0.0,False
08/23/2026 01:00:00,31.91,78.3475,52987.4013,1848.3,1031.7,1,08/23/2026,OFFPEAK,AUGUST,2026,2026-08-23,1,-46.4375,74.79,3.5574999999999903,scarcity_bearish,scarcity_bearish_rlz,48.8354,0.0,50.0,0.0,1.1646,0.08368931104636027,-2267.7938875,True
08/23/2026 02:00:00,27.94,62.6475,49836.449,1630.9,852.5,2,08/23/2026,OFFPEAK,AUGUST,2026,2026-08-23,2,-34.707499999999996,61.775,0.8725000000000023,scarcity_bearish,scarcity_bearish_rlz,0.1,0.0,0.1,0.0,0.0,0.15028248689240878,-3.47075,False
08/23/2026 03:00:00,25.17,39.815,47387.1595,1402.6,674.2,3,08/23/2026,OFFPEAK,AUGUST,2026,2026-08-23,3,-14.644999999999996,39.56,0.25499999999999545,scarcity_bearish,scarcity_bearish_rlz,0.0,0.0,0.0,0.0,0.0,0.15975392293598914,0.0,False
08/23/2026 04:00:00,24.15,40.44,45915.6497,1210.0,489.3,4,08/23/2026,OFFPEAK,AUGUST,2026,2026-08-23,4,-16.29,40.34,0.09999999999999432,scarcity_bearish,scarcity_bearish_rlz,0.0,0.0,0.0,0.0,0.0,0.21532863242758643,0.0,False
08/23/2026 05:00:00,23.97,31.28,45597.8312,1031.8,338.5,5,08/23/2026,OFFPEAK,AUGUST,2026,2026-08-23,5,-7.310000000000002,31.26,0.019999999999999574,scarcity_bearish,scarcity_bearish_rlz,0.0,49.794267942222454,0.0,50.0,0.0002,0.20573205777754386,363.99609865764626,True
08/23/2026 06:00:00,24.21,33.475,45291.8303,883.4,228.8,6,08/23/2026,OFFPEAK,AUGUST,2026,2026-08-23,6,-9.265,33.47,0.005000000000002558,scarcity_bearish,scarcity_bearish_rlz,0.0,0.0,0.0,0.0,0.0006,0.21085361711422188,0.0,False
08/23/2026 07:00:00,24.23,35.955,45977.83,779.5,145.3,7,08/23/2026,WEPEAK,AUGUST,2026,2026-08-23,7,-11.724999999999998,35.9375,0.017499999999998295,scarcity_bearish,scarcity_bearish_rlz,0.0,0.0,0.0,0.0,0.0001,0.2206661352680789,0.0,False
08/23/2026 08:00:00,22.75,28.2975,44275.7193,673.8,93.6,8,08/23/2026,WEPEAK,AUGUST,2026,2026-08-23,8,-5.547499999999999,28.26,0.03749999999999787,scarcity_bearish,scarcity_bearish_rlz,0.0,0.0,0.0,0.0,0.0,0.1641503694591423,0.0,False
08/23/2026 09:00:00,18.75,24.9875,35540.2491,477.9,54.7,9,08/23/2026,WEPEAK,AUGUST,2026,2026-08-23,9,-6.237500000000001,24.9675,0.019999999999999574,scarcity_bearish,scarcity_bearish_rlz,0.0,0.0,0.0,0.0,0.0011,0.20690433290994004,0.0,False
08/23/2026 10:00:00,17.55,23.9925,31190.5597,305.1,105.9,10,08/23/2026,WEPEAK,AUGUST,2026,2026-08-23,10,-6.442499999999999,23.865,0.12750000000000128,scarcity_bearish,scarcity_bearish_rlz,0.0,30.38093470968306,0.0,75.0,0.0,44.61906529031694,195.7291718671331,True
08/23/2026 11:00:00,18.5,22.4775,32741.9506,243.0,179.6,11,08/23/2026,WEPEAK,AUGUST,2026,2026-08-23,11,-3.977499999999999,22.4775,0.0,scarcity_bearish,scarcity_bearish_rlz,0.0,24.769584529383316,0.0,75.0,0.0,50.230415470616684,98.52102246562212,True
08/23/2026 12:00:00,22.74,23.3,38283.9405,185.3,205.1,12,08/23/2026,WEPEAK,AUGUST,2026,2026-08-23,12,-0.5600000000000023,21.8125,1.4875000000000007,scarcity_bearish,scarcity_bearish_rlz,0.0,52.384096539616586,0.0,75.0,0.0,22.615903460383414,29.33509406218541,True
08/23/2026 13:00:00,30.11,30.185,44546.011,162.8,342.2,13,08/23/2026,WEPEAK,AUGUST,2026,2026-08-23,13,-0.07499999999999929,26.4075,3.7775,scarcity_bearish,scarcity_bearish_rlz,0.0,0.0,0.0,0.0,0.0,0.5112276000281175,0.0,False
08/23/2026 14:00:00,40.83,41.19,49911.6499,199.2,661.5,14,08/23/2026,WEPEAK,AUGUST,2026,2026-08-23,14,-0.35999999999999943,33.835,7.354999999999997,scarcity_bearish,scarcity_bearish_rlz,0.0999,0.0,0.1,0.0,0.0001,0.23679905844231447,-0.03596399999999995,False
08/23/2026 15:00:00,42.18,42.745,52373.1896,269.3,1132.1,15,08/23/2026,WEPEAK,AUGUST,2026,2026-08-23,15,-0.5649999999999977,42.8775,-0.13250000000000028,scarcity_bearish,scarcity_bearish_rlz,0.0999,0.0,0.1,0.0,0.0001,0.0922466469897578,-0.05644349999999977,False
08/23/2026 16:00:00,39.2,40.6,50939.9698,821.2,1934.9,16,08/23/2026,WEPEAK,AUGUST,2026,2026-08-23,16,-1.3999999999999986,42.3175,-1.7175000000000011,scarcity_bearish,scarcity_bearish_rlz,0.08900000000000001,0.0,0.1,0.0,0.011,0.05809730000638713,-0.12459999999999989,False
08/23/2026 17:00:00,38.0,35.4175,51932.7086,1066.8,2084.1,17,08/23/2026,WEPEAK,AUGUST,2026,2026-08-23,17,2.582500000000003,33.5275,1.8899999999999935,scarcity_bearish,scarcity_bearish_rlz,45.413599999999995,0.0,47.4,0.0,1.9864,0.07747305838669287,117.28062200000014,True
08/23/2026 18:00:00,33.51,55.4525,53805.1605,1426.3,2193.1,18,08/23/2026,WEPEAK,AUGUST,2026,2026-08-23,18,-21.942500000000003,44.11,11.342500000000001,scarcity_bearish,scarcity_bearish_rlz,0.09570000000000001,0.0,0.1,0.0,0.0043,0.10112970291740365,-2.0998972500000006,False
08/23/2026 19:00:00,38.91,56.5325,59850.8594,1814.3,2316.4,19,08/23/2026,WEPEAK,AUGUST,2026,2026-08-23,19,-17.622500000000002,64.1075,-7.575000000000003,scarcity_bearish,scarcity_bearish_rlz,31.4144,0.0,50.1,0.0,18.6856,0.02588779302934805,-553.600264,True
08/23/2026 20:00:00,49.99,157.4725,69064.2611,2059.7,2011.2,20,08/23/2026,WEPEAK,AUGUST,2026,2026-08-23,20,-107.48249999999999,210.18,-52.70750000000001,scarcity_bearish,scarcity_bearish_rlz,0.0,0.0,1.3,0.0,15.2097,0.08285836703247494,0.0,False
08/23/2026 21:00:00,49.75,247.2575,68245.8807,2252.0,1727.9,21,08/23/2026,WEPEAK,AUGUST,2026,2026-08-23,21,-197.5075,286.0625,-38.80500000000001,scarcity_bearish,scarcity_bearish_rlz,0.0,0.0,0.1,0.0,16.3863,0.007056571493546169,0.0,False
08/23/2026 22:00:00,49.28,312.4025,62740.0296,2347.5,1445.2,22,08/23/2026,WEPEAK,AUGUST,2026,2026-08-23,22,-263.12249999999995,331.4075,-19.005000000000052,scarcity_bearish,scarcity_bearish_rlz,0.0,0.0,0.1,0.0,13.8308,0.08919367572499647,0.0,False
08/23/2026 23:00:00,36.05,44.4875,57354.2408,2200.8,1258.8,23,08/23/2026,OFFPEAK,AUGUST,2026,2026-08-23,23,-8.4375,43.6925,0.7949999999999946,scarcity_bearish,scarcity_bearish_rlz,39.5206,0.0,50.0,0.0,10.4794,0.1056901495738162,-333.4550625,True
08/24/2026 00:00:00,29.12,31.625,51514.9688,2067.9,1154.9,24,08/23/2026,OFFPEAK,AUGUST,2026,2026-08-23,24,-2.504999999999999,31.2125,0.4125000000000014,scarcity_bearish,scarcity_bearish_rlz,0.0,0.0,0.0,0.0,0.8716,0.285490945999821,0.0,False
