{
  "n_days": 60,
  "n_hours": 1440,
  "ceiling_total_usd": 336366.0,
  "ceiling_by_product": {
    "NSPIN": 174535.0,
    "REGDN": 90050.0,
    "REGUP": 43552.0,
    "ECRS": 25342.0,
    "RRS": 2887.0
  },
  "fixed_one_product_100mw_strats": {
    "REGUP": 177920.99999999997,
    "REGDN": 166147.0,
    "RRS": 128642.0,
    "ECRS": 146404.0,
    "NSPIN": 256233.0
  },
  "gks_actual_total_as_usd": 189788.12000000002,
  "gks_actual_by_product": {
    "REGUP": 0.0,
    "REGDN": 0.0,
    "RRS": 4993.919999999999,
    "ECRS": 28869.120000000003,
    "NSPIN": 155925.08000000002
  },
  "gks_pct_of_ceiling": 0.56423098648496,
  "top_product_count": {
    "NSPIN": 924,
    "REGDN": 271,
    "REGUP": 193,
    "ECRS": 48,
    "RRS": 4
  },
  "mean_mcpc_per_he_per_product": {
    "ECRS": {
      "1": 0.39,
      "2": 0.32,
      "3": 0.34,
      "4": 0.36,
      "5": 0.39,
      "6": 0.45,
      "7": 1.19,
      "8": 3.23,
      "9": 3.29,
      "10": 1.79,
      "11": 0.82,
      "12": 0.56,
      "13": 0.45,
      "14": 0.46,
      "15": 0.43,
      "16": 0.47,
      "17": 0.53,
      "18": 0.86,
      "19": 2.11,
      "20": 1.43,
      "21": 1.16,
      "22": 1.17,
      "23": 1.13,
      "24": 1.04
    },
    "NSPIN": {
      "1": 1.46,
      "2": 1.38,
      "3": 1.22,
      "4": 1.18,
      "5": 1.33,
      "6": 1.38,
      "7": 2.13,
      "8": 3.3,
      "9": 2.4,
      "10": 1.37,
      "11": 1.21,
      "12": 1.15,
      "13": 1.03,
      "14": 0.98,
      "15": 0.91,
      "16": 0.95,
      "17": 1.06,
      "18": 2.0,
      "19": 4.41,
      "20": 3.5,
      "21": 2.19,
      "22": 2.1,
      "23": 1.93,
      "24": 2.12
    },
    "REGDN": {
      "1": 0.52,
      "2": 0.66,
      "3": 0.79,
      "4": 0.87,
      "5": 0.75,
      "6": 0.66,
      "7": 0.15,
      "8": 0.1,
      "9": 1.76,
      "10": 0.93,
      "11": 0.87,
      "12": 0.76,
      "13": 0.8,
      "14": 1.03,
      "15": 1.68,
      "16": 3.26,
      "17": 5.97,
      "18": 1.49,
      "19": 0.43,
      "20": 0.51,
      "21": 0.86,
      "22": 0.94,
      "23": 0.92,
      "24": 1.0
    },
    "REGUP": {
      "1": 0.47,
      "2": 0.55,
      "3": 0.58,
      "4": 0.61,
      "5": 0.66,
      "6": 0.58,
      "7": 1.45,
      "8": 3.47,
      "9": 3.3,
      "10": 1.67,
      "11": 0.9,
      "12": 0.66,
      "13": 0.58,
      "14": 0.61,
      "15": 0.62,
      "16": 0.69,
      "17": 0.96,
      "18": 1.4,
      "19": 2.59,
      "20": 1.78,
      "21": 1.42,
      "22": 1.46,
      "23": 1.3,
      "24": 1.34
    },
    "RRS": {
      "1": 0.32,
      "2": 0.25,
      "3": 0.27,
      "4": 0.3,
      "5": 0.36,
      "6": 0.43,
      "7": 1.19,
      "8": 2.95,
      "9": 2.8,
      "10": 1.38,
      "11": 0.67,
      "12": 0.43,
      "13": 0.33,
      "14": 0.32,
      "15": 0.29,
      "16": 0.32,
      "17": 0.41,
      "18": 0.75,
      "19": 2.0,
      "20": 1.4,
      "21": 1.07,
      "22": 1.1,
      "23": 1.08,
      "24": 1.03
    }
  },
  "hourly_top_share": {
    "ECRS": {
      "1": 0.0,
      "2": 0.0,
      "3": 0.0,
      "4": 0.0,
      "5": 0.0,
      "6": 0.0,
      "7": 0.033,
      "8": 0.1,
      "9": 0.333,
      "10": 0.233,
      "11": 0.05,
      "12": 0.0,
      "13": 0.0,
      "14": 0.0,
      "15": 0.0,
      "16": 0.0,
      "17": 0.0,
      "18": 0.0,
      "19": 0.0,
      "20": 0.017,
      "21": 0.0,
      "22": 0.017,
      "23": 0.017,
      "24": 0.0
    },
    "NSPIN": {
      "1": 1.0,
      "2": 0.917,
      "3": 0.883,
      "4": 0.783,
      "5": 0.95,
      "6": 0.9,
      "7": 0.733,
      "8": 0.333,
      "9": 0.067,
      "10": 0.283,
      "11": 0.6,
      "12": 0.75,
      "13": 0.717,
      "14": 0.5,
      "15": 0.333,
      "16": 0.133,
      "17": 0.033,
      "18": 0.533,
      "19": 0.85,
      "20": 0.883,
      "21": 0.85,
      "22": 0.767,
      "23": 0.767,
      "24": 0.833
    },
    "REGDN": {
      "1": 0.0,
      "2": 0.05,
      "3": 0.083,
      "4": 0.2,
      "5": 0.05,
      "6": 0.1,
      "7": 0.017,
      "8": 0.0,
      "9": 0.1,
      "10": 0.067,
      "11": 0.2,
      "12": 0.2,
      "13": 0.283,
      "14": 0.45,
      "15": 0.567,
      "16": 0.8,
      "17": 0.933,
      "18": 0.25,
      "19": 0.017,
      "20": 0.017,
      "21": 0.033,
      "22": 0.05,
      "23": 0.033,
      "24": 0.017
    },
    "REGUP": {
      "1": 0.0,
      "2": 0.033,
      "3": 0.033,
      "4": 0.017,
      "5": 0.0,
      "6": 0.0,
      "7": 0.2,
      "8": 0.533,
      "9": 0.5,
      "10": 0.417,
      "11": 0.15,
      "12": 0.05,
      "13": 0.0,
      "14": 0.05,
      "15": 0.1,
      "16": 0.067,
      "17": 0.033,
      "18": 0.217,
      "19": 0.133,
      "20": 0.083,
      "21": 0.117,
      "22": 0.167,
      "23": 0.167,
      "24": 0.15
    },
    "RRS": {
      "1": 0.0,
      "2": 0.0,
      "3": 0.0,
      "4": 0.0,
      "5": 0.0,
      "6": 0.0,
      "7": 0.017,
      "8": 0.033,
      "9": 0.0,
      "10": 0.0,
      "11": 0.0,
      "12": 0.0,
      "13": 0.0,
      "14": 0.0,
      "15": 0.0,
      "16": 0.0,
      "17": 0.0,
      "18": 0.0,
      "19": 0.0,
      "20": 0.0,
      "21": 0.0,
      "22": 0.0,
      "23": 0.017,
      "24": 0.0
    }
  }
}