{
  "total": 1219369.8604310488,
  "energy": 1049759.8708322248,
  "as_total": 169609.9895988239,
  "REGUP": {
    "a_DA_mean": 16.017564941683187,
    "a_RT_mean": 4.113573461298401,
    "DA_share": 0.7956611603897599,
    "da_revenue": 28540.706077283845,
    "rt_revenue": 7724.740661709983,
    "net_revenue": 36265.44673899383
  },
  "RRS": {
    "a_DA_mean": 7.091663688178101,
    "a_RT_mean": 0.05306364203760912,
    "DA_share": 0.992573034689064,
    "da_revenue": 15085.791079119812,
    "rt_revenue": 325.3228745710594,
    "net_revenue": 15411.11395369087
  },
  "ECRS": {
    "a_DA_mean": 7.450867690878249,
    "a_RT_mean": 0.1890940677870443,
    "DA_share": 0.9752493436799506,
    "da_revenue": 19148.17660791302,
    "rt_revenue": 1043.15967998122,
    "net_revenue": 20191.336287894243
  },
  "NSPIN": {
    "a_DA_mean": 11.257638900230843,
    "a_RT_mean": 0.5114918801397571,
    "DA_share": 0.9565395363782633,
    "da_revenue": 27084.850774062965,
    "rt_revenue": 5387.501353895638,
    "net_revenue": 32472.352127958602
  },
  "REGDN": {
    "a_DA_mean": 23.062222207421513,
    "a_RT_mean": 8.68150904675386,
    "DA_share": 0.7265126466312322,
    "da_revenue": 52361.95725444787,
    "rt_revenue": 12907.78323583848,
    "net_revenue": 65269.74049028635
  },
  "gks_capture": 0.376948372856712,
  "gks_as_capture": 1.1189678181627343
}