{
  "n_days": 60,
  "expost_total": 1295118.3647838552,
  "expost_energy": 1061031.790987974,
  "expost_as_total": 234086.57379588098,
  "expost_as_REGUP": 22358.891168000006,
  "expost_as_REGDN": 89089.070251881,
  "expost_as_RRS": 2412.576,
  "expost_as_ECRS": 17098.964976,
  "expost_as_NSPIN": 103127.0714,
  "actual_total": 459639.48479999986,
  "actual_da_energy": 596485.1799999999,
  "actual_rt_energy": -326633.81520000007,
  "actual_as_total": 189788.12000000002,
  "actual_as_REGUP": 0.0,
  "actual_as_REGDN": 0.0,
  "actual_as_RRS": 4993.919999999999,
  "actual_as_ECRS": 28869.120000000003,
  "actual_as_NSPIN": 155925.08000000002,
  "gap_total": 835478.8799838553,
  "gap_energy": 791180.4261879742,
  "gap_as": 44298.45379588095,
  "gks_pct_of_expost": 0.3549015266081182,
  "gks_energy_pct_expost": 0.2543291983256498,
  "gks_as_pct_expost": 0.8107603820349459
}