{
  "total": 1747606.3483284363,
  "energy": 1094725.770304079,
  "as_total": 652880.5780243573,
  "REGUP": {
    "a_DA_mean": 79.16666666666667,
    "a_RT_mean": 12.435194288546985,
    "s_DA_mean": 71.85344816243222,
    "DA_share": 0.8642473618016686,
    "da_revenue": 152088.0,
    "rt_revenue": 12900.585852482205,
    "sda_buyback_cost": 46031.05632398805,
    "net_revenue": 118957.52952849417
  },
  "RRS": {
    "a_DA_mean": 96.45833333333333,
    "a_RT_mean": 0.6489157700529951,
    "s_DA_mean": 95.34732044174893,
    "DA_share": 0.9933175352402155,
    "da_revenue": 121201.0,
    "rt_revenue": 1170.0935553170168,
    "sda_buyback_cost": 18682.57615327861,
    "net_revenue": 103688.5174020384
  },
  "ECRS": {
    "a_DA_mean": 94.93055555555556,
    "a_RT_mean": 1.358950221581255,
    "s_DA_mean": 93.4699393272562,
    "DA_share": 0.9858868294045816,
    "da_revenue": 136384.0,
    "rt_revenue": 2156.8755177754256,
    "sda_buyback_cost": 23376.122979683583,
    "net_revenue": 115164.75253809184
  },
  "NSPIN": {
    "a_DA_mean": 94.58333333333333,
    "a_RT_mean": 2.09777888614925,
    "s_DA_mean": 92.92926760775741,
    "DA_share": 0.978302081575283,
    "da_revenue": 232149.0,
    "rt_revenue": 6390.651580010057,
    "sda_buyback_cost": 50983.57895370623,
    "net_revenue": 187556.07262630382
  },
  "REGDN": {
    "a_DA_mean": 70.34722222222223,
    "a_RT_mean": 15.960474833615116,
    "s_DA_mean": 63.42026570955962,
    "DA_share": 0.81507472244,
    "da_revenue": 150664.0,
    "rt_revenue": 15696.187386760132,
    "sda_buyback_cost": 38846.481457331,
    "net_revenue": 127513.70592942914
  },
  "gks_actual": {
    "total": 459639.48479999986,
    "energy": 269851.36479999986,
    "as_total": 189788.12000000002,
    "as_by_product": {
      "REGUP": 0.0,
      "REGDN": 0.0,
      "RRS": 4993.919999999999,
      "ECRS": 28869.120000000003,
      "NSPIN": 155925.08000000002
    }
  },
  "gks_capture_pct": 0.2630108807052797,
  "gks_as_capture_pct": 0.290693468894888
}