date,year,hours,energy_rev,as_rev,dart_rev,bp_dev,actual_rev,tb2_spread,tb2_rev,tb2_da_spread,commit_mwh,energy_mwh_abs,as_awarded_mwh,discharge_rev,charge_cost,discharge_mwh,charge_mwh,as_mwh_RRS,as_mwh_ECRS,as_mwh_NSPIN,as_mwh_REGUP,as_mwh_REGDN,quantity,quantity_energy
2025-01-01,2025,24,0.0,0.0,0.0,0.0,0.0,70.05999999999999,14011.999999999998,17.13,0.0,0.0,0.0,0.0,0.0,0.0,0.0,0.0,0.0,0.0,0.0,0.0,0.0,0.0
2025-01-02,2025,24,0.0,0.0,0.0,0.0,0.0,26.017500000000002,5203.5,18.015,0.0,0.0,0.0,0.0,0.0,0.0,0.0,0.0,0.0,0.0,0.0,0.0,0.0,0.0
2025-01-03,2025,24,0.0,0.0,0.0,0.0,0.0,17.935,3586.9999999999995,20.665,0.0,0.0,0.0,0.0,0.0,0.0,0.0,0.0,0.0,0.0,0.0,0.0,0.0,0.0
2025-01-04,2025,24,0.0,0.0,0.0,0.0,0.0,44.19875,8839.75,23.745,0.0,0.0,0.0,0.0,0.0,0.0,0.0,0.0,0.0,0.0,0.0,0.0,0.0,0.0
2025-01-05,2025,24,0.0,0.0,0.0,0.0,0.0,54.04125,10808.25,33.765,0.0,0.0,0.0,0.0,0.0,0.0,0.0,0.0,0.0,0.0,0.0,0.0,0.0,0.0
2025-01-06,2025,24,468.42728624999995,0.0,-31.668986249999932,0.0,468.42728624999995,49.928749999999994,9985.749999999998,53.28,18.0251,18.0251,0.0,468.42728624999995,0.0,18.0251,0.0,0.0,0.0,0.0,0.0,0.0,0.0075104583333333325,0.0075104583333333325
2025-01-07,2025,24,427.25771,0.0,0.0,0.0,427.25771,43.08875,8617.75,15.129999999999999,0.0,0.0,0.0,0.0,0.0,0.0,0.0,0.0,0.0,0.0,0.0,0.0,0.0,0.0
2025-01-08,2025,24,0.0,0.0,0.0,0.0,0.0,17.918750000000003,3583.7500000000005,56.980000000000004,0.0,0.0,0.0,0.0,0.0,0.0,0.0,0.0,0.0,0.0,0.0,0.0,0.0,0.0
2025-01-09,2025,24,-1080.7399593599305,0.0,-11.847040640069508,0.0,-1080.7399593599305,25.9475,5189.5,33.2,29.5789999996,29.5789999996,0.0,0.0,1080.7399593599305,0.0,29.5789999996,0.0,0.0,0.0,0.0,0.0,0.012324583333166666,0.012324583333166666
2025-01-10,2025,24,-52.9295417164865,0.0,-1.034658283513501,0.0,-52.9295417164865,31.740000000000002,6348.0,34.42,2.327049999,2.327049999,0.0,36.34347075,89.2730124664865,0.9253,2.713749999,0.0,0.0,0.0,0.0,0.0,0.0009696041662500001,0.0009696041662500001
2025-01-11,2025,24,-0.43201624300325,0.0,0.015116243003249985,0.0,-0.43201624300325,130.59625000000003,26119.250000000004,43.51,0.0107499998,0.0107499998,0.0,0.0,0.43201624300325,0.0,0.0107499998,0.0,0.0,0.0,0.0,0.0,4.4791665833333336e-06,4.4791665833333336e-06
2025-01-12,2025,24,-8.104472499999998,0.0,1.3324125000000002,0.0,-8.104472499999998,43.54,8708.0,27.465,0.30625,0.30625,0.0,0.0,8.7128125,0.0,0.30625,0.0,0.0,0.0,0.0,0.0,0.00012760416666666668,0.00012760416666666668
2025-01-13,2025,24,21091.4632707584,89.10681,87.47307924159941,0.0,21180.5700807584,90.43124999999999,18086.25,33.785,235.38054999969998,235.38054999969998,0.0,5812.16861825,1101.231897491599,193.03929999999997,42.3412499997,0.0,0.0,0.0,0.0,0.0,0.09807522916654166,0.09807522916654166
2025-01-14,2025,24,-4376.564436197616,0.0,2.263276197615596,0.0,-4376.564436197616,33.31,6662.0,21.015,168.50624999820002,168.50624999820002,0.0,0.0,4376.636476197616,0.0,168.50624999820002,0.0,0.0,0.0,0.0,0.0,0.07021093749925,0.07021093749925
2025-01-15,2025,24,8812.00812,0.0,0.0,0.0,8812.00812,80.63874999999999,16127.749999999998,25.540000000000003,0.0,0.0,0.0,0.0,0.0,0.0,0.0,0.0,0.0,0.0,0.0,0.0,0.0,0.0
2025-01-16,2025,24,2891.757619643356,0.0,-3.5281096433562595,0.0,2891.757619643356,77.33375000000001,15466.750000000002,31.375000000000004,12.687799999300001,12.687799999300001,0.0,147.83433899999997,380.10092935664375,5.3846,12.9854999993,0.0,0.0,0.0,0.0,0.0,0.005286583333041667,0.005286583333041667
2025-01-17,2025,24,414.71062727553385,0.0,-256.39312727553386,0.0,414.71062727553385,33.60125,6720.25,29.935000000000002,302.54064999850004,302.54064999850004,0.0,1280.50032475,865.7896974744663,230.0816,74.3322499985,0.0,0.0,0.0,0.0,0.0,0.12605860416604167,0.12605860416604167
2025-01-18,2025,24,-93.22553624778526,0.0,-67.68596375221473,-901.1500000000001,-93.22553624778526,37.05875,7411.750000000001,31.3,51.6489999996,51.6489999996,0.0,0.0,93.22553624778526,0.0,51.6489999996,0.0,0.0,0.0,0.0,0.0,0.0215204166665,0.0215204166665
2025-01-19,2025,24,-110.07030499296901,0.0,14.794004992969008,0.0,-110.07030499296901,96.35,19270.0,94.64,1.5654999999,1.5654999999,0.0,0.0,110.07030499296901,0.0,1.5654999999,0.0,0.0,0.0,0.0,0.0,0.000652291666625,0.000652291666625
2025-01-20,2025,24,-4193.27548556406,0.0,-1.035294435940159,-228.55,-4193.27548556406,51.62499999999999,10324.999999999998,22.095000000000006,89.08474999890001,89.08474999890001,0.0,0.0,4424.46930556406,0.0,89.08474999890001,0.0,0.0,0.0,0.0,0.0,0.037118645832875004,0.037118645832875004
2025-01-21,2025,24,-8453.788407757289,0.0,-506.62881224271223,-131.73,-8453.788407757289,114.76125,22952.25,93.3,452.9981759981,452.9981759981,0.0,3856.68644175,13727.887229507289,206.75809999999998,246.2400759981,0.0,0.0,0.0,0.0,0.0,0.18874923999920834,0.18874923999920834
2025-01-22,2025,24,82.2521,0.0,1.980319999999999,0.0,82.2521,76.3875,15277.5,131.07,0.496,0.496,0.0,0.0,23.94812,0.0,0.496,0.0,0.0,0.0,0.0,0.0,0.00020666666666666666,0.00020666666666666666
2025-01-23,2025,24,-232.76802749999996,0.0,73.11998749999998,-101.27,-232.76802749999996,105.98249999999999,21196.499999999996,36.544999999999995,5.965,5.965,0.0,0.0,433.0440875,0.0,5.965,0.0,0.0,0.0,0.0,0.0,0.0024854166666666666,0.0024854166666666666
2025-01-24,2025,24,-736.0777899195735,0.0,-40.8948700804267,-246.32,-736.0777899195735,44.29,8858.0,43.775,29.1497499969,29.1497499969,0.0,0.0,1033.5211299195735,0.0,29.1497499969,0.0,0.0,0.0,0.0,0.0,0.012145729165375,0.012145729165375
2025-01-25,2025,24,-62.364304958578494,0.0,0.6357549585785023,-1.27,-62.364304958578494,38.206250000000004,7641.250000000001,29.409999999999997,4.3924999967,4.3924999967,0.0,0.0,64.8067549585785,0.0,4.3924999967,0.0,0.0,0.0,0.0,0.0,0.0018302083319583333,0.0018302083319583333
2025-01-26,2025,24,-0.10308562470975,0.0,-0.02911437529024999,0.0,-0.10308562470975,43.4325,8686.5,26.02,0.0267499999,0.0267499999,0.0,0.0,0.10308562470975,0.0,0.0267499999,0.0,0.0,0.0,0.0,0.0,1.1145833291666667e-05,1.1145833291666667e-05
2025-01-27,2025,24,-920.9247145866011,0.0,61.84921458660119,-4980.4400000000005,-920.9247145866011,27.697499999999998,5539.5,23.729999999999997,495.124849999,495.124849999,0.0,6089.02289475,7009.947609336601,232.5856,262.539249999,0.0,0.0,0.0,0.0,0.0,0.20630202083291665,0.20630202083291665
2025-01-28,2025,24,88.3831125169105,0.0,-5.790612516910485,0.0,88.3831125169105,22.74125,4548.25,17.460000000000008,5.6604499996,5.6604499996,0.0,134.40099750000002,46.0178849830895,4.3072,1.3532499995999998,0.0,0.0,0.0,0.0,0.0,0.0023585208331666665,0.0023585208331666665
2025-01-29,2025,24,26.4721173969635,0.0,-0.35471739696350113,-187.46,26.4721173969635,52.80625,10561.25,40.25,0.9754499993000001,0.9754499993000001,0.0,29.973990500000003,3.5018731030365,0.6922,0.2832499993,0.0,0.0,0.0,0.0,0.0,0.00040643749970833336,0.00040643749970833336
2025-01-30,2025,24,-958.8852043465745,0.0,-2.3463956534255885,0.0,-958.8852043465745,42.28,8456.0,39.27,28.4092499991,28.4092499991,0.0,0.0,958.8852043465745,0.0,28.4092499991,0.0,0.0,0.0,0.0,0.0,0.011837187499625,0.011837187499625
2025-01-31,2025,24,7358.110054627836,0.0,46.067945372164104,0.0,7358.110054627836,44.7575,8951.5,37.705,229.99074999969997,229.99074999969997,0.0,7344.92268275,-13.187371877836501,222.369,7.8357499995,0.0,0.0,0.0,0.0,0.0,0.09582947916654165,0.09582947916654165
2025-02-01,2025,24,2932.9767433922343,0.0,121.24975660776545,-1.95,2932.9767433922343,38.6325,7726.5,29.165,309.94264999890004,309.94264999890004,0.0,2897.1682189999997,-35.80852439223449,126.9085,185.1017499989,0.0,0.0,0.0,0.0,0.0,0.129142770832875,0.129142770832875
2025-02-02,2025,24,4262.965872253148,0.0,519.2613977468509,-32.93,4262.965872253148,27.5025,5500.5,31.26,377.91609999909997,377.91609999909997,0.0,4809.02394475,729.4849424968515,187.3921,190.5239999991,0.0,0.0,0.0,0.0,0.0,0.15746504166629166,0.15746504166629166
2025-02-03,2025,24,3381.8888074953175,0.0,-9.002237495317786,-4.84,3381.8888074953175,37.69125,7538.249999999999,21.049999999999997,269.264999999,269.264999999,0.0,449.02732125000006,-2705.3361162453175,32.4735,270.9384999988,0.0,0.0,0.0,0.0,0.0,0.11219374999958333,0.11219374999958333
2025-02-04,2025,24,6660.41967125,0.0,-57.48567124999954,0.0,6660.41967125,85.2775,17055.5,22.580000000000002,269.17505,269.17505,0.0,7056.728553749999,903.1552825000001,232.0283,37.146750000000004,0.0,0.0,0.0,0.0,0.0,0.11215627083333334,0.11215627083333334
2025-02-05,2025,24,-79.18947865736986,0.0,-180.33908134263004,0.0,-79.18947865736986,100.73625,20147.25,13.67,369.2152499983,369.2152499983,0.0,1235.27418125,2148.8349999073703,78.30779999999999,337.24124999749995,0.0,0.0,0.0,0.0,0.0,0.15383968749929167,0.15383968749929167
2025-02-06,2025,24,3270.969386901891,0.0,456.96714309810795,0.0,3270.969386901891,33.55625,6711.25,18.335,609.5889499976,609.5889499976,0.0,6897.89794875,4608.387191848108,331.9257,277.66324999759996,0.0,0.0,0.0,0.0,0.0,0.2539953958323333,0.2539953958323333
2025-02-07,2025,24,1836.618471,0.0,72.99335900000005,0.0,1836.618471,22.6575,4531.5,26.36,65.00630000000001,65.00630000000001,0.0,1836.117741,0.0,65.00630000000001,0.0,0.0,0.0,0.0,0.0,0.0,0.027085958333333337,0.027085958333333337
2025-02-08,2025,24,439.7734755,0.0,-21.158975499999997,0.0,439.7734755,21.5825,4316.5,19.810000000000002,13.8783,13.8783,0.0,325.9318755,0.0,13.8783,0.0,0.0,0.0,0.0,0.0,0.0,0.005782625,0.005782625
2025-02-09,2025,24,1493.5691640199116,0.0,232.13160598008835,0.0,1493.5691640199116,40.48875,8097.750000000001,12.864999999999998,244.86014999830002,244.86014999830002,0.0,570.57545025,-693.7298437699114,18.8169,226.0432499983,0.0,0.0,0.0,0.0,0.0,0.10202506249929168,0.10202506249929168
2025-02-10,2025,24,3984.5620431500847,0.0,-608.2739531500847,-109.36,3984.5620431500847,22.12,4424.0,17.04,359.1218999999,359.1218999999,0.0,7220.926240000001,3327.0569868499156,294.3107,145.2219999989,0.0,0.0,0.0,0.0,0.0,0.14963412499995832,0.14963412499995832
2025-02-11,2025,24,-2848.8419087439165,0.0,-20.677391256083865,0.0,-2848.8419087439165,39.08875,7817.749999999999,21.369999999999997,251.3972999994,251.3972999994,0.0,263.39998125000005,3112.2418899939166,11.8553,239.5569999992,0.0,0.0,0.0,0.0,0.0,0.10474887499975,0.10474887499975
2025-02-12,2025,24,6790.133911391191,0.0,154.16663860880908,-17.23,6790.133911391191,63.653749999999995,12730.749999999998,24.029999999999998,117.11799999650002,117.11799999650002,0.0,2164.17552075,-214.49514064119074,96.5595,20.6244999963,0.0,0.0,0.0,0.0,0.0,0.04879916666520834,0.04879916666520834
2025-02-13,2025,24,7587.6499711313045,0.0,1286.3803388686965,-231.96,7587.6499711313045,46.67875,9335.75,44.6,338.97074999949996,338.97074999949996,0.0,8055.783394250001,1477.3835331186965,187.324,151.6467499995,0.0,0.0,0.0,0.0,0.0,0.14123781249979164,0.14123781249979164
2025-02-14,2025,24,930.4560725020531,0.0,-435.97757250205314,-270.28,930.4560725020531,4.3825,876.5,14.725000000000001,77.4239999999,77.4239999999,0.0,1320.8964425,390.440369997947,56.299499999999995,21.1244999999,0.0,0.0,0.0,0.0,0.0,0.032259999999958336,0.032259999999958336
2025-02-15,2025,24,5047.732200000147,0.0,-521.5780000001469,0.0,5047.732200000147,36.69375,7338.75,22.195,400.13314999939996,400.13314999939996,0.0,5578.215465,530.483264999854,173.7104,226.4227499994,0.0,0.0,0.0,0.0,0.0,0.1667221458330833,0.1667221458330833
2025-02-16,2025,24,7369.172029121503,0.0,1422.218260878496,0.0,7369.172029121503,54.286249999999995,10857.25,36.245000000000005,319.66639999969993,319.66639999969993,0.0,5029.9746509999995,-1397.607588121503,120.4034,199.6459999997,0.0,0.0,0.0,0.0,0.0,0.1331943333332083,0.1331943333332083
2025-02-17,2025,24,1595.0518144982445,0.0,72.57648550175554,0.0,1595.0518144982445,26.2325,5246.5,36.035,270.7498499992,270.7498499992,0.0,1291.7160182500002,-303.33579624824455,58.41309999999999,212.33674999919998,0.0,0.0,0.0,0.0,0.0,0.11281243749966667,0.11281243749966667
2025-02-18,2025,24,5532.035062253191,0.0,649.8910177468088,-47.46,5532.035062253191,24.156250000000004,4831.250000000001,16.924999999999997,185.3771499998,185.3771499998,0.0,5274.334865999999,75.31358374680825,178.43189999999998,6.9452499998,0.0,0.0,0.0,0.0,0.0,0.07724047916658333,0.07724047916658333
2025-02-19,2025,24,30595.55073724414,0.0,-864.1773272441387,-368.2,30595.55073724414,131.94375,26388.75,55.769999999999996,404.6337999974,404.6337999974,0.0,8875.95971975,1938.5324925058615,83.62830000000001,321.1174999974,0.0,0.0,0.0,0.0,0.0,0.16859741666558334,0.16859741666558334
2025-02-20,2025,24,11585.771804545557,36904.5743,778.5984954544438,0.0,48490.346104545555,91.1875,18237.5,407.49,1036.6826499992,352.5732499988,980.0,17284.66453825,7928.983633704443,208.5985,159.42774999879998,246.5,183.5,550.0,0.0,0.0,0.43195110416633337,0.14690552083283334
2025-02-21,2025,24,17132.864517940296,11730.900000000001,1254.510642059702,0.0,28863.764517940297,44.30749999999999,8861.499999999998,59.22,497.57419999940004,164.998649999,379.1,3981.7182185,4386.637760559702,77.2963,88.1017499988,23.8,0.0,355.3,0.0,0.0,0.20732258333308334,0.06874943749958334
2025-02-22,2025,24,5727.3350715364795,3505.3,4710.373398463523,-8.02,9232.635071536479,36.32875,7265.75,36.144999999999996,602.1270499987,295.3092499985,410.0,5586.934734,2762.91523246352,132.417,163.86174999829998,60.0,0.0,350.0,0.0,0.0,0.2508862708327917,0.12304552083270832
2025-02-23,2025,24,52.97397778010952,1048.5,5501.82378221989,0.0,1101.4739777801096,25.151249999999997,5030.249999999999,25.354999999999997,493.23204999880005,142.6788999988,364.4,1459.42504025,2149.1085224698904,43.77,99.5044999986,94.2,30.0,240.2,0.0,0.0,0.2055133541661667,0.05944954166616667
2025-02-24,2025,24,13831.010326425232,1295.7,-6785.2176564252295,-26.8,15126.710326425233,236.50625,47301.25,29.43,750.3000999986,349.69766899829995,465.8,11259.114826999998,-1744.7397294252323,222.00879999999998,128.4140689983,124.4,191.4,150.0,0.0,0.0,0.31262504166608335,0.14570736208262497
2025-02-25,2025,24,1855.8007034946145,0.0,-12.750853494614375,-61.45,1855.8007034946145,32.46375,6492.749999999999,29.365,150.4630499994,150.4630499994,0.0,1.218756,-1849.0897974946145,0.1848,150.2782499994,0.0,0.0,0.0,0.0,0.0,0.06269293749975,0.06269293749975
2025-02-26,2025,24,0.0,0.0,0.0,0.0,0.0,43.5075,8701.5,26.490000000000002,0.0,0.0,0.0,0.0,0.0,0.0,0.0,0.0,0.0,0.0,0.0,0.0,0.0,0.0
2025-02-27,2025,24,2163.4814377499997,0.0,206.62597225000036,-644.82,2163.4814377499997,48.813750000000006,9762.750000000002,32.395,65.0728,65.0728,0.0,2092.9692665,0.02023875,65.07230000000001,0.0005,0.0,0.0,0.0,0.0,0.0,0.027113666666666668,0.027113666666666668
2025-02-28,2025,24,307.8489405137856,0.0,3875.2816994862146,-2333.79,307.8489405137856,40.26,8052.0,37.9,77.1298999995,77.1298999995,0.0,960.4448005000002,723.0510999862146,24.6183,52.582499999300005,0.0,0.0,0.0,0.0,0.0,0.032137458333125,0.032137458333125
2025-03-01,2025,24,9225.576538878366,0.0,-34922.44643887837,-1306.98,9225.576538878366,116.55499999999999,23311.0,39.915000000000006,175.06439999980003,175.06439999980003,0.0,9399.6344695,579.3455306216333,139.3139,35.7589999998,0.0,0.0,0.0,0.0,0.0,0.07294349999991669,0.07294349999991669
2025-03-02,2025,24,0.0,0.0,-1195.306,0.0,0.0,49.7475,9949.5,26.330000000000002,0.0,0.0,0.0,0.0,0.0,0.0,0.0,0.0,0.0,0.0,0.0,0.0,0.0,0.0
2025-03-03,2025,24,731.0624588750001,0.0,58.64934112499998,-597.1899999999999,731.0624588750001,32.73,6545.999999999999,36.185,36.38615,36.38615,0.0,759.9025907500001,28.840131875,35.5129,0.87625,0.0,0.0,0.0,0.0,0.0,0.015160895833333334,0.015160895833333334
2025-03-04,2025,24,11664.310915374244,0.0,674.6539846257547,0.0,11664.310915374244,54.823750000000004,10964.75,42.89,764.9280999986,764.9280999986,0.0,10991.4722085,-672.8387068742447,344.1958,429.1224999982,0.0,0.0,0.0,0.0,0.0,0.31872004166608336,0.31872004166608336
2025-03-05,2025,24,12822.940132013795,690.80125,10576.849697986207,-42.13,13513.741382013795,96.8675,19373.5,46.99,723.2756499994,478.8965999989,360.0,16708.52300575,4443.717003736204,227.65609999999998,251.2894999989,360.0,0.0,0.0,0.0,0.0,0.3013648541664167,0.19954024999954167
2025-03-06,2025,24,5485.623297723599,1164.9,6501.380112276403,0.0,6650.523297723599,38.416250000000005,7683.250000000001,36.794999999999995,1297.6655499992,411.23372399870004,1120.0,5207.09741425,1570.2173265264025,191.748,220.40777599850003,820.0,0.0,300.0,0.0,0.0,0.5406939791663333,0.17134738499945834
2025-03-07,2025,24,10759.547791155972,3244.8999999999996,-8076.6991611559715,0.0,14004.447791155972,61.93499999999999,12386.999999999998,92.20000000000002,1310.7551499993,691.2795999988,920.0,16453.26350175,7997.437140594026,294.4898,401.81699999880004,860.0,0.0,60.0,0.0,0.0,0.546147979166375,0.2880331666661667
2025-03-08,2025,24,3752.3843973751336,179.5,275.2155826248659,0.0,3931.8843973751336,47.70125,9540.25,24.165000000000006,566.4951999996999,376.7186999997,210.0,4556.0460705,806.3054531248654,144.9948,231.94949999969998,210.0,0.0,0.0,0.0,0.0,0.23603966666654164,0.156966124999875
2025-03-09,2025,23,7331.637619731385,1681.2800000000002,-6509.407019731386,-16.96,9012.917619731385,72.13125,14426.249999999998,79.345,1121.3793999997,252.6635999989,899.8,6701.53830725,-630.099312481385,161.3605,92.3614999989,800.0,0.0,99.8,0.0,0.0,0.48755626086943477,0.10985373912995652
2025-03-10,2025,24,13051.70560916539,0.0,3773.0609408346118,-446.71,13051.70560916539,83.91,16782.0,71.36999999999999,502.1949499988,502.1949499988,0.0,17864.82675975,5230.165400584612,235.5462,275.9537499984,0.0,0.0,0.0,0.0,0.0,0.20924789583283332,0.20924789583283332
2025-03-11,2025,24,4247.22451600661,973.94138,2353.8659939933923,0.0,5221.165896006611,47.6825,9536.5,41.13,767.6224499993,274.04379999919996,504.9,3573.7498484999996,968.5331424933895,89.6475,184.7084999992,504.9,0.0,0.0,0.0,0.0,0.31984268749970834,0.11418491666633332
2025-03-12,2025,24,4672.3874620073575,1905.0,32740.047097992643,0.0,6577.3874620073575,53.73499999999999,10746.999999999998,67.82,640.7642499986,245.2464499986,400.0,4016.304862,-115.27534000735699,86.27289999999999,159.26274999839998,400.0,0.0,0.0,0.0,0.0,0.26698510416608334,0.10218602083275001
2025-03-13,2025,24,7479.654759884007,891.29,6724.740150115995,-26.62,8370.944759884007,45.82375,9164.75,58.385000000000005,478.1000999997,448.2000999997,79.19999999999999,12908.962718,6212.968468115994,249.72459999999998,200.35349999969998,19.4,0.0,59.8,0.0,0.0,0.19920837499987498,0.18675004166654166
2025-03-14,2025,24,4407.786374518291,1540.94,7636.450215481709,-37.5,5948.726374518292,54.56125,10912.25,80.21999999999998,415.4645499992,315.0383999991,201.50000000000003,8111.608699499999,3704.061214981709,149.0104,168.7739999991,121.69999999999999,0.0,79.8,0.0,0.0,0.17311022916633334,0.13126599999962502
2025-03-15,2025,24,7574.286925137373,761.1700000000001,4564.966474862628,-45.2,8335.456925137372,109.15875,21831.75,87.86,603.6582999991999,369.6622499989,285.2,10750.918259499998,3176.631334362627,165.355,209.9862499989,228.79999999999998,0.0,56.4,0.0,0.0,0.2515242916663333,0.15402593749954166
2025-03-16,2025,24,5790.861608539413,3017.75473,16882.477031460585,0.0,8808.616338539414,101.77625,20355.25,133.79,453.38379999890003,356.1088999985,199.9,14361.836561000004,9348.056692460588,142.66320000000002,213.9754999985,50.2,0.0,149.7,0.0,0.0,0.18890991666620835,0.14837870833270833
2025-03-17,2025,24,254.7686446233703,598.8000000000001,12180.69404537663,-193.45999999999998,853.5686446233703,30.90625,6181.25,28.535,500.5411499996,237.24324999919997,358.0,-156.23668099999998,-410.2602356233703,31.322300000000002,209.1047499992,221.29999999999998,0.0,136.7,0.0,0.0,0.20855881249983332,0.09885135416633332
2025-03-18,2025,24,381.127374481835,791.7,12110.791875518165,0.0,1172.827374481835,23.95375,4790.75,25.525,452.1053999994,22.5113499984,436.3,-15.32345425,-300.91447873183495,4.679,18.6652499984,436.3,0.0,0.0,0.0,0.0,0.18837724999975,0.009379729166
2025-03-19,2025,24,4040.9202347500586,2022.5,-10211.048544750058,0.0,6063.420234750059,104.60125000000001,20920.25,50.515,1850.0,161.27174999969998,1850.0,3875.0027684999995,-103.18747625005875,148.5969,14.223749999699999,1850.0,0.0,0.0,0.0,0.0,0.7708333333333334,0.06719656249987499
2025-03-20,2025,24,11955.495992629387,0.0,9586.32835737061,-257.17999999999995,11955.495992629387,58.34125,11668.25,65.33500000000001,468.8017999992,468.8017999992,0.0,8939.76059325,-2202.4561493793863,235.87850000000003,241.8079999992,0.0,0.0,0.0,0.0,0.0,0.195334083333,0.195334083333
2025-03-21,2025,24,541.4980443764706,45.7,11660.106475623532,0.0,587.1980443764706,41.818749999999994,8363.749999999998,39.85,322.10314999959996,300.4296499996,21.7,2136.73180625,2213.6518818735294,71.5629,254.93574999959998,21.7,0.0,0.0,0.0,0.0,0.13420964583316666,0.12517902083316665
2025-03-22,2025,24,1345.064622001576,305.7,15151.711227998423,0.0,1650.764622001576,24.9125,4982.5,21.72,258.6485499994,194.8747499994,72.10000000000001,1394.7906870000002,317.30641499842403,66.224,128.6507499994,72.10000000000001,0.0,0.0,0.0,0.0,0.10777022916641667,0.08119781249975
2025-03-23,2025,24,685.422898896866,93.85,9575.015501103137,-108.93,779.272898896866,31.35375,6270.75,36.64,215.8191499991,184.9179499992,52.6,2753.33036825,2067.9074693531343,86.7421,99.009249999,52.6,0.0,0.0,0.0,0.0,0.08992464583295834,0.077049145833
2025-03-24,2025,24,22935.250483142823,3592.2178600000007,23206.652416857174,-158.65,26527.468343142824,139.405,27881.0,176.61,329.74779999969996,226.22949999929997,224.6,23414.734351249997,733.8246681071764,189.42,37.1659999991,0.0,104.9,119.69999999999999,0.0,0.0,0.13739491666654166,0.094262291666375
2025-03-25,2025,24,-2836.8890838363077,2171.88,16252.118593836314,-51.239999999999995,-665.0090838363076,37.70125,7540.25,71.57000000000001,644.1181999989001,309.0525999988,388.9,1979.0847117500002,5160.576805586309,56.836600000000004,252.35049999860001,239.2,0.0,149.7,0.0,0.0,0.268382583332875,0.12877191666616666
2025-03-26,2025,24,4466.619115024567,175.1,3702.171154975431,-84.66999999999999,4641.719115024567,37.96625,7593.25,19.910000000000004,382.8735999988,263.4779499988,120.1,4291.627206250001,3668.987261225433,109.57239999999999,154.8882499988,120.1,0.0,0.0,0.0,0.0,0.15953066666616667,0.10978247916616667
2025-03-27,2025,24,2335.8032337527893,655.7,7198.3720262472125,0.0,2991.503233752789,35.527499999999996,7105.499999999999,34.5,372.4986499998,148.8311999995,232.7,2143.8458,242.18762624721077,73.23070000000001,84.12299999950001,232.7,0.0,0.0,0.0,0.0,0.15520777083325002,0.062012999999791665
2025-03-28,2025,24,6827.993399002699,294.2,6742.841000997304,-263.65,7122.193399002699,42.25000000000001,8450.000000000002,22.365000000000002,531.7701499998,485.23944999980006,73.2,11357.744404,4529.751004997301,305.6171,185.1442499998,73.2,0.0,0.0,0.0,0.0,0.22157089583325,0.20218310416658336
2025-03-29,2025,24,1720.7000732582044,182.85,5155.594926741801,-9.32,1903.5500732582043,28.854999999999997,5770.999999999999,14.115000000000002,385.7809999996,318.6697999996,104.4,5471.430457,3750.730383741795,128.3681,190.75049999959998,104.4,0.0,0.0,0.0,0.0,0.16074208333316667,0.13277908333316668
2025-03-30,2025,24,18474.88883443519,1542.9089400000003,-12392.35243443519,-93.7,20017.797774435192,144.5675,28913.5,93.74,455.8628029995,347.5271029995,204.9,17709.5253255,-712.6796089351916,164.03040000000001,183.4967969993,55.2,0.0,149.7,0.0,0.0,0.189942834583125,0.144802959583125
2025-03-31,2025,24,1128.1565416604467,2734.77785,10316.045658339553,-90.83000000000001,3862.9343916604466,45.39125,9078.25,70.75500000000001,542.8044499992,381.23704999920005,354.29999999999995,10130.91928725,9002.762745589554,182.9396,224.1672499992,104.8,0.0,249.5,0.0,0.0,0.226168520833,0.15884877083300003
2025-04-01,2025,24,-1335.882825230488,153.8,-2823.9648847695103,-135.92000000000002,-1182.082825230488,39.004999999999995,7800.999999999999,19.599999999999994,426.7581999996,380.00644999940005,87.8,5650.6859672499995,6989.372082480488,150.6762,229.9232499994,87.8,0.0,0.0,0.0,0.0,0.17781591666649998,0.15833602083308335
2025-04-02,2025,24,10723.001510519427,3305.29,6036.339889480578,-339.43,14028.291510519426,117.43749999999999,23487.499999999996,116.245,580.515399999,452.2041499986,248.20000000000002,13429.6873005,2706.6857899805736,147.3921,329.1532499984,98.5,0.0,149.7,0.0,0.0,0.24188141666625002,0.18841839583275
2025-04-03,2025,24,8146.083348380755,2530.87,28999.60775161924,-11.270000000000001,10676.953348380754,79.4925,15898.500000000002,77.31,420.9108499994,153.84094999939998,290.5,8263.210749,117.12740061924605,141.57280000000003,12.7857499994,190.7,0.0,99.8,0.0,0.0,0.17537952083308334,0.06410039583308333
2025-04-04,2025,24,1436.7195230176558,638.8,8275.058106982344,-303.89,2075.519523017656,24.91375,4982.75,53.475,489.3824999992,351.90879999919997,180.4,5162.70321675,3821.257723732343,164.11430000000001,187.7944999992,180.4,0.0,0.0,0.0,0.0,0.20390937499966666,0.1466286666663333
2025-04-05,2025,24,-3257.381570463972,117.4,16906.72567046397,-152.55,-3139.981570463972,37.57625,7515.25,31.645,297.50364999839996,237.0042999985,74.4,969.589567,4226.971137463972,31.923700000000004,206.71349999810002,74.4,0.0,0.0,0.0,0.0,0.12395985416599999,0.09875179166604166
2025-04-06,2025,24,1039.9466159766318,620.7,5845.850324023369,-8.02,1660.646615976632,66.11125000000001,13222.250000000002,57.47,283.4082999985,36.0908999983,251.7,953.11198975,-73.93978622663198,20.7505,16.8209999981,101.69999999999999,0.0,150.0,0.0,0.0,0.11808679166604168,0.015037874999291668
2025-04-07,2025,24,14683.192963623038,3910.2635099999998,5491.500436376962,-62.28,18593.45647362304,96.4525,19290.5,78.475,477.28904999860003,349.39376199850005,316.29999999999995,15988.134820250001,1539.722056626963,241.5364,108.0205619985,126.8,0.0,189.5,0.0,0.0,0.19887043749941669,0.1455807341660417
2025-04-08,2025,24,1060.0251932935937,417.0,19726.628506706405,-26.020000000000003,1477.0251932935937,38.5225,7704.5,45.39999999999999,525.0569349994,461.8180849992,87.4,5300.3967195000005,4240.371526206406,169.77530000000002,292.5352849992,87.4,0.0,0.0,0.0,0.0,0.21877372291641667,0.19242420208299998
2025-04-09,2025,24,2656.065956819576,198.39999999999998,13286.057543180425,-166.15,2854.465956819576,28.771250000000002,5754.25,47.845000000000006,323.1870629993,279.6799599988,77.6,1676.8697822499998,-979.196174569576,89.26160000000002,190.91041999720002,77.6,0.0,0.0,0.0,0.0,0.13466127624970833,0.11653331666616666
2025-04-10,2025,24,3176.247974768702,664.0313799999999,19443.554485231296,0.0,3840.279354768702,50.42375,10084.75,86.23,203.54522999780002,64.6031999983,141.10000000000002,2322.9321550000004,-101.53905976870223,42.754900000000006,21.9431019965,64.3,0.0,76.8,0.0,0.0,0.08481051249908335,0.026917999999291665
2025-04-11,2025,24,10189.427851994911,165.4,8667.697248005094,-182.42,10354.82785199491,30.186249999999994,6037.249999999999,51.93,564.7120749988001,522.7916299988999,62.2,13175.25927925,3774.4484272550894,309.6571,213.4416539969,62.2,0.0,0.0,0.0,0.0,0.2352966979161667,0.21782984583287496
2025-04-12,2025,24,2782.754227046753,543.2,15186.43517295325,-57.589999999999996,3325.9542270467527,26.6675,5333.5,16.625,852.431352999,354.6516359982,611.9,2685.9141284999996,-96.84009854675301,164.5742,190.2664379968,611.9,0.0,0.0,0.0,0.0,0.35517973041625,0.14777151499925
2025-04-13,2025,24,3180.77240633522,166.9,1671.3033936647807,-56.39,3347.67240633522,21.49625,4299.25,25.145,374.4975109981,336.7922839982,71.5,1741.8336347499999,-1438.9387715852201,146.4653,190.829173997,71.5,0.0,0.0,0.0,0.0,0.15604062958254167,0.14033011833258333
2025-04-14,2025,24,4601.592489163499,293.4,10481.402450836502,-88.89,4894.992489163498,41.1375,8227.5,50.910000000000004,406.76117699970007,279.3981249989,171.8,2725.23372625,243.89857708650172,97.2169,182.8202309963,171.8,0.0,0.0,0.0,0.0,0.16948382374987503,0.11641588541620834
2025-04-15,2025,24,12182.895413688882,336.14428999999996,-4376.609993688875,-98.56,12519.039703688883,65.22125,13044.25,66.16499999999999,489.58731499979996,421.09657299969996,108.8,15591.942402,5329.187608311117,236.28269999999998,186.9156829973,108.8,0.0,0.0,0.0,0.0,0.20399471458324997,0.17545690541654166
2025-04-16,2025,24,1856.403979662828,396.70000000000005,5294.88047033717,-44.54,2253.1039796628284,18.18625,3637.25,24.705,433.2192439986,346.04187499790004,136.1,3286.8729727499995,1846.0556430871713,150.2849,196.2392929965,136.1,0.0,0.0,0.0,0.0,0.18050801833275001,0.14418411458245836
2025-04-17,2025,24,2578.0672038520415,415.9,-7267.103753852043,-215.86,2993.9672038520416,41.46625,8293.25,17.5,623.7159279982,531.4124299975999,129.9,5129.110569999999,2605.9319161479575,166.1068,368.32546999600004,129.9,0.0,0.0,0.0,0.0,0.2598816366659166,0.2214218458323333
2025-04-18,2025,24,228.471874907354,1685.0,6420.665025092646,0.0,1913.471874907354,33.2575,6651.5,29.905,616.8121249986,30.3172529998,610.8,170.42171575,-58.050159157354,21.1593,10.1511729962,290.1,20.0,300.70000000000005,0.0,0.0,0.25700505208275,0.012632188749916668
2025-04-19,2025,24,142.61431801478795,1685.0,218.7776819852121,-2.27,1827.6143180147878,20.0575,4011.5,20.245,903.0575889997999,96.92436600020001,808.1,471.4372255,328.822907485212,27.136300000000002,70.97733599620001,330.0,61.2,416.9,0.0,0.0,0.3762739954165833,0.040385152500083336
2025-04-20,2025,24,15429.090731628075,4122.33288,10620.338718371922,-291.90999999999997,19551.423611628074,255.16875,51033.75,200.405,404.97189499809997,179.53951199760002,311.4,16741.217684749998,1196.6248031219216,138.8407,42.2641479962,120.0,91.6,99.8,0.0,0.0,0.16873828958254167,0.07480812999900001
2025-04-21,2025,24,1038.1294767709394,718.98848,7388.078523229059,-33.11,1757.1179567709394,63.875,12775.0,66.78,196.02974399829998,107.6254289978,160.0,2442.4873965,1404.3579197290605,45.9676,64.6763129972,160.0,0.0,0.0,0.0,0.0,0.08167905999929166,0.044843928749083335
2025-04-22,2025,24,-2310.8292100239546,0.0,4522.714110023953,-2180.4799999999996,-2310.8292100239546,37.71625,7543.25,25.68,128.1352399962,128.1352399962,0.0,0.0,2310.8292100239546,0.0,128.1352399962,0.0,0.0,0.0,0.0,0.0,0.05338968333175,0.05338968333175
2025-04-23,2025,24,4862.5917402244795,0.0,14.928009775520877,-290.6,4862.5917402244795,41.80875,8361.75,38.95,119.74164399799999,119.74164399799999,0.0,4841.49567,61.48587977552076,117.49599999999998,2.747267998,0.0,0.0,0.0,0.0,0.0,0.04989235166583333,0.04989235166583333
2025-04-24,2025,24,-876.2088876747096,0.0,1948.25087767471,-92.81,-876.2088876747096,47.0175,9403.5,58.95,158.1136379994,158.1136379994,0.0,574.7067965,1831.8756741747097,15.619500000000002,143.7570019968,0.0,0.0,0.0,0.0,0.0,0.06588068249975,0.06588068249975
2025-04-25,2025,24,2961.6174537562165,0.0,430.29624624378357,-22.66,2961.6174537562165,36.95375,7390.75,35.16,306.8200459997,306.8200459997,0.0,5075.93457425,2114.3171204937835,149.0757,160.04495599749998,0.0,0.0,0.0,0.0,0.0,0.12784168583320835,0.12784168583320835
2025-04-26,2025,24,188.6265279813166,2840.7000000000003,1588.0283320186836,-1.86,3029.3265279813168,25.435,5087.0,22.125,482.7429409992,64.68222699850001,438.7,449.90002549999997,778.4706575186835,20.414600000000004,46.200692996300006,438.7,0.0,0.0,0.0,0.0,0.201142892083,0.026950927916041673
2025-04-27,2025,24,2041.3022265290317,1383.5,591.8620734709682,-244.94,3424.802226529032,49.83875,9967.75,13.835,822.3775789999,328.3373579985,557.0,5041.274189,2999.9719624709687,138.45540000000003,194.75921199710004,557.0,0.0,0.0,0.0,0.0,0.3426573245832917,0.13680723249937501
2025-04-28,2025,24,5153.838226519803,2240.8999999999996,580.0005234801956,-142.64,7394.738226519803,48.05500000000001,9611.000000000002,43.195,812.8377349999,285.7642619981,670.4000000000001,3956.28939,-664.9733865198034,136.26950000000002,154.8084679969,670.4000000000001,0.0,0.0,0.0,0.0,0.33868238958329167,0.11906844249920832
2025-04-29,2025,24,2801.9290297411108,4307.59,302.1535202588889,-39.73,7109.519029741111,45.455,9091.0,32.885000000000005,833.3326039996,247.0832679992,730.2,3203.18202275,1139.1651430088891,117.03569999999999,133.7089059976,411.8,0.0,318.4,0.0,0.0,0.3472219183331667,0.10295136166633333
2025-04-30,2025,24,2786.6685975336613,6055.85,767.5312224663394,-114.30000000000001,8842.51859753366,44.041250000000005,8808.250000000002,28.625000000000004,769.1311029993999,299.5405490002,701.1999999999999,3746.74144975,1079.9880722163384,181.43800000000002,142.5402569972,327.7,0.0,373.5,0.0,0.0,0.32047129291641663,0.12480856208341666
2025-05-01,2025,24,3299.6081833039293,31478.03,13564.891716696073,-41.0,34777.63818330393,46.83625,9367.25,77.62499999999999,1068.0199989999,313.3890499988,970.0999999999999,3230.0687325,-69.53945080392893,151.0287,164.4307539976,536.6,0.0,433.5,0.0,0.0,0.445008332916625,0.1305787708328333
2025-05-02,2025,24,2552.6199995025404,7816.36,2021.8597004974595,-57.67,10368.97999950254,46.493750000000006,9298.750000000002,27.17,1059.0045479998,210.0724059985,1041.2,2893.153184,340.5331844974592,84.22710000000001,128.4708219965,311.6,0.0,729.5999999999999,0.0,0.0,0.4412518949999167,0.08753016916604166
2025-05-03,2025,24,4529.420140207676,7686.75,7467.438159792324,-36.28,12216.170140207676,62.98875,12597.75,54.105000000000004,1111.6388220000001,152.56435099819998,1111.6000000000001,4361.78946925,-167.63067095767627,80.96549999999999,72.08804299639999,100.0,0.0,1011.6,0.0,0.0,0.4631828425,0.06356847958258333
2025-05-04,2025,24,-2411.4829501213753,3937.4800000000005,16269.531350121375,0.0,1525.9970498786251,31.1825,6236.5,28.775000000000002,1127.6360289984,104.3761469975,1034.3000000000002,-4.7012107499999995,2406.7817393713754,1.7929,103.2055909963,334.3,0.0,700.0,0.0,0.0,0.469848345416,0.04349006124895834
2025-05-05,2025,24,1214.8747344372566,4703.16,720.1697655627438,-40.05,5918.034734437257,27.115,5423.0,35.510000000000005,1004.0882069992001,82.92574599920002,1004.0000000000001,1426.296776,211.42204156274352,61.8444,21.732175997400002,445.6,0.0,558.4,0.0,0.0,0.4183700862496667,0.03455239416633334
2025-05-06,2025,24,13415.68381383716,13421.04,6216.670486162839,-42.96,26836.72381383716,134.56,26912.0,81.88499999999999,1206.4904429990002,191.0921189993,1138.2,13435.6541745,19.970360662839767,117.361,75.2794969967,240.0,0.0,898.2,0.0,0.0,0.5027043512495833,0.07962171624970833
2025-05-07,2025,24,-2148.589671500085,12535.460000000001,33007.464991500085,-72.33999999999999,10386.870328499916,47.965,9593.0,42.220000000000006,1407.6,144.4004139965,1407.6,0.7925549999999999,2463.5844465000846,0.16999999999999998,144.4278279963,273.3,0.0,1134.3,0.0,0.0,0.5864999999999999,0.06016683916520833
2025-05-08,2025,24,3218.7756774538325,11652.597819999999,4298.312532546167,0.0,14871.373497453831,42.3825,8476.5,17.07,1237.9,49.382703999200004,1237.9,843.45760525,-66.66996220383275,27.032999999999998,24.3620439972,280.0,0.0,957.9,0.0,0.0,0.5157916666666668,0.020576126666333336
2025-05-09,2025,24,11967.435915150338,5905.92,-6167.93841515034,-174.81,17873.355915150336,104.83125,20966.25,55.41,1305.75153,378.4277789982,1291.6,11566.565752499999,-400.87016265033725,247.9957,150.21385899720002,173.2,0.0,1118.3999999999999,0.0,0.0,0.5440631375,0.15767824124925
2025-05-10,2025,24,3842.1243931216723,3550.81,-22.78716312167171,-221.64,7392.934393121672,40.89875,8179.75,41.29,1213.5810670004,292.88269899730005,1167.3000000000002,6633.190008,2845.052044878328,136.5849,157.5054649965,210.5,0.0,956.8,0.0,0.0,0.5056587779168333,0.12203445791554168
2025-05-11,2025,24,3958.8425829320545,3082.05,2504.0693270679467,-221.54,7040.892582932054,49.435,9887.0,57.46499999999999,806.6572589996,300.0582449989,746.5,7383.641851,3300.3059780679464,132.192,168.5152509973,307.5,0.0,439.0,0.0,0.0,0.33610719124983335,0.12502426874954167
2025-05-12,2025,24,-2231.9586641063015,5204.68,947.602774106304,-1.78,2972.721335893699,56.182500000000005,11236.5,67.77,1066.9366509996,270.1256299984,958.5,4192.03350225,6706.280976356301,106.5764,169.4161459966,619.3,0.0,339.2,0.0,0.0,0.44455693791650003,0.11255234583266666
2025-05-13,2025,24,677.7961700367092,9391.920000000002,3442.959619963291,-43.09,10069.71617003671,34.168749999999996,6833.749999999999,46.57000000000001,1195.0258159994,138.40712999930003,1087.8000000000002,230.63452875,-266.70995128670927,14.810300000000002,125.13265399670001,306.1,0.0,781.7,0.0,0.0,0.4979274233330834,0.05766963749970835
2025-05-14,2025,24,359.8207814416838,22369.989999999998,31621.307618558316,0.0,22729.810781441684,33.11875,6623.75,21.5,1553.7830369995,42.9595209972,1522.1,-17.57751825,-377.39829969168375,0.8600000000000001,43.178446996,583.3,0.0,938.8,0.0,0.0,0.6474095987497916,0.0178998004155
2025-05-15,2025,24,923.5289970480308,27047.309999999998,2725.4460029519696,0.0,27970.838997048028,45.065,9013.0,69.50999999999999,1384.8001899997,58.934895997699996,1378.1000000000001,483.4351645,-440.0938325480308,37.682199999999995,22.0949239967,438.4,0.0,939.6999999999999,0.0,0.0,0.5770000791665417,0.024556206665708333
2025-05-16,2025,24,5324.095954690061,21338.97116,-4175.70570469006,-25.61,26663.067114690064,64.9675,12993.5,31.549999999999997,1183.9870699993999,211.58840700009998,1148.2,5055.8605345000005,-316.03867019006145,118.05049999999999,94.20334699649999,0.0,250.0,898.2,0.0,0.0,0.49332794583308326,0.08816183625004166
2025-05-17,2025,24,4517.848351403658,4785.64,-9049.576151403659,0.0,9303.48835140366,55.00124999999999,11000.249999999998,17.64,1111.3691569996,158.3020139986,1111.3,6654.909939999999,2137.0615885963416,89.1702,78.3212599966,140.0,0.0,971.3,0.0,0.0,0.46307048208316665,0.06595917249941666
2025-05-18,2025,24,2134.1569052887294,2719.05,199.76831471127116,0.0,4853.206905288729,42.57875,8515.75,26.229999999999997,942.0014939992999,272.70251400029997,798.4,6376.330462250001,4412.741576961272,129.6071,144.17152199729998,0.0,0.0,798.4,0.0,0.0,0.3925006224997083,0.11362604750012499
2025-05-19,2025,24,-1864.907432252773,3179.51,3759.5506322527754,-82.37,1314.602567747227,28.00125,5600.25,46.84,799.3537369991,171.1089279979,798.5,329.763593,2194.6710252527732,12.561499999999999,160.0934299965,90.0,0.0,708.5,0.0,0.0,0.33306405708295833,0.07129538666579166
2025-05-20,2025,24,17169.950316413582,91234.06213,39792.81048358642,-12.86,108404.01244641359,162.55,32510.000000000004,495.44,1136.7427279994,158.79852899920002,1118.4,17599.7935945,429.8432780864193,136.9201,22.225322996399996,340.0,0.0,778.4,0.0,0.0,0.4736428033330833,0.06616605374966668
2025-05-21,2025,24,-2642.5599775222972,10209.920000000002,10295.612777522296,-164.43,7567.360022477705,23.626250000000006,4725.250000000001,72.72999999999999,1098.8276569996,190.6294519979,1070.7,924.4410389999999,3567.0010165222975,29.6622,161.4585399967,251.6,0.0,819.1,0.0,0.0,0.4578448570831667,0.07942893833245833
2025-05-22,2025,24,-55.30979506789026,5617.57,11724.89130506789,-7.96,5562.260204932109,19.7025,3940.5,23.905,1018.1419159996,18.8607529991,1018.1000000000001,98.51728325000002,244.64228831789026,3.5370000000000004,15.596692996500002,286.7,0.0,731.4,0.0,0.0,0.42422579833316665,0.007858647082958333
2025-05-23,2025,24,1460.011837599388,6070.780000000001,-12578.50678759939,-415.0,7530.791837599389,52.603750000000005,10520.750000000002,10.335,1512.5103509991004,29.8058239983,1512.4,1470.74280825,21.163820650612,29.668100000000003,0.6227299964999999,604.4,0.0,908.0,0.0,0.0,0.6302126462496251,0.012419093332625
2025-05-24,2025,24,-732.0774640321256,4883.37,1432.0045640321255,-226.57999999999998,4151.292535967874,19.79,3958.0,19.945,999.1967909994,117.0236379982,996.0,232.767045,996.1617090321256,10.0905,107.084863996,212.0,0.0,784.0,0.0,0.0,0.41633199624975004,0.04875984916591667
2025-05-25,2025,24,1357.6011757992223,4885.9,1951.3220942007774,-12.04,6243.5011757992215,30.705,6141.0,33.699999999999996,969.0873260005001,249.535597,860.0,3414.7443127500005,2146.888306950778,105.638,144.50398899680002,120.0,0.0,740.0,0.0,0.0,0.4037863858335417,0.10397316541666667
2025-05-26,2025,24,4431.414561887582,5097.9,-6188.419911887582,0.0,9529.314561887582,52.964999999999996,10593.0,22.629999999999995,1041.4842380005,193.47947500060002,956.7,5060.57130175,1148.910389862418,134.0752,60.552932997599996,236.7,0.0,720.0,0.0,0.0,0.43395176583354167,0.08061644791691668
2025-05-27,2025,24,7381.625361029053,9206.414330000001,-20520.511571029052,-18.7,16588.039691029055,136.02375,27204.75,35.269999999999996,1067.4935449992,249.78471899890002,977.9,9202.533106249999,1946.8747352209461,129.50779999999997,120.53861699730001,175.89999999999998,0.0,802.0,0.0,0.0,0.44478897708299997,0.10407696624954167
2025-05-28,2025,24,160.9455442514369,6379.7300000000005,3907.1607657485642,-126.89,6540.675544251438,35.4225,7084.5,20.554999999999996,1263.7659119994,254.97503399869998,1192.3000000000002,4487.17030525,4326.589470998562,97.21209999999999,158.2668159973,344.0,0.0,848.3,0.0,0.0,0.52656912999975,0.10623959749945833
2025-05-29,2025,24,5111.426350231601,4338.15,418.5511597683999,-138.81,9449.5763502316,32.856249999999996,6571.249999999999,23.345,781.2585279994,271.1315099983,688.7,7638.018058,2702.8307177684,148.7056,122.70397999670001,120.0,0.0,568.7,0.0,0.0,0.3255243866664167,0.11297146249929166
2025-05-30,2025,24,19414.338382590042,10448.36509,-4958.910182590042,-439.2,29862.70347259004,235.82625,47165.25,50.99,992.3769829998,299.34579499920005,884.1,24592.89773025,5178.55934765996,128.448,171.43832699760003,0.0,0.0,884.1,0.0,0.0,0.41349040958325,0.12472741458300002
2025-05-31,2025,24,4402.16351036198,7987.743300000001,1702.8754896380206,-292.82,12389.906810361981,82.67,16534.0,72.06,772.6527889986,271.302737998,600.7,7371.997027,2969.8335166380202,122.2625,149.93374599679998,151.6,0.0,449.1,0.0,0.0,0.32193866208275,0.11304280749916666
2025-06-01,2025,24,-3182.289268839816,2973.48,2503.1965188398153,0.0,-208.809268839816,15.247499999999999,3049.4999999999995,30.285000000000004,680.1521439979,198.0567439986,510.9,950.008968,4276.861586839816,28.959000000000003,169.46232799639998,0.0,0.0,510.9,0.0,0.0,0.2833967266657917,0.08252364333275
2025-06-02,2025,24,395.10345294253557,2683.13,1449.370547057461,0.0,3078.2334529425357,21.805000000000003,4361.000000000001,16.054999999999996,606.3186189994001,48.8288129995,600.8,835.21134225,440.1078893074645,24.7883,28.538994996699998,63.699999999999996,0.0,537.1,0.0,0.0,0.2526327579164167,0.020345338749791667
2025-06-03,2025,24,4558.4439602077055,2353.44,-1035.2815102077075,-157.45000000000002,6911.883960207706,37.9875,7597.499999999999,16.105000000000004,592.5564460004,152.12552199930002,560.4,5982.04740625,1415.9747960422935,95.06819999999999,59.561185996099994,107.30000000000001,0.0,453.1,0.0,0.0,0.24689851916683334,0.06338563416637501
2025-06-04,2025,24,-1581.8583220959235,7488.33,2006.4899020959235,0.0,5906.471677904076,29.33125,5866.25,21.82,1114.3114859991001,222.13948299880002,963.1,1822.5957045,3480.8243065959236,57.1546,165.8072929966,283.1,0.0,680.0,0.0,0.0,0.46429645249962503,0.09255811791616668
2025-06-05,2025,24,8792.464340305676,2584.7599999999998,7124.492299694324,-479.21000000000004,11377.224340305676,95.8775,19175.5,13.3,644.4413129989,171.3469910001,612.7,9059.190644,489.2695436943243,140.177,31.806552997099995,5.8,0.0,606.9000000000001,0.0,0.0,0.2685172137495417,0.071394579583375
2025-06-06,2025,24,-5059.571848869127,4053.2800000000007,100.45303886912734,-14.11,-1006.2918488691266,64.5025,12900.5,16.34,978.3062869985001,178.94682699760003,814.1000000000001,197.41359825,5431.688037119126,4.880599999999999,175.2039549966,143.6,0.0,670.5,0.0,0.0,0.4076276195827084,0.07456117791566667
2025-06-07,2025,24,398.66662040632525,9004.51,164.27748959367483,-16.509999999999998,9403.176620406326,37.31875,7463.75,28.275,866.5481199993001,38.8247079981,849.2,387.55123075,-10.88207965632524,11.9227,27.140463996900003,153.6,0.0,695.5999999999999,0.0,0.0,0.36106171666637504,0.016176961665875
2025-06-08,2025,24,25.41449682220125,5415.09,-1814.3282968222015,-9.76,5440.504496822201,24.45625,4891.25,20.09,898.3484469993,10.664402,892.4000000000001,39.33589025,13.921393427798751,4.2928999999999995,7.552429997000001,141.2,0.0,751.2,0.0,0.0,0.374311852916375,0.004443500833333333
2025-06-09,2025,24,4015.5616882065037,6974.27295,678.5085517934958,0.0,10989.834638206503,54.74625000000002,10949.250000000004,28.415000000000003,957.9520090006,83.3357500016,957.0000000000001,3986.49322225,16.5918740434965,83.1042,0.9777059967999999,227.3,0.0,729.7,0.0,0.0,0.39914667041691665,0.034723229167333336
2025-06-10,2025,24,5417.860078084373,5791.5599999999995,-21310.80404808437,-0.61,11209.420078084371,96.64,19328.0,11.745000000000001,1348.5,280.8824680001,1348.5,11192.880863999999,5969.4139159156275,144.2115,143.2552419979,280.7,50.0,1017.8,0.0,0.0,0.561875,0.11703436166670833
2025-06-11,2025,24,6474.705107409405,2778.37459,2939.3201425905936,-204.32,9253.079697409405,72.97625,14595.249999999998,15.93,668.6802999976001,296.6995759976,585.8,12331.36893525,5856.901577840595,146.99620000000002,150.3299999962,62.3,12.3,511.19999999999993,0.0,0.0,0.2786167916656667,0.12362482333233334
2025-06-12,2025,24,3170.841802385951,2117.52,3864.5809676140493,-242.84999999999997,5288.361802385951,38.372499999999995,7674.499999999999,35.85,593.7934479982,268.0616669976,478.8,6038.498708749999,3233.3505763640487,117.7742,163.0401049964,319.2,0.0,159.6,0.0,0.0,0.24741393666591668,0.111692361249
2025-06-13,2025,24,10280.158244428096,1936.91,78.03852557190476,-333.24,12217.068244428096,96.66625,19333.25,45.599999999999994,610.2247279997,283.1154599985,398.29999999999995,11606.88466,1923.6377855719034,137.9171,145.4231079969,238.7,0.0,159.6,0.0,0.0,0.2542603033332083,0.117964774999375
2025-06-14,2025,24,970.4031608547307,1917.24,3063.969539145269,-283.67,2887.643160854731,23.834999999999994,4766.999999999999,33.27499999999999,590.6867249991,255.3347419985,454.5,3289.5067609999996,2319.2985001452694,92.71589999999999,163.7477139967,122.5,0.0,332.0,0.0,0.0,0.24611946874962498,0.10638947583270833
2025-06-15,2025,24,5812.438892718783,2256.52,-1294.7873327187826,-126.97,8068.958892718783,41.43375,8286.75,40.279999999999994,369.5981759992,251.13860799920002,239.60000000000002,5996.70636425,485.2540315312168,141.382,110.098839997,80.0,0.0,159.6,0.0,0.0,0.15399923999966666,0.10464108666633334
2025-06-16,2025,24,9540.369333908662,3269.74823,-8018.897623908662,-193.58,12810.117563908661,99.74125,19948.25,24.6,826.4353369991,283.5697279991,725.1999999999999,12260.690920250001,3043.668596341337,123.6534,160.1719499967,160.0,0.0,565.1999999999999,0.0,0.0,0.3443480570829583,0.11815405333295834
2025-06-17,2025,24,-112.08138469063044,1070.24,3621.17527469063,-355.43,958.1586153093696,20.6725,4134.5,13.169999999999998,564.1056340006999,206.4292289998,490.09999999999997,1082.090662,1194.4086366906304,48.4781,158.2148329964,0.0,0.0,490.09999999999997,0.0,0.0,0.23504401416695828,0.08601217874991667
2025-06-18,2025,24,406.10918556400236,5494.780000000001,-3580.7445155640025,-15.77,5900.889185564003,22.78,4556.0,31.2,763.2121579994999,93.8256809996,741.4,576.91364525,311.8152296859975,32.3739,62.949660997200006,0.0,0.0,741.4,0.0,0.0,0.318005065833125,0.039094033749833335
2025-06-19,2025,24,3144.1436796417765,3166.89,22.403710358222725,0.0,6311.033679641776,30.0075,6001.5,41.165000000000006,634.8409959993,123.65779499870001,613.5,3623.98868675,680.456597108224,85.5349,39.1010509971,0.0,0.0,613.5,0.0,0.0,0.264517081666375,0.051524081249458335
2025-06-20,2025,24,11001.761941418794,847.26,2202.662178581206,-218.59,11849.021941418794,93.47625000000001,18695.25,20.560000000000002,559.1101499987999,280.4304129982,518.9,14178.523470250002,3555.038548831206,161.5736,140.470388997,0.0,0.0,518.9,0.0,0.0,0.23296256249949995,0.11684600541591667
2025-06-21,2025,24,1373.6230447237565,895.08,-46.10064472375666,-114.38,2268.7030447237566,42.3625,8472.5,20.14,584.6047379982999,246.27552299720003,537.3,2969.870738,1596.2476932762436,73.65110000000001,173.83857299700003,56.4,0.0,480.9,0.0,0.0,0.24358530749929164,0.10261480124883335
2025-06-22,2025,24,81.18230016486024,995.38,-3333.6462001648606,-38.78,1076.5623001648603,34.445,6889.0,24.674999999999997,525.9569399988,95.1276549974,492.4,18.445305750000003,-62.736994414860234,1.6058,94.529504996,0.0,0.0,492.4,0.0,0.0,0.21914872499949997,0.03963652291558333
2025-06-23,2025,24,1514.4027168874225,2833.9,-6910.442536887422,-11.6,4348.302716887422,38.3675,7673.5,27.160000000000004,616.0288179989,67.5223319984,610.4,1310.39605225,-53.149884637422254,47.82,21.8734639972,70.0,0.0,540.4,0.0,0.0,0.2566786741662083,0.028134304999333337
2025-06-24,2025,24,2048.3048314961743,2943.8799999999997,919.2938385038258,0.0,4992.1848314961735,23.516250000000007,4703.250000000001,31.815,548.2797249998,91.54282699870001,537.2,2355.67408375,504.3839222538257,62.039699999999996,30.118194997099998,0.0,0.0,537.2,0.0,0.0,0.22844988541658334,0.03814284458279167
2025-06-25,2025,24,-902.3746971843921,3404.67,87.31850718439227,-45.0,2502.295302815608,25.04,5008.0,14.915000000000003,752.6572829987999,127.310735998,687.4,230.1414485,1165.4035556843921,8.393099999999999,119.38112199640001,133.8,0.0,553.6,0.0,0.0,0.3136072012495,0.053046139999166665
2025-06-26,2025,24,1460.9226462336446,2067.79,112.10233376635529,0.0,3528.7126462336446,20.28125,4056.25,15.434999999999999,629.5387469991,38.851062998399996,629.4,921.12689075,87.96382451635526,32.2886,7.3640429968,25.0,0.0,604.4,0.0,0.0,0.262307811249625,0.016187942916
2025-06-27,2025,24,1281.169743263421,3108.1400000000003,229.21929673657928,0.0,4389.309743263421,23.150000000000006,4630.000000000001,20.844999999999995,590.2453209998,92.34900600040001,561.4000000000001,1563.4221765000002,969.4654732365791,43.7387,52.255827997400004,29.0,0.0,532.4,0.0,0.0,0.24593555041658333,0.03847875250016667
2025-06-28,2025,24,-320.92807193793396,2353.08,115.28527193793406,0.0,2032.151928062066,20.26375,4052.7500000000005,17.345,348.5326719978,118.4106959978,252.0,898.3856925,1307.835664437934,31.8209,86.61048199700001,110.0,0.0,142.0,0.0,0.0,0.14522194666575,0.04933778999908334
2025-06-29,2025,24,2515.266646762937,2917.82,59.71185323706277,0.0,5433.086646762937,23.14,4628.0,15.614999999999998,651.3150609996001,83.3296230002,615.6,2612.1002222499997,96.83357548706326,78.8141,5.350984996200001,196.7,0.0,418.9,0.0,0.0,0.27138127541650003,0.034720676250083335
2025-06-30,2025,24,-1807.1848689920705,6464.912179999999,376.2074689920705,-47.32,4657.727311007929,32.0475,6409.5,42.83,820.7570699994001,154.4667909988,791.9000000000001,1470.325429,3277.5102979920703,42.0684,114.74522899680001,181.6,0.0,610.3,0.0,0.0,0.34198211249975,0.06436116291616667
2025-07-01,2025,24,7270.051088077282,2520.2584399999996,70.12414192271717,-774.72,9790.309528077281,87.445,17489.0,41.415,800.1293029999,186.668021999,693.5,8969.811701499999,2224.342643422717,128.0643,67.1887639978,74.89999999999999,10.0,608.5999999999999,0.0,0.0,0.33338720958329165,0.07777834249958333
2025-07-02,2025,24,-2856.211608512715,2342.8,268.5887085127156,-110.17999999999999,-513.4116085127148,36.411249999999995,7282.249999999999,14.685000000000002,823.7086309992001,179.5199999994,725.6,798.7354744999999,3690.6619830127147,25.2674,155.44229799660002,446.79999999999995,0.0,278.79999999999995,0.0,0.0,0.343211929583,0.07479999999975
2025-07-03,2025,24,18.536012883524748,958.4300000000001,22.837347116475254,0.0,976.9660128835249,17.86125,3572.2499999999995,16.005,599.0998279992,11.7522109985,592.0,131.280826,112.97507311647526,5.1083,8.4773329961,230.0,0.0,362.0,0.0,0.0,0.24962492833299998,0.0048967545827083335
2025-07-04,2025,24,1540.8369384282812,342.89,178.2318615717188,-3.32,1883.7269384282813,36.6275,7325.5,11.515,401.7000099989,107.5257479978,324.2,1616.56486025,75.72792182171872,58.072399999999995,49.960453996199995,156.5,0.0,167.7,0.0,0.0,0.16737500416620832,0.04480239499908333
2025-07-05,2025,24,-203.83948612675852,726.3100000000001,161.13009612675847,-9.98,522.4705138732415,33.9225,6784.5,13.685,504.8221399982,100.0138989969,426.9,205.71831749999998,477.67171362675856,8.8946,91.5002049961,0.0,0.0,426.9,0.0,0.0,0.21034255833258333,0.041672457915375
2025-07-06,2025,24,7430.630911464528,1472.1599999999999,54.841248535471095,-76.06,8902.790911464528,54.144999999999996,10829.0,18.555,584.6462869991999,328.3925789988,377.5,9267.664137250002,1837.2295857854715,207.6849,121.36863499820001,70.0,0.0,307.5,0.0,0.0,0.24360261958299995,0.1368302412495
2025-07-07,2025,24,1303.315970614557,1931.46,362.9863093854433,-26.74,3234.775970614557,41.97500000000001,8395.000000000002,12.195,495.8896009985,212.7849019986,417.4000000000001,4431.621829,3151.4692383854426,82.5885,132.5068339974,150.0,20.0,247.4,0.0,0.0,0.20662066708270832,0.08866037583275
2025-07-08,2025,24,-242.02420210352028,2012.12,379.76250210352043,-52.75,1770.0957978964796,39.15125,7830.249999999999,18.145000000000003,480.0041799992,146.9756039982,412.40000000000003,2123.183928,2688.9205301035204,39.15189999999999,110.6749679968,187.3,32.4,192.7,0.0,0.0,0.20000174166633333,0.06123983499925
2025-07-09,2025,24,83.24395476745167,427.28000000000003,135.94633523254845,-80.17,510.5239547674517,48.9725,9794.5,9.27,309.6824139996,99.1092469996,220.60000000000002,1015.0191772499999,1042.6315124825485,28.245400000000004,72.1536609968,52.2,0.0,168.39999999999998,0.0,0.0,0.1290343391665,0.04129551958316667
2025-07-10,2025,24,1995.36504660193,692.24,354.70857339807003,-258.09000000000003,2687.60504660193,28.19375,5638.75,22.760000000000005,373.81380099849997,110.9927109981,347.5,2289.76271875,494.12249214807,72.1723,39.518536996899996,0.0,0.0,347.5,0.0,0.0,0.15575575041604164,0.046246962915874996
2025-07-11,2025,24,15228.612316844874,398.22554,22760.32201315512,-232.13,15626.837856844873,248.35000000000002,49670.00000000001,20.189999999999998,360.7116729992,211.1010649992,311.29999999999995,14989.22971775,207.63953090512774,86.8531,126.50072899700001,0.0,0.0,311.29999999999995,0.0,0.0,0.15029653041633334,0.087958777083
2025-07-12,2025,24,5807.176434843568,813.06812,1338.8303851564328,-465.26,6620.244554843568,61.2325,12246.5,22.425,537.3885889988001,286.5593149983,374.7,4615.6656142500005,781.5495994064325,115.99390000000001,181.2136369965,0.0,0.0,374.7,0.0,0.0,0.22391191208283337,0.11939971458262501
2025-07-13,2025,24,2956.8005437897546,955.05,516.3105962102459,0.0,3911.8505437897547,34.25625,6851.25,16.14,541.5191859994,169.15856299939998,478.3999999999999,2945.5280795,654.5444757102455,85.45270000000001,84.3383629964,0.0,0.0,478.3999999999999,0.0,0.0,0.22563299416641663,0.07048273458308332
2025-07-14,2025,24,2476.0981857644974,1419.69,812.643914235503,-0.96,3895.7881857644975,28.758750000000006,5751.750000000001,29.374999999999993,673.4543339991,305.41746299839997,631.3,5601.88952325,3125.791337485503,165.8987,160.0133489966,0.0,0.0,631.3,0.0,0.0,0.280605972499625,0.12725727624933333
2025-07-15,2025,24,1917.6783307732157,1905.8799999999999,9035.715769226783,-8.83,3823.558330773216,22.976250000000004,4595.250000000001,22.21,582.4247819996999,231.7239209994,472.79999999999995,3720.1799217499997,1802.5015909767842,107.5901,124.33211699740001,0.0,60.0,412.79999999999995,0.0,0.0,0.24267699249987496,0.09655163374975001
2025-07-16,2025,24,-478.96173263877665,2343.04,2252.517332638778,-836.55,1864.0782673612234,12.5825,2516.5,28.245000000000005,1069.2930029997,231.81805599749998,1047.6,2208.3575735,2687.3193061387774,92.70460000000001,139.6450599959,0.0,100.0,947.5999999999999,0.0,0.0,0.445538751249875,0.09659085666562499
2025-07-17,2025,24,471.93711711462447,1916.7799999999997,117.64768288537516,-13.530000000000001,2388.717117114624,12.423749999999998,2484.7499999999995,26.66,967.3015849997998,194.63955000049998,947.5999999999999,2467.88651,1995.9493928853751,86.547,108.42626599749998,0.0,0.0,947.5999999999999,0.0,0.0,0.40304232708324994,0.08109981250020833
2025-07-18,2025,24,-2528.1834987263924,2194.92,-416.81510127360707,-172.64,-333.2634987263923,9.055000000000003,1811.0000000000007,13.39,1357.8000000000002,124.5306580011,1357.8000000000002,200.29777325000003,2728.481271976392,7.9681999999999995,119.4118079961,330.0,175.0,852.8,0.0,0.0,0.5657500000000001,0.051887774167125
2025-07-19,2025,24,544.6868578607861,1016.1700000000001,-846.9735578607862,0.0,1560.856857860786,27.52375,5504.75,15.89,335.4576599978,79.6084759978,284.70000000000005,1277.49842825,732.811570389214,46.6863,39.887005996199996,165.0,0.0,119.69999999999999,0.0,0.0,0.13977402499908334,0.03317019833241667
2025-07-20,2025,24,-54.850852251917736,1769.8600000000001,-4286.855947748082,-2.36,1715.0091477480823,28.5025,5700.5,15.240000000000002,1623.2,38.3276849975,1623.2,9.245803500000001,64.09665575191775,0.7216,38.6144149965,1025.0,295.0,303.2,0.0,0.0,0.6763333333333333,0.015969868748958334
2025-07-21,2025,24,2107.3889907722355,2150.82,944.6359792277644,-29.21,4258.208990772236,21.342499999999998,4268.499999999999,18.045,1497.8000000000002,248.9315879997,1497.8000000000002,3766.1651555,1758.1849347277648,141.87560000000002,108.10222199709999,340.0,120.0,1037.8,0.0,0.0,0.6240833333333334,0.103721494999875
2025-07-22,2025,24,2069.8788681525302,2127.87,4312.805421847471,-6.8,4197.74886815253,20.34625,4069.2500000000005,21.945,1502.8000000000002,201.9076819977,1502.8000000000002,3083.3405795000003,1036.549101347469,118.15369999999999,84.7976639969,455.0,0.0,1047.8,0.0,0.0,0.6261666666666668,0.084128200832375
2025-07-23,2025,24,676.0556646254824,2366.91,1144.4397353745173,-8.22,3042.9656646254825,19.40625,3881.25,23.66,1467.5988499997002,247.5076989981,1463.7000000000003,3191.2788714999997,2515.2232068745175,103.4135,144.8265329965,740.0,125.0,598.6999999999999,0.0,0.0,0.6114995208332084,0.103128207915875
2025-07-24,2025,24,1943.3810512844555,3544.24,3792.579958715548,-6.05,5487.6210512844555,38.045,7609.0,68.73,1497.6000000000001,196.50075499809998,1497.6000000000001,3810.5952742500003,1946.265532965544,80.02770000000001,116.73255299729999,260.0,40.0,1197.6,0.0,0.0,0.6240000000000001,0.08187531458254166
2025-07-25,2025,24,2844.5173672599535,3712.69,600.324742740047,-6.36,6557.207367259954,26.636250000000004,5327.250000000001,29.105000000000004,1397.8,237.3751199999,1397.8,5212.51139675,2498.914239490047,135.8192,102.1252819969,0.0,300.0,1097.8,0.0,0.0,0.5824166666666667,0.09890629999995833
2025-07-26,2025,24,-1683.4298252007757,1155.33,-1890.198174799225,0.0,-528.0998252007757,29.90625,5981.25,13.175,1262.6404299999,238.49531099799998,1208.9,2137.80803275,3821.2378579507754,57.618100000000005,182.16374899700003,0.0,660.0,548.9,0.0,0.0,0.526100179166625,0.09937304624916665
2025-07-27,2025,24,3786.3724001987375,1483.96,-334.8285001987374,0.0,5270.332400198738,34.293749999999996,6858.749999999999,20.715,1160.3051369993,187.8705009986,1138.8000000000002,4319.001327749999,532.6289275512622,130.8204,57.639978997,930.0,0.0,208.79999999999998,0.0,0.0,0.4834604737497083,0.07827937541608333
2025-07-28,2025,24,-1819.1681287802523,2494.49,993.8865787802529,-76.96,675.3218712197474,13.438749999999999,2687.75,23.665,1188.278691,162.74915999979999,1157.6999999999998,346.33471925000003,2429.716898030252,13.9205,149.29314399700002,360.0,0.0,797.6999999999999,0.0,0.0,0.49511612125,0.06781214999991667
2025-07-29,2025,24,440.05479293831365,2497.66396,-95.8345129383132,0.0,2937.7187529383136,14.857500000000002,2971.5000000000005,47.11500000000001,997.8,98.3205149995,997.8,1198.59891775,1017.3602048116865,43.93710000000001,55.375842997099994,300.0,0.0,697.8,0.0,0.0,0.41575,0.04096688124979167
2025-07-30,2025,24,-510.0665293262992,13762.095889999999,21973.8517693263,0.0,13252.0293606737,13.5475,2709.5,122.32,1097.8,67.1185949985,1097.8,561.6745272500001,1072.267896576299,18.9234,49.60291099729999,100.0,80.0,917.8,0.0,0.0,0.45741666666666664,0.027966081249375
2025-07-31,2025,24,3355.2672143200043,7903.42991,-6533.498584320005,-13.06,11258.697124320004,28.53,5706.0,28.415,1230.419361,286.33879499939997,1197.6,7058.748490249999,3897.3700059299963,166.8088,147.3045049978,180.0,120.0,897.5999999999999,0.0,0.0,0.51267473375,0.11930783124974999
2025-08-01,2025,24,1877.6117120886174,4954.0,-595.8857320886173,-116.52000000000001,6831.611712088617,36.81750000000001,7363.500000000002,30.865000000000006,1197.6,427.1943759986,1197.6,8979.621428999999,7191.9137969113835,179.4702,260.5264039972,180.0,120.0,897.5999999999999,0.0,0.0,0.49899999999999994,0.17799765666608333
2025-08-02,2025,24,2193.542047042249,3999.9199999999996,3973.42415295775,0.0,6193.462047042249,26.70125,5340.25,31.409999999999997,1197.6,81.40919999810001,1197.6,2895.021344,701.4792969577506,63.503699999999995,24.080523996300002,180.0,120.0,897.5999999999999,0.0,0.0,0.49899999999999994,0.033920499999208334
2025-08-03,2025,24,1593.5945443474284,4363.02,1213.5098056525699,-1.61,5956.614544347429,38.74,7748.0,37.260000000000005,1197.6,120.62598399880001,1197.6,2683.71433,1156.3257356525714,56.9662,63.8617679974,180.0,120.0,897.5999999999999,0.0,0.0,0.49899999999999994,0.05026082666616667
2025-08-04,2025,24,-1894.7207260277348,2439.8199999999997,5060.729326027734,-10.39,545.0992739722649,7.883750000000003,1576.7500000000005,28.86,1197.6,80.8571849966,1197.6,5.105342,1899.826068027735,0.1985,80.9615229962,180.0,120.0,897.5999999999999,0.0,0.0,0.49899999999999994,0.03369049374858333
2025-08-05,2025,24,1935.7465107877993,2114.49,2754.2613892122013,0.0,4050.236510787799,24.2325,4846.5,30.075,967.5999999999999,68.2172419993,967.5999999999999,2086.6390195,150.892508712201,59.609899999999996,8.8195259973,150.0,100.0,717.5999999999999,0.0,0.0,0.4031666666666666,0.028423850833041667
2025-08-06,2025,24,-329.4880583388335,1741.3199999999997,5349.623828338834,-2.24,1411.8319416611662,31.068749999999998,6213.75,23.214999999999996,967.5999999999999,141.3121319985,967.5999999999999,1341.955997,1827.6704253388339,35.8425,109.1622279959,200.0,150.0,617.5999999999999,0.0,0.0,0.4031666666666666,0.058880054999375
2025-08-07,2025,24,1958.9541442223244,1805.27,12786.473125777673,0.0,3764.2241442223244,19.28,3856.0,32.69499999999999,808.0999999999999,47.672758999,808.0999999999999,1805.91101575,42.2331415276755,45.882000000000005,2.0630229968,160.0,80.0,568.0999999999999,0.0,0.0,0.3367083333333333,0.019863649582916667
2025-08-08,2025,24,-251.4576710815495,1750.8600000000001,6584.3620710815485,0.0,1499.4023289184506,14.9425,2988.5,19.104999999999997,977.6999999999999,124.2718619997,977.6999999999999,1163.8421787500001,1415.2998498315499,42.697700000000005,82.56483999670002,200.0,0.0,777.6999999999999,0.0,0.0,0.407375,0.051779942499875
2025-08-09,2025,24,-472.62146734083177,955.96,1281.5197673408325,0.0,483.33853265916827,15.236249999999998,3047.2499999999995,15.470000000000002,950.5000000000001,38.1694199989,950.5000000000001,114.21222199999998,586.8336893408318,4.0032,34.9097639959,720.0,0.0,230.49999999999997,0.0,0.0,0.39604166666666674,0.015903924999541665
2025-08-10,2025,24,-396.4662909097709,2055.2,1958.9161909097706,0.0,1658.7337090902288,26.720000000000002,5344.000000000001,16.435000000000002,1060.0,24.359511999299997,1060.0,107.96231524999999,504.42860615977105,5.475099999999999,20.6304119965,910.0,150.0,0.0,0.0,0.0,0.44166666666666665,0.010149796666375
2025-08-11,2025,24,175.3492205330109,0.0,5963.864539466989,-2.35,175.3492205330109,25.79875,5159.75,25.33,87.9371239988,87.9371239988,0.0,1198.3639852499998,1351.419724716989,33.895,56.2032199976,0.0,0.0,0.0,0.0,0.0,0.03664046833283333,0.03664046833283333
2025-08-12,2025,24,289.83094773813434,0.0,6382.515972261866,-6.62,289.83094773813434,37.131249999999994,7426.249999999999,30.690000000000005,82.49355299930001,82.49355299930001,0.0,1273.2019337499996,1117.1751060118656,34.7792,61.3232489967,0.0,0.0,0.0,0.0,0.0,0.03437231374970834,0.03437231374970834
2025-08-13,2025,24,3391.683535484707,0.0,-1578.8016354847068,-3.84,3391.683535484707,52.32875,10465.75,36.074999999999996,254.79721899810002,254.79721899810002,0.0,6124.4238125,3284.595277015293,119.4173,145.8321169969,0.0,0.0,0.0,0.0,0.0,0.10616550791587501,0.10616550791587501
2025-08-14,2025,24,2376.9989475628113,0.17471,-928.4422375628114,0.0,2377.173657562811,40.09625,8019.25,20.159999999999997,60.2573359989,60.2573359989,0.0,2269.6585984999997,218.39216093718852,64.82300000000001,5.288271996699999,0.0,0.0,0.0,0.0,0.0,0.025107223332875,0.025107223332875
2025-08-15,2025,24,1577.3370724453393,0.0,-7439.569472445341,-13.4,1577.3370724453393,36.6175,7323.5,17.549999999999997,153.1206009982,153.1206009982,0.0,3575.25566,1997.9185875546607,74.15650000000001,79.15974099660001,0.0,0.0,0.0,0.0,0.0,0.06380025041591667,0.06380025041591667
2025-08-16,2025,24,224.99858337046317,432.8,299.19071662953684,0.0,657.7985833704631,23.52125,4704.25,12.02,243.65714299840002,182.9501839981,100.0,2550.2040795,2325.205496129537,68.139,114.9565419975,100.0,0.0,0.0,0.0,0.0,0.10152380958266667,0.07622924333254166
2025-08-17,2025,24,3877.215337169435,300.1,-563.594747169434,0.0,4177.315337169435,48.63249999999999,9726.499999999998,24.810000000000002,225.7465119975,215.2012599977,26.3,5865.205615,2181.5541678305653,103.13300000000001,112.1053839973,26.3,0.0,0.0,0.0,0.0,0.094061046665625,0.08966719166570833
2025-08-18,2025,24,1762.8674747887628,2092.37876,11112.97688521124,0.0,3855.246234788763,55.791250000000005,11158.250000000002,111.86500000000001,173.2488549983,137.7223269982,66.0,3763.5199565,2000.660641711237,58.8317,80.9874389966,66.0,0.0,0.0,0.0,0.0,0.07218702291595834,0.05738430291591667
2025-08-19,2025,24,2619.6143292423085,3591.03277,-566.9365292423081,-0.08,6210.647099242308,79.65625,15931.25,211.74,188.5649529981,163.3487129984,80.0,6027.604842,3407.9905127576912,75.8064,92.1908789972,50.0,0.0,30.0,0.0,0.0,0.078568730415875,0.06806196374933333
2025-08-20,2025,24,3299.733390965571,830.73911,-5539.63939096557,0.0,4130.47250096557,150.00875,30001.75,79.79,176.667741998,155.7534739978,50.0,6056.69770325,2756.964312284429,67.69409999999999,97.62194799659999,50.0,0.0,0.0,0.0,0.0,0.07361155916583333,0.06489728083241667
2025-08-21,2025,24,1288.102184068405,0.0,1171.6508159315952,-32.39,1288.102184068405,43.37500000000001,8675.000000000002,43.555,243.9514949984,243.9514949984,0.0,5933.346305749999,4645.244121681595,115.37440000000001,147.5777929964,0.0,0.0,0.0,0.0,0.0,0.10164645624933333,0.10164645624933333
2025-08-22,2025,24,1306.9013409363215,107.01964,364.6172590636779,-41.739999999999995,1413.9209809363215,53.10374999999999,10620.749999999998,35.974999999999994,127.5427429987,117.5615759986,10.0,2741.6307065,1434.7293655636786,51.130700000000004,67.2503199968,10.0,0.0,0.0,0.0,0.0,0.05314280958279167,0.048983989999416666
2025-08-23,2025,24,1318.241835505941,293.03099,-2850.4238355059415,-0.21,1611.272825505941,84.29625,16859.25,36.25,137.51880699859998,123.89314699859999,50.0,3900.5594069999997,2582.317571494059,40.6155,84.65383299679999,50.0,0.0,0.0,0.0,0.0,0.05729950291608333,0.051622144582749996
2025-08-24,2025,24,1684.4057588937403,467.10993,-8134.866898893742,0.0,2151.5156888937404,80.26625,16053.25,56.93,108.7441719994,58.9923309993,50.0,2109.31877375,408.24907485625977,36.9207,22.6828609969,50.0,0.0,0.0,0.0,0.0,0.045310071666416665,0.024580137916375002
2025-08-25,2025,24,25.515751235056314,543.2,4139.362758764943,0.0,568.7157512350564,36.35625,7271.250000000001,31.549999999999997,120.3835239989,89.2433439986,50.0,1314.77060575,1485.9397645149436,27.940900000000003,62.64991599499999,50.0,0.0,0.0,0.0,0.0,0.050159801666208335,0.03718472666608333
2025-08-26,2025,24,981.1468055066193,0.0,-1478.2739555066225,-19.81,981.1468055066193,29.198750000000004,5839.750000000001,16.709999999999994,108.1792069982,108.1792069982,0.0,2349.373051,1708.0482954933805,50.4953,66.0982429964,0.0,0.0,0.0,0.0,0.0,0.045074669582583334,0.045074669582583334
2025-08-27,2025,24,90.99153830271666,0.0,18782.59856169728,-10.06,90.99153830271666,95.44125,19088.25,19.15,92.24662999910001,92.24662999910001,0.0,511.26835325,1169.1001149472834,24.1852,84.02060399610001,0.0,0.0,0.0,0.0,0.0,0.03843609583295834,0.03843609583295834
2025-08-28,2025,24,-61.39271220481899,578.1999999999999,-901.986877795182,0.0,516.807287795181,29.265,5853.0,20.195,74.9074309975,23.995654996899997,60.0,170.87675775,253.210179954819,4.7737,19.9935669965,60.0,0.0,0.0,0.0,0.0,0.03121142958229167,0.009998189582041666
2025-08-29,2025,24,951.3999264994167,654.7,2280.607773500585,0.0,1606.0999264994166,50.91125,10182.25,29.85,98.699259998,72.1538029973,50.0,1223.71202775,272.3121012505835,27.394000000000002,45.4720929963,50.0,0.0,0.0,0.0,0.0,0.04112469166583333,0.030064084582208335
2025-08-30,2025,24,55.45391795134475,515.1,2248.7413820486545,0.0,570.5539179513448,27.45,5490.0,18.785000000000004,360.0,41.2537219976,360.0,331.84444275,276.39052479865524,10.680900000000001,31.0645719966,360.0,0.0,0.0,0.0,0.0,0.15,0.017189050832333335
2025-08-31,2025,24,-187.3828821624023,414.6,16.68808216240228,0.0,227.21711783759773,14.49875,2899.75,15.305000000000003,242.7195749992,36.92946299729999,225.0,335.66144075,523.0443229124023,12.9597,24.9281629957,225.0,0.0,0.0,0.0,0.0,0.10113315624966666,0.015387276248874997
2025-09-01,2025,24,2339.5159585985994,501.6,2324.177541401402,0.0,2841.1159585985993,44.588750000000005,8917.75,44.22500000000001,85.418387998,56.0616709979,60.0,2625.43365325,285.917694651401,44.9532,12.2991389975,60.0,0.0,0.0,0.0,0.0,0.03559099499916667,0.023359029582458335
2025-09-02,2025,24,718.8779818135336,801.13709,-1.3543818135340189,-7.31,1520.0150718135335,68.09875,13619.75,50.87,322.4470689991,136.3756049989,289.1,3787.5805284999997,3068.702546686466,59.69969999999999,81.4015549969,240.0,0.0,49.10000000000001,0.0,0.0,0.13435294541629167,0.056823168749541665
2025-09-03,2025,24,3022.1962176660572,584.355,-3700.607427666055,-8.76,3606.5512176660573,76.01875000000001,15203.750000000002,55.22,388.9707849994,159.96295699899997,318.0,5200.28132025,2271.8347925839435,75.43639999999999,85.5501789966,318.0,0.0,0.0,0.0,0.0,0.16207116041641667,0.06665123208291665
2025-09-04,2025,24,-570.546583209806,676.13582,8867.02813320981,0.0,105.58923679019392,22.02375,4404.75,27.474999999999998,344.6215179997,75.4045689982,324.0,464.99969175,1156.806724959806,15.412199999999999,63.9738849972,324.0,0.0,0.0,0.0,0.0,0.14359229916654168,0.03141857041591667
2025-09-05,2025,24,-163.39320446975694,0.0,5181.735534469757,-2.02,-163.39320446975694,27.18625,5437.25,19.29,60.04970199979999,60.04970199979999,0.0,421.21171575,950.7883502197571,14.7955,49.4104079968,0.0,0.0,0.0,0.0,0.0,0.02502070916658333,0.02502070916658333
2025-09-06,2025,24,2532.5116211536497,202.0,827.6141188463498,0.0,2734.5116211536497,28.60875,5721.75,16.405,104.90700699869998,57.6713849987,60.0,2526.7890184999997,170.05813734635052,58.328900000000004,4.0310609973,60.0,0.0,0.0,0.0,0.0,0.043711252916124994,0.02402974374945833
2025-09-07,2025,24,-720.9043861495326,271.20000000000005,7613.198586149533,-21.56,-449.7043861495325,20.523749999999996,4104.749999999999,28.080000000000002,322.5801369996,123.4290809975,255.0,1222.8095009999997,1943.7138871495324,39.0241,84.6288549967,255.0,0.0,0.0,0.0,0.0,0.1344083904165,0.05142878374895833
2025-09-08,2025,24,2773.72920077839,293.87,2040.5013992216127,-8.99,3067.59920077839,32.228750000000005,6445.750000000001,27.865000000000002,415.16243999970004,144.7213249986,377.0,3569.86150075,796.13229997161,87.24189999999999,58.298882997,377.0,0.0,0.0,0.0,0.0,0.17298434999987503,0.06030055208275
2025-09-09,2025,24,2388.770062574592,298.6,-13259.420062574594,-3.0,2687.370062574592,44.87875,8975.75,32.295,450.4086359995,184.2535329986,380.0,3777.07868175,1388.3086191754082,80.158,106.1012169976,380.0,0.0,0.0,0.0,0.0,0.18767026499979167,0.07677230541608333
2025-09-10,2025,24,2976.442158628182,392.38152,-16157.237358628183,0.0,3368.823678628182,60.3175,12063.5,30.080000000000002,593.3063339997,191.25473199880003,524.0,5122.961056,2146.5188973718186,79.9231,111.47182599700001,524.0,0.0,0.0,0.0,0.0,0.24721097249987498,0.07968947166616668
2025-09-11,2025,24,1700.3232008644081,173.18786,1408.24943913559,0.0,1873.5110608644081,31.103750000000005,6220.750000000001,31.924999999999997,239.49331599980002,212.01043799950003,50.0,4187.53640175,2572.1011408855925,100.3149,119.97585199710001,50.0,0.0,0.0,0.0,0.0,0.09978888166658334,0.08833768249979168
2025-09-12,2025,24,1240.6927490942717,0.12925,-456.0855090942721,-1.67,1240.8219990942716,30.1725,6034.5,23.36,159.11235799780002,159.11235799780002,0.0,3061.0007385,1886.559729405728,71.5304,88.5925039968,0.0,0.0,0.0,0.0,0.0,0.06629681583241667,0.06629681583241667
2025-09-13,2025,24,2362.5083593196314,0.0,-4791.862599319634,-46.410000000000004,2362.5083593196314,47.105,9421.0,18.975,119.31846699780002,119.31846699780002,0.0,3267.053962,972.4726626803686,58.859899999999996,60.7284269968,0.0,0.0,0.0,0.0,0.0,0.049716027915750007,0.049716027915750007
2025-09-14,2025,24,-724.372668082454,0.0,359.5466180824544,0.0,-724.372668082454,24.17625,4835.25,26.71,79.76749699780001,79.76749699780001,0.0,70.3634775,1399.526995582454,4.0723,77.5203569966,0.0,0.0,0.0,0.0,0.0,0.03323645708241667,0.03323645708241667
2025-09-15,2025,24,2901.9511576544473,0.0,762.9528023455518,0.0,2901.9511576544473,27.6875,5537.5,18.9,149.813308998,149.813308998,0.0,3854.132083,1069.9530853455526,93.9555,56.296668996799994,0.0,0.0,0.0,0.0,0.0,0.0624222120825,0.0624222120825
2025-09-16,2025,24,2011.329866490368,757.5,246.82137350963148,-21.13,2768.8298664903677,36.4675,7293.5,23.875,180.77526999939997,151.98254499919997,90.0,3233.6621394999997,1187.1771130096317,67.6094,84.9782389974,90.0,0.0,0.0,0.0,0.0,0.07532302916641666,0.06332606041633332
2025-09-17,2025,24,1737.867764243295,410.98,5187.7137657567055,-8.94,2148.847764243295,36.993750000000006,7398.750000000001,19.299999999999997,213.3195679996,169.7393269996,106.0,3200.3732874999996,1686.648853256705,71.41109999999999,101.027166997,106.0,0.0,0.0,0.0,0.0,0.08888315333316667,0.07072471958316666
2025-09-18,2025,24,1478.0330152325112,553.48,-409.6117952325112,-13.95,2031.5130152325112,30.03000000000001,6006.000000000002,20.849999999999998,196.68595499859998,159.06172399899998,96.0,2909.8678855,1868.1972902674886,70.196,90.58986599600001,96.0,0.0,0.0,0.0,0.0,0.08195248124941666,0.06627571833291666
2025-09-19,2025,24,832.5252453117055,246.4,3261.5329346882936,-16.75,1078.9252453117056,22.517500000000002,4503.5,22.995000000000005,212.0158729978,159.4901149977,100.0,2477.0401934999995,1865.4819281882944,63.2641,96.39810299630001,100.0,0.0,0.0,0.0,0.0,0.08833994708241666,0.066454214582375
2025-09-20,2025,24,-1224.1470291653775,132.4,928.9354491653767,-6.55,-1091.7470291653774,11.19625,2239.25,18.785000000000004,121.47427599899999,72.2847999985,50.0,31.08005475,1499.9484039153776,1.1785999999999999,72.11047199609999,50.0,0.0,0.0,0.0,0.0,0.05061428166625,0.03011866666604167
2025-09-21,2025,24,277.68155941669914,996.3199999999999,3043.3167305833013,0.0,1274.0015594166991,24.761249999999997,4952.249999999999,23.755000000000003,734.8837249993,37.240235997099994,722.1,528.6064569999999,340.33788758330076,17.4125,22.0861879969,450.0,212.5,59.6,0.0,0.0,0.3062015520830416,0.015516764998791665
2025-09-22,2025,24,226.8788982710317,1409.44,5969.075411728969,0.0,1636.3188982710317,12.887500000000003,2577.5000000000005,20.689999999999998,692.2023639991,52.46457899799999,652.5,568.2230477500001,642.0022594789682,20.5233,33.5849449962,352.5,262.5,37.5,0.0,0.0,0.2884176516662917,0.021860241249166665
2025-09-23,2025,24,-335.18669657500925,1097.15,982.9818365750093,-4.59,761.9633034249908,19.9625,3992.4999999999995,11.05,218.4332979981,50.7002599964,180.0,35.3498945,806.3290310750092,1.8683,51.2803799962,120.0,60.0,0.0,0.0,0.0,0.09101387416587499,0.02112510833183333
2025-09-24,2025,24,4092.4720302029236,266.65,-3471.1013102029237,-1.33,4359.122030202923,55.49999999999999,11099.999999999998,15.160000000000004,170.8617819997,88.5829179991,125.0,3905.14352625,400.98491604707596,70.201,19.7940479971,125.0,0.0,0.0,0.0,0.0,0.07119240916654167,0.03690954916629167
2025-09-25,2025,24,5954.983997286543,567.6725799999999,320.6980927134582,-18.67,6522.656577286543,96.91,19382.0,54.86999999999999,207.0890699982,174.37848799809998,60.0,8242.55418175,2227.534274463457,80.655,97.3968559969,60.0,0.0,0.0,0.0,0.0,0.08628711249925,0.07265770333254166
2025-09-26,2025,24,1040.6929276062301,0.0,-843.2483276062294,-9.11,1040.6929276062301,26.535000000000004,5307.000000000001,34.06,167.7337529971,167.7337529971,0.0,2842.22592475,1801.53299714377,69.5796,98.9035749965,0.0,0.0,0.0,0.0,0.0,0.06988906374879167,0.06988906374879167
2025-09-27,2025,24,1169.8304419845026,0.0,-155.78041198450205,-14.78,1169.8304419845026,26.32125,5264.25,25.825,166.91698999800002,166.91698999800002,0.0,2481.49551825,1343.4310062654972,73.68140000000001,94.1184439962,0.0,0.0,0.0,0.0,0.0,0.06954874583250001,0.06954874583250001
2025-09-28,2025,24,2147.594311730733,524.28,-2312.5856117307344,-11.9,2671.874311730733,40.545,8109.0,27.43,363.40113599970005,160.7158399985,272.0,3469.024544499999,1321.430232769267,69.8429,91.85045199790001,252.0,20.0,0.0,0.0,0.0,0.15141713999987502,0.06696493333270834
2025-09-29,2025,24,3242.51587425879,750.2,-25.994924258789524,-14.42,3992.71587425879,55.415,11083.0,35.80500000000001,207.5860319976,153.60114299789998,100.0,4706.8610145,1476.6378902412102,69.5783,84.6396769971,70.0,30.0,0.0,0.0,0.0,0.086494179999,0.064000476249125
2025-09-30,2025,24,3125.7256485809467,503.3,285.7354514190538,-10.74,3629.025648580947,47.567499999999995,9513.5,39.94,202.894224998,173.3401199978,60.0,5050.1042990000005,1924.3786504190534,80.5376,93.45730199619999,60.0,0.0,0.0,0.0,0.0,0.08453926041583333,0.07222504999908333
2025-10-01,2025,24,1821.9180228926516,448.70000000000005,382.5013771073491,-8.87,2270.6180228926514,49.56375,9912.75,53.93000000000001,161.9775079997,134.0589029998,60.0,3213.6507850000003,1391.7327621073487,55.211200000000005,79.8168589962,60.0,0.0,0.0,0.0,0.0,0.06749062833320833,0.05585787624991667
2025-10-02,2025,24,1163.7516841013653,219.0,-2498.4723041013694,-29.45,1382.7516841013653,27.9925,5598.5,36.605,191.3988469977,157.9105139975,60.0,2864.756029,1738.6862248986347,78.5858,80.9245399963,60.0,0.0,0.0,0.0,0.0,0.079749519582375,0.06579604749895833
2025-10-03,2025,24,-1893.4108287174554,213.40000000000003,1241.768518717454,-7.17,-1680.0108287174553,32.135000000000005,6427.000000000001,28.174999999999997,183.98727499840004,129.0042429982,60.0,573.7408575,2596.630776217455,14.487899999999998,115.26875299640002,60.0,0.0,0.0,0.0,0.0,0.07666136458266669,0.05375176791591667
2025-10-04,2025,24,1887.03438349089,160.0,1620.5362165091105,0.0,2047.03438349089,19.503749999999997,3900.749999999999,32.845,100.6452499996,63.86037099970001,60.0,1901.592526,14.5581425091105,63.611000000000004,0.5539509965,60.0,0.0,0.0,0.0,0.0,0.041935520833166665,0.02660848791654167
2025-10-05,2025,24,2224.9175477665913,251.8,2145.993052233408,-32.74,2476.7175477665915,38.5625,7712.5,51.06,214.6853629979,161.032965997,60.0,3597.0529632499997,1372.1354154834085,77.0718,83.9714559966,60.0,0.0,0.0,0.0,0.0,0.08945223458245834,0.06709706916541666
2025-10-06,2025,24,-2325.2801489860954,1269.15,3792.8864589860955,0.0,-1056.1301489860953,36.70375,7340.75,35.339999999999996,185.2442789976,117.4692179969,105.0,288.02229225,2706.8569512360955,5.297899999999999,112.4647319963,105.0,0.0,0.0,0.0,0.0,0.077185116249,0.04894550749870833
2025-10-07,2025,24,4706.978146285999,1149.8,1394.780953714001,-192.64,5856.778146285999,47.254999999999995,9451.0,38.20499999999999,216.8990789991,120.813970999,119.6,5614.55338825,907.5752419640014,94.19500000000002,30.3004309968,100.0,0.0,19.6,0.0,0.0,0.090374616249625,0.05033915458291667
2025-10-08,2025,24,4243.336335557142,962.3942,6782.077764442859,-0.58,5205.730535557142,64.13875,12827.75,43.77499999999999,237.85394199719997,185.94713099709998,99.6,5951.830590000001,2903.4922544428578,82.1421,105.1805349967,20.0,0.0,79.6,0.0,0.0,0.09910580916549999,0.07747797124879166
2025-10-09,2025,24,1401.3159185535987,808.8,1146.9849114464014,-17.42,2210.115918553599,46.91375,9382.75,34.160000000000004,224.01765899779997,183.15156899749996,100.0,3167.22796575,2647.2684771964014,69.0072,114.5594709973,100.0,0.0,0.0,0.0,0.0,0.09334069124908333,0.07631315374895832
2025-10-10,2025,24,8013.462513009376,997.16608,-13945.104853009374,-22.05,9010.628593009376,116.64250000000001,23328.500000000004,49.690000000000005,283.26419999859996,194.4801109984,140.0,9887.662144999998,2120.666691990622,88.78269999999999,105.9660849972,120.0,20.0,0.0,0.0,0.0,0.11802674999941665,0.08103337958266667
2025-10-11,2025,24,926.9003019305048,213.42599,-29574.965721930508,0.0,1140.3262919305048,113.32500000000002,22665.000000000004,35.21000000000001,157.9201649981,104.5723269975,70.0,2826.4083685,1899.7536465694948,38.56529999999999,66.25559499709999,70.0,0.0,0.0,0.0,0.0,0.06580006874920834,0.043571802915625
2025-10-12,2025,24,6325.76482118537,276.15802,-12682.067291185373,-5.07,6601.92284118537,137.37375000000003,27474.750000000007,33.129999999999995,164.5103159975,164.5103159975,0.0,7574.253617750001,1276.7122265646294,81.7136,82.84634399609999,0.0,0.0,0.0,0.0,0.0,0.06854596499895833,0.06854596499895833
2025-10-13,2025,24,-262.4671625627952,449.79999999999995,374.48137256279523,-17.22,187.33283743720477,25.172500000000003,5034.500000000001,31.88,175.2173519973,145.6418849969,50.0,2153.29952675,2592.431999312795,50.333800000000004,96.1725909963,50.0,0.0,0.0,0.0,0.0,0.073007229998875,0.06068411874870833
2025-10-14,2025,24,5441.825370966634,607.4013500000001,267.95844903336456,0.0,6049.226720966634,80.90125,16180.25,57.345,184.9862729984,157.9965879981,42.0,6777.887816999999,1355.897566033366,80.566,77.73829399770001,42.0,0.0,0.0,0.0,0.0,0.07707761374933333,0.065831911665875
2025-10-15,2025,24,411.03421017600454,717.7,-76.2329701760043,0.0,1128.7342101760046,47.48250000000001,9496.500000000002,58.105000000000004,164.5346169984,124.6774669977,60.0,2098.144887,1786.8358168239954,32.9001,92.05158499650001,60.0,0.0,0.0,0.0,0.0,0.068556090416,0.051948944582375
2025-10-16,2025,24,-856.08189886458,384.6,52.26669886458001,0.0,-471.48189886458,19.103749999999998,3820.7499999999995,27.060000000000002,145.43283799879998,57.17894399790001,90.0,33.49005575,889.57195461458,1.1158000000000001,56.228897996300006,90.0,0.0,0.0,0.0,0.0,0.06059701583283333,0.023824559999125004
2025-10-17,2025,24,3639.0221459517984,416.03773,-1942.2315459518013,-34.19,4055.0598759517984,47.96125,9592.25,43.96000000000001,154.6199559984,95.3065309982,60.0,3822.45918425,179.39313829820154,74.816,20.884702997,60.0,0.0,0.0,0.0,0.0,0.064424981666,0.03971105458258333
2025-10-18,2025,24,442.4961355726993,676.2,10380.765464427299,-2.0,1118.6961355726994,16.05125,3210.25,61.69000000000001,227.4347539982,161.8956579984,80.0,2121.1837864999998,1678.6876509273006,69.1246,93.7669079968,80.0,0.0,0.0,0.0,0.0,0.09476448083258333,0.067456524166
2025-10-19,2025,24,2109.7123069894915,301.95000000000005,2036.2286930105074,-16.84,2411.6623069894913,33.122499999999995,6624.499999999999,40.595,226.72512199890002,157.9133379986,70.0,3230.2913270000004,1120.5790200105087,71.26440000000001,86.8934099976,70.0,0.0,0.0,0.0,0.0,0.09446880083287501,0.06579722416608334
2025-10-20,2025,24,-389.14476970067085,924.2,13354.209909700678,-19.91,535.0552302993292,16.74,3347.9999999999995,45.84,321.4079509996,92.7294789976,285.0,718.7863955,1408.3402052006709,25.343000000000004,80.8107289962,240.0,45.0,0.0,0.0,0.0,0.13391997958316668,0.03863728291566666
2025-10-21,2025,24,9234.801395407994,1782.9662399999997,-12733.623925407986,0.0,11017.767635407994,176.19625,35239.25,105.745,350.35306899989996,110.6867589989,339.8,9642.0046075,363.0129820920055,64.57679999999999,48.7315289967,290.0,0.0,49.8,0.0,0.0,0.14598044541662497,0.046119482916208335
2025-10-22,2025,24,1122.3273891677388,613.17854,13852.294190832261,-8.07,1735.505929167739,32.3575,6471.5,38.96,329.82431999949995,180.17755599909998,278.3,3460.4167282500002,2338.1403190822607,84.69579999999999,104.5526459963,240.0,38.3,0.0,0.0,0.0,0.13742679999979165,0.07507398166629166
2025-10-23,2025,24,464.1497521054948,805.72,3941.2062878945067,-37.68,1269.8697521054949,28.99625,5799.25,20.919999999999995,431.7449099995,146.0139079984,379.6,2286.32616675,1843.0938546445054,60.40299999999999,86.61061799740001,0.0,300.0,79.6,0.0,0.0,0.17989371249979166,0.060839128332666664
2025-10-24,2025,24,248.56805819909732,477.09999999999997,-655.4162981990942,-7.74,725.6680581990972,23.724999999999998,4745.0,15.839999999999996,490.9888569996,148.5154099989,450.0,2309.53180875,2213.0442105509023,57.25999999999999,93.60763999710001,240.0,210.0,0.0,0.0,0.0,0.2045786904165,0.061881420832875
2025-10-25,2025,24,-563.981703330581,2681.9,-10055.836296669424,0.0,2117.918296669419,67.67749999999998,13535.499999999996,40.06,740.5603809998,46.761827997299996,730.0,498.09462199999996,1062.0763253305809,6.8086,41.0278259959,730.0,0.0,0.0,0.0,0.0,0.30856682541658337,0.019484094998874997
2025-10-26,2025,24,5235.259703512321,1269.26708,130.3654164876798,0.0,6504.526783512321,88.52250000000001,17704.5,69.97999999999999,367.90582499979996,175.61316899820002,299.70000000000005,7738.127445,2620.667261487679,90.0962,85.675376997,225.0,0.0,74.69999999999999,0.0,0.0,0.15329409374991665,0.07317215374925001
2025-10-27,2025,24,4118.7788187097985,1297.6463600000002,-9979.0588687098,-7.83,5416.425178709798,135.1125,27022.500000000004,55.449999999999996,435.8164969997,140.70521899829998,367.5,6292.45784175,2401.618073040202,47.041700000000006,93.98955699749999,255.0,37.5,75.0,0.0,0.0,0.18159020708320833,0.058627174582624994
2025-10-28,2025,24,2447.61509682209,643.41,1489.0194431779096,0.0,3091.02509682209,54.14874999999999,10829.749999999998,46.68000000000001,585.3761799998,120.4698989988,564.0,3809.3013085,1362.7434516779097,62.384699999999995,60.712566997799996,564.0,0.0,0.0,0.0,0.0,0.24390674166658333,0.0501957912495
2025-10-29,2025,24,659.2489695485842,686.4000000000001,-709.4322695485843,-9.71,1345.6489695485843,36.39875,7279.75,40.620000000000005,400.0849169998,96.6958339958,360.0,4.3753235,-654.8736460485843,2.7453000000000003,95.0052159956,360.0,0.0,0.0,0.0,0.0,0.16670204874991665,0.04028993083158333
2025-10-30,2025,24,6423.5085889272395,707.76,6034.180911072761,0.0,7131.26858892724,66.95125,13390.25,62.57999999999999,191.8559769989,141.38759099889998,99.8,7046.9753005,623.466711572761,109.03800000000001,38.4513489973,60.0,0.0,39.8,0.0,0.0,0.07993999041620833,0.05891149624954166
2025-10-31,2025,24,-1438.5439062584617,872.6999999999999,40.60930625846299,-1.83,-565.8439062584617,65.10375,13020.750000000002,43.56,515.1802669991,109.84999399689998,480.0,304.953908,1743.4978142584616,11.1309,98.74283799649999,480.0,0.0,0.0,0.0,0.0,0.21465844458295835,0.045770830832041656
2025-11-01,2025,24,5171.498073654774,867.75,-115.99869365477389,0.0,6039.248073654774,96.52250000000001,19304.5,48.540000000000006,362.7369590001,80.066498999,360.0,5181.08254125,102.50564759522575,71.6871,8.545432996999999,360.0,0.0,0.0,0.0,0.0,0.151140399583375,0.033361041249583334
2025-11-02,2025,24,1995.7139035145817,602.7,5714.182596485417,0.0,2598.4139035145818,58.446250000000006,11689.250000000002,64.01499999999999,389.1665479998,146.4623949981,375.0,2205.4669040000003,209.75300048541828,45.1878,101.3594849965,315.0,0.0,60.0,0.0,0.0,0.16215272833325,0.061025997915875
2025-11-03,2025,24,2790.5882734007273,555.94,912.2175265992728,-5.42,3346.5282734007274,38.730000000000004,7746.000000000001,49.68000000000001,394.7438919997,140.1605049982,359.6,3725.5853690000004,934.9970955992727,87.2087,53.205738997,300.0,0.0,59.6,0.0,0.0,0.16447662166654167,0.05840021041591666
2025-11-04,2025,24,-2039.8175711023002,0.0,7210.203771102301,0.0,-2039.8175711023002,36.315000000000005,7263.000000000001,48.005,139.7826339979,139.7826339979,0.0,408.69437575,2448.5119468523003,11.7076,128.4465359961,0.0,0.0,0.0,0.0,0.0,0.05824276416579167,0.05824276416579167
2025-11-05,2025,24,5368.810084281813,2075.23027,5527.627315718188,-8.83,7444.040354281813,52.92375,10584.75,101.06,170.4624209986,141.1287929988,89.6,5842.6992500000015,473.889165718187,115.87459999999999,25.3809929974,0.0,0.0,89.6,0.0,0.0,0.07102600874941667,0.0588036637495
2025-11-06,2025,24,-1969.625929503087,723.6899999999999,14953.116929503087,-12.63,-1245.9359295030872,38.42125,7684.25,76.72,325.8012419996,166.1868829976,239.7,1922.881985,4139.167114503088,36.1366,130.30279299699998,210.0,0.0,29.700000000000003,0.0,0.0,0.13575051749983333,0.06924453458233333
2025-11-07,2025,24,11110.43824411902,5286.43305,36274.10535588098,0.0,16396.871294119017,136.53375,27306.75,183.85999999999999,745.8444159993,143.69986099759998,715.0,11303.953620749999,193.51537663097974,94.56769999999999,49.6205589962,417.5,15.0,282.5,0.0,0.0,0.310768506666375,0.05987494208233333
2025-11-08,2025,24,5521.733029698486,866.1,2451.651770301518,-26.93,6387.833029698486,72.46625,14493.25,64.265,473.7845499998,214.59969699739997,360.0,7799.83714025,2278.104110551514,103.2721,111.39165099659999,360.0,0.0,0.0,0.0,0.0,0.19741022916658332,0.08941654041558332
2025-11-09,2025,24,977.3251927800652,781.9100000000001,-830.8255927800624,-4.9,1759.2351927800653,62.53125,12506.25,36.175,843.4703019994001,126.14489699710002,794.0,458.77027449999997,-518.5549182800653,8.1531,118.09359699609999,510.0,35.0,248.99999999999997,0.0,0.0,0.35144595916641674,0.052560373748791675
2025-11-10,2025,24,5913.436818069856,1456.1,5635.968981930147,-18.46,7369.536818069855,46.16375,9232.75,54.035,655.3509140000001,266.7255099974,529.8,6406.9696105,493.53279243014475,164.2256,102.89169999660001,500.0,0.0,29.8,0.0,0.0,0.27306288083333335,0.11113562916558334
2025-11-11,2025,24,1330.1614395357267,657.15,5470.189380464272,-21.8,1987.3114395357265,37.12625,7425.25,35.285000000000004,416.1426929996,154.2546649989,360.0,583.6949579999999,-317.00696153572676,29.1496,125.7007549973,360.0,0.0,0.0,0.0,0.0,0.17339278874983333,0.064272777082875
2025-11-12,2025,24,1005.0405596336327,2680.43,8886.700100366368,0.0,3685.4705596336325,28.615000000000002,5723.0,38.28,392.9562570002,38.2527829986,389.6,610.47568275,4.658983116367251,27.0965,11.539220996800001,270.0,0.0,119.6,0.0,0.0,0.16373177375008335,0.01593865958275
2025-11-13,2025,24,3431.7195152354366,633.46,2855.1373847645614,0.0,4065.1795152354366,30.0625,6012.5,27.545,476.852897,132.478396998,389.0,3328.3497505,488.4752352645637,94.41580000000002,38.2207989968,225.0,0.0,164.0,0.0,0.0,0.19868870708333333,0.0551993320825
2025-11-14,2025,24,1745.4306716461433,731.8499999999999,8744.356478353855,0.0,2477.280671646143,23.599999999999998,4720.0,37.07,448.4005779993,199.737444997,360.0,3191.764086,1725.8998643538566,88.80460000000001,110.9797149964,360.0,0.0,0.0,0.0,0.0,0.186833574166375,0.08322393541541667
2025-11-15,2025,24,1137.8225654462294,918.15,1894.6208345537707,0.0,2055.9725654462295,34.158750000000005,6831.750000000001,51.58500000000001,455.9271339996,187.51006099710003,345.0,3737.0796197500003,2599.257054303771,85.4111,102.1242789967,345.0,0.0,0.0,0.0,0.0,0.1899696391665,0.07812919208212502
2025-11-16,2025,24,6620.428447875681,2468.98679,1493.306752124321,0.0,9089.41523787568,85.86125,17172.25,86.975,444.0047769997,187.34341099790004,387.6,8558.62903625,2314.11148837432,85.28789999999998,102.23044899729999,0.0,0.0,387.6,0.0,0.0,0.18500199041654167,0.07805975458245835
2025-11-17,2025,24,-925.563385149511,1305.7200000000003,2324.522645149512,0.0,380.1566148504893,32.125,6425.0,17.515,411.6077740001,162.322696999,357.6,1520.42957325,2746.4598183995113,40.8601,123.6671869966,0.0,0.0,357.6,0.0,0.0,0.17150323916670834,0.06763445708291665
2025-11-18,2025,24,4878.223452317436,2621.37,720.4333876825658,0.0,7499.593452317436,83.83624999999999,16767.25,45.705000000000005,388.98446099980004,130.2966499987,367.6,5266.714586499999,575.5377741825647,92.3604,38.7744099971,0.0,0.0,367.6,0.0,0.0,0.16207685874991667,0.054290270832791664
2025-11-19,2025,24,-1297.5339947521386,5100.8,-6800.676495247864,-33.82,3803.2660052478614,41.144999999999996,8229.0,35.69,633.4521479997,130.5498199977,598.4,1210.5174577500002,2610.7328625021382,31.7341,113.3438839973,0.0,0.0,598.4,0.0,0.0,0.263938394999875,0.054395758332375005
2025-11-20,2025,24,3055.035292311801,2289.45,-5665.469792311802,-4.14,5344.4852923118015,54.02,10804.0,25.865,1089.0775,130.6618279971,1078.8000000000002,4180.82752125,1125.7922289381988,78.4835,55.951845996900005,0.0,0.0,1078.8000000000002,0.0,0.0,0.4537822916666667,0.054442428332125
2025-11-21,2025,24,4361.465146018685,1070.9099999999999,-3042.6282660186826,-480.65999999999997,5432.375146018685,64.85749999999999,12971.499999999998,55.44500000000001,434.59308699969995,172.7448679969,314.2,6845.957240500001,2575.6487744813157,92.16590000000001,82.0215799967,195.0,0.0,119.2,0.0,0.0,0.18108045291654165,0.07197702833204167
2025-11-22,2025,24,246.68607389064368,1009.9399999999998,-1053.2600738906442,0.0,1256.6260738906435,49.129999999999995,9826.0,37.620000000000005,381.9176669999,44.5062509965,364.9,1528.75087725,1282.0648033593563,18.5582,26.188502996299995,345.0,0.0,19.9,0.0,0.0,0.15913236124995833,0.018544271248541667
2025-11-23,2025,24,-156.04212707018905,1087.2,58.187027070189174,0.0,931.157872929811,18.155,3631.0,28.234999999999996,376.85241399970005,115.2352359971,360.0,1804.0368682499998,1960.0789953201888,47.2127,68.19643199650001,360.0,0.0,0.0,0.0,0.0,0.1570218391665417,0.04801468166545834
2025-11-24,2025,24,1380.1388857750658,1000.6500000000001,3077.2728042249337,0.0,2380.788885775066,113.01375,22602.75,61.285000000000004,370.0495479998,113.1947569978,360.0,3859.8047429999997,2767.5908472249344,42.3737,77.93358299680001,360.0,0.0,0.0,0.0,0.0,0.15418731166658334,0.047164482082416664
2025-11-25,2025,24,5589.668417470961,0.0,437.1797225290393,-14.21,5589.668417470961,268.61375,53722.75,55.475,167.3640749982,167.3640749982,0.0,10351.000765,4762.08998752904,85.11160000000001,82.58662899679999,0.0,0.0,0.0,0.0,0.0,0.06973503124925,0.06973503124925
2025-11-26,2025,24,459.7932543820776,1061.69,1472.8885956179251,-3.2800000000000002,1521.4832543820776,36.32374999999999,7264.749999999998,64.03999999999999,388.6845649994,124.62248999669998,359.29999999999995,1967.412447,1552.4742426179223,46.412800000000004,78.5453639967,240.0,0.0,119.3,0.0,0.0,0.16195190208308333,0.05192603749862499
2025-11-27,2025,24,-1040.4407444859462,0.0,197.88413448594883,0.0,-1040.4407444859462,15.424999999999997,3084.9999999999995,24.570000000000004,43.5924709965,43.5924709965,0.0,0.753375,1130.9527094859461,0.021,43.6134709965,0.0,0.0,0.0,0.0,0.0,0.018163529581875,0.018163529581875
2025-11-28,2025,24,-76.69132710279975,0.0,-49.242572897200134,-4.98,-76.69132710279975,29.1275,5825.5,30.39,64.7908349961,64.7908349961,0.0,12.92956225,89.62088935279976,1.3144999999999998,65.1066129955,0.0,0.0,0.0,0.0,0.0,0.026996181248375002,0.026996181248375002
2025-11-29,2025,24,2563.388669425095,0.0,-378.7041794250922,0.0,2563.388669425095,26.7825,5356.5,38.01499999999999,102.7482159984,102.7482159984,0.0,2518.85077175,143.29749232490502,84.02590000000001,18.914099997399997,0.0,0.0,0.0,0.0,0.0,0.042811756666,0.042811756666
2025-11-30,2025,24,877.9483272229511,451.95,-440.90803722295163,-16.0,1329.8983272229511,37.535000000000004,7507.000000000001,37.695,421.3172609998,105.22527599749999,380.0,85.5070275,292.29939027704893,4.1421,103.0958979967,380.0,0.0,0.0,0.0,0.0,0.17554885874991666,0.04384386499895833
2025-12-01,2025,24,12762.450063395116,2944.5,-46658.89842339512,0.0,15706.950063395116,448.76624999999996,89753.24999999999,89.15,456.6885,75.53501799899999,441.59999999999997,11027.935022000001,64.67319860488425,75.09119999999999,0.7946319966000001,0.0,0.0,441.59999999999997,0.0,0.0,0.190286875,0.03147292416625
2025-12-02,2025,24,4369.060671013447,1589.5,11414.25675898655,-21.34,5958.560671013447,50.99999999999999,10199.999999999998,42.705,479.56684299930004,249.96772199880002,389.1,5272.8971065,1006.2692654865521,110.9837,139.4213439962,300.0,0.0,89.1,0.0,0.0,0.199819517916375,0.1041532174995
2025-12-03,2025,24,2435.176983776299,466.78999999999996,-4833.477083776303,-17.33,2901.966983776299,58.35000000000001,11670.000000000002,30.739999999999995,444.8462939986,160.3430329977,339.4,5102.523169499999,3226.1481857237013,81.3306,79.61481899590001,190.0,0.0,149.39999999999998,0.0,0.0,0.18535262249941667,0.066809597082375
2025-12-04,2025,24,5301.934806524837,2027.21,1331.5441234751634,-106.02,7329.144806524837,109.04875000000001,21809.750000000004,42.339999999999996,321.963602997,242.75507099600003,79.6,5540.820574,355.7762974751628,65.33680000000001,177.5242709954,0.0,0.0,79.6,0.0,0.0,0.13415150124875,0.10114794624833334
2025-12-05,2025,24,-97.35758467592723,24737.91,21.05318467592724,0.0,24640.552415324073,53.37499999999999,10674.999999999998,56.715,842.0565899998,53.7218589989,839.9000000000001,2067.827683,2165.185267675927,45.5386,47.6721269975,151.2,46.9,641.8,0.0,0.0,0.3508569124999167,0.02238410791620833
2025-12-06,2025,24,1083.6330123460677,5064.07,-3293.307712346067,0.0,6147.703012346067,56.55875,11311.75,41.480000000000004,709.8185179995,139.9316579985,690.6,4334.070676,3250.437663653932,93.263,87.11571399670001,293.8,151.5,245.3,0.0,0.0,0.29575771583312505,0.058304857499374994
2025-12-07,2025,24,3836.694455630385,2974.1800000000003,-6036.719455630387,0.0,6810.8744556303855,76.8875,15377.5,35.04,665.3692649999001,289.933146998,581.6,7227.166122250001,3390.471666619615,117.29429999999999,173.57445899740003,315.6,158.6,107.4,0.0,0.0,0.27723719374995837,0.12080547791583332
2025-12-08,2025,24,-196.81589540953354,3321.34,423.4176954095339,0.0,3124.524104590467,65.73125,13146.25,40.80500000000001,721.7754769994,130.2067689978,693.0,1465.656709,1662.4726044095335,73.11619999999999,84.51426099659999,299.0,133.5,260.5,0.0,0.0,0.30073978208308333,0.05425282041575
2025-12-09,2025,24,858.4053422935501,1891.65,2261.5375577064506,0.0,2750.05534229355,37.63,7526.000000000001,49.835,677.0509539994,153.44325099830002,624.0000000000001,2777.8130345000004,1919.40769220645,81.04990000000001,87.0557569967,293.8,177.79999999999998,152.4,0.0,0.0,0.28210456416641666,0.06393468791595834
2025-12-10,2025,24,1758.4631617746554,2107.6,9496.712338225341,0.0,3866.0631617746553,74.50750000000001,14901.500000000002,50.1,616.3148379998,152.8798349978,583.6,3726.3407545,1967.8775927253441,77.7533,76.70694699660001,266.8,51.2,265.6,0.0,0.0,0.2567978491665833,0.06369993124908334
2025-12-11,2025,24,-487.6446109574208,1496.1100000000001,-6277.090889042574,0.0,1008.4653890425793,28.024999999999995,5604.999999999999,34.19,686.7700509996,150.3086859969,636.8000000000001,2246.2493965,2733.8940074574207,56.3671,97.45773199670002,261.6,116.69999999999999,258.5,0.0,0.0,0.2861541879165,0.062628619165375
2025-12-12,2025,24,-681.209179435831,1827.8900000000003,6167.33147943583,0.0,1146.6808205641694,34.459999999999994,6891.999999999999,38.474999999999994,793.9114949999,202.9053469985,727.7,3168.20628275,3849.415462185831,96.27439999999999,137.68755299690002,299.0,78.3,350.4,0.0,0.0,0.33079645624995835,0.08454389458270833
2025-12-13,2025,24,1977.7605218858052,1719.96,2868.5927781141936,0.0,3697.7205218858053,26.85125,5370.25,29.07,1185.4,133.7433909978,1185.4,3527.5804335000003,1549.8199116141946,92.27390000000001,62.426610996799994,75.0,1110.4,0.0,0.0,0.0,0.4939166666666667,0.05572641291575
2025-12-14,2025,24,48.651839827411095,2082.66,376.9156601725888,0.0,2131.311839827411,60.10125,12020.25,27.325,890.2538909995001,239.619960998,760.8000000000001,2080.2561822499997,2031.6043424225886,95.2197,177.607934997,419.20000000000005,26.0,315.6,0.0,0.0,0.37093912124979167,0.09984165041583334
2025-12-15,2025,24,11173.711258604606,812.3399999999999,10182.930041395397,0.0,11986.051258604606,258.7425,51748.5,37.864999999999995,641.9189240004,309.1320729989,454.6,14509.5234595,3335.8122008953937,185.226,143.30658699690002,454.6,0.0,0.0,0.0,0.0,0.2674662183335,0.12880503041620833
2025-12-16,2025,24,795.8724053247342,1749.0,5089.087194675266,0.0,2544.8724053247342,25.63875,5127.75,20.754999999999995,1200.0,175.5259729978,1200.0,2921.6257502500002,2125.753344925266,88.1155,87.6555189968,0.0,1200.0,0.0,0.0,0.0,0.5,0.07313582208241667
2025-12-17,2025,24,-1685.2842458267578,2274.3,4319.50534582676,0.0,589.0157541732424,26.415000000000006,5283.000000000001,23.490000000000002,922.6771099998,154.9565929968,912.0,1936.9051937499999,3622.189439576758,56.346500000000006,104.8218149962,228.0,266.0,418.0,0.0,0.0,0.38444879583325,0.064565247082
2025-12-18,2025,24,1083.3365304020883,2181.96,4979.779069597911,0.0,3265.296530402088,36.0675,7213.500000000001,41.615,912.0,200.33532599839998,912.0,2229.8382645,1146.5017340979116,73.2193,127.5302779972,304.0,0.0,608.0,0.0,0.0,0.38,0.08347305249933333
2025-12-19,2025,24,1649.6410676931416,2571.84,4079.8768323068607,0.0,4221.481067693142,36.24375,7248.75,34.35,912.0,102.2669429988,912.0,1506.1845560000002,-143.45651169314152,63.3136,39.661534997,0.0,0.0,912.0,0.0,0.0,0.38,0.0426112262495
2025-12-20,2025,24,21.568126111574088,2174.3599999999997,3096.012073888426,0.0,2195.928126111574,31.9275,6385.5,22.105,929.9348389999,199.7889159979,912.0,2035.38778425,2013.819658138426,66.7095,135.7462139969,0.0,0.0,912.0,0.0,0.0,0.38747284958329165,0.08324538166579167
2025-12-21,2025,24,1203.6258369293694,2012.1,-1611.6723369293695,0.0,3215.7258369293695,14.439999999999998,2887.9999999999995,24.82,912.0,113.4408949974,912.0,2155.69689125,952.0710543206308,70.5666,46.348356995799996,190.0,228.0,494.0,0.0,0.0,0.38,0.047267039582249995
2025-12-22,2025,24,-1378.655040055814,2465.6000000000004,284.70734005581517,0.0,1086.9449599441864,10.51875,2103.75,13.055,964.3437689996,89.7267339972,960.0,13.446187,1392.1012270558142,0.6232,89.58620799619999,0.0,0.0,960.0,0.0,0.0,0.40180990374983333,0.0373861391655
2025-12-23,2025,24,3750.149319992248,2261.2,-13027.146119992249,0.0,6011.349319992248,77.75250000000001,15550.500000000002,19.835,960.0,83.93079899829999,960.0,4374.13198575,623.9826657577522,69.47749999999999,31.237892997099998,0.0,0.0,960.0,0.0,0.0,0.4,0.03497116624929166
2025-12-24,2025,24,297.1077357285308,1988.8000000000002,-6334.07813572853,0.0,2285.907735728531,25.630000000000003,5126.000000000001,18.220000000000006,939.1623659998,118.0194319971,910.0,1852.09121325,1554.9834775214692,45.8093,72.8460539965,0.0,0.0,910.0,0.0,0.0,0.3913176524999167,0.049174763332125
2025-12-25,2025,24,800.6191101798283,2126.8999999999996,-243.17731017982828,0.0,2927.519110179828,15.780000000000001,3156.0,19.685000000000002,917.654084,123.72126199849997,912.0,1618.471431,817.8523208201717,61.825,62.0621159973,54.0,0.0,858.0,0.0,0.0,0.38235586833333335,0.05155052583270832
2025-12-26,2025,24,-286.47610481207715,1743.44,-886.0763951879228,0.0,1456.9638951879228,12.72875,2545.75,27.675,913.054303,85.9666889979,912.0,419.999251,706.4753558120772,19.001,67.1518529973,228.0,0.0,684.0,0.0,0.0,0.38043929291666667,0.035819453749125
2025-12-27,2025,24,-185.95710835301801,1971.2000000000003,203.045908353018,0.0,1785.2428916469823,16.355,3271.0,11.12,960.0,49.083040996799994,960.0,123.942291,309.89939935301805,7.7107,41.6218009966,0.0,0.0,960.0,0.0,0.0,0.4,0.020451267082
2025-12-28,2025,24,1128.1681245450234,778.32,21.859875454976873,0.0,1906.4881245450233,21.12125,4224.25,27.770000000000003,650.7177249995,85.87982399840001,648.0,1302.594413,174.4262884549765,61.541700000000006,25.188497997,252.0,0.0,396.0,0.0,0.0,0.27113238541645834,0.035783259999333336
2025-12-29,2025,24,1491.0186025213254,2057.2,4680.3332974786745,0.0,3548.218602521325,37.46625,7493.25,34.18,960.0,135.00758299950002,960.0,1496.5987759999998,5.580173478674737,53.2628,81.96708699730002,240.0,0.0,720.0,0.0,0.0,0.4,0.056253159583125004
2025-12-30,2025,24,1532.2686620060638,2510.0,651.283837993936,0.0,4042.268662006064,24.1125,4822.5,31.285,960.0,134.45560399750002,960.0,2552.966663,1020.6980009939363,68.0363,66.5043439967,0.0,240.0,720.0,0.0,0.0,0.4,0.05602316833229168
2025-12-31,2025,24,1042.611059814498,1988.0,385.08804018550177,0.0,3030.611059814498,32.98625,6597.25,33.629999999999995,843.915539,228.37754199900002,840.0,4405.4315105,3362.8204506855022,102.4933,126.5060759968,0.0,105.0,735.0,0.0,0.0,0.3516314745833333,0.09515730916625001
2026-01-01,2026,24,-185.4258201569772,1603.7000000000003,153.40382015697682,0.0,1418.2741798430231,12.392500000000002,2478.5000000000005,24.520000000000003,840.0,47.2083139972,840.0,306.2697095,491.6955296569772,14.2865,33.0546959966,0.0,0.0,840.0,0.0,0.0,0.35,0.019670130832166666
2026-01-02,2026,24,745.9341574643677,1465.9,421.54574253563214,0.0,2211.8341574643678,28.41375,5682.75,34.15500000000001,855.0,115.0922499973,855.0,1177.2985545,431.3643970356325,52.2322,63.412129997099996,120.0,0.0,735.0,0.0,0.0,0.35625,0.04795510416554167
2026-01-03,2026,24,2011.4057762952866,2062.08,5587.444323704713,0.0,4073.4857762952865,30.431250000000002,6086.25,27.314999999999998,864.0,215.5740839983,864.0,2316.343516,304.93773970471324,96.8056,120.42513599729999,0.0,0.0,864.0,0.0,0.0,0.36,0.08982253499929167
2026-01-04,2026,24,414.1590231120489,1530.3600000000001,-2788.596423112049,0.0,1944.5190231120491,28.408750000000005,5681.750000000001,19.79,864.0,160.8881549992,864.0,1878.2852675,1464.1262443879514,71.94149999999999,92.5320589966,0.0,0.0,864.0,0.0,0.0,0.36,0.06703673124966666
2026-01-05,2026,24,638.7390363687974,1477.44,-4288.931836368794,0.0,2116.1790363687974,26.945,5389.0,19.05,870.9603639997999,137.73339299830002,864.0,1518.4500662500002,879.7110298812026,69.93050000000001,77.6924949979,0.0,0.0,864.0,0.0,0.0,0.3629001516665833,0.05738891374929168
2026-01-06,2026,24,2159.572105493311,1937.2800000000002,-345.95380549331276,0.0,4096.852105493312,37.21750000000001,7443.500000000002,24.45,862.4744509996,251.64873299709998,846.0,3996.6062939999997,1837.0341885066891,122.46689999999998,129.2664549965,0.0,0.0,846.0,0.0,0.0,0.3593643545831667,0.10485363874879167
2026-01-07,2026,24,1095.2328618217057,1527.3000000000002,83.53043817829666,0.0,2622.532861821706,22.96125,4592.25,21.26,1080.0,294.3279149978,1080.0,3149.1534269999997,2053.920565178294,135.6369,159.2274389972,0.0,0.0,1080.0,0.0,0.0,0.45,0.12263663124908333
2026-01-08,2026,24,2721.225769581615,2042.18,2748.5343304183825,0.0,4763.4057695816155,46.8475,9369.5,37.035,1392.0,222.84906599750002,1392.0,3361.942782,640.7170124183845,98.1889,124.73898399710001,0.0,0.0,1392.0,0.0,0.0,0.58,0.09285377749895835
2026-01-09,2026,24,376.39922833231594,2066.4,-5242.511928332317,0.0,2442.799228332316,59.068749999999994,11813.749999999998,18.870000000000005,1680.0,189.48934699839998,1680.0,2463.98095475,2087.581726417684,87.23910000000001,102.31416699699999,0.0,0.0,1680.0,0.0,0.0,0.7,0.07895389458266666
2026-01-10,2026,24,3099.8430864040233,2031.4,122.2277135959771,0.0,5131.243086404023,50.58375,10116.75,31.319999999999997,1120.8070359993,237.24942999849998,1050.0,1656.1253415,-1443.7177449040232,79.37329999999999,159.5117239971,0.0,0.0,1050.0,0.0,0.0,0.467002931666375,0.09885392916604166
2026-01-11,2026,24,3091.878575428388,3224.9,-226.3757754283879,0.0,6316.778575428389,19.262500000000003,3852.5000000000005,26.71999999999999,1680.0,331.1696739974,1680.0,5064.803089750001,1972.9245143216124,182.82300000000004,148.5152959968,0.0,490.0,1190.0,0.0,0.0,0.7,0.13798736416558335
2026-01-12,2026,24,-2448.0373274290832,5153.5,644.0415274290826,0.0,2705.4626725709168,15.29875,3059.75,26.829999999999995,1825.0,138.9404419974,1825.0,78.04105399999999,2526.078381429083,2.8013999999999997,136.14935999659997,0.0,400.0,1425.0,0.0,0.0,0.7604166666666666,0.05789185083225
2026-01-13,2026,24,3931.953620281498,3606.4,1132.1131797185017,0.0,7538.353620281498,18.395,3679.0,20.645000000000003,1920.0,260.7151489983,1920.0,5217.020595249999,1285.066974968502,177.11970000000002,83.6298749973,0.0,400.0,1520.0,0.0,0.0,0.8,0.108631312082625
2026-01-14,2026,24,3901.986146046987,3091.51,846.9236539530143,0.0,6993.496146046988,41.86625,8373.25,25.955,2018.567,408.4213279985,1969.0,4642.52647925,740.5403332030128,190.3078,218.3101679967,0.0,0.0,1969.0,0.0,0.0,0.8410695833333334,0.1701755533327083
2026-01-15,2026,24,2444.9985566002156,4292.469999999999,5338.978843399784,0.0,6737.468556600215,27.82375,5564.75,33.129999999999995,2136.0,401.501728999,2136.0,4863.27718875,2418.2786321497842,189.61219999999997,212.177310998,0.0,0.0,2136.0,0.0,0.0,0.89,0.1672923870829167
2026-01-16,2026,24,3957.9952785680857,2818.63,4031.425521431914,0.0,6776.625278568086,36.239999999999995,7247.999999999999,30.485,2136.0,298.2134619973,2136.0,3763.9180187499996,-194.0772598180855,131.1473,167.77019999669997,0.0,0.0,2136.0,0.0,0.0,0.89,0.12425560916554167
2026-01-17,2026,24,1433.7485343496228,3363.31,2160.6899656503765,0.0,4797.058534349622,21.92625,4385.25,23.285,2136.0,241.3974849979,2136.0,1075.30011175,-358.4484225996225,65.0582,177.0469989961,0.0,0.0,2136.0,0.0,0.0,0.89,0.10058228541579166
2026-01-18,2026,24,5590.323690489999,3934.6899999999996,7782.473209510001,0.0,9525.01369049,54.6075,10921.5,28.699999999999996,2136.0,308.0730109965,2136.0,6789.36756975,1199.043879260002,189.4955,118.87734899609998,0.0,0.0,2136.0,0.0,0.0,0.89,0.128363754581875
2026-01-19,2026,24,1058.5750574347849,3061.6000000000004,7684.5812425652175,0.0,4120.175057434785,45.755,9151.0,45.34,2136.0,260.64861599949995,2136.0,3065.2621805,2006.6871230652152,100.5597,160.4337339975,0.0,0.0,2136.0,0.0,0.0,0.89,0.10860358999979165
2026-01-20,2026,24,-874.2725881911799,5027.610000000001,-13060.085111808816,0.0,4153.33741180882,78.1875,15637.5,25.605000000000004,2136.0,156.6822629969,2136.0,2315.116742,3189.3893301911794,34.7341,122.0794789967,0.0,0.0,2136.0,0.0,0.0,0.89,0.06528427624870833
2026-01-21,2026,24,4226.347914520029,3003.75,-264.13281452002775,0.0,7230.097914520029,30.084999999999994,6016.999999999999,27.305,2136.0,97.00137699780001,2136.0,4228.23343925,1.8855247299705,96.9222,0.086418997,0.0,0.0,2136.0,0.0,0.0,0.89,0.040417240415750004
2026-01-22,2026,24,1618.5945079891635,2347.1,4918.258692010836,0.0,3965.6945079891634,24.441249999999997,4888.249999999999,23.759999999999998,1432.9374439991998,318.4221389977,1260.0,7332.246959,5713.6524510108375,146.0438,174.1829029971,0.0,0.0,1260.0,0.0,0.0,0.5970572683329999,0.13267589124904167
2026-01-23,2026,24,1827.713734692017,2247.2,-17913.003034692018,0.0,4074.913734692017,46.051249999999996,9210.25,28.509999999999998,1920.0,352.4735109981,1920.0,3402.0408022500005,1574.3270675579834,86.8922,265.64509299710005,0.0,560.0,1360.0,0.0,0.0,0.8,0.146863962915875
2026-01-24,2026,24,1541.1422099378378,0.0,257.40719006216204,0.0,1541.1422099378378,114.37375,22874.75,131.76000000000002,42.2836369978,42.2836369978,0.0,776.7102777499999,-764.4319321878377,9.457699999999999,32.826746997399994,0.0,0.0,0.0,0.0,0.0,0.017618182082416667,0.017618182082416667
2026-01-25,2026,24,2556.3196364576897,0.0,445.93326354231067,0.0,2556.3196364576897,295.54375,59108.75,424.0,106.1426309985,106.1426309985,0.0,3015.752779,459.4331425423104,66.2404,41.7767389967,0.0,0.0,0.0,0.0,0.0,0.044226096249375,0.044226096249375
2026-01-26,2026,24,22433.317161322044,0.0,-15.336761322043458,0.0,22433.317161322044,192.09,38418.0,772.29,277.31070799760005,277.31070799760005,0.0,26213.968245250002,3780.651083927956,177.52159999999998,100.12175199720001,0.0,0.0,0.0,0.0,0.0,0.11554612833233335,0.11554612833233335
2026-01-27,2026,24,6331.427010535936,24272.6,-7149.1557105359425,0.0,30604.027010535934,184.68125,36936.25,224.89,2040.0,190.64751699689998,2040.0,14730.8366775,8399.409666964064,89.7021,101.4343889965,595.0,340.0,1105.0,0.0,0.0,0.85,0.079436465415375
2026-01-28,2026,24,7191.563177058481,12301.2,-235896.84437705844,0.0,19492.76317705848,711.2425000000001,142248.5,107.11000000000001,2160.0,264.6388209972,2160.0,10754.07638975,3562.5132126915178,118.16080000000001,147.0234489966,0.0,450.0,1710.0,0.0,0.0,0.9,0.1102661754155
2026-01-29,2026,24,7571.0529728142465,9094.3,32300.46072718575,0.0,16665.352972814246,55.35875,11071.75,68.34500000000001,1740.4257799998,489.2455849983,1740.0,10505.554657749999,2934.5016849357535,229.14860000000002,260.2129729973,0.0,0.0,1740.0,0.0,0.0,0.72517740833325,0.203852327082625
2026-01-30,2026,24,6993.950723683072,10343.699999999999,-177.9270236830671,0.0,17337.650723683073,80.62375,16124.75,44.345,2160.0,220.8852489979,2160.0,7467.69163,473.740906316928,101.19250000000001,119.7240489979,0.0,270.0,1890.0,0.0,0.0,0.9,0.09203552041579166
2026-01-31,2026,24,-1311.8746802715118,11818.8,30641.24448027151,0.0,10506.925319728487,55.041250000000005,11008.250000000002,60.90500000000001,2160.0,275.7211649974,2160.0,3311.54146575,4623.416146021512,75.3773,200.373700997,0.0,270.0,1890.0,0.0,0.0,0.9,0.11488381874891668
2026-02-01,2026,24,13229.987208973445,5278.65,-5541.964708973439,0.0,18508.637208973443,108.97875,21795.75,71.88499999999999,1560.0,294.2143619968,1560.0,14217.16760175,987.1803927765535,189.8195,104.60824199640001,0.0,585.0,975.0,0.0,0.0,0.65,0.12258931749866667
2026-02-02,2026,24,2340.0904189888697,4036.4799999999996,-2648.7427189888713,0.0,6376.570418988869,65.1625,13032.499999999998,37.97,1632.0,156.45486899739998,1632.0,13.382788000000001,-2326.7076309888694,0.3499,156.1867009968,0.0,408.0,1224.0,0.0,0.0,0.68,0.06518952874891666
2026-02-03,2026,24,2777.9556848507264,1636.76,5075.633915149273,0.0,4414.715684850727,30.78,6156.0,38.685,1632.0,231.05652899659998,1632.0,2610.3495540000004,-167.606130850726,141.1421,99.022758996,0.0,1632.0,0.0,0.0,0.0,0.68,0.09627355374858332
2026-02-04,2026,24,10453.358510789805,3764.6499999999996,-368.5146107898054,0.0,14218.008510789805,80.1425,16028.5,43.905,1710.110145,381.64556299950004,1615.0,2568.65556025,-7884.702950539806,292.4927,275.97671099810003,0.0,85.0,1530.0,0.0,0.0,0.71254589375,0.15901898458312502
2026-02-05,2026,24,4779.721746144025,4497.8,2776.255453855969,0.0,9277.521746144026,44.1925,8838.5,35.42,2064.0,388.2042179978,2064.0,6929.8533210000005,2150.1315748559755,185.4654,205.75665199780002,258.0,258.0,1548.0,0.0,0.0,0.86,0.16175175749908333
2026-02-06,2026,24,3671.651762953114,4331.01,-7474.167062953116,0.0,8002.661762953114,38.113749999999996,7622.749999999999,32.17,2232.0,253.6228439981,2232.0,6121.44952075,2449.7977577968863,115.9107,137.77154399769998,0.0,0.0,2232.0,0.0,0.0,0.93,0.10567618499920833
2026-02-07,2026,24,-2414.4922746850602,3435.7,-288.052325314939,0.0,1021.2077253149396,35.118750000000006,7023.750000000001,31.965,2256.0,281.09577499730005,2256.0,1778.2210992500002,4192.713373935061,53.9449,228.18715099690002,0.0,0.0,2256.0,0.0,0.0,0.94,0.11712323958220835
2026-02-08,2026,24,1969.9400946909366,3337.0,195.05590530906306,0.0,5306.940094690936,36.623749999999994,7324.749999999999,19.22,2256.0,74.1903909976,2256.0,2049.8653655000003,79.92527080906349,68.0549,6.3147929964,0.0,0.0,2256.0,0.0,0.0,0.94,0.030912662915666668
2026-02-09,2026,24,1137.8835240261976,4098.4,2136.568875973804,0.0,5236.2835240261975,29.61625,5923.25,27.055,2256.0,227.40423799869998,2256.0,2794.5926495,1656.7091254738025,140.4395,88.26179199790002,0.0,0.0,2256.0,0.0,0.0,0.94,0.09475176583279166
2026-02-10,2026,24,4176.9808664058255,2625.3,161.06143359417456,0.0,6802.280866405826,52.73875,10547.75,27.980000000000004,2160.0,271.2207579991,2160.0,3946.5104147499997,-230.4704516558255,126.1191,145.29832199709998,0.0,540.0,1620.0,0.0,0.0,0.9,0.11300864916629166
2026-02-11,2026,24,4277.198063004877,3145.5,-165.349863004878,0.0,7422.698063004877,30.924999999999997,6184.999999999999,22.755000000000003,2160.0,542.8777559980999,2160.0,9430.520644749999,5153.322581745122,252.05599999999998,291.1654199977,0.0,720.0,1440.0,0.0,0.0,0.9,0.2261990649992083
2026-02-12,2026,24,3041.346106744324,2404.8,-467.9327067443246,0.0,5446.146106744324,37.43749999999999,7487.499999999998,22.225,2160.0,248.0542789977,2160.0,5392.73851375,2351.3924070056764,111.32399999999998,137.3121309967,0.0,720.0,1440.0,0.0,0.0,0.9,0.103355949582375
2026-02-13,2026,24,-599.5673481366582,2184.17,655.6397481366578,0.0,1584.6026518633419,42.6075,8521.5,29.205000000000002,2061.7,86.2564399976,2061.7,2.625262,602.1926101366582,0.2632,86.227931997,86.7,350.0,1625.0,0.0,0.0,0.8590416666666666,0.035940183332333335
2026-02-14,2026,24,1944.6879256222433,2166.6499999999996,-2031.7880256222438,0.0,4111.337925622243,21.931250000000002,4386.25,27.86,2040.0,181.24708499989998,2040.0,1770.9069662499999,-173.78095937224322,119.76129999999999,65.69602299689998,0.0,680.0,1360.0,0.0,0.0,0.85,0.07551961874995833
2026-02-15,2026,24,4734.000225142785,2561.9,619.3245748572153,0.0,7295.900225142785,41.1125,8222.5,45.30500000000001,2040.0,262.7297969964,2040.0,4657.021666749999,-76.97855839278525,120.8494,141.90653099640002,0.0,680.0,1360.0,0.0,0.0,0.85,0.1094707487485
2026-02-16,2026,24,846.2208602275317,2300.8999999999996,1518.6141397724691,0.0,3147.1208602275315,24.2575,4851.5,16.005,2280.0,234.8813579971,2280.0,2500.6771965000003,1654.4563362724684,110.55279999999999,124.37529599710001,0.0,760.0,1520.0,0.0,0.0,0.95,0.09786723249879166
2026-02-17,2026,24,1941.026109405562,1939.5,-2324.8574094055602,0.0,3880.5261094055622,21.645000000000003,4329.000000000001,14.46,1800.0,269.3451299978,1800.0,2509.7868947499996,568.7607853444377,122.0489,147.8027939974,0.0,0.0,1800.0,0.0,0.0,0.75,0.11222713749908332
2026-02-18,2026,24,22.98628481632477,2040.4199999999998,1879.5251151836746,0.0,2063.406284816325,23.435000000000002,4687.0,28.495,1860.4315059992,161.6212459984,1860.0,1442.1955627499997,1419.209277933675,71.265,90.6185299964,0.0,0.0,1860.0,0.0,0.0,0.7751797941663333,0.06734218583266667
2026-02-19,2026,24,4939.919573724155,2422.62,1691.0613262758452,0.0,7362.539573724155,56.478750000000005,11295.750000000002,21.575,2064.0,279.4820389970001,2064.0,7062.521779,2122.6022052758444,127.41560000000001,152.54759299680003,0.0,0.0,2064.0,0.0,0.0,0.86,0.11645084958208336
2026-02-20,2026,24,4205.419017955674,2302.2,24495.873682044316,0.0,6507.619017955673,48.07125,9614.25,12.425,2160.0,274.94157099660003,2160.0,6708.3552577499995,2502.9362397943264,123.06450000000001,152.1244509962,0.0,270.0,1890.0,0.0,0.0,0.9,0.11455898791525002
2026-02-21,2026,24,2523.1415598063177,1810.8,3428.434740193681,0.0,4333.941559806318,33.07875,6615.75,19.395,2160.0,215.6169769978,2160.0,3151.7435745,628.6020146936821,98.1717,117.97586499699999,0.0,630.0,1530.0,0.0,0.0,0.9,0.08984040708241667
2026-02-22,2026,24,4685.7644260414245,2188.75,-177.60142604142402,0.0,6874.5144260414245,48.50875,9701.75,43.7,2040.0,269.58541199729996,2040.0,4256.4894245,-429.2750015414248,122.7284,146.91483599650002,0.0,510.0,1530.0,0.0,0.0,0.85,0.11232725499887498
2026-02-23,2026,24,3388.540633505958,2293.3,7347.035866494045,0.0,5681.840633505958,26.40625,5281.25,32.434999999999995,2040.0,307.23455999730004,2040.0,3430.11890125,41.578267744043025,141.7741,165.5562319965,170.0,340.0,1530.0,0.0,0.0,0.85,0.128014399998875
2026-02-24,2026,24,3397.3069488211786,1573.6000000000001,14412.526451178821,0.0,4970.906948821179,71.82375,14364.75,31.705,1920.0,157.8746949973,1920.0,0.664607,-3396.6423418211784,0.1806,157.8214569969,0.0,480.0,1440.0,0.0,0.0,0.8,0.06578112291554167
2026-02-25,2026,24,2075.718243467749,2542.5,4071.360256532251,0.0,4618.218243467749,45.02375,9004.75,33.385,2160.0,146.1695479984,2160.0,1987.304413,-88.413830467749,111.16349999999998,35.0759419978,0.0,450.0,1710.0,0.0,0.0,0.9,0.06090397833266666
2026-02-26,2026,24,6747.5300190391745,2336.4,-1627.308519039174,0.0,9083.930019039175,56.405,11281.0,32.065,2160.0,350.9795839975,2160.0,7886.86727375,1139.3372547108256,185.4355,165.5866359969,90.0,180.0,1890.0,0.0,0.0,0.9,0.14624149333229167
2026-02-27,2026,24,507.6277351513715,3104.0,-320.2620351513712,0.0,3611.6277351513713,25.147500000000004,5029.500000000001,29.764999999999997,2400.0,301.1444649984,2400.0,3812.597516250001,3304.9697810986286,129.08270000000002,172.10722099699998,0.0,300.0,2100.0,0.0,0.0,1.0,0.125476860416
2026-02-28,2026,24,3837.6147733641997,2350.0,548.7758266357991,0.0,6187.614773364199,28.38625,5677.25,22.189999999999998,2400.0,291.3379249972,2400.0,4467.657548499999,630.0427751358009,143.4262,148.02708699660002,300.0,0.0,2100.0,0.0,0.0,1.0,0.12139080208216667
2026-03-01,2026,24,4447.078417360743,2234.0,-4144.553017360742,0.0,6681.078417360743,35.82625,7165.25,24.860000000000003,2400.0,316.12022599709996,2400.0,4526.7132295,79.63481213925775,143.5736,172.5489339969,600.0,0.0,1800.0,0.0,0.0,1.0,0.131716760832125
2026-03-02,2026,24,12.971947114839168,2481.0,8975.309452885162,0.0,2493.971947114839,23.801249999999996,4760.249999999999,20.335,2400.0,108.55377599750001,2400.0,1477.5434085000002,1464.571461385161,47.0637,61.5165379963,600.0,0.0,1800.0,0.0,0.0,1.0,0.04523073999895834
2026-03-03,2026,24,-583.2442786338373,2420.0,4462.817178633836,0.0,1836.7557213661626,35.43375,7086.750000000001,17.78,2400.0,164.14811399619998,2400.0,3.5521359999999995,586.7964146338373,0.2192,163.9797739958,600.0,0.0,1800.0,0.0,0.0,1.0,0.06839504749841666
2026-03-04,2026,24,2231.3484012219,3145.85,-14872.621401221899,0.0,5377.1984012219,30.287499999999998,6057.5,24.77,2040.0,190.6250459972,2040.0,1861.99019125,-369.3582099718997,81.8587,109.27645799660002,510.0,0.0,1530.0,0.0,0.0,0.85,0.07942710249883334
2026-03-05,2026,24,137.66797771308552,2940.0,4171.570622286914,0.0,3077.6679777130857,12.481250000000001,2496.25,12.504999999999999,2400.0,47.9580819971,2400.0,66.82988325,-70.83809446308551,19.2974,28.8779679961,600.0,0.0,1800.0,0.0,0.0,1.0,0.019982534165458334
2026-03-06,2026,24,2834.1376620814754,3684.0,1570.381337918524,0.0,6518.137662081475,33.4525,6690.5,21.835,2400.0,162.1844309992,2400.0,2845.2321547499996,11.094492668524246,141.9727,20.325620996999998,300.0,0.0,2100.0,0.0,0.0,1.0,0.06757684624966667
2026-03-07,2026,24,7039.3075567138585,4065.0,3075.762743286141,0.0,11104.307556713859,50.60875,10121.75,34.00000000000001,2400.0,326.0044509992,2400.0,6973.91186175,-65.39569496385775,157.7343,168.8955369966,0.0,0.0,2400.0,0.0,0.0,1.0,0.13583518791633334
2026-03-08,2026,23,-409.77096963930376,2973.0,-1915.7854303606975,0.0,2563.229030360696,15.66375,3132.75,25.660000000000004,2300.0,307.0692519987,2300.0,3614.2474824999995,4024.0184521393035,119.72009999999999,187.3978179973,0.0,300.0,2000.0,0.0,0.0,1.0,0.1335083704342174
2026-03-09,2026,24,2942.576515401848,3418.0,13463.02318459815,0.0,6360.576515401848,56.54375,11308.75,12.474999999999998,2400.0,186.9465989972,2400.0,5007.6212909999995,2065.0447755981513,106.7025,80.4482829958,300.0,0.0,2100.0,0.0,0.0,1.0,0.07789441624883334
2026-03-10,2026,24,-5.398257568042936,2829.0,-7064.996742431956,0.0,2823.601742431957,81.2125,16242.500000000002,18.939999999999998,2400.0,188.16864299820003,2400.0,4450.244336250001,4455.642593818043,93.2706,119.741386996,300.0,200.0,1900.0,0.0,0.0,1.0,0.07840360124925001
2026-03-11,2026,24,1474.9157375828522,2788.0,2665.525962417148,0.0,4262.915737582853,28.848750000000003,5769.750000000001,34.42,2400.0,468.3268079971,2400.0,5070.82529,3595.909552417147,213.1816,255.27831999670002,500.0,0.0,1900.0,0.0,0.0,1.0,0.19513616999879166
2026-03-12,2026,24,5231.448917333908,2931.0,2087.064182666093,0.0,8162.448917333908,40.102500000000006,8020.500000000001,46.849999999999994,2400.0,292.5045969971,2400.0,5006.773178,-224.67573933390798,134.5258,157.9795009967,500.0,0.0,1900.0,0.0,0.0,1.0,0.12187691541545834
2026-03-13,2026,24,6972.072700853047,2445.0,-4514.162100853044,0.0,9417.072700853047,59.29875,11859.75,32.97,2400.0,531.5827439977,2400.0,10927.212619500002,3955.139918646954,242.98930000000001,288.6969499971,500.0,0.0,1900.0,0.0,0.0,1.0,0.2214928099990417
2026-03-14,2026,24,-136.81893113359408,2275.0,-6183.865468866405,0.0,2138.181068866406,47.41250000000001,9482.500000000002,20.89,2400.0,170.0066849963,2400.0,231.85437175,368.67330288359403,8.2201,162.19132099610002,500.0,0.0,1900.0,0.0,0.0,1.0,0.07083611874845834
2026-03-15,2026,24,6453.217982401004,2367.0,-1740.8872824010023,0.0,8820.217982401004,63.4725,12694.5,34.315,2400.0,145.0511819985,2400.0,6511.941024,58.72304159899649,132.1082,14.009703997499999,500.0,0.0,1900.0,0.0,0.0,1.0,0.060437992499375
2026-03-16,2026,24,3807.66101152132,3182.0,4149.17928847868,0.0,6989.66101152132,65.88749999999999,13177.499999999998,95.865,2048.3965069999,217.98247899730003,2000.0,2962.2599892499998,-845.4010222713196,49.1365,169.59483699730004,100.0,100.0,1800.0,0.0,0.0,0.8534985445832917,0.09082603291554169
2026-03-17,2026,24,5563.794783524311,4178.0,1807.8426164756884,0.0,9741.79478352431,49.545,9909.0,38.51,2400.0,257.2277079972,2400.0,5487.13557225,-76.65921127431147,170.16989999999998,87.3046999968,0.0,0.0,2400.0,0.0,0.0,1.0,0.10717821166550001
2026-03-18,2026,24,3100.009665107886,3292.0,-5497.974665107882,0.0,6392.009665107886,38.20875,7641.75,32.44,2400.0,340.4933239974,2400.0,5301.0257705,2201.0161053921142,151.8512,188.80416599659998,300.0,0.0,2100.0,0.0,0.0,1.0,0.14187221833225
2026-03-19,2026,24,4560.445955243295,4498.0,2919.391544756704,0.0,9058.445955243296,33.72875,6745.75,34.465,2400.0,557.886414998,2400.0,7045.8208335,2485.3748782567045,254.53130000000002,303.5412009972,300.0,0.0,2100.0,0.0,0.0,1.0,0.23245267291583332
2026-03-20,2026,24,2171.5606028028897,4783.0,-2411.490102802889,0.0,6954.56060280289,19.768749999999997,3953.7499999999995,23.330000000000002,2400.0,367.6833829983,2400.0,2615.2981505000002,443.7375476971106,161.8299,206.12177699729997,300.0,0.0,2100.0,0.0,0.0,1.0,0.153201409582625
2026-03-21,2026,24,-581.1413044318292,4866.0,-70.06349556817088,0.0,4284.858695568171,16.305,3261.0,16.099999999999998,2400.0,134.5524689973,2400.0,17.859354750000005,599.0006591818293,0.8993000000000001,133.85679099669997,0.0,0.0,2400.0,0.0,0.0,1.0,0.056063528748875
2026-03-22,2026,24,5164.336346285048,4104.0,-6276.618246285048,0.0,9268.336346285048,52.18124999999999,10436.249999999998,32.010000000000005,2400.0,163.20712099899998,2400.0,5316.653869,152.317522714951,154.4756,9.5219569968,0.0,0.0,2400.0,0.0,0.0,1.0,0.06800296708291666
2026-03-23,2026,24,38119.05568665121,9688.0,10215.346913348782,0.0,47807.05568665121,353.1725,70634.5,35.6,2400.0,340.9811199984,2400.0,41590.152131,3471.096444348784,155.4587,185.9465479968,300.0,0.0,2100.0,0.0,0.0,1.0,0.142075466666
2026-03-24,2026,24,-5193.219412576758,5361.0,-11411.747687423243,0.0,167.78058742324174,106.98875,21397.75,17.709999999999994,2400.0,117.36080299769999,2400.0,12.919305249999999,5206.138717826758,0.4154,117.1879849969,200.0,0.0,2200.0,0.0,0.0,1.0,0.048900334582375
2026-03-25,2026,24,-55.97139962953624,0.0,-78.49120037046382,0.0,-55.97139962953624,46.654999999999994,9330.999999999998,24.475,2.2356789956,2.2356789956,0.0,0.0,55.97139962953624,0.0,2.2356789956,0.0,0.0,0.0,0.0,0.0,0.0009315329148333332,0.0009315329148333332
2026-03-26,2026,24,-13.7386459119345,0.0,2187.6432459119324,0.0,-13.7386459119345,30.314999999999998,6063.0,21.235,1.0187149982,1.0187149982,0.0,0.0,13.7386459119345,0.0,1.0187149982,0.0,0.0,0.0,0.0,0.0,0.0004244645825833334,0.0004244645825833334
2026-03-27,2026,24,0.0,0.0,1704.5,0.0,0.0,34.89,6978.0,25.39,0.0,0.0,0.0,0.0,0.0,0.0,0.0,0.0,0.0,0.0,0.0,0.0,0.0,0.0
2026-03-28,2026,24,0.0,0.0,-2698.875,0.0,0.0,23.28125,4656.25,23.799999999999997,0.0,0.0,0.0,0.0,0.0,0.0,0.0,0.0,0.0,0.0,0.0,0.0,0.0,0.0
2026-03-29,2026,24,0.0,0.0,-1231.0,0.0,0.0,17.107499999999998,3421.4999999999995,17.085,0.0,0.0,0.0,0.0,0.0,0.0,0.0,0.0,0.0,0.0,0.0,0.0,0.0,0.0
2026-03-30,2026,24,0.0,0.0,-1173.925000000001,0.0,0.0,30.0825,6016.5,24.505000000000003,0.0,0.0,0.0,0.0,0.0,0.0,0.0,0.0,0.0,0.0,0.0,0.0,0.0,0.0
2026-03-31,2026,24,0.0,0.0,663.75,0.0,0.0,30.64,6128.0,19.775,0.0,0.0,0.0,0.0,0.0,0.0,0.0,0.0,0.0,0.0,0.0,0.0,0.0,0.0
2026-04-01,2026,24,0.0,0.0,0.0,0.0,0.0,64.00875,12801.750000000002,17.830000000000002,0.0,0.0,0.0,0.0,0.0,0.0,0.0,0.0,0.0,0.0,0.0,0.0,0.0,0.0
2026-04-02,2026,24,0.0,0.0,0.0,0.0,0.0,51.072500000000005,10214.500000000002,15.815000000000001,0.0,0.0,0.0,0.0,0.0,0.0,0.0,0.0,0.0,0.0,0.0,0.0,0.0,0.0
2026-04-03,2026,24,0.0,0.0,0.0,0.0,0.0,75.165,15033.000000000002,13.055,0.0,0.0,0.0,0.0,0.0,0.0,0.0,0.0,0.0,0.0,0.0,0.0,0.0,0.0
2026-04-04,2026,24,0.0,0.0,0.0,0.0,0.0,46.075,9215.0,51.78,0.0,0.0,0.0,0.0,0.0,0.0,0.0,0.0,0.0,0.0,0.0,0.0,0.0,0.0
2026-04-05,2026,24,0.0,0.0,0.0,0.0,0.0,41.098749999999995,8219.75,49.39,0.0,0.0,0.0,0.0,0.0,0.0,0.0,0.0,0.0,0.0,0.0,0.0,0.0,0.0
2026-04-06,2026,24,0.0,0.0,0.0,0.0,0.0,74.31375000000001,14862.750000000002,56.864999999999995,0.0,0.0,0.0,0.0,0.0,0.0,0.0,0.0,0.0,0.0,0.0,0.0,0.0,0.0
2026-04-07,2026,24,0.0,0.0,0.0,0.0,0.0,48.177499999999995,9635.499999999998,26.305000000000003,0.0,0.0,0.0,0.0,0.0,0.0,0.0,0.0,0.0,0.0,0.0,0.0,0.0,0.0
2026-04-08,2026,24,0.0,0.0,0.0,0.0,0.0,82.70375,16540.75,25.574999999999996,0.0,0.0,0.0,0.0,0.0,0.0,0.0,0.0,0.0,0.0,0.0,0.0,0.0,0.0
2026-04-09,2026,24,0.0,0.0,0.0,0.0,0.0,106.58500000000002,21317.000000000004,17.809999999999995,0.0,0.0,0.0,0.0,0.0,0.0,0.0,0.0,0.0,0.0,0.0,0.0,0.0,0.0
2026-04-10,2026,24,0.0,0.0,0.0,0.0,0.0,31.383749999999996,6276.749999999999,19.615,0.0,0.0,0.0,0.0,0.0,0.0,0.0,0.0,0.0,0.0,0.0,0.0,0.0,0.0
2026-04-11,2026,24,0.0,0.0,0.0,0.0,0.0,42.599999999999994,8519.999999999998,20.300000000000004,0.0,0.0,0.0,0.0,0.0,0.0,0.0,0.0,0.0,0.0,0.0,0.0,0.0,0.0
2026-04-12,2026,24,0.0,0.0,0.0,0.0,0.0,23.611250000000002,4722.25,18.899999999999995,0.0,0.0,0.0,0.0,0.0,0.0,0.0,0.0,0.0,0.0,0.0,0.0,0.0,0.0
2026-04-13,2026,24,1318.2455418782297,0.0,98.08465812177019,0.0,1318.2455418782297,24.22375,4844.75,20.610000000000003,109.63903699929999,109.63903699929999,0.0,1528.5908802499998,210.34533837177025,66.209,43.4828569989,0.0,0.0,0.0,0.0,0.0,0.04568293208304166,0.04568293208304166
2026-04-14,2026,24,1371.8069917360087,0.0,-2.195691736008939,0.0,1371.8069917360087,35.848749999999995,7169.749999999999,21.310000000000002,32.8520589966,32.8520589966,0.0,1415.4819240000002,43.67493226399125,31.0137,1.9034189962,0.0,0.0,0.0,0.0,0.0,0.01368835791525,0.01368835791525
2026-04-15,2026,24,5756.461475838354,2539.0,-5309.877675838354,0.0,8295.461475838354,78.445,15688.999999999998,34.24,1286.9324499999,255.34589799740002,1280.0,7328.95472225,1572.4932464116464,119.7205,135.8469639968,480.0,0.0,800.0,0.0,0.0,0.5362218541666249,0.10639412416558335
2026-04-16,2026,24,1135.3262375737881,3407.2,86.61766242621206,0.0,4542.5262375737875,20.80125,4160.25,25.955,1920.0,249.05144999799998,1920.0,3069.13094,1933.804702426212,109.21429999999998,140.3540219966,640.0,0.0,1280.0,0.0,0.0,0.8,0.10377143749916666
2026-04-17,2026,24,1332.9009806959484,2349.3999999999996,-5244.895880695949,0.0,3682.300980695948,26.737499999999997,5347.499999999999,21.465000000000003,1920.0,256.0400039973,1920.0,1339.0358005000003,6.1348198040517445,58.773300000000006,197.99416999669998,595.0,0.0,1325.0,0.0,0.0,0.8,0.106683334998875
2026-04-18,2026,24,3502.5239488694256,1838.9999999999998,49.86005113057445,0.0,5341.523948869425,35.15125,7030.249999999999,26.805000000000003,2120.0,128.5009209983,2120.0,3464.6476964999997,-37.87625236942576,109.70779999999999,18.9273189975,420.0,0.0,1700.0,0.0,0.0,0.8833333333333333,0.05354205041595833
2026-04-19,2026,24,1475.958077253854,1925.3999999999999,671.6100227461459,0.0,3401.358077253854,47.40500000000001,9481.000000000002,47.39,2120.0,239.25849499859999,2120.0,4289.913373,2813.955295746146,113.8086,126.03197699719999,420.0,0.0,1700.0,0.0,0.0,0.8833333333333333,0.09969103958275
2026-04-20,2026,24,-745.3164138121942,2923.0,524.5365138121933,0.0,2177.6835861878058,89.76999999999998,17953.999999999996,27.720000000000006,1932.7982299999,356.9490489983,1920.0,7505.394371999999,8250.710785812194,136.0567,221.78964899750002,720.0,0.0,1200.0,0.0,0.0,0.8053325958332916,0.14872877041595833
2026-04-21,2026,24,-1067.3598250443392,6814.4,-423.31287495566175,0.0,5747.04017495566,48.557500000000005,9711.5,45.96,2220.0,175.500581998,2220.0,2500.6491130000004,3568.0089380443396,49.2708,126.41619999739999,720.0,0.0,1500.0,0.0,0.0,0.925,0.07312524249916667
2026-04-22,2026,24,-69.327162454873,5335.6,-4274.058337545127,0.0,5266.272837545127,46.71875000000001,9343.750000000002,28.2,2320.0,2.0574169975,2320.0,0.0,69.327162454873,0.0,2.0574169975,520.0,0.0,1800.0,0.0,0.0,0.9666666666666667,0.0008572570822916666
2026-04-23,2026,24,-38.03177148648625,0.0,-1416.7130285135124,0.0,-38.03177148648625,17.952499999999997,3590.4999999999995,15.879999999999995,2.0350159978,2.0350159978,0.0,19.059863749999998,57.091635236486255,0.5892999999999999,1.8424719972,0.0,0.0,0.0,0.0,0.0,0.0008479233324166667,0.0008479233324166667
2026-04-24,2026,24,-95.66171606245351,0.0,-87.1569839375465,0.0,-95.66171606245351,575.48875,115097.75,189.14,1.2935989979,1.2935989979,0.0,1.103955,96.7656710624535,0.002,1.2948309977,0.0,0.0,0.0,0.0,0.0,0.0005389995824583334,0.0005389995824583334
2026-04-25,2026,24,-76.5655248003915,7073.6,1160.4247248003905,0.0,6997.034475199609,41.51500000000001,8303.000000000002,58.93,1920.0,1.7311229973,1920.0,0.0,76.5655248003915,0.0,1.7311229973,1920.0,0.0,0.0,0.0,0.0,0.8,0.000721301248875
2026-04-26,2026,24,-52.2263407134665,3469.6000000000004,-0.46645928653350666,0.0,3417.373659286534,14.932500000000005,2986.500000000001,62.275000000000006,1920.0,1.7850719972000002,1920.0,4.4499595,56.676300213466504,0.15000000000000002,1.9350719972000001,1920.0,0.0,0.0,0.0,0.0,0.8,0.0007437799988333334
2026-04-27,2026,24,19905.137560461557,26918.700000000004,2735.845039538446,0.0,46823.83756046156,291.81125000000003,58362.25000000001,342.09000000000003,1870.0,129.0575079981,1870.0,21254.0244565,1348.8868960384457,78.71610000000001,50.7762599969,1870.0,0.0,0.0,0.0,0.0,0.7791666666666667,0.053773961665874996
2026-04-28,2026,24,-2364.4058613624566,12904.6,3891.5604613624564,0.0,10540.194138637544,75.90625,15181.25,75.94500000000001,1870.0,110.3692089979,1870.0,165.526477,2529.9323383624564,2.7817999999999996,107.95342099690001,1870.0,0.0,0.0,0.0,0.0,0.7791666666666667,0.045987170415791666
2026-04-29,2026,24,4246.324082354121,5728.3,2515.602617645879,0.0,9974.624082354121,50.532500000000006,10106.500000000002,60.94499999999999,1630.8491440001,184.54498299750003,1607.5,7061.4507382500005,2815.12665589588,96.9317,87.88015699730002,445.5,0.0,1162.0,0.0,0.0,0.6795204766667083,0.07689374291562501
2026-04-30,2026,24,2585.720254399443,4809.6,2512.3871456005577,0.0,7395.320254399443,27.373749999999994,5474.749999999999,44.71,1146.9893599979,186.1390849973,1120.0,5564.348465249999,2978.6282108505566,119.91669999999999,66.4435449967,400.0,0.0,720.0,0.0,0.0,0.47791223333245836,0.07755795208220832
2026-05-01,2026,24,-3208.5226637830324,3739.2,-2709.799836216968,0.0,530.6773362169674,49.44,9888.0,33.66,1505.6944829991999,137.4704639963,1440.0,0.0,3208.5226637830324,0.0,137.4704639963,400.0,0.0,1040.0,0.0,0.0,0.6273727012496666,0.05727935999845833
2026-05-02,2026,24,3293.2208634569715,3738.4,-689.6280634569716,0.0,7031.620863456972,48.70375,9740.75,67.745,1060.3553319991,86.66289899789999,1060.0,3299.8336825,6.6128190430285,85.4379,1.5470389977,660.0,0.0,400.0,0.0,0.0,0.44181472166629165,0.03610954124912499
2026-05-03,2026,24,2356.949105095043,2124.8,3252.7060949049574,0.0,4481.749105095043,29.83375,5966.75,23.38,1680.0,187.6997719982,1680.0,2190.2731784999996,-166.67592659504274,83.0283,105.05568399700002,1380.0,0.0,300.0,0.0,0.0,0.7,0.07820823833258334
2026-05-04,2026,24,3587.534267296893,4362.96,-2748.3278672968922,0.0,7950.494267296894,37.405,7481.0,21.88,1884.0,212.1847429997,1884.0,3575.7838712499997,-11.750396046893243,107.80780000000001,104.9409149979,1476.0,0.0,408.0,0.0,0.0,0.785,0.08841030958320834
2026-05-05,2026,24,-3681.175041964133,2881.0,623.4186419641328,0.0,-800.175041964133,30.262500000000003,6052.500000000001,19.68,1440.3210870002,126.8384489972,1437.7,13.211575,3694.3866169641333,0.5470999999999999,126.586232996,630.0,0.0,807.7,0.0,0.0,0.6001337862500833,0.05284935374883334
2026-05-06,2026,24,-95.4779613481195,6066.5,565.5506613481197,0.0,5971.02203865188,37.096250000000005,7419.250000000001,80.21000000000001,1800.0,3.1771109971000002,1800.0,1.316175,96.79413634811951,0.0327,3.2098109971,1400.0,0.0,400.0,0.0,0.0,0.75,0.0013237962487916667
2026-05-07,2026,24,3093.6212982070706,3376.4,2542.8193017929284,0.0,6470.021298207071,27.744999999999997,5548.999999999999,27.345000000000006,1870.0,158.69524599800002,1870.0,3767.3358985000004,673.7146002929294,118.0462,41.7407199972,925.0,0.0,945.0,0.0,0.0,0.7791666666666667,0.06612301916583334
2026-05-08,2026,24,-186.68721405027736,4175.1,188.4830140502777,0.0,3988.412785949723,22.58,4516.0,26.060000000000002,1311.3030199989,218.4288859968,1169.7,3464.95364675,3651.6408608002766,81.73949999999999,137.2637939964,85.0,240.0,844.7,0.0,0.0,0.5463762583328751,0.091012035832
2026-05-09,2026,24,2454.951825532621,2859.9000000000005,1108.737174467381,0.0,5314.851825532622,56.72124999999999,11344.249999999998,29.365000000000002,1552.2899489998,170.7921889974,1500.0,3765.4519367499997,1310.500111217379,67.5101,103.9476289968,595.0,85.0,820.0,0.0,0.0,0.6467874787499166,0.07116341208225
2026-05-10,2026,24,794.9791598409929,2080.8,1421.3702401590072,0.0,2875.779159840993,17.033749999999998,3406.7499999999995,28.999999999999996,1440.0,163.3541289976,1440.0,2799.8842557499997,2004.9050959090061,77.04539999999999,87.6789869962,720.0,0.0,720.0,0.0,0.0,0.6,0.06806422041566666
2026-05-11,2026,24,4466.2588506165475,4231.2,-1994.910150616547,0.0,8697.458850616547,59.64625,11929.25,107.075,1440.0,217.2806689977,1440.0,5702.660057500001,1236.4012068834525,107.2917,110.73719099729999,1140.0,0.0,300.0,0.0,0.0,0.6,0.090533612082375
2026-05-12,2026,24,4769.279125516212,2334.4,-1110.6970255162119,0.0,7103.679125516212,58.63374999999999,11726.749999999998,55.324999999999996,1140.3916809993,224.3456809976,1115.0,6102.48910825,1333.209982733788,95.2569,129.2498989974,325.0,130.0,660.0,0.0,0.0,0.475163200416375,0.09347736708233333
2026-05-13,2026,24,3561.6555851374624,2901.4,509.55511486253727,0.0,6463.055585137463,47.26875,9453.75,39.205,1165.8854619992999,243.38503999719998,1054.1,6129.591504749999,2567.9359196125374,115.2591,128.628005997,144.1,130.0,780.0,0.0,0.0,0.485785609166375,0.10141043333216666
2026-05-14,2026,24,1529.4954837761761,4574.7,-414.8546837761751,0.0,6104.195483776176,39.022499999999994,7804.499999999999,19.255000000000003,1180.2882909991,202.20190199810003,1170.0,3379.47681075,1849.9813269738238,89.78309999999999,112.7737279971,0.0,0.0,1170.0,0.0,0.0,0.4917867879162916,0.08425079249920835
2026-05-15,2026,24,-60.57593181012925,3725.7999999999997,5906.50433181013,0.0,3665.2240681898706,25.4625,5092.5,13.689999999999998,1560.0,113.0821589983,1560.0,17.607625,78.18355681012926,2.5216000000000003,110.9611409957,0.0,0.0,1560.0,0.0,0.0,0.65,0.04711756624929167
2026-05-16,2026,24,2842.1972584696064,4212.0,2308.756541530394,0.0,7054.197258469607,21.50625,4301.25,21.435000000000002,1920.0,296.7666989984,1920.0,3760.906898,918.7096395303936,182.1464,114.87820099799998,0.0,0.0,1920.0,0.0,0.0,0.8,0.12365279124933333
2026-05-17,2026,24,883.1220968179557,4031.2,-5829.051596817954,0.0,4914.322096817956,24.465000000000003,4893.000000000001,18.415,1920.0,197.9581729985,1920.0,2824.2776697500003,1941.1555729320448,87.6787,110.7738589965,0.0,0.0,1920.0,0.0,0.0,0.8,0.08248257208270833
2026-05-18,2026,24,-1249.7252689554157,2509.6000000000004,2760.719468955415,0.0,1259.8747310445847,19.382499999999997,3876.4999999999995,24.800000000000004,1352.7873289996999,141.433251998,1352.0,747.1230709999999,1996.8483399554157,23.629,118.10866999659999,240.0,0.0,1112.0,0.0,0.0,0.5636613870832082,0.05893052166583333
2026-05-19,2026,24,7608.904683106171,3859.2,360.27791689382866,0.0,11468.104683106172,66.52000000000001,13304.000000000002,22.07,1920.0,270.1076909987,1920.0,8637.683128249999,1028.7784451438283,161.35569999999998,109.07948299709999,0.0,480.0,1440.0,0.0,0.0,0.8,0.11254487124945832
2026-05-20,2026,24,4871.3579933471065,4099.9,-4562.810893347107,0.0,8971.257993347106,58.802499999999995,11760.499999999998,34.86,1330.396636,213.72934799800004,1330.0,4157.31449425,-714.0434990971069,102.78910000000002,111.23227599740001,770.0,0.0,560.0,0.0,0.0,0.5543319316666666,0.08905389499916669
2026-05-21,2026,24,430.1193832350436,3365.6000000000004,3732.8545167649563,0.0,3795.719383235044,31.76125,6352.25,24.155,1680.0,218.1400889971,1680.0,3681.3190377500005,3251.1996545149564,94.5828,123.7838969969,280.0,280.0,1120.0,0.0,0.0,0.7,0.09089170374879167
2026-05-22,2026,24,1483.1850624206102,2633.4,-1019.4178624206104,0.0,4116.5850624206105,23.835,4767.0,25.044999999999998,1680.0,205.0578149972,1680.0,3096.4408707499997,1613.25580832939,93.2157,112.169126997,350.0,140.0,1190.0,0.0,0.0,0.7,0.08544075624883334
2026-05-23,2026,24,-1647.8263681947103,2396.8,-509.9473318052894,0.0,748.9736318052899,17.255,3451.0,19.515,1680.0,130.4812099975,1680.0,364.739402,2012.5657701947105,11.6695,119.18173399669999,210.0,140.0,1330.0,0.0,0.0,0.7,0.054367170832291666
2026-05-24,2026,24,3607.8197692450935,2191.8,-245.32896924509578,0.0,5799.619769245093,25.1375,5027.5,35.25,1519.2827,123.5790179983,1500.0,3961.06790025,353.2481310049065,102.1786,21.7132459973,240.0,280.0,980.0,0.0,0.0,0.6330344583333333,0.05149125749929167
2026-05-25,2026,24,1856.0354183396544,3797.5000000000005,1026.0714816603463,0.0,5653.535418339655,26.6425,5328.5,33.150000000000006,1680.0,196.1204419975,1680.0,3621.14255825,1765.107139910346,91.1443,105.53520599689999,210.0,0.0,1470.0,0.0,0.0,0.7,0.08171685083229166
2026-05-26,2026,24,526.8778163544475,2825.9,386.91608364555304,0.0,3352.7778163544476,30.368750000000002,6073.75,11.080000000000002,1680.0,190.9685039978,1680.0,2603.4395295000004,2076.5617131455524,61.8095,129.8508279968,420.0,0.0,1260.0,0.0,0.0,0.7,0.07957020999908333
2026-05-27,2026,24,3189.435329399209,4085.2,1235.9123706007913,0.0,7274.635329399209,42.964999999999996,8593.0,47.78999999999999,1680.0,194.531329996,1680.0,5705.01595325,2515.580623850791,98.2157,96.895063996,0.0,630.0,1050.0,0.0,0.0,0.7,0.08105472083166668
2026-05-28,2026,24,2595.2153819617797,1110.9,3826.6438180382193,0.0,3706.11538196178,55.54374999999999,11108.749999999998,78.89,853.555919999,201.0314429982,700.0,5089.18710275,2493.97172078822,86.862,114.8292409968,0.0,0.0,700.0,0.0,0.0,0.35564829999958336,0.08376310124925
2026-05-29,2026,24,-5.026391725409212,3755.5,1555.6250917254097,0.0,3750.473608274591,16.75875,3351.75,37.150000000000006,1211.2602489998999,177.8963219977,1190.0,2173.72264325,2178.749034975409,69.41560000000001,108.82709199729999,280.0,0.0,910.0,0.0,0.0,0.5046917704166249,0.07412346749904167
2026-05-30,2026,24,2278.6299237386593,2608.0,-2435.671523738658,0.0,4886.629923738659,26.36875,5273.75,17.039999999999992,1920.0,187.98235399880002,1920.0,3889.383101,1610.7531772613409,101.6887,87.38532599660002,320.0,0.0,1600.0,0.0,0.0,0.8,0.07832598083283335
2026-05-31,2026,24,2117.240354413376,2546.4,-156.83985441337518,0.0,4663.6403544133755,33.22,6644.0,24.58,1920.0,215.5591769976,1920.0,4058.3709954999995,1941.1306410866243,95.26230000000001,120.73068299680001,320.0,0.0,1600.0,0.0,0.0,0.8,0.08981632374899999
2026-06-01,2026,24,1970.7205032106472,2965.6000000000004,1195.5449967893533,0.0,4936.320503210647,34.39375,6878.749999999999,45.625,1920.0,211.6820699977,1920.0,4398.3478105,2427.6273072893528,92.1955,120.05998599710001,720.0,0.0,1200.0,0.0,0.0,0.8,0.08820086249904167
2026-06-02,2026,24,288.12341943579986,2898.6000000000004,1992.1368805642,0.0,3186.7234194358,18.896250000000002,3779.2500000000005,25.345,1089.2184719989,180.3787299975,1033.8,2739.6152144999996,2451.4917950642002,70.2418,110.5122079967,0.0,160.0,873.8,0.0,0.0,0.4538410299995417,0.075157804165625
2026-06-03,2026,24,1265.7101589158403,3998.3999999999996,3789.0211410841594,0.0,5264.11015891584,18.783750000000005,3756.750000000001,27.595,1680.0,168.6202019979,1680.0,3674.81430575,2409.104146834159,88.8743,80.2538199973,280.0,0.0,1400.0,0.0,0.0,0.7,0.07025841749912501
2026-06-04,2026,24,4189.08683234957,2531.2,-503.00443234956947,0.0,6720.2868323495695,52.37625,10475.25,18.504999999999995,1920.0,250.7512499983,1920.0,7924.441486750001,3735.3546544004307,120.1593,131.18379199729998,0.0,320.0,1600.0,0.0,0.0,0.8,0.10447968749929167
2026-06-05,2026,24,1049.5996682587663,2044.7999999999997,-2334.311768258767,0.0,3094.399668258766,41.1575,8231.5,16.810000000000002,1920.0,238.7435909981,1920.0,5775.983040249999,4726.3833719912345,107.4135,132.5843249963,0.0,320.0,1600.0,0.0,0.0,0.8,0.09947649624920833
2026-06-06,2026,24,2381.958887965022,2754.8999999999996,1015.6622120349784,0.0,5136.8588879650215,73.29875,14659.75,12.435000000000002,2160.0,229.4426629985,2160.0,5990.315775749999,3608.3568877849775,99.11430000000001,130.9254289973,450.0,0.0,1710.0,0.0,0.0,0.9,0.09560110958270833
2026-06-07,2026,24,2867.655591684393,447.0,70.08400831560675,0.0,3314.655591684393,36.27125,7254.25,18.58,1440.0,238.7104139982,1440.0,5802.05071275,2934.395121065607,109.6726,130.57186999639998,1440.0,0.0,0.0,0.0,0.0,0.6,0.09946267249925
2026-06-08,2026,24,-762.2875430914884,1721.1,-440.4518569085118,0.0,958.8124569085115,25.26375,5052.75,17.21,1233.2608279984,188.0150999968,1110.9,1784.3375042500002,2546.6250473414884,52.2367,136.21820599580002,360.0,0.0,750.9,0.0,0.0,0.5138586783326666,0.07833962499866666
2026-06-09,2026,24,2584.378720201458,2706.3999999999996,465.0458797985425,0.0,5290.778720201457,29.57,5914.0,20.249999999999993,1920.0,208.39053099740002,1920.0,4875.58970375,2291.210983548542,117.20429999999999,92.1725289968,0.0,400.0,1520.0,0.0,0.0,0.8,0.08682938791558334
2026-06-10,2026,24,-1866.49295385749,2329.6,1501.3392538574901,0.0,463.10704614250994,23.2725,4654.5,10.630000000000003,1920.0,153.1091059962,1920.0,651.1754932499999,2517.66844710749,18.7468,134.95818399520002,0.0,320.0,1600.0,0.0,0.0,0.8,0.06379546083175
2026-06-11,2026,24,4591.89099942412,3523.2000000000003,3006.47120057588,0.0,8115.090999424121,35.198750000000004,7039.750000000001,27.755000000000003,1188.6986329986,210.01484299720002,1120.0,6052.0129135,1460.1219140758794,139.6947,70.5557169972,0.0,320.0,800.0,0.0,0.0,0.49529109708275,0.08750618458216668
2026-06-12,2026,24,-2423.1088731421282,7301.92,2419.0793731421277,0.0,4878.811126857872,20.4825,4096.5,16.52,2256.0,166.2265659965,2256.0,890.0544765,3313.163349642128,27.2563,139.0392979963,0.0,282.0,1974.0,0.0,0.0,0.94,0.06926106916520833
2026-06-13,2026,24,1687.5683529664961,3757.0,425.2682470335035,0.0,5444.568352966497,17.67625,3535.25,19.360000000000003,2015.0,135.5802199973,2015.0,2799.4643229999997,1111.8959700335038,82.3293,53.907827996900004,0.0,200.0,1815.0,0.0,0.0,0.8395833333333333,0.056491758332208326
2026-06-14,2026,24,4067.4078489944563,5949.68,46.83475100554415,0.0,10017.087848994457,38.98375,7796.75,19.810000000000002,2112.0,234.3086929969,2112.0,6945.386578999999,2877.978730005543,123.5481,111.68703099650001,0.0,176.0,1936.0,0.0,0.0,0.88,0.09762862208204166
2026-06-15,2026,24,2293.3641062192182,6822.5,-810.2570062192176,0.0,9115.864106219218,40.64250000000001,8128.500000000003,29.695,2097.0,243.4072629972,2097.0,6893.1984995,4599.834393280783,116.1592,127.91301099660001,300.0,0.0,1797.0,0.0,0.0,0.87375,0.1014196929155
2026-06-16,2026,24,-74.37593867250052,7109.3,343.8659386725003,0.0,7034.9240613275,23.125,4625.0,26.059999999999995,2160.0,245.9042389979,2160.0,3825.870091,3900.2460296725008,95.9865,150.3895469965,220.0,0.0,1940.0,0.0,0.0,0.9,0.10246009958245833
2026-06-17,2026,24,2124.211588808194,2452.94,1164.2788111918053,0.0,4577.151588808194,23.271250000000002,4654.25,24.35,1233.9940969994,248.3561109973,1110.8,4880.1294305,2755.9178416918057,123.2767,125.8396789967,244.6,291.40000000000003,574.8,0.0,0.0,0.5141642070830833,0.10348171291554166
2026-06-18,2026,24,131.8525298852945,4627.9,-8470.436929885294,0.0,4759.752529885294,54.128750000000004,10825.75,17.380000000000003,2160.0,72.088992997,2160.0,1403.9332407500003,1272.0807108647057,29.102300000000003,43.621018996000004,200.0,400.0,1560.0,0.0,0.0,0.9,0.03003708041541667
2026-06-19,2026,24,805.6517106363613,6412.15,2420.1449893636395,0.0,7217.80171063636,35.07625,7015.25,27.634999999999998,2040.0,234.842975997,2040.0,4635.7621715000005,3830.1104608636388,93.3628,142.2583339962,180.0,0.0,1860.0,0.0,0.0,0.85,0.09785123999874999
2026-06-20,2026,24,-677.1480196166534,3438.8999999999996,886.1973196166531,0.0,2761.751980383346,11.296249999999993,2259.2499999999986,17.715000000000003,2040.0,171.6721589963,2040.0,1985.69867375,2662.846693366653,63.7361,108.2989269957,375.0,0.0,1665.0,0.0,0.0,0.85,0.07153006624845833
2026-06-21,2026,24,-1933.2626045433958,3564.75,564.341404543397,0.0,1631.4873954566042,19.214999999999996,3842.999999999999,15.894999999999996,1800.0,106.56511299570002,1800.0,313.23839,2246.500994543396,9.2416,97.54020899550001,0.0,0.0,1800.0,0.0,0.0,0.75,0.04440213041487501
2026-06-22,2026,24,1690.1320648238122,4230.75,200.13733517618675,0.0,5920.8820648238125,28.89875,5779.75,25.635,1800.0,88.5402839974,1800.0,2271.3286142499996,581.1965494261879,58.127599999999994,31.8386139962,0.0,180.0,1620.0,0.0,0.0,0.75,0.03689178499891666
2026-06-23,2026,24,2684.7266548793414,4618.5,1315.744045120659,0.0,7303.226654879341,33.345,6669.0,21.075,1800.0,182.2279109977,1800.0,3804.54743975,1119.820784870659,103.7847,79.8869029969,0.0,0.0,1800.0,0.0,0.0,0.75,0.07592829624904167
2026-06-24,2026,24,-1763.1001208992045,3346.1000000000004,-1977.7250791007948,0.0,1582.9998791007959,25.52375,5104.75,16.099999999999994,1806.0,146.69793099729998,1806.0,751.7424235,2514.8425443992046,23.071399999999997,124.2757829967,0.0,171.0,1635.0,0.0,0.0,0.7525,0.06112413791554166
2026-06-25,2026,24,2819.917044715981,3464.5000000000005,-2898.6710447159817,0.0,6284.417044715981,17.483749999999997,3496.7499999999995,19.414999999999996,1920.0,154.7765849974,1920.0,3461.0213287499996,641.1042840340192,111.4441,43.674070997,0.0,190.0,1730.0,0.0,0.0,0.8,0.06449024374891667
2026-06-26,2026,24,-1845.0572602658547,3996.4,-2031.3956397341456,0.0,2151.3427397341457,15.686250000000001,3137.25,19.25,1920.0,165.7474239968,1920.0,824.8436350000001,2669.9008952658546,27.995800000000003,137.8719959966,120.0,0.0,1800.0,0.0,0.0,0.8,0.06906142666533333
2026-06-27,2026,24,-402.5351911518752,4343.200000000001,-713.7924088481249,0.0,3940.6648088481256,26.693749999999998,5338.75,16.315,1920.0,56.4743699971,1920.0,316.99890849999997,719.5340996518753,11.6676,45.662181996499996,0.0,0.0,1920.0,0.0,0.0,0.8,0.023530987498791667
2026-06-28,2026,24,3440.160711043126,3881.95,463.2839889568736,0.0,7322.110711043126,31.263749999999998,6252.75,20.160000000000004,2040.0,130.2429729972,2040.0,3638.441101,198.28038995687353,108.30520000000001,22.4547309966,0.0,0.0,2040.0,0.0,0.0,0.85,0.05426790541550001
2026-06-29,2026,24,1994.1907679458122,3154.4,1142.3526320541873,0.0,5148.590767945812,22.82,4564.0,19.200000000000003,1785.0,248.5784829983,1785.0,3213.5641965000004,1219.3734285541873,115.64240000000001,133.4578909971,0.0,120.0,1665.0,0.0,0.0,0.74375,0.10357436791595832
2026-06-30,2026,24,-585.314131272667,4340.0,1140.014631272667,0.0,3754.685868727333,15.28875,3057.75,20.98,1920.0,166.3428759962,1920.0,1810.9625112499998,2396.2766425226673,51.997699999999995,118.236799996,0.0,0.0,1920.0,0.0,0.0,0.8,0.06930953166508334
2026-07-01,2026,24,3005.8074398643084,4334.4,-1503.8113398643081,0.0,7340.207439864308,33.901250000000005,6780.250000000001,26.350000000000005,1920.0,176.1817329982,1920.0,4229.421263,1223.6138231356915,103.7141,73.3189949972,0.0,0.0,1920.0,0.0,0.0,0.8,0.07340905541591666
2026-07-02,2026,24,-2569.7378039488763,3783.2000000000003,993.0734039488748,0.0,1213.462196051124,16.792499999999997,3358.4999999999995,14.530000000000005,1920.0,134.65624999660002,1920.0,1.4147554999999998,2571.152559448876,0.0394,134.69564999660003,0.0,0.0,1920.0,0.0,0.0,0.8,0.056106770831916675
2026-07-03,2026,24,2904.951490349036,2825.2,-470.6443903490358,0.0,5730.151490349035,20.5475,4109.5,17.150000000000002,1920.0,100.12710599729999,1920.0,2959.923912,54.97242165096375,97.67849999999999,2.5287299969,0.0,200.0,1720.0,0.0,0.0,0.8,0.041719627498875
2026-07-04,2026,24,1473.9934983505636,3309.2,-402.9248983505631,0.0,4783.1934983505635,24.15,4830.0,19.054999999999996,1920.0,215.67926199800002,1920.0,3170.0315809999997,1696.0380826494363,92.3397,123.52159999760002,0.0,200.0,1720.0,0.0,0.0,0.8,0.08986635916583334
2026-07-05,2026,24,-422.91503355351017,6031.0,1787.2725335535092,0.0,5608.0849664464895,17.542499999999997,3508.4999999999995,19.795,1680.0,153.7832029976,1680.0,1561.5640125,1984.4790460535105,45.1143,108.7610809972,0.0,100.0,1580.0,0.0,0.0,0.7,0.06407633458233333
2026-07-06,2026,24,2647.0921832216018,2879.1,986.9708167783974,0.0,5526.192183221601,27.83875,5567.75,17.795,1680.0,157.6649919975,1680.0,4068.91654025,1421.8243570283985,99.1131,58.74479399689999,350.0,0.0,1330.0,0.0,0.0,0.7,0.06569374666562501
2026-07-07,2026,24,-1439.8158197699609,3569.7999999999997,-1303.1761802300402,0.0,2129.984180230039,17.638749999999998,3527.7499999999995,17.970000000000006,1680.0,167.77346699810002,1680.0,1473.6072060000001,2913.423025769961,47.7882,120.5712529971,0.0,100.0,1580.0,0.0,0.0,0.7,0.06990561124920834
2026-07-08,2026,24,2519.267643926286,2540.35,2462.9203560737124,0.0,5059.617643926285,25.403750000000002,5080.75,22.765,1825.0,172.449013997,1825.0,3796.6565414999995,1277.3888975737143,96.46719999999999,76.1010899962,0.0,175.0,1650.0,0.0,0.0,0.7604166666666666,0.07185375583208334
2026-07-09,2026,24,2748.523403739742,2358.4,1787.001396260257,0.0,5106.923403739742,37.4925,7498.5,24.840000000000003,1172.7827059985,257.8633179973,1040.0,5240.4204952499995,2491.8970915102577,121.47659999999999,136.5076199971,0.0,0.0,1040.0,0.0,0.0,0.48865946083270834,0.10744304916554166
2026-07-10,2026,24,1741.0700237784552,3375.3500000000004,3031.745876221543,0.0,5116.420023778455,39.629999999999995,7925.999999999999,21.4,2040.0,244.8931429978,2040.0,4250.1389415,2509.0689177215454,112.4433,132.67645699739998,0.0,0.0,2040.0,0.0,0.0,0.85,0.10203880958241666
2026-07-11,2026,24,-1966.0707543417006,3117.95,5938.0668543417,0.0,1151.8792456582992,25.6175,5123.5,21.099999999999994,2040.0,141.1791569966,2040.0,636.0275192500001,2602.0982735917005,22.208199999999998,119.1326609964,180.0,0.0,1860.0,0.0,0.0,0.85,0.058824648748583334
2026-07-12,2026,24,-65.658323992978,3478.8,2406.3380239929784,0.0,3413.1416760070224,16.62625,3325.25,21.12,1920.0,3.1708399968,1920.0,0.0,65.658323992978,0.0,3.1708399968,160.0,0.0,1760.0,0.0,0.0,0.8,0.0013211833319999998
2026-07-13,2026,24,-650.2827613350772,3941.0,4450.794961335078,0.0,3290.7172386649227,26.085,5217.0,21.45,1920.0,46.893193996499996,1920.0,0.0,650.2827613350772,0.0,46.893193996499996,0.0,120.0,1800.0,0.0,0.0,0.8,0.019538830831875
2026-07-14,2026,24,650.8192263236131,2844.8,-3970.257426323614,0.0,3495.6192263236135,22.175,4435.0,15.154999999999998,1920.0,32.4221709975,1920.0,659.54008625,8.720859926386996,26.8664,5.7187289970999995,0.0,0.0,1920.0,0.0,0.0,0.8,0.013509237915624998
2026-07-15,2026,24,2024.4925839838443,2461.6,-1333.119283983844,0.0,4486.092583983844,24.635,4927.0,7.239999999999998,1920.0,65.7188439977,1920.0,2059.9059845,35.413400516156,64.144,1.6885459971,0.0,0.0,1920.0,0.0,0.0,0.8,0.027382851665708335
2026-07-16,2026,24,-2216.102859109757,2567.8500000000004,692.9534591097572,0.0,351.7471408902434,21.402499999999996,4280.499999999999,15.354999999999999,2040.0,114.20716599649998,2040.0,1.3001755000000002,2217.403034609757,0.0631,114.27026599649999,0.0,0.0,2040.0,0.0,0.0,0.85,0.04758631916520833
2026-07-17,2026,24,3277.51151835098,2181.95,695.3611816490197,0.0,5459.4615183509795,36.19625,7239.25,19.1,2040.0,105.6829799983,2040.0,3313.19862525,35.68710689901925,93.0146,12.8407879979,0.0,0.0,2040.0,0.0,0.0,0.85,0.04403457499929166
2026-07-18,2026,24,-1007.7888488310971,1912.8,-2463.951451168903,0.0,905.0111511689029,25.17375,5034.75,13.304999999999998,2040.0,113.27487399629999,2040.0,0.0,1007.7888488310971,0.0,113.27487399629999,200.0,0.0,1840.0,0.0,0.0,0.85,0.047197864165124996
2026-07-19,2026,24,3317.931249197256,3338.1000000000004,255.33005080274415,0.0,6656.031249197256,20.745000000000005,4149.000000000001,14.95,1846.639874,103.042324998,1840.0,3359.5431175,41.611868302744256,101.2363,1.9540389976,0.0,0.0,1840.0,0.0,0.0,0.7694332808333333,0.0429343020825
2026-07-20,2026,24,1049.658268236002,3629.15,221.2537317639983,0.0,4678.808268236002,16.6825,3336.5,15.004999999999999,1840.0,235.9891179973,1840.0,2969.8643272500003,1920.2060590139986,101.9289,134.2741599967,0.0,0.0,1840.0,0.0,0.0,0.7666666666666667,0.09832879916554167
2026-07-21,2026,24,6739.702993780657,2160.3,2719.0056062193444,0.0,8900.002993780658,74.49374999999998,14898.749999999996,63.18000000000001,1466.1448190001001,246.626333997,1455.0,9319.4682465,2579.7652527193422,115.5494,131.1884039966,200.0,0.0,1255.0,0.0,0.0,0.6108936745833751,0.10276097249874999
2026-07-22,2026,24,9905.977632500195,2235.95,-459.9253325001955,0.0,12141.927632500196,174.8875,34977.5,117.685,1440.5339319996,199.50753299910002,1380.0,12921.42388275,3015.446250249805,89.23870000000001,110.7040649979,0.0,0.0,1380.0,0.0,0.0,0.6002224716665,0.083128138749625
2026-07-23,2026,24,1250.7449957376316,3013.95,-8575.376395737632,0.0,4264.694995737631,44.21875000000001,8843.750000000002,29.765000000000004,1590.288525,116.2167839974,1590.0,3531.330293,2280.585297262368,50.012,66.2753519974,200.0,0.0,1390.0,0.0,0.0,0.66262021875,0.048423659998916666
2026-07-24,2026,24,1031.942928063616,3630.7999999999997,-49.22552806361546,0.0,4662.742928063615,18.25,3650.0,22.854999999999993,1920.0,219.73695899639998,1920.0,3048.1249019999996,2016.181973936384,98.4418,121.5962009962,120.0,0.0,1800.0,0.0,0.0,0.8,0.09155706624849999
2026-07-25,2026,24,1858.5560365040426,2832.0,-3442.4354365040426,0.0,4690.556036504043,27.931250000000002,5586.25,19.32,1920.0,219.5886659973,1920.0,3597.5738395000003,1739.0178029959573,97.6323,122.4941419971,0.0,160.0,1760.0,0.0,0.0,0.8,0.09149527749887501
2026-07-26,2026,24,840.3539457094971,3000.8,1560.1188542905024,0.0,3841.1539457094973,15.46125,3092.25,23.590000000000007,1920.0,202.23743999750002,1920.0,2569.6396299999997,1729.2856842905026,90.74199999999999,111.9051439973,0.0,0.0,1920.0,0.0,0.0,0.8,0.08426559999895834
2026-07-27,2026,24,184.09325531106603,4273.599999999999,3590.2346446889323,0.0,4457.6932553110655,18.4325,3686.5,21.729999999999997,1920.0,144.4058949977,1920.0,927.9853815,743.8921261889341,40.2987,104.8613249967,0.0,0.0,1920.0,0.0,0.0,0.8,0.06016912291570833
2026-07-28,2026,24,2349.4799643587266,2845.5,-305.2464643587268,0.0,5194.979964358727,25.802500000000002,5160.5,22.909999999999997,1680.0,149.3359029969,1680.0,2992.6034307499995,643.1234663912729,92.8977,56.5516489967,140.0,0.0,1540.0,0.0,0.0,0.7,0.062223292915375
2026-07-29,2026,24,1325.0319580445343,3703.3500000000004,216.79684195546588,0.0,5028.381958044534,24.177500000000002,4835.5,20.700000000000003,1800.0,199.822196997,1800.0,2659.3011049999996,1334.2691469554654,92.8822,107.07251299699999,175.0,0.0,1625.0,0.0,0.0,0.75,0.08325924874875
2026-07-30,2026,24,1555.2377734526258,3720.3999999999996,9219.552526547375,0.0,5275.637773452625,26.43,5286.0,39.81,1760.0,241.68269099789998,1760.0,2635.51244225,1080.274668797374,99.10470000000001,142.6940089975,0.0,140.0,1620.0,0.0,0.0,0.7333333333333333,0.10070112124912499
2026-07-31,2026,24,3511.562592422701,2418.65,-1910.054892422701,0.0,5930.212592422701,35.2575,7051.5,38.644999999999996,1676.5834,234.0866719978,1645.0,4341.9059495,830.3433570773,120.0397,114.31988999739998,405.0,0.0,1240.0,0.0,0.0,0.6985764166666667,0.09753611333241667
2026-08-01,2026,24,2151.003500525742,3913.0999999999995,4122.475399474257,0.0,6064.103500525742,29.728749999999998,5945.75,39.02,1501.0945320003,262.4602359986,1490.0,5527.3558935,3376.352392974258,120.34110000000001,142.2765519974,30.0,0.0,1460.0,0.0,0.0,0.625456055000125,0.10935843166608333
2026-08-02,2026,24,1035.0230914672934,3526.6,-4155.452091467294,0.0,4561.623091467293,23.931250000000006,4786.250000000001,58.525,1430.1470189998,228.0609659987,1430.0,3939.99529,2904.972198532706,99.2305,129.03500399790002,80.0,0.0,1350.0,0.0,0.0,0.5958945912499166,0.09502540249945833
2026-08-03,2026,24,1238.132961791706,3244.9500000000003,452.59853820829403,0.0,4483.082961791706,16.314999999999998,3262.9999999999995,25.949999999999996,2160.0,223.3806819982,2160.0,3359.910798,2121.7778362082936,105.49179999999998,118.1925279976,0.0,180.0,1980.0,0.0,0.0,0.9,0.09307528416591666
2026-08-04,2026,24,2509.0596507580376,2616.0,-191.09685075803782,0.0,5125.059650758038,35.113749999999996,7022.749999999999,25.044999999999998,1800.0,228.1597649963,1800.0,3614.2905180000002,1105.2308672419626,105.6747,122.51788499609998,0.0,100.0,1700.0,0.0,0.0,0.75,0.09506656874845833
2026-08-05,2026,24,1709.566897368816,3296.3,167.59510263118432,0.0,5005.866897368816,30.11625,6023.25,24.36,2040.0,217.65283099709998,2040.0,3435.1234360000003,1725.556538631184,92.3515,125.40201499669999,0.0,0.0,2040.0,0.0,0.0,0.85,0.090688679582125
2026-08-06,2026,24,1471.1752793839687,2268.55,2863.110120616032,0.0,3739.725279383969,18.627499999999998,3725.4999999999995,20.705000000000002,2040.0,221.2528249976,2040.0,2729.2247497500002,1258.0494703660313,103.8211,117.4398009974,225.0,0.0,1815.0,0.0,0.0,0.85,0.09218867708233333
2026-08-07,2026,24,1206.5838846638385,3772.2999999999997,610.3492153361613,0.0,4978.883884663838,34.18625,6837.25,21.565000000000005,2040.0,251.35215799820003,2040.0,3402.03872575,2195.454841086161,117.4168,134.15654399739998,0.0,0.0,2040.0,0.0,0.0,0.85,0.10473006583258335
2026-08-08,2026,24,2024.7466479976138,3213.0,587.458252002386,0.0,5237.746647997614,23.07375,4614.75,18.095000000000006,2160.0,357.9469679992,2160.0,6065.0787522499995,4040.332104252387,167.2693,191.73133599780002,0.0,0.0,2160.0,0.0,0.0,0.9,0.14914456999966666
2026-08-09,2026,24,2182.0268853630723,2970.0,1267.6427146369283,0.0,5152.026885363072,23.560000000000002,4712.0,24.199999999999996,2050.0,343.3630069985,2050.0,5955.7729392500005,3773.7460538869277,159.69839999999996,185.91479899729998,0.0,150.0,1900.0,0.0,0.0,0.8541666666666666,0.14306791958270834
2026-08-10,2026,24,-2593.0970804181607,3483.0,-361.9213195818388,0.0,889.9029195818393,12.302499999999998,2460.4999999999995,10.864999999999998,2400.0,130.25710699709998,2400.0,0.0,2593.0970804181607,0.0,130.25710699709998,0.0,0.0,2400.0,0.0,0.0,1.0,0.054273794582124994
2026-08-11,2026,24,3025.330572427698,2735.3,281.64682757230275,0.0,5760.630572427698,26.823750000000004,5364.750000000001,18.15,2040.0,144.124598998,2040.0,3428.9990617500002,403.6684893223022,116.4465,31.885924997000004,0.0,0.0,2040.0,0.0,0.0,0.85,0.06005191624916667
2026-08-12,2026,24,1245.4298961287827,2055.0,-1769.7762961287813,0.0,3300.4298961287827,17.987499999999997,3597.4999999999995,14.495000000000001,1559.4253829988,285.9144569987,1400.0,3625.8556397499997,2380.425743621217,125.7513,160.36403899750002,0.0,0.0,1400.0,0.0,0.0,0.6497605762495,0.11913102374945835
2026-08-13,2026,24,1464.8988514975727,2311.15,-129.36605149757293,0.0,3776.0488514975727,17.013749999999998,3402.7499999999995,20.795,2040.0,242.28306299730002,2040.0,2609.06405575,1144.1652042524274,122.26440000000001,120.12209299630001,0.0,0.0,2040.0,0.0,0.0,0.85,0.10095127624887501
2026-08-14,2026,24,1509.7357975223495,1377.5,1280.23160247765,0.0,2887.2357975223495,16.91,3382.0,14.465,1939.5204210001,261.0209429979,1900.0,3317.94998375,1808.2141862276505,118.90100000000001,142.1779289971,0.0,0.0,1900.0,0.0,0.0,0.8081335087500416,0.10875872624912501
2026-08-15,2026,24,1161.629826097102,1419.9500000000003,1210.0628739028975,0.0,2581.5798260971023,23.428749999999997,4685.749999999999,17.805,2102.5269,229.82518999730001,2100.0,2989.81471025,1828.1848841528981,105.0116,124.9801939967,0.0,1535.0,565.0,0.0,0.0,0.876052875,0.09576049583220834
2026-08-16,2026,24,899.9045191116656,2145.05,1638.0194808883334,0.0,3044.954519111666,25.907499999999995,5181.499999999999,21.814999999999998,2032.0306,205.5744159965,2030.0,3135.03150675,2235.126987638334,76.0417,129.6612739963,0.0,225.0,1805.0,0.0,0.0,0.8466794166666667,0.08565600666520833
2026-08-17,2026,24,3511.9919891444956,113.05,-7687.857489144495,0.0,3625.041989144496,40.676249999999996,8135.249999999999,58.295,1152.1498649992,201.5296769979,1045.0,5484.079565499999,1972.0875763555039,106.4316,95.3778509975,1045.0,0.0,0.0,0.0,0.0,0.48006244374966667,0.083970698749125
2026-08-18,2026,24,1234.143701373141,3394.25,-369.6268013731401,0.0,4628.393701373141,19.105,3821.0,17.78,1680.0,215.6043039983,1680.0,3268.954424,2034.810722626859,97.7091,117.9052419983,100.0,0.0,1580.0,0.0,0.0,0.7,0.08983512666595833
2026-08-19,2026,24,1461.4081849276176,1845.1999999999998,783.1683150723816,0.0,3306.6081849276175,19.300000000000004,3860.000000000001,22.410000000000004,1025.7651099982,212.7698409971,1010.0,3020.62268325,1559.214498322382,96.13109999999999,116.81655299690001,810.0,200.0,0.0,0.0,0.0,0.42740212916591663,0.08865410041545833
2026-08-20,2026,24,1027.3150112303906,2353.12,451.6289887696091,0.0,3380.4350112303905,17.266250000000003,3453.2500000000005,32.559999999999995,1753.0,222.32402099700002,1753.0,2924.814951,1897.499939769609,100.4071,122.0832209968,0.0,1753.0,0.0,0.0,0.0,0.7304166666666667,0.09263500874875001
2026-08-21,2026,24,920.5295080130888,2965.35,15.11979198691165,0.0,3885.8795080130885,17.833750000000006,3566.750000000001,23.745,976.9528509993,223.6978859989,826.5,3742.27273575,2821.7432277369116,99.06389999999999,125.1969719981,0.0,196.5,630.0,0.0,0.0,0.40706368791637504,0.09320745249954167
2026-08-22,2026,24,2731.5867644758046,3213.0,1096.3643355241957,0.0,5944.586764475805,163.67499999999998,32734.999999999996,33.38,1960.0,217.41065399849998,1960.0,5032.490777999999,2300.9040135241958,98.50480000000002,119.0265739983,0.0,250.0,1710.0,0.0,0.0,0.8166666666666667,0.090587772499375
2026-08-23,2026,24,9716.222321842648,2336.0,-2105.8538218426474,0.0,12052.222321842648,256.94124999999997,51388.24999999999,31.845000000000006,1890.7300460001,195.95566299930002,1850.0,12491.45184075,2775.229518907354,78.3074,118.1680809965,0.0,50.0,1800.0,0.0,0.0,0.787804185833375,0.08164819291637501
2026-08-24,2026,24,606.8348460735814,1059.25,1414.9461539264175,0.0,1666.0848460735815,29.561249999999998,5912.249999999999,30.055,207.352570998,138.01410899799998,95.0,2150.961349,1544.1265029264184,50.4132,87.83687299719999,0.0,0.0,95.0,0.0,0.0,0.0863969045825,0.05750587874916666
2026-08-25,2026,24,-1847.0306817332807,4145.200000000001,3977.0705817332805,0.0,2298.16931826672,15.90625,3181.25,35.075,1770.0,92.8362569973,1770.0,371.699244,2218.7299257332807,10.2228,82.68978699670001,0.0,250.0,1520.0,0.0,0.0,0.7375,0.038681773748875
2026-08-26,2026,24,19922.622870413183,3322.6500000000005,-9187.933370413179,0.0,23245.272870413184,373.6825,74736.5,82.0,1618.1735629998,300.2509929986,1530.0,27683.3169725,7760.694102086823,188.3632,126.52914499740001,0.0,0.0,1530.0,0.0,0.0,0.6742389845832499,0.12510458041608333
2026-08-27,2026,24,5822.716614178871,4861.6,-2219.18271417887,0.0,10684.316614178872,57.20250000000001,11440.500000000002,56.94,1245.8245070002,295.7642639988,1230.0,11641.731285,5819.014670821129,149.8434,154.49947399799998,0.0,60.0,1170.0,0.0,0.0,0.5190935445834166,0.1232351099995
2026-08-28,2026,24,-3756.0609546251962,1599.8500000000001,-242.29714537480368,0.0,-2156.210954625196,38.985,7797.0,42.665,1025.6543529994,131.6836479977,1010.0,67.0433265,3823.104281125196,1.3626,130.3837699973,0.0,985.0,25.0,0.0,0.0,0.4273559804164167,0.054868186665708335
2026-08-29,2026,24,4012.6071891106244,1327.2,3047.7358108893745,0.0,5339.807189110625,26.133749999999996,5226.749999999999,30.905,1000.1750789993,137.5930049982,907.5,4440.2365497499995,427.62936063937525,115.7524,22.0398869976,0.0,850.0,57.5,0.0,0.0,0.41673961624970834,0.05733041874925
2026-08-30,2026,24,1339.1129344275153,4161.5,388.9144655724856,0.0,5500.612934427515,24.979999999999997,4995.999999999999,24.04,2400.0,215.0705569976,2400.0,3452.4693939999997,2113.3564595724847,86.9808,128.27084699699998,250.0,0.0,2150.0,0.0,0.0,1.0,0.08961273208233334
2026-08-31,2026,24,2862.1724653338642,5811.700000000001,-9497.186365333866,0.0,8673.872465333865,39.37625,7875.25,19.83,2130.0,176.1229669986,2130.0,5021.669141,2159.496675666135,87.2294,89.35862499720001,0.0,120.0,2010.0,0.0,0.0,0.8875,0.07338456958275
2026-09-01,2026,24,2098.1798723361962,3142.1000000000004,-632.9495723361961,0.0,5240.279872336197,42.95375,8590.75,25.919999999999998,1159.8898839992999,188.9287459981,1070.0,4889.662518249999,2791.482645913804,88.85390000000001,100.40373199650001,0.0,100.0,970.0,0.0,0.0,0.48328745166637493,0.07872031083254166
2026-09-02,2026,24,483.4832696148608,1450.2,433.37173038513924,0.0,1933.6832696148608,62.18124999999999,12436.249999999998,32.805,988.7495909993,132.8294839973,888.6,3111.4036587499995,2627.920389135139,31.389499999999998,101.55678599710001,0.0,200.0,688.6,0.0,0.0,0.41197899624970835,0.055345618332208336
2026-09-03,2026,24,1188.6030929821004,3055.5,1266.508207017901,0.0,4244.103092982101,40.945,8189.0,24.599999999999994,2010.0,260.3966919984,2010.0,5850.9433232500005,4662.340230267901,114.03909999999999,164.3901459974,300.0,0.0,1710.0,0.0,0.0,0.8375,0.108498621666
2026-09-04,2026,24,5174.744143903153,2879.7,175.66155609684665,0.0,8054.4441439031525,39.03,7806.0,13.685000000000002,1850.0,139.1000629975,1850.0,6008.180839000001,833.4366950968474,102.4195,36.87288299670001,250.0,0.0,1600.0,0.0,0.0,0.7708333333333334,0.05795835958229167
2026-09-05,2026,24,1956.912897393668,3222.0000000000005,1342.9335026063325,0.0,5178.912897393669,28.708750000000002,5741.75,29.705,1820.0,229.0554079978,1820.0,4811.5009935,2854.5880961063312,102.1652,127.0813299972,0.0,120.0,1700.0,0.0,0.0,0.7583333333333333,0.09543975333241667
2026-09-06,2026,24,955.779163238321,5660.0,178.6532367616794,0.0,6615.779163238321,36.165,7233.0,31.814999999999998,1864.14145,205.91232899669998,1805.0,4369.839637749999,3414.060474511679,91.6586,114.33697499670001,0.0,150.0,1655.0,0.0,0.0,0.7767256041666667,0.08579680374862499
2026-09-07,2026,24,3209.8041250365554,7739.55,-918.6199250365553,0.0,10949.354125036556,43.37125,8674.25,40.04,1221.4216059997,223.0981199982,1115.0,6128.96358025,2919.1594552134443,98.8005,124.4576739974,0.0,100.0,1015.0,0.0,0.0,0.5089256691665417,0.09295754999925
2026-09-08,2026,24,-1645.7791897098325,7895.900000000001,3890.647689709833,0.0,6250.120810290168,38.23375,7646.75,32.650000000000006,1720.0,150.6756779969,1720.0,1805.120465,3450.8996547098327,29.786099999999998,121.1383759969,0.0,90.0,1630.0,0.0,0.0,0.7166666666666667,0.06278153249870833
2026-09-09,2026,24,458.5099185887159,4388.65,46.18818141128395,0.0,4847.159918588715,35.015,7003.0,58.77999999999999,1426.0145449995,73.109218998,1395.0,1787.7678437499999,1329.2579251612838,31.1587,42.1381009972,0.0,120.0,1275.0,0.0,0.0,0.594172727083125,0.0304621745825
2026-09-10,2026,24,8082.2030259661715,4688.099999999999,-5147.338925966171,0.0,12770.303025966172,86.53625000000001,17307.250000000004,35.800000000000004,1145.0,155.148819998,1145.0,9416.541674000002,1334.3386480338295,103.143,52.479749997,0.0,100.0,1045.0,0.0,0.0,0.47708333333333336,0.06464534166583333
2026-09-11,2026,24,6339.509862816529,3833.2,-521.3749628165278,0.0,10172.70986281653,72.79624999999999,14559.249999999996,23.935,1950.0,237.3914879985,1950.0,10765.29637725,4425.786514433472,114.09570000000002,123.4757139979,170.0,130.0,1650.0,0.0,0.0,0.8125,0.098913119999375
2026-09-12,2026,24,2224.7366093605074,3090.85,2313.3693906394924,0.0,5315.586609360507,33.21,6642.0,40.15,1905.0,219.2699549979,1905.0,4120.99234375,1896.255734389493,95.3477,123.97354899749999,0.0,160.0,1745.0,0.0,0.0,0.79375,0.091362481249125
2026-09-13,2026,24,900.1564395179886,5750.05,1280.4052604820135,0.0,6650.206439517989,34.83125,6966.249999999999,49.55,2165.0,202.86342277089958,2165.0,3307.04377775,2406.887338232011,78.8129,127.87870697562717,135.0,0.0,2030.0,0.0,0.0,0.9020833333333333,0.08452642615454149
2026-09-14,2026,24,1619.9371871654223,4122.05,5175.404912834576,0.0,5741.987187165422,27.583750000000002,5516.75,35.335,1920.0,191.72685680764812,1920.0,3705.46224,2085.525052834577,85.726,106.75583772053865,135.0,0.0,1785.0,0.0,0.0,0.8,0.07988619033652004
2026-09-15,2026,24,1053.956150106074,5154.2,4018.8797498939243,0.0,6208.156150106073,40.495,8098.999999999999,37.145,1920.0,169.83444036464337,1920.0,2564.85567125,1510.899521143926,57.014799999999994,115.01520797727412,0.0,140.0,1780.0,0.0,0.0,0.8,0.07076435015193473
2026-09-16,2026,24,8160.838811838885,3952.0,-9851.576311838886,0.0,12112.838811838885,164.75875,32951.75,32.87,1691.6568352475522,183.9947973850206,1680.0,11965.57894825,3804.7401364111156,96.78539999999998,89.03849290785953,0.0,120.0,1560.0,0.0,0.0,0.7048570146864801,0.07666449891042525
