day,node,mkt,tb2,ym,month,year
2023-09-01,PROXY,DA,300.010009765625,2023-09,9,2023
2023-09-02,PROXY,DA,268.41998291015625,2023-09,9,2023
2023-09-03,PROXY,DA,136.41000366210938,2023-09,9,2023
2023-09-04,PROXY,DA,50.56500244140625,2023-09,9,2023
2023-09-05,PROXY,DA,104.46000671386719,2023-09,9,2023
2023-09-06,PROXY,DA,948.6650390625,2023-09,9,2023
2023-09-07,PROXY,DA,2438.14501953125,2023-09,9,2023
2023-09-08,PROXY,DA,2147.27001953125,2023-09,9,2023
2023-09-09,PROXY,DA,164.8199920654297,2023-09,9,2023
2023-09-10,PROXY,DA,53.030006408691406,2023-09,9,2023
2023-09-11,PROXY,DA,49.66999816894531,2023-09,9,2023
2023-09-12,PROXY,DA,56.904998779296875,2023-09,9,2023
2023-09-13,PROXY,DA,30.700000762939453,2023-09,9,2023
2023-09-14,PROXY,DA,20.230003356933594,2023-09,9,2023
2023-09-15,PROXY,DA,23.799999237060547,2023-09,9,2023
2023-09-16,PROXY,DA,33.21500015258789,2023-09,9,2023
2023-09-17,PROXY,DA,102.95500183105469,2023-09,9,2023
2023-09-18,PROXY,DA,47.2400016784668,2023-09,9,2023
2023-09-19,PROXY,DA,50.939998626708984,2023-09,9,2023
2023-09-20,PROXY,DA,386.75,2023-09,9,2023
2023-09-21,PROXY,DA,46.6400032043457,2023-09,9,2023
2023-09-22,PROXY,DA,46.875,2023-09,9,2023
2023-09-23,PROXY,DA,104.1100082397461,2023-09,9,2023
2023-09-24,PROXY,DA,220.72000122070312,2023-09,9,2023
2023-09-25,PROXY,DA,101.9000015258789,2023-09,9,2023
2023-09-26,PROXY,DA,226.58999633789062,2023-09,9,2023
2023-09-27,PROXY,DA,389.70001220703125,2023-09,9,2023
2023-09-28,PROXY,DA,90.11000061035156,2023-09,9,2023
2023-09-29,PROXY,DA,48.47500228881836,2023-09,9,2023
2023-09-30,PROXY,DA,33.75499725341797,2023-09,9,2023
2023-10-01,PROXY,DA,65.61499786376953,2023-10,10,2023
2023-10-02,PROXY,DA,52.18000030517578,2023-10,10,2023
2023-10-03,PROXY,DA,60.30500030517578,2023-10,10,2023
2023-10-04,PROXY,DA,48.34999465942383,2023-10,10,2023
2023-10-05,PROXY,DA,29.26000213623047,2023-10,10,2023
2023-10-06,PROXY,DA,20.939998626708984,2023-10,10,2023
2023-10-07,PROXY,DA,30.020002365112305,2023-10,10,2023
2023-10-08,PROXY,DA,33.19499969482422,2023-10,10,2023
2023-10-09,PROXY,DA,86.0,2023-10,10,2023
2023-10-10,PROXY,DA,26.830001831054688,2023-10,10,2023
2023-10-11,PROXY,DA,23.83500099182129,2023-10,10,2023
2023-10-12,PROXY,DA,50.084999084472656,2023-10,10,2023
2023-10-13,PROXY,DA,163.20001220703125,2023-10,10,2023
2023-10-14,PROXY,DA,44.17499923706055,2023-10,10,2023
2023-10-15,PROXY,DA,46.98500061035156,2023-10,10,2023
2023-10-16,PROXY,DA,53.41999816894531,2023-10,10,2023
2023-10-17,PROXY,DA,29.90500259399414,2023-10,10,2023
2023-10-18,PROXY,DA,69.77999877929688,2023-10,10,2023
2023-10-19,PROXY,DA,453.6500244140625,2023-10,10,2023
2023-10-20,PROXY,DA,530.905029296875,2023-10,10,2023
2023-10-21,PROXY,DA,67.87000274658203,2023-10,10,2023
2023-10-22,PROXY,DA,44.43000030517578,2023-10,10,2023
2023-10-23,PROXY,DA,44.50499725341797,2023-10,10,2023
2023-10-24,PROXY,DA,163.69500732421875,2023-10,10,2023
2023-10-25,PROXY,DA,226.21499633789062,2023-10,10,2023
2023-10-26,PROXY,DA,117.57999420166016,2023-10,10,2023
2023-10-27,PROXY,DA,203.114990234375,2023-10,10,2023
2023-10-28,PROXY,DA,160.7550048828125,2023-10,10,2023
2023-10-29,PROXY,DA,75.875,2023-10,10,2023
2023-10-30,PROXY,DA,202.17999267578125,2023-10,10,2023
2023-10-31,PROXY,DA,165.4949951171875,2023-10,10,2023
2023-11-01,PROXY,DA,86.4000015258789,2023-11,11,2023
2023-11-02,PROXY,DA,31.349998474121094,2023-11,11,2023
2023-11-03,PROXY,DA,21.104999542236328,2023-11,11,2023
2023-11-04,PROXY,DA,86.66500091552734,2023-11,11,2023
2023-11-05,PROXY,DA,34.75,2023-11,11,2023
2023-11-06,PROXY,DA,107.00499725341797,2023-11,11,2023
2023-11-07,PROXY,DA,142.0,2023-11,11,2023
2023-11-08,PROXY,DA,462.19500732421875,2023-11,11,2023
2023-11-09,PROXY,DA,58.310001373291016,2023-11,11,2023
2023-11-10,PROXY,DA,70.83000183105469,2023-11,11,2023
2023-11-11,PROXY,DA,202.07000732421875,2023-11,11,2023
2023-11-12,PROXY,DA,57.244998931884766,2023-11,11,2023
2023-11-13,PROXY,DA,65.614990234375,2023-11,11,2023
2023-11-14,PROXY,DA,154.0500030517578,2023-11,11,2023
2023-11-15,PROXY,DA,143.74000549316406,2023-11,11,2023
2023-11-16,PROXY,DA,36.92499923706055,2023-11,11,2023
2023-11-17,PROXY,DA,80.78500366210938,2023-11,11,2023
2023-11-18,PROXY,DA,29.955001831054688,2023-11,11,2023
2023-11-19,PROXY,DA,27.11499786376953,2023-11,11,2023
2023-11-20,PROXY,DA,17.725000381469727,2023-11,11,2023
2023-11-21,PROXY,DA,26.829998016357422,2023-11,11,2023
2023-11-22,PROXY,DA,35.3599967956543,2023-11,11,2023
2023-11-23,PROXY,DA,10.569999694824219,2023-11,11,2023
2023-11-24,PROXY,DA,22.255001068115234,2023-11,11,2023
2023-11-25,PROXY,DA,24.200000762939453,2023-11,11,2023
2023-11-26,PROXY,DA,26.604999542236328,2023-11,11,2023
2023-11-27,PROXY,DA,74.01499938964844,2023-11,11,2023
2023-11-28,PROXY,DA,47.31500244140625,2023-11,11,2023
2023-11-29,PROXY,DA,18.584999084472656,2023-11,11,2023
2023-11-30,PROXY,DA,25.35999870300293,2023-11,11,2023
2023-12-01,PROXY,DA,30.200000762939453,2023-12,12,2023
2023-12-02,PROXY,DA,28.99104118347168,2023-12,12,2023
2023-12-03,PROXY,DA,25.170331954956055,2023-12,12,2023
2023-12-04,PROXY,DA,36.79778289794922,2023-12,12,2023
2023-12-05,PROXY,DA,37.32263946533203,2023-12,12,2023
2023-12-06,PROXY,DA,37.28582000732422,2023-12,12,2023
2023-12-07,PROXY,DA,21.132373809814453,2023-12,12,2023
2023-12-08,PROXY,DA,30.96722412109375,2023-12,12,2023
2023-12-09,PROXY,DA,13.907999992370605,2023-12,12,2023
2023-12-10,PROXY,DA,31.961713790893555,2023-12,12,2023
2023-12-11,PROXY,DA,71.86040496826172,2023-12,12,2023
2023-12-12,PROXY,DA,36.07219696044922,2023-12,12,2023
2023-12-13,PROXY,DA,22.464115142822266,2023-12,12,2023
2023-12-14,PROXY,DA,22.661386489868164,2023-12,12,2023
2023-12-15,PROXY,DA,23.170745849609375,2023-12,12,2023
2023-12-16,PROXY,DA,23.582080841064453,2023-12,12,2023
2023-12-17,PROXY,DA,19.74985694885254,2023-12,12,2023
2023-12-18,PROXY,DA,24.562517166137695,2023-12,12,2023
2023-12-19,PROXY,DA,18.15774154663086,2023-12,12,2023
2023-12-20,PROXY,DA,24.994474411010742,2023-12,12,2023
2023-12-21,PROXY,DA,20.839649200439453,2023-12,12,2023
2023-12-22,PROXY,DA,23.617074966430664,2023-12,12,2023
2023-12-23,PROXY,DA,12.802552223205566,2023-12,12,2023
2023-12-24,PROXY,DA,17.919294357299805,2023-12,12,2023
2023-12-25,PROXY,DA,28.090410232543945,2023-12,12,2023
2023-12-26,PROXY,DA,26.10866928100586,2023-12,12,2023
2023-12-27,PROXY,DA,28.643890380859375,2023-12,12,2023
2023-12-28,PROXY,DA,29.763338088989258,2023-12,12,2023
2023-12-29,PROXY,DA,26.37363052368164,2023-12,12,2023
2023-12-30,PROXY,DA,30.523006439208984,2023-12,12,2023
2023-12-31,PROXY,DA,18.081707000732422,2023-12,12,2023
2024-01-01,PROXY,DA,18.955263137817383,2024-01,1,2024
2024-01-02,PROXY,DA,26.008819580078125,2024-01,1,2024
2024-01-03,PROXY,DA,26.73163604736328,2024-01,1,2024
2024-01-04,PROXY,DA,18.087444305419922,2024-01,1,2024
2024-01-05,PROXY,DA,28.54607391357422,2024-01,1,2024
2024-01-06,PROXY,DA,29.58189582824707,2024-01,1,2024
2024-01-07,PROXY,DA,29.05714988708496,2024-01,1,2024
2024-01-08,PROXY,DA,35.1414680480957,2024-01,1,2024
2024-01-09,PROXY,DA,48.75244140625,2024-01,1,2024
2024-01-10,PROXY,DA,45.815696716308594,2024-01,1,2024
2024-01-11,PROXY,DA,26.69994354248047,2024-01,1,2024
2024-01-12,PROXY,DA,29.682294845581055,2024-01,1,2024
2024-01-13,PROXY,DA,27.02206039428711,2024-01,1,2024
2024-01-14,PROXY,DA,82.07379150390625,2024-01,1,2024
2024-01-15,PROXY,DA,799.467529296875,2024-01,1,2024
2024-01-16,PROXY,DA,1443.27880859375,2024-01,1,2024
2024-01-17,PROXY,DA,144.61898803710938,2024-01,1,2024
2024-01-18,PROXY,DA,27.312862396240234,2024-01,1,2024
2024-01-19,PROXY,DA,37.17832565307617,2024-01,1,2024
2024-01-20,PROXY,DA,64.34504699707031,2024-01,1,2024
2024-01-21,PROXY,DA,8.637258529663086,2024-01,1,2024
2024-01-22,PROXY,DA,34.43855285644531,2024-01,1,2024
2024-01-23,PROXY,DA,28.180927276611328,2024-01,1,2024
2024-01-24,PROXY,DA,31.563148498535156,2024-01,1,2024
2024-01-25,PROXY,DA,34.87836837768555,2024-01,1,2024
2024-01-26,PROXY,DA,21.479408264160156,2024-01,1,2024
2024-01-27,PROXY,DA,25.29763412475586,2024-01,1,2024
2024-01-28,PROXY,DA,32.126220703125,2024-01,1,2024
2024-01-29,PROXY,DA,27.922964096069336,2024-01,1,2024
2024-01-30,PROXY,DA,20.04252052307129,2024-01,1,2024
2024-01-31,PROXY,DA,29.719850540161133,2024-01,1,2024
2024-02-01,PROXY,DA,21.363658905029297,2024-02,2,2024
2024-02-02,PROXY,DA,20.410659790039062,2024-02,2,2024
2024-02-03,PROXY,DA,23.485519409179688,2024-02,2,2024
2024-02-04,PROXY,DA,21.815406799316406,2024-02,2,2024
2024-02-05,PROXY,DA,34.22385025024414,2024-02,2,2024
2024-02-06,PROXY,DA,42.89632797241211,2024-02,2,2024
2024-02-07,PROXY,DA,24.14583396911621,2024-02,2,2024
2024-02-08,PROXY,DA,25.741329193115234,2024-02,2,2024
2024-02-09,PROXY,DA,32.29559326171875,2024-02,2,2024
2024-02-10,PROXY,DA,17.523815155029297,2024-02,2,2024
2024-02-11,PROXY,DA,16.33366584777832,2024-02,2,2024
2024-02-12,PROXY,DA,37.40875244140625,2024-02,2,2024
2024-02-13,PROXY,DA,28.883283615112305,2024-02,2,2024
2024-02-14,PROXY,DA,22.570589065551758,2024-02,2,2024
2024-02-15,PROXY,DA,16.072072982788086,2024-02,2,2024
2024-02-16,PROXY,DA,13.60289192199707,2024-02,2,2024
2024-02-17,PROXY,DA,34.86237335205078,2024-02,2,2024
2024-02-18,PROXY,DA,29.98320770263672,2024-02,2,2024
2024-02-19,PROXY,DA,32.52783966064453,2024-02,2,2024
2024-02-20,PROXY,DA,20.67896842956543,2024-02,2,2024
2024-02-21,PROXY,DA,45.08887481689453,2024-02,2,2024
2024-02-22,PROXY,DA,31.515336990356445,2024-02,2,2024
2024-02-23,PROXY,DA,41.626708984375,2024-02,2,2024
2024-02-24,PROXY,DA,25.425678253173828,2024-02,2,2024
2024-02-25,PROXY,DA,51.991085052490234,2024-02,2,2024
2024-02-26,PROXY,DA,56.880828857421875,2024-02,2,2024
2024-02-27,PROXY,DA,40.863990783691406,2024-02,2,2024
2024-02-28,PROXY,DA,22.267004013061523,2024-02,2,2024
2024-02-29,PROXY,DA,31.768245697021484,2024-02,2,2024
2024-03-01,PROXY,DA,34.49689483642578,2024-03,3,2024
2024-03-02,PROXY,DA,29.328149795532227,2024-03,3,2024
2024-03-03,PROXY,DA,34.01093292236328,2024-03,3,2024
2024-03-04,PROXY,DA,110.75914764404297,2024-03,3,2024
2024-03-05,PROXY,DA,222.243408203125,2024-03,3,2024
2024-03-06,PROXY,DA,52.20419692993164,2024-03,3,2024
2024-03-07,PROXY,DA,24.116413116455078,2024-03,3,2024
2024-03-08,PROXY,DA,19.357168197631836,2024-03,3,2024
2024-03-09,PROXY,DA,79.97059631347656,2024-03,3,2024
2024-03-10,PROXY,DA,46.610599517822266,2024-03,3,2024
2024-03-11,PROXY,DA,28.19538116455078,2024-03,3,2024
2024-03-12,PROXY,DA,37.49310302734375,2024-03,3,2024
2024-03-13,PROXY,DA,45.644222259521484,2024-03,3,2024
2024-03-14,PROXY,DA,76.93772888183594,2024-03,3,2024
2024-03-15,PROXY,DA,31.510597229003906,2024-03,3,2024
2024-03-16,PROXY,DA,37.75597381591797,2024-03,3,2024
2024-03-17,PROXY,DA,34.752899169921875,2024-03,3,2024
2024-03-18,PROXY,DA,73.27708435058594,2024-03,3,2024
2024-03-19,PROXY,DA,43.152225494384766,2024-03,3,2024
2024-03-20,PROXY,DA,50.411712646484375,2024-03,3,2024
2024-03-21,PROXY,DA,105.47208404541016,2024-03,3,2024
2024-03-22,PROXY,DA,55.258628845214844,2024-03,3,2024
2024-03-23,PROXY,DA,28.189714431762695,2024-03,3,2024
2024-03-24,PROXY,DA,24.107295989990234,2024-03,3,2024
2024-03-25,PROXY,DA,34.959815979003906,2024-03,3,2024
2024-03-26,PROXY,DA,74.07025909423828,2024-03,3,2024
2024-03-27,PROXY,DA,36.511962890625,2024-03,3,2024
2024-03-28,PROXY,DA,78.2669906616211,2024-03,3,2024
2024-03-29,PROXY,DA,21.0738525390625,2024-03,3,2024
2024-03-30,PROXY,DA,29.471006393432617,2024-03,3,2024
2024-03-31,PROXY,DA,32.748783111572266,2024-03,3,2024
2024-04-01,PROXY,DA,35.40811538696289,2024-04,4,2024
2024-04-02,PROXY,DA,42.01641082763672,2024-04,4,2024
2024-04-03,PROXY,DA,137.82130432128906,2024-04,4,2024
2024-04-04,PROXY,DA,45.32386016845703,2024-04,4,2024
2024-04-05,PROXY,DA,23.609039306640625,2024-04,4,2024
2024-04-06,PROXY,DA,31.33244514465332,2024-04,4,2024
2024-04-07,PROXY,DA,109.85315704345703,2024-04,4,2024
2024-04-08,PROXY,DA,71.51759338378906,2024-04,4,2024
2024-04-09,PROXY,DA,50.37126541137695,2024-04,4,2024
2024-04-10,PROXY,DA,56.904930114746094,2024-04,4,2024
2024-04-11,PROXY,DA,168.1323699951172,2024-04,4,2024
2024-04-12,PROXY,DA,23.16678237915039,2024-04,4,2024
2024-04-13,PROXY,DA,22.774044036865234,2024-04,4,2024
2024-04-14,PROXY,DA,61.43478775024414,2024-04,4,2024
2024-04-15,PROXY,DA,15.527706146240234,2024-04,4,2024
2024-04-16,PROXY,DA,234.14695739746094,2024-04,4,2024
2024-04-17,PROXY,DA,178.3685302734375,2024-04,4,2024
2024-04-18,PROXY,DA,35.37355422973633,2024-04,4,2024
2024-04-19,PROXY,DA,48.64488983154297,2024-04,4,2024
2024-04-20,PROXY,DA,16.639949798583984,2024-04,4,2024
2024-04-21,PROXY,DA,59.78116226196289,2024-04,4,2024
2024-04-22,PROXY,DA,36.807315826416016,2024-04,4,2024
2024-04-23,PROXY,DA,43.9229621887207,2024-04,4,2024
2024-04-24,PROXY,DA,64.40438079833984,2024-04,4,2024
2024-04-25,PROXY,DA,24.736852645874023,2024-04,4,2024
2024-04-26,PROXY,DA,71.93815612792969,2024-04,4,2024
2024-04-27,PROXY,DA,33.3932991027832,2024-04,4,2024
2024-04-28,PROXY,DA,577.5275268554688,2024-04,4,2024
2024-04-29,PROXY,DA,157.7435302734375,2024-04,4,2024
2024-04-30,PROXY,DA,110.5245590209961,2024-04,4,2024
2024-05-01,PROXY,DA,27.299671173095703,2024-05,5,2024
2024-05-02,PROXY,DA,428.0404968261719,2024-05,5,2024
2024-05-03,PROXY,DA,67.22673034667969,2024-05,5,2024
2024-05-04,PROXY,DA,44.49934387207031,2024-05,5,2024
2024-05-05,PROXY,DA,41.349891662597656,2024-05,5,2024
2024-05-06,PROXY,DA,53.79539108276367,2024-05,5,2024
2024-05-07,PROXY,DA,90.31389617919922,2024-05,5,2024
2024-05-08,PROXY,DA,2043.9158935546875,2024-05,5,2024
2024-05-09,PROXY,DA,41.4786376953125,2024-05,5,2024
2024-05-10,PROXY,DA,77.84385681152344,2024-05,5,2024
2024-05-11,PROXY,DA,16.695112228393555,2024-05,5,2024
2024-05-12,PROXY,DA,36.45793151855469,2024-05,5,2024
2024-05-13,PROXY,DA,294.1182861328125,2024-05,5,2024
2024-05-14,PROXY,DA,302.021484375,2024-05,5,2024
2024-05-15,PROXY,DA,36.639671325683594,2024-05,5,2024
2024-05-16,PROXY,DA,96.98125457763672,2024-05,5,2024
2024-05-17,PROXY,DA,532.1115112304688,2024-05,5,2024
2024-05-18,PROXY,DA,79.28199005126953,2024-05,5,2024
2024-05-19,PROXY,DA,34.395172119140625,2024-05,5,2024
2024-05-20,PROXY,DA,38.621315002441406,2024-05,5,2024
2024-05-21,PROXY,DA,72.31294250488281,2024-05,5,2024
2024-05-22,PROXY,DA,65.080078125,2024-05,5,2024
2024-05-23,PROXY,DA,38.408287048339844,2024-05,5,2024
2024-05-24,PROXY,DA,552.5781860351562,2024-05,5,2024
2024-05-25,PROXY,DA,33.00285720825195,2024-05,5,2024
2024-05-26,PROXY,DA,1255.87744140625,2024-05,5,2024
2024-05-27,PROXY,DA,196.9508514404297,2024-05,5,2024
2024-05-28,PROXY,DA,32.16953659057617,2024-05,5,2024
2024-05-29,PROXY,DA,21.70464324951172,2024-05,5,2024
2024-05-30,PROXY,DA,13.504711151123047,2024-05,5,2024
2024-05-31,PROXY,DA,46.709747314453125,2024-05,5,2024
2024-06-01,PROXY,DA,27.61203956604004,2024-06,6,2024
2024-06-02,PROXY,DA,32.67620849609375,2024-06,6,2024
2024-06-03,PROXY,DA,38.05747985839844,2024-06,6,2024
2024-06-04,PROXY,DA,84.37860870361328,2024-06,6,2024
2024-06-05,PROXY,DA,111.0320053100586,2024-06,6,2024
2024-06-06,PROXY,DA,141.51377868652344,2024-06,6,2024
2024-06-07,PROXY,DA,47.692665100097656,2024-06,6,2024
2024-06-08,PROXY,DA,35.05908203125,2024-06,6,2024
2024-06-09,PROXY,DA,61.71367263793945,2024-06,6,2024
2024-06-10,PROXY,DA,103.11839294433594,2024-06,6,2024
2024-06-11,PROXY,DA,60.6474494934082,2024-06,6,2024
2024-06-12,PROXY,DA,60.679931640625,2024-06,6,2024
2024-06-13,PROXY,DA,84.4472427368164,2024-06,6,2024
2024-06-14,PROXY,DA,57.60433578491211,2024-06,6,2024
2024-06-15,PROXY,DA,41.978431701660156,2024-06,6,2024
2024-06-16,PROXY,DA,35.6502685546875,2024-06,6,2024
2024-06-17,PROXY,DA,20.975526809692383,2024-06,6,2024
2024-06-18,PROXY,DA,23.047515869140625,2024-06,6,2024
2024-06-19,PROXY,DA,16.09634780883789,2024-06,6,2024
2024-06-20,PROXY,DA,37.64289093017578,2024-06,6,2024
2024-06-21,PROXY,DA,37.6888542175293,2024-06,6,2024
2024-06-22,PROXY,DA,67.35966491699219,2024-06,6,2024
2024-06-23,PROXY,DA,192.8546600341797,2024-06,6,2024
2024-06-24,PROXY,DA,103.2771987915039,2024-06,6,2024
2024-06-25,PROXY,DA,64.09844970703125,2024-06,6,2024
2024-06-26,PROXY,DA,126.12535095214844,2024-06,6,2024
2024-06-27,PROXY,DA,37.42134094238281,2024-06,6,2024
2024-06-28,PROXY,DA,27.7343692779541,2024-06,6,2024
2024-06-29,PROXY,DA,33.26678466796875,2024-06,6,2024
2024-06-30,PROXY,DA,51.081336975097656,2024-06,6,2024
2024-07-01,PROXY,DA,34.272762298583984,2024-07,7,2024
2024-07-02,PROXY,DA,37.36223220825195,2024-07,7,2024
2024-07-03,PROXY,DA,39.22726058959961,2024-07,7,2024
2024-07-04,PROXY,DA,65.42323303222656,2024-07,7,2024
2024-07-05,PROXY,DA,27.825557708740234,2024-07,7,2024
2024-07-06,PROXY,DA,29.753597259521484,2024-07,7,2024
2024-07-07,PROXY,DA,25.363853454589844,2024-07,7,2024
2024-07-08,PROXY,DA,12.823591232299805,2024-07,7,2024
2024-07-09,PROXY,DA,69.17250061035156,2024-07,7,2024
2024-07-10,PROXY,DA,55.147884368896484,2024-07,7,2024
2024-07-11,PROXY,DA,46.403568267822266,2024-07,7,2024
2024-07-12,PROXY,DA,21.067256927490234,2024-07,7,2024
2024-07-13,PROXY,DA,16.828847885131836,2024-07,7,2024
2024-07-14,PROXY,DA,27.534706115722656,2024-07,7,2024
2024-07-15,PROXY,DA,31.010074615478516,2024-07,7,2024
2024-07-16,PROXY,DA,59.347755432128906,2024-07,7,2024
2024-07-17,PROXY,DA,51.566375732421875,2024-07,7,2024
2024-07-18,PROXY,DA,26.102697372436523,2024-07,7,2024
2024-07-19,PROXY,DA,32.2723388671875,2024-07,7,2024
2024-07-20,PROXY,DA,40.2441520690918,2024-07,7,2024
2024-07-21,PROXY,DA,29.965999603271484,2024-07,7,2024
2024-07-22,PROXY,DA,16.807113647460938,2024-07,7,2024
2024-07-23,PROXY,DA,23.317996978759766,2024-07,7,2024
2024-07-24,PROXY,DA,22.829925537109375,2024-07,7,2024
2024-07-25,PROXY,DA,30.09278106689453,2024-07,7,2024
2024-07-26,PROXY,DA,28.401630401611328,2024-07,7,2024
2024-07-27,PROXY,DA,20.900737762451172,2024-07,7,2024
2024-07-28,PROXY,DA,34.763187408447266,2024-07,7,2024
2024-07-29,PROXY,DA,46.86882019042969,2024-07,7,2024
2024-07-30,PROXY,DA,32.35578155517578,2024-07,7,2024
2024-07-31,PROXY,DA,27.65877914428711,2024-07,7,2024
2024-08-01,PROXY,DA,44.75518798828125,2024-08,8,2024
2024-08-02,PROXY,DA,432.5243835449219,2024-08,8,2024
2024-08-03,PROXY,DA,113.20987701416016,2024-08,8,2024
2024-08-04,PROXY,DA,59.797119140625,2024-08,8,2024
2024-08-05,PROXY,DA,76.35342407226562,2024-08,8,2024
2024-08-06,PROXY,DA,595.037841796875,2024-08,8,2024
2024-08-07,PROXY,DA,265.9892272949219,2024-08,8,2024
2024-08-08,PROXY,DA,60.2615966796875,2024-08,8,2024
2024-08-09,PROXY,DA,42.13426208496094,2024-08,8,2024
2024-08-10,PROXY,DA,26.611370086669922,2024-08,8,2024
2024-08-11,PROXY,DA,34.72540283203125,2024-08,8,2024
2024-08-12,PROXY,DA,36.529541015625,2024-08,8,2024
2024-08-13,PROXY,DA,34.03181838989258,2024-08,8,2024
2024-08-14,PROXY,DA,58.7255973815918,2024-08,8,2024
2024-08-15,PROXY,DA,118.0959701538086,2024-08,8,2024
2024-08-16,PROXY,DA,129.25494384765625,2024-08,8,2024
2024-08-17,PROXY,DA,77.4218978881836,2024-08,8,2024
2024-08-18,PROXY,DA,156.1627197265625,2024-08,8,2024
2024-08-19,PROXY,DA,364.64300537109375,2024-08,8,2024
2024-08-20,PROXY,DA,428.2964172363281,2024-08,8,2024
2024-08-21,PROXY,DA,78.57490539550781,2024-08,8,2024
2024-08-22,PROXY,DA,56.47359848022461,2024-08,8,2024
2024-08-23,PROXY,DA,26.047374725341797,2024-08,8,2024
2024-08-24,PROXY,DA,30.971925735473633,2024-08,8,2024
2024-08-25,PROXY,DA,38.16648483276367,2024-08,8,2024
2024-08-26,PROXY,DA,30.259334564208984,2024-08,8,2024
2024-08-27,PROXY,DA,26.345746994018555,2024-08,8,2024
2024-08-28,PROXY,DA,21.852855682373047,2024-08,8,2024
2024-08-29,PROXY,DA,23.098037719726562,2024-08,8,2024
2024-08-30,PROXY,DA,24.73841094970703,2024-08,8,2024
2024-08-31,PROXY,DA,39.983924865722656,2024-08,8,2024
2024-09-01,PROXY,DA,20.114704132080078,2024-09,9,2024
2024-09-02,PROXY,DA,15.2108154296875,2024-09,9,2024
2024-09-03,PROXY,DA,12.196741104125977,2024-09,9,2024
2024-09-04,PROXY,DA,22.408851623535156,2024-09,9,2024
2024-09-05,PROXY,DA,28.14673614501953,2024-09,9,2024
2024-09-06,PROXY,DA,25.603849411010742,2024-09,9,2024
2024-09-07,PROXY,DA,26.253257751464844,2024-09,9,2024
2024-09-08,PROXY,DA,28.895740509033203,2024-09,9,2024
2024-09-09,PROXY,DA,36.20033264160156,2024-09,9,2024
2024-09-10,PROXY,DA,42.88804244995117,2024-09,9,2024
2024-09-11,PROXY,DA,47.82817077636719,2024-09,9,2024
2024-09-12,PROXY,DA,44.04548263549805,2024-09,9,2024
2024-09-13,PROXY,DA,40.80900192260742,2024-09,9,2024
2024-09-14,PROXY,DA,57.43555450439453,2024-09,9,2024
2024-09-15,PROXY,DA,36.45148468017578,2024-09,9,2024
2024-09-16,PROXY,DA,37.9516716003418,2024-09,9,2024
2024-09-17,PROXY,DA,27.90644645690918,2024-09,9,2024
2024-09-18,PROXY,DA,32.756858825683594,2024-09,9,2024
2024-09-19,PROXY,DA,86.84107208251953,2024-09,9,2024
2024-09-20,PROXY,DA,31.91251564025879,2024-09,9,2024
2024-09-21,PROXY,DA,17.814682006835938,2024-09,9,2024
2024-09-22,PROXY,DA,18.391822814941406,2024-09,9,2024
2024-09-23,PROXY,DA,35.80832290649414,2024-09,9,2024
2024-09-24,PROXY,DA,40.180843353271484,2024-09,9,2024
2024-09-25,PROXY,DA,48.196250915527344,2024-09,9,2024
2024-09-26,PROXY,DA,43.91643524169922,2024-09,9,2024
2024-09-27,PROXY,DA,41.663490295410156,2024-09,9,2024
2024-09-28,PROXY,DA,37.454341888427734,2024-09,9,2024
2024-09-29,PROXY,DA,52.569496154785156,2024-09,9,2024
2024-09-30,PROXY,DA,62.85787582397461,2024-09,9,2024
2024-10-01,PROXY,DA,58.57221984863281,2024-10,10,2024
2024-10-02,PROXY,DA,53.41069793701172,2024-10,10,2024
2024-10-03,PROXY,DA,53.90068054199219,2024-10,10,2024
2024-10-04,PROXY,DA,62.81013107299805,2024-10,10,2024
2024-10-05,PROXY,DA,54.59534454345703,2024-10,10,2024
2024-10-06,PROXY,DA,87.40043640136719,2024-10,10,2024
2024-10-07,PROXY,DA,316.8108825683594,2024-10,10,2024
2024-10-08,PROXY,DA,108.72286224365234,2024-10,10,2024
2024-10-09,PROXY,DA,58.14008712768555,2024-10,10,2024
2024-10-10,PROXY,DA,58.3216438293457,2024-10,10,2024
2024-10-11,PROXY,DA,47.735145568847656,2024-10,10,2024
2024-10-12,PROXY,DA,58.82891845703125,2024-10,10,2024
2024-10-13,PROXY,DA,94.6248779296875,2024-10,10,2024
2024-10-14,PROXY,DA,72.38316345214844,2024-10,10,2024
2024-10-15,PROXY,DA,52.85493850708008,2024-10,10,2024
2024-10-16,PROXY,DA,29.927474975585938,2024-10,10,2024
2024-10-17,PROXY,DA,20.920366287231445,2024-10,10,2024
2024-10-18,PROXY,DA,15.878093719482422,2024-10,10,2024
2024-10-19,PROXY,DA,15.843496322631836,2024-10,10,2024
2024-10-20,PROXY,DA,32.816917419433594,2024-10,10,2024
2024-10-21,PROXY,DA,36.927581787109375,2024-10,10,2024
2024-10-22,PROXY,DA,50.83229064941406,2024-10,10,2024
2024-10-23,PROXY,DA,65.68167114257812,2024-10,10,2024
2024-10-24,PROXY,DA,25.730966567993164,2024-10,10,2024
2024-10-25,PROXY,DA,156.64401245117188,2024-10,10,2024
2024-10-26,PROXY,DA,92.00076293945312,2024-10,10,2024
2024-10-27,PROXY,DA,53.68103790283203,2024-10,10,2024
2024-10-28,PROXY,DA,30.480770111083984,2024-10,10,2024
2024-10-29,PROXY,DA,20.098142623901367,2024-10,10,2024
2024-10-30,PROXY,DA,46.18632888793945,2024-10,10,2024
2024-10-31,PROXY,DA,110.45947265625,2024-10,10,2024
2024-11-01,PROXY,DA,19.758914947509766,2024-11,11,2024
2024-11-02,PROXY,DA,20.310745239257812,2024-11,11,2024
2024-11-03,PROXY,DA,33.36941146850586,2024-11,11,2024
2024-11-04,PROXY,DA,30.868120193481445,2024-11,11,2024
2024-11-05,PROXY,DA,66.41785430908203,2024-11,11,2024
2024-11-06,PROXY,DA,44.21066665649414,2024-11,11,2024
2024-11-07,PROXY,DA,33.594482421875,2024-11,11,2024
2024-11-08,PROXY,DA,50.2916259765625,2024-11,11,2024
2024-11-09,PROXY,DA,42.20944595336914,2024-11,11,2024
2024-11-10,PROXY,DA,151.32754516601562,2024-11,11,2024
2024-11-11,PROXY,DA,115.70794677734375,2024-11,11,2024
2024-11-12,PROXY,DA,25.754173278808594,2024-11,11,2024
2024-11-13,PROXY,DA,99.32524871826172,2024-11,11,2024
2024-11-14,PROXY,DA,32.26749038696289,2024-11,11,2024
2024-11-15,PROXY,DA,18.898998260498047,2024-11,11,2024
2024-11-16,PROXY,DA,24.683549880981445,2024-11,11,2024
2024-11-17,PROXY,DA,58.681602478027344,2024-11,11,2024
2024-11-18,PROXY,DA,36.7958984375,2024-11,11,2024
2024-11-19,PROXY,DA,60.26106643676758,2024-11,11,2024
2024-11-20,PROXY,DA,43.72346115112305,2024-11,11,2024
2024-11-21,PROXY,DA,57.2056999206543,2024-11,11,2024
2024-11-22,PROXY,DA,41.24994659423828,2024-11,11,2024
2024-11-23,PROXY,DA,21.970409393310547,2024-11,11,2024
2024-11-24,PROXY,DA,34.677772521972656,2024-11,11,2024
2024-11-25,PROXY,DA,45.45405578613281,2024-11,11,2024
2024-11-26,PROXY,DA,26.88433074951172,2024-11,11,2024
2024-11-27,PROXY,DA,28.287038803100586,2024-11,11,2024
2024-11-28,PROXY,DA,26.60118865966797,2024-11,11,2024
2024-11-29,PROXY,DA,38.18791198730469,2024-11,11,2024
2024-11-30,PROXY,DA,26.54113006591797,2024-11,11,2024
2024-12-01,PROXY,DA,27.470653533935547,2024-12,12,2024
2024-12-02,PROXY,DA,50.856475830078125,2024-12,12,2024
2024-12-03,PROXY,DA,43.091041564941406,2024-12,12,2024
2024-12-04,PROXY,DA,47.34479522705078,2024-12,12,2024
2024-12-05,PROXY,DA,21.3593692779541,2024-12,12,2024
2024-12-06,PROXY,DA,49.555152893066406,2024-12,12,2024
2024-12-07,PROXY,DA,23.27468490600586,2024-12,12,2024
2024-12-08,PROXY,DA,13.07418441772461,2024-12,12,2024
2024-12-09,PROXY,DA,34.457923889160156,2024-12,12,2024
2024-12-10,PROXY,DA,37.50331115722656,2024-12,12,2024
2024-12-11,PROXY,DA,46.019287109375,2024-12,12,2024
2024-12-12,PROXY,DA,19.563615798950195,2024-12,12,2024
2024-12-13,PROXY,DA,11.87718391418457,2024-12,12,2024
2024-12-14,PROXY,DA,38.03115463256836,2024-12,12,2024
2024-12-15,PROXY,DA,27.9525089263916,2024-12,12,2024
2024-12-16,PROXY,DA,29.365859985351562,2024-12,12,2024
2024-12-17,PROXY,DA,22.541728973388672,2024-12,12,2024
2024-12-18,PROXY,DA,28.098339080810547,2024-12,12,2024
2024-12-19,PROXY,DA,25.01311492919922,2024-12,12,2024
2024-12-20,PROXY,DA,24.21937370300293,2024-12,12,2024
2024-12-21,PROXY,DA,22.428890228271484,2024-12,12,2024
2024-12-22,PROXY,DA,22.218778610229492,2024-12,12,2024
2024-12-23,PROXY,DA,23.1151123046875,2024-12,12,2024
2024-12-24,PROXY,DA,12.325481414794922,2024-12,12,2024
2024-12-25,PROXY,DA,13.111631393432617,2024-12,12,2024
2024-12-26,PROXY,DA,27.339290618896484,2024-12,12,2024
2024-12-27,PROXY,DA,37.27381134033203,2024-12,12,2024
2024-12-28,PROXY,DA,34.76551818847656,2024-12,12,2024
2024-12-29,PROXY,DA,32.382110595703125,2024-12,12,2024
2024-12-30,PROXY,DA,39.702598571777344,2024-12,12,2024
2024-12-31,PROXY,DA,32.274696350097656,2024-12,12,2024
2025-01-01,PROXY,DA,20.16155433654785,2025-01,1,2025
2025-01-02,PROXY,DA,19.36052703857422,2025-01,1,2025
2025-01-03,PROXY,DA,21.54244613647461,2025-01,1,2025
2025-01-04,PROXY,DA,12.740296363830566,2025-01,1,2025
2025-01-05,PROXY,DA,23.02874183654785,2025-01,1,2025
2025-01-06,PROXY,DA,55.99446105957031,2025-01,1,2025
2025-01-07,PROXY,DA,64.38684844970703,2025-01,1,2025
2025-01-08,PROXY,DA,31.393680572509766,2025-01,1,2025
2025-01-09,PROXY,DA,34.07822799682617,2025-01,1,2025
2025-01-10,PROXY,DA,34.874183654785156,2025-01,1,2025
2025-01-11,PROXY,DA,38.52326583862305,2025-01,1,2025
2025-01-12,PROXY,DA,24.465408325195312,2025-01,1,2025
2025-01-13,PROXY,DA,42.362884521484375,2025-01,1,2025
2025-01-14,PROXY,DA,27.32321548461914,2025-01,1,2025
2025-01-15,PROXY,DA,22.36496353149414,2025-01,1,2025
2025-01-16,PROXY,DA,28.314125061035156,2025-01,1,2025
2025-01-17,PROXY,DA,29.77122688293457,2025-01,1,2025
2025-01-18,PROXY,DA,31.16407585144043,2025-01,1,2025
2025-01-19,PROXY,DA,91.62796783447266,2025-01,1,2025
2025-01-20,PROXY,DA,43.97121810913086,2025-01,1,2025
2025-01-21,PROXY,DA,116.10266876220703,2025-01,1,2025
2025-01-22,PROXY,DA,94.67107391357422,2025-01,1,2025
2025-01-23,PROXY,DA,48.04234313964844,2025-01,1,2025
2025-01-24,PROXY,DA,41.764312744140625,2025-01,1,2025
2025-01-25,PROXY,DA,23.501708984375,2025-01,1,2025
2025-01-26,PROXY,DA,19.922809600830078,2025-01,1,2025
2025-01-27,PROXY,DA,28.327747344970703,2025-01,1,2025
2025-01-28,PROXY,DA,23.971200942993164,2025-01,1,2025
2025-01-29,PROXY,DA,15.099172592163086,2025-01,1,2025
2025-01-30,PROXY,DA,17.728927612304688,2025-01,1,2025
2025-01-31,PROXY,DA,42.74672317504883,2025-01,1,2025
2025-02-01,PROXY,DA,29.872224807739258,2025-02,2,2025
2025-02-02,PROXY,DA,30.615894317626953,2025-02,2,2025
2025-02-03,PROXY,DA,43.76633834838867,2025-02,2,2025
2025-02-04,PROXY,DA,22.157154083251953,2025-02,2,2025
2025-02-05,PROXY,DA,21.859033584594727,2025-02,2,2025
2025-02-06,PROXY,DA,29.799602508544922,2025-02,2,2025
2025-02-07,PROXY,DA,18.675296783447266,2025-02,2,2025
2025-02-08,PROXY,DA,30.669784545898438,2025-02,2,2025
2025-02-09,PROXY,DA,16.989593505859375,2025-02,2,2025
2025-02-10,PROXY,DA,18.101043701171875,2025-02,2,2025
2025-02-11,PROXY,DA,10.646743774414062,2025-02,2,2025
2025-02-12,PROXY,DA,21.673072814941406,2025-02,2,2025
2025-02-13,PROXY,DA,27.122962951660156,2025-02,2,2025
2025-02-14,PROXY,DA,13.389873504638672,2025-02,2,2025
2025-02-15,PROXY,DA,26.631298065185547,2025-02,2,2025
2025-02-16,PROXY,DA,31.83050537109375,2025-02,2,2025
2025-02-17,PROXY,DA,38.125816345214844,2025-02,2,2025
2025-02-18,PROXY,DA,16.758853912353516,2025-02,2,2025
2025-02-19,PROXY,DA,72.89776611328125,2025-02,2,2025
2025-02-20,PROXY,DA,737.2632446289062,2025-02,2,2025
2025-02-21,PROXY,DA,159.77493286132812,2025-02,2,2025
2025-02-22,PROXY,DA,70.13868713378906,2025-02,2,2025
2025-02-23,PROXY,DA,30.2171630859375,2025-02,2,2025
2025-02-24,PROXY,DA,37.14238739013672,2025-02,2,2025
2025-02-25,PROXY,DA,38.018226623535156,2025-02,2,2025
2025-02-26,PROXY,DA,31.665645599365234,2025-02,2,2025
2025-02-27,PROXY,DA,38.14951705932617,2025-02,2,2025
2025-02-28,PROXY,DA,41.638065338134766,2025-02,2,2025
2025-03-01,PROXY,DA,39.74073791503906,2025-03,3,2025
2025-03-02,PROXY,DA,43.94878005981445,2025-03,3,2025
2025-03-03,PROXY,DA,23.3890438079834,2025-03,3,2025
2025-03-04,PROXY,DA,35.67326736450195,2025-03,3,2025
2025-03-05,PROXY,DA,50.03402328491211,2025-03,3,2025
2025-03-06,PROXY,DA,44.92488479614258,2025-03,3,2025
2025-03-07,PROXY,DA,97.15510559082031,2025-03,3,2025
2025-03-08,PROXY,DA,18.791902542114258,2025-03,3,2025
2025-03-09,PROXY,DA,82.92708587646484,2025-03,3,2025
2025-03-10,PROXY,DA,68.43711853027344,2025-03,3,2025
2025-03-11,PROXY,DA,54.52305603027344,2025-03,3,2025
2025-03-12,PROXY,DA,49.715641021728516,2025-03,3,2025
2025-03-13,PROXY,DA,58.75664138793945,2025-03,3,2025
2025-03-14,PROXY,DA,57.185325622558594,2025-03,3,2025
2025-03-15,PROXY,DA,87.68359375,2025-03,3,2025
2025-03-16,PROXY,DA,137.720703125,2025-03,3,2025
2025-03-17,PROXY,DA,42.3415641784668,2025-03,3,2025
2025-03-18,PROXY,DA,46.205780029296875,2025-03,3,2025
2025-03-19,PROXY,DA,38.48712158203125,2025-03,3,2025
2025-03-20,PROXY,DA,69.85928344726562,2025-03,3,2025
2025-03-21,PROXY,DA,68.92332458496094,2025-03,3,2025
2025-03-22,PROXY,DA,35.45615005493164,2025-03,3,2025
2025-03-23,PROXY,DA,33.39651870727539,2025-03,3,2025
2025-03-24,PROXY,DA,187.81396484375,2025-03,3,2025
2025-03-25,PROXY,DA,108.41905212402344,2025-03,3,2025
2025-03-26,PROXY,DA,25.838363647460938,2025-03,3,2025
2025-03-27,PROXY,DA,27.580551147460938,2025-03,3,2025
2025-03-28,PROXY,DA,26.746713638305664,2025-03,3,2025
2025-03-29,PROXY,DA,23.630414962768555,2025-03,3,2025
2025-03-30,PROXY,DA,83.89695739746094,2025-03,3,2025
2025-03-31,PROXY,DA,65.81773376464844,2025-03,3,2025
2025-04-01,PROXY,DA,28.598390579223633,2025-04,4,2025
2025-04-02,PROXY,DA,164.05442810058594,2025-04,4,2025
2025-04-03,PROXY,DA,62.28254699707031,2025-04,4,2025
2025-04-04,PROXY,DA,15.110652923583984,2025-04,4,2025
2025-04-05,PROXY,DA,15.889753341674805,2025-04,4,2025
2025-04-06,PROXY,DA,82.15740966796875,2025-04,4,2025
2025-04-07,PROXY,DA,80.3470687866211,2025-04,4,2025
2025-04-08,PROXY,DA,46.706336975097656,2025-04,4,2025
2025-04-09,PROXY,DA,89.15021514892578,2025-04,4,2025
2025-04-10,PROXY,DA,72.30076599121094,2025-04,4,2025
2025-04-11,PROXY,DA,60.50377655029297,2025-04,4,2025
2025-04-12,PROXY,DA,39.546226501464844,2025-04,4,2025
2025-04-13,PROXY,DA,64.91434478759766,2025-04,4,2025
2025-04-14,PROXY,DA,76.89995574951172,2025-04,4,2025
2025-04-15,PROXY,DA,60.17085266113281,2025-04,4,2025
2025-04-16,PROXY,DA,39.938507080078125,2025-04,4,2025
2025-04-17,PROXY,DA,33.9356803894043,2025-04,4,2025
2025-04-18,PROXY,DA,32.267974853515625,2025-04,4,2025
2025-04-19,PROXY,DA,22.888961791992188,2025-04,4,2025
2025-04-20,PROXY,DA,181.27328491210938,2025-04,4,2025
2025-04-21,PROXY,DA,72.84701538085938,2025-04,4,2025
2025-04-22,PROXY,DA,67.77886962890625,2025-04,4,2025
2025-04-23,PROXY,DA,39.516357421875,2025-04,4,2025
2025-04-24,PROXY,DA,62.94743347167969,2025-04,4,2025
2025-04-25,PROXY,DA,56.44694137573242,2025-04,4,2025
2025-04-26,PROXY,DA,74.6878890991211,2025-04,4,2025
2025-04-27,PROXY,DA,22.889034271240234,2025-04,4,2025
2025-04-28,PROXY,DA,53.64055633544922,2025-04,4,2025
2025-04-29,PROXY,DA,54.606414794921875,2025-04,4,2025
2025-04-30,PROXY,DA,78.23123168945312,2025-04,4,2025
2025-05-01,PROXY,DA,128.98223876953125,2025-05,5,2025
2025-05-02,PROXY,DA,30.68848419189453,2025-05,5,2025
2025-05-03,PROXY,DA,48.44029998779297,2025-05,5,2025
2025-05-04,PROXY,DA,39.547637939453125,2025-05,5,2025
2025-05-05,PROXY,DA,29.219676971435547,2025-05,5,2025
2025-05-06,PROXY,DA,71.84111022949219,2025-05,5,2025
2025-05-07,PROXY,DA,62.72541427612305,2025-05,5,2025
2025-05-08,PROXY,DA,61.37018585205078,2025-05,5,2025
2025-05-09,PROXY,DA,43.950984954833984,2025-05,5,2025
2025-05-10,PROXY,DA,37.267982482910156,2025-05,5,2025
2025-05-11,PROXY,DA,53.331085205078125,2025-05,5,2025
2025-05-12,PROXY,DA,67.66519165039062,2025-05,5,2025
2025-05-13,PROXY,DA,108.57941436767578,2025-05,5,2025
2025-05-14,PROXY,DA,127.40967559814453,2025-05,5,2025
2025-05-15,PROXY,DA,172.968017578125,2025-05,5,2025
2025-05-16,PROXY,DA,148.6322021484375,2025-05,5,2025
2025-05-17,PROXY,DA,26.709712982177734,2025-05,5,2025
2025-05-18,PROXY,DA,30.080785751342773,2025-05,5,2025
2025-05-19,PROXY,DA,27.300121307373047,2025-05,5,2025
2025-05-20,PROXY,DA,509.90887451171875,2025-05,5,2025
2025-05-21,PROXY,DA,84.02074432373047,2025-05,5,2025
2025-05-22,PROXY,DA,38.540748596191406,2025-05,5,2025
2025-05-23,PROXY,DA,37.04075241088867,2025-05,5,2025
2025-05-24,PROXY,DA,46.41460418701172,2025-05,5,2025
2025-05-25,PROXY,DA,46.85197830200195,2025-05,5,2025
2025-05-26,PROXY,DA,30.953495025634766,2025-05,5,2025
2025-05-27,PROXY,DA,50.301448822021484,2025-05,5,2025
2025-05-28,PROXY,DA,18.6807861328125,2025-05,5,2025
2025-05-29,PROXY,DA,42.91344451904297,2025-05,5,2025
2025-05-30,PROXY,DA,60.917701721191406,2025-05,5,2025
2025-05-31,PROXY,DA,72.92481231689453,2025-05,5,2025
2025-06-01,PROXY,DA,67.40485382080078,2025-06,6,2025
2025-06-02,PROXY,DA,41.7130126953125,2025-06,6,2025
2025-06-03,PROXY,DA,45.0836067199707,2025-06,6,2025
2025-06-04,PROXY,DA,50.8880500793457,2025-06,6,2025
2025-06-05,PROXY,DA,36.52131271362305,2025-06,6,2025
2025-06-06,PROXY,DA,56.763607025146484,2025-06,6,2025
2025-06-07,PROXY,DA,147.0835723876953,2025-06,6,2025
2025-06-08,PROXY,DA,61.842247009277344,2025-06,6,2025
2025-06-09,PROXY,DA,75.99575805664062,2025-06,6,2025
2025-06-10,PROXY,DA,47.59337615966797,2025-06,6,2025
2025-06-11,PROXY,DA,27.298542022705078,2025-06,6,2025
2025-06-12,PROXY,DA,37.58671569824219,2025-06,6,2025
2025-06-13,PROXY,DA,44.8384895324707,2025-06,6,2025
2025-06-14,PROXY,DA,38.61170959472656,2025-06,6,2025
2025-06-15,PROXY,DA,48.81626892089844,2025-06,6,2025
2025-06-16,PROXY,DA,42.831390380859375,2025-06,6,2025
2025-06-17,PROXY,DA,30.15200424194336,2025-06,6,2025
2025-06-18,PROXY,DA,93.0566635131836,2025-06,6,2025
2025-06-19,PROXY,DA,55.117637634277344,2025-06,6,2025
2025-06-20,PROXY,DA,26.81134033203125,2025-06,6,2025
2025-06-21,PROXY,DA,24.07526397705078,2025-06,6,2025
2025-06-22,PROXY,DA,31.1312313079834,2025-06,6,2025
2025-06-23,PROXY,DA,39.93878173828125,2025-06,6,2025
2025-06-24,PROXY,DA,48.56563186645508,2025-06,6,2025
2025-06-25,PROXY,DA,43.22200012207031,2025-06,6,2025
2025-06-26,PROXY,DA,38.30725860595703,2025-06,6,2025
2025-06-27,PROXY,DA,47.029449462890625,2025-06,6,2025
2025-06-28,PROXY,DA,48.96519088745117,2025-06,6,2025
2025-06-29,PROXY,DA,44.115596771240234,2025-06,6,2025
2025-06-30,PROXY,DA,81.85592651367188,2025-06,6,2025
2025-07-01,PROXY,DA,81.6736068725586,2025-07,7,2025
2025-07-02,PROXY,DA,33.495941162109375,2025-07,7,2025
2025-07-03,PROXY,DA,18.07263946533203,2025-07,7,2025
2025-07-04,PROXY,DA,13.568931579589844,2025-07,7,2025
2025-07-05,PROXY,DA,26.623600006103516,2025-07,7,2025
2025-07-06,PROXY,DA,34.713233947753906,2025-07,7,2025
2025-07-07,PROXY,DA,35.17753601074219,2025-07,7,2025
2025-07-08,PROXY,DA,44.46774673461914,2025-07,7,2025
2025-07-09,PROXY,DA,29.06763458251953,2025-07,7,2025
2025-07-10,PROXY,DA,32.733673095703125,2025-07,7,2025
2025-07-11,PROXY,DA,33.69863510131836,2025-07,7,2025
2025-07-12,PROXY,DA,43.85730743408203,2025-07,7,2025
2025-07-13,PROXY,DA,50.116310119628906,2025-07,7,2025
2025-07-14,PROXY,DA,44.50074005126953,2025-07,7,2025
2025-07-15,PROXY,DA,37.77912139892578,2025-07,7,2025
2025-07-16,PROXY,DA,48.900856018066406,2025-07,7,2025
2025-07-17,PROXY,DA,60.86238098144531,2025-07,7,2025
2025-07-18,PROXY,DA,36.400482177734375,2025-07,7,2025
2025-07-19,PROXY,DA,36.721893310546875,2025-07,7,2025
2025-07-20,PROXY,DA,40.01685333251953,2025-07,7,2025
2025-07-21,PROXY,DA,48.261043548583984,2025-07,7,2025
2025-07-22,PROXY,DA,42.049339294433594,2025-07,7,2025
2025-07-23,PROXY,DA,52.5140380859375,2025-07,7,2025
2025-07-24,PROXY,DA,103.00909423828125,2025-07,7,2025
2025-07-25,PROXY,DA,86.64646911621094,2025-07,7,2025
2025-07-26,PROXY,DA,26.914085388183594,2025-07,7,2025
2025-07-27,PROXY,DA,35.56781005859375,2025-07,7,2025
2025-07-28,PROXY,DA,61.43867874145508,2025-07,7,2025
2025-07-29,PROXY,DA,95.15538787841797,2025-07,7,2025
2025-07-30,PROXY,DA,429.1788024902344,2025-07,7,2025
2025-07-31,PROXY,DA,156.8948516845703,2025-07,7,2025
2025-08-01,PROXY,DA,79.09249877929688,2025-08,8,2025
2025-08-02,PROXY,DA,47.95412063598633,2025-08,8,2025
2025-08-03,PROXY,DA,64.17889404296875,2025-08,8,2025
2025-08-04,PROXY,DA,34.23141098022461,2025-08,8,2025
2025-08-05,PROXY,DA,38.669708251953125,2025-08,8,2025
2025-08-06,PROXY,DA,37.69078063964844,2025-08,8,2025
2025-08-07,PROXY,DA,63.186038970947266,2025-08,8,2025
2025-08-08,PROXY,DA,50.62485885620117,2025-08,8,2025
2025-08-09,PROXY,DA,34.467708587646484,2025-08,8,2025
2025-08-10,PROXY,DA,44.964447021484375,2025-08,8,2025
2025-08-11,PROXY,DA,109.87639617919922,2025-08,8,2025
2025-08-12,PROXY,DA,213.4721221923828,2025-08,8,2025
2025-08-13,PROXY,DA,94.33157348632812,2025-08,8,2025
2025-08-14,PROXY,DA,54.727210998535156,2025-08,8,2025
2025-08-15,PROXY,DA,32.053707122802734,2025-08,8,2025
2025-08-16,PROXY,DA,44.10619354248047,2025-08,8,2025
2025-08-17,PROXY,DA,65.50523376464844,2025-08,8,2025
2025-08-18,PROXY,DA,194.3251190185547,2025-08,8,2025
2025-08-19,PROXY,DA,254.8861541748047,2025-08,8,2025
2025-08-20,PROXY,DA,85.662109375,2025-08,8,2025
2025-08-21,PROXY,DA,48.15062713623047,2025-08,8,2025
2025-08-22,PROXY,DA,36.995521545410156,2025-08,8,2025
2025-08-23,PROXY,DA,40.16967010498047,2025-08,8,2025
2025-08-24,PROXY,DA,68.99230194091797,2025-08,8,2025
2025-08-25,PROXY,DA,51.56819534301758,2025-08,8,2025
2025-08-26,PROXY,DA,23.852413177490234,2025-08,8,2025
2025-08-27,PROXY,DA,33.803009033203125,2025-08,8,2025
2025-08-28,PROXY,DA,107.58750915527344,2025-08,8,2025
2025-08-29,PROXY,DA,74.1135025024414,2025-08,8,2025
2025-08-30,PROXY,DA,22.679824829101562,2025-08,8,2025
2025-08-31,PROXY,DA,22.09882354736328,2025-08,8,2025
2025-09-01,PROXY,DA,46.32362747192383,2025-09,9,2025
2025-09-02,PROXY,DA,52.73681640625,2025-09,9,2025
2025-09-03,PROXY,DA,75.20899963378906,2025-09,9,2025
2025-09-04,PROXY,DA,63.168983459472656,2025-09,9,2025
2025-09-05,PROXY,DA,42.36660385131836,2025-09,9,2025
2025-09-06,PROXY,DA,27.135635375976562,2025-09,9,2025
2025-09-07,PROXY,DA,29.370113372802734,2025-09,9,2025
2025-09-08,PROXY,DA,29.526525497436523,2025-09,9,2025
2025-09-09,PROXY,DA,33.29766845703125,2025-09,9,2025
2025-09-10,PROXY,DA,36.4810791015625,2025-09,9,2025
2025-09-11,PROXY,DA,40.31319046020508,2025-09,9,2025
2025-09-12,PROXY,DA,35.995262145996094,2025-09,9,2025
2025-09-13,PROXY,DA,35.48081970214844,2025-09,9,2025
2025-09-14,PROXY,DA,64.27874755859375,2025-09,9,2025
2025-09-15,PROXY,DA,52.928409576416016,2025-09,9,2025
2025-09-16,PROXY,DA,51.804412841796875,2025-09,9,2025
2025-09-17,PROXY,DA,47.97290802001953,2025-09,9,2025
2025-09-18,PROXY,DA,45.81944274902344,2025-09,9,2025
2025-09-19,PROXY,DA,39.11189651489258,2025-09,9,2025
2025-09-20,PROXY,DA,35.743221282958984,2025-09,9,2025
2025-09-21,PROXY,DA,43.38792419433594,2025-09,9,2025
2025-09-22,PROXY,DA,53.80144119262695,2025-09,9,2025
2025-09-23,PROXY,DA,65.91903686523438,2025-09,9,2025
2025-09-24,PROXY,DA,20.943527221679688,2025-09,9,2025
2025-09-25,PROXY,DA,57.31986999511719,2025-09,9,2025
2025-09-26,PROXY,DA,44.6075439453125,2025-09,9,2025
2025-09-27,PROXY,DA,39.144287109375,2025-09,9,2025
2025-09-28,PROXY,DA,40.66843032836914,2025-09,9,2025
2025-09-29,PROXY,DA,47.652183532714844,2025-09,9,2025
2025-09-30,PROXY,DA,52.4047966003418,2025-09,9,2025
2025-10-01,PROXY,DA,72.79481506347656,2025-10,10,2025
2025-10-02,PROXY,DA,60.05058288574219,2025-10,10,2025
2025-10-03,PROXY,DA,45.02574157714844,2025-10,10,2025
2025-10-04,PROXY,DA,36.97630310058594,2025-10,10,2025
2025-10-05,PROXY,DA,59.8721923828125,2025-10,10,2025
2025-10-06,PROXY,DA,66.65800476074219,2025-10,10,2025
2025-10-07,PROXY,DA,60.108848571777344,2025-10,10,2025
2025-10-08,PROXY,DA,66.68153381347656,2025-10,10,2025
2025-10-09,PROXY,DA,60.66078567504883,2025-10,10,2025
2025-10-10,PROXY,DA,66.50051879882812,2025-10,10,2025
2025-10-11,PROXY,DA,35.76933288574219,2025-10,10,2025
2025-10-12,PROXY,DA,59.73076629638672,2025-10,10,2025
2025-10-13,PROXY,DA,66.4935302734375,2025-10,10,2025
2025-10-14,PROXY,DA,77.85574340820312,2025-10,10,2025
2025-10-15,PROXY,DA,63.19392395019531,2025-10,10,2025
2025-10-16,PROXY,DA,34.70771026611328,2025-10,10,2025
2025-10-17,PROXY,DA,59.33422088623047,2025-10,10,2025
2025-10-18,PROXY,DA,56.832088470458984,2025-10,10,2025
2025-10-19,PROXY,DA,38.746192932128906,2025-10,10,2025
2025-10-20,PROXY,DA,68.81993103027344,2025-10,10,2025
2025-10-21,PROXY,DA,100.75845336914062,2025-10,10,2025
2025-10-22,PROXY,DA,48.9446907043457,2025-10,10,2025
2025-10-23,PROXY,DA,40.4361572265625,2025-10,10,2025
2025-10-24,PROXY,DA,32.45233917236328,2025-10,10,2025
2025-10-25,PROXY,DA,44.84947967529297,2025-10,10,2025
2025-10-26,PROXY,DA,69.11026000976562,2025-10,10,2025
2025-10-27,PROXY,DA,71.80097961425781,2025-10,10,2025
2025-10-28,PROXY,DA,29.122169494628906,2025-10,10,2025
2025-10-29,PROXY,DA,41.16144943237305,2025-10,10,2025
2025-10-30,PROXY,DA,64.89962768554688,2025-10,10,2025
2025-10-31,PROXY,DA,44.10585021972656,2025-10,10,2025
2025-11-01,PROXY,DA,57.76033020019531,2025-11,11,2025
2025-11-02,PROXY,DA,63.71199417114258,2025-11,11,2025
2025-11-03,PROXY,DA,49.34941482543945,2025-11,11,2025
2025-11-04,PROXY,DA,49.42218780517578,2025-11,11,2025
2025-11-05,PROXY,DA,108.539306640625,2025-11,11,2025
2025-11-06,PROXY,DA,53.25189208984375,2025-11,11,2025
2025-11-07,PROXY,DA,169.12969970703125,2025-11,11,2025
2025-11-08,PROXY,DA,47.701446533203125,2025-11,11,2025
2025-11-09,PROXY,DA,50.246307373046875,2025-11,11,2025
2025-11-10,PROXY,DA,85.42940521240234,2025-11,11,2025
2025-11-11,PROXY,DA,34.469146728515625,2025-11,11,2025
2025-11-12,PROXY,DA,66.54072570800781,2025-11,11,2025
2025-11-13,PROXY,DA,42.22123336791992,2025-11,11,2025
2025-11-14,PROXY,DA,50.963783264160156,2025-11,11,2025
2025-11-15,PROXY,DA,64.84956359863281,2025-11,11,2025
2025-11-16,PROXY,DA,105.09141540527344,2025-11,11,2025
2025-11-17,PROXY,DA,47.549766540527344,2025-11,11,2025
2025-11-18,PROXY,DA,90.10113525390625,2025-11,11,2025
2025-11-19,PROXY,DA,58.132896423339844,2025-11,11,2025
2025-11-20,PROXY,DA,45.97978210449219,2025-11,11,2025
2025-11-21,PROXY,DA,60.89259719848633,2025-11,11,2025
2025-11-22,PROXY,DA,41.997371673583984,2025-11,11,2025
2025-11-23,PROXY,DA,27.20317840576172,2025-11,11,2025
2025-11-24,PROXY,DA,42.81554412841797,2025-11,11,2025
2025-11-25,PROXY,DA,46.88875961303711,2025-11,11,2025
2025-11-26,PROXY,DA,51.21369934082031,2025-11,11,2025
2025-11-27,PROXY,DA,33.00654602050781,2025-11,11,2025
2025-11-28,PROXY,DA,24.21074104309082,2025-11,11,2025
2025-11-29,PROXY,DA,20.47525405883789,2025-11,11,2025
2025-11-30,PROXY,DA,33.81028366088867,2025-11,11,2025
2025-12-01,PROXY,DA,36.05326843261719,2025-12,12,2025
2025-12-02,PROXY,DA,71.9093246459961,2025-12,12,2025
2025-12-03,PROXY,DA,23.835853576660156,2025-12,12,2025
2025-12-04,PROXY,DA,36.60450744628906,2025-12,12,2025
2025-12-05,PROXY,DA,29.863571166992188,2025-12,12,2025
2025-12-06,PROXY,DA,39.524253845214844,2025-12,12,2025
2025-12-07,PROXY,DA,39.97087097167969,2025-12,12,2025
2025-12-08,PROXY,DA,49.65187454223633,2025-12,12,2025
2025-12-09,PROXY,DA,51.53564453125,2025-12,12,2025
2025-12-10,PROXY,DA,56.266700744628906,2025-12,12,2025
2025-12-11,PROXY,DA,35.7340087890625,2025-12,12,2025
2025-12-12,PROXY,DA,39.61330795288086,2025-12,12,2025
2025-12-13,PROXY,DA,23.887454986572266,2025-12,12,2025
2025-12-14,PROXY,DA,41.26203536987305,2025-12,12,2025
2025-12-15,PROXY,DA,58.384056091308594,2025-12,12,2025
2025-12-16,PROXY,DA,20.860307693481445,2025-12,12,2025
2025-12-17,PROXY,DA,21.935291290283203,2025-12,12,2025
2025-12-18,PROXY,DA,38.67490005493164,2025-12,12,2025
2025-12-19,PROXY,DA,26.158782958984375,2025-12,12,2025
2025-12-20,PROXY,DA,27.572893142700195,2025-12,12,2025
2025-12-21,PROXY,DA,31.00800323486328,2025-12,12,2025
2025-12-22,PROXY,DA,12.206413269042969,2025-12,12,2025
2025-12-23,PROXY,DA,19.883705139160156,2025-12,12,2025
2025-12-24,PROXY,DA,18.72707748413086,2025-12,12,2025
2025-12-25,PROXY,DA,18.382183074951172,2025-12,12,2025
2025-12-26,PROXY,DA,37.81129455566406,2025-12,12,2025
2025-12-27,PROXY,DA,14.112295150756836,2025-12,12,2025
2025-12-28,PROXY,DA,13.423334121704102,2025-12,12,2025
2025-12-29,PROXY,DA,35.929931640625,2025-12,12,2025
2025-12-30,PROXY,DA,43.85615539550781,2025-12,12,2025
2025-12-31,PROXY,DA,36.15851974487305,2025-12,12,2025
2026-01-01,PROXY,DA,20.52669906616211,2026-01,1,2026
2026-01-02,PROXY,DA,34.04741287231445,2026-01,1,2026
2026-01-03,PROXY,DA,29.823179244995117,2026-01,1,2026
2026-01-04,PROXY,DA,24.077850341796875,2026-01,1,2026
2026-01-05,PROXY,DA,21.764888763427734,2026-01,1,2026
2026-01-06,PROXY,DA,28.1175537109375,2026-01,1,2026
2026-01-07,PROXY,DA,21.11037254333496,2026-01,1,2026
2026-01-08,PROXY,DA,26.105632781982422,2026-01,1,2026
2026-01-09,PROXY,DA,20.611705780029297,2026-01,1,2026
2026-01-10,PROXY,DA,33.90593338012695,2026-01,1,2026
2026-01-11,PROXY,DA,28.31001853942871,2026-01,1,2026
2026-01-12,PROXY,DA,31.36223030090332,2026-01,1,2026
2026-01-13,PROXY,DA,21.51618766784668,2026-01,1,2026
2026-01-14,PROXY,DA,30.56414794921875,2026-01,1,2026
2026-01-15,PROXY,DA,46.59284591674805,2026-01,1,2026
2026-01-16,PROXY,DA,29.6336669921875,2026-01,1,2026
2026-01-17,PROXY,DA,40.987327575683594,2026-01,1,2026
2026-01-18,PROXY,DA,43.467376708984375,2026-01,1,2026
2026-01-19,PROXY,DA,39.585105895996094,2026-01,1,2026
2026-01-20,PROXY,DA,50.617820739746094,2026-01,1,2026
2026-01-21,PROXY,DA,28.64902114868164,2026-01,1,2026
2026-01-22,PROXY,DA,24.91013526916504,2026-01,1,2026
2026-01-23,PROXY,DA,22.327150344848633,2026-01,1,2026
2026-01-24,PROXY,DA,220.88803100585938,2026-01,1,2026
2026-01-25,PROXY,DA,953.73828125,2026-01,1,2026
2026-01-26,PROXY,DA,1429.5592041015625,2026-01,1,2026
2026-01-27,PROXY,DA,215.23585510253906,2026-01,1,2026
2026-01-28,PROXY,DA,125.86631774902344,2026-01,1,2026
2026-01-29,PROXY,DA,69.64401245117188,2026-01,1,2026
2026-01-30,PROXY,DA,60.14464569091797,2026-01,1,2026
2026-01-31,PROXY,DA,69.45565795898438,2026-01,1,2026
2026-02-01,PROXY,DA,69.74967956542969,2026-02,2,2026
2026-02-02,PROXY,DA,31.776689529418945,2026-02,2,2026
2026-02-03,PROXY,DA,30.55207061767578,2026-02,2,2026
2026-02-04,PROXY,DA,41.477745056152344,2026-02,2,2026
2026-02-05,PROXY,DA,40.979034423828125,2026-02,2,2026
2026-02-06,PROXY,DA,36.76443099975586,2026-02,2,2026
2026-02-07,PROXY,DA,29.84535789489746,2026-02,2,2026
2026-02-08,PROXY,DA,24.07213592529297,2026-02,2,2026
2026-02-09,PROXY,DA,21.29583740234375,2026-02,2,2026
2026-02-10,PROXY,DA,23.19361114501953,2026-02,2,2026
2026-02-11,PROXY,DA,26.218204498291016,2026-02,2,2026
2026-02-12,PROXY,DA,25.646921157836914,2026-02,2,2026
2026-02-13,PROXY,DA,11.739165306091309,2026-02,2,2026
2026-02-14,PROXY,DA,7.888308525085449,2026-02,2,2026
2026-02-15,PROXY,DA,37.78028869628906,2026-02,2,2026
2026-02-16,PROXY,DA,20.38314437866211,2026-02,2,2026
2026-02-17,PROXY,DA,20.81744384765625,2026-02,2,2026
2026-02-18,PROXY,DA,16.738914489746094,2026-02,2,2026
2026-02-19,PROXY,DA,28.236663818359375,2026-02,2,2026
2026-02-20,PROXY,DA,11.790443420410156,2026-02,2,2026
2026-02-21,PROXY,DA,15.922002792358398,2026-02,2,2026
2026-02-22,PROXY,DA,36.88325881958008,2026-02,2,2026
2026-02-23,PROXY,DA,32.69281768798828,2026-02,2,2026
2026-02-24,PROXY,DA,24.707563400268555,2026-02,2,2026
2026-02-25,PROXY,DA,39.86442947387695,2026-02,2,2026
2026-02-26,PROXY,DA,34.208091735839844,2026-02,2,2026
2026-02-27,PROXY,DA,32.104251861572266,2026-02,2,2026
2026-02-28,PROXY,DA,29.84270668029785,2026-02,2,2026
2026-03-01,PROXY,DA,22.318117141723633,2026-03,3,2026
2026-03-02,PROXY,DA,19.604671478271484,2026-03,3,2026
2026-03-03,PROXY,DA,31.897674560546875,2026-03,3,2026
2026-03-04,PROXY,DA,41.21036148071289,2026-03,3,2026
2026-03-05,PROXY,DA,16.499670028686523,2026-03,3,2026
2026-03-06,PROXY,DA,20.76043701171875,2026-03,3,2026
2026-03-07,PROXY,DA,25.613269805908203,2026-03,3,2026
2026-03-08,PROXY,DA,23.490951538085938,2026-03,3,2026
2026-03-09,PROXY,DA,20.357742309570312,2026-03,3,2026
2026-03-10,PROXY,DA,23.968658447265625,2026-03,3,2026
2026-03-11,PROXY,DA,15.928062438964844,2026-03,3,2026
2026-03-12,PROXY,DA,34.27106475830078,2026-03,3,2026
2026-03-13,PROXY,DA,44.96229553222656,2026-03,3,2026
2026-03-14,PROXY,DA,34.70417404174805,2026-03,3,2026
2026-03-15,PROXY,DA,37.003509521484375,2026-03,3,2026
2026-03-16,PROXY,DA,92.95429992675781,2026-03,3,2026
2026-03-17,PROXY,DA,43.5517692565918,2026-03,3,2026
2026-03-18,PROXY,DA,53.7062873840332,2026-03,3,2026
2026-03-19,PROXY,DA,65.00177764892578,2026-03,3,2026
2026-03-20,PROXY,DA,62.66673278808594,2026-03,3,2026
2026-03-21,PROXY,DA,49.67082214355469,2026-03,3,2026
2026-03-22,PROXY,DA,39.83788299560547,2026-03,3,2026
2026-03-23,PROXY,DA,104.86656188964844,2026-03,3,2026
2026-03-24,PROXY,DA,37.49973678588867,2026-03,3,2026
2026-03-25,PROXY,DA,42.03651809692383,2026-03,3,2026
2026-03-26,PROXY,DA,40.10173034667969,2026-03,3,2026
2026-03-27,PROXY,DA,28.527828216552734,2026-03,3,2026
2026-03-28,PROXY,DA,30.56755828857422,2026-03,3,2026
2026-03-29,PROXY,DA,34.112060546875,2026-03,3,2026
2026-03-30,PROXY,DA,31.376163482666016,2026-03,3,2026
2026-03-31,PROXY,DA,30.3403263092041,2026-03,3,2026
2026-04-01,PROXY,DA,30.085634231567383,2026-04,4,2026
2026-04-02,PROXY,DA,26.423038482666016,2026-04,4,2026
2026-04-03,PROXY,DA,44.06104278564453,2026-04,4,2026
2026-04-04,PROXY,DA,53.215660095214844,2026-04,4,2026
2026-04-05,PROXY,DA,53.560813903808594,2026-04,4,2026
2026-04-06,PROXY,DA,58.27461242675781,2026-04,4,2026
2026-04-07,PROXY,DA,34.2696533203125,2026-04,4,2026
2026-04-08,PROXY,DA,34.178382873535156,2026-04,4,2026
2026-04-09,PROXY,DA,26.406747817993164,2026-04,4,2026
2026-04-10,PROXY,DA,19.335803985595703,2026-04,4,2026
2026-04-11,PROXY,DA,40.19676971435547,2026-04,4,2026
2026-04-12,PROXY,DA,28.93081283569336,2026-04,4,2026
2026-04-13,PROXY,DA,37.141143798828125,2026-04,4,2026
2026-04-14,PROXY,DA,27.988296508789062,2026-04,4,2026
2026-04-15,PROXY,DA,49.907005310058594,2026-04,4,2026
2026-04-16,PROXY,DA,53.86029052734375,2026-04,4,2026
2026-04-17,PROXY,DA,43.55877685546875,2026-04,4,2026
2026-04-18,PROXY,DA,19.727741241455078,2026-04,4,2026
2026-04-19,PROXY,DA,39.58748245239258,2026-04,4,2026
2026-04-20,PROXY,DA,30.316669464111328,2026-04,4,2026
2026-04-21,PROXY,DA,43.745113372802734,2026-04,4,2026
2026-04-22,PROXY,DA,29.536331176757812,2026-04,4,2026
2026-04-23,PROXY,DA,40.15401077270508,2026-04,4,2026
2026-04-24,PROXY,DA,213.01382446289062,2026-04,4,2026
2026-04-25,PROXY,DA,52.38425827026367,2026-04,4,2026
2026-04-26,PROXY,DA,38.699974060058594,2026-04,4,2026
2026-04-27,PROXY,DA,430.3286437988281,2026-04,4,2026
2026-04-28,PROXY,DA,164.57540893554688,2026-04,4,2026
2026-04-29,PROXY,DA,50.84321594238281,2026-04,4,2026
2026-04-30,PROXY,DA,30.849716186523438,2026-04,4,2026
2026-05-01,PROXY,DA,30.664897918701172,2026-05,5,2026
2026-05-02,PROXY,DA,73.3377914428711,2026-05,5,2026
2026-05-03,PROXY,DA,35.67795181274414,2026-05,5,2026
2026-05-04,PROXY,DA,32.97360610961914,2026-05,5,2026
2026-05-05,PROXY,DA,65.53060913085938,2026-05,5,2026
2026-05-06,PROXY,DA,28.633281707763672,2026-05,5,2026
2026-05-07,PROXY,DA,30.72761344909668,2026-05,5,2026
2026-05-08,PROXY,DA,30.952133178710938,2026-05,5,2026
2026-05-09,PROXY,DA,32.2758903503418,2026-05,5,2026
2026-05-10,PROXY,DA,28.09917449951172,2026-05,5,2026
2026-05-11,PROXY,DA,98.8292236328125,2026-05,5,2026
2026-05-12,PROXY,DA,57.80678939819336,2026-05,5,2026
2026-05-13,PROXY,DA,47.94979476928711,2026-05,5,2026
2026-05-14,PROXY,DA,29.34866714477539,2026-05,5,2026
2026-05-15,PROXY,DA,19.41619873046875,2026-05,5,2026
2026-05-16,PROXY,DA,23.261825561523438,2026-05,5,2026
2026-05-17,PROXY,DA,16.5234432220459,2026-05,5,2026
2026-05-18,PROXY,DA,19.242969512939453,2026-05,5,2026
2026-05-19,PROXY,DA,30.810379028320312,2026-05,5,2026
2026-05-20,PROXY,DA,42.564186096191406,2026-05,5,2026
2026-05-21,PROXY,DA,21.568153381347656,2026-05,5,2026
2026-05-22,PROXY,DA,26.126850128173828,2026-05,5,2026
2026-05-23,PROXY,DA,19.36673927307129,2026-05,5,2026
2026-05-24,PROXY,DA,35.063777923583984,2026-05,5,2026
2026-05-25,PROXY,DA,33.80740737915039,2026-05,5,2026
2026-05-26,PROXY,DA,42.47456741333008,2026-05,5,2026
2026-05-27,PROXY,DA,38.02303695678711,2026-05,5,2026
2026-05-28,PROXY,DA,85.26434326171875,2026-05,5,2026
2026-05-29,PROXY,DA,46.638145446777344,2026-05,5,2026
2026-05-30,PROXY,DA,20.596586227416992,2026-05,5,2026
2026-05-31,PROXY,DA,35.52168273925781,2026-05,5,2026
2026-06-01,PROXY,DA,50.55339813232422,2026-06,6,2026
2026-06-02,PROXY,DA,25.932559967041016,2026-06,6,2026
2026-06-03,PROXY,DA,31.020463943481445,2026-06,6,2026
2026-06-04,PROXY,DA,20.00638198852539,2026-06,6,2026
2026-06-05,PROXY,DA,18.742483139038086,2026-06,6,2026
2026-06-06,PROXY,DA,27.094749450683594,2026-06,6,2026
2026-06-07,PROXY,DA,17.797819137573242,2026-06,6,2026
2026-06-08,PROXY,DA,19.81378936767578,2026-06,6,2026
2026-06-09,PROXY,DA,27.15692710876465,2026-06,6,2026
2026-06-10,PROXY,DA,22.209447860717773,2026-06,6,2026
2026-06-11,PROXY,DA,36.26289367675781,2026-06,6,2026
2026-06-12,PROXY,DA,24.82759666442871,2026-06,6,2026
2026-06-13,PROXY,DA,21.6414794921875,2026-06,6,2026
2026-06-14,PROXY,DA,22.143260955810547,2026-06,6,2026
2026-06-15,PROXY,DA,30.299381256103516,2026-06,6,2026
2026-06-16,PROXY,DA,25.837299346923828,2026-06,6,2026
2026-06-17,PROXY,DA,24.512481689453125,2026-06,6,2026
2026-06-18,PROXY,DA,39.946163177490234,2026-06,6,2026
2026-06-19,PROXY,DA,39.28752136230469,2026-06,6,2026
2026-06-20,PROXY,DA,25.157520294189453,2026-06,6,2026
2026-06-21,PROXY,DA,23.896587371826172,2026-06,6,2026
2026-06-22,PROXY,DA,36.83507537841797,2026-06,6,2026
2026-06-23,PROXY,DA,22.143115997314453,2026-06,6,2026
2026-06-24,PROXY,DA,26.166706085205078,2026-06,6,2026
2026-06-25,PROXY,DA,23.383441925048828,2026-06,6,2026
2026-06-26,PROXY,DA,20.89767074584961,2026-06,6,2026
2026-06-27,PROXY,DA,20.519634246826172,2026-06,6,2026
2026-06-28,PROXY,DA,21.938745498657227,2026-06,6,2026
2026-06-29,PROXY,DA,21.15863800048828,2026-06,6,2026
2026-06-30,PROXY,DA,20.30192756652832,2026-06,6,2026
2026-07-01,PROXY,DA,27.88318634033203,2026-07,7,2026
2026-07-02,PROXY,DA,26.455074310302734,2026-07,7,2026
2026-07-03,PROXY,DA,27.119117736816406,2026-07,7,2026
2026-07-04,PROXY,DA,34.87607955932617,2026-07,7,2026
2026-07-05,PROXY,DA,46.00978088378906,2026-07,7,2026
2026-07-06,PROXY,DA,43.28504180908203,2026-07,7,2026
2026-07-07,PROXY,DA,32.4482421875,2026-07,7,2026
2026-07-08,PROXY,DA,26.93222427368164,2026-07,7,2026
2026-07-09,PROXY,DA,24.599853515625,2026-07,7,2026
2026-07-10,PROXY,DA,23.368961334228516,2026-07,7,2026
2026-07-11,PROXY,DA,23.16848373413086,2026-07,7,2026
2026-07-12,PROXY,DA,24.724151611328125,2026-07,7,2026
2026-07-13,PROXY,DA,16.543376922607422,2026-07,7,2026
2026-07-14,PROXY,DA,15.484712600708008,2026-07,7,2026
2026-07-15,PROXY,DA,12.956779479980469,2026-07,7,2026
2026-07-16,PROXY,DA,15.125019073486328,2026-07,7,2026
2026-07-17,PROXY,DA,18.30882453918457,2026-07,7,2026
2026-07-18,PROXY,DA,24.03945541381836,2026-07,7,2026
2026-07-19,PROXY,DA,29.91063690185547,2026-07,7,2026
2026-07-20,PROXY,DA,51.37763977050781,2026-07,7,2026
2026-07-21,PROXY,DA,181.5258331298828,2026-07,7,2026
2026-07-22,PROXY,DA,198.8979949951172,2026-07,7,2026
2026-07-23,PROXY,DA,33.628814697265625,2026-07,7,2026
2026-07-24,PROXY,DA,18.386123657226562,2026-07,7,2026
2026-07-25,PROXY,DA,28.517635345458984,2026-07,7,2026
2026-07-26,PROXY,DA,28.366931915283203,2026-07,7,2026
2026-07-27,PROXY,DA,39.25563430786133,2026-07,7,2026
2026-07-28,PROXY,DA,40.137054443359375,2026-07,7,2026
2026-07-29,PROXY,DA,45.0859375,2026-07,7,2026
2026-07-30,PROXY,DA,39.19096374511719,2026-07,7,2026
2026-07-31,PROXY,DA,72.3233413696289,2026-07,7,2026
2026-08-01,PROXY,DA,55.53559875488281,2026-08,8,2026
2026-08-02,PROXY,DA,63.50062561035156,2026-08,8,2026
2026-08-03,PROXY,DA,31.392227172851562,2026-08,8,2026
2026-08-04,PROXY,DA,28.672149658203125,2026-08,8,2026
2026-08-05,PROXY,DA,21.655349731445312,2026-08,8,2026
2026-08-06,PROXY,DA,20.674240112304688,2026-08,8,2026
2026-08-07,PROXY,DA,25.076416015625,2026-08,8,2026
2026-08-08,PROXY,DA,23.544189453125,2026-08,8,2026
2026-08-09,PROXY,DA,29.404666900634766,2026-08,8,2026
2026-08-10,PROXY,DA,23.229339599609375,2026-08,8,2026
2026-08-11,PROXY,DA,23.56275177001953,2026-08,8,2026
2026-08-12,PROXY,DA,18.440826416015625,2026-08,8,2026
2026-08-13,PROXY,DA,19.533775329589844,2026-08,8,2026
2026-08-14,PROXY,DA,20.074691772460938,2026-08,8,2026
2026-08-15,PROXY,DA,26.969594955444336,2026-08,8,2026
2026-08-16,PROXY,DA,45.17078399658203,2026-08,8,2026
2026-08-17,PROXY,DA,96.17667388916016,2026-08,8,2026
2026-08-18,PROXY,DA,50.87844467163086,2026-08,8,2026
2026-08-19,PROXY,DA,71.65048217773438,2026-08,8,2026
2026-08-20,PROXY,DA,113.35691833496094,2026-08,8,2026
2026-08-21,PROXY,DA,89.6418685913086,2026-08,8,2026
2026-08-22,PROXY,DA,73.3997573852539,2026-08,8,2026
2026-08-23,PROXY,DA,52.861480712890625,2026-08,8,2026
2026-08-24,PROXY,DA,55.194664001464844,2026-08,8,2026
2026-08-25,PROXY,DA,75.36265563964844,2026-08,8,2026
2026-08-26,PROXY,DA,113.51432800292969,2026-08,8,2026
2026-08-27,PROXY,DA,76.167724609375,2026-08,8,2026
2026-08-28,PROXY,DA,53.698543548583984,2026-08,8,2026
2026-08-29,PROXY,DA,42.76759338378906,2026-08,8,2026
2026-08-30,PROXY,DA,38.377037048339844,2026-08,8,2026
2026-08-31,PROXY,DA,46.376853942871094,2026-08,8,2026
2026-09-01,PROXY,DA,38.881126403808594,2026-09,9,2026
2026-09-02,PROXY,DA,36.58332824707031,2026-09,9,2026
2026-09-03,PROXY,DA,28.196727752685547,2026-09,9,2026
2026-09-04,PROXY,DA,23.020893096923828,2026-09,9,2026
2026-09-05,PROXY,DA,35.646846771240234,2026-09,9,2026
2026-09-06,PROXY,DA,40.946922302246094,2026-09,9,2026
2026-09-07,PROXY,DA,58.148963928222656,2026-09,9,2026
2026-09-08,PROXY,DA,55.3493766784668,2026-09,9,2026
2026-09-09,PROXY,DA,73.98949432373047,2026-09,9,2026
2026-09-10,PROXY,DA,68.61332702636719,2026-09,9,2026
2026-09-11,PROXY,DA,27.445011138916016,2026-09,9,2026
2026-09-12,PROXY,DA,34.75664138793945,2026-09,9,2026
2026-09-13,PROXY,DA,35.92508316040039,2026-09,9,2026
2026-06-04,RVN,DA,20.064998626708984,2026-06,6,2026
2026-06-05,RVN,DA,18.774999618530273,2026-06,6,2026
2026-06-06,RVN,DA,27.28000259399414,2026-06,6,2026
2026-06-07,RVN,DA,17.814998626708984,2026-06,6,2026
2026-06-08,RVN,DA,19.849998474121094,2026-06,6,2026
2026-06-09,RVN,DA,27.11499786376953,2026-06,6,2026
2026-06-10,RVN,DA,22.150001525878906,2026-06,6,2026
2026-06-11,RVN,DA,36.29500198364258,2026-06,6,2026
2026-06-12,RVN,DA,25.0,2026-06,6,2026
2026-06-13,RVN,DA,21.56999969482422,2026-06,6,2026
2026-06-14,RVN,DA,22.089998245239258,2026-06,6,2026
2026-06-15,RVN,DA,30.559999465942383,2026-06,6,2026
2026-06-16,RVN,DA,25.844999313354492,2026-06,6,2026
2026-06-17,RVN,DA,24.590002059936523,2026-06,6,2026
2026-06-18,RVN,DA,40.595001220703125,2026-06,6,2026
2026-06-19,RVN,DA,39.590003967285156,2026-06,6,2026
2026-06-20,RVN,DA,25.18499755859375,2026-06,6,2026
2026-06-21,RVN,DA,23.73499870300293,2026-06,6,2026
2026-06-22,RVN,DA,36.86000061035156,2026-06,6,2026
2026-06-23,RVN,DA,22.119998931884766,2026-06,6,2026
2026-06-24,RVN,DA,26.150001525878906,2026-06,6,2026
2026-06-25,RVN,DA,23.349998474121094,2026-06,6,2026
2026-06-26,RVN,DA,20.924999237060547,2026-06,6,2026
2026-06-27,RVN,DA,20.55500030517578,2026-06,6,2026
2026-06-28,RVN,DA,22.005001068115234,2026-06,6,2026
2026-06-29,RVN,DA,21.325000762939453,2026-06,6,2026
2026-06-30,RVN,DA,20.319995880126953,2026-06,6,2026
2026-07-01,RVN,DA,27.89999771118164,2026-07,7,2026
2026-07-02,RVN,DA,26.465003967285156,2026-07,7,2026
2026-07-03,RVN,DA,27.229999542236328,2026-07,7,2026
2026-07-04,RVN,DA,34.98500061035156,2026-07,7,2026
2026-07-05,RVN,DA,46.394996643066406,2026-07,7,2026
2026-07-06,RVN,DA,44.59000015258789,2026-07,7,2026
2026-07-07,RVN,DA,33.119998931884766,2026-07,7,2026
2026-07-08,RVN,DA,26.889999389648438,2026-07,7,2026
2026-07-09,RVN,DA,24.544998168945312,2026-07,7,2026
2026-07-10,RVN,DA,23.205001831054688,2026-07,7,2026
2026-07-11,RVN,DA,23.205001831054688,2026-07,7,2026
2026-07-12,RVN,DA,24.779998779296875,2026-07,7,2026
2026-07-13,RVN,DA,16.68499755859375,2026-07,7,2026
2026-07-14,RVN,DA,15.64999771118164,2026-07,7,2026
2026-07-15,RVN,DA,12.999998092651367,2026-07,7,2026
2026-07-16,RVN,DA,15.520000457763672,2026-07,7,2026
2026-07-17,RVN,DA,18.53499984741211,2026-07,7,2026
2026-07-18,RVN,DA,24.285003662109375,2026-07,7,2026
2026-07-19,RVN,DA,30.13500213623047,2026-07,7,2026
2026-07-20,RVN,DA,51.95500564575195,2026-07,7,2026
2026-07-21,RVN,DA,182.8249969482422,2026-07,7,2026
2026-07-22,RVN,DA,198.79000854492188,2026-07,7,2026
2026-07-23,RVN,DA,33.70999526977539,2026-07,7,2026
2026-07-24,RVN,DA,18.69000244140625,2026-07,7,2026
2026-07-25,RVN,DA,28.59499740600586,2026-07,7,2026
2026-07-26,RVN,DA,28.384998321533203,2026-07,7,2026
2026-07-27,RVN,DA,39.590003967285156,2026-07,7,2026
2026-07-28,RVN,DA,40.599998474121094,2026-07,7,2026
2026-07-29,RVN,DA,45.474998474121094,2026-07,7,2026
2026-07-30,RVN,DA,40.26499938964844,2026-07,7,2026
2026-07-31,RVN,DA,72.70500183105469,2026-07,7,2026
2026-08-01,RVN,DA,55.779998779296875,2026-08,8,2026
2026-08-02,RVN,DA,63.579994201660156,2026-08,8,2026
2026-08-03,RVN,DA,31.4950008392334,2026-08,8,2026
2026-08-04,RVN,DA,28.790002822875977,2026-08,8,2026
2026-08-05,RVN,DA,22.075000762939453,2026-08,8,2026
2026-08-06,RVN,DA,21.055002212524414,2026-08,8,2026
2026-08-07,RVN,DA,25.21500015258789,2026-08,8,2026
2026-08-08,RVN,DA,23.53499984741211,2026-08,8,2026
2026-08-09,RVN,DA,29.380001068115234,2026-08,8,2026
2026-08-10,RVN,DA,23.385000228881836,2026-08,8,2026
2026-08-11,RVN,DA,23.82499885559082,2026-08,8,2026
2026-08-12,RVN,DA,18.834999084472656,2026-08,8,2026
2026-08-13,RVN,DA,20.465002059936523,2026-08,8,2026
2026-08-14,RVN,DA,20.729999542236328,2026-08,8,2026
2026-08-15,RVN,DA,27.084999084472656,2026-08,8,2026
2026-08-16,RVN,DA,45.599998474121094,2026-08,8,2026
2026-08-17,RVN,DA,96.71499633789062,2026-08,8,2026
2026-08-18,RVN,DA,51.48500061035156,2026-08,8,2026
2026-08-19,RVN,DA,72.33500671386719,2026-08,8,2026
2026-08-20,RVN,DA,115.83500671386719,2026-08,8,2026
2026-08-21,RVN,DA,91.1300048828125,2026-08,8,2026
2026-08-22,RVN,DA,74.58999633789062,2026-08,8,2026
2026-08-23,RVN,DA,53.27000045776367,2026-08,8,2026
2026-08-24,RVN,DA,55.579994201660156,2026-08,8,2026
2026-08-25,RVN,DA,75.62999725341797,2026-08,8,2026
2026-08-26,RVN,DA,115.96000671386719,2026-08,8,2026
2026-08-27,RVN,DA,76.78499603271484,2026-08,8,2026
2026-08-28,RVN,DA,55.32499694824219,2026-08,8,2026
2026-08-29,RVN,DA,42.904998779296875,2026-08,8,2026
2026-08-30,RVN,DA,38.43000030517578,2026-08,8,2026
2026-08-31,RVN,DA,46.73999786376953,2026-08,8,2026
2026-09-01,RVN,DA,39.59499740600586,2026-09,9,2026
2026-09-02,RVN,DA,37.724998474121094,2026-09,9,2026
2026-09-03,RVN,DA,29.0049991607666,2026-09,9,2026
2026-09-04,RVN,DA,23.204999923706055,2026-09,9,2026
2026-09-05,RVN,DA,35.91999816894531,2026-09,9,2026
2026-09-06,RVN,DA,41.04999923706055,2026-09,9,2026
2026-09-07,RVN,DA,58.68499755859375,2026-09,9,2026
2026-09-08,RVN,DA,55.7449951171875,2026-09,9,2026
2026-09-09,RVN,DA,73.84999084472656,2026-09,9,2026
2026-09-10,RVN,DA,69.02000427246094,2026-09,9,2026
2026-09-11,RVN,DA,27.970001220703125,2026-09,9,2026
2026-09-12,RVN,DA,35.310001373291016,2026-09,9,2026
2026-09-13,RVN,DA,36.12000274658203,2026-09,9,2026
2023-09-01,HB_HOU,DA,302.79498291015625,2023-09,9,2023
2023-09-02,HB_HOU,DA,270.1100158691406,2023-09,9,2023
2023-09-03,HB_HOU,DA,137.77499389648438,2023-09,9,2023
2023-09-04,HB_HOU,DA,51.480003356933594,2023-09,9,2023
2023-09-05,HB_HOU,DA,108.5250015258789,2023-09,9,2023
2023-09-06,HB_HOU,DA,947.1300048828125,2023-09,9,2023
2023-09-07,HB_HOU,DA,2444.580078125,2023-09,9,2023
2023-09-08,HB_HOU,DA,2165.050048828125,2023-09,9,2023
2023-09-09,HB_HOU,DA,168.05499267578125,2023-09,9,2023
2023-09-10,HB_HOU,DA,52.20000076293945,2023-09,9,2023
2023-09-11,HB_HOU,DA,49.779998779296875,2023-09,9,2023
2023-09-12,HB_HOU,DA,61.624996185302734,2023-09,9,2023
2023-09-13,HB_HOU,DA,33.255001068115234,2023-09,9,2023
2023-09-14,HB_HOU,DA,20.704998016357422,2023-09,9,2023
2023-09-15,HB_HOU,DA,24.384998321533203,2023-09,9,2023
2023-09-16,HB_HOU,DA,33.18000030517578,2023-09,9,2023
2023-09-17,HB_HOU,DA,102.83000183105469,2023-09,9,2023
2023-09-18,HB_HOU,DA,46.55500030517578,2023-09,9,2023
2023-09-19,HB_HOU,DA,50.540000915527344,2023-09,9,2023
2023-09-20,HB_HOU,DA,386.489990234375,2023-09,9,2023
2023-09-21,HB_HOU,DA,45.13999938964844,2023-09,9,2023
2023-09-22,HB_HOU,DA,45.724998474121094,2023-09,9,2023
2023-09-23,HB_HOU,DA,104.67999267578125,2023-09,9,2023
2023-09-24,HB_HOU,DA,224.47500610351562,2023-09,9,2023
2023-09-25,HB_HOU,DA,102.76499938964844,2023-09,9,2023
2023-09-26,HB_HOU,DA,227.20501708984375,2023-09,9,2023
2023-09-27,HB_HOU,DA,391.8550109863281,2023-09,9,2023
2023-09-28,HB_HOU,DA,91.0999984741211,2023-09,9,2023
2023-09-29,HB_HOU,DA,47.9900016784668,2023-09,9,2023
2023-09-30,HB_HOU,DA,33.869998931884766,2023-09,9,2023
2023-10-01,HB_HOU,DA,65.19499969482422,2023-10,10,2023
2023-10-02,HB_HOU,DA,50.54500198364258,2023-10,10,2023
2023-10-03,HB_HOU,DA,59.464996337890625,2023-10,10,2023
2023-10-04,HB_HOU,DA,47.65999984741211,2023-10,10,2023
2023-10-05,HB_HOU,DA,29.609996795654297,2023-10,10,2023
2023-10-06,HB_HOU,DA,20.630001068115234,2023-10,10,2023
2023-10-07,HB_HOU,DA,30.045001983642578,2023-10,10,2023
2023-10-08,HB_HOU,DA,33.154998779296875,2023-10,10,2023
2023-10-09,HB_HOU,DA,85.81500244140625,2023-10,10,2023
2023-10-10,HB_HOU,DA,27.55500030517578,2023-10,10,2023
2023-10-11,HB_HOU,DA,23.709997177124023,2023-10,10,2023
2023-10-12,HB_HOU,DA,49.970001220703125,2023-10,10,2023
2023-10-13,HB_HOU,DA,159.01499938964844,2023-10,10,2023
2023-10-14,HB_HOU,DA,43.659996032714844,2023-10,10,2023
2023-10-15,HB_HOU,DA,41.29500198364258,2023-10,10,2023
2023-10-16,HB_HOU,DA,52.874996185302734,2023-10,10,2023
2023-10-17,HB_HOU,DA,27.32499885559082,2023-10,10,2023
2023-10-18,HB_HOU,DA,63.405006408691406,2023-10,10,2023
2023-10-19,HB_HOU,DA,443.27001953125,2023-10,10,2023
2023-10-20,HB_HOU,DA,517.6900024414062,2023-10,10,2023
2023-10-21,HB_HOU,DA,48.66500473022461,2023-10,10,2023
2023-10-22,HB_HOU,DA,27.934999465942383,2023-10,10,2023
2023-10-23,HB_HOU,DA,33.04500198364258,2023-10,10,2023
2023-10-24,HB_HOU,DA,84.59500122070312,2023-10,10,2023
2023-10-25,HB_HOU,DA,97.35499572753906,2023-10,10,2023
2023-10-26,HB_HOU,DA,56.7400016784668,2023-10,10,2023
2023-10-27,HB_HOU,DA,161.7449951171875,2023-10,10,2023
2023-10-28,HB_HOU,DA,71.81999969482422,2023-10,10,2023
2023-10-29,HB_HOU,DA,47.02000045776367,2023-10,10,2023
2023-10-30,HB_HOU,DA,194.61500549316406,2023-10,10,2023
2023-10-31,HB_HOU,DA,170.125,2023-10,10,2023
2023-11-01,HB_HOU,DA,85.26499938964844,2023-11,11,2023
2023-11-02,HB_HOU,DA,30.110002517700195,2023-11,11,2023
2023-11-03,HB_HOU,DA,20.935001373291016,2023-11,11,2023
2023-11-04,HB_HOU,DA,86.69999694824219,2023-11,11,2023
2023-11-05,HB_HOU,DA,34.529998779296875,2023-11,11,2023
2023-11-06,HB_HOU,DA,105.54999542236328,2023-11,11,2023
2023-11-07,HB_HOU,DA,127.33500671386719,2023-11,11,2023
2023-11-08,HB_HOU,DA,453.75,2023-11,11,2023
2023-11-09,HB_HOU,DA,56.06999969482422,2023-11,11,2023
2023-11-10,HB_HOU,DA,70.68000030517578,2023-11,11,2023
2023-11-11,HB_HOU,DA,201.97500610351562,2023-11,11,2023
2023-11-12,HB_HOU,DA,56.535003662109375,2023-11,11,2023
2023-11-13,HB_HOU,DA,63.880001068115234,2023-11,11,2023
2023-11-14,HB_HOU,DA,153.25,2023-11,11,2023
2023-11-15,HB_HOU,DA,143.7949981689453,2023-11,11,2023
2023-11-16,HB_HOU,DA,37.83000183105469,2023-11,11,2023
2023-11-17,HB_HOU,DA,80.87000274658203,2023-11,11,2023
2023-11-18,HB_HOU,DA,30.045001983642578,2023-11,11,2023
2023-11-19,HB_HOU,DA,26.145002365112305,2023-11,11,2023
2023-11-20,HB_HOU,DA,15.50999927520752,2023-11,11,2023
2023-11-21,HB_HOU,DA,31.639995574951172,2023-11,11,2023
2023-11-22,HB_HOU,DA,32.47999572753906,2023-11,11,2023
2023-11-23,HB_HOU,DA,10.514999389648438,2023-11,11,2023
2023-11-24,HB_HOU,DA,22.06999969482422,2023-11,11,2023
2023-11-25,HB_HOU,DA,24.020000457763672,2023-11,11,2023
2023-11-26,HB_HOU,DA,26.25,2023-11,11,2023
2023-11-27,HB_HOU,DA,59.71999740600586,2023-11,11,2023
2023-11-28,HB_HOU,DA,37.81500244140625,2023-11,11,2023
2023-11-29,HB_HOU,DA,22.020002365112305,2023-11,11,2023
2023-11-30,HB_HOU,DA,22.10999870300293,2023-11,11,2023
2023-12-01,HB_HOU,DA,28.55000114440918,2023-12,12,2023
2023-12-02,HB_HOU,DA,28.10500144958496,2023-12,12,2023
2023-12-03,HB_HOU,DA,24.880001068115234,2023-12,12,2023
2023-12-04,HB_HOU,DA,35.375,2023-12,12,2023
2023-12-05,HB_HOU,DA,36.44499969482422,2023-12,12,2023
2023-12-06,HB_HOU,DA,36.79499816894531,2023-12,12,2023
2023-12-07,HB_HOU,DA,20.314998626708984,2023-12,12,2023
2023-12-08,HB_HOU,DA,30.770000457763672,2023-12,12,2023
2023-12-09,HB_HOU,DA,13.38499927520752,2023-12,12,2023
2023-12-10,HB_HOU,DA,31.80499839782715,2023-12,12,2023
2023-12-11,HB_HOU,DA,67.64500427246094,2023-12,12,2023
2023-12-12,HB_HOU,DA,32.36000061035156,2023-12,12,2023
2023-12-13,HB_HOU,DA,15.645000457763672,2023-12,12,2023
2023-12-14,HB_HOU,DA,19.889997482299805,2023-12,12,2023
2023-12-15,HB_HOU,DA,20.55500030517578,2023-12,12,2023
2023-12-16,HB_HOU,DA,22.049999237060547,2023-12,12,2023
2023-12-17,HB_HOU,DA,18.185001373291016,2023-12,12,2023
2023-12-18,HB_HOU,DA,23.700000762939453,2023-12,12,2023
2023-12-19,HB_HOU,DA,16.71000099182129,2023-12,12,2023
2023-12-20,HB_HOU,DA,20.209999084472656,2023-12,12,2023
2023-12-21,HB_HOU,DA,21.020000457763672,2023-12,12,2023
2023-12-22,HB_HOU,DA,23.55500030517578,2023-12,12,2023
2023-12-23,HB_HOU,DA,11.63499927520752,2023-12,12,2023
2023-12-24,HB_HOU,DA,17.610000610351562,2023-12,12,2023
2023-12-25,HB_HOU,DA,28.024999618530273,2023-12,12,2023
2023-12-26,HB_HOU,DA,26.03999900817871,2023-12,12,2023
2023-12-27,HB_HOU,DA,28.494998931884766,2023-12,12,2023
2023-12-28,HB_HOU,DA,29.81999969482422,2023-12,12,2023
2023-12-29,HB_HOU,DA,26.259998321533203,2023-12,12,2023
2023-12-30,HB_HOU,DA,30.340002059936523,2023-12,12,2023
2023-12-31,HB_HOU,DA,18.08500099182129,2023-12,12,2023
2024-01-01,HB_HOU,DA,18.90999984741211,2024-01,1,2024
2024-01-02,HB_HOU,DA,26.070003509521484,2024-01,1,2024
2024-01-03,HB_HOU,DA,26.940000534057617,2024-01,1,2024
2024-01-04,HB_HOU,DA,18.030000686645508,2024-01,1,2024
2024-01-05,HB_HOU,DA,28.479999542236328,2024-01,1,2024
2024-01-06,HB_HOU,DA,29.255001068115234,2024-01,1,2024
2024-01-07,HB_HOU,DA,28.634998321533203,2024-01,1,2024
2024-01-08,HB_HOU,DA,25.34000015258789,2024-01,1,2024
2024-01-09,HB_HOU,DA,50.400001525878906,2024-01,1,2024
2024-01-10,HB_HOU,DA,42.20000076293945,2024-01,1,2024
2024-01-11,HB_HOU,DA,21.684999465942383,2024-01,1,2024
2024-01-12,HB_HOU,DA,35.10499954223633,2024-01,1,2024
2024-01-13,HB_HOU,DA,20.28499984741211,2024-01,1,2024
2024-01-14,HB_HOU,DA,71.12499237060547,2024-01,1,2024
2024-01-15,HB_HOU,DA,821.4750366210938,2024-01,1,2024
2024-01-16,HB_HOU,DA,1504.919921875,2024-01,1,2024
2024-01-17,HB_HOU,DA,150.85499572753906,2024-01,1,2024
2024-01-18,HB_HOU,DA,25.524999618530273,2024-01,1,2024
2024-01-19,HB_HOU,DA,38.375,2024-01,1,2024
2024-01-20,HB_HOU,DA,65.54499816894531,2024-01,1,2024
2024-01-21,HB_HOU,DA,8.385000228881836,2024-01,1,2024
2024-01-22,HB_HOU,DA,34.53499984741211,2024-01,1,2024
2024-01-23,HB_HOU,DA,28.875,2024-01,1,2024
2024-01-24,HB_HOU,DA,31.40999984741211,2024-01,1,2024
2024-01-25,HB_HOU,DA,34.775001525878906,2024-01,1,2024
2024-01-26,HB_HOU,DA,21.46500015258789,2024-01,1,2024
2024-01-27,HB_HOU,DA,25.920000076293945,2024-01,1,2024
2024-01-28,HB_HOU,DA,32.12000274658203,2024-01,1,2024
2024-01-29,HB_HOU,DA,27.924997329711914,2024-01,1,2024
2024-01-30,HB_HOU,DA,19.98000144958496,2024-01,1,2024
2024-01-31,HB_HOU,DA,29.774999618530273,2024-01,1,2024
2024-02-01,HB_HOU,DA,15.46500015258789,2024-02,2,2024
2024-02-02,HB_HOU,DA,13.885000228881836,2024-02,2,2024
2024-02-03,HB_HOU,DA,23.474998474121094,2024-02,2,2024
2024-02-04,HB_HOU,DA,21.53999900817871,2024-02,2,2024
2024-02-05,HB_HOU,DA,33.83000183105469,2024-02,2,2024
2024-02-06,HB_HOU,DA,43.28999710083008,2024-02,2,2024
2024-02-07,HB_HOU,DA,21.270000457763672,2024-02,2,2024
2024-02-08,HB_HOU,DA,26.400001525878906,2024-02,2,2024
2024-02-09,HB_HOU,DA,31.2549991607666,2024-02,2,2024
2024-02-10,HB_HOU,DA,16.924999237060547,2024-02,2,2024
2024-02-11,HB_HOU,DA,16.110000610351562,2024-02,2,2024
2024-02-12,HB_HOU,DA,40.45499801635742,2024-02,2,2024
2024-02-13,HB_HOU,DA,24.255001068115234,2024-02,2,2024
2024-02-14,HB_HOU,DA,18.98999786376953,2024-02,2,2024
2024-02-15,HB_HOU,DA,16.084999084472656,2024-02,2,2024
2024-02-16,HB_HOU,DA,12.699999809265137,2024-02,2,2024
2024-02-17,HB_HOU,DA,35.47999572753906,2024-02,2,2024
2024-02-18,HB_HOU,DA,26.329999923706055,2024-02,2,2024
2024-02-19,HB_HOU,DA,27.334999084472656,2024-02,2,2024
2024-02-20,HB_HOU,DA,21.095001220703125,2024-02,2,2024
2024-02-21,HB_HOU,DA,18.065000534057617,2024-02,2,2024
2024-02-22,HB_HOU,DA,34.22999954223633,2024-02,2,2024
2024-02-23,HB_HOU,DA,38.07499694824219,2024-02,2,2024
2024-02-24,HB_HOU,DA,14.350000381469727,2024-02,2,2024
2024-02-25,HB_HOU,DA,43.32500457763672,2024-02,2,2024
2024-02-26,HB_HOU,DA,41.15999984741211,2024-02,2,2024
2024-02-27,HB_HOU,DA,33.025001525878906,2024-02,2,2024
2024-02-28,HB_HOU,DA,25.19000244140625,2024-02,2,2024
2024-02-29,HB_HOU,DA,31.524999618530273,2024-02,2,2024
2024-03-01,HB_HOU,DA,34.22999572753906,2024-03,3,2024
2024-03-02,HB_HOU,DA,29.364999771118164,2024-03,3,2024
2024-03-03,HB_HOU,DA,34.005001068115234,2024-03,3,2024
2024-03-04,HB_HOU,DA,110.40499877929688,2024-03,3,2024
2024-03-05,HB_HOU,DA,222.6199951171875,2024-03,3,2024
2024-03-06,HB_HOU,DA,51.719993591308594,2024-03,3,2024
2024-03-07,HB_HOU,DA,23.224998474121094,2024-03,3,2024
2024-03-08,HB_HOU,DA,18.310001373291016,2024-03,3,2024
2024-03-09,HB_HOU,DA,78.96500396728516,2024-03,3,2024
2024-03-10,HB_HOU,DA,45.24500274658203,2024-03,3,2024
2024-03-11,HB_HOU,DA,26.63499641418457,2024-03,3,2024
2024-03-12,HB_HOU,DA,35.959999084472656,2024-03,3,2024
2024-03-13,HB_HOU,DA,45.415000915527344,2024-03,3,2024
2024-03-14,HB_HOU,DA,76.8499984741211,2024-03,3,2024
2024-03-15,HB_HOU,DA,30.935001373291016,2024-03,3,2024
2024-03-16,HB_HOU,DA,37.56500244140625,2024-03,3,2024
2024-03-17,HB_HOU,DA,33.94000244140625,2024-03,3,2024
2024-03-18,HB_HOU,DA,72.18000030517578,2024-03,3,2024
2024-03-19,HB_HOU,DA,42.529998779296875,2024-03,3,2024
2024-03-20,HB_HOU,DA,50.12000274658203,2024-03,3,2024
2024-03-21,HB_HOU,DA,103.96000671386719,2024-03,3,2024
2024-03-22,HB_HOU,DA,54.459999084472656,2024-03,3,2024
2024-03-23,HB_HOU,DA,27.385000228881836,2024-03,3,2024
2024-03-24,HB_HOU,DA,23.345001220703125,2024-03,3,2024
2024-03-25,HB_HOU,DA,34.540000915527344,2024-03,3,2024
2024-03-26,HB_HOU,DA,73.79999542236328,2024-03,3,2024
2024-03-27,HB_HOU,DA,36.53000259399414,2024-03,3,2024
2024-03-28,HB_HOU,DA,74.33000183105469,2024-03,3,2024
2024-03-29,HB_HOU,DA,21.55500030517578,2024-03,3,2024
2024-03-30,HB_HOU,DA,29.529998779296875,2024-03,3,2024
2024-03-31,HB_HOU,DA,32.55500030517578,2024-03,3,2024
2024-04-01,HB_HOU,DA,35.540000915527344,2024-04,4,2024
2024-04-02,HB_HOU,DA,40.349998474121094,2024-04,4,2024
2024-04-03,HB_HOU,DA,145.54000854492188,2024-04,4,2024
2024-04-04,HB_HOU,DA,40.47999954223633,2024-04,4,2024
2024-04-05,HB_HOU,DA,23.48499870300293,2024-04,4,2024
2024-04-06,HB_HOU,DA,31.369998931884766,2024-04,4,2024
2024-04-07,HB_HOU,DA,108.93000030517578,2024-04,4,2024
2024-04-08,HB_HOU,DA,71.65499114990234,2024-04,4,2024
2024-04-09,HB_HOU,DA,50.284996032714844,2024-04,4,2024
2024-04-10,HB_HOU,DA,56.9900016784668,2024-04,4,2024
2024-04-11,HB_HOU,DA,167.16500854492188,2024-04,4,2024
2024-04-12,HB_HOU,DA,22.98499870300293,2024-04,4,2024
2024-04-13,HB_HOU,DA,22.35999870300293,2024-04,4,2024
2024-04-14,HB_HOU,DA,61.83000183105469,2024-04,4,2024
2024-04-15,HB_HOU,DA,17.104999542236328,2024-04,4,2024
2024-04-16,HB_HOU,DA,235.36000061035156,2024-04,4,2024
2024-04-17,HB_HOU,DA,185.27999877929688,2024-04,4,2024
2024-04-18,HB_HOU,DA,41.78999710083008,2024-04,4,2024
2024-04-19,HB_HOU,DA,49.5099983215332,2024-04,4,2024
2024-04-20,HB_HOU,DA,16.510000228881836,2024-04,4,2024
2024-04-21,HB_HOU,DA,57.310001373291016,2024-04,4,2024
2024-04-22,HB_HOU,DA,32.67499923706055,2024-04,4,2024
2024-04-23,HB_HOU,DA,44.02499771118164,2024-04,4,2024
2024-04-24,HB_HOU,DA,65.2800064086914,2024-04,4,2024
2024-04-25,HB_HOU,DA,24.084999084472656,2024-04,4,2024
2024-04-26,HB_HOU,DA,72.43499755859375,2024-04,4,2024
2024-04-27,HB_HOU,DA,33.64999771118164,2024-04,4,2024
2024-04-28,HB_HOU,DA,580.5650024414062,2024-04,4,2024
2024-04-29,HB_HOU,DA,158.1949920654297,2024-04,4,2024
2024-04-30,HB_HOU,DA,110.82499694824219,2024-04,4,2024
2024-05-01,HB_HOU,DA,27.55500030517578,2024-05,5,2024
2024-05-02,HB_HOU,DA,428.4499816894531,2024-05,5,2024
2024-05-03,HB_HOU,DA,67.21500396728516,2024-05,5,2024
2024-05-04,HB_HOU,DA,45.279998779296875,2024-05,5,2024
2024-05-05,HB_HOU,DA,41.93000030517578,2024-05,5,2024
2024-05-06,HB_HOU,DA,52.36000061035156,2024-05,5,2024
2024-05-07,HB_HOU,DA,90.19999694824219,2024-05,5,2024
2024-05-08,HB_HOU,DA,2048.02001953125,2024-05,5,2024
2024-05-09,HB_HOU,DA,41.8650016784668,2024-05,5,2024
2024-05-10,HB_HOU,DA,78.38999938964844,2024-05,5,2024
2024-05-11,HB_HOU,DA,16.630001068115234,2024-05,5,2024
2024-05-12,HB_HOU,DA,36.30999755859375,2024-05,5,2024
2024-05-13,HB_HOU,DA,293.8500061035156,2024-05,5,2024
2024-05-14,HB_HOU,DA,301.8949890136719,2024-05,5,2024
2024-05-15,HB_HOU,DA,36.7400016784668,2024-05,5,2024
2024-05-16,HB_HOU,DA,97.03499603271484,2024-05,5,2024
2024-05-17,HB_HOU,DA,531.9700317382812,2024-05,5,2024
2024-05-18,HB_HOU,DA,80.36000061035156,2024-05,5,2024
2024-05-19,HB_HOU,DA,36.05999755859375,2024-05,5,2024
2024-05-20,HB_HOU,DA,42.779998779296875,2024-05,5,2024
2024-05-21,HB_HOU,DA,73.12000274658203,2024-05,5,2024
2024-05-22,HB_HOU,DA,65.88499450683594,2024-05,5,2024
2024-05-23,HB_HOU,DA,41.80500030517578,2024-05,5,2024
2024-05-24,HB_HOU,DA,556.4749755859375,2024-05,5,2024
2024-05-25,HB_HOU,DA,42.07500076293945,2024-05,5,2024
2024-05-26,HB_HOU,DA,1260.125,2024-05,5,2024
2024-05-27,HB_HOU,DA,206.375,2024-05,5,2024
2024-05-28,HB_HOU,DA,39.2349967956543,2024-05,5,2024
2024-05-29,HB_HOU,DA,21.294998168945312,2024-05,5,2024
2024-05-30,HB_HOU,DA,13.125000953674316,2024-05,5,2024
2024-05-31,HB_HOU,DA,47.45000076293945,2024-05,5,2024
2024-06-01,HB_HOU,DA,27.730003356933594,2024-06,6,2024
2024-06-02,HB_HOU,DA,29.054996490478516,2024-06,6,2024
2024-06-03,HB_HOU,DA,40.20500183105469,2024-06,6,2024
2024-06-04,HB_HOU,DA,84.15499877929688,2024-06,6,2024
2024-06-05,HB_HOU,DA,111.60000610351562,2024-06,6,2024
2024-06-06,HB_HOU,DA,138.010009765625,2024-06,6,2024
2024-06-07,HB_HOU,DA,44.55500030517578,2024-06,6,2024
2024-06-08,HB_HOU,DA,34.70499801635742,2024-06,6,2024
2024-06-09,HB_HOU,DA,61.76499938964844,2024-06,6,2024
2024-06-10,HB_HOU,DA,102.26499938964844,2024-06,6,2024
2024-06-11,HB_HOU,DA,60.125,2024-06,6,2024
2024-06-12,HB_HOU,DA,60.45500183105469,2024-06,6,2024
2024-06-13,HB_HOU,DA,82.66500091552734,2024-06,6,2024
2024-06-14,HB_HOU,DA,56.709999084472656,2024-06,6,2024
2024-06-15,HB_HOU,DA,42.48999786376953,2024-06,6,2024
2024-06-16,HB_HOU,DA,35.54499816894531,2024-06,6,2024
2024-06-17,HB_HOU,DA,20.639999389648438,2024-06,6,2024
2024-06-18,HB_HOU,DA,18.235000610351562,2024-06,6,2024
2024-06-19,HB_HOU,DA,14.424999237060547,2024-06,6,2024
2024-06-20,HB_HOU,DA,37.560001373291016,2024-06,6,2024
2024-06-21,HB_HOU,DA,37.560001373291016,2024-06,6,2024
2024-06-22,HB_HOU,DA,67.45500183105469,2024-06,6,2024
2024-06-23,HB_HOU,DA,192.79998779296875,2024-06,6,2024
2024-06-24,HB_HOU,DA,102.45999908447266,2024-06,6,2024
2024-06-25,HB_HOU,DA,64.56500244140625,2024-06,6,2024
2024-06-26,HB_HOU,DA,126.5199966430664,2024-06,6,2024
2024-06-27,HB_HOU,DA,36.13500213623047,2024-06,6,2024
2024-06-28,HB_HOU,DA,28.53499984741211,2024-06,6,2024
2024-06-29,HB_HOU,DA,34.11000061035156,2024-06,6,2024
2024-06-30,HB_HOU,DA,51.67000198364258,2024-06,6,2024
2024-07-01,HB_HOU,DA,29.44500160217285,2024-07,7,2024
2024-07-02,HB_HOU,DA,37.845001220703125,2024-07,7,2024
2024-07-03,HB_HOU,DA,34.94000244140625,2024-07,7,2024
2024-07-04,HB_HOU,DA,67.23500061035156,2024-07,7,2024
2024-07-05,HB_HOU,DA,28.05999755859375,2024-07,7,2024
2024-07-06,HB_HOU,DA,29.974998474121094,2024-07,7,2024
2024-07-07,HB_HOU,DA,26.0,2024-07,7,2024
2024-07-08,HB_HOU,DA,13.855000495910645,2024-07,7,2024
2024-07-09,HB_HOU,DA,74.3949966430664,2024-07,7,2024
2024-07-10,HB_HOU,DA,56.349998474121094,2024-07,7,2024
2024-07-11,HB_HOU,DA,49.875,2024-07,7,2024
2024-07-12,HB_HOU,DA,23.524999618530273,2024-07,7,2024
2024-07-13,HB_HOU,DA,18.509998321533203,2024-07,7,2024
2024-07-14,HB_HOU,DA,27.595001220703125,2024-07,7,2024
2024-07-15,HB_HOU,DA,31.494998931884766,2024-07,7,2024
2024-07-16,HB_HOU,DA,60.90499496459961,2024-07,7,2024
2024-07-17,HB_HOU,DA,52.340003967285156,2024-07,7,2024
2024-07-18,HB_HOU,DA,26.954999923706055,2024-07,7,2024
2024-07-19,HB_HOU,DA,33.125,2024-07,7,2024
2024-07-20,HB_HOU,DA,40.72999954223633,2024-07,7,2024
2024-07-21,HB_HOU,DA,30.419998168945312,2024-07,7,2024
2024-07-22,HB_HOU,DA,17.005001068115234,2024-07,7,2024
2024-07-23,HB_HOU,DA,23.515003204345703,2024-07,7,2024
2024-07-24,HB_HOU,DA,22.959999084472656,2024-07,7,2024
2024-07-25,HB_HOU,DA,30.204999923706055,2024-07,7,2024
2024-07-26,HB_HOU,DA,28.41499900817871,2024-07,7,2024
2024-07-27,HB_HOU,DA,20.920001983642578,2024-07,7,2024
2024-07-28,HB_HOU,DA,34.89500045776367,2024-07,7,2024
2024-07-29,HB_HOU,DA,47.88500213623047,2024-07,7,2024
2024-07-30,HB_HOU,DA,32.77000045776367,2024-07,7,2024
2024-07-31,HB_HOU,DA,28.314998626708984,2024-07,7,2024
2024-08-01,HB_HOU,DA,45.185001373291016,2024-08,8,2024
2024-08-02,HB_HOU,DA,433.82000732421875,2024-08,8,2024
2024-08-03,HB_HOU,DA,113.66000366210938,2024-08,8,2024
2024-08-04,HB_HOU,DA,59.880001068115234,2024-08,8,2024
2024-08-05,HB_HOU,DA,76.99000549316406,2024-08,8,2024
2024-08-06,HB_HOU,DA,599.5250244140625,2024-08,8,2024
2024-08-07,HB_HOU,DA,267.6899719238281,2024-08,8,2024
2024-08-08,HB_HOU,DA,61.16499710083008,2024-08,8,2024
2024-08-09,HB_HOU,DA,40.709999084472656,2024-08,8,2024
2024-08-10,HB_HOU,DA,27.119998931884766,2024-08,8,2024
2024-08-11,HB_HOU,DA,35.51000213623047,2024-08,8,2024
2024-08-12,HB_HOU,DA,37.13500213623047,2024-08,8,2024
2024-08-13,HB_HOU,DA,34.275001525878906,2024-08,8,2024
2024-08-14,HB_HOU,DA,60.79999542236328,2024-08,8,2024
2024-08-15,HB_HOU,DA,121.01499938964844,2024-08,8,2024
2024-08-16,HB_HOU,DA,133.48501586914062,2024-08,8,2024
2024-08-17,HB_HOU,DA,79.86500549316406,2024-08,8,2024
2024-08-18,HB_HOU,DA,159.05499267578125,2024-08,8,2024
2024-08-19,HB_HOU,DA,370.60498046875,2024-08,8,2024
2024-08-20,HB_HOU,DA,433.57000732421875,2024-08,8,2024
2024-08-21,HB_HOU,DA,79.94000244140625,2024-08,8,2024
2024-08-22,HB_HOU,DA,57.26000213623047,2024-08,8,2024
2024-08-23,HB_HOU,DA,26.69000244140625,2024-08,8,2024
2024-08-24,HB_HOU,DA,31.485002517700195,2024-08,8,2024
2024-08-25,HB_HOU,DA,38.724998474121094,2024-08,8,2024
2024-08-26,HB_HOU,DA,30.56999969482422,2024-08,8,2024
2024-08-27,HB_HOU,DA,26.834999084472656,2024-08,8,2024
2024-08-28,HB_HOU,DA,22.005002975463867,2024-08,8,2024
2024-08-29,HB_HOU,DA,23.275001525878906,2024-08,8,2024
2024-08-30,HB_HOU,DA,24.73999786376953,2024-08,8,2024
2024-08-31,HB_HOU,DA,39.7599983215332,2024-08,8,2024
2024-09-01,HB_HOU,DA,20.00999641418457,2024-09,9,2024
2024-09-02,HB_HOU,DA,15.189998626708984,2024-09,9,2024
2024-09-03,HB_HOU,DA,11.995000839233398,2024-09,9,2024
2024-09-04,HB_HOU,DA,22.30499839782715,2024-09,9,2024
2024-09-05,HB_HOU,DA,28.040000915527344,2024-09,9,2024
2024-09-06,HB_HOU,DA,24.60000228881836,2024-09,9,2024
2024-09-07,HB_HOU,DA,25.690000534057617,2024-09,9,2024
2024-09-08,HB_HOU,DA,28.514997482299805,2024-09,9,2024
2024-09-09,HB_HOU,DA,36.03000259399414,2024-09,9,2024
2024-09-10,HB_HOU,DA,42.38500213623047,2024-09,9,2024
2024-09-11,HB_HOU,DA,40.03000259399414,2024-09,9,2024
2024-09-12,HB_HOU,DA,43.375,2024-09,9,2024
2024-09-13,HB_HOU,DA,42.07999801635742,2024-09,9,2024
2024-09-14,HB_HOU,DA,58.17500305175781,2024-09,9,2024
2024-09-15,HB_HOU,DA,36.37999725341797,2024-09,9,2024
2024-09-16,HB_HOU,DA,37.150001525878906,2024-09,9,2024
2024-09-17,HB_HOU,DA,27.520000457763672,2024-09,9,2024
2024-09-18,HB_HOU,DA,34.679996490478516,2024-09,9,2024
2024-09-19,HB_HOU,DA,92.53499603271484,2024-09,9,2024
2024-09-20,HB_HOU,DA,35.04999923706055,2024-09,9,2024
2024-09-21,HB_HOU,DA,17.57499885559082,2024-09,9,2024
2024-09-22,HB_HOU,DA,18.360000610351562,2024-09,9,2024
2024-09-23,HB_HOU,DA,40.30000305175781,2024-09,9,2024
2024-09-24,HB_HOU,DA,46.6400032043457,2024-09,9,2024
2024-09-25,HB_HOU,DA,50.34499740600586,2024-09,9,2024
2024-09-26,HB_HOU,DA,43.769996643066406,2024-09,9,2024
2024-09-27,HB_HOU,DA,36.67499923706055,2024-09,9,2024
2024-09-28,HB_HOU,DA,32.165000915527344,2024-09,9,2024
2024-09-29,HB_HOU,DA,45.12000274658203,2024-09,9,2024
2024-09-30,HB_HOU,DA,59.70499801635742,2024-09,9,2024
2024-10-01,HB_HOU,DA,56.3599967956543,2024-10,10,2024
2024-10-02,HB_HOU,DA,51.67499923706055,2024-10,10,2024
2024-10-03,HB_HOU,DA,53.47999954223633,2024-10,10,2024
2024-10-04,HB_HOU,DA,62.81500244140625,2024-10,10,2024
2024-10-05,HB_HOU,DA,55.52000427246094,2024-10,10,2024
2024-10-06,HB_HOU,DA,87.55000305175781,2024-10,10,2024
2024-10-07,HB_HOU,DA,324.7650146484375,2024-10,10,2024
2024-10-08,HB_HOU,DA,110.07499694824219,2024-10,10,2024
2024-10-09,HB_HOU,DA,62.80500030517578,2024-10,10,2024
2024-10-10,HB_HOU,DA,57.19499969482422,2024-10,10,2024
2024-10-11,HB_HOU,DA,47.92000198364258,2024-10,10,2024
2024-10-12,HB_HOU,DA,59.47500228881836,2024-10,10,2024
2024-10-13,HB_HOU,DA,95.69499206542969,2024-10,10,2024
2024-10-14,HB_HOU,DA,73.17500305175781,2024-10,10,2024
2024-10-15,HB_HOU,DA,51.01000213623047,2024-10,10,2024
2024-10-16,HB_HOU,DA,31.134998321533203,2024-10,10,2024
2024-10-17,HB_HOU,DA,21.2549991607666,2024-10,10,2024
2024-10-18,HB_HOU,DA,16.880001068115234,2024-10,10,2024
2024-10-19,HB_HOU,DA,17.010000228881836,2024-10,10,2024
2024-10-20,HB_HOU,DA,34.42499542236328,2024-10,10,2024
2024-10-21,HB_HOU,DA,38.400001525878906,2024-10,10,2024
2024-10-22,HB_HOU,DA,84.64999389648438,2024-10,10,2024
2024-10-23,HB_HOU,DA,112.18000030517578,2024-10,10,2024
2024-10-24,HB_HOU,DA,23.87999725341797,2024-10,10,2024
2024-10-25,HB_HOU,DA,154.68499755859375,2024-10,10,2024
2024-10-26,HB_HOU,DA,88.2449951171875,2024-10,10,2024
2024-10-27,HB_HOU,DA,54.15000534057617,2024-10,10,2024
2024-10-28,HB_HOU,DA,31.765003204345703,2024-10,10,2024
2024-10-29,HB_HOU,DA,22.59999656677246,2024-10,10,2024
2024-10-30,HB_HOU,DA,47.79499816894531,2024-10,10,2024
2024-10-31,HB_HOU,DA,113.7300033569336,2024-10,10,2024
2024-11-01,HB_HOU,DA,20.359996795654297,2024-11,11,2024
2024-11-02,HB_HOU,DA,20.23499870300293,2024-11,11,2024
2024-11-03,HB_HOU,DA,32.980003356933594,2024-11,11,2024
2024-11-04,HB_HOU,DA,30.51500129699707,2024-11,11,2024
2024-11-05,HB_HOU,DA,66.17500305175781,2024-11,11,2024
2024-11-06,HB_HOU,DA,44.165000915527344,2024-11,11,2024
2024-11-07,HB_HOU,DA,33.625,2024-11,11,2024
2024-11-08,HB_HOU,DA,49.665000915527344,2024-11,11,2024
2024-11-09,HB_HOU,DA,42.07500076293945,2024-11,11,2024
2024-11-10,HB_HOU,DA,151.4550018310547,2024-11,11,2024
2024-11-11,HB_HOU,DA,121.55000305175781,2024-11,11,2024
2024-11-12,HB_HOU,DA,25.435001373291016,2024-11,11,2024
2024-11-13,HB_HOU,DA,97.05999755859375,2024-11,11,2024
2024-11-14,HB_HOU,DA,33.02499771118164,2024-11,11,2024
2024-11-15,HB_HOU,DA,19.654998779296875,2024-11,11,2024
2024-11-16,HB_HOU,DA,25.73499870300293,2024-11,11,2024
2024-11-17,HB_HOU,DA,60.7650032043457,2024-11,11,2024
2024-11-18,HB_HOU,DA,33.810001373291016,2024-11,11,2024
2024-11-19,HB_HOU,DA,54.025001525878906,2024-11,11,2024
2024-11-20,HB_HOU,DA,46.474998474121094,2024-11,11,2024
2024-11-21,HB_HOU,DA,62.45000457763672,2024-11,11,2024
2024-11-22,HB_HOU,DA,48.980003356933594,2024-11,11,2024
2024-11-23,HB_HOU,DA,20.979999542236328,2024-11,11,2024
2024-11-24,HB_HOU,DA,34.474998474121094,2024-11,11,2024
2024-11-25,HB_HOU,DA,50.25,2024-11,11,2024
2024-11-26,HB_HOU,DA,37.05500030517578,2024-11,11,2024
2024-11-27,HB_HOU,DA,28.200000762939453,2024-11,11,2024
2024-11-28,HB_HOU,DA,27.634998321533203,2024-11,11,2024
2024-11-29,HB_HOU,DA,40.4949951171875,2024-11,11,2024
2024-11-30,HB_HOU,DA,28.170001983642578,2024-11,11,2024
2024-12-01,HB_HOU,DA,28.559999465942383,2024-12,12,2024
2024-12-02,HB_HOU,DA,52.83500289916992,2024-12,12,2024
2024-12-03,HB_HOU,DA,44.60499954223633,2024-12,12,2024
2024-12-04,HB_HOU,DA,46.814998626708984,2024-12,12,2024
2024-12-05,HB_HOU,DA,20.35999870300293,2024-12,12,2024
2024-12-06,HB_HOU,DA,45.375,2024-12,12,2024
2024-12-07,HB_HOU,DA,23.69000244140625,2024-12,12,2024
2024-12-08,HB_HOU,DA,14.690000534057617,2024-12,12,2024
2024-12-09,HB_HOU,DA,34.224998474121094,2024-12,12,2024
2024-12-10,HB_HOU,DA,36.16999816894531,2024-12,12,2024
2024-12-11,HB_HOU,DA,46.540000915527344,2024-12,12,2024
2024-12-12,HB_HOU,DA,16.594999313354492,2024-12,12,2024
2024-12-13,HB_HOU,DA,11.745000839233398,2024-12,12,2024
2024-12-14,HB_HOU,DA,39.474998474121094,2024-12,12,2024
2024-12-15,HB_HOU,DA,23.924999237060547,2024-12,12,2024
2024-12-16,HB_HOU,DA,30.06999969482422,2024-12,12,2024
2024-12-17,HB_HOU,DA,21.744998931884766,2024-12,12,2024
2024-12-18,HB_HOU,DA,29.974998474121094,2024-12,12,2024
2024-12-19,HB_HOU,DA,24.92500114440918,2024-12,12,2024
2024-12-20,HB_HOU,DA,22.805002212524414,2024-12,12,2024
2024-12-21,HB_HOU,DA,22.365001678466797,2024-12,12,2024
2024-12-22,HB_HOU,DA,22.065000534057617,2024-12,12,2024
2024-12-23,HB_HOU,DA,23.264999389648438,2024-12,12,2024
2024-12-24,HB_HOU,DA,12.080001831054688,2024-12,12,2024
2024-12-25,HB_HOU,DA,12.825000762939453,2024-12,12,2024
2024-12-26,HB_HOU,DA,27.520000457763672,2024-12,12,2024
2024-12-27,HB_HOU,DA,38.62000274658203,2024-12,12,2024
2024-12-28,HB_HOU,DA,34.87999725341797,2024-12,12,2024
2024-12-29,HB_HOU,DA,31.904998779296875,2024-12,12,2024
2024-12-30,HB_HOU,DA,38.29499816894531,2024-12,12,2024
2024-12-31,HB_HOU,DA,33.244998931884766,2024-12,12,2024
2025-01-01,HB_HOU,DA,20.28000259399414,2025-01,1,2025
2025-01-02,HB_HOU,DA,19.485000610351562,2025-01,1,2025
2025-01-03,HB_HOU,DA,22.845001220703125,2025-01,1,2025
2025-01-04,HB_HOU,DA,12.050000190734863,2025-01,1,2025
2025-01-05,HB_HOU,DA,22.934999465942383,2025-01,1,2025
2025-01-06,HB_HOU,DA,57.04500198364258,2025-01,1,2025
2025-01-07,HB_HOU,DA,63.249996185302734,2025-01,1,2025
2025-01-08,HB_HOU,DA,33.650001525878906,2025-01,1,2025
2025-01-09,HB_HOU,DA,35.60499954223633,2025-01,1,2025
2025-01-10,HB_HOU,DA,35.75,2025-01,1,2025
2025-01-11,HB_HOU,DA,31.60999870300293,2025-01,1,2025
2025-01-12,HB_HOU,DA,22.689998626708984,2025-01,1,2025
2025-01-13,HB_HOU,DA,37.0,2025-01,1,2025
2025-01-14,HB_HOU,DA,27.90999984741211,2025-01,1,2025
2025-01-15,HB_HOU,DA,21.580001831054688,2025-01,1,2025
2025-01-16,HB_HOU,DA,25.845003128051758,2025-01,1,2025
2025-01-17,HB_HOU,DA,26.264997482299805,2025-01,1,2025
2025-01-18,HB_HOU,DA,30.990001678466797,2025-01,1,2025
2025-01-19,HB_HOU,DA,92.93499755859375,2025-01,1,2025
2025-01-20,HB_HOU,DA,45.695003509521484,2025-01,1,2025
2025-01-21,HB_HOU,DA,117.68000793457031,2025-01,1,2025
2025-01-22,HB_HOU,DA,89.80000305175781,2025-01,1,2025
2025-01-23,HB_HOU,DA,48.94999694824219,2025-01,1,2025
2025-01-24,HB_HOU,DA,39.25,2025-01,1,2025
2025-01-25,HB_HOU,DA,23.570003509521484,2025-01,1,2025
2025-01-26,HB_HOU,DA,20.6299991607666,2025-01,1,2025
2025-01-27,HB_HOU,DA,30.93000030517578,2025-01,1,2025
2025-01-28,HB_HOU,DA,26.110002517700195,2025-01,1,2025
2025-01-29,HB_HOU,DA,18.619998931884766,2025-01,1,2025
2025-01-30,HB_HOU,DA,17.065000534057617,2025-01,1,2025
2025-01-31,HB_HOU,DA,45.23500061035156,2025-01,1,2025
2025-02-01,HB_HOU,DA,29.985000610351562,2025-02,2,2025
2025-02-02,HB_HOU,DA,30.549999237060547,2025-02,2,2025
2025-02-03,HB_HOU,DA,45.87999725341797,2025-02,2,2025
2025-02-04,HB_HOU,DA,20.784997940063477,2025-02,2,2025
2025-02-05,HB_HOU,DA,23.25,2025-02,2,2025
2025-02-06,HB_HOU,DA,28.900001525878906,2025-02,2,2025
2025-02-07,HB_HOU,DA,17.479999542236328,2025-02,2,2025
2025-02-08,HB_HOU,DA,28.215003967285156,2025-02,2,2025
2025-02-09,HB_HOU,DA,17.25499725341797,2025-02,2,2025
2025-02-10,HB_HOU,DA,18.50499725341797,2025-02,2,2025
2025-02-11,HB_HOU,DA,10.690000534057617,2025-02,2,2025
2025-02-12,HB_HOU,DA,25.645000457763672,2025-02,2,2025
2025-02-13,HB_HOU,DA,27.010000228881836,2025-02,2,2025
2025-02-14,HB_HOU,DA,13.84000015258789,2025-02,2,2025
2025-02-15,HB_HOU,DA,26.349998474121094,2025-02,2,2025
2025-02-16,HB_HOU,DA,31.55000114440918,2025-02,2,2025
2025-02-17,HB_HOU,DA,37.474998474121094,2025-02,2,2025
2025-02-18,HB_HOU,DA,16.630001068115234,2025-02,2,2025
2025-02-19,HB_HOU,DA,76.16999816894531,2025-02,2,2025
2025-02-20,HB_HOU,DA,732.5400390625,2025-02,2,2025
2025-02-21,HB_HOU,DA,157.34999084472656,2025-02,2,2025
2025-02-22,HB_HOU,DA,63.67499923706055,2025-02,2,2025
2025-02-23,HB_HOU,DA,31.954998016357422,2025-02,2,2025
2025-02-24,HB_HOU,DA,36.79499816894531,2025-02,2,2025
2025-02-25,HB_HOU,DA,37.12000274658203,2025-02,2,2025
2025-02-26,HB_HOU,DA,28.89000129699707,2025-02,2,2025
2025-02-27,HB_HOU,DA,38.44000244140625,2025-02,2,2025
2025-02-28,HB_HOU,DA,44.10499954223633,2025-02,2,2025
2025-03-01,HB_HOU,DA,40.21999740600586,2025-03,3,2025
2025-03-02,HB_HOU,DA,41.980003356933594,2025-03,3,2025
2025-03-03,HB_HOU,DA,21.875003814697266,2025-03,3,2025
2025-03-04,HB_HOU,DA,26.225000381469727,2025-03,3,2025
2025-03-05,HB_HOU,DA,47.97999954223633,2025-03,3,2025
2025-03-06,HB_HOU,DA,30.37999725341797,2025-03,3,2025
2025-03-07,HB_HOU,DA,93.08000183105469,2025-03,3,2025
2025-03-08,HB_HOU,DA,21.73499870300293,2025-03,3,2025
2025-03-09,HB_HOU,DA,82.91000366210938,2025-03,3,2025
2025-03-10,HB_HOU,DA,66.47999572753906,2025-03,3,2025
2025-03-11,HB_HOU,DA,54.64500427246094,2025-03,3,2025
2025-03-12,HB_HOU,DA,48.61000061035156,2025-03,3,2025
2025-03-13,HB_HOU,DA,56.84000778198242,2025-03,3,2025
2025-03-14,HB_HOU,DA,59.40999984741211,2025-03,3,2025
2025-03-15,HB_HOU,DA,83.4000015258789,2025-03,3,2025
2025-03-16,HB_HOU,DA,138.25999450683594,2025-03,3,2025
2025-03-17,HB_HOU,DA,42.06500244140625,2025-03,3,2025
2025-03-18,HB_HOU,DA,46.02000045776367,2025-03,3,2025
2025-03-19,HB_HOU,DA,36.38999938964844,2025-03,3,2025
2025-03-20,HB_HOU,DA,73.02000427246094,2025-03,3,2025
2025-03-21,HB_HOU,DA,67.95999908447266,2025-03,3,2025
2025-03-22,HB_HOU,DA,32.8849983215332,2025-03,3,2025
2025-03-23,HB_HOU,DA,33.23500061035156,2025-03,3,2025
2025-03-24,HB_HOU,DA,187.33001708984375,2025-03,3,2025
2025-03-25,HB_HOU,DA,108.85000610351562,2025-03,3,2025
2025-03-26,HB_HOU,DA,26.994998931884766,2025-03,3,2025
2025-03-27,HB_HOU,DA,26.940000534057617,2025-03,3,2025
2025-03-28,HB_HOU,DA,26.975000381469727,2025-03,3,2025
2025-03-29,HB_HOU,DA,23.235000610351562,2025-03,3,2025
2025-03-30,HB_HOU,DA,82.97999572753906,2025-03,3,2025
2025-03-31,HB_HOU,DA,66.03500366210938,2025-03,3,2025
2025-04-01,HB_HOU,DA,29.695003509521484,2025-04,4,2025
2025-04-02,HB_HOU,DA,164.66500854492188,2025-04,4,2025
2025-04-03,HB_HOU,DA,65.73999786376953,2025-04,4,2025
2025-04-04,HB_HOU,DA,16.785003662109375,2025-04,4,2025
2025-04-05,HB_HOU,DA,17.174999237060547,2025-04,4,2025
2025-04-06,HB_HOU,DA,82.91000366210938,2025-04,4,2025
2025-04-07,HB_HOU,DA,81.26000213623047,2025-04,4,2025
2025-04-08,HB_HOU,DA,46.18000411987305,2025-04,4,2025
2025-04-09,HB_HOU,DA,86.69999694824219,2025-04,4,2025
2025-04-10,HB_HOU,DA,72.0300064086914,2025-04,4,2025
2025-04-11,HB_HOU,DA,60.40500259399414,2025-04,4,2025
2025-04-12,HB_HOU,DA,39.025001525878906,2025-04,4,2025
2025-04-13,HB_HOU,DA,64.08999633789062,2025-04,4,2025
2025-04-14,HB_HOU,DA,82.83999633789062,2025-04,4,2025
2025-04-15,HB_HOU,DA,64.05499267578125,2025-04,4,2025
2025-04-16,HB_HOU,DA,33.375,2025-04,4,2025
2025-04-17,HB_HOU,DA,32.07500076293945,2025-04,4,2025
2025-04-18,HB_HOU,DA,33.23500061035156,2025-04,4,2025
2025-04-19,HB_HOU,DA,23.094999313354492,2025-04,4,2025
2025-04-20,HB_HOU,DA,176.48001098632812,2025-04,4,2025
2025-04-21,HB_HOU,DA,67.64500427246094,2025-04,4,2025
2025-04-22,HB_HOU,DA,66.88500213623047,2025-04,4,2025
2025-04-23,HB_HOU,DA,34.11499786376953,2025-04,4,2025
2025-04-24,HB_HOU,DA,58.77499771118164,2025-04,4,2025
2025-04-25,HB_HOU,DA,54.780006408691406,2025-04,4,2025
2025-04-26,HB_HOU,DA,51.25999450683594,2025-04,4,2025
2025-04-27,HB_HOU,DA,28.345001220703125,2025-04,4,2025
2025-04-28,HB_HOU,DA,53.19499969482422,2025-04,4,2025
2025-04-29,HB_HOU,DA,56.41000747680664,2025-04,4,2025
2025-04-30,HB_HOU,DA,79.94999694824219,2025-04,4,2025
2025-05-01,HB_HOU,DA,127.10499572753906,2025-05,5,2025
2025-05-02,HB_HOU,DA,44.929996490478516,2025-05,5,2025
2025-05-03,HB_HOU,DA,43.01000213623047,2025-05,5,2025
2025-05-04,HB_HOU,DA,34.17500305175781,2025-05,5,2025
2025-05-05,HB_HOU,DA,32.470001220703125,2025-05,5,2025
2025-05-06,HB_HOU,DA,72.05500030517578,2025-05,5,2025
2025-05-07,HB_HOU,DA,63.214996337890625,2025-05,5,2025
2025-05-08,HB_HOU,DA,61.73999786376953,2025-05,5,2025
2025-05-09,HB_HOU,DA,38.51499938964844,2025-05,5,2025
2025-05-10,HB_HOU,DA,33.275001525878906,2025-05,5,2025
2025-05-11,HB_HOU,DA,51.35499572753906,2025-05,5,2025
2025-05-12,HB_HOU,DA,66.74500274658203,2025-05,5,2025
2025-05-13,HB_HOU,DA,107.07501220703125,2025-05,5,2025
2025-05-14,HB_HOU,DA,134.15000915527344,2025-05,5,2025
2025-05-15,HB_HOU,DA,176.67498779296875,2025-05,5,2025
2025-05-16,HB_HOU,DA,154.08499145507812,2025-05,5,2025
2025-05-17,HB_HOU,DA,36.62999725341797,2025-05,5,2025
2025-05-18,HB_HOU,DA,43.76000213623047,2025-05,5,2025
2025-05-19,HB_HOU,DA,36.86500549316406,2025-05,5,2025
2025-05-20,HB_HOU,DA,510.5149841308594,2025-05,5,2025
2025-05-21,HB_HOU,DA,83.3550033569336,2025-05,5,2025
2025-05-22,HB_HOU,DA,38.529998779296875,2025-05,5,2025
2025-05-23,HB_HOU,DA,37.33000183105469,2025-05,5,2025
2025-05-24,HB_HOU,DA,45.30500030517578,2025-05,5,2025
2025-05-25,HB_HOU,DA,44.945003509521484,2025-05,5,2025
2025-05-26,HB_HOU,DA,29.955001831054688,2025-05,5,2025
2025-05-27,HB_HOU,DA,49.72999954223633,2025-05,5,2025
2025-05-28,HB_HOU,DA,18.26000213623047,2025-05,5,2025
2025-05-29,HB_HOU,DA,43.060001373291016,2025-05,5,2025
2025-05-30,HB_HOU,DA,61.14999771118164,2025-05,5,2025
2025-05-31,HB_HOU,DA,73.27999877929688,2025-05,5,2025
2025-06-01,HB_HOU,DA,68.16000366210938,2025-06,6,2025
2025-06-02,HB_HOU,DA,41.89500045776367,2025-06,6,2025
2025-06-03,HB_HOU,DA,43.6349983215332,2025-06,6,2025
2025-06-04,HB_HOU,DA,51.18000030517578,2025-06,6,2025
2025-06-05,HB_HOU,DA,36.130001068115234,2025-06,6,2025
2025-06-06,HB_HOU,DA,56.39500427246094,2025-06,6,2025
2025-06-07,HB_HOU,DA,150.96499633789062,2025-06,6,2025
2025-06-08,HB_HOU,DA,61.79499816894531,2025-06,6,2025
2025-06-09,HB_HOU,DA,77.34999084472656,2025-06,6,2025
2025-06-10,HB_HOU,DA,49.10000228881836,2025-06,6,2025
2025-06-11,HB_HOU,DA,25.35000228881836,2025-06,6,2025
2025-06-12,HB_HOU,DA,37.150001525878906,2025-06,6,2025
2025-06-13,HB_HOU,DA,44.34499740600586,2025-06,6,2025
2025-06-14,HB_HOU,DA,38.38500213623047,2025-06,6,2025
2025-06-15,HB_HOU,DA,48.974998474121094,2025-06,6,2025
2025-06-16,HB_HOU,DA,42.18000030517578,2025-06,6,2025
2025-06-17,HB_HOU,DA,29.259998321533203,2025-06,6,2025
2025-06-18,HB_HOU,DA,93.52499389648438,2025-06,6,2025
2025-06-19,HB_HOU,DA,53.95000076293945,2025-06,6,2025
2025-06-20,HB_HOU,DA,27.26000213623047,2025-06,6,2025
2025-06-21,HB_HOU,DA,30.72500228881836,2025-06,6,2025
2025-06-22,HB_HOU,DA,30.814998626708984,2025-06,6,2025
2025-06-23,HB_HOU,DA,38.2400016784668,2025-06,6,2025
2025-06-24,HB_HOU,DA,45.564998626708984,2025-06,6,2025
2025-06-25,HB_HOU,DA,42.79999923706055,2025-06,6,2025
2025-06-26,HB_HOU,DA,38.27000045776367,2025-06,6,2025
2025-06-27,HB_HOU,DA,47.01499938964844,2025-06,6,2025
2025-06-28,HB_HOU,DA,49.154998779296875,2025-06,6,2025
2025-06-29,HB_HOU,DA,44.74500274658203,2025-06,6,2025
2025-06-30,HB_HOU,DA,82.48500061035156,2025-06,6,2025
2025-07-01,HB_HOU,DA,83.70999908447266,2025-07,7,2025
2025-07-02,HB_HOU,DA,33.185001373291016,2025-07,7,2025
2025-07-03,HB_HOU,DA,20.244998931884766,2025-07,7,2025
2025-07-04,HB_HOU,DA,13.075000762939453,2025-07,7,2025
2025-07-05,HB_HOU,DA,27.279998779296875,2025-07,7,2025
2025-07-06,HB_HOU,DA,35.724998474121094,2025-07,7,2025
2025-07-07,HB_HOU,DA,36.029998779296875,2025-07,7,2025
2025-07-08,HB_HOU,DA,44.94999694824219,2025-07,7,2025
2025-07-09,HB_HOU,DA,29.560001373291016,2025-07,7,2025
2025-07-10,HB_HOU,DA,33.0150032043457,2025-07,7,2025
2025-07-11,HB_HOU,DA,33.73500061035156,2025-07,7,2025
2025-07-12,HB_HOU,DA,44.81999969482422,2025-07,7,2025
2025-07-13,HB_HOU,DA,52.599998474121094,2025-07,7,2025
2025-07-14,HB_HOU,DA,47.62999725341797,2025-07,7,2025
2025-07-15,HB_HOU,DA,37.630001068115234,2025-07,7,2025
2025-07-16,HB_HOU,DA,48.86499786376953,2025-07,7,2025
2025-07-17,HB_HOU,DA,61.56999969482422,2025-07,7,2025
2025-07-18,HB_HOU,DA,36.86500549316406,2025-07,7,2025
2025-07-19,HB_HOU,DA,36.970001220703125,2025-07,7,2025
2025-07-20,HB_HOU,DA,40.465003967285156,2025-07,7,2025
2025-07-21,HB_HOU,DA,49.51499938964844,2025-07,7,2025
2025-07-22,HB_HOU,DA,42.77000045776367,2025-07,7,2025
2025-07-23,HB_HOU,DA,53.410003662109375,2025-07,7,2025
2025-07-24,HB_HOU,DA,105.11000061035156,2025-07,7,2025
2025-07-25,HB_HOU,DA,90.48500061035156,2025-07,7,2025
2025-07-26,HB_HOU,DA,27.545001983642578,2025-07,7,2025
2025-07-27,HB_HOU,DA,35.26000213623047,2025-07,7,2025
2025-07-28,HB_HOU,DA,62.730003356933594,2025-07,7,2025
2025-07-29,HB_HOU,DA,97.32500457763672,2025-07,7,2025
2025-07-30,HB_HOU,DA,444.5649719238281,2025-07,7,2025
2025-07-31,HB_HOU,DA,165.15499877929688,2025-07,7,2025
2025-08-01,HB_HOU,DA,82.34500122070312,2025-08,8,2025
2025-08-02,HB_HOU,DA,48.880001068115234,2025-08,8,2025
2025-08-03,HB_HOU,DA,65.87999725341797,2025-08,8,2025
2025-08-04,HB_HOU,DA,34.92499923706055,2025-08,8,2025
2025-08-05,HB_HOU,DA,38.804996490478516,2025-08,8,2025
2025-08-06,HB_HOU,DA,38.040000915527344,2025-08,8,2025
2025-08-07,HB_HOU,DA,64.06500244140625,2025-08,8,2025
2025-08-08,HB_HOU,DA,51.52500534057617,2025-08,8,2025
2025-08-09,HB_HOU,DA,34.83000183105469,2025-08,8,2025
2025-08-10,HB_HOU,DA,45.68499755859375,2025-08,8,2025
2025-08-11,HB_HOU,DA,114.59498596191406,2025-08,8,2025
2025-08-12,HB_HOU,DA,223.0,2025-08,8,2025
2025-08-13,HB_HOU,DA,98.58000946044922,2025-08,8,2025
2025-08-14,HB_HOU,DA,56.25,2025-08,8,2025
2025-08-15,HB_HOU,DA,32.5,2025-08,8,2025
2025-08-16,HB_HOU,DA,45.060001373291016,2025-08,8,2025
2025-08-17,HB_HOU,DA,66.39500427246094,2025-08,8,2025
2025-08-18,HB_HOU,DA,198.0399932861328,2025-08,8,2025
2025-08-19,HB_HOU,DA,258.64996337890625,2025-08,8,2025
2025-08-20,HB_HOU,DA,86.48500061035156,2025-08,8,2025
2025-08-21,HB_HOU,DA,48.39500045776367,2025-08,8,2025
2025-08-22,HB_HOU,DA,37.130001068115234,2025-08,8,2025
2025-08-23,HB_HOU,DA,40.404998779296875,2025-08,8,2025
2025-08-24,HB_HOU,DA,69.53499603271484,2025-08,8,2025
2025-08-25,HB_HOU,DA,52.33499526977539,2025-08,8,2025
2025-08-26,HB_HOU,DA,24.115001678466797,2025-08,8,2025
2025-08-27,HB_HOU,DA,33.77000045776367,2025-08,8,2025
2025-08-28,HB_HOU,DA,111.78499603271484,2025-08,8,2025
2025-08-29,HB_HOU,DA,76.86500549316406,2025-08,8,2025
2025-08-30,HB_HOU,DA,23.3799991607666,2025-08,8,2025
2025-08-31,HB_HOU,DA,22.43499755859375,2025-08,8,2025
2025-09-01,HB_HOU,DA,46.500003814697266,2025-09,9,2025
2025-09-02,HB_HOU,DA,52.744998931884766,2025-09,9,2025
2025-09-03,HB_HOU,DA,72.84999084472656,2025-09,9,2025
2025-09-04,HB_HOU,DA,64.10499572753906,2025-09,9,2025
2025-09-05,HB_HOU,DA,43.75,2025-09,9,2025
2025-09-06,HB_HOU,DA,27.55500030517578,2025-09,9,2025
2025-09-07,HB_HOU,DA,29.384998321533203,2025-09,9,2025
2025-09-08,HB_HOU,DA,29.15500259399414,2025-09,9,2025
2025-09-09,HB_HOU,DA,33.26499557495117,2025-09,9,2025
2025-09-10,HB_HOU,DA,36.33000183105469,2025-09,9,2025
2025-09-11,HB_HOU,DA,40.35499954223633,2025-09,9,2025
2025-09-12,HB_HOU,DA,35.959999084472656,2025-09,9,2025
2025-09-13,HB_HOU,DA,35.63500213623047,2025-09,9,2025
2025-09-14,HB_HOU,DA,64.91500091552734,2025-09,9,2025
2025-09-15,HB_HOU,DA,53.875,2025-09,9,2025
2025-09-16,HB_HOU,DA,52.3650016784668,2025-09,9,2025
2025-09-17,HB_HOU,DA,44.73999786376953,2025-09,9,2025
2025-09-18,HB_HOU,DA,47.83000564575195,2025-09,9,2025
2025-09-19,HB_HOU,DA,39.52499771118164,2025-09,9,2025
2025-09-20,HB_HOU,DA,36.59000015258789,2025-09,9,2025
2025-09-21,HB_HOU,DA,44.29999923706055,2025-09,9,2025
2025-09-22,HB_HOU,DA,55.33000183105469,2025-09,9,2025
2025-09-23,HB_HOU,DA,68.85499572753906,2025-09,9,2025
2025-09-24,HB_HOU,DA,21.25499725341797,2025-09,9,2025
2025-09-25,HB_HOU,DA,58.40999984741211,2025-09,9,2025
2025-09-26,HB_HOU,DA,45.595001220703125,2025-09,9,2025
2025-09-27,HB_HOU,DA,40.410003662109375,2025-09,9,2025
2025-09-28,HB_HOU,DA,42.35499954223633,2025-09,9,2025
2025-09-29,HB_HOU,DA,48.52000045776367,2025-09,9,2025
2025-09-30,HB_HOU,DA,53.8900032043457,2025-09,9,2025
2025-10-01,HB_HOU,DA,74.06999969482422,2025-10,10,2025
2025-10-02,HB_HOU,DA,61.75499725341797,2025-10,10,2025
2025-10-03,HB_HOU,DA,45.185001373291016,2025-10,10,2025
2025-10-04,HB_HOU,DA,34.91999816894531,2025-10,10,2025
2025-10-05,HB_HOU,DA,59.12999725341797,2025-10,10,2025
2025-10-06,HB_HOU,DA,68.59500122070312,2025-10,10,2025
2025-10-07,HB_HOU,DA,61.48999786376953,2025-10,10,2025
2025-10-08,HB_HOU,DA,68.0199966430664,2025-10,10,2025
2025-10-09,HB_HOU,DA,61.595001220703125,2025-10,10,2025
2025-10-10,HB_HOU,DA,67.41000366210938,2025-10,10,2025
2025-10-11,HB_HOU,DA,35.36499786376953,2025-10,10,2025
2025-10-12,HB_HOU,DA,60.86499786376953,2025-10,10,2025
2025-10-13,HB_HOU,DA,64.17999267578125,2025-10,10,2025
2025-10-14,HB_HOU,DA,78.33000183105469,2025-10,10,2025
2025-10-15,HB_HOU,DA,63.334999084472656,2025-10,10,2025
2025-10-16,HB_HOU,DA,34.59000015258789,2025-10,10,2025
2025-10-17,HB_HOU,DA,60.1150016784668,2025-10,10,2025
2025-10-18,HB_HOU,DA,55.47999954223633,2025-10,10,2025
2025-10-19,HB_HOU,DA,38.26000213623047,2025-10,10,2025
2025-10-20,HB_HOU,DA,68.98500061035156,2025-10,10,2025
2025-10-21,HB_HOU,DA,100.0,2025-10,10,2025
2025-10-22,HB_HOU,DA,49.974998474121094,2025-10,10,2025
2025-10-23,HB_HOU,DA,40.525001525878906,2025-10,10,2025
2025-10-24,HB_HOU,DA,33.689998626708984,2025-10,10,2025
2025-10-25,HB_HOU,DA,45.14999771118164,2025-10,10,2025
2025-10-26,HB_HOU,DA,68.68000030517578,2025-10,10,2025
2025-10-27,HB_HOU,DA,72.47999572753906,2025-10,10,2025
2025-10-28,HB_HOU,DA,36.56500244140625,2025-10,10,2025
2025-10-29,HB_HOU,DA,38.77499771118164,2025-10,10,2025
2025-10-30,HB_HOU,DA,64.7350082397461,2025-10,10,2025
2025-10-31,HB_HOU,DA,44.06999969482422,2025-10,10,2025
2025-11-01,HB_HOU,DA,57.45999526977539,2025-11,11,2025
2025-11-02,HB_HOU,DA,63.53000259399414,2025-11,11,2025
2025-11-03,HB_HOU,DA,47.38999938964844,2025-11,11,2025
2025-11-04,HB_HOU,DA,47.39500045776367,2025-11,11,2025
2025-11-05,HB_HOU,DA,107.68500518798828,2025-11,11,2025
2025-11-06,HB_HOU,DA,47.654998779296875,2025-11,11,2025
2025-11-07,HB_HOU,DA,163.989990234375,2025-11,11,2025
2025-11-08,HB_HOU,DA,44.1300048828125,2025-11,11,2025
2025-11-09,HB_HOU,DA,48.31500244140625,2025-11,11,2025
2025-11-10,HB_HOU,DA,87.81500244140625,2025-11,11,2025
2025-11-11,HB_HOU,DA,32.31999969482422,2025-11,11,2025
2025-11-12,HB_HOU,DA,65.2449951171875,2025-11,11,2025
2025-11-13,HB_HOU,DA,41.459999084472656,2025-11,11,2025
2025-11-14,HB_HOU,DA,50.98999786376953,2025-11,11,2025
2025-11-15,HB_HOU,DA,66.03500366210938,2025-11,11,2025
2025-11-16,HB_HOU,DA,107.66999816894531,2025-11,11,2025
2025-11-17,HB_HOU,DA,49.119998931884766,2025-11,11,2025
2025-11-18,HB_HOU,DA,91.91499328613281,2025-11,11,2025
2025-11-19,HB_HOU,DA,62.50499725341797,2025-11,11,2025
2025-11-20,HB_HOU,DA,46.15000534057617,2025-11,11,2025
2025-11-21,HB_HOU,DA,63.30000305175781,2025-11,11,2025
2025-11-22,HB_HOU,DA,43.56499481201172,2025-11,11,2025
2025-11-23,HB_HOU,DA,27.354999542236328,2025-11,11,2025
2025-11-24,HB_HOU,DA,42.8599967956543,2025-11,11,2025
2025-11-25,HB_HOU,DA,47.71999740600586,2025-11,11,2025
2025-11-26,HB_HOU,DA,50.964996337890625,2025-11,11,2025
2025-11-27,HB_HOU,DA,34.11499786376953,2025-11,11,2025
2025-11-28,HB_HOU,DA,23.81999969482422,2025-11,11,2025
2025-11-29,HB_HOU,DA,17.56999969482422,2025-11,11,2025
2025-11-30,HB_HOU,DA,37.054996490478516,2025-11,11,2025
2025-12-01,HB_HOU,DA,34.58000564575195,2025-12,12,2025
2025-12-02,HB_HOU,DA,73.6050033569336,2025-12,12,2025
2025-12-03,HB_HOU,DA,20.854999542236328,2025-12,12,2025
2025-12-04,HB_HOU,DA,40.76499938964844,2025-12,12,2025
2025-12-05,HB_HOU,DA,32.345001220703125,2025-12,12,2025
2025-12-06,HB_HOU,DA,41.5150032043457,2025-12,12,2025
2025-12-07,HB_HOU,DA,39.564998626708984,2025-12,12,2025
2025-12-08,HB_HOU,DA,49.92499923706055,2025-12,12,2025
2025-12-09,HB_HOU,DA,50.06999969482422,2025-12,12,2025
2025-12-10,HB_HOU,DA,56.48500442504883,2025-12,12,2025
2025-12-11,HB_HOU,DA,34.57499694824219,2025-12,12,2025
2025-12-12,HB_HOU,DA,39.31500244140625,2025-12,12,2025
2025-12-13,HB_HOU,DA,23.33500099182129,2025-12,12,2025
2025-12-14,HB_HOU,DA,44.55999755859375,2025-12,12,2025
2025-12-15,HB_HOU,DA,54.29999542236328,2025-12,12,2025
2025-12-16,HB_HOU,DA,20.23999786376953,2025-12,12,2025
2025-12-17,HB_HOU,DA,21.990001678466797,2025-12,12,2025
2025-12-18,HB_HOU,DA,42.599998474121094,2025-12,12,2025
2025-12-19,HB_HOU,DA,27.005001068115234,2025-12,12,2025
2025-12-20,HB_HOU,DA,27.084999084472656,2025-12,12,2025
2025-12-21,HB_HOU,DA,29.875,2025-12,12,2025
2025-12-22,HB_HOU,DA,9.069999694824219,2025-12,12,2025
2025-12-23,HB_HOU,DA,20.21500015258789,2025-12,12,2025
2025-12-24,HB_HOU,DA,18.975000381469727,2025-12,12,2025
2025-12-25,HB_HOU,DA,18.42999839782715,2025-12,12,2025
2025-12-26,HB_HOU,DA,38.28499984741211,2025-12,12,2025
2025-12-27,HB_HOU,DA,13.929999351501465,2025-12,12,2025
2025-12-28,HB_HOU,DA,12.734999656677246,2025-12,12,2025
2025-12-29,HB_HOU,DA,39.94000244140625,2025-12,12,2025
2025-12-30,HB_HOU,DA,49.464996337890625,2025-12,12,2025
2025-12-31,HB_HOU,DA,35.415000915527344,2025-12,12,2025
2026-01-01,HB_HOU,DA,20.660001754760742,2026-01,1,2026
2026-01-02,HB_HOU,DA,33.82499694824219,2026-01,1,2026
2026-01-03,HB_HOU,DA,30.410001754760742,2026-01,1,2026
2026-01-04,HB_HOU,DA,23.93000030517578,2026-01,1,2026
2026-01-05,HB_HOU,DA,21.545000076293945,2026-01,1,2026
2026-01-06,HB_HOU,DA,29.525001525878906,2026-01,1,2026
2026-01-07,HB_HOU,DA,20.509998321533203,2026-01,1,2026
2026-01-08,HB_HOU,DA,24.864999771118164,2026-01,1,2026
2026-01-09,HB_HOU,DA,20.664997100830078,2026-01,1,2026
2026-01-10,HB_HOU,DA,34.55999755859375,2026-01,1,2026
2026-01-11,HB_HOU,DA,29.340002059936523,2026-01,1,2026
2026-01-12,HB_HOU,DA,31.290000915527344,2026-01,1,2026
2026-01-13,HB_HOU,DA,21.59499740600586,2026-01,1,2026
2026-01-14,HB_HOU,DA,30.46000099182129,2026-01,1,2026
2026-01-15,HB_HOU,DA,46.584999084472656,2026-01,1,2026
2026-01-16,HB_HOU,DA,29.430002212524414,2026-01,1,2026
2026-01-17,HB_HOU,DA,43.80500030517578,2026-01,1,2026
2026-01-18,HB_HOU,DA,43.834999084472656,2026-01,1,2026
2026-01-19,HB_HOU,DA,39.125,2026-01,1,2026
2026-01-20,HB_HOU,DA,42.55500030517578,2026-01,1,2026
2026-01-21,HB_HOU,DA,27.490001678466797,2026-01,1,2026
2026-01-22,HB_HOU,DA,24.189998626708984,2026-01,1,2026
2026-01-23,HB_HOU,DA,21.68000030517578,2026-01,1,2026
2026-01-24,HB_HOU,DA,241.32498168945312,2026-01,1,2026
2026-01-25,HB_HOU,DA,1006.574951171875,2026-01,1,2026
2026-01-26,HB_HOU,DA,1492.6949462890625,2026-01,1,2026
2026-01-27,HB_HOU,DA,218.28001403808594,2026-01,1,2026
2026-01-28,HB_HOU,DA,127.35499572753906,2026-01,1,2026
2026-01-29,HB_HOU,DA,69.89999389648438,2026-01,1,2026
2026-01-30,HB_HOU,DA,60.10499954223633,2026-01,1,2026
2026-01-31,HB_HOU,DA,69.0,2026-01,1,2026
2026-02-01,HB_HOU,DA,70.36499786376953,2026-02,2,2026
2026-02-02,HB_HOU,DA,29.764999389648438,2026-02,2,2026
2026-02-03,HB_HOU,DA,31.734996795654297,2026-02,2,2026
2026-02-04,HB_HOU,DA,40.51499557495117,2026-02,2,2026
2026-02-05,HB_HOU,DA,39.8650016784668,2026-02,2,2026
2026-02-06,HB_HOU,DA,36.224998474121094,2026-02,2,2026
2026-02-07,HB_HOU,DA,29.079999923706055,2026-02,2,2026
2026-02-08,HB_HOU,DA,24.399999618530273,2026-02,2,2026
2026-02-09,HB_HOU,DA,20.00499725341797,2026-02,2,2026
2026-02-10,HB_HOU,DA,22.834999084472656,2026-02,2,2026
2026-02-11,HB_HOU,DA,24.700002670288086,2026-02,2,2026
2026-02-12,HB_HOU,DA,23.690000534057617,2026-02,2,2026
2026-02-13,HB_HOU,DA,9.820001602172852,2026-02,2,2026
2026-02-14,HB_HOU,DA,7.2949981689453125,2026-02,2,2026
2026-02-15,HB_HOU,DA,37.24500274658203,2026-02,2,2026
2026-02-16,HB_HOU,DA,19.665000915527344,2026-02,2,2026
2026-02-17,HB_HOU,DA,18.130001068115234,2026-02,2,2026
2026-02-18,HB_HOU,DA,11.835000038146973,2026-02,2,2026
2026-02-19,HB_HOU,DA,23.60000228881836,2026-02,2,2026
2026-02-20,HB_HOU,DA,14.130001068115234,2026-02,2,2026
2026-02-21,HB_HOU,DA,8.869998931884766,2026-02,2,2026
2026-02-22,HB_HOU,DA,35.90999984741211,2026-02,2,2026
2026-02-23,HB_HOU,DA,28.115001678466797,2026-02,2,2026
2026-02-24,HB_HOU,DA,16.354999542236328,2026-02,2,2026
2026-02-25,HB_HOU,DA,39.57499694824219,2026-02,2,2026
2026-02-26,HB_HOU,DA,31.349998474121094,2026-02,2,2026
2026-02-27,HB_HOU,DA,30.334999084472656,2026-02,2,2026
2026-02-28,HB_HOU,DA,25.65999984741211,2026-02,2,2026
2026-03-01,HB_HOU,DA,19.15999984741211,2026-03,3,2026
2026-03-02,HB_HOU,DA,17.634998321533203,2026-03,3,2026
2026-03-03,HB_HOU,DA,27.055002212524414,2026-03,3,2026
2026-03-04,HB_HOU,DA,42.17499542236328,2026-03,3,2026
2026-03-05,HB_HOU,DA,15.350000381469727,2026-03,3,2026
2026-03-06,HB_HOU,DA,21.819997787475586,2026-03,3,2026
2026-03-07,HB_HOU,DA,26.709997177124023,2026-03,3,2026
2026-03-08,HB_HOU,DA,27.235000610351562,2026-03,3,2026
2026-03-09,HB_HOU,DA,23.59000015258789,2026-03,3,2026
2026-03-10,HB_HOU,DA,22.11499786376953,2026-03,3,2026
2026-03-11,HB_HOU,DA,15.694999694824219,2026-03,3,2026
2026-03-12,HB_HOU,DA,36.46500015258789,2026-03,3,2026
2026-03-13,HB_HOU,DA,43.73500061035156,2026-03,3,2026
2026-03-14,HB_HOU,DA,31.135000228881836,2026-03,3,2026
2026-03-15,HB_HOU,DA,33.724998474121094,2026-03,3,2026
2026-03-16,HB_HOU,DA,91.4000015258789,2026-03,3,2026
2026-03-17,HB_HOU,DA,35.90500259399414,2026-03,3,2026
2026-03-18,HB_HOU,DA,49.38500213623047,2026-03,3,2026
2026-03-19,HB_HOU,DA,61.53499984741211,2026-03,3,2026
2026-03-20,HB_HOU,DA,61.71000289916992,2026-03,3,2026
2026-03-21,HB_HOU,DA,48.090003967285156,2026-03,3,2026
2026-03-22,HB_HOU,DA,34.290000915527344,2026-03,3,2026
2026-03-23,HB_HOU,DA,100.35000610351562,2026-03,3,2026
2026-03-24,HB_HOU,DA,37.6400032043457,2026-03,3,2026
2026-03-25,HB_HOU,DA,40.52000045776367,2026-03,3,2026
2026-03-26,HB_HOU,DA,37.019996643066406,2026-03,3,2026
2026-03-27,HB_HOU,DA,35.66499710083008,2026-03,3,2026
2026-03-28,HB_HOU,DA,29.51999855041504,2026-03,3,2026
2026-03-29,HB_HOU,DA,35.13999938964844,2026-03,3,2026
2026-03-30,HB_HOU,DA,28.94499969482422,2026-03,3,2026
2026-03-31,HB_HOU,DA,27.59000015258789,2026-03,3,2026
2026-04-01,HB_HOU,DA,31.03499984741211,2026-04,4,2026
2026-04-02,HB_HOU,DA,26.360000610351562,2026-04,4,2026
2026-04-03,HB_HOU,DA,44.92000198364258,2026-04,4,2026
2026-04-04,HB_HOU,DA,53.56999588012695,2026-04,4,2026
2026-04-05,HB_HOU,DA,53.66999816894531,2026-04,4,2026
2026-04-06,HB_HOU,DA,56.85000228881836,2026-04,4,2026
2026-04-07,HB_HOU,DA,30.46999740600586,2026-04,4,2026
2026-04-08,HB_HOU,DA,27.885000228881836,2026-04,4,2026
2026-04-09,HB_HOU,DA,27.020000457763672,2026-04,4,2026
2026-04-10,HB_HOU,DA,18.854999542236328,2026-04,4,2026
2026-04-11,HB_HOU,DA,40.839996337890625,2026-04,4,2026
2026-04-12,HB_HOU,DA,28.98499870300293,2026-04,4,2026
2026-04-13,HB_HOU,DA,39.06999588012695,2026-04,4,2026
2026-04-14,HB_HOU,DA,28.734996795654297,2026-04,4,2026
2026-04-15,HB_HOU,DA,47.114994049072266,2026-04,4,2026
2026-04-16,HB_HOU,DA,51.80000305175781,2026-04,4,2026
2026-04-17,HB_HOU,DA,41.17500305175781,2026-04,4,2026
2026-04-18,HB_HOU,DA,19.075000762939453,2026-04,4,2026
2026-04-19,HB_HOU,DA,36.83000183105469,2026-04,4,2026
2026-04-20,HB_HOU,DA,29.350000381469727,2026-04,4,2026
2026-04-21,HB_HOU,DA,41.07999801635742,2026-04,4,2026
2026-04-22,HB_HOU,DA,29.69500160217285,2026-04,4,2026
2026-04-23,HB_HOU,DA,33.220001220703125,2026-04,4,2026
2026-04-24,HB_HOU,DA,227.41000366210938,2026-04,4,2026
2026-04-25,HB_HOU,DA,60.80500030517578,2026-04,4,2026
2026-04-26,HB_HOU,DA,39.4900016784668,2026-04,4,2026
2026-04-27,HB_HOU,DA,423.30499267578125,2026-04,4,2026
2026-04-28,HB_HOU,DA,176.88999938964844,2026-04,4,2026
2026-04-29,HB_HOU,DA,49.16499710083008,2026-04,4,2026
2026-04-30,HB_HOU,DA,21.314998626708984,2026-04,4,2026
2026-05-01,HB_HOU,DA,31.37000274658203,2026-05,5,2026
2026-05-02,HB_HOU,DA,67.15999603271484,2026-05,5,2026
2026-05-03,HB_HOU,DA,34.38500213623047,2026-05,5,2026
2026-05-04,HB_HOU,DA,30.555002212524414,2026-05,5,2026
2026-05-05,HB_HOU,DA,66.68499755859375,2026-05,5,2026
2026-05-06,HB_HOU,DA,27.90999984741211,2026-05,5,2026
2026-05-07,HB_HOU,DA,29.31999969482422,2026-05,5,2026
2026-05-08,HB_HOU,DA,31.67999839782715,2026-05,5,2026
2026-05-09,HB_HOU,DA,32.73999786376953,2026-05,5,2026
2026-05-10,HB_HOU,DA,29.69499969482422,2026-05,5,2026
2026-05-11,HB_HOU,DA,99.99000549316406,2026-05,5,2026
2026-05-12,HB_HOU,DA,57.93500518798828,2026-05,5,2026
2026-05-13,HB_HOU,DA,45.80500030517578,2026-05,5,2026
2026-05-14,HB_HOU,DA,28.525001525878906,2026-05,5,2026
2026-05-15,HB_HOU,DA,20.369997024536133,2026-05,5,2026
2026-05-16,HB_HOU,DA,18.739999771118164,2026-05,5,2026
2026-05-17,HB_HOU,DA,15.379999160766602,2026-05,5,2026
2026-05-18,HB_HOU,DA,22.485000610351562,2026-05,5,2026
2026-05-19,HB_HOU,DA,30.525001525878906,2026-05,5,2026
2026-05-20,HB_HOU,DA,41.91999816894531,2026-05,5,2026
2026-05-21,HB_HOU,DA,21.229995727539062,2026-05,5,2026
2026-05-22,HB_HOU,DA,26.794998168945312,2026-05,5,2026
2026-05-23,HB_HOU,DA,19.05500030517578,2026-05,5,2026
2026-05-24,HB_HOU,DA,35.04499816894531,2026-05,5,2026
2026-05-25,HB_HOU,DA,33.869998931884766,2026-05,5,2026
2026-05-26,HB_HOU,DA,43.05500030517578,2026-05,5,2026
2026-05-27,HB_HOU,DA,37.91499710083008,2026-05,5,2026
2026-05-28,HB_HOU,DA,86.37000274658203,2026-05,5,2026
2026-05-29,HB_HOU,DA,47.35499572753906,2026-05,5,2026
2026-05-30,HB_HOU,DA,21.040000915527344,2026-05,5,2026
2026-05-31,HB_HOU,DA,35.904998779296875,2026-05,5,2026
2026-06-01,HB_HOU,DA,51.255001068115234,2026-06,6,2026
2026-06-02,HB_HOU,DA,27.270000457763672,2026-06,6,2026
2026-06-03,HB_HOU,DA,31.91499900817871,2026-06,6,2026
2026-06-04,HB_HOU,DA,22.05999755859375,2026-06,6,2026
2026-06-05,HB_HOU,DA,20.2549991607666,2026-06,6,2026
2026-06-06,HB_HOU,DA,27.014997482299805,2026-06,6,2026
2026-06-07,HB_HOU,DA,17.160001754760742,2026-06,6,2026
2026-06-08,HB_HOU,DA,19.66499900817871,2026-06,6,2026
2026-06-09,HB_HOU,DA,26.514999389648438,2026-06,6,2026
2026-06-10,HB_HOU,DA,26.560001373291016,2026-06,6,2026
2026-06-11,HB_HOU,DA,35.32499694824219,2026-06,6,2026
2026-06-12,HB_HOU,DA,25.25,2026-06,6,2026
2026-06-13,HB_HOU,DA,26.75,2026-06,6,2026
2026-06-14,HB_HOU,DA,22.06999969482422,2026-06,6,2026
2026-06-15,HB_HOU,DA,29.23999786376953,2026-06,6,2026
2026-06-16,HB_HOU,DA,25.624998092651367,2026-06,6,2026
2026-06-17,HB_HOU,DA,24.354997634887695,2026-06,6,2026
2026-06-18,HB_HOU,DA,40.179996490478516,2026-06,6,2026
2026-06-19,HB_HOU,DA,38.60499954223633,2026-06,6,2026
2026-06-20,HB_HOU,DA,24.134998321533203,2026-06,6,2026
2026-06-21,HB_HOU,DA,27.09000015258789,2026-06,6,2026
2026-06-22,HB_HOU,DA,36.09000015258789,2026-06,6,2026
2026-06-23,HB_HOU,DA,21.479999542236328,2026-06,6,2026
2026-06-24,HB_HOU,DA,25.804996490478516,2026-06,6,2026
2026-06-25,HB_HOU,DA,23.234996795654297,2026-06,6,2026
2026-06-26,HB_HOU,DA,20.23000144958496,2026-06,6,2026
2026-06-27,HB_HOU,DA,18.975000381469727,2026-06,6,2026
2026-06-28,HB_HOU,DA,20.509998321533203,2026-06,6,2026
2026-06-29,HB_HOU,DA,19.389999389648438,2026-06,6,2026
2026-06-30,HB_HOU,DA,20.55999755859375,2026-06,6,2026
2026-07-01,HB_HOU,DA,27.28000259399414,2026-07,7,2026
2026-07-02,HB_HOU,DA,26.795000076293945,2026-07,7,2026
2026-07-03,HB_HOU,DA,26.985002517700195,2026-07,7,2026
2026-07-04,HB_HOU,DA,35.02000045776367,2026-07,7,2026
2026-07-05,HB_HOU,DA,46.850006103515625,2026-07,7,2026
2026-07-06,HB_HOU,DA,44.83499526977539,2026-07,7,2026
2026-07-07,HB_HOU,DA,33.019996643066406,2026-07,7,2026
2026-07-08,HB_HOU,DA,26.63500213623047,2026-07,7,2026
2026-07-09,HB_HOU,DA,23.130001068115234,2026-07,7,2026
2026-07-10,HB_HOU,DA,22.075000762939453,2026-07,7,2026
2026-07-11,HB_HOU,DA,23.165002822875977,2026-07,7,2026
2026-07-12,HB_HOU,DA,24.924999237060547,2026-07,7,2026
2026-07-13,HB_HOU,DA,16.780000686645508,2026-07,7,2026
2026-07-14,HB_HOU,DA,15.950000762939453,2026-07,7,2026
2026-07-15,HB_HOU,DA,13.104999542236328,2026-07,7,2026
2026-07-16,HB_HOU,DA,13.759998321533203,2026-07,7,2026
2026-07-17,HB_HOU,DA,18.06999969482422,2026-07,7,2026
2026-07-18,HB_HOU,DA,23.474998474121094,2026-07,7,2026
2026-07-19,HB_HOU,DA,30.154998779296875,2026-07,7,2026
2026-07-20,HB_HOU,DA,51.76499938964844,2026-07,7,2026
2026-07-21,HB_HOU,DA,177.31500244140625,2026-07,7,2026
2026-07-22,HB_HOU,DA,191.489990234375,2026-07,7,2026
2026-07-23,HB_HOU,DA,32.01499938964844,2026-07,7,2026
2026-07-24,HB_HOU,DA,20.59499740600586,2026-07,7,2026
2026-07-25,HB_HOU,DA,28.165002822875977,2026-07,7,2026
2026-07-26,HB_HOU,DA,27.490001678466797,2026-07,7,2026
2026-07-27,HB_HOU,DA,39.7349967956543,2026-07,7,2026
2026-07-28,HB_HOU,DA,39.17499923706055,2026-07,7,2026
2026-07-29,HB_HOU,DA,43.48500442504883,2026-07,7,2026
2026-07-30,HB_HOU,DA,37.415000915527344,2026-07,7,2026
2026-07-31,HB_HOU,DA,70.31999206542969,2026-07,7,2026
2026-08-01,HB_HOU,DA,55.304996490478516,2026-08,8,2026
2026-08-02,HB_HOU,DA,63.54500198364258,2026-08,8,2026
2026-08-03,HB_HOU,DA,31.029998779296875,2026-08,8,2026
2026-08-04,HB_HOU,DA,28.74500274658203,2026-08,8,2026
2026-08-05,HB_HOU,DA,23.589998245239258,2026-08,8,2026
2026-08-06,HB_HOU,DA,21.51000213623047,2026-08,8,2026
2026-08-07,HB_HOU,DA,25.279998779296875,2026-08,8,2026
2026-08-08,HB_HOU,DA,23.604999542236328,2026-08,8,2026
2026-08-09,HB_HOU,DA,29.605003356933594,2026-08,8,2026
2026-08-10,HB_HOU,DA,23.505001068115234,2026-08,8,2026
2026-08-11,HB_HOU,DA,23.020000457763672,2026-08,8,2026
2026-08-12,HB_HOU,DA,18.44999885559082,2026-08,8,2026
2026-08-13,HB_HOU,DA,19.0,2026-08,8,2026
2026-08-14,HB_HOU,DA,20.229999542236328,2026-08,8,2026
2026-08-15,HB_HOU,DA,26.994998931884766,2026-08,8,2026
2026-08-16,HB_HOU,DA,46.784996032714844,2026-08,8,2026
2026-08-17,HB_HOU,DA,95.73999786376953,2026-08,8,2026
2026-08-18,HB_HOU,DA,51.345001220703125,2026-08,8,2026
2026-08-19,HB_HOU,DA,70.66000366210938,2026-08,8,2026
2026-08-20,HB_HOU,DA,111.01499938964844,2026-08,8,2026
2026-08-21,HB_HOU,DA,90.5050048828125,2026-08,8,2026
2026-08-22,HB_HOU,DA,74.28499603271484,2026-08,8,2026
2026-08-23,HB_HOU,DA,53.19499588012695,2026-08,8,2026
2026-08-24,HB_HOU,DA,55.72499465942383,2026-08,8,2026
2026-08-25,HB_HOU,DA,74.71500396728516,2026-08,8,2026
2026-08-26,HB_HOU,DA,114.07499694824219,2026-08,8,2026
2026-08-27,HB_HOU,DA,75.34500122070312,2026-08,8,2026
2026-08-28,HB_HOU,DA,54.605003356933594,2026-08,8,2026
2026-08-29,HB_HOU,DA,42.55999755859375,2026-08,8,2026
2026-08-30,HB_HOU,DA,38.654998779296875,2026-08,8,2026
2026-08-31,HB_HOU,DA,46.040000915527344,2026-08,8,2026
2026-09-01,HB_HOU,DA,39.540000915527344,2026-09,9,2026
2026-09-02,HB_HOU,DA,38.34000015258789,2026-09,9,2026
2026-09-03,HB_HOU,DA,29.64000129699707,2026-09,9,2026
2026-09-04,HB_HOU,DA,23.174999237060547,2026-09,9,2026
2026-09-05,HB_HOU,DA,37.28000259399414,2026-09,9,2026
2026-09-06,HB_HOU,DA,40.619998931884766,2026-09,9,2026
2026-09-07,HB_HOU,DA,58.064998626708984,2026-09,9,2026
2026-09-08,HB_HOU,DA,54.95000457763672,2026-09,9,2026
2026-09-09,HB_HOU,DA,72.0050048828125,2026-09,9,2026
2026-09-10,HB_HOU,DA,68.63999938964844,2026-09,9,2026
2026-09-11,HB_HOU,DA,27.875,2026-09,9,2026
2026-09-12,HB_HOU,DA,34.01499938964844,2026-09,9,2026
2026-09-13,HB_HOU,DA,34.94499969482422,2026-09,9,2026
2023-09-01,HB_AVG,DA,305.239990234375,2023-09,9,2023
2023-09-02,HB_AVG,DA,271.29498291015625,2023-09,9,2023
2023-09-03,HB_AVG,DA,138.69000244140625,2023-09,9,2023
2023-09-04,HB_AVG,DA,52.88999938964844,2023-09,9,2023
2023-09-05,HB_AVG,DA,112.13500213623047,2023-09,9,2023
2023-09-06,HB_AVG,DA,949.9549560546875,2023-09,9,2023
2023-09-07,HB_AVG,DA,2448.664794921875,2023-09,9,2023
2023-09-08,HB_AVG,DA,2167.869873046875,2023-09,9,2023
2023-09-09,HB_AVG,DA,171.71499633789062,2023-09,9,2023
2023-09-10,HB_AVG,DA,51.535003662109375,2023-09,9,2023
2023-09-11,HB_AVG,DA,49.6150016784668,2023-09,9,2023
2023-09-12,HB_AVG,DA,52.72999572753906,2023-09,9,2023
2023-09-13,HB_AVG,DA,29.970001220703125,2023-09,9,2023
2023-09-14,HB_AVG,DA,21.144996643066406,2023-09,9,2023
2023-09-15,HB_AVG,DA,24.74500274658203,2023-09,9,2023
2023-09-16,HB_AVG,DA,33.28999710083008,2023-09,9,2023
2023-09-17,HB_AVG,DA,103.44999694824219,2023-09,9,2023
2023-09-18,HB_AVG,DA,46.19499969482422,2023-09,9,2023
2023-09-19,HB_AVG,DA,48.92500305175781,2023-09,9,2023
2023-09-20,HB_AVG,DA,388.7900085449219,2023-09,9,2023
2023-09-21,HB_AVG,DA,44.99500274658203,2023-09,9,2023
2023-09-22,HB_AVG,DA,45.82499694824219,2023-09,9,2023
2023-09-23,HB_AVG,DA,105.20500183105469,2023-09,9,2023
2023-09-24,HB_AVG,DA,226.0,2023-09,9,2023
2023-09-25,HB_AVG,DA,101.9949951171875,2023-09,9,2023
2023-09-26,HB_AVG,DA,227.0850067138672,2023-09,9,2023
2023-09-27,HB_AVG,DA,392.969970703125,2023-09,9,2023
2023-09-28,HB_AVG,DA,89.38999938964844,2023-09,9,2023
2023-09-29,HB_AVG,DA,49.93000030517578,2023-09,9,2023
2023-09-30,HB_AVG,DA,34.095001220703125,2023-09,9,2023
2023-10-01,HB_AVG,DA,64.3800048828125,2023-10,10,2023
2023-10-02,HB_AVG,DA,48.500003814697266,2023-10,10,2023
2023-10-03,HB_AVG,DA,59.035003662109375,2023-10,10,2023
2023-10-04,HB_AVG,DA,47.0050048828125,2023-10,10,2023
2023-10-05,HB_AVG,DA,29.720001220703125,2023-10,10,2023
2023-10-06,HB_AVG,DA,19.37999725341797,2023-10,10,2023
2023-10-07,HB_AVG,DA,30.244998931884766,2023-10,10,2023
2023-10-08,HB_AVG,DA,33.25499725341797,2023-10,10,2023
2023-10-09,HB_AVG,DA,85.80999755859375,2023-10,10,2023
2023-10-10,HB_AVG,DA,26.314998626708984,2023-10,10,2023
2023-10-11,HB_AVG,DA,20.404998779296875,2023-10,10,2023
2023-10-12,HB_AVG,DA,49.689998626708984,2023-10,10,2023
2023-10-13,HB_AVG,DA,160.02999877929688,2023-10,10,2023
2023-10-14,HB_AVG,DA,44.355003356933594,2023-10,10,2023
2023-10-15,HB_AVG,DA,41.834999084472656,2023-10,10,2023
2023-10-16,HB_AVG,DA,54.64000701904297,2023-10,10,2023
2023-10-17,HB_AVG,DA,28.09000015258789,2023-10,10,2023
2023-10-18,HB_AVG,DA,60.83000183105469,2023-10,10,2023
2023-10-19,HB_AVG,DA,439.5899963378906,2023-10,10,2023
2023-10-20,HB_AVG,DA,509.85498046875,2023-10,10,2023
2023-10-21,HB_AVG,DA,46.14500045776367,2023-10,10,2023
2023-10-22,HB_AVG,DA,25.8700008392334,2023-10,10,2023
2023-10-23,HB_AVG,DA,33.86499786376953,2023-10,10,2023
2023-10-24,HB_AVG,DA,76.78500366210938,2023-10,10,2023
2023-10-25,HB_AVG,DA,83.99500274658203,2023-10,10,2023
2023-10-26,HB_AVG,DA,51.65999984741211,2023-10,10,2023
2023-10-27,HB_AVG,DA,156.614990234375,2023-10,10,2023
2023-10-28,HB_AVG,DA,60.34000015258789,2023-10,10,2023
2023-10-29,HB_AVG,DA,21.875,2023-10,10,2023
2023-10-30,HB_AVG,DA,197.6999969482422,2023-10,10,2023
2023-10-31,HB_AVG,DA,176.385009765625,2023-10,10,2023
2023-11-01,HB_AVG,DA,88.55500793457031,2023-11,11,2023
2023-11-02,HB_AVG,DA,30.98499870300293,2023-11,11,2023
2023-11-03,HB_AVG,DA,22.145000457763672,2023-11,11,2023
2023-11-04,HB_AVG,DA,87.92500305175781,2023-11,11,2023
2023-11-05,HB_AVG,DA,36.14500045776367,2023-11,11,2023
2023-11-06,HB_AVG,DA,106.33999633789062,2023-11,11,2023
2023-11-07,HB_AVG,DA,124.18500518798828,2023-11,11,2023
2023-11-08,HB_AVG,DA,446.3450012207031,2023-11,11,2023
2023-11-09,HB_AVG,DA,56.38999938964844,2023-11,11,2023
2023-11-10,HB_AVG,DA,69.93000030517578,2023-11,11,2023
2023-11-11,HB_AVG,DA,199.2449951171875,2023-11,11,2023
2023-11-12,HB_AVG,DA,56.090003967285156,2023-11,11,2023
2023-11-13,HB_AVG,DA,63.650001525878906,2023-11,11,2023
2023-11-14,HB_AVG,DA,153.27999877929688,2023-11,11,2023
2023-11-15,HB_AVG,DA,143.76498413085938,2023-11,11,2023
2023-11-16,HB_AVG,DA,38.619998931884766,2023-11,11,2023
2023-11-17,HB_AVG,DA,81.68000030517578,2023-11,11,2023
2023-11-18,HB_AVG,DA,30.25,2023-11,11,2023
2023-11-19,HB_AVG,DA,25.68000030517578,2023-11,11,2023
2023-11-20,HB_AVG,DA,13.610000610351562,2023-11,11,2023
2023-11-21,HB_AVG,DA,32.68000030517578,2023-11,11,2023
2023-11-22,HB_AVG,DA,32.784996032714844,2023-11,11,2023
2023-11-23,HB_AVG,DA,10.59000015258789,2023-11,11,2023
2023-11-24,HB_AVG,DA,22.204999923706055,2023-11,11,2023
2023-11-25,HB_AVG,DA,23.994998931884766,2023-11,11,2023
2023-11-26,HB_AVG,DA,26.720001220703125,2023-11,11,2023
2023-11-27,HB_AVG,DA,60.909996032714844,2023-11,11,2023
2023-11-28,HB_AVG,DA,39.68499755859375,2023-11,11,2023
2023-11-29,HB_AVG,DA,24.150001525878906,2023-11,11,2023
2023-11-30,HB_AVG,DA,22.549999237060547,2023-11,11,2023
2023-12-01,HB_AVG,DA,31.224998474121094,2023-12,12,2023
2023-12-02,HB_AVG,DA,32.474998474121094,2023-12,12,2023
2023-12-03,HB_AVG,DA,28.395000457763672,2023-12,12,2023
2023-12-04,HB_AVG,DA,38.94000244140625,2023-12,12,2023
2023-12-05,HB_AVG,DA,39.14500045776367,2023-12,12,2023
2023-12-06,HB_AVG,DA,38.64999771118164,2023-12,12,2023
2023-12-07,HB_AVG,DA,21.184999465942383,2023-12,12,2023
2023-12-08,HB_AVG,DA,29.779998779296875,2023-12,12,2023
2023-12-09,HB_AVG,DA,14.720001220703125,2023-12,12,2023
2023-12-10,HB_AVG,DA,32.915000915527344,2023-12,12,2023
2023-12-11,HB_AVG,DA,71.88999938964844,2023-12,12,2023
2023-12-12,HB_AVG,DA,37.654998779296875,2023-12,12,2023
2023-12-13,HB_AVG,DA,16.90999984741211,2023-12,12,2023
2023-12-14,HB_AVG,DA,21.280000686645508,2023-12,12,2023
2023-12-15,HB_AVG,DA,23.279998779296875,2023-12,12,2023
2023-12-16,HB_AVG,DA,23.60999870300293,2023-12,12,2023
2023-12-17,HB_AVG,DA,19.785001754760742,2023-12,12,2023
2023-12-18,HB_AVG,DA,25.604997634887695,2023-12,12,2023
2023-12-19,HB_AVG,DA,17.244998931884766,2023-12,12,2023
2023-12-20,HB_AVG,DA,21.470001220703125,2023-12,12,2023
2023-12-21,HB_AVG,DA,21.78000259399414,2023-12,12,2023
2023-12-22,HB_AVG,DA,23.489999771118164,2023-12,12,2023
2023-12-23,HB_AVG,DA,12.51500129699707,2023-12,12,2023
2023-12-24,HB_AVG,DA,17.665000915527344,2023-12,12,2023
2023-12-25,HB_AVG,DA,28.525001525878906,2023-12,12,2023
2023-12-26,HB_AVG,DA,26.135000228881836,2023-12,12,2023
2023-12-27,HB_AVG,DA,29.110000610351562,2023-12,12,2023
2023-12-28,HB_AVG,DA,30.264999389648438,2023-12,12,2023
2023-12-29,HB_AVG,DA,26.954998016357422,2023-12,12,2023
2023-12-30,HB_AVG,DA,31.295000076293945,2023-12,12,2023
2023-12-31,HB_AVG,DA,18.924999237060547,2023-12,12,2023
2024-01-01,HB_AVG,DA,19.55999755859375,2024-01,1,2024
2024-01-02,HB_AVG,DA,26.94999885559082,2024-01,1,2024
2024-01-03,HB_AVG,DA,28.299999237060547,2024-01,1,2024
2024-01-04,HB_AVG,DA,18.505001068115234,2024-01,1,2024
2024-01-05,HB_AVG,DA,29.06999969482422,2024-01,1,2024
2024-01-06,HB_AVG,DA,30.634998321533203,2024-01,1,2024
2024-01-07,HB_AVG,DA,30.149999618530273,2024-01,1,2024
2024-01-08,HB_AVG,DA,24.020000457763672,2024-01,1,2024
2024-01-09,HB_AVG,DA,52.31999969482422,2024-01,1,2024
2024-01-10,HB_AVG,DA,43.279998779296875,2024-01,1,2024
2024-01-11,HB_AVG,DA,22.219999313354492,2024-01,1,2024
2024-01-12,HB_AVG,DA,36.595001220703125,2024-01,1,2024
2024-01-13,HB_AVG,DA,24.619998931884766,2024-01,1,2024
2024-01-14,HB_AVG,DA,71.88999938964844,2024-01,1,2024
2024-01-15,HB_AVG,DA,902.9500122070312,2024-01,1,2024
2024-01-16,HB_AVG,DA,1551.1500244140625,2024-01,1,2024
2024-01-17,HB_AVG,DA,148.7100067138672,2024-01,1,2024
2024-01-18,HB_AVG,DA,25.90999984741211,2024-01,1,2024
2024-01-19,HB_AVG,DA,41.529998779296875,2024-01,1,2024
2024-01-20,HB_AVG,DA,68.9000015258789,2024-01,1,2024
2024-01-21,HB_AVG,DA,8.57499885559082,2024-01,1,2024
2024-01-22,HB_AVG,DA,34.85499954223633,2024-01,1,2024
2024-01-23,HB_AVG,DA,29.23999786376953,2024-01,1,2024
2024-01-24,HB_AVG,DA,30.89000129699707,2024-01,1,2024
2024-01-25,HB_AVG,DA,35.23500061035156,2024-01,1,2024
2024-01-26,HB_AVG,DA,21.399999618530273,2024-01,1,2024
2024-01-27,HB_AVG,DA,27.884998321533203,2024-01,1,2024
2024-01-28,HB_AVG,DA,32.974998474121094,2024-01,1,2024
2024-01-29,HB_AVG,DA,28.450000762939453,2024-01,1,2024
2024-01-30,HB_AVG,DA,20.99500274658203,2024-01,1,2024
2024-01-31,HB_AVG,DA,30.46999740600586,2024-01,1,2024
2024-02-01,HB_AVG,DA,15.294999122619629,2024-02,2,2024
2024-02-02,HB_AVG,DA,14.284997940063477,2024-02,2,2024
2024-02-03,HB_AVG,DA,23.985000610351562,2024-02,2,2024
2024-02-04,HB_AVG,DA,22.665000915527344,2024-02,2,2024
2024-02-05,HB_AVG,DA,34.86499786376953,2024-02,2,2024
2024-02-06,HB_AVG,DA,43.03000259399414,2024-02,2,2024
2024-02-07,HB_AVG,DA,21.200000762939453,2024-02,2,2024
2024-02-08,HB_AVG,DA,26.454999923706055,2024-02,2,2024
2024-02-09,HB_AVG,DA,31.01500129699707,2024-02,2,2024
2024-02-10,HB_AVG,DA,16.810001373291016,2024-02,2,2024
2024-02-11,HB_AVG,DA,16.150001525878906,2024-02,2,2024
2024-02-12,HB_AVG,DA,42.42499923706055,2024-02,2,2024
2024-02-13,HB_AVG,DA,24.395000457763672,2024-02,2,2024
2024-02-14,HB_AVG,DA,18.94499969482422,2024-02,2,2024
2024-02-15,HB_AVG,DA,16.96500015258789,2024-02,2,2024
2024-02-16,HB_AVG,DA,12.914999008178711,2024-02,2,2024
2024-02-17,HB_AVG,DA,37.05500030517578,2024-02,2,2024
2024-02-18,HB_AVG,DA,26.850000381469727,2024-02,2,2024
2024-02-19,HB_AVG,DA,27.470001220703125,2024-02,2,2024
2024-02-20,HB_AVG,DA,20.485000610351562,2024-02,2,2024
2024-02-21,HB_AVG,DA,15.674999237060547,2024-02,2,2024
2024-02-22,HB_AVG,DA,34.005001068115234,2024-02,2,2024
2024-02-23,HB_AVG,DA,39.44999694824219,2024-02,2,2024
2024-02-24,HB_AVG,DA,15.204999923706055,2024-02,2,2024
2024-02-25,HB_AVG,DA,44.084999084472656,2024-02,2,2024
2024-02-26,HB_AVG,DA,36.14500045776367,2024-02,2,2024
2024-02-27,HB_AVG,DA,27.799999237060547,2024-02,2,2024
2024-02-28,HB_AVG,DA,23.119998931884766,2024-02,2,2024
2024-02-29,HB_AVG,DA,32.60499954223633,2024-02,2,2024
2024-03-01,HB_AVG,DA,34.57500076293945,2024-03,3,2024
2024-03-02,HB_AVG,DA,31.200000762939453,2024-03,3,2024
2024-03-03,HB_AVG,DA,33.88500213623047,2024-03,3,2024
2024-03-04,HB_AVG,DA,110.65499877929688,2024-03,3,2024
2024-03-05,HB_AVG,DA,221.489990234375,2024-03,3,2024
2024-03-06,HB_AVG,DA,52.33000564575195,2024-03,3,2024
2024-03-07,HB_AVG,DA,23.140003204345703,2024-03,3,2024
2024-03-08,HB_AVG,DA,18.599998474121094,2024-03,3,2024
2024-03-09,HB_AVG,DA,80.15499877929688,2024-03,3,2024
2024-03-10,HB_AVG,DA,46.814998626708984,2024-03,3,2024
2024-03-11,HB_AVG,DA,27.91499900817871,2024-03,3,2024
2024-03-12,HB_AVG,DA,36.75,2024-03,3,2024
2024-03-13,HB_AVG,DA,43.60499954223633,2024-03,3,2024
2024-03-14,HB_AVG,DA,77.38999938964844,2024-03,3,2024
2024-03-15,HB_AVG,DA,30.88500213623047,2024-03,3,2024
2024-03-16,HB_AVG,DA,37.59000015258789,2024-03,3,2024
2024-03-17,HB_AVG,DA,34.61499786376953,2024-03,3,2024
2024-03-18,HB_AVG,DA,75.37000274658203,2024-03,3,2024
2024-03-19,HB_AVG,DA,42.93000030517578,2024-03,3,2024
2024-03-20,HB_AVG,DA,51.37000274658203,2024-03,3,2024
2024-03-21,HB_AVG,DA,105.04000091552734,2024-03,3,2024
2024-03-22,HB_AVG,DA,55.39999771118164,2024-03,3,2024
2024-03-23,HB_AVG,DA,30.21500015258789,2024-03,3,2024
2024-03-24,HB_AVG,DA,23.549999237060547,2024-03,3,2024
2024-03-25,HB_AVG,DA,34.785003662109375,2024-03,3,2024
2024-03-26,HB_AVG,DA,74.98500061035156,2024-03,3,2024
2024-03-27,HB_AVG,DA,37.32500076293945,2024-03,3,2024
2024-03-28,HB_AVG,DA,76.6300048828125,2024-03,3,2024
2024-03-29,HB_AVG,DA,22.619998931884766,2024-03,3,2024
2024-03-30,HB_AVG,DA,29.860002517700195,2024-03,3,2024
2024-03-31,HB_AVG,DA,33.26499938964844,2024-03,3,2024
2024-04-01,HB_AVG,DA,29.709999084472656,2024-04,4,2024
2024-04-02,HB_AVG,DA,45.23999786376953,2024-04,4,2024
2024-04-03,HB_AVG,DA,148.0749969482422,2024-04,4,2024
2024-04-04,HB_AVG,DA,40.81999969482422,2024-04,4,2024
2024-04-05,HB_AVG,DA,21.174999237060547,2024-04,4,2024
2024-04-06,HB_AVG,DA,31.69999885559082,2024-04,4,2024
2024-04-07,HB_AVG,DA,108.57498931884766,2024-04,4,2024
2024-04-08,HB_AVG,DA,71.46000671386719,2024-04,4,2024
2024-04-09,HB_AVG,DA,49.625,2024-04,4,2024
2024-04-10,HB_AVG,DA,61.980003356933594,2024-04,4,2024
2024-04-11,HB_AVG,DA,166.81500244140625,2024-04,4,2024
2024-04-12,HB_AVG,DA,20.935001373291016,2024-04,4,2024
2024-04-13,HB_AVG,DA,21.80999755859375,2024-04,4,2024
2024-04-14,HB_AVG,DA,62.3900032043457,2024-04,4,2024
2024-04-15,HB_AVG,DA,13.725000381469727,2024-04,4,2024
2024-04-16,HB_AVG,DA,237.1300048828125,2024-04,4,2024
2024-04-17,HB_AVG,DA,184.5800018310547,2024-04,4,2024
2024-04-18,HB_AVG,DA,40.18499755859375,2024-04,4,2024
2024-04-19,HB_AVG,DA,51.060001373291016,2024-04,4,2024
2024-04-20,HB_AVG,DA,18.655000686645508,2024-04,4,2024
2024-04-21,HB_AVG,DA,57.769996643066406,2024-04,4,2024
2024-04-22,HB_AVG,DA,33.470001220703125,2024-04,4,2024
2024-04-23,HB_AVG,DA,47.8849983215332,2024-04,4,2024
2024-04-24,HB_AVG,DA,66.35499572753906,2024-04,4,2024
2024-04-25,HB_AVG,DA,21.260000228881836,2024-04,4,2024
2024-04-26,HB_AVG,DA,74.32499694824219,2024-04,4,2024
2024-04-27,HB_AVG,DA,34.6300048828125,2024-04,4,2024
2024-04-28,HB_AVG,DA,584.280029296875,2024-04,4,2024
2024-04-29,HB_AVG,DA,159.1999969482422,2024-04,4,2024
2024-04-30,HB_AVG,DA,111.97500610351562,2024-04,4,2024
2024-05-01,HB_AVG,DA,27.524999618530273,2024-05,5,2024
2024-05-02,HB_AVG,DA,430.3399963378906,2024-05,5,2024
2024-05-03,HB_AVG,DA,67.06500244140625,2024-05,5,2024
2024-05-04,HB_AVG,DA,46.80000305175781,2024-05,5,2024
2024-05-05,HB_AVG,DA,42.45500183105469,2024-05,5,2024
2024-05-06,HB_AVG,DA,47.290000915527344,2024-05,5,2024
2024-05-07,HB_AVG,DA,88.92500305175781,2024-05,5,2024
2024-05-08,HB_AVG,DA,2056.47998046875,2024-05,5,2024
2024-05-09,HB_AVG,DA,25.354999542236328,2024-05,5,2024
2024-05-10,HB_AVG,DA,81.04999542236328,2024-05,5,2024
2024-05-11,HB_AVG,DA,16.540000915527344,2024-05,5,2024
2024-05-12,HB_AVG,DA,36.21500015258789,2024-05,5,2024
2024-05-13,HB_AVG,DA,297.10498046875,2024-05,5,2024
2024-05-14,HB_AVG,DA,301.92498779296875,2024-05,5,2024
2024-05-15,HB_AVG,DA,36.28000259399414,2024-05,5,2024
2024-05-16,HB_AVG,DA,96.96500396728516,2024-05,5,2024
2024-05-17,HB_AVG,DA,530.0050659179688,2024-05,5,2024
2024-05-18,HB_AVG,DA,77.49500274658203,2024-05,5,2024
2024-05-19,HB_AVG,DA,26.045000076293945,2024-05,5,2024
2024-05-20,HB_AVG,DA,33.78499984741211,2024-05,5,2024
2024-05-21,HB_AVG,DA,77.68000030517578,2024-05,5,2024
2024-05-22,HB_AVG,DA,67.04000854492188,2024-05,5,2024
2024-05-23,HB_AVG,DA,31.23000144958496,2024-05,5,2024
2024-05-24,HB_AVG,DA,560.1199951171875,2024-05,5,2024
2024-05-25,HB_AVG,DA,22.404996871948242,2024-05,5,2024
2024-05-26,HB_AVG,DA,1257.9599609375,2024-05,5,2024
2024-05-27,HB_AVG,DA,187.22998046875,2024-05,5,2024
2024-05-28,HB_AVG,DA,27.110002517700195,2024-05,5,2024
2024-05-29,HB_AVG,DA,19.299999237060547,2024-05,5,2024
2024-05-30,HB_AVG,DA,11.379999160766602,2024-05,5,2024
2024-05-31,HB_AVG,DA,48.220001220703125,2024-05,5,2024
2024-06-01,HB_AVG,DA,27.729999542236328,2024-06,6,2024
2024-06-02,HB_AVG,DA,28.81999969482422,2024-06,6,2024
2024-06-03,HB_AVG,DA,37.49500274658203,2024-06,6,2024
2024-06-04,HB_AVG,DA,87.7750015258789,2024-06,6,2024
2024-06-05,HB_AVG,DA,113.46000671386719,2024-06,6,2024
2024-06-06,HB_AVG,DA,124.24999237060547,2024-06,6,2024
2024-06-07,HB_AVG,DA,24.774999618530273,2024-06,6,2024
2024-06-08,HB_AVG,DA,33.02000427246094,2024-06,6,2024
2024-06-09,HB_AVG,DA,59.41499710083008,2024-06,6,2024
2024-06-10,HB_AVG,DA,96.67000579833984,2024-06,6,2024
2024-06-11,HB_AVG,DA,57.985008239746094,2024-06,6,2024
2024-06-12,HB_AVG,DA,58.540000915527344,2024-06,6,2024
2024-06-13,HB_AVG,DA,75.17500305175781,2024-06,6,2024
2024-06-14,HB_AVG,DA,44.23999786376953,2024-06,6,2024
2024-06-15,HB_AVG,DA,39.665000915527344,2024-06,6,2024
2024-06-16,HB_AVG,DA,34.18000030517578,2024-06,6,2024
2024-06-17,HB_AVG,DA,20.864999771118164,2024-06,6,2024
2024-06-18,HB_AVG,DA,18.71000099182129,2024-06,6,2024
2024-06-19,HB_AVG,DA,13.555000305175781,2024-06,6,2024
2024-06-20,HB_AVG,DA,36.28000259399414,2024-06,6,2024
2024-06-21,HB_AVG,DA,37.21999740600586,2024-06,6,2024
2024-06-22,HB_AVG,DA,67.48500061035156,2024-06,6,2024
2024-06-23,HB_AVG,DA,191.95498657226562,2024-06,6,2024
2024-06-24,HB_AVG,DA,99.4800033569336,2024-06,6,2024
2024-06-25,HB_AVG,DA,66.25,2024-06,6,2024
2024-06-26,HB_AVG,DA,127.85499572753906,2024-06,6,2024
2024-06-27,HB_AVG,DA,34.730003356933594,2024-06,6,2024
2024-06-28,HB_AVG,DA,28.145000457763672,2024-06,6,2024
2024-06-29,HB_AVG,DA,35.30500030517578,2024-06,6,2024
2024-06-30,HB_AVG,DA,52.35499572753906,2024-06,6,2024
2024-07-01,HB_AVG,DA,28.934999465942383,2024-07,7,2024
2024-07-02,HB_AVG,DA,39.105003356933594,2024-07,7,2024
2024-07-03,HB_AVG,DA,35.29499816894531,2024-07,7,2024
2024-07-04,HB_AVG,DA,70.04999542236328,2024-07,7,2024
2024-07-05,HB_AVG,DA,28.414997100830078,2024-07,7,2024
2024-07-06,HB_AVG,DA,29.780000686645508,2024-07,7,2024
2024-07-07,HB_AVG,DA,26.825000762939453,2024-07,7,2024
2024-07-08,HB_AVG,DA,13.635001182556152,2024-07,7,2024
2024-07-09,HB_AVG,DA,73.46000671386719,2024-07,7,2024
2024-07-10,HB_AVG,DA,55.86499786376953,2024-07,7,2024
2024-07-11,HB_AVG,DA,50.00499725341797,2024-07,7,2024
2024-07-12,HB_AVG,DA,22.685001373291016,2024-07,7,2024
2024-07-13,HB_AVG,DA,18.07499885559082,2024-07,7,2024
2024-07-14,HB_AVG,DA,27.590002059936523,2024-07,7,2024
2024-07-15,HB_AVG,DA,32.28999710083008,2024-07,7,2024
2024-07-16,HB_AVG,DA,63.959999084472656,2024-07,7,2024
2024-07-17,HB_AVG,DA,55.15500259399414,2024-07,7,2024
2024-07-18,HB_AVG,DA,26.899999618530273,2024-07,7,2024
2024-07-19,HB_AVG,DA,32.88999938964844,2024-07,7,2024
2024-07-20,HB_AVG,DA,41.31999969482422,2024-07,7,2024
2024-07-21,HB_AVG,DA,30.64499855041504,2024-07,7,2024
2024-07-22,HB_AVG,DA,16.959999084472656,2024-07,7,2024
2024-07-23,HB_AVG,DA,23.904998779296875,2024-07,7,2024
2024-07-24,HB_AVG,DA,23.18499755859375,2024-07,7,2024
2024-07-25,HB_AVG,DA,30.125,2024-07,7,2024
2024-07-26,HB_AVG,DA,28.389999389648438,2024-07,7,2024
2024-07-27,HB_AVG,DA,20.8799991607666,2024-07,7,2024
2024-07-28,HB_AVG,DA,35.32500076293945,2024-07,7,2024
2024-07-29,HB_AVG,DA,50.220001220703125,2024-07,7,2024
2024-07-30,HB_AVG,DA,35.38999938964844,2024-07,7,2024
2024-07-31,HB_AVG,DA,31.780000686645508,2024-07,7,2024
2024-08-01,HB_AVG,DA,46.74500274658203,2024-08,8,2024
2024-08-02,HB_AVG,DA,438.7099914550781,2024-08,8,2024
2024-08-03,HB_AVG,DA,116.73001098632812,2024-08,8,2024
2024-08-04,HB_AVG,DA,60.97999572753906,2024-08,8,2024
2024-08-05,HB_AVG,DA,79.51499938964844,2024-08,8,2024
2024-08-06,HB_AVG,DA,607.77001953125,2024-08,8,2024
2024-08-07,HB_AVG,DA,272.9499816894531,2024-08,8,2024
2024-08-08,HB_AVG,DA,62.92000198364258,2024-08,8,2024
2024-08-09,HB_AVG,DA,38.255001068115234,2024-08,8,2024
2024-08-10,HB_AVG,DA,26.979999542236328,2024-08,8,2024
2024-08-11,HB_AVG,DA,35.73500061035156,2024-08,8,2024
2024-08-12,HB_AVG,DA,37.61000061035156,2024-08,8,2024
2024-08-13,HB_AVG,DA,34.58000183105469,2024-08,8,2024
2024-08-14,HB_AVG,DA,63.084999084472656,2024-08,8,2024
2024-08-15,HB_AVG,DA,125.33999633789062,2024-08,8,2024
2024-08-16,HB_AVG,DA,138.94000244140625,2024-08,8,2024
2024-08-17,HB_AVG,DA,83.07499694824219,2024-08,8,2024
2024-08-18,HB_AVG,DA,162.4550018310547,2024-08,8,2024
2024-08-19,HB_AVG,DA,378.15997314453125,2024-08,8,2024
2024-08-20,HB_AVG,DA,444.8199768066406,2024-08,8,2024
2024-08-21,HB_AVG,DA,83.47999572753906,2024-08,8,2024
2024-08-22,HB_AVG,DA,58.57500076293945,2024-08,8,2024
2024-08-23,HB_AVG,DA,28.145000457763672,2024-08,8,2024
2024-08-24,HB_AVG,DA,32.17000198364258,2024-08,8,2024
2024-08-25,HB_AVG,DA,39.275001525878906,2024-08,8,2024
2024-08-26,HB_AVG,DA,30.579999923706055,2024-08,8,2024
2024-08-27,HB_AVG,DA,27.37999725341797,2024-08,8,2024
2024-08-28,HB_AVG,DA,22.130001068115234,2024-08,8,2024
2024-08-29,HB_AVG,DA,23.46500015258789,2024-08,8,2024
2024-08-30,HB_AVG,DA,25.029998779296875,2024-08,8,2024
2024-08-31,HB_AVG,DA,39.900001525878906,2024-08,8,2024
2024-09-01,HB_AVG,DA,20.059999465942383,2024-09,9,2024
2024-09-02,HB_AVG,DA,15.21500015258789,2024-09,9,2024
2024-09-03,HB_AVG,DA,12.325000762939453,2024-09,9,2024
2024-09-04,HB_AVG,DA,26.424999237060547,2024-09,9,2024
2024-09-05,HB_AVG,DA,33.72999954223633,2024-09,9,2024
2024-09-06,HB_AVG,DA,25.235000610351562,2024-09,9,2024
2024-09-07,HB_AVG,DA,26.279998779296875,2024-09,9,2024
2024-09-08,HB_AVG,DA,28.65999984741211,2024-09,9,2024
2024-09-09,HB_AVG,DA,36.125,2024-09,9,2024
2024-09-10,HB_AVG,DA,43.31500244140625,2024-09,9,2024
2024-09-11,HB_AVG,DA,43.70500183105469,2024-09,9,2024
2024-09-12,HB_AVG,DA,43.189998626708984,2024-09,9,2024
2024-09-13,HB_AVG,DA,42.29499816894531,2024-09,9,2024
2024-09-14,HB_AVG,DA,59.18999481201172,2024-09,9,2024
2024-09-15,HB_AVG,DA,36.15999984741211,2024-09,9,2024
2024-09-16,HB_AVG,DA,36.17499542236328,2024-09,9,2024
2024-09-17,HB_AVG,DA,27.235000610351562,2024-09,9,2024
2024-09-18,HB_AVG,DA,35.119998931884766,2024-09,9,2024
2024-09-19,HB_AVG,DA,95.5050048828125,2024-09,9,2024
2024-09-20,HB_AVG,DA,35.51499938964844,2024-09,9,2024
2024-09-21,HB_AVG,DA,19.974998474121094,2024-09,9,2024
2024-09-22,HB_AVG,DA,17.969999313354492,2024-09,9,2024
2024-09-23,HB_AVG,DA,48.875,2024-09,9,2024
2024-09-24,HB_AVG,DA,53.005001068115234,2024-09,9,2024
2024-09-25,HB_AVG,DA,58.394996643066406,2024-09,9,2024
2024-09-26,HB_AVG,DA,54.78999710083008,2024-09,9,2024
2024-09-27,HB_AVG,DA,46.77499771118164,2024-09,9,2024
2024-09-28,HB_AVG,DA,37.67000198364258,2024-09,9,2024
2024-09-29,HB_AVG,DA,66.7800064086914,2024-09,9,2024
2024-09-30,HB_AVG,DA,89.61000061035156,2024-09,9,2024
2024-10-01,HB_AVG,DA,72.37499237060547,2024-10,10,2024
2024-10-02,HB_AVG,DA,64.37999725341797,2024-10,10,2024
2024-10-03,HB_AVG,DA,64.96000671386719,2024-10,10,2024
2024-10-04,HB_AVG,DA,75.46499633789062,2024-10,10,2024
2024-10-05,HB_AVG,DA,70.97000122070312,2024-10,10,2024
2024-10-06,HB_AVG,DA,99.16499328613281,2024-10,10,2024
2024-10-07,HB_AVG,DA,352.65496826171875,2024-10,10,2024
2024-10-08,HB_AVG,DA,128.79000854492188,2024-10,10,2024
2024-10-09,HB_AVG,DA,65.38499450683594,2024-10,10,2024
2024-10-10,HB_AVG,DA,59.970001220703125,2024-10,10,2024
2024-10-11,HB_AVG,DA,48.32999801635742,2024-10,10,2024
2024-10-12,HB_AVG,DA,60.834999084472656,2024-10,10,2024
2024-10-13,HB_AVG,DA,98.9800033569336,2024-10,10,2024
2024-10-14,HB_AVG,DA,76.03999328613281,2024-10,10,2024
2024-10-15,HB_AVG,DA,52.3849983215332,2024-10,10,2024
2024-10-16,HB_AVG,DA,31.59499740600586,2024-10,10,2024
2024-10-17,HB_AVG,DA,24.2549991607666,2024-10,10,2024
2024-10-18,HB_AVG,DA,19.865001678466797,2024-10,10,2024
2024-10-19,HB_AVG,DA,21.434999465942383,2024-10,10,2024
2024-10-20,HB_AVG,DA,35.07999801635742,2024-10,10,2024
2024-10-21,HB_AVG,DA,41.76499938964844,2024-10,10,2024
2024-10-22,HB_AVG,DA,113.65499877929688,2024-10,10,2024
2024-10-23,HB_AVG,DA,146.0449981689453,2024-10,10,2024
2024-10-24,HB_AVG,DA,26.809999465942383,2024-10,10,2024
2024-10-25,HB_AVG,DA,198.0500030517578,2024-10,10,2024
2024-10-26,HB_AVG,DA,128.92999267578125,2024-10,10,2024
2024-10-27,HB_AVG,DA,54.19000244140625,2024-10,10,2024
2024-10-28,HB_AVG,DA,33.375,2024-10,10,2024
2024-10-29,HB_AVG,DA,19.94499969482422,2024-10,10,2024
2024-10-30,HB_AVG,DA,53.6099967956543,2024-10,10,2024
2024-10-31,HB_AVG,DA,113.5149917602539,2024-10,10,2024
2024-11-01,HB_AVG,DA,20.979997634887695,2024-11,11,2024
2024-11-02,HB_AVG,DA,22.040000915527344,2024-11,11,2024
2024-11-03,HB_AVG,DA,36.97999572753906,2024-11,11,2024
2024-11-04,HB_AVG,DA,29.454999923706055,2024-11,11,2024
2024-11-05,HB_AVG,DA,66.92499542236328,2024-11,11,2024
2024-11-06,HB_AVG,DA,44.334999084472656,2024-11,11,2024
2024-11-07,HB_AVG,DA,33.70000076293945,2024-11,11,2024
2024-11-08,HB_AVG,DA,49.54500198364258,2024-11,11,2024
2024-11-09,HB_AVG,DA,41.68499755859375,2024-11,11,2024
2024-11-10,HB_AVG,DA,151.87501525878906,2024-11,11,2024
2024-11-11,HB_AVG,DA,124.34500122070312,2024-11,11,2024
2024-11-12,HB_AVG,DA,26.46500015258789,2024-11,11,2024
2024-11-13,HB_AVG,DA,104.28500366210938,2024-11,11,2024
2024-11-14,HB_AVG,DA,35.355003356933594,2024-11,11,2024
2024-11-15,HB_AVG,DA,20.104999542236328,2024-11,11,2024
2024-11-16,HB_AVG,DA,27.719999313354492,2024-11,11,2024
2024-11-17,HB_AVG,DA,67.25499725341797,2024-11,11,2024
2024-11-18,HB_AVG,DA,33.230003356933594,2024-11,11,2024
2024-11-19,HB_AVG,DA,61.51000213623047,2024-11,11,2024
2024-11-20,HB_AVG,DA,64.17500305175781,2024-11,11,2024
2024-11-21,HB_AVG,DA,85.41000366210938,2024-11,11,2024
2024-11-22,HB_AVG,DA,70.7249984741211,2024-11,11,2024
2024-11-23,HB_AVG,DA,20.825000762939453,2024-11,11,2024
2024-11-24,HB_AVG,DA,34.97999954223633,2024-11,11,2024
2024-11-25,HB_AVG,DA,52.69499969482422,2024-11,11,2024
2024-11-26,HB_AVG,DA,54.005001068115234,2024-11,11,2024
2024-11-27,HB_AVG,DA,29.864999771118164,2024-11,11,2024
2024-11-28,HB_AVG,DA,31.25499725341797,2024-11,11,2024
2024-11-29,HB_AVG,DA,55.875003814697266,2024-11,11,2024
2024-11-30,HB_AVG,DA,32.71500015258789,2024-11,11,2024
2024-12-01,HB_AVG,DA,32.5099983215332,2024-12,12,2024
2024-12-02,HB_AVG,DA,59.18000030517578,2024-12,12,2024
2024-12-03,HB_AVG,DA,47.795005798339844,2024-12,12,2024
2024-12-04,HB_AVG,DA,49.029998779296875,2024-12,12,2024
2024-12-05,HB_AVG,DA,22.8799991607666,2024-12,12,2024
2024-12-06,HB_AVG,DA,53.39500045776367,2024-12,12,2024
2024-12-07,HB_AVG,DA,24.974998474121094,2024-12,12,2024
2024-12-08,HB_AVG,DA,16.119998931884766,2024-12,12,2024
2024-12-09,HB_AVG,DA,34.650001525878906,2024-12,12,2024
2024-12-10,HB_AVG,DA,41.570003509521484,2024-12,12,2024
2024-12-11,HB_AVG,DA,46.00499725341797,2024-12,12,2024
2024-12-12,HB_AVG,DA,20.064998626708984,2024-12,12,2024
2024-12-13,HB_AVG,DA,13.009998321533203,2024-12,12,2024
2024-12-14,HB_AVG,DA,43.03499984741211,2024-12,12,2024
2024-12-15,HB_AVG,DA,30.209999084472656,2024-12,12,2024
2024-12-16,HB_AVG,DA,31.005001068115234,2024-12,12,2024
2024-12-17,HB_AVG,DA,23.15999984741211,2024-12,12,2024
2024-12-18,HB_AVG,DA,33.70500183105469,2024-12,12,2024
2024-12-19,HB_AVG,DA,26.190000534057617,2024-12,12,2024
2024-12-20,HB_AVG,DA,23.809999465942383,2024-12,12,2024
2024-12-21,HB_AVG,DA,23.30500030517578,2024-12,12,2024
2024-12-22,HB_AVG,DA,23.110000610351562,2024-12,12,2024
2024-12-23,HB_AVG,DA,24.06999969482422,2024-12,12,2024
2024-12-24,HB_AVG,DA,12.499998092651367,2024-12,12,2024
2024-12-25,HB_AVG,DA,13.92500114440918,2024-12,12,2024
2024-12-26,HB_AVG,DA,28.909996032714844,2024-12,12,2024
2024-12-27,HB_AVG,DA,40.30500030517578,2024-12,12,2024
2024-12-28,HB_AVG,DA,36.44499969482422,2024-12,12,2024
2024-12-29,HB_AVG,DA,32.68499755859375,2024-12,12,2024
2024-12-30,HB_AVG,DA,39.59499740600586,2024-12,12,2024
2024-12-31,HB_AVG,DA,36.244998931884766,2024-12,12,2024
2025-01-01,HB_AVG,DA,21.505002975463867,2025-01,1,2025
2025-01-02,HB_AVG,DA,21.02499771118164,2025-01,1,2025
2025-01-03,HB_AVG,DA,25.69500160217285,2025-01,1,2025
2025-01-04,HB_AVG,DA,13.119999885559082,2025-01,1,2025
2025-01-05,HB_AVG,DA,23.85500144958496,2025-01,1,2025
2025-01-06,HB_AVG,DA,65.3800048828125,2025-01,1,2025
2025-01-07,HB_AVG,DA,73.33999633789062,2025-01,1,2025
2025-01-08,HB_AVG,DA,39.310001373291016,2025-01,1,2025
2025-01-09,HB_AVG,DA,42.21000289916992,2025-01,1,2025
2025-01-10,HB_AVG,DA,37.994998931884766,2025-01,1,2025
2025-01-11,HB_AVG,DA,33.35499954223633,2025-01,1,2025
2025-01-12,HB_AVG,DA,24.0,2025-01,1,2025
2025-01-13,HB_AVG,DA,45.83000183105469,2025-01,1,2025
2025-01-14,HB_AVG,DA,37.875,2025-01,1,2025
2025-01-15,HB_AVG,DA,31.650001525878906,2025-01,1,2025
2025-01-16,HB_AVG,DA,51.32000732421875,2025-01,1,2025
2025-01-17,HB_AVG,DA,29.459999084472656,2025-01,1,2025
2025-01-18,HB_AVG,DA,32.040000915527344,2025-01,1,2025
2025-01-19,HB_AVG,DA,97.69000244140625,2025-01,1,2025
2025-01-20,HB_AVG,DA,48.95500183105469,2025-01,1,2025
2025-01-21,HB_AVG,DA,123.31500244140625,2025-01,1,2025
2025-01-22,HB_AVG,DA,84.4749984741211,2025-01,1,2025
2025-01-23,HB_AVG,DA,49.60499954223633,2025-01,1,2025
2025-01-24,HB_AVG,DA,42.93000030517578,2025-01,1,2025
2025-01-25,HB_AVG,DA,24.310001373291016,2025-01,1,2025
2025-01-26,HB_AVG,DA,28.80499839782715,2025-01,1,2025
2025-01-27,HB_AVG,DA,39.415000915527344,2025-01,1,2025
2025-01-28,HB_AVG,DA,32.94999694824219,2025-01,1,2025
2025-01-29,HB_AVG,DA,21.38500213623047,2025-01,1,2025
2025-01-30,HB_AVG,DA,20.770000457763672,2025-01,1,2025
2025-01-31,HB_AVG,DA,49.78499984741211,2025-01,1,2025
2025-02-01,HB_AVG,DA,31.239999771118164,2025-02,2,2025
2025-02-02,HB_AVG,DA,30.650001525878906,2025-02,2,2025
2025-02-03,HB_AVG,DA,46.724998474121094,2025-02,2,2025
2025-02-04,HB_AVG,DA,20.764999389648438,2025-02,2,2025
2025-02-05,HB_AVG,DA,22.31999969482422,2025-02,2,2025
2025-02-06,HB_AVG,DA,32.584999084472656,2025-02,2,2025
2025-02-07,HB_AVG,DA,19.98999786376953,2025-02,2,2025
2025-02-08,HB_AVG,DA,30.079999923706055,2025-02,2,2025
2025-02-09,HB_AVG,DA,15.959997177124023,2025-02,2,2025
2025-02-10,HB_AVG,DA,20.815000534057617,2025-02,2,2025
2025-02-11,HB_AVG,DA,11.305000305175781,2025-02,2,2025
2025-02-12,HB_AVG,DA,29.920000076293945,2025-02,2,2025
2025-02-13,HB_AVG,DA,54.309993743896484,2025-02,2,2025
2025-02-14,HB_AVG,DA,16.799999237060547,2025-02,2,2025
2025-02-15,HB_AVG,DA,29.040000915527344,2025-02,2,2025
2025-02-16,HB_AVG,DA,30.289997100830078,2025-02,2,2025
2025-02-17,HB_AVG,DA,38.03499984741211,2025-02,2,2025
2025-02-18,HB_AVG,DA,16.700000762939453,2025-02,2,2025
2025-02-19,HB_AVG,DA,84.05999755859375,2025-02,2,2025
2025-02-20,HB_AVG,DA,792.0900268554688,2025-02,2,2025
2025-02-21,HB_AVG,DA,171.01499938964844,2025-02,2,2025
2025-02-22,HB_AVG,DA,72.96499633789062,2025-02,2,2025
2025-02-23,HB_AVG,DA,35.93000411987305,2025-02,2,2025
2025-02-24,HB_AVG,DA,38.70499801635742,2025-02,2,2025
2025-02-25,HB_AVG,DA,39.3800048828125,2025-02,2,2025
2025-02-26,HB_AVG,DA,30.57499885559082,2025-02,2,2025
2025-02-27,HB_AVG,DA,43.31999969482422,2025-02,2,2025
2025-02-28,HB_AVG,DA,46.85499572753906,2025-02,2,2025
2025-03-01,HB_AVG,DA,40.415000915527344,2025-03,3,2025
2025-03-02,HB_AVG,DA,44.77499771118164,2025-03,3,2025
2025-03-03,HB_AVG,DA,25.64999771118164,2025-03,3,2025
2025-03-04,HB_AVG,DA,35.834999084472656,2025-03,3,2025
2025-03-05,HB_AVG,DA,55.564998626708984,2025-03,3,2025
2025-03-06,HB_AVG,DA,41.779998779296875,2025-03,3,2025
2025-03-07,HB_AVG,DA,94.75999450683594,2025-03,3,2025
2025-03-08,HB_AVG,DA,15.830001831054688,2025-03,3,2025
2025-03-09,HB_AVG,DA,88.38999938964844,2025-03,3,2025
2025-03-10,HB_AVG,DA,70.69999694824219,2025-03,3,2025
2025-03-11,HB_AVG,DA,58.43499755859375,2025-03,3,2025
2025-03-12,HB_AVG,DA,53.50499725341797,2025-03,3,2025
2025-03-13,HB_AVG,DA,45.07500076293945,2025-03,3,2025
2025-03-14,HB_AVG,DA,37.55500030517578,2025-03,3,2025
2025-03-15,HB_AVG,DA,89.69000244140625,2025-03,3,2025
2025-03-16,HB_AVG,DA,139.30499267578125,2025-03,3,2025
2025-03-17,HB_AVG,DA,37.91499710083008,2025-03,3,2025
2025-03-18,HB_AVG,DA,42.095001220703125,2025-03,3,2025
2025-03-19,HB_AVG,DA,44.96500015258789,2025-03,3,2025
2025-03-20,HB_AVG,DA,88.43000793457031,2025-03,3,2025
2025-03-21,HB_AVG,DA,74.7699966430664,2025-03,3,2025
2025-03-22,HB_AVG,DA,29.760000228881836,2025-03,3,2025
2025-03-23,HB_AVG,DA,38.08500289916992,2025-03,3,2025
2025-03-24,HB_AVG,DA,191.61001586914062,2025-03,3,2025
2025-03-25,HB_AVG,DA,110.45500183105469,2025-03,3,2025
2025-03-26,HB_AVG,DA,25.889999389648438,2025-03,3,2025
2025-03-27,HB_AVG,DA,27.14499855041504,2025-03,3,2025
2025-03-28,HB_AVG,DA,29.40500259399414,2025-03,3,2025
2025-03-29,HB_AVG,DA,25.134998321533203,2025-03,3,2025
2025-03-30,HB_AVG,DA,82.52999877929688,2025-03,3,2025
2025-03-31,HB_AVG,DA,70.52999877929688,2025-03,3,2025
2025-04-01,HB_AVG,DA,37.66999816894531,2025-04,4,2025
2025-04-02,HB_AVG,DA,172.61000061035156,2025-04,4,2025
2025-04-03,HB_AVG,DA,62.31500244140625,2025-04,4,2025
2025-04-04,HB_AVG,DA,15.645000457763672,2025-04,4,2025
2025-04-05,HB_AVG,DA,12.994997024536133,2025-04,4,2025
2025-04-06,HB_AVG,DA,86.61499786376953,2025-04,4,2025
2025-04-07,HB_AVG,DA,85.29000854492188,2025-04,4,2025
2025-04-08,HB_AVG,DA,46.93499755859375,2025-04,4,2025
2025-04-09,HB_AVG,DA,89.43500518798828,2025-04,4,2025
2025-04-10,HB_AVG,DA,71.34000396728516,2025-04,4,2025
2025-04-11,HB_AVG,DA,61.13499450683594,2025-04,4,2025
2025-04-12,HB_AVG,DA,37.125,2025-04,4,2025
2025-04-13,HB_AVG,DA,65.33499908447266,2025-04,4,2025
2025-04-14,HB_AVG,DA,90.24500274658203,2025-04,4,2025
2025-04-15,HB_AVG,DA,69.11000061035156,2025-04,4,2025
2025-04-16,HB_AVG,DA,35.769996643066406,2025-04,4,2025
2025-04-17,HB_AVG,DA,30.564998626708984,2025-04,4,2025
2025-04-18,HB_AVG,DA,25.14499855041504,2025-04,4,2025
2025-04-19,HB_AVG,DA,24.130001068115234,2025-04,4,2025
2025-04-20,HB_AVG,DA,184.33499145507812,2025-04,4,2025
2025-04-21,HB_AVG,DA,68.61000061035156,2025-04,4,2025
2025-04-22,HB_AVG,DA,65.22000122070312,2025-04,4,2025
2025-04-23,HB_AVG,DA,39.3650016784668,2025-04,4,2025
2025-04-24,HB_AVG,DA,63.60499572753906,2025-04,4,2025
2025-04-25,HB_AVG,DA,57.40499496459961,2025-04,4,2025
2025-04-26,HB_AVG,DA,50.60000228881836,2025-04,4,2025
2025-04-27,HB_AVG,DA,27.209999084472656,2025-04,4,2025
2025-04-28,HB_AVG,DA,50.3849983215332,2025-04,4,2025
2025-04-29,HB_AVG,DA,60.07500076293945,2025-04,4,2025
2025-04-30,HB_AVG,DA,78.68499755859375,2025-04,4,2025
2025-05-01,HB_AVG,DA,130.02000427246094,2025-05,5,2025
2025-05-02,HB_AVG,DA,27.665000915527344,2025-05,5,2025
2025-05-03,HB_AVG,DA,50.07500076293945,2025-05,5,2025
2025-05-04,HB_AVG,DA,33.9900016784668,2025-05,5,2025
2025-05-05,HB_AVG,DA,20.999998092651367,2025-05,5,2025
2025-05-06,HB_AVG,DA,75.85499572753906,2025-05,5,2025
2025-05-07,HB_AVG,DA,64.86000061035156,2025-05,5,2025
2025-05-08,HB_AVG,DA,61.79999542236328,2025-05,5,2025
2025-05-09,HB_AVG,DA,44.189998626708984,2025-05,5,2025
2025-05-10,HB_AVG,DA,38.98500061035156,2025-05,5,2025
2025-05-11,HB_AVG,DA,55.45000457763672,2025-05,5,2025
2025-05-12,HB_AVG,DA,67.06999969482422,2025-05,5,2025
2025-05-13,HB_AVG,DA,107.34000396728516,2025-05,5,2025
2025-05-14,HB_AVG,DA,146.96499633789062,2025-05,5,2025
2025-05-15,HB_AVG,DA,184.8400115966797,2025-05,5,2025
2025-05-16,HB_AVG,DA,160.6750030517578,2025-05,5,2025
2025-05-17,HB_AVG,DA,26.574996948242188,2025-05,5,2025
2025-05-18,HB_AVG,DA,23.404998779296875,2025-05,5,2025
2025-05-19,HB_AVG,DA,25.104999542236328,2025-05,5,2025
2025-05-20,HB_AVG,DA,513.6000366210938,2025-05,5,2025
2025-05-21,HB_AVG,DA,88.8899917602539,2025-05,5,2025
2025-05-22,HB_AVG,DA,39.85499954223633,2025-05,5,2025
2025-05-23,HB_AVG,DA,40.105003356933594,2025-05,5,2025
2025-05-24,HB_AVG,DA,48.85499954223633,2025-05,5,2025
2025-05-25,HB_AVG,DA,48.42999267578125,2025-05,5,2025
2025-05-26,HB_AVG,DA,32.019996643066406,2025-05,5,2025
2025-05-27,HB_AVG,DA,51.7650032043457,2025-05,5,2025
2025-05-28,HB_AVG,DA,18.954999923706055,2025-05,5,2025
2025-05-29,HB_AVG,DA,42.894996643066406,2025-05,5,2025
2025-05-30,HB_AVG,DA,61.41999816894531,2025-05,5,2025
2025-05-31,HB_AVG,DA,73.94000244140625,2025-05,5,2025
2025-06-01,HB_AVG,DA,69.50499725341797,2025-06,6,2025
2025-06-02,HB_AVG,DA,42.220001220703125,2025-06,6,2025
2025-06-03,HB_AVG,DA,46.63999938964844,2025-06,6,2025
2025-06-04,HB_AVG,DA,51.14500045776367,2025-06,6,2025
2025-06-05,HB_AVG,DA,38.23500061035156,2025-06,6,2025
2025-06-06,HB_AVG,DA,59.594993591308594,2025-06,6,2025
2025-06-07,HB_AVG,DA,161.50999450683594,2025-06,6,2025
2025-06-08,HB_AVG,DA,64.29000091552734,2025-06,6,2025
2025-06-09,HB_AVG,DA,80.34999084472656,2025-06,6,2025
2025-06-10,HB_AVG,DA,51.02000045776367,2025-06,6,2025
2025-06-11,HB_AVG,DA,29.860000610351562,2025-06,6,2025
2025-06-12,HB_AVG,DA,38.345001220703125,2025-06,6,2025
2025-06-13,HB_AVG,DA,44.874996185302734,2025-06,6,2025
2025-06-14,HB_AVG,DA,38.53499984741211,2025-06,6,2025
2025-06-15,HB_AVG,DA,49.20499801635742,2025-06,6,2025
2025-06-16,HB_AVG,DA,40.060001373291016,2025-06,6,2025
2025-06-17,HB_AVG,DA,28.549999237060547,2025-06,6,2025
2025-06-18,HB_AVG,DA,97.83999633789062,2025-06,6,2025
2025-06-19,HB_AVG,DA,55.394996643066406,2025-06,6,2025
2025-06-20,HB_AVG,DA,24.854999542236328,2025-06,6,2025
2025-06-21,HB_AVG,DA,22.774999618530273,2025-06,6,2025
2025-06-22,HB_AVG,DA,31.42500114440918,2025-06,6,2025
2025-06-23,HB_AVG,DA,39.07499694824219,2025-06,6,2025
2025-06-24,HB_AVG,DA,44.810001373291016,2025-06,6,2025
2025-06-25,HB_AVG,DA,41.790000915527344,2025-06,6,2025
2025-06-26,HB_AVG,DA,38.36000061035156,2025-06,6,2025
2025-06-27,HB_AVG,DA,47.659996032714844,2025-06,6,2025
2025-06-28,HB_AVG,DA,49.99000549316406,2025-06,6,2025
2025-06-29,HB_AVG,DA,45.65999984741211,2025-06,6,2025
2025-06-30,HB_AVG,DA,84.66499328613281,2025-06,6,2025
2025-07-01,HB_AVG,DA,85.81999969482422,2025-07,7,2025
2025-07-02,HB_AVG,DA,34.98500061035156,2025-07,7,2025
2025-07-03,HB_AVG,DA,17.655000686645508,2025-07,7,2025
2025-07-04,HB_AVG,DA,13.974996566772461,2025-07,7,2025
2025-07-05,HB_AVG,DA,28.110000610351562,2025-07,7,2025
2025-07-06,HB_AVG,DA,37.71999740600586,2025-07,7,2025
2025-07-07,HB_AVG,DA,37.66999816894531,2025-07,7,2025
2025-07-08,HB_AVG,DA,46.1349983215332,2025-07,7,2025
2025-07-09,HB_AVG,DA,30.454998016357422,2025-07,7,2025
2025-07-10,HB_AVG,DA,33.86000061035156,2025-07,7,2025
2025-07-11,HB_AVG,DA,36.11499786376953,2025-07,7,2025
2025-07-12,HB_AVG,DA,47.310001373291016,2025-07,7,2025
2025-07-13,HB_AVG,DA,55.00499725341797,2025-07,7,2025
2025-07-14,HB_AVG,DA,50.08500289916992,2025-07,7,2025
2025-07-15,HB_AVG,DA,38.875,2025-07,7,2025
2025-07-16,HB_AVG,DA,50.725006103515625,2025-07,7,2025
2025-07-17,HB_AVG,DA,61.724998474121094,2025-07,7,2025
2025-07-18,HB_AVG,DA,37.355003356933594,2025-07,7,2025
2025-07-19,HB_AVG,DA,37.429996490478516,2025-07,7,2025
2025-07-20,HB_AVG,DA,41.034996032714844,2025-07,7,2025
2025-07-21,HB_AVG,DA,51.81000518798828,2025-07,7,2025
2025-07-22,HB_AVG,DA,45.084999084472656,2025-07,7,2025
2025-07-23,HB_AVG,DA,56.715003967285156,2025-07,7,2025
2025-07-24,HB_AVG,DA,107.81999206542969,2025-07,7,2025
2025-07-25,HB_AVG,DA,94.13999938964844,2025-07,7,2025
2025-07-26,HB_AVG,DA,28.125003814697266,2025-07,7,2025
2025-07-27,HB_AVG,DA,35.7599983215332,2025-07,7,2025
2025-07-28,HB_AVG,DA,64.22000122070312,2025-07,7,2025
2025-07-29,HB_AVG,DA,100.2449951171875,2025-07,7,2025
2025-07-30,HB_AVG,DA,461.635009765625,2025-07,7,2025
2025-07-31,HB_AVG,DA,174.53500366210938,2025-07,7,2025
2025-08-01,HB_AVG,DA,86.39999389648438,2025-08,8,2025
2025-08-02,HB_AVG,DA,50.095001220703125,2025-08,8,2025
2025-08-03,HB_AVG,DA,67.76499938964844,2025-08,8,2025
2025-08-04,HB_AVG,DA,35.70500183105469,2025-08,8,2025
2025-08-05,HB_AVG,DA,38.87999725341797,2025-08,8,2025
2025-08-06,HB_AVG,DA,39.39500045776367,2025-08,8,2025
2025-08-07,HB_AVG,DA,65.86000061035156,2025-08,8,2025
2025-08-08,HB_AVG,DA,53.80999755859375,2025-08,8,2025
2025-08-09,HB_AVG,DA,35.605003356933594,2025-08,8,2025
2025-08-10,HB_AVG,DA,46.48500061035156,2025-08,8,2025
2025-08-11,HB_AVG,DA,119.91000366210938,2025-08,8,2025
2025-08-12,HB_AVG,DA,235.65501403808594,2025-08,8,2025
2025-08-13,HB_AVG,DA,106.39500427246094,2025-08,8,2025
2025-08-14,HB_AVG,DA,59.85499572753906,2025-08,8,2025
2025-08-15,HB_AVG,DA,34.279998779296875,2025-08,8,2025
2025-08-16,HB_AVG,DA,46.47500228881836,2025-08,8,2025
2025-08-17,HB_AVG,DA,68.04000091552734,2025-08,8,2025
2025-08-18,HB_AVG,DA,202.63999938964844,2025-08,8,2025
2025-08-19,HB_AVG,DA,263.4200134277344,2025-08,8,2025
2025-08-20,HB_AVG,DA,88.1100082397461,2025-08,8,2025
2025-08-21,HB_AVG,DA,48.9900016784668,2025-08,8,2025
2025-08-22,HB_AVG,DA,37.55500030517578,2025-08,8,2025
2025-08-23,HB_AVG,DA,40.80999755859375,2025-08,8,2025
2025-08-24,HB_AVG,DA,70.04500579833984,2025-08,8,2025
2025-08-25,HB_AVG,DA,53.16499328613281,2025-08,8,2025
2025-08-26,HB_AVG,DA,24.09499740600586,2025-08,8,2025
2025-08-27,HB_AVG,DA,34.14999771118164,2025-08,8,2025
2025-08-28,HB_AVG,DA,118.19999694824219,2025-08,8,2025
2025-08-29,HB_AVG,DA,80.55499267578125,2025-08,8,2025
2025-08-30,HB_AVG,DA,24.244998931884766,2025-08,8,2025
2025-08-31,HB_AVG,DA,22.82000160217285,2025-08,8,2025
2025-09-01,HB_AVG,DA,46.894996643066406,2025-09,9,2025
2025-09-02,HB_AVG,DA,52.790000915527344,2025-09,9,2025
2025-09-03,HB_AVG,DA,73.83999633789062,2025-09,9,2025
2025-09-04,HB_AVG,DA,65.71000671386719,2025-09,9,2025
2025-09-05,HB_AVG,DA,44.93499755859375,2025-09,9,2025
2025-09-06,HB_AVG,DA,28.044998168945312,2025-09,9,2025
2025-09-07,HB_AVG,DA,29.639997482299805,2025-09,9,2025
2025-09-08,HB_AVG,DA,29.73000144958496,2025-09,9,2025
2025-09-09,HB_AVG,DA,33.66999816894531,2025-09,9,2025
2025-09-10,HB_AVG,DA,36.45000076293945,2025-09,9,2025
2025-09-11,HB_AVG,DA,40.659996032714844,2025-09,9,2025
2025-09-12,HB_AVG,DA,36.61500549316406,2025-09,9,2025
2025-09-13,HB_AVG,DA,36.0099983215332,2025-09,9,2025
2025-09-14,HB_AVG,DA,65.99000549316406,2025-09,9,2025
2025-09-15,HB_AVG,DA,54.920005798339844,2025-09,9,2025
2025-09-16,HB_AVG,DA,57.73500061035156,2025-09,9,2025
2025-09-17,HB_AVG,DA,47.720001220703125,2025-09,9,2025
2025-09-18,HB_AVG,DA,50.86000061035156,2025-09,9,2025
2025-09-19,HB_AVG,DA,40.73999786376953,2025-09,9,2025
2025-09-20,HB_AVG,DA,38.32500076293945,2025-09,9,2025
2025-09-21,HB_AVG,DA,46.08000183105469,2025-09,9,2025
2025-09-22,HB_AVG,DA,58.464996337890625,2025-09,9,2025
2025-09-23,HB_AVG,DA,73.62000274658203,2025-09,9,2025
2025-09-24,HB_AVG,DA,23.125,2025-09,9,2025
2025-09-25,HB_AVG,DA,60.45500183105469,2025-09,9,2025
2025-09-26,HB_AVG,DA,49.660003662109375,2025-09,9,2025
2025-09-27,HB_AVG,DA,43.38500213623047,2025-09,9,2025
2025-09-28,HB_AVG,DA,47.40999984741211,2025-09,9,2025
2025-09-29,HB_AVG,DA,53.474998474121094,2025-09,9,2025
2025-09-30,HB_AVG,DA,58.709999084472656,2025-09,9,2025
2025-10-01,HB_AVG,DA,74.625,2025-10,10,2025
2025-10-02,HB_AVG,DA,59.91999816894531,2025-10,10,2025
2025-10-03,HB_AVG,DA,44.29499816894531,2025-10,10,2025
2025-10-04,HB_AVG,DA,36.93499755859375,2025-10,10,2025
2025-10-05,HB_AVG,DA,60.470001220703125,2025-10,10,2025
2025-10-06,HB_AVG,DA,67.09500122070312,2025-10,10,2025
2025-10-07,HB_AVG,DA,61.87999725341797,2025-10,10,2025
2025-10-08,HB_AVG,DA,66.91499328613281,2025-10,10,2025
2025-10-09,HB_AVG,DA,61.88999557495117,2025-10,10,2025
2025-10-10,HB_AVG,DA,65.43000030517578,2025-10,10,2025
2025-10-11,HB_AVG,DA,34.73999786376953,2025-10,10,2025
2025-10-12,HB_AVG,DA,61.96000289916992,2025-10,10,2025
2025-10-13,HB_AVG,DA,64.85999298095703,2025-10,10,2025
2025-10-14,HB_AVG,DA,77.58000183105469,2025-10,10,2025
2025-10-15,HB_AVG,DA,62.5050048828125,2025-10,10,2025
2025-10-16,HB_AVG,DA,32.875,2025-10,10,2025
2025-10-17,HB_AVG,DA,60.29499816894531,2025-10,10,2025
2025-10-18,HB_AVG,DA,51.68000030517578,2025-10,10,2025
2025-10-19,HB_AVG,DA,37.005001068115234,2025-10,10,2025
2025-10-20,HB_AVG,DA,72.06000518798828,2025-10,10,2025
2025-10-21,HB_AVG,DA,98.99500274658203,2025-10,10,2025
2025-10-22,HB_AVG,DA,52.29499816894531,2025-10,10,2025
2025-10-23,HB_AVG,DA,39.51000213623047,2025-10,10,2025
2025-10-24,HB_AVG,DA,35.875,2025-10,10,2025
2025-10-25,HB_AVG,DA,46.25000762939453,2025-10,10,2025
2025-10-26,HB_AVG,DA,65.23500061035156,2025-10,10,2025
2025-10-27,HB_AVG,DA,72.30999755859375,2025-10,10,2025
2025-10-28,HB_AVG,DA,23.045001983642578,2025-10,10,2025
2025-10-29,HB_AVG,DA,44.220001220703125,2025-10,10,2025
2025-10-30,HB_AVG,DA,65.84000396728516,2025-10,10,2025
2025-10-31,HB_AVG,DA,44.26499938964844,2025-10,10,2025
2025-11-01,HB_AVG,DA,58.779998779296875,2025-11,11,2025
2025-11-02,HB_AVG,DA,64.07499694824219,2025-11,11,2025
2025-11-03,HB_AVG,DA,45.625,2025-11,11,2025
2025-11-04,HB_AVG,DA,47.92000198364258,2025-11,11,2025
2025-11-05,HB_AVG,DA,109.45999908447266,2025-11,11,2025
2025-11-06,HB_AVG,DA,45.02499771118164,2025-11,11,2025
2025-11-07,HB_AVG,DA,158.64999389648438,2025-11,11,2025
2025-11-08,HB_AVG,DA,38.775001525878906,2025-11,11,2025
2025-11-09,HB_AVG,DA,51.32999801635742,2025-11,11,2025
2025-11-10,HB_AVG,DA,94.14500427246094,2025-11,11,2025
2025-11-11,HB_AVG,DA,32.86000061035156,2025-11,11,2025
2025-11-12,HB_AVG,DA,69.5199966430664,2025-11,11,2025
2025-11-13,HB_AVG,DA,42.644996643066406,2025-11,11,2025
2025-11-14,HB_AVG,DA,52.025001525878906,2025-11,11,2025
2025-11-15,HB_AVG,DA,67.86000061035156,2025-11,11,2025
2025-11-16,HB_AVG,DA,113.13999938964844,2025-11,11,2025
2025-11-17,HB_AVG,DA,50.154998779296875,2025-11,11,2025
2025-11-18,HB_AVG,DA,103.59500122070312,2025-11,11,2025
2025-11-19,HB_AVG,DA,66.98500061035156,2025-11,11,2025
2025-11-20,HB_AVG,DA,47.215003967285156,2025-11,11,2025
2025-11-21,HB_AVG,DA,65.22000122070312,2025-11,11,2025
2025-11-22,HB_AVG,DA,44.279998779296875,2025-11,11,2025
2025-11-23,HB_AVG,DA,28.394996643066406,2025-11,11,2025
2025-11-24,HB_AVG,DA,45.42499542236328,2025-11,11,2025
2025-11-25,HB_AVG,DA,52.42000198364258,2025-11,11,2025
2025-11-26,HB_AVG,DA,51.82500076293945,2025-11,11,2025
2025-11-27,HB_AVG,DA,34.470001220703125,2025-11,11,2025
2025-11-28,HB_AVG,DA,24.78499984741211,2025-11,11,2025
2025-11-29,HB_AVG,DA,15.694999694824219,2025-11,11,2025
2025-11-30,HB_AVG,DA,47.78999328613281,2025-11,11,2025
2025-12-01,HB_AVG,DA,53.340003967285156,2025-12,12,2025
2025-12-02,HB_AVG,DA,129.80499267578125,2025-12,12,2025
2025-12-03,HB_AVG,DA,23.609996795654297,2025-12,12,2025
2025-12-04,HB_AVG,DA,80.42500305175781,2025-12,12,2025
2025-12-05,HB_AVG,DA,47.32499694824219,2025-12,12,2025
2025-12-06,HB_AVG,DA,49.970001220703125,2025-12,12,2025
2025-12-07,HB_AVG,DA,45.70000076293945,2025-12,12,2025
2025-12-08,HB_AVG,DA,66.71500396728516,2025-12,12,2025
2025-12-09,HB_AVG,DA,51.51000213623047,2025-12,12,2025
2025-12-10,HB_AVG,DA,63.01499938964844,2025-12,12,2025
2025-12-11,HB_AVG,DA,36.24500274658203,2025-12,12,2025
2025-12-12,HB_AVG,DA,40.35499954223633,2025-12,12,2025
2025-12-13,HB_AVG,DA,29.075000762939453,2025-12,12,2025
2025-12-14,HB_AVG,DA,62.53000259399414,2025-12,12,2025
2025-12-15,HB_AVG,DA,88.28500366210938,2025-12,12,2025
2025-12-16,HB_AVG,DA,22.93000030517578,2025-12,12,2025
2025-12-17,HB_AVG,DA,32.13999938964844,2025-12,12,2025
2025-12-18,HB_AVG,DA,49.769996643066406,2025-12,12,2025
2025-12-19,HB_AVG,DA,31.869998931884766,2025-12,12,2025
2025-12-20,HB_AVG,DA,27.674999237060547,2025-12,12,2025
2025-12-21,HB_AVG,DA,31.860000610351562,2025-12,12,2025
2025-12-22,HB_AVG,DA,14.539999008178711,2025-12,12,2025
2025-12-23,HB_AVG,DA,19.969999313354492,2025-12,12,2025
2025-12-24,HB_AVG,DA,18.69499969482422,2025-12,12,2025
2025-12-25,HB_AVG,DA,18.009998321533203,2025-12,12,2025
2025-12-26,HB_AVG,DA,38.00499725341797,2025-12,12,2025
2025-12-27,HB_AVG,DA,14.094999313354492,2025-12,12,2025
2025-12-28,HB_AVG,DA,12.149999618530273,2025-12,12,2025
2025-12-29,HB_AVG,DA,49.22999572753906,2025-12,12,2025
2025-12-30,HB_AVG,DA,64.11500549316406,2025-12,12,2025
2025-12-31,HB_AVG,DA,37.589996337890625,2025-12,12,2025
2026-01-01,HB_AVG,DA,21.0049991607666,2026-01,1,2026
2026-01-02,HB_AVG,DA,33.154998779296875,2026-01,1,2026
2026-01-03,HB_AVG,DA,32.56500244140625,2026-01,1,2026
2026-01-04,HB_AVG,DA,23.895000457763672,2026-01,1,2026
2026-01-05,HB_AVG,DA,22.275001525878906,2026-01,1,2026
2026-01-06,HB_AVG,DA,34.66999816894531,2026-01,1,2026
2026-01-07,HB_AVG,DA,21.55000114440918,2026-01,1,2026
2026-01-08,HB_AVG,DA,26.21500015258789,2026-01,1,2026
2026-01-09,HB_AVG,DA,21.31999969482422,2026-01,1,2026
2026-01-10,HB_AVG,DA,43.46000289916992,2026-01,1,2026
2026-01-11,HB_AVG,DA,34.14500427246094,2026-01,1,2026
2026-01-12,HB_AVG,DA,32.195003509521484,2026-01,1,2026
2026-01-13,HB_AVG,DA,21.779996871948242,2026-01,1,2026
2026-01-14,HB_AVG,DA,33.07500076293945,2026-01,1,2026
2026-01-15,HB_AVG,DA,50.05500030517578,2026-01,1,2026
2026-01-16,HB_AVG,DA,31.80500030517578,2026-01,1,2026
2026-01-17,HB_AVG,DA,47.709999084472656,2026-01,1,2026
2026-01-18,HB_AVG,DA,46.0,2026-01,1,2026
2026-01-19,HB_AVG,DA,39.025001525878906,2026-01,1,2026
2026-01-20,HB_AVG,DA,55.39500045776367,2026-01,1,2026
2026-01-21,HB_AVG,DA,29.904998779296875,2026-01,1,2026
2026-01-22,HB_AVG,DA,25.49500274658203,2026-01,1,2026
2026-01-23,HB_AVG,DA,21.92500114440918,2026-01,1,2026
2026-01-24,HB_AVG,DA,295.96002197265625,2026-01,1,2026
2026-01-25,HB_AVG,DA,1077.175048828125,2026-01,1,2026
2026-01-26,HB_AVG,DA,1659.2049560546875,2026-01,1,2026
2026-01-27,HB_AVG,DA,238.30999755859375,2026-01,1,2026
2026-01-28,HB_AVG,DA,134.8699951171875,2026-01,1,2026
2026-01-29,HB_AVG,DA,71.26000213623047,2026-01,1,2026
2026-01-30,HB_AVG,DA,96.32000732421875,2026-01,1,2026
2026-01-31,HB_AVG,DA,82.5,2026-01,1,2026
2026-02-01,HB_AVG,DA,69.46000671386719,2026-02,2,2026
2026-02-02,HB_AVG,DA,30.969999313354492,2026-02,2,2026
2026-02-03,HB_AVG,DA,38.63999938964844,2026-02,2,2026
2026-02-04,HB_AVG,DA,52.03499984741211,2026-02,2,2026
2026-02-05,HB_AVG,DA,45.49500274658203,2026-02,2,2026
2026-02-06,HB_AVG,DA,37.01000213623047,2026-02,2,2026
2026-02-07,HB_AVG,DA,30.03499984741211,2026-02,2,2026
2026-02-08,HB_AVG,DA,26.755001068115234,2026-02,2,2026
2026-02-09,HB_AVG,DA,25.899999618530273,2026-02,2,2026
2026-02-10,HB_AVG,DA,24.52499771118164,2026-02,2,2026
2026-02-11,HB_AVG,DA,26.90999984741211,2026-02,2,2026
2026-02-12,HB_AVG,DA,27.80500030517578,2026-02,2,2026
2026-02-13,HB_AVG,DA,10.960000991821289,2026-02,2,2026
2026-02-14,HB_AVG,DA,9.125,2026-02,2,2026
2026-02-15,HB_AVG,DA,39.814998626708984,2026-02,2,2026
2026-02-16,HB_AVG,DA,22.045000076293945,2026-02,2,2026
2026-02-17,HB_AVG,DA,23.950000762939453,2026-02,2,2026
2026-02-18,HB_AVG,DA,21.670000076293945,2026-02,2,2026
2026-02-19,HB_AVG,DA,33.124996185302734,2026-02,2,2026
2026-02-20,HB_AVG,DA,16.474998474121094,2026-02,2,2026
2026-02-21,HB_AVG,DA,23.75,2026-02,2,2026
2026-02-22,HB_AVG,DA,36.724998474121094,2026-02,2,2026
2026-02-23,HB_AVG,DA,37.8650016784668,2026-02,2,2026
2026-02-24,HB_AVG,DA,27.725000381469727,2026-02,2,2026
2026-02-25,HB_AVG,DA,42.540000915527344,2026-02,2,2026
2026-02-26,HB_AVG,DA,38.57499694824219,2026-02,2,2026
2026-02-27,HB_AVG,DA,37.034996032714844,2026-02,2,2026
2026-02-28,HB_AVG,DA,34.38500213623047,2026-02,2,2026
2026-03-01,HB_AVG,DA,25.594999313354492,2026-03,3,2026
2026-03-02,HB_AVG,DA,21.560001373291016,2026-03,3,2026
2026-03-03,HB_AVG,DA,37.02000045776367,2026-03,3,2026
2026-03-04,HB_AVG,DA,42.68000030517578,2026-03,3,2026
2026-03-05,HB_AVG,DA,17.280000686645508,2026-03,3,2026
2026-03-06,HB_AVG,DA,24.58500099182129,2026-03,3,2026
2026-03-07,HB_AVG,DA,32.224998474121094,2026-03,3,2026
2026-03-08,HB_AVG,DA,27.61499786376953,2026-03,3,2026
2026-03-09,HB_AVG,DA,25.380001068115234,2026-03,3,2026
2026-03-10,HB_AVG,DA,24.62999725341797,2026-03,3,2026
2026-03-11,HB_AVG,DA,20.720001220703125,2026-03,3,2026
2026-03-12,HB_AVG,DA,45.28499984741211,2026-03,3,2026
2026-03-13,HB_AVG,DA,47.58500289916992,2026-03,3,2026
2026-03-14,HB_AVG,DA,33.72999954223633,2026-03,3,2026
2026-03-15,HB_AVG,DA,30.60999870300293,2026-03,3,2026
2026-03-16,HB_AVG,DA,98.3949966430664,2026-03,3,2026
2026-03-17,HB_AVG,DA,46.790000915527344,2026-03,3,2026
2026-03-18,HB_AVG,DA,55.58000183105469,2026-03,3,2026
2026-03-19,HB_AVG,DA,69.08000183105469,2026-03,3,2026
2026-03-20,HB_AVG,DA,71.85499572753906,2026-03,3,2026
2026-03-21,HB_AVG,DA,50.964996337890625,2026-03,3,2026
2026-03-22,HB_AVG,DA,38.79500198364258,2026-03,3,2026
2026-03-23,HB_AVG,DA,114.09500122070312,2026-03,3,2026
2026-03-24,HB_AVG,DA,38.36499786376953,2026-03,3,2026
2026-03-25,HB_AVG,DA,40.79999923706055,2026-03,3,2026
2026-03-26,HB_AVG,DA,33.7599983215332,2026-03,3,2026
2026-03-27,HB_AVG,DA,20.7450008392334,2026-03,3,2026
2026-03-28,HB_AVG,DA,29.8700008392334,2026-03,3,2026
2026-03-29,HB_AVG,DA,28.85500144958496,2026-03,3,2026
2026-03-30,HB_AVG,DA,27.470001220703125,2026-03,3,2026
2026-03-31,HB_AVG,DA,30.914997100830078,2026-03,3,2026
2026-04-01,HB_AVG,DA,33.14500427246094,2026-04,4,2026
2026-04-02,HB_AVG,DA,26.40500259399414,2026-04,4,2026
2026-04-03,HB_AVG,DA,47.14999771118164,2026-04,4,2026
2026-04-04,HB_AVG,DA,57.79499816894531,2026-04,4,2026
2026-04-05,HB_AVG,DA,53.86000061035156,2026-04,4,2026
2026-04-06,HB_AVG,DA,58.33500289916992,2026-04,4,2026
2026-04-07,HB_AVG,DA,37.20000076293945,2026-04,4,2026
2026-04-08,HB_AVG,DA,38.875,2026-04,4,2026
2026-04-09,HB_AVG,DA,30.705001831054688,2026-04,4,2026
2026-04-10,HB_AVG,DA,21.71000099182129,2026-04,4,2026
2026-04-11,HB_AVG,DA,42.26000213623047,2026-04,4,2026
2026-04-12,HB_AVG,DA,30.630001068115234,2026-04,4,2026
2026-04-13,HB_AVG,DA,36.415000915527344,2026-04,4,2026
2026-04-14,HB_AVG,DA,26.900001525878906,2026-04,4,2026
2026-04-15,HB_AVG,DA,49.685001373291016,2026-04,4,2026
2026-04-16,HB_AVG,DA,48.03499984741211,2026-04,4,2026
2026-04-17,HB_AVG,DA,41.42499542236328,2026-04,4,2026
2026-04-18,HB_AVG,DA,26.0,2026-04,4,2026
2026-04-19,HB_AVG,DA,39.375,2026-04,4,2026
2026-04-20,HB_AVG,DA,32.11499786376953,2026-04,4,2026
2026-04-21,HB_AVG,DA,44.73500061035156,2026-04,4,2026
2026-04-22,HB_AVG,DA,22.469999313354492,2026-04,4,2026
2026-04-23,HB_AVG,DA,26.790000915527344,2026-04,4,2026
2026-04-24,HB_AVG,DA,232.8000030517578,2026-04,4,2026
2026-04-25,HB_AVG,DA,58.55999755859375,2026-04,4,2026
2026-04-26,HB_AVG,DA,29.180004119873047,2026-04,4,2026
2026-04-27,HB_AVG,DA,456.3650207519531,2026-04,4,2026
2026-04-28,HB_AVG,DA,206.05499267578125,2026-04,4,2026
2026-04-29,HB_AVG,DA,51.0,2026-04,4,2026
2026-04-30,HB_AVG,DA,21.584999084472656,2026-04,4,2026
2026-05-01,HB_AVG,DA,32.375,2026-05,5,2026
2026-05-02,HB_AVG,DA,68.875,2026-05,5,2026
2026-05-03,HB_AVG,DA,35.47999954223633,2026-05,5,2026
2026-05-04,HB_AVG,DA,31.630001068115234,2026-05,5,2026
2026-05-05,HB_AVG,DA,72.11500549316406,2026-05,5,2026
2026-05-06,HB_AVG,DA,28.84000015258789,2026-05,5,2026
2026-05-07,HB_AVG,DA,33.30500030517578,2026-05,5,2026
2026-05-08,HB_AVG,DA,32.035003662109375,2026-05,5,2026
2026-05-09,HB_AVG,DA,32.27000045776367,2026-05,5,2026
2026-05-10,HB_AVG,DA,29.96500015258789,2026-05,5,2026
2026-05-11,HB_AVG,DA,106.54000091552734,2026-05,5,2026
2026-05-12,HB_AVG,DA,60.969993591308594,2026-05,5,2026
2026-05-13,HB_AVG,DA,45.55500030517578,2026-05,5,2026
2026-05-14,HB_AVG,DA,31.974998474121094,2026-05,5,2026
2026-05-15,HB_AVG,DA,18.19499969482422,2026-05,5,2026
2026-05-16,HB_AVG,DA,22.48999786376953,2026-05,5,2026
2026-05-17,HB_AVG,DA,15.835000991821289,2026-05,5,2026
2026-05-18,HB_AVG,DA,17.30500030517578,2026-05,5,2026
2026-05-19,HB_AVG,DA,32.38999938964844,2026-05,5,2026
2026-05-20,HB_AVG,DA,43.67500305175781,2026-05,5,2026
2026-05-21,HB_AVG,DA,21.41499900817871,2026-05,5,2026
2026-05-22,HB_AVG,DA,27.020000457763672,2026-05,5,2026
2026-05-23,HB_AVG,DA,19.235000610351562,2026-05,5,2026
2026-05-24,HB_AVG,DA,34.97999572753906,2026-05,5,2026
2026-05-25,HB_AVG,DA,33.93499755859375,2026-05,5,2026
2026-05-26,HB_AVG,DA,44.27000045776367,2026-05,5,2026
2026-05-27,HB_AVG,DA,37.95000076293945,2026-05,5,2026
2026-05-28,HB_AVG,DA,86.37001037597656,2026-05,5,2026
2026-05-29,HB_AVG,DA,46.95000076293945,2026-05,5,2026
2026-05-30,HB_AVG,DA,22.285001754760742,2026-05,5,2026
2026-05-31,HB_AVG,DA,38.599998474121094,2026-05,5,2026
2026-06-01,HB_AVG,DA,52.15999984741211,2026-06,6,2026
2026-06-02,HB_AVG,DA,26.569997787475586,2026-06,6,2026
2026-06-03,HB_AVG,DA,31.375001907348633,2026-06,6,2026
2026-06-04,HB_AVG,DA,20.469999313354492,2026-06,6,2026
2026-06-05,HB_AVG,DA,19.069997787475586,2026-06,6,2026
2026-06-06,HB_AVG,DA,27.950002670288086,2026-06,6,2026
2026-06-07,HB_AVG,DA,18.294998168945312,2026-06,6,2026
2026-06-08,HB_AVG,DA,21.345001220703125,2026-06,6,2026
2026-06-09,HB_AVG,DA,27.169998168945312,2026-06,6,2026
2026-06-10,HB_AVG,DA,24.21999740600586,2026-06,6,2026
2026-06-11,HB_AVG,DA,39.98999786376953,2026-06,6,2026
2026-06-12,HB_AVG,DA,25.710002899169922,2026-06,6,2026
2026-06-13,HB_AVG,DA,22.46999740600586,2026-06,6,2026
2026-06-14,HB_AVG,DA,22.34499740600586,2026-06,6,2026
2026-06-15,HB_AVG,DA,29.60000228881836,2026-06,6,2026
2026-06-16,HB_AVG,DA,25.755001068115234,2026-06,6,2026
2026-06-17,HB_AVG,DA,24.46999740600586,2026-06,6,2026
2026-06-18,HB_AVG,DA,41.730003356933594,2026-06,6,2026
2026-06-19,HB_AVG,DA,39.779998779296875,2026-06,6,2026
2026-06-20,HB_AVG,DA,25.09000015258789,2026-06,6,2026
2026-06-21,HB_AVG,DA,28.359996795654297,2026-06,6,2026
2026-06-22,HB_AVG,DA,36.7349967956543,2026-06,6,2026
2026-06-23,HB_AVG,DA,20.59000015258789,2026-06,6,2026
2026-06-24,HB_AVG,DA,27.53499984741211,2026-06,6,2026
2026-06-25,HB_AVG,DA,22.87000274658203,2026-06,6,2026
2026-06-26,HB_AVG,DA,21.610000610351562,2026-06,6,2026
2026-06-27,HB_AVG,DA,21.270000457763672,2026-06,6,2026
2026-06-28,HB_AVG,DA,23.185001373291016,2026-06,6,2026
2026-06-29,HB_AVG,DA,23.72499656677246,2026-06,6,2026
2026-06-30,HB_AVG,DA,24.155000686645508,2026-06,6,2026
2026-07-01,HB_AVG,DA,30.214998245239258,2026-07,7,2026
2026-07-02,HB_AVG,DA,28.665002822875977,2026-07,7,2026
2026-07-03,HB_AVG,DA,29.009998321533203,2026-07,7,2026
2026-07-04,HB_AVG,DA,36.45500183105469,2026-07,7,2026
2026-07-05,HB_AVG,DA,48.26499938964844,2026-07,7,2026
2026-07-06,HB_AVG,DA,46.29999923706055,2026-07,7,2026
2026-07-07,HB_AVG,DA,33.79999923706055,2026-07,7,2026
2026-07-08,HB_AVG,DA,27.075000762939453,2026-07,7,2026
2026-07-09,HB_AVG,DA,23.78499984741211,2026-07,7,2026
2026-07-10,HB_AVG,DA,25.204998016357422,2026-07,7,2026
2026-07-11,HB_AVG,DA,23.59499740600586,2026-07,7,2026
2026-07-12,HB_AVG,DA,25.374998092651367,2026-07,7,2026
2026-07-13,HB_AVG,DA,17.069997787475586,2026-07,7,2026
2026-07-14,HB_AVG,DA,16.935001373291016,2026-07,7,2026
2026-07-15,HB_AVG,DA,13.360000610351562,2026-07,7,2026
2026-07-16,HB_AVG,DA,16.73000144958496,2026-07,7,2026
2026-07-17,HB_AVG,DA,19.59000015258789,2026-07,7,2026
2026-07-18,HB_AVG,DA,25.314998626708984,2026-07,7,2026
2026-07-19,HB_AVG,DA,31.180004119873047,2026-07,7,2026
2026-07-20,HB_AVG,DA,54.6299934387207,2026-07,7,2026
2026-07-21,HB_AVG,DA,185.3249969482422,2026-07,7,2026
2026-07-22,HB_AVG,DA,198.16500854492188,2026-07,7,2026
2026-07-23,HB_AVG,DA,33.51000213623047,2026-07,7,2026
2026-07-24,HB_AVG,DA,20.654998779296875,2026-07,7,2026
2026-07-25,HB_AVG,DA,29.689998626708984,2026-07,7,2026
2026-07-26,HB_AVG,DA,29.649999618530273,2026-07,7,2026
2026-07-27,HB_AVG,DA,43.12999725341797,2026-07,7,2026
2026-07-28,HB_AVG,DA,43.0150032043457,2026-07,7,2026
2026-07-29,HB_AVG,DA,46.820003509521484,2026-07,7,2026
2026-07-30,HB_AVG,DA,42.665000915527344,2026-07,7,2026
2026-07-31,HB_AVG,DA,78.88500213623047,2026-07,7,2026
2026-08-01,HB_AVG,DA,57.39999771118164,2026-08,8,2026
2026-08-02,HB_AVG,DA,65.82499694824219,2026-08,8,2026
2026-08-03,HB_AVG,DA,32.790000915527344,2026-08,8,2026
2026-08-04,HB_AVG,DA,33.369998931884766,2026-08,8,2026
2026-08-05,HB_AVG,DA,26.189998626708984,2026-08,8,2026
2026-08-06,HB_AVG,DA,25.279998779296875,2026-08,8,2026
2026-08-07,HB_AVG,DA,28.790000915527344,2026-08,8,2026
2026-08-08,HB_AVG,DA,23.989999771118164,2026-08,8,2026
2026-08-09,HB_AVG,DA,29.775001525878906,2026-08,8,2026
2026-08-10,HB_AVG,DA,25.67999839782715,2026-08,8,2026
2026-08-11,HB_AVG,DA,27.860000610351562,2026-08,8,2026
2026-08-12,HB_AVG,DA,21.529998779296875,2026-08,8,2026
2026-08-13,HB_AVG,DA,25.05499839782715,2026-08,8,2026
2026-08-14,HB_AVG,DA,25.43500328063965,2026-08,8,2026
2026-08-15,HB_AVG,DA,30.270000457763672,2026-08,8,2026
2026-08-16,HB_AVG,DA,49.404998779296875,2026-08,8,2026
2026-08-17,HB_AVG,DA,99.86000061035156,2026-08,8,2026
2026-08-18,HB_AVG,DA,55.45499801635742,2026-08,8,2026
2026-08-19,HB_AVG,DA,77.385009765625,2026-08,8,2026
2026-08-20,HB_AVG,DA,123.37001037597656,2026-08,8,2026
2026-08-21,HB_AVG,DA,100.2750015258789,2026-08,8,2026
2026-08-22,HB_AVG,DA,79.21499633789062,2026-08,8,2026
2026-08-23,HB_AVG,DA,56.279998779296875,2026-08,8,2026
2026-08-24,HB_AVG,DA,60.1349983215332,2026-08,8,2026
2026-08-25,HB_AVG,DA,78.9749984741211,2026-08,8,2026
2026-08-26,HB_AVG,DA,119.51500701904297,2026-08,8,2026
2026-08-27,HB_AVG,DA,75.53999328613281,2026-08,8,2026
2026-08-28,HB_AVG,DA,56.060001373291016,2026-08,8,2026
2026-08-29,HB_AVG,DA,44.375,2026-08,8,2026
2026-08-30,HB_AVG,DA,41.52499771118164,2026-08,8,2026
2026-08-31,HB_AVG,DA,50.625,2026-08,8,2026
2026-09-01,HB_AVG,DA,43.48999786376953,2026-09,9,2026
2026-09-02,HB_AVG,DA,40.69499969482422,2026-09,9,2026
2026-09-03,HB_AVG,DA,31.03499984741211,2026-09,9,2026
2026-09-04,HB_AVG,DA,24.91499900817871,2026-09,9,2026
2026-09-05,HB_AVG,DA,37.51000213623047,2026-09,9,2026
2026-09-06,HB_AVG,DA,41.339996337890625,2026-09,9,2026
2026-09-07,HB_AVG,DA,60.2400016784668,2026-09,9,2026
2026-09-08,HB_AVG,DA,59.17999267578125,2026-09,9,2026
2026-09-09,HB_AVG,DA,76.36499786376953,2026-09,9,2026
2026-09-10,HB_AVG,DA,71.25499725341797,2026-09,9,2026
2026-09-11,HB_AVG,DA,29.84499740600586,2026-09,9,2026
2026-09-12,HB_AVG,DA,37.80500030517578,2026-09,9,2026
2026-09-13,HB_AVG,DA,37.79500198364258,2026-09,9,2026
2023-09-01,PROXY,RT,99.73249816894531,2023-09,9,2023
2023-09-02,PROXY,RT,61.63999938964844,2023-09,9,2023
2023-09-03,PROXY,RT,33.621253967285156,2023-09,9,2023
2023-09-04,PROXY,RT,59.94374465942383,2023-09,9,2023
2023-09-05,PROXY,RT,1057.6512451171875,2023-09,9,2023
2023-09-06,PROXY,RT,4399.83154296875,2023-09,9,2023
2023-09-07,PROXY,RT,2658.622314453125,2023-09,9,2023
2023-09-08,PROXY,RT,2796.987548828125,2023-09,9,2023
2023-09-09,PROXY,RT,75.28125,2023-09,9,2023
2023-09-10,PROXY,RT,29.5625,2023-09,9,2023
2023-09-11,PROXY,RT,12.396249771118164,2023-09,9,2023
2023-09-12,PROXY,RT,46.37999725341797,2023-09,9,2023
2023-09-13,PROXY,RT,27.271251678466797,2023-09,9,2023
2023-09-14,PROXY,RT,13.917499542236328,2023-09,9,2023
2023-09-15,PROXY,RT,71.36375427246094,2023-09,9,2023
2023-09-16,PROXY,RT,25.184999465942383,2023-09,9,2023
2023-09-17,PROXY,RT,262.67999267578125,2023-09,9,2023
2023-09-18,PROXY,RT,40.14500045776367,2023-09,9,2023
2023-09-19,PROXY,RT,33.596248626708984,2023-09,9,2023
2023-09-20,PROXY,RT,172.5087432861328,2023-09,9,2023
2023-09-21,PROXY,RT,79.52999877929688,2023-09,9,2023
2023-09-22,PROXY,RT,104.88749694824219,2023-09,9,2023
2023-09-23,PROXY,RT,449.8775329589844,2023-09,9,2023
2023-09-24,PROXY,RT,408.39501953125,2023-09,9,2023
2023-09-25,PROXY,RT,125.875,2023-09,9,2023
2023-09-26,PROXY,RT,143.2137451171875,2023-09,9,2023
2023-09-27,PROXY,RT,51.00750732421875,2023-09,9,2023
2023-09-28,PROXY,RT,34.29624938964844,2023-09,9,2023
2023-09-29,PROXY,RT,22.685001373291016,2023-09,9,2023
2023-09-30,PROXY,RT,16.505001068115234,2023-09,9,2023
2023-10-01,PROXY,RT,6.402500152587891,2023-10,10,2023
2023-10-02,PROXY,RT,25.022497177124023,2023-10,10,2023
2023-10-03,PROXY,RT,22.5262508392334,2023-10,10,2023
2023-10-04,PROXY,RT,95.13124084472656,2023-10,10,2023
2023-10-05,PROXY,RT,56.93999481201172,2023-10,10,2023
2023-10-06,PROXY,RT,109.93624877929688,2023-10,10,2023
2023-10-07,PROXY,RT,69.01374816894531,2023-10,10,2023
2023-10-08,PROXY,RT,44.01124954223633,2023-10,10,2023
2023-10-09,PROXY,RT,166.97000122070312,2023-10,10,2023
2023-10-10,PROXY,RT,15.53750228881836,2023-10,10,2023
2023-10-11,PROXY,RT,14.477499008178711,2023-10,10,2023
2023-10-12,PROXY,RT,33.162498474121094,2023-10,10,2023
2023-10-13,PROXY,RT,180.43374633789062,2023-10,10,2023
2023-10-14,PROXY,RT,80.54875183105469,2023-10,10,2023
2023-10-15,PROXY,RT,41.1724967956543,2023-10,10,2023
2023-10-16,PROXY,RT,97.95500183105469,2023-10,10,2023
2023-10-17,PROXY,RT,62.99749755859375,2023-10,10,2023
2023-10-18,PROXY,RT,109.11750030517578,2023-10,10,2023
2023-10-19,PROXY,RT,383.3937683105469,2023-10,10,2023
2023-10-20,PROXY,RT,204.38250732421875,2023-10,10,2023
2023-10-21,PROXY,RT,92.4800033569336,2023-10,10,2023
2023-10-22,PROXY,RT,565.0712280273438,2023-10,10,2023
2023-10-23,PROXY,RT,359.35003662109375,2023-10,10,2023
2023-10-24,PROXY,RT,94.30375671386719,2023-10,10,2023
2023-10-25,PROXY,RT,448.28375244140625,2023-10,10,2023
2023-10-26,PROXY,RT,188.39373779296875,2023-10,10,2023
2023-10-27,PROXY,RT,121.26000213623047,2023-10,10,2023
2023-10-28,PROXY,RT,45.38499450683594,2023-10,10,2023
2023-10-29,PROXY,RT,8.413751602172852,2023-10,10,2023
2023-10-30,PROXY,RT,41.37999725341797,2023-10,10,2023
2023-10-31,PROXY,RT,22.177501678466797,2023-10,10,2023
2023-11-01,PROXY,RT,24.57499885559082,2023-11,11,2023
2023-11-02,PROXY,RT,23.42999839782715,2023-11,11,2023
2023-11-03,PROXY,RT,14.26500129699707,2023-11,11,2023
2023-11-04,PROXY,RT,47.38874816894531,2023-11,11,2023
2023-11-05,PROXY,RT,107.93624877929688,2023-11,11,2023
2023-11-06,PROXY,RT,112.52999114990234,2023-11,11,2023
2023-11-07,PROXY,RT,35.276248931884766,2023-11,11,2023
2023-11-08,PROXY,RT,499.3949890136719,2023-11,11,2023
2023-11-09,PROXY,RT,45.183746337890625,2023-11,11,2023
2023-11-10,PROXY,RT,61.11499786376953,2023-11,11,2023
2023-11-11,PROXY,RT,99.89125061035156,2023-11,11,2023
2023-11-12,PROXY,RT,73.396240234375,2023-11,11,2023
2023-11-13,PROXY,RT,170.22250366210938,2023-11,11,2023
2023-11-14,PROXY,RT,72.95625305175781,2023-11,11,2023
2023-11-15,PROXY,RT,72.13500213623047,2023-11,11,2023
2023-11-16,PROXY,RT,11.186250686645508,2023-11,11,2023
2023-11-17,PROXY,RT,56.6775016784668,2023-11,11,2023
2023-11-18,PROXY,RT,15.134998321533203,2023-11,11,2023
2023-11-19,PROXY,RT,25.77750015258789,2023-11,11,2023
2023-11-20,PROXY,RT,46.16874694824219,2023-11,11,2023
2023-11-21,PROXY,RT,162.625,2023-11,11,2023
2023-11-22,PROXY,RT,103.4637451171875,2023-11,11,2023
2023-11-23,PROXY,RT,10.032500267028809,2023-11,11,2023
2023-11-24,PROXY,RT,19.326250076293945,2023-11,11,2023
2023-11-25,PROXY,RT,66.44124603271484,2023-11,11,2023
2023-11-26,PROXY,RT,136.45750427246094,2023-11,11,2023
2023-11-27,PROXY,RT,114.47124481201172,2023-11,11,2023
2023-11-28,PROXY,RT,28.05499839782715,2023-11,11,2023
2023-11-29,PROXY,RT,26.954998016357422,2023-11,11,2023
2023-11-30,PROXY,RT,71.65750122070312,2023-11,11,2023
2023-12-01,PROXY,RT,60.07810974121094,2023-12,12,2023
2023-12-02,PROXY,RT,80.5652847290039,2023-12,12,2023
2023-12-03,PROXY,RT,26.947296142578125,2023-12,12,2023
2023-12-04,PROXY,RT,55.01586151123047,2023-12,12,2023
2023-12-05,PROXY,RT,265.7292175292969,2023-12,12,2023
2023-12-06,PROXY,RT,30.29511833190918,2023-12,12,2023
2023-12-07,PROXY,RT,25.837514877319336,2023-12,12,2023
2023-12-08,PROXY,RT,104.07179260253906,2023-12,12,2023
2023-12-09,PROXY,RT,13.457929611206055,2023-12,12,2023
2023-12-10,PROXY,RT,52.54603958129883,2023-12,12,2023
2023-12-11,PROXY,RT,36.236122131347656,2023-12,12,2023
2023-12-12,PROXY,RT,31.81641960144043,2023-12,12,2023
2023-12-13,PROXY,RT,14.668174743652344,2023-12,12,2023
2023-12-14,PROXY,RT,11.28205680847168,2023-12,12,2023
2023-12-15,PROXY,RT,23.127119064331055,2023-12,12,2023
2023-12-16,PROXY,RT,28.22281265258789,2023-12,12,2023
2023-12-17,PROXY,RT,29.499000549316406,2023-12,12,2023
2023-12-18,PROXY,RT,29.10861587524414,2023-12,12,2023
2023-12-19,PROXY,RT,19.057762145996094,2023-12,12,2023
2023-12-20,PROXY,RT,21.341787338256836,2023-12,12,2023
2023-12-21,PROXY,RT,20.010814666748047,2023-12,12,2023
2023-12-22,PROXY,RT,17.360000610351562,2023-12,12,2023
2023-12-23,PROXY,RT,23.331130981445312,2023-12,12,2023
2023-12-24,PROXY,RT,22.133323669433594,2023-12,12,2023
2023-12-25,PROXY,RT,64.624755859375,2023-12,12,2023
2023-12-26,PROXY,RT,33.01095199584961,2023-12,12,2023
2023-12-27,PROXY,RT,50.8537712097168,2023-12,12,2023
2023-12-28,PROXY,RT,26.297515869140625,2023-12,12,2023
2023-12-29,PROXY,RT,66.6070556640625,2023-12,12,2023
2023-12-30,PROXY,RT,113.15624237060547,2023-12,12,2023
2023-12-31,PROXY,RT,15.802274703979492,2023-12,12,2023
2024-01-01,PROXY,RT,38.168548583984375,2024-01,1,2024
2024-01-02,PROXY,RT,43.95601272583008,2024-01,1,2024
2024-01-03,PROXY,RT,27.154247283935547,2024-01,1,2024
2024-01-04,PROXY,RT,30.031566619873047,2024-01,1,2024
2024-01-05,PROXY,RT,31.723073959350586,2024-01,1,2024
2024-01-06,PROXY,RT,58.68915557861328,2024-01,1,2024
2024-01-07,PROXY,RT,90.1162109375,2024-01,1,2024
2024-01-08,PROXY,RT,28.590408325195312,2024-01,1,2024
2024-01-09,PROXY,RT,76.90033721923828,2024-01,1,2024
2024-01-10,PROXY,RT,75.86815643310547,2024-01,1,2024
2024-01-11,PROXY,RT,137.92694091796875,2024-01,1,2024
2024-01-12,PROXY,RT,80.64016723632812,2024-01,1,2024
2024-01-13,PROXY,RT,54.16316604614258,2024-01,1,2024
2024-01-14,PROXY,RT,81.00303649902344,2024-01,1,2024
2024-01-15,PROXY,RT,179.97537231445312,2024-01,1,2024
2024-01-16,PROXY,RT,555.5111083984375,2024-01,1,2024
2024-01-17,PROXY,RT,46.25895309448242,2024-01,1,2024
2024-01-18,PROXY,RT,36.10464859008789,2024-01,1,2024
2024-01-19,PROXY,RT,45.12907791137695,2024-01,1,2024
2024-01-20,PROXY,RT,71.85368347167969,2024-01,1,2024
2024-01-21,PROXY,RT,147.2811279296875,2024-01,1,2024
2024-01-22,PROXY,RT,218.31390380859375,2024-01,1,2024
2024-01-23,PROXY,RT,53.02330780029297,2024-01,1,2024
2024-01-24,PROXY,RT,27.603374481201172,2024-01,1,2024
2024-01-25,PROXY,RT,20.46231460571289,2024-01,1,2024
2024-01-26,PROXY,RT,29.374156951904297,2024-01,1,2024
2024-01-27,PROXY,RT,42.57718276977539,2024-01,1,2024
2024-01-28,PROXY,RT,36.09252166748047,2024-01,1,2024
2024-01-29,PROXY,RT,23.521259307861328,2024-01,1,2024
2024-01-30,PROXY,RT,29.858619689941406,2024-01,1,2024
2024-01-31,PROXY,RT,16.692840576171875,2024-01,1,2024
2024-02-01,PROXY,RT,65.7313003540039,2024-02,2,2024
2024-02-02,PROXY,RT,37.73537826538086,2024-02,2,2024
2024-02-03,PROXY,RT,36.303924560546875,2024-02,2,2024
2024-02-04,PROXY,RT,19.717741012573242,2024-02,2,2024
2024-02-05,PROXY,RT,54.04780578613281,2024-02,2,2024
2024-02-06,PROXY,RT,60.085838317871094,2024-02,2,2024
2024-02-07,PROXY,RT,65.16600036621094,2024-02,2,2024
2024-02-08,PROXY,RT,23.717063903808594,2024-02,2,2024
2024-02-09,PROXY,RT,34.76806640625,2024-02,2,2024
2024-02-10,PROXY,RT,20.676158905029297,2024-02,2,2024
2024-02-11,PROXY,RT,48.248992919921875,2024-02,2,2024
2024-02-12,PROXY,RT,49.69258117675781,2024-02,2,2024
2024-02-13,PROXY,RT,86.89274597167969,2024-02,2,2024
2024-02-14,PROXY,RT,28.503036499023438,2024-02,2,2024
2024-02-15,PROXY,RT,16.709009170532227,2024-02,2,2024
2024-02-16,PROXY,RT,27.686527252197266,2024-02,2,2024
2024-02-17,PROXY,RT,33.55712890625,2024-02,2,2024
2024-02-18,PROXY,RT,41.44096755981445,2024-02,2,2024
2024-02-19,PROXY,RT,87.28632354736328,2024-02,2,2024
2024-02-20,PROXY,RT,39.93562316894531,2024-02,2,2024
2024-02-21,PROXY,RT,46.325313568115234,2024-02,2,2024
2024-02-22,PROXY,RT,79.23604583740234,2024-02,2,2024
2024-02-23,PROXY,RT,45.570404052734375,2024-02,2,2024
2024-02-24,PROXY,RT,37.631500244140625,2024-02,2,2024
2024-02-25,PROXY,RT,73.36083984375,2024-02,2,2024
2024-02-26,PROXY,RT,55.65971374511719,2024-02,2,2024
2024-02-27,PROXY,RT,28.106433868408203,2024-02,2,2024
2024-02-28,PROXY,RT,84.15475463867188,2024-02,2,2024
2024-02-29,PROXY,RT,38.77887725830078,2024-02,2,2024
2024-03-01,PROXY,RT,19.45675277709961,2024-03,3,2024
2024-03-02,PROXY,RT,14.305888175964355,2024-03,3,2024
2024-03-03,PROXY,RT,56.35304260253906,2024-03,3,2024
2024-03-04,PROXY,RT,469.1124572753906,2024-03,3,2024
2024-03-05,PROXY,RT,28.77669906616211,2024-03,3,2024
2024-03-06,PROXY,RT,39.99585723876953,2024-03,3,2024
2024-03-07,PROXY,RT,114.13865661621094,2024-03,3,2024
2024-03-08,PROXY,RT,27.016132354736328,2024-03,3,2024
2024-03-09,PROXY,RT,45.92973709106445,2024-03,3,2024
2024-03-10,PROXY,RT,34.41965103149414,2024-03,3,2024
2024-03-11,PROXY,RT,27.048568725585938,2024-03,3,2024
2024-03-12,PROXY,RT,52.979949951171875,2024-03,3,2024
2024-03-13,PROXY,RT,27.00643539428711,2024-03,3,2024
2024-03-14,PROXY,RT,20.72210693359375,2024-03,3,2024
2024-03-15,PROXY,RT,23.300762176513672,2024-03,3,2024
2024-03-16,PROXY,RT,54.86289978027344,2024-03,3,2024
2024-03-17,PROXY,RT,28.346115112304688,2024-03,3,2024
2024-03-18,PROXY,RT,135.36390686035156,2024-03,3,2024
2024-03-19,PROXY,RT,89.9952621459961,2024-03,3,2024
2024-03-20,PROXY,RT,46.22270584106445,2024-03,3,2024
2024-03-21,PROXY,RT,63.64992141723633,2024-03,3,2024
2024-03-22,PROXY,RT,80.51160430908203,2024-03,3,2024
2024-03-23,PROXY,RT,32.05136489868164,2024-03,3,2024
2024-03-24,PROXY,RT,66.39601135253906,2024-03,3,2024
2024-03-25,PROXY,RT,33.738460540771484,2024-03,3,2024
2024-03-26,PROXY,RT,73.29389190673828,2024-03,3,2024
2024-03-27,PROXY,RT,43.44728088378906,2024-03,3,2024
2024-03-28,PROXY,RT,66.67455291748047,2024-03,3,2024
2024-03-29,PROXY,RT,21.35700225830078,2024-03,3,2024
2024-03-30,PROXY,RT,46.50009536743164,2024-03,3,2024
2024-03-31,PROXY,RT,14.356870651245117,2024-03,3,2024
2024-04-01,PROXY,RT,17.557842254638672,2024-04,4,2024
2024-04-02,PROXY,RT,54.12805938720703,2024-04,4,2024
2024-04-03,PROXY,RT,106.49942016601562,2024-04,4,2024
2024-04-04,PROXY,RT,121.05780792236328,2024-04,4,2024
2024-04-05,PROXY,RT,62.77937698364258,2024-04,4,2024
2024-04-06,PROXY,RT,17.71424102783203,2024-04,4,2024
2024-04-07,PROXY,RT,177.54727172851562,2024-04,4,2024
2024-04-08,PROXY,RT,155.6116943359375,2024-04,4,2024
2024-04-09,PROXY,RT,35.344451904296875,2024-04,4,2024
2024-04-10,PROXY,RT,31.435279846191406,2024-04,4,2024
2024-04-11,PROXY,RT,175.8966064453125,2024-04,4,2024
2024-04-12,PROXY,RT,21.259384155273438,2024-04,4,2024
2024-04-13,PROXY,RT,44.50780487060547,2024-04,4,2024
2024-04-14,PROXY,RT,74.33599853515625,2024-04,4,2024
2024-04-15,PROXY,RT,11.064242362976074,2024-04,4,2024
2024-04-16,PROXY,RT,820.3739624023438,2024-04,4,2024
2024-04-17,PROXY,RT,26.57263946533203,2024-04,4,2024
2024-04-18,PROXY,RT,16.180957794189453,2024-04,4,2024
2024-04-19,PROXY,RT,31.304733276367188,2024-04,4,2024
2024-04-20,PROXY,RT,19.450660705566406,2024-04,4,2024
2024-04-21,PROXY,RT,76.1803970336914,2024-04,4,2024
2024-04-22,PROXY,RT,24.40380859375,2024-04,4,2024
2024-04-23,PROXY,RT,20.425518035888672,2024-04,4,2024
2024-04-24,PROXY,RT,224.25062561035156,2024-04,4,2024
2024-04-25,PROXY,RT,28.634471893310547,2024-04,4,2024
2024-04-26,PROXY,RT,197.43739318847656,2024-04,4,2024
2024-04-27,PROXY,RT,12.767536163330078,2024-04,4,2024
2024-04-28,PROXY,RT,1073.0809326171875,2024-04,4,2024
2024-04-29,PROXY,RT,72.75559997558594,2024-04,4,2024
2024-04-30,PROXY,RT,18.362804412841797,2024-04,4,2024
2024-05-01,PROXY,RT,17.330764770507812,2024-05,5,2024
2024-05-02,PROXY,RT,41.343536376953125,2024-05,5,2024
2024-05-03,PROXY,RT,45.47482681274414,2024-05,5,2024
2024-05-04,PROXY,RT,29.039926528930664,2024-05,5,2024
2024-05-05,PROXY,RT,26.621112823486328,2024-05,5,2024
2024-05-06,PROXY,RT,24.092670440673828,2024-05,5,2024
2024-05-07,PROXY,RT,59.22073745727539,2024-05,5,2024
2024-05-08,PROXY,RT,2747.847412109375,2024-05,5,2024
2024-05-09,PROXY,RT,269.5198669433594,2024-05,5,2024
2024-05-10,PROXY,RT,130.77830505371094,2024-05,5,2024
2024-05-11,PROXY,RT,36.49130630493164,2024-05,5,2024
2024-05-12,PROXY,RT,48.32625198364258,2024-05,5,2024
2024-05-13,PROXY,RT,138.94361877441406,2024-05,5,2024
2024-05-14,PROXY,RT,55.45274353027344,2024-05,5,2024
2024-05-15,PROXY,RT,42.43806457519531,2024-05,5,2024
2024-05-16,PROXY,RT,38.30461502075195,2024-05,5,2024
2024-05-17,PROXY,RT,73.8283920288086,2024-05,5,2024
2024-05-18,PROXY,RT,82.00592803955078,2024-05,5,2024
2024-05-19,PROXY,RT,21.98530387878418,2024-05,5,2024
2024-05-20,PROXY,RT,21.666269302368164,2024-05,5,2024
2024-05-21,PROXY,RT,195.5099639892578,2024-05,5,2024
2024-05-22,PROXY,RT,46.253055572509766,2024-05,5,2024
2024-05-23,PROXY,RT,26.65165138244629,2024-05,5,2024
2024-05-24,PROXY,RT,63.523677825927734,2024-05,5,2024
2024-05-25,PROXY,RT,25.17414093017578,2024-05,5,2024
2024-05-26,PROXY,RT,83.02936553955078,2024-05,5,2024
2024-05-27,PROXY,RT,180.43821716308594,2024-05,5,2024
2024-05-28,PROXY,RT,12.518390655517578,2024-05,5,2024
2024-05-29,PROXY,RT,133.27003479003906,2024-05,5,2024
2024-05-30,PROXY,RT,152.5169219970703,2024-05,5,2024
2024-05-31,PROXY,RT,27.30838966369629,2024-05,5,2024
2024-06-01,PROXY,RT,25.28223991394043,2024-06,6,2024
2024-06-02,PROXY,RT,34.55018615722656,2024-06,6,2024
2024-06-03,PROXY,RT,81.66091918945312,2024-06,6,2024
2024-06-04,PROXY,RT,280.46209716796875,2024-06,6,2024
2024-06-05,PROXY,RT,17.616222381591797,2024-06,6,2024
2024-06-06,PROXY,RT,36.833946228027344,2024-06,6,2024
2024-06-07,PROXY,RT,26.5473690032959,2024-06,6,2024
2024-06-08,PROXY,RT,39.66520309448242,2024-06,6,2024
2024-06-09,PROXY,RT,48.64931106567383,2024-06,6,2024
2024-06-10,PROXY,RT,129.17262268066406,2024-06,6,2024
2024-06-11,PROXY,RT,96.49130249023438,2024-06,6,2024
2024-06-12,PROXY,RT,71.43916320800781,2024-06,6,2024
2024-06-13,PROXY,RT,67.9178695678711,2024-06,6,2024
2024-06-14,PROXY,RT,49.71711730957031,2024-06,6,2024
2024-06-15,PROXY,RT,22.75457000732422,2024-06,6,2024
2024-06-16,PROXY,RT,43.18231201171875,2024-06,6,2024
2024-06-17,PROXY,RT,66.64169311523438,2024-06,6,2024
2024-06-18,PROXY,RT,42.607234954833984,2024-06,6,2024
2024-06-19,PROXY,RT,10.963659286499023,2024-06,6,2024
2024-06-20,PROXY,RT,47.74925994873047,2024-06,6,2024
2024-06-21,PROXY,RT,30.389713287353516,2024-06,6,2024
2024-06-22,PROXY,RT,90.83659362792969,2024-06,6,2024
2024-06-23,PROXY,RT,76.03368377685547,2024-06,6,2024
2024-06-24,PROXY,RT,37.88115310668945,2024-06,6,2024
2024-06-25,PROXY,RT,66.79536437988281,2024-06,6,2024
2024-06-26,PROXY,RT,41.39884948730469,2024-06,6,2024
2024-06-27,PROXY,RT,29.476898193359375,2024-06,6,2024
2024-06-28,PROXY,RT,36.403282165527344,2024-06,6,2024
2024-06-29,PROXY,RT,39.223609924316406,2024-06,6,2024
2024-06-30,PROXY,RT,18.569385528564453,2024-06,6,2024
2024-07-01,PROXY,RT,31.96517562866211,2024-07,7,2024
2024-07-02,PROXY,RT,28.350921630859375,2024-07,7,2024
2024-07-03,PROXY,RT,39.91761016845703,2024-07,7,2024
2024-07-04,PROXY,RT,46.4563102722168,2024-07,7,2024
2024-07-05,PROXY,RT,18.7630558013916,2024-07,7,2024
2024-07-06,PROXY,RT,98.27025604248047,2024-07,7,2024
2024-07-07,PROXY,RT,17.372600555419922,2024-07,7,2024
2024-07-08,PROXY,RT,26.518123626708984,2024-07,7,2024
2024-07-09,PROXY,RT,40.55931854248047,2024-07,7,2024
2024-07-10,PROXY,RT,36.44622802734375,2024-07,7,2024
2024-07-11,PROXY,RT,18.29167938232422,2024-07,7,2024
2024-07-12,PROXY,RT,13.498116493225098,2024-07,7,2024
2024-07-13,PROXY,RT,15.951812744140625,2024-07,7,2024
2024-07-14,PROXY,RT,58.867584228515625,2024-07,7,2024
2024-07-15,PROXY,RT,66.13098907470703,2024-07,7,2024
2024-07-16,PROXY,RT,51.27100372314453,2024-07,7,2024
2024-07-17,PROXY,RT,14.797504425048828,2024-07,7,2024
2024-07-18,PROXY,RT,66.84963989257812,2024-07,7,2024
2024-07-19,PROXY,RT,38.568939208984375,2024-07,7,2024
2024-07-20,PROXY,RT,17.483516693115234,2024-07,7,2024
2024-07-21,PROXY,RT,9.721288681030273,2024-07,7,2024
2024-07-22,PROXY,RT,27.632625579833984,2024-07,7,2024
2024-07-23,PROXY,RT,24.360197067260742,2024-07,7,2024
2024-07-24,PROXY,RT,183.58828735351562,2024-07,7,2024
2024-07-25,PROXY,RT,43.97307205200195,2024-07,7,2024
2024-07-26,PROXY,RT,10.117898941040039,2024-07,7,2024
2024-07-27,PROXY,RT,8.069999694824219,2024-07,7,2024
2024-07-28,PROXY,RT,38.26914596557617,2024-07,7,2024
2024-07-29,PROXY,RT,121.07101440429688,2024-07,7,2024
2024-07-30,PROXY,RT,20.249584197998047,2024-07,7,2024
2024-07-31,PROXY,RT,18.85888671875,2024-07,7,2024
2024-08-01,PROXY,RT,21.199844360351562,2024-08,8,2024
2024-08-02,PROXY,RT,58.962867736816406,2024-08,8,2024
2024-08-03,PROXY,RT,31.4241943359375,2024-08,8,2024
2024-08-04,PROXY,RT,31.02521514892578,2024-08,8,2024
2024-08-05,PROXY,RT,57.812496185302734,2024-08,8,2024
2024-08-06,PROXY,RT,163.29495239257812,2024-08,8,2024
2024-08-07,PROXY,RT,324.5298767089844,2024-08,8,2024
2024-08-08,PROXY,RT,29.514081954956055,2024-08,8,2024
2024-08-09,PROXY,RT,30.54483985900879,2024-08,8,2024
2024-08-10,PROXY,RT,43.90665817260742,2024-08,8,2024
2024-08-11,PROXY,RT,51.53516387939453,2024-08,8,2024
2024-08-12,PROXY,RT,20.5159912109375,2024-08,8,2024
2024-08-13,PROXY,RT,22.581031799316406,2024-08,8,2024
2024-08-14,PROXY,RT,39.603790283203125,2024-08,8,2024
2024-08-15,PROXY,RT,67.09211730957031,2024-08,8,2024
2024-08-16,PROXY,RT,53.77485275268555,2024-08,8,2024
2024-08-17,PROXY,RT,51.26394271850586,2024-08,8,2024
2024-08-18,PROXY,RT,113.70417022705078,2024-08,8,2024
2024-08-19,PROXY,RT,564.9066772460938,2024-08,8,2024
2024-08-20,PROXY,RT,2342.440185546875,2024-08,8,2024
2024-08-21,PROXY,RT,123.57003784179688,2024-08,8,2024
2024-08-22,PROXY,RT,46.61792755126953,2024-08,8,2024
2024-08-23,PROXY,RT,58.0051155090332,2024-08,8,2024
2024-08-24,PROXY,RT,11.400266647338867,2024-08,8,2024
2024-08-25,PROXY,RT,42.38812255859375,2024-08,8,2024
2024-08-26,PROXY,RT,18.10474395751953,2024-08,8,2024
2024-08-27,PROXY,RT,18.986690521240234,2024-08,8,2024
2024-08-28,PROXY,RT,13.366456985473633,2024-08,8,2024
2024-08-29,PROXY,RT,47.115570068359375,2024-08,8,2024
2024-08-30,PROXY,RT,36.690101623535156,2024-08,8,2024
2024-08-31,PROXY,RT,56.279075622558594,2024-08,8,2024
2024-09-01,PROXY,RT,17.06304931640625,2024-09,9,2024
2024-09-02,PROXY,RT,6.56944465637207,2024-09,9,2024
2024-09-03,PROXY,RT,7.592168807983398,2024-09,9,2024
2024-09-04,PROXY,RT,12.535530090332031,2024-09,9,2024
2024-09-05,PROXY,RT,9.613245010375977,2024-09,9,2024
2024-09-06,PROXY,RT,17.40764808654785,2024-09,9,2024
2024-09-07,PROXY,RT,41.41154861450195,2024-09,9,2024
2024-09-08,PROXY,RT,43.134830474853516,2024-09,9,2024
2024-09-09,PROXY,RT,56.40448760986328,2024-09,9,2024
2024-09-10,PROXY,RT,60.82847595214844,2024-09,9,2024
2024-09-11,PROXY,RT,19.74472427368164,2024-09,9,2024
2024-09-12,PROXY,RT,13.93722152709961,2024-09,9,2024
2024-09-13,PROXY,RT,37.56218719482422,2024-09,9,2024
2024-09-14,PROXY,RT,30.658172607421875,2024-09,9,2024
2024-09-15,PROXY,RT,108.50782775878906,2024-09,9,2024
2024-09-16,PROXY,RT,48.495887756347656,2024-09,9,2024
2024-09-17,PROXY,RT,14.845697402954102,2024-09,9,2024
2024-09-18,PROXY,RT,20.262718200683594,2024-09,9,2024
2024-09-19,PROXY,RT,19.97581672668457,2024-09,9,2024
2024-09-20,PROXY,RT,115.69697570800781,2024-09,9,2024
2024-09-21,PROXY,RT,14.869635581970215,2024-09,9,2024
2024-09-22,PROXY,RT,31.52181625366211,2024-09,9,2024
2024-09-23,PROXY,RT,89.12491607666016,2024-09,9,2024
2024-09-24,PROXY,RT,54.41992950439453,2024-09,9,2024
2024-09-25,PROXY,RT,34.70358657836914,2024-09,9,2024
2024-09-26,PROXY,RT,40.701473236083984,2024-09,9,2024
2024-09-27,PROXY,RT,28.048463821411133,2024-09,9,2024
2024-09-28,PROXY,RT,41.490562438964844,2024-09,9,2024
2024-09-29,PROXY,RT,37.642669677734375,2024-09,9,2024
2024-09-30,PROXY,RT,77.2657470703125,2024-09,9,2024
2024-10-01,PROXY,RT,38.132965087890625,2024-10,10,2024
2024-10-02,PROXY,RT,35.24109649658203,2024-10,10,2024
2024-10-03,PROXY,RT,47.481353759765625,2024-10,10,2024
2024-10-04,PROXY,RT,24.246253967285156,2024-10,10,2024
2024-10-05,PROXY,RT,24.959484100341797,2024-10,10,2024
2024-10-06,PROXY,RT,54.60852813720703,2024-10,10,2024
2024-10-07,PROXY,RT,74.94295501708984,2024-10,10,2024
2024-10-08,PROXY,RT,43.669158935546875,2024-10,10,2024
2024-10-09,PROXY,RT,62.86876678466797,2024-10,10,2024
2024-10-10,PROXY,RT,47.427490234375,2024-10,10,2024
2024-10-11,PROXY,RT,31.029266357421875,2024-10,10,2024
2024-10-12,PROXY,RT,29.151737213134766,2024-10,10,2024
2024-10-13,PROXY,RT,64.3701400756836,2024-10,10,2024
2024-10-14,PROXY,RT,77.26746368408203,2024-10,10,2024
2024-10-15,PROXY,RT,113.04669189453125,2024-10,10,2024
2024-10-16,PROXY,RT,60.03996658325195,2024-10,10,2024
2024-10-17,PROXY,RT,20.596553802490234,2024-10,10,2024
2024-10-18,PROXY,RT,18.58697509765625,2024-10,10,2024
2024-10-19,PROXY,RT,24.783489227294922,2024-10,10,2024
2024-10-20,PROXY,RT,70.0947265625,2024-10,10,2024
2024-10-21,PROXY,RT,23.14813232421875,2024-10,10,2024
2024-10-22,PROXY,RT,55.546573638916016,2024-10,10,2024
2024-10-23,PROXY,RT,55.5496940612793,2024-10,10,2024
2024-10-24,PROXY,RT,22.926538467407227,2024-10,10,2024
2024-10-25,PROXY,RT,85.68063354492188,2024-10,10,2024
2024-10-26,PROXY,RT,105.79471588134766,2024-10,10,2024
2024-10-27,PROXY,RT,42.95277404785156,2024-10,10,2024
2024-10-28,PROXY,RT,14.466739654541016,2024-10,10,2024
2024-10-29,PROXY,RT,24.49283790588379,2024-10,10,2024
2024-10-30,PROXY,RT,84.48568725585938,2024-10,10,2024
2024-10-31,PROXY,RT,44.99518585205078,2024-10,10,2024
2024-11-01,PROXY,RT,11.121147155761719,2024-11,11,2024
2024-11-02,PROXY,RT,12.256720542907715,2024-11,11,2024
2024-11-03,PROXY,RT,63.606109619140625,2024-11,11,2024
2024-11-04,PROXY,RT,82.93701934814453,2024-11,11,2024
2024-11-05,PROXY,RT,93.97122955322266,2024-11,11,2024
2024-11-06,PROXY,RT,32.8790397644043,2024-11,11,2024
2024-11-07,PROXY,RT,154.285400390625,2024-11,11,2024
2024-11-08,PROXY,RT,45.59275817871094,2024-11,11,2024
2024-11-09,PROXY,RT,49.32013702392578,2024-11,11,2024
2024-11-10,PROXY,RT,791.7450561523438,2024-11,11,2024
2024-11-11,PROXY,RT,88.7547378540039,2024-11,11,2024
2024-11-12,PROXY,RT,17.28642463684082,2024-11,11,2024
2024-11-13,PROXY,RT,45.893611907958984,2024-11,11,2024
2024-11-14,PROXY,RT,44.52928924560547,2024-11,11,2024
2024-11-15,PROXY,RT,26.9970703125,2024-11,11,2024
2024-11-16,PROXY,RT,17.24762535095215,2024-11,11,2024
2024-11-17,PROXY,RT,1149.9317626953125,2024-11,11,2024
2024-11-18,PROXY,RT,27.631736755371094,2024-11,11,2024
2024-11-19,PROXY,RT,46.77511215209961,2024-11,11,2024
2024-11-20,PROXY,RT,30.91701316833496,2024-11,11,2024
2024-11-21,PROXY,RT,55.09095764160156,2024-11,11,2024
2024-11-22,PROXY,RT,17.969350814819336,2024-11,11,2024
2024-11-23,PROXY,RT,24.29711151123047,2024-11,11,2024
2024-11-24,PROXY,RT,23.28965187072754,2024-11,11,2024
2024-11-25,PROXY,RT,46.18117141723633,2024-11,11,2024
2024-11-26,PROXY,RT,30.667713165283203,2024-11,11,2024
2024-11-27,PROXY,RT,15.956100463867188,2024-11,11,2024
2024-11-28,PROXY,RT,8.936965942382812,2024-11,11,2024
2024-11-29,PROXY,RT,29.508705139160156,2024-11,11,2024
2024-11-30,PROXY,RT,61.948429107666016,2024-11,11,2024
2024-12-01,PROXY,RT,32.71348190307617,2024-12,12,2024
2024-12-02,PROXY,RT,57.819419860839844,2024-12,12,2024
2024-12-03,PROXY,RT,26.107521057128906,2024-12,12,2024
2024-12-04,PROXY,RT,64.40229797363281,2024-12,12,2024
2024-12-05,PROXY,RT,14.593730926513672,2024-12,12,2024
2024-12-06,PROXY,RT,21.93094253540039,2024-12,12,2024
2024-12-07,PROXY,RT,47.10676574707031,2024-12,12,2024
2024-12-08,PROXY,RT,37.16043472290039,2024-12,12,2024
2024-12-09,PROXY,RT,31.698835372924805,2024-12,12,2024
2024-12-10,PROXY,RT,29.518957138061523,2024-12,12,2024
2024-12-11,PROXY,RT,39.00757598876953,2024-12,12,2024
2024-12-12,PROXY,RT,33.46115493774414,2024-12,12,2024
2024-12-13,PROXY,RT,15.449760437011719,2024-12,12,2024
2024-12-14,PROXY,RT,231.6745147705078,2024-12,12,2024
2024-12-15,PROXY,RT,15.550741195678711,2024-12,12,2024
2024-12-16,PROXY,RT,40.07390594482422,2024-12,12,2024
2024-12-17,PROXY,RT,20.889402389526367,2024-12,12,2024
2024-12-18,PROXY,RT,24.923728942871094,2024-12,12,2024
2024-12-19,PROXY,RT,13.638113021850586,2024-12,12,2024
2024-12-20,PROXY,RT,26.36530303955078,2024-12,12,2024
2024-12-21,PROXY,RT,26.41299819946289,2024-12,12,2024
2024-12-22,PROXY,RT,24.983489990234375,2024-12,12,2024
2024-12-23,PROXY,RT,25.805572509765625,2024-12,12,2024
2024-12-24,PROXY,RT,8.081928253173828,2024-12,12,2024
2024-12-25,PROXY,RT,26.26830291748047,2024-12,12,2024
2024-12-26,PROXY,RT,59.130348205566406,2024-12,12,2024
2024-12-27,PROXY,RT,36.88531494140625,2024-12,12,2024
2024-12-28,PROXY,RT,25.590084075927734,2024-12,12,2024
2024-12-29,PROXY,RT,26.63798713684082,2024-12,12,2024
2024-12-30,PROXY,RT,55.927249908447266,2024-12,12,2024
2024-12-31,PROXY,RT,41.10499954223633,2024-12,12,2024
2025-01-01,PROXY,RT,72.02336883544922,2025-01,1,2025
2025-01-02,PROXY,RT,24.12839126586914,2025-01,1,2025
2025-01-03,PROXY,RT,17.968612670898438,2025-01,1,2025
2025-01-04,PROXY,RT,36.9833984375,2025-01,1,2025
2025-01-05,PROXY,RT,51.800010681152344,2025-01,1,2025
2025-01-06,PROXY,RT,26.468116760253906,2025-01,1,2025
2025-01-07,PROXY,RT,39.45684051513672,2025-01,1,2025
2025-01-08,PROXY,RT,23.13082504272461,2025-01,1,2025
2025-01-09,PROXY,RT,13.133472442626953,2025-01,1,2025
2025-01-10,PROXY,RT,23.437755584716797,2025-01,1,2025
2025-01-11,PROXY,RT,56.236392974853516,2025-01,1,2025
2025-01-12,PROXY,RT,37.23701095581055,2025-01,1,2025
2025-01-13,PROXY,RT,94.13719177246094,2025-01,1,2025
2025-01-14,PROXY,RT,41.18867492675781,2025-01,1,2025
2025-01-15,PROXY,RT,99.62994384765625,2025-01,1,2025
2025-01-16,PROXY,RT,70.755615234375,2025-01,1,2025
2025-01-17,PROXY,RT,14.270994186401367,2025-01,1,2025
2025-01-18,PROXY,RT,29.469825744628906,2025-01,1,2025
2025-01-19,PROXY,RT,76.52850341796875,2025-01,1,2025
2025-01-20,PROXY,RT,32.74607467651367,2025-01,1,2025
2025-01-21,PROXY,RT,44.04695129394531,2025-01,1,2025
2025-01-22,PROXY,RT,64.46931457519531,2025-01,1,2025
2025-01-23,PROXY,RT,139.46783447265625,2025-01,1,2025
2025-01-24,PROXY,RT,85.14442443847656,2025-01,1,2025
2025-01-25,PROXY,RT,37.09280776977539,2025-01,1,2025
2025-01-26,PROXY,RT,12.141998291015625,2025-01,1,2025
2025-01-27,PROXY,RT,34.204933166503906,2025-01,1,2025
2025-01-28,PROXY,RT,31.335857391357422,2025-01,1,2025
2025-01-29,PROXY,RT,81.36183166503906,2025-01,1,2025
2025-01-30,PROXY,RT,14.972583770751953,2025-01,1,2025
2025-01-31,PROXY,RT,42.77755355834961,2025-01,1,2025
2025-02-01,PROXY,RT,36.76670455932617,2025-02,2,2025
2025-02-02,PROXY,RT,26.597665786743164,2025-02,2,2025
2025-02-03,PROXY,RT,36.6850700378418,2025-02,2,2025
2025-02-04,PROXY,RT,84.0631332397461,2025-02,2,2025
2025-02-05,PROXY,RT,81.22599029541016,2025-02,2,2025
2025-02-06,PROXY,RT,23.830345153808594,2025-02,2,2025
2025-02-07,PROXY,RT,16.223552703857422,2025-02,2,2025
2025-02-08,PROXY,RT,20.8643856048584,2025-02,2,2025
2025-02-09,PROXY,RT,17.85401725769043,2025-02,2,2025
2025-02-10,PROXY,RT,13.80172348022461,2025-02,2,2025
2025-02-11,PROXY,RT,12.585945129394531,2025-02,2,2025
2025-02-12,PROXY,RT,37.60303497314453,2025-02,2,2025
2025-02-13,PROXY,RT,31.038272857666016,2025-02,2,2025
2025-02-14,PROXY,RT,3.170074462890625,2025-02,2,2025
2025-02-15,PROXY,RT,35.07630157470703,2025-02,2,2025
2025-02-16,PROXY,RT,32.27446746826172,2025-02,2,2025
2025-02-17,PROXY,RT,26.93552589416504,2025-02,2,2025
2025-02-18,PROXY,RT,23.220829010009766,2025-02,2,2025
2025-02-19,PROXY,RT,276.6042175292969,2025-02,2,2025
2025-02-20,PROXY,RT,198.82635498046875,2025-02,2,2025
2025-02-21,PROXY,RT,82.6992416381836,2025-02,2,2025
2025-02-22,PROXY,RT,32.168888092041016,2025-02,2,2025
2025-02-23,PROXY,RT,35.277305603027344,2025-02,2,2025
2025-02-24,PROXY,RT,135.60861206054688,2025-02,2,2025
2025-02-25,PROXY,RT,29.963817596435547,2025-02,2,2025
2025-02-26,PROXY,RT,26.28947639465332,2025-02,2,2025
2025-02-27,PROXY,RT,74.47758483886719,2025-02,2,2025
2025-02-28,PROXY,RT,52.417850494384766,2025-02,2,2025
2025-03-01,PROXY,RT,116.79855346679688,2025-03,3,2025
2025-03-02,PROXY,RT,106.49689483642578,2025-03,3,2025
2025-03-03,PROXY,RT,52.662872314453125,2025-03,3,2025
2025-03-04,PROXY,RT,48.09992218017578,2025-03,3,2025
2025-03-05,PROXY,RT,99.61354064941406,2025-03,3,2025
2025-03-06,PROXY,RT,70.4562759399414,2025-03,3,2025
2025-03-07,PROXY,RT,44.53348922729492,2025-03,3,2025
2025-03-08,PROXY,RT,27.140464782714844,2025-03,3,2025
2025-03-09,PROXY,RT,57.452789306640625,2025-03,3,2025
2025-03-10,PROXY,RT,84.31333923339844,2025-03,3,2025
2025-03-11,PROXY,RT,75.5129623413086,2025-03,3,2025
2025-03-12,PROXY,RT,34.95703887939453,2025-03,3,2025
2025-03-13,PROXY,RT,59.532989501953125,2025-03,3,2025
2025-03-14,PROXY,RT,32.14351272583008,2025-03,3,2025
2025-03-15,PROXY,RT,111.8093490600586,2025-03,3,2025
2025-03-16,PROXY,RT,101.67375183105469,2025-03,3,2025
2025-03-17,PROXY,RT,44.38315963745117,2025-03,3,2025
2025-03-18,PROXY,RT,63.7469482421875,2025-03,3,2025
2025-03-19,PROXY,RT,93.60921478271484,2025-03,3,2025
2025-03-20,PROXY,RT,46.45155334472656,2025-03,3,2025
2025-03-21,PROXY,RT,55.593040466308594,2025-03,3,2025
2025-03-22,PROXY,RT,34.376609802246094,2025-03,3,2025
2025-03-23,PROXY,RT,23.759437561035156,2025-03,3,2025
2025-03-24,PROXY,RT,151.3076934814453,2025-03,3,2025
2025-03-25,PROXY,RT,88.3525390625,2025-03,3,2025
2025-03-26,PROXY,RT,23.670886993408203,2025-03,3,2025
2025-03-27,PROXY,RT,23.142345428466797,2025-03,3,2025
2025-03-28,PROXY,RT,28.025667190551758,2025-03,3,2025
2025-03-29,PROXY,RT,78.20818328857422,2025-03,3,2025
2025-03-30,PROXY,RT,118.49250793457031,2025-03,3,2025
2025-03-31,PROXY,RT,78.26091766357422,2025-03,3,2025
2025-04-01,PROXY,RT,38.42456817626953,2025-04,4,2025
2025-04-02,PROXY,RT,133.96987915039062,2025-04,4,2025
2025-04-03,PROXY,RT,19.554176330566406,2025-04,4,2025
2025-04-04,PROXY,RT,29.83913803100586,2025-04,4,2025
2025-04-05,PROXY,RT,12.831594467163086,2025-04,4,2025
2025-04-06,PROXY,RT,162.16757202148438,2025-04,4,2025
2025-04-07,PROXY,RT,908.2085571289062,2025-04,4,2025
2025-04-08,PROXY,RT,46.90410232543945,2025-04,4,2025
2025-04-09,PROXY,RT,77.58308410644531,2025-04,4,2025
2025-04-10,PROXY,RT,90.73722839355469,2025-04,4,2025
2025-04-11,PROXY,RT,41.857513427734375,2025-04,4,2025
2025-04-12,PROXY,RT,38.26313781738281,2025-04,4,2025
2025-04-13,PROXY,RT,43.740867614746094,2025-04,4,2025
2025-04-14,PROXY,RT,74.2586441040039,2025-04,4,2025
2025-04-15,PROXY,RT,62.15754318237305,2025-04,4,2025
2025-04-16,PROXY,RT,91.35407257080078,2025-04,4,2025
2025-04-17,PROXY,RT,67.9378433227539,2025-04,4,2025
2025-04-18,PROXY,RT,46.07359313964844,2025-04,4,2025
2025-04-19,PROXY,RT,15.39390754699707,2025-04,4,2025
2025-04-20,PROXY,RT,144.71531677246094,2025-04,4,2025
2025-04-21,PROXY,RT,79.13397216796875,2025-04,4,2025
2025-04-22,PROXY,RT,62.367637634277344,2025-04,4,2025
2025-04-23,PROXY,RT,27.847822189331055,2025-04,4,2025
2025-04-24,PROXY,RT,41.08557891845703,2025-04,4,2025
2025-04-25,PROXY,RT,40.20741653442383,2025-04,4,2025
2025-04-26,PROXY,RT,87.46428680419922,2025-04,4,2025
2025-04-27,PROXY,RT,23.864885330200195,2025-04,4,2025
2025-04-28,PROXY,RT,30.220930099487305,2025-04,4,2025
2025-04-29,PROXY,RT,46.44284439086914,2025-04,4,2025
2025-04-30,PROXY,RT,100.4309310913086,2025-04,4,2025
2025-05-01,PROXY,RT,130.69981384277344,2025-05,5,2025
2025-05-02,PROXY,RT,25.289752960205078,2025-05,5,2025
2025-05-03,PROXY,RT,57.62498092651367,2025-05,5,2025
2025-05-04,PROXY,RT,35.46434020996094,2025-05,5,2025
2025-05-05,PROXY,RT,21.94721794128418,2025-05,5,2025
2025-05-06,PROXY,RT,114.41751098632812,2025-05,5,2025
2025-05-07,PROXY,RT,72.74539184570312,2025-05,5,2025
2025-05-08,PROXY,RT,293.4644775390625,2025-05,5,2025
2025-05-09,PROXY,RT,81.21172332763672,2025-05,5,2025
2025-05-10,PROXY,RT,35.65528106689453,2025-05,5,2025
2025-05-11,PROXY,RT,100.81688690185547,2025-05,5,2025
2025-05-12,PROXY,RT,50.085548400878906,2025-05,5,2025
2025-05-13,PROXY,RT,43.019317626953125,2025-05,5,2025
2025-05-14,PROXY,RT,35.94029998779297,2025-05,5,2025
2025-05-15,PROXY,RT,84.18756103515625,2025-05,5,2025
2025-05-16,PROXY,RT,887.1035766601562,2025-05,5,2025
2025-05-17,PROXY,RT,71.09124755859375,2025-05,5,2025
2025-05-18,PROXY,RT,13.851297378540039,2025-05,5,2025
2025-05-19,PROXY,RT,29.405677795410156,2025-05,5,2025
2025-05-20,PROXY,RT,150.1834259033203,2025-05,5,2025
2025-05-21,PROXY,RT,62.77305603027344,2025-05,5,2025
2025-05-22,PROXY,RT,37.83148193359375,2025-05,5,2025
2025-05-23,PROXY,RT,61.774742126464844,2025-05,5,2025
2025-05-24,PROXY,RT,25.08056640625,2025-05,5,2025
2025-05-25,PROXY,RT,37.18294906616211,2025-05,5,2025
2025-05-26,PROXY,RT,54.951786041259766,2025-05,5,2025
2025-05-27,PROXY,RT,124.81234741210938,2025-05,5,2025
2025-05-28,PROXY,RT,27.515329360961914,2025-05,5,2025
2025-05-29,PROXY,RT,33.217132568359375,2025-05,5,2025
2025-05-30,PROXY,RT,225.19496154785156,2025-05,5,2025
2025-05-31,PROXY,RT,78.97142028808594,2025-05,5,2025
2025-06-01,PROXY,RT,46.037357330322266,2025-06,6,2025
2025-06-02,PROXY,RT,20.910757064819336,2025-06,6,2025
2025-06-03,PROXY,RT,73.17523193359375,2025-06,6,2025
2025-06-04,PROXY,RT,28.80597686767578,2025-06,6,2025
2025-06-05,PROXY,RT,288.7655944824219,2025-06,6,2025
2025-06-06,PROXY,RT,51.524314880371094,2025-06,6,2025
2025-06-07,PROXY,RT,67.49553680419922,2025-06,6,2025
2025-06-08,PROXY,RT,22.32204246520996,2025-06,6,2025
2025-06-09,PROXY,RT,96.38179779052734,2025-06,6,2025
2025-06-10,PROXY,RT,34.69129943847656,2025-06,6,2025
2025-06-11,PROXY,RT,72.96552276611328,2025-06,6,2025
2025-06-12,PROXY,RT,27.357446670532227,2025-06,6,2025
2025-06-13,PROXY,RT,55.700035095214844,2025-06,6,2025
2025-06-14,PROXY,RT,25.365745544433594,2025-06,6,2025
2025-06-15,PROXY,RT,39.461734771728516,2025-06,6,2025
2025-06-16,PROXY,RT,76.40640258789062,2025-06,6,2025
2025-06-17,PROXY,RT,38.10676193237305,2025-06,6,2025
2025-06-18,PROXY,RT,43.25202560424805,2025-06,6,2025
2025-06-19,PROXY,RT,67.53581237792969,2025-06,6,2025
2025-06-20,PROXY,RT,86.743408203125,2025-06,6,2025
2025-06-21,PROXY,RT,28.47632598876953,2025-06,6,2025
2025-06-22,PROXY,RT,32.06515884399414,2025-06,6,2025
2025-06-23,PROXY,RT,30.13041877746582,2025-06,6,2025
2025-06-24,PROXY,RT,28.93187141418457,2025-06,6,2025
2025-06-25,PROXY,RT,19.05634880065918,2025-06,6,2025
2025-06-26,PROXY,RT,25.36483383178711,2025-06,6,2025
2025-06-27,PROXY,RT,92.4288101196289,2025-06,6,2025
2025-06-28,PROXY,RT,49.10005187988281,2025-06,6,2025
2025-06-29,PROXY,RT,18.661441802978516,2025-06,6,2025
2025-06-30,PROXY,RT,33.29875946044922,2025-06,6,2025
2025-07-01,PROXY,RT,152.46282958984375,2025-07,7,2025
2025-07-02,PROXY,RT,60.276702880859375,2025-07,7,2025
2025-07-03,PROXY,RT,13.17953109741211,2025-07,7,2025
2025-07-04,PROXY,RT,8.015542984008789,2025-07,7,2025
2025-07-05,PROXY,RT,20.08533477783203,2025-07,7,2025
2025-07-06,PROXY,RT,49.59275817871094,2025-07,7,2025
2025-07-07,PROXY,RT,42.124969482421875,2025-07,7,2025
2025-07-08,PROXY,RT,84.27774047851562,2025-07,7,2025
2025-07-09,PROXY,RT,58.05577087402344,2025-07,7,2025
2025-07-10,PROXY,RT,47.38551712036133,2025-07,7,2025
2025-07-11,PROXY,RT,283.5297546386719,2025-07,7,2025
2025-07-12,PROXY,RT,131.09072875976562,2025-07,7,2025
2025-07-13,PROXY,RT,60.137054443359375,2025-07,7,2025
2025-07-14,PROXY,RT,34.036624908447266,2025-07,7,2025
2025-07-15,PROXY,RT,24.458740234375,2025-07,7,2025
2025-07-16,PROXY,RT,29.723106384277344,2025-07,7,2025
2025-07-17,PROXY,RT,31.872182846069336,2025-07,7,2025
2025-07-18,PROXY,RT,20.975269317626953,2025-07,7,2025
2025-07-19,PROXY,RT,24.570615768432617,2025-07,7,2025
2025-07-20,PROXY,RT,22.67636489868164,2025-07,7,2025
2025-07-21,PROXY,RT,33.50827407836914,2025-07,7,2025
2025-07-22,PROXY,RT,32.083396911621094,2025-07,7,2025
2025-07-23,PROXY,RT,23.565711975097656,2025-07,7,2025
2025-07-24,PROXY,RT,39.7979736328125,2025-07,7,2025
2025-07-25,PROXY,RT,46.865413665771484,2025-07,7,2025
2025-07-26,PROXY,RT,24.655214309692383,2025-07,7,2025
2025-07-27,PROXY,RT,36.26352310180664,2025-07,7,2025
2025-07-28,PROXY,RT,60.666316986083984,2025-07,7,2025
2025-07-29,PROXY,RT,83.04146575927734,2025-07,7,2025
2025-07-30,PROXY,RT,197.61227416992188,2025-07,7,2025
2025-07-31,PROXY,RT,86.75605773925781,2025-07,7,2025
2025-08-01,PROXY,RT,89.17619323730469,2025-08,8,2025
2025-08-02,PROXY,RT,17.979896545410156,2025-08,8,2025
2025-08-03,PROXY,RT,63.563232421875,2025-08,8,2025
2025-08-04,PROXY,RT,14.673425674438477,2025-08,8,2025
2025-08-05,PROXY,RT,23.314899444580078,2025-08,8,2025
2025-08-06,PROXY,RT,62.30363845825195,2025-08,8,2025
2025-08-07,PROXY,RT,61.579376220703125,2025-08,8,2025
2025-08-08,PROXY,RT,36.506874084472656,2025-08,8,2025
2025-08-09,PROXY,RT,21.63151741027832,2025-08,8,2025
2025-08-10,PROXY,RT,41.8187255859375,2025-08,8,2025
2025-08-11,PROXY,RT,67.1956787109375,2025-08,8,2025
2025-08-12,PROXY,RT,64.70454406738281,2025-08,8,2025
2025-08-13,PROXY,RT,37.312843322753906,2025-08,8,2025
2025-08-14,PROXY,RT,59.799827575683594,2025-08,8,2025
2025-08-15,PROXY,RT,37.407005310058594,2025-08,8,2025
2025-08-16,PROXY,RT,50.07481384277344,2025-08,8,2025
2025-08-17,PROXY,RT,63.71781539916992,2025-08,8,2025
2025-08-18,PROXY,RT,111.91287231445312,2025-08,8,2025
2025-08-19,PROXY,RT,66.8161392211914,2025-08,8,2025
2025-08-20,PROXY,RT,150.02716064453125,2025-08,8,2025
2025-08-21,PROXY,RT,45.06028747558594,2025-08,8,2025
2025-08-22,PROXY,RT,52.4490966796875,2025-08,8,2025
2025-08-23,PROXY,RT,83.74794006347656,2025-08,8,2025
2025-08-24,PROXY,RT,94.7403564453125,2025-08,8,2025
2025-08-25,PROXY,RT,40.770259857177734,2025-08,8,2025
2025-08-26,PROXY,RT,40.345237731933594,2025-08,8,2025
2025-08-27,PROXY,RT,42.7435302734375,2025-08,8,2025
2025-08-28,PROXY,RT,54.34461975097656,2025-08,8,2025
2025-08-29,PROXY,RT,25.678165435791016,2025-08,8,2025
2025-08-30,PROXY,RT,14.819774627685547,2025-08,8,2025
2025-08-31,PROXY,RT,15.834270477294922,2025-08,8,2025
2025-09-01,PROXY,RT,44.19016647338867,2025-09,9,2025
2025-09-02,PROXY,RT,67.56488800048828,2025-09,9,2025
2025-09-03,PROXY,RT,93.49592590332031,2025-09,9,2025
2025-09-04,PROXY,RT,88.890380859375,2025-09,9,2025
2025-09-05,PROXY,RT,39.6971321105957,2025-09,9,2025
2025-09-06,PROXY,RT,27.861770629882812,2025-09,9,2025
2025-09-07,PROXY,RT,25.123729705810547,2025-09,9,2025
2025-09-08,PROXY,RT,29.603734970092773,2025-09,9,2025
2025-09-09,PROXY,RT,50.103519439697266,2025-09,9,2025
2025-09-10,PROXY,RT,70.0545883178711,2025-09,9,2025
2025-09-11,PROXY,RT,49.638038635253906,2025-09,9,2025
2025-09-12,PROXY,RT,44.05255126953125,2025-09,9,2025
2025-09-13,PROXY,RT,70.29475402832031,2025-09,9,2025
2025-09-14,PROXY,RT,28.22895622253418,2025-09,9,2025
2025-09-15,PROXY,RT,40.583648681640625,2025-09,9,2025
2025-09-16,PROXY,RT,40.74388122558594,2025-09,9,2025
2025-09-17,PROXY,RT,81.21412658691406,2025-09,9,2025
2025-09-18,PROXY,RT,62.55728530883789,2025-09,9,2025
2025-09-19,PROXY,RT,39.702369689941406,2025-09,9,2025
2025-09-20,PROXY,RT,17.11318016052246,2025-09,9,2025
2025-09-21,PROXY,RT,39.731117248535156,2025-09,9,2025
2025-09-22,PROXY,RT,31.284748077392578,2025-09,9,2025
2025-09-23,PROXY,RT,81.58781433105469,2025-09,9,2025
2025-09-24,PROXY,RT,44.259883880615234,2025-09,9,2025
2025-09-25,PROXY,RT,94.6631088256836,2025-09,9,2025
2025-09-26,PROXY,RT,57.58192825317383,2025-09,9,2025
2025-09-27,PROXY,RT,40.9859733581543,2025-09,9,2025
2025-09-28,PROXY,RT,42.76039123535156,2025-09,9,2025
2025-09-29,PROXY,RT,59.18644714355469,2025-09,9,2025
2025-09-30,PROXY,RT,46.422019958496094,2025-09,9,2025
2025-10-01,PROXY,RT,52.70682907104492,2025-10,10,2025
2025-10-02,PROXY,RT,51.212955474853516,2025-10,10,2025
2025-10-03,PROXY,RT,25.21139144897461,2025-10,10,2025
2025-10-04,PROXY,RT,18.19672393798828,2025-10,10,2025
2025-10-05,PROXY,RT,39.016868591308594,2025-10,10,2025
2025-10-06,PROXY,RT,56.953453063964844,2025-10,10,2025
2025-10-07,PROXY,RT,54.77744674682617,2025-10,10,2025
2025-10-08,PROXY,RT,79.7634048461914,2025-10,10,2025
2025-10-09,PROXY,RT,59.673133850097656,2025-10,10,2025
2025-10-10,PROXY,RT,115.14380645751953,2025-10,10,2025
2025-10-11,PROXY,RT,88.15951538085938,2025-10,10,2025
2025-10-12,PROXY,RT,146.758544921875,2025-10,10,2025
2025-10-13,PROXY,RT,71.23323822021484,2025-10,10,2025
2025-10-14,PROXY,RT,83.86653137207031,2025-10,10,2025
2025-10-15,PROXY,RT,46.979000091552734,2025-10,10,2025
2025-10-16,PROXY,RT,15.725500106811523,2025-10,10,2025
2025-10-17,PROXY,RT,71.88032531738281,2025-10,10,2025
2025-10-18,PROXY,RT,20.4654541015625,2025-10,10,2025
2025-10-19,PROXY,RT,29.95509910583496,2025-10,10,2025
2025-10-20,PROXY,RT,66.88011169433594,2025-10,10,2025
2025-10-21,PROXY,RT,201.34432983398438,2025-10,10,2025
2025-10-22,PROXY,RT,82.73644256591797,2025-10,10,2025
2025-10-23,PROXY,RT,38.581520080566406,2025-10,10,2025
2025-10-24,PROXY,RT,52.04093933105469,2025-10,10,2025
2025-10-25,PROXY,RT,59.55033874511719,2025-10,10,2025
2025-10-26,PROXY,RT,88.85108947753906,2025-10,10,2025
2025-10-27,PROXY,RT,125.87588500976562,2025-10,10,2025
2025-10-28,PROXY,RT,27.10100555419922,2025-10,10,2025
2025-10-29,PROXY,RT,50.96253967285156,2025-10,10,2025
2025-10-30,PROXY,RT,66.80999755859375,2025-10,10,2025
2025-10-31,PROXY,RT,64.95393371582031,2025-10,10,2025
2025-11-01,PROXY,RT,86.73628234863281,2025-11,11,2025
2025-11-02,PROXY,RT,63.26118469238281,2025-11,11,2025
2025-11-03,PROXY,RT,38.4168701171875,2025-11,11,2025
2025-11-04,PROXY,RT,34.252784729003906,2025-11,11,2025
2025-11-05,PROXY,RT,91.11990356445312,2025-11,11,2025
2025-11-06,PROXY,RT,35.783477783203125,2025-11,11,2025
2025-11-07,PROXY,RT,176.00852966308594,2025-11,11,2025
2025-11-08,PROXY,RT,40.20566940307617,2025-11,11,2025
2025-11-09,PROXY,RT,62.040218353271484,2025-11,11,2025
2025-11-10,PROXY,RT,48.8143310546875,2025-11,11,2025
2025-11-11,PROXY,RT,36.52733612060547,2025-11,11,2025
2025-11-12,PROXY,RT,53.312015533447266,2025-11,11,2025
2025-11-13,PROXY,RT,48.46726989746094,2025-11,11,2025
2025-11-14,PROXY,RT,33.13805389404297,2025-11,11,2025
2025-11-15,PROXY,RT,31.82196044921875,2025-11,11,2025
2025-11-16,PROXY,RT,54.214088439941406,2025-11,11,2025
2025-11-17,PROXY,RT,35.769065856933594,2025-11,11,2025
2025-11-18,PROXY,RT,91.32054138183594,2025-11,11,2025
2025-11-19,PROXY,RT,52.264915466308594,2025-11,11,2025
2025-11-20,PROXY,RT,32.607940673828125,2025-11,11,2025
2025-11-21,PROXY,RT,60.54479217529297,2025-11,11,2025
2025-11-22,PROXY,RT,54.710052490234375,2025-11,11,2025
2025-11-23,PROXY,RT,33.140892028808594,2025-11,11,2025
2025-11-24,PROXY,RT,87.57554626464844,2025-11,11,2025
2025-11-25,PROXY,RT,157.11672973632812,2025-11,11,2025
2025-11-26,PROXY,RT,34.91191101074219,2025-11,11,2025
2025-11-27,PROXY,RT,16.665555953979492,2025-11,11,2025
2025-11-28,PROXY,RT,31.358829498291016,2025-11,11,2025
2025-11-29,PROXY,RT,18.13274383544922,2025-11,11,2025
2025-11-30,PROXY,RT,28.91339111328125,2025-11,11,2025
2025-12-01,PROXY,RT,38.963523864746094,2025-12,12,2025
2025-12-02,PROXY,RT,55.4423828125,2025-12,12,2025
2025-12-03,PROXY,RT,38.94393539428711,2025-12,12,2025
2025-12-04,PROXY,RT,63.07868194580078,2025-12,12,2025
2025-12-05,PROXY,RT,32.85344314575195,2025-12,12,2025
2025-12-06,PROXY,RT,55.584205627441406,2025-12,12,2025
2025-12-07,PROXY,RT,61.50046157836914,2025-12,12,2025
2025-12-08,PROXY,RT,89.22826385498047,2025-12,12,2025
2025-12-09,PROXY,RT,32.436031341552734,2025-12,12,2025
2025-12-10,PROXY,RT,63.59476089477539,2025-12,12,2025
2025-12-11,PROXY,RT,28.80951690673828,2025-12,12,2025
2025-12-12,PROXY,RT,30.855194091796875,2025-12,12,2025
2025-12-13,PROXY,RT,31.536270141601562,2025-12,12,2025
2025-12-14,PROXY,RT,57.599891662597656,2025-12,12,2025
2025-12-15,PROXY,RT,91.5380859375,2025-12,12,2025
2025-12-16,PROXY,RT,24.12543487548828,2025-12,12,2025
2025-12-17,PROXY,RT,18.29171371459961,2025-12,12,2025
2025-12-18,PROXY,RT,39.272987365722656,2025-12,12,2025
2025-12-19,PROXY,RT,40.90039825439453,2025-12,12,2025
2025-12-20,PROXY,RT,27.672107696533203,2025-12,12,2025
2025-12-21,PROXY,RT,19.203231811523438,2025-12,12,2025
2025-12-22,PROXY,RT,9.38140869140625,2025-12,12,2025
2025-12-23,PROXY,RT,76.0210952758789,2025-12,12,2025
2025-12-24,PROXY,RT,25.291688919067383,2025-12,12,2025
2025-12-25,PROXY,RT,11.060393333435059,2025-12,12,2025
2025-12-26,PROXY,RT,20.73048210144043,2025-12,12,2025
2025-12-27,PROXY,RT,18.74100685119629,2025-12,12,2025
2025-12-28,PROXY,RT,17.329036712646484,2025-12,12,2025
2025-12-29,PROXY,RT,60.102806091308594,2025-12,12,2025
2025-12-30,PROXY,RT,24.830169677734375,2025-12,12,2025
2025-12-31,PROXY,RT,32.15198516845703,2025-12,12,2025
2026-01-01,PROXY,RT,10.93929672241211,2026-01,1,2026
2026-01-02,PROXY,RT,24.810935974121094,2026-01,1,2026
2026-01-03,PROXY,RT,33.67978286743164,2026-01,1,2026
2026-01-04,PROXY,RT,30.977685928344727,2026-01,1,2026
2026-01-05,PROXY,RT,25.089014053344727,2026-01,1,2026
2026-01-06,PROXY,RT,33.89834213256836,2026-01,1,2026
2026-01-07,PROXY,RT,19.907318115234375,2026-01,1,2026
2026-01-08,PROXY,RT,37.87535858154297,2026-01,1,2026
2026-01-09,PROXY,RT,34.78258514404297,2026-01,1,2026
2026-01-10,PROXY,RT,39.553810119628906,2026-01,1,2026
2026-01-11,PROXY,RT,26.361438751220703,2026-01,1,2026
2026-01-12,PROXY,RT,20.684246063232422,2026-01,1,2026
2026-01-13,PROXY,RT,12.570320129394531,2026-01,1,2026
2026-01-14,PROXY,RT,36.75889205932617,2026-01,1,2026
2026-01-15,PROXY,RT,37.84676742553711,2026-01,1,2026
2026-01-16,PROXY,RT,35.88581466674805,2026-01,1,2026
2026-01-17,PROXY,RT,58.544219970703125,2026-01,1,2026
2026-01-18,PROXY,RT,42.328880310058594,2026-01,1,2026
2026-01-19,PROXY,RT,45.89728927612305,2026-01,1,2026
2026-01-20,PROXY,RT,124.77283477783203,2026-01,1,2026
2026-01-21,PROXY,RT,30.1197509765625,2026-01,1,2026
2026-01-22,PROXY,RT,26.612037658691406,2026-01,1,2026
2026-01-23,PROXY,RT,41.19371795654297,2026-01,1,2026
2026-01-24,PROXY,RT,159.16323852539062,2026-01,1,2026
2026-01-25,PROXY,RT,206.34861755371094,2026-01,1,2026
2026-01-26,PROXY,RT,204.62091064453125,2026-01,1,2026
2026-01-27,PROXY,RT,184.0577850341797,2026-01,1,2026
2026-01-28,PROXY,RT,651.7780151367188,2026-01,1,2026
2026-01-29,PROXY,RT,54.53871536254883,2026-01,1,2026
2026-01-30,PROXY,RT,64.10334777832031,2026-01,1,2026
2026-01-31,PROXY,RT,75.04192352294922,2026-01,1,2026
2026-02-01,PROXY,RT,195.2583770751953,2026-02,2,2026
2026-02-02,PROXY,RT,58.70764923095703,2026-02,2,2026
2026-02-03,PROXY,RT,44.195831298828125,2026-02,2,2026
2026-02-04,PROXY,RT,54.99803161621094,2026-02,2,2026
2026-02-05,PROXY,RT,47.520599365234375,2026-02,2,2026
2026-02-06,PROXY,RT,45.4796142578125,2026-02,2,2026
2026-02-07,PROXY,RT,36.54579544067383,2026-02,2,2026
2026-02-08,PROXY,RT,64.99422454833984,2026-02,2,2026
2026-02-09,PROXY,RT,42.855323791503906,2026-02,2,2026
2026-02-10,PROXY,RT,13.256322860717773,2026-02,2,2026
2026-02-11,PROXY,RT,37.969242095947266,2026-02,2,2026
2026-02-12,PROXY,RT,31.78150749206543,2026-02,2,2026
2026-02-13,PROXY,RT,24.966934204101562,2026-02,2,2026
2026-02-14,PROXY,RT,11.447932243347168,2026-02,2,2026
2026-02-15,PROXY,RT,39.79071807861328,2026-02,2,2026
2026-02-16,PROXY,RT,23.28448486328125,2026-02,2,2026
2026-02-17,PROXY,RT,22.88306427001953,2026-02,2,2026
2026-02-18,PROXY,RT,11.660253524780273,2026-02,2,2026
2026-02-19,PROXY,RT,53.33905029296875,2026-02,2,2026
2026-02-20,PROXY,RT,41.282081604003906,2026-02,2,2026
2026-02-21,PROXY,RT,30.058856964111328,2026-02,2,2026
2026-02-22,PROXY,RT,42.682708740234375,2026-02,2,2026
2026-02-23,PROXY,RT,26.62188148498535,2026-02,2,2026
2026-02-24,PROXY,RT,75.74165344238281,2026-02,2,2026
2026-02-25,PROXY,RT,84.57745361328125,2026-02,2,2026
2026-02-26,PROXY,RT,37.010311126708984,2026-02,2,2026
2026-02-27,PROXY,RT,29.75046157836914,2026-02,2,2026
2026-02-28,PROXY,RT,31.027935028076172,2026-02,2,2026
2026-03-01,PROXY,RT,40.0977783203125,2026-03,3,2026
2026-03-02,PROXY,RT,22.26325035095215,2026-03,3,2026
2026-03-03,PROXY,RT,51.07822799682617,2026-03,3,2026
2026-03-04,PROXY,RT,34.79692840576172,2026-03,3,2026
2026-03-05,PROXY,RT,17.360628128051758,2026-03,3,2026
2026-03-06,PROXY,RT,22.543960571289062,2026-03,3,2026
2026-03-07,PROXY,RT,65.66825866699219,2026-03,3,2026
2026-03-08,PROXY,RT,30.25861930847168,2026-03,3,2026
2026-03-09,PROXY,RT,44.75998306274414,2026-03,3,2026
2026-03-10,PROXY,RT,34.05595397949219,2026-03,3,2026
2026-03-11,PROXY,RT,25.581350326538086,2026-03,3,2026
2026-03-12,PROXY,RT,32.29990005493164,2026-03,3,2026
2026-03-13,PROXY,RT,67.3839111328125,2026-03,3,2026
2026-03-14,PROXY,RT,67.99442291259766,2026-03,3,2026
2026-03-15,PROXY,RT,35.70063781738281,2026-03,3,2026
2026-03-16,PROXY,RT,125.95475006103516,2026-03,3,2026
2026-03-17,PROXY,RT,43.999847412109375,2026-03,3,2026
2026-03-18,PROXY,RT,42.097816467285156,2026-03,3,2026
2026-03-19,PROXY,RT,36.55843734741211,2026-03,3,2026
2026-03-20,PROXY,RT,31.706727981567383,2026-03,3,2026
2026-03-21,PROXY,RT,30.363893508911133,2026-03,3,2026
2026-03-22,PROXY,RT,63.4051628112793,2026-03,3,2026
2026-03-23,PROXY,RT,591.1189575195312,2026-03,3,2026
2026-03-24,PROXY,RT,104.67744445800781,2026-03,3,2026
2026-03-25,PROXY,RT,32.91313934326172,2026-03,3,2026
2026-03-26,PROXY,RT,29.329065322875977,2026-03,3,2026
2026-03-27,PROXY,RT,34.5319938659668,2026-03,3,2026
2026-03-28,PROXY,RT,22.325910568237305,2026-03,3,2026
2026-03-29,PROXY,RT,32.668949127197266,2026-03,3,2026
2026-03-30,PROXY,RT,44.75013732910156,2026-03,3,2026
2026-03-31,PROXY,RT,23.138961791992188,2026-03,3,2026
2026-04-01,PROXY,RT,53.42597579956055,2026-04,4,2026
2026-04-02,PROXY,RT,32.64875411987305,2026-04,4,2026
2026-04-03,PROXY,RT,33.717742919921875,2026-04,4,2026
2026-04-04,PROXY,RT,26.694839477539062,2026-04,4,2026
2026-04-05,PROXY,RT,49.96051025390625,2026-04,4,2026
2026-04-06,PROXY,RT,73.70831298828125,2026-04,4,2026
2026-04-07,PROXY,RT,50.17869567871094,2026-04,4,2026
2026-04-08,PROXY,RT,97.57889556884766,2026-04,4,2026
2026-04-09,PROXY,RT,129.11660766601562,2026-04,4,2026
2026-04-10,PROXY,RT,46.913333892822266,2026-04,4,2026
2026-04-11,PROXY,RT,74.28009033203125,2026-04,4,2026
2026-04-12,PROXY,RT,139.5127410888672,2026-04,4,2026
2026-04-13,PROXY,RT,106.86070251464844,2026-04,4,2026
2026-04-14,PROXY,RT,59.505516052246094,2026-04,4,2026
2026-04-15,PROXY,RT,76.58110046386719,2026-04,4,2026
2026-04-16,PROXY,RT,34.47856903076172,2026-04,4,2026
2026-04-17,PROXY,RT,29.28135108947754,2026-04,4,2026
2026-04-18,PROXY,RT,67.65534210205078,2026-04,4,2026
2026-04-19,PROXY,RT,45.1002197265625,2026-04,4,2026
2026-04-20,PROXY,RT,87.32337188720703,2026-04,4,2026
2026-04-21,PROXY,RT,31.223363876342773,2026-04,4,2026
2026-04-22,PROXY,RT,52.001434326171875,2026-04,4,2026
2026-04-23,PROXY,RT,42.37141418457031,2026-04,4,2026
2026-04-24,PROXY,RT,609.702880859375,2026-04,4,2026
2026-04-25,PROXY,RT,67.50157165527344,2026-04,4,2026
2026-04-26,PROXY,RT,22.568058013916016,2026-04,4,2026
2026-04-27,PROXY,RT,383.1716613769531,2026-04,4,2026
2026-04-28,PROXY,RT,70.45451354980469,2026-04,4,2026
2026-04-29,PROXY,RT,45.83000946044922,2026-04,4,2026
2026-04-30,PROXY,RT,53.924896240234375,2026-04,4,2026
2026-05-01,PROXY,RT,35.384788513183594,2026-05,5,2026
2026-05-02,PROXY,RT,57.54640579223633,2026-05,5,2026
2026-05-03,PROXY,RT,30.718887329101562,2026-05,5,2026
2026-05-04,PROXY,RT,37.027835845947266,2026-05,5,2026
2026-05-05,PROXY,RT,29.448474884033203,2026-05,5,2026
2026-05-06,PROXY,RT,20.660648345947266,2026-05,5,2026
2026-05-07,PROXY,RT,26.562572479248047,2026-05,5,2026
2026-05-08,PROXY,RT,23.613204956054688,2026-05,5,2026
2026-05-09,PROXY,RT,26.303035736083984,2026-05,5,2026
2026-05-10,PROXY,RT,21.68645477294922,2026-05,5,2026
2026-05-11,PROXY,RT,55.42332077026367,2026-05,5,2026
2026-05-12,PROXY,RT,64.26942443847656,2026-05,5,2026
2026-05-13,PROXY,RT,54.242469787597656,2026-05,5,2026
2026-05-14,PROXY,RT,49.37793731689453,2026-05,5,2026
2026-05-15,PROXY,RT,24.207801818847656,2026-05,5,2026
2026-05-16,PROXY,RT,18.172584533691406,2026-05,5,2026
2026-05-17,PROXY,RT,22.245121002197266,2026-05,5,2026
2026-05-18,PROXY,RT,42.385780334472656,2026-05,5,2026
2026-05-19,PROXY,RT,47.290897369384766,2026-05,5,2026
2026-05-20,PROXY,RT,30.89466667175293,2026-05,5,2026
2026-05-21,PROXY,RT,30.867507934570312,2026-05,5,2026
2026-05-22,PROXY,RT,24.01070213317871,2026-05,5,2026
2026-05-23,PROXY,RT,17.297719955444336,2026-05,5,2026
2026-05-24,PROXY,RT,25.398096084594727,2026-05,5,2026
2026-05-25,PROXY,RT,27.538881301879883,2026-05,5,2026
2026-05-26,PROXY,RT,124.29801940917969,2026-05,5,2026
2026-05-27,PROXY,RT,46.2934684753418,2026-05,5,2026
2026-05-28,PROXY,RT,59.30491638183594,2026-05,5,2026
2026-05-29,PROXY,RT,18.754493713378906,2026-05,5,2026
2026-05-30,PROXY,RT,17.702301025390625,2026-05,5,2026
2026-05-31,PROXY,RT,38.87141418457031,2026-05,5,2026
2026-06-01,PROXY,RT,33.63092041015625,2026-06,6,2026
2026-06-02,PROXY,RT,23.647903442382812,2026-06,6,2026
2026-06-03,PROXY,RT,21.18544578552246,2026-06,6,2026
2026-06-04,PROXY,RT,57.4208984375,2026-06,6,2026
2026-06-05,PROXY,RT,40.66981506347656,2026-06,6,2026
2026-06-06,PROXY,RT,127.1934585571289,2026-06,6,2026
2026-06-07,PROXY,RT,39.695892333984375,2026-06,6,2026
2026-06-08,PROXY,RT,25.19948959350586,2026-06,6,2026
2026-06-09,PROXY,RT,25.68719482421875,2026-06,6,2026
2026-06-10,PROXY,RT,16.05173683166504,2026-06,6,2026
2026-06-11,PROXY,RT,37.03048324584961,2026-06,6,2026
2026-06-12,PROXY,RT,19.552047729492188,2026-06,6,2026
2026-06-13,PROXY,RT,18.187667846679688,2026-06,6,2026
2026-06-14,PROXY,RT,40.30867004394531,2026-06,6,2026
2026-06-15,PROXY,RT,39.890220642089844,2026-06,6,2026
2026-06-16,PROXY,RT,21.261316299438477,2026-06,6,2026
2026-06-17,PROXY,RT,19.38462257385254,2026-06,6,2026
2026-06-18,PROXY,RT,37.379302978515625,2026-06,6,2026
2026-06-19,PROXY,RT,48.271400451660156,2026-06,6,2026
2026-06-20,PROXY,RT,9.818878173828125,2026-06,6,2026
2026-06-21,PROXY,RT,19.52846336364746,2026-06,6,2026
2026-06-22,PROXY,RT,47.18965148925781,2026-06,6,2026
2026-06-23,PROXY,RT,63.78140640258789,2026-06,6,2026
2026-06-24,PROXY,RT,21.458641052246094,2026-06,6,2026
2026-06-25,PROXY,RT,18.075231552124023,2026-06,6,2026
2026-06-26,PROXY,RT,17.745567321777344,2026-06,6,2026
2026-06-27,PROXY,RT,35.33684539794922,2026-06,6,2026
2026-06-28,PROXY,RT,18.021015167236328,2026-06,6,2026
2026-06-29,PROXY,RT,10.978935241699219,2026-06,6,2026
2026-06-30,PROXY,RT,17.61807632446289,2026-06,6,2026
2026-07-01,PROXY,RT,30.832096099853516,2026-07,7,2026
2026-07-02,PROXY,RT,12.463357925415039,2026-07,7,2026
2026-07-03,PROXY,RT,24.1900577545166,2026-07,7,2026
2026-07-04,PROXY,RT,41.77254867553711,2026-07,7,2026
2026-07-05,PROXY,RT,27.806169509887695,2026-07,7,2026
2026-07-06,PROXY,RT,25.57607650756836,2026-07,7,2026
2026-07-07,PROXY,RT,20.70266342163086,2026-07,7,2026
2026-07-08,PROXY,RT,39.45485305786133,2026-07,7,2026
2026-07-09,PROXY,RT,30.005918502807617,2026-07,7,2026
2026-07-10,PROXY,RT,23.320438385009766,2026-07,7,2026
2026-07-11,PROXY,RT,17.91457176208496,2026-07,7,2026
2026-07-12,PROXY,RT,16.654796600341797,2026-07,7,2026
2026-07-13,PROXY,RT,14.432445526123047,2026-07,7,2026
2026-07-14,PROXY,RT,26.90947723388672,2026-07,7,2026
2026-07-15,PROXY,RT,23.7833251953125,2026-07,7,2026
2026-07-16,PROXY,RT,26.85416603088379,2026-07,7,2026
2026-07-17,PROXY,RT,28.723304748535156,2026-07,7,2026
2026-07-18,PROXY,RT,25.64673614501953,2026-07,7,2026
2026-07-19,PROXY,RT,48.08203887939453,2026-07,7,2026
2026-07-20,PROXY,RT,74.82685852050781,2026-07,7,2026
2026-07-21,PROXY,RT,124.56111145019531,2026-07,7,2026
2026-07-22,PROXY,RT,175.8491973876953,2026-07,7,2026
2026-07-23,PROXY,RT,36.983638763427734,2026-07,7,2026
2026-07-24,PROXY,RT,11.534685134887695,2026-07,7,2026
2026-07-25,PROXY,RT,29.60650062561035,2026-07,7,2026
2026-07-26,PROXY,RT,26.679479598999023,2026-07,7,2026
2026-07-27,PROXY,RT,19.97303581237793,2026-07,7,2026
2026-07-28,PROXY,RT,28.69257354736328,2026-07,7,2026
2026-07-29,PROXY,RT,24.08333969116211,2026-07,7,2026
2026-07-30,PROXY,RT,24.181018829345703,2026-07,7,2026
2026-07-31,PROXY,RT,32.00962829589844,2026-07,7,2026
2026-08-01,PROXY,RT,29.409751892089844,2026-08,8,2026
2026-08-02,PROXY,RT,23.049373626708984,2026-08,8,2026
2026-08-03,PROXY,RT,18.375574111938477,2026-08,8,2026
2026-08-04,PROXY,RT,33.65809631347656,2026-08,8,2026
2026-08-05,PROXY,RT,42.5833854675293,2026-08,8,2026
2026-08-06,PROXY,RT,44.800086975097656,2026-08,8,2026
2026-08-07,PROXY,RT,48.29281997680664,2026-08,8,2026
2026-08-08,PROXY,RT,27.159095764160156,2026-08,8,2026
2026-08-09,PROXY,RT,38.130638122558594,2026-08,8,2026
2026-08-10,PROXY,RT,11.50970458984375,2026-08,8,2026
2026-08-11,PROXY,RT,40.3455810546875,2026-08,8,2026
2026-08-12,PROXY,RT,35.48575973510742,2026-08,8,2026
2026-08-13,PROXY,RT,40.33787155151367,2026-08,8,2026
2026-08-14,PROXY,RT,13.323352813720703,2026-08,8,2026
2026-08-15,PROXY,RT,22.793743133544922,2026-08,8,2026
2026-08-16,PROXY,RT,64.06109619140625,2026-08,8,2026
2026-08-17,PROXY,RT,219.16006469726562,2026-08,8,2026
2026-08-18,PROXY,RT,69.80294799804688,2026-08,8,2026
2026-08-19,PROXY,RT,36.532596588134766,2026-08,8,2026
2026-08-20,PROXY,RT,44.890602111816406,2026-08,8,2026
2026-08-21,PROXY,RT,24.33857536315918,2026-08,8,2026
2026-08-22,PROXY,RT,69.11229705810547,2026-08,8,2026
2026-08-23,PROXY,RT,288.599609375,2026-08,8,2026
2026-08-24,PROXY,RT,69.94917297363281,2026-08,8,2026
2026-08-25,PROXY,RT,39.78523254394531,2026-08,8,2026
2026-08-26,PROXY,RT,424.2173156738281,2026-08,8,2026
2026-08-27,PROXY,RT,71.0837631225586,2026-08,8,2026
2026-08-28,PROXY,RT,42.540069580078125,2026-08,8,2026
2026-08-29,PROXY,RT,34.99880599975586,2026-08,8,2026
2026-08-30,PROXY,RT,82.00677490234375,2026-08,8,2026
2026-08-31,PROXY,RT,51.09934616088867,2026-08,8,2026
2026-09-01,PROXY,RT,81.5497055053711,2026-09,9,2026
2026-09-02,PROXY,RT,250.54286193847656,2026-09,9,2026
2026-09-03,PROXY,RT,17.75989532470703,2026-09,9,2026
2026-09-04,PROXY,RT,13.480178833007812,2026-09,9,2026
2026-09-05,PROXY,RT,29.485733032226562,2026-09,9,2026
2026-09-06,PROXY,RT,40.661041259765625,2026-09,9,2026
2026-09-07,PROXY,RT,63.150794982910156,2026-09,9,2026
2026-09-08,PROXY,RT,72.94300842285156,2026-09,9,2026
2026-09-09,PROXY,RT,45.251556396484375,2026-09,9,2026
2026-09-10,PROXY,RT,33.04209518432617,2026-09,9,2026
2026-09-11,PROXY,RT,42.02863311767578,2026-09,9,2026
2026-09-12,PROXY,RT,39.038665771484375,2026-09,9,2026
2026-09-13,PROXY,RT,23.30301284790039,2026-09,9,2026
2026-06-03,RVN,RT,34.126251220703125,2026-06,6,2026
2026-06-04,RVN,RT,57.022499084472656,2026-06,6,2026
2026-06-05,RVN,RT,40.66374588012695,2026-06,6,2026
2026-06-06,RVN,RT,127.53876495361328,2026-06,6,2026
2026-06-07,RVN,RT,39.553749084472656,2026-06,6,2026
2026-06-08,RVN,RT,25.99250030517578,2026-06,6,2026
2026-06-09,RVN,RT,25.439998626708984,2026-06,6,2026
2026-06-10,RVN,RT,16.17624855041504,2026-06,6,2026
2026-06-11,RVN,RT,37.097496032714844,2026-06,6,2026
2026-06-12,RVN,RT,19.57750129699707,2026-06,6,2026
2026-06-13,RVN,RT,18.223751068115234,2026-06,6,2026
2026-06-14,RVN,RT,40.34124755859375,2026-06,6,2026
2026-06-15,RVN,RT,39.897499084472656,2026-06,6,2026
2026-06-16,RVN,RT,21.24500274658203,2026-06,6,2026
2026-06-17,RVN,RT,19.576251983642578,2026-06,6,2026
2026-06-18,RVN,RT,37.50250244140625,2026-06,6,2026
2026-06-19,RVN,RT,48.241249084472656,2026-06,6,2026
2026-06-20,RVN,RT,9.776248931884766,2026-06,6,2026
2026-06-21,RVN,RT,19.542497634887695,2026-06,6,2026
2026-06-22,RVN,RT,47.35499954223633,2026-06,6,2026
2026-06-23,RVN,RT,54.35000228881836,2026-06,6,2026
2026-06-24,RVN,RT,21.764999389648438,2026-06,6,2026
2026-06-25,RVN,RT,17.845001220703125,2026-06,6,2026
2026-06-26,RVN,RT,18.060001373291016,2026-06,6,2026
2026-06-27,RVN,RT,35.52000045776367,2026-06,6,2026
2026-06-28,RVN,RT,18.277503967285156,2026-06,6,2026
2026-06-29,RVN,RT,11.487499237060547,2026-06,6,2026
2026-06-30,RVN,RT,17.5625,2026-06,6,2026
2026-07-01,RVN,RT,30.850000381469727,2026-07,7,2026
2026-07-02,RVN,RT,12.63125228881836,2026-07,7,2026
2026-07-03,RVN,RT,24.288747787475586,2026-07,7,2026
2026-07-04,RVN,RT,41.99250030517578,2026-07,7,2026
2026-07-05,RVN,RT,28.998750686645508,2026-07,7,2026
2026-07-06,RVN,RT,25.39375114440918,2026-07,7,2026
2026-07-07,RVN,RT,20.55500030517578,2026-07,7,2026
2026-07-08,RVN,RT,39.57624816894531,2026-07,7,2026
2026-07-09,RVN,RT,29.966249465942383,2026-07,7,2026
2026-07-10,RVN,RT,23.153751373291016,2026-07,7,2026
2026-07-11,RVN,RT,17.912498474121094,2026-07,7,2026
2026-07-12,RVN,RT,16.683753967285156,2026-07,7,2026
2026-07-13,RVN,RT,14.407501220703125,2026-07,7,2026
2026-07-14,RVN,RT,27.032501220703125,2026-07,7,2026
2026-07-15,RVN,RT,23.94000244140625,2026-07,7,2026
2026-07-16,RVN,RT,24.130001068115234,2026-07,7,2026
2026-07-17,RVN,RT,29.926250457763672,2026-07,7,2026
2026-07-18,RVN,RT,26.35999870300293,2026-07,7,2026
2026-07-19,RVN,RT,48.99375534057617,2026-07,7,2026
2026-07-20,RVN,RT,70.94999694824219,2026-07,7,2026
2026-07-21,RVN,RT,123.34999084472656,2026-07,7,2026
2026-07-22,RVN,RT,175.9425048828125,2026-07,7,2026
2026-07-23,RVN,RT,36.720001220703125,2026-07,7,2026
2026-07-24,RVN,RT,12.15749740600586,2026-07,7,2026
2026-07-25,RVN,RT,29.62249755859375,2026-07,7,2026
2026-07-26,RVN,RT,26.74374771118164,2026-07,7,2026
2026-07-27,RVN,RT,20.362499237060547,2026-07,7,2026
2026-07-28,RVN,RT,28.938753128051758,2026-07,7,2026
2026-07-29,RVN,RT,25.179996490478516,2026-07,7,2026
2026-07-30,RVN,RT,25.608749389648438,2026-07,7,2026
2026-07-31,RVN,RT,32.621253967285156,2026-07,7,2026
2026-08-01,RVN,RT,29.31749725341797,2026-08,8,2026
2026-08-02,RVN,RT,22.86750030517578,2026-08,8,2026
2026-08-03,RVN,RT,18.524999618530273,2026-08,8,2026
2026-08-04,RVN,RT,34.11000061035156,2026-08,8,2026
2026-08-05,RVN,RT,43.03624725341797,2026-08,8,2026
2026-08-06,RVN,RT,45.33124542236328,2026-08,8,2026
2026-08-07,RVN,RT,48.73374938964844,2026-08,8,2026
2026-08-08,RVN,RT,27.302501678466797,2026-08,8,2026
2026-08-09,RVN,RT,38.11249923706055,2026-08,8,2026
2026-08-10,RVN,RT,11.521249771118164,2026-08,8,2026
2026-08-11,RVN,RT,41.10624694824219,2026-08,8,2026
2026-08-12,RVN,RT,36.717498779296875,2026-08,8,2026
2026-08-13,RVN,RT,41.561248779296875,2026-08,8,2026
2026-08-14,RVN,RT,13.364999771118164,2026-08,8,2026
2026-08-15,RVN,RT,23.255001068115234,2026-08,8,2026
2026-08-16,RVN,RT,65.79249572753906,2026-08,8,2026
2026-08-17,RVN,RT,225.7825164794922,2026-08,8,2026
2026-08-18,RVN,RT,70.40374755859375,2026-08,8,2026
2026-08-19,RVN,RT,36.883750915527344,2026-08,8,2026
2026-08-20,RVN,RT,45.36000442504883,2026-08,8,2026
2026-08-21,RVN,RT,24.728748321533203,2026-08,8,2026
2026-08-22,RVN,RT,69.64125061035156,2026-08,8,2026
2026-08-23,RVN,RT,288.52752685546875,2026-08,8,2026
2026-08-24,RVN,RT,71.0,2026-08,8,2026
2026-08-25,RVN,RT,40.251251220703125,2026-08,8,2026
2026-08-26,RVN,RT,424.3137512207031,2026-08,8,2026
2026-08-27,RVN,RT,72.22624969482422,2026-08,8,2026
2026-08-28,RVN,RT,42.493751525878906,2026-08,8,2026
2026-08-29,RVN,RT,35.32374954223633,2026-08,8,2026
2026-08-30,RVN,RT,82.88751220703125,2026-08,8,2026
2026-08-31,RVN,RT,51.45874786376953,2026-08,8,2026
2026-09-01,RVN,RT,81.89500427246094,2026-09,9,2026
2026-09-02,RVN,RT,253.99624633789062,2026-09,9,2026
2026-09-03,RVN,RT,18.21750259399414,2026-09,9,2026
2026-09-04,RVN,RT,13.537498474121094,2026-09,9,2026
2026-09-05,RVN,RT,29.833751678466797,2026-09,9,2026
2026-09-06,RVN,RT,40.69874572753906,2026-09,9,2026
2026-09-07,RVN,RT,63.433753967285156,2026-09,9,2026
2026-09-08,RVN,RT,75.73749542236328,2026-09,9,2026
2026-09-09,RVN,RT,45.52499771118164,2026-09,9,2026
2026-09-10,RVN,RT,33.463748931884766,2026-09,9,2026
2026-09-11,RVN,RT,43.909996032714844,2026-09,9,2026
2026-09-12,RVN,RT,39.349998474121094,2026-09,9,2026
2026-09-13,RVN,RT,23.48375129699707,2026-09,9,2026
2023-09-01,HB_HOU,RT,100.76499938964844,2023-09,9,2023
2023-09-02,HB_HOU,RT,62.031253814697266,2023-09,9,2023
2023-09-03,HB_HOU,RT,33.681251525878906,2023-09,9,2023
2023-09-04,HB_HOU,RT,60.16499710083008,2023-09,9,2023
2023-09-05,HB_HOU,RT,1107.0986328125,2023-09,9,2023
2023-09-06,HB_HOU,RT,4488.3798828125,2023-09,9,2023
2023-09-07,HB_HOU,RT,2693.74365234375,2023-09,9,2023
2023-09-08,HB_HOU,RT,2809.2900390625,2023-09,9,2023
2023-09-09,HB_HOU,RT,65.78874969482422,2023-09,9,2023
2023-09-10,HB_HOU,RT,28.55875015258789,2023-09,9,2023
2023-09-11,HB_HOU,RT,14.126249313354492,2023-09,9,2023
2023-09-12,HB_HOU,RT,46.52499771118164,2023-09,9,2023
2023-09-13,HB_HOU,RT,27.834999084472656,2023-09,9,2023
2023-09-14,HB_HOU,RT,13.911247253417969,2023-09,9,2023
2023-09-15,HB_HOU,RT,71.57000732421875,2023-09,9,2023
2023-09-16,HB_HOU,RT,25.077499389648438,2023-09,9,2023
2023-09-17,HB_HOU,RT,262.72125244140625,2023-09,9,2023
2023-09-18,HB_HOU,RT,39.46500015258789,2023-09,9,2023
2023-09-19,HB_HOU,RT,31.422500610351562,2023-09,9,2023
2023-09-20,HB_HOU,RT,172.24000549316406,2023-09,9,2023
2023-09-21,HB_HOU,RT,75.3062515258789,2023-09,9,2023
2023-09-22,HB_HOU,RT,111.57624816894531,2023-09,9,2023
2023-09-23,HB_HOU,RT,450.1524963378906,2023-09,9,2023
2023-09-24,HB_HOU,RT,416.54998779296875,2023-09,9,2023
2023-09-25,HB_HOU,RT,134.4012451171875,2023-09,9,2023
2023-09-26,HB_HOU,RT,143.09251403808594,2023-09,9,2023
2023-09-27,HB_HOU,RT,59.407501220703125,2023-09,9,2023
2023-09-28,HB_HOU,RT,46.093746185302734,2023-09,9,2023
2023-09-29,HB_HOU,RT,18.876249313354492,2023-09,9,2023
2023-09-30,HB_HOU,RT,14.502500534057617,2023-09,9,2023
2023-10-01,HB_HOU,RT,6.692501068115234,2023-10,10,2023
2023-10-02,HB_HOU,RT,28.481252670288086,2023-10,10,2023
2023-10-03,HB_HOU,RT,21.01999855041504,2023-10,10,2023
2023-10-04,HB_HOU,RT,96.27625274658203,2023-10,10,2023
2023-10-05,HB_HOU,RT,57.082496643066406,2023-10,10,2023
2023-10-06,HB_HOU,RT,109.58876037597656,2023-10,10,2023
2023-10-07,HB_HOU,RT,67.9375,2023-10,10,2023
2023-10-08,HB_HOU,RT,43.92625045776367,2023-10,10,2023
2023-10-09,HB_HOU,RT,167.41000366210938,2023-10,10,2023
2023-10-10,HB_HOU,RT,15.482501983642578,2023-10,10,2023
2023-10-11,HB_HOU,RT,7.913747787475586,2023-10,10,2023
2023-10-12,HB_HOU,RT,26.28874969482422,2023-10,10,2023
2023-10-13,HB_HOU,RT,78.39749908447266,2023-10,10,2023
2023-10-14,HB_HOU,RT,59.57500076293945,2023-10,10,2023
2023-10-15,HB_HOU,RT,30.348751068115234,2023-10,10,2023
2023-10-16,HB_HOU,RT,97.46499633789062,2023-10,10,2023
2023-10-17,HB_HOU,RT,62.935001373291016,2023-10,10,2023
2023-10-18,HB_HOU,RT,35.5837516784668,2023-10,10,2023
2023-10-19,HB_HOU,RT,383.9425048828125,2023-10,10,2023
2023-10-20,HB_HOU,RT,204.8037567138672,2023-10,10,2023
2023-10-21,HB_HOU,RT,29.329998016357422,2023-10,10,2023
2023-10-22,HB_HOU,RT,171.02499389648438,2023-10,10,2023
2023-10-23,HB_HOU,RT,115.04874420166016,2023-10,10,2023
2023-10-24,HB_HOU,RT,20.044998168945312,2023-10,10,2023
2023-10-25,HB_HOU,RT,401.23870849609375,2023-10,10,2023
2023-10-26,HB_HOU,RT,71.07249450683594,2023-10,10,2023
2023-10-27,HB_HOU,RT,52.363746643066406,2023-10,10,2023
2023-10-28,HB_HOU,RT,33.976253509521484,2023-10,10,2023
2023-10-29,HB_HOU,RT,7.79749870300293,2023-10,10,2023
2023-10-30,HB_HOU,RT,41.79500198364258,2023-10,10,2023
2023-10-31,HB_HOU,RT,21.748750686645508,2023-10,10,2023
2023-11-01,HB_HOU,RT,24.375001907348633,2023-11,11,2023
2023-11-02,HB_HOU,RT,23.42999839782715,2023-11,11,2023
2023-11-03,HB_HOU,RT,14.330000877380371,2023-11,11,2023
2023-11-04,HB_HOU,RT,47.43124771118164,2023-11,11,2023
2023-11-05,HB_HOU,RT,107.92375183105469,2023-11,11,2023
2023-11-06,HB_HOU,RT,105.56500244140625,2023-11,11,2023
2023-11-07,HB_HOU,RT,35.261253356933594,2023-11,11,2023
2023-11-08,HB_HOU,RT,497.6424865722656,2023-11,11,2023
2023-11-09,HB_HOU,RT,45.154998779296875,2023-11,11,2023
2023-11-10,HB_HOU,RT,60.991249084472656,2023-11,11,2023
2023-11-11,HB_HOU,RT,99.72874450683594,2023-11,11,2023
2023-11-12,HB_HOU,RT,74.57249450683594,2023-11,11,2023
2023-11-13,HB_HOU,RT,170.05624389648438,2023-11,11,2023
2023-11-14,HB_HOU,RT,72.98374938964844,2023-11,11,2023
2023-11-15,HB_HOU,RT,72.06500244140625,2023-11,11,2023
2023-11-16,HB_HOU,RT,10.69999885559082,2023-11,11,2023
2023-11-17,HB_HOU,RT,57.48500061035156,2023-11,11,2023
2023-11-18,HB_HOU,RT,14.330001831054688,2023-11,11,2023
2023-11-19,HB_HOU,RT,26.111248016357422,2023-11,11,2023
2023-11-20,HB_HOU,RT,18.413747787475586,2023-11,11,2023
2023-11-21,HB_HOU,RT,166.68125915527344,2023-11,11,2023
2023-11-22,HB_HOU,RT,23.116249084472656,2023-11,11,2023
2023-11-23,HB_HOU,RT,10.127500534057617,2023-11,11,2023
2023-11-24,HB_HOU,RT,18.344999313354492,2023-11,11,2023
2023-11-25,HB_HOU,RT,64.33124542236328,2023-11,11,2023
2023-11-26,HB_HOU,RT,136.45999145507812,2023-11,11,2023
2023-11-27,HB_HOU,RT,38.459999084472656,2023-11,11,2023
2023-11-28,HB_HOU,RT,27.11625099182129,2023-11,11,2023
2023-11-29,HB_HOU,RT,26.9325008392334,2023-11,11,2023
2023-11-30,HB_HOU,RT,72.58625030517578,2023-11,11,2023
2023-12-01,HB_HOU,RT,28.625,2023-12,12,2023
2023-12-02,HB_HOU,RT,80.53374481201172,2023-12,12,2023
2023-12-03,HB_HOU,RT,25.573749542236328,2023-12,12,2023
2023-12-04,HB_HOU,RT,54.72624969482422,2023-12,12,2023
2023-12-05,HB_HOU,RT,265.9437561035156,2023-12,12,2023
2023-12-06,HB_HOU,RT,27.787498474121094,2023-12,12,2023
2023-12-07,HB_HOU,RT,25.57499885559082,2023-12,12,2023
2023-12-08,HB_HOU,RT,104.8687515258789,2023-12,12,2023
2023-12-09,HB_HOU,RT,12.35999870300293,2023-12,12,2023
2023-12-10,HB_HOU,RT,35.974998474121094,2023-12,12,2023
2023-12-11,HB_HOU,RT,65.96125030517578,2023-12,12,2023
2023-12-12,HB_HOU,RT,32.156246185302734,2023-12,12,2023
2023-12-13,HB_HOU,RT,23.6299991607666,2023-12,12,2023
2023-12-14,HB_HOU,RT,10.603750228881836,2023-12,12,2023
2023-12-15,HB_HOU,RT,22.578750610351562,2023-12,12,2023
2023-12-16,HB_HOU,RT,27.75749969482422,2023-12,12,2023
2023-12-17,HB_HOU,RT,29.388748168945312,2023-12,12,2023
2023-12-18,HB_HOU,RT,29.636245727539062,2023-12,12,2023
2023-12-19,HB_HOU,RT,17.45250129699707,2023-12,12,2023
2023-12-20,HB_HOU,RT,21.41874885559082,2023-12,12,2023
2023-12-21,HB_HOU,RT,19.87874984741211,2023-12,12,2023
2023-12-22,HB_HOU,RT,17.360000610351562,2023-12,12,2023
2023-12-23,HB_HOU,RT,23.49625015258789,2023-12,12,2023
2023-12-24,HB_HOU,RT,22.13249969482422,2023-12,12,2023
2023-12-25,HB_HOU,RT,64.72624969482422,2023-12,12,2023
2023-12-26,HB_HOU,RT,33.07749938964844,2023-12,12,2023
2023-12-27,HB_HOU,RT,50.45874786376953,2023-12,12,2023
2023-12-28,HB_HOU,RT,25.489999771118164,2023-12,12,2023
2023-12-29,HB_HOU,RT,66.67000579833984,2023-12,12,2023
2023-12-30,HB_HOU,RT,113.15625,2023-12,12,2023
2023-12-31,HB_HOU,RT,15.646248817443848,2023-12,12,2023
2024-01-01,HB_HOU,RT,38.22624969482422,2024-01,1,2024
2024-01-02,HB_HOU,RT,44.503753662109375,2024-01,1,2024
2024-01-03,HB_HOU,RT,28.58500099182129,2024-01,1,2024
2024-01-04,HB_HOU,RT,29.4737491607666,2024-01,1,2024
2024-01-05,HB_HOU,RT,31.7549991607666,2024-01,1,2024
2024-01-06,HB_HOU,RT,58.67499542236328,2024-01,1,2024
2024-01-07,HB_HOU,RT,89.99250030517578,2024-01,1,2024
2024-01-08,HB_HOU,RT,28.87125015258789,2024-01,1,2024
2024-01-09,HB_HOU,RT,73.16500091552734,2024-01,1,2024
2024-01-10,HB_HOU,RT,29.4375,2024-01,1,2024
2024-01-11,HB_HOU,RT,27.77375030517578,2024-01,1,2024
2024-01-12,HB_HOU,RT,80.37124633789062,2024-01,1,2024
2024-01-13,HB_HOU,RT,54.61499786376953,2024-01,1,2024
2024-01-14,HB_HOU,RT,83.677490234375,2024-01,1,2024
2024-01-15,HB_HOU,RT,96.01374816894531,2024-01,1,2024
2024-01-16,HB_HOU,RT,552.6974487304688,2024-01,1,2024
2024-01-17,HB_HOU,RT,56.58500289916992,2024-01,1,2024
2024-01-18,HB_HOU,RT,35.17000198364258,2024-01,1,2024
2024-01-19,HB_HOU,RT,45.11874771118164,2024-01,1,2024
2024-01-20,HB_HOU,RT,71.84874725341797,2024-01,1,2024
2024-01-21,HB_HOU,RT,147.90374755859375,2024-01,1,2024
2024-01-22,HB_HOU,RT,217.95498657226562,2024-01,1,2024
2024-01-23,HB_HOU,RT,52.991249084472656,2024-01,1,2024
2024-01-24,HB_HOU,RT,27.744998931884766,2024-01,1,2024
2024-01-25,HB_HOU,RT,20.469999313354492,2024-01,1,2024
2024-01-26,HB_HOU,RT,29.347503662109375,2024-01,1,2024
2024-01-27,HB_HOU,RT,42.80125427246094,2024-01,1,2024
2024-01-28,HB_HOU,RT,36.098751068115234,2024-01,1,2024
2024-01-29,HB_HOU,RT,23.52750015258789,2024-01,1,2024
2024-01-30,HB_HOU,RT,29.667499542236328,2024-01,1,2024
2024-01-31,HB_HOU,RT,16.669998168945312,2024-01,1,2024
2024-02-01,HB_HOU,RT,44.13125228881836,2024-02,2,2024
2024-02-02,HB_HOU,RT,37.092498779296875,2024-02,2,2024
2024-02-03,HB_HOU,RT,36.2037467956543,2024-02,2,2024
2024-02-04,HB_HOU,RT,19.43000030517578,2024-02,2,2024
2024-02-05,HB_HOU,RT,54.188751220703125,2024-02,2,2024
2024-02-06,HB_HOU,RT,57.429996490478516,2024-02,2,2024
2024-02-07,HB_HOU,RT,63.6875,2024-02,2,2024
2024-02-08,HB_HOU,RT,23.637500762939453,2024-02,2,2024
2024-02-09,HB_HOU,RT,33.55500030517578,2024-02,2,2024
2024-02-10,HB_HOU,RT,20.042499542236328,2024-02,2,2024
2024-02-11,HB_HOU,RT,22.959999084472656,2024-02,2,2024
2024-02-12,HB_HOU,RT,33.778751373291016,2024-02,2,2024
2024-02-13,HB_HOU,RT,87.03375244140625,2024-02,2,2024
2024-02-14,HB_HOU,RT,28.318750381469727,2024-02,2,2024
2024-02-15,HB_HOU,RT,12.36875057220459,2024-02,2,2024
2024-02-16,HB_HOU,RT,27.853750228881836,2024-02,2,2024
2024-02-17,HB_HOU,RT,33.58250045776367,2024-02,2,2024
2024-02-18,HB_HOU,RT,39.342498779296875,2024-02,2,2024
2024-02-19,HB_HOU,RT,85.24124908447266,2024-02,2,2024
2024-02-20,HB_HOU,RT,24.018749237060547,2024-02,2,2024
2024-02-21,HB_HOU,RT,32.23875045776367,2024-02,2,2024
2024-02-22,HB_HOU,RT,71.5562515258789,2024-02,2,2024
2024-02-23,HB_HOU,RT,45.03499984741211,2024-02,2,2024
2024-02-24,HB_HOU,RT,37.900001525878906,2024-02,2,2024
2024-02-25,HB_HOU,RT,73.19249725341797,2024-02,2,2024
2024-02-26,HB_HOU,RT,22.682498931884766,2024-02,2,2024
2024-02-27,HB_HOU,RT,29.248748779296875,2024-02,2,2024
2024-02-28,HB_HOU,RT,91.97000122070312,2024-02,2,2024
2024-02-29,HB_HOU,RT,39.125,2024-02,2,2024
2024-03-01,HB_HOU,RT,19.15999984741211,2024-03,3,2024
2024-03-02,HB_HOU,RT,13.32750129699707,2024-03,3,2024
2024-03-03,HB_HOU,RT,53.179996490478516,2024-03,3,2024
2024-03-04,HB_HOU,RT,469.2662658691406,2024-03,3,2024
2024-03-05,HB_HOU,RT,28.276248931884766,2024-03,3,2024
2024-03-06,HB_HOU,RT,39.53249740600586,2024-03,3,2024
2024-03-07,HB_HOU,RT,106.12875366210938,2024-03,3,2024
2024-03-08,HB_HOU,RT,27.415000915527344,2024-03,3,2024
2024-03-09,HB_HOU,RT,43.00124740600586,2024-03,3,2024
2024-03-10,HB_HOU,RT,32.30500030517578,2024-03,3,2024
2024-03-11,HB_HOU,RT,27.003747940063477,2024-03,3,2024
2024-03-12,HB_HOU,RT,52.55875015258789,2024-03,3,2024
2024-03-13,HB_HOU,RT,26.821250915527344,2024-03,3,2024
2024-03-14,HB_HOU,RT,22.582500457763672,2024-03,3,2024
2024-03-15,HB_HOU,RT,23.297500610351562,2024-03,3,2024
2024-03-16,HB_HOU,RT,51.05750274658203,2024-03,3,2024
2024-03-17,HB_HOU,RT,29.184999465942383,2024-03,3,2024
2024-03-18,HB_HOU,RT,136.5850067138672,2024-03,3,2024
2024-03-19,HB_HOU,RT,86.83124542236328,2024-03,3,2024
2024-03-20,HB_HOU,RT,46.85499954223633,2024-03,3,2024
2024-03-21,HB_HOU,RT,64.6362533569336,2024-03,3,2024
2024-03-22,HB_HOU,RT,79.76625061035156,2024-03,3,2024
2024-03-23,HB_HOU,RT,31.638748168945312,2024-03,3,2024
2024-03-24,HB_HOU,RT,66.20750427246094,2024-03,3,2024
2024-03-25,HB_HOU,RT,33.13999938964844,2024-03,3,2024
2024-03-26,HB_HOU,RT,73.57374572753906,2024-03,3,2024
2024-03-27,HB_HOU,RT,43.44499969482422,2024-03,3,2024
2024-03-28,HB_HOU,RT,66.42874908447266,2024-03,3,2024
2024-03-29,HB_HOU,RT,21.048749923706055,2024-03,3,2024
2024-03-30,HB_HOU,RT,48.65749740600586,2024-03,3,2024
2024-03-31,HB_HOU,RT,14.499999046325684,2024-03,3,2024
2024-04-01,HB_HOU,RT,17.721248626708984,2024-04,4,2024
2024-04-02,HB_HOU,RT,62.09624481201172,2024-04,4,2024
2024-04-03,HB_HOU,RT,157.10000610351562,2024-04,4,2024
2024-04-04,HB_HOU,RT,119.88500213623047,2024-04,4,2024
2024-04-05,HB_HOU,RT,61.72999954223633,2024-04,4,2024
2024-04-06,HB_HOU,RT,17.633750915527344,2024-04,4,2024
2024-04-07,HB_HOU,RT,178.09750366210938,2024-04,4,2024
2024-04-08,HB_HOU,RT,155.78875732421875,2024-04,4,2024
2024-04-09,HB_HOU,RT,35.31875228881836,2024-04,4,2024
2024-04-10,HB_HOU,RT,25.293750762939453,2024-04,4,2024
2024-04-11,HB_HOU,RT,175.8000030517578,2024-04,4,2024
2024-04-12,HB_HOU,RT,20.566251754760742,2024-04,4,2024
2024-04-13,HB_HOU,RT,44.09375,2024-04,4,2024
2024-04-14,HB_HOU,RT,74.66874694824219,2024-04,4,2024
2024-04-15,HB_HOU,RT,10.758749008178711,2024-04,4,2024
2024-04-16,HB_HOU,RT,820.9525146484375,2024-04,4,2024
2024-04-17,HB_HOU,RT,21.592498779296875,2024-04,4,2024
2024-04-18,HB_HOU,RT,18.740001678466797,2024-04,4,2024
2024-04-19,HB_HOU,RT,30.405000686645508,2024-04,4,2024
2024-04-20,HB_HOU,RT,17.275001525878906,2024-04,4,2024
2024-04-21,HB_HOU,RT,75.93875122070312,2024-04,4,2024
2024-04-22,HB_HOU,RT,18.24250030517578,2024-04,4,2024
2024-04-23,HB_HOU,RT,20.91625213623047,2024-04,4,2024
2024-04-24,HB_HOU,RT,222.59498596191406,2024-04,4,2024
2024-04-25,HB_HOU,RT,28.947500228881836,2024-04,4,2024
2024-04-26,HB_HOU,RT,198.78875732421875,2024-04,4,2024
2024-04-27,HB_HOU,RT,12.763751029968262,2024-04,4,2024
2024-04-28,HB_HOU,RT,1074.5950927734375,2024-04,4,2024
2024-04-29,HB_HOU,RT,74.00125122070312,2024-04,4,2024
2024-04-30,HB_HOU,RT,19.064998626708984,2024-04,4,2024
2024-05-01,HB_HOU,RT,16.126251220703125,2024-05,5,2024
2024-05-02,HB_HOU,RT,41.32624816894531,2024-05,5,2024
2024-05-03,HB_HOU,RT,45.55249786376953,2024-05,5,2024
2024-05-04,HB_HOU,RT,29.208749771118164,2024-05,5,2024
2024-05-05,HB_HOU,RT,28.53874969482422,2024-05,5,2024
2024-05-06,HB_HOU,RT,23.766250610351562,2024-05,5,2024
2024-05-07,HB_HOU,RT,58.69000244140625,2024-05,5,2024
2024-05-08,HB_HOU,RT,2744.772705078125,2024-05,5,2024
2024-05-09,HB_HOU,RT,259.7062683105469,2024-05,5,2024
2024-05-10,HB_HOU,RT,130.6374969482422,2024-05,5,2024
2024-05-11,HB_HOU,RT,36.61125183105469,2024-05,5,2024
2024-05-12,HB_HOU,RT,48.326255798339844,2024-05,5,2024
2024-05-13,HB_HOU,RT,138.989990234375,2024-05,5,2024
2024-05-14,HB_HOU,RT,55.741249084472656,2024-05,5,2024
2024-05-15,HB_HOU,RT,42.602500915527344,2024-05,5,2024
2024-05-16,HB_HOU,RT,37.82250213623047,2024-05,5,2024
2024-05-17,HB_HOU,RT,73.70874786376953,2024-05,5,2024
2024-05-18,HB_HOU,RT,81.93250274658203,2024-05,5,2024
2024-05-19,HB_HOU,RT,22.198749542236328,2024-05,5,2024
2024-05-20,HB_HOU,RT,21.713748931884766,2024-05,5,2024
2024-05-21,HB_HOU,RT,196.87124633789062,2024-05,5,2024
2024-05-22,HB_HOU,RT,46.85749816894531,2024-05,5,2024
2024-05-23,HB_HOU,RT,49.405006408691406,2024-05,5,2024
2024-05-24,HB_HOU,RT,77.01875305175781,2024-05,5,2024
2024-05-25,HB_HOU,RT,30.541250228881836,2024-05,5,2024
2024-05-26,HB_HOU,RT,82.44750213623047,2024-05,5,2024
2024-05-27,HB_HOU,RT,185.10250854492188,2024-05,5,2024
2024-05-28,HB_HOU,RT,34.494998931884766,2024-05,5,2024
2024-05-29,HB_HOU,RT,137.2137451171875,2024-05,5,2024
2024-05-30,HB_HOU,RT,287.1237487792969,2024-05,5,2024
2024-05-31,HB_HOU,RT,27.271251678466797,2024-05,5,2024
2024-06-01,HB_HOU,RT,25.071250915527344,2024-06,6,2024
2024-06-02,HB_HOU,RT,53.084999084472656,2024-06,6,2024
2024-06-03,HB_HOU,RT,109.29874420166016,2024-06,6,2024
2024-06-04,HB_HOU,RT,286.2649841308594,2024-06,6,2024
2024-06-05,HB_HOU,RT,17.756250381469727,2024-06,6,2024
2024-06-06,HB_HOU,RT,33.72875213623047,2024-06,6,2024
2024-06-07,HB_HOU,RT,26.94999885559082,2024-06,6,2024
2024-06-08,HB_HOU,RT,40.376251220703125,2024-06,6,2024
2024-06-09,HB_HOU,RT,48.44749450683594,2024-06,6,2024
2024-06-10,HB_HOU,RT,122.24749755859375,2024-06,6,2024
2024-06-11,HB_HOU,RT,91.42750549316406,2024-06,6,2024
2024-06-12,HB_HOU,RT,71.12625122070312,2024-06,6,2024
2024-06-13,HB_HOU,RT,67.1987533569336,2024-06,6,2024
2024-06-14,HB_HOU,RT,49.006248474121094,2024-06,6,2024
2024-06-15,HB_HOU,RT,22.14624786376953,2024-06,6,2024
2024-06-16,HB_HOU,RT,41.50749969482422,2024-06,6,2024
2024-06-17,HB_HOU,RT,69.09124755859375,2024-06,6,2024
2024-06-18,HB_HOU,RT,37.938751220703125,2024-06,6,2024
2024-06-19,HB_HOU,RT,9.978752136230469,2024-06,6,2024
2024-06-20,HB_HOU,RT,45.837501525878906,2024-06,6,2024
2024-06-21,HB_HOU,RT,30.18124771118164,2024-06,6,2024
2024-06-22,HB_HOU,RT,91.48124694824219,2024-06,6,2024
2024-06-23,HB_HOU,RT,76.06999206542969,2024-06,6,2024
2024-06-24,HB_HOU,RT,37.880001068115234,2024-06,6,2024
2024-06-25,HB_HOU,RT,67.27000427246094,2024-06,6,2024
2024-06-26,HB_HOU,RT,41.116249084472656,2024-06,6,2024
2024-06-27,HB_HOU,RT,28.202499389648438,2024-06,6,2024
2024-06-28,HB_HOU,RT,36.73750305175781,2024-06,6,2024
2024-06-29,HB_HOU,RT,39.36125183105469,2024-06,6,2024
2024-06-30,HB_HOU,RT,19.416248321533203,2024-06,6,2024
2024-07-01,HB_HOU,RT,31.206249237060547,2024-07,7,2024
2024-07-02,HB_HOU,RT,29.016254425048828,2024-07,7,2024
2024-07-03,HB_HOU,RT,19.29125213623047,2024-07,7,2024
2024-07-04,HB_HOU,RT,47.806251525878906,2024-07,7,2024
2024-07-05,HB_HOU,RT,18.281248092651367,2024-07,7,2024
2024-07-06,HB_HOU,RT,12.697500228881836,2024-07,7,2024
2024-07-07,HB_HOU,RT,17.36374855041504,2024-07,7,2024
2024-07-08,HB_HOU,RT,27.737499237060547,2024-07,7,2024
2024-07-09,HB_HOU,RT,36.220001220703125,2024-07,7,2024
2024-07-10,HB_HOU,RT,24.92500114440918,2024-07,7,2024
2024-07-11,HB_HOU,RT,17.681249618530273,2024-07,7,2024
2024-07-12,HB_HOU,RT,14.920000076293945,2024-07,7,2024
2024-07-13,HB_HOU,RT,18.682498931884766,2024-07,7,2024
2024-07-14,HB_HOU,RT,58.65875244140625,2024-07,7,2024
2024-07-15,HB_HOU,RT,66.09375762939453,2024-07,7,2024
2024-07-16,HB_HOU,RT,52.1349983215332,2024-07,7,2024
2024-07-17,HB_HOU,RT,14.79749870300293,2024-07,7,2024
2024-07-18,HB_HOU,RT,66.60124969482422,2024-07,7,2024
2024-07-19,HB_HOU,RT,39.310001373291016,2024-07,7,2024
2024-07-20,HB_HOU,RT,17.49749755859375,2024-07,7,2024
2024-07-21,HB_HOU,RT,9.684999465942383,2024-07,7,2024
2024-07-22,HB_HOU,RT,25.31500244140625,2024-07,7,2024
2024-07-23,HB_HOU,RT,25.68124771118164,2024-07,7,2024
2024-07-24,HB_HOU,RT,183.85499572753906,2024-07,7,2024
2024-07-25,HB_HOU,RT,43.906246185302734,2024-07,7,2024
2024-07-26,HB_HOU,RT,10.0,2024-07,7,2024
2024-07-27,HB_HOU,RT,8.070001602172852,2024-07,7,2024
2024-07-28,HB_HOU,RT,37.397499084472656,2024-07,7,2024
2024-07-29,HB_HOU,RT,120.74125671386719,2024-07,7,2024
2024-07-30,HB_HOU,RT,20.60125160217285,2024-07,7,2024
2024-07-31,HB_HOU,RT,18.752498626708984,2024-07,7,2024
2024-08-01,HB_HOU,RT,21.208749771118164,2024-08,8,2024
2024-08-02,HB_HOU,RT,58.50625228881836,2024-08,8,2024
2024-08-03,HB_HOU,RT,31.395000457763672,2024-08,8,2024
2024-08-04,HB_HOU,RT,30.828750610351562,2024-08,8,2024
2024-08-05,HB_HOU,RT,57.371253967285156,2024-08,8,2024
2024-08-06,HB_HOU,RT,164.93251037597656,2024-08,8,2024
2024-08-07,HB_HOU,RT,304.4775085449219,2024-08,8,2024
2024-08-08,HB_HOU,RT,29.992504119873047,2024-08,8,2024
2024-08-09,HB_HOU,RT,29.57375144958496,2024-08,8,2024
2024-08-10,HB_HOU,RT,43.92375183105469,2024-08,8,2024
2024-08-11,HB_HOU,RT,51.75249481201172,2024-08,8,2024
2024-08-12,HB_HOU,RT,20.89000129699707,2024-08,8,2024
2024-08-13,HB_HOU,RT,22.89875030517578,2024-08,8,2024
2024-08-14,HB_HOU,RT,40.64875030517578,2024-08,8,2024
2024-08-15,HB_HOU,RT,67.583740234375,2024-08,8,2024
2024-08-16,HB_HOU,RT,54.863746643066406,2024-08,8,2024
2024-08-17,HB_HOU,RT,45.32250213623047,2024-08,8,2024
2024-08-18,HB_HOU,RT,115.6624984741211,2024-08,8,2024
2024-08-19,HB_HOU,RT,567.5574951171875,2024-08,8,2024
2024-08-20,HB_HOU,RT,2346.331298828125,2024-08,8,2024
2024-08-21,HB_HOU,RT,112.89999389648438,2024-08,8,2024
2024-08-22,HB_HOU,RT,41.317501068115234,2024-08,8,2024
2024-08-23,HB_HOU,RT,57.551246643066406,2024-08,8,2024
2024-08-24,HB_HOU,RT,11.537500381469727,2024-08,8,2024
2024-08-25,HB_HOU,RT,42.529998779296875,2024-08,8,2024
2024-08-26,HB_HOU,RT,18.132503509521484,2024-08,8,2024
2024-08-27,HB_HOU,RT,21.828750610351562,2024-08,8,2024
2024-08-28,HB_HOU,RT,13.869998931884766,2024-08,8,2024
2024-08-29,HB_HOU,RT,47.189998626708984,2024-08,8,2024
2024-08-30,HB_HOU,RT,37.01749801635742,2024-08,8,2024
2024-08-31,HB_HOU,RT,57.806251525878906,2024-08,8,2024
2024-09-01,HB_HOU,RT,17.02750015258789,2024-09,9,2024
2024-09-02,HB_HOU,RT,6.723749160766602,2024-09,9,2024
2024-09-03,HB_HOU,RT,7.602499008178711,2024-09,9,2024
2024-09-04,HB_HOU,RT,12.27750015258789,2024-09,9,2024
2024-09-05,HB_HOU,RT,9.825000762939453,2024-09,9,2024
2024-09-06,HB_HOU,RT,17.313749313354492,2024-09,9,2024
2024-09-07,HB_HOU,RT,40.9849967956543,2024-09,9,2024
2024-09-08,HB_HOU,RT,42.973751068115234,2024-09,9,2024
2024-09-09,HB_HOU,RT,56.67250061035156,2024-09,9,2024
2024-09-10,HB_HOU,RT,60.67499923706055,2024-09,9,2024
2024-09-11,HB_HOU,RT,15.649999618530273,2024-09,9,2024
2024-09-12,HB_HOU,RT,13.748750686645508,2024-09,9,2024
2024-09-13,HB_HOU,RT,37.55750274658203,2024-09,9,2024
2024-09-14,HB_HOU,RT,30.947498321533203,2024-09,9,2024
2024-09-15,HB_HOU,RT,108.14500427246094,2024-09,9,2024
2024-09-16,HB_HOU,RT,43.355003356933594,2024-09,9,2024
2024-09-17,HB_HOU,RT,10.738749504089355,2024-09,9,2024
2024-09-18,HB_HOU,RT,20.029998779296875,2024-09,9,2024
2024-09-19,HB_HOU,RT,18.13249969482422,2024-09,9,2024
2024-09-20,HB_HOU,RT,119.24749755859375,2024-09,9,2024
2024-09-21,HB_HOU,RT,10.383750915527344,2024-09,9,2024
2024-09-22,HB_HOU,RT,27.27375030517578,2024-09,9,2024
2024-09-23,HB_HOU,RT,98.60249328613281,2024-09,9,2024
2024-09-24,HB_HOU,RT,55.84375,2024-09,9,2024
2024-09-25,HB_HOU,RT,30.051250457763672,2024-09,9,2024
2024-09-26,HB_HOU,RT,36.215003967285156,2024-09,9,2024
2024-09-27,HB_HOU,RT,21.49625015258789,2024-09,9,2024
2024-09-28,HB_HOU,RT,33.78874969482422,2024-09,9,2024
2024-09-29,HB_HOU,RT,34.775001525878906,2024-09,9,2024
2024-09-30,HB_HOU,RT,72.5,2024-09,9,2024
2024-10-01,HB_HOU,RT,36.42500305175781,2024-10,10,2024
2024-10-02,HB_HOU,RT,35.4474983215332,2024-10,10,2024
2024-10-03,HB_HOU,RT,47.48500061035156,2024-10,10,2024
2024-10-04,HB_HOU,RT,24.341251373291016,2024-10,10,2024
2024-10-05,HB_HOU,RT,22.0625,2024-10,10,2024
2024-10-06,HB_HOU,RT,56.0412483215332,2024-10,10,2024
2024-10-07,HB_HOU,RT,73.83875274658203,2024-10,10,2024
2024-10-08,HB_HOU,RT,45.1974983215332,2024-10,10,2024
2024-10-09,HB_HOU,RT,65.51374816894531,2024-10,10,2024
2024-10-10,HB_HOU,RT,47.459999084472656,2024-10,10,2024
2024-10-11,HB_HOU,RT,31.37125015258789,2024-10,10,2024
2024-10-12,HB_HOU,RT,29.167499542236328,2024-10,10,2024
2024-10-13,HB_HOU,RT,64.45124816894531,2024-10,10,2024
2024-10-14,HB_HOU,RT,80.98249816894531,2024-10,10,2024
2024-10-15,HB_HOU,RT,118.36750793457031,2024-10,10,2024
2024-10-16,HB_HOU,RT,60.998748779296875,2024-10,10,2024
2024-10-17,HB_HOU,RT,20.862499237060547,2024-10,10,2024
2024-10-18,HB_HOU,RT,18.313751220703125,2024-10,10,2024
2024-10-19,HB_HOU,RT,24.842498779296875,2024-10,10,2024
2024-10-20,HB_HOU,RT,69.89500427246094,2024-10,10,2024
2024-10-21,HB_HOU,RT,14.608750343322754,2024-10,10,2024
2024-10-22,HB_HOU,RT,88.39249420166016,2024-10,10,2024
2024-10-23,HB_HOU,RT,115.58125305175781,2024-10,10,2024
2024-10-24,HB_HOU,RT,19.985000610351562,2024-10,10,2024
2024-10-25,HB_HOU,RT,77.94125366210938,2024-10,10,2024
2024-10-26,HB_HOU,RT,99.73249816894531,2024-10,10,2024
2024-10-27,HB_HOU,RT,43.782501220703125,2024-10,10,2024
2024-10-28,HB_HOU,RT,19.764999389648438,2024-10,10,2024
2024-10-29,HB_HOU,RT,18.18499755859375,2024-10,10,2024
2024-10-30,HB_HOU,RT,85.1187515258789,2024-10,10,2024
2024-10-31,HB_HOU,RT,42.33000183105469,2024-10,10,2024
2024-11-01,HB_HOU,RT,11.379997253417969,2024-11,11,2024
2024-11-02,HB_HOU,RT,12.512500762939453,2024-11,11,2024
2024-11-03,HB_HOU,RT,64.03125,2024-11,11,2024
2024-11-04,HB_HOU,RT,83.8237533569336,2024-11,11,2024
2024-11-05,HB_HOU,RT,94.10749816894531,2024-11,11,2024
2024-11-06,HB_HOU,RT,32.657501220703125,2024-11,11,2024
2024-11-07,HB_HOU,RT,156.40501403808594,2024-11,11,2024
2024-11-08,HB_HOU,RT,42.73875045776367,2024-11,11,2024
2024-11-09,HB_HOU,RT,49.162498474121094,2024-11,11,2024
2024-11-10,HB_HOU,RT,770.1375122070312,2024-11,11,2024
2024-11-11,HB_HOU,RT,89.45999908447266,2024-11,11,2024
2024-11-12,HB_HOU,RT,16.97624969482422,2024-11,11,2024
2024-11-13,HB_HOU,RT,47.05624771118164,2024-11,11,2024
2024-11-14,HB_HOU,RT,44.66875457763672,2024-11,11,2024
2024-11-15,HB_HOU,RT,27.001249313354492,2024-11,11,2024
2024-11-16,HB_HOU,RT,17.639999389648438,2024-11,11,2024
2024-11-17,HB_HOU,RT,1202.3238525390625,2024-11,11,2024
2024-11-18,HB_HOU,RT,16.578750610351562,2024-11,11,2024
2024-11-19,HB_HOU,RT,47.01874542236328,2024-11,11,2024
2024-11-20,HB_HOU,RT,52.32124710083008,2024-11,11,2024
2024-11-21,HB_HOU,RT,58.02875518798828,2024-11,11,2024
2024-11-22,HB_HOU,RT,18.759998321533203,2024-11,11,2024
2024-11-23,HB_HOU,RT,24.92249870300293,2024-11,11,2024
2024-11-24,HB_HOU,RT,21.576250076293945,2024-11,11,2024
2024-11-25,HB_HOU,RT,21.60875129699707,2024-11,11,2024
2024-11-26,HB_HOU,RT,24.372501373291016,2024-11,11,2024
2024-11-27,HB_HOU,RT,15.103750228881836,2024-11,11,2024
2024-11-28,HB_HOU,RT,9.411251068115234,2024-11,11,2024
2024-11-29,HB_HOU,RT,29.695003509521484,2024-11,11,2024
2024-11-30,HB_HOU,RT,63.496246337890625,2024-11,11,2024
2024-12-01,HB_HOU,RT,33.01750183105469,2024-12,12,2024
2024-12-02,HB_HOU,RT,59.44749450683594,2024-12,12,2024
2024-12-03,HB_HOU,RT,28.712501525878906,2024-12,12,2024
2024-12-04,HB_HOU,RT,62.2237548828125,2024-12,12,2024
2024-12-05,HB_HOU,RT,13.161251068115234,2024-12,12,2024
2024-12-06,HB_HOU,RT,18.544998168945312,2024-12,12,2024
2024-12-07,HB_HOU,RT,47.235008239746094,2024-12,12,2024
2024-12-08,HB_HOU,RT,37.35625076293945,2024-12,12,2024
2024-12-09,HB_HOU,RT,31.547500610351562,2024-12,12,2024
2024-12-10,HB_HOU,RT,28.617502212524414,2024-12,12,2024
2024-12-11,HB_HOU,RT,44.78125,2024-12,12,2024
2024-12-12,HB_HOU,RT,30.994998931884766,2024-12,12,2024
2024-12-13,HB_HOU,RT,15.213748931884766,2024-12,12,2024
2024-12-14,HB_HOU,RT,235.6750030517578,2024-12,12,2024
2024-12-15,HB_HOU,RT,15.485000610351562,2024-12,12,2024
2024-12-16,HB_HOU,RT,40.25124740600586,2024-12,12,2024
2024-12-17,HB_HOU,RT,20.291248321533203,2024-12,12,2024
2024-12-18,HB_HOU,RT,25.59375,2024-12,12,2024
2024-12-19,HB_HOU,RT,15.004999160766602,2024-12,12,2024
2024-12-20,HB_HOU,RT,27.03624725341797,2024-12,12,2024
2024-12-21,HB_HOU,RT,27.061248779296875,2024-12,12,2024
2024-12-22,HB_HOU,RT,25.07499885559082,2024-12,12,2024
2024-12-23,HB_HOU,RT,25.826248168945312,2024-12,12,2024
2024-12-24,HB_HOU,RT,8.34375,2024-12,12,2024
2024-12-25,HB_HOU,RT,18.94999885559082,2024-12,12,2024
2024-12-26,HB_HOU,RT,60.00749588012695,2024-12,12,2024
2024-12-27,HB_HOU,RT,36.997501373291016,2024-12,12,2024
2024-12-28,HB_HOU,RT,26.42125129699707,2024-12,12,2024
2024-12-29,HB_HOU,RT,27.05875015258789,2024-12,12,2024
2024-12-30,HB_HOU,RT,55.91374969482422,2024-12,12,2024
2024-12-31,HB_HOU,RT,43.554996490478516,2024-12,12,2024
2025-01-01,HB_HOU,RT,72.76250457763672,2025-01,1,2025
2025-01-02,HB_HOU,RT,24.067501068115234,2025-01,1,2025
2025-01-03,HB_HOU,RT,18.046245574951172,2025-01,1,2025
2025-01-04,HB_HOU,RT,36.63500213623047,2025-01,1,2025
2025-01-05,HB_HOU,RT,51.86499786376953,2025-01,1,2025
2025-01-06,HB_HOU,RT,27.33374786376953,2025-01,1,2025
2025-01-07,HB_HOU,RT,40.400001525878906,2025-01,1,2025
2025-01-08,HB_HOU,RT,23.74500274658203,2025-01,1,2025
2025-01-09,HB_HOU,RT,13.911251068115234,2025-01,1,2025
2025-01-10,HB_HOU,RT,23.2450008392334,2025-01,1,2025
2025-01-11,HB_HOU,RT,40.207496643066406,2025-01,1,2025
2025-01-12,HB_HOU,RT,31.053749084472656,2025-01,1,2025
2025-01-13,HB_HOU,RT,93.74374389648438,2025-01,1,2025
2025-01-14,HB_HOU,RT,43.69750213623047,2025-01,1,2025
2025-01-15,HB_HOU,RT,82.0362548828125,2025-01,1,2025
2025-01-16,HB_HOU,RT,66.93875122070312,2025-01,1,2025
2025-01-17,HB_HOU,RT,12.64000129699707,2025-01,1,2025
2025-01-18,HB_HOU,RT,29.3125,2025-01,1,2025
2025-01-19,HB_HOU,RT,76.54124450683594,2025-01,1,2025
2025-01-20,HB_HOU,RT,32.327491760253906,2025-01,1,2025
2025-01-21,HB_HOU,RT,74.17499542236328,2025-01,1,2025
2025-01-22,HB_HOU,RT,58.631248474121094,2025-01,1,2025
2025-01-23,HB_HOU,RT,138.65875244140625,2025-01,1,2025
2025-01-24,HB_HOU,RT,87.27750396728516,2025-01,1,2025
2025-01-25,HB_HOU,RT,38.438751220703125,2025-01,1,2025
2025-01-26,HB_HOU,RT,14.384998321533203,2025-01,1,2025
2025-01-27,HB_HOU,RT,34.118751525878906,2025-01,1,2025
2025-01-28,HB_HOU,RT,33.35375213623047,2025-01,1,2025
2025-01-29,HB_HOU,RT,24.691251754760742,2025-01,1,2025
2025-01-30,HB_HOU,RT,14.772499084472656,2025-01,1,2025
2025-01-31,HB_HOU,RT,42.87999725341797,2025-01,1,2025
2025-02-01,HB_HOU,RT,36.787498474121094,2025-02,2,2025
2025-02-02,HB_HOU,RT,26.88749885559082,2025-02,2,2025
2025-02-03,HB_HOU,RT,33.01874923706055,2025-02,2,2025
2025-02-04,HB_HOU,RT,83.69124603271484,2025-02,2,2025
2025-02-05,HB_HOU,RT,78.77875518798828,2025-02,2,2025
2025-02-06,HB_HOU,RT,22.026248931884766,2025-02,2,2025
2025-02-07,HB_HOU,RT,14.886249542236328,2025-02,2,2025
2025-02-08,HB_HOU,RT,19.716251373291016,2025-02,2,2025
2025-02-09,HB_HOU,RT,17.22249984741211,2025-02,2,2025
2025-02-10,HB_HOU,RT,13.998748779296875,2025-02,2,2025
2025-02-11,HB_HOU,RT,12.556251525878906,2025-02,2,2025
2025-02-12,HB_HOU,RT,40.82374954223633,2025-02,2,2025
2025-02-13,HB_HOU,RT,30.654998779296875,2025-02,2,2025
2025-02-14,HB_HOU,RT,3.0237503051757812,2025-02,2,2025
2025-02-15,HB_HOU,RT,34.70124816894531,2025-02,2,2025
2025-02-16,HB_HOU,RT,30.682497024536133,2025-02,2,2025
2025-02-17,HB_HOU,RT,27.01249885559082,2025-02,2,2025
2025-02-18,HB_HOU,RT,23.64750099182129,2025-02,2,2025
2025-02-19,HB_HOU,RT,257.36126708984375,2025-02,2,2025
2025-02-20,HB_HOU,RT,189.0225067138672,2025-02,2,2025
2025-02-21,HB_HOU,RT,73.70375061035156,2025-02,2,2025
2025-02-22,HB_HOU,RT,34.22500228881836,2025-02,2,2025
2025-02-23,HB_HOU,RT,35.428749084472656,2025-02,2,2025
2025-02-24,HB_HOU,RT,67.25374603271484,2025-02,2,2025
2025-02-25,HB_HOU,RT,28.908748626708984,2025-02,2,2025
2025-02-26,HB_HOU,RT,24.387500762939453,2025-02,2,2025
2025-02-27,HB_HOU,RT,76.57125854492188,2025-02,2,2025
2025-02-28,HB_HOU,RT,54.685001373291016,2025-02,2,2025
2025-03-01,HB_HOU,RT,116.80500793457031,2025-03,3,2025
2025-03-02,HB_HOU,RT,106.84375,2025-03,3,2025
2025-03-03,HB_HOU,RT,51.03874969482422,2025-03,3,2025
2025-03-04,HB_HOU,RT,37.61000061035156,2025-03,3,2025
2025-03-05,HB_HOU,RT,95.8237533569336,2025-03,3,2025
2025-03-06,HB_HOU,RT,63.084999084472656,2025-03,3,2025
2025-03-07,HB_HOU,RT,42.251251220703125,2025-03,3,2025
2025-03-08,HB_HOU,RT,27.154998779296875,2025-03,3,2025
2025-03-09,HB_HOU,RT,57.4787483215332,2025-03,3,2025
2025-03-10,HB_HOU,RT,84.65875244140625,2025-03,3,2025
2025-03-11,HB_HOU,RT,75.48124694824219,2025-03,3,2025
2025-03-12,HB_HOU,RT,34.09375,2025-03,3,2025
2025-03-13,HB_HOU,RT,108.37124633789062,2025-03,3,2025
2025-03-14,HB_HOU,RT,29.07874870300293,2025-03,3,2025
2025-03-15,HB_HOU,RT,111.84750366210938,2025-03,3,2025
2025-03-16,HB_HOU,RT,101.67375183105469,2025-03,3,2025
2025-03-17,HB_HOU,RT,45.377498626708984,2025-03,3,2025
2025-03-18,HB_HOU,RT,64.27499389648438,2025-03,3,2025
2025-03-19,HB_HOU,RT,91.4625015258789,2025-03,3,2025
2025-03-20,HB_HOU,RT,49.52000045776367,2025-03,3,2025
2025-03-21,HB_HOU,RT,55.85124969482422,2025-03,3,2025
2025-03-22,HB_HOU,RT,34.945003509521484,2025-03,3,2025
2025-03-23,HB_HOU,RT,23.454998016357422,2025-03,3,2025
2025-03-24,HB_HOU,RT,151.1374969482422,2025-03,3,2025
2025-03-25,HB_HOU,RT,88.8387451171875,2025-03,3,2025
2025-03-26,HB_HOU,RT,25.152496337890625,2025-03,3,2025
2025-03-27,HB_HOU,RT,23.094999313354492,2025-03,3,2025
2025-03-28,HB_HOU,RT,28.046249389648438,2025-03,3,2025
2025-03-29,HB_HOU,RT,75.11000061035156,2025-03,3,2025
2025-03-30,HB_HOU,RT,116.98750305175781,2025-03,3,2025
2025-03-31,HB_HOU,RT,78.27000427246094,2025-03,3,2025
2025-04-01,HB_HOU,RT,36.87624740600586,2025-04,4,2025
2025-04-02,HB_HOU,RT,146.70376586914062,2025-04,4,2025
2025-04-03,HB_HOU,RT,20.673749923706055,2025-04,4,2025
2025-04-04,HB_HOU,RT,30.188753128051758,2025-04,4,2025
2025-04-05,HB_HOU,RT,13.808748245239258,2025-04,4,2025
2025-04-06,HB_HOU,RT,166.4462432861328,2025-04,4,2025
2025-04-07,HB_HOU,RT,901.4775390625,2025-04,4,2025
2025-04-08,HB_HOU,RT,46.56500244140625,2025-04,4,2025
2025-04-09,HB_HOU,RT,78.10375213623047,2025-04,4,2025
2025-04-10,HB_HOU,RT,90.44874572753906,2025-04,4,2025
2025-04-11,HB_HOU,RT,42.0099983215332,2025-04,4,2025
2025-04-12,HB_HOU,RT,34.45125198364258,2025-04,4,2025
2025-04-13,HB_HOU,RT,43.76000213623047,2025-04,4,2025
2025-04-14,HB_HOU,RT,76.53250122070312,2025-04,4,2025
2025-04-15,HB_HOU,RT,58.39875030517578,2025-04,4,2025
2025-04-16,HB_HOU,RT,84.7300033569336,2025-04,4,2025
2025-04-17,HB_HOU,RT,40.769996643066406,2025-04,4,2025
2025-04-18,HB_HOU,RT,45.278751373291016,2025-04,4,2025
2025-04-19,HB_HOU,RT,15.654999732971191,2025-04,4,2025
2025-04-20,HB_HOU,RT,127.63249206542969,2025-04,4,2025
2025-04-21,HB_HOU,RT,63.10624313354492,2025-04,4,2025
2025-04-22,HB_HOU,RT,59.157501220703125,2025-04,4,2025
2025-04-23,HB_HOU,RT,25.561248779296875,2025-04,4,2025
2025-04-24,HB_HOU,RT,40.256248474121094,2025-04,4,2025
2025-04-25,HB_HOU,RT,40.73625183105469,2025-04,4,2025
2025-04-26,HB_HOU,RT,87.75374603271484,2025-04,4,2025
2025-04-27,HB_HOU,RT,32.3650016784668,2025-04,4,2025
2025-04-28,HB_HOU,RT,46.743751525878906,2025-04,4,2025
2025-04-29,HB_HOU,RT,44.256248474121094,2025-04,4,2025
2025-04-30,HB_HOU,RT,101.19999694824219,2025-04,4,2025
2025-05-01,HB_HOU,RT,213.68499755859375,2025-05,5,2025
2025-05-02,HB_HOU,RT,29.224998474121094,2025-05,5,2025
2025-05-03,HB_HOU,RT,56.761253356933594,2025-05,5,2025
2025-05-04,HB_HOU,RT,40.25124740600586,2025-05,5,2025
2025-05-05,HB_HOU,RT,14.443750381469727,2025-05,5,2025
2025-05-06,HB_HOU,RT,114.41874694824219,2025-05,5,2025
2025-05-07,HB_HOU,RT,64.02749633789062,2025-05,5,2025
2025-05-08,HB_HOU,RT,295.3862609863281,2025-05,5,2025
2025-05-09,HB_HOU,RT,73.88250732421875,2025-05,5,2025
2025-05-10,HB_HOU,RT,33.5625,2025-05,5,2025
2025-05-11,HB_HOU,RT,99.25125122070312,2025-05,5,2025
2025-05-12,HB_HOU,RT,48.407501220703125,2025-05,5,2025
2025-05-13,HB_HOU,RT,49.78125,2025-05,5,2025
2025-05-14,HB_HOU,RT,35.19624710083008,2025-05,5,2025
2025-05-15,HB_HOU,RT,99.91000366210938,2025-05,5,2025
2025-05-16,HB_HOU,RT,925.6199951171875,2025-05,5,2025
2025-05-17,HB_HOU,RT,70.99874114990234,2025-05,5,2025
2025-05-18,HB_HOU,RT,16.68625259399414,2025-05,5,2025
2025-05-19,HB_HOU,RT,42.003753662109375,2025-05,5,2025
2025-05-20,HB_HOU,RT,147.38499450683594,2025-05,5,2025
2025-05-21,HB_HOU,RT,63.584999084472656,2025-05,5,2025
2025-05-22,HB_HOU,RT,73.49750518798828,2025-05,5,2025
2025-05-23,HB_HOU,RT,122.1399917602539,2025-05,5,2025
2025-05-24,HB_HOU,RT,32.49749755859375,2025-05,5,2025
2025-05-25,HB_HOU,RT,38.0,2025-05,5,2025
2025-05-26,HB_HOU,RT,55.035003662109375,2025-05,5,2025
2025-05-27,HB_HOU,RT,124.52125549316406,2025-05,5,2025
2025-05-28,HB_HOU,RT,26.34000015258789,2025-05,5,2025
2025-05-29,HB_HOU,RT,35.55500030517578,2025-05,5,2025
2025-05-30,HB_HOU,RT,225.81875610351562,2025-05,5,2025
2025-05-31,HB_HOU,RT,79.32499694824219,2025-05,5,2025
2025-06-01,HB_HOU,RT,46.366249084472656,2025-06,6,2025
2025-06-02,HB_HOU,RT,25.345001220703125,2025-06,6,2025
2025-06-03,HB_HOU,RT,84.4537582397461,2025-06,6,2025
2025-06-04,HB_HOU,RT,29.196247100830078,2025-06,6,2025
2025-06-05,HB_HOU,RT,349.63128662109375,2025-06,6,2025
2025-06-06,HB_HOU,RT,51.46375274658203,2025-06,6,2025
2025-06-07,HB_HOU,RT,67.6812515258789,2025-06,6,2025
2025-06-08,HB_HOU,RT,24.4375,2025-06,6,2025
2025-06-09,HB_HOU,RT,96.83500671386719,2025-06,6,2025
2025-06-10,HB_HOU,RT,32.57624816894531,2025-06,6,2025
2025-06-11,HB_HOU,RT,72.96124267578125,2025-06,6,2025
2025-06-12,HB_HOU,RT,27.072498321533203,2025-06,6,2025
2025-06-13,HB_HOU,RT,50.58250045776367,2025-06,6,2025
2025-06-14,HB_HOU,RT,25.4787540435791,2025-06,6,2025
2025-06-15,HB_HOU,RT,39.33250045776367,2025-06,6,2025
2025-06-16,HB_HOU,RT,86.56499481201172,2025-06,6,2025
2025-06-17,HB_HOU,RT,47.840003967285156,2025-06,6,2025
2025-06-18,HB_HOU,RT,41.19124984741211,2025-06,6,2025
2025-06-19,HB_HOU,RT,90.6199951171875,2025-06,6,2025
2025-06-20,HB_HOU,RT,86.82499694824219,2025-06,6,2025
2025-06-21,HB_HOU,RT,28.328752517700195,2025-06,6,2025
2025-06-22,HB_HOU,RT,32.272499084472656,2025-06,6,2025
2025-06-23,HB_HOU,RT,30.207500457763672,2025-06,6,2025
2025-06-24,HB_HOU,RT,28.646251678466797,2025-06,6,2025
2025-06-25,HB_HOU,RT,18.721248626708984,2025-06,6,2025
2025-06-26,HB_HOU,RT,36.1099967956543,2025-06,6,2025
2025-06-27,HB_HOU,RT,93.85749816894531,2025-06,6,2025
2025-06-28,HB_HOU,RT,48.595001220703125,2025-06,6,2025
2025-06-29,HB_HOU,RT,18.64000129699707,2025-06,6,2025
2025-06-30,HB_HOU,RT,33.622501373291016,2025-06,6,2025
2025-07-01,HB_HOU,RT,150.74374389648438,2025-07,7,2025
2025-07-02,HB_HOU,RT,57.05500030517578,2025-07,7,2025
2025-07-03,HB_HOU,RT,13.63125228881836,2025-07,7,2025
2025-07-04,HB_HOU,RT,8.133749008178711,2025-07,7,2025
2025-07-05,HB_HOU,RT,20.287500381469727,2025-07,7,2025
2025-07-06,HB_HOU,RT,49.32749938964844,2025-07,7,2025
2025-07-07,HB_HOU,RT,42.383750915527344,2025-07,7,2025
2025-07-08,HB_HOU,RT,86.49624633789062,2025-07,7,2025
2025-07-09,HB_HOU,RT,59.55499267578125,2025-07,7,2025
2025-07-10,HB_HOU,RT,47.82374954223633,2025-07,7,2025
2025-07-11,HB_HOU,RT,283.57000732421875,2025-07,7,2025
2025-07-12,HB_HOU,RT,143.46124267578125,2025-07,7,2025
2025-07-13,HB_HOU,RT,61.183753967285156,2025-07,7,2025
2025-07-14,HB_HOU,RT,34.1462516784668,2025-07,7,2025
2025-07-15,HB_HOU,RT,23.6875,2025-07,7,2025
2025-07-16,HB_HOU,RT,29.23874855041504,2025-07,7,2025
2025-07-17,HB_HOU,RT,31.8125,2025-07,7,2025
2025-07-18,HB_HOU,RT,22.242502212524414,2025-07,7,2025
2025-07-19,HB_HOU,RT,24.44875144958496,2025-07,7,2025
2025-07-20,HB_HOU,RT,22.251249313354492,2025-07,7,2025
2025-07-21,HB_HOU,RT,34.85124969482422,2025-07,7,2025
2025-07-22,HB_HOU,RT,28.58374786376953,2025-07,7,2025
2025-07-23,HB_HOU,RT,22.002498626708984,2025-07,7,2025
2025-07-24,HB_HOU,RT,34.292503356933594,2025-07,7,2025
2025-07-25,HB_HOU,RT,47.182498931884766,2025-07,7,2025
2025-07-26,HB_HOU,RT,26.50750160217285,2025-07,7,2025
2025-07-27,HB_HOU,RT,36.2712516784668,2025-07,7,2025
2025-07-28,HB_HOU,RT,61.03624725341797,2025-07,7,2025
2025-07-29,HB_HOU,RT,85.26249694824219,2025-07,7,2025
2025-07-30,HB_HOU,RT,204.5574951171875,2025-07,7,2025
2025-07-31,HB_HOU,RT,88.94999694824219,2025-07,7,2025
2025-08-01,HB_HOU,RT,92.1762466430664,2025-08,8,2025
2025-08-02,HB_HOU,RT,17.987499237060547,2025-08,8,2025
2025-08-03,HB_HOU,RT,63.92499923706055,2025-08,8,2025
2025-08-04,HB_HOU,RT,14.814998626708984,2025-08,8,2025
2025-08-05,HB_HOU,RT,23.229999542236328,2025-08,8,2025
2025-08-06,HB_HOU,RT,62.96875,2025-08,8,2025
2025-08-07,HB_HOU,RT,62.693748474121094,2025-08,8,2025
2025-08-08,HB_HOU,RT,36.37125015258789,2025-08,8,2025
2025-08-09,HB_HOU,RT,19.680004119873047,2025-08,8,2025
2025-08-10,HB_HOU,RT,38.2912483215332,2025-08,8,2025
2025-08-11,HB_HOU,RT,69.48500061035156,2025-08,8,2025
2025-08-12,HB_HOU,RT,67.74375915527344,2025-08,8,2025
2025-08-13,HB_HOU,RT,38.87375259399414,2025-08,8,2025
2025-08-14,HB_HOU,RT,59.556243896484375,2025-08,8,2025
2025-08-15,HB_HOU,RT,37.33625030517578,2025-08,8,2025
2025-08-16,HB_HOU,RT,50.165000915527344,2025-08,8,2025
2025-08-17,HB_HOU,RT,64.1887435913086,2025-08,8,2025
2025-08-18,HB_HOU,RT,111.87750244140625,2025-08,8,2025
2025-08-19,HB_HOU,RT,68.14500427246094,2025-08,8,2025
2025-08-20,HB_HOU,RT,150.02125549316406,2025-08,8,2025
2025-08-21,HB_HOU,RT,45.191253662109375,2025-08,8,2025
2025-08-22,HB_HOU,RT,52.58500289916992,2025-08,8,2025
2025-08-23,HB_HOU,RT,83.96624755859375,2025-08,8,2025
2025-08-24,HB_HOU,RT,96.16123962402344,2025-08,8,2025
2025-08-25,HB_HOU,RT,41.056251525878906,2025-08,8,2025
2025-08-26,HB_HOU,RT,40.5525016784668,2025-08,8,2025
2025-08-27,HB_HOU,RT,43.5162467956543,2025-08,8,2025
2025-08-28,HB_HOU,RT,55.2237548828125,2025-08,8,2025
2025-08-29,HB_HOU,RT,20.654998779296875,2025-08,8,2025
2025-08-30,HB_HOU,RT,15.049999237060547,2025-08,8,2025
2025-08-31,HB_HOU,RT,15.931251525878906,2025-08,8,2025
2025-09-01,HB_HOU,RT,44.13999938964844,2025-09,9,2025
2025-09-02,HB_HOU,RT,67.72624969482422,2025-09,9,2025
2025-09-03,HB_HOU,RT,85.02750396728516,2025-09,9,2025
2025-09-04,HB_HOU,RT,91.50375366210938,2025-09,9,2025
2025-09-05,HB_HOU,RT,40.76874923706055,2025-09,9,2025
2025-09-06,HB_HOU,RT,27.922502517700195,2025-09,9,2025
2025-09-07,HB_HOU,RT,25.152502059936523,2025-09,9,2025
2025-09-08,HB_HOU,RT,29.111249923706055,2025-09,9,2025
2025-09-09,HB_HOU,RT,50.43625259399414,2025-09,9,2025
2025-09-10,HB_HOU,RT,69.96749877929688,2025-09,9,2025
2025-09-11,HB_HOU,RT,48.93874740600586,2025-09,9,2025
2025-09-12,HB_HOU,RT,44.130001068115234,2025-09,9,2025
2025-09-13,HB_HOU,RT,70.74999237060547,2025-09,9,2025
2025-09-14,HB_HOU,RT,27.576251983642578,2025-09,9,2025
2025-09-15,HB_HOU,RT,40.939998626708984,2025-09,9,2025
2025-09-16,HB_HOU,RT,54.51625061035156,2025-09,9,2025
2025-09-17,HB_HOU,RT,226.68499755859375,2025-09,9,2025
2025-09-18,HB_HOU,RT,63.681251525878906,2025-09,9,2025
2025-09-19,HB_HOU,RT,40.61249542236328,2025-09,9,2025
2025-09-20,HB_HOU,RT,17.331247329711914,2025-09,9,2025
2025-09-21,HB_HOU,RT,40.6087532043457,2025-09,9,2025
2025-09-22,HB_HOU,RT,35.398746490478516,2025-09,9,2025
2025-09-23,HB_HOU,RT,92.5574951171875,2025-09,9,2025
2025-09-24,HB_HOU,RT,44.23500061035156,2025-09,9,2025
2025-09-25,HB_HOU,RT,94.54875183105469,2025-09,9,2025
2025-09-26,HB_HOU,RT,57.91250228881836,2025-09,9,2025
2025-09-27,HB_HOU,RT,41.72374725341797,2025-09,9,2025
2025-09-28,HB_HOU,RT,42.79125213623047,2025-09,9,2025
2025-09-29,HB_HOU,RT,59.790000915527344,2025-09,9,2025
2025-09-30,HB_HOU,RT,46.11750030517578,2025-09,9,2025
2025-10-01,HB_HOU,RT,53.3799934387207,2025-10,10,2025
2025-10-02,HB_HOU,RT,52.01750564575195,2025-10,10,2025
2025-10-03,HB_HOU,RT,26.10249900817871,2025-10,10,2025
2025-10-04,HB_HOU,RT,26.486249923706055,2025-10,10,2025
2025-10-05,HB_HOU,RT,40.42124938964844,2025-10,10,2025
2025-10-06,HB_HOU,RT,58.63374710083008,2025-10,10,2025
2025-10-07,HB_HOU,RT,50.348751068115234,2025-10,10,2025
2025-10-08,HB_HOU,RT,81.29000091552734,2025-10,10,2025
2025-10-09,HB_HOU,RT,61.21624755859375,2025-10,10,2025
2025-10-10,HB_HOU,RT,115.26749420166016,2025-10,10,2025
2025-10-11,HB_HOU,RT,88.45249938964844,2025-10,10,2025
2025-10-12,HB_HOU,RT,146.9925079345703,2025-10,10,2025
2025-10-13,HB_HOU,RT,45.943748474121094,2025-10,10,2025
2025-10-14,HB_HOU,RT,83.36750030517578,2025-10,10,2025
2025-10-15,HB_HOU,RT,46.11499786376953,2025-10,10,2025
2025-10-16,HB_HOU,RT,15.442500114440918,2025-10,10,2025
2025-10-17,HB_HOU,RT,72.92875671386719,2025-10,10,2025
2025-10-18,HB_HOU,RT,19.80875015258789,2025-10,10,2025
2025-10-19,HB_HOU,RT,28.646249771118164,2025-10,10,2025
2025-10-20,HB_HOU,RT,68.70624542236328,2025-10,10,2025
2025-10-21,HB_HOU,RT,199.57998657226562,2025-10,10,2025
2025-10-22,HB_HOU,RT,85.73624420166016,2025-10,10,2025
2025-10-23,HB_HOU,RT,40.116249084472656,2025-10,10,2025
2025-10-24,HB_HOU,RT,52.53750228881836,2025-10,10,2025
2025-10-25,HB_HOU,RT,59.57999801635742,2025-10,10,2025
2025-10-26,HB_HOU,RT,88.89875793457031,2025-10,10,2025
2025-10-27,HB_HOU,RT,122.45875549316406,2025-10,10,2025
2025-10-28,HB_HOU,RT,23.116249084472656,2025-10,10,2025
2025-10-29,HB_HOU,RT,50.97875213623047,2025-10,10,2025
2025-10-30,HB_HOU,RT,66.80999755859375,2025-10,10,2025
2025-10-31,HB_HOU,RT,64.91999816894531,2025-10,10,2025
2025-11-01,HB_HOU,RT,86.7762451171875,2025-11,11,2025
2025-11-02,HB_HOU,RT,62.52000045776367,2025-11,11,2025
2025-11-03,HB_HOU,RT,38.9375,2025-11,11,2025
2025-11-04,HB_HOU,RT,31.625,2025-11,11,2025
2025-11-05,HB_HOU,RT,88.76374816894531,2025-11,11,2025
2025-11-06,HB_HOU,RT,36.39375305175781,2025-11,11,2025
2025-11-07,HB_HOU,RT,190.30624389648438,2025-11,11,2025
2025-11-08,HB_HOU,RT,35.29375457763672,2025-11,11,2025
2025-11-09,HB_HOU,RT,61.818748474121094,2025-11,11,2025
2025-11-10,HB_HOU,RT,49.01250076293945,2025-11,11,2025
2025-11-11,HB_HOU,RT,33.07500076293945,2025-11,11,2025
2025-11-12,HB_HOU,RT,53.34999465942383,2025-11,11,2025
2025-11-13,HB_HOU,RT,48.23249816894531,2025-11,11,2025
2025-11-14,HB_HOU,RT,32.26249694824219,2025-11,11,2025
2025-11-15,HB_HOU,RT,36.79499816894531,2025-11,11,2025
2025-11-16,HB_HOU,RT,67.98124694824219,2025-11,11,2025
2025-11-17,HB_HOU,RT,35.29875183105469,2025-11,11,2025
2025-11-18,HB_HOU,RT,103.14250183105469,2025-11,11,2025
2025-11-19,HB_HOU,RT,69.50125122070312,2025-11,11,2025
2025-11-20,HB_HOU,RT,28.986248016357422,2025-11,11,2025
2025-11-21,HB_HOU,RT,59.80374526977539,2025-11,11,2025
2025-11-22,HB_HOU,RT,57.84375,2025-11,11,2025
2025-11-23,HB_HOU,RT,33.80750274658203,2025-11,11,2025
2025-11-24,HB_HOU,RT,87.04624938964844,2025-11,11,2025
2025-11-25,HB_HOU,RT,119.51250457763672,2025-11,11,2025
2025-11-26,HB_HOU,RT,34.58875274658203,2025-11,11,2025
2025-11-27,HB_HOU,RT,17.193748474121094,2025-11,11,2025
2025-11-28,HB_HOU,RT,31.740001678466797,2025-11,11,2025
2025-11-29,HB_HOU,RT,17.79875373840332,2025-11,11,2025
2025-11-30,HB_HOU,RT,28.93375015258789,2025-11,11,2025
2025-12-01,HB_HOU,RT,29.886245727539062,2025-12,12,2025
2025-12-02,HB_HOU,RT,57.2025032043457,2025-12,12,2025
2025-12-03,HB_HOU,RT,36.941253662109375,2025-12,12,2025
2025-12-04,HB_HOU,RT,63.01000213623047,2025-12,12,2025
2025-12-05,HB_HOU,RT,33.26124572753906,2025-12,12,2025
2025-12-06,HB_HOU,RT,55.48249816894531,2025-12,12,2025
2025-12-07,HB_HOU,RT,61.39875030517578,2025-12,12,2025
2025-12-08,HB_HOU,RT,89.89624786376953,2025-12,12,2025
2025-12-09,HB_HOU,RT,31.167499542236328,2025-12,12,2025
2025-12-10,HB_HOU,RT,66.56499481201172,2025-12,12,2025
2025-12-11,HB_HOU,RT,25.482501983642578,2025-12,12,2025
2025-12-12,HB_HOU,RT,30.471250534057617,2025-12,12,2025
2025-12-13,HB_HOU,RT,19.64750099182129,2025-12,12,2025
2025-12-14,HB_HOU,RT,79.41375732421875,2025-12,12,2025
2025-12-15,HB_HOU,RT,82.30999755859375,2025-12,12,2025
2025-12-16,HB_HOU,RT,23.91375160217285,2025-12,12,2025
2025-12-17,HB_HOU,RT,18.313753128051758,2025-12,12,2025
2025-12-18,HB_HOU,RT,43.4224967956543,2025-12,12,2025
2025-12-19,HB_HOU,RT,42.52375030517578,2025-12,12,2025
2025-12-20,HB_HOU,RT,25.655000686645508,2025-12,12,2025
2025-12-21,HB_HOU,RT,19.346254348754883,2025-12,12,2025
2025-12-22,HB_HOU,RT,20.863750457763672,2025-12,12,2025
2025-12-23,HB_HOU,RT,75.65374755859375,2025-12,12,2025
2025-12-24,HB_HOU,RT,26.261249542236328,2025-12,12,2025
2025-12-25,HB_HOU,RT,10.566251754760742,2025-12,12,2025
2025-12-26,HB_HOU,RT,20.333751678466797,2025-12,12,2025
2025-12-27,HB_HOU,RT,18.798749923706055,2025-12,12,2025
2025-12-28,HB_HOU,RT,16.371252059936523,2025-12,12,2025
2025-12-29,HB_HOU,RT,64.11750030517578,2025-12,12,2025
2025-12-30,HB_HOU,RT,24.93625259399414,2025-12,12,2025
2025-12-31,HB_HOU,RT,32.151248931884766,2025-12,12,2025
2026-01-01,HB_HOU,RT,10.728750228881836,2026-01,1,2026
2026-01-02,HB_HOU,RT,24.806249618530273,2026-01,1,2026
2026-01-03,HB_HOU,RT,35.312496185302734,2026-01,1,2026
2026-01-04,HB_HOU,RT,31.23874855041504,2026-01,1,2026
2026-01-05,HB_HOU,RT,24.462499618530273,2026-01,1,2026
2026-01-06,HB_HOU,RT,35.48374938964844,2026-01,1,2026
2026-01-07,HB_HOU,RT,20.602500915527344,2026-01,1,2026
2026-01-08,HB_HOU,RT,36.9375,2026-01,1,2026
2026-01-09,HB_HOU,RT,34.89125061035156,2026-01,1,2026
2026-01-10,HB_HOU,RT,39.911251068115234,2026-01,1,2026
2026-01-11,HB_HOU,RT,27.867502212524414,2026-01,1,2026
2026-01-12,HB_HOU,RT,22.14375114440918,2026-01,1,2026
2026-01-13,HB_HOU,RT,11.917498588562012,2026-01,1,2026
2026-01-14,HB_HOU,RT,36.717498779296875,2026-01,1,2026
2026-01-15,HB_HOU,RT,39.31999969482422,2026-01,1,2026
2026-01-16,HB_HOU,RT,35.19499969482422,2026-01,1,2026
2026-01-17,HB_HOU,RT,60.966251373291016,2026-01,1,2026
2026-01-18,HB_HOU,RT,43.8337516784668,2026-01,1,2026
2026-01-19,HB_HOU,RT,45.98999786376953,2026-01,1,2026
2026-01-20,HB_HOU,RT,105.21499633789062,2026-01,1,2026
2026-01-21,HB_HOU,RT,30.088747024536133,2026-01,1,2026
2026-01-22,HB_HOU,RT,27.042499542236328,2026-01,1,2026
2026-01-23,HB_HOU,RT,41.286251068115234,2026-01,1,2026
2026-01-24,HB_HOU,RT,171.06375122070312,2026-01,1,2026
2026-01-25,HB_HOU,RT,226.66001892089844,2026-01,1,2026
2026-01-26,HB_HOU,RT,227.7449951171875,2026-01,1,2026
2026-01-27,HB_HOU,RT,183.33749389648438,2026-01,1,2026
2026-01-28,HB_HOU,RT,609.3150024414062,2026-01,1,2026
2026-01-29,HB_HOU,RT,54.62249755859375,2026-01,1,2026
2026-01-30,HB_HOU,RT,64.27750396728516,2026-01,1,2026
2026-01-31,HB_HOU,RT,78.29374694824219,2026-01,1,2026
2026-02-01,HB_HOU,RT,205.1374969482422,2026-02,2,2026
2026-02-02,HB_HOU,RT,47.59000015258789,2026-02,2,2026
2026-02-03,HB_HOU,RT,43.07500076293945,2026-02,2,2026
2026-02-04,HB_HOU,RT,55.09375,2026-02,2,2026
2026-02-05,HB_HOU,RT,48.35000228881836,2026-02,2,2026
2026-02-06,HB_HOU,RT,40.907501220703125,2026-02,2,2026
2026-02-07,HB_HOU,RT,33.56125259399414,2026-02,2,2026
2026-02-08,HB_HOU,RT,66.45999908447266,2026-02,2,2026
2026-02-09,HB_HOU,RT,41.04624938964844,2026-02,2,2026
2026-02-10,HB_HOU,RT,12.825000762939453,2026-02,2,2026
2026-02-11,HB_HOU,RT,20.81624984741211,2026-02,2,2026
2026-02-12,HB_HOU,RT,32.98124694824219,2026-02,2,2026
2026-02-13,HB_HOU,RT,25.04625129699707,2026-02,2,2026
2026-02-14,HB_HOU,RT,12.131250381469727,2026-02,2,2026
2026-02-15,HB_HOU,RT,39.26124954223633,2026-02,2,2026
2026-02-16,HB_HOU,RT,28.62874984741211,2026-02,2,2026
2026-02-17,HB_HOU,RT,13.503748893737793,2026-02,2,2026
2026-02-18,HB_HOU,RT,21.97625160217285,2026-02,2,2026
2026-02-19,HB_HOU,RT,49.31999969482422,2026-02,2,2026
2026-02-20,HB_HOU,RT,38.182498931884766,2026-02,2,2026
2026-02-21,HB_HOU,RT,21.01249885559082,2026-02,2,2026
2026-02-22,HB_HOU,RT,42.397499084472656,2026-02,2,2026
2026-02-23,HB_HOU,RT,27.217498779296875,2026-02,2,2026
2026-02-24,HB_HOU,RT,69.68875122070312,2026-02,2,2026
2026-02-25,HB_HOU,RT,87.03375244140625,2026-02,2,2026
2026-02-26,HB_HOU,RT,36.496253967285156,2026-02,2,2026
2026-02-27,HB_HOU,RT,27.194997787475586,2026-02,2,2026
2026-02-28,HB_HOU,RT,26.231250762939453,2026-02,2,2026
2026-03-01,HB_HOU,RT,38.713748931884766,2026-03,3,2026
2026-03-02,HB_HOU,RT,22.84499740600586,2026-03,3,2026
2026-03-03,HB_HOU,RT,40.6875,2026-03,3,2026
2026-03-04,HB_HOU,RT,36.436248779296875,2026-03,3,2026
2026-03-05,HB_HOU,RT,18.302499771118164,2026-03,3,2026
2026-03-06,HB_HOU,RT,18.416248321533203,2026-03,3,2026
2026-03-07,HB_HOU,RT,67.79374694824219,2026-03,3,2026
2026-03-08,HB_HOU,RT,36.51250076293945,2026-03,3,2026
2026-03-09,HB_HOU,RT,36.066253662109375,2026-03,3,2026
2026-03-10,HB_HOU,RT,23.58625030517578,2026-03,3,2026
2026-03-11,HB_HOU,RT,13.947500228881836,2026-03,3,2026
2026-03-12,HB_HOU,RT,24.838748931884766,2026-03,3,2026
2026-03-13,HB_HOU,RT,62.3650016784668,2026-03,3,2026
2026-03-14,HB_HOU,RT,58.66999816894531,2026-03,3,2026
2026-03-15,HB_HOU,RT,31.968746185302734,2026-03,3,2026
2026-03-16,HB_HOU,RT,124.3324966430664,2026-03,3,2026
2026-03-17,HB_HOU,RT,43.98625183105469,2026-03,3,2026
2026-03-18,HB_HOU,RT,41.90875244140625,2026-03,3,2026
2026-03-19,HB_HOU,RT,36.41875076293945,2026-03,3,2026
2026-03-20,HB_HOU,RT,31.478750228881836,2026-03,3,2026
2026-03-21,HB_HOU,RT,26.606250762939453,2026-03,3,2026
2026-03-22,HB_HOU,RT,70.28375244140625,2026-03,3,2026
2026-03-23,HB_HOU,RT,591.8574829101562,2026-03,3,2026
2026-03-24,HB_HOU,RT,94.72750854492188,2026-03,3,2026
2026-03-25,HB_HOU,RT,41.598751068115234,2026-03,3,2026
2026-03-26,HB_HOU,RT,28.909997940063477,2026-03,3,2026
2026-03-27,HB_HOU,RT,32.57999801635742,2026-03,3,2026
2026-03-28,HB_HOU,RT,22.48750114440918,2026-03,3,2026
2026-03-29,HB_HOU,RT,35.25124740600586,2026-03,3,2026
2026-03-30,HB_HOU,RT,56.90375518798828,2026-03,3,2026
2026-03-31,HB_HOU,RT,22.27625274658203,2026-03,3,2026
2026-04-01,HB_HOU,RT,50.7400016784668,2026-04,4,2026
2026-04-02,HB_HOU,RT,30.03375244140625,2026-04,4,2026
2026-04-03,HB_HOU,RT,31.228750228881836,2026-04,4,2026
2026-04-04,HB_HOU,RT,29.048748016357422,2026-04,4,2026
2026-04-05,HB_HOU,RT,46.75625228881836,2026-04,4,2026
2026-04-06,HB_HOU,RT,62.27000045776367,2026-04,4,2026
2026-04-07,HB_HOU,RT,43.18250274658203,2026-04,4,2026
2026-04-08,HB_HOU,RT,83.82499694824219,2026-04,4,2026
2026-04-09,HB_HOU,RT,128.05999755859375,2026-04,4,2026
2026-04-10,HB_HOU,RT,39.98124694824219,2026-04,4,2026
2026-04-11,HB_HOU,RT,66.46375274658203,2026-04,4,2026
2026-04-12,HB_HOU,RT,140.978759765625,2026-04,4,2026
2026-04-13,HB_HOU,RT,108.21125030517578,2026-04,4,2026
2026-04-14,HB_HOU,RT,87.93499755859375,2026-04,4,2026
2026-04-15,HB_HOU,RT,73.54875183105469,2026-04,4,2026
2026-04-16,HB_HOU,RT,29.441251754760742,2026-04,4,2026
2026-04-17,HB_HOU,RT,37.866249084472656,2026-04,4,2026
2026-04-18,HB_HOU,RT,85.73625946044922,2026-04,4,2026
2026-04-19,HB_HOU,RT,49.61750030517578,2026-04,4,2026
2026-04-20,HB_HOU,RT,81.14874267578125,2026-04,4,2026
2026-04-21,HB_HOU,RT,32.60749816894531,2026-04,4,2026
2026-04-22,HB_HOU,RT,49.05750274658203,2026-04,4,2026
2026-04-23,HB_HOU,RT,32.584999084472656,2026-04,4,2026
2026-04-24,HB_HOU,RT,564.7062377929688,2026-04,4,2026
2026-04-25,HB_HOU,RT,58.60624694824219,2026-04,4,2026
2026-04-26,HB_HOU,RT,13.116252899169922,2026-04,4,2026
2026-04-27,HB_HOU,RT,541.8438110351562,2026-04,4,2026
2026-04-28,HB_HOU,RT,72.68624877929688,2026-04,4,2026
2026-04-29,HB_HOU,RT,39.48500442504883,2026-04,4,2026
2026-04-30,HB_HOU,RT,26.221248626708984,2026-04,4,2026
2026-05-01,HB_HOU,RT,32.650001525878906,2026-05,5,2026
2026-05-02,HB_HOU,RT,57.532501220703125,2026-05,5,2026
2026-05-03,HB_HOU,RT,31.033750534057617,2026-05,5,2026
2026-05-04,HB_HOU,RT,35.0525016784668,2026-05,5,2026
2026-05-05,HB_HOU,RT,29.633747100830078,2026-05,5,2026
2026-05-06,HB_HOU,RT,26.18375015258789,2026-05,5,2026
2026-05-07,HB_HOU,RT,26.66374969482422,2026-05,5,2026
2026-05-08,HB_HOU,RT,25.59625244140625,2026-05,5,2026
2026-05-09,HB_HOU,RT,26.19875144958496,2026-05,5,2026
2026-05-10,HB_HOU,RT,30.198749542236328,2026-05,5,2026
2026-05-11,HB_HOU,RT,46.131248474121094,2026-05,5,2026
2026-05-12,HB_HOU,RT,62.62874984741211,2026-05,5,2026
2026-05-13,HB_HOU,RT,50.217498779296875,2026-05,5,2026
2026-05-14,HB_HOU,RT,42.08250045776367,2026-05,5,2026
2026-05-15,HB_HOU,RT,30.651247024536133,2026-05,5,2026
2026-05-16,HB_HOU,RT,21.14624786376953,2026-05,5,2026
2026-05-17,HB_HOU,RT,22.857501983642578,2026-05,5,2026
2026-05-18,HB_HOU,RT,44.24749755859375,2026-05,5,2026
2026-05-19,HB_HOU,RT,44.846248626708984,2026-05,5,2026
2026-05-20,HB_HOU,RT,30.742496490478516,2026-05,5,2026
2026-05-21,HB_HOU,RT,30.874996185302734,2026-05,5,2026
2026-05-22,HB_HOU,RT,23.813749313354492,2026-05,5,2026
2026-05-23,HB_HOU,RT,17.258750915527344,2026-05,5,2026
2026-05-24,HB_HOU,RT,25.49500274658203,2026-05,5,2026
2026-05-25,HB_HOU,RT,27.533748626708984,2026-05,5,2026
2026-05-26,HB_HOU,RT,128.00999450683594,2026-05,5,2026
2026-05-27,HB_HOU,RT,46.92124938964844,2026-05,5,2026
2026-05-28,HB_HOU,RT,58.96125030517578,2026-05,5,2026
2026-05-29,HB_HOU,RT,28.401248931884766,2026-05,5,2026
2026-05-30,HB_HOU,RT,17.1825008392334,2026-05,5,2026
2026-05-31,HB_HOU,RT,39.61375045776367,2026-05,5,2026
2026-06-01,HB_HOU,RT,35.661251068115234,2026-06,6,2026
2026-06-02,HB_HOU,RT,27.634998321533203,2026-06,6,2026
2026-06-03,HB_HOU,RT,23.47875213623047,2026-06,6,2026
2026-06-04,HB_HOU,RT,58.285003662109375,2026-06,6,2026
2026-06-05,HB_HOU,RT,40.74500274658203,2026-06,6,2026
2026-06-06,HB_HOU,RT,123.72750091552734,2026-06,6,2026
2026-06-07,HB_HOU,RT,40.96125030517578,2026-06,6,2026
2026-06-08,HB_HOU,RT,53.941246032714844,2026-06,6,2026
2026-06-09,HB_HOU,RT,39.04750061035156,2026-06,6,2026
2026-06-10,HB_HOU,RT,18.909997940063477,2026-06,6,2026
2026-06-11,HB_HOU,RT,36.662498474121094,2026-06,6,2026
2026-06-12,HB_HOU,RT,22.651248931884766,2026-06,6,2026
2026-06-13,HB_HOU,RT,17.74249839782715,2026-06,6,2026
2026-06-14,HB_HOU,RT,38.152503967285156,2026-06,6,2026
2026-06-15,HB_HOU,RT,39.92749786376953,2026-06,6,2026
2026-06-16,HB_HOU,RT,21.259998321533203,2026-06,6,2026
2026-06-17,HB_HOU,RT,19.922496795654297,2026-06,6,2026
2026-06-18,HB_HOU,RT,38.519996643066406,2026-06,6,2026
2026-06-19,HB_HOU,RT,48.459999084472656,2026-06,6,2026
2026-06-20,HB_HOU,RT,26.725000381469727,2026-06,6,2026
2026-06-21,HB_HOU,RT,19.43250274658203,2026-06,6,2026
2026-06-22,HB_HOU,RT,47.47999572753906,2026-06,6,2026
2026-06-23,HB_HOU,RT,20.243749618530273,2026-06,6,2026
2026-06-24,HB_HOU,RT,21.439998626708984,2026-06,6,2026
2026-06-25,HB_HOU,RT,16.37000274658203,2026-06,6,2026
2026-06-26,HB_HOU,RT,17.361249923706055,2026-06,6,2026
2026-06-27,HB_HOU,RT,34.147499084472656,2026-06,6,2026
2026-06-28,HB_HOU,RT,17.891252517700195,2026-06,6,2026
2026-06-29,HB_HOU,RT,20.493751525878906,2026-06,6,2026
2026-06-30,HB_HOU,RT,22.571247100830078,2026-06,6,2026
2026-07-01,HB_HOU,RT,30.612499237060547,2026-07,7,2026
2026-07-02,HB_HOU,RT,12.639999389648438,2026-07,7,2026
2026-07-03,HB_HOU,RT,22.24374771118164,2026-07,7,2026
2026-07-04,HB_HOU,RT,39.01750183105469,2026-07,7,2026
2026-07-05,HB_HOU,RT,27.658750534057617,2026-07,7,2026
2026-07-06,HB_HOU,RT,25.204999923706055,2026-07,7,2026
2026-07-07,HB_HOU,RT,20.02750015258789,2026-07,7,2026
2026-07-08,HB_HOU,RT,35.80500030517578,2026-07,7,2026
2026-07-09,HB_HOU,RT,29.306249618530273,2026-07,7,2026
2026-07-10,HB_HOU,RT,24.696247100830078,2026-07,7,2026
2026-07-11,HB_HOU,RT,17.67999839782715,2026-07,7,2026
2026-07-12,HB_HOU,RT,16.73125457763672,2026-07,7,2026
2026-07-13,HB_HOU,RT,14.437496185302734,2026-07,7,2026
2026-07-14,HB_HOU,RT,26.86874771118164,2026-07,7,2026
2026-07-15,HB_HOU,RT,24.708751678466797,2026-07,7,2026
2026-07-16,HB_HOU,RT,37.56875228881836,2026-07,7,2026
2026-07-17,HB_HOU,RT,26.327499389648438,2026-07,7,2026
2026-07-18,HB_HOU,RT,22.722497940063477,2026-07,7,2026
2026-07-19,HB_HOU,RT,44.25,2026-07,7,2026
2026-07-20,HB_HOU,RT,65.0875015258789,2026-07,7,2026
2026-07-21,HB_HOU,RT,112.5562515258789,2026-07,7,2026
2026-07-22,HB_HOU,RT,175.1199951171875,2026-07,7,2026
2026-07-23,HB_HOU,RT,37.63750076293945,2026-07,7,2026
2026-07-24,HB_HOU,RT,17.02375030517578,2026-07,7,2026
2026-07-25,HB_HOU,RT,27.45749855041504,2026-07,7,2026
2026-07-26,HB_HOU,RT,26.720001220703125,2026-07,7,2026
2026-07-27,HB_HOU,RT,25.69499969482422,2026-07,7,2026
2026-07-28,HB_HOU,RT,27.876249313354492,2026-07,7,2026
2026-07-29,HB_HOU,RT,27.19749641418457,2026-07,7,2026
2026-07-30,HB_HOU,RT,30.602500915527344,2026-07,7,2026
2026-07-31,HB_HOU,RT,31.25874900817871,2026-07,7,2026
2026-08-01,HB_HOU,RT,29.711254119873047,2026-08,8,2026
2026-08-02,HB_HOU,RT,22.913753509521484,2026-08,8,2026
2026-08-03,HB_HOU,RT,24.236248016357422,2026-08,8,2026
2026-08-04,HB_HOU,RT,33.123748779296875,2026-08,8,2026
2026-08-05,HB_HOU,RT,40.04999923706055,2026-08,8,2026
2026-08-06,HB_HOU,RT,45.17000198364258,2026-08,8,2026
2026-08-07,HB_HOU,RT,51.037506103515625,2026-08,8,2026
2026-08-08,HB_HOU,RT,27.45874786376953,2026-08,8,2026
2026-08-09,HB_HOU,RT,38.1087532043457,2026-08,8,2026
2026-08-10,HB_HOU,RT,11.417499542236328,2026-08,8,2026
2026-08-11,HB_HOU,RT,40.93000030517578,2026-08,8,2026
2026-08-12,HB_HOU,RT,36.63875198364258,2026-08,8,2026
2026-08-13,HB_HOU,RT,41.09375,2026-08,8,2026
2026-08-14,HB_HOU,RT,15.501251220703125,2026-08,8,2026
2026-08-15,HB_HOU,RT,23.207504272460938,2026-08,8,2026
2026-08-16,HB_HOU,RT,62.511253356933594,2026-08,8,2026
2026-08-17,HB_HOU,RT,212.20001220703125,2026-08,8,2026
2026-08-18,HB_HOU,RT,67.65875244140625,2026-08,8,2026
2026-08-19,HB_HOU,RT,37.34749984741211,2026-08,8,2026
2026-08-20,HB_HOU,RT,45.25499725341797,2026-08,8,2026
2026-08-21,HB_HOU,RT,24.4375,2026-08,8,2026
2026-08-22,HB_HOU,RT,68.49874877929688,2026-08,8,2026
2026-08-23,HB_HOU,RT,285.3037414550781,2026-08,8,2026
2026-08-24,HB_HOU,RT,62.482505798339844,2026-08,8,2026
2026-08-25,HB_HOU,RT,48.07374572753906,2026-08,8,2026
2026-08-26,HB_HOU,RT,426.92877197265625,2026-08,8,2026
2026-08-27,HB_HOU,RT,74.02999877929688,2026-08,8,2026
2026-08-28,HB_HOU,RT,42.7550048828125,2026-08,8,2026
2026-08-29,HB_HOU,RT,35.630001068115234,2026-08,8,2026
2026-08-30,HB_HOU,RT,81.48999786376953,2026-08,8,2026
2026-08-31,HB_HOU,RT,52.371246337890625,2026-08,8,2026
2026-09-01,HB_HOU,RT,82.94750213623047,2026-09,9,2026
2026-09-02,HB_HOU,RT,259.6837463378906,2026-09,9,2026
2026-09-03,HB_HOU,RT,17.31624984741211,2026-09,9,2026
2026-09-04,HB_HOU,RT,14.5625,2026-09,9,2026
2026-09-05,HB_HOU,RT,30.51125144958496,2026-09,9,2026
2026-09-06,HB_HOU,RT,40.88749694824219,2026-09,9,2026
2026-09-07,HB_HOU,RT,62.63624572753906,2026-09,9,2026
2026-09-08,HB_HOU,RT,84.39249420166016,2026-09,9,2026
2026-09-09,HB_HOU,RT,46.998748779296875,2026-09,9,2026
2026-09-10,HB_HOU,RT,31.628753662109375,2026-09,9,2026
2026-09-11,HB_HOU,RT,46.84874725341797,2026-09,9,2026
2026-09-12,HB_HOU,RT,39.900001525878906,2026-09,9,2026
2026-09-13,HB_HOU,RT,22.880001068115234,2026-09,9,2026
2023-09-01,HB_AVG,RT,101.4737548828125,2023-09,9,2023
2023-09-02,HB_AVG,RT,58.65624237060547,2023-09,9,2023
2023-09-03,HB_AVG,RT,32.63249969482422,2023-09,9,2023
2023-09-04,HB_AVG,RT,59.651248931884766,2023-09,9,2023
2023-09-05,HB_AVG,RT,1162.469970703125,2023-09,9,2023
2023-09-06,HB_AVG,RT,4454.9052734375,2023-09,9,2023
2023-09-07,HB_AVG,RT,2713.12255859375,2023-09,9,2023
2023-09-08,HB_AVG,RT,2845.8525390625,2023-09,9,2023
2023-09-09,HB_AVG,RT,57.084999084472656,2023-09,9,2023
2023-09-10,HB_AVG,RT,28.307498931884766,2023-09,9,2023
2023-09-11,HB_AVG,RT,11.769998550415039,2023-09,9,2023
2023-09-12,HB_AVG,RT,43.89249801635742,2023-09,9,2023
2023-09-13,HB_AVG,RT,21.47500228881836,2023-09,9,2023
2023-09-14,HB_AVG,RT,13.923748016357422,2023-09,9,2023
2023-09-15,HB_AVG,RT,68.14250183105469,2023-09,9,2023
2023-09-16,HB_AVG,RT,23.34000015258789,2023-09,9,2023
2023-09-17,HB_AVG,RT,262.8999938964844,2023-09,9,2023
2023-09-18,HB_AVG,RT,40.83250427246094,2023-09,9,2023
2023-09-19,HB_AVG,RT,33.848751068115234,2023-09,9,2023
2023-09-20,HB_AVG,RT,174.09124755859375,2023-09,9,2023
2023-09-21,HB_AVG,RT,73.57124328613281,2023-09,9,2023
2023-09-22,HB_AVG,RT,109.32624816894531,2023-09,9,2023
2023-09-23,HB_AVG,RT,445.76251220703125,2023-09,9,2023
2023-09-24,HB_AVG,RT,429.73626708984375,2023-09,9,2023
2023-09-25,HB_AVG,RT,141.35499572753906,2023-09,9,2023
2023-09-26,HB_AVG,RT,141.7324981689453,2023-09,9,2023
2023-09-27,HB_AVG,RT,58.09375,2023-09,9,2023
2023-09-28,HB_AVG,RT,19.137500762939453,2023-09,9,2023
2023-09-29,HB_AVG,RT,15.12874984741211,2023-09,9,2023
2023-09-30,HB_AVG,RT,13.366249084472656,2023-09,9,2023
2023-10-01,HB_AVG,RT,6.137500762939453,2023-10,10,2023
2023-10-02,HB_AVG,RT,13.905000686645508,2023-10,10,2023
2023-10-03,HB_AVG,RT,30.79625129699707,2023-10,10,2023
2023-10-04,HB_AVG,RT,101.25499725341797,2023-10,10,2023
2023-10-05,HB_AVG,RT,58.23124694824219,2023-10,10,2023
2023-10-06,HB_AVG,RT,109.57624816894531,2023-10,10,2023
2023-10-07,HB_AVG,RT,68.20999908447266,2023-10,10,2023
2023-10-08,HB_AVG,RT,44.13624954223633,2023-10,10,2023
2023-10-09,HB_AVG,RT,165.87501525878906,2023-10,10,2023
2023-10-10,HB_AVG,RT,15.726249694824219,2023-10,10,2023
2023-10-11,HB_AVG,RT,9.71500015258789,2023-10,10,2023
2023-10-12,HB_AVG,RT,25.566247940063477,2023-10,10,2023
2023-10-13,HB_AVG,RT,71.06124877929688,2023-10,10,2023
2023-10-14,HB_AVG,RT,64.2437515258789,2023-10,10,2023
2023-10-15,HB_AVG,RT,31.508750915527344,2023-10,10,2023
2023-10-16,HB_AVG,RT,90.62374877929688,2023-10,10,2023
2023-10-17,HB_AVG,RT,62.89874267578125,2023-10,10,2023
2023-10-18,HB_AVG,RT,27.485000610351562,2023-10,10,2023
2023-10-19,HB_AVG,RT,378.26251220703125,2023-10,10,2023
2023-10-20,HB_AVG,RT,204.6612548828125,2023-10,10,2023
2023-10-21,HB_AVG,RT,23.97249984741211,2023-10,10,2023
2023-10-22,HB_AVG,RT,126.9749984741211,2023-10,10,2023
2023-10-23,HB_AVG,RT,64.36624908447266,2023-10,10,2023
2023-10-24,HB_AVG,RT,9.836252212524414,2023-10,10,2023
2023-10-25,HB_AVG,RT,391.885009765625,2023-10,10,2023
2023-10-26,HB_AVG,RT,63.68875503540039,2023-10,10,2023
2023-10-27,HB_AVG,RT,53.66999816894531,2023-10,10,2023
2023-10-28,HB_AVG,RT,32.9587516784668,2023-10,10,2023
2023-10-29,HB_AVG,RT,6.596248626708984,2023-10,10,2023
2023-10-30,HB_AVG,RT,44.657501220703125,2023-10,10,2023
2023-10-31,HB_AVG,RT,24.036251068115234,2023-10,10,2023
2023-11-01,HB_AVG,RT,24.297500610351562,2023-11,11,2023
2023-11-02,HB_AVG,RT,23.42999839782715,2023-11,11,2023
2023-11-03,HB_AVG,RT,14.821249008178711,2023-11,11,2023
2023-11-04,HB_AVG,RT,47.45625305175781,2023-11,11,2023
2023-11-05,HB_AVG,RT,109.47250366210938,2023-11,11,2023
2023-11-06,HB_AVG,RT,103.74500274658203,2023-11,11,2023
2023-11-07,HB_AVG,RT,34.97875213623047,2023-11,11,2023
2023-11-08,HB_AVG,RT,489.1875,2023-11,11,2023
2023-11-09,HB_AVG,RT,45.19124984741211,2023-11,11,2023
2023-11-10,HB_AVG,RT,60.45624923706055,2023-11,11,2023
2023-11-11,HB_AVG,RT,98.41999816894531,2023-11,11,2023
2023-11-12,HB_AVG,RT,71.89749908447266,2023-11,11,2023
2023-11-13,HB_AVG,RT,168.94500732421875,2023-11,11,2023
2023-11-14,HB_AVG,RT,73.42750549316406,2023-11,11,2023
2023-11-15,HB_AVG,RT,72.3074951171875,2023-11,11,2023
2023-11-16,HB_AVG,RT,12.80000114440918,2023-11,11,2023
2023-11-17,HB_AVG,RT,55.4275016784668,2023-11,11,2023
2023-11-18,HB_AVG,RT,14.827499389648438,2023-11,11,2023
2023-11-19,HB_AVG,RT,27.67500114440918,2023-11,11,2023
2023-11-20,HB_AVG,RT,21.74875259399414,2023-11,11,2023
2023-11-21,HB_AVG,RT,149.0850067138672,2023-11,11,2023
2023-11-22,HB_AVG,RT,25.10125160217285,2023-11,11,2023
2023-11-23,HB_AVG,RT,10.448750495910645,2023-11,11,2023
2023-11-24,HB_AVG,RT,19.21875,2023-11,11,2023
2023-11-25,HB_AVG,RT,66.07625579833984,2023-11,11,2023
2023-11-26,HB_AVG,RT,136.45875549316406,2023-11,11,2023
2023-11-27,HB_AVG,RT,28.39874839782715,2023-11,11,2023
2023-11-28,HB_AVG,RT,29.063749313354492,2023-11,11,2023
2023-11-29,HB_AVG,RT,29.204998016357422,2023-11,11,2023
2023-11-30,HB_AVG,RT,73.53375244140625,2023-11,11,2023
2023-12-01,HB_AVG,RT,38.50374984741211,2023-12,12,2023
2023-12-02,HB_AVG,RT,82.90999603271484,2023-12,12,2023
2023-12-03,HB_AVG,RT,32.848751068115234,2023-12,12,2023
2023-12-04,HB_AVG,RT,57.066246032714844,2023-12,12,2023
2023-12-05,HB_AVG,RT,270.7737731933594,2023-12,12,2023
2023-12-06,HB_AVG,RT,35.967498779296875,2023-12,12,2023
2023-12-07,HB_AVG,RT,22.376249313354492,2023-12,12,2023
2023-12-08,HB_AVG,RT,102.32874298095703,2023-12,12,2023
2023-12-09,HB_AVG,RT,8.696249961853027,2023-12,12,2023
2023-12-10,HB_AVG,RT,51.0837516784668,2023-12,12,2023
2023-12-11,HB_AVG,RT,26.822498321533203,2023-12,12,2023
2023-12-12,HB_AVG,RT,32.0787467956543,2023-12,12,2023
2023-12-13,HB_AVG,RT,14.803749084472656,2023-12,12,2023
2023-12-14,HB_AVG,RT,10.976249694824219,2023-12,12,2023
2023-12-15,HB_AVG,RT,22.941247940063477,2023-12,12,2023
2023-12-16,HB_AVG,RT,29.396249771118164,2023-12,12,2023
2023-12-17,HB_AVG,RT,31.10375213623047,2023-12,12,2023
2023-12-18,HB_AVG,RT,30.13124656677246,2023-12,12,2023
2023-12-19,HB_AVG,RT,17.821250915527344,2023-12,12,2023
2023-12-20,HB_AVG,RT,21.53999900817871,2023-12,12,2023
2023-12-21,HB_AVG,RT,20.110000610351562,2023-12,12,2023
2023-12-22,HB_AVG,RT,17.360000610351562,2023-12,12,2023
2023-12-23,HB_AVG,RT,23.875,2023-12,12,2023
2023-12-24,HB_AVG,RT,22.404998779296875,2023-12,12,2023
2023-12-25,HB_AVG,RT,66.77499389648438,2023-12,12,2023
2023-12-26,HB_AVG,RT,34.053749084472656,2023-12,12,2023
2023-12-27,HB_AVG,RT,50.567501068115234,2023-12,12,2023
2023-12-28,HB_AVG,RT,25.193750381469727,2023-12,12,2023
2023-12-29,HB_AVG,RT,67.49750518798828,2023-12,12,2023
2023-12-30,HB_AVG,RT,113.15625,2023-12,12,2023
2023-12-31,HB_AVG,RT,16.713748931884766,2023-12,12,2023
2024-01-01,HB_AVG,RT,39.18499755859375,2024-01,1,2024
2024-01-02,HB_AVG,RT,45.6300048828125,2024-01,1,2024
2024-01-03,HB_AVG,RT,30.23124885559082,2024-01,1,2024
2024-01-04,HB_AVG,RT,31.575000762939453,2024-01,1,2024
2024-01-05,HB_AVG,RT,33.15250015258789,2024-01,1,2024
2024-01-06,HB_AVG,RT,58.64874267578125,2024-01,1,2024
2024-01-07,HB_AVG,RT,90.50875091552734,2024-01,1,2024
2024-01-08,HB_AVG,RT,29.587501525878906,2024-01,1,2024
2024-01-09,HB_AVG,RT,77.03875732421875,2024-01,1,2024
2024-01-10,HB_AVG,RT,27.418750762939453,2024-01,1,2024
2024-01-11,HB_AVG,RT,32.92625045776367,2024-01,1,2024
2024-01-12,HB_AVG,RT,97.05874633789062,2024-01,1,2024
2024-01-13,HB_AVG,RT,54.39624786376953,2024-01,1,2024
2024-01-14,HB_AVG,RT,94.63249969482422,2024-01,1,2024
2024-01-15,HB_AVG,RT,231.15126037597656,2024-01,1,2024
2024-01-16,HB_AVG,RT,557.8112182617188,2024-01,1,2024
2024-01-17,HB_AVG,RT,53.31749725341797,2024-01,1,2024
2024-01-18,HB_AVG,RT,32.86000061035156,2024-01,1,2024
2024-01-19,HB_AVG,RT,45.57749938964844,2024-01,1,2024
2024-01-20,HB_AVG,RT,71.20624542236328,2024-01,1,2024
2024-01-21,HB_AVG,RT,150.0337371826172,2024-01,1,2024
2024-01-22,HB_AVG,RT,217.73500061035156,2024-01,1,2024
2024-01-23,HB_AVG,RT,53.08125305175781,2024-01,1,2024
2024-01-24,HB_AVG,RT,27.418750762939453,2024-01,1,2024
2024-01-25,HB_AVG,RT,20.627500534057617,2024-01,1,2024
2024-01-26,HB_AVG,RT,32.22249984741211,2024-01,1,2024
2024-01-27,HB_AVG,RT,44.602500915527344,2024-01,1,2024
2024-01-28,HB_AVG,RT,36.97249984741211,2024-01,1,2024
2024-01-29,HB_AVG,RT,23.52750015258789,2024-01,1,2024
2024-01-30,HB_AVG,RT,29.93625259399414,2024-01,1,2024
2024-01-31,HB_AVG,RT,19.082500457763672,2024-01,1,2024
2024-02-01,HB_AVG,RT,44.04249954223633,2024-02,2,2024
2024-02-02,HB_AVG,RT,36.590003967285156,2024-02,2,2024
2024-02-03,HB_AVG,RT,35.81999588012695,2024-02,2,2024
2024-02-04,HB_AVG,RT,17.795000076293945,2024-02,2,2024
2024-02-05,HB_AVG,RT,56.47624969482422,2024-02,2,2024
2024-02-06,HB_AVG,RT,54.16749954223633,2024-02,2,2024
2024-02-07,HB_AVG,RT,62.724998474121094,2024-02,2,2024
2024-02-08,HB_AVG,RT,23.322500228881836,2024-02,2,2024
2024-02-09,HB_AVG,RT,33.3025016784668,2024-02,2,2024
2024-02-10,HB_AVG,RT,20.366249084472656,2024-02,2,2024
2024-02-11,HB_AVG,RT,22.268749237060547,2024-02,2,2024
2024-02-12,HB_AVG,RT,34.806251525878906,2024-02,2,2024
2024-02-13,HB_AVG,RT,86.95249938964844,2024-02,2,2024
2024-02-14,HB_AVG,RT,28.011249542236328,2024-02,2,2024
2024-02-15,HB_AVG,RT,12.864999771118164,2024-02,2,2024
2024-02-16,HB_AVG,RT,27.924999237060547,2024-02,2,2024
2024-02-17,HB_AVG,RT,34.76875305175781,2024-02,2,2024
2024-02-18,HB_AVG,RT,40.466251373291016,2024-02,2,2024
2024-02-19,HB_AVG,RT,84.27499389648438,2024-02,2,2024
2024-02-20,HB_AVG,RT,24.55375099182129,2024-02,2,2024
2024-02-21,HB_AVG,RT,29.801250457763672,2024-02,2,2024
2024-02-22,HB_AVG,RT,61.730003356933594,2024-02,2,2024
2024-02-23,HB_AVG,RT,45.08124923706055,2024-02,2,2024
2024-02-24,HB_AVG,RT,39.212501525878906,2024-02,2,2024
2024-02-25,HB_AVG,RT,72.5262451171875,2024-02,2,2024
2024-02-26,HB_AVG,RT,24.703750610351562,2024-02,2,2024
2024-02-27,HB_AVG,RT,27.783748626708984,2024-02,2,2024
2024-02-28,HB_AVG,RT,104.1137466430664,2024-02,2,2024
2024-02-29,HB_AVG,RT,39.98875045776367,2024-02,2,2024
2024-03-01,HB_AVG,RT,18.427499771118164,2024-03,3,2024
2024-03-02,HB_AVG,RT,15.307499885559082,2024-03,3,2024
2024-03-03,HB_AVG,RT,51.584999084472656,2024-03,3,2024
2024-03-04,HB_AVG,RT,471.3862609863281,2024-03,3,2024
2024-03-05,HB_AVG,RT,28.13249969482422,2024-03,3,2024
2024-03-06,HB_AVG,RT,41.12874984741211,2024-03,3,2024
2024-03-07,HB_AVG,RT,106.76375579833984,2024-03,3,2024
2024-03-08,HB_AVG,RT,25.350000381469727,2024-03,3,2024
2024-03-09,HB_AVG,RT,46.22125244140625,2024-03,3,2024
2024-03-10,HB_AVG,RT,37.88999938964844,2024-03,3,2024
2024-03-11,HB_AVG,RT,26.98874855041504,2024-03,3,2024
2024-03-12,HB_AVG,RT,54.183753967285156,2024-03,3,2024
2024-03-13,HB_AVG,RT,27.171249389648438,2024-03,3,2024
2024-03-14,HB_AVG,RT,20.688751220703125,2024-03,3,2024
2024-03-15,HB_AVG,RT,27.01875114440918,2024-03,3,2024
2024-03-16,HB_AVG,RT,49.33625030517578,2024-03,3,2024
2024-03-17,HB_AVG,RT,27.635000228881836,2024-03,3,2024
2024-03-18,HB_AVG,RT,135.21499633789062,2024-03,3,2024
2024-03-19,HB_AVG,RT,87.42499542236328,2024-03,3,2024
2024-03-20,HB_AVG,RT,46.68000030517578,2024-03,3,2024
2024-03-21,HB_AVG,RT,65.15249633789062,2024-03,3,2024
2024-03-22,HB_AVG,RT,83.7562484741211,2024-03,3,2024
2024-03-23,HB_AVG,RT,32.29374694824219,2024-03,3,2024
2024-03-24,HB_AVG,RT,64.60749816894531,2024-03,3,2024
2024-03-25,HB_AVG,RT,34.10124588012695,2024-03,3,2024
2024-03-26,HB_AVG,RT,74.11750793457031,2024-03,3,2024
2024-03-27,HB_AVG,RT,43.20624923706055,2024-03,3,2024
2024-03-28,HB_AVG,RT,67.05374908447266,2024-03,3,2024
2024-03-29,HB_AVG,RT,18.057498931884766,2024-03,3,2024
2024-03-30,HB_AVG,RT,51.17250061035156,2024-03,3,2024
2024-03-31,HB_AVG,RT,16.744998931884766,2024-03,3,2024
2024-04-01,HB_AVG,RT,16.451248168945312,2024-04,4,2024
2024-04-02,HB_AVG,RT,62.30125045776367,2024-04,4,2024
2024-04-03,HB_AVG,RT,162.34625244140625,2024-04,4,2024
2024-04-04,HB_AVG,RT,119.7387466430664,2024-04,4,2024
2024-04-05,HB_AVG,RT,49.81999969482422,2024-04,4,2024
2024-04-06,HB_AVG,RT,17.506250381469727,2024-04,4,2024
2024-04-07,HB_AVG,RT,176.88499450683594,2024-04,4,2024
2024-04-08,HB_AVG,RT,156.41876220703125,2024-04,4,2024
2024-04-09,HB_AVG,RT,27.942501068115234,2024-04,4,2024
2024-04-10,HB_AVG,RT,24.46000099182129,2024-04,4,2024
2024-04-11,HB_AVG,RT,176.9425048828125,2024-04,4,2024
2024-04-12,HB_AVG,RT,17.51875114440918,2024-04,4,2024
2024-04-13,HB_AVG,RT,45.03499984741211,2024-04,4,2024
2024-04-14,HB_AVG,RT,75.44124603271484,2024-04,4,2024
2024-04-15,HB_AVG,RT,9.358750343322754,2024-04,4,2024
2024-04-16,HB_AVG,RT,821.6199951171875,2024-04,4,2024
2024-04-17,HB_AVG,RT,22.385000228881836,2024-04,4,2024
2024-04-18,HB_AVG,RT,10.9087495803833,2024-04,4,2024
2024-04-19,HB_AVG,RT,32.90999984741211,2024-04,4,2024
2024-04-20,HB_AVG,RT,20.12125015258789,2024-04,4,2024
2024-04-21,HB_AVG,RT,75.80250549316406,2024-04,4,2024
2024-04-22,HB_AVG,RT,18.145000457763672,2024-04,4,2024
2024-04-23,HB_AVG,RT,28.21500015258789,2024-04,4,2024
2024-04-24,HB_AVG,RT,217.32875061035156,2024-04,4,2024
2024-04-25,HB_AVG,RT,22.247501373291016,2024-04,4,2024
2024-04-26,HB_AVG,RT,205.5474853515625,2024-04,4,2024
2024-04-27,HB_AVG,RT,13.611248970031738,2024-04,4,2024
2024-04-28,HB_AVG,RT,1075.706298828125,2024-04,4,2024
2024-04-29,HB_AVG,RT,78.9625015258789,2024-04,4,2024
2024-04-30,HB_AVG,RT,15.756248474121094,2024-04,4,2024
2024-05-01,HB_AVG,RT,17.470001220703125,2024-05,5,2024
2024-05-02,HB_AVG,RT,41.942501068115234,2024-05,5,2024
2024-05-03,HB_AVG,RT,49.22249984741211,2024-05,5,2024
2024-05-04,HB_AVG,RT,29.938749313354492,2024-05,5,2024
2024-05-05,HB_AVG,RT,38.582496643066406,2024-05,5,2024
2024-05-06,HB_AVG,RT,20.772499084472656,2024-05,5,2024
2024-05-07,HB_AVG,RT,59.433746337890625,2024-05,5,2024
2024-05-08,HB_AVG,RT,2742.702392578125,2024-05,5,2024
2024-05-09,HB_AVG,RT,185.1012420654297,2024-05,5,2024
2024-05-10,HB_AVG,RT,134.95875549316406,2024-05,5,2024
2024-05-11,HB_AVG,RT,36.373748779296875,2024-05,5,2024
2024-05-12,HB_AVG,RT,48.326255798339844,2024-05,5,2024
2024-05-13,HB_AVG,RT,140.61248779296875,2024-05,5,2024
2024-05-14,HB_AVG,RT,56.386253356933594,2024-05,5,2024
2024-05-15,HB_AVG,RT,35.79624938964844,2024-05,5,2024
2024-05-16,HB_AVG,RT,37.30750274658203,2024-05,5,2024
2024-05-17,HB_AVG,RT,73.49749755859375,2024-05,5,2024
2024-05-18,HB_AVG,RT,82.25,2024-05,5,2024
2024-05-19,HB_AVG,RT,19.962499618530273,2024-05,5,2024
2024-05-20,HB_AVG,RT,20.357500076293945,2024-05,5,2024
2024-05-21,HB_AVG,RT,201.9187469482422,2024-05,5,2024
2024-05-22,HB_AVG,RT,48.3025016784668,2024-05,5,2024
2024-05-23,HB_AVG,RT,24.861248016357422,2024-05,5,2024
2024-05-24,HB_AVG,RT,67.23750305175781,2024-05,5,2024
2024-05-25,HB_AVG,RT,20.8799991607666,2024-05,5,2024
2024-05-26,HB_AVG,RT,87.29624938964844,2024-05,5,2024
2024-05-27,HB_AVG,RT,108.6300048828125,2024-05,5,2024
2024-05-28,HB_AVG,RT,14.56624984741211,2024-05,5,2024
2024-05-29,HB_AVG,RT,135.60125732421875,2024-05,5,2024
2024-05-30,HB_AVG,RT,103.93000030517578,2024-05,5,2024
2024-05-31,HB_AVG,RT,27.153749465942383,2024-05,5,2024
2024-06-01,HB_AVG,RT,24.738750457763672,2024-06,6,2024
2024-06-02,HB_AVG,RT,36.33625030517578,2024-06,6,2024
2024-06-03,HB_AVG,RT,78.0687484741211,2024-06,6,2024
2024-06-04,HB_AVG,RT,296.84246826171875,2024-06,6,2024
2024-06-05,HB_AVG,RT,18.06125259399414,2024-06,6,2024
2024-06-06,HB_AVG,RT,24.423751831054688,2024-06,6,2024
2024-06-07,HB_AVG,RT,21.325000762939453,2024-06,6,2024
2024-06-08,HB_AVG,RT,42.372501373291016,2024-06,6,2024
2024-06-09,HB_AVG,RT,47.04374694824219,2024-06,6,2024
2024-06-10,HB_AVG,RT,96.26499938964844,2024-06,6,2024
2024-06-11,HB_AVG,RT,73.01499938964844,2024-06,6,2024
2024-06-12,HB_AVG,RT,70.32749938964844,2024-06,6,2024
2024-06-13,HB_AVG,RT,59.77124786376953,2024-06,6,2024
2024-06-14,HB_AVG,RT,46.97125244140625,2024-06,6,2024
2024-06-15,HB_AVG,RT,20.934999465942383,2024-06,6,2024
2024-06-16,HB_AVG,RT,32.12999725341797,2024-06,6,2024
2024-06-17,HB_AVG,RT,69.6875,2024-06,6,2024
2024-06-18,HB_AVG,RT,25.753751754760742,2024-06,6,2024
2024-06-19,HB_AVG,RT,8.463748931884766,2024-06,6,2024
2024-06-20,HB_AVG,RT,42.44124984741211,2024-06,6,2024
2024-06-21,HB_AVG,RT,29.751251220703125,2024-06,6,2024
2024-06-22,HB_AVG,RT,93.10749816894531,2024-06,6,2024
2024-06-23,HB_AVG,RT,76.27124786376953,2024-06,6,2024
2024-06-24,HB_AVG,RT,37.83875274658203,2024-06,6,2024
2024-06-25,HB_AVG,RT,70.06500244140625,2024-06,6,2024
2024-06-26,HB_AVG,RT,44.493751525878906,2024-06,6,2024
2024-06-27,HB_AVG,RT,26.672500610351562,2024-06,6,2024
2024-06-28,HB_AVG,RT,38.75749969482422,2024-06,6,2024
2024-06-29,HB_AVG,RT,40.61249542236328,2024-06,6,2024
2024-06-30,HB_AVG,RT,19.084999084472656,2024-06,6,2024
2024-07-01,HB_AVG,RT,32.14500045776367,2024-07,7,2024
2024-07-02,HB_AVG,RT,32.651248931884766,2024-07,7,2024
2024-07-03,HB_AVG,RT,19.549999237060547,2024-07,7,2024
2024-07-04,HB_AVG,RT,52.63874816894531,2024-07,7,2024
2024-07-05,HB_AVG,RT,18.21875,2024-07,7,2024
2024-07-06,HB_AVG,RT,48.72875213623047,2024-07,7,2024
2024-07-07,HB_AVG,RT,17.45250129699707,2024-07,7,2024
2024-07-08,HB_AVG,RT,25.703750610351562,2024-07,7,2024
2024-07-09,HB_AVG,RT,36.21875,2024-07,7,2024
2024-07-10,HB_AVG,RT,27.543752670288086,2024-07,7,2024
2024-07-11,HB_AVG,RT,18.227502822875977,2024-07,7,2024
2024-07-12,HB_AVG,RT,14.193750381469727,2024-07,7,2024
2024-07-13,HB_AVG,RT,17.79125213623047,2024-07,7,2024
2024-07-14,HB_AVG,RT,63.54375076293945,2024-07,7,2024
2024-07-15,HB_AVG,RT,66.26124572753906,2024-07,7,2024
2024-07-16,HB_AVG,RT,53.12000274658203,2024-07,7,2024
2024-07-17,HB_AVG,RT,14.808748245239258,2024-07,7,2024
2024-07-18,HB_AVG,RT,66.85250091552734,2024-07,7,2024
2024-07-19,HB_AVG,RT,38.818748474121094,2024-07,7,2024
2024-07-20,HB_AVG,RT,17.612499237060547,2024-07,7,2024
2024-07-21,HB_AVG,RT,9.823749542236328,2024-07,7,2024
2024-07-22,HB_AVG,RT,24.656253814697266,2024-07,7,2024
2024-07-23,HB_AVG,RT,31.181251525878906,2024-07,7,2024
2024-07-24,HB_AVG,RT,183.70249938964844,2024-07,7,2024
2024-07-25,HB_AVG,RT,43.913753509521484,2024-07,7,2024
2024-07-26,HB_AVG,RT,9.898750305175781,2024-07,7,2024
2024-07-27,HB_AVG,RT,8.070001602172852,2024-07,7,2024
2024-07-28,HB_AVG,RT,36.64500427246094,2024-07,7,2024
2024-07-29,HB_AVG,RT,131.19125366210938,2024-07,7,2024
2024-07-30,HB_AVG,RT,21.729999542236328,2024-07,7,2024
2024-07-31,HB_AVG,RT,19.27499771118164,2024-07,7,2024
2024-08-01,HB_AVG,RT,21.142498016357422,2024-08,8,2024
2024-08-02,HB_AVG,RT,61.126243591308594,2024-08,8,2024
2024-08-03,HB_AVG,RT,31.403751373291016,2024-08,8,2024
2024-08-04,HB_AVG,RT,32.03125,2024-08,8,2024
2024-08-05,HB_AVG,RT,59.540000915527344,2024-08,8,2024
2024-08-06,HB_AVG,RT,172.84750366210938,2024-08,8,2024
2024-08-07,HB_AVG,RT,305.40753173828125,2024-08,8,2024
2024-08-08,HB_AVG,RT,29.381250381469727,2024-08,8,2024
2024-08-09,HB_AVG,RT,27.584999084472656,2024-08,8,2024
2024-08-10,HB_AVG,RT,43.936248779296875,2024-08,8,2024
2024-08-11,HB_AVG,RT,52.73624801635742,2024-08,8,2024
2024-08-12,HB_AVG,RT,22.55375099182129,2024-08,8,2024
2024-08-13,HB_AVG,RT,24.196250915527344,2024-08,8,2024
2024-08-14,HB_AVG,RT,43.26625061035156,2024-08,8,2024
2024-08-15,HB_AVG,RT,68.26249694824219,2024-08,8,2024
2024-08-16,HB_AVG,RT,55.657501220703125,2024-08,8,2024
2024-08-17,HB_AVG,RT,45.83000183105469,2024-08,8,2024
2024-08-18,HB_AVG,RT,121.8062515258789,2024-08,8,2024
2024-08-19,HB_AVG,RT,576.2999877929688,2024-08,8,2024
2024-08-20,HB_AVG,RT,2347.40625,2024-08,8,2024
2024-08-21,HB_AVG,RT,109.39749145507812,2024-08,8,2024
2024-08-22,HB_AVG,RT,40.37000274658203,2024-08,8,2024
2024-08-23,HB_AVG,RT,59.92374801635742,2024-08,8,2024
2024-08-24,HB_AVG,RT,12.614998817443848,2024-08,8,2024
2024-08-25,HB_AVG,RT,42.67124938964844,2024-08,8,2024
2024-08-26,HB_AVG,RT,18.246248245239258,2024-08,8,2024
2024-08-27,HB_AVG,RT,35.386253356933594,2024-08,8,2024
2024-08-28,HB_AVG,RT,15.029998779296875,2024-08,8,2024
2024-08-29,HB_AVG,RT,47.27499771118164,2024-08,8,2024
2024-08-30,HB_AVG,RT,37.42500305175781,2024-08,8,2024
2024-08-31,HB_AVG,RT,63.72999954223633,2024-08,8,2024
2024-09-01,HB_AVG,RT,18.697498321533203,2024-09,9,2024
2024-09-02,HB_AVG,RT,6.673749923706055,2024-09,9,2024
2024-09-03,HB_AVG,RT,7.798748016357422,2024-09,9,2024
2024-09-04,HB_AVG,RT,14.75625228881836,2024-09,9,2024
2024-09-05,HB_AVG,RT,17.06999969482422,2024-09,9,2024
2024-09-06,HB_AVG,RT,17.079999923706055,2024-09,9,2024
2024-09-07,HB_AVG,RT,41.48749923706055,2024-09,9,2024
2024-09-08,HB_AVG,RT,42.20625305175781,2024-09,9,2024
2024-09-09,HB_AVG,RT,56.84749984741211,2024-09,9,2024
2024-09-10,HB_AVG,RT,60.459999084472656,2024-09,9,2024
2024-09-11,HB_AVG,RT,16.971248626708984,2024-09,9,2024
2024-09-12,HB_AVG,RT,13.448749542236328,2024-09,9,2024
2024-09-13,HB_AVG,RT,37.54750442504883,2024-09,9,2024
2024-09-14,HB_AVG,RT,31.083751678466797,2024-09,9,2024
2024-09-15,HB_AVG,RT,107.51625061035156,2024-09,9,2024
2024-09-16,HB_AVG,RT,41.98500061035156,2024-09,9,2024
2024-09-17,HB_AVG,RT,11.95374870300293,2024-09,9,2024
2024-09-18,HB_AVG,RT,21.69624900817871,2024-09,9,2024
2024-09-19,HB_AVG,RT,20.681249618530273,2024-09,9,2024
2024-09-20,HB_AVG,RT,122.43875122070312,2024-09,9,2024
2024-09-21,HB_AVG,RT,12.188751220703125,2024-09,9,2024
2024-09-22,HB_AVG,RT,31.587501525878906,2024-09,9,2024
2024-09-23,HB_AVG,RT,136.4949951171875,2024-09,9,2024
2024-09-24,HB_AVG,RT,79.56749725341797,2024-09,9,2024
2024-09-25,HB_AVG,RT,28.792499542236328,2024-09,9,2024
2024-09-26,HB_AVG,RT,63.20124816894531,2024-09,9,2024
2024-09-27,HB_AVG,RT,36.85750198364258,2024-09,9,2024
2024-09-28,HB_AVG,RT,40.31624984741211,2024-09,9,2024
2024-09-29,HB_AVG,RT,107.58250427246094,2024-09,9,2024
2024-09-30,HB_AVG,RT,125.94749450683594,2024-09,9,2024
2024-10-01,HB_AVG,RT,46.758750915527344,2024-10,10,2024
2024-10-02,HB_AVG,RT,39.20874786376953,2024-10,10,2024
2024-10-03,HB_AVG,RT,52.25,2024-10,10,2024
2024-10-04,HB_AVG,RT,28.66499900817871,2024-10,10,2024
2024-10-05,HB_AVG,RT,40.005001068115234,2024-10,10,2024
2024-10-06,HB_AVG,RT,70.15625,2024-10,10,2024
2024-10-07,HB_AVG,RT,96.72750091552734,2024-10,10,2024
2024-10-08,HB_AVG,RT,59.394996643066406,2024-10,10,2024
2024-10-09,HB_AVG,RT,66.09249877929688,2024-10,10,2024
2024-10-10,HB_AVG,RT,47.462501525878906,2024-10,10,2024
2024-10-11,HB_AVG,RT,31.533750534057617,2024-10,10,2024
2024-10-12,HB_AVG,RT,32.05875015258789,2024-10,10,2024
2024-10-13,HB_AVG,RT,76.7925033569336,2024-10,10,2024
2024-10-14,HB_AVG,RT,80.81999969482422,2024-10,10,2024
2024-10-15,HB_AVG,RT,121.85625457763672,2024-10,10,2024
2024-10-16,HB_AVG,RT,63.5987548828125,2024-10,10,2024
2024-10-17,HB_AVG,RT,21.170000076293945,2024-10,10,2024
2024-10-18,HB_AVG,RT,16.954999923706055,2024-10,10,2024
2024-10-19,HB_AVG,RT,25.698749542236328,2024-10,10,2024
2024-10-20,HB_AVG,RT,72.82624816894531,2024-10,10,2024
2024-10-21,HB_AVG,RT,17.517498016357422,2024-10,10,2024
2024-10-22,HB_AVG,RT,150.3874969482422,2024-10,10,2024
2024-10-23,HB_AVG,RT,177.427490234375,2024-10,10,2024
2024-10-24,HB_AVG,RT,23.88249969482422,2024-10,10,2024
2024-10-25,HB_AVG,RT,132.66500854492188,2024-10,10,2024
2024-10-26,HB_AVG,RT,147.55999755859375,2024-10,10,2024
2024-10-27,HB_AVG,RT,44.86000061035156,2024-10,10,2024
2024-10-28,HB_AVG,RT,25.3387508392334,2024-10,10,2024
2024-10-29,HB_AVG,RT,20.39000129699707,2024-10,10,2024
2024-10-30,HB_AVG,RT,95.76000213623047,2024-10,10,2024
2024-10-31,HB_AVG,RT,43.28624725341797,2024-10,10,2024
2024-11-01,HB_AVG,RT,11.932498931884766,2024-11,11,2024
2024-11-02,HB_AVG,RT,14.128750801086426,2024-11,11,2024
2024-11-03,HB_AVG,RT,66.69999694824219,2024-11,11,2024
2024-11-04,HB_AVG,RT,91.53375244140625,2024-11,11,2024
2024-11-05,HB_AVG,RT,94.54000091552734,2024-11,11,2024
2024-11-06,HB_AVG,RT,31.69500160217285,2024-11,11,2024
2024-11-07,HB_AVG,RT,161.04998779296875,2024-11,11,2024
2024-11-08,HB_AVG,RT,44.52124786376953,2024-11,11,2024
2024-11-09,HB_AVG,RT,48.787498474121094,2024-11,11,2024
2024-11-10,HB_AVG,RT,788.0886840820312,2024-11,11,2024
2024-11-11,HB_AVG,RT,88.58625793457031,2024-11,11,2024
2024-11-12,HB_AVG,RT,20.917499542236328,2024-11,11,2024
2024-11-13,HB_AVG,RT,49.189998626708984,2024-11,11,2024
2024-11-14,HB_AVG,RT,44.97374725341797,2024-11,11,2024
2024-11-15,HB_AVG,RT,27.1612491607666,2024-11,11,2024
2024-11-16,HB_AVG,RT,19.17749786376953,2024-11,11,2024
2024-11-17,HB_AVG,RT,1355.4200439453125,2024-11,11,2024
2024-11-18,HB_AVG,RT,21.982498168945312,2024-11,11,2024
2024-11-19,HB_AVG,RT,52.959999084472656,2024-11,11,2024
2024-11-20,HB_AVG,RT,108.92125701904297,2024-11,11,2024
2024-11-21,HB_AVG,RT,65.5824966430664,2024-11,11,2024
2024-11-22,HB_AVG,RT,18.467498779296875,2024-11,11,2024
2024-11-23,HB_AVG,RT,26.813749313354492,2024-11,11,2024
2024-11-24,HB_AVG,RT,19.700000762939453,2024-11,11,2024
2024-11-25,HB_AVG,RT,22.103750228881836,2024-11,11,2024
2024-11-26,HB_AVG,RT,31.336254119873047,2024-11,11,2024
2024-11-27,HB_AVG,RT,16.012500762939453,2024-11,11,2024
2024-11-28,HB_AVG,RT,13.011251449584961,2024-11,11,2024
2024-11-29,HB_AVG,RT,30.331249237060547,2024-11,11,2024
2024-11-30,HB_AVG,RT,68.25250244140625,2024-11,11,2024
2024-12-01,HB_AVG,RT,34.05000305175781,2024-12,12,2024
2024-12-02,HB_AVG,RT,62.14250183105469,2024-12,12,2024
2024-12-03,HB_AVG,RT,32.993751525878906,2024-12,12,2024
2024-12-04,HB_AVG,RT,66.0199966430664,2024-12,12,2024
2024-12-05,HB_AVG,RT,17.866249084472656,2024-12,12,2024
2024-12-06,HB_AVG,RT,20.32250213623047,2024-12,12,2024
2024-12-07,HB_AVG,RT,45.587501525878906,2024-12,12,2024
2024-12-08,HB_AVG,RT,39.59375,2024-12,12,2024
2024-12-09,HB_AVG,RT,31.857500076293945,2024-12,12,2024
2024-12-10,HB_AVG,RT,36.92499542236328,2024-12,12,2024
2024-12-11,HB_AVG,RT,41.95249938964844,2024-12,12,2024
2024-12-12,HB_AVG,RT,33.45874786376953,2024-12,12,2024
2024-12-13,HB_AVG,RT,17.655000686645508,2024-12,12,2024
2024-12-14,HB_AVG,RT,239.91123962402344,2024-12,12,2024
2024-12-15,HB_AVG,RT,17.49500274658203,2024-12,12,2024
2024-12-16,HB_AVG,RT,40.5212516784668,2024-12,12,2024
2024-12-17,HB_AVG,RT,21.636249542236328,2024-12,12,2024
2024-12-18,HB_AVG,RT,32.66749954223633,2024-12,12,2024
2024-12-19,HB_AVG,RT,16.177499771118164,2024-12,12,2024
2024-12-20,HB_AVG,RT,31.9375,2024-12,12,2024
2024-12-21,HB_AVG,RT,30.104999542236328,2024-12,12,2024
2024-12-22,HB_AVG,RT,26.582500457763672,2024-12,12,2024
2024-12-23,HB_AVG,RT,26.44624900817871,2024-12,12,2024
2024-12-24,HB_AVG,RT,9.607501983642578,2024-12,12,2024
2024-12-25,HB_AVG,RT,38.59749984741211,2024-12,12,2024
2024-12-26,HB_AVG,RT,62.75625228881836,2024-12,12,2024
2024-12-27,HB_AVG,RT,37.186248779296875,2024-12,12,2024
2024-12-28,HB_AVG,RT,30.207500457763672,2024-12,12,2024
2024-12-29,HB_AVG,RT,30.00374984741211,2024-12,12,2024
2024-12-30,HB_AVG,RT,55.527503967285156,2024-12,12,2024
2024-12-31,HB_AVG,RT,53.18375015258789,2024-12,12,2024
2025-01-01,HB_AVG,RT,75.65874481201172,2025-01,1,2025
2025-01-02,HB_AVG,RT,24.437498092651367,2025-01,1,2025
2025-01-03,HB_AVG,RT,18.016246795654297,2025-01,1,2025
2025-01-04,HB_AVG,RT,37.11000061035156,2025-01,1,2025
2025-01-05,HB_AVG,RT,51.352500915527344,2025-01,1,2025
2025-01-06,HB_AVG,RT,34.72374725341797,2025-01,1,2025
2025-01-07,HB_AVG,RT,42.473751068115234,2025-01,1,2025
2025-01-08,HB_AVG,RT,26.22374725341797,2025-01,1,2025
2025-01-09,HB_AVG,RT,15.726253509521484,2025-01,1,2025
2025-01-10,HB_AVG,RT,26.325002670288086,2025-01,1,2025
2025-01-11,HB_AVG,RT,40.071250915527344,2025-01,1,2025
2025-01-12,HB_AVG,RT,42.4637451171875,2025-01,1,2025
2025-01-13,HB_AVG,RT,107.22250366210938,2025-01,1,2025
2025-01-14,HB_AVG,RT,52.27499771118164,2025-01,1,2025
2025-01-15,HB_AVG,RT,880.594970703125,2025-01,1,2025
2025-01-16,HB_AVG,RT,65.30000305175781,2025-01,1,2025
2025-01-17,HB_AVG,RT,19.11750030517578,2025-01,1,2025
2025-01-18,HB_AVG,RT,29.078750610351562,2025-01,1,2025
2025-01-19,HB_AVG,RT,76.62875366210938,2025-01,1,2025
2025-01-20,HB_AVG,RT,32.66374969482422,2025-01,1,2025
2025-01-21,HB_AVG,RT,81.15125274658203,2025-01,1,2025
2025-01-22,HB_AVG,RT,54.87125015258789,2025-01,1,2025
2025-01-23,HB_AVG,RT,148.37750244140625,2025-01,1,2025
2025-01-24,HB_AVG,RT,95.02249908447266,2025-01,1,2025
2025-01-25,HB_AVG,RT,40.34125518798828,2025-01,1,2025
2025-01-26,HB_AVG,RT,22.549997329711914,2025-01,1,2025
2025-01-27,HB_AVG,RT,33.573753356933594,2025-01,1,2025
2025-01-28,HB_AVG,RT,39.65875244140625,2025-01,1,2025
2025-01-29,HB_AVG,RT,24.936248779296875,2025-01,1,2025
2025-01-30,HB_AVG,RT,16.69875144958496,2025-01,1,2025
2025-01-31,HB_AVG,RT,44.40125274658203,2025-01,1,2025
2025-02-01,HB_AVG,RT,38.60625076293945,2025-02,2,2025
2025-02-02,HB_AVG,RT,25.2549991607666,2025-02,2,2025
2025-02-03,HB_AVG,RT,40.616249084472656,2025-02,2,2025
2025-02-04,HB_AVG,RT,82.52249908447266,2025-02,2,2025
2025-02-05,HB_AVG,RT,87.15625762939453,2025-02,2,2025
2025-02-06,HB_AVG,RT,21.77750015258789,2025-02,2,2025
2025-02-07,HB_AVG,RT,22.037500381469727,2025-02,2,2025
2025-02-08,HB_AVG,RT,24.615001678466797,2025-02,2,2025
2025-02-09,HB_AVG,RT,16.774999618530273,2025-02,2,2025
2025-02-10,HB_AVG,RT,23.052501678466797,2025-02,2,2025
2025-02-11,HB_AVG,RT,12.022499084472656,2025-02,2,2025
2025-02-12,HB_AVG,RT,55.93000411987305,2025-02,2,2025
2025-02-13,HB_AVG,RT,38.90125274658203,2025-02,2,2025
2025-02-14,HB_AVG,RT,4.901250839233398,2025-02,2,2025
2025-02-15,HB_AVG,RT,36.161251068115234,2025-02,2,2025
2025-02-16,HB_AVG,RT,31.949996948242188,2025-02,2,2025
2025-02-17,HB_AVG,RT,26.9950008392334,2025-02,2,2025
2025-02-18,HB_AVG,RT,22.681251525878906,2025-02,2,2025
2025-02-19,HB_AVG,RT,289.0999755859375,2025-02,2,2025
2025-02-20,HB_AVG,RT,227.35501098632812,2025-02,2,2025
2025-02-21,HB_AVG,RT,81.8800048828125,2025-02,2,2025
2025-02-22,HB_AVG,RT,36.78125,2025-02,2,2025
2025-02-23,HB_AVG,RT,36.24749755859375,2025-02,2,2025
2025-02-24,HB_AVG,RT,90.05874633789062,2025-02,2,2025
2025-02-25,HB_AVG,RT,35.40625,2025-02,2,2025
2025-02-26,HB_AVG,RT,23.447500228881836,2025-02,2,2025
2025-02-27,HB_AVG,RT,82.98250579833984,2025-02,2,2025
2025-02-28,HB_AVG,RT,56.93124771118164,2025-02,2,2025
2025-03-01,HB_AVG,RT,116.81375885009766,2025-03,3,2025
2025-03-02,HB_AVG,RT,107.29125213623047,2025-03,3,2025
2025-03-03,HB_AVG,RT,43.70124816894531,2025-03,3,2025
2025-03-04,HB_AVG,RT,40.52000045776367,2025-03,3,2025
2025-03-05,HB_AVG,RT,96.76124572753906,2025-03,3,2025
2025-03-06,HB_AVG,RT,67.06500244140625,2025-03,3,2025
2025-03-07,HB_AVG,RT,45.38249969482422,2025-03,3,2025
2025-03-08,HB_AVG,RT,34.89999771118164,2025-03,3,2025
2025-03-09,HB_AVG,RT,59.071250915527344,2025-03,3,2025
2025-03-10,HB_AVG,RT,84.05625915527344,2025-03,3,2025
2025-03-11,HB_AVG,RT,75.28374481201172,2025-03,3,2025
2025-03-12,HB_AVG,RT,37.367496490478516,2025-03,3,2025
2025-03-13,HB_AVG,RT,41.54750061035156,2025-03,3,2025
2025-03-14,HB_AVG,RT,28.24250030517578,2025-03,3,2025
2025-03-15,HB_AVG,RT,111.90250396728516,2025-03,3,2025
2025-03-16,HB_AVG,RT,101.6937484741211,2025-03,3,2025
2025-03-17,HB_AVG,RT,34.77000045776367,2025-03,3,2025
2025-03-18,HB_AVG,RT,57.6875,2025-03,3,2025
2025-03-19,HB_AVG,RT,82.90250396728516,2025-03,3,2025
2025-03-20,HB_AVG,RT,51.40125274658203,2025-03,3,2025
2025-03-21,HB_AVG,RT,58.1824951171875,2025-03,3,2025
2025-03-22,HB_AVG,RT,26.881250381469727,2025-03,3,2025
2025-03-23,HB_AVG,RT,31.8125,2025-03,3,2025
2025-03-24,HB_AVG,RT,147.20126342773438,2025-03,3,2025
2025-03-25,HB_AVG,RT,89.47624969482422,2025-03,3,2025
2025-03-26,HB_AVG,RT,24.14874839782715,2025-03,3,2025
2025-03-27,HB_AVG,RT,25.520000457763672,2025-03,3,2025
2025-03-28,HB_AVG,RT,31.400001525878906,2025-03,3,2025
2025-03-29,HB_AVG,RT,78.76499938964844,2025-03,3,2025
2025-03-30,HB_AVG,RT,120.45624542236328,2025-03,3,2025
2025-03-31,HB_AVG,RT,86.62374877929688,2025-03,3,2025
2025-04-01,HB_AVG,RT,38.823753356933594,2025-04,4,2025
2025-04-02,HB_AVG,RT,153.7349853515625,2025-04,4,2025
2025-04-03,HB_AVG,RT,19.50749969482422,2025-04,4,2025
2025-04-04,HB_AVG,RT,31.796249389648438,2025-04,4,2025
2025-04-05,HB_AVG,RT,12.133749961853027,2025-04,4,2025
2025-04-06,HB_AVG,RT,185.5,2025-04,4,2025
2025-04-07,HB_AVG,RT,861.1412353515625,2025-04,4,2025
2025-04-08,HB_AVG,RT,46.874996185302734,2025-04,4,2025
2025-04-09,HB_AVG,RT,84.42499542236328,2025-04,4,2025
2025-04-10,HB_AVG,RT,89.91250610351562,2025-04,4,2025
2025-04-11,HB_AVG,RT,42.06499481201172,2025-04,4,2025
2025-04-12,HB_AVG,RT,30.100000381469727,2025-04,4,2025
2025-04-13,HB_AVG,RT,43.988746643066406,2025-04,4,2025
2025-04-14,HB_AVG,RT,71.85749816894531,2025-04,4,2025
2025-04-15,HB_AVG,RT,62.66250228881836,2025-04,4,2025
2025-04-16,HB_AVG,RT,77.18499755859375,2025-04,4,2025
2025-04-17,HB_AVG,RT,42.51874923706055,2025-04,4,2025
2025-04-18,HB_AVG,RT,47.02375411987305,2025-04,4,2025
2025-04-19,HB_AVG,RT,15.917500495910645,2025-04,4,2025
2025-04-20,HB_AVG,RT,196.6074981689453,2025-04,4,2025
2025-04-21,HB_AVG,RT,68.49124908447266,2025-04,4,2025
2025-04-22,HB_AVG,RT,64.21875,2025-04,4,2025
2025-04-23,HB_AVG,RT,29.052499771118164,2025-04,4,2025
2025-04-24,HB_AVG,RT,42.67250061035156,2025-04,4,2025
2025-04-25,HB_AVG,RT,41.290000915527344,2025-04,4,2025
2025-04-26,HB_AVG,RT,87.98374938964844,2025-04,4,2025
2025-04-27,HB_AVG,RT,25.66750144958496,2025-04,4,2025
2025-04-28,HB_AVG,RT,33.2762451171875,2025-04,4,2025
2025-04-29,HB_AVG,RT,49.52124786376953,2025-04,4,2025
2025-04-30,HB_AVG,RT,99.05625915527344,2025-04,4,2025
2025-05-01,HB_AVG,RT,99.91625213623047,2025-05,5,2025
2025-05-02,HB_AVG,RT,30.97249984741211,2025-05,5,2025
2025-05-03,HB_AVG,RT,57.652496337890625,2025-05,5,2025
2025-05-04,HB_AVG,RT,29.783750534057617,2025-05,5,2025
2025-05-05,HB_AVG,RT,11.162500381469727,2025-05,5,2025
2025-05-06,HB_AVG,RT,114.76249694824219,2025-05,5,2025
2025-05-07,HB_AVG,RT,69.375,2025-05,5,2025
2025-05-08,HB_AVG,RT,280.6999816894531,2025-05,5,2025
2025-05-09,HB_AVG,RT,77.45124816894531,2025-05,5,2025
2025-05-10,HB_AVG,RT,35.938751220703125,2025-05,5,2025
2025-05-11,HB_AVG,RT,98.3862533569336,2025-05,5,2025
2025-05-12,HB_AVG,RT,48.49749755859375,2025-05,5,2025
2025-05-13,HB_AVG,RT,39.57250213623047,2025-05,5,2025
2025-05-14,HB_AVG,RT,32.17124938964844,2025-05,5,2025
2025-05-15,HB_AVG,RT,79.88874816894531,2025-05,5,2025
2025-05-16,HB_AVG,RT,971.4550170898438,2025-05,5,2025
2025-05-17,HB_AVG,RT,70.39749908447266,2025-05,5,2025
2025-05-18,HB_AVG,RT,18.24749755859375,2025-05,5,2025
2025-05-19,HB_AVG,RT,23.87750244140625,2025-05,5,2025
2025-05-20,HB_AVG,RT,152.3212432861328,2025-05,5,2025
2025-05-21,HB_AVG,RT,68.80999755859375,2025-05,5,2025
2025-05-22,HB_AVG,RT,33.47624969482422,2025-05,5,2025
2025-05-23,HB_AVG,RT,45.188751220703125,2025-05,5,2025
2025-05-24,HB_AVG,RT,16.572500228881836,2025-05,5,2025
2025-05-25,HB_AVG,RT,39.12249755859375,2025-05,5,2025
2025-05-26,HB_AVG,RT,55.631248474121094,2025-05,5,2025
2025-05-27,HB_AVG,RT,124.01498413085938,2025-05,5,2025
2025-05-28,HB_AVG,RT,26.47624969482422,2025-05,5,2025
2025-05-29,HB_AVG,RT,33.02250289916992,2025-05,5,2025
2025-05-30,HB_AVG,RT,226.583740234375,2025-05,5,2025
2025-05-31,HB_AVG,RT,79.94125366210938,2025-05,5,2025
2025-06-01,HB_AVG,RT,46.54875183105469,2025-06,6,2025
2025-06-02,HB_AVG,RT,20.15250015258789,2025-06,6,2025
2025-06-03,HB_AVG,RT,47.29750061035156,2025-06,6,2025
2025-06-04,HB_AVG,RT,29.151248931884766,2025-06,6,2025
2025-06-05,HB_AVG,RT,115.84125518798828,2025-06,6,2025
2025-06-06,HB_AVG,RT,55.209999084472656,2025-06,6,2025
2025-06-07,HB_AVG,RT,70.64625549316406,2025-06,6,2025
2025-06-08,HB_AVG,RT,19.612499237060547,2025-06,6,2025
2025-06-09,HB_AVG,RT,96.92250061035156,2025-06,6,2025
2025-06-10,HB_AVG,RT,32.92250061035156,2025-06,6,2025
2025-06-11,HB_AVG,RT,72.95375061035156,2025-06,6,2025
2025-06-12,HB_AVG,RT,27.404998779296875,2025-06,6,2025
2025-06-13,HB_AVG,RT,54.14375305175781,2025-06,6,2025
2025-06-14,HB_AVG,RT,26.096248626708984,2025-06,6,2025
2025-06-15,HB_AVG,RT,39.40750503540039,2025-06,6,2025
2025-06-16,HB_AVG,RT,83.1925048828125,2025-06,6,2025
2025-06-17,HB_AVG,RT,32.834999084472656,2025-06,6,2025
2025-06-18,HB_AVG,RT,43.23750305175781,2025-06,6,2025
2025-06-19,HB_AVG,RT,67.65499877929688,2025-06,6,2025
2025-06-20,HB_AVG,RT,78.88249969482422,2025-06,6,2025
2025-06-21,HB_AVG,RT,26.292499542236328,2025-06,6,2025
2025-06-22,HB_AVG,RT,32.70375061035156,2025-06,6,2025
2025-06-23,HB_AVG,RT,31.99749755859375,2025-06,6,2025
2025-06-24,HB_AVG,RT,27.887500762939453,2025-06,6,2025
2025-06-25,HB_AVG,RT,19.036251068115234,2025-06,6,2025
2025-06-26,HB_AVG,RT,24.46125030517578,2025-06,6,2025
2025-06-27,HB_AVG,RT,103.01374816894531,2025-06,6,2025
2025-06-28,HB_AVG,RT,50.45000076293945,2025-06,6,2025
2025-06-29,HB_AVG,RT,20.12125015258789,2025-06,6,2025
2025-06-30,HB_AVG,RT,35.36000061035156,2025-06,6,2025
2025-07-01,HB_AVG,RT,146.86875915527344,2025-07,7,2025
2025-07-02,HB_AVG,RT,53.41375732421875,2025-07,7,2025
2025-07-03,HB_AVG,RT,14.893747329711914,2025-07,7,2025
2025-07-04,HB_AVG,RT,7.748750686645508,2025-07,7,2025
2025-07-05,HB_AVG,RT,19.636249542236328,2025-07,7,2025
2025-07-06,HB_AVG,RT,50.60375213623047,2025-07,7,2025
2025-07-07,HB_AVG,RT,42.717498779296875,2025-07,7,2025
2025-07-08,HB_AVG,RT,90.72249603271484,2025-07,7,2025
2025-07-09,HB_AVG,RT,61.23749923706055,2025-07,7,2025
2025-07-10,HB_AVG,RT,47.5212516784668,2025-07,7,2025
2025-07-11,HB_AVG,RT,284.1612548828125,2025-07,7,2025
2025-07-12,HB_AVG,RT,151.28125,2025-07,7,2025
2025-07-13,HB_AVG,RT,62.74125289916992,2025-07,7,2025
2025-07-14,HB_AVG,RT,34.529998779296875,2025-07,7,2025
2025-07-15,HB_AVG,RT,20.838748931884766,2025-07,7,2025
2025-07-16,HB_AVG,RT,29.028749465942383,2025-07,7,2025
2025-07-17,HB_AVG,RT,30.949996948242188,2025-07,7,2025
2025-07-18,HB_AVG,RT,20.076248168945312,2025-07,7,2025
2025-07-19,HB_AVG,RT,26.06125259399414,2025-07,7,2025
2025-07-20,HB_AVG,RT,22.41250228881836,2025-07,7,2025
2025-07-21,HB_AVG,RT,35.57624816894531,2025-07,7,2025
2025-07-22,HB_AVG,RT,37.98749923706055,2025-07,7,2025
2025-07-23,HB_AVG,RT,24.23499870300293,2025-07,7,2025
2025-07-24,HB_AVG,RT,32.81999969482422,2025-07,7,2025
2025-07-25,HB_AVG,RT,46.86249923706055,2025-07,7,2025
2025-07-26,HB_AVG,RT,31.654998779296875,2025-07,7,2025
2025-07-27,HB_AVG,RT,36.69499969482422,2025-07,7,2025
2025-07-28,HB_AVG,RT,62.83000183105469,2025-07,7,2025
2025-07-29,HB_AVG,RT,87.73875427246094,2025-07,7,2025
2025-07-30,HB_AVG,RT,215.29249572753906,2025-07,7,2025
2025-07-31,HB_AVG,RT,91.28750610351562,2025-07,7,2025
2025-08-01,HB_AVG,RT,98.62125396728516,2025-08,8,2025
2025-08-02,HB_AVG,RT,18.24374771118164,2025-08,8,2025
2025-08-03,HB_AVG,RT,64.42250061035156,2025-08,8,2025
2025-08-04,HB_AVG,RT,14.94124984741211,2025-08,8,2025
2025-08-05,HB_AVG,RT,23.448749542236328,2025-08,8,2025
2025-08-06,HB_AVG,RT,64.16625213623047,2025-08,8,2025
2025-08-07,HB_AVG,RT,64.6987533569336,2025-08,8,2025
2025-08-08,HB_AVG,RT,36.26249694824219,2025-08,8,2025
2025-08-09,HB_AVG,RT,21.473751068115234,2025-08,8,2025
2025-08-10,HB_AVG,RT,34.95249938964844,2025-08,8,2025
2025-08-11,HB_AVG,RT,72.52749633789062,2025-08,8,2025
2025-08-12,HB_AVG,RT,71.50125122070312,2025-08,8,2025
2025-08-13,HB_AVG,RT,41.28375244140625,2025-08,8,2025
2025-08-14,HB_AVG,RT,58.898746490478516,2025-08,8,2025
2025-08-15,HB_AVG,RT,37.83875274658203,2025-08,8,2025
2025-08-16,HB_AVG,RT,50.15125274658203,2025-08,8,2025
2025-08-17,HB_AVG,RT,64.59874725341797,2025-08,8,2025
2025-08-18,HB_AVG,RT,112.83250427246094,2025-08,8,2025
2025-08-19,HB_AVG,RT,69.90750122070312,2025-08,8,2025
2025-08-20,HB_AVG,RT,152.29251098632812,2025-08,8,2025
2025-08-21,HB_AVG,RT,45.44750213623047,2025-08,8,2025
2025-08-22,HB_AVG,RT,52.70624923706055,2025-08,8,2025
2025-08-23,HB_AVG,RT,83.94500732421875,2025-08,8,2025
2025-08-24,HB_AVG,RT,97.7862548828125,2025-08,8,2025
2025-08-25,HB_AVG,RT,42.31000518798828,2025-08,8,2025
2025-08-26,HB_AVG,RT,40.61000061035156,2025-08,8,2025
2025-08-27,HB_AVG,RT,44.811248779296875,2025-08,8,2025
2025-08-28,HB_AVG,RT,66.02874755859375,2025-08,8,2025
2025-08-29,HB_AVG,RT,17.970001220703125,2025-08,8,2025
2025-08-30,HB_AVG,RT,15.818746566772461,2025-08,8,2025
2025-08-31,HB_AVG,RT,16.592498779296875,2025-08,8,2025
2025-09-01,HB_AVG,RT,44.284996032714844,2025-09,9,2025
2025-09-02,HB_AVG,RT,67.72000122070312,2025-09,9,2025
2025-09-03,HB_AVG,RT,86.59750366210938,2025-09,9,2025
2025-09-04,HB_AVG,RT,94.66499328613281,2025-09,9,2025
2025-09-05,HB_AVG,RT,43.01625061035156,2025-09,9,2025
2025-09-06,HB_AVG,RT,28.44749641418457,2025-09,9,2025
2025-09-07,HB_AVG,RT,25.921247482299805,2025-09,9,2025
2025-09-08,HB_AVG,RT,29.186250686645508,2025-09,9,2025
2025-09-09,HB_AVG,RT,50.882503509521484,2025-09,9,2025
2025-09-10,HB_AVG,RT,69.82625579833984,2025-09,9,2025
2025-09-11,HB_AVG,RT,50.95000076293945,2025-09,9,2025
2025-09-12,HB_AVG,RT,46.195003509521484,2025-09,9,2025
2025-09-13,HB_AVG,RT,69.9124984741211,2025-09,9,2025
2025-09-14,HB_AVG,RT,29.06999969482422,2025-09,9,2025
2025-09-15,HB_AVG,RT,41.29999923706055,2025-09,9,2025
2025-09-16,HB_AVG,RT,40.08625030517578,2025-09,9,2025
2025-09-17,HB_AVG,RT,87.08999633789062,2025-09,9,2025
2025-09-18,HB_AVG,RT,65.42999267578125,2025-09,9,2025
2025-09-19,HB_AVG,RT,41.68000030517578,2025-09,9,2025
2025-09-20,HB_AVG,RT,17.146249771118164,2025-09,9,2025
2025-09-21,HB_AVG,RT,41.81374740600586,2025-09,9,2025
2025-09-22,HB_AVG,RT,39.12874984741211,2025-09,9,2025
2025-09-23,HB_AVG,RT,113.18624114990234,2025-09,9,2025
2025-09-24,HB_AVG,RT,44.147499084472656,2025-09,9,2025
2025-09-25,HB_AVG,RT,96.85125732421875,2025-09,9,2025
2025-09-26,HB_AVG,RT,77.33000183105469,2025-09,9,2025
2025-09-27,HB_AVG,RT,42.54624938964844,2025-09,9,2025
2025-09-28,HB_AVG,RT,42.72374725341797,2025-09,9,2025
2025-09-29,HB_AVG,RT,57.397499084472656,2025-09,9,2025
2025-09-30,HB_AVG,RT,45.003753662109375,2025-09,9,2025
2025-10-01,HB_AVG,RT,51.40250015258789,2025-10,10,2025
2025-10-02,HB_AVG,RT,52.61499786376953,2025-10,10,2025
2025-10-03,HB_AVG,RT,25.196250915527344,2025-10,10,2025
2025-10-04,HB_AVG,RT,23.862499237060547,2025-10,10,2025
2025-10-05,HB_AVG,RT,41.665000915527344,2025-10,10,2025
2025-10-06,HB_AVG,RT,56.54375076293945,2025-10,10,2025
2025-10-07,HB_AVG,RT,44.782501220703125,2025-10,10,2025
2025-10-08,HB_AVG,RT,74.31999206542969,2025-10,10,2025
2025-10-09,HB_AVG,RT,61.4474983215332,2025-10,10,2025
2025-10-10,HB_AVG,RT,115.53498840332031,2025-10,10,2025
2025-10-11,HB_AVG,RT,88.17625427246094,2025-10,10,2025
2025-10-12,HB_AVG,RT,146.85000610351562,2025-10,10,2025
2025-10-13,HB_AVG,RT,43.05500411987305,2025-10,10,2025
2025-10-14,HB_AVG,RT,84.23750305175781,2025-10,10,2025
2025-10-15,HB_AVG,RT,42.051246643066406,2025-10,10,2025
2025-10-16,HB_AVG,RT,15.452500343322754,2025-10,10,2025
2025-10-17,HB_AVG,RT,71.10125732421875,2025-10,10,2025
2025-10-18,HB_AVG,RT,18.474998474121094,2025-10,10,2025
2025-10-19,HB_AVG,RT,28.198747634887695,2025-10,10,2025
2025-10-20,HB_AVG,RT,71.3812484741211,2025-10,10,2025
2025-10-21,HB_AVG,RT,202.06625366210938,2025-10,10,2025
2025-10-22,HB_AVG,RT,88.34749603271484,2025-10,10,2025
2025-10-23,HB_AVG,RT,40.93375015258789,2025-10,10,2025
2025-10-24,HB_AVG,RT,53.29875183105469,2025-10,10,2025
2025-10-25,HB_AVG,RT,59.80999755859375,2025-10,10,2025
2025-10-26,HB_AVG,RT,88.9675064086914,2025-10,10,2025
2025-10-27,HB_AVG,RT,119.3899917602539,2025-10,10,2025
2025-10-28,HB_AVG,RT,13.988750457763672,2025-10,10,2025
2025-10-29,HB_AVG,RT,52.99500274658203,2025-10,10,2025
2025-10-30,HB_AVG,RT,66.74874877929688,2025-10,10,2025
2025-10-31,HB_AVG,RT,64.97750091552734,2025-10,10,2025
2025-11-01,HB_AVG,RT,82.50250244140625,2025-11,11,2025
2025-11-02,HB_AVG,RT,59.30500030517578,2025-11,11,2025
2025-11-03,HB_AVG,RT,38.45500183105469,2025-11,11,2025
2025-11-04,HB_AVG,RT,31.44124984741211,2025-11,11,2025
2025-11-05,HB_AVG,RT,81.14625549316406,2025-11,11,2025
2025-11-06,HB_AVG,RT,39.17750549316406,2025-11,11,2025
2025-11-07,HB_AVG,RT,163.12750244140625,2025-11,11,2025
2025-11-08,HB_AVG,RT,24.581249237060547,2025-11,11,2025
2025-11-09,HB_AVG,RT,62.123748779296875,2025-11,11,2025
2025-11-10,HB_AVG,RT,53.43375015258789,2025-11,11,2025
2025-11-11,HB_AVG,RT,31.315000534057617,2025-11,11,2025
2025-11-12,HB_AVG,RT,53.86249542236328,2025-11,11,2025
2025-11-13,HB_AVG,RT,47.9949951171875,2025-11,11,2025
2025-11-14,HB_AVG,RT,34.738746643066406,2025-11,11,2025
2025-11-15,HB_AVG,RT,36.542503356933594,2025-11,11,2025
2025-11-16,HB_AVG,RT,71.5050048828125,2025-11,11,2025
2025-11-17,HB_AVG,RT,34.48999786376953,2025-11,11,2025
2025-11-18,HB_AVG,RT,133.69500732421875,2025-11,11,2025
2025-11-19,HB_AVG,RT,85.84124755859375,2025-11,11,2025
2025-11-20,HB_AVG,RT,30.200000762939453,2025-11,11,2025
2025-11-21,HB_AVG,RT,57.92875671386719,2025-11,11,2025
2025-11-22,HB_AVG,RT,59.529998779296875,2025-11,11,2025
2025-11-23,HB_AVG,RT,36.80875015258789,2025-11,11,2025
2025-11-24,HB_AVG,RT,87.9937515258789,2025-11,11,2025
2025-11-25,HB_AVG,RT,93.79124450683594,2025-11,11,2025
2025-11-26,HB_AVG,RT,37.83374786376953,2025-11,11,2025
2025-11-27,HB_AVG,RT,17.12125015258789,2025-11,11,2025
2025-11-28,HB_AVG,RT,31.486251831054688,2025-11,11,2025
2025-11-29,HB_AVG,RT,16.931249618530273,2025-11,11,2025
2025-11-30,HB_AVG,RT,72.12249755859375,2025-11,11,2025
2025-12-01,HB_AVG,RT,226.68502807617188,2025-12,12,2025
2025-12-02,HB_AVG,RT,173.84500122070312,2025-12,12,2025
2025-12-03,HB_AVG,RT,36.93000030517578,2025-12,12,2025
2025-12-04,HB_AVG,RT,73.65625,2025-12,12,2025
2025-12-05,HB_AVG,RT,32.80000305175781,2025-12,12,2025
2025-12-06,HB_AVG,RT,56.68500518798828,2025-12,12,2025
2025-12-07,HB_AVG,RT,65.02999877929688,2025-12,12,2025
2025-12-08,HB_AVG,RT,90.3125,2025-12,12,2025
2025-12-09,HB_AVG,RT,30.979999542236328,2025-12,12,2025
2025-12-10,HB_AVG,RT,73.4262466430664,2025-12,12,2025
2025-12-11,HB_AVG,RT,27.468751907348633,2025-12,12,2025
2025-12-12,HB_AVG,RT,30.47125244140625,2025-12,12,2025
2025-12-13,HB_AVG,RT,21.686250686645508,2025-12,12,2025
2025-12-14,HB_AVG,RT,266.1287536621094,2025-12,12,2025
2025-12-15,HB_AVG,RT,184.0474853515625,2025-12,12,2025
2025-12-16,HB_AVG,RT,25.823749542236328,2025-12,12,2025
2025-12-17,HB_AVG,RT,26.37000274658203,2025-12,12,2025
2025-12-18,HB_AVG,RT,46.6974983215332,2025-12,12,2025
2025-12-19,HB_AVG,RT,42.35750198364258,2025-12,12,2025
2025-12-20,HB_AVG,RT,29.028751373291016,2025-12,12,2025
2025-12-21,HB_AVG,RT,20.124998092651367,2025-12,12,2025
2025-12-22,HB_AVG,RT,15.0912504196167,2025-12,12,2025
2025-12-23,HB_AVG,RT,76.0425033569336,2025-12,12,2025
2025-12-24,HB_AVG,RT,26.573749542236328,2025-12,12,2025
2025-12-25,HB_AVG,RT,9.966249465942383,2025-12,12,2025
2025-12-26,HB_AVG,RT,19.61750030517578,2025-12,12,2025
2025-12-27,HB_AVG,RT,18.767499923706055,2025-12,12,2025
2025-12-28,HB_AVG,RT,17.14375114440918,2025-12,12,2025
2025-12-29,HB_AVG,RT,72.22750091552734,2025-12,12,2025
2025-12-30,HB_AVG,RT,30.488752365112305,2025-12,12,2025
2025-12-31,HB_AVG,RT,32.1462516784668,2025-12,12,2025
2026-01-01,HB_AVG,RT,10.065000534057617,2026-01,1,2026
2026-01-02,HB_AVG,RT,24.78874969482422,2026-01,1,2026
2026-01-03,HB_AVG,RT,41.33124923706055,2026-01,1,2026
2026-01-04,HB_AVG,RT,31.014997482299805,2026-01,1,2026
2026-01-05,HB_AVG,RT,23.733749389648438,2026-01,1,2026
2026-01-06,HB_AVG,RT,40.946250915527344,2026-01,1,2026
2026-01-07,HB_AVG,RT,21.80124855041504,2026-01,1,2026
2026-01-08,HB_AVG,RT,37.08875274658203,2026-01,1,2026
2026-01-09,HB_AVG,RT,35.41875076293945,2026-01,1,2026
2026-01-10,HB_AVG,RT,40.73374938964844,2026-01,1,2026
2026-01-11,HB_AVG,RT,33.123748779296875,2026-01,1,2026
2026-01-12,HB_AVG,RT,26.972501754760742,2026-01,1,2026
2026-01-13,HB_AVG,RT,12.38124942779541,2026-01,1,2026
2026-01-14,HB_AVG,RT,38.12000274658203,2026-01,1,2026
2026-01-15,HB_AVG,RT,42.03750228881836,2026-01,1,2026
2026-01-16,HB_AVG,RT,35.64249801635742,2026-01,1,2026
2026-01-17,HB_AVG,RT,63.78125,2026-01,1,2026
2026-01-18,HB_AVG,RT,42.98249816894531,2026-01,1,2026
2026-01-19,HB_AVG,RT,46.60749816894531,2026-01,1,2026
2026-01-20,HB_AVG,RT,121.46000671386719,2026-01,1,2026
2026-01-21,HB_AVG,RT,30.10124969482422,2026-01,1,2026
2026-01-22,HB_AVG,RT,28.99875259399414,2026-01,1,2026
2026-01-23,HB_AVG,RT,41.3849983215332,2026-01,1,2026
2026-01-24,HB_AVG,RT,236.6374969482422,2026-01,1,2026
2026-01-25,HB_AVG,RT,748.6011962890625,2026-01,1,2026
2026-01-26,HB_AVG,RT,406.2974853515625,2026-01,1,2026
2026-01-27,HB_AVG,RT,182.04873657226562,2026-01,1,2026
2026-01-28,HB_AVG,RT,859.5850219726562,2026-01,1,2026
2026-01-29,HB_AVG,RT,62.932498931884766,2026-01,1,2026
2026-01-30,HB_AVG,RT,65.47750854492188,2026-01,1,2026
2026-01-31,HB_AVG,RT,305.54376220703125,2026-01,1,2026
2026-02-01,HB_AVG,RT,235.74000549316406,2026-02,2,2026
2026-02-02,HB_AVG,RT,53.26499938964844,2026-02,2,2026
2026-02-03,HB_AVG,RT,42.599998474121094,2026-02,2,2026
2026-02-04,HB_AVG,RT,59.588748931884766,2026-02,2,2026
2026-02-05,HB_AVG,RT,51.182498931884766,2026-02,2,2026
2026-02-06,HB_AVG,RT,41.48249816894531,2026-02,2,2026
2026-02-07,HB_AVG,RT,35.09124755859375,2026-02,2,2026
2026-02-08,HB_AVG,RT,68.13749694824219,2026-02,2,2026
2026-02-09,HB_AVG,RT,38.363746643066406,2026-02,2,2026
2026-02-10,HB_AVG,RT,12.603750228881836,2026-02,2,2026
2026-02-11,HB_AVG,RT,30.942501068115234,2026-02,2,2026
2026-02-12,HB_AVG,RT,38.03624725341797,2026-02,2,2026
2026-02-13,HB_AVG,RT,25.7762508392334,2026-02,2,2026
2026-02-14,HB_AVG,RT,13.47249984741211,2026-02,2,2026
2026-02-15,HB_AVG,RT,39.14500045776367,2026-02,2,2026
2026-02-16,HB_AVG,RT,24.332500457763672,2026-02,2,2026
2026-02-17,HB_AVG,RT,32.519996643066406,2026-02,2,2026
2026-02-18,HB_AVG,RT,10.866249084472656,2026-02,2,2026
2026-02-19,HB_AVG,RT,62.32500076293945,2026-02,2,2026
2026-02-20,HB_AVG,RT,44.98250198364258,2026-02,2,2026
2026-02-21,HB_AVG,RT,40.537498474121094,2026-02,2,2026
2026-02-22,HB_AVG,RT,42.08250045776367,2026-02,2,2026
2026-02-23,HB_AVG,RT,26.713748931884766,2026-02,2,2026
2026-02-24,HB_AVG,RT,69.29125213623047,2026-02,2,2026
2026-02-25,HB_AVG,RT,87.61125183105469,2026-02,2,2026
2026-02-26,HB_AVG,RT,42.90999984741211,2026-02,2,2026
2026-02-27,HB_AVG,RT,34.689998626708984,2026-02,2,2026
2026-02-28,HB_AVG,RT,35.23124694824219,2026-02,2,2026
2026-03-01,HB_AVG,RT,41.16875076293945,2026-03,3,2026
2026-03-02,HB_AVG,RT,20.01000213623047,2026-03,3,2026
2026-03-03,HB_AVG,RT,40.941253662109375,2026-03,3,2026
2026-03-04,HB_AVG,RT,34.967498779296875,2026-03,3,2026
2026-03-05,HB_AVG,RT,19.042499542236328,2026-03,3,2026
2026-03-06,HB_AVG,RT,21.704999923706055,2026-03,3,2026
2026-03-07,HB_AVG,RT,82.46875,2026-03,3,2026
2026-03-08,HB_AVG,RT,44.619998931884766,2026-03,3,2026
2026-03-09,HB_AVG,RT,33.626251220703125,2026-03,3,2026
2026-03-10,HB_AVG,RT,23.917499542236328,2026-03,3,2026
2026-03-11,HB_AVG,RT,21.852500915527344,2026-03,3,2026
2026-03-12,HB_AVG,RT,28.678749084472656,2026-03,3,2026
2026-03-13,HB_AVG,RT,67.4487533569336,2026-03,3,2026
2026-03-14,HB_AVG,RT,50.02874755859375,2026-03,3,2026
2026-03-15,HB_AVG,RT,17.248750686645508,2026-03,3,2026
2026-03-16,HB_AVG,RT,148.23248291015625,2026-03,3,2026
2026-03-17,HB_AVG,RT,45.89875030517578,2026-03,3,2026
2026-03-18,HB_AVG,RT,40.67625045776367,2026-03,3,2026
2026-03-19,HB_AVG,RT,32.775001525878906,2026-03,3,2026
2026-03-20,HB_AVG,RT,27.700000762939453,2026-03,3,2026
2026-03-21,HB_AVG,RT,21.852500915527344,2026-03,3,2026
2026-03-22,HB_AVG,RT,47.88624572753906,2026-03,3,2026
2026-03-23,HB_AVG,RT,599.7012329101562,2026-03,3,2026
2026-03-24,HB_AVG,RT,102.79124450683594,2026-03,3,2026
2026-03-25,HB_AVG,RT,30.25374984741211,2026-03,3,2026
2026-03-26,HB_AVG,RT,26.99250030517578,2026-03,3,2026
2026-03-27,HB_AVG,RT,18.958749771118164,2026-03,3,2026
2026-03-28,HB_AVG,RT,23.146249771118164,2026-03,3,2026
2026-03-29,HB_AVG,RT,34.6974983215332,2026-03,3,2026
2026-03-30,HB_AVG,RT,41.727500915527344,2026-03,3,2026
2026-03-31,HB_AVG,RT,24.988750457763672,2026-03,3,2026
2026-04-01,HB_AVG,RT,55.21624755859375,2026-04,4,2026
2026-04-02,HB_AVG,RT,33.4637451171875,2026-04,4,2026
2026-04-03,HB_AVG,RT,36.10625457763672,2026-04,4,2026
2026-04-04,HB_AVG,RT,34.03125,2026-04,4,2026
2026-04-05,HB_AVG,RT,49.81999969482422,2026-04,4,2026
2026-04-06,HB_AVG,RT,72.28875732421875,2026-04,4,2026
2026-04-07,HB_AVG,RT,45.84000015258789,2026-04,4,2026
2026-04-08,HB_AVG,RT,78.89750671386719,2026-04,4,2026
2026-04-09,HB_AVG,RT,134.4375,2026-04,4,2026
2026-04-10,HB_AVG,RT,45.378753662109375,2026-04,4,2026
2026-04-11,HB_AVG,RT,70.90374755859375,2026-04,4,2026
2026-04-12,HB_AVG,RT,141.40750122070312,2026-04,4,2026
2026-04-13,HB_AVG,RT,97.72624969482422,2026-04,4,2026
2026-04-14,HB_AVG,RT,43.519996643066406,2026-04,4,2026
2026-04-15,HB_AVG,RT,71.4112548828125,2026-04,4,2026
2026-04-16,HB_AVG,RT,20.110000610351562,2026-04,4,2026
2026-04-17,HB_AVG,RT,13.860000610351562,2026-04,4,2026
2026-04-18,HB_AVG,RT,68.1937484741211,2026-04,4,2026
2026-04-19,HB_AVG,RT,52.84124755859375,2026-04,4,2026
2026-04-20,HB_AVG,RT,83.86874389648438,2026-04,4,2026
2026-04-21,HB_AVG,RT,37.407501220703125,2026-04,4,2026
2026-04-22,HB_AVG,RT,27.046249389648438,2026-04,4,2026
2026-04-23,HB_AVG,RT,18.58625030517578,2026-04,4,2026
2026-04-24,HB_AVG,RT,608.2950439453125,2026-04,4,2026
2026-04-25,HB_AVG,RT,68.76750183105469,2026-04,4,2026
2026-04-26,HB_AVG,RT,12.611249923706055,2026-04,4,2026
2026-04-27,HB_AVG,RT,595.7787475585938,2026-04,4,2026
2026-04-28,HB_AVG,RT,65.87749481201172,2026-04,4,2026
2026-04-29,HB_AVG,RT,45.9900016784668,2026-04,4,2026
2026-04-30,HB_AVG,RT,26.43499755859375,2026-04,4,2026
2026-05-01,HB_AVG,RT,35.70124816894531,2026-05,5,2026
2026-05-02,HB_AVG,RT,66.38374328613281,2026-05,5,2026
2026-05-03,HB_AVG,RT,30.85124969482422,2026-05,5,2026
2026-05-04,HB_AVG,RT,34.14624786376953,2026-05,5,2026
2026-05-05,HB_AVG,RT,32.45874786376953,2026-05,5,2026
2026-05-06,HB_AVG,RT,18.362499237060547,2026-05,5,2026
2026-05-07,HB_AVG,RT,26.468748092651367,2026-05,5,2026
2026-05-08,HB_AVG,RT,26.058748245239258,2026-05,5,2026
2026-05-09,HB_AVG,RT,26.766250610351562,2026-05,5,2026
2026-05-10,HB_AVG,RT,18.928747177124023,2026-05,5,2026
2026-05-11,HB_AVG,RT,46.290000915527344,2026-05,5,2026
2026-05-12,HB_AVG,RT,62.938751220703125,2026-05,5,2026
2026-05-13,HB_AVG,RT,48.876243591308594,2026-05,5,2026
2026-05-14,HB_AVG,RT,45.3587532043457,2026-05,5,2026
2026-05-15,HB_AVG,RT,20.542499542236328,2026-05,5,2026
2026-05-16,HB_AVG,RT,17.9375,2026-05,5,2026
2026-05-17,HB_AVG,RT,23.698749542236328,2026-05,5,2026
2026-05-18,HB_AVG,RT,50.36000061035156,2026-05,5,2026
2026-05-19,HB_AVG,RT,50.73750305175781,2026-05,5,2026
2026-05-20,HB_AVG,RT,30.409996032714844,2026-05,5,2026
2026-05-21,HB_AVG,RT,30.904998779296875,2026-05,5,2026
2026-05-22,HB_AVG,RT,24.066246032714844,2026-05,5,2026
2026-05-23,HB_AVG,RT,17.54749870300293,2026-05,5,2026
2026-05-24,HB_AVG,RT,25.406253814697266,2026-05,5,2026
2026-05-25,HB_AVG,RT,27.446247100830078,2026-05,5,2026
2026-05-26,HB_AVG,RT,128.45376586914062,2026-05,5,2026
2026-05-27,HB_AVG,RT,48.63374328613281,2026-05,5,2026
2026-05-28,HB_AVG,RT,58.36000061035156,2026-05,5,2026
2026-05-29,HB_AVG,RT,15.372499465942383,2026-05,5,2026
2026-05-30,HB_AVG,RT,15.958747863769531,2026-05,5,2026
2026-05-31,HB_AVG,RT,42.33500289916992,2026-05,5,2026
2026-06-01,HB_AVG,RT,35.21875,2026-06,6,2026
2026-06-02,HB_AVG,RT,25.361249923706055,2026-06,6,2026
2026-06-03,HB_AVG,RT,20.443750381469727,2026-06,6,2026
2026-06-04,HB_AVG,RT,58.32750701904297,2026-06,6,2026
2026-06-05,HB_AVG,RT,40.67875289916992,2026-06,6,2026
2026-06-06,HB_AVG,RT,128.49874877929688,2026-06,6,2026
2026-06-07,HB_AVG,RT,44.443748474121094,2026-06,6,2026
2026-06-08,HB_AVG,RT,17.121246337890625,2026-06,6,2026
2026-06-09,HB_AVG,RT,21.34375,2026-06,6,2026
2026-06-10,HB_AVG,RT,18.0674991607666,2026-06,6,2026
2026-06-11,HB_AVG,RT,40.76250076293945,2026-06,6,2026
2026-06-12,HB_AVG,RT,21.86499786376953,2026-06,6,2026
2026-06-13,HB_AVG,RT,19.846250534057617,2026-06,6,2026
2026-06-14,HB_AVG,RT,42.287498474121094,2026-06,6,2026
2026-06-15,HB_AVG,RT,40.02124786376953,2026-06,6,2026
2026-06-16,HB_AVG,RT,21.921249389648438,2026-06,6,2026
2026-06-17,HB_AVG,RT,22.125,2026-06,6,2026
2026-06-18,HB_AVG,RT,43.31875228881836,2026-06,6,2026
2026-06-19,HB_AVG,RT,50.531246185302734,2026-06,6,2026
2026-06-20,HB_AVG,RT,10.731250762939453,2026-06,6,2026
2026-06-21,HB_AVG,RT,21.54125213623047,2026-06,6,2026
2026-06-22,HB_AVG,RT,46.59000015258789,2026-06,6,2026
2026-06-23,HB_AVG,RT,27.595001220703125,2026-06,6,2026
2026-06-24,HB_AVG,RT,24.133747100830078,2026-06,6,2026
2026-06-25,HB_AVG,RT,24.583751678466797,2026-06,6,2026
2026-06-26,HB_AVG,RT,20.048748016357422,2026-06,6,2026
2026-06-27,HB_AVG,RT,36.64875030517578,2026-06,6,2026
2026-06-28,HB_AVG,RT,24.33749771118164,2026-06,6,2026
2026-06-29,HB_AVG,RT,16.932498931884766,2026-06,6,2026
2026-06-30,HB_AVG,RT,22.483749389648438,2026-06,6,2026
2026-07-01,HB_AVG,RT,34.8125,2026-07,7,2026
2026-07-02,HB_AVG,RT,15.42125129699707,2026-07,7,2026
2026-07-03,HB_AVG,RT,29.206249237060547,2026-07,7,2026
2026-07-04,HB_AVG,RT,42.12375259399414,2026-07,7,2026
2026-07-05,HB_AVG,RT,29.392499923706055,2026-07,7,2026
2026-07-06,HB_AVG,RT,25.28874969482422,2026-07,7,2026
2026-07-07,HB_AVG,RT,20.21000099182129,2026-07,7,2026
2026-07-08,HB_AVG,RT,37.316253662109375,2026-07,7,2026
2026-07-09,HB_AVG,RT,28.622501373291016,2026-07,7,2026
2026-07-10,HB_AVG,RT,27.97624969482422,2026-07,7,2026
2026-07-11,HB_AVG,RT,22.207502365112305,2026-07,7,2026
2026-07-12,HB_AVG,RT,16.828750610351562,2026-07,7,2026
2026-07-13,HB_AVG,RT,14.933752059936523,2026-07,7,2026
2026-07-14,HB_AVG,RT,28.14375114440918,2026-07,7,2026
2026-07-15,HB_AVG,RT,25.016250610351562,2026-07,7,2026
2026-07-16,HB_AVG,RT,18.292495727539062,2026-07,7,2026
2026-07-17,HB_AVG,RT,35.60124969482422,2026-07,7,2026
2026-07-18,HB_AVG,RT,28.53874969482422,2026-07,7,2026
2026-07-19,HB_AVG,RT,48.829994201660156,2026-07,7,2026
2026-07-20,HB_AVG,RT,56.369998931884766,2026-07,7,2026
2026-07-21,HB_AVG,RT,125.10124969482422,2026-07,7,2026
2026-07-22,HB_AVG,RT,174.6637420654297,2026-07,7,2026
2026-07-23,HB_AVG,RT,37.75374984741211,2026-07,7,2026
2026-07-24,HB_AVG,RT,14.730001449584961,2026-07,7,2026
2026-07-25,HB_AVG,RT,33.882503509521484,2026-07,7,2026
2026-07-26,HB_AVG,RT,27.43625259399414,2026-07,7,2026
2026-07-27,HB_AVG,RT,22.313751220703125,2026-07,7,2026
2026-07-28,HB_AVG,RT,31.27124786376953,2026-07,7,2026
2026-07-29,HB_AVG,RT,27.71125030517578,2026-07,7,2026
2026-07-30,HB_AVG,RT,29.137500762939453,2026-07,7,2026
2026-07-31,HB_AVG,RT,45.693748474121094,2026-07,7,2026
2026-08-01,HB_AVG,RT,30.235004425048828,2026-08,8,2026
2026-08-02,HB_AVG,RT,29.44124984741211,2026-08,8,2026
2026-08-03,HB_AVG,RT,17.201250076293945,2026-08,8,2026
2026-08-04,HB_AVG,RT,38.027496337890625,2026-08,8,2026
2026-08-05,HB_AVG,RT,47.62750244140625,2026-08,8,2026
2026-08-06,HB_AVG,RT,50.029998779296875,2026-08,8,2026
2026-08-07,HB_AVG,RT,68.1875,2026-08,8,2026
2026-08-08,HB_AVG,RT,60.14374542236328,2026-08,8,2026
2026-08-09,HB_AVG,RT,38.248748779296875,2026-08,8,2026
2026-08-10,HB_AVG,RT,11.921249389648438,2026-08,8,2026
2026-08-11,HB_AVG,RT,48.10750198364258,2026-08,8,2026
2026-08-12,HB_AVG,RT,42.00749969482422,2026-08,8,2026
2026-08-13,HB_AVG,RT,51.02625274658203,2026-08,8,2026
2026-08-14,HB_AVG,RT,19.31624984741211,2026-08,8,2026
2026-08-15,HB_AVG,RT,24.94124984741211,2026-08,8,2026
2026-08-16,HB_AVG,RT,65.44499206542969,2026-08,8,2026
2026-08-17,HB_AVG,RT,233.4375,2026-08,8,2026
2026-08-18,HB_AVG,RT,73.54249572753906,2026-08,8,2026
2026-08-19,HB_AVG,RT,42.0724983215332,2026-08,8,2026
2026-08-20,HB_AVG,RT,47.714996337890625,2026-08,8,2026
2026-08-21,HB_AVG,RT,25.364999771118164,2026-08,8,2026
2026-08-22,HB_AVG,RT,70.00125122070312,2026-08,8,2026
2026-08-23,HB_AVG,RT,286.5899963378906,2026-08,8,2026
2026-08-24,HB_AVG,RT,82.57749938964844,2026-08,8,2026
2026-08-25,HB_AVG,RT,41.60124969482422,2026-08,8,2026
2026-08-26,HB_AVG,RT,464.4537353515625,2026-08,8,2026
2026-08-27,HB_AVG,RT,76.52625274658203,2026-08,8,2026
2026-08-28,HB_AVG,RT,42.787498474121094,2026-08,8,2026
2026-08-29,HB_AVG,RT,34.88999938964844,2026-08,8,2026
2026-08-30,HB_AVG,RT,89.24874877929688,2026-08,8,2026
2026-08-31,HB_AVG,RT,53.532493591308594,2026-08,8,2026
2026-09-01,HB_AVG,RT,83.63249969482422,2026-09,9,2026
2026-09-02,HB_AVG,RT,267.00750732421875,2026-09,9,2026
2026-09-03,HB_AVG,RT,16.848751068115234,2026-09,9,2026
2026-09-04,HB_AVG,RT,15.28000259399414,2026-09,9,2026
2026-09-05,HB_AVG,RT,31.593751907348633,2026-09,9,2026
2026-09-06,HB_AVG,RT,41.06624984741211,2026-09,9,2026
2026-09-07,HB_AVG,RT,63.685001373291016,2026-09,9,2026
2026-09-08,HB_AVG,RT,88.47250366210938,2026-09,9,2026
2026-09-09,HB_AVG,RT,49.0,2026-09,9,2026
2026-09-10,HB_AVG,RT,31.386253356933594,2026-09,9,2026
2026-09-11,HB_AVG,RT,47.443748474121094,2026-09,9,2026
2026-09-12,HB_AVG,RT,41.62750244140625,2026-09,9,2026
2026-09-13,HB_AVG,RT,22.46249771118164,2026-09,9,2026
