d,proxy,gks_real,hb_south,lam,year
2020-01-02,13.80375,,13.803749999999999,14.693865931372553,2020
2020-01-03,34.332499999999996,,10.38125,8.123804166666668,2020
2020-01-04,14.8125,,6.691250000000004,8.894949999999998,2020
2020-01-05,15.489999999999998,,15.478750000000002,17.092383333333334,2020
2020-01-06,7.036250000000001,,7.138750000000002,20.74254583333333,2020
2020-01-07,35.95375,,7.206250000000001,8.515345833333331,2020
2020-01-08,159.21249999999998,,154.03125,128.9989791666667,2020
2020-01-09,77.72125,,46.7475,48.74664166666666,2020
2020-01-10,31.1325,,9.311250000000001,20.89981858974359,2020
2020-01-11,33.355000000000004,,19.76875,21.972268589743592,2020
2020-01-12,14.192499999999999,,8.486250000000002,10.630616666666668,2020
2020-01-13,13.465,,11.779999999999998,12.498670833333334,2020
2020-01-14,12.393749999999997,,10.173749999999998,17.3906625,2020
2020-01-15,23.59625,,18.566250000000004,22.128812499999995,2020
2020-01-16,38.4825,,33.52875,57.36717724358974,2020
2020-01-17,33.68000000000001,,20.58,51.50031488095238,2020
2020-01-18,14.321250000000003,,12.277500000000002,11.248362499999999,2020
2020-01-19,33.86875,,13.17625,10.114691666666666,2020
2020-01-20,3.545,,4.300000000000001,4.4185625,2020
2020-01-21,16.161250000000003,,11.458750000000002,16.0303625,2020
2020-01-22,137.7975,,132.21875,130.716125,2020
2020-01-23,8.953750000000001,,7.246249999999998,11.017995833333334,2020
2020-01-24,83.34500000000001,,78.07625000000002,79.92940416666666,2020
2020-01-25,10.31,,9.01875,19.2262125,2020
2020-01-26,28.398750000000003,,26.76125,34.11203749999999,2020
2020-01-27,17.3925,,13.752500000000001,17.046408333333332,2020
2020-01-28,130.4975,,29.913750000000004,31.909879166666663,2020
2020-01-29,20.994999999999997,,9.85,8.700958333333336,2020
2020-01-30,18.613749999999996,,15.858750000000002,27.08335833333334,2020
2020-01-31,6.358749999999995,,6.213749999999999,20.850762500000002,2020
2020-02-01,14.194999999999999,,14.195,18.563095833333332,2020
2020-02-02,50.39375,,43.685,42.32738333333334,2020
2020-02-03,61.723749999999995,,42.905,179.36974134615383,2020
2020-02-04,48.972500000000004,,24.45625,113.97955833333332,2020
2020-02-05,56.71125,,38.5075,40.465187500000006,2020
2020-02-06,51.1825,,44.776250000000005,63.42988471611723,2020
2020-02-07,26.87375,,14.564999999999998,20.224445833333334,2020
2020-02-08,18.52,,11.99125,12.051261538461539,2020
2020-02-09,35.106249999999996,,27.925,60.58685416666667,2020
2020-02-10,450.61375000000004,,448.15624999999994,394.2548,2020
2020-02-11,17.6475,,21.462500000000006,30.11354647435897,2020
2020-02-12,211.72250000000003,,95.59125,93.97650833333334,2020
2020-02-13,10.954999999999998,,7.98,14.160996474358974,2020
2020-02-14,57.065,,159.63750000000002,189.44169166666669,2020
2020-02-15,17.859999999999996,,12.157500000000002,27.321137500000003,2020
2020-02-16,14.829999999999998,,8.573749999999997,33.69237916666666,2020
2020-02-17,16.299999999999997,,20.4475,45.80728333333333,2020
2020-02-18,58.401250000000005,,25.32,42.62322916666667,2020
2020-02-19,25.443749999999998,,12.7825,87.07697083333332,2020
2020-02-20,12.728749999999998,,11.86375,54.30267083333334,2020
2020-02-21,19.896250000000002,,24.0,65.17254999999999,2020
2020-02-22,23.253750000000004,,17.12625,42.44315,2020
2020-02-23,25.943749999999994,,27.45125,66.34965,2020
2020-02-24,24.1125,,23.54375,51.44679583333333,2020
2020-02-25,29.3775,,21.2025,35.65615416666667,2020
2020-02-26,26.681249999999995,,23.04625,38.28276666666667,2020
2020-02-27,28.067500000000003,,21.9575,30.204704166666666,2020
2020-02-28,18.498749999999998,,16.098750000000003,29.9875625,2020
2020-02-29,13.09375,,13.26375,19.10468141025641,2020
2020-03-01,42.35625,,21.80125,43.96732083333334,2020
2020-03-02,88.075,,85.55125,86.10418333333331,2020
2020-03-03,29.54625,,30.772499999999994,31.29325833333334,2020
2020-03-04,120.1225,,25.485,42.78635476190476,2020
2020-03-05,168.615,,33.37875,29.718090384615383,2020
2020-03-06,13.509999999999996,,7.163750000000002,29.210270833333336,2020
2020-03-07,13.361249999999998,,10.752499999999998,13.127304166666665,2020
2020-03-09,32.33625,,45.73875,58.93742403846154,2020
2020-03-10,11.678749999999997,,7.84,39.31957499999999,2020
2020-03-11,29.86375,,48.207499999999996,78.54151249999998,2020
2020-03-12,36.945,,94.62625,249.62699551282049,2020
2020-03-13,109.85125,,155.70000000000002,164.65430833333335,2020
2020-03-14,54.12749999999999,,41.985,42.3291125,2020
2020-03-15,120.92999999999999,,123.14125000000001,113.85895833333333,2020
2020-03-16,111.93375,,139.23125000000002,180.33693035714285,2020
2020-03-17,78.84125,,191.32250000000002,199.86914858058606,2020
2020-03-18,31.35375,,28.236250000000002,47.18437916666667,2020
2020-03-19,27.37375,,17.1225,19.22547916666667,2020
2020-03-20,129.16625,,16.6625,26.702220833333335,2020
2020-03-21,22.43,,9.731250000000001,25.401476190476192,2020
2020-03-22,9.026250000000001,,8.978749999999998,25.953908333333338,2020
2020-03-23,45.166250000000005,,23.424999999999994,37.86970833333334,2020
2020-03-24,678.79,,647.87125,417.08087916666665,2020
2020-03-25,16.18,,13.04375,22.223291666666668,2020
2020-03-26,28.241249999999997,,26.505,38.03166071428571,2020
2020-03-27,35.56375,,112.41375000000001,140.66704949633697,2020
2020-03-28,29.025,,14.9925,33.664586217948724,2020
2020-03-29,5.547499999999998,,6.174999999999997,22.85390416666667,2020
2020-03-30,35.0975,,27.51625,24.449266666666666,2020
2020-03-31,81.41,,60.91874999999999,61.7216125,2020
2020-04-01,23.03125,,20.002499999999998,16.729733333333332,2020
2020-04-02,31.907499999999995,,31.971249999999998,43.67194166666667,2020
2020-04-03,15.419999999999998,,15.433750000000003,15.406361538461535,2020
2020-04-04,19.303749999999997,,14.0425,19.905261538461538,2020
2020-04-05,10.57,,9.53875,10.744495833333332,2020
2020-04-06,25.2925,,19.83625,19.4146375,2020
2020-04-07,22.74125,,10.563749999999999,11.003107738095238,2020
2020-04-08,246.40374999999997,,233.50750000000002,94.89156458333332,2020
2020-04-09,165.03,,167.79125000000002,75.56595833333333,2020
2020-04-10,24.86,,9.645,10.502900961538462,2020
2020-04-11,20.771250000000002,,22.11125,10.690966666666668,2020
2020-04-12,38.49875,,15.513749999999998,17.2550125,2020
2020-04-13,31.466249999999995,,19.008750000000003,19.358829166666666,2020
2020-04-14,36.2775,,10.694999999999997,13.367124999999998,2020
2020-04-15,21.6525,,7.973750000000001,9.3407375,2020
2020-04-16,40.29375,,16.23875,13.69995,2020
2020-04-17,11.797499999999998,,11.341250000000002,22.50823571428571,2020
2020-04-18,3.044999999999998,,3.7749999999999986,4.924154166666668,2020
2020-04-19,142.32125,,142.34125,104.98819391025641,2020
2020-04-20,21.179999999999996,,9.211250000000001,16.104898443223448,2020
2020-04-21,16.65,,22.56,22.420733333333338,2020
2020-04-22,53.80624999999999,,44.6675,42.63908937728937,2020
2020-04-23,10.327499999999997,,5.956249999999997,5.943502564102566,2020
2020-04-24,31.34625,,30.341250000000002,25.050670833333335,2020
2020-04-25,20.066249999999997,,15.633750000000003,26.225662500000002,2020
2020-04-26,28.099999999999998,,24.912499999999998,18.00283333333333,2020
2020-04-27,523.4174999999999,,674.60375,389.8413125,2020
2020-04-28,22.612499999999997,,21.16375,22.825730613553116,2020
2020-04-29,28.325,,16.947499999999998,16.006835256410255,2020
2020-04-30,9.722499999999998,,8.259999999999998,8.579051282051285,2020
2020-05-01,2943.36125,,25.216250000000002,92.83127916666668,2020
2020-05-02,30.28875,,29.0975,34.76909779411765,2020
2020-05-03,27.93875,,29.06625,30.745941666666663,2020
2020-05-04,18.919999999999998,,22.37875,23.606315064102564,2020
2020-05-05,252.70250000000001,,10.674999999999999,14.735716666666669,2020
2020-05-06,11.638749999999998,,10.489999999999997,10.476241666666667,2020
2020-05-07,356.8275,,8.2,15.627704166666668,2020
2020-05-08,667.7725,,496.06125000000003,523.5678197802198,2020
2020-05-09,11.567499999999997,,11.567500000000003,12.050129166666666,2020
2020-05-10,114.645,,115.1975,84.1024,2020
2020-05-11,2628.0750000000003,,16.5325,67.27987916666667,2020
2020-05-12,33.36875,,18.702499999999997,17.930579166666668,2020
2020-05-13,19.35,,15.563750000000002,25.461833012820513,2020
2020-05-14,13.276249999999997,,10.1875,11.654466666666668,2020
2020-05-15,15.13625,,9.513750000000002,9.512870833333334,2020
2020-05-16,18.51125,,18.51125,18.511266666666668,2020
2020-05-17,12.317499999999999,,12.317499999999999,12.236145833333328,2020
2020-05-18,30.03875,,30.04125,28.028100000000002,2020
2020-05-19,49.11000000000001,,58.93625,90.49961499999999,2020
2020-05-20,25.10125,,8.8,7.253562499999999,2020
2020-05-21,7.957500000000001,,8.280000000000001,8.656704166666668,2020
2020-05-22,242.26375,,242.26375000000002,49.80941730769231,2020
2020-05-23,13.533749999999998,,13.923749999999997,19.216274999999996,2020
2020-05-24,10.19625,,10.197500000000002,10.135479166666666,2020
2020-05-25,23.863749999999996,,7.69875,7.646489423076922,2020
2020-05-26,69.72749999999999,,66.78750000000001,59.887816666666666,2020
2020-05-27,9.921249999999999,,9.921249999999999,9.860416666666667,2020
2020-05-28,25.05875,,24.1675,23.855070833333333,2020
2020-05-29,14.327499999999999,,14.091250000000002,12.666054166666667,2020
2020-05-30,9.010000000000002,,9.009999999999998,8.879304166666667,2020
2020-05-31,8.316249999999998,,8.31625,8.314337499999999,2020
2020-06-01,7.552499999999997,,6.289999999999999,6.2448291666666655,2020
2020-06-02,16.875,,12.5975,11.600797756410252,2020
2020-06-03,14.536250000000003,,14.536249999999999,14.271725,2020
2020-06-04,32.86375,,32.86375,31.477205769230775,2020
2020-06-05,15.60875,,15.605,15.451129166666668,2020
2020-06-06,16.1325,,26.88125,76.86142916666668,2020
2020-06-07,16.383750000000003,,14.07125,14.150524999999998,2020
2020-06-08,14.645,,14.644999999999996,15.208291666666666,2020
2020-06-09,13.559999999999999,,11.305000000000003,17.001562500000002,2020
2020-06-10,8.787499999999998,,8.818750000000001,10.176312499999998,2020
2020-06-11,33.92,,33.05,32.330225,2020
2020-06-12,17.306250000000002,,17.30625,17.316758333333333,2020
2020-06-13,22.22,,22.22,22.067545833333337,2020
2020-06-14,16.85125,,16.740000000000002,16.725312499999998,2020
2020-06-15,9.2225,,9.222499999999998,9.277329166666668,2020
2020-06-16,9.583749999999997,,8.962500000000002,20.5881625,2020
2020-06-17,18.305,,15.9175,16.706675,2020
2020-06-18,16.3825,,16.567500000000003,16.744933333333332,2020
2020-06-19,11.19125,,11.08125,11.083258333333333,2020
2020-06-20,7.845000000000002,,8.19125,8.759319047619048,2020
2020-06-21,8.5775,,8.307500000000001,8.155349999999999,2020
2020-06-22,14.806249999999999,,14.457499999999998,16.8060125,2020
2020-06-23,25.702500000000004,,10.7575,11.805287500000002,2020
2020-06-24,56.78500000000001,,16.45375,17.258825,2020
2020-06-25,21.7125,,21.120000000000005,12.493754166666669,2020
2020-06-26,9.329999999999997,,9.361249999999998,9.702641666666668,2020
2020-06-27,13.083749999999997,,13.483749999999999,15.311354166666664,2020
2020-06-28,6.1975,,4.638750000000002,7.106591666666667,2020
2020-06-29,17.645000000000003,,10.755,16.987616666666668,2020
2020-06-30,16.621250000000003,,12.551249999999998,15.960369551282056,2020
2020-07-01,9.948749999999999,,10.900000000000002,30.004983333333332,2020
2020-07-02,10.745000000000001,,10.411250000000003,12.91589166666667,2020
2020-07-03,152.995,,152.1525,47.3350325,2020
2020-07-04,117.81625000000001,,113.92875000000001,44.5381125,2020
2020-07-05,32.85125000000001,,31.76875,35.87579608974359,2020
2020-07-06,41.19625,,43.481249999999996,58.41682012820513,2020
2020-07-07,15.049999999999999,,9.55375,9.14675064102564,2020
2020-07-08,16.775,,19.22625,63.85299166666667,2020
2020-07-09,10.928749999999997,,9.521250000000002,20.615262500000004,2020
2020-07-10,11.370000000000001,,11.548750000000002,11.735358333333334,2020
2020-07-11,14.106250000000001,,12.242500000000003,12.302591666666665,2020
2020-07-12,23.009999999999998,,21.54,21.478283333333337,2020
2020-07-13,20.177500000000002,,18.6,15.477595833333334,2020
2020-07-14,11.681249999999997,,9.892500000000002,14.81714500915751,2020
2020-07-15,11.569999999999999,,10.525000000000002,10.906297115384618,2020
2020-07-16,25.692500000000003,,29.535,52.10453416666667,2020
2020-07-17,14.48,,13.867499999999998,18.971200000000003,2020
2020-07-18,10.363749999999998,,9.89,10.0576625,2020
2020-07-19,25.665,,25.744999999999997,19.396858333333334,2020
2020-07-20,21.1025,,21.146250000000002,24.211957291666664,2020
2020-07-21,18.22625,,16.940000000000005,15.6734875,2020
2020-07-22,38.52625,,38.230000000000004,18.877975119047623,2020
2020-07-23,30.838750000000005,,30.592500000000005,27.0742875,2020
2020-07-24,22.2975,,22.297500000000007,20.020058333333335,2020
2020-07-25,5.32625,,5.608750000000002,5.769045833333333,2020
2020-07-26,8.468749999999998,,7.120000000000001,7.108743223443225,2020
2020-07-27,268.29625,,98.98750000000001,67.08658878205128,2020
2020-07-28,6.483749999999999,,6.991249999999999,7.233069047619047,2020
2020-07-29,7.094999999999999,,8.491249999999997,8.339112500000002,2020
2020-07-30,508.43125,,31.685000000000006,68.57750666666668,2020
2020-07-31,69.375,,11.86375,73.02323333333334,2020
2020-08-01,601.7800000000001,,7.895000000000003,56.15963269230769,2020
2020-08-02,17.18,,16.21375,16.809028205128207,2020
2020-08-03,245.41875000000002,,40.2475,110.53803333333333,2020
2020-08-04,226.84625,,34.335,126.2340125,2020
2020-08-05,217.31875000000002,,30.2825,102.12747884615385,2020
2020-08-06,72.81125,,14.768749999999999,65.34321666666666,2020
2020-08-07,654.03375,,13.365000000000002,64.56945833333333,2020
2020-08-08,19.21,,18.525,17.878625,2020
2020-08-09,11.657499999999997,,9.644999999999998,10.767161217948718,2020
2020-08-10,491.73249999999996,,15.279999999999998,134.9876375,2020
2020-08-11,15.087499999999999,,15.932500000000001,29.576591666666673,2020
2020-08-12,58.833749999999995,,70.92999999999999,60.26755,2020
2020-08-13,22.86,,22.971250000000005,19.699645833333335,2020
2020-08-14,677.9374999999999,,677.8475,76.85950833333332,2020
2020-08-15,1200.7675000000002,,1200.5774999999999,282.0457083333333,2020
2020-08-16,311.6825,,312.28999999999996,52.42547500000001,2020
2020-08-17,18.31125,,18.291249999999998,18.074470833333333,2020
2020-08-18,103.29374999999999,,102.92875,31.566585897435893,2020
2020-08-19,44.89250000000001,,44.75874999999999,26.208804166666663,2020
2020-08-20,37.925000000000004,,19.775,18.97490416666667,2020
2020-08-21,85.90875000000001,,86.2975,41.200588461538466,2020
2020-08-22,12.124999999999998,,12.126250000000002,12.1325,2020
2020-08-23,17.009999999999998,,17.01,16.742370512820514,2020
2020-08-24,14.17625,,14.41875,14.727445833333336,2020
2020-08-25,176.73375,,176.73375,36.072975,2020
2020-08-26,26.021250000000002,,26.06875,21.02813012820513,2020
2020-08-27,53.33125,,53.46125,27.59969697802198,2020
2020-08-28,196.215,,201.6975,41.05408333333334,2020
2020-08-29,254.37125,,260.04625000000004,46.9090875,2020
2020-08-30,12.268749999999999,,14.815,19.797793452380954,2020
2020-08-31,502.79625,,583.0475,369.2732375,2020
2020-09-01,3590.7537500000003,,12.445,97.09808173076922,2020
2020-09-02,624.82875,,8.8825,22.855510448717947,2020
2020-09-03,9.784999999999998,,9.785000000000004,9.783841666666667,2020
2020-09-04,80.61,,80.61000000000001,86.33005357142858,2020
2020-09-05,16.72625,,16.386249999999997,17.01412083333333,2020
2020-09-06,13.8075,,13.807500000000001,13.4219875,2020
2020-09-07,13.085,,11.123749999999998,9.925758333333334,2020
2020-09-08,11.337499999999999,,11.317499999999999,12.106904166666666,2020
2020-09-09,14.057499999999997,,12.748750000000001,11.447383333333333,2020
2020-09-10,6.471249999999998,,6.4712499999999995,7.0011073717948715,2020
2020-09-11,10.128749999999998,,10.12875,10.036448333333333,2020
2020-09-12,654.46875,,654.4687500000001,361.25910833333336,2020
2020-09-13,27.578750000000003,,27.9525,23.523945833333336,2020
2020-09-14,19.71875,,19.718749999999996,13.967495833333333,2020
2020-09-15,26.771250000000002,,26.77125,18.126829166666667,2020
2020-09-16,16.5925,,16.592499999999998,15.221808333333335,2020
2020-09-17,7.671249999999997,,7.75,8.55244880952381,2020
2020-09-18,7.08625,,7.08625,7.0588874999999955,2020
2020-09-19,7.353750000000003,,7.350000000000003,7.294524404761901,2020
2020-09-20,16.1175,,16.1175,20.5868125,2020
2020-09-21,6.563749999999997,,6.5625,10.83335416666667,2020
2020-09-22,8.58625,,6.142499999999998,6.777529166666669,2020
2020-09-23,115.83625,,13.977499999999997,12.858529166666669,2020
2020-09-24,103.2575,,17.365,16.57551666666667,2020
2020-09-25,13.968750000000002,,13.13,13.859437499999999,2020
2020-09-26,23.48625,,25.078749999999996,36.56083301282052,2020
2020-09-27,50.895,,40.042500000000004,33.875813461538456,2020
2020-09-28,6.333749999999998,,5.216250000000002,6.95472980769231,2020
2020-09-29,31.61500000000001,,31.572500000000005,31.20989509803922,2020
2020-09-30,34.94,,35.022499999999994,36.87742083333333,2020
2020-10-01,29.192500000000003,,22.2125,36.246195192307695,2020
2020-10-02,14.298749999999997,,10.05875,17.912095833333332,2020
2020-10-03,30.918750000000003,,31.91,34.17629006410256,2020
2020-10-04,173.3825,,173.82,121.90550416666667,2020
2020-10-05,378.28249999999997,,269.0825,219.22314583333335,2020
2020-10-06,49.345,,51.4875,33.369058333333335,2020
2020-10-07,156.63875000000002,,156.85500000000002,45.8984375,2020
2020-10-08,95.18624999999999,,43.2925,47.51335929487179,2020
2020-10-09,395.8525,,307.63624999999996,210.84117756410257,2020
2020-10-10,214.195,,214.52874999999997,108.73920083333333,2020
2020-10-11,26.27875,,25.9075,25.2113,2020
2020-10-12,110.27375,,21.681250000000006,29.38451314102564,2020
2020-10-13,83.57374999999999,,83.42999999999999,61.83355952380953,2020
2020-10-14,129.92625,,32.92999999999999,33.89943782051282,2020
2020-10-15,436.80875,,66.13250000000001,96.08981726190476,2020
2020-10-16,14.57,,15.10875,14.804677426739929,2020
2020-10-17,10.99,,8.83875,7.9017474358974376,2020
2020-10-18,28.00625,,24.14375,22.229515018315023,2020
2020-10-19,68.52374999999999,,72.84125,64.43935416666666,2020
2020-10-20,40.03375,,38.176249999999996,34.61495833333332,2020
2020-10-21,76.14625000000001,,32.86125,41.39402916666667,2020
2020-10-22,109.24875,,37.2975,39.865754166666676,2020
2020-10-23,127.30249999999998,,32.985,21.39349583333333,2020
2020-10-24,13.501249999999997,,4.692499999999999,6.4226857142857146,2020
2020-10-25,6.664999999999997,,5.737500000000001,7.527091666666664,2020
2020-10-26,426.55375,,530.14875,328.4312125,2020
2020-10-27,40.306250000000006,,48.23125000000001,124.07171506410255,2020
2020-10-28,48.275000000000006,,35.365,42.90721249999999,2020
2020-10-29,18.877499999999998,,23.151249999999997,22.0021237745098,2020
2020-10-30,39.94,,67.11124999999998,69.22834583333334,2020
2020-10-31,40.1125,,40.33624999999999,75.49417619047618,2020
2020-11-01,56.489999999999995,,56.489999999999995,56.37506249999999,2020
2020-11-02,35.13,,35.13125,34.859716666666664,2020
2020-11-03,18.43875,,15.21875,12.235670833333335,2020
2020-11-04,15.86875,,16.90125,17.096398214285717,2020
2020-11-05,573.1812500000001,,573.1875,488.25392500000004,2020
2020-11-06,15.765,,17.291249999999998,16.893725000000003,2020
2020-11-07,24.580000000000002,,18.71875,20.100845833333334,2020
2020-11-08,70.87125,,66.1575,66.39672083333332,2020
2020-11-09,107.66249999999998,,84.77499999999999,100.25783333333332,2020
2020-11-10,170.58249999999998,,152.295,152.4049698717949,2020
2020-11-11,183.60375000000002,,177.58624999999998,145.24699166666667,2020
2020-11-12,22.812500000000004,,20.668750000000003,23.691016666666666,2020
2020-11-13,21.103750000000005,,21.46,50.23027916666666,2020
2020-11-14,22.941250000000004,,18.74125,48.407404166666666,2020
2020-11-15,18.2,,19.472499999999997,27.05523424908425,2020
2020-11-16,391.89625,,26.55625,28.606908333333333,2020
2020-11-17,727.4775000000001,,21.715,19.26166166666667,2020
2020-11-18,201.655,,13.191249999999998,13.900533333333334,2020
2020-11-19,23.28625,,20.85375,19.92942916666667,2020
2020-11-20,73.70375,,17.9225,22.176470833333333,2020
2020-11-21,68.42875,,23.365,24.449515833333336,2020
2020-11-22,11.56625,,5.4375000000000036,11.438770833333336,2020
2020-11-23,7.218749999999998,,7.702500000000001,15.104237499999996,2020
2020-11-24,237.90125,,28.5625,28.584870833333333,2020
2020-11-25,81.57624999999999,,45.6975,55.18710972222222,2020
2020-11-26,372.32124999999996,,357.84375,361.4460833333334,2020
2020-11-27,41.956250000000004,,16.425000000000004,20.347575,2020
2020-11-28,19.508750000000003,,6.18,16.257783333333336,2020
2020-11-29,19.36625,,9.02625,14.91736488095238,2020
2020-11-30,22.64375,,10.837499999999999,12.170706089743593,2020
2020-12-01,15.76625,,12.427499999999998,12.319955128205127,2020
2020-12-02,50.89375,,39.2475,25.162375,2020
2020-12-03,74.87375,,40.58,40.92839038461538,2020
2020-12-04,2.5325000000000006,,40.971250000000005,57.90115773809523,2020
2020-12-05,8.82125,,8.715,14.442562500000001,2020
2020-12-06,15.20125,,12.115000000000002,15.360279166666668,2020
2020-12-07,25.825000000000003,,42.83999999999999,46.617604166666666,2020
2020-12-08,19.403750000000002,,20.262500000000003,19.96914833333333,2020
2020-12-09,98.16875,,95.91875,94.92922500000002,2020
2020-12-10,31.1825,,26.341250000000002,22.809012499999994,2020
2020-12-11,61.17625,,29.651249999999997,23.73010833333333,2020
2020-12-12,10.173750000000002,,10.173749999999998,9.827258333333333,2020
2020-12-13,956.5600000000001,,12.951249999999998,18.277995833333335,2020
2020-12-14,89.47375,,52.282500000000006,43.90390032051282,2020
2020-12-15,96.44375,,90.25999999999999,88.05443952380952,2020
2020-12-16,42.13625,,12.345,9.92216666666667,2020
2020-12-17,13.385000000000002,,11.77375,12.529925000000002,2020
2020-12-18,46.152499999999996,,39.425000000000004,36.9963875,2020
2020-12-19,26.922500000000007,,26.92125,26.927516666666662,2020
2020-12-20,9.0425,,9.03875,9.015205769230768,2020
2020-12-21,7.661250000000003,,9.034999999999997,9.484974358974362,2020
2020-12-22,14.02375,,10.41,8.976098214285717,2020
2020-12-23,27.233749999999997,,25.8925,24.52899198717949,2020
2020-12-24,216.00249999999997,,197.27749999999997,185.39627083333335,2020
2020-12-25,21.020000000000003,,21.020000000000003,21.024030128205126,2020
2020-12-26,12.370000000000001,,10.611249999999998,9.424484935897436,2020
2020-12-27,37.1475,,16.081250000000004,16.414484615384616,2020
2020-12-28,31.972500000000004,,7.378749999999997,5.242783333333337,2020
2020-12-29,32.7275,,15.28375,17.170258333333333,2020
2020-12-30,61.825,,35.68625,34.7148375,2020
2020-12-31,24.61875,,6.727500000000003,4.467458333333333,2020
2021-01-01,656.9675000000001,,13.42125,11.537899999999997,2021
2021-01-02,16.332499999999996,,16.4525,16.520254166666664,2021
2021-01-03,7.373749999999999,,7.370000000000001,7.3754541666666675,2021
2021-01-04,17.2225,,17.217499999999998,17.37779583333333,2021
2021-01-05,15.338749999999997,,15.08875,14.401441666666663,2021
2021-01-06,33.0975,,16.36625,17.445889880952382,2021
2021-01-07,98.83125000000001,,80.14750000000001,77.26865416666666,2021
2021-01-08,22.783749999999998,,8.992500000000003,9.677212500000003,2021
2021-01-09,71.10374999999999,,80.02624999999999,87.30282023809524,2021
2021-01-10,49.21125,,13.19625,17.884667628205126,2021
2021-01-11,11.587500000000002,,9.002499999999998,9.924581666666661,2021
2021-01-12,15.93375000000001,,16.723750000000003,15.545625000000001,2021
2021-01-13,714.97375,,40.61875,44.78355512820513,2021
2021-01-14,34.087500000000006,,14.498750000000001,20.904383333333335,2021
2021-01-15,71.88,,55.241249999999994,53.51187499999999,2021
2021-01-16,135.21375,,136.21375,135.04990412087912,2021
2021-01-17,62.07375,,52.082499999999996,50.56509967948718,2021
2021-01-18,44.705,,19.416249999999998,26.619366666666668,2021
2021-01-19,55.223749999999995,,39.412499999999994,40.365745833333335,2021
2021-01-20,176.43374999999997,,121.0275,79.22437500000001,2021
2021-01-21,239.26250000000002,,184.69625,152.74473645833334,2021
2021-01-22,8.537500000000001,,8.630000000000003,8.795304166666664,2021
2021-01-23,9.64375,,9.653750000000002,9.753712499999999,2021
2021-01-24,38.916250000000005,,6.880000000000003,8.898241666666667,2021
2021-01-25,94.19624999999999,,24.869999999999997,12.932741071428572,2021
2021-01-26,37.61375,,21.57625,23.884204166666667,2021
2021-01-27,70.88125,,52.292500000000004,53.00087193223443,2021
2021-01-28,43.985,,10.7975,8.005883333333333,2021
2021-01-29,16.888749999999998,,12.381249999999998,6.838555833333336,2021
2021-01-30,67.41375000000001,,30.4075,18.506158012820514,2021
2021-01-31,13.624999999999998,,12.748750000000003,16.814010714285715,2021
2021-02-01,53.786249999999995,,22.685000000000002,18.28579230769231,2021
2021-02-02,17.95375,,17.430000000000007,18.234048214285718,2021
2021-02-03,95.25375000000001,,68.965,64.36815833333333,2021
2021-02-04,116.57624999999999,,116.8425,118.563075,2021
2021-02-05,9.391250000000001,,9.192499999999999,9.643120833333334,2021
2021-02-06,478.46374999999995,,480.25125,504.2124479166667,2021
2021-02-07,20.2075,,14.798749999999998,13.244911858974358,2021
2021-02-08,23.59875,,24.47625,24.176270833333337,2021
2021-02-09,322.73875,,320.71124999999995,343.5441455128205,2021
2021-02-10,53.628750000000004,,48.533750000000005,163.01640333333333,2021
2021-02-11,55.69500000000001,,1588.1525,1787.1403414377287,2021
2021-02-12,1009.06125,,1025.9099999999999,986.4688916666668,2021
2021-02-13,4041.65,,4686.62375,4695.65695,2021
2021-02-14,5193.272499999999,,4492.38375,5199.788938888889,2021
2021-02-15,7379.216249999999,,7251.22875,7709.993898214286,2021
2021-02-16,90.56375000000116,,239.39124999999876,7569.73383701721,2021
2021-02-17,3739.748749999999,,285.9037500000013,8401.412512418301,2021
2021-02-18,530.0175000000017,,140.8887500000019,2566.039045833333,2021
2021-02-19,8991.8325,,8991.293749999999,2853.265616666667,2021
2021-02-20,139.60999999999999,,139.62625,139.6430424679487,2021
2021-02-21,49.68749999999999,,50.04875,50.00189294871795,2021
2021-02-22,26.57375,,26.63625,26.730016666666668,2021
2021-02-23,49.005,,48.25125,48.29855,2021
2021-02-24,87.44125,,50.67875,52.722570833333336,2021
2021-02-25,87.0925,,73.89,82.73698653846154,2021
2021-02-26,289.02,,267.89875,278.8686432692308,2021
2021-02-27,32.04625,,26.4525,27.468450000000004,2021
2021-02-28,72.57249999999999,,45.945,47.72015833333333,2021
2021-03-01,92.39250000000001,,95.45750000000001,98.26739102564102,2021
2021-03-02,109.44749999999999,,89.07,90.7796375,2021
2021-03-03,24.525,,20.3475,19.672664102564106,2021
2021-03-04,45.301249999999996,,38.087500000000006,27.013366666666666,2021
2021-03-05,67.28375,,31.466250000000002,25.121883974358976,2021
2021-03-06,86.18375,,57.78,57.315216666666664,2021
2021-03-07,19.09625,,18.10125,18.0654625,2021
2021-03-08,38.3125,,32.105000000000004,33.90130416666667,2021
2021-03-09,34.746249999999996,,26.065,42.543795833333334,2021
2021-03-10,3601.8450000000003,,50.334999999999994,110.122275,2021
2021-03-11,2473.235,,94.50625,302.1978724358974,2021
2021-03-12,60.71875000000001,,35.785000000000004,20.2023125,2021
2021-03-13,31.4425,,20.8325,14.126108333333335,2021
2021-03-15,52.11625000000001,,35.825,39.467128926282044,2021
2021-03-16,25.51375,,22.049999999999997,25.906705952380953,2021
2021-03-17,56.112500000000004,,39.49625,24.722291474358972,2021
2021-03-18,122.08624999999999,,103.77,84.755740625,2021
2021-03-19,35.932500000000005,,7.6325,9.917558333333332,2021
2021-03-20,80.91625,,81.86875,83.59922083333333,2021
2021-03-21,20.195,,14.3975,17.2909875,2021
2021-03-22,120.56625,,76.9,187.59130245098038,2021
2021-03-23,123.48750000000001,,125.76000000000002,115.40057065018314,2021
2021-03-24,25.30125,,26.35,28.74378237179487,2021
2021-03-25,44.075,,35.57,20.60297916666667,2021
2021-03-26,180.15375,,162.62124999999997,184.67127291666665,2021
2021-03-27,76.38374999999999,,78.48,190.89782395833333,2021
2021-03-28,48.33125,,25.91125,19.49209583333333,2021
2021-03-29,51.285,,47.13375,46.24732724358975,2021
2021-03-30,42.080000000000005,,21.3625,32.8967875,2021
2021-03-31,114.60375,,80.1625,79.56852083333334,2021
2021-04-01,49.73125,,14.874999999999996,13.991383333333332,2021
2021-04-02,9.422500000000001,,9.481249999999998,8.315938461538465,2021
2021-04-03,100.9375,,74.5975,70.88580384615385,2021
2021-04-04,295.17375,,259.68375,253.86832307692308,2021
2021-04-05,134.84875,,110.655,95.37324999999998,2021
2021-04-06,36.56375,,19.064999999999998,23.401486538461544,2021
2021-04-07,613.47125,,580.3725,532.372425245098,2021
2021-04-08,155.1975,,64.16499999999999,68.14765634615384,2021
2021-04-09,121.065,,58.94874999999999,71.35024166666666,2021
2021-04-10,130.64499999999998,,188.70625,185.44917628205127,2021
2021-04-11,1402.78625,,1407.795,1415.565847996795,2021
2021-04-12,355.85,,354.255,343.56853910256405,2021
2021-04-13,1649.8712500000004,,1651.8175,1498.5684991666665,2021
2021-04-14,313.80875,,198.37124999999997,365.94497500000006,2021
2021-04-15,60.2825,,58.77125,71.90596249999999,2021
2021-04-16,233.62875,,234.41750000000002,258.5441142857143,2021
2021-04-17,134.145,,112.5375,112.56015833333333,2021
2021-04-18,142.78375,,126.14625,119.30375384615385,2021
2021-04-19,13.137500000000001,,13.376250000000002,14.121400000000001,2021
2021-04-20,57.83,,23.884999999999998,23.26857083333333,2021
2021-04-21,147.1475,,124.69749999999999,234.9075333333333,2021
2021-04-22,21.073749999999997,,18.30625,18.858058333333332,2021
2021-04-23,57.616249999999994,,7.07,10.672194642857143,2021
2021-04-24,28.788749999999997,,17.63625,30.561411309523805,2021
2021-04-25,23.1175,,21.7275,40.590294230769224,2021
2021-04-26,58.685,,22.65875,37.366391666666665,2021
2021-04-27,109.77875,,77.94999999999999,77.4410042857143,2021
2021-04-28,57.783750000000005,,13.457500000000001,23.19137619047619,2021
2021-04-29,92.7925,,79.24000000000001,1138.0497512820511,2021
2021-04-30,14.568750000000001,,14.243750000000006,31.160384523809533,2021
2021-05-01,17.573749999999997,,10.709999999999997,10.47989702380952,2021
2021-05-02,44.32875,,32.07625,23.588094642857143,2021
2021-05-03,76.12125,,48.235,95.50142948717948,2021
2021-05-04,353.445,,345.02875,388.9349246288799,2021
2021-05-05,26.543749999999996,,14.271250000000002,26.40739583333333,2021
2021-05-06,144.92374999999998,,152.79,180.9243705128205,2021
2021-05-07,38.348749999999995,,19.482499999999998,14.881766666666667,2021
2021-05-08,37.70625,,27.975,31.243708333333338,2021
2021-05-09,75.87,,15.272499999999999,19.568437500000005,2021
2021-05-10,44.00375,,42.355000000000004,72.26246410256411,2021
2021-05-11,32.66375,,13.817500000000003,16.452175,2021
2021-05-12,125.4075,,120.53875,118.91019583333333,2021
2021-05-13,22.305,,22.331250000000004,23.45060833333333,2021
2021-05-14,17.57125,,12.54875,10.460854166666666,2021
2021-05-15,14.368749999999999,,10.38125,11.603520833333334,2021
2021-05-16,24.4525,,4.88875,29.291734294871794,2021
2021-05-17,25.81625,,8.5975,11.965952731092436,2021
2021-05-18,55.066250000000004,,52.5325,78.57941309523808,2021
2021-05-19,79.51625,,40.68875,38.77503269230769,2021
2021-05-20,14.818750000000005,,14.105000000000004,15.286204166666664,2021
2021-05-21,104.04249999999999,,102.86999999999999,148.6045450980392,2021
2021-05-22,31.536250000000003,,32.692499999999995,31.271214606227105,2021
2021-05-23,20.382500000000007,,8.77125,5.597412500000001,2021
2021-05-24,35.32625,,31.561249999999994,32.59373333333333,2021
2021-05-25,138.02499999999998,,131.7225,160.03698988095238,2021
2021-05-26,40.7875,,33.19125,44.0291092948718,2021
2021-05-27,31.61125,,46.7375,55.152490384615376,2021
2021-05-28,9.885,,6.808749999999998,4.061333653846155,2021
2021-05-29,150.64875,,150.39375,149.14942564102563,2021
2021-05-30,167.86375,,168.4,166.2507887820513,2021
2021-05-31,34.17375,,14.753749999999998,15.154082371794868,2021
2021-06-01,17.416249999999998,,17.416249999999998,17.36520833333333,2021
2021-06-02,212.19375000000002,,212.19375000000002,265.3982697916666,2021
2021-06-03,27.83,,12.776250000000001,12.773091666666666,2021
2021-06-04,22.311250000000005,,22.31125,22.29564583333333,2021
2021-06-05,49.13000000000001,,49.162499999999994,49.15537916666666,2021
2021-06-06,91.91375,,55.60875,70.80460897435898,2021
2021-06-07,68.9525,,19.443749999999994,28.674419047619047,2021
2021-06-08,26.738750000000003,,19.07625,22.914454166666662,2021
2021-06-09,22.53875,,16.208750000000002,17.712701602564103,2021
2021-06-10,26.801250000000003,,15.919999999999998,16.77457916666667,2021
2021-06-11,21.541250000000005,,14.3325,16.504816666666663,2021
2021-06-12,18.88500000000001,,18.940000000000005,20.337558974358977,2021
2021-06-13,1433.6100000000004,,1430.7475,1281.3769008333336,2021
2021-06-14,1188.11375,,1184.5225,1118.7506375,2021
2021-06-15,242.07,,242.22875000000002,122.70800833333334,2021
2021-06-16,32.03875000000001,,32.0625,32.750837499999996,2021
2021-06-17,154.87375,,155.00625,53.13721250000001,2021
2021-06-18,32.45250000000001,,32.558749999999996,31.165487500000005,2021
2021-06-19,24.610000000000007,,24.505,25.233904166666665,2021
2021-06-20,41.63875,,16.4925,21.940545833333335,2021
2021-06-21,50.14874999999999,,16.56375,17.061013461538465,2021
2021-06-22,13.010000000000005,,12.996250000000003,12.992220833333327,2021
2021-06-23,73.88499999999999,,59.7175,62.679278525641024,2021
2021-06-24,19.60125,,19.264999999999997,20.62121666666667,2021
2021-06-25,21.246250000000003,,13.677500000000002,14.73065128205128,2021
2021-06-26,25.39625,,18.2025,20.33102275641026,2021
2021-06-27,24.298750000000005,,24.29875,23.746091666666665,2021
2021-06-28,12.838749999999997,,11.55125,11.548054166666667,2021
2021-06-29,14.856250000000003,,12.77375,12.309420833333334,2021
2021-06-30,109.38,,109.33625,26.548060897435896,2021
2021-07-01,24.00625000000001,,23.773749999999993,21.604116987179488,2021
2021-07-02,29.095000000000006,,37.91,26.98818782051282,2021
2021-07-03,16.132500000000007,,9.9175,10.726433333333333,2021
2021-07-04,12.861250000000005,,11.535,11.737991666666666,2021
2021-07-05,28.46750000000001,,23.503749999999997,18.945528846153845,2021
2021-07-06,40.715,,40.7475,26.2288875,2021
2021-07-07,309.12125000000003,,310.5575,109.64915833333333,2021
2021-07-08,17.5925,,17.611250000000005,18.908262500000006,2021
2021-07-09,23.73625,,8.371249999999996,7.873751602564106,2021
2021-07-10,36.45375000000001,,18.281250000000004,18.028278571428572,2021
2021-07-11,45.52875,,16.716249999999995,17.69300288461538,2021
2021-07-12,13.755000000000006,,13.822500000000005,14.290979166666673,2021
2021-07-13,20.340000000000003,,20.452499999999997,21.143324999999997,2021
2021-07-14,32.01375,,29.9675,34.32610833333334,2021
2021-07-15,27.76875,,27.645000000000003,31.284920833333327,2021
2021-07-16,37.07125,,20.59375,23.68588942307692,2021
2021-07-17,29.705,,19.902500000000003,20.391766666666665,2021
2021-07-18,47.20750000000001,,47.207499999999996,42.4181875,2021
2021-07-19,60.447500000000005,,21.301250000000003,17.828395833333325,2021
2021-07-20,24.722500000000007,,22.14,20.96142948717948,2021
2021-07-21,16.380000000000003,,16.105,16.770599999999995,2021
2021-07-22,20.22625,,20.333750000000006,21.118758333333332,2021
2021-07-23,36.07875,,28.214999999999996,48.87260583333334,2021
2021-07-24,367.27125,,350.06624999999997,251.40167499999998,2021
2021-07-25,40.1375,,40.2225,40.61154583333334,2021
2021-07-26,53.25749999999999,,53.428749999999994,54.37055416666667,2021
2021-07-27,350.48125000000005,,350.54,360.6426666666666,2021
2021-07-28,56.70625,,56.650000000000006,56.3256657051282,2021
2021-07-29,228.22999999999996,,228.51500000000004,152.1928451923077,2021
2021-07-30,50.5925,,50.6175,49.253594230769224,2021
2021-07-31,77.42875,,52.697500000000005,66.0000217948718,2021
2021-08-01,59.633750000000006,,24.2675,22.678416666666664,2021
2021-08-02,89.2425,,17.74875,16.159191666666665,2021
2021-08-03,148.78375,,148.78375,80.42585280448718,2021
2021-08-04,49.95875,,50.02750000000001,47.732099999999996,2021
2021-08-05,18.51375,,18.748749999999998,18.224992948717947,2021
2021-08-06,39.56625000000001,,39.097500000000004,41.783279166666674,2021
2021-08-07,18.971249999999998,,12.267500000000002,15.99822211538461,2021
2021-08-08,47.431250000000006,,28.243750000000006,34.179157585470094,2021
2021-08-09,49.7325,,20.07125,33.10415,2021
2021-08-10,40.6075,,23.75,37.25524583333333,2021
2021-08-11,40.49,,20.832500000000003,23.396930208333337,2021
2021-08-12,45.66375000000001,,23.13625,25.024441987179486,2021
2021-08-13,35.07875000000001,,23.408749999999994,23.78729166666667,2021
2021-08-14,20.745000000000005,,20.744999999999997,20.738277380952383,2021
2021-08-15,13.6025,,13.6025,13.235412499999995,2021
2021-08-16,51.0575,,51.06999999999999,45.88734583333334,2021
2021-08-17,32.21000000000001,,21.80375,21.787491666666668,2021
2021-08-18,44.5325,,18.3925,17.794841666666663,2021
2021-08-19,235.31625,,309.11375000000004,361.6100217948718,2021
2021-08-20,41.19625,,22.4325,31.82034583333334,2021
2021-08-21,43.41375,,22.398749999999996,28.907179166666666,2021
2021-08-22,21.097500000000004,,19.24000000000001,30.829901282051278,2021
2021-08-23,36.415,,36.690000000000005,37.700679166666674,2021
2021-08-24,52.362500000000004,,35.95625,40.856275000000004,2021
2021-08-25,30.29875,,30.360000000000007,31.55227852564103,2021
2021-08-26,50.754999999999995,,50.88499999999999,52.017075,2021
2021-08-27,34.581250000000004,,34.5125,34.829858333333334,2021
2021-08-28,32.322500000000005,,32.41875,33.37133333333334,2021
2021-08-29,38.3625,,38.48125000000001,39.55900416666666,2021
2021-08-30,90.6625,,79.12,106.9547527014652,2021
2021-08-31,71.44999999999999,,52.191250000000004,53.26621130952382,2021
2021-09-01,44.1225,,25.621249999999996,29.058416666666673,2021
2021-09-02,49.8275,,47.21,48.686066666666676,2021
2021-09-03,45.75375,,35.245,37.4684125,2021
2021-09-04,77.00625,,55.006249999999994,59.23505833333333,2021
2021-09-05,58.11999999999999,,33.048750000000005,33.76680416666666,2021
2021-09-06,41.891249999999985,,40.29625,42.383399999999995,2021
2021-09-07,191.85625,,192.0725,188.32489166666664,2021
2021-09-08,44.12874999999999,,44.23125,44.7178625,2021
2021-09-09,41.74374999999999,,41.7075,45.68158557692307,2021
2021-09-10,82.16875,,43.29625,52.883518589743595,2021
2021-09-11,74.1,,75.43625,77.98119166666667,2021
2021-09-12,46.285000000000004,,46.53375000000001,46.002120833333336,2021
2021-09-13,82.30375,,75.8475,75.02651666666668,2021
2021-09-14,26.8825,,25.961250000000003,25.592694551282047,2021
2021-09-15,33.74125,,33.04374999999999,65.22565833333334,2021
2021-09-16,25.452500000000004,,26.319999999999993,46.777529166666675,2021
2021-09-17,59.4725,,59.7875,59.81704166666667,2021
2021-09-18,39.28125,,34.46499999999999,34.90589166666667,2021
2021-09-19,54.868750000000006,,54.98249999999999,58.680287500000006,2021
2021-09-20,72.70249999999999,,75.09875,218.45261666666667,2021
2021-09-21,42.52499999999999,,35.74125000000001,91.47244583333334,2021
2021-09-22,95.2325,,46.735,40.30629716117217,2021
2021-09-23,72.97125,,35.54125,37.2855625,2021
2021-09-24,59.075,,59.698750000000004,60.973749999999995,2021
2021-09-25,26.79250000000001,,26.718749999999993,28.296052500000002,2021
2021-09-26,43.57625,,39.357499999999995,39.06189166666667,2021
2021-09-27,79.41624999999999,,46.59,57.42655916666668,2021
2021-09-28,59.80374999999999,,11.407499999999999,23.454567628205126,2021
2021-09-29,84.75999999999999,,82.0875,98.08190917366946,2021
2021-09-30,42.216249999999995,,18.554999999999993,23.55526666666666,2021
2021-10-01,16.71875,,13.318749999999994,12.839469999999999,2021
2021-10-02,123.95624999999998,,124.04875000000001,31.302871428571436,2021
2021-10-03,208.06125,,133.91750000000002,49.75408621794872,2021
2021-10-04,105.81375,,38.20375000000001,40.905283333333344,2021
2021-10-05,149.49875,,152.1325,165.56486666666666,2021
2021-10-06,277.32874999999996,,278.63125,175.6002083333333,2021
2021-10-07,60.808749999999996,,57.0475,49.394575,2021
2021-10-08,65.20625,,59.53125,54.390870833333345,2021
2021-10-09,31.69250000000001,,30.884999999999998,26.180799999999998,2021
2021-10-10,66.00375,,27.808749999999996,29.098725,2021
2021-10-11,67.12125,,18.20125,25.431033333333325,2021
2021-10-12,77.58625,,27.224999999999994,106.21715416666666,2021
2021-10-13,45.76124999999999,,50.8875,67.50627083333333,2021
2021-10-14,78.26374999999999,,53.426249999999996,60.21659666666667,2021
2021-10-15,124.6975,,120.22749999999998,103.27187083333331,2021
2021-10-16,122.91875,,73.86500000000001,90.05124166666666,2021
2021-10-17,37.7325,,31.780000000000005,32.88611666666667,2021
2021-10-18,59.368750000000006,,53.17125000000001,45.62555654761905,2021
2021-10-19,46.35,,47.17125,47.74156249999999,2021
2021-10-20,117.60125000000001,,116.24874999999999,133.88458333333332,2021
2021-10-21,36.782500000000006,,36.78249999999999,36.824754166666665,2021
2021-10-22,31.230000000000004,,30.026249999999997,39.46587916666667,2021
2021-10-23,58.921249999999986,,45.8175,31.20657083333333,2021
2021-10-24,515.68875,,530.1012499999999,274.71477532051284,2021
2021-10-25,41.40875,,39.81375,47.94245,2021
2021-10-26,49.89249999999999,,19.200000000000003,24.042074038461536,2021
2021-10-27,54.54249999999999,,47.06625,49.377558125942684,2021
2021-10-28,42.01375,,37.705,42.00253333333333,2021
2021-10-29,83.38374999999999,,57.09,56.7889744047619,2021
2021-10-30,48.77999999999999,,48.779999999999994,54.28397402014652,2021
2021-10-31,25.502499999999998,,43.457499999999996,41.981507692307694,2021
2021-11-01,326.48125,,301.94625,310.25296474358976,2021
2021-11-02,309.92875,,310.14,307.8002458333333,2021
2021-11-03,97.65,,40.79375,34.24149166666666,2021
2021-11-04,111.75874999999999,,54.97625,67.62196666666668,2021
2021-11-05,91.66499999999999,,39.02625,40.58514583333333,2021
2021-11-06,33.33250000000001,,33.24375,36.66500083333333,2021
2021-11-07,30.76,,30.648749999999996,30.89931875,2021
2021-11-08,53.2775,,49.75625,77.83065416666666,2021
2021-11-09,269.3925,,348.6,422.62363750000003,2021
2021-11-10,98.18374999999999,,73.45625,91.31394880952381,2021
2021-11-11,81.50125,,42.91375000000001,48.152866666666675,2021
2021-11-12,199.76500000000001,,83.3675,93.04302321428571,2021
2021-11-13,105.10874999999999,,67.48625,65.96179166666666,2021
2021-11-14,83.38875,,114.87499999999999,134.7334904304029,2021
2021-11-15,172.375,,90.92875,157.75962833333332,2021
2021-11-16,92.98624999999998,,42.963750000000005,46.50063333333333,2021
2021-11-17,137.94,,76.3475,76.45595178571429,2021
2021-11-18,71.7125,,30.097500000000004,33.88563333333333,2021
2021-11-19,103.9925,,38.29875,30.54285769230769,2021
2021-11-20,53.61,,54.51500000000001,116.70444499999999,2021
2021-11-21,26.726250000000004,,28.223750000000003,33.148295833333336,2021
2021-11-22,63.112500000000004,,24.389999999999993,23.5876,2021
2021-11-23,19.008750000000006,,19.302499999999995,24.444216666666666,2021
2021-11-24,111.65124999999999,,102.03999999999999,104.35333814102565,2021
2021-11-25,137.0675,,37.44,33.919716666666666,2021
2021-11-26,76.2025,,27.136249999999997,27.290962499999992,2021
2021-11-27,22.316250000000004,,22.31625,22.309007371794873,2021
2021-11-28,66.33125,,66.33125000000001,66.4361,2021
2021-11-29,135.37625,,139.45374999999999,145.02629583333334,2021
2021-11-30,74.78375,,78.20500000000001,84.77907083333334,2021
2021-12-01,61.142500000000005,,61.23125,56.74785416666667,2021
2021-12-02,34.01625000000001,,34.01625,36.466595,2021
2021-12-03,52.292500000000004,,53.415,60.94228333333333,2021
2021-12-04,41.68625,,35.786249999999995,73.29331416666668,2021
2021-12-05,42.73,,40.981249999999996,39.8815875,2021
2021-12-06,51.67375,,42.02875,47.41559397435897,2021
2021-12-07,93.28750000000001,,93.28750000000002,92.23690576923079,2021
2021-12-08,37.11000000000001,,37.868750000000006,38.59910735294118,2021
2021-12-09,202.0225,,142.2,151.83396634615386,2021
2021-12-10,83.36500000000001,,35.1925,22.09433360805861,2021
2021-12-11,65.72625000000001,,15.837499999999999,18.09073273809524,2021
2021-12-12,40.3675,,15.377500000000001,33.40078301282051,2021
2021-12-13,22.636250000000004,,23.79625,23.858091666666667,2021
2021-12-14,47.463750000000005,,27.965,24.21944583333333,2021
2021-12-15,57.89000000000001,,28.7575,51.020195718864464,2021
2021-12-16,59.61625,,42.225,33.69455416666666,2021
2021-12-17,57.1075,,29.447499999999994,17.77947083333333,2021
2021-12-18,68.43125,,25.27375,22.722745833333327,2021
2021-12-19,41.19875,,10.708750000000002,8.956279166666668,2021
2021-12-20,13.66375,,13.593749999999996,13.513269047619044,2021
2021-12-21,16.636250000000004,,18.56875,18.84151987179488,2021
2021-12-22,23.853750000000005,,14.463749999999997,14.383362500000004,2021
2021-12-23,24.026249999999997,,15.45,16.46926369047619,2021
2021-12-24,89.95750000000001,,54.25125,54.401558333333334,2021
2021-12-25,117.21374999999998,,51.7875,89.68235416666667,2021
2021-12-26,51.040000000000006,,33.34625,33.3467125,2021
2021-12-27,67.47375,,24.242500000000003,24.54875416666667,2021
2021-12-28,304.43875,,289.48375,287.1228301282051,2021
2021-12-29,82.215,,82.215,82.39350416666667,2021
2021-12-30,34.51125000000001,,34.51,34.409512500000005,2021
2021-12-31,67.27000000000001,,33.1975,37.71730480769231,2021
2022-01-01,58.68375,,53.71625,57.475465064102565,2022
2022-01-02,69.54875000000001,,29.55625,30.270704166666665,2022
2022-01-03,35.66125000000001,,35.53,28.728712499999993,2022
2022-01-04,23.68875,,23.93625,23.407079166666666,2022
2022-01-05,42.87125,,16.0,13.161208333333338,2022
2022-01-06,53.47625,,22.993750000000002,26.971312499999996,2022
2022-01-07,136.73,,129.54375,218.4804387820513,2022
2022-01-08,89.47625,,89.47625,84.78810833333333,2022
2022-01-09,27.63625,,25.544999999999998,25.532087499999996,2022
2022-01-10,79.1575,,41.7,,2022
2022-01-11,55.5025,,37.0925,,2022
2022-01-12,18.535000000000004,,18.534999999999997,18.855466666666665,2022
2022-01-13,56.16875,,56.16875,47.85820000000001,2022
2022-01-14,20.03125,,17.075,15.813946428571429,2022
2022-01-15,50.31625,,46.103750000000005,55.06655801282051,2022
2022-01-16,32.77,,21.575000000000003,21.708306127450978,2022
2022-01-17,31.997500000000002,,31.8825,30.7951657051282,2022
2022-01-18,83.69,,35.055,34.139050833333336,2022
2022-01-19,25.125000000000004,,18.443749999999998,16.342387499999994,2022
2022-01-20,46.28999999999999,,30.583750000000002,34.56308557692308,2022
2022-01-21,82.86125,,44.28375,47.33479166666667,2022
2022-01-22,17.21,,17.9675,22.58401666666667,2022
2022-01-23,11.847500000000004,,11.847500000000004,11.860674999999997,2022
2022-01-24,35.295,,35.97625,33.984962499999995,2022
2022-01-25,21.328750000000003,,21.067499999999995,21.6225125,2022
2022-01-26,94.79125,,94.47,137.67503333333332,2022
2022-01-27,21.116250000000008,,21.166249999999994,19.607541666666663,2022
2022-01-28,126.54374999999999,,74.91624999999999,51.64039935897436,2022
2022-01-29,347.95250000000004,,139.8575,76.95366011904763,2022
2022-01-30,47.1875,,32.41375000000001,25.604670833333333,2022
2022-01-31,139.20625,,104.005,79.6643875,2022
2022-02-01,26.048750000000002,,26.568749999999998,25.481683333333333,2022
2022-02-02,57.72874999999999,,54.885,54.21644583333333,2022
2022-02-03,33.14375,,36.2825,54.550337500000005,2022
2022-02-04,83.99875,,45.51625,55.21057279411764,2022
2022-02-05,51.769999999999996,,57.246249999999996,60.7610375,2022
2022-02-06,36.8875,,35.063750000000006,35.029187500000006,2022
2022-02-07,82.68625,,33.442499999999995,35.10006666666666,2022
2022-02-08,881.0512500000001,,184.62,128.54372916666665,2022
2022-02-09,254.4225,,253.97749999999996,163.15276666666665,2022
2022-02-10,36.465,,32.826249999999995,26.250379166666676,2022
2022-02-11,29.88875,,22.70375,18.21395,2022
2022-02-12,64.80874999999999,,43.035000000000004,48.944695833333334,2022
2022-02-13,90.67375,,43.01625,20.72244761904762,2022
2022-02-14,48.5925,,42.0275,30.40032916666667,2022
2022-02-15,84.36,,55.57875,31.367170833333336,2022
2022-02-16,25.379999999999995,,35.8225,45.355412179487175,2022
2022-02-17,69.26625000000001,,66.49625,50.37850416666667,2022
2022-02-18,72.94375,,27.81875,42.010124999999995,2022
2022-02-19,26.35375,,26.353749999999998,25.9148,2022
2022-02-20,28.18875,,28.5825,25.395116666666667,2022
2022-02-21,76.685,,50.50625,62.583323809523804,2022
2022-02-22,87.9975,,50.525,44.515301785714286,2022
2022-02-23,267.11249999999995,,241.21375,72.20644166666666,2022
2022-02-24,3133.3975,,3158.0612499999997,191.97996666666668,2022
2022-02-25,18.455000000000005,,16.162499999999994,23.98036666666667,2022
2022-02-26,13.88000000000001,,13.746249999999996,13.988649999999993,2022
2022-02-27,25.315000000000005,,25.314999999999998,25.31520833333333,2022
2022-02-28,18.833750000000006,,18.785000000000004,20.0114125,2022
2022-03-01,57.1475,,65.16,33.838375,2022
2022-03-02,82.88374999999999,,70.53375,47.8257375,2022
2022-03-03,187.6025,,187.81625,30.776624999999996,2022
2022-03-04,48.20125,,21.627499999999998,29.863699999999994,2022
2022-03-05,61.89875,,81.20875,87.32817756410257,2022
2022-03-06,80.71875,,28.413750000000004,33.030541666666664,2022
2022-03-07,114.31375,,67.4825,60.4129875,2022
2022-03-08,127.51875000000001,,127.45,102.43562467948718,2022
2022-03-09,154.28250000000003,,153.46,117.57223333333334,2022
2022-03-10,22.441250000000004,,23.560000000000002,33.19074615384615,2022
2022-03-11,61.63875,,49.35375,56.81295256410257,2022
2022-03-12,67.61000000000001,,53.66375000000001,67.3600375,2022
2022-03-14,53.714999999999996,,29.86375,12.801629166666668,2022
2022-03-15,284.66875,,244.65,83.46615833333334,2022
2022-03-16,56.65125,,63.162499999999994,85.6235891025641,2022
2022-03-17,126.17625,,68.30499999999999,62.24100192307693,2022
2022-03-18,129.73,,103.8075,63.26795833333333,2022
2022-03-19,124.365,,103.77375,104.05652435897434,2022
2022-03-20,61.39375000000001,,49.723749999999995,29.683429166666667,2022
2022-03-21,121.3,,109.75875,122.9673125,2022
2022-03-22,141.13375,,82.25750000000001,69.813275,2022
2022-03-23,71.58875,,39.31625,106.07719083333333,2022
2022-03-24,142.905,,134.36625,176.80300416666665,2022
2022-03-25,90.1875,,36.535000000000004,33.038645833333334,2022
2022-03-26,76.39375000000001,,159.00125,188.65670297619047,2022
2022-03-27,82.03875,,58.27625,45.17634166666667,2022
2022-03-28,117.19749999999999,,73.9525,79.58274583333333,2022
2022-03-29,59.2775,,29.4525,57.42123333333333,2022
2022-03-30,186.63375000000002,,178.7875,213.6766175,2022
2022-03-31,53.191250000000004,,163.46125,155.78536570512819,2022
2022-04-01,87.47,,36.355000000000004,39.564658333333334,2022
2022-04-02,113.46124999999999,,86.69125,36.659607051282045,2022
2022-04-03,52.58375,,36.150000000000006,33.88707083333334,2022
2022-04-04,465.98749999999995,,635.27875,325.6060491666667,2022
2022-04-05,1321.05375,,1163.72,572.2669595238095,2022
2022-04-06,81.125,,28.608749999999997,32.75472083333333,2022
2022-04-07,166.89875,,146.01625,176.71292724358977,2022
2022-04-08,96.44875,,116.46874999999999,63.550233333333324,2022
2022-04-09,69.02250000000001,,51.977500000000006,134.7449,2022
2022-04-10,680.68875,,704.60125,641.196152930403,2022
2022-04-11,109.37500000000001,,150.85875,159.80164583333334,2022
2022-04-12,61.135000000000005,,30.45625,31.597640384615385,2022
2022-04-13,234.33625,,202.95125,165.5274096611722,2022
2022-04-14,58.645,,43.79625,40.14799166666667,2022
2022-04-15,42.40375,,38.09875,44.761652380952384,2022
2022-04-16,63.635,,49.76875,56.57834117647059,2022
2022-04-17,56.657499999999985,,76.27125,63.06847916666666,2022
2022-04-18,49.58625,,42.81625,40.010325,2022
2022-04-19,118.16,,28.946250000000006,47.77704166666667,2022
2022-04-20,200.71250000000003,,165.0425,183.71284583333332,2022
2022-04-21,227.58999999999997,,27.223750000000003,44.12725160256409,2022
2022-04-22,539.92,,268.28749999999997,98.41436964285715,2022
2022-04-23,106.50874999999999,,30.928750000000004,38.5726875,2022
2022-04-24,68.75750000000001,,34.644999999999996,32.65665801282051,2022
2022-04-25,44.705,,46.14125000000001,45.00787261904762,2022
2022-04-26,58.72874999999999,,57.67375,65.10453333333332,2022
2022-04-27,68.11875,,47.91375,91.71755,2022
2022-04-28,82.225,,64.36125,105.58582083333332,2022
2022-04-29,76.94125,,30.467499999999998,34.07635352564102,2022
2022-04-30,63.71625,,61.41375000000001,55.946445833333335,2022
2022-05-01,114.53625,,61.5375,57.848370833333334,2022
2022-05-02,144.90375,,257.0425,248.4778730769231,2022
2022-05-03,151.04749999999999,,126.57875000000001,128.18609583333335,2022
2022-05-04,84.2275,,61.2775,41.969745833333334,2022
2022-05-05,612.92,,126.76,336.1722541666666,2022
2022-05-06,252.885,,225.77,241.41430416666668,2022
2022-05-07,66.58,,62.986250000000005,69.70542916666668,2022
2022-05-08,55.345000000000006,,61.09125,59.896737179487175,2022
2022-05-09,297.54125,,755.145,1014.2271708333334,2022
2022-05-10,109.63374999999999,,445.16125,643.972875,2022
2022-05-11,78.7875,,58.78999999999999,465.97675000000004,2022
2022-05-12,75.73499999999999,,209.47625,271.46804583333335,2022
2022-05-13,2170.2887499999997,,2924.0212500000002,2448.8561958333335,2022
2022-05-14,95.55624999999999,,73.88000000000001,77.59587916666666,2022
2022-05-15,82.22999999999999,,85.33,91.91006666666667,2022
2022-05-16,70.965,,76.70750000000001,79.52308333333335,2022
2022-05-17,70.82875,,86.11625,158.50185000000002,2022
2022-05-18,75.52499999999999,,108.5075,126.4706375,2022
2022-05-19,85.2175,,60.001250000000006,59.863815064102546,2022
2022-05-20,273.47375,,323.56500000000005,285.14367435897435,2022
2022-05-21,217.16749999999996,,94.63875,104.09184166666667,2022
2022-05-22,97.42875,,97.6875,107.66784326923077,2022
2022-05-23,34.20124999999999,,25.021249999999995,22.02260705128205,2022
2022-05-24,255.28375,,236.61624999999998,290.27094343792174,2022
2022-05-25,235.51374999999996,,207.65125,135.27475096153844,2022
2022-05-26,786.4437500000001,,613.7550000000001,629.2850291666666,2022
2022-05-27,821.4024999999999,,714.3925,634.0799612179487,2022
2022-05-28,72.9875,,66.93,64.77333653846155,2022
2022-05-29,80.835,,59.69625,68.34898988095237,2022
2022-05-30,124.93625,,94.35374999999999,101.61183750000001,2022
2022-05-31,57.874999999999986,,58.6725,85.34083749999999,2022
2022-06-01,92.6975,,55.19,61.69692500000001,2022
2022-06-02,48.17375,,48.06,46.123037499999995,2022
2022-06-03,39.236249999999984,,38.68375,38.296449038461546,2022
2022-06-04,37.406249999999986,,37.08625,35.793661538461535,2022
2022-06-05,73.4125,,77.72375,82.65510833333332,2022
2022-06-06,169.5875,,83.95750000000001,91.83592083333333,2022
2022-06-07,97.88624999999999,,67.00625,97.07709999999999,2022
2022-06-08,130.015,,47.00125,62.696339743589746,2022
2022-06-09,29.607499999999987,,29.232499999999987,37.24284583333332,2022
2022-06-10,58.11750000000001,,42.375,45.03669358974359,2022
2022-06-11,93.31375,,62.925,64.66929871794872,2022
2022-06-12,118.38250000000001,,51.993750000000006,72.70164345238095,2022
2022-06-13,70.69125,,17.78,73.90971249999998,2022
2022-06-14,62.651250000000005,,31.485,114.49522083333335,2022
2022-06-15,60.762499999999996,,38.63374999999999,246.20281923076922,2022
2022-06-16,44.51374999999999,,44.91375000000001,137.5027125,2022
2022-06-17,54.506249999999994,,54.315,59.68540416666667,2022
2022-06-18,26.58874999999999,,26.571250000000006,30.412104166666666,2022
2022-06-19,35.678749999999994,,34.017500000000005,33.16775,2022
2022-06-20,81.18,,92.6925,54.403356433823525,2022
2022-06-21,129.95125,,63.507499999999986,56.985858333333326,2022
2022-06-22,84.20375,,83.56125,75.17545833333334,2022
2022-06-23,69.71499999999999,,76.4525,56.799525595238094,2022
2022-06-24,96.46249999999999,,53.80499999999999,65.9905391025641,2022
2022-06-25,88.19,,76.69125,72.16044166666666,2022
2022-06-26,54.17,,51.52250000000001,56.82820595238094,2022
2022-06-27,90.58624999999999,,90.78750000000002,62.30057083333333,2022
2022-06-28,25.277500000000003,,23.640000000000008,22.919541666666674,2022
2022-06-29,86.42999999999998,,58.58624999999999,57.50488224789916,2022
2022-06-30,108.10999999999999,,110.39000000000001,89.97846979166668,2022
2022-07-01,113.39999999999999,,76.78625,38.97609166666666,2022
2022-07-02,136.89249999999998,,44.2525,43.07585416666667,2022
2022-07-03,80.71499999999999,,29.066250000000004,30.87372738095239,2022
2022-07-04,83.79749999999999,,39.36625,52.23934444444444,2022
2022-07-05,64.13250000000001,,95.99375,143.9446166666667,2022
2022-07-06,79.31624999999998,,45.01625,50.39414166666667,2022
2022-07-07,148.74999999999997,,126.52375,76.74764166666665,2022
2022-07-08,677.15875,,868.6550000000001,777.7680322802199,2022
2022-07-09,1430.70125,,1909.3637499999998,1103.2509838369963,2022
2022-07-10,769.6574999999999,,680.9125,228.57116538461537,2022
2022-07-11,459.1075,,424.09000000000003,229.71779967948717,2022
2022-07-12,835.9225000000001,,830.11,388.9241222473605,2022
2022-07-13,4004.88375,,4702.38875,4690.868170833333,2022
2022-07-14,32.45625,,31.783749999999998,31.00305833333333,2022
2022-07-15,40.152499999999996,,41.61125,42.63189583333334,2022
2022-07-16,61.00374999999999,,78.55375000000001,77.74950737179488,2022
2022-07-17,351.56,,1404.73125,1294.9346114583334,2022
2022-07-18,404.5425,,749.0325,952.3890583333332,2022
2022-07-19,107.05874999999999,,58.870000000000005,127.21736000000001,2022
2022-07-20,101.76874999999998,,758.64125,1193.059261309524,2022
2022-07-21,72.38374999999999,,40.39125,59.846058333333346,2022
2022-07-22,28.814999999999984,,26.915000000000006,29.326091666666656,2022
2022-07-23,46.46374999999999,,39.1975,43.18498333333333,2022
2022-07-24,53.8925,,61.39250000000001,86.07306249999999,2022
2022-07-25,35.05999999999999,,36.155,66.9749169871795,2022
2022-07-26,42.193749999999994,,72.59250000000002,86.1627375,2022
2022-07-27,50.738749999999996,,55.6425,64.11450952380953,2022
2022-07-28,81.05000000000001,,115.87125,61.2118875,2022
2022-07-29,30.521249999999995,,34.35750000000001,38.754454166666676,2022
2022-07-30,22.86999999999999,,36.66,40.88491666666668,2022
2022-07-31,29.851249999999993,,50.598749999999995,65.10187857142857,2022
2022-08-01,36.41124999999998,,37.77749999999999,42.46717500000001,2022
2022-08-02,82.80375000000001,,208.87249999999997,321.61238186813193,2022
2022-08-03,150.70499999999998,,286.96125,221.79621666666665,2022
2022-08-04,75.75625,,110.94250000000001,128.86736666666667,2022
2022-08-05,105.16499999999999,,81.535,78.68050416666668,2022
2022-08-06,40.062499999999986,,34.08,35.391575,2022
2022-08-07,62.93000000000001,,86.15625,96.24395897435895,2022
2022-08-08,180.57874999999999,,350.95625,208.2870708333333,2022
2022-08-09,557.2,,557.24625,105.4976548076923,2022
2022-08-10,48.69749999999999,,49.488749999999996,44.05905,2022
2022-08-11,266.705,,266.705,98.8430875,2022
2022-08-12,196.4525,,196.4525,109.16299166666668,2022
2022-08-13,159.28375,,158.43875000000003,72.9907003205128,2022
2022-08-14,54.833749999999995,,50.20875000000001,55.404426923076926,2022
2022-08-15,75.90249999999999,,34.26625,40.120999999999995,2022
2022-08-16,51.342499999999994,,139.69375,158.35522532051283,2022
2022-08-17,354.55,,370.655,193.7243826923077,2022
2022-08-18,45.113749999999996,,34.42125,23.890399999999985,2022
2022-08-19,56.07,,25.132499999999993,27.32238333333332,2022
2022-08-20,30.00125,,29.737500000000004,29.66356826923078,2022
2022-08-21,92.9575,,69.6425,55.227569509803914,2022
2022-08-22,194.79875000000004,,190.33000000000004,29.864004166666668,2022
2022-08-23,168.98875,,168.98875,66.04365673076921,2022
2022-08-24,31.82374999999999,,32.05249999999998,19.397379166666667,2022
2022-08-25,196.20499999999998,,196.20499999999998,44.24242083333334,2022
2022-08-26,118.0325,,118.03250000000001,40.36332083333333,2022
2022-08-27,69.61874999999999,,47.364999999999995,42.7633225,2022
2022-08-28,118.35624999999999,,119.32499999999999,83.09521778846154,2022
2022-08-29,62.4475,,33.11,33.53921089743591,2022
2022-08-30,29.053749999999987,,29.52499999999999,30.480233333333345,2022
2022-08-31,64.65624999999999,,64.65625,29.414962115384625,2022
2022-09-01,48.454999999999984,,48.454999999999984,23.27412666666666,2022
2022-09-02,42.1025,,42.11500000000001,35.030976923076935,2022
2022-09-03,16.088750000000005,,16.088750000000005,11.695370833333342,2022
2022-09-04,31.30749999999999,,31.307499999999997,31.368863782051292,2022
2022-09-05,51.00125,,51.00125,41.884466666666654,2022
2022-09-06,433.59375,,433.59375000000006,47.96575833333332,2022
2022-09-07,44.25375,,44.25375,17.598591666666678,2022
2022-09-08,43.25125,,43.251250000000006,33.36446666666667,2022
2022-09-09,41.30499999999999,,41.30499999999999,25.577779166666673,2022
2022-09-10,31.41749999999999,,31.47625,28.76492499999999,2022
2022-09-11,184.3775,,184.45250000000001,41.724962500000004,2022
2022-09-12,61.055,,64.24875,29.63467147435898,2022
2022-09-13,41.156249999999986,,41.156249999999986,36.03699999999999,2022
2022-09-14,26.011249999999997,,28.678750000000008,30.340703205128207,2022
2022-09-15,28.40124999999999,,33.245000000000005,42.835800000000006,2022
2022-09-16,45.04,,42.95,38.08618365384615,2022
2022-09-17,24.891249999999985,,26.125000000000014,32.42638214285716,2022
2022-09-18,40.048750000000005,,57.387499999999996,72.65625416666666,2022
2022-09-19,103.285,,109.89375000000001,64.34241770833333,2022
2022-09-20,50.07999999999999,,50.133750000000006,45.85665749999999,2022
2022-09-21,65.33749999999999,,62.68625000000001,46.10303974358975,2022
2022-09-22,47.495,,47.493750000000006,42.34669791666666,2022
2022-09-23,21.197499999999998,,27.991250000000008,24.87055122549019,2022
2022-09-24,51.9775,,67.92750000000001,40.32351428571429,2022
2022-09-25,57.12625,,53.37874999999998,50.09926190476191,2022
2022-09-26,90.89875,,90.79750000000001,48.86119479166668,2022
2022-09-27,94.86375000000001,,95.20124999999999,51.033180208333334,2022
2022-09-28,48.65624999999999,,48.7625,40.96344583333334,2022
2022-09-29,48.042500000000004,,47.85125,38.110641666666666,2022
2022-09-30,38.955,,36.785,39.12922395833332,2022
2022-10-01,52.480000000000004,,52.7,38.98265801282051,2022
2022-10-02,33.9075,,33.94499999999999,33.373599999999996,2022
2022-10-03,46.9975,,46.941250000000004,39.036675,2022
2022-10-04,51.063750000000006,,51.102500000000006,38.48058749999999,2022
2022-10-05,84.155,,84.155,44.17597083333333,2022
2022-10-06,247.11125,,250.76875,47.85216666666667,2022
2022-10-07,23.18125,,23.1475,22.40065,2022
2022-10-08,37.958749999999995,,37.983750000000015,35.81136666666666,2022
2022-10-09,22.5325,,18.951249999999995,19.526188159879332,2022
2022-10-10,26.248749999999994,,26.24875,24.43975416666666,2022
2022-10-11,21.449999999999996,,22.299999999999997,25.3186,2022
2022-10-12,762.7625,,773.0875,302.3349166666667,2022
2022-10-13,278.135,,274.85625,84.216325,2022
2022-10-14,21.320000000000004,,24.011250000000004,30.730845833333337,2022
2022-10-15,345.8087499999999,,322.89125,132.443975,2022
2022-10-16,78.425,,80.91875,86.2831407051282,2022
2022-10-17,55.3225,,34.38125,28.39373333333333,2022
2022-10-18,91.6525,,37.09,42.648579166666664,2022
2022-10-19,68.33875,,33.68125,34.007095833333324,2022
2022-10-20,211.705,,212.77750000000003,67.57065833333333,2022
2022-10-21,91.0,,39.02250000000001,26.134084615384612,2022
2022-10-22,66.61875,,44.29125,32.751912499999996,2022
2022-10-23,65.24625,,26.9475,27.77445833333333,2022
2022-10-24,262.37125,,47.99249999999999,61.92932797619047,2022
2022-10-25,141.875,,138.70125,102.046725,2022
2022-10-26,44.04875,,43.73625,43.36491666666666,2022
2022-10-27,42.222500000000004,,42.70375,39.04505833333333,2022
2022-10-28,137.02,,120.81874999999998,125.05844940476192,2022
2022-10-29,72.595,,69.15875,44.74464166666667,2022
2022-10-30,36.44624999999999,,36.35124999999999,32.56047916666667,2022
2022-10-31,48.545,,23.853749999999998,25.18952499999999,2022
2022-11-01,12.1325,,11.448749999999993,15.427154166666675,2022
2022-11-02,26.608750000000004,,23.443749999999998,21.7071375,2022
2022-11-03,23.0925,,19.322499999999998,17.157645833333333,2022
2022-11-04,83.16499999999999,,20.65625,25.72959166666667,2022
2022-11-05,25.363749999999996,,25.21125,30.798000000000002,2022
2022-11-06,400.06125000000003,,399.7625,149.678505,2022
2022-11-07,55.93875,,56.15249999999999,47.53496666666666,2022
2022-11-08,26.545,,23.72625,52.50418750000001,2022
2022-11-09,34.185,,31.811250000000005,63.71222083333335,2022
2022-11-10,105.75249999999998,,105.78375,112.92244583333334,2022
2022-11-11,54.628750000000004,,48.67125,77.4715621794872,2022
2022-11-12,69.21375,,27.7425,30.74425448717949,2022
2022-11-13,48.03625,,38.5625,38.7282,2022
2022-11-14,68.90124999999999,,68.9975,71.69261057692309,2022
2022-11-15,94.27625,,47.008750000000006,53.774887500000006,2022
2022-11-16,198.32875,,167.43374999999997,115.52327980769229,2022
2022-11-17,43.55500000000001,,44.40124999999999,47.061875,2022
2022-11-18,38.78875,,29.103749999999998,35.645779166666664,2022
2022-11-19,62.2325,,25.481249999999996,37.7846375,2022
2022-11-20,59.05624999999999,,31.4075,47.79681666666666,2022
2022-11-21,96.17125000000001,,38.11749999999999,38.470637499999995,2022
2022-11-22,24.53,,26.10750000000001,25.26979166666667,2022
2022-11-23,34.32624999999999,,34.33875,31.399745833333327,2022
2022-11-24,89.9375,,92.08,96.04103012820512,2022
2022-11-25,47.24125,,47.2825,48.39467857142858,2022
2022-11-26,116.43125,,61.59125,52.784416666666665,2022
2022-11-27,105.62124999999997,,95.14124999999999,85.89174166666666,2022
2022-11-28,142.77625,,35.071250000000006,39.81925416666667,2022
2022-11-29,2519.67875,,73.52374999999999,96.53939583333333,2022
2022-11-30,89.8125,,65.14875,68.90123750000001,2022
2022-12-01,87.66874999999999,,89.52749999999999,91.17223333333332,2022
2022-12-02,131.69,,140.9425,139.31343333333334,2022
2022-12-03,65.80375000000001,,65.59375,81.22127083333332,2022
2022-12-04,21.648750000000003,,27.200000000000003,28.369704166666665,2022
2022-12-05,27.338750000000008,,18.8675,54.42271666666666,2022
2022-12-06,64.43625,,42.17875,46.4511375,2022
2022-12-07,67.23,,71.17000000000002,73.48363333333333,2022
2022-12-08,44.66625,,38.85625000000001,38.46202916666667,2022
2022-12-09,62.716249999999995,,43.17375,47.905420833333345,2022
2022-12-10,87.74499999999999,,62.963750000000005,57.14033333333332,2022
2022-12-11,84.6425,,26.091249999999995,33.86999999999999,2022
2022-12-12,68.8925,,27.05875,21.535448974358978,2022
2022-12-13,161.385,,108.51875,122.57298333333333,2022
2022-12-14,83.3475,,57.448750000000004,61.1056375,2022
2022-12-15,65.2475,,36.68625,35.80261666666667,2022
2022-12-16,89.12125,,44.3925,38.70695036630036,2022
2022-12-17,114.985,,99.26875000000001,91.95128392857144,2022
2022-12-18,30.718749999999996,,29.74375,34.277566666666665,2022
2022-12-19,42.685,,45.0375,48.12489166666667,2022
2022-12-20,35.35375,,35.35125,35.58618333333333,2022
2022-12-21,104.0075,,83.28999999999999,78.61673191391941,2022
2022-12-22,55.64874999999999,,37.964999999999996,67.65809583333333,2022
2022-12-23,1174.48125,,2495.6025,3028.2418621794873,2022
2022-12-24,76.5675,,84.28750000000001,87.04496666666667,2022
2022-12-25,84.97625,,79.53875,89.05332916666666,2022
2022-12-26,53.28875000000001,,53.175,55.1221625,2022
2022-12-27,56.486250000000005,,57.96000000000001,61.32924583333334,2022
2022-12-28,66.18125,,28.20375,36.89045416666667,2022
2022-12-29,75.88375,,56.44375000000001,82.45230000000001,2022
2022-12-30,38.46625,,37.645,79.04157756410257,2022
2022-12-31,37.955,,37.7875,42.3555141025641,2022
2023-01-01,48.83625000000001,,48.635,53.49632916666667,2023
2023-01-02,104.15125,,78.57875,80.30456923076923,2023
2023-01-03,79.9925,,79.59375,78.91234345238095,2023
2023-01-04,38.41875,,38.417500000000004,43.59405,2023
2023-01-05,33.73125,,41.8975,49.17968750000001,2023
2023-01-06,53.923750000000005,,41.04,55.60658750000001,2023
2023-01-07,88.88125,,31.729999999999997,44.18208750000001,2023
2023-01-08,30.097499999999997,,26.055,44.859679166666666,2023
2023-01-09,48.948750000000004,,48.22625,61.122591666666665,2023
2023-01-10,16.62,,14.548749999999998,28.827166666666663,2023
2023-01-11,65.41375,,25.717499999999998,31.0238625,2023
2023-01-12,30.485,,35.2175,45.848308333333335,2023
2023-01-13,52.53375,,18.365000000000002,22.072064423076927,2023
2023-01-14,47.541250000000005,,44.15375,28.052933333333332,2023
2023-01-15,12.67875,,21.2425,18.382520833333334,2023
2023-01-16,125.42125,,115.32,99.51575,2023
2023-01-17,41.6525,,37.6875,35.99939583333333,2023
2023-01-18,56.572500000000005,,46.541250000000005,33.147933333333334,2023
2023-01-19,49.995000000000005,,45.81375,47.326820833333336,2023
2023-01-20,11.256249999999998,,12.759999999999998,14.040437500000003,2023
2023-01-21,18.073750000000004,,18.08,18.248012499999998,2023
2023-01-22,106.38624999999999,,95.65125,82.30867916666666,2023
2023-01-23,48.727500000000006,,41.581250000000004,45.09471666666667,2023
2023-01-24,64.0725,,14.048750000000002,23.419564166666667,2023
2023-01-25,43.542500000000004,,31.71375,39.73055416666667,2023
2023-01-26,27.085,,26.991249999999997,27.723504166666665,2023
2023-01-27,22.770000000000003,,22.86375,22.4882375,2023
2023-01-28,38.15375,,20.41625,23.196075000000004,2023
2023-01-29,105.27374999999999,,30.55375,37.39094583333333,2023
2023-01-30,66.6275,,114.2125,224.97768397435897,2023
2023-01-31,45.0525,,24.549999999999997,37.334762500000004,2023
2023-02-01,71.51875,,34.258750000000006,23.791541666666667,2023
2023-02-02,27.928750000000008,,154.1975,106.79127083333334,2023
2023-02-03,30.94625,,28.9975,32.55877916666667,2023
2023-02-04,41.03875,,21.4375,16.7681875,2023
2023-02-05,58.79125,,34.033750000000005,37.121341666666666,2023
2023-02-06,74.28875,,47.085,57.01832916666667,2023
2023-02-07,136.79874999999998,,34.394999999999996,32.43030705128205,2023
2023-02-08,137.595,,107.67375,48.90188333333334,2023
2023-02-09,73.2375,,73.23750000000001,65.0741625,2023
2023-02-10,53.613749999999996,,25.676250000000003,31.58587083333334,2023
2023-02-11,68.5525,,57.348749999999995,57.192555128205136,2023
2023-02-12,30.586250000000003,,23.63875,16.9725375,2023
2023-02-13,56.33250000000001,,43.4675,42.05070416666667,2023
2023-02-14,54.465,,31.81375,34.7958875,2023
2023-02-15,49.042500000000004,,36.75874999999999,31.388560833333333,2023
2023-02-16,71.41375,,57.62375,41.38896666666667,2023
2023-02-17,69.28,,55.7125,48.239975,2023
2023-02-18,9.931249999999999,,10.432499999999997,14.904387500000002,2023
2023-02-19,16.78125,,10.372499999999999,23.960902243589747,2023
2023-02-20,61.45125,,22.78875,24.16879166666667,2023
2023-02-21,58.8625,,14.59625,21.466283333333333,2023
2023-02-22,56.47625,,30.23375,23.73479583333333,2023
2023-02-23,59.59,,17.42875,45.229441666666666,2023
2023-02-24,58.98375,,60.74250000000001,55.002325,2023
2023-02-25,49.1725,,49.52875,43.83779999999999,2023
2023-02-26,41.19125,,34.985,36.05747916666667,2023
2023-02-27,50.177499999999995,,39.21625,37.803179166666666,2023
2023-02-28,57.40875,,42.78625,46.26025,2023
2023-03-01,281.96625,,69.04624999999999,82.48151121794871,2023
2023-03-02,98.3025,,33.1775,35.89506083333333,2023
2023-03-03,48.495000000000005,,29.53125,38.404241666666664,2023
2023-03-04,61.691250000000004,,76.22749999999999,65.9022625,2023
2023-03-05,18.7725,,19.37375,31.918502500000002,2023
2023-03-06,423.53625,,65.26125,81.1669375,2023
2023-03-07,354.87625,,11.006250000000001,26.502834615384607,2023
2023-03-08,440.21625,,44.08125,44.48789166666666,2023
2023-03-09,374.46500000000003,,118.62875,121.7969875,2023
2023-03-10,443.9200000000001,,84.055,63.59865432692308,2023
2023-03-11,125.755,,22.87625,25.231725000000004,2023
2023-03-13,44.86625,,20.606249999999996,23.525046474358973,2023
2023-03-14,35.42,,21.932499999999997,34.23304038461539,2023
2023-03-15,24.361250000000005,,16.863750000000003,13.001062500000002,2023
2023-03-16,136.42125,,55.05,53.86909166666666,2023
2023-03-17,50.667500000000004,,29.76625,37.387079166666666,2023
2023-03-18,44.84125,,14.30375,46.420059615384616,2023
2023-03-19,30.88125,,15.802499999999998,169.40989583333334,2023
2023-03-20,29.26,,17.31,17.28973333333333,2023
2023-03-21,162.48,,96.17375,97.73263557692309,2023
2023-03-22,134.67249999999999,,87.3875,93.84730833333334,2023
2023-03-23,36.96375,,85.71625,93.95724326923077,2023
2023-03-24,81.885,,38.95125,47.262898363095246,2023
2023-03-25,203.8225,,222.00749999999996,168.4727509803922,2023
2023-03-26,191.36874999999998,,193.32250000000002,122.18332852564103,2023
2023-03-27,556.16125,,528.35375,518.211055448718,2023
2023-03-28,59.29,,61.082499999999996,70.6250375,2023
2023-03-29,48.14000000000001,,34.5225,127.92063749999997,2023
2023-03-30,34.4325,,6.305,14.775033333333337,2023
2023-03-31,90.66625,,20.652499999999996,26.930529166666666,2023
2023-04-01,14.292499999999999,,11.263749999999998,18.86387916666667,2023
2023-04-02,43.85875,,19.3575,29.335925,2023
2023-04-03,61.99000000000001,,46.42,109.7292625,2023
2023-04-04,40.09375,,16.84375,20.423291666666668,2023
2023-04-05,49.207499999999996,,11.413749999999999,19.713779166666665,2023
2023-04-06,72.2175,,38.575,38.34181698717949,2023
2023-04-07,44.57125,,23.103749999999998,26.446581730769232,2023
2023-04-08,39.33875,,39.567499999999995,35.57232916666666,2023
2023-04-09,10.635000000000002,,11.158750000000001,12.264883333333334,2023
2023-04-10,60.04624999999999,,59.9975,39.56165416666667,2023
2023-04-11,28.392500000000002,,28.479999999999997,27.11219583333333,2023
2023-04-12,24.945,,24.706250000000004,29.448906410256413,2023
2023-04-13,70.975,,77.60125000000001,86.92218397435897,2023
2023-04-14,36.44125,,59.88875,152.68019166666667,2023
2023-04-15,58.77125,,32.38375,54.71762916666666,2023
2023-04-16,127.52624999999999,,112.84875000000001,81.982915625,2023
2023-04-17,22.81375,,15.165,13.505971474358976,2023
2023-04-18,71.15124999999999,,47.521249999999995,34.844975000000005,2023
2023-04-19,20.01125,,15.236250000000002,29.327945833333338,2023
2023-04-20,32.795,,52.71125000000001,83.3649875,2023
2023-04-21,195.36124999999998,,198.46625,126.46952532051283,2023
2023-04-22,20.04875,,15.675,26.17923333333333,2023
2023-04-23,81.35625,,40.7325,113.39505544871794,2023
2023-04-24,50.165,,27.2725,121.4891708333333,2023
2023-04-25,31.202500000000004,,31.7325,33.91272083333334,2023
2023-04-26,55.817499999999995,,55.121249999999996,57.1518173076923,2023
2023-04-27,33.91,,25.51875,29.909445833333333,2023
2023-04-28,49.10125,,46.916250000000005,42.055485714285716,2023
2023-04-29,153.38624999999996,,131.80749999999998,54.97347852564102,2023
2023-04-30,51.17125,,19.5775,19.252475,2023
2023-05-01,153.7225,,322.9375,249.20660833333335,2023
2023-05-02,73.07000000000001,,71.21375,61.554633333333335,2023
2023-05-03,31.65125,,36.506249999999994,46.968622115384605,2023
2023-05-04,449.86625000000004,,447.58625000000006,382.4442125,2023
2023-05-05,164.825,,134.55124999999998,194.4337875,2023
2023-05-06,44.21375,,50.6725,47.75722916666667,2023
2023-05-07,32.33875,,15.845,17.0662375,2023
2023-05-08,96.31625,,63.69499999999999,54.82329583333333,2023
2023-05-09,54.78875,,20.83125,27.46790961538462,2023
2023-05-10,46.42875000000001,,33.442499999999995,31.68839166666667,2023
2023-05-11,315.835,,317.92125,136.89830544871796,2023
2023-05-12,236.49249999999998,,37.3475,42.81473878205128,2023
2023-05-13,79.18,,36.120000000000005,15.044605448717949,2023
2023-05-14,23.028750000000002,,41.49375,40.43657916666667,2023
2023-05-15,145.16250000000002,,49.08624999999999,45.012725,2023
2023-05-16,33.706250000000004,,32.728750000000005,31.02197083333333,2023
2023-05-17,16.817500000000003,,16.817500000000003,18.87597083333333,2023
2023-05-18,47.265,,47.49750000000001,47.69448333333333,2023
2023-05-19,50.94375000000001,,50.947500000000005,52.52278205128205,2023
2023-05-20,63.1675,,63.012499999999996,47.971941666666666,2023
2023-05-21,21.71875,,21.717500000000005,21.678633333333337,2023
2023-05-22,19.689999999999998,,19.69,20.6938125,2023
2023-05-23,66.0025,,66.0025,53.133345192307694,2023
2023-05-24,96.96875,,96.98000000000002,86.28250937500002,2023
2023-05-25,25.797500000000007,,25.842499999999994,24.283258333333325,2023
2023-05-26,35.47,,35.47,35.30030000000001,2023
2023-05-27,27.2575,,10.7025,11.689720833333332,2023
2023-05-28,10.559999999999997,,7.934999999999999,7.936208333333335,2023
2023-05-29,64.83125,,64.83125,57.79326666666667,2023
2023-05-30,34.165000000000006,,34.165,33.57290833333334,2023
2023-05-31,20.646250000000002,,20.745,22.195566666666668,2023
2023-06-01,55.89625,,55.89625000000001,60.40472307692308,2023
2023-06-02,143.66124999999997,,161.9675,259.8678494047619,2023
2023-06-03,131.78124999999997,,33.480000000000004,38.86237916666666,2023
2023-06-04,36.45125,,10.076250000000002,10.495247756410253,2023
2023-06-05,99.92999999999998,,38.29875,37.76280192307692,2023
2023-06-06,51.576249999999995,,50.53125000000001,48.6836875,2023
2023-06-07,31.136250000000004,,31.1575,29.67731634615384,2023
2023-06-08,30.172500000000003,,24.59875,25.05206217948718,2023
2023-06-09,85.08625,,94.46375,87.71669583333333,2023
2023-06-10,121.84624999999998,,119.57749999999999,109.5796842948718,2023
2023-06-11,132.9825,,78.0175,74.42069166666667,2023
2023-06-12,54.9525,,61.3025,44.45309166666667,2023
2023-06-13,43.36625,,15.348749999999999,20.969504166666663,2023
2023-06-14,320.09625000000005,,206.89499999999998,211.9878988095238,2023
2023-06-15,255.1225,,69.5975,57.28559166666666,2023
2023-06-16,575.2850000000001,,413.44125,487.5649934523809,2023
2023-06-17,105.5925,,39.737500000000004,40.84148333333333,2023
2023-06-18,316.01000000000005,,148.39625,158.78396309523808,2023
2023-06-19,583.4424999999999,,161.99875,142.78668333333334,2023
2023-06-20,4850.6975,,4296.4712500000005,4503.7024075,2023
2023-06-21,465.04125,,175.2525,119.2685083333333,2023
2023-06-22,79.475,,49.682500000000005,44.45355416666667,2023
2023-06-23,42.805,,18.966250000000002,69.26914166666667,2023
2023-06-24,35.752500000000005,,56.067499999999995,62.44327083333332,2023
2023-06-25,50.162499999999994,,82.2675,89.23322083333333,2023
2023-06-26,65.50875,,65.77,70.27715833333333,2023
2023-06-27,63.53875000000001,,23.908749999999998,21.860953571428567,2023
2023-06-28,55.3575,,19.740000000000002,19.238799358974358,2023
2023-06-29,16.995,,23.64,26.517589423076927,2023
2023-06-30,24.3675,,15.612500000000002,17.008425000000003,2023
2023-07-01,23.695,,8.506249999999998,28.561074999999995,2023
2023-07-02,31.68125,,39.09125,40.230562500000005,2023
2023-07-03,144.36875,,140.97250000000003,140.3384294871795,2023
2023-07-04,25.87125,,8.101250000000004,8.898566666666667,2023
2023-07-05,40.98125,,29.404999999999998,32.64816666666667,2023
2023-07-06,66.03,,57.402499999999996,61.31747083333333,2023
2023-07-07,63.25250000000001,,77.58,81.64203392857141,2023
2023-07-08,80.72874999999999,,99.17625,103.49576025641025,2023
2023-07-09,40.38125,,15.915000000000001,18.2633125,2023
2023-07-10,452.3625,,1087.00625,1285.8171720238095,2023
2023-07-11,124.88249999999998,,110.38125,145.553765,2023
2023-07-12,36.275,,282.31,627.5286425824175,2023
2023-07-13,37.5675,,48.40875,85.06007083333333,2023
2023-07-14,41.974999999999994,,29.839999999999996,34.49946570512821,2023
2023-07-15,46.036249999999995,,32.85375,36.679624999999994,2023
2023-07-16,40.48125,,40.723749999999995,48.81253365384615,2023
2023-07-17,31.520000000000007,,69.24375,89.6924375,2023
2023-07-18,28.401250000000005,,24.4675,55.7027375,2023
2023-07-19,29.372499999999995,,22.663750000000004,35.5033375,2023
2023-07-20,44.2675,,64.5675,74.75705673076924,2023
2023-07-21,28.405000000000005,,28.39875,29.5824125,2023
2023-07-22,38.94500000000001,,46.86874999999999,49.71706666666667,2023
2023-07-23,27.67,,28.040000000000003,29.27305833333334,2023
2023-07-24,39.17125000000001,,43.493750000000006,50.45563333333333,2023
2023-07-25,25.110000000000003,,39.042500000000004,44.78829166666667,2023
2023-07-26,209.035,,87.3625,96.29475000000001,2023
2023-07-27,42.628750000000004,,23.849999999999998,27.519012500000002,2023
2023-07-28,49.87500000000001,,45.870000000000005,54.58261249999999,2023
2023-07-29,23.345,,30.96625,35.270149999999994,2023
2023-07-30,58.184999999999995,,92.70375,100.62297500000001,2023
2023-07-31,149.85625,,1507.5675,1817.6297088461536,2023
2023-08-01,131.29125,,127.10625,126.63011185897435,2023
2023-08-02,315.25,,125.33999999999997,133.49127499999997,2023
2023-08-03,239.33625,,227.75875,258.1940333333333,2023
2023-08-04,233.2575,,1431.6000000000001,1722.89275625,2023
2023-08-05,40.9875,,69.66,59.88582916666667,2023
2023-08-06,31.26875,,777.9649999999999,1014.6977324929971,2023
2023-08-07,89.8975,,780.37625,1198.7227582417581,2023
2023-08-08,107.78750000000001,,940.8725000000001,1214.3785645833334,2023
2023-08-09,60.41125,,585.1062499999999,780.6911146794872,2023
2023-08-10,100.21,,1904.3674999999998,3086.6306285714286,2023
2023-08-11,75.04124999999999,,788.2425000000001,1363.7269104166667,2023
2023-08-12,33.658750000000005,,820.6612500000001,1020.1581583333333,2023
2023-08-13,61.36625,,584.79875,641.8056375,2023
2023-08-14,68.29875,,54.55125,41.5901875,2023
2023-08-15,145.09125,,190.01125000000002,191.1502875,2023
2023-08-16,105.11249999999998,,94.47500000000001,105.138175,2023
2023-08-17,3169.9350000000004,,4063.34625,4319.752492067308,2023
2023-08-18,76.03,,93.67125,115.61093429487178,2023
2023-08-19,57.48375,,115.62249999999999,118.26711770833333,2023
2023-08-20,553.61375,,670.5187500000001,441.4749764285714,2023
2023-08-21,151.20000000000002,,121.80875,125.58465654761903,2023
2023-08-22,64.74625,,61.455,72.2600108974359,2023
2023-08-23,226.46249999999998,,226.4625,238.24852955128205,2023
2023-08-24,2398.48375,,2395.83125,2379.5194583333337,2023
2023-08-25,3272.53625,,3395.24,3231.280056590909,2023
2023-08-26,1961.1512500000001,,1961.20375,1948.2265166666666,2023
2023-08-27,659.20375,,658.6662500000001,632.4233676282051,2023
2023-08-28,1474.99,,1466.5075,1367.460469047619,2023
2023-08-29,749.9699999999999,,749.9725,674.5866479166667,2023
2023-08-30,3834.395,,3800.69,3889.777399368687,2023
2023-08-31,422.68249999999995,,476.17499999999995,493.92471750000004,2023
2023-09-01,78.90249999999999,,95.77749999999999,105.9361800595238,2023
2023-09-02,61.864999999999995,,61.74375,62.19793869047619,2023
2023-09-03,48.981249999999996,,33.35125,33.04042499999999,2023
2023-09-04,26.452500000000004,,54.775000000000006,60.074866666666665,2023
2023-09-05,131.0225,,939.5412499999999,1244.826712820513,2023
2023-09-06,3676.9425,,4182.09625,4487.910336356209,2023
2023-09-07,953.73375,,2349.72875,2612.59473592437,2023
2023-09-08,2790.6425000000004,,2782.3725,2804.705203708791,2023
2023-09-09,118.64874999999998,,121.71500000000003,79.27470833333334,2023
2023-09-10,33.78875000000001,,33.84,32.46142948717949,2023
2023-09-11,12.036249999999999,,13.491249999999999,15.525818910256408,2023
2023-09-12,51.51375,,46.29249999999999,45.088962499999994,2023
2023-09-13,35.28,,25.286250000000003,23.50632916666666,2023
2023-09-14,29.591250000000002,,14.666250000000005,14.846399999999996,2023
2023-09-15,81.08749999999999,,70.49000000000001,69.16745833333333,2023
2023-09-16,25.991250000000004,,25.972499999999997,25.04588685897436,2023
2023-09-17,262.4625,,262.47375,367.5347397435898,2023
2023-09-18,21.4925,,30.60625,48.88286071428571,2023
2023-09-19,34.50625,,34.176249999999996,37.07931904761905,2023
2023-09-20,172.21124999999998,,174.5975,191.77923870614035,2023
2023-09-21,131.8175,,58.39750000000001,70.98602142857143,2023
2023-09-22,358.1025,,106.0275,118.94412083333333,2023
2023-09-23,1384.6475,,430.59749999999997,462.3527541666666,2023
2023-09-24,1570.22375,,372.13624999999996,531.6479125,2023
2023-09-25,116.66875,,128.3475,141.04484166666666,2023
2023-09-26,143.54,,145.89374999999998,136.10369791666668,2023
2023-09-27,53.655,,54.258750000000006,56.61117499999999,2023
2023-09-28,20.69750000000001,,21.45875,33.87863269230769,2023
2023-09-29,34.85,,35.3125,26.0356875,2023
2023-09-30,21.5175,,22.025000000000006,15.892870833333333,2023
2023-10-01,6.106249999999999,,6.107500000000002,9.004701282051286,2023
2023-10-02,31.181250000000006,,17.262499999999996,18.342703571428572,2023
2023-10-03,103.60375,,69.4325,123.17042724358976,2023
2023-10-04,148.30874999999997,,96.56375,110.01994070512822,2023
2023-10-05,66.54374999999999,,56.93,64.22955282738096,2023
2023-10-06,147.84125,,116.06124999999999,112.69836500000001,2023
2023-10-07,92.88125,,74.7975,77.05805,2023
2023-10-08,44.6275,,44.54625,44.11308653846154,2023
2023-10-09,163.73,,164.17375,172.39852956730772,2023
2023-10-10,16.020000000000003,,15.941249999999997,17.216279166666666,2023
2023-10-11,9.053749999999999,,8.287499999999998,11.759044551282049,2023
2023-10-12,25.67,,25.81375,30.661887499999995,2023
2023-10-13,52.63375,,61.21125000000001,114.86583273809524,2023
2023-10-14,116.39625000000001,,100.99499999999999,122.01148750000002,2023
2023-10-15,69.75125,,41.09625,40.339937500000005,2023
2023-10-16,84.40125,,103.43499999999999,100.61520625,2023
2023-10-17,56.9475,,63.42625,58.4764032051282,2023
2023-10-18,26.3825,,22.88,34.279199999999996,2023
2023-10-19,430.045,,386.87375000000003,405.0668773809524,2023
2023-10-20,203.22249999999997,,204.00875000000002,159.50019583333332,2023
2023-10-21,23.962500000000002,,18.955000000000002,35.92597083333334,2023
2023-10-22,50.602500000000006,,67.375,140.74469583333334,2023
2023-10-23,86.95375,,28.5225,83.28786666666667,2023
2023-10-24,65.61749999999999,,11.615,14.740326785714288,2023
2023-10-25,205.95,,370.225,401.4186147435897,2023
2023-10-26,68.37124999999999,,65.59625000000001,72.319225,2023
2023-10-27,48.77374999999999,,47.48125,54.647571666666664,2023
2023-10-28,6.228749999999996,,32.92375,32.53541602564103,2023
2023-10-29,115.695,,13.685000000000002,10.198717307692311,2023
2023-10-30,32.42125,,39.97125,51.04977083333333,2023
2023-10-31,37.9825,,22.519999999999996,28.139825000000005,2023
2023-11-01,31.772499999999997,,22.738750000000003,24.70169166666667,2023
2023-11-02,23.43,,23.43,23.148388333333333,2023
2023-11-03,14.086249999999998,,14.34,14.83735769230769,2023
2023-11-04,33.98125,,45.911249999999995,46.83004647435898,2023
2023-11-05,70.99124999999998,,104.04374999999999,87.29744166666666,2023
2023-11-06,20.341249999999995,,94.89875,103.85867083333333,2023
2023-11-07,18.05375,,31.597499999999997,41.839712500000005,2023
2023-11-08,57.324999999999996,,454.19874999999996,488.05279375000003,2023
2023-11-09,43.03,,44.9825,45.134212500000004,2023
2023-11-10,64.51625,,57.67625,61.635508333333334,2023
2023-11-11,93.65,,92.34375,98.10887083333333,2023
2023-11-12,51.0,,61.79875,61.95912916666666,2023
2023-11-13,156.22125,,168.65500000000003,297.3127770739065,2023
2023-11-14,72.97125,,72.93875,72.98261979166668,2023
2023-11-15,77.98125,,72.68,70.36735333333334,2023
2023-11-16,14.611250000000002,,14.1025,29.09885416666667,2023
2023-11-17,52.606249999999996,,52.66,43.79453255494506,2023
2023-11-18,21.31000000000001,,20.98875,23.197009523809523,2023
2023-11-19,24.339999999999996,,24.2675,29.129466666666666,2023
2023-11-20,41.66375000000001,,27.568750000000005,28.673883653846154,2023
2023-11-21,34.521249999999995,,151.12625,183.12413493589742,2023
2023-11-22,31.894999999999996,,32.95875,38.6757625,2023
2023-11-23,12.85875,,9.546249999999997,10.383475,2023
2023-11-24,24.363750000000003,,24.207499999999996,25.811146474358978,2023
2023-11-25,64.84749999999998,,75.6875,83.87747724358974,2023
2023-11-26,137.16875000000002,,136.51875,145.09916794871796,2023
2023-11-27,42.8725,,28.26625,30.019021794871794,2023
2023-11-28,33.120000000000005,,32.81375,39.11063333333334,2023
2023-11-29,32.735,,26.1,30.283291666666667,2023
2023-11-30,67.6875,,62.71,72.24720416666666,2023
2023-12-01,69.715,,49.958749999999995,89.1694125,2023
2023-12-02,82.145,,80.66625,121.41915178571428,2023
2023-12-03,32.99875,,33.41,58.364787500000006,2023
2023-12-04,57.428749999999994,,56.55750000000001,67.221225,2023
2023-12-05,288.06624999999997,,284.33,321.9085958333334,2023
2023-12-06,38.582499999999996,,38.647499999999994,56.3645125,2023
2023-12-07,44.207499999999996,,27.13,21.7838125,2023
2023-12-08,180.08124999999998,,94.24875,96.82406666666667,2023
2023-12-09,41.13125,,19.325,8.763733333333333,2023
2023-12-10,84.52875,,54.08125,55.04014166666667,2023
2023-12-11,37.87375,,34.644999999999996,37.868512499999994,2023
2023-12-12,30.726249999999997,,28.9775,31.766537500000002,2023
2023-12-13,37.215,,16.1625,14.598937500000002,2023
2023-12-14,37.11625,,14.558749999999998,11.29904455128205,2023
2023-12-15,26.56375,,25.9375,26.216725,2023
2023-12-16,58.66875,,33.506249999999994,34.91585833333333,2023
2023-12-17,34.67,,34.4925,36.810204166666665,2023
2023-12-18,31.34875,,31.013749999999998,33.207504166666666,2023
2023-12-19,18.23375,,17.8975,18.304016666666666,2023
2023-12-20,23.216250000000002,,21.6875,21.533667307692305,2023
2023-12-21,48.58875,,21.521250000000002,21.815404166666664,2023
2023-12-22,17.36,,17.36,17.312333653846153,2023
2023-12-23,27.68625,,22.612499999999997,24.860728289473688,2023
2023-12-24,38.39375,,22.357499999999998,23.07440833333333,2023
2023-12-25,87.83625,,64.22,74.16824583333332,2023
2023-12-26,47.573750000000004,,35.0575,42.84376845238095,2023
2023-12-27,74.84,,53.03124999999999,55.04338333333333,2023
2023-12-28,36.05499999999999,,29.473749999999995,30.944473717948714,2023
2023-12-29,67.6625,,66.52625,69.12364880952381,2023
2023-12-30,123.39624999999998,,113.15624999999999,113.4769375,2023
2023-12-31,100.35,,17.9925,21.353045833333333,2023
2024-01-01,,,,40.738791346153846,2024
2024-01-02,,,,49.144074999999994,2024
2024-01-03,,,,49.26457596153847,2024
2024-01-04,,,,37.5585,2024
2024-01-05,,,,40.19787916666667,2024
2024-01-06,,,,58.434191666666656,2024
2024-01-07,,,,90.70755,2024
2024-01-08,,,,29.877633333333335,2024
2024-01-09,,,,74.65614583333331,2024
2024-01-10,,,,29.203537500000003,2024
2024-01-11,,,,44.154250000000005,2024
2024-01-12,,,,93.37926025641025,2024
2024-01-13,,,,51.10250833333333,2024
2024-01-14,,,,90.39227500000001,2024
2024-01-15,,,,229.21742083333334,2024
2024-01-16,,,,548.2676032051282,2024
2024-01-17,,,,123.84859583333335,2024
2024-01-18,,,,36.93980416666667,2024
2024-01-19,,,,44.72838333333333,2024
2024-01-20,,,,69.16563333333333,2024
2024-01-21,,,,148.541325,2024
2024-01-22,,,,167.1306708333333,2024
2024-01-23,,,,54.02359583333333,2024
2024-01-24,,,,26.924102272727275,2024
2024-01-25,,,,21.500412499999996,2024
2024-01-26,,,,44.906775,2024
2024-01-27,,,,48.26953333333333,2024
2024-01-28,,,,40.53125416666667,2024
2024-01-29,,,,23.537637499999995,2024
2024-01-30,,,,31.2380375,2024
2024-01-31,,,,33.181716666666674,2024
2024-02-01,,,,43.508537499999996,2024
2024-02-02,,,,38.475043872549016,2024
2024-02-03,,,,37.1771,2024
2024-02-04,,,,17.627917307692307,2024
2024-02-05,,,,55.87172916666666,2024
2024-02-06,,,,54.80552916666666,2024
2024-02-07,,,,68.80249642857143,2024
2024-02-08,,,,23.36288228021978,2024
2024-02-09,,,,40.007990384615375,2024
2024-02-10,,,,24.14377083333333,2024
2024-02-11,,,,29.73091858974359,2024
2024-02-12,,,,41.81527916666666,2024
2024-02-13,,,,86.59853333333332,2024
2024-02-14,,,,28.55745,2024
2024-02-15,,,,14.172966666666667,2024
2024-02-16,,,,27.718770833333334,2024
2024-02-17,,,,39.363324999999996,2024
2024-02-18,,,,47.028812499999994,2024
2024-02-19,,,,83.91907083333334,2024
2024-02-20,,,,24.612091987179486,2024
2024-02-21,,,,29.982875,2024
2024-02-22,,,,97.7146548076923,2024
2024-02-23,,,,49.45301666666667,2024
2024-02-24,,,,38.227979166666664,2024
2024-02-25,,,,73.4933113095238,2024
2024-02-26,,,,27.804279166666667,2024
2024-02-27,,,,37.80965197368421,2024
2024-02-28,,,,111.166325,2024
2024-02-29,,,,42.88842916666667,2024
2024-03-01,,,,21.710741666666667,2024
2024-03-02,,,,20.98162083333333,2024
2024-03-03,,,,63.15681730769231,2024
2024-03-04,,,,459.6241692307692,2024
2024-03-05,,,,36.92679583333333,2024
2024-03-06,,,,46.059069871794875,2024
2024-03-07,,,,152.52484166666665,2024
2024-03-08,,,,39.434,2024
2024-03-09,,,,64.26565416666666,2024
2024-03-11,,,,27.273983333333334,2024
2024-03-12,,,,51.4628,2024
2024-03-13,,,,34.45601057692307,2024
2024-03-14,,,,30.963998958333327,2024
2024-03-15,,,,29.99981955128205,2024
2024-03-16,,,,66.82177916666667,2024
2024-03-17,,,,29.65110833333334,2024
2024-03-18,,,,140.17864882478634,2024
2024-03-19,,,,110.1720125,2024
2024-03-20,,,,62.93357916666666,2024
2024-03-21,,,,70.46108571428572,2024
2024-03-22,,,,95.84027916666668,2024
2024-03-23,,,,36.33433333333333,2024
2024-03-24,,,,81.80268012820514,2024
2024-03-25,,,,45.718054524886874,2024
2024-03-26,,,,77.2396858974359,2024
2024-03-27,,,,45.64882980769231,2024
2024-03-28,,,,73.22312083333334,2024
2024-03-29,,,,17.061875,2024
2024-03-30,,,,48.081675595238096,2024
2024-03-31,,,,17.54587532051282,2024
2024-04-01,,,,16.608646153846156,2024
2024-04-02,,,,58.48635,2024
2024-04-03,,,,179.93949333333333,2024
2024-04-04,,,,114.20349128787879,2024
2024-04-05,,,,48.01744166666666,2024
2024-04-06,,,,17.894345833333333,2024
2024-04-07,,,,154.59171021062275,2024
2024-04-08,,,,113.03344738562092,2024
2024-04-09,,,,31.831909935897436,2024
2024-04-10,,,,30.30559583333333,2024
2024-04-11,,,,151.0811958333333,2024
2024-04-12,,,,16.878462499999998,2024
2024-04-13,,,,48.65510833333333,2024
2024-04-14,,,,80.76950583333333,2024
2024-04-15,,,,19.15706666666667,2024
2024-04-16,,,,872.5650996794872,2024
2024-04-17,,,,30.1519375,2024
2024-04-18,,,,15.153725000000001,2024
2024-04-19,,,,32.35368333333333,2024
2024-04-20,,,,19.740499999999997,2024
2024-04-21,,,,74.2322375,2024
2024-04-22,,,,16.823833333333333,2024
2024-04-23,,,,27.428737500000004,2024
2024-04-24,,,,326.7253441666667,2024
2024-04-25,,,,24.022241666666666,2024
2024-04-26,,,,193.54243878205125,2024
2024-04-27,,,,14.335055178812418,2024
2024-04-28,,,,1128.2085092261905,2024
2024-04-29,,,,74.24100576923078,2024
2024-04-30,,,,16.364716666666666,2024
2024-05-01,,,,16.189408333333333,2024
2024-05-02,,,,44.591408333333334,2024
2024-05-03,,,,48.40988333333333,2024
2024-05-04,,,,29.984536217948722,2024
2024-05-05,,,,35.52870897435898,2024
2024-05-06,,,,25.3907375,2024
2024-05-07,,,,61.9195375,2024
2024-05-08,,,,2384.636206862745,2024
2024-05-09,,,,318.33735,2024
2024-05-10,,,,160.10717166666666,2024
2024-05-11,,,,35.86362083333333,2024
2024-05-12,,,,48.30874583333335,2024
2024-05-13,,,,140.16058750000002,2024
2024-05-14,,,,57.631033333333335,2024
2024-05-15,,,,33.759194871794875,2024
2024-05-16,,,,32.407287499999995,2024
2024-05-17,,,,72.85557916666667,2024
2024-05-18,,,,80.54503333333334,2024
2024-05-19,,,,19.115893269230767,2024
2024-05-20,,,,30.273254166666668,2024
2024-05-21,,,,205.18813685897436,2024
2024-05-22,,,,48.463475,2024
2024-05-23,,,,25.3087125,2024
2024-05-24,,,,78.66355059523809,2024
2024-05-25,,,,26.747161217948722,2024
2024-05-26,,,,91.56357083333334,2024
2024-05-27,,,,174.9323125,2024
2024-05-28,,,,14.37769583333333,2024
2024-05-29,,,,133.77439999999999,2024
2024-05-30,,,,173.63466190476188,2024
2024-05-31,,,,28.041933333333333,2024
2024-06-01,,,,25.91910416666667,2024
2024-06-02,,,,39.46784791666666,2024
2024-06-03,,,,112.52305865384616,2024
2024-06-04,,,,338.7352347985348,2024
2024-06-05,,,,19.682645833333332,2024
2024-06-06,,,,44.37108333333333,2024
2024-06-07,,,,23.474968333333333,2024
2024-06-08,,,,40.51093525641026,2024
2024-06-09,,,,49.05466083333334,2024
2024-06-10,,,,124.32300224358974,2024
2024-06-11,,,,96.11306250000001,2024
2024-06-12,,,,85.38578333333334,2024
2024-06-13,,,,78.48445000000001,2024
2024-06-14,,,,51.621125000000006,2024
2024-06-15,,,,23.528107692307692,2024
2024-06-16,,,,37.04240641025641,2024
2024-06-17,,,,63.965070833333336,2024
2024-06-18,,,,27.350324999999998,2024
2024-06-19,,,,8.433417499999997,2024
2024-06-20,,,,41.65805,2024
2024-06-21,,,,29.375737179487178,2024
2024-06-22,,,,94.81180412087912,2024
2024-06-23,,,,74.64428653846153,2024
2024-06-24,,,,37.64612916666667,2024
2024-06-25,,,,70.29166820175439,2024
2024-06-26,,,,46.54624583333333,2024
2024-06-27,,,,41.99015,2024
2024-06-28,,,,42.88849166666667,2024
2024-06-29,,,,42.74147261904763,2024
2024-06-30,,,,19.994079166666666,2024
2024-07-01,,,,32.887874679487176,2024
2024-07-02,,,,31.7463375,2024
2024-07-03,,,,19.591974999999998,2024
2024-07-04,,,,56.2702375,2024
2024-07-05,,,,19.59537083333333,2024
2024-07-06,,,,87.3860875,2024
2024-07-07,,,,17.93088869047619,2024
2024-07-08,,,,25.695285119047618,2024
2024-07-09,,,,37.91175833333333,2024
2024-07-10,,,,41.98365416666667,2024
2024-07-11,,,,21.319002564102565,2024
2024-07-12,,,,14.271973717948722,2024
2024-07-13,,,,17.495808333333333,2024
2024-07-14,,,,61.788087499999996,2024
2024-07-15,,,,53.0638625,2024
2024-07-16,,,,53.211926041666665,2024
2024-07-17,,,,17.60358814102564,2024
2024-07-18,,,,72.04028333333333,2024
2024-07-19,,,,39.77836369047618,2024
2024-07-20,,,,17.649651602564106,2024
2024-07-21,,,,12.425822023809523,2024
2024-07-22,,,,23.78572916666667,2024
2024-07-23,,,,29.615262499999993,2024
2024-07-24,,,,178.2353125,2024
2024-07-25,,,,44.72028750000001,2024
2024-07-26,,,,12.910879166666668,2024
2024-07-27,,,,8.390162499999999,2024
2024-07-28,,,,35.9273217948718,2024
2024-07-29,,,,121.1051375,2024
2024-07-30,,,,21.359166987179485,2024
2024-07-31,,,,19.340804166666672,2024
2024-08-01,,,,20.887979166666668,2024
2024-08-02,62.110000133514404,62.079994,61.096248626708984,66.74844583333332,2024
2024-08-03,31.606250762939457,31.605001,31.58125114440918,31.754316666666668,2024
2024-08-04,31.823751449584964,31.8225,31.862503051757812,34.17979583333334,2024
2024-08-05,59.82249927520752,59.81875,59.81749725341797,61.84789583333333,2024
2024-08-06,155.52250289916992,152.81,165.3562469482422,176.90459166666668,2024
2024-08-07,326.5875029563904,327.83875,308.7850036621094,303.71542500000004,2024
2024-08-08,30.35499954223633,30.186249,27.727500915527344,28.124129166666666,2024
2024-08-09,39.1324987411499,39.07625,38.873748779296875,31.51017916666667,2024
2024-08-10,41.947500705718994,41.879997,43.70124816894531,43.66954166666667,2024
2024-08-11,49.807499408721924,49.81125,50.32999801635742,52.51739166666667,2024
2024-08-12,21.308749675750732,20.958752,16.84749984741211,21.00852916666667,2024
2024-08-13,15.55250072479248,16.52,20.351247787475586,24.668562500000004,2024
2024-08-14,22.21750116348267,22.240002,37.28499984741211,44.30029583333333,2024
2024-08-15,25.994999408721927,27.892502,61.498748779296875,68.63376666666667,2024
2024-08-16,21.70624971389771,21.588747,51.48250198364258,60.8483130952381,2024
2024-08-17,30.482500553131107,30.2675,44.0,44.15577083333332,2024
2024-08-18,64.18374824523926,62.546246,108.22249603271484,116.90048782051284,2024
2024-08-19,275.1637396812439,270.86627,535.2224731445312,518.30385,2024
2024-08-20,2267.5712423324585,2265.1226,2345.12890625,2299.7770600877193,2024
2024-08-21,235.16624879837036,196.85374,183.8562469482422,166.3655342948718,2024
2024-08-22,138.4112434387207,70.3275,78.06375122070312,88.830305,2024
2024-08-23,50.226250648498535,50.166252,53.88624954223633,65.95005416666666,2024
2024-08-24,14.648749828338623,14.967499,11.228748321533203,11.120916666666666,2024
2024-08-25,29.892500877380375,29.714996,40.602500915527344,37.809349999999995,2024
2024-08-26,18.07000064849854,18.070002,18.06374740600586,17.4746625,2024
2024-08-27,16.472499847412113,16.486252,18.750003814697266,30.651329166666663,2024
2024-08-28,20.613749980926514,21.092499,13.34375,16.71971826923076,2024
2024-08-29,45.57374858856201,45.568752,47.00874710083008,47.96649166666667,2024
2024-08-30,27.04999923706055,27.064999,35.161251068115234,37.97648461538461,2024
2024-08-31,49.69874858856201,49.701252,49.63999938964844,51.477841666666656,2024
2024-09-01,17.245000839233402,17.246248,17.266246795654297,21.975222756410254,2024
2024-09-02,6.5625,6.5650005,6.534997940063477,9.011091849816847,2024
2024-09-03,7.867500305175781,7.857498,7.533748626708984,8.523936309523808,2024
2024-09-04,79.81999969482422,58.956253,14.23625373840332,16.220875000000007,2024
2024-09-05,12.327500343322754,12.285,11.146249771118164,20.102260576923072,2024
2024-09-06,22.503750562667847,22.54875,19.1924991607666,20.33784107142857,2024
2024-09-07,55.817498207092285,55.32375,41.96125030517578,41.92809391025641,2024
2024-09-08,41.04750061035156,40.541252,40.85624694824219,42.772666666666666,2024
2024-09-09,15.15125024318695,13.335001,50.31125259399414,55.469570833333336,2024
2024-09-10,66.84499979019165,66.87,60.82500076293945,54.604895192307694,2024
2024-09-11,23.053750038146976,23.0275,20.256248474121094,20.008191666666672,2024
2024-09-12,14.733749389648438,14.74,14.877498626708984,15.498787499999999,2024
2024-09-13,37.59000038634986,37.59,37.58875274658203,38.9607625,2024
2024-09-14,13.44249963760376,13.405001,29.27750015258789,32.0836092948718,2024
2024-09-15,110.3875036239624,110.38376,110.29124450683594,105.97910769230768,2024
2024-09-16,43.41875076293945,43.4325,43.5625,37.44604583333332,2024
2024-09-17,15.59000015258789,15.157501,12.022500991821289,14.555837500000004,2024
2024-09-18,30.767498970031742,30.64125,15.896249771118164,23.870680769230766,2024
2024-09-19,19.033749580383304,10.846251,15.430002212524414,18.349681089743587,2024
2024-09-20,33.89999961853027,31.595,111.3324966430664,131.71180732600732,2024
2024-09-21,9.447499752044678,10.0375,8.783751487731934,11.706866739926742,2024
2024-09-22,13.313750743865967,12.396252,21.875,30.079134523809522,2024
2024-09-23,131.11500358581543,132.75375,132.01626586914062,139.10052692307693,2024
2024-09-24,53.43125057220459,55.506252,97.48124694824219,91.113525,2024
2024-09-25,34.373748779296875,37.7275,31.283750534057617,31.67352083333333,2024
2024-09-26,46.389999866485596,51.47125,50.0525016784668,62.34346666666667,2024
2024-09-27,32.01374912261963,31.967499,32.00749969482422,50.74904583333333,2024
2024-09-28,47.58500003814697,47.551254,47.59874725341797,44.06138452380952,2024
2024-09-29,79.24875020980835,78.975,73.69499969482422,115.02280567765568,2024
2024-09-30,71.37624979019165,114.25124,100.84124755859375,165.685775,2024
2024-10-01,46.156249046325684,46.6725,51.214996337890625,49.13491666666667,2024
2024-10-02,33.65999889373779,33.53125,43.38750076293945,42.149095833333334,2024
2024-10-03,46.83000040054321,46.747498,51.275001525878906,52.37874166666666,2024
2024-10-04,23.90249991416931,23.965002,30.72374725341797,29.04162083333334,2024
2024-10-05,57.109999656677246,57.04875,51.660003662109375,50.486354166666665,2024
2024-10-06,43.77000093460083,50.49625,65.00125122070312,74.69813333333333,2024
2024-10-07,106.54375171661377,106.155,111.07499694824219,111.30887380952382,2024
2024-10-08,79.2037501335144,79.15625,69.95500183105469,70.44597916666666,2024
2024-10-09,68.69624853134155,68.457504,64.77000427246094,59.69678621794871,2024
2024-10-10,48.00750112533569,47.9325,47.401248931884766,42.11606666666666,2024
2024-10-11,29.681250095367435,29.689999,29.852502822875977,29.63078333333333,2024
2024-10-12,29.211250305175785,29.22125,29.26249885559082,30.248137500000006,2024
2024-10-13,68.45624851249158,67.69625,76.0250015258789,81.05587083333333,2024
2024-10-14,96.65374830365181,95.6475,79.88749694824219,76.39235833333333,2024
2024-10-15,48.86625003814697,48.645,98.92375183105469,130.25231845238096,2024
2024-10-16,27.537500143051147,27.151249,52.519996643066406,59.17588333333334,2024
2024-10-17,19.601250186562538,19.262499,19.576250076293945,19.671370833333334,2024
2024-10-18,19.071250200271606,19.0775,19.47875213623047,17.205885714285714,2024
2024-10-19,24.769999265670776,24.76875,24.64875030517578,25.687504166666667,2024
2024-10-20,72.79374885559082,72.78375,67.58625030517578,72.62938333333332,2024
2024-10-21,14.712500095367432,14.038751,13.66875171661377,18.748139102564103,2024
2024-10-22,170.6012511253357,170.46625,159.1850128173828,159.92183749999998,2024
2024-10-23,193.2625026702881,193.0325,188.23500061035156,190.64772916666666,2024
2024-10-24,16.255001068115238,16.235,14.780000686645508,23.361708333333333,2024
2024-10-25,142.9212474822998,142.935,137.73374938964844,133.92304166666668,2024
2024-10-26,162.0199966430664,161.95874,156.31375122070312,153.52599519230768,2024
2024-10-27,44.695000648498535,44.395,42.67250061035156,44.35003397435898,2024
2024-10-28,9.118749618530273,9.18,9.416250228881836,23.73163273809524,2024
2024-10-29,23.023750066757202,24.904999,9.526250839233398,17.360313095238098,2024
2024-10-30,30.617499947547916,29.98,88.46749877929688,90.66761231684981,2024
2024-10-31,42.741249084472656,42.72125,43.35000228881836,43.51280416666667,2024
2024-11-01,11.702500343322754,11.642498,11.318748474121094,13.491887500000004,2024
2024-11-02,21.317500114440918,16.9525,13.63749885559082,13.722572756410255,2024
2024-11-03,45.598748564720154,24.56375,61.69000244140625,66.46167619047618,2024
2024-11-04,55.80249881744385,36.65,79.57249450683594,78.691228125,2024
2024-11-05,105.21500015258789,105.3025,94.29875183105469,90.65552916666665,2024
2024-11-06,52.3799991607666,51.9475,33.477500915527344,32.90744166666667,2024
2024-11-07,28.13749980926514,29.232498,148.4287567138672,151.79245961538462,2024
2024-11-08,85.1687479019165,85.10125,50.1875,45.49984880952381,2024
2024-11-09,51.168751001358025,51.143745,50.095001220703125,49.98580833333334,2024
2024-11-10,812.4062337875367,812.4075,803.7762451171875,850.7327919871796,2024
2024-11-11,88.36625099182129,88.36125,88.40499877929688,86.06335083333332,2024
2024-11-12,21.317499694880098,21.28375,18.458749771118164,28.964964743589746,2024
2024-11-13,59.84375011920929,59.972504,47.35124969482422,48.6099675,2024
2024-11-14,69.833749294281,68.674995,45.0099983215332,44.6937375,2024
2024-11-15,26.52624893188477,26.51625,26.44624900817871,25.695083333333336,2024
2024-11-16,16.03874969482422,16.041252,15.776250839233398,21.743091666666665,2024
2024-11-17,97.01249766349792,74.4675,1242.8936767578125,1176.633934468524,2024
2024-11-18,49.83125030994415,50.0225,30.05625343322754,29.631988782051284,2024
2024-11-19,57.34499788284301,57.06375,54.32999801635742,56.20495448717949,2024
2024-11-20,97.75749778747559,97.5925,77.7437515258789,95.7683951923077,2024
2024-11-21,58.5525016784668,58.53,57.69874954223633,64.47734166666666,2024
2024-11-22,18.465000152587894,18.465,18.322498321533203,19.302183333333335,2024
2024-11-23,23.638750419486314,23.63,23.998750686645508,32.11523814102564,2024
2024-11-24,40.94875121116638,24.27125,21.578752517700195,26.41959519230769,2024
2024-11-25,36.72250032424927,35.705,28.924999237060547,23.34640773809524,2024
2024-11-26,50.312501668930054,49.120003,29.883752822875977,31.13652916666667,2024
2024-11-27,53.93625020980835,23.560001,20.09749984741211,43.57669166666666,2024
2024-11-28,30.804999232292175,31.385,8.232501983642578,13.174051923076924,2024
2024-11-29,30.048750400543216,28.940002,28.935001373291016,32.0380375,2024
2024-11-30,54.36500072479248,54.364998,54.459999084472656,66.31385416666666,2024
2024-12-01,30.962499618530277,30.96375,31.2237491607666,32.215204166666666,2024
2024-12-02,44.96749973297119,43.083748,52.590003967285156,55.31965,2024
2024-12-03,15.04999828338623,14.997501,17.30875015258789,30.285979166666664,2024
2024-12-04,39.22000026702881,39.18375,42.252498626708984,60.132245833333336,2024
2024-12-05,12.827499389648441,12.815002,12.96500015258789,22.449262499999996,2024
2024-12-06,38.95749890804291,37.923748,36.76499938964844,20.194429166666666,2024
2024-12-07,48.48000144958496,48.555,50.2400016784668,41.34760416666666,2024
2024-12-08,31.272500038146976,31.384998,35.751251220703125,41.72334880952381,2024
2024-12-09,31.932498812675476,31.815,31.808748245239258,32.3125125,2024
2024-12-10,37.39374923706055,40.832497,45.80999755859375,39.81816698717949,2024
2024-12-11,42.397500455379486,48.727497,41.48875045776367,44.37620833333333,2024
2024-12-12,57.16499996185303,56.93875,43.63750457763672,32.0739,2024
2024-12-13,14.932499885559086,14.925001,14.716249465942383,17.936970833333334,2024
2024-12-14,202.69250106811523,202.64749,205.3387451171875,219.721,2024
2024-12-15,14.202500343322754,16.34,14.92249870300293,20.93198846153846,2024
2024-12-16,58.69624912738799,56.30125,39.64750289916992,38.421845833333336,2024
2024-12-17,27.361248731613163,27.206247,24.318750381469727,36.18248749999999,2024
2024-12-18,20.423750281333923,20.33375,18.23874855041504,36.340799999999994,2024
2024-12-19,17.23624897003174,17.7125,13.719999313354492,20.42743333333334,2024
2024-12-20,25.93875122070313,25.926252,25.892499923706055,39.0255875,2024
2024-12-21,23.67874908447266,23.667501,23.501251220703125,30.03859166666667,2024
2024-12-22,24.737499833106995,24.72875,24.52375030517578,29.68975,2024
2024-12-23,55.34874966740608,31.71,24.79749870300293,30.452841666666668,2024
2024-12-24,39.42750072479248,28.072502,8.09000015258789,15.732504166666665,2024
2024-12-25,38.821250915527344,38.87125,33.50374984741211,37.29042083333333,2024
2024-12-26,71.6375002861023,70.17125,56.19124984741211,61.104268452380964,2024
2024-12-27,38.86749982833862,38.44625,36.720001220703125,36.99962083333334,2024
2024-12-28,57.20125210285187,27.72625,25.986249923706055,32.01167019230769,2024
2024-12-29,24.694998741149906,24.693752,24.659997940063477,28.74819583333333,2024
2024-12-30,59.503750801086426,59.22375,56.181251525878906,53.265125,2024
2024-12-31,30.18374991416931,30.18125,30.11625099182129,51.37991666666667,2024
2025-01-01,69.77874964475632,70.060005,68.53250122070312,75.25659166666665,2025
2025-01-02,26.060000419616703,26.017498,24.439998626708984,28.151600000000002,2025
2025-01-03,17.934999465942386,17.935001,17.98999786376953,18.013333333333332,2025
2025-01-04,36.441250801086426,37.572502,37.285003662109375,39.5367,2025
2025-01-05,54.116249084472656,54.041252,51.67499923706055,51.9236375,2025
2025-01-06,51.036251068115234,49.92875,22.528751373291016,33.47905833333334,2025
2025-01-07,77.94625198841095,44.5125,37.091251373291016,42.18460032051282,2025
2025-01-08,33.52875137329101,17.918749,23.438751220703125,23.8044875,2025
2025-01-09,28.8675012588501,25.947498,11.906248092651367,12.068750000000001,2025
2025-01-10,27.143750190734867,31.74,26.843753814697266,27.794412500000004,2025
2025-01-11,131.9799998551607,130.59625,67.43875122070312,48.26170416666666,2025
2025-01-12,42.12125027179718,42.10875,42.49250030517578,43.10999166666667,2025
2025-01-13,91.16000032424927,90.431244,93.95500183105469,55.089745512820514,2025
2025-01-14,33.308749198913574,33.309998,33.45500183105469,47.4496814102564,2025
2025-01-15,80.1087474822998,80.63875,222.94625854492188,698.0693255952381,2025
2025-01-16,77.35749816894531,77.33375,91.2125015258789,98.48901666666667,2025
2025-01-17,29.013748884201053,30.49875,18.630001068115234,26.2525625,2025
2025-01-18,35.457499980926514,35.50375,30.236248016357422,32.35947916666667,2025
2025-01-19,94.39124870300293,96.35,76.25,76.72173749999999,2025
2025-01-20,41.521249771118164,50.539997,35.23875427246094,33.77349583333334,2025
2025-01-21,174.92999744415283,117.15375,78.11375427246094,93.91872500000001,2025
2025-01-22,72.35750061273575,76.3875,66.0562515258789,87.61228750000001,2025
2025-01-23,105.9950017046649,105.9825,140.30999755859375,130.245875,2025
2025-01-24,56.884998321533196,56.888756,75.23999786376953,63.85875416666666,2025
2025-01-25,36.64625006914139,35.758755,33.592498779296875,39.26323333333333,2025
2025-01-26,44.31374979019165,43.432503,11.514999389648438,18.821395833333337,2025
2025-01-27,30.413751602172855,27.697498,34.786251068115234,32.310475000000004,2025
2025-01-28,22.458750724792484,22.206251,23.496252059936523,36.26242083333333,2025
2025-01-29,72.49000072479248,48.950005,20.756248474121094,23.28614583333333,2025
2025-01-30,48.34749901294708,43.53625,19.952499389648438,25.021858333333327,2025
2025-01-31,44.74374973773956,44.7575,42.1974983215332,51.36931666666666,2025
2025-02-01,39.92000091075897,39.87,38.16999816894531,47.743320833333335,2025
2025-02-02,26.99375021457672,27.5025,27.588748931884766,32.173562499999996,2025
2025-02-03,37.671250343322754,37.69125,45.657501220703125,39.69860833333333,2025
2025-02-04,85.86124801635742,85.865,85.38249969482422,73.62506666666665,2025
2025-02-05,100.96375113725662,100.73625,93.40125274658203,70.82540416666666,2025
2025-02-06,34.96875023841858,34.878746,32.30500030517578,26.4003375,2025
2025-02-07,23.706248998641968,22.657501,22.253751754760742,23.104095833333336,2025
2025-02-08,31.257499694824222,21.24625,23.2549991607666,26.79981666666667,2025
2025-02-09,41.078750133514404,40.488747,19.796247482299805,19.36030416666666,2025
2025-02-10,13.913748741149906,13.781252,11.639999389648438,47.53793653846154,2025
2025-02-11,45.371248841285706,35.004997,14.418746948242188,10.86834166666667,2025
2025-02-12,64.11375045776367,63.653748,34.57250213623047,49.51895833333332,2025
2025-02-13,60.045002460479736,46.678753,32.613746643066406,49.627429166666666,2025
2025-02-14,4.391249656677246,4.3925,2.8612499237060547,6.078164423076924,2025
2025-02-15,35.152499452233315,36.69375,36.679996490478516,39.1923875,2025
2025-02-16,45.58750140666962,54.28625,38.2349967956543,33.197104166666676,2025
2025-02-17,26.28124964237213,26.34375,26.405000686645508,27.07903141025641,2025
2025-02-18,24.157498836517338,24.15625,21.591249465942383,28.380468727106226,2025
2025-02-19,157.20125102996826,131.94376,233.7100067138672,496.2533544871795,2025
2025-02-20,89.26875174045563,91.1875,139.13751220703125,291.63627916666667,2025
2025-02-21,46.68124771118163,44.307495,62.462493896484375,45.99384583333333,2025
2025-02-22,28.607501029968265,33.940002,31.836252212524414,33.97119166666667,2025
2025-02-23,23.22250032424927,26.840002,34.08124923706055,41.29246011904762,2025
2025-02-24,87.3962490845006,236.50626,129.8300018310547,98.02491217948719,2025
2025-02-25,32.005000591278076,31.535,34.67625045776367,38.60424711538461,2025
2025-02-26,50.80625057220459,43.5075,33.560001373291016,34.1531342948718,2025
2025-02-27,48.819999903440475,48.81375,61.554996490478516,68.48139871794872,2025
2025-02-28,40.32999897003174,40.26,45.69249725341797,55.22475416666666,2025
2025-03-01,116.54999828338623,116.55501,116.77375793457031,83.8678625,2025
2025-03-02,56.149999141693115,49.747498,101.70375061035156,102.91515,2025
2025-03-03,40.452500343322754,25.036251,34.58500289916992,39.447925,2025
2025-03-04,56.36249923706055,54.82375,45.76249694824219,42.57911666666667,2025
2025-03-05,96.87125183083117,96.8675,96.47749328613281,93.6487625,2025
2025-03-06,55.768749356269836,38.416252,66.88500213623047,59.81681547619048,2025
2025-03-07,53.308748722076416,58.58,51.95000457763672,42.268262500000006,2025
2025-03-08,40.57374942302704,44.075,28.57499885559082,29.23988108974359,2025
2025-03-10,82.86250042915344,83.91,83.95625305175781,81.420475,2025
2025-03-11,55.3224995136261,47.6825,74.38749694824219,68.94316249999999,2025
2025-03-12,89.33000063896179,53.735,40.82124710083008,37.8944375,2025
2025-03-13,81.59249687194824,45.82375,44.246253967285156,52.43009166666666,2025
2025-03-14,97.54875087738037,54.56125,30.450000762939453,26.100041666666662,2025
2025-03-15,113.93374967575073,109.15875,112.46749877929688,109.26771666666666,2025
2025-03-16,101.77874801680446,101.77625,101.67375183105469,95.44102916666667,2025
2025-03-17,34.956249713897705,35.97,36.626251220703125,37.44171250000001,2025
2025-03-18,36.86249923706055,23.95375,54.756248474121094,57.1866125,2025
2025-03-19,96.06499910354614,104.60125,93.50499725341797,77.38024583333333,2025
2025-03-20,53.7362494468689,58.34125,49.88750457763672,51.864574999999995,2025
2025-03-21,39.83000087738037,41.81875,51.63249969482422,56.82643333333333,2025
2025-03-22,24.751250386238098,24.9125,31.971248626708984,32.50049583333333,2025
2025-03-23,37.99375104904175,31.353748,29.401248931884766,31.07581666666667,2025
2025-03-24,139.41624542325735,139.405,140.64625549316406,148.59027660256413,2025
2025-03-25,70.09749984741211,37.701252,75.92500305175781,89.4436842948718,2025
2025-03-26,35.753750681877136,37.966248,19.416248321533203,24.63761666666667,2025
2025-03-27,34.98875159025192,35.5275,23.19124984741211,23.981250000000003,2025
2025-03-28,42.06625008583069,42.25,26.250001907348633,28.059870833333328,2025
2025-03-29,27.908749580383304,23.3475,73.78375244140625,84.07116190476191,2025
2025-03-30,120.20999884605408,144.5675,115.92000579833984,121.79090641025641,2025
2025-03-31,43.61999797821045,45.39125,77.80125427246094,86.0850766025641,2025
2025-04-01,27.702501296997074,39.005,40.30500030517578,40.70003653846154,2025
2025-04-02,48.78624874353409,117.4375,115.20748901367188,157.61705833333332,2025
2025-04-03,52.33125066757202,79.4925,20.313751220703125,38.45470274725275,2025
2025-04-04,30.185000419616703,25.810001,35.099998474121094,31.270742857142857,2025
2025-04-05,44.24875020980835,29.51375,12.447500228881836,8.395963589743587,2025
2025-04-06,64.32249927520752,66.11125,123.49624633789062,185.0490375,2025
2025-04-07,96.45250105112791,96.4525,724.42626953125,1056.229426190476,2025
2025-04-08,40.57624977454543,39.94625,47.720001220703125,48.986575,2025
2025-04-09,35.72375011444092,28.771252,72.59625244140625,78.36555654761904,2025
2025-04-10,46.31249988079071,50.423748,81.79750061035156,86.53559166666665,2025
2025-04-11,30.766248703002933,30.186247,40.03125,41.619279166666665,2025
2025-04-12,27.606249570846558,26.916252,30.35000228881836,36.660110714285715,2025
2025-04-13,37.2862503528595,21.95,44.07250213623047,47.910626785714285,2025
2025-04-14,67.43250007927418,41.137497,62.716251373291016,81.55191602564102,2025
2025-04-15,68.41750144958496,67.3425,59.78250503540039,59.01663333333334,2025
2025-04-16,27.254998683929447,17.83,64.02999877929688,71.34616025641026,2025
2025-04-17,53.70875024795532,38.11,47.5625,41.524879166666665,2025
2025-04-18,48.58625078201294,28.345001,44.084999084472656,46.42849871794872,2025
2025-04-19,46.32624971866608,22.75625,15.730001449584961,19.22838108974359,2025
2025-04-20,258.0150001049042,255.16875,233.61375427246094,188.10580249999998,2025
2025-04-21,63.246248722076416,63.875004,71.02749633789062,70.40715,2025
2025-04-22,46.806249767541885,37.0175,69.43749237060547,75.18360833333332,2025
2025-04-23,42.916250109672546,41.808754,34.092498779296875,35.49513333333333,2025
2025-04-24,46.814998626708984,47.017498,48.691253662109375,40.58864166666666,2025
2025-04-25,36.09874963760376,36.95375,36.869998931884766,37.830816666666664,2025
2025-04-26,33.226250886917114,26.935,80.5250015258789,82.7797342948718,2025
2025-04-27,39.381249845027924,48.74625,32.52375030517578,24.182345833333333,2025
2025-04-28,60.55874967575073,48.018753,35.10625076293945,28.195741666666663,2025
2025-04-29,41.991249799728394,45.80375,46.251251220703125,45.52472495421245,2025
2025-04-30,70.88125085830688,44.041252,97.63375091552734,89.08001974358973,2025
2025-05-01,40.86125040054321,46.83625,49.91499710083008,107.45079262820512,2025
2025-05-02,44.7937496304512,46.49375,42.40999984741211,29.0276,2025
2025-05-03,62.47374939918518,62.98875,65.0300064086914,58.09482083333333,2025
2025-05-04,30.767500400543213,31.2475,33.116249084472656,30.008323076923077,2025
2025-05-05,28.673749566078186,28.311249,14.346251487731934,11.307433333333332,2025
2025-05-06,134.4762487411499,134.56,117.18875122070312,115.60106858974358,2025
2025-05-07,45.99124848842621,46.52875,69.3062515258789,68.29785833333334,2025
2025-05-08,45.69124937057495,46.01625,229.3249969482422,366.5182827380952,2025
2025-05-09,107.90749835968018,104.83125,90.69999694824219,78.65317738095239,2025
2025-05-10,38.09375047683716,40.89875,40.683753967285156,35.755542032967035,2025
2025-05-11,49.113749504089355,49.435005,100.2562484741211,92.83919583333332,2025
2025-05-12,38.52750062942505,47.855003,53.007503509521484,49.34832435897435,2025
2025-05-13,57.12499952316284,34.16875,51.79500198364258,44.141444166666666,2025
2025-05-14,51.166250228881836,36.96875,52.85750198364258,38.47957243589744,2025
2025-05-15,50.426249504089355,45.065002,73.96499633789062,83.26986487179488,2025
2025-05-16,67.76374766230583,64.9675,838.6787719726562,1051.5926308333335,2025
2025-05-17,52.5625,53.341248,68.6675033569336,68.39668782051282,2025
2025-05-18,70.32625198364258,42.57875,25.1825008392334,19.408930448717946,2025
2025-05-19,46.36750030517578,28.00125,32.18000030517578,27.174235256410256,2025
2025-05-20,165.97249746322632,166.2875,155.1387481689453,155.03372083333332,2025
2025-05-21,23.909998893737797,23.626251,57.57750701904297,67.58571346153846,2025
2025-05-22,18.927499771118168,19.7025,56.287498474121094,55.940002564102564,2025
2025-05-23,64.03750133514404,52.603745,58.08250045776367,60.33571057692308,2025
2025-05-24,42.9574990272522,19.789999,20.472501754760742,19.149974999999998,2025
2025-05-25,32.769999504089355,30.705,36.18124771118164,39.13237243589744,2025
2025-05-26,74.94249820709229,52.964996,56.750003814697266,47.713950000000004,2025
2025-05-27,136.8424949645996,136.02374,125.4362564086914,115.43244871794872,2025
2025-05-28,35.258750915527344,35.4225,29.569995880126953,30.023530357142853,2025
2025-05-29,32.87874984741211,32.856247,33.542503356933594,32.5512,2025
2025-05-30,236.0712490081787,235.82626,227.73500061035156,224.60214999999997,2025
2025-05-31,82.8474988937378,82.67,79.74000549316406,79.73346666666666,2025
2025-06-01,16.754999637603763,16.740002,42.59874725341797,46.04547916666667,2025
2025-06-02,24.444999694824222,21.804998,22.008747100830078,19.03588583333333,2025
2025-06-03,41.396249294281006,37.9875,48.897499084472656,49.46174880952381,2025
2025-06-04,54.51625096797943,29.33125,26.322498321533203,26.081583333333334,2025
2025-06-05,121.93250274658203,95.8775,104.37249755859375,143.54058750000002,2025
2025-06-06,57.80875015258789,64.5025,62.22624588012695,53.52630833333333,2025
2025-06-07,35.60125130414963,37.31875,69.68999481201172,69.6108548076923,2025
2025-06-08,24.761249721050262,24.456251,23.93124771118164,20.12882619047619,2025
2025-06-09,55.337501525878906,54.746254,92.44750213623047,94.12570576923078,2025
2025-06-10,177.6837511062622,96.64,38.806251525878906,41.82826249999999,2025
2025-06-11,72.97625064849854,72.97624,72.97624206542969,71.3429087797619,2025
2025-06-12,74.1175012588501,38.372498,30.157501220703125,25.401846794871794,2025
2025-06-13,162.8162486553192,96.66625,57.94750213623047,55.75261666666667,2025
2025-06-14,41.5049991607666,23.835,25.27874755859375,27.47467083333333,2025
2025-06-15,45.0662489682436,41.43375,40.0212516784668,38.59540416666666,2025
2025-06-16,98.34500217437744,99.74125,92.53874969482422,65.44899166666667,2025
2025-06-17,25.31624794006348,22.13125,33.82875061035156,32.193676968864466,2025
2025-06-18,23.712500572204593,25.255,46.67375183105469,41.50786465201465,2025
2025-06-19,31.176249980926517,30.780003,64.93500518798828,62.8855,2025
2025-06-20,93.47375082969666,93.47626,86.08375549316406,82.15923541666666,2025
2025-06-21,41.78250032663345,42.362503,33.08374786376953,27.425745,2025
2025-06-22,33.87499952316284,34.445,30.53125,34.42215654761904,2025
2025-06-23,38.168750286102295,38.3675,33.44750213623047,31.220082692307688,2025
2025-06-24,23.590000152587894,23.516253,25.553749084472656,26.985591666666664,2025
2025-06-25,23.73249924182892,25.2325,16.236248016357422,19.419341666666668,2025
2025-06-26,18.787499904632572,20.28125,20.25625228881836,30.329209523809524,2025
2025-06-27,24.72875022888184,23.150002,86.53999328613281,95.34802916666666,2025
2025-06-28,20.214999675750732,20.263748,45.508750915527344,50.697225,2025
2025-06-29,21.851249694824222,23.14,20.139999389648438,22.204670833333335,2025
2025-06-30,33.43000030517578,33.6325,31.986248016357422,32.06931904761905,2025
2025-07-01,79.24624729156494,87.44499,143.3887481689453,139.47905714285716,2025
2025-07-02,50.6512508392334,50.767498,57.10874938964844,49.41837724358973,2025
2025-07-03,15.694999694824219,18.136251,13.369998931884766,15.408260256410259,2025
2025-07-04,46.454999923706055,36.6275,11.444999694824219,14.582245833333332,2025
2025-07-05,33.08875007927418,33.9225,21.752500534057617,19.945892559523813,2025
2025-07-06,52.113749504089355,54.145,54.34624481201172,50.614175384615386,2025
2025-07-07,41.1825008392334,41.975002,42.44124984741211,41.941670833333326,2025
2025-07-08,39.24499988555908,39.151253,80.9262466430664,87.3148173076923,2025
2025-07-09,48.043750405311584,48.972504,53.12999725341797,58.373675000000006,2025
2025-07-10,31.235000848770145,28.193752,44.281253814697266,47.37754871794871,2025
2025-07-11,249.59750648587942,248.35,281.125,268.21911666666665,2025
2025-07-12,61.540000438690186,61.232502,127.39250183105469,141.56431057692308,2025
2025-07-13,36.62125062942505,34.256252,57.601253509521484,53.94161904761905,2025
2025-07-14,28.997500419616703,26.465002,37.75625228881836,34.140160256410255,2025
2025-07-15,33.47625112533569,23.474998,27.859996795654297,22.130174999999994,2025
2025-07-16,30.178750038146976,10.936251,30.667499542236328,29.381208333333333,2025
2025-07-17,12.711248874664307,12.62875,30.150001525878906,30.88475288461539,2025
2025-07-18,9.347498893737793,9.055,16.44249725341797,25.489011538461533,2025
2025-07-19,26.329999923706055,27.523748,22.311248779296875,27.10291916666667,2025
2025-07-20,27.952500104904175,28.64,22.59499740600586,25.555003431372548,2025
2025-07-21,16.26124906539917,21.342499,30.64875030517578,32.79059152930403,2025
2025-07-22,27.408749103546146,20.346249,36.32124710083008,35.71095763888889,2025
2025-07-23,22.26124954223633,19.40625,26.026248931884766,25.11794722222222,2025
2025-07-24,38.04875087738037,38.045,64.05625915527344,39.9113506959707,2025
2025-07-25,26.88875007629395,26.63625,44.630001068115234,46.65404166666667,2025
2025-07-26,29.808749198913578,29.90625,30.795000076293945,32.726862499999996,2025
2025-07-27,34.371251344680786,34.29375,36.182498931884766,36.68580769230769,2025
2025-07-28,15.15625,14.72,57.102500915527344,61.383337499999996,2025
2025-07-29,15.954999923706055,16.2575,78.46499633789062,84.82990416666667,2025
2025-07-30,13.75625038146973,13.547501,184.44000244140625,208.72214999999997,2025
2025-07-31,31.136250495910648,28.529999,81.11125183105469,89.70524444444445,2025
2025-08-01,33.005001068115234,36.8175,85.00749969482422,92.35972291666667,2025
2025-08-02,40.08375263214111,26.701248,19.217498779296875,21.808688333333333,2025
2025-08-03,45.798752307891846,38.739998,60.78125,63.50518749999999,2025
2025-08-04,11.762500762939457,7.8600006,13.635000228881836,14.65408685897436,2025
2025-08-05,24.22625064849854,24.232498,25.06500244140625,24.244020512820512,2025
2025-08-06,29.66749954223633,31.068748,57.72125244140625,59.72328539377289,2025
2025-08-07,20.761248588562015,20.482502,61.80249786376953,64.27040192307693,2025
2025-08-08,13.684999942779541,14.702501,36.415000915527344,39.141465705128205,2025
2025-08-09,14.878749370574951,15.236249,25.872499465942383,25.299629166666673,2025
2025-08-10,28.691249370574955,26.719997,63.70499801635742,42.84374358974359,2025
2025-08-11,20.724999427795414,21.252499,64.49624633789062,71.0186375,2025
2025-08-12,40.36250114440918,37.131252,60.377498626708984,69.45015416666666,2025
2025-08-13,48.048749923706055,51.23875,39.5412483215332,40.44867500000001,2025
2025-08-14,42.90624952316284,45.649998,57.79875183105469,57.99790833333333,2025
2025-08-15,36.60624980926514,36.6175,36.54999923706055,39.63585416666667,2025
2025-08-16,19.75625038146973,23.521252,47.10124969482422,50.92816666666667,2025
2025-08-17,48.60125207901001,48.632507,60.17625427246094,62.633066666666664,2025
2025-08-18,56.09374713897705,55.79125,124.84375,119.95157083333332,2025
2025-08-19,78.50624942779541,79.65625,63.821250915527344,82.49222083333333,2025
2025-08-20,150.00875282287598,150.00876,149.95875549316406,149.89151666666666,2025
2025-08-21,43.45249938964844,43.375,45.22249984741211,45.34214807692308,2025
2025-08-22,53.09250259399414,53.103756,52.61249923706055,52.83906538461538,2025
2025-08-23,84.26999950408936,84.29625,84.03250122070312,83.42280833333335,2025
2025-08-24,80.74874782562256,80.26625,92.83624267578125,94.97447916666665,2025
2025-08-25,34.70625019073486,36.35625,40.06500244140625,42.75238333333334,2025
2025-08-26,28.08374881744385,29.198748,37.57749938964844,38.64214583333333,2025
2025-08-27,39.04749917984009,95.44125,41.1724967956543,45.43629583333333,2025
2025-08-28,27.159999847412113,27.713749,51.188751220703125,61.56389839743589,2025
2025-08-29,49.60874938964844,50.911255,48.755001068115234,26.085454166666658,2025
2025-08-30,27.608750581741333,28.515,17.938749313354492,17.103749999999998,2025
2025-08-31,17.05875015258789,17.69,14.380001068115234,18.69143782051282,2025
2025-09-01,44.591248512268066,44.58875,44.443748474121094,45.05751666666667,2025
2025-09-02,68.07750034332275,68.09875,67.89125061035156,66.42303846153845,2025
2025-09-03,76.04874992370605,76.01875,85.10875701904297,81.86181955128205,2025
2025-09-04,23.460000038146976,22.023748,87.15625,93.3792275,2025
2025-09-05,25.947500705718998,27.18625,36.525001525878906,40.61699166666667,2025
2025-09-06,28.63999938964844,28.608751,27.2137508392334,28.554788782051283,2025
2025-09-07,26.309999465942386,26.281252,24.951250076293945,29.17962083333333,2025
2025-09-08,32.23500061035156,32.228752,32.05500030517578,33.34224583333333,2025
2025-09-09,44.860000133514404,44.87875,48.55999755859375,50.7279625,2025
2025-09-10,62.38374996185303,60.317497,68.66625213623047,69.91284166666667,2025
2025-09-11,31.041251182556156,31.103752,47.04750061035156,48.87263333333334,2025
2025-09-12,30.596249580383304,30.1725,43.35249710083008,44.77486428571429,2025
2025-09-13,47.14499855041504,47.105,66.5149917602539,69.28947083333334,2025
2025-09-14,24.176249980926517,24.17625,27.403749465942383,27.314390897435896,2025
2025-09-15,27.80999851226807,27.6875,38.491249084472656,39.766165384615384,2025
2025-09-16,36.27375078201294,36.4675,40.506248474121094,41.47841916666667,2025
2025-09-17,37.01624870300293,36.99375,73.40125274658203,72.89451057692308,2025
2025-09-18,29.94250011444092,30.030003,60.220001220703125,63.081379166666665,2025
2025-09-19,23.05374908447266,23.3675,38.80374526977539,39.068195833333334,2025
2025-09-20,11.1875,11.196249,17.358749389648438,16.497883333333334,2025
2025-09-21,24.86750113964081,24.76125,39.13749694824219,39.63209719551282,2025
2025-09-22,12.130000114440918,12.887499,15.888748168945312,85.83257897435898,2025
2025-09-23,17.667500495910645,20.198748,83.6824951171875,146.2784527930403,2025
2025-09-24,54.56374740600586,55.5,43.847496032714844,40.711541025641026,2025
2025-09-25,96.90875148773193,96.909996,96.0887451171875,95.5668375,2025
2025-09-26,26.81875038146973,26.534998,59.162498474121094,73.84243666666666,2025
2025-09-27,26.316249847412113,26.321249,39.5099983215332,41.91855673076924,2025
2025-09-28,40.527501583099365,40.545002,41.54750061035156,43.144262499999996,2025
2025-09-29,55.35124683380127,55.414997,58.0162467956543,51.781819551282055,2025
2025-09-30,47.567498207092285,47.5675,46.149993896484375,47.38162878205127,2025
2025-10-01,49.57874870300293,49.56375,58.60625076293945,53.660998260073264,2025
2025-10-02,23.003749847412113,27.992498,48.7400016784668,53.03112500000002,2025
2025-10-03,31.5774998664856,32.135002,23.772499084472656,25.089682692307694,2025
2025-10-04,19.641249656677246,19.63125,20.25,22.844783333333332,2025
2025-10-05,38.5625,38.5625,39.44000244140625,42.17006666666666,2025
2025-10-06,36.74250030517578,36.70375,50.72374725341797,56.18805416666666,2025
2025-10-07,47.20124912261963,47.255,51.207496643066406,48.82980512820513,2025
2025-10-08,63.60249876976013,64.13875,73.69499969482422,77.80206282051282,2025
2025-10-09,46.51749914139509,46.91375,53.87999725341797,59.26927499999999,2025
2025-10-10,116.63874816894531,116.6425,115.6712417602539,103.4545064102564,2025
2025-10-11,112.89749813079834,112.73875,90.81749725341797,89.26069166666667,2025
2025-10-12,137.3437533378601,137.37376,142.72500610351562,140.93587916666664,2025
2025-10-13,24.845000267028812,24.842499,38.07999801635742,41.43698333333334,2025
2025-10-14,80.82250213623047,80.90125,84.84624481201172,91.68965208333334,2025
2025-10-15,47.4975004196167,47.4825,48.85375213623047,44.5470875,2025
2025-10-16,19.053749561309818,19.103752,17.821250915527344,20.53972532051282,2025
2025-10-17,48.00874996185303,47.96125,69.68624877929688,68.5059673076923,2025
2025-10-18,16.098750114440918,16.05125,22.78249740600586,24.329449999999994,2025
2025-10-19,33.130000591278076,33.1225,33.14249801635742,33.347908333333336,2025
2025-10-20,17.28499984741211,16.739998,62.53499984741211,70.74394583333334,2025
2025-10-21,175.88749754428864,176.19626,201.31500244140625,186.75345000000002,2025
2025-10-22,31.00374794006348,32.3575,74.9312515258789,83.756625,2025
2025-10-23,28.915000915527347,28.99625,35.81875228881836,37.352580357142855,2025
2025-10-24,23.491250038146976,22.950003,49.973751068115234,47.46100602564101,2025
2025-10-25,67.58124828338623,67.73375,59.437496185302734,59.40344102564102,2025
2025-10-26,88.52250003814697,88.52251,88.60750579833984,84.88332083333334,2025
2025-10-27,135.08249950408936,135.1125,137.2974853515625,121.65060416666665,2025
2025-10-28,54.08999824523926,54.14875,41.991249084472656,18.892915257352943,2025
2025-10-29,36.920000076293945,36.576252,49.696250915527344,56.4042575,2025
2025-10-30,75.21500134468079,74.28375,66.80999755859375,66.81041666666665,2025
2025-10-31,65.10250068455935,65.10375,65.11624908447266,65.07346249999999,2025
2025-11-01,96.69500148296356,96.5225,85.7762451171875,77.59365833333334,2025
2025-11-02,67.22375056147575,66.71125,67.08250427246094,63.70780000000001,2025
2025-11-03,38.73750066757202,38.73,38.630001068115234,38.61024583333334,2025
2025-11-04,36.31750001013279,36.315,37.9275016784668,33.15517916666667,2025
2025-11-05,52.94124865531921,52.92375,93.69000244140625,85.85770801282051,2025
2025-11-06,36.171250343322754,35.82,36.76750183105469,38.554550000000006,2025
2025-11-07,136.89749500341713,136.53374,186.7449951171875,170.71464102564101,2025
2025-11-08,73.0250015258789,72.46625,63.88249969482422,41.030137499999995,2025
2025-11-09,62.53124976158142,62.53125,62.54624938964844,61.51244499999999,2025
2025-11-10,47.24125072360039,46.16375,47.99749755859375,54.24833333333333,2025
2025-11-11,37.08124923706055,37.12625,30.63374900817871,33.7094375,2025
2025-11-12,30.636250376701355,28.615,51.70874786376953,55.04147596153846,2025
2025-11-13,27.912498950958256,30.0625,48.61000061035156,46.324841666666664,2025
2025-11-14,23.89374923706055,23.599998,30.763750076293945,34.134474999999995,2025
2025-11-15,34.072500228881836,34.158752,28.586246490478516,36.344562499999995,2025
2025-11-16,85.75624752044678,85.86125,76.76750183105469,80.86274166666668,2025
2025-11-17,26.401249885559086,32.125,42.65625,44.88135,2025
2025-11-18,81.72374725341797,83.83625,144.5887451171875,135.0838375,2025
2025-11-19,41.51250076293945,41.145,77.15249633789062,83.89735833333333,2025
2025-11-20,54.232499182224274,54.02,40.76749801635742,30.7817,2025
2025-11-21,64.87625217437744,64.8575,64.83125305175781,60.34857916666667,2025
2025-11-22,46.25875091552734,46.27,44.8125,56.86146666666667,2025
2025-11-23,17.392500877380375,19.01625,27.306249618530273,33.63070032051282,2025
2025-11-24,112.16999936103821,113.013756,88.64750671386719,76.1501282051282,2025
2025-11-25,268.6012496948242,268.61377,301.2337341308594,128.18795256410255,2025
2025-11-26,39.813751220703125,38.40875,45.76374816894531,34.841699999999996,2025
2025-11-27,15.435002326965336,15.425003,15.758750915527344,17.378216666666667,2025
2025-11-28,27.3587506711483,29.127502,30.388751983642578,30.886539102564104,2025
2025-11-29,26.392501115798954,27.5225,22.132497787475586,19.669874999999998,2025
2025-11-30,35.49624967575073,37.535,99.16749572753906,62.9254875,2025
2025-12-01,449.22874879837036,448.76624,387.04498291015625,210.61794583333332,2025
2025-12-02,65.53999936580658,65.26375,233.8900146484375,169.12557738095236,2025
2025-12-03,52.89625072479247,52.8875,46.77375030517578,33.887744166666664,2025
2025-12-04,108.25875043869019,109.04875,88.40625,69.70341249999998,2025
2025-12-05,60.138749659061425,60.144997,34.56624984741211,31.205683333333333,2025
2025-12-06,56.52750015258789,56.55875,58.2087516784668,60.36289166666667,2025
2025-12-07,64.48625135421753,74.80125,60.753753662109375,67.22625068681319,2025
2025-12-08,66.70999956130981,65.73125,85.93499755859375,79.8365,2025
2025-12-09,37.61124920845032,37.629997,37.55999755859375,33.817987499999994,2025
2025-12-10,74.51750046014786,74.5075,72.16250610351562,74.85825,2025
2025-12-11,27.998751640319828,28.024998,29.27375030517578,34.28765673076923,2025
2025-12-12,35.4087495803833,34.46,31.486251831054688,29.655274999999996,2025
2025-12-13,26.872500419616703,26.85125,27.65250015258789,25.517987499999997,2025
2025-12-14,62.35874938964844,60.10125,311.8349914550781,262.2160544871795,2025
2025-12-15,258.49874687194824,258.7425,258.7300109863281,197.24515192307692,2025
2025-12-16,25.606249332427982,25.63875,24.858749389648438,26.566342500000005,2025
2025-12-17,24.94874954223633,24.9575,34.2599983215332,39.22763750000001,2025
2025-12-18,34.04750031232834,34.1,38.95874786376953,42.494281410256406,2025
2025-12-19,36.11375021934509,36.24375,33.86000061035156,40.981991666666666,2025
2025-12-20,30.26624941825867,31.927502,34.14500045776367,35.87917596153846,2025
2025-12-21,14.960000038146973,15.537502,17.73375129699707,18.961479166666663,2025
2025-12-22,8.805000305175781,10.518749,13.65999984741211,11.408016666666668,2025
2025-12-23,77.7475004196167,77.7525,77.81500244140625,78.74940416666668,2025
2025-12-24,24.84625053405762,24.844997,24.686248779296875,25.696673333333333,2025
2025-12-25,14.756250381469727,14.752501,14.309998512268066,13.718862499999997,2025
2025-12-26,13.891250133514404,13.866251,21.292499542236328,22.410720833333336,2025
2025-12-27,34.9700003862381,17.3675,18.34000015258789,17.864845833333334,2025
2025-12-28,22.24750006198883,19.86875,18.450000762939453,17.93445,2025
2025-12-29,36.312498807907104,37.466248,38.51375198364258,68.79927916666665,2025
2025-12-30,24.112500190734867,24.1125,24.23999786376953,29.96226666666666,2025
2025-12-31,32.266249656677246,32.26625,32.39500045776367,32.14887916666666,2025
2026-01-01,12.34250020980835,12.331249,11.836249351501465,11.891729166666664,2026
2026-01-02,28.37375044822693,28.41375,24.832500457763672,24.728266666666666,2026
2026-01-03,30.435000598430634,30.43125,26.669998168945312,41.37913333333333,2026
2026-01-04,28.386249184608463,28.40875,29.696250915527344,30.492774264705883,2026
2026-01-05,32.65000009536743,27.519999,28.686248779296875,26.496775000000007,2026
2026-01-06,37.17999956011772,37.217503,27.55875015258789,41.84770196886447,2026
2026-01-07,36.27500140666962,22.96125,18.74625015258789,27.055206617647055,2026
2026-01-08,45.72249989211559,46.8475,43.63750076293945,44.53108333333334,2026
2026-01-09,58.26374912261963,58.873753,34.78624725341797,37.259729761904765,2026
2026-01-10,66.92499923706055,67.28125,37.970001220703125,42.812645833333335,2026
2026-01-11,19.151248931884766,19.2625,19.802499771118164,34.627304166666676,2026
2026-01-12,15.31624984741211,15.29875,14.98124885559082,27.301748717948715,2026
2026-01-13,18.409999847412113,18.395,17.201251983642578,20.089162499999993,2026
2026-01-14,41.892499923706055,41.86625,41.52750015258789,45.036520833333334,2026
2026-01-15,28.041250228881836,27.82375,27.61625099182129,47.11533333333333,2026
2026-01-16,35.34000027179718,36.24,40.36124801635742,40.38033578431373,2026
2026-01-17,26.940000593662262,21.92625,45.98249816894531,64.1051875,2026
2026-01-18,52.92499904334545,54.6075,42.28499984741211,42.810038541666664,2026
2026-01-19,45.767499685287476,45.755,45.37000274658203,48.253125,2026
2026-01-20,76.03499698638916,76.182495,74.33999633789062,119.59675833333333,2026
2026-01-21,30.128749847412113,30.126247,30.312496185302734,32.12225416666667,2026
2026-01-22,24.381249427795414,24.396252,24.81125259399414,30.540356730769222,2026
2026-01-23,48.68125009536743,46.05125,40.8900032043457,41.107933333333335,2026
2026-01-24,117.43124961853027,115.85625,176.55374145507812,252.50463333333335,2026
2026-01-25,299.6037493944168,294.37128,640.1124877929688,678.3090710595777,2026
2026-01-26,234.30750000476837,232.50626,429.9850158691406,359.9251153846154,2026
2026-01-27,184.6449966430664,184.68124,185.31748962402344,183.95638333333335,2026
2026-01-28,711.2137594223022,711.24243,730.3787841796875,740.17869375,2026
2026-01-29,55.363749980926514,55.35875,55.51000213623047,60.2699,2026
2026-01-30,80.58874881267548,80.62375,63.93375778198242,63.53588750000001,2026
2026-01-31,56.78749871253967,57.37375,93.05750274658203,255.28547115384615,2026
2026-02-01,108.98375248908997,108.978745,161.89125061035156,222.1685381410256,2026
2026-02-02,62.21375131607056,65.162506,57.286251068115234,54.08543589743589,2026
2026-02-03,32.433749198913574,30.92875,37.689998626708984,42.73200083333333,2026
2026-02-04,79.82999992370605,80.1425,58.431251525878906,60.312250000000006,2026
2026-02-05,44.18249869346619,44.192497,46.12874984741211,51.015002765567765,2026
2026-02-06,38.00374889373779,38.113754,40.196250915527344,42.897975,2026
2026-02-07,34.83375045657158,35.118748,33.51750183105469,37.159546794871794,2026
2026-02-08,39.672500282526016,36.62375,56.04375076293945,69.02912051282051,2026
2026-02-09,38.58125016838312,25.210001,39.561248779296875,40.448391666666666,2026
2026-02-10,78.92999863624573,52.73875,16.006250381469727,19.782975000000004,2026
2026-02-11,30.89249992370606,30.925001,27.165000915527344,29.909750000000003,2026
2026-02-12,51.85874843597412,37.4375,31.453750610351562,36.7219983974359,2026
2026-02-13,42.28625011444092,42.0925,27.042499542236328,25.464373076923074,2026
2026-02-14,27.952499389648438,22.29125,11.647500991821289,15.346391666666669,2026
2026-02-15,41.112499713897705,41.1125,40.33000183105469,41.040955833333335,2026
2026-02-16,26.961250871419907,24.2575,23.926250457763672,23.461199999999998,2026
2026-02-17,33.595000982284546,21.03875,29.438751220703125,30.047254166666665,2026
2026-02-18,34.1712506711483,23.78125,7.819999694824219,10.459375,2026
2026-02-19,55.96249771118164,56.478745,56.86249542236328,59.932500000000005,2026
2026-02-20,67.23249912261963,48.07125,43.56500244140625,43.25315833333333,2026
2026-02-21,40.78000056743622,33.07875,37.178749084472656,34.687103846153846,2026
2026-02-22,45.40999984741211,48.50875,43.92250061035156,42.606895833333326,2026
2026-02-23,26.407500326633453,26.406252,26.4375,27.93510416666667,2026
2026-02-24,71.80124950408936,71.823746,72.37625122070312,67.49886089743589,2026
2026-02-25,52.391249656677246,45.02375,78.26998901367188,86.11014999999999,2026
2026-02-26,56.6637499332428,56.405003,41.64374542236328,41.54249871794873,2026
2026-02-27,24.717500209808353,24.848751,29.097496032714844,32.479841346153854,2026
2026-02-28,28.92125010490418,28.38625,32.915000915527344,33.76844967948718,2026
2026-03-01,35.85375142097473,35.826252,39.95500183105469,40.92816666666667,2026
2026-03-02,37.22624969482422,23.80125,26.93124771118164,19.574129166666665,2026
2026-03-03,34.67499923706055,34.8,37.14875030517578,40.47478814102564,2026
2026-03-04,26.195000529289246,30.287498,30.53000259399414,32.746291666666664,2026
2026-03-05,20.0587500333786,12.48125,19.618751525878906,14.942445833333332,2026
2026-03-06,57.77499836683273,33.4525,23.44624900817871,24.940879166666665,2026
2026-03-07,49.28124901652336,50.60875,42.66749954223633,82.0644375,2026
2026-03-09,64.74125003814697,55.149998,38.535003662109375,42.867379166666666,2026
2026-03-10,183.53625011444092,81.2125,25.27499771118164,27.342666666666666,2026
2026-03-11,34.22624886035919,28.84875,16.807498931884766,24.7480625,2026
2026-03-12,40.318750739097595,40.1025,32.29999923706055,27.72952916666667,2026
2026-03-13,59.501248359680176,59.298748,62.95249938964844,63.02002916666666,2026
2026-03-14,62.94874840229749,47.412502,63.366249084472656,52.330645833333335,2026
2026-03-15,62.6287493109703,63.4725,37.662498474121094,23.407925000000006,2026
2026-03-16,63.81999802589416,65.8875,119.34874725341797,161.43353749999997,2026
2026-03-17,49.519999980926514,49.545,42.41625213623047,46.00899999999999,2026
2026-03-18,38.23374819755554,38.208748,41.86750030517578,41.45323333333333,2026
2026-03-19,35.13000030443072,33.72875,36.26124954223633,35.44599070512821,2026
2026-03-20,22.15374981611967,19.76875,29.727500915527344,30.01424523809524,2026
2026-03-21,28.276249885559086,16.304998,23.947498321533203,22.129400320512822,2026
2026-03-22,52.982500076293945,52.181248,59.127498626708984,50.09892724358974,2026
2026-03-23,367.36999225616455,353.17252,573.6325073242188,508.92972916666673,2026
2026-03-24,107.67125177383423,106.98875,100.4800033569336,91.15985,2026
2026-03-25,114.25000095367432,46.655,34.69750213623047,26.506604166666662,2026
2026-03-26,42.69499899819493,30.315,31.732500076293945,26.903290384615385,2026
2026-03-27,33.55000019073486,34.45625,38.08749771118164,22.480316666666667,2026
2026-03-28,23.283749103546146,23.28125,21.520000457763672,23.31072916666666,2026
2026-03-29,38.260000705718994,17.107498,20.083749771118164,27.756837500000003,2026
2026-03-30,21.276249885559086,30.0825,52.71250534057617,42.629525,2026
2026-03-31,27.48000001907349,30.64,24.37750244140625,23.73928365384615,2026
2026-04-01,58.952500343322754,64.00875,57.48750305175781,55.64362083333333,2026
2026-04-02,61.281248569488525,51.0725,29.430002212524414,33.19593333333333,2026
2026-04-03,106.11125153303146,75.16499,29.931249618530273,35.42763493589743,2026
2026-04-04,45.980000495910645,46.075005,24.247501373291016,31.054387499999997,2026
2026-04-05,39.491250872612,39.56625,48.59000015258789,49.955537500000005,2026
2026-04-06,74.38375046849251,74.31375,74.01000213623047,73.48693333333333,2026
2026-04-07,50.69749879837036,48.1775,51.426246643066406,51.93133571428572,2026
2026-04-08,80.07249641418457,80.74375,94.33124542236328,91.34076474358974,2026
2026-04-09,106.57125759124756,106.58501,107.64999389648438,112.78249166666667,2026
2026-04-10,31.3362512588501,31.383747,26.497501373291016,43.50209519230769,2026
2026-04-11,39.09124958515167,39.12375,64.07624816894531,68.63897916666666,2026
2026-04-12,36.477500677108765,37.04375,128.4737548828125,137.33958333333334,2026
2026-04-13,22.887500286102295,24.223751,72.36750793457031,104.70703333333333,2026
2026-04-14,61.68624973297119,38.61,35.404998779296875,39.404741666666666,2026
2026-04-15,78.5562488809228,78.445,74.57875061035156,65.59580083333334,2026
2026-04-16,21.932500362396244,20.817497,34.35249710083008,22.456099999999996,2026
2026-04-17,30.86750066280365,26.737501,41.28000259399414,19.090336217948717,2026
2026-04-18,35.539999186992645,35.56125,56.78499984741211,67.30343749999999,2026
2026-04-19,47.39625012874603,47.405003,36.529998779296875,50.363529166666666,2026
2026-04-20,89.7587480545044,89.77,92.37998962402344,78.05753044871794,2026
2026-04-21,48.349998474121094,48.348747,41.63999938964844,41.020079166666676,2026
2026-04-22,46.70500183105469,46.71875,51.5099983215332,34.53833999999999,2026
2026-04-23,17.946250915527347,17.9525,31.13125228881836,23.37280512820513,2026
2026-04-24,575.3000011444092,575.4888,588.4912719726562,616.3949202380953,2026
2026-04-25,40.95375156402588,40.922504,46.01625061035156,71.01324166666666,2026
2026-04-26,14.495000839233402,14.467499,15.963748931884766,14.129963873626373,2026
2026-04-27,312.4337396621704,291.81125,515.46875,594.9726945512821,2026
2026-04-28,128.28500175476074,75.90625,106.54249572753906,76.29035416666667,2026
2026-04-29,71.2437515258789,50.5325,42.533748626708984,43.692341666666664,2026
2026-04-30,27.37375068664551,27.373749,27.30499839782715,25.33179583333333,2026
2026-05-01,49.716251611709595,49.440002,30.70374870300293,33.818675,2026
2026-05-02,48.74500036239624,48.70375,59.26749801635742,79.7061875,2026
2026-05-03,30.691250264644623,30.6875,30.497499465942383,31.578945833333332,2026
2026-05-04,37.3812490105629,37.405,37.04249954223633,35.06585,2026
2026-05-05,27.824999332427982,28.12625,28.09250259399414,33.758587500000004,2026
2026-05-06,36.6287499666214,38.64875,14.153749465942383,18.583554166666666,2026
2026-05-07,26.471249580383304,26.444998,27.060001373291016,28.65967916666667,2026
2026-05-08,24.931250572204593,22.58,23.812498092651367,25.483774999999994,2026
2026-05-09,42.94249892234802,56.721245,38.97125244140625,62.77674166666668,2026
2026-05-10,18.92499923706055,17.033752,18.00250244140625,19.324120833333335,2026
2026-05-11,66.75500118732452,59.64625,46.907501220703125,47.9364685897436,2026
2026-05-12,58.63124990463256,58.633747,60.07500076293945,53.15991249999999,2026
2026-05-13,46.52500057220459,47.268753,48.311248779296875,44.837445833333334,2026
2026-05-14,42.8487491607666,39.0225,37.15500259399414,49.811908333333335,2026
2026-05-15,26.107499361038208,26.2775,27.861249923706055,20.2772875,2026
2026-05-16,23.91249990463257,21.50625,24.672500610351562,17.805766666666667,2026
2026-05-17,29.122499942779545,24.464996,21.138750076293945,22.163491666666665,2026
2026-05-18,19.633751392364502,19.382498,35.8224983215332,45.0445625,2026
2026-05-19,66.52499997615814,66.520004,65.8949966430664,50.70291666666667,2026
2026-05-20,59.39124870300293,58.802498,31.784996032714844,30.449416666666668,2026
2026-05-21,31.92000007629395,31.76125,30.83125114440918,30.266875,2026
2026-05-22,23.719998836517338,23.835,24.056249618530273,23.798429487179483,2026
2026-05-23,17.257500648498535,17.255001,17.196250915527344,18.012125000000005,2026
2026-05-24,25.12250089645386,25.137503,25.448749542236328,24.953700000000005,2026
2026-05-25,26.60000038146973,26.642502,27.34124755859375,26.81379166666667,2026
2026-05-26,28.39874887466431,30.36875,117.44625091552734,114.82818750000001,2026
2026-05-27,43.067498207092285,42.965004,42.652496337890625,44.00009999999999,2026
2026-05-28,55.48125076293945,55.54375,59.27000045776367,58.38205416666666,2026
2026-05-29,16.683750152587894,16.758747,17.722501754760742,17.384408333333333,2026
2026-05-30,26.387500762939457,26.36875,30.05500030517578,16.7925375,2026
2026-05-31,33.171250343322754,33.219997,33.540000915527344,40.723675,2026
2026-06-01,34.396249771118164,34.39375,34.349998474121094,39.514275,2026
2026-06-02,18.904999732971195,18.896248,19.138748168945312,25.694829166666675,2026
2026-06-03,19.846249580383304,19.861252,21.41874885559082,20.253099999999996,2026
2026-06-04,44.02000045776367,52.376247,55.163753509521484,57.05337916666667,2026
2026-06-05,40.10624980926514,41.1575,40.35749816894531,43.06191250000001,2026
2026-06-06,69.79625034332275,73.29875,122.84376525878906,95.328125,2026
2026-06-07,36.2524995803833,36.271248,35.53874969482422,41.23724070512821,2026
2026-06-08,23.901249408721927,25.26375,20.551250457763672,19.702783333333336,2026
2026-06-09,29.53000068664551,29.57,29.386249542236328,22.4199375,2026
2026-06-10,23.21625089645386,23.47625,22.50750160217285,16.72725833333333,2026
2026-06-11,34.58624887466431,35.198753,42.33000183105469,40.478720833333334,2026
2026-06-12,20.472498893737797,20.482498,19.11750030517578,19.562083333333334,2026
2026-06-13,17.66749954223633,17.67625,18.29125213623047,20.548691666666667,2026
2026-06-14,37.96250057220459,38.983753,41.43874740600586,40.137183333333326,2026
2026-06-15,38.936248779296875,40.6425,39.733741760253906,38.8973125,2026
2026-06-16,21.052500724792484,23.124996,21.368751525878906,22.521945833333334,2026
2026-06-17,23.29374980926514,23.271248,22.90625,20.55116666666667,2026
2026-06-18,42.34250068664551,42.2725,43.33625030517578,38.38043237179488,2026
2026-06-19,42.92625045776367,46.53875,48.204994201660156,43.99812916666666,2026
2026-06-20,11.28375053405762,11.296251,11.201250076293945,11.811416666666666,2026
2026-06-21,19.178750038146976,19.215002,18.939998626708984,22.80324583333333,2026
2026-06-22,29.376248836517338,28.89875,45.86375045776367,40.4040625,2026
2026-06-23,32.24000000953674,33.344997,23.666248321533203,21.258791666666667,2026
2026-06-24,26.171248435974125,26.437498,24.541250228881836,22.871857738095237,2026
2026-06-25,24.436249256134037,17.48375,18.44999885559082,21.718233333333337,2026
2026-06-26,22.85624980926514,15.686253,22.089998245239258,19.667137500000003,2026
2026-06-27,27.927499771118168,26.69375,36.43250274658203,37.43029166666667,2026
2026-06-28,40.72249960899353,31.263752,26.367502212524414,24.3572,2026
2026-06-29,19.739999771118164,22.195002,23.25874900817871,15.03651666666667,2026
2026-06-30,14.651249885559086,15.28875,16.891250610351562,21.235075000000002,2026
2026-07-01,38.603750705718994,33.90125,32.90875244140625,34.85054583333333,2026
2026-07-02,23.038749694824222,16.792501,14.067497253417969,14.319516666666669,2026
2026-07-03,27.133749485015873,20.5475,24.80624771118164,27.53655416666666,2026
2026-07-04,25.02374887466431,24.15,33.404998779296875,40.28279583333333,2026
2026-07-05,17.54125022888184,17.542501,28.04250144958496,32.04251378205128,2026
2026-07-06,27.84375047683716,27.838749,25.261253356933594,24.503470512820513,2026
2026-07-07,18.677499771118168,18.689999,18.892501831054688,19.349262500000002,2026
2026-07-08,25.221250057220463,25.403748,33.32999801635742,36.692387499999995,2026
2026-07-09,37.50124979019165,37.4925,34.036251068115234,31.252625000000002,2026
2026-07-10,29.03375053405762,39.629997,29.821250915527344,27.320279166666666,2026
2026-07-11,22.313749313354496,25.6175,18.21125030517578,22.7109625,2026
2026-07-12,10.717500686645508,13.872499,15.951248168945312,16.623345833333335,2026
2026-07-13,27.441249847412113,27.12125,14.755001068115234,15.065937500000004,2026
2026-07-14,22.570000648498535,22.175001,26.178749084472656,31.232594551282045,2026
2026-07-15,28.072499275207523,24.634998,22.96500015258789,24.11845416666667,2026
2026-07-16,19.94624996185303,21.402502,28.706249237060547,18.388099999999994,2026
2026-07-17,32.72624891996384,33.02,44.778751373291016,35.472863644688644,2026
2026-07-18,29.255000293254852,29.3825,34.650001525878906,27.96972083333333,2026
2026-07-19,20.466248989105225,20.745003,42.76250457763672,46.68827916666667,2026
2026-07-20,17.271250247955322,16.682499,31.721250534057617,59.82255833333334,2026
2026-07-21,74.48875141143799,74.493744,81.49624633789062,127.44835833333335,2026
2026-07-22,165.4850034713745,174.8875,177.6162567138672,178.05494166666668,2026
2026-07-23,44.2262487411499,44.218746,46.04875183105469,35.651495833333335,2026
2026-07-24,16.985000610351566,18.75875,24.752498626708984,14.495341666666665,2026
2026-07-25,27.08374881744385,27.93125,29.709999084472656,32.516525,2026
2026-07-26,15.395000457763672,15.46125,25.109996795654297,26.91785416666666,2026
2026-07-27,18.523749589920044,18.661251,27.269996643066406,23.611475,2026
2026-07-28,26.667500734329227,25.802502,36.261253356933594,29.82085416666666,2026
2026-07-29,33.78624963760376,24.1775,33.7912483215332,29.57065,2026
2026-07-30,25.487499713897705,26.43,33.631248474121094,27.92803333333333,2026
2026-07-31,33.89375126361847,35.2575,45.724998474121094,50.32782916666667,2026
2026-08-01,29.67749881744385,29.728748,30.327503204345703,28.333591666666667,2026
2026-08-02,23.588749885559086,23.931252,23.87125015258789,33.5726125,2026
2026-08-03,21.418750762939457,16.315,18.852500915527344,16.333874999999995,2026
2026-08-04,33.7187505364418,35.11375,43.79624938964844,33.44480833333334,2026
2026-08-05,28.43499851226807,30.116251,46.626251220703125,39.18307852564103,2026
2026-08-06,20.68125057220459,18.627499,46.915000915527344,43.41649583333333,2026
2026-08-07,33.718749701976776,34.186253,40.75749969482422,61.28985476190475,2026
2026-08-08,23.15500116348267,23.07375,26.386247634887695,60.43124166666665,2026
2026-08-09,22.86249923706055,23.559998,35.59250259399414,35.638170833333334,2026
2026-08-10,20.10125064849854,13.83375,12.01624870300293,11.7118,2026
2026-08-11,24.54874968528748,26.823748,43.0474967956543,45.68272916666667,2026
2026-08-12,27.719999790191654,17.9875,37.415000915527344,40.5714375,2026
2026-08-13,22.77875089645386,17.01375,41.22249984741211,49.48434583333333,2026
2026-08-14,19.778749942779545,16.91,19.571250915527344,17.794812500000003,2026
2026-08-15,17.682498931884766,20.345001,23.183746337890625,25.025154166666667,2026
2026-08-16,25.007499694824222,25.907501,52.60749816894531,61.983041025641036,2026
2026-08-17,39.693748474121094,40.67625,167.5187530517578,224.45014583333332,2026
2026-08-18,29.83624935150147,19.105001,52.652496337890625,70.82271250000001,2026
2026-08-19,23.97874975204468,19.300001,35.54375076293945,42.6914907051282,2026
2026-08-20,21.232499122619632,17.26625,43.028751373291016,46.6694625,2026
2026-08-21,17.577501296997074,17.833748,25.106252670288086,33.034875,2026
2026-08-22,61.17125225067139,71.42125,68.9375,73.55522559523808,2026
2026-08-23,255.34624576568604,256.94125,274.2799987792969,233.70117083333338,2026
2026-08-24,41.34000110626221,29.561249,51.15750503540039,89.16995833333334,2026
2026-08-25,28.810000419616703,15.90625,35.23249816894531,40.6946875,2026
2026-08-26,371.6475028991699,373.6825,422.02374267578125,456.21939583333335,2026
2026-08-27,63.62625217437744,57.2025,71.56874084472656,72.40526048951048,2026
2026-08-28,46.380001068115234,41.8925,41.89500427246094,41.025124999999996,2026
2026-08-29,25.30874824523926,26.133749,35.04624938964844,37.04770544871795,2026
2026-08-30,29.723749160766605,24.98,73.77250671386719,78.59006249999999,2026
2026-08-31,67.38499927520752,39.376247,47.13125228881836,48.37468749999999,2026
2026-09-01,47.02374839782715,42.95375,77.0999984741211,78.06100833333335,2026
2026-09-02,72.19000053405762,62.181248,229.26873779296875,223.85602500000002,2026
2026-09-03,64.01500129699707,40.42625,19.702499389648438,18.297562500000005,2026
2026-09-04,71.81375026702881,39.03,13.712501525878906,15.105938301282052,2026
2026-09-05,43.73125076293945,28.70875,26.611248016357422,31.346904258241754,2026
2026-09-06,36.0362491607666,36.165,40.72874450683594,41.022079166666664,2026
2026-09-07,43.16874980926514,43.371246,57.26249694824219,61.532912499999995,2026
2026-09-08,33.05625057220459,38.233753,73.36500549316406,80.23152083333332,2026
2026-09-09,38.92500019073486,35.015003,41.50374984741211,47.57717499999999,2026
2026-09-10,139.4112491607666,86.53625,33.07374954223633,36.17046666666667,2026
2026-09-11,123.50499534606934,72.38375,37.308753967285156,48.022738141025634,2026
2026-09-12,39.16249942779541,33.21,46.528751373291016,41.689697435897436,2026
2026-09-13,56.92125129699707,34.83125,24.63125228881836,23.36536666666667,2026
