node,flowday,market,top_mean,bot_mean,tb2,top_he,top_px,bot_he,bot_px,day_mean,month
GKS_BESS_RN,2026-06-01,DA,66.29499816894531,20.670000076293945,45.625,"[21, 22]","[66.09, 66.5]","[9, 10]","[19.82, 21.52]",36.533748626708984,2026-06
GKS_BESS_RN,2026-06-01,RT,52.709999084472656,18.31624984741211,34.39374923706055,"[21, 1]","[52.48, 52.94]","[9, 8]","[17.61, 19.02]",32.78614807128906,2026-06
GKS_BESS_RN,2026-06-02,DA,47.19499969482422,21.849998474121094,25.345001220703125,"[21, 22]","[46.04, 48.35]","[9, 10]","[21.8, 21.9]",33.06041717529297,2026-06
GKS_BESS_RN,2026-06-02,RT,40.51374816894531,21.61750030517578,18.89624786376953,"[20, 21]","[40.02, 41.01]","[9, 10]","[21.43, 21.81]",32.48812484741211,2026-06
GKS_BESS_RN,2026-06-03,DA,56.01499938964844,28.420000076293945,27.594999313354492,"[21, 22]","[55.06, 56.97]","[13, 15]","[28.03, 28.81]",36.60208511352539,2026-06
GKS_BESS_RN,2026-06-03,RT,47.775001525878906,28.991249084472656,18.78375244140625,"[14, 13]","[46.97, 48.58]","[10, 11]","[28.7, 29.28]",36.4084358215332,2026-06
GKS_BESS_RN,2026-06-04,DA,43.90999984741211,25.405000686645508,18.5049991607666,"[20, 21]","[43.29, 44.53]","[9, 3]","[24.86, 25.95]",31.682083129882812,2026-06
GKS_BESS_RN,2026-06-04,RT,80.37374877929688,27.997501373291016,52.37624740600586,"[21, 22]","[76.68, 84.06]","[10, 11]","[27.5, 28.5]",40.6944465637207,2026-06
GKS_BESS_RN,2026-06-05,DA,41.349998474121094,24.540000915527344,16.80999755859375,"[21, 22]","[41.06, 41.64]","[1, 2]","[23.79, 25.29]",33.501251220703125,2026-06
GKS_BESS_RN,2026-06-05,RT,70.28250122070312,29.125,41.157501220703125,"[18, 17]","[68.43, 72.13]","[14, 5]","[28.0, 30.25]",43.639583587646484,2026-06
GKS_BESS_RN,2026-06-06,DA,35.099998474121094,22.665000915527344,12.43499755859375,"[1, 7]","[34.6, 35.6]","[24, 18]","[22.35, 22.98]",29.107080459594727,2026-06
GKS_BESS_RN,2026-06-06,RT,95.95375061035156,22.655000686645508,73.29875183105469,"[7, 23]","[85.71, 106.19]","[16, 14]","[20.4, 24.92]",51.358856201171875,2026-06
GKS_BESS_RN,2026-06-07,DA,34.790000915527344,16.209999084472656,18.580001831054688,"[22, 21]","[33.92, 35.66]","[12, 13]","[16.18, 16.24]",24.679166793823242,2026-06
GKS_BESS_RN,2026-06-07,RT,56.54499816894531,20.27375030517578,36.27124786376953,"[19, 20]","[55.6, 57.49]","[12, 13]","[19.64, 20.91]",32.90739440917969,2026-06
GKS_BESS_RN,2026-06-08,DA,34.68499755859375,17.475000381469727,17.209997177124023,"[21, 20]","[34.32, 35.05]","[12, 11]","[17.18, 17.77]",23.87416648864746,2026-06
GKS_BESS_RN,2026-06-08,RT,33.73500061035156,8.471250534057617,25.263750076293945,"[21, 20]","[32.63, 34.83]","[15, 14]","[7.89, 9.06]",23.892913818359375,2026-06
GKS_BESS_RN,2026-06-09,DA,38.099998474121094,17.849998474121094,20.25,"[21, 22]","[37.47, 38.73]","[11, 10]","[17.64, 18.06]",25.99250030517578,2026-06
GKS_BESS_RN,2026-06-09,RT,43.75,14.180000305175781,29.56999969482422,"[21, 20]","[42.68, 44.82]","[18, 12]","[13.88, 14.48]",24.844167709350586,2026-06
GKS_BESS_RN,2026-06-10,DA,31.420000076293945,20.790000915527344,10.629999160766602,"[22, 23]","[30.0, 32.84]","[11, 18]","[20.19, 21.39]",25.912500381469727,2026-06
GKS_BESS_RN,2026-06-10,RT,35.46875,12.196249961853027,23.272499084472656,"[21, 20]","[34.43, 36.51]","[17, 16]","[11.79, 12.6]",22.934478759765625,2026-06
GKS_BESS_RN,2026-06-11,DA,45.404998779296875,17.650001525878906,27.75499725341797,"[22, 23]","[44.38, 46.43]","[11, 12]","[17.35, 17.95]",26.274999618530273,2026-06
GKS_BESS_RN,2026-06-11,RT,46.313751220703125,11.114999771118164,35.198753356933594,"[20, 22]","[42.74, 49.89]","[15, 16]","[10.37, 11.86]",23.69281005859375,2026-06
GKS_BESS_RN,2026-06-12,DA,37.11000061035156,20.59000015258789,16.520000457763672,"[7, 23]","[35.65, 38.57]","[18, 16]","[19.21, 21.97]",28.467498779296875,2026-06
GKS_BESS_RN,2026-06-12,RT,41.623748779296875,21.141250610351562,20.482498168945312,"[13, 7]","[40.92, 42.33]","[19, 17]","[20.48, 21.8]",31.70489501953125,2026-06
GKS_BESS_RN,2026-06-13,DA,35.68499755859375,16.325000762939453,19.359996795654297,"[23, 22]","[35.32, 36.05]","[9, 10]","[15.87, 16.78]",23.53125,2026-06
GKS_BESS_RN,2026-06-13,RT,33.75749969482422,16.081249237060547,17.676250457763672,"[20, 21]","[32.84, 34.67]","[10, 11]","[15.82, 16.34]",23.966772079467773,2026-06
GKS_BESS_RN,2026-06-14,DA,41.68499755859375,21.875,19.80999755859375,"[22, 23]","[39.6, 43.77]","[10, 11]","[21.66, 22.09]",27.94875144958496,2026-06
GKS_BESS_RN,2026-06-14,RT,56.36250305175781,17.37874984741211,38.9837532043457,"[22, 21]","[52.09, 60.64]","[15, 14]","[16.73, 18.03]",31.368959426879883,2026-06
GKS_BESS_RN,2026-06-15,DA,57.915000915527344,28.220001220703125,29.69499969482422,"[21, 22]","[57.14, 58.69]","[13, 14]","[27.83, 28.61]",36.96958541870117,2026-06
GKS_BESS_RN,2026-06-15,RT,68.92500305175781,28.282501220703125,40.64250183105469,"[19, 20]","[66.12, 71.73]","[16, 15]","[27.11, 29.46]",49.03093338012695,2026-06
GKS_BESS_RN,2026-06-16,DA,52.65999984741211,26.600000381469727,26.059999465942383,"[20, 21]","[52.15, 53.17]","[10, 9]","[26.45, 26.75]",34.936248779296875,2026-06
GKS_BESS_RN,2026-06-16,RT,48.11499786376953,24.990001678466797,23.124996185302734,"[7, 6]","[47.29, 48.94]","[15, 14]","[24.6, 25.38]",35.72312545776367,2026-06
GKS_BESS_RN,2026-06-17,DA,46.185001373291016,21.834999084472656,24.35000228881836,"[20, 17]","[45.72, 46.65]","[9, 4]","[21.45, 22.22]",31.7670841217041,2026-06
GKS_BESS_RN,2026-06-17,RT,43.381248474121094,20.110000610351562,23.27124786376953,"[17, 20]","[40.47, 46.3]","[13, 9]","[19.57, 20.65]",28.572290420532227,2026-06
GKS_BESS_RN,2026-06-18,DA,35.01499938964844,17.634998321533203,17.380001068115234,"[22, 21]","[34.65, 35.38]","[9, 10]","[17.63, 17.64]",24.218332290649414,2026-06
GKS_BESS_RN,2026-06-18,RT,67.93374633789062,13.805000305175781,54.128746032714844,"[20, 24]","[56.68, 79.19]","[11, 10]","[12.1, 15.51]",34.476871490478516,2026-06
GKS_BESS_RN,2026-06-19,DA,49.43000030517578,21.795000076293945,27.635000228881836,"[24, 23]","[47.54, 51.32]","[10, 11]","[21.47, 22.12]",31.42624855041504,2026-06
GKS_BESS_RN,2026-06-19,RT,61.162498474121094,26.08625030517578,35.07624816894531,"[21, 1]","[56.26, 66.06]","[11, 12]","[26.05, 26.12]",37.114166259765625,2026-06
GKS_BESS_RN,2026-06-20,DA,40.355003356933594,22.639999389648438,17.715003967285156,"[2, 1]","[39.47, 41.24]","[12, 11]","[22.33, 22.95]",30.472915649414062,2026-06
GKS_BESS_RN,2026-06-20,RT,35.39500045776367,24.0987491607666,11.29625129699707,"[2, 1]","[34.99, 35.8]","[6, 5]","[24.05, 24.15]",27.7315616607666,2026-06
GKS_BESS_RN,2026-06-21,DA,32.65999984741211,16.764999389648438,15.895000457763672,"[22, 21]","[32.65, 32.67]","[10, 11]","[16.69, 16.84]",22.225000381469727,2026-06
GKS_BESS_RN,2026-06-21,RT,32.69750213623047,13.482500076293945,19.215002059936523,"[22, 21]","[31.4, 33.99]","[18, 17]","[12.63, 14.33]",21.56343650817871,2026-06
GKS_BESS_RN,2026-06-22,DA,38.084999084472656,12.450000762939453,25.634998321533203,"[21, 22]","[37.34, 38.83]","[10, 11]","[12.14, 12.76]",21.623748779296875,2026-06
GKS_BESS_RN,2026-06-22,RT,41.375,12.476249694824219,28.89875030517578,"[21, 22]","[40.29, 42.46]","[19, 9]","[10.48, 14.47]",23.7876033782959,2026-06
GKS_BESS_RN,2026-06-23,DA,41.18000030517578,20.104999542236328,21.075000762939453,"[21, 20]","[40.23, 42.13]","[11, 4]","[20.09, 20.12]",25.842498779296875,2026-06
GKS_BESS_RN,2026-06-23,RT,39.31749725341797,5.972499847412109,33.34499740600586,"[22, 23]","[37.82, 40.81]","[18, 4]","[5.07, 6.88]",21.9360408782959,2026-06
GKS_BESS_RN,2026-06-24,DA,34.474998474121094,18.375,16.099998474121094,"[21, 22]","[34.16, 34.79]","[10, 11]","[18.33, 18.42]",23.83333396911621,2026-06
GKS_BESS_RN,2026-06-24,RT,34.35749816894531,8.833749771118164,25.52374839782715,"[6, 21]","[33.6, 35.12]","[17, 18]","[7.29, 10.38]",23.8039608001709,2026-06
GKS_BESS_RN,2026-06-25,DA,37.65999984741211,18.244998931884766,19.415000915527344,"[22, 21]","[36.94, 38.38]","[11, 13]","[18.14, 18.35]",24.900833129882812,2026-06
GKS_BESS_RN,2026-06-25,RT,31.283748626708984,13.800000190734863,17.483749389648438,"[20, 21]","[31.13, 31.43]","[12, 11]","[13.48, 14.12]",24.435415267944336,2026-06
GKS_BESS_RN,2026-06-26,DA,33.209999084472656,13.960000038146973,19.25,"[23, 22]","[30.96, 35.46]","[11, 12]","[12.96, 14.96]",22.42833137512207,2026-06
GKS_BESS_RN,2026-06-26,RT,32.212501525878906,16.526248931884766,15.68625259399414,"[15, 3]","[31.99, 32.44]","[9, 10]","[16.44, 16.61]",24.69208335876465,2026-06
GKS_BESS_RN,2026-06-27,DA,31.25,14.934999465942383,16.315000534057617,"[22, 21]","[30.95, 31.55]","[11, 10]","[14.53, 15.34]",21.839998245239258,2026-06
GKS_BESS_RN,2026-06-27,RT,39.727500915527344,13.033750534057617,26.693750381469727,"[4, 5]","[30.14, 49.32]","[11, 10]","[12.52, 13.55]",24.39166831970215,2026-06
GKS_BESS_RN,2026-06-28,DA,34.37999725341797,14.220000267028809,20.159996032714844,"[20, 21]","[33.84, 34.92]","[10, 11]","[13.92, 14.52]",22.263334274291992,2026-06
GKS_BESS_RN,2026-06-28,RT,35.79125213623047,4.527500152587891,31.263751983642578,"[19, 20]","[31.29, 40.29]","[12, 11]","[3.4, 5.65]",21.417396545410156,2026-06
GKS_BESS_RN,2026-06-29,DA,34.07500076293945,14.875,19.200000762939453,"[20, 23]","[33.79, 34.36]","[11, 10]","[13.97, 15.78]",22.691247940063477,2026-06
GKS_BESS_RN,2026-06-29,RT,29.216251373291016,6.396249771118164,22.82000160217285,"[21, 24]","[28.78, 29.66]","[11, 12]","[6.12, 6.68]",18.629375457763672,2026-06
GKS_BESS_RN,2026-06-30,DA,38.63999938964844,17.65999984741211,20.979999542236328,"[22, 21]","[38.25, 39.03]","[11, 10]","[17.3, 18.02]",25.9183349609375,2026-06
GKS_BESS_RN,2026-06-30,RT,34.334999084472656,19.046249389648438,15.288749694824219,"[20, 21]","[32.51, 36.17]","[9, 10]","[18.99, 19.11]",24.1704158782959,2026-06
GKS_BESS_RN,2026-07-01,DA,43.26000213623047,16.90999984741211,26.35000228881836,"[22, 21]","[42.09, 44.43]","[10, 11]","[16.6, 17.22]",26.482084274291992,2026-07
GKS_BESS_RN,2026-07-01,RT,48.803749084472656,14.90250015258789,33.901248931884766,"[22, 23]","[48.73, 48.88]","[12, 13]","[14.88, 14.93]",27.11979103088379,2026-07
GKS_BESS_RN,2026-07-02,DA,36.37000274658203,21.84000015258789,14.53000259399414,"[22, 20]","[36.34, 36.4]","[9, 11]","[20.72, 22.96]",27.743331909179688,2026-07
GKS_BESS_RN,2026-07-02,RT,35.57250213623047,18.780000686645508,16.79250144958496,"[16, 17]","[35.24, 35.91]","[11, 10]","[18.6, 18.96]",25.9829158782959,2026-07
GKS_BESS_RN,2026-07-03,DA,35.185001373291016,18.03499984741211,17.150001525878906,"[23, 22]","[34.15, 36.22]","[10, 9]","[17.96, 18.11]",25.170000076293945,2026-07
GKS_BESS_RN,2026-07-03,RT,31.052499771118164,10.505000114440918,20.547500610351562,"[22, 21]","[30.68, 31.43]","[11, 10]","[10.31, 10.7]",22.402605056762695,2026-07
GKS_BESS_RN,2026-07-04,DA,34.55000305175781,15.495000839233398,19.055002212524414,"[23, 22]","[33.63, 35.47]","[9, 10]","[15.35, 15.64]",24.669584274291992,2026-07
GKS_BESS_RN,2026-07-04,RT,36.60874938964844,12.458749771118164,24.149999618530273,"[21, 20]","[35.24, 37.98]","[10, 9]","[11.78, 13.14]",23.71229362487793,2026-07
GKS_BESS_RN,2026-07-05,DA,38.724998474121094,18.93000030517578,19.794998168945312,"[24, 23]","[36.39, 41.06]","[10, 9]","[18.73, 19.13]",26.679580688476562,2026-07
GKS_BESS_RN,2026-07-05,RT,35.438751220703125,17.896249771118164,17.54250144958496,"[15, 20]","[33.0, 37.88]","[10, 9]","[17.86, 17.93]",26.447500228881836,2026-07
GKS_BESS_RN,2026-07-06,DA,41.529998779296875,23.735000610351562,17.794998168945312,"[23, 21]","[41.32, 41.74]","[9, 10]","[23.37, 24.1]",32.18708419799805,2026-07
GKS_BESS_RN,2026-07-06,RT,46.22624969482422,18.387500762939453,27.838748931884766,"[22, 23]","[43.99, 48.47]","[19, 18]","[15.67, 21.1]",30.24791717529297,2026-07
GKS_BESS_RN,2026-07-07,DA,36.47999954223633,18.510000228881836,17.969999313354492,"[21, 22]","[36.44, 36.52]","[9, 10]","[18.29, 18.73]",28.06708335876465,2026-07
GKS_BESS_RN,2026-07-07,RT,39.85375213623047,22.21500015258789,17.638751983642578,"[6, 7]","[39.34, 40.37]","[9, 10]","[20.86, 23.57]",29.888229370117188,2026-07
GKS_BESS_RN,2026-07-08,DA,39.375,16.610000610351562,22.764999389648438,"[21, 20]","[39.29, 39.46]","[9, 10]","[16.54, 16.68]",25.998334884643555,2026-07
GKS_BESS_RN,2026-07-08,RT,40.68499755859375,15.28125,25.40374755859375,"[22, 23]","[39.82, 41.55]","[12, 11]","[14.99, 15.57]",25.390729904174805,2026-07
GKS_BESS_RN,2026-07-09,DA,39.54499816894531,14.704999923706055,24.839998245239258,"[20, 21]","[39.11, 39.98]","[12, 11]","[14.42, 14.99]",24.981252670288086,2026-07
GKS_BESS_RN,2026-07-09,RT,47.751251220703125,10.258749961853027,37.49250030517578,"[21, 22]","[44.48, 51.02]","[15, 17]","[9.58, 10.94]",23.350418090820312,2026-07
GKS_BESS_RN,2026-07-10,DA,39.25,17.849998474121094,21.400001525878906,"[20, 21]","[38.26, 40.24]","[11, 12]","[17.63, 18.07]",26.61083221435547,2026-07
GKS_BESS_RN,2026-07-10,RT,49.81624984741211,10.186250686645508,39.62999725341797,"[22, 23]","[40.89, 58.74]","[18, 16]","[8.36, 12.02]",24.535730361938477,2026-07
GKS_BESS_RN,2026-07-11,DA,40.644996643066406,19.545000076293945,21.09999656677246,"[21, 22]","[38.94, 42.35]","[9, 10]","[18.77, 20.32]",29.53874969482422,2026-07
GKS_BESS_RN,2026-07-11,RT,35.52375030517578,9.90625,25.61750030517578,"[1, 2]","[35.17, 35.88]","[17, 18]","[9.7, 10.11]",24.464895248413086,2026-07
GKS_BESS_RN,2026-07-12,DA,41.474998474121094,20.354999542236328,21.119998931884766,"[23, 24]","[40.17, 42.78]","[9, 10]","[19.25, 21.46]",28.867918014526367,2026-07
GKS_BESS_RN,2026-07-12,RT,33.977500915527344,17.35124969482422,16.626251220703125,"[23, 24]","[31.52, 36.43]","[19, 18]","[15.6, 19.1]",24.25645637512207,2026-07
GKS_BESS_RN,2026-07-13,DA,40.625,19.174999237060547,21.450000762939453,"[6, 7]","[39.94, 41.31]","[19, 18]","[17.76, 20.59]",29.792917251586914,2026-07
GKS_BESS_RN,2026-07-13,RT,36.87249755859375,10.787500381469727,26.084997177124023,"[5, 4]","[34.17, 39.57]","[24, 22]","[10.77, 10.8]",26.029272079467773,2026-07
GKS_BESS_RN,2026-07-14,DA,31.010000228881836,15.854999542236328,15.155000686645508,"[7, 23]","[30.94, 31.08]","[19, 18]","[15.84, 15.87]",23.54583168029785,2026-07
GKS_BESS_RN,2026-07-14,RT,22.735000610351562,0.559999942779541,22.17500114440918,"[23, 20]","[20.62, 24.85]","[13, 12]","[-2.3, 3.42]",12.363957405090332,2026-07
GKS_BESS_RN,2026-07-15,DA,20.939998626708984,13.699999809265137,7.239998817443848,"[21, 22]","[20.81, 21.07]","[10, 11]","[13.61, 13.79]",17.755416870117188,2026-07
GKS_BESS_RN,2026-07-15,RT,32.311248779296875,7.6762495040893555,24.634998321533203,"[22, 20]","[30.44, 34.19]","[2, 4]","[6.62, 8.73]",22.77812385559082,2026-07
GKS_BESS_RN,2026-07-16,DA,25.345001220703125,9.989999771118164,15.355001449584961,"[22, 21]","[24.76, 25.93]","[12, 11]","[9.58, 10.4]",16.6108341217041,2026-07
GKS_BESS_RN,2026-07-16,RT,37.87750244140625,16.475000381469727,21.402502059936523,"[7, 6]","[36.45, 39.31]","[21, 11]","[15.09, 17.86]",23.441146850585938,2026-07
GKS_BESS_RN,2026-07-17,DA,32.13999938964844,13.039999961853027,19.099998474121094,"[23, 22]","[30.82, 33.46]","[12, 11]","[12.71, 13.37]",20.425416946411133,2026-07
GKS_BESS_RN,2026-07-17,RT,35.26374816894531,-0.9325000047683716,36.19624710083008,"[24, 23]","[32.83, 37.69]","[14, 13]","[-1.41, -0.45]",11.82364559173584,2026-07
GKS_BESS_RN,2026-07-18,DA,24.760000228881836,11.454999923706055,13.305000305175781,"[23, 21]","[24.44, 25.08]","[11, 12]","[10.14, 12.77]",18.84666633605957,2026-07
GKS_BESS_RN,2026-07-18,RT,26.317501068115234,1.1437499523162842,25.173751831054688,"[2, 1]","[24.42, 28.22]","[12, 13]","[1.02, 1.26]",15.10083293914795,2026-07
GKS_BESS_RN,2026-07-19,DA,28.450000762939453,13.5,14.950000762939453,"[1, 23]","[26.84, 30.06]","[11, 13]","[12.88, 14.12]",19.56166648864746,2026-07
GKS_BESS_RN,2026-07-19,RT,33.448753356933594,12.703750610351562,20.74500274658203,"[21, 22]","[32.72, 34.18]","[13, 12]","[12.06, 13.35]",21.062395095825195,2026-07
GKS_BESS_RN,2026-07-20,DA,29.619998931884766,14.614999771118164,15.004999160766602,"[22, 20]","[29.33, 29.91]","[11, 12]","[14.45, 14.78]",21.320833206176758,2026-07
GKS_BESS_RN,2026-07-20,RT,30.483749389648438,13.801250457763672,16.682498931884766,"[20, 22]","[29.86, 31.11]","[11, 10]","[13.67, 13.94]",22.127500534057617,2026-07
GKS_BESS_RN,2026-07-21,DA,81.21499633789062,18.03499984741211,63.179996490478516,"[21, 20]","[63.48, 98.95]","[11, 10]","[18.01, 18.06]",32.35541915893555,2026-07
GKS_BESS_RN,2026-07-21,RT,91.57624816894531,17.082500457763672,74.49374389648438,"[20, 23]","[87.6, 95.55]","[11, 12]","[16.42, 17.75]",36.778018951416016,2026-07
GKS_BESS_RN,2026-07-22,DA,139.5050048828125,21.81999969482422,117.68500518798828,"[21, 20]","[137.62, 141.39]","[10, 11]","[20.94, 22.7]",49.80458450317383,2026-07
GKS_BESS_RN,2026-07-22,RT,201.1824951171875,26.295000076293945,174.8874969482422,"[22, 23]","[196.65, 205.72]","[9, 12]","[25.85, 26.74]",69.69052124023438,2026-07
GKS_BESS_RN,2026-07-23,DA,50.855003356933594,21.09000015258789,29.765003204345703,"[2, 1]","[46.56, 55.15]","[11, 10]","[20.52, 21.66]",37.122501373291016,2026-07
GKS_BESS_RN,2026-07-23,RT,73.1199951171875,28.901248931884766,44.218746185302734,"[15, 16]","[71.87, 74.37]","[9, 10]","[26.78, 31.02]",49.34572982788086,2026-07
GKS_BESS_RN,2026-07-24,DA,36.959999084472656,14.104999542236328,22.854999542236328,"[7, 1]","[36.91, 37.01]","[12, 11]","[13.68, 14.53]",26.14666748046875,2026-07
GKS_BESS_RN,2026-07-24,RT,33.78125,15.53125,18.25,"[2, 1]","[33.38, 34.19]","[10, 13]","[15.47, 15.6]",25.13625144958496,2026-07
GKS_BESS_RN,2026-07-25,DA,36.5,17.18000030517578,19.31999969482422,"[21, 22]","[35.83, 37.17]","[10, 11]","[16.85, 17.51]",25.127914428710938,2026-07
GKS_BESS_RN,2026-07-25,RT,38.68375015258789,10.752500534057617,27.931249618530273,"[20, 22]","[37.78, 39.58]","[12, 14]","[10.55, 10.96]",21.810209274291992,2026-07
GKS_BESS_RN,2026-07-26,DA,39.540000915527344,15.950000762939453,23.59000015258789,"[21, 20]","[39.13, 39.95]","[9, 10]","[15.88, 16.02]",25.313751220703125,2026-07
GKS_BESS_RN,2026-07-26,RT,29.16374969482422,13.702499389648438,15.461250305175781,"[22, 20]","[27.69, 30.64]","[9, 10]","[12.6, 14.8]",20.726354598999023,2026-07
GKS_BESS_RN,2026-07-27,DA,33.17499923706055,11.444999694824219,21.729999542236328,"[22, 20]","[33.17, 33.18]","[10, 11]","[11.13, 11.76]",22.766250610351562,2026-07
GKS_BESS_RN,2026-07-27,RT,23.896251678466797,5.463749885559082,18.43250274658203,"[7, 20]","[23.01, 24.78]","[10, 11]","[5.37, 5.56]",16.201772689819336,2026-07
GKS_BESS_RN,2026-07-28,DA,33.67499923706055,10.764999389648438,22.90999984741211,"[21, 22]","[33.39, 33.96]","[11, 10]","[10.66, 10.87]",22.228750228881836,2026-07
GKS_BESS_RN,2026-07-28,RT,32.997501373291016,7.194999694824219,25.802501678466797,"[23, 21]","[32.23, 33.77]","[13, 12]","[6.1, 8.29]",20.27947998046875,2026-07
GKS_BESS_RN,2026-07-29,DA,34.0099983215332,13.309999465942383,20.69999885559082,"[21, 22]","[32.17, 35.85]","[11, 12]","[12.97, 13.65]",22.982500076293945,2026-07
GKS_BESS_RN,2026-07-29,RT,34.24250030517578,10.065000534057617,24.177499771118164,"[6, 7]","[32.87, 35.62]","[12, 11]","[8.85, 11.28]",24.48958396911621,2026-07
GKS_BESS_RN,2026-07-30,DA,49.980003356933594,10.170000076293945,39.81000518798828,"[22, 20]","[49.22, 50.74]","[10, 11]","[9.94, 10.4]",27.03333282470703,2026-07
GKS_BESS_RN,2026-07-30,RT,30.266250610351562,3.836249828338623,26.43000030517578,"[6, 7]","[30.09, 30.44]","[18, 12]","[3.54, 4.14]",17.83687400817871,2026-07
GKS_BESS_RN,2026-07-31,DA,48.220001220703125,9.575000762939453,38.64500045776367,"[22, 23]","[46.04, 50.4]","[11, 10]","[9.3, 9.85]",24.856666564941406,2026-07
GKS_BESS_RN,2026-07-31,RT,38.9375,3.679999828338623,35.25749969482422,"[23, 21]","[35.94, 41.93]","[12, 13]","[3.14, 4.22]",20.295207977294922,2026-07
GKS_BESS_RN,2026-08-01,DA,59.20000076293945,20.18000030517578,39.02000045776367,"[20, 23]","[57.81, 60.59]","[11, 10]","[19.88, 20.48]",35.86750030517578,2026-08
GKS_BESS_RN,2026-08-01,RT,49.84749984741211,20.118751525878906,29.728748321533203,"[20, 21]","[46.78, 52.92]","[14, 13]","[19.48, 20.76]",31.066665649414062,2026-08
GKS_BESS_RN,2026-08-02,DA,77.53500366210938,19.010000228881836,58.525001525878906,"[21, 20]","[76.08, 78.99]","[10, 9]","[19.0, 19.02]",41.98167037963867,2026-08
GKS_BESS_RN,2026-08-02,RT,45.400001525878906,21.46875,23.931251525878906,"[1, 20]","[42.65, 48.15]","[9, 13]","[21.21, 21.73]",31.792709350585938,2026-08
GKS_BESS_RN,2026-08-03,DA,41.67499923706055,15.725000381469727,25.94999885559082,"[21, 20]","[40.37, 42.98]","[10, 9]","[15.66, 15.79]",25.3004150390625,2026-08
GKS_BESS_RN,2026-08-03,RT,33.696250915527344,17.381250381469727,16.315000534057617,"[21, 20]","[32.6, 34.79]","[9, 10]","[16.3, 18.47]",23.24468994140625,2026-08
GKS_BESS_RN,2026-08-04,DA,34.93000030517578,9.885000228881836,25.045000076293945,"[23, 22]","[32.78, 37.08]","[11, 10]","[9.72, 10.05]",20.100000381469727,2026-08
GKS_BESS_RN,2026-08-04,RT,36.602500915527344,1.4887499809265137,35.11375045776367,"[22, 23]","[36.5, 36.71]","[12, 13]","[1.01, 1.97]",18.264270782470703,2026-08
GKS_BESS_RN,2026-08-05,DA,34.345001220703125,9.985000610351562,24.360000610351562,"[23, 22]","[33.91, 34.78]","[11, 13]","[9.83, 10.14]",21.484582901000977,2026-08
GKS_BESS_RN,2026-08-05,RT,39.782501220703125,9.666250228881836,30.11625099182129,"[22, 21]","[38.82, 40.74]","[13, 14]","[8.99, 10.34]",23.621458053588867,2026-08
GKS_BESS_RN,2026-08-06,DA,33.060001373291016,12.354999542236328,20.705001831054688,"[21, 22]","[31.67, 34.45]","[11, 10]","[12.3, 12.41]",22.755834579467773,2026-08
GKS_BESS_RN,2026-08-06,RT,28.149999618530273,9.522500038146973,18.627498626708984,"[22, 1]","[27.84, 28.46]","[12, 13]","[7.39, 11.66]",21.936874389648438,2026-08
GKS_BESS_RN,2026-08-07,DA,37.85499954223633,16.290000915527344,21.564998626708984,"[22, 23]","[37.59, 38.12]","[10, 11]","[16.2, 16.38]",25.39958381652832,2026-08
GKS_BESS_RN,2026-08-07,RT,34.720001220703125,0.533750057220459,34.18625259399414,"[21, 15]","[31.42, 38.02]","[19, 18]","[-1.18, 2.25]",22.332502365112305,2026-08
GKS_BESS_RN,2026-08-08,DA,37.10499954223633,19.010000228881836,18.094999313354492,"[21, 22]","[36.82, 37.39]","[10, 9]","[18.98, 19.04]",27.452499389648438,2026-08
GKS_BESS_RN,2026-08-08,RT,39.616249084472656,16.542499542236328,23.073749542236328,"[17, 16]","[37.6, 41.63]","[19, 9]","[12.03, 21.06]",29.008230209350586,2026-08
GKS_BESS_RN,2026-08-09,DA,41.04999923706055,16.850000381469727,24.19999885559082,"[21, 22]","[40.39, 41.71]","[9, 10]","[16.36, 17.34]",27.452917098999023,2026-08
GKS_BESS_RN,2026-08-09,RT,42.80249786376953,19.24250030517578,23.55999755859375,"[22, 23]","[42.26, 43.34]","[9, 19]","[17.81, 20.68]",28.093542098999023,2026-08
GKS_BESS_RN,2026-08-10,DA,28.064998626708984,17.200000762939453,10.864997863769531,"[23, 22]","[27.83, 28.3]","[11, 10]","[17.09, 17.31]",22.751251220703125,2026-08
GKS_BESS_RN,2026-08-10,RT,30.011249542236328,17.708749771118164,12.302499771118164,"[16, 15]","[28.42, 31.6]","[9, 21]","[17.43, 17.99]",22.6235408782959,2026-08
GKS_BESS_RN,2026-08-11,DA,28.860000610351562,10.710000038146973,18.150001525878906,"[22, 23]","[28.26, 29.46]","[11, 12]","[10.4, 11.02]",19.417917251586914,2026-08
GKS_BESS_RN,2026-08-11,RT,32.99749755859375,6.173749923706055,26.823747634887695,"[23, 22]","[30.4, 35.59]","[13, 14]","[5.76, 6.59]",18.002187728881836,2026-08
GKS_BESS_RN,2026-08-12,DA,24.440000534057617,9.944999694824219,14.495000839233398,"[22, 23]","[24.12, 24.76]","[11, 12]","[9.07, 10.82]",18.841249465942383,2026-08
GKS_BESS_RN,2026-08-12,RT,30.591249465942383,12.603750228881836,17.987499237060547,"[21, 20]","[29.5, 31.68]","[10, 11]","[12.26, 12.95]",21.428022384643555,2026-08
GKS_BESS_RN,2026-08-13,DA,25.80500030517578,5.010000228881836,20.795000076293945,"[22, 23]","[24.93, 26.68]","[11, 10]","[4.61, 5.41]",16.558334350585938,2026-08
GKS_BESS_RN,2026-08-13,RT,24.743749618530273,7.729999542236328,17.013750076293945,"[7, 15]","[23.25, 26.23]","[10, 11]","[7.36, 8.1]",17.785001754760742,2026-08
GKS_BESS_RN,2026-08-14,DA,25.360000610351562,10.895000457763672,14.46500015258789,"[24, 21]","[24.57, 26.15]","[10, 12]","[10.73, 11.06]",19.75666618347168,2026-08
GKS_BESS_RN,2026-08-14,RT,28.356250762939453,11.446249961853027,16.90999984741211,"[19, 20]","[27.2, 29.51]","[11, 12]","[11.32, 11.57]",21.533540725708008,2026-08
GKS_BESS_RN,2026-08-15,DA,31.790000915527344,13.985000610351562,17.80500030517578,"[22, 23]","[30.87, 32.71]","[12, 11]","[13.67, 14.3]",21.99833106994629,2026-08
GKS_BESS_RN,2026-08-15,RT,34.56500244140625,11.136249542236328,23.428752899169922,"[23, 24]","[32.86, 36.27]","[18, 17]","[8.77, 13.51]",21.190832138061523,2026-08
GKS_BESS_RN,2026-08-16,DA,37.73500061035156,15.920000076293945,21.815000534057617,"[22, 23]","[32.66, 42.81]","[10, 9]","[15.57, 16.27]",23.407501220703125,2026-08
GKS_BESS_RN,2026-08-16,RT,42.536251068115234,16.62874984741211,25.907501220703125,"[21, 22]","[39.55, 45.53]","[10, 11]","[16.3, 16.96]",25.922082901000977,2026-08
GKS_BESS_RN,2026-08-17,DA,80.11000061035156,21.815000534057617,58.29499816894531,"[23, 22]","[71.06, 89.16]","[10, 9]","[21.59, 22.04]",35.4466667175293,2026-08
GKS_BESS_RN,2026-08-17,RT,58.94499969482422,18.268749237060547,40.67625045776367,"[21, 22]","[49.69, 68.19]","[18, 19]","[16.65, 19.89]",28.41437339782715,2026-08
GKS_BESS_RN,2026-08-18,DA,35.95500183105469,18.174999237060547,17.78000259399414,"[23, 21]","[35.85, 36.06]","[10, 11]","[17.61, 18.74]",26.714584350585938,2026-08
GKS_BESS_RN,2026-08-18,RT,35.532501220703125,16.427499771118164,19.10500144958496,"[20, 19]","[35.02, 36.04]","[9, 10]","[16.18, 16.68]",26.17677116394043,2026-08
GKS_BESS_RN,2026-08-19,DA,37.99500274658203,15.585000038146973,22.410003662109375,"[20, 21]","[37.99, 38.0]","[11, 12]","[15.34, 15.83]",24.850000381469727,2026-08
GKS_BESS_RN,2026-08-19,RT,32.20000076293945,12.899999618530273,19.30000114440918,"[21, 22]","[31.53, 32.87]","[11, 12]","[12.1, 13.7]",21.936147689819336,2026-08
GKS_BESS_RN,2026-08-20,DA,47.90999984741211,15.350000381469727,32.55999755859375,"[20, 22]","[45.37, 50.45]","[11, 12]","[14.87, 15.83]",26.15458106994629,2026-08
GKS_BESS_RN,2026-08-20,RT,31.96500015258789,14.698749542236328,17.266250610351562,"[22, 20]","[29.87, 34.06]","[11, 10]","[14.37, 15.03]",22.58770751953125,2026-08
GKS_BESS_RN,2026-08-21,DA,42.584999084472656,18.84000015258789,23.744998931884766,"[20, 19]","[41.06, 44.11]","[11, 10]","[18.73, 18.95]",28.650415420532227,2026-08
GKS_BESS_RN,2026-08-21,RT,39.026248931884766,21.192501068115234,17.83374786376953,"[21, 20]","[36.79, 41.26]","[9, 10]","[21.14, 21.25]",28.209062576293945,2026-08
GKS_BESS_RN,2026-08-22,DA,52.31999969482422,18.939998626708984,33.380001068115234,"[17, 18]","[52.21, 52.43]","[9, 10]","[18.75, 19.13]",33.07041931152344,2026-08
GKS_BESS_RN,2026-08-22,RT,181.85125732421875,18.176250457763672,163.6750030517578,"[23, 24]","[121.53, 242.17]","[11, 10]","[17.44, 18.91]",44.76541519165039,2026-08
GKS_BESS_RN,2026-08-23,DA,49.87000274658203,18.024999618530273,31.845003128051758,"[21, 20]","[49.75, 49.99]","[10, 11]","[17.55, 18.5]",31.616666793823242,2026-08
GKS_BESS_RN,2026-08-23,RT,279.83001708984375,22.888750076293945,256.9412536621094,"[21, 22]","[247.26, 312.4]","[11, 12]","[22.48, 23.3]",64.18260192871094,2026-08
GKS_BESS_RN,2026-08-24,DA,48.56500244140625,18.509998321533203,30.055004119873047,"[21, 22]","[47.55, 49.58]","[10, 9]","[18.21, 18.81]",31.114166259765625,2026-08
GKS_BESS_RN,2026-08-24,RT,46.69124984741211,17.130001068115234,29.561248779296875,"[19, 20]","[45.74, 47.64]","[10, 9]","[16.7, 17.56]",28.92083168029785,2026-08
GKS_BESS_RN,2026-08-25,DA,54.45000076293945,19.375,35.07500076293945,"[20, 21]","[52.54, 56.36]","[10, 11]","[19.02, 19.73]",31.46875,2026-08
GKS_BESS_RN,2026-08-25,RT,36.33000183105469,20.423751831054688,15.90625,"[17, 18]","[35.23, 37.43]","[5, 4]","[19.93, 20.92]",27.552186965942383,2026-08
GKS_BESS_RN,2026-08-26,DA,108.31500244140625,26.314998626708984,82.0,"[23, 22]","[94.68, 121.95]","[10, 11]","[25.49, 27.14]",48.4495849609375,2026-08
GKS_BESS_RN,2026-08-26,RT,401.166259765625,27.483749389648438,373.6824951171875,"[22, 23]","[281.35, 520.98]","[2, 1]","[27.46, 27.51]",95.8003158569336,2026-08
GKS_BESS_RN,2026-08-27,DA,84.87999725341797,27.939998626708984,56.939998626708984,"[21, 22]","[80.02, 89.74]","[9, 10]","[27.75, 28.13]",51.75583267211914,2026-08
GKS_BESS_RN,2026-08-27,RT,89.1812515258789,31.97875213623047,57.20249938964844,"[15, 14]","[87.6, 90.76]","[18, 6]","[31.37, 32.59]",55.76625061035156,2026-08
GKS_BESS_RN,2026-08-28,DA,68.76499938964844,26.100000381469727,42.665000915527344,"[21, 19]","[65.43, 72.1]","[10, 11]","[25.7, 26.5]",45.48500061035156,2026-08
GKS_BESS_RN,2026-08-28,RT,62.48500061035156,23.5,38.98500061035156,"[6, 7]","[61.04, 63.93]","[24, 23]","[23.47, 23.53]",39.834476470947266,2026-08
GKS_BESS_RN,2026-08-29,DA,50.68000030517578,19.775001525878906,30.904998779296875,"[20, 21]","[49.7, 51.66]","[9, 10]","[19.18, 20.37]",34.74958419799805,2026-08
GKS_BESS_RN,2026-08-29,RT,42.08124923706055,15.947500228881836,26.13374900817871,"[20, 22]","[40.9, 43.26]","[10, 11]","[15.42, 16.48]",26.383333206176758,2026-08
GKS_BESS_RN,2026-08-30,DA,39.55500030517578,15.515000343322754,24.040000915527344,"[22, 20]","[38.78, 40.33]","[10, 9]","[15.43, 15.6]",26.3266658782959,2026-08
GKS_BESS_RN,2026-08-30,RT,41.19874954223633,16.21875,24.979999542236328,"[21, 22]","[38.35, 44.04]","[11, 10]","[16.17, 16.26]",25.305831909179688,2026-08
GKS_BESS_RN,2026-08-31,DA,38.23500061035156,18.404998779296875,19.830001831054688,"[21, 23]","[37.84, 38.63]","[10, 11]","[18.35, 18.46]",27.244583129882812,2026-08
GKS_BESS_RN,2026-08-31,RT,61.08374786376953,21.707500457763672,39.37624740600586,"[22, 18]","[58.97, 63.19]","[4, 3]","[21.63, 21.78]",36.1661491394043,2026-08
HB_BUSAVG,2026-06-01,DA,69.56999969482422,17.40999984741211,52.15999984741211,"[22, 21]","[67.15, 71.99]","[10, 9]","[16.98, 17.84]",33.204166412353516,2026-06
HB_BUSAVG,2026-06-01,RT,51.821250915527344,16.602500915527344,35.21875,"[1, 21]","[50.34, 53.3]","[9, 10]","[16.02, 17.18]",32.047916412353516,2026-06
HB_BUSAVG,2026-06-02,DA,46.48999786376953,19.920000076293945,26.569997787475586,"[20, 21]","[46.41, 46.57]","[10, 9]","[19.66, 20.18]",30.805831909179688,2026-06
HB_BUSAVG,2026-06-02,RT,46.64875030517578,21.287500381469727,25.361249923706055,"[14, 17]","[43.82, 49.48]","[9, 10]","[21.09, 21.48]",32.14999771118164,2026-06
HB_BUSAVG,2026-06-03,DA,56.025001525878906,24.649999618530273,31.375001907348633,"[22, 21]","[55.4, 56.65]","[11, 12]","[24.49, 24.81]",34.855831146240234,2026-06
HB_BUSAVG,2026-06-03,RT,45.21125030517578,24.767499923706055,20.443750381469727,"[14, 13]","[44.87, 45.55]","[10, 9]","[24.23, 25.3]",34.123958587646484,2026-06
HB_BUSAVG,2026-06-04,DA,42.44499969482422,21.975000381469727,20.469999313354492,"[20, 21]","[41.65, 43.24]","[11, 9]","[21.94, 22.01]",28.844167709350586,2026-06
HB_BUSAVG,2026-06-04,RT,81.58375549316406,23.256250381469727,58.32750701904297,"[22, 21]","[80.49, 82.68]","[13, 12]","[22.72, 23.8]",37.38666915893555,2026-06
HB_BUSAVG,2026-06-05,DA,41.00499725341797,21.934999465942383,19.069997787475586,"[20, 22]","[40.69, 41.32]","[1, 3]","[21.63, 22.24]",30.649999618530273,2026-06
HB_BUSAVG,2026-06-05,RT,68.47125244140625,27.792499542236328,40.67875289916992,"[20, 17]","[65.04, 71.9]","[14, 2]","[27.17, 28.42]",41.5013542175293,2026-06
HB_BUSAVG,2026-06-06,DA,52.44000244140625,24.489999771118164,27.950002670288086,"[21, 22]","[51.79, 53.09]","[11, 12]","[24.27, 24.71]",33.74916458129883,2026-06
HB_BUSAVG,2026-06-06,RT,155.27125549316406,26.772499084472656,128.49874877929688,"[23, 22]","[132.65, 177.9]","[16, 13]","[25.1, 28.45]",62.68760299682617,2026-06
HB_BUSAVG,2026-06-07,DA,34.96500015258789,16.985000610351562,17.979999542236328,"[1, 21]","[33.54, 36.39]","[11, 10]","[16.74, 17.23]",25.84166717529297,2026-06
HB_BUSAVG,2026-06-07,RT,60.32749938964844,15.883750915527344,44.443748474121094,"[21, 20]","[57.62, 63.03]","[13, 9]","[15.41, 16.36]",28.978958129882812,2026-06
HB_BUSAVG,2026-06-08,DA,38.70500183105469,17.360000610351562,21.345001220703125,"[21, 20]","[38.32, 39.09]","[10, 11]","[17.31, 17.41]",24.11541748046875,2026-06
HB_BUSAVG,2026-06-08,RT,40.16874694824219,23.047500610351562,17.121246337890625,"[21, 20]","[37.08, 43.25]","[3, 4]","[22.97, 23.12]",28.55177116394043,2026-06
HB_BUSAVG,2026-06-09,DA,42.994998931884766,15.824999809265137,27.169998168945312,"[20, 21]","[41.46, 44.53]","[10, 11]","[15.59, 16.06]",25.465415954589844,2026-06
HB_BUSAVG,2026-06-09,RT,38.53499984741211,17.19124984741211,21.34375,"[21, 20]","[37.85, 39.22]","[11, 9]","[17.13, 17.25]",25.20833396911621,2026-06
HB_BUSAVG,2026-06-10,DA,40.529998779296875,16.310001373291016,24.21999740600586,"[20, 21]","[39.58, 41.48]","[10, 9]","[16.25, 16.37]",25.7429141998291,2026-06
HB_BUSAVG,2026-06-10,RT,33.65625,15.971250534057617,17.684999465942383,"[22, 21]","[32.33, 34.98]","[13, 18]","[15.25, 16.69]",22.172395706176758,2026-06
HB_BUSAVG,2026-06-11,DA,56.30999755859375,16.31999969482422,39.98999786376953,"[21, 23]","[56.2, 56.42]","[9, 10]","[16.02, 16.62]",30.023332595825195,2026-06
HB_BUSAVG,2026-06-11,RT,57.688751220703125,16.926250457763672,40.76250076293945,"[21, 22]","[56.0, 59.38]","[10, 5]","[16.74, 17.12]",25.626352310180664,2026-06
HB_BUSAVG,2026-06-12,DA,50.45500183105469,24.744998931884766,25.710002899169922,"[20, 21]","[50.17, 50.74]","[10, 9]","[24.43, 25.06]",33.43916702270508,2026-06
HB_BUSAVG,2026-06-12,RT,43.807498931884766,21.942501068115234,21.86499786376953,"[7, 13]","[42.33, 45.29]","[17, 16]","[20.7, 23.18]",32.11520767211914,2026-06
HB_BUSAVG,2026-06-13,DA,36.974998474121094,14.505000114440918,22.46999740600586,"[22, 21]","[36.22, 37.73]","[10, 9]","[14.37, 14.64]",23.878751754760742,2026-06
HB_BUSAVG,2026-06-13,RT,33.37125015258789,13.524999618530273,19.846250534057617,"[20, 21]","[31.3, 35.44]","[11, 12]","[12.99, 14.06]",22.76906394958496,2026-06
HB_BUSAVG,2026-06-14,DA,43.75499725341797,21.40999984741211,22.34499740600586,"[22, 23]","[42.09, 45.42]","[10, 9]","[21.17, 21.65]",28.359582901000977,2026-06
HB_BUSAVG,2026-06-14,RT,59.912498474121094,17.625,42.287498474121094,"[20, 21]","[54.36, 65.47]","[13, 14]","[17.53, 17.72]",31.609270095825195,2026-06
HB_BUSAVG,2026-06-15,DA,57.81500244140625,28.21500015258789,29.60000228881836,"[21, 22]","[57.08, 58.55]","[13, 12]","[27.85, 28.58]",37.124168395996094,2026-06
HB_BUSAVG,2026-06-15,RT,68.15499877929688,28.133750915527344,40.02124786376953,"[21, 20]","[64.59, 71.72]","[16, 15]","[26.9, 29.37]",46.60093688964844,2026-06
HB_BUSAVG,2026-06-16,DA,51.130001068115234,25.084999084472656,26.045001983642578,"[21, 20]","[50.88, 51.38]","[24, 12]","[24.84, 25.33]",35.33041763305664,2026-06
HB_BUSAVG,2026-06-16,RT,45.182498931884766,23.261249542236328,21.921249389648438,"[5, 6]","[44.98, 45.38]","[15, 14]","[22.91, 23.61]",31.542083740234375,2026-06
HB_BUSAVG,2026-06-17,DA,42.314998626708984,17.845001220703125,24.46999740600586,"[20, 21]","[39.62, 45.01]","[9, 11]","[17.07, 18.62]",25.61083221435547,2026-06
HB_BUSAVG,2026-06-17,RT,35.19499969482422,13.069999694824219,22.125,"[22, 21]","[34.83, 35.56]","[13, 12]","[11.44, 14.7]",21.666353225708008,2026-06
HB_BUSAVG,2026-06-18,DA,59.845001220703125,18.114999771118164,41.730003356933594,"[22, 21]","[58.49, 61.2]","[9, 10]","[17.72, 18.51]",31.07375144958496,2026-06
HB_BUSAVG,2026-06-18,RT,66.66625213623047,11.151249885559082,55.5150032043457,"[23, 24]","[56.81, 76.52]","[11, 10]","[10.7, 11.6]",30.741561889648438,2026-06
HB_BUSAVG,2026-06-19,DA,68.90499877929688,29.125,39.779998779296875,"[22, 23]","[67.52, 70.29]","[11, 10]","[28.94, 29.31]",41.360836029052734,2026-06
HB_BUSAVG,2026-06-19,RT,62.28624725341797,24.05875015258789,38.22749710083008,"[21, 1]","[51.91, 72.66]","[15, 14]","[22.82, 25.3]",35.58510208129883,2026-06
HB_BUSAVG,2026-06-20,DA,41.14500045776367,22.46500015258789,18.68000030517578,"[2, 1]","[39.54, 42.75]","[12, 11]","[22.32, 22.61]",29.25208282470703,2026-06
HB_BUSAVG,2026-06-20,RT,33.352500915527344,22.62125015258789,10.731250762939453,"[2, 1]","[32.46, 34.25]","[10, 7]","[21.55, 23.69]",26.261667251586914,2026-06
HB_BUSAVG,2026-06-21,DA,38.68499755859375,10.325000762939453,28.359996795654297,"[21, 22]","[37.39, 39.98]","[9, 10]","[9.84, 10.81]",21.873748779296875,2026-06
HB_BUSAVG,2026-06-21,RT,35.79875183105469,14.257499694824219,21.54125213623047,"[20, 21]","[34.45, 37.15]","[13, 14]","[13.32, 15.19]",22.248748779296875,2026-06
HB_BUSAVG,2026-06-22,DA,55.43499755859375,18.700000762939453,36.7349967956543,"[23, 21]","[53.48, 57.39]","[9, 10]","[18.6, 18.8]",29.010000228881836,2026-06
HB_BUSAVG,2026-06-22,RT,68.02375030517578,21.43375015258789,46.59000015258789,"[20, 21]","[66.0, 70.05]","[3, 10]","[21.43, 21.44]",33.16145706176758,2026-06
HB_BUSAVG,2026-06-23,DA,41.41999816894531,21.450000762939453,19.96999740600586,"[20, 21]","[40.6, 42.24]","[10, 11]","[21.42, 21.48]",29.095834732055664,2026-06
HB_BUSAVG,2026-06-23,RT,47.587501525878906,19.99250030517578,27.595001220703125,"[18, 19]","[43.52, 51.65]","[14, 15]","[19.9, 20.09]",30.766769409179688,2026-06
HB_BUSAVG,2026-06-24,DA,46.13999938964844,18.604999542236328,27.53499984741211,"[20, 21]","[43.83, 48.45]","[10, 9]","[18.11, 19.1]",27.50208282470703,2026-06
HB_BUSAVG,2026-06-24,RT,46.16124725341797,22.02750015258789,24.133747100830078,"[21, 20]","[44.82, 47.5]","[18, 17]","[21.69, 22.37]",28.974584579467773,2026-06
HB_BUSAVG,2026-06-25,DA,41.650001525878906,18.779998779296875,22.87000274658203,"[22, 21]","[39.32, 43.98]","[10, 9]","[18.6, 18.96]",27.02166748046875,2026-06
HB_BUSAVG,2026-06-25,RT,30.31999969482422,8.488749504089355,21.831249237060547,"[20, 21]","[29.56, 31.08]","[11, 12]","[7.12, 9.86]",21.093542098999023,2026-06
HB_BUSAVG,2026-06-26,DA,40.470001220703125,18.860000610351562,21.610000610351562,"[21, 22]","[40.01, 40.93]","[10, 11]","[18.67, 19.05]",26.8075008392334,2026-06
HB_BUSAVG,2026-06-26,RT,32.77124786376953,12.72249984741211,20.048748016357422,"[21, 3]","[32.2, 33.34]","[10, 11]","[12.53, 12.91]",22.71354103088379,2026-06
HB_BUSAVG,2026-06-27,DA,34.76499938964844,13.494999885559082,21.270000457763672,"[20, 21]","[34.34, 35.19]","[10, 11]","[13.42, 13.57]",22.63458251953125,2026-06
HB_BUSAVG,2026-06-27,RT,50.686248779296875,14.037500381469727,36.64875030517578,"[4, 5]","[32.99, 68.38]","[10, 9]","[13.76, 14.32]",24.097810745239258,2026-06
HB_BUSAVG,2026-06-28,DA,35.81500244140625,12.630000114440918,23.185001373291016,"[20, 21]","[34.88, 36.75]","[10, 11]","[12.46, 12.8]",21.858749389648438,2026-06
HB_BUSAVG,2026-06-28,RT,36.28624725341797,11.948749542236328,24.33749771118164,"[21, 22]","[35.22, 37.35]","[11, 10]","[11.48, 12.41]",21.648332595825195,2026-06
HB_BUSAVG,2026-06-29,DA,40.19999694824219,16.475000381469727,23.72499656677246,"[20, 21]","[39.87, 40.53]","[9, 11]","[16.42, 16.53]",24.422500610351562,2026-06
HB_BUSAVG,2026-06-29,RT,31.81999969482422,14.887499809265137,16.932498931884766,"[21, 22]","[31.75, 31.89]","[12, 11]","[14.3, 15.47]",21.176666259765625,2026-06
HB_BUSAVG,2026-06-30,DA,39.915000915527344,15.760000228881836,24.155000686645508,"[22, 21]","[38.53, 41.3]","[10, 11]","[15.57, 15.95]",24.12791633605957,2026-06
HB_BUSAVG,2026-06-30,RT,33.64500045776367,11.161250114440918,22.483749389648438,"[22, 21]","[31.44, 35.85]","[10, 11]","[10.48, 11.84]",21.5539608001709,2026-06
HB_BUSAVG,2026-07-01,DA,45.66999816894531,15.454999923706055,30.214998245239258,"[20, 21]","[44.53, 46.81]","[10, 9]","[15.3, 15.61]",26.855833053588867,2026-07
HB_BUSAVG,2026-07-01,RT,48.80500030517578,13.992500305175781,34.8125,"[22, 23]","[48.73, 48.88]","[13, 9]","[13.97, 14.01]",25.6200008392334,2026-07
HB_BUSAVG,2026-07-02,DA,46.94000244140625,18.274999618530273,28.665002822875977,"[21, 20]","[44.11, 49.77]","[11, 10]","[18.24, 18.31]",27.82708168029785,2026-07
HB_BUSAVG,2026-07-02,RT,31.8075008392334,16.386249542236328,15.42125129699707,"[19, 21]","[31.33, 32.28]","[12, 11]","[16.15, 16.62]",24.962499618530273,2026-07
HB_BUSAVG,2026-07-03,DA,44.779998779296875,15.770000457763672,29.009998321533203,"[21, 20]","[44.37, 45.19]","[10, 11]","[15.06, 16.48]",26.232084274291992,2026-07
HB_BUSAVG,2026-07-03,RT,35.50749969482422,6.301249980926514,29.206249237060547,"[22, 21]","[34.19, 36.82]","[11, 10]","[5.85, 6.75]",22.356353759765625,2026-07
HB_BUSAVG,2026-07-04,DA,50.275001525878906,13.819999694824219,36.45500183105469,"[20, 21]","[49.67, 50.88]","[10, 11]","[12.9, 14.74]",26.845834732055664,2026-07
HB_BUSAVG,2026-07-04,RT,52.868751525878906,10.744999885559082,42.12375259399414,"[21, 20]","[51.94, 53.79]","[10, 9]","[10.0, 11.49]",26.70635414123535,2026-07
HB_BUSAVG,2026-07-05,DA,67.18000030517578,18.915000915527344,48.26499938964844,"[22, 21]","[63.49, 70.87]","[10, 9]","[18.71, 19.12]",33.6904182434082,2026-07
HB_BUSAVG,2026-07-05,RT,47.28874969482422,17.896249771118164,29.392499923706055,"[20, 18]","[44.27, 50.31]","[10, 9]","[17.86, 17.93]",27.999895095825195,2026-07
HB_BUSAVG,2026-07-06,DA,69.875,23.575000762939453,46.29999923706055,"[20, 21]","[67.44, 72.31]","[9, 10]","[23.22, 23.93]",37.62541580200195,2026-07
HB_BUSAVG,2026-07-06,RT,48.279998779296875,22.991249084472656,25.28874969482422,"[21, 23]","[46.21, 50.35]","[9, 10]","[22.11, 23.87]",31.82781410217285,2026-07
HB_BUSAVG,2026-07-07,DA,52.25,18.450000762939453,33.79999923706055,"[20, 21]","[49.65, 54.85]","[9, 10]","[18.23, 18.67]",31.26833152770996,2026-07
HB_BUSAVG,2026-07-07,RT,41.98999786376953,22.252500534057617,19.737497329711914,"[22, 21]","[40.97, 43.01]","[9, 10]","[20.86, 23.65]",32.098018646240234,2026-07
HB_BUSAVG,2026-07-08,DA,42.79999923706055,15.72499942779541,27.075000762939453,"[20, 21]","[42.76, 42.84]","[10, 9]","[15.32, 16.13]",26.240835189819336,2026-07
HB_BUSAVG,2026-07-08,RT,53.79125213623047,16.475000381469727,37.316253662109375,"[21, 22]","[45.89, 61.69]","[11, 9]","[16.47, 16.48]",26.469999313354492,2026-07
HB_BUSAVG,2026-07-09,DA,38.61000061035156,14.824999809265137,23.78499984741211,"[22, 21]","[36.63, 40.59]","[10, 11]","[14.66, 14.99]",24.07375144958496,2026-07
HB_BUSAVG,2026-07-09,RT,41.92375183105469,13.301250457763672,28.622501373291016,"[23, 22]","[41.4, 42.44]","[9, 10]","[12.97, 13.64]",23.9623966217041,2026-07
HB_BUSAVG,2026-07-10,DA,40.66999816894531,15.46500015258789,25.204998016357422,"[22, 21]","[39.46, 41.88]","[10, 11]","[14.89, 16.04]",25.18291664123535,2026-07
HB_BUSAVG,2026-07-10,RT,43.696250915527344,15.720000267028809,27.97624969482422,"[21, 23]","[41.85, 45.54]","[11, 12]","[15.49, 15.95]",24.8174991607666,2026-07
HB_BUSAVG,2026-07-11,DA,43.07499694824219,19.479999542236328,23.59499740600586,"[21, 22]","[42.05, 44.1]","[9, 10]","[18.75, 20.21]",30.032915115356445,2026-07
HB_BUSAVG,2026-07-11,RT,39.98750305175781,17.780000686645508,22.207502365112305,"[21, 20]","[39.67, 40.31]","[12, 13]","[16.0, 19.56]",27.953750610351562,2026-07
HB_BUSAVG,2026-07-12,DA,45.81999969482422,20.225000381469727,25.594999313354492,"[24, 23]","[43.84, 47.8]","[9, 10]","[19.1, 21.35]",30.92958641052246,2026-07
HB_BUSAVG,2026-07-12,RT,37.54875183105469,20.647499084472656,16.90125274658203,"[24, 21]","[36.96, 38.14]","[9, 11]","[20.47, 20.83]",27.058334350585938,2026-07
HB_BUSAVG,2026-07-13,DA,44.98999786376953,27.920000076293945,17.069997787475586,"[21, 20]","[44.76, 45.22]","[12, 13]","[27.66, 28.18]",34.860416412353516,2026-07
HB_BUSAVG,2026-07-13,RT,38.21624755859375,23.427499771118164,14.788747787475586,"[5, 4]","[36.67, 39.76]","[17, 18]","[23.07, 23.78]",29.890729904174805,2026-07
HB_BUSAVG,2026-07-14,DA,37.665000915527344,20.729999542236328,16.935001373291016,"[6, 23]","[37.24, 38.09]","[15, 14]","[20.56, 20.9]",28.778335571289062,2026-07
HB_BUSAVG,2026-07-14,RT,50.279998779296875,19.056249618530273,31.2237491607666,"[24, 23]","[49.18, 51.38]","[18, 17]","[18.38, 19.74]",29.09989356994629,2026-07
HB_BUSAVG,2026-07-15,DA,32.345001220703125,21.084999084472656,11.260002136230469,"[6, 21]","[32.21, 32.48]","[11, 12]","[20.89, 21.28]",26.722501754760742,2026-07
HB_BUSAVG,2026-07-15,RT,39.748748779296875,19.616249084472656,20.13249969482422,"[21, 22]","[39.41, 40.09]","[18, 17]","[18.77, 20.46]",27.720001220703125,2026-07
HB_BUSAVG,2026-07-16,DA,36.345001220703125,19.614999771118164,16.73000144958496,"[20, 21]","[35.37, 37.32]","[14, 15]","[19.58, 19.65]",26.665414810180664,2026-07
HB_BUSAVG,2026-07-16,RT,41.51249694824219,23.220001220703125,18.292495727539062,"[20, 17]","[41.33, 41.7]","[14, 11]","[22.88, 23.56]",30.614479064941406,2026-07
HB_BUSAVG,2026-07-17,DA,37.82500076293945,18.235000610351562,19.59000015258789,"[21, 22]","[37.43, 38.22]","[12, 11]","[18.04, 18.43]",25.11625099182129,2026-07
HB_BUSAVG,2026-07-17,RT,50.650001525878906,13.486249923706055,37.16374969482422,"[24, 23]","[41.43, 59.87]","[13, 14]","[12.7, 14.27]",24.59260368347168,2026-07
HB_BUSAVG,2026-07-18,DA,40.44499969482422,15.130000114440918,25.314998626708984,"[20, 21]","[39.23, 41.66]","[11, 10]","[14.8, 15.46]",24.995834350585938,2026-07
HB_BUSAVG,2026-07-18,RT,38.60749816894531,10.696249961853027,27.91124725341797,"[23, 24]","[37.04, 40.18]","[12, 11]","[10.0, 11.39]",22.269689559936523,2026-07
HB_BUSAVG,2026-07-19,DA,47.535003662109375,16.354999542236328,31.180004119873047,"[21, 23]","[47.08, 47.99]","[10, 11]","[16.24, 16.47]",28.2670841217041,2026-07
HB_BUSAVG,2026-07-19,RT,66.79249572753906,17.962499618530273,48.829994201660156,"[20, 21]","[66.29, 67.29]","[12, 10]","[17.58, 18.34]",32.531768798828125,2026-07
HB_BUSAVG,2026-07-20,DA,72.00999450683594,17.380001068115234,54.6299934387207,"[21, 20]","[69.63, 74.39]","[9, 10]","[17.33, 17.43]",32.57583236694336,2026-07
HB_BUSAVG,2026-07-20,RT,75.20249938964844,18.832500457763672,56.369998931884766,"[20, 21]","[57.01, 93.39]","[10, 9]","[18.43, 19.23]",30.713851928710938,2026-07
HB_BUSAVG,2026-07-21,DA,205.05999755859375,19.735000610351562,185.3249969482422,"[21, 20]","[196.13, 213.99]","[9, 10]","[19.37, 20.1]",53.860416412353516,2026-07
HB_BUSAVG,2026-07-21,RT,144.93499755859375,19.833749771118164,125.10124969482422,"[21, 20]","[140.73, 149.14]","[11, 12]","[19.43, 20.23]",43.376041412353516,2026-07
HB_BUSAVG,2026-07-22,DA,221.19500732421875,23.029998779296875,198.16500854492188,"[20, 21]","[214.62, 227.77]","[9, 10]","[22.82, 23.24]",64.16625213623047,2026-07
HB_BUSAVG,2026-07-22,RT,200.08749389648438,25.423749923706055,174.6637420654297,"[23, 22]","[194.35, 205.83]","[9, 12]","[25.01, 25.84]",60.95978927612305,2026-07
HB_BUSAVG,2026-07-23,DA,56.349998474121094,23.079999923706055,33.269996643066406,"[20, 21]","[55.23, 57.47]","[10, 11]","[22.82, 23.34]",37.165000915527344,2026-07
HB_BUSAVG,2026-07-23,RT,56.93000030517578,24.797500610351562,32.13249969482422,"[2, 1]","[54.35, 59.51]","[11, 9]","[24.58, 25.01]",36.24854278564453,2026-07
HB_BUSAVG,2026-07-24,DA,43.834999084472656,23.18000030517578,20.654998779296875,"[22, 21]","[43.44, 44.23]","[10, 11]","[23.08, 23.28]",32.50374984741211,2026-07
HB_BUSAVG,2026-07-24,RT,33.341251373291016,19.295000076293945,14.04625129699707,"[21, 1]","[32.58, 34.1]","[11, 12]","[19.12, 19.47]",26.059999465942383,2026-07
HB_BUSAVG,2026-07-25,DA,45.724998474121094,16.03499984741211,29.689998626708984,"[20, 21]","[44.1, 47.35]","[10, 11]","[15.63, 16.44]",26.494165420532227,2026-07
HB_BUSAVG,2026-07-25,RT,41.62000274658203,7.737500190734863,33.882503509521484,"[21, 22]","[40.43, 42.81]","[12, 11]","[5.31, 10.16]",23.887083053588867,2026-07
HB_BUSAVG,2026-07-26,DA,43.60499954223633,13.954999923706055,29.649999618530273,"[20, 21]","[41.89, 45.32]","[10, 11]","[12.85, 15.06]",24.977081298828125,2026-07
HB_BUSAVG,2026-07-26,RT,38.92375183105469,11.487499237060547,27.43625259399414,"[20, 21]","[37.79, 40.06]","[10, 9]","[10.78, 12.19]",23.07541847229004,2026-07
HB_BUSAVG,2026-07-27,DA,58.86499786376953,15.735000610351562,43.12999725341797,"[20, 21]","[55.81, 61.92]","[10, 9]","[15.1, 16.37]",28.913747787475586,2026-07
HB_BUSAVG,2026-07-27,RT,36.90999984741211,14.5962495803833,22.313751220703125,"[21, 16]","[36.9, 36.92]","[10, 11]","[14.09, 15.1]",24.224166870117188,2026-07
HB_BUSAVG,2026-07-28,DA,59.67500305175781,16.65999984741211,43.0150032043457,"[20, 21]","[55.7, 63.65]","[10, 9]","[16.29, 17.03]",29.49041748046875,2026-07
HB_BUSAVG,2026-07-28,RT,50.11499786376953,18.84375,31.27124786376953,"[20, 21]","[48.94, 51.29]","[9, 10]","[18.55, 19.14]",29.559999465942383,2026-07
HB_BUSAVG,2026-07-29,DA,67.13500213623047,20.314998626708984,46.820003509521484,"[22, 21]","[63.51, 70.76]","[10, 9]","[20.23, 20.4]",33.25874710083008,2026-07
HB_BUSAVG,2026-07-29,RT,47.758750915527344,20.047500610351562,27.71125030517578,"[21, 20]","[47.46, 48.06]","[11, 10]","[19.75, 20.34]",31.156042098999023,2026-07
HB_BUSAVG,2026-07-30,DA,62.11000061035156,19.44499969482422,42.665000915527344,"[22, 21]","[61.47, 62.75]","[10, 11]","[18.77, 20.12]",32.55833435058594,2026-07
HB_BUSAVG,2026-07-30,RT,44.442501068115234,15.305000305175781,29.137500762939453,"[21, 20]","[41.35, 47.54]","[12, 11]","[14.78, 15.83]",25.76531410217285,2026-07
HB_BUSAVG,2026-07-31,DA,94.48500061035156,15.600000381469727,78.88500213623047,"[21, 22]","[92.57, 96.4]","[10, 9]","[14.92, 16.28]",37.78791427612305,2026-07
HB_BUSAVG,2026-07-31,RT,59.70249938964844,14.008749961853027,45.693748474121094,"[21, 20]","[58.42, 60.99]","[11, 10]","[13.28, 14.74]",29.174583435058594,2026-07
HB_BUSAVG,2026-08-01,DA,77.79499816894531,20.395000457763672,57.39999771118164,"[20, 23]","[76.74, 78.85]","[11, 10]","[20.35, 20.44]",37.68499755859375,2026-08
HB_BUSAVG,2026-08-01,RT,50.847503662109375,20.612499237060547,30.235004425048828,"[20, 21]","[46.96, 54.74]","[9, 10]","[19.97, 21.25]",29.497291564941406,2026-08
HB_BUSAVG,2026-08-02,DA,83.79000091552734,17.96500015258789,65.82499694824219,"[21, 20]","[83.08, 84.5]","[10, 9]","[17.76, 18.17]",37.30916976928711,2026-08
HB_BUSAVG,2026-08-02,RT,46.907501220703125,17.466251373291016,29.44124984741211,"[19, 20]","[43.51, 50.31]","[12, 10]","[17.15, 17.78]",28.2784366607666,2026-08
HB_BUSAVG,2026-08-03,DA,47.81500244140625,15.024999618530273,32.790000915527344,"[21, 20]","[47.7, 47.93]","[10, 9]","[14.99, 15.06]",25.76291847229004,2026-08
HB_BUSAVG,2026-08-03,RT,32.74625015258789,15.545000076293945,17.201250076293945,"[21, 20]","[32.56, 32.93]","[9, 12]","[15.5, 15.59]",21.966772079467773,2026-08
HB_BUSAVG,2026-08-04,DA,47.189998626708984,13.819999694824219,33.369998931884766,"[21, 22]","[46.03, 48.35]","[10, 11]","[13.39, 14.25]",25.378332138061523,2026-08
HB_BUSAVG,2026-08-04,RT,51.3849983215332,13.357500076293945,38.027496337890625,"[21, 22]","[47.04, 55.73]","[11, 10]","[13.14, 13.58]",23.237707138061523,2026-08
HB_BUSAVG,2026-08-05,DA,41.54999923706055,15.359999656677246,26.189998626708984,"[21, 20]","[41.26, 41.84]","[10, 11]","[15.15, 15.57]",25.54583168029785,2026-08
HB_BUSAVG,2026-08-05,RT,63.51750183105469,15.889999389648438,47.62750244140625,"[21, 22]","[62.03, 65.0]","[13, 12]","[15.44, 16.33]",27.82750129699707,2026-08
HB_BUSAVG,2026-08-06,DA,40.86499786376953,15.585000038146973,25.279998779296875,"[20, 21]","[40.47, 41.26]","[10, 11]","[15.26, 15.91]",25.015417098999023,2026-08
HB_BUSAVG,2026-08-06,RT,65.44499969482422,15.414999961853027,50.029998779296875,"[21, 22]","[55.71, 75.18]","[11, 10]","[15.3, 15.53]",30.635833740234375,2026-08
HB_BUSAVG,2026-08-07,DA,44.46500015258789,15.675000190734863,28.790000915527344,"[21, 20]","[44.13, 44.8]","[10, 11]","[15.6, 15.75]",27.434165954589844,2026-08
HB_BUSAVG,2026-08-07,RT,82.83000183105469,14.642499923706055,68.1875,"[18, 19]","[74.52, 91.14]","[10, 11]","[14.61, 14.68]",37.24333190917969,2026-08
HB_BUSAVG,2026-08-08,DA,41.53499984741211,17.545000076293945,23.989999771118164,"[20, 21]","[41.39, 41.68]","[11, 10]","[17.52, 17.57]",26.741249084472656,2026-08
HB_BUSAVG,2026-08-08,RT,81.49624633789062,21.352500915527344,60.14374542236328,"[17, 18]","[76.55, 86.44]","[9, 10]","[20.95, 21.75]",38.46041488647461,2026-08
HB_BUSAVG,2026-08-09,DA,45.185001373291016,15.40999984741211,29.775001525878906,"[20, 21]","[44.31, 46.06]","[10, 9]","[15.08, 15.74]",26.822500228881836,2026-08
HB_BUSAVG,2026-08-09,RT,55.44874954223633,17.200000762939453,38.248748779296875,"[21, 22]","[53.16, 57.74]","[11, 10]","[17.03, 17.37]",30.60260581970215,2026-08
HB_BUSAVG,2026-08-10,DA,42.724998474121094,17.045000076293945,25.67999839782715,"[21, 20]","[42.68, 42.77]","[10, 11]","[16.55, 17.54]",27.23124885559082,2026-08
HB_BUSAVG,2026-08-10,RT,27.967498779296875,17.858749389648438,10.108749389648438,"[1, 20]","[27.86, 28.07]","[9, 10]","[17.43, 18.28]",23.0184383392334,2026-08
HB_BUSAVG,2026-08-11,DA,41.0,13.139999389648438,27.860000610351562,"[20, 21]","[39.79, 42.21]","[10, 11]","[12.69, 13.59]",24.28041648864746,2026-08
HB_BUSAVG,2026-08-11,RT,57.69000244140625,9.582500457763672,48.10750198364258,"[20, 22]","[49.89, 65.49]","[11, 10]","[7.98, 11.19]",24.346145629882812,2026-08
HB_BUSAVG,2026-08-12,DA,35.084999084472656,13.555000305175781,21.529998779296875,"[20, 21]","[34.77, 35.4]","[10, 11]","[13.22, 13.89]",22.525833129882812,2026-08
HB_BUSAVG,2026-08-12,RT,55.321250915527344,13.313749313354492,42.00749969482422,"[20, 21]","[52.74, 57.9]","[11, 12]","[13.14, 13.48]",25.877294540405273,2026-08
HB_BUSAVG,2026-08-13,DA,38.334999084472656,13.280000686645508,25.05499839782715,"[20, 22]","[37.62, 39.05]","[10, 11]","[12.67, 13.89]",23.507917404174805,2026-08
HB_BUSAVG,2026-08-13,RT,61.118751525878906,10.092499732971191,51.02625274658203,"[20, 21]","[50.5, 71.74]","[10, 11]","[9.83, 10.35]",25.701980590820312,2026-08
HB_BUSAVG,2026-08-14,DA,39.67500305175781,14.239999771118164,25.43500328063965,"[21, 20]","[38.97, 40.38]","[10, 11]","[13.56, 14.92]",25.246667861938477,2026-08
HB_BUSAVG,2026-08-14,RT,28.939998626708984,12.319999694824219,16.619998931884766,"[20, 21]","[28.71, 29.17]","[11, 12]","[11.88, 12.76]",21.029687881469727,2026-08
HB_BUSAVG,2026-08-15,DA,43.98500061035156,13.71500015258789,30.270000457763672,"[22, 20]","[43.98, 43.99]","[10, 11]","[13.44, 13.99]",25.94541358947754,2026-08
HB_BUSAVG,2026-08-15,RT,39.0625,14.12125015258789,24.94124984741211,"[21, 20]","[37.77, 40.35]","[10, 11]","[13.21, 15.03]",24.488332748413086,2026-08
HB_BUSAVG,2026-08-16,DA,63.52000045776367,14.114999771118164,49.404998779296875,"[21, 20]","[60.78, 66.26]","[10, 11]","[13.81, 14.42]",30.345001220703125,2026-08
HB_BUSAVG,2026-08-16,RT,82.00874328613281,16.563751220703125,65.44499206542969,"[20, 21]","[74.69, 89.32]","[10, 11]","[16.24, 16.89]",32.12708282470703,2026-08
HB_BUSAVG,2026-08-17,DA,120.66000366210938,20.799999237060547,99.86000061035156,"[20, 22]","[120.54, 120.78]","[10, 11]","[20.28, 21.32]",44.73208236694336,2026-08
HB_BUSAVG,2026-08-17,RT,251.2574920654297,17.81999969482422,233.4375,"[20, 21]","[201.87, 300.64]","[10, 11]","[17.2, 18.44]",51.77927017211914,2026-08
HB_BUSAVG,2026-08-18,DA,73.15499877929688,17.700000762939453,55.45499801635742,"[20, 21]","[72.85, 73.46]","[10, 11]","[17.08, 18.32]",33.34791564941406,2026-08
HB_BUSAVG,2026-08-18,RT,88.9637451171875,15.421249389648438,73.54249572753906,"[21, 20]","[79.01, 98.92]","[10, 11]","[15.26, 15.59]",32.44552230834961,2026-08
HB_BUSAVG,2026-08-19,DA,92.86500549316406,15.479999542236328,77.385009765625,"[21, 20]","[91.18, 94.55]","[10, 11]","[15.29, 15.67]",34.25833511352539,2026-08
HB_BUSAVG,2026-08-19,RT,56.01874923706055,13.946249961853027,42.0724983215332,"[19, 20]","[55.51, 56.53]","[10, 11]","[13.34, 14.56]",26.45218849182129,2026-08
HB_BUSAVG,2026-08-20,DA,141.885009765625,18.514999389648438,123.37001037597656,"[21, 20]","[137.14, 146.63]","[10, 11]","[18.2, 18.83]",45.13125228881836,2026-08
HB_BUSAVG,2026-08-20,RT,64.19874572753906,16.483749389648438,47.714996337890625,"[21, 20]","[63.59, 64.81]","[9, 10]","[16.31, 16.66]",28.949478149414062,2026-08
HB_BUSAVG,2026-08-21,DA,120.125,19.850000381469727,100.2750015258789,"[19, 20]","[113.59, 126.66]","[10, 9]","[19.19, 20.51]",43.38833236694336,2026-08
HB_BUSAVG,2026-08-21,RT,47.47249984741211,22.107500076293945,25.364999771118164,"[21, 20]","[45.08, 49.86]","[9, 10]","[21.17, 23.04]",30.032188415527344,2026-08
HB_BUSAVG,2026-08-22,DA,97.41999816894531,18.204999923706055,79.21499633789062,"[21, 20]","[91.18, 103.66]","[9, 10]","[18.2, 18.21]",38.73458480834961,2026-08
HB_BUSAVG,2026-08-22,RT,161.47250366210938,19.6875,141.78500366210938,"[23, 24]","[110.57, 212.37]","[11, 9]","[19.51, 19.86]",43.508541107177734,2026-08
HB_BUSAVG,2026-08-23,DA,73.06999969482422,16.790000915527344,56.279998779296875,"[21, 20]","[65.57, 80.57]","[10, 11]","[16.44, 17.14]",33.0283317565918,2026-08
HB_BUSAVG,2026-08-23,RT,308.7349853515625,22.145000457763672,286.5899963378906,"[21, 22]","[286.06, 331.41]","[12, 11]","[21.81, 22.48]",67.8438491821289,2026-08
HB_BUSAVG,2026-08-24,DA,76.27999877929688,16.145000457763672,60.1349983215332,"[21, 20]","[73.86, 78.7]","[10, 11]","[15.93, 16.36]",33.983333587646484,2026-08
HB_BUSAVG,2026-08-24,RT,98.87999725341797,16.302499771118164,82.57749938964844,"[19, 20]","[86.69, 111.07]","[11, 10]","[16.22, 16.39]",38.48041915893555,2026-08
HB_BUSAVG,2026-08-25,DA,98.54499816894531,19.56999969482422,78.9749984741211,"[21, 20]","[95.28, 101.81]","[10, 9]","[19.11, 20.03]",36.985416412353516,2026-08
HB_BUSAVG,2026-08-25,RT,62.025001525878906,20.423751831054688,41.60124969482422,"[20, 19]","[61.65, 62.4]","[5, 4]","[19.93, 20.92]",32.13656234741211,2026-08
HB_BUSAVG,2026-08-26,DA,144.72500610351562,25.209999084472656,119.51500701904297,"[22, 20]","[143.81, 145.64]","[10, 11]","[24.92, 25.5]",55.12583541870117,2026-08
HB_BUSAVG,2026-08-26,RT,491.4949951171875,27.041248321533203,464.4537353515625,"[22, 23]","[448.36, 534.63]","[1, 2]","[27.03, 27.05]",118.8921890258789,2026-08
HB_BUSAVG,2026-08-27,DA,103.11499786376953,27.575000762939453,75.53999328613281,"[22, 21]","[101.35, 104.88]","[10, 11]","[26.99, 28.16]",53.59708786010742,2026-08
HB_BUSAVG,2026-08-27,RT,97.19125366210938,20.665000915527344,76.52625274658203,"[20, 21]","[95.65, 98.73]","[12, 11]","[19.82, 21.51]",44.59531021118164,2026-08
HB_BUSAVG,2026-08-28,DA,78.7750015258789,22.71500015258789,56.060001373291016,"[21, 20]","[73.97, 83.58]","[10, 11]","[22.48, 22.95]",41.98458480834961,2026-08
HB_BUSAVG,2026-08-28,RT,62.48500061035156,22.688751220703125,39.79624938964844,"[6, 7]","[61.04, 63.93]","[23, 24]","[22.62, 22.75]",36.798126220703125,2026-08
HB_BUSAVG,2026-08-29,DA,61.63500213623047,17.260000228881836,44.375,"[21, 20]","[58.55, 64.72]","[10, 11]","[16.87, 17.65]",31.92833137512207,2026-08
HB_BUSAVG,2026-08-29,RT,50.48374938964844,15.59375,34.88999938964844,"[20, 21]","[48.79, 52.17]","[10, 11]","[14.95, 16.23]",28.800832748413086,2026-08
HB_BUSAVG,2026-08-30,DA,53.73999786376953,12.21500015258789,41.52499771118164,"[21, 20]","[50.28, 57.2]","[10, 11]","[11.44, 12.99]",26.1420841217041,2026-08
HB_BUSAVG,2026-08-30,RT,104.17250061035156,14.923749923706055,89.24874877929688,"[21, 20]","[79.57, 128.77]","[11, 10]","[14.34, 15.51]",36.33041763305664,2026-08
HB_BUSAVG,2026-08-31,DA,66.875,16.25,50.625,"[21, 20]","[63.49, 70.26]","[10, 11]","[15.88, 16.62]",31.137502670288086,2026-08
HB_BUSAVG,2026-08-31,RT,74.32249450683594,20.790000915527344,53.532493591308594,"[20, 21]","[72.94, 75.7]","[10, 11]","[20.08, 21.5]",39.1029167175293,2026-08
HB_HOUSTON,2026-06-01,DA,69.22000122070312,17.96500015258789,51.255001068115234,"[22, 21]","[67.07, 71.37]","[10, 9]","[17.83, 18.1]",35.137081146240234,2026-06
HB_HOUSTON,2026-06-01,RT,53.536251068115234,17.875,35.661251068115234,"[21, 15]","[51.85, 55.23]","[9, 8]","[16.74, 19.01]",34.50312805175781,2026-06
HB_HOUSTON,2026-06-02,DA,46.71500015258789,19.44499969482422,27.270000457763672,"[20, 21]","[46.62, 46.81]","[10, 9]","[19.17, 19.72]",31.424997329711914,2026-06
HB_HOUSTON,2026-06-02,RT,49.34124755859375,21.706249237060547,27.634998321533203,"[17, 14]","[48.74, 49.94]","[9, 10]","[21.23, 22.18]",33.483646392822266,2026-06
HB_HOUSTON,2026-06-03,DA,55.22999954223633,23.315000534057617,31.91499900817871,"[22, 21]","[54.14, 56.32]","[10, 11]","[23.01, 23.62]",34.51791763305664,2026-06
HB_HOUSTON,2026-06-03,RT,46.27000045776367,22.791248321533203,23.47875213623047,"[14, 13]","[46.27, 46.27]","[10, 9]","[22.27, 23.31]",33.559688568115234,2026-06
HB_HOUSTON,2026-06-04,DA,42.834999084472656,20.775001525878906,22.05999755859375,"[20, 21]","[42.13, 43.54]","[11, 9]","[20.69, 20.86]",28.597082138061523,2026-06
HB_HOUSTON,2026-06-04,RT,82.19125366210938,23.90625,58.285003662109375,"[22, 21]","[81.06, 83.33]","[13, 12]","[23.87, 23.94]",36.6548957824707,2026-06
HB_HOUSTON,2026-06-05,DA,41.35499954223633,21.100000381469727,20.2549991607666,"[20, 22]","[41.19, 41.52]","[1, 3]","[21.04, 21.16]",30.350831985473633,2026-06
HB_HOUSTON,2026-06-05,RT,68.64250183105469,27.897499084472656,40.74500274658203,"[20, 17]","[65.23, 72.05]","[14, 5]","[27.25, 28.55]",41.764373779296875,2026-06
HB_HOUSTON,2026-06-06,DA,52.00499725341797,24.989999771118164,27.014997482299805,"[21, 22]","[51.39, 52.62]","[11, 10]","[24.57, 25.41]",33.785831451416016,2026-06
HB_HOUSTON,2026-06-06,RT,154.03250122070312,30.30500030517578,123.72750091552734,"[23, 22]","[132.37, 175.7]","[16, 12]","[29.34, 31.27]",63.84343338012695,2026-06
HB_HOUSTON,2026-06-07,DA,36.63500213623047,19.475000381469727,17.160001754760742,"[20, 21]","[36.12, 37.15]","[9, 10]","[18.93, 20.02]",29.025415420532227,2026-06
HB_HOUSTON,2026-06-07,RT,60.56500244140625,19.603750228881836,40.96125030517578,"[21, 20]","[55.94, 65.19]","[9, 10]","[18.99, 20.22]",32.58187484741211,2026-06
HB_HOUSTON,2026-06-08,DA,41.154998779296875,21.489999771118164,19.66499900817871,"[21, 20]","[39.51, 42.8]","[4, 9]","[21.43, 21.55]",29.693334579467773,2026-06
HB_HOUSTON,2026-06-08,RT,78.68374633789062,24.74250030517578,53.941246032714844,"[14, 16]","[78.57, 78.79]","[4, 5]","[24.37, 25.11]",40.53895568847656,2026-06
HB_HOUSTON,2026-06-09,DA,46.709999084472656,20.19499969482422,26.514999389648438,"[20, 21]","[46.5, 46.92]","[9, 10]","[19.62, 20.77]",31.03583335876465,2026-06
HB_HOUSTON,2026-06-09,RT,58.76124954223633,19.713748931884766,39.04750061035156,"[16, 15]","[58.66, 58.86]","[9, 10]","[18.23, 21.2]",36.2321891784668,2026-06
HB_HOUSTON,2026-06-10,DA,47.59000015258789,21.029998779296875,26.560001373291016,"[15, 16]","[46.57, 48.61]","[9, 8]","[20.65, 21.41]",33.18000030517578,2026-06
HB_HOUSTON,2026-06-10,RT,39.936248779296875,21.0262508392334,18.909997940063477,"[14, 15]","[39.69, 40.18]","[8, 4]","[20.67, 21.39]",29.523645401000977,2026-06
HB_HOUSTON,2026-06-11,DA,56.36499786376953,21.040000915527344,35.32499694824219,"[23, 21]","[56.32, 56.41]","[9, 8]","[19.85, 22.23]",38.47666931152344,2026-06
HB_HOUSTON,2026-06-11,RT,57.42250061035156,20.760000228881836,36.662498474121094,"[21, 22]","[55.76, 59.08]","[10, 8]","[20.45, 21.07]",32.18541717529297,2026-06
HB_HOUSTON,2026-06-12,DA,50.46500015258789,25.21500015258789,25.25,"[20, 21]","[50.25, 50.68]","[9, 10]","[25.1, 25.33]",36.62874984741211,2026-06
HB_HOUSTON,2026-06-12,RT,47.54624938964844,24.895000457763672,22.651248931884766,"[14, 13]","[45.56, 49.53]","[17, 19]","[24.36, 25.43]",33.60749816894531,2026-06
HB_HOUSTON,2026-06-13,DA,43.42499923706055,16.674999237060547,26.75,"[13, 14]","[41.17, 45.68]","[9, 10]","[15.65, 17.7]",29.582082748413086,2026-06
HB_HOUSTON,2026-06-13,RT,34.248748779296875,16.506250381469727,17.74249839782715,"[20, 21]","[32.85, 35.64]","[10, 11]","[15.35, 17.67]",26.27093505859375,2026-06
HB_HOUSTON,2026-06-14,DA,43.64500045776367,21.575000762939453,22.06999969482422,"[22, 23]","[42.04, 45.25]","[10, 9]","[21.4, 21.75]",29.112083435058594,2026-06
HB_HOUSTON,2026-06-14,RT,60.417503356933594,22.264999389648438,38.152503967285156,"[20, 21]","[54.84, 66.0]","[14, 13]","[21.65, 22.89]",34.292083740234375,2026-06
HB_HOUSTON,2026-06-15,DA,57.834999084472656,28.595001220703125,29.23999786376953,"[21, 22]","[57.17, 58.5]","[13, 12]","[28.45, 28.74]",37.02666473388672,2026-06
HB_HOUSTON,2026-06-15,RT,68.06124877929688,28.133750915527344,39.92749786376953,"[21, 20]","[64.4, 71.72]","[16, 15]","[26.9, 29.37]",46.45729064941406,2026-06
HB_HOUSTON,2026-06-16,DA,51.48999786376953,25.354999542236328,26.134998321533203,"[21, 20]","[51.23, 51.75]","[24, 10]","[24.9, 25.81]",35.32041549682617,2026-06
HB_HOUSTON,2026-06-16,RT,44.971248626708984,23.71125030517578,21.259998321533203,"[5, 6]","[44.65, 45.29]","[15, 14]","[23.45, 23.97]",32.828956604003906,2026-06
HB_HOUSTON,2026-06-17,DA,44.48999786376953,20.135000228881836,24.354997634887695,"[20, 21]","[43.3, 45.68]","[9, 4]","[19.24, 21.03]",28.997915267944336,2026-06
HB_HOUSTON,2026-06-17,RT,39.97374725341797,20.051250457763672,19.922496795654297,"[20, 15]","[38.66, 41.29]","[13, 8]","[19.68, 20.42]",26.98833465576172,2026-06
HB_HOUSTON,2026-06-18,DA,59.894996643066406,19.71500015258789,40.179996490478516,"[20, 21]","[57.94, 61.85]","[9, 4]","[18.74, 20.69]",36.80666732788086,2026-06
HB_HOUSTON,2026-06-18,RT,67.48875427246094,19.326250076293945,48.162506103515625,"[15, 24]","[58.47, 76.5]","[8, 3]","[17.68, 20.97]",36.922706604003906,2026-06
HB_HOUSTON,2026-06-19,DA,68.36000061035156,29.755001068115234,38.60499954223633,"[22, 23]","[66.93, 69.79]","[10, 9]","[29.69, 29.82]",43.575836181640625,2026-06
HB_HOUSTON,2026-06-19,RT,69.18124389648438,26.235000610351562,42.94624328613281,"[18, 1]","[65.47, 72.89]","[10, 8]","[25.98, 26.49]",43.645626068115234,2026-06
HB_HOUSTON,2026-06-20,DA,41.06500244140625,23.34000015258789,17.72500228881836,"[2, 1]","[39.41, 42.72]","[11, 10]","[23.16, 23.52]",31.170835494995117,2026-06
HB_HOUSTON,2026-06-20,RT,33.50374984741211,6.778749942779541,26.725000381469727,"[2, 1]","[32.74, 34.26]","[10, 8]","[6.53, 7.03]",24.831771850585938,2026-06
HB_HOUSTON,2026-06-21,DA,43.55500030517578,16.46500015258789,27.09000015258789,"[15, 14]","[41.37, 45.74]","[9, 8]","[15.7, 17.23]",28.5362491607666,2026-06
HB_HOUSTON,2026-06-21,RT,36.25250244140625,16.81999969482422,19.43250274658203,"[20, 21]","[35.74, 36.77]","[13, 12]","[15.5, 18.14]",24.021249771118164,2026-06
HB_HOUSTON,2026-06-22,DA,55.52000045776367,19.43000030517578,36.09000015258789,"[23, 21]","[53.47, 57.57]","[9, 10]","[19.01, 19.85]",32.686248779296875,2026-06
HB_HOUSTON,2026-06-22,RT,68.10624694824219,20.626251220703125,47.47999572753906,"[20, 21]","[66.1, 70.12]","[3, 4]","[20.57, 20.68]",34.1236457824707,2026-06
HB_HOUSTON,2026-06-23,DA,43.71500015258789,22.235000610351562,21.479999542236328,"[21, 20]","[43.07, 44.36]","[10, 9]","[21.93, 22.54]",32.23125076293945,2026-06
HB_HOUSTON,2026-06-23,RT,43.647499084472656,23.403749465942383,20.243749618530273,"[18, 19]","[41.33, 45.96]","[9, 10]","[22.43, 24.37]",32.33176803588867,2026-06
HB_HOUSTON,2026-06-24,DA,45.75499725341797,19.950000762939453,25.804996490478516,"[20, 21]","[43.53, 47.98]","[9, 10]","[19.78, 20.12]",29.695831298828125,2026-06
HB_HOUSTON,2026-06-24,RT,45.39374923706055,23.953750610351562,21.439998626708984,"[21, 20]","[44.53, 46.26]","[9, 10]","[23.34, 24.57]",30.04791831970215,2026-06
HB_HOUSTON,2026-06-25,DA,42.75499725341797,19.520000457763672,23.234996795654297,"[20, 21]","[41.28, 44.23]","[9, 10]","[19.18, 19.86]",30.00208282470703,2026-06
HB_HOUSTON,2026-06-25,RT,31.881250381469727,17.127498626708984,14.753751754760742,"[21, 20]","[31.44, 32.32]","[9, 10]","[16.75, 17.51]",25.7457275390625,2026-06
HB_HOUSTON,2026-06-26,DA,40.220001220703125,19.989999771118164,20.23000144958496,"[21, 22]","[39.7, 40.74]","[9, 10]","[19.74, 20.24]",29.58625030517578,2026-06
HB_HOUSTON,2026-06-26,RT,32.95750045776367,15.596250534057617,17.361249923706055,"[20, 3]","[32.65, 33.26]","[10, 9]","[14.68, 16.51]",25.795312881469727,2026-06
HB_HOUSTON,2026-06-27,DA,36.18000030517578,17.204999923706055,18.975000381469727,"[21, 20]","[35.86, 36.5]","[10, 9]","[17.07, 17.34]",26.57708168029785,2026-06
HB_HOUSTON,2026-06-27,RT,50.17124938964844,16.02375030517578,34.147499084472656,"[4, 5]","[32.9, 67.44]","[10, 9]","[15.69, 16.36]",26.314374923706055,2026-06
HB_HOUSTON,2026-06-28,DA,37.529998779296875,17.020000457763672,20.509998321533203,"[20, 21]","[37.4, 37.66]","[10, 9]","[16.58, 17.46]",25.499582290649414,2026-06
HB_HOUSTON,2026-06-28,RT,35.34625244140625,17.454999923706055,17.891252517700195,"[21, 22]","[34.95, 35.74]","[8, 9]","[17.08, 17.83]",25.397918701171875,2026-06
HB_HOUSTON,2026-06-29,DA,39.79999923706055,20.40999984741211,19.389999389648438,"[21, 20]","[39.18, 40.42]","[9, 8]","[19.15, 21.67]",28.62958335876465,2026-06
HB_HOUSTON,2026-06-29,RT,40.98500061035156,20.491249084472656,20.493751525878906,"[16, 15]","[40.5, 41.47]","[8, 5]","[20.25, 20.73]",28.381874084472656,2026-06
HB_HOUSTON,2026-06-30,DA,40.404998779296875,19.845001220703125,20.55999755859375,"[20, 21]","[39.73, 41.08]","[9, 10]","[19.41, 20.28]",28.309585571289062,2026-06
HB_HOUSTON,2026-06-30,RT,39.88874816894531,17.317501068115234,22.571247100830078,"[16, 17]","[38.95, 40.83]","[9, 10]","[17.2, 17.44]",27.79166603088379,2026-06
HB_HOUSTON,2026-07-01,DA,45.87000274658203,18.59000015258789,27.28000259399414,"[20, 21]","[44.79, 46.95]","[9, 10]","[17.37, 19.81]",30.63625144958496,2026-07
HB_HOUSTON,2026-07-01,RT,48.80500030517578,18.192501068115234,30.612499237060547,"[22, 23]","[48.73, 48.88]","[9, 8]","[17.08, 19.31]",31.058855056762695,2026-07
HB_HOUSTON,2026-07-02,DA,46.75,19.954999923706055,26.795000076293945,"[21, 20]","[44.08, 49.42]","[9, 10]","[19.51, 20.4]",29.99541664123535,2026-07
HB_HOUSTON,2026-07-02,RT,32.40625,19.766250610351562,12.639999389648438,"[19, 21]","[32.36, 32.46]","[10, 9]","[19.63, 19.9]",26.350418090820312,2026-07
HB_HOUSTON,2026-07-03,DA,44.55000305175781,17.565000534057617,26.985002517700195,"[21, 20]","[44.2, 44.9]","[10, 9]","[17.52, 17.61]",28.188751220703125,2026-07
HB_HOUSTON,2026-07-03,RT,35.506248474121094,13.262500762939453,22.24374771118164,"[22, 21]","[34.18, 36.83]","[9, 10]","[12.51, 14.02]",24.09479331970215,2026-07
HB_HOUSTON,2026-07-04,DA,49.875,14.854999542236328,35.02000045776367,"[20, 21]","[49.1, 50.65]","[10, 9]","[14.64, 15.07]",27.673751831054688,2026-07
HB_HOUSTON,2026-07-04,RT,51.79375076293945,12.776250839233398,39.01750183105469,"[21, 20]","[50.97, 52.62]","[9, 10]","[11.79, 13.77]",27.20229148864746,2026-07
HB_HOUSTON,2026-07-05,DA,65.77000427246094,18.920000076293945,46.850006103515625,"[23, 21]","[62.15, 69.39]","[10, 9]","[18.72, 19.12]",33.63041687011719,2026-07
HB_HOUSTON,2026-07-05,RT,45.55500030517578,17.896249771118164,27.658750534057617,"[20, 18]","[44.04, 47.07]","[10, 9]","[17.86, 17.93]",27.649269104003906,2026-07
HB_HOUSTON,2026-07-06,DA,68.39999389648438,23.564998626708984,44.83499526977539,"[20, 21]","[65.71, 71.09]","[9, 10]","[23.21, 23.92]",37.44708251953125,2026-07
HB_HOUSTON,2026-07-06,RT,48.19499969482422,22.989999771118164,25.204999923706055,"[21, 23]","[45.85, 50.54]","[9, 10]","[22.11, 23.87]",32.229583740234375,2026-07
HB_HOUSTON,2026-07-07,DA,51.69999694824219,18.68000030517578,33.019996643066406,"[20, 21]","[49.01, 54.39]","[9, 10]","[18.37, 18.99]",31.393333435058594,2026-07
HB_HOUSTON,2026-07-07,RT,41.71125030517578,22.333751678466797,19.377498626708984,"[22, 21]","[40.66, 42.76]","[9, 10]","[20.86, 23.81]",32.23197555541992,2026-07
HB_HOUSTON,2026-07-08,DA,43.150001525878906,16.514999389648438,26.63500213623047,"[21, 20]","[42.96, 43.34]","[9, 10]","[16.44, 16.59]",28.472915649414062,2026-07
HB_HOUSTON,2026-07-08,RT,53.349998474121094,17.544998168945312,35.80500030517578,"[21, 22]","[45.64, 61.06]","[9, 10]","[16.77, 18.32]",27.226667404174805,2026-07
HB_HOUSTON,2026-07-09,DA,40.69000244140625,17.560001373291016,23.130001068115234,"[20, 21]","[39.79, 41.59]","[9, 10]","[17.36, 17.76]",27.775833129882812,2026-07
HB_HOUSTON,2026-07-09,RT,45.897499084472656,16.591249465942383,29.306249618530273,"[20, 22]","[45.86, 45.93]","[9, 8]","[15.63, 17.55]",27.162811279296875,2026-07
HB_HOUSTON,2026-07-10,DA,40.75,18.674999237060547,22.075000762939453,"[22, 21]","[39.49, 42.01]","[10, 9]","[18.6, 18.75]",27.877500534057617,2026-07
HB_HOUSTON,2026-07-10,RT,45.59874725341797,20.90250015258789,24.696247100830078,"[23, 21]","[45.53, 45.67]","[8, 9]","[20.67, 21.14]",29.482812881469727,2026-07
HB_HOUSTON,2026-07-11,DA,42.63500213623047,19.469999313354492,23.165002822875977,"[21, 22]","[41.57, 43.7]","[9, 10]","[18.72, 20.22]",30.260000228881836,2026-07
HB_HOUSTON,2026-07-11,RT,35.748748779296875,18.068750381469727,17.67999839782715,"[2, 21]","[35.61, 35.88]","[12, 13]","[16.04, 20.1]",27.253646850585938,2026-07
HB_HOUSTON,2026-07-12,DA,45.51499938964844,20.229999542236328,25.28499984741211,"[24, 23]","[43.72, 47.31]","[9, 10]","[19.11, 21.35]",30.895416259765625,2026-07
HB_HOUSTON,2026-07-12,RT,37.378753662109375,20.647499084472656,16.73125457763672,"[22, 21]","[36.74, 38.02]","[9, 11]","[20.47, 20.83]",26.037187576293945,2026-07
HB_HOUSTON,2026-07-13,DA,44.525001525878906,27.7450008392334,16.780000686645508,"[21, 20]","[44.51, 44.54]","[12, 13]","[27.45, 28.04]",34.545833587646484,2026-07
HB_HOUSTON,2026-07-13,RT,37.43499755859375,23.450000762939453,13.984996795654297,"[5, 4]","[35.39, 39.48]","[17, 18]","[23.11, 23.79]",29.4836483001709,2026-07
HB_HOUSTON,2026-07-14,DA,36.88999938964844,20.939998626708984,15.950000762939453,"[6, 23]","[35.94, 37.84]","[15, 14]","[20.74, 21.14]",28.416250228881836,2026-07
HB_HOUSTON,2026-07-14,RT,49.772499084472656,19.002498626708984,30.770000457763672,"[24, 23]","[48.85, 50.7]","[18, 17]","[18.33, 19.67]",28.6378116607666,2026-07
HB_HOUSTON,2026-07-15,DA,31.474998474121094,21.075000762939453,10.39999771118164,"[6, 21]","[30.49, 32.46]","[11, 12]","[20.87, 21.28]",26.397085189819336,2026-07
HB_HOUSTON,2026-07-15,RT,39.623748779296875,19.698749542236328,19.924999237060547,"[21, 22]","[39.28, 39.97]","[18, 17]","[18.89, 20.5]",27.3969783782959,2026-07
HB_HOUSTON,2026-07-16,DA,36.375,22.615001678466797,13.759998321533203,"[20, 21]","[35.43, 37.32]","[11, 12]","[22.53, 22.7]",27.580001831054688,2026-07
HB_HOUSTON,2026-07-16,RT,62.29875183105469,24.729999542236328,37.56875228881836,"[16, 17]","[57.59, 67.01]","[10, 9]","[24.02, 25.44]",35.09364700317383,2026-07
HB_HOUSTON,2026-07-17,DA,37.84000015258789,19.770000457763672,18.06999969482422,"[21, 22]","[37.46, 38.22]","[10, 11]","[19.68, 19.86]",26.955419540405273,2026-07
HB_HOUSTON,2026-07-17,RT,50.366249084472656,22.46125030517578,27.904998779296875,"[24, 23]","[41.26, 59.47]","[9, 8]","[22.44, 22.49]",29.459375381469727,2026-07
HB_HOUSTON,2026-07-18,DA,40.334999084472656,16.860000610351562,23.474998474121094,"[20, 21]","[39.13, 41.54]","[10, 11]","[16.81, 16.91]",27.17333221435547,2026-07
HB_HOUSTON,2026-07-18,RT,38.26124954223633,16.260000228881836,22.001249313354492,"[23, 24]","[36.7, 39.82]","[9, 10]","[16.2, 16.32]",25.53093719482422,2026-07
HB_HOUSTON,2026-07-19,DA,46.98999786376953,16.834999084472656,30.154998779296875,"[21, 23]","[46.47, 47.51]","[9, 10]","[16.63, 17.04]",29.763334274291992,2026-07
HB_HOUSTON,2026-07-19,RT,64.98625183105469,20.736249923706055,44.25,"[20, 21]","[64.67, 65.31]","[9, 12]","[20.36, 21.11]",34.289791107177734,2026-07
HB_HOUSTON,2026-07-20,DA,70.36000061035156,18.595001220703125,51.76499938964844,"[21, 20]","[68.25, 72.47]","[9, 10]","[17.7, 19.49]",34.26250076293945,2026-07
HB_HOUSTON,2026-07-20,RT,86.11750030517578,21.029998779296875,65.0875015258789,"[20, 21]","[59.63, 112.61]","[9, 10]","[20.35, 21.71]",33.58510208129883,2026-07
HB_HOUSTON,2026-07-21,DA,197.8699951171875,20.55500030517578,177.31500244140625,"[21, 20]","[188.5, 207.24]","[9, 10]","[19.48, 21.63]",53.67250061035156,2026-07
HB_HOUSTON,2026-07-21,RT,133.65750122070312,21.10124969482422,112.5562515258789,"[21, 20]","[130.5, 136.81]","[9, 11]","[20.74, 21.47]",42.03437423706055,2026-07
HB_HOUSTON,2026-07-22,DA,215.47999572753906,23.990001678466797,191.489990234375,"[20, 21]","[209.62, 221.34]","[9, 10]","[22.94, 25.04]",64.7145767211914,2026-07
HB_HOUSTON,2026-07-22,RT,200.62625122070312,25.506248474121094,175.1199951171875,"[23, 22]","[194.37, 206.88]","[9, 12]","[25.02, 25.99]",61.723331451416016,2026-07
HB_HOUSTON,2026-07-23,DA,54.96500015258789,23.96500015258789,31.0,"[20, 21]","[53.57, 56.36]","[9, 10]","[23.86, 24.07]",38.293331146240234,2026-07
HB_HOUSTON,2026-07-23,RT,57.02874755859375,24.948749542236328,32.07999801635742,"[2, 1]","[54.58, 59.47]","[9, 10]","[24.92, 24.98]",38.02364730834961,2026-07
HB_HOUSTON,2026-07-24,DA,46.91999816894531,26.325000762939453,20.59499740600586,"[15, 14]","[45.08, 48.76]","[9, 10]","[25.51, 27.14]",36.7720832824707,2026-07
HB_HOUSTON,2026-07-24,RT,40.80875015258789,23.78499984741211,17.02375030517578,"[15, 16]","[39.29, 42.33]","[9, 4]","[23.35, 24.22]",30.36114501953125,2026-07
HB_HOUSTON,2026-07-25,DA,45.94000244140625,17.774999618530273,28.165002822875977,"[20, 21]","[44.5, 47.38]","[9, 10]","[17.65, 17.9]",28.725831985473633,2026-07
HB_HOUSTON,2026-07-25,RT,41.561248779296875,14.103750228881836,27.45749855041504,"[21, 22]","[40.36, 42.76]","[11, 10]","[13.96, 14.25]",25.742292404174805,2026-07
HB_HOUSTON,2026-07-26,DA,44.290000915527344,16.799999237060547,27.490001678466797,"[20, 21]","[43.11, 45.47]","[9, 10]","[15.93, 17.67]",27.85333251953125,2026-07
HB_HOUSTON,2026-07-26,RT,39.23875045776367,12.518750190734863,26.720001220703125,"[20, 21]","[38.92, 39.56]","[9, 10]","[12.29, 12.75]",24.591249465942383,2026-07
HB_HOUSTON,2026-07-27,DA,58.61499786376953,18.880001068115234,39.7349967956543,"[20, 21]","[56.47, 60.76]","[9, 8]","[17.36, 20.4]",33.848331451416016,2026-07
HB_HOUSTON,2026-07-27,RT,43.79249954223633,18.09749984741211,25.69499969482422,"[17, 16]","[42.78, 44.81]","[3, 4]","[18.08, 18.11]",27.63802146911621,2026-07
HB_HOUSTON,2026-07-28,DA,58.88999938964844,19.71500015258789,39.17499923706055,"[20, 21]","[55.23, 62.55]","[9, 10]","[18.2, 21.23]",33.93708419799805,2026-07
HB_HOUSTON,2026-07-28,RT,48.51874923706055,20.642499923706055,27.876249313354492,"[20, 21]","[47.48, 49.56]","[4, 5]","[20.54, 20.74]",32.76197814941406,2026-07
HB_HOUSTON,2026-07-29,DA,66.24000549316406,22.755001068115234,43.48500442504883,"[22, 21]","[63.04, 69.44]","[9, 4]","[21.45, 24.06]",36.245418548583984,2026-07
HB_HOUSTON,2026-07-29,RT,50.714996337890625,23.517499923706055,27.19749641418457,"[16, 17]","[50.07, 51.36]","[4, 9]","[23.38, 23.66]",35.444061279296875,2026-07
HB_HOUSTON,2026-07-30,DA,61.654998779296875,24.239999771118164,37.415000915527344,"[22, 21]","[61.27, 62.04]","[9, 4]","[23.91, 24.57]",37.34583282470703,2026-07
HB_HOUSTON,2026-07-30,RT,52.196250915527344,21.59375,30.602500915527344,"[17, 15]","[51.13, 53.26]","[9, 10]","[20.89, 22.3]",33.44968795776367,2026-07
HB_HOUSTON,2026-07-31,DA,90.71499633789062,20.395000457763672,70.31999206542969,"[21, 22]","[88.05, 93.38]","[10, 9]","[20.23, 20.56]",41.95333480834961,2026-07
HB_HOUSTON,2026-07-31,RT,51.26124954223633,20.002500534057617,31.25874900817871,"[16, 21]","[48.69, 53.83]","[9, 8]","[19.9, 20.1]",32.44145584106445,2026-07
HB_HOUSTON,2026-08-01,DA,76.18499755859375,20.880001068115234,55.304996490478516,"[20, 23]","[75.15, 77.22]","[10, 11]","[20.73, 21.03]",38.235836029052734,2026-08
HB_HOUSTON,2026-08-01,RT,50.948753356933594,21.237499237060547,29.711254119873047,"[20, 21]","[46.96, 54.94]","[9, 10]","[20.25, 22.23]",30.35896110534668,2026-08
HB_HOUSTON,2026-08-02,DA,81.47000122070312,17.924999237060547,63.54500198364258,"[21, 20]","[81.42, 81.52]","[10, 9]","[17.77, 18.08]",37.77291488647461,2026-08
HB_HOUSTON,2026-08-02,RT,42.13500213623047,19.221248626708984,22.913753509521484,"[21, 20]","[39.15, 45.12]","[9, 10]","[18.91, 19.53]",29.923126220703125,2026-08
HB_HOUSTON,2026-08-03,DA,47.779998779296875,16.75,31.029998779296875,"[21, 20]","[47.63, 47.93]","[9, 10]","[15.15, 18.35]",29.924997329711914,2026-08
HB_HOUSTON,2026-08-03,RT,42.76374816894531,18.52750015258789,24.236248016357422,"[17, 14]","[39.32, 46.21]","[9, 2]","[16.2, 20.85]",28.105104446411133,2026-08
HB_HOUSTON,2026-08-04,DA,46.30000305175781,17.55500030517578,28.74500274658203,"[16, 22]","[44.47, 48.13]","[9, 4]","[16.37, 18.74]",31.16374969482422,2026-08
HB_HOUSTON,2026-08-04,RT,51.02000045776367,17.896249771118164,33.123748779296875,"[21, 22]","[46.78, 55.26]","[3, 4]","[17.88, 17.92]",31.147916793823242,2026-08
HB_HOUSTON,2026-08-05,DA,43.349998474121094,19.760000228881836,23.589998245239258,"[16, 17]","[42.69, 44.01]","[9, 5]","[18.4, 21.12]",31.010000228881836,2026-08
HB_HOUSTON,2026-08-05,RT,62.03125,21.981250762939453,40.04999923706055,"[21, 22]","[59.45, 64.61]","[10, 9]","[21.75, 22.22]",31.412187576293945,2026-08
HB_HOUSTON,2026-08-06,DA,41.275001525878906,19.764999389648438,21.51000213623047,"[21, 15]","[41.15, 41.4]","[9, 3]","[19.35, 20.18]",30.318334579467773,2026-08
HB_HOUSTON,2026-08-06,RT,64.5562515258789,19.386249542236328,45.17000198364258,"[21, 22]","[54.94, 74.17]","[10, 9]","[18.22, 20.55]",32.12895584106445,2026-08
HB_HOUSTON,2026-08-07,DA,43.97999954223633,18.700000762939453,25.279998779296875,"[21, 20]","[43.78, 44.18]","[9, 10]","[18.52, 18.88]",29.562082290649414,2026-08
HB_HOUSTON,2026-08-07,RT,66.2550048828125,15.217499732971191,51.037506103515625,"[20, 19]","[64.91, 67.6]","[10, 11]","[14.98, 15.45]",33.30437469482422,2026-08
HB_HOUSTON,2026-08-08,DA,41.56999969482422,17.96500015258789,23.604999542236328,"[20, 21]","[41.39, 41.75]","[10, 11]","[17.84, 18.09]",27.1420841217041,2026-08
HB_HOUSTON,2026-08-08,RT,48.811248779296875,21.352500915527344,27.45874786376953,"[22, 20]","[48.05, 49.57]","[9, 10]","[20.96, 21.75]",32.55875015258789,2026-08
HB_HOUSTON,2026-08-09,DA,45.19000244140625,15.585000038146973,29.605003356933594,"[20, 21]","[44.2, 46.18]","[10, 9]","[15.42, 15.75]",27.03041648864746,2026-08
HB_HOUSTON,2026-08-09,RT,55.44750213623047,17.338748931884766,38.1087532043457,"[21, 22]","[53.13, 57.77]","[11, 10]","[17.27, 17.41]",30.982397079467773,2026-08
HB_HOUSTON,2026-08-10,DA,41.86000061035156,18.354999542236328,23.505001068115234,"[20, 21]","[41.58, 42.14]","[10, 9]","[18.28, 18.43]",28.20708465576172,2026-08
HB_HOUSTON,2026-08-10,RT,27.934999465942383,18.329999923706055,9.604999542236328,"[1, 20]","[27.86, 28.01]","[9, 18]","[17.44, 19.22]",23.19426918029785,2026-08
HB_HOUSTON,2026-08-11,DA,40.345001220703125,17.325000762939453,23.020000457763672,"[20, 21]","[38.91, 41.78]","[9, 10]","[16.88, 17.77]",27.769166946411133,2026-08
HB_HOUSTON,2026-08-11,RT,56.40625,15.476249694824219,40.93000030517578,"[20, 22]","[48.19, 64.62]","[9, 10]","[15.12, 15.83]",28.765417098999023,2026-08
HB_HOUSTON,2026-08-12,DA,36.459999084472656,18.010000228881836,18.44999885559082,"[21, 17]","[36.18, 36.74]","[9, 10]","[17.26, 18.76]",27.127500534057617,2026-08
HB_HOUSTON,2026-08-12,RT,54.83625030517578,18.197498321533203,36.63875198364258,"[18, 21]","[52.65, 57.03]","[9, 8]","[16.33, 20.06]",33.13020706176758,2026-08
HB_HOUSTON,2026-08-13,DA,38.71500015258789,19.71500015258789,19.0,"[14, 22]","[38.44, 38.99]","[4, 9]","[19.6, 19.83]",29.01458168029785,2026-08
HB_HOUSTON,2026-08-13,RT,58.881248474121094,17.787498474121094,41.09375,"[20, 21]","[50.17, 67.6]","[9, 10]","[16.99, 18.58]",32.46760177612305,2026-08
HB_HOUSTON,2026-08-14,DA,40.91999816894531,20.689998626708984,20.229999542236328,"[17, 19]","[40.83, 41.01]","[9, 10]","[20.16, 21.22]",30.6391658782959,2026-08
HB_HOUSTON,2026-08-14,RT,34.58124923706055,20.10124969482422,14.479999542236328,"[16, 13]","[31.95, 37.22]","[9, 8]","[19.61, 20.59]",26.065414428710938,2026-08
HB_HOUSTON,2026-08-15,DA,43.92499923706055,16.93000030517578,26.994998931884766,"[22, 20]","[43.85, 44.0]","[10, 9]","[16.06, 17.8]",30.222497940063477,2026-08
HB_HOUSTON,2026-08-15,RT,38.95625305175781,15.748749732971191,23.207504272460938,"[21, 20]","[37.51, 40.41]","[9, 10]","[15.72, 15.77]",28.28801918029785,2026-08
HB_HOUSTON,2026-08-16,DA,61.54499816894531,14.760000228881836,46.784996032714844,"[21, 20]","[59.61, 63.48]","[10, 11]","[14.17, 15.35]",31.471670150756836,2026-08
HB_HOUSTON,2026-08-16,RT,79.08250427246094,16.571250915527344,62.511253356933594,"[20, 21]","[72.19, 85.98]","[10, 11]","[16.25, 16.89]",33.4609375,2026-08
HB_HOUSTON,2026-08-17,DA,117.125,21.385000228881836,95.73999786376953,"[20, 22]","[115.42, 118.83]","[10, 9]","[21.17, 21.6]",45.22499465942383,2026-08
HB_HOUSTON,2026-08-17,RT,230.9737548828125,18.77375030517578,212.20001220703125,"[20, 21]","[181.01, 280.93]","[10, 9]","[18.09, 19.46]",49.74187088012695,2026-08
HB_HOUSTON,2026-08-18,DA,70.58499908447266,19.239999771118164,51.345001220703125,"[20, 21]","[69.61, 71.56]","[10, 9]","[19.08, 19.4]",35.704166412353516,2026-08
HB_HOUSTON,2026-08-18,RT,83.00625610351562,15.34749984741211,67.65875244140625,"[21, 20]","[76.0, 90.02]","[11, 10]","[15.31, 15.39]",31.51416778564453,2026-08
HB_HOUSTON,2026-08-19,DA,88.0250015258789,17.364999771118164,70.66000366210938,"[21, 20]","[87.9, 88.15]","[9, 10]","[17.3, 17.43]",36.25416564941406,2026-08
HB_HOUSTON,2026-08-19,RT,52.69124984741211,15.34375,37.34749984741211,"[19, 20]","[51.06, 54.32]","[10, 9]","[14.68, 16.01]",27.061769485473633,2026-08
HB_HOUSTON,2026-08-20,DA,131.15499877929688,20.139999389648438,111.01499938964844,"[21, 20]","[129.47, 132.84]","[10, 9]","[19.93, 20.35]",45.485836029052734,2026-08
HB_HOUSTON,2026-08-20,RT,62.37249755859375,17.11750030517578,45.25499725341797,"[21, 20]","[62.31, 62.43]","[9, 10]","[16.31, 17.92]",30.725936889648438,2026-08
HB_HOUSTON,2026-08-21,DA,110.56500244140625,20.060001373291016,90.5050048828125,"[19, 20]","[103.07, 118.06]","[10, 9]","[19.6, 20.52]",42.32041549682617,2026-08
HB_HOUSTON,2026-08-21,RT,47.15625,22.71875,24.4375,"[21, 20]","[45.07, 49.24]","[9, 12]","[21.23, 24.21]",31.29364585876465,2026-08
HB_HOUSTON,2026-08-22,DA,92.55999755859375,18.275001525878906,74.28499603271484,"[21, 20]","[87.9, 97.22]","[9, 10]","[18.2, 18.35]",37.555416107177734,2026-08
HB_HOUSTON,2026-08-22,RT,161.4499969482422,20.462501525878906,140.98748779296875,"[23, 24]","[110.57, 212.33]","[9, 8]","[19.92, 21.01]",43.41250228881836,2026-08
HB_HOUSTON,2026-08-23,DA,70.33999633789062,17.145000457763672,53.19499588012695,"[21, 20]","[64.12, 76.56]","[10, 11]","[16.61, 17.68]",33.245418548583984,2026-08
HB_HOUSTON,2026-08-23,RT,307.39373779296875,22.09000015258789,285.3037414550781,"[21, 22]","[283.17, 331.62]","[12, 11]","[21.7, 22.48]",66.72604370117188,2026-08
HB_HOUSTON,2026-08-24,DA,73.60499572753906,17.880001068115234,55.72499465942383,"[21, 20]","[72.5, 74.71]","[10, 9]","[17.56, 18.2]",35.272918701171875,2026-08
HB_HOUSTON,2026-08-24,RT,78.92750549316406,16.44499969482422,62.482505798339844,"[21, 20]","[68.88, 88.97]","[10, 11]","[16.44, 16.45]",31.101770401000977,2026-08
HB_HOUSTON,2026-08-25,DA,94.45500183105469,19.739999771118164,74.71500396728516,"[21, 20]","[92.87, 96.04]","[10, 9]","[19.43, 20.05]",36.651248931884766,2026-08
HB_HOUSTON,2026-08-25,RT,68.49749755859375,20.423751831054688,48.07374572753906,"[19, 18]","[63.4, 73.6]","[5, 4]","[19.93, 20.92]",34.59979248046875,2026-08
HB_HOUSTON,2026-08-26,DA,139.38499450683594,25.310001373291016,114.07499694824219,"[20, 22]","[136.48, 142.29]","[10, 11]","[25.01, 25.61]",53.49333190917969,2026-08
HB_HOUSTON,2026-08-26,RT,453.9900207519531,27.061250686645508,426.92877197265625,"[22, 23]","[381.89, 526.09]","[2, 1]","[27.04, 27.08]",109.6227035522461,2026-08
HB_HOUSTON,2026-08-27,DA,101.76000213623047,26.415000915527344,75.34500122070312,"[22, 21]","[100.47, 103.05]","[10, 9]","[25.88, 26.95]",51.8529167175293,2026-08
HB_HOUSTON,2026-08-27,RT,95.8187484741211,21.78874969482422,74.02999877929688,"[20, 21]","[94.33, 97.31]","[12, 11]","[21.08, 22.5]",46.09031295776367,2026-08
HB_HOUSTON,2026-08-28,DA,77.12000274658203,22.514999389648438,54.605003356933594,"[21, 20]","[72.94, 81.3]","[10, 11]","[22.24, 22.79]",41.69791793823242,2026-08
HB_HOUSTON,2026-08-28,RT,62.48500061035156,22.84000015258789,39.64500045776367,"[6, 7]","[61.04, 63.93]","[23, 24]","[22.8, 22.89]",36.85062789916992,2026-08
HB_HOUSTON,2026-08-29,DA,60.05999755859375,17.5,42.55999755859375,"[21, 20]","[57.93, 62.19]","[10, 9]","[17.16, 17.84]",32.133750915527344,2026-08
HB_HOUSTON,2026-08-29,RT,51.27750015258789,15.647500038146973,35.630001068115234,"[20, 21]","[49.61, 52.94]","[10, 11]","[15.02, 16.27]",29.526145935058594,2026-08
HB_HOUSTON,2026-08-30,DA,52.77000045776367,14.114999771118164,38.654998779296875,"[21, 20]","[49.73, 55.81]","[10, 9]","[13.5, 14.73]",27.52166748046875,2026-08
HB_HOUSTON,2026-08-30,RT,98.10124969482422,16.611249923706055,81.48999786376953,"[21, 20]","[77.57, 118.64]","[10, 11]","[16.22, 17.0]",36.832916259765625,2026-08
HB_HOUSTON,2026-08-31,DA,64.875,18.834999084472656,46.040000915527344,"[21, 20]","[62.21, 67.54]","[9, 10]","[18.54, 19.13]",32.9466667175293,2026-08
HB_HOUSTON,2026-08-31,RT,73.54374694824219,21.172500610351562,52.371246337890625,"[20, 21]","[71.96, 75.13]","[10, 4]","[20.72, 21.63]",39.46645736694336,2026-08
HB_SOUTH,2026-06-01,DA,68.64500427246094,20.625,48.02000427246094,"[22, 21]","[67.18, 70.11]","[9, 10]","[19.76, 21.49]",37.091251373291016,2026-06
HB_SOUTH,2026-06-01,RT,52.67499923706055,18.325000762939453,34.349998474121094,"[21, 1]","[52.48, 52.87]","[9, 8]","[17.62, 19.03]",32.859683990478516,2026-06
HB_SOUTH,2026-06-02,DA,47.51499938964844,20.65999984741211,26.854999542236328,"[21, 22]","[47.43, 47.6]","[10, 9]","[20.62, 20.7]",32.5654182434082,2026-06
HB_SOUTH,2026-06-02,RT,40.73999786376953,21.60124969482422,19.138748168945312,"[21, 17]","[40.7, 40.78]","[9, 10]","[21.42, 21.78]",32.20656204223633,2026-06
HB_SOUTH,2026-06-03,DA,56.55500030517578,26.375,30.18000030517578,"[22, 21]","[56.5, 56.61]","[13, 11]","[26.12, 26.63]",35.83333206176758,2026-06
HB_SOUTH,2026-06-03,RT,47.13999938964844,25.875,21.264999389648438,"[14, 13]","[46.56, 47.72]","[2, 10]","[25.86, 25.89]",35.05812454223633,2026-06
HB_SOUTH,2026-06-04,DA,44.11499786376953,23.674999237060547,20.439998626708984,"[20, 21]","[43.46, 44.77]","[9, 10]","[23.25, 24.1]",30.3558349609375,2026-06
HB_SOUTH,2026-06-04,RT,80.94125366210938,25.77750015258789,55.163753509521484,"[22, 21]","[79.96, 81.92]","[12, 10]","[24.81, 26.75]",39.002498626708984,2026-06
HB_SOUTH,2026-06-05,DA,41.78499984741211,23.334999084472656,18.450000762939453,"[21, 22]","[41.56, 42.01]","[1, 2]","[22.78, 23.89]",32.45375061035156,2026-06
HB_SOUTH,2026-06-05,RT,68.76625061035156,28.408750534057617,40.35749816894531,"[18, 17]","[65.4, 72.13]","[14, 5]","[27.37, 29.45]",43.09687423706055,2026-06
HB_SOUTH,2026-06-06,DA,50.56999969482422,24.530000686645508,26.03999900817871,"[21, 22]","[49.77, 51.37]","[11, 12]","[24.37, 24.69]",33.25208282470703,2026-06
HB_SOUTH,2026-06-06,RT,146.13626098632812,23.292499542236328,122.84376525878906,"[23, 22]","[129.78, 162.49]","[16, 14]","[21.1, 25.49]",59.909061431884766,2026-06
HB_SOUTH,2026-06-07,DA,35.55500030517578,17.139999389648438,18.415000915527344,"[20, 21]","[35.0, 36.11]","[12, 11]","[17.03, 17.25]",25.751251220703125,2026-06
HB_SOUTH,2026-06-07,RT,56.23875045776367,20.700000762939453,35.53874969482422,"[19, 20]","[55.47, 57.01]","[12, 9]","[20.58, 20.83]",32.989479064941406,2026-06
HB_SOUTH,2026-06-08,DA,37.78499984741211,18.28499984741211,19.5,"[21, 20]","[36.3, 39.27]","[12, 13]","[18.21, 18.36]",24.512083053588867,2026-06
HB_SOUTH,2026-06-08,RT,33.313751220703125,12.762499809265137,20.551250457763672,"[21, 20]","[32.32, 34.31]","[14, 13]","[12.7, 12.82]",24.52520751953125,2026-06
HB_SOUTH,2026-06-09,DA,43.459999084472656,18.349998474121094,25.110000610351562,"[20, 21]","[42.69, 44.23]","[10, 11]","[18.32, 18.38]",27.152084350585938,2026-06
HB_SOUTH,2026-06-09,RT,44.811248779296875,15.425000190734863,29.386249542236328,"[21, 20]","[43.18, 46.44]","[13, 12]","[15.43, 15.43]",25.731874465942383,2026-06
HB_SOUTH,2026-06-10,DA,39.029998779296875,20.854999542236328,18.174999237060547,"[20, 21]","[38.54, 39.52]","[11, 10]","[20.6, 21.11]",27.686248779296875,2026-06
HB_SOUTH,2026-06-10,RT,36.94750213623047,14.440000534057617,22.50750160217285,"[21, 20]","[36.24, 37.65]","[13, 17]","[14.27, 14.61]",23.16062355041504,2026-06
HB_SOUTH,2026-06-11,DA,54.5,17.869998931884766,36.630001068115234,"[22, 23]","[54.0, 55.0]","[11, 10]","[17.39, 18.35]",29.4325008392334,2026-06
HB_SOUTH,2026-06-11,RT,55.587501525878906,13.257499694824219,42.33000183105469,"[21, 22]","[54.09, 57.08]","[15, 17]","[12.91, 13.6]",25.466354370117188,2026-06
HB_SOUTH,2026-06-12,DA,47.650001525878906,23.549999237060547,24.10000228881836,"[20, 21]","[46.56, 48.74]","[11, 10]","[23.38, 23.72]",31.783750534057617,2026-06
HB_SOUTH,2026-06-12,RT,41.97624969482422,22.858749389648438,19.11750030517578,"[13, 7]","[41.62, 42.33]","[17, 18]","[21.92, 23.8]",32.27958297729492,2026-06
HB_SOUTH,2026-06-13,DA,36.70500183105469,16.15999984741211,20.545001983642578,"[22, 21]","[36.36, 37.05]","[9, 10]","[15.69, 16.63]",24.02833366394043,2026-06
HB_SOUTH,2026-06-13,RT,34.42375183105469,16.13249969482422,18.29125213623047,"[20, 21]","[33.33, 35.51]","[10, 11]","[15.89, 16.38]",24.194793701171875,2026-06
HB_SOUTH,2026-06-14,DA,43.38500213623047,21.84000015258789,21.545001983642578,"[22, 23]","[41.77, 45.0]","[10, 11]","[21.61, 22.07]",28.440832138061523,2026-06
HB_SOUTH,2026-06-14,RT,59.27124786376953,17.832500457763672,41.43874740600586,"[20, 21]","[53.68, 64.86]","[15, 14]","[17.73, 17.93]",31.803436279296875,2026-06
HB_SOUTH,2026-06-15,DA,58.470001220703125,27.520000457763672,30.950000762939453,"[21, 22]","[57.75, 59.19]","[13, 12]","[27.18, 27.86]",36.8529167175293,2026-06
HB_SOUTH,2026-06-15,RT,67.86874389648438,28.135000228881836,39.733741760253906,"[21, 20]","[64.02, 71.72]","[16, 15]","[26.9, 29.37]",46.6689567565918,2026-06
HB_SOUTH,2026-06-16,DA,52.775001525878906,26.09000015258789,26.685001373291016,"[20, 21]","[52.41, 53.14]","[10, 24]","[26.07, 26.11]",35.628334045410156,2026-06
HB_SOUTH,2026-06-16,RT,45.438751220703125,24.06999969482422,21.368751525878906,"[5, 6]","[44.66, 46.22]","[15, 14]","[23.94, 24.2]",34.65645980834961,2026-06
HB_SOUTH,2026-06-17,DA,45.04499816894531,20.889999389648438,24.154998779296875,"[20, 21]","[44.85, 45.24]","[9, 4]","[20.16, 21.62]",30.181665420532227,2026-06
HB_SOUTH,2026-06-17,RT,42.96500015258789,20.05875015258789,22.90625,"[17, 20]","[39.48, 46.45]","[13, 9]","[19.51, 20.61]",28.248022079467773,2026-06
HB_SOUTH,2026-06-18,DA,59.13500213623047,17.885000228881836,41.25,"[20, 21]","[58.37, 59.9]","[10, 9]","[17.82, 17.95]",30.989999771118164,2026-06
HB_SOUTH,2026-06-18,RT,67.9124984741211,14.881250381469727,53.03125,"[18, 24]","[59.33, 76.5]","[11, 10]","[13.31, 16.45]",35.556461334228516,2026-06
HB_SOUTH,2026-06-19,DA,67.26499938964844,27.565000534057617,39.69999694824219,"[22, 23]","[65.82, 68.71]","[11, 10]","[27.09, 28.04]",40.007083892822266,2026-06
HB_SOUTH,2026-06-19,RT,64.26875305175781,25.99250030517578,38.27625274658203,"[21, 1]","[56.64, 71.89]","[12, 15]","[25.92, 26.07]",37.6584358215332,2026-06
HB_SOUTH,2026-06-20,DA,41.67499923706055,22.450000762939453,19.224998474121094,"[2, 1]","[39.91, 43.44]","[12, 11]","[22.23, 22.67]",30.39166831970215,2026-06
HB_SOUTH,2026-06-20,RT,35.28874969482422,24.087499618530273,11.201250076293945,"[2, 1]","[34.88, 35.7]","[6, 5]","[24.05, 24.12]",27.686874389648438,2026-06
HB_SOUTH,2026-06-21,DA,37.61499786376953,16.685001373291016,20.929996490478516,"[21, 22]","[36.16, 39.07]","[11, 9]","[16.68, 16.69]",23.741666793823242,2026-06
HB_SOUTH,2026-06-21,RT,35.30249786376953,16.362499237060547,18.939998626708984,"[20, 21]","[34.68, 35.92]","[13, 14]","[15.67, 17.06]",23.431665420532227,2026-06
HB_SOUTH,2026-06-22,DA,52.970001220703125,16.869998931884766,36.10000228881836,"[23, 21]","[50.58, 55.36]","[11, 10]","[16.64, 17.1]",27.714582443237305,2026-06
HB_SOUTH,2026-06-22,RT,65.15625,19.292499542236328,45.86375045776367,"[20, 21]","[63.52, 66.79]","[11, 3]","[18.85, 19.74]",31.668230056762695,2026-06
HB_SOUTH,2026-06-23,DA,43.28499984741211,20.96500015258789,22.31999969482422,"[21, 20]","[42.4, 44.17]","[11, 10]","[20.83, 21.1]",29.655000686645508,2026-06
HB_SOUTH,2026-06-23,RT,39.381248474121094,15.71500015258789,23.666248321533203,"[22, 23]","[38.33, 40.43]","[15, 14]","[15.11, 16.32]",26.87822914123535,2026-06
HB_SOUTH,2026-06-24,DA,43.904998779296875,18.46500015258789,25.439998626708984,"[22, 21]","[41.83, 45.98]","[10, 11]","[18.39, 18.54]",27.005416870117188,2026-06
HB_SOUTH,2026-06-24,RT,43.53874969482422,18.997499465942383,24.541250228881836,"[21, 20]","[43.36, 43.72]","[13, 17]","[18.78, 19.21]",27.62468719482422,2026-06
HB_SOUTH,2026-06-25,DA,39.875,18.134998321533203,21.740001678466797,"[22, 21]","[38.08, 41.67]","[11, 10]","[17.97, 18.3]",25.952919006347656,2026-06
HB_SOUTH,2026-06-25,RT,31.345001220703125,14.063749313354492,17.281251907348633,"[21, 20]","[31.33, 31.36]","[12, 10]","[13.9, 14.23]",23.393539428710938,2026-06
HB_SOUTH,2026-06-26,DA,39.05999755859375,16.650001525878906,22.409996032714844,"[21, 22]","[38.32, 39.8]","[11, 12]","[16.12, 17.18]",25.56416893005371,2026-06
HB_SOUTH,2026-06-26,RT,32.83374786376953,10.743749618530273,22.089998245239258,"[20, 3]","[32.58, 33.09]","[12, 10]","[8.37, 13.12]",22.3167724609375,2026-06
HB_SOUTH,2026-06-27,DA,34.849998474121094,14.920000076293945,19.92999839782715,"[21, 20]","[34.68, 35.02]","[11, 10]","[14.81, 15.03]",23.861665725708008,2026-06
HB_SOUTH,2026-06-27,RT,48.77625274658203,12.34375,36.43250274658203,"[4, 5]","[32.57, 64.99]","[10, 11]","[12.03, 12.65]",23.832189559936523,2026-06
HB_SOUTH,2026-06-28,DA,35.87000274658203,13.915000915527344,21.955001831054688,"[20, 21]","[35.5, 36.24]","[10, 11]","[13.81, 14.02]",22.3920841217041,2026-06
HB_SOUTH,2026-06-28,RT,32.25250244140625,5.885000228881836,26.367502212524414,"[22, 21]","[32.14, 32.36]","[11, 12]","[5.72, 6.05]",19.021146774291992,2026-06
HB_SOUTH,2026-06-29,DA,36.775001525878906,12.84000015258789,23.935001373291016,"[21, 20]","[36.29, 37.26]","[11, 12]","[11.85, 13.83]",23.281667709350586,2026-06
HB_SOUTH,2026-06-29,RT,29.376249313354492,6.117500305175781,23.25874900817871,"[22, 21]","[29.15, 29.6]","[11, 12]","[5.93, 6.31]",18.3359375,2026-06
HB_SOUTH,2026-06-30,DA,38.85499954223633,16.979999542236328,21.875,"[22, 21]","[37.89, 39.82]","[11, 12]","[16.89, 17.07]",25.309999465942383,2026-06
HB_SOUTH,2026-06-30,RT,34.32500076293945,17.43375015258789,16.891250610351562,"[20, 21]","[32.59, 36.06]","[10, 13]","[17.39, 17.48]",22.535104751586914,2026-06
HB_SOUTH,2026-07-01,DA,45.58000183105469,17.139999389648438,28.44000244140625,"[20, 21]","[44.28, 46.88]","[10, 9]","[16.97, 17.31]",26.86625099182129,2026-07
HB_SOUTH,2026-07-01,RT,48.80500030517578,15.896249771118164,32.90875244140625,"[22, 23]","[48.73, 48.88]","[12, 15]","[15.85, 15.94]",25.592498779296875,2026-07
HB_SOUTH,2026-07-02,DA,46.37999725341797,21.244998931884766,25.134998321533203,"[21, 20]","[43.96, 48.8]","[9, 11]","[20.39, 22.1]",28.896249771118164,2026-07
HB_SOUTH,2026-07-02,RT,32.881248474121094,18.813751220703125,14.067497253417969,"[21, 16]","[31.73, 34.04]","[11, 10]","[18.52, 19.11]",25.920623779296875,2026-07
HB_SOUTH,2026-07-03,DA,44.084999084472656,18.06999969482422,26.014999389648438,"[21, 20]","[44.07, 44.1]","[10, 9]","[18.0, 18.14]",26.778749465942383,2026-07
HB_SOUTH,2026-07-03,RT,35.037498474121094,10.231249809265137,24.80624771118164,"[22, 21]","[33.78, 36.29]","[11, 10]","[10.02, 10.44]",22.620939254760742,2026-07
HB_SOUTH,2026-07-04,DA,48.720001220703125,15.539999961853027,33.18000030517578,"[22, 21]","[47.62, 49.82]","[9, 10]","[15.29, 15.79]",26.517919540405273,2026-07
HB_SOUTH,2026-07-04,RT,46.01625061035156,12.611249923706055,33.404998779296875,"[21, 20]","[45.18, 46.85]","[10, 9]","[11.69, 13.53]",25.0873966217041,2026-07
HB_SOUTH,2026-07-05,DA,62.48999786376953,18.924999237060547,43.564998626708984,"[23, 21]","[60.21, 64.77]","[10, 9]","[18.72, 19.13]",32.43666458129883,2026-07
HB_SOUTH,2026-07-05,RT,45.938751220703125,17.896249771118164,28.04250144958496,"[18, 20]","[42.56, 49.32]","[10, 9]","[17.86, 17.93]",27.985937118530273,2026-07
HB_SOUTH,2026-07-06,DA,64.83000183105469,23.564998626708984,41.2650032043457,"[20, 21]","[61.84, 67.82]","[9, 10]","[23.22, 23.91]",36.78791809082031,2026-07
HB_SOUTH,2026-07-06,RT,47.58125305175781,22.31999969482422,25.261253356933594,"[22, 23]","[45.05, 50.11]","[9, 18]","[22.11, 22.53]",31.88374900817871,2026-07
HB_SOUTH,2026-07-07,DA,50.19499969482422,18.360000610351562,31.834999084472656,"[20, 21]","[47.55, 52.84]","[9, 10]","[18.18, 18.54]",30.792083740234375,2026-07
HB_SOUTH,2026-07-07,RT,40.29499816894531,22.21875,18.076248168945312,"[21, 7]","[40.22, 40.37]","[9, 10]","[20.86, 23.58]",31.734582901000977,2026-07
HB_SOUTH,2026-07-08,DA,42.38500213623047,16.510000228881836,25.875001907348633,"[20, 21]","[42.23, 42.54]","[9, 10]","[16.41, 16.61]",25.945831298828125,2026-07
HB_SOUTH,2026-07-08,RT,48.97374725341797,15.643750190734863,33.32999801635742,"[21, 22]","[42.7, 55.25]","[12, 11]","[15.57, 15.72]",26.549375534057617,2026-07
HB_SOUTH,2026-07-09,DA,39.834999084472656,15.255000114440918,24.579998016357422,"[20, 21]","[39.11, 40.56]","[12, 11]","[15.21, 15.3]",24.138334274291992,2026-07
HB_SOUTH,2026-07-09,RT,48.08000183105469,14.043749809265137,34.036251068115234,"[21, 22]","[44.57, 51.59]","[15, 17]","[13.03, 15.05]",24.03916358947754,2026-07
HB_SOUTH,2026-07-10,DA,40.37000274658203,17.854999542236328,22.515003204345703,"[22, 21]","[39.29, 41.45]","[11, 10]","[17.7, 18.01]",26.269166946411133,2026-07
HB_SOUTH,2026-07-10,RT,43.30875015258789,13.487500190734863,29.821250915527344,"[22, 23]","[40.85, 45.77]","[18, 16]","[12.35, 14.62]",24.505935668945312,2026-07
HB_SOUTH,2026-07-11,DA,42.64500045776367,19.459999084472656,23.185001373291016,"[21, 22]","[41.39, 43.9]","[9, 10]","[18.71, 20.21]",29.51125144958496,2026-07
HB_SOUTH,2026-07-11,RT,35.39125061035156,17.18000030517578,18.21125030517578,"[1, 2]","[35.17, 35.62]","[12, 18]","[15.97, 18.39]",26.7542724609375,2026-07
HB_SOUTH,2026-07-12,DA,44.970001220703125,20.25,24.720001220703125,"[24, 23]","[43.67, 46.27]","[9, 10]","[19.14, 21.36]",30.53999900817871,2026-07
HB_SOUTH,2026-07-12,RT,36.712501525878906,20.647499084472656,16.06500244140625,"[24, 21]","[36.35, 37.07]","[9, 11]","[20.47, 20.83]",25.8721866607666,2026-07
HB_SOUTH,2026-07-13,DA,42.970001220703125,27.645000457763672,15.325000762939453,"[20, 21]","[42.92, 43.02]","[12, 13]","[27.43, 27.86]",34.03499984741211,2026-07
HB_SOUTH,2026-07-13,RT,36.77000045776367,23.178749084472656,13.591251373291016,"[5, 4]","[34.03, 39.51]","[17, 18]","[22.77, 23.59]",29.00385284423828,2026-07
HB_SOUTH,2026-07-14,DA,36.65999984741211,19.670000076293945,16.989999771118164,"[1, 23]","[36.05, 37.27]","[15, 16]","[19.36, 19.98]",27.73000144958496,2026-07
HB_SOUTH,2026-07-14,RT,46.613746643066406,17.991249084472656,28.62249755859375,"[24, 23]","[45.19, 48.04]","[18, 17]","[17.72, 18.26]",26.621042251586914,2026-07
HB_SOUTH,2026-07-15,DA,30.119998931884766,20.275001525878906,9.84499740600586,"[22, 21]","[28.96, 31.28]","[11, 12]","[20.1, 20.45]",24.950834274291992,2026-07
HB_SOUTH,2026-07-15,RT,38.540000915527344,19.112499237060547,19.427501678466797,"[21, 22]","[38.12, 38.97]","[18, 17]","[18.09, 20.13]",26.67937660217285,2026-07
HB_SOUTH,2026-07-16,DA,35.154998779296875,14.954999923706055,20.19999885559082,"[22, 21]","[34.16, 36.15]","[15, 14]","[14.82, 15.09]",24.17125129699707,2026-07
HB_SOUTH,2026-07-16,RT,38.38624954223633,9.680000305175781,28.706249237060547,"[20, 6]","[37.44, 39.33]","[14, 15]","[9.41, 9.95]",24.947397232055664,2026-07
HB_SOUTH,2026-07-17,DA,37.37000274658203,15.404999732971191,21.965003967285156,"[21, 22]","[36.88, 37.86]","[12, 13]","[15.37, 15.44]",23.73291778564453,2026-07
HB_SOUTH,2026-07-17,RT,48.56500244140625,1.965000033378601,46.60000228881836,"[24, 23]","[40.28, 56.85]","[13, 14]","[1.85, 2.08]",19.358125686645508,2026-07
HB_SOUTH,2026-07-18,DA,38.47999954223633,12.825000762939453,25.654998779296875,"[20, 21]","[37.12, 39.84]","[11, 12]","[12.38, 13.27]",22.650833129882812,2026-07
HB_SOUTH,2026-07-18,RT,35.712501525878906,2.619999885559082,33.09250259399414,"[23, 24]","[34.26, 37.17]","[12, 13]","[1.88, 3.36]",18.908540725708008,2026-07
HB_SOUTH,2026-07-19,DA,44.595001220703125,14.829999923706055,29.76500129699707,"[21, 23]","[43.27, 45.92]","[11, 13]","[14.39, 15.27]",25.539581298828125,2026-07
HB_SOUTH,2026-07-19,RT,56.10375213623047,13.341249465942383,42.76250457763672,"[20, 21]","[54.93, 57.28]","[13, 12]","[12.99, 13.69]",27.8792724609375,2026-07
HB_SOUTH,2026-07-20,DA,65.33000183105469,15.274999618530273,50.05500030517578,"[21, 20]","[63.72, 66.94]","[11, 10]","[15.16, 15.39]",29.285415649414062,2026-07
HB_SOUTH,2026-07-20,RT,46.44124984741211,14.719999313354492,31.721250534057617,"[21, 20]","[45.93, 46.95]","[11, 10]","[14.71, 14.73]",24.7983341217041,2026-07
HB_SOUTH,2026-07-21,DA,174.97999572753906,18.220001220703125,156.75999450683594,"[21, 20]","[161.15, 188.81]","[10, 11]","[18.17, 18.27]",46.6462516784668,2026-07
HB_SOUTH,2026-07-21,RT,98.96499633789062,17.46875,81.49624633789062,"[21, 23]","[98.71, 99.22]","[11, 12]","[16.89, 18.05]",37.203853607177734,2026-07
HB_SOUTH,2026-07-22,DA,197.1300048828125,21.880001068115234,175.25,"[20, 21]","[192.59, 201.67]","[10, 9]","[21.11, 22.65]",59.05375289916992,2026-07
HB_SOUTH,2026-07-22,RT,203.2362518310547,25.619998931884766,177.6162567138672,"[23, 22]","[198.55, 207.92]","[9, 11]","[25.26, 25.98]",68.5398941040039,2026-07
HB_SOUTH,2026-07-23,DA,53.51000213623047,21.190000534057617,32.31999969482422,"[21, 1]","[52.3, 54.72]","[11, 10]","[20.62, 21.76]",37.4091682434082,2026-07
HB_SOUTH,2026-07-23,RT,75.40750122070312,29.358749389648438,46.04875183105469,"[15, 16]","[73.91, 76.9]","[9, 10]","[26.92, 31.8]",48.71760177612305,2026-07
HB_SOUTH,2026-07-24,DA,42.25499725341797,15.78499984741211,26.46999740600586,"[21, 22]","[42.23, 42.28]","[12, 11]","[15.6, 15.97]",29.027084350585938,2026-07
HB_SOUTH,2026-07-24,RT,33.48749923706055,9.512500762939453,23.974998474121094,"[20, 1]","[32.79, 34.18]","[13, 12]","[9.32, 9.7]",22.368852615356445,2026-07
HB_SOUTH,2026-07-25,DA,45.15999984741211,17.170000076293945,27.989999771118164,"[20, 21]","[44.1, 46.22]","[10, 11]","[16.79, 17.55]",26.66583251953125,2026-07
HB_SOUTH,2026-07-25,RT,40.963748931884766,11.25374984741211,29.709999084472656,"[21, 22]","[39.63, 42.29]","[12, 11]","[10.61, 11.9]",22.5405216217041,2026-07
HB_SOUTH,2026-07-26,DA,43.68000030517578,15.889999389648438,27.790000915527344,"[20, 21]","[42.56, 44.8]","[9, 10]","[15.82, 15.96]",25.803335189819336,2026-07
HB_SOUTH,2026-07-26,RT,37.43499755859375,12.324999809265137,25.109996795654297,"[20, 21]","[36.83, 38.04]","[10, 9]","[12.2, 12.44]",21.25864601135254,2026-07
HB_SOUTH,2026-07-27,DA,52.85499954223633,13.71500015258789,39.13999938964844,"[20, 21]","[50.26, 55.45]","[10, 11]","[12.81, 14.62]",26.6200008392334,2026-07
HB_SOUTH,2026-07-27,RT,34.28624725341797,7.016250133514404,27.269996643066406,"[21, 20]","[33.79, 34.78]","[10, 11]","[6.94, 7.09]",19.11656379699707,2026-07
HB_SOUTH,2026-07-28,DA,54.62000274658203,12.109999656677246,42.51000213623047,"[22, 21]","[51.5, 57.74]","[11, 10]","[11.98, 12.24]",26.075836181640625,2026-07
HB_SOUTH,2026-07-28,RT,46.35375213623047,10.092500686645508,36.261253356933594,"[20, 21]","[45.82, 46.89]","[13, 12]","[9.28, 10.9]",22.873018264770508,2026-07
HB_SOUTH,2026-07-29,DA,61.334999084472656,15.114999771118164,46.220001220703125,"[22, 21]","[59.91, 62.76]","[11, 12]","[15.05, 15.18]",28.55500030517578,2026-07
HB_SOUTH,2026-07-29,RT,44.131248474121094,10.34000015258789,33.7912483215332,"[21, 20]","[44.04, 44.22]","[12, 13]","[10.25, 10.43]",24.788436889648438,2026-07
HB_SOUTH,2026-07-30,DA,58.83000183105469,11.755000114440918,47.07500076293945,"[21, 22]","[57.77, 59.89]","[10, 11]","[11.55, 11.96]",27.7450008392334,2026-07
HB_SOUTH,2026-07-30,RT,41.342498779296875,7.711249828338623,33.631248474121094,"[21, 20]","[39.61, 43.08]","[12, 11]","[7.43, 7.99]",21.793853759765625,2026-07
HB_SOUTH,2026-07-31,DA,81.52999877929688,10.770000457763672,70.75999450683594,"[21, 22]","[76.62, 86.44]","[11, 10]","[10.55, 10.99]",31.684585571289062,2026-07
HB_SOUTH,2026-07-31,RT,54.87874984741211,9.153749465942383,45.724998474121094,"[20, 21]","[53.81, 55.94]","[12, 13]","[8.49, 9.82]",24.004165649414062,2026-07
HB_SOUTH,2026-08-01,DA,74.73500061035156,19.924999237060547,54.810001373291016,"[20, 23]","[73.05, 76.42]","[11, 12]","[19.57, 20.28]",38.52750015258789,2026-08
HB_SOUTH,2026-08-01,RT,50.72125244140625,20.393749237060547,30.327503204345703,"[20, 21]","[46.93, 54.51]","[14, 13]","[19.8, 20.99]",30.738122940063477,2026-08
HB_SOUTH,2026-08-02,DA,83.1300048828125,18.450000762939453,64.68000793457031,"[21, 20]","[82.44, 83.82]","[10, 9]","[18.31, 18.59]",41.445831298828125,2026-08
HB_SOUTH,2026-08-02,RT,45.14500045776367,21.27375030517578,23.87125015258789,"[19, 20]","[41.4, 48.9]","[13, 9]","[21.25, 21.3]",31.848854064941406,2026-08
HB_SOUTH,2026-08-03,DA,47.279998779296875,15.699999809265137,31.579998016357422,"[20, 21]","[47.16, 47.4]","[9, 10]","[15.65, 15.75]",25.987083435058594,2026-08
HB_SOUTH,2026-08-03,RT,32.69499969482422,13.842499732971191,18.852500915527344,"[21, 20]","[32.61, 32.78]","[18, 17]","[13.42, 14.27]",21.56114387512207,2026-08
HB_SOUTH,2026-08-04,DA,45.26499938964844,12.010000228881836,33.25499725341797,"[21, 22]","[43.43, 47.1]","[10, 11]","[11.98, 12.04]",22.255416870117188,2026-08
HB_SOUTH,2026-08-04,RT,49.3125,5.516250133514404,43.79624938964844,"[21, 22]","[45.21, 53.42]","[12, 11]","[5.49, 5.55]",19.66114616394043,2026-08
HB_SOUTH,2026-08-05,DA,39.974998474121094,12.184999465942383,27.78999900817871,"[20, 21]","[39.59, 40.36]","[10, 11]","[12.09, 12.28]",22.547082901000977,2026-08
HB_SOUTH,2026-08-05,RT,59.27750015258789,12.651249885559082,46.626251220703125,"[21, 22]","[56.55, 62.01]","[13, 14]","[12.59, 12.71]",25.792917251586914,2026-08
HB_SOUTH,2026-08-06,DA,39.96500015258789,13.680000305175781,26.28499984741211,"[22, 21]","[39.63, 40.3]","[10, 11]","[13.56, 13.8]",23.635000228881836,2026-08
HB_SOUTH,2026-08-06,RT,59.528751373291016,12.613750457763672,46.915000915527344,"[21, 22]","[50.35, 68.71]","[12, 11]","[11.16, 14.07]",28.8671875,2026-08
HB_SOUTH,2026-08-07,DA,43.0,17.084999084472656,25.915000915527344,"[22, 20]","[42.98, 43.02]","[10, 11]","[16.7, 17.47]",26.738332748413086,2026-08
HB_SOUTH,2026-08-07,RT,57.21624755859375,16.458749771118164,40.75749969482422,"[19, 20]","[55.06, 59.38]","[10, 11]","[16.2, 16.72]",30.5476016998291,2026-08
HB_SOUTH,2026-08-08,DA,41.28499984741211,18.639999389648438,22.645000457763672,"[20, 21]","[40.89, 41.68]","[10, 9]","[18.39, 18.89]",27.779998779296875,2026-08
HB_SOUTH,2026-08-08,RT,47.76374816894531,21.377500534057617,26.386247634887695,"[20, 22]","[47.01, 48.52]","[9, 10]","[21.01, 21.74]",33.084896087646484,2026-08
HB_SOUTH,2026-08-09,DA,45.345001220703125,16.559999465942383,28.785001754760742,"[22, 21]","[44.52, 46.17]","[9, 10]","[16.15, 16.97]",27.835832595825195,2026-08
HB_SOUTH,2026-08-09,RT,53.63500213623047,18.042499542236328,35.59250259399414,"[21, 22]","[51.1, 56.17]","[9, 10]","[17.73, 18.36]",30.852083206176758,2026-08
HB_SOUTH,2026-08-10,DA,40.09000015258789,17.84000015258789,22.25,"[22, 21]","[39.49, 40.69]","[10, 11]","[17.72, 17.96]",25.34583282470703,2026-08
HB_SOUTH,2026-08-10,RT,27.352500915527344,17.658750534057617,9.693750381469727,"[20, 1]","[26.84, 27.86]","[9, 18]","[17.43, 17.89]",22.9047908782959,2026-08
HB_SOUTH,2026-08-11,DA,38.36000061035156,12.854999542236328,25.505001068115234,"[22, 21]","[36.65, 40.07]","[11, 10]","[12.47, 13.24]",22.162500381469727,2026-08
HB_SOUTH,2026-08-11,RT,52.44999694824219,9.40250015258789,43.0474967956543,"[21, 22]","[43.05, 61.85]","[13, 14]","[8.04, 10.77]",21.855623245239258,2026-08
HB_SOUTH,2026-08-12,DA,32.685001373291016,10.925000190734863,21.76000213623047,"[22, 21]","[32.22, 33.15]","[11, 12]","[10.06, 11.79]",20.67041778564453,2026-08
HB_SOUTH,2026-08-12,RT,50.19499969482422,12.780000686645508,37.415000915527344,"[20, 21]","[46.46, 53.94]","[12, 11]","[12.45, 13.11]",23.32676887512207,2026-08
HB_SOUTH,2026-08-13,DA,35.91999816894531,9.049999237060547,26.869998931884766,"[21, 22]","[34.62, 37.22]","[11, 10]","[8.53, 9.57]",20.566247940063477,2026-08
HB_SOUTH,2026-08-13,RT,50.53874969482422,9.31624984741211,41.22249984741211,"[20, 21]","[44.79, 56.28]","[10, 11]","[8.82, 9.81]",24.69801902770996,2026-08
HB_SOUTH,2026-08-14,DA,37.31500244140625,12.71500015258789,24.60000228881836,"[22, 21]","[37.2, 37.43]","[10, 11]","[12.2, 13.23]",22.87583351135254,2026-08
HB_SOUTH,2026-08-14,RT,28.916250228881836,11.241250038146973,17.674999237060547,"[21, 20]","[28.88, 28.96]","[11, 12]","[10.6, 11.89]",20.80323028564453,2026-08
HB_SOUTH,2026-08-15,DA,42.44499969482422,15.485000610351562,26.959999084472656,"[21, 22]","[42.08, 42.81]","[10, 11]","[15.35, 15.62]",25.035415649414062,2026-08
HB_SOUTH,2026-08-15,RT,37.81749725341797,14.633749961853027,23.183746337890625,"[21, 20]","[36.53, 39.1]","[10, 18]","[14.55, 14.72]",23.306562423706055,2026-08
HB_SOUTH,2026-08-16,DA,57.29999923706055,15.850000381469727,41.44999694824219,"[21, 20]","[55.96, 58.64]","[10, 9]","[15.56, 16.14]",28.93999671936035,2026-08
HB_SOUTH,2026-08-16,RT,69.23374938964844,16.626251220703125,52.60749816894531,"[22, 21]","[64.34, 74.13]","[10, 11]","[16.3, 16.95]",30.33770751953125,2026-08
HB_SOUTH,2026-08-17,DA,110.27999877929688,21.290000915527344,88.98999786376953,"[20, 22]","[105.68, 114.88]","[10, 11]","[21.03, 21.55]",42.147918701171875,2026-08
HB_SOUTH,2026-08-17,RT,184.66250610351562,17.143749237060547,167.5187530517578,"[20, 21]","[148.79, 220.54]","[10, 11]","[16.89, 17.4]",42.63656234741211,2026-08
HB_SOUTH,2026-08-18,DA,63.339996337890625,17.985000610351562,45.35499572753906,"[20, 21]","[61.05, 65.63]","[10, 11]","[17.57, 18.4]",31.225418090820312,2026-08
HB_SOUTH,2026-08-18,RT,69.01124572753906,16.358749389648438,52.652496337890625,"[21, 20]","[64.1, 73.93]","[9, 11]","[15.87, 16.85]",28.324583053588867,2026-08
HB_SOUTH,2026-08-19,DA,74.94000244140625,16.154998779296875,58.785003662109375,"[20, 21]","[74.88, 75.0]","[11, 10]","[15.93, 16.38]",29.46583366394043,2026-08
HB_SOUTH,2026-08-19,RT,49.03874969482422,13.494999885559082,35.54375076293945,"[21, 20]","[48.03, 50.04]","[11, 10]","[12.74, 14.25]",24.068334579467773,2026-08
HB_SOUTH,2026-08-20,DA,109.94000244140625,16.71500015258789,93.22500610351562,"[21, 20]","[108.72, 111.16]","[11, 10]","[16.38, 17.05]",36.99708557128906,2026-08
HB_SOUTH,2026-08-20,RT,58.306251525878906,15.27750015258789,43.028751373291016,"[21, 20]","[57.94, 58.67]","[11, 10]","[15.21, 15.34]",26.516143798828125,2026-08
HB_SOUTH,2026-08-21,DA,97.58000183105469,19.049999237060547,78.52999877929688,"[19, 20]","[91.86, 103.3]","[11, 10]","[19.04, 19.06]",37.94916915893555,2026-08
HB_SOUTH,2026-08-21,RT,46.44750213623047,21.341249465942383,25.106252670288086,"[21, 20]","[44.58, 48.32]","[9, 10]","[21.14, 21.54]",29.71906280517578,2026-08
HB_SOUTH,2026-08-22,DA,83.95999908447266,18.575000762939453,65.38499450683594,"[21, 20]","[80.77, 87.15]","[9, 10]","[18.57, 18.58]",36.02750015258789,2026-08
HB_SOUTH,2026-08-22,RT,161.8612518310547,18.442501068115234,143.4187469482422,"[23, 24]","[110.83, 212.89]","[11, 10]","[17.75, 19.13]",43.371246337890625,2026-08
HB_SOUTH,2026-08-23,DA,66.69000244140625,17.475000381469727,49.215003967285156,"[21, 20]","[62.0, 71.38]","[10, 11]","[17.08, 17.87]",32.512081146240234,2026-08
HB_SOUTH,2026-08-23,RT,296.4112548828125,22.131250381469727,274.2799987792969,"[21, 22]","[264.23, 328.59]","[12, 11]","[21.78, 22.48]",64.5434341430664,2026-08
HB_SOUTH,2026-08-24,DA,67.53500366210938,18.19499969482422,49.340003967285156,"[20, 21]","[67.05, 68.02]","[10, 9]","[17.81, 18.58]",32.61000061035156,2026-08
HB_SOUTH,2026-08-24,RT,68.27000427246094,17.112499237060547,51.15750503540039,"[21, 20]","[60.66, 75.88]","[10, 9]","[16.7, 17.53]",28.65364646911621,2026-08
HB_SOUTH,2026-08-25,DA,83.25999450683594,19.225000381469727,64.03499603271484,"[20, 21]","[82.02, 84.5]","[10, 11]","[18.94, 19.51]",33.72833251953125,2026-08
HB_SOUTH,2026-08-25,RT,55.65625,20.423751831054688,35.23249816894531,"[19, 20]","[53.67, 57.65]","[5, 4]","[19.93, 20.92]",30.186147689819336,2026-08
HB_SOUTH,2026-08-26,DA,131.8000030517578,25.53499984741211,106.26499938964844,"[20, 22]","[124.07, 139.53]","[10, 11]","[25.0, 26.07]",52.3337516784668,2026-08
HB_SOUTH,2026-08-26,RT,449.3837585449219,27.360000610351562,422.02374267578125,"[22, 23]","[372.99, 525.78]","[2, 1]","[27.23, 27.49]",107.88229370117188,2026-08
HB_SOUTH,2026-08-27,DA,98.41999816894531,27.334999084472656,71.08499908447266,"[21, 22]","[97.9, 98.94]","[10, 9]","[27.27, 27.4]",52.3154182434082,2026-08
HB_SOUTH,2026-08-27,RT,92.7449951171875,21.176250457763672,71.56874084472656,"[20, 21]","[90.36, 95.12]","[18, 17]","[18.68, 23.67]",51.10625076293945,2026-08
HB_SOUTH,2026-08-28,DA,76.25,25.505001068115234,50.744998931884766,"[21, 20]","[73.31, 79.19]","[10, 11]","[25.29, 25.72]",44.49833297729492,2026-08
HB_SOUTH,2026-08-28,RT,62.48500061035156,23.483749389648438,39.001251220703125,"[6, 7]","[61.04, 63.93]","[24, 23]","[23.45, 23.52]",37.890933990478516,2026-08
HB_SOUTH,2026-08-29,DA,58.98500061035156,18.770000457763672,40.21500015258789,"[21, 20]","[58.02, 59.95]","[9, 10]","[18.64, 18.9]",33.44166564941406,2026-08
HB_SOUTH,2026-08-29,RT,51.02750015258789,15.98124885559082,35.04624938964844,"[20, 21]","[48.7, 53.35]","[10, 11]","[15.44, 16.52]",28.160104751586914,2026-08
HB_SOUTH,2026-08-30,DA,50.775001525878906,15.454999923706055,35.31999969482422,"[21, 20]","[48.46, 53.09]","[9, 10]","[15.45, 15.46]",26.06333351135254,2026-08
HB_SOUTH,2026-08-30,RT,90.16625213623047,16.393749237060547,73.77250671386719,"[21, 20]","[75.54, 104.79]","[11, 10]","[16.39, 16.4]",31.153749465942383,2026-08
HB_SOUTH,2026-08-31,DA,60.92499923706055,18.369998931884766,42.55500030517578,"[21, 20]","[59.09, 62.76]","[10, 11]","[18.26, 18.48]",29.55208396911621,2026-08
HB_SOUTH,2026-08-31,RT,68.83125305175781,21.700000762939453,47.13125228881836,"[22, 21]","[66.35, 71.31]","[4, 3]","[21.63, 21.77]",37.745418548583984,2026-08
RVN_RN,2026-06-03,RT,46.96875,26.10124969482422,20.86750030517578,"[14, 13]","[46.35, 47.58]","[10, 9]","[25.68, 26.52]",35.716251373291016,2026-06
RVN_RN,2026-06-04,DA,43.119998931884766,23.05500030517578,20.064998626708984,"[20, 21]","[42.42, 43.82]","[9, 11]","[22.94, 23.17]",29.483749389648438,2026-06
RVN_RN,2026-06-04,RT,82.15750122070312,25.135000228881836,57.022499084472656,"[22, 21]","[81.02, 83.29]","[12, 13]","[24.05, 26.23]",38.532466888427734,2026-06
RVN_RN,2026-06-05,DA,41.459999084472656,22.684999465942383,18.774999618530273,"[20, 22]","[41.28, 41.64]","[1, 2]","[22.21, 23.16]",31.568334579467773,2026-06
RVN_RN,2026-06-05,RT,68.6512451171875,27.987499237060547,40.66374588012695,"[20, 17]","[65.23, 72.07]","[14, 5]","[27.27, 28.7]",42.087188720703125,2026-06
RVN_RN,2026-06-06,DA,51.81500244140625,24.53499984741211,27.28000259399414,"[21, 22]","[51.14, 52.49]","[11, 12]","[24.3, 24.77]",33.46249771118164,2026-06
RVN_RN,2026-06-06,RT,152.92001342773438,25.381250381469727,127.53876495361328,"[23, 22]","[132.23, 173.62]","[16, 13]","[24.34, 26.42]",61.76385498046875,2026-06
RVN_RN,2026-06-07,DA,36.54499816894531,18.729999542236328,17.814998626708984,"[20, 21]","[36.02, 37.07]","[10, 9]","[18.72, 18.74]",27.320833206176758,2026-06
RVN_RN,2026-06-07,RT,59.84000015258789,20.286251068115234,39.553749084472656,"[19, 20]","[55.87, 63.81]","[9, 13]","[19.59, 20.98]",32.601871490478516,2026-06
RVN_RN,2026-06-08,DA,40.459999084472656,20.610000610351562,19.849998474121094,"[21, 20]","[38.97, 41.95]","[11, 10]","[20.53, 20.69]",26.803335189819336,2026-06
RVN_RN,2026-06-08,RT,50.70375061035156,24.71125030517578,25.99250030517578,"[15, 16]","[44.69, 56.72]","[4, 5]","[24.32, 25.1]",32.25812530517578,2026-06
RVN_RN,2026-06-09,DA,46.029998779296875,18.915000915527344,27.11499786376953,"[20, 21]","[45.55, 46.51]","[10, 9]","[18.6, 19.23]",28.45916748046875,2026-06
RVN_RN,2026-06-09,RT,45.56999969482422,20.130001068115234,25.439998626708984,"[21, 20]","[42.37, 48.78]","[9, 10]","[18.21, 22.05]",29.609167098999023,2026-06
RVN_RN,2026-06-10,DA,43.02000045776367,20.869998931884766,22.150001525878906,"[20, 21]","[42.93, 43.11]","[9, 10]","[20.69, 21.05]",30.154998779296875,2026-06
RVN_RN,2026-06-10,RT,37.029998779296875,20.853750228881836,16.17624855041504,"[21, 20]","[36.64, 37.42]","[11, 8]","[20.57, 21.14]",26.163854598999023,2026-06
RVN_RN,2026-06-11,DA,55.94000244140625,19.645000457763672,36.29500198364258,"[21, 23]","[55.7, 56.18]","[9, 10]","[19.2, 20.09]",33.382083892822266,2026-06
RVN_RN,2026-06-11,RT,57.849998474121094,20.752500534057617,37.097496032714844,"[21, 22]","[55.74, 59.96]","[10, 8]","[20.22, 21.29]",29.519582748413086,2026-06
RVN_RN,2026-06-12,DA,49.76499938964844,24.764999389648438,25.0,"[20, 21]","[49.09, 50.44]","[10, 9]","[24.46, 25.07]",34.04417037963867,2026-06
RVN_RN,2026-06-12,RT,43.63500213623047,24.0575008392334,19.57750129699707,"[7, 13]","[42.33, 44.94]","[17, 18]","[23.06, 25.06]",32.626251220703125,2026-06
RVN_RN,2026-06-13,DA,37.31999969482422,15.75,21.56999969482422,"[22, 21]","[36.58, 38.06]","[9, 10]","[15.22, 16.28]",26.079164505004883,2026-06
RVN_RN,2026-06-13,RT,34.20000076293945,15.976249694824219,18.223751068115234,"[20, 21]","[32.76, 35.65]","[10, 11]","[15.47, 16.49]",25.09375,2026-06
RVN_RN,2026-06-14,DA,43.61499786376953,21.524999618530273,22.089998245239258,"[22, 23]","[42.02, 45.21]","[10, 11]","[21.31, 21.74]",28.454999923706055,2026-06
RVN_RN,2026-06-14,RT,60.37999725341797,20.03874969482422,40.34124755859375,"[20, 21]","[54.79, 65.96]","[14, 13]","[19.46, 20.62]",32.92197799682617,2026-06
RVN_RN,2026-06-15,DA,57.994998931884766,27.434999465942383,30.559999465942383,"[21, 22]","[57.32, 58.67]","[13, 12]","[27.05, 27.82]",36.71041488647461,2026-06
RVN_RN,2026-06-15,RT,68.03125,28.133750915527344,39.897499084472656,"[21, 20]","[64.35, 71.72]","[16, 15]","[26.9, 29.37]",46.484683990478516,2026-06
RVN_RN,2026-06-16,DA,51.78499984741211,25.540000915527344,26.244998931884766,"[21, 20]","[51.65, 51.92]","[24, 10]","[25.23, 25.85]",35.37083435058594,2026-06
RVN_RN,2026-06-16,RT,45.04875183105469,23.803749084472656,21.24500274658203,"[5, 6]","[44.64, 45.46]","[15, 14]","[23.58, 24.03]",33.27541732788086,2026-06
RVN_RN,2026-06-17,DA,44.95500183105469,20.364999771118164,24.590002059936523,"[20, 21]","[44.2, 45.71]","[9, 4]","[19.56, 21.17]",28.94875144958496,2026-06
RVN_RN,2026-06-17,RT,38.88500213623047,19.30875015258789,19.576251983642578,"[21, 20]","[36.87, 40.9]","[13, 8]","[17.97, 20.65]",26.45281219482422,2026-06
RVN_RN,2026-06-18,DA,59.83000183105469,19.235000610351562,40.595001220703125,"[20, 21]","[58.08, 61.58]","[9, 10]","[18.4, 20.07]",33.90458297729492,2026-06
RVN_RN,2026-06-18,RT,66.84750366210938,18.079999923706055,48.76750183105469,"[23, 24]","[57.19, 76.5]","[8, 9]","[17.68, 18.48]",34.17989730834961,2026-06
RVN_RN,2026-06-19,DA,68.24000549316406,28.649999618530273,39.590003967285156,"[22, 23]","[66.82, 69.66]","[11, 10]","[28.63, 28.67]",41.4183349609375,2026-06
RVN_RN,2026-06-19,RT,63.15625,26.438751220703125,36.717498779296875,"[21, 1]","[53.46, 72.86]","[10, 11]","[26.23, 26.65]",39.43062210083008,2026-06
RVN_RN,2026-06-20,DA,41.209999084472656,22.485000610351562,18.724998474121094,"[2, 1]","[39.51, 42.91]","[12, 11]","[22.3, 22.67]",30.196664810180664,2026-06
RVN_RN,2026-06-20,RT,33.85749816894531,24.081249237060547,9.776248931884766,"[2, 1]","[33.17, 34.55]","[6, 5]","[24.05, 24.11]",27.077499389648438,2026-06
RVN_RN,2026-06-21,DA,39.119998931884766,15.385000228881836,23.73499870300293,"[21, 22]","[37.57, 40.67]","[9, 10]","[15.05, 15.72]",24.69999885559082,2026-06
RVN_RN,2026-06-21,RT,36.26374816894531,16.721250534057617,19.542497634887695,"[20, 21]","[35.81, 36.72]","[13, 14]","[15.53, 17.91]",23.62041664123535,2026-06
RVN_RN,2026-06-22,DA,55.46500015258789,18.604999542236328,36.86000061035156,"[23, 21]","[53.45, 57.48]","[9, 10]","[18.6, 18.61]",29.921249389648438,2026-06
RVN_RN,2026-06-22,RT,67.9124984741211,20.557498931884766,47.35499954223633,"[20, 21]","[65.86, 69.96]","[3, 4]","[20.5, 20.61]",33.40666580200195,2026-06
RVN_RN,2026-06-23,DA,43.744998931884766,21.625,22.119998931884766,"[21, 20]","[43.12, 44.37]","[10, 11]","[21.59, 21.66]",30.72333335876465,2026-06
RVN_RN,2026-06-23,RT,78.04125213623047,23.69124984741211,54.35000228881836,"[17, 16]","[76.07, 80.01]","[9, 10]","[22.42, 24.96]",40.74177169799805,2026-06
RVN_RN,2026-06-24,DA,45.39500045776367,19.244998931884766,26.150001525878906,"[22, 21]","[43.02, 47.77]","[10, 9]","[18.97, 19.52]",28.419584274291992,2026-06
RVN_RN,2026-06-24,RT,45.07875061035156,23.313751220703125,21.764999389648438,"[21, 20]","[44.41, 45.74]","[9, 13]","[23.25, 23.38]",29.22166633605957,2026-06
RVN_RN,2026-06-25,DA,42.23999786376953,18.889999389648438,23.349998474121094,"[20, 21]","[40.73, 43.75]","[10, 9]","[18.86, 18.92]",28.59375,2026-06
RVN_RN,2026-06-25,RT,31.732501983642578,15.492500305175781,16.240001678466797,"[21, 20]","[31.41, 32.06]","[10, 11]","[15.48, 15.5]",23.866666793823242,2026-06
RVN_RN,2026-06-26,DA,40.10499954223633,19.18000030517578,20.924999237060547,"[21, 22]","[39.57, 40.64]","[10, 9]","[18.96, 19.4]",28.00458335876465,2026-06
RVN_RN,2026-06-26,RT,32.95000076293945,14.889999389648438,18.060001373291016,"[20, 3]","[32.66, 33.24]","[10, 12]","[14.19, 15.59]",23.7784366607666,2026-06
RVN_RN,2026-06-27,DA,36.40999984741211,15.854999542236328,20.55500030517578,"[21, 20]","[35.91, 36.91]","[10, 11]","[15.54, 16.17]",24.930418014526367,2026-06
RVN_RN,2026-06-27,RT,50.00749969482422,14.487500190734863,35.52000045776367,"[4, 5]","[32.87, 67.14]","[10, 11]","[13.79, 15.19]",24.73124885559082,2026-06
RVN_RN,2026-06-28,DA,37.345001220703125,15.34000015258789,22.005001068115234,"[20, 21]","[37.18, 37.51]","[10, 11]","[14.82, 15.86]",23.9325008392334,2026-06
RVN_RN,2026-06-28,RT,34.69000244140625,16.412498474121094,18.277503967285156,"[21, 22]","[34.43, 34.95]","[11, 9]","[16.32, 16.51]",23.000520706176758,2026-06
RVN_RN,2026-06-29,DA,39.18000030517578,17.854999542236328,21.325000762939453,"[21, 20]","[38.62, 39.74]","[11, 9]","[17.63, 18.08]",26.347084045410156,2026-06
RVN_RN,2026-06-29,RT,30.91374969482422,19.426250457763672,11.487499237060547,"[21, 20]","[30.85, 30.98]","[10, 11]","[19.19, 19.67]",24.60364532470703,2026-06
RVN_RN,2026-06-30,DA,39.82499694824219,19.505001068115234,20.319995880126953,"[20, 21]","[38.76, 40.89]","[10, 9]","[19.41, 19.6]",26.995834350585938,2026-06
RVN_RN,2026-06-30,RT,34.89374923706055,17.331249237060547,17.5625,"[20, 21]","[33.36, 36.42]","[10, 9]","[17.32, 17.34]",25.32895851135254,2026-06
RVN_RN,2026-07-01,DA,45.86499786376953,17.96500015258789,27.89999771118164,"[20, 21]","[44.73, 47.0]","[9, 10]","[17.27, 18.66]",29.117082595825195,2026-07
RVN_RN,2026-07-01,RT,48.80500030517578,17.954999923706055,30.850000381469727,"[22, 23]","[48.73, 48.88]","[9, 10]","[17.17, 18.74]",28.52635383605957,2026-07
RVN_RN,2026-07-02,DA,46.74500274658203,20.279998779296875,26.465003967285156,"[21, 20]","[44.16, 49.33]","[9, 10]","[19.84, 20.72]",29.19041633605957,2026-07
RVN_RN,2026-07-02,RT,32.00250244140625,19.37125015258789,12.63125228881836,"[16, 21]","[31.67, 32.33]","[11, 10]","[19.33, 19.41]",26.005834579467773,2026-07
RVN_RN,2026-07-03,DA,44.55500030517578,17.325000762939453,27.229999542236328,"[21, 20]","[44.31, 44.8]","[10, 9]","[16.96, 17.69]",27.171667098999023,2026-07
RVN_RN,2026-07-03,RT,35.48999786376953,11.201250076293945,24.288747787475586,"[22, 21]","[34.15, 36.83]","[10, 11]","[10.98, 11.42]",23.33562469482422,2026-07
RVN_RN,2026-07-04,DA,49.73999786376953,14.754999160766602,34.98500061035156,"[20, 21]","[48.82, 50.66]","[10, 9]","[14.48, 15.03]",27.019582748413086,2026-07
RVN_RN,2026-07-04,RT,54.23374938964844,12.241250038146973,41.99250030517578,"[21, 20]","[53.42, 55.04]","[10, 9]","[12.12, 12.36]",27.025833129882812,2026-07
RVN_RN,2026-07-05,DA,65.30999755859375,18.915000915527344,46.394996643066406,"[23, 21]","[61.94, 68.68]","[10, 9]","[18.71, 19.12]",33.161251068115234,2026-07
RVN_RN,2026-07-05,RT,46.89500045776367,17.896249771118164,28.998750686645508,"[20, 18]","[45.58, 48.21]","[10, 9]","[17.86, 17.93]",27.85593605041504,2026-07
RVN_RN,2026-07-06,DA,68.15499877929688,23.564998626708984,44.59000015258789,"[20, 21]","[65.28, 71.03]","[9, 10]","[23.21, 23.92]",37.25374984741211,2026-07
RVN_RN,2026-07-06,RT,48.383750915527344,22.989999771118164,25.39375114440918,"[21, 23]","[46.23, 50.53]","[9, 10]","[22.11, 23.87]",32.24916458129883,2026-07
RVN_RN,2026-07-07,DA,51.44499969482422,18.325000762939453,33.119998931884766,"[20, 21]","[48.6, 54.29]","[9, 10]","[18.16, 18.49]",31.069168090820312,2026-07
RVN_RN,2026-07-07,RT,42.08625030517578,22.18375015258789,19.90250015258789,"[22, 21]","[40.65, 43.52]","[9, 12]","[20.86, 23.51]",31.99395751953125,2026-07
RVN_RN,2026-07-08,DA,43.125,16.235000610351562,26.889999389648438,"[21, 20]","[42.92, 43.33]","[10, 9]","[16.19, 16.28]",28.779998779296875,2026-07
RVN_RN,2026-07-08,RT,56.248748779296875,16.672500610351562,39.57624816894531,"[21, 22]","[48.3, 64.19]","[9, 11]","[16.45, 16.9]",27.102706909179688,2026-07
RVN_RN,2026-07-09,DA,40.85499954223633,16.310001373291016,24.544998168945312,"[20, 21]","[40.09, 41.62]","[10, 11]","[16.08, 16.54]",26.808334350585938,2026-07
RVN_RN,2026-07-09,RT,46.15999984741211,16.193750381469727,29.966249465942383,"[20, 22]","[44.5, 47.82]","[9, 10]","[14.86, 17.53]",25.865034103393555,2026-07
RVN_RN,2026-07-10,DA,40.77000045776367,17.564998626708984,23.205001831054688,"[22, 21]","[39.5, 42.04]","[10, 11]","[17.25, 17.88]",27.498334884643555,2026-07
RVN_RN,2026-07-10,RT,43.727500915527344,20.573749542236328,23.153751373291016,"[21, 23]","[41.92, 45.53]","[9, 8]","[20.48, 20.67]",27.49562644958496,2026-07
RVN_RN,2026-07-11,DA,42.88500213623047,19.68000030517578,23.205001831054688,"[21, 22]","[41.8, 43.97]","[9, 10]","[18.84, 20.52]",30.222915649414062,2026-07
RVN_RN,2026-07-11,RT,35.63874816894531,17.72624969482422,17.912498474121094,"[2, 21]","[35.61, 35.67]","[12, 13]","[16.0, 19.45]",27.15052032470703,2026-07
RVN_RN,2026-07-12,DA,45.41999816894531,20.235000610351562,25.18499755859375,"[24, 23]","[43.72, 47.12]","[9, 10]","[19.11, 21.36]",30.78416633605957,2026-07
RVN_RN,2026-07-12,RT,37.33125305175781,20.647499084472656,16.683753967285156,"[22, 21]","[36.7, 37.96]","[9, 11]","[20.47, 20.83]",26.031875610351562,2026-07
RVN_RN,2026-07-13,DA,44.41999816894531,27.735000610351562,16.68499755859375,"[20, 21]","[44.41, 44.43]","[12, 13]","[27.45, 28.02]",34.483333587646484,2026-07
RVN_RN,2026-07-13,RT,37.25,23.44499969482422,13.805000305175781,"[5, 4]","[35.04, 39.46]","[17, 18]","[23.11, 23.78]",29.4346866607666,2026-07
RVN_RN,2026-07-14,DA,36.91999816894531,21.270000457763672,15.64999771118164,"[1, 23]","[36.04, 37.8]","[15, 14]","[21.17, 21.37]",28.52958106994629,2026-07
RVN_RN,2026-07-14,RT,49.64250183105469,18.963748931884766,30.678752899169922,"[24, 23]","[48.62, 50.67]","[18, 17]","[18.31, 19.62]",29.154272079467773,2026-07
RVN_RN,2026-07-15,DA,31.329998016357422,21.170000076293945,10.159997940063477,"[6, 21]","[30.13, 32.53]","[11, 12]","[21.08, 21.26]",26.386667251586914,2026-07
RVN_RN,2026-07-15,RT,39.56999969482422,20.327499389648438,19.24250030517578,"[21, 22]","[39.22, 39.92]","[18, 17]","[20.16, 20.5]",27.685209274291992,2026-07
RVN_RN,2026-07-16,DA,36.39500045776367,20.875,15.520000457763672,"[20, 21]","[35.43, 37.36]","[14, 13]","[20.85, 20.9]",26.94791603088379,2026-07
RVN_RN,2026-07-16,RT,48.76124954223633,24.631248474121094,24.130001068115234,"[16, 17]","[44.76, 52.76]","[10, 9]","[23.93, 25.33]",32.41947937011719,2026-07
RVN_RN,2026-07-17,DA,37.85499954223633,19.31999969482422,18.53499984741211,"[21, 22]","[37.46, 38.25]","[11, 12]","[19.17, 19.47]",26.191247940063477,2026-07
RVN_RN,2026-07-17,RT,50.23625183105469,18.723751068115234,31.512500762939453,"[24, 23]","[41.2, 59.28]","[13, 12]","[17.6, 19.84]",26.800521850585938,2026-07
RVN_RN,2026-07-18,DA,40.355003356933594,16.06999969482422,24.285003662109375,"[20, 21]","[39.24, 41.47]","[11, 10]","[15.77, 16.37]",26.056665420532227,2026-07
RVN_RN,2026-07-18,RT,38.113746643066406,12.517499923706055,25.59624671936035,"[23, 24]","[36.56, 39.67]","[12, 11]","[11.39, 13.64]",23.611352920532227,2026-07
RVN_RN,2026-07-19,DA,46.80500030517578,16.669998168945312,30.13500213623047,"[21, 23]","[46.19, 47.42]","[10, 9]","[16.63, 16.71]",28.638750076293945,2026-07
RVN_RN,2026-07-19,RT,68.1612548828125,19.167499542236328,48.99375534057617,"[21, 20]","[68.05, 68.27]","[12, 10]","[18.85, 19.48]",32.68385314941406,2026-07
RVN_RN,2026-07-20,DA,70.0050048828125,18.049999237060547,51.95500564575195,"[21, 20]","[68.07, 71.94]","[9, 10]","[17.53, 18.57]",33.09333419799805,2026-07
RVN_RN,2026-07-20,RT,90.77124786376953,19.821250915527344,70.94999694824219,"[20, 21]","[60.48, 121.06]","[9, 10]","[19.75, 19.9]",32.797393798828125,2026-07
RVN_RN,2026-07-21,DA,202.96499633789062,20.139999389648438,182.8249969482422,"[21, 20]","[197.14, 208.79]","[9, 10]","[19.4, 20.88]",52.3337516784668,2026-07
RVN_RN,2026-07-21,RT,143.79998779296875,20.450000762939453,123.34999084472656,"[21, 20]","[141.95, 145.65]","[11, 9]","[20.16, 20.74]",42.973541259765625,2026-07
RVN_RN,2026-07-22,DA,222.260009765625,23.470001220703125,198.79000854492188,"[20, 21]","[215.27, 229.25]","[9, 10]","[22.85, 24.09]",63.21833419799805,2026-07
RVN_RN,2026-07-22,RT,201.50750732421875,25.564998626708984,175.9425048828125,"[23, 22]","[195.35, 207.66]","[9, 12]","[25.07, 26.06]",62.6015625,2026-07
RVN_RN,2026-07-23,DA,57.064998626708984,23.685001373291016,33.37999725341797,"[20, 21]","[55.19, 58.94]","[10, 9]","[23.42, 23.95]",38.6279182434082,2026-07
RVN_RN,2026-07-23,RT,57.33625030517578,26.116249084472656,31.220001220703125,"[2, 1]","[55.03, 59.64]","[9, 10]","[25.42, 26.81]",40.73031234741211,2026-07
RVN_RN,2026-07-24,DA,43.650001525878906,24.959999084472656,18.69000244140625,"[22, 21]","[43.32, 43.98]","[10, 9]","[24.77, 25.15]",34.5533332824707,2026-07
RVN_RN,2026-07-24,RT,33.40250015258789,21.926250457763672,11.476249694824219,"[20, 1]","[32.69, 34.12]","[10, 11]","[21.74, 22.11]",27.35760498046875,2026-07
RVN_RN,2026-07-25,DA,46.029998779296875,17.435001373291016,28.59499740600586,"[20, 21]","[44.72, 47.34]","[10, 9]","[17.2, 17.67]",27.779584884643555,2026-07
RVN_RN,2026-07-25,RT,41.488746643066406,11.866250038146973,29.62249755859375,"[21, 22]","[40.25, 42.72]","[12, 11]","[11.39, 12.35]",24.174062728881836,2026-07
RVN_RN,2026-07-26,DA,44.23999786376953,15.854999542236328,28.384998321533203,"[20, 21]","[43.05, 45.43]","[9, 10]","[15.72, 15.99]",26.74749755859375,2026-07
RVN_RN,2026-07-26,RT,38.90374755859375,12.15999984741211,26.74374771118164,"[20, 21]","[38.33, 39.48]","[10, 9]","[12.0, 12.32]",23.429895401000977,2026-07
RVN_RN,2026-07-27,DA,57.95500183105469,18.364999771118164,39.590003967285156,"[20, 21]","[54.43, 61.48]","[9, 10]","[17.13, 19.6]",31.847917556762695,2026-07
RVN_RN,2026-07-27,RT,37.34375,16.981250762939453,20.362499237060547,"[20, 21]","[37.22, 37.47]","[10, 9]","[16.92, 17.04]",25.334060668945312,2026-07
RVN_RN,2026-07-28,DA,58.54999923706055,17.950000762939453,40.599998474121094,"[20, 21]","[54.66, 62.44]","[9, 10]","[17.47, 18.43]",31.30000114440918,2026-07
RVN_RN,2026-07-28,RT,48.90875244140625,19.969999313354492,28.938753128051758,"[20, 21]","[47.29, 50.53]","[9, 4]","[19.4, 20.54]",29.22395896911621,2026-07
RVN_RN,2026-07-29,DA,66.50499725341797,21.030000686645508,45.474998474121094,"[22, 21]","[63.12, 69.89]","[9, 10]","[20.7, 21.36]",33.60166931152344,2026-07
RVN_RN,2026-07-29,RT,46.81749725341797,21.637500762939453,25.179996490478516,"[20, 21]","[46.35, 47.28]","[11, 10]","[21.41, 21.87]",31.7748966217041,2026-07
RVN_RN,2026-07-30,DA,61.849998474121094,21.584999084472656,40.26499938964844,"[22, 21]","[61.24, 62.46]","[10, 9]","[20.94, 22.23]",31.224166870117188,2026-07
RVN_RN,2026-07-30,RT,44.32374954223633,18.71500015258789,25.608749389648438,"[21, 20]","[41.4, 47.25]","[11, 10]","[18.54, 18.89]",29.849166870117188,2026-07
RVN_RN,2026-07-31,DA,91.26000213623047,18.55500030517578,72.70500183105469,"[21, 22]","[89.66, 92.86]","[10, 9]","[17.54, 19.57]",39.030418395996094,2026-07
RVN_RN,2026-07-31,RT,51.26000213623047,18.638750076293945,32.621253967285156,"[20, 21]","[48.28, 54.24]","[9, 11]","[18.48, 18.8]",29.753957748413086,2026-07
RVN_RN,2026-08-01,DA,76.375,20.595001220703125,55.779998779296875,"[20, 23]","[75.51, 77.24]","[10, 11]","[20.57, 20.62]",38.14458084106445,2026-08
RVN_RN,2026-08-01,RT,50.943748474121094,21.626251220703125,29.31749725341797,"[20, 21]","[46.97, 54.92]","[9, 10]","[20.78, 22.47]",30.24906349182129,2026-08
RVN_RN,2026-08-02,DA,81.85499572753906,18.274999618530273,63.579994201660156,"[21, 20]","[81.61, 82.1]","[10, 9]","[18.08, 18.47]",38.577083587646484,2026-08
RVN_RN,2026-08-02,RT,42.532501220703125,19.665000915527344,22.86750030517578,"[21, 20]","[39.27, 45.79]","[9, 10]","[19.48, 19.85]",29.73427391052246,2026-08
RVN_RN,2026-08-03,DA,47.755001068115234,16.260000228881836,31.4950008392334,"[21, 20]","[47.68, 47.83]","[9, 10]","[15.36, 17.16]",28.562082290649414,2026-08
RVN_RN,2026-08-03,RT,36.15999984741211,17.635000228881836,18.524999618530273,"[15, 14]","[33.03, 39.29]","[9, 10]","[16.11, 19.16]",25.8054141998291,2026-08
RVN_RN,2026-08-04,DA,46.19000244140625,17.399999618530273,28.790002822875977,"[21, 22]","[44.3, 48.08]","[9, 4]","[15.99, 18.81]",28.34458351135254,2026-08
RVN_RN,2026-08-04,RT,50.76750183105469,16.657501220703125,34.11000061035156,"[21, 22]","[46.58, 54.96]","[10, 9]","[16.18, 17.14]",27.676565170288086,2026-08
RVN_RN,2026-08-05,DA,40.970001220703125,18.895000457763672,22.075000762939453,"[21, 20]","[40.92, 41.02]","[9, 10]","[18.5, 19.29]",28.239999771118164,2026-08
RVN_RN,2026-08-05,RT,63.12999725341797,20.09375,43.03624725341797,"[21, 22]","[61.87, 64.39]","[10, 11]","[19.93, 20.26]",29.89458465576172,2026-08
RVN_RN,2026-08-06,DA,40.56500244140625,19.510000228881836,21.055002212524414,"[20, 21]","[40.04, 41.09]","[9, 10]","[19.28, 19.74]",28.671249389648438,2026-08
RVN_RN,2026-08-06,RT,63.79249572753906,18.46125030517578,45.33124542236328,"[21, 22]","[54.19, 73.39]","[10, 11]","[17.4, 19.52]",31.3117733001709,2026-08
RVN_RN,2026-08-07,DA,44.04999923706055,18.834999084472656,25.21500015258789,"[21, 20]","[43.96, 44.14]","[10, 9]","[18.58, 19.09]",28.785415649414062,2026-08
RVN_RN,2026-08-07,RT,64.25125122070312,15.517499923706055,48.73374938964844,"[20, 19]","[63.81, 64.69]","[10, 11]","[15.3, 15.73]",32.56406021118164,2026-08
RVN_RN,2026-08-08,DA,41.68000030517578,18.145000457763672,23.53499984741211,"[20, 21]","[41.52, 41.84]","[10, 11]","[17.93, 18.36]",27.164169311523438,2026-08
RVN_RN,2026-08-08,RT,48.661251068115234,21.358749389648438,27.302501678466797,"[22, 20]","[48.33, 48.99]","[9, 10]","[20.97, 21.75]",32.5959358215332,2026-08
RVN_RN,2026-08-09,DA,45.30500030517578,15.924999237060547,29.380001068115234,"[22, 21]","[44.34, 46.27]","[10, 9]","[15.91, 15.94]",27.260833740234375,2026-08
RVN_RN,2026-08-09,RT,55.631248474121094,17.518749237060547,38.11249923706055,"[21, 22]","[53.59, 57.67]","[11, 10]","[17.48, 17.56]",30.90968894958496,2026-08
RVN_RN,2026-08-10,DA,41.665000915527344,18.280000686645508,23.385000228881836,"[20, 21]","[41.28, 42.05]","[10, 9]","[18.02, 18.54]",27.12291717529297,2026-08
RVN_RN,2026-08-10,RT,27.903749465942383,18.19499969482422,9.708749771118164,"[1, 20]","[27.86, 27.94]","[9, 10]","[17.43, 18.96]",23.141977310180664,2026-08
RVN_RN,2026-08-11,DA,40.154998779296875,16.329999923706055,23.82499885559082,"[20, 21]","[38.59, 41.72]","[10, 9]","[16.0, 16.66]",25.87958335876465,2026-08
RVN_RN,2026-08-11,RT,56.31999969482422,15.213750839233398,41.10624694824219,"[20, 22]","[48.37, 64.27]","[9, 10]","[15.19, 15.24]",26.57135581970215,2026-08
RVN_RN,2026-08-12,DA,35.625,16.790000915527344,18.834999084472656,"[20, 21]","[35.3, 35.95]","[10, 9]","[16.73, 16.85]",25.166250228881836,2026-08
RVN_RN,2026-08-12,RT,54.006248474121094,17.28874969482422,36.717498779296875,"[20, 21]","[51.38, 56.63]","[9, 10]","[15.64, 18.94]",30.12822914123535,2026-08
RVN_RN,2026-08-13,DA,37.81500244140625,17.350000381469727,20.465002059936523,"[20, 22]","[36.84, 38.79]","[10, 9]","[17.19, 17.51]",26.417083740234375,2026-08
RVN_RN,2026-08-13,RT,57.23374938964844,15.672500610351562,41.561248779296875,"[20, 21]","[49.2, 65.27]","[10, 9]","[15.31, 16.03]",29.750106811523438,2026-08
RVN_RN,2026-08-14,DA,39.54999923706055,18.81999969482422,20.729999542236328,"[21, 20]","[38.76, 40.34]","[10, 9]","[18.23, 19.41]",27.078332901000977,2026-08
RVN_RN,2026-08-14,RT,30.579999923706055,19.193750381469727,11.386249542236328,"[20, 13]","[29.89, 31.27]","[9, 11]","[18.45, 19.93]",24.75926971435547,2026-08
RVN_RN,2026-08-15,DA,43.79999923706055,16.71500015258789,27.084999084472656,"[20, 22]","[43.76, 43.84]","[10, 9]","[15.66, 17.77]",28.190414428710938,2026-08
RVN_RN,2026-08-15,RT,38.83250045776367,15.577500343322754,23.255001068115234,"[21, 20]","[37.37, 40.3]","[10, 9]","[15.41, 15.74]",26.84468650817871,2026-08
RVN_RN,2026-08-16,DA,60.834999084472656,15.235000610351562,45.599998474121094,"[21, 20]","[59.2, 62.47]","[10, 11]","[14.77, 15.7]",30.796667098999023,2026-08
RVN_RN,2026-08-16,RT,82.38249969482422,16.59000015258789,65.79249572753906,"[20, 21]","[74.55, 90.21]","[10, 11]","[16.27, 16.91]",33.06875228881836,2026-08
RVN_RN,2026-08-17,DA,118.11000061035156,21.395000457763672,96.71499633789062,"[21, 22]","[116.96, 119.26]","[10, 9]","[21.07, 21.72]",43.72666549682617,2026-08
RVN_RN,2026-08-17,RT,244.0150146484375,18.232500076293945,225.7825164794922,"[20, 21]","[187.62, 300.42]","[10, 11]","[17.44, 19.02]",49.80198287963867,2026-08
RVN_RN,2026-08-18,DA,70.40499877929688,18.920000076293945,51.48500061035156,"[20, 21]","[69.28, 71.53]","[10, 9]","[18.41, 19.43]",33.34208297729492,2026-08
RVN_RN,2026-08-18,RT,86.11624908447266,15.712499618530273,70.40374755859375,"[21, 20]","[79.13, 93.1]","[11, 9]","[15.7, 15.72]",31.090105056762695,2026-08
RVN_RN,2026-08-19,DA,89.53500366210938,17.200000762939453,72.33500671386719,"[20, 21]","[88.94, 90.13]","[10, 9]","[16.97, 17.43]",33.89041519165039,2026-08
RVN_RN,2026-08-19,RT,51.842498779296875,14.958749771118164,36.883750915527344,"[21, 20]","[50.12, 53.57]","[10, 11]","[14.31, 15.6]",26.07708168029785,2026-08
RVN_RN,2026-08-20,DA,135.4250030517578,19.59000015258789,115.83500671386719,"[21, 20]","[134.44, 136.41]","[10, 11]","[18.99, 20.19]",43.94708251953125,2026-08
RVN_RN,2026-08-20,RT,62.08125305175781,16.721248626708984,45.36000442504883,"[21, 20]","[61.55, 62.62]","[9, 10]","[16.31, 17.13]",29.278127670288086,2026-08
RVN_RN,2026-08-21,DA,111.08000183105469,19.950000762939453,91.1300048828125,"[21, 20]","[101.9, 120.26]","[10, 9]","[19.38, 20.52]",40.24958419799805,2026-08
RVN_RN,2026-08-21,RT,47.04249954223633,22.313751220703125,24.728748321533203,"[21, 20]","[45.05, 49.04]","[9, 10]","[21.17, 23.45]",30.79583168029785,2026-08
RVN_RN,2026-08-22,DA,92.97999572753906,18.389999389648438,74.58999633789062,"[21, 20]","[88.37, 97.59]","[9, 10]","[18.35, 18.43]",37.46541976928711,2026-08
RVN_RN,2026-08-22,RT,161.46875,19.963748931884766,141.5050048828125,"[23, 24]","[110.58, 212.35]","[9, 11]","[19.86, 20.07]",42.778438568115234,2026-08
RVN_RN,2026-08-23,DA,70.48500061035156,17.21500015258789,53.27000045776367,"[21, 20]","[64.23, 76.74]","[10, 11]","[16.74, 17.69]",32.935001373291016,2026-08
RVN_RN,2026-08-23,RT,310.6075134277344,22.080001831054688,288.52752685546875,"[21, 22]","[289.83, 331.39]","[12, 11]","[21.68, 22.48]",66.7910385131836,2026-08
RVN_RN,2026-08-24,DA,73.27499389648438,17.69499969482422,55.579994201660156,"[21, 20]","[72.34, 74.21]","[10, 9]","[17.16, 18.23]",34.35499954223633,2026-08
RVN_RN,2026-08-24,RT,83.00749969482422,12.007499694824219,71.0,"[21, 20]","[70.89, 95.13]","[13, 12]","[9.74, 14.28]",29.350624084472656,2026-08
RVN_RN,2026-08-25,DA,95.33499908447266,19.704999923706055,75.62999725341797,"[21, 20]","[94.35, 96.32]","[10, 9]","[19.38, 20.03]",35.5412483215332,2026-08
RVN_RN,2026-08-25,RT,60.67500305175781,20.423751831054688,40.251251220703125,"[19, 20]","[60.54, 60.81]","[5, 4]","[19.93, 20.92]",32.8771858215332,2026-08
RVN_RN,2026-08-26,DA,141.16000366210938,25.200000762939453,115.96000671386719,"[20, 22]","[139.29, 143.03]","[10, 11]","[24.88, 25.52]",53.80916213989258,2026-08
RVN_RN,2026-08-26,RT,451.4362487792969,27.122501373291016,424.3137512207031,"[22, 23]","[377.38, 525.5]","[2, 1]","[27.08, 27.17]",107.62176513671875,2026-08
RVN_RN,2026-08-27,DA,103.33999633789062,26.55500030517578,76.78499603271484,"[22, 21]","[101.37, 105.31]","[10, 9]","[26.12, 26.99]",52.2066650390625,2026-08
RVN_RN,2026-08-27,RT,95.61499786376953,23.388750076293945,72.22624969482422,"[20, 21]","[93.97, 97.26]","[11, 12]","[23.34, 23.44]",46.7073974609375,2026-08
RVN_RN,2026-08-28,DA,77.05999755859375,21.735000610351562,55.32499694824219,"[21, 20]","[72.83, 81.29]","[11, 12]","[21.59, 21.88]",40.097084045410156,2026-08
RVN_RN,2026-08-28,RT,62.48500061035156,22.9737491607666,39.511253356933594,"[6, 7]","[61.04, 63.93]","[23, 24]","[22.94, 23.0]",37.13166427612305,2026-08
RVN_RN,2026-08-29,DA,60.790000915527344,17.885000228881836,42.904998779296875,"[21, 20]","[58.31, 63.27]","[10, 9]","[17.59, 18.18]",31.852914810180664,2026-08
RVN_RN,2026-08-29,RT,51.061248779296875,15.737499237060547,35.32374954223633,"[20, 21]","[48.68, 53.44]","[10, 11]","[15.12, 16.35]",28.941770553588867,2026-08
RVN_RN,2026-08-30,DA,52.81500244140625,14.385000228881836,38.43000030517578,"[21, 20]","[49.65, 55.98]","[10, 9]","[13.77, 15.0]",27.05958366394043,2026-08
RVN_RN,2026-08-30,RT,99.02250671386719,16.134998321533203,82.88751220703125,"[21, 20]","[77.67, 120.38]","[10, 11]","[16.11, 16.16]",35.220001220703125,2026-08
RVN_RN,2026-08-31,DA,65.05999755859375,18.31999969482422,46.73999786376953,"[21, 20]","[62.23, 67.89]","[10, 9]","[17.93, 18.71]",31.68541717529297,2026-08
RVN_RN,2026-08-31,RT,72.74874877929688,21.290000915527344,51.45874786376953,"[20, 21]","[70.97, 74.53]","[10, 4]","[20.95, 21.63]",39.094478607177734,2026-08
