constraint,hours,da_hours,rt_hours_equiv,sf_gks_da,sf_gks_rt,sf_loc_da,sf_loc_rt,sf_rvn_real_da,sf_rvn_real_rt,sf_proxy_da,cum_mcc_rvn,cum_mcc_gks,cum_basis,cum_basis_da,cum_basis_rt,gross_basis,gross_basis_last12m,gross_basis_overlap,overlap_share_real,mean_lambda_da,first_bind,last_bind,sf_relation,delta_sf_da,basis_impact_index,status
E_PASP,6629,5240,826.6,0.24070797860622406,0.2199167162179947,0.03200865909457207,0.008695055730640888,0.03041449375450611,0.009464729577302933,0.03242349624633789,-10069.082257023776,-85351.3376156542,75282.25535863044,52670.89209495989,22611.363263670544,75295.84104009869,43122.014198570425,5359.324771428548,1.0,51.48324706069792,2024-07-03,2026-09-13,same-sign,-0.21029348485171795,56731.339123990925,live
LARDVN_LASCRU1_1,5655,4029,1215.6,0.08248380571603775,0.089471235871315,0.004011302255094051,-0.0003766918962355703,,,0.004011302255094051,-969.4528540389292,-49868.50068188549,48899.04782784655,22975.166652956912,25923.881174889648,48907.11723335835,1151.6141465208195,0.0,,65.1521397498252,2024-07-03,2026-05-17,one-sided/negligible,-0.0784725034609437,20598.872941872356,faded (<25% in last 12m)
HAINE__LA_PAL1_1,8013,5908,1678.3,-0.02684396505355835,-0.033729471266269684,0.00039677537279203534,0.0027659558691084385,0.000196962762856856,0.0019063539803028107,0.00039756347541697323,-1107.0225249914884,21851.771157752482,-22958.793682743977,-11031.248984399086,-11927.544698344887,23500.205419550934,6161.705209140298,58.12078820928847,0.7433862433862434,49.148160108832435,2024-07-03,2026-09-13,one-sided/negligible,0.027040927816415206,7851.802008692576,live
STPWAP39_1,3399,2012,1023.2,0.09434891492128372,0.09312354028224945,-0.02829238399863243,-0.028553321957588196,-0.0209719929844141,-0.02667715586721897,-0.031472962349653244,5638.358449320168,-16479.608199682152,22117.966649002323,10871.803082986822,11246.1635660155,22117.966649002323,11049.485280513685,10148.28582059526,1.0,44.0949856078217,2024-07-03,2026-09-13,OPPOSING,-0.11532090790569782,10231.168434057945,live
BRUNI_69_1,5230,4163,720.2,0.012146560475230217,0.011638506315648556,0.00048551775398664176,-8.662256732350215e-05,0.000459740636870265,-2.1301266315276735e-05,0.0004947424167767167,-402.72084028915754,-20598.582593878815,20195.861753589656,11611.242406165064,8584.619347424596,20195.86818990828,8759.077348646511,2961.4894153957275,0.9983193277310924,214.69376427157374,2024-07-03,2026-09-13,one-sided/negligible,-0.011686819838359952,10445.330610828989,live
VALEXP,1826,1252,355.4,1.0,0.9782626628875732,,-0.02173837460577488,,,,260.56720641441643,-17999.027327095937,18259.59453351035,4994.82398262294,13264.770550887411,18259.59453351035,12360.69752056284,65.35200001299381,0.0,3.989476024459217,2024-07-25,2026-08-02,one-sided/negligible,,,live
STPELM27_1,689,542,114.2,-0.07024283707141876,-0.04339239001274109,0.059922728687524796,0.04549621418118477,,,0.059922728687524796,-7845.257253252328,7206.968497249423,-15052.225750501751,-5773.576190398628,-9278.649560103124,15108.750869814481,14958.297521588644,0.0,,93.64110536898256,2025-02-20,2026-01-27,OPPOSING,0.13016556575894356,6606.3553225863825,no bind since Mar-2026
LOYOLA_69_1,4456,3338,759.8,0.012245016172528267,0.016549620777368546,-0.00013344275066629052,-0.0004706146428361535,,,-0.00013344275066629052,289.40833580107403,-14112.747307659141,14402.155643460213,6846.920213332502,7555.235430127711,14402.29238397218,3183.3324870268198,0.0,,141.97064742913835,2024-07-15,2026-02-02,one-sided/negligible,-0.012378458923194557,5866.127188198092,no bind since Mar-2026
CATARI_PILONC1_1,4546,3914,463.0,0.04030408337712288,0.05945158749818802,0.002681752434000373,-0.00028856820426881313,,,0.002681752434000373,-57.8916634104833,-14072.718457269162,14014.82679385868,3390.4836178006535,10624.343176058024,14303.444179562073,0.20781216397881508,0.0,,12.51795272497749,2024-07-03,2026-02-20,one-sided/negligible,-0.037622330943122506,1843.3161484250074,no bind since Mar-2026
LASCRU_MILO1_1,1885,1439,319.6,0.0900399386882782,0.09067679196596146,0.0035185532178729773,-0.0006294734193943441,,,0.0035185532178729773,-179.91152222427215,-10522.161762161439,10342.250239937166,4853.619606009954,5488.630633927212,10342.93588702563,10342.93588702563,0.0,,36.32745036392543,2025-10-02,2026-02-05,one-sided/negligible,-0.08652138547040522,4522.922822639561,no bind since Mar-2026
1710__C,2491,1700,584.5,-0.024966487661004066,-0.013233532197773457,-0.013239464722573757,-0.0014059555251151323,,,-0.013239464722573757,5643.459567010874,15683.697194006847,-10040.237626995973,-4588.784118126205,-5451.453508869768,10041.687845968723,2083.846448403753,0.0,,228.3614524520342,2024-07-03,2025-10-28,same-sign,0.01172702293843031,4552.599984969054,no bind since Mar-2026
NLARSW_PILONC1_1,5601,4934,477.0,0.04410635679960251,0.041984397917985916,0.002627179492264986,-0.0004657051176764071,0.0028247965965420008,-0.00029027328127995133,0.0026827016845345497,-88.58420081580608,-9336.59390711947,9248.009706303665,2998.1457965940735,6249.863909709591,10000.915495144876,9876.056042812572,2409.8647269781773,0.9995017438963627,11.341680359894315,2025-05-07,2026-09-13,one-sided/negligible,-0.04128156020306051,2310.109953705895,live
WHARTN,1644,1015,433.8,,-0.0008427945431321859,0.4593000113964081,0.45845767855644226,,,0.4593000113964081,-9640.435765152835,12.074960346199381,-9652.510725499036,-3191.4431643366115,-6461.067561162423,9652.510725499036,3523.8992150120794,0.0,,6.8458068824260785,2024-07-03,2026-06-02,one-sided/negligible,,,live
E_PATA,1810,1402,178.7,0.22906023263931274,0.2085663229227066,0.018072549253702164,-0.0013579756487160921,0.015658369287848473,-0.0011294694850221276,0.018099922686815262,-246.0349494343636,-8976.644875388713,8730.609925954348,3686.1659678223004,5044.443958132047,8731.088687213814,801.4587805233774,110.91522177099249,1.0,12.06014692631036,2024-07-03,2026-09-11,same-sign,-0.21340186335146427,3608.2682725666255,faded (<25% in last 12m)
ASHERT_CATARI1_1,8680,7716,610.4,-0.030781522393226624,-0.023223737254738808,-0.0022331716027110815,0.00031896401196718216,-0.0016387616051360965,0.00013310366193763912,-0.0022402387112379074,126.62505310997149,4529.288450652861,-4402.663397542889,-2283.6398918468303,-2119.0235056960587,6769.751526989554,1518.9301143774633,470.6841808274806,1.0,8.210447389604868,2024-07-03,2026-09-13,one-sided/negligible,0.029142760788090527,1846.246704303934,faded (<25% in last 12m)
WESLCO_HIDLBRG_1,1384,894,382.0,-0.05434112250804901,-0.05369669198989868,0.000631378497928381,0.0020902107935398817,0.0006213972228579223,0.0020934853237122297,0.0006924160406924784,-171.85503587051585,6442.572001752322,-6614.427037622839,-3060.8893674959645,-3553.5376701268738,6614.471576470785,6614.471576470785,6159.452358710415,0.9895666131621188,60.31543290536808,2026-04-17,2026-09-13,one-sided/negligible,0.054962519730906934,2963.688824998701,live
LARDVN_LOBO2_1,1627,1208,328.4,0.062429603189229965,0.08538277447223663,0.003472051117569208,0.002617824822664261,0.0020722392946481705,0.005795785691589117,0.0034753764048218727,-227.44217940372403,-6218.880803700822,5991.438624297098,2750.0989145089857,3241.3397097881125,6009.533913152027,6009.533913152027,0.8138804518821416,1.0,27.640848580638945,2026-02-04,2026-06-11,one-sided/negligible,-0.060357363894581795,2015.3411374130847,live
421__A,1716,1053,450.0,-0.1908242404460907,-0.11206716299057007,-0.10849745571613312,-0.028703700751066208,-0.10769807547330856,-0.03643234074115753,-0.10703549534082413,4171.179696990159,10156.599017855477,-5985.419320865318,-2632.6848916956806,-3352.7344291696377,5985.419320865318,5894.456599768691,115.00624906811088,1.0,28.28112249045588,2024-07-08,2026-09-13,same-sign,0.08312616497278214,2475.4990202062204,live
MDOPHR99_A,3653,2773,585.1,0.04848343878984451,0.07302319258451462,0.0014783540973439813,0.01502156350761652,0.002012992510572076,0.013258283957839012,0.0010757960844784975,-496.05517583284757,-6214.15453146189,5718.099355629042,2939.2234836502143,2778.875871978828,5718.099355629042,2061.1710816620493,1219.1507116984621,0.9873015873015873,19.614924261185166,2024-10-07,2026-09-13,one-sided/negligible,-0.04647044627927244,2527.6291099518403,live
FREER_LOBO1_1,2504,2154,223.2,0.008532979525625706,0.010213193483650684,-0.0001759985607350245,-0.0003325922880321741,-0.0001621629489818588,-0.0002831250021699816,-0.00017721878248266876,114.64693274628456,-5193.483127251873,5308.130059998158,3641.716030323552,1666.414029674606,5468.790072432836,3487.489889602245,241.98914995059673,0.990625,172.64612389892895,2024-07-15,2026-09-13,one-sided/negligible,-0.008695142474607565,3233.547417308325,live
COTULL_REVEIL1_1,2153,2113,16.4,0.08456871658563614,0.07782001793384552,0.0037504038773477077,-0.001170032424852252,0.0036872157361358404,-0.0012472820235416293,0.0038059286307543516,-246.85555233569298,-5392.724709019996,5145.869156684303,5041.370571073645,104.49858561065835,5153.810269306921,2610.152734688506,906.5299948639664,1.0,29.725821606497956,2024-07-18,2026-09-13,one-sided/negligible,-0.0808815008495003,5080.220535439658,live
MAGRUD_VICTOR2_1,10151,9818,199.1,0.027324268594384193,0.02268378995358944,0.00753579568117857,0.0038249478675425053,0.004610186908394098,0.002263688948005438,0.00795335415750742,-1610.9609047504364,-6700.51062798432,5089.549723233884,1623.599838045132,3465.949885188752,5099.884326255409,3118.261399502476,857.0388003112317,1.0,8.349456513394566,2024-07-03,2026-09-13,one-sided/negligible,-0.022714081685990095,1861.9860296039087,live
FORTMA_YELWJC1_1,7684,5998,1240.8,-0.0042077223770320415,-0.0007398648886010051,-0.002872222801670432,-0.000490250822622329,-7.841835031285882e-05,-0.004137376323342323,-0.002871684031561017,-4006.6035548772,-7753.727442230388,3747.1238873531884,860.5113297757653,2886.612557577423,5087.797299388954,1681.8488699006361,84.46894762699048,1.0,36.28906202196719,2024-07-20,2026-09-13,one-sided/negligible,0.004129304026719183,898.7917224591613,live
ARROZ_EL_CAM1_1,902,698,116.5,-0.014356091618537903,-0.013826857320964336,0.11434685438871384,0.10539674013853073,0.002764000091701746,,0.11460309475660324,-4553.15224475139,491.3337488920812,-5044.485993643471,-1432.126446942164,-3612.3595467013074,5044.485993643471,1824.6180734451038,0.1316350158303976,1.0,15.020720637345054,2024-12-03,2026-09-02,one-sided/negligible,0.01712009171023965,179.49496817593518,live
BLESSING_69A1,5865,5756,75.4,-0.005040270742028952,-0.004843477159738541,0.0025403755716979504,0.005100138485431671,0.0012534033739939332,0.0013787499628961086,0.0026068161241710186,-1994.147777630792,2537.811378255072,-4531.959155885865,-3190.9998470615565,-1340.9593088243078,4689.478855918349,3858.632287592543,9.882480797360017,0.7013888888888888,63.78917932675625,2024-07-08,2026-09-13,one-sided/negligible,0.006293674116022885,2310.8515740049675,live
I_KALO,1464,1266,118.7,-0.23916712403297424,-0.22904032468795776,-0.015053479000926018,0.010555204935371876,-0.013885017484426498,,-0.015122092328965664,39.432278516050566,4410.1726284942315,-4370.740349978181,-1490.695385000865,-2880.0449649773163,4370.740349978181,1987.7840800673305,16.39248499027599,1.0,5.09474723616918,2024-07-05,2026-08-09,same-sign,0.22528210654854774,1453.058323355876,live
PAWNEE_SPRUCE_1,269,0,163.3,,0.28215697407722473,,0.004554935730993748,,0.004792930092662573,,-69.54840559378954,-4122.116701926322,4052.568296332533,0.0,4052.568296332533,4052.568296332533,3845.7257625419297,2802.109107337019,1.0,,2024-07-04,2026-09-13,one-sided/negligible,,,live
GEO_SIG_1,969,745,110.6,0.09064743667840958,0.08241035789251328,0.002097093965858221,-0.0024460013955831528,0.0025671522598713636,-0.0024300001095980406,0.002133806236088276,16.43676933871545,-3805.2387567959954,3821.675526134711,1403.3036796460356,2418.3718464886756,3821.675526134711,3446.193320133214,34.40159237632906,1.0,21.116181209067744,2025-01-25,2026-09-13,one-sided/negligible,-0.08808028441853821,1385.639838812419,live
BURNS_RIOHONDO_1,981,700,203.8,-0.04907345771789551,-0.051026515662670135,0.0005558503326028585,0.002617115620523691,,,0.0005558503326028585,-94.98887858774893,3643.7271351927966,-3738.716013780546,-2334.9000130103286,-1403.8160007702172,3738.716013780546,0.0,0.0,,66.49325850818839,2024-07-03,2025-08-20,one-sided/negligible,0.049629308050498366,2310.010086849012,no bind since Mar-2026
610__B,517,335,139.2,0.009302125312387943,-0.0008118647965602577,0.02028561569750309,0.012677707709372044,0.006333365570753813,0.006746158469468355,0.02029421180486679,-3565.1676934628435,-155.28156200821343,-3409.8861314546302,-1408.479861887834,-2001.4062695667965,3468.0426002235445,183.78310748088794,145.66613145009615,1.0,271.0872157984587,2024-09-03,2026-09-10,same-sign,-0.0029687597416341305,269.6055922659396,faded (<25% in last 12m)
15060__B,6890,4613,1702.4,-0.007936063222587109,0.004171309527009726,-0.0045639146119356155,0.007556632161140442,,,-0.0045639146119356155,-2566.3245974018623,615.2471424388075,-3181.571739840669,-1220.2315373302918,-1961.3402025103778,3181.8393253119416,669.7534607815189,0.0,,77.52072319436637,2024-07-03,2025-11-18,one-sided/negligible,0.003372148610651493,1205.8907836634905,no bind since Mar-2026
587__A,4151,2833,1093.1,-0.0050254580564796925,-0.000789554906077683,-0.008009186014533043,-0.004105262458324432,-0.008730173110961914,-0.0032747220247983932,-0.008017352782189846,5682.05655002302,2688.262433156321,2993.7941168666985,1443.7268604220635,1550.067256444635,2994.6225467696777,2488.875765233078,10.024211068317527,1.0,151.90659945049154,2024-10-24,2026-09-12,same-sign,-0.0037047150544822216,1594.3292963797844,live
BLESSING_1382,5064,4457,389.3,-0.07454586774110794,-0.07297792285680771,-0.047288451343774796,-0.03392386436462402,-0.04242955148220062,-0.021120063960552216,-0.04773376137018204,3991.6192315001585,6844.275708738835,-2852.6564772386773,-1482.7093128404958,-1369.9471643981813,2967.347520173173,1616.0617126580328,110.04028574695499,0.9976958525345622,11.394271714872863,2024-07-06,2026-09-13,same-sign,0.03211631625890732,1631.0036452473105,live
BURNS_HEIDLBRG_1,588,421,121.6,-0.05541455000638962,-0.06154751405119896,0.0006042346358299255,0.0019328886410221457,,,0.0006042346358299255,-56.186018190357565,2631.054684102923,-2687.2407022932807,-1246.2498438325747,-1440.9908584607062,2687.2407022932807,2624.588652701409,0.0,,46.56080038945529,2025-08-26,2026-05-06,one-sided/negligible,0.05601878464221954,1098.0856483600187,live
6437__F,11374,9028,1674.6,-0.006308304145932198,-0.0005874555790796876,-0.0036688167601823807,0.002170963678508997,-0.0036010409239679575,0.0016905945958569646,-0.003649043617770076,568.5434438623108,3243.1265825881464,-2674.583138725836,-1204.5198187626422,-1470.0633199631934,2674.583138725836,1376.076484229849,150.475713615082,1.0,46.29983052259788,2024-07-04,2026-09-13,one-sided/negligible,0.00270726322196424,1131.6221384070557,live
COLETO_VICTOR2_1,3004,2626,206.3,0.04635888710618019,0.06381621211767197,-0.024568527936935425,-0.022224199026823044,-0.0206474456936121,,-0.024621130898594856,747.2298695739033,-1898.9393514308904,2646.169221004793,1091.02823636432,1555.1409846404736,2646.169221004793,1013.1412048402806,11.291414987383178,1.0,5.506059025183541,2024-07-16,2026-07-15,OPPOSING,-0.06700633279979229,968.838602397421,live
DEL_MA_LAREDO1_1,1494,1359,87.4,0.023486630991101265,0.04838121682405472,0.002028190763667226,0.0015188563847914338,0.0014982381835579872,0.0038103333208709955,0.0020288098603487015,-158.63881968187593,-1889.179123964359,1730.5403042824835,980.7664623238618,749.7738419586215,2468.091520476183,17.506879428575758,0.43739062729582656,1.0,25.837741723967284,2024-07-03,2026-07-13,one-sided/negligible,-0.021988392807543278,772.0892330152761,faded (<25% in last 12m)
HARGRO_TWINBU1_1,11421,9550,1340.9,-0.0011028078151866794,0.0032806936651468277,0.0001298996212426573,0.004192911088466644,0.0001393909624312073,0.0034938857425004244,0.00012738844088744372,-6137.6774276234555,-3700.880325468862,-2436.797102154593,-1224.5324932006995,-1212.2646089538935,2446.6381638935795,481.9056596348622,20.546554082277126,0.9901960784313726,133.80844800008413,2024-07-03,2026-09-13,one-sided/negligible,0.0012421987776178867,1587.3693946632175,faded (<25% in last 12m)
VICTO_WARBU_1A_1,499,420,49.6,-0.03862622752785683,-0.03616306930780411,0.0031992217991501093,0.005970614030957222,0.0017964999424293637,,0.0031990795396268368,-276.7398455219275,2165.6486515141246,-2442.3884970360523,-780.8795881710685,-1661.5089088649836,2442.3884970360523,952.9731618800481,0.7070815796032548,1.0,50.639745344221595,2024-07-06,2026-09-05,one-sided/negligible,0.04042272747028619,859.7385825899487,live
BR_HOC09_A,927,762,137.7,0.008110752329230309,0.021148931235074997,-0.03652598336338997,-0.032423656433820724,-0.027885962277650833,,-0.03788075968623161,1604.0061608550943,-823.6869351664766,2427.693096021571,871.3572521704991,1556.3358438510718,2427.693096021571,2329.5389383532042,18.22835061789374,1.0,22.406006444710016,2024-09-09,2026-09-13,OPPOSING,-0.03599671460688114,614.5854760362665,live
COLETO_ROSATA1_1,519,327,129.6,0.018984220921993256,0.01585640199482441,0.008434206247329712,0.006811292842030525,,,0.008434206247329712,-654.6688896167228,-2722.34369345429,2067.674803837567,435.27154763822546,1632.403256199342,2252.1115700021264,1520.0312017375834,0.0,,96.05730625778858,2024-07-04,2026-05-05,same-sign,-0.010550014674663544,331.38375893546055,live
JN_WAP64_A,1157,775,300.8,0.05211564525961876,0.05062452703714371,-0.015805019065737724,-0.016735000535845757,,,-0.015805019065737724,551.6796111520334,-1522.0855378375102,2073.7651489895434,1071.5317065734453,1002.2334424160983,2073.7651489895434,0.0,0.0,,20.2895729299142,2025-02-16,2025-06-18,OPPOSING,-0.06792066432535648,1068.012986015095,no bind since Mar-2026
196T171_1,648,500,107.2,0.005873419344425201,-0.0018159167375415564,0.036698371171951294,0.030294882133603096,,,0.036698371171951294,-2137.97230892254,-83.45225224712502,-2054.5200566754147,-882.4429801962469,-1172.0770764791675,2054.5200566754147,78.20430367338122,0.0,,48.53577007378545,2024-07-17,2026-03-16,same-sign,0.030824951827526093,748.0563872181594,faded (<25% in last 12m)
OB_WAP98_A,606,421,108.2,0.12320014089345932,0.08081654459238052,0.0024242112413048744,-0.03666926175355911,-0.003918943926692009,-0.03908579424023628,0.002343648113310337,461.9721789197962,-1585.291221176895,2047.2634000966912,560.169544079974,1487.0938560167172,2047.2634000966912,793.97448553825,589.1347386915587,1.0,11.028368145953023,2024-07-03,2026-09-11,one-sided/negligible,-0.12711908482015133,590.2066636905413,live
6945__A,2941,2266,442.2,-0.05310917645692825,0.007087205071002245,-0.03235139325261116,0.027582528069615364,-0.035615913569927216,0.020843908190727234,-0.03187992423772812,-403.11751906324116,1585.6179793160525,-1988.7354983792936,-773.1149135467422,-1215.6205848325512,1988.7354983792936,1988.7354983792936,555.3612540542545,0.9992684711046086,16.630176966489987,2025-11-07,2026-09-13,same-sign,0.017493262887001038,659.2157863678717,live
50__A,409,350,36.7,0.15663403272628784,0.05207289010286331,0.19682961702346802,0.08862695097923279,,,0.19682961702346802,-5908.013252397844,-4021.4259112140476,-1886.5873411837968,-469.7960241804831,-1416.7913170033137,1903.6428228188306,1324.1379472421636,0.0,,33.29171143987349,2024-11-28,2026-03-15,same-sign,0.040195584297180176,468.36292775259136,live
GANSO_MAVERI1_1,3837,3638,124.0,0.020203672349452972,0.016760559752583504,0.007476476486772299,0.004109811969101429,0.008013847284018993,,0.007475490681827068,-857.6331039410398,-2748.9413052721725,1891.3082013311328,876.9343533154065,1014.3738480157261,1899.3774449881184,499.45732507587775,8.618780850374606,0.9863013698630136,17.72458686998566,2024-07-06,2026-06-20,same-sign,-0.012189825065433979,786.0248731934516,live
TREADW_YELWJC1_1,5507,4195,1001.2,-0.021056264638900757,-0.012219429016113281,-0.01406366191804409,-0.005696142558008432,-0.013964876532554626,-0.0056780604645609856,-0.01394351851195097,2520.431778904086,4354.048048130683,-1833.6162692265973,-767.3159955816582,-1066.3002736449391,1845.770360212253,960.4922691499038,498.57545605358007,1.0,26.472236713282992,2024-07-03,2026-09-13,same-sign,0.00709138810634613,787.5059747003237,live
COTULA_COTULL1_1,1241,1241,0.0,0.08405422419309616,,0.00365213374607265,,0.0037479333113878965,,0.0037442215252667665,-83.48766142783643,-1891.0079566931818,1807.5202952653453,1807.5202952653453,0.0,1837.0500737030343,1444.7517002810018,468.5858225229458,1.0,18.01082192273851,2024-08-05,2026-09-13,one-sided/negligible,-0.08030629088170826,1794.960439693494,live
LPLMK_LPLNE_1,9182,7853,896.1,-0.005130219738930464,-0.00042605301132425666,-0.0031670103780925274,0.0015834339428693056,-0.003141852794215083,0.0012385695008561015,-0.0031510205008089542,763.1546367749476,2484.789591535677,-1721.63495476073,-883.1154056915504,-838.5195490691792,1721.6634048474427,986.4441389089404,130.56545994322028,0.9993808049535604,55.64261820810665,2024-07-03,2026-09-13,one-sided/negligible,0.0019883669447153807,868.8397645132641,live
CKT_3124_1,1216,1105,72.9,0.10675470530986786,0.12212424725294113,-0.005392742343246937,-0.025950418785214424,0.001232666545547545,,-0.005381298717111349,196.43740864929956,-1452.8587345248038,1649.2961431741035,976.1909647965513,673.1051783775523,1652.8034661504691,325.16476348978296,0.8752771491090243,1.0,6.813457004892918,2024-07-09,2026-08-13,one-sided/negligible,-0.10552203876432031,794.4617109792209,faded (<25% in last 12m)
260_A_1,494,331,111.6,-0.11798538267612457,-0.022712312638759613,-0.22492153942584991,-0.13032850623130798,,-0.07574944198131561,-0.22492153942584991,2929.3030677620945,1293.9501044326073,1635.3529633294868,982.018797300756,653.3341660287308,1635.3529633294868,5.398129243403673,5.398129243403673,1.0,27.668740069465514,2024-09-17,2026-06-19,same-sign,-0.10693615674972534,979.3590680199401,faded (<25% in last 12m)
6520__E,4372,3048,1019.3,-0.002790214493870735,0.002504988107830286,-0.00164319621399045,0.0036823691334575415,,,-0.00164319621399045,-1577.7646926537004,11.9780229649607,-1589.7427156186614,-728.2558220308711,-861.4868935877903,1590.0611280073363,6.318249171716161,0.0,,205.67100454169005,2024-07-03,2025-10-17,one-sided/negligible,0.0011470182798802853,719.0488088408107,no bind since Mar-2026
STEWAR_VERTRE1_1,93,22,56.0,0.15704108774662018,0.07402200996875763,-0.0006140032201074064,0.0012463054154068232,,,-0.0006140032201074064,-200.31574808372045,-1762.7990457733008,1562.4832976895802,215.48934482003096,1346.9939528695493,1562.4833054802584,0.0,0.0,,59.172000313347034,2024-08-21,2025-04-08,one-sided/negligible,-0.15765509096672758,205.2328760258471,no bind since Mar-2026
ESCOND_GANSO1_1,4578,4158,246.9,0.01804576814174652,0.0162954144179821,0.006696656346321106,0.0038353283889591694,0.002064655302092433,0.0019861406181007624,0.006695270538330078,-737.6110914525378,-2267.896548853791,1530.285457401253,911.766360106471,618.5190972947823,1559.9194215925168,1012.1313774000839,107.84361865412181,0.9985096870342772,16.515667622983788,2024-07-06,2026-09-13,one-sided/negligible,-0.015981112839654088,1097.4573137895118,live
POT_PEAR_1,1942,1457,317.0,0.0035881029907613993,0.0037369041237980127,0.0003179224440827966,-3.4231470635859296e-05,-7.719999848632142e-05,-0.00019604695262387395,0.0003186647081747651,-73.14673610400587,-1624.9113154565316,1551.764579352526,733.5110274452318,818.2535519072942,1552.3398811803925,122.57483381707303,117.08593514254244,0.315136476426799,129.94901639270913,2024-08-12,2026-09-01,one-sided/negligible,-0.0036653029892477207,693.9727690669348,faded (<25% in last 12m)
1715__B,415,172,155.9,-0.03018791787326336,-0.016576075926423073,-0.016850197687745094,-0.0035147685557603836,-0.01819339580833912,-0.003517571371048689,-0.015676533803343773,696.8586334552772,2217.3563544263593,-1520.4977209710826,-538.4782500923611,-982.0194708787214,1520.4977209710826,1328.661549537753,1284.247620451885,1.0,256.41179664342036,2025-05-13,2026-09-13,same-sign,0.01199452206492424,528.9923558379761,live
LASPUL_RAYMND1_1,2585,1589,631.7,0.01892874389886856,0.019707921892404556,-0.0003773825883399695,-0.00015207810793071985,,,-0.0003773825883399695,7.161510532418722,-1051.2550537953139,1058.4165643277327,515.3354601313567,543.081104196376,1512.360431392434,462.4310029205963,0.0,,16.67552108341732,2024-07-03,2026-04-04,one-sided/negligible,-0.01930612648720853,511.5622139304656,live
6471__C,2253,1675,415.2,-0.003869719337671995,0.0029530785977840424,-0.00229071406647563,0.004704385530203581,,,-0.00229071406647563,-696.1518984458764,813.9198768671089,-1510.0717753129852,-790.3281485737625,-719.7436267392227,1510.886317254261,0.0,0.0,,268.6327645409118,2024-07-03,2025-02-13,one-sided/negligible,0.0015790052711963654,710.4890233038043,no bind since Mar-2026
SEA_AAT1,1923,1439,316.4,-0.0030480334535241127,-0.0008248342201113701,-0.0021832939237356186,0.00015325882122851908,-0.0021032809745520353,1.596285255800467e-05,-0.0021338353399187326,1009.4479102566886,2167.7789411699773,-1158.3310309132887,-635.449873242058,-522.8811576712308,1500.5953106628272,1297.7205079733021,873.8850399622436,1.0,361.88409551188266,2024-07-17,2026-09-12,one-sided/negligible,0.0009447524789720774,491.98099982666815,live
BI_WAP50_A,815,636,121.8,0.04002310335636139,0.046212367713451385,-0.01794896274805069,-0.020480943843722343,-0.010449251160025597,-0.01037860568612814,-0.01901407726109028,491.8111651341903,-972.3236626925827,1464.1348278267728,675.3442277527356,788.7906000740372,1464.1348278267728,173.56382798657674,114.30474988179049,1.0,16.31094811579766,2024-07-16,2026-09-11,OPPOSING,-0.050472354516386986,523.588243888122,faded (<25% in last 12m)
1710__A,739,561,105.3,-0.028111344203352928,-0.01591620035469532,-0.016304299235343933,-0.00362149509601295,-0.015143965370953083,-0.0033040856942534447,-0.015386935323476791,1455.0584956858243,2912.2370792577276,-1457.1785835719033,-958.4558026649465,-498.7227809069567,1457.6576632912256,1457.6576632912256,1073.3549135299013,1.0,141.74609084264003,2025-11-25,2026-09-13,same-sign,0.012967378832399845,1031.1602197202028,live
262_A_1,464,247,162.8,0.08350848406553268,0.054158635437488556,-0.029232002794742584,-0.04038945958018303,,,-0.029232002794742584,254.76905277237103,-592.6656637076476,847.4347164800188,442.3561859129784,405.0785305670403,1359.3517178073243,0.0,0.0,,16.44253841872225,2024-11-11,2025-05-31,OPPOSING,-0.11274048686027527,457.8737272767452,no bind since Mar-2026
THWZEN71_A,1265,883,253.9,-0.06360602378845215,0.006179166492074728,-0.10971958935260773,-0.047198738902807236,,-0.01669520139694214,-0.10971958935260773,2012.8774418205405,661.4112994642959,1351.4661423562447,612.6190430232818,738.8470993329629,1351.4661423562447,1180.82132497561,2.847214183202595,1.0,11.844721397618095,2024-07-31,2026-07-18,same-sign,-0.04611356556415558,482.29666335750693,live
AZTECA_HEC1_1,1089,1031,34.1,-0.04011744260787964,-0.044392991811037064,-8.599628927186131e-05,0.0027335186023265123,,,-8.599628927186131e-05,-18.27944193153028,1317.9150671769917,-1336.1945091085222,-1016.0514647891235,-320.14304431939854,1336.1945091085222,137.47338904287392,40.01793144600755,0.0,22.14573033673781,2024-07-11,2026-08-09,one-sided/negligible,0.04003144631860778,914.0079092314893,faded (<25% in last 12m)
OB_WAP99_A,635,574,40.4,0.1251356452703476,0.09212341904640198,-0.0015468350611627102,-0.048588912934064865,-0.00342204119078815,-0.03857582435011864,-0.0019116492476314306,158.47963262586805,-1146.597679968574,1305.0773125944422,934.9378604173035,370.13945217713876,1305.0773125944422,573.6061567413271,486.9443290530374,1.0,12.328613232522684,2024-07-15,2026-09-13,one-sided/negligible,-0.12855768646113575,909.7544088127275,live
BI_SMR98_A,628,353,190.9,0.04426269605755806,0.04768887534737587,-0.021650144830346107,-0.017000041902065277,,-0.021905001252889633,-0.021650144830346107,346.9394884445743,-913.731875625439,1260.6713640700132,463.89410600840347,796.7772580616097,1260.6713640700132,133.53498916258104,133.53498916258104,1.0,19.498575051470787,2024-07-30,2026-07-21,OPPOSING,-0.06591284088790417,453.67788564268346,faded (<25% in last 12m)
EU_SF_09_A,458,328,97.7,0.06090500205755234,0.04355045408010483,0.018539467826485634,-0.00022746708418708295,,,0.018539467826485634,-320.45320261723583,-1570.4728524691589,1250.0196498519228,801.6876948124846,448.3319550394384,1250.0196498519228,0.0,0.0,,53.28182615505577,2024-12-02,2025-02-13,same-sign,-0.042365534231066704,740.3986737959694,no bind since Mar-2026
THWZEN98_A,1293,987,214.0,-0.06380550563335419,-0.0011837659403681755,-0.10295388102531433,-0.04409370943903923,-0.08258652687072754,-0.03546544909477234,-0.10386309027671814,2304.766753460837,1070.3549303681018,1234.4118230927352,625.5978304171731,608.8139926755622,1241.8397258508567,1134.1652337112928,329.60335569398865,1.0,14.193664641323355,2025-01-11,2026-09-13,same-sign,-0.018781021237373352,263.1060873430061,live
DILLEYSW_69A1,1535,934,455.8,-0.0016022364143282175,-0.0013778788270428777,-0.0003967689990531653,-9.768189920578152e-05,,,-0.0003967689990531653,97.72311950390683,845.6245626993841,-747.9014431954773,-386.6885007847359,-361.2129424107414,1166.8637765950675,0.0,0.0,,238.8841273306811,2024-07-03,2024-11-01,one-sided/negligible,0.0012054674152750522,268.96120744299816,no bind since Mar-2026
DOWOAS18_A,374,201,115.8,0.049910854548215866,0.09183810651302338,-0.04700207710266113,-0.0036979434080421925,,,-0.04700207710266113,249.22226663221167,-906.3391293741104,1155.561396006322,323.9427961690817,831.6185998372401,1155.561396006322,197.37690164707297,0.0,,16.931681567534284,2024-11-14,2026-05-04,OPPOSING,-0.096912931650877,329.82067859626164,faded (<25% in last 12m)
651__B,5231,3728,1129.4,0.008025743998587132,0.006519594229757786,0.004050638992339373,0.001171332085505128,-0.003855086164548993,0.0012557724257931113,0.0040116203017532825,-663.1428073700373,-1779.3461729540572,1116.20336558402,496.95740617114916,619.2459594128708,1116.20336558402,622.1328475537015,266.60188538708945,1.0,34.76261936657517,2024-07-03,2026-09-13,one-sided/negligible,-0.011880830163136125,1539.6967196122582,live
WAPWLY72_A,1554,1006,311.4,0.07414745539426804,0.06346426159143448,-0.023214684799313545,-0.024113278836011887,-0.01974756084382534,-0.021953614428639412,-0.026346655562520027,287.0225896700546,-776.7095027268475,1063.732092396902,447.27045344117505,616.461638955727,1063.732092396902,746.7901972829565,384.3162948641017,1.0,4.489059643680369,2025-05-06,2026-09-11,OPPOSING,-0.09389501623809338,424.0293301059607,live
255T279_1,1119,970,86.0,-0.03562459349632263,-0.028820157051086426,-0.014466291293501854,-0.006564903538674116,-0.012216000817716122,-0.004083775449544191,-0.014496627263724804,572.0300747642699,1624.112795464393,-1052.0827207001232,-592.930878556177,-459.1518421439462,1052.4615880580925,125.5803043105443,29.586551190838996,1.0,25.348563884328282,2024-07-03,2026-09-13,same-sign,0.02340859267860651,575.5729807472001,faded (<25% in last 12m)
L_MILP_STEWAR1_1,224,219,1.7,0.2197245955467224,0.24276535212993622,0.00048277006135322154,0.008481696248054504,,,0.00048277006135322154,-2.1967639647853807,-1038.4630757630025,1036.2663117982174,1032.8888000640259,3.3775117341914056,1036.2663117982174,74.76339980995303,0.0,,22.308383521338985,2024-11-03,2025-12-11,one-sided/negligible,-0.2192418254853692,1071.1138291792931,no bind since Mar-2026
F2_11_1,261,130,68.3,0.027947796508669853,0.028485117480158806,0.006609795149415731,0.00328746042214334,0.00604325020685792,0.0029646968469023705,0.006619847845286131,-167.183987770768,-1172.2176206671575,1005.0336328963893,142.02746861818014,863.0061642782093,1005.0336328963893,128.47001479730048,10.69216979702469,1.0,49.56799993873216,2024-11-20,2026-09-05,same-sign,-0.021904546301811934,141.14939146700206,faded (<25% in last 12m)
NCARBI_SEADRF1_1,217,164,26.3,-0.03764326125383377,-0.04123733937740326,0.006198250688612461,0.009177438914775848,,,0.006198250688612461,-174.54293890194094,800.5519712877187,-975.0949101896598,-173.5889427983784,-801.5059673912814,979.6368272210578,117.3220361710361,0.0,,22.84381074333427,2024-07-06,2026-01-04,OPPOSING,0.04384151194244623,164.24718104843885,no bind since Mar-2026
CKT_943_1,552,512,26.2,0.021203696727752686,0.0208221934735775,0.014960018917918205,0.013262656517326832,0.014232958666980267,,0.014853020198643208,-1987.1622728835596,-2962.499919314626,975.3376464310664,484.30749869075953,491.0301477403069,975.3376464310664,857.6290020370798,2.644200214272132,1.0,167.98616372713695,2024-07-15,2026-09-09,same-sign,-0.006970738060772419,599.5456231300611,live
BLESSI_LOLITA1_1,269,57,105.4,-0.0030662992503494024,0.03580433130264282,-0.00527558196336031,-0.019120052456855774,,,-0.00527558196336031,205.91953305218578,-325.2462529569796,531.1657860091655,-16.013022406492382,547.1788084156578,946.0594866195461,340.62043853647384,0.0,,8.356771953796086,2024-07-10,2026-05-13,one-sided/negligible,-0.002209282713010907,1.0523608934034763,live
BLESSI_PAVLOV1_1,1383,1335,19.9,0.0065454645082354546,0.007240024860948324,-0.05989450588822365,0.003174937330186367,-0.05410649999976158,-0.06198051944375038,-0.062388524413108826,723.6383005221262,-103.403808770406,827.0421092925322,688.4025212949764,138.63958799755588,932.3438888259,314.8951782867382,256.4805972707496,1.0,6.237370020452336,2024-07-03,2026-09-13,OPPOSING,-0.060651964507997036,505.04217471346595,live
NLARSW_PALAFO1_1,1071,1070,0.2,0.07978856563568115,0.10489000380039215,0.0018075538100674748,-0.0033421493135392666,0.001973999897018075,,0.0018085793126374483,-20.487441711433274,-950.926225140601,930.4387834291679,929.3379674264313,1.1008160027364888,930.4572740002309,707.1281459442766,3.1364039254258387,1.0,10.943928989034829,2025-01-25,2026-07-17,one-sided/negligible,-0.07781456573866308,911.2088774794671,live
HAMILT_MAVERI1_1,3958,2828,672.8,-0.020771490409970284,-0.0172217208892107,-0.007828431203961372,-0.003964518662542105,-0.008115904405713081,-0.0034291117917746305,-0.007825822569429874,343.6595667329865,1043.9048299358462,-700.2452632028597,-416.36576035274925,-283.87950285011044,906.5080067667276,571.8485152946922,20.506950591265195,1.0,10.725469248849734,2024-07-03,2026-09-13,same-sign,0.012655586004257202,383.8645145999497,live
CKT_3136_1,359,337,16.8,-0.01826556771993637,-0.024229710921645164,0.09674887359142303,0.08935742825269699,,,0.09674887359142303,-805.8964696382754,98.73930134635884,-904.6357709846343,-526.0961623789626,-378.5396086056717,904.6357709846343,904.584534701251,0.0,,15.247608306491609,2024-07-17,2026-05-12,OPPOSING,0.1150144413113594,590.9952657877789,live
JCKSTP18_A,176,98,54.8,0.12047646939754486,0.1309841424226761,-0.07749032229185104,-0.062248509377241135,,,-0.07749032229185104,317.4043214408351,-584.5367717532888,901.9410931941238,387.8920620791614,514.0490311149624,901.9410931941238,13.227294643719992,0.0,,19.943469555706393,2024-12-09,2025-09-23,OPPOSING,-0.1979667916893959,386.918178943637,no bind since Mar-2026
14040__I,862,481,329.0,-0.005276612937450409,0.0034913516137748957,-0.0030123540200293064,0.005753662902861834,,,-0.0030123540200293064,-822.3398730196202,73.2128857041389,-895.5527587237593,-370.32535403431393,-525.2274046894454,895.5527587237593,0.0,0.0,,341.5757398341401,2024-10-17,2024-12-22,one-sided/negligible,0.0022642589174211025,372.01305506409204,no bind since Mar-2026
261T272_1,357,331,18.0,-0.002282217610627413,0.0019063509535044432,0.0038988443557173014,0.007207884918898344,,,0.0038988443557173014,-787.639893707111,98.57065181949415,-886.2105455266052,-611.7123048911853,-274.49824063541985,886.2105455266052,0.0,0.0,,310.9052137311357,2024-08-12,2025-04-25,one-sided/negligible,0.006181061966344714,636.0907736632249,no bind since Mar-2026
BI_JN_64_A,673,346,197.8,0.023681337013840675,0.031826429069042206,-0.023005802184343338,-0.011302338913083076,-0.021231379359960556,-0.009682340547442436,-0.027756264433264732,314.35012267135363,-549.1055246006387,863.4556472719923,274.33846080405056,589.1171864679417,863.4556472719923,593.3578295957001,397.61937333562673,1.0,17.285794770463525,2025-06-18,2026-09-11,OPPOSING,-0.04491271637380123,268.61779124626145,live
N_TO_H,328,257,27.1,-0.3291696608066559,-0.05067615583539009,-0.6118455529212952,-0.33230331540107727,-0.5879108309745789,-0.3239699900150299,-0.616973876953125,1345.4700207472974,488.25793085480836,857.2120898924888,333.2583888657391,523.9537010267499,857.2120898924888,158.1942459663648,30.49687810987234,1.0,4.562680932497497,2024-07-29,2026-09-08,same-sign,-0.258741170167923,303.402224719359,faded (<25% in last 12m)
COYCTP_PLEASA1_1,124,84,27.3,0.0328301265835762,0.042247697710990906,0.004357893019914627,0.0017306605586782098,,,0.004357893019914627,-65.20397471025355,-893.7170505747976,828.5130758645439,312.70917275280226,515.8039031117416,856.8929543855095,0.0,0.0,,103.99572595044793,2025-01-19,2025-02-14,one-sided/negligible,-0.028472233563661575,248.72321030623036,no bind since Mar-2026
SCARBI_STILLM1_1,946,862,45.9,0.011545051820576191,-0.018579967319965363,-5.260110629023984e-05,3.828080662060529e-05,,,-5.260110629023984e-05,-35.36776909834091,-511.6547693861291,476.2870002877882,148.57011076966484,327.7168895181233,833.8995443356157,11.413740482832054,0.0,,10.081357301688637,2024-07-18,2025-10-26,one-sided/negligible,-0.01159765292686643,100.78511156040875,no bind since Mar-2026
WESTEX,4876,3016,1465.8,0.04814438149333,-0.14682479202747345,0.03009963035583496,-0.16450759768486023,0.03205612301826477,-0.14068643748760223,0.030051836743950844,3189.3282036969185,2384.3025778981837,805.0256257987348,393.6920449305544,411.33358086818043,805.9858008845476,414.03654152178694,96.37175973702688,1.0,7.183520227775582,2024-07-03,2026-09-13,same-sign,-0.01608825847506523,348.5601158389041,live
CKT_3121_1,401,391,6.7,-0.0159841850399971,-0.031101200729608536,0.09666825085878372,0.08635739982128143,,,0.09666825085878372,-748.3295285867983,54.68953910450469,-803.019067691303,-648.6592678461589,-154.35979984514415,803.019067691303,802.5200013806788,0.0,,17.209181639866646,2024-12-02,2026-05-13,OPPOSING,0.11265243589878082,758.0145865382212,live
I_FW_N,1301,933,238.6,-0.04181309789419174,0.004291120916604996,-0.023871013894677162,0.022496651858091354,,,-0.023871013894677162,110.22291405353349,912.8709577651234,-802.6480437115899,-428.68998391221976,-373.9580597993702,802.6480437115899,802.6480437115899,0.0,,25.265824217614814,2025-09-16,2026-02-18,same-sign,0.01794208399951458,422.94899722064395,no bind since Mar-2026
FB_RS_60_A,342,226,54.0,0.012114294804632664,0.010810043662786484,0.4055907726287842,0.17669302225112915,0.4422433376312256,0.1780296415090561,0.16626280546188354,-766.6868289914952,-28.73050100048689,-737.9563279910084,-443.20062995188346,-294.75569803912487,798.310275154529,798.310275154529,779.2706988643149,1.0,4.8311991019636,2026-05-14,2026-09-13,same-sign,0.4301290428265929,469.6368242676995,live
361T361_1,1127,1090,18.2,-0.026537492871284485,-0.01925228163599968,-0.0005506922025233507,0.008923559449613094,-0.0002512666687835008,0.009981458075344563,-0.0005813912721350789,-54.00194003485349,738.4490613465216,-792.4510013813751,-582.6154553724431,-209.8355460089321,792.451518892708,90.49672314051672,30.504935565352902,0.8947368421052632,21.275388089301696,2024-07-03,2026-09-10,one-sided/negligible,0.026286226202500984,609.5821336089039,faded (<25% in last 12m)
CELANE_KLEBER1_1,6053,5964,65.8,0.023457007482647896,0.03547132387757301,-0.0003736098879016936,-0.0010548540158197284,-0.00041006930405274034,,-0.0003784011350944638,14.942166504466078,-712.742818513568,727.6849850180341,339.5691608700073,388.1158241480268,789.024482273172,710.3201003296522,9.965927728745683,0.9982486865148862,1.7299830659532263,2024-07-03,2026-09-10,one-sided/negligible,-0.023867076786700636,246.25140505649196,live
HON_DEVI_1,967,584,276.7,0.007067228201776743,0.006234361790120602,0.0002629580267239362,-0.0003674425242934376,0.0003531249822117388,-8.697487646713853e-05,0.0002736373571678996,20.647334453235736,-753.5089717712732,774.156306224509,233.6458454352205,540.5104607892883,774.156306224509,774.156306224509,152.5902689280656,1.0,60.90729113869777,2025-12-31,2026-09-13,one-sided/negligible,-0.006714103219565004,238.81969828511924,live
MV_YUT_RAYMND1_1,226,223,1.0,0.11836429685354233,0.11876267194747925,-0.0013294554082676768,-0.0035140924155712128,,,-0.0013294554082676768,9.748675473974192,-764.391575390085,774.1402508640592,769.1833210977966,4.95692976626257,774.1402508640592,5.42739634726604,0.0,,27.64427353972945,2024-10-17,2026-02-22,one-sided/negligible,-0.11969375226181,737.8728427604253,no bind since Mar-2026
PANTER_WESMER1_1,143,91,27.2,-0.1709296554327011,-0.13415764272212982,0.0008180958684533834,0.0010739099234342575,,0.0020589285995811224,0.0008180958684533834,-4.595333581343311,747.9608095969695,-752.5561431783128,-484.20331343414,-268.3528297441728,752.5561431783128,124.50613356644561,16.171401461974405,1.0,30.564000025555327,2024-11-27,2026-06-30,one-sided/negligible,0.1717477513011545,477.6861430393376,faded (<25% in last 12m)
583T583_1,574,503,42.9,-0.0336693711578846,-0.030537793412804604,-0.014666683971881866,-0.0073344893753528595,-0.011789156123995781,,-0.014679497107863426,430.2881696538243,1174.5113955897395,-744.2232259359153,-402.3992284881824,-341.82399744773284,744.4049426760466,245.1528363840965,10.684635979123414,1.0,40.276781215993445,2024-07-03,2026-09-13,same-sign,0.021880215033888817,443.2761108410517,live
BIG_FO_PLEASA1_1,1928,1187,396.1,0.009704395197331905,0.006459906231611967,-0.0007115538464859128,-0.0012971641262993217,-0.001155683072283864,-0.0014715362340211868,-0.0006992289563640952,69.28877986949423,-659.5370342603559,728.8258141298501,415.4029010145132,313.4229131153369,728.8887447524538,223.4759181266266,26.179625248812954,1.0,27.08133279392849,2024-07-29,2026-09-13,one-sided/negligible,-0.01086007826961577,349.1031024258524,live
CELANE_N_SHAR1_1,6711,6615,77.1,0.004345837980508804,0.03431335464119911,1.0667326023394708e-05,-0.0006254350882954895,-0.00011179034481756389,,8.783968041825574e-06,6.953860361249233,-464.1376145740629,471.09147493531214,154.51181851895592,316.5796564163563,720.9518638378808,93.29888986867638,26.60021183495023,0.9926829268292683,1.5340184416654834,2024-07-03,2026-09-13,one-sided/negligible,-0.004457628325326368,45.2339260379882,faded (<25% in last 12m)
CKT_1027_1,1484,1418,29.0,0.0014821270015090704,0.005956511478871107,0.012691903859376907,0.0187810231000185,0.014391952194273472,0.01924787275493145,0.01216034684330225,-979.0878581352129,-261.52931849232795,-717.5585396428849,-360.23402341202063,-357.3245162308643,718.4364758161153,193.9586887473609,129.23591322703092,1.0,22.54603106039248,2024-07-03,2026-09-11,one-sided/negligible,0.012909825192764401,412.7306234484704,live
POT_OAKS_1,411,314,46.1,0.012282638810575008,0.01383954007178545,0.0013414609711617231,0.000211439240956679,0.0011405283585190773,0.0001212535789818503,0.0014012062456458807,-42.95950861602538,-758.3887616425563,715.4292530265309,290.8320709294276,424.59718209710337,716.4983559747859,128.3669334854979,128.3669334854979,1.0,71.70476774349333,2024-07-29,2026-09-13,one-sided/negligible,-0.011142110452055931,250.86792683102428,faded (<25% in last 12m)
HCKSW_MR2L,256,149,100.5,-0.013914127834141254,0.006671905051916838,-0.021390080451965332,-0.0008974448428489268,,,-0.021390080451965332,530.7544501174465,-169.5669919247739,700.3214420422204,178.44532968988642,521.8761123523338,700.3214420422204,700.3214420422204,0.0,,158.6833219754216,2026-02-17,2026-04-15,same-sign,-0.007475952617824078,176.76004045274894,live
656T656_1,918,603,190.5,-0.1152709349989891,-0.08778979629278183,-0.075767382979393,-0.043680425733327866,-0.05136395990848541,-0.04068540781736374,-0.07547774910926819,901.4870812693707,1580.601926437841,-679.1148451684704,-251.3935237338826,-427.7213214345877,699.762603616629,289.2418083632228,61.21530133251593,0.9925373134328358,10.508646737010363,2024-07-03,2026-07-18,same-sign,0.06390697509050369,404.9602226299856,live
UVALDE_W_BATE1_1,1248,862,207.9,0.011704008094966412,0.0031203075777739286,0.0021526028867810965,-0.0003420262655708939,-0.0005822147359140217,0.0016988926799967885,0.0021564168855547905,-87.04176038257928,-656.1370009727999,569.0952405902206,108.30252486525433,460.7927157249662,689.6051528666048,256.84663937624,14.873153203179147,1.0,10.445687930175296,2024-07-16,2026-09-10,one-sided/negligible,-0.012286222830880433,110.62739869655977,live
HAMILT_MAXWEL1_1,4269,3566,473.2,-0.012696309015154839,-0.013720795512199402,-0.005201778374612331,-0.003489086637273431,-0.00687174079939723,-0.003129952820017934,-0.00519191101193428,229.80979869992416,747.0946587065084,-517.2848600065843,-176.4389645519625,-340.84589545462177,689.069828083447,107.03192975777566,17.997274011334717,1.0,8.53901458277313,2024-07-03,2026-09-11,same-sign,0.005824568215757608,177.35883607804772,faded (<25% in last 12m)
LAKENA_SAMATH1_1,5228,4965,164.8,-0.0009038741118274629,0.00027477770345285535,-0.0003819722624029964,0.0009754155180417001,-0.00048347446136176586,0.0008682555053383112,-0.00038162662531249225,-139.8504437388683,548.5180373823569,-688.3684811212252,-473.5768743441055,-214.79160677711963,688.4974377292338,261.07266446924797,68.56043211861197,0.6175514626218852,174.36920409403817,2024-07-04,2026-09-11,one-sided/negligible,0.00042039965046569705,363.9580959297181,live
BENTS_FRTER_1B_1,2158,1661,239.3,-0.06609996408224106,-0.04277582839131355,-0.00034911264083348215,0.0003156519087497145,-0.0003463650355115533,-0.00017679385200608522,-0.0003769139584619552,-0.2644506051775386,686.7728203591321,-687.0372709643095,-348.07701393234663,-338.9602570319629,687.0372709689079,687.0372709539389,588.3664472926315,0.9400769653655855,3.1480788688813455,2024-07-07,2026-09-13,one-sided/negligible,0.0657535990467295,343.82287359747545,live
155T217_1,148,111,12.4,0.020890643820166588,0.02829204685986042,-0.11878261715173721,-0.1311490386724472,,-0.19132094085216522,-0.11878261715173721,556.5267340537781,-116.908502474272,673.4352365280502,571.0838298504241,102.35140667762604,673.4352365280502,20.442177599140752,11.815920925543955,1.0,34.60160364425397,2024-10-25,2026-09-01,OPPOSING,-0.1396732609719038,536.4539885593791,faded (<25% in last 12m)
35050__B,1717,1081,473.8,0.07979334890842438,0.03182198479771614,0.06512021273374557,0.018628818914294243,,,0.06512021273374557,-1833.8574685318883,-2482.8059432971904,648.948474765302,254.85036502474895,394.098109740553,650.6928263832939,138.1630576940056,0.0,,16.48111287330576,2024-07-12,2026-01-07,same-sign,-0.014673136174678802,261.4178121937889,no bind since Mar-2026
35055__A,2066,1376,517.3,0.10493624210357666,0.035205963999032974,0.0961548462510109,0.025800295174121857,0.12782080471515656,0.03601063787937164,0.09577074646949768,-4834.907449617205,-5484.256334736895,649.3488851196894,239.90377737231393,409.4451077473755,649.6117812923917,525.064806795602,189.99427930519838,1.0,25.453205658153863,2024-07-12,2026-09-13,same-sign,0.022884562611579895,801.5000184840319,live
15060__A,3065,3056,5.3,-0.008055802434682846,0.0035797441378235817,-0.004697988275438547,0.0069735231809318066,,,-0.004697988275438547,902.8385320266616,1551.6997129931149,-648.8611809664532,-640.1559503263416,-8.705230640111646,648.9746647530361,15.051816142949972,0.0,,61.205990894632315,2024-07-03,2026-02-24,one-sided/negligible,0.003357814159244299,628.0640557696902,no bind since Mar-2026
NUECES_WHITE_2_1,742,573,88.2,0.029621293768286705,0.02782568894326687,-0.002531255828216672,-0.0038572954945266247,-0.002470707753673196,-0.003950362093746662,-0.0028067510575056076,38.86238960940014,-599.3264583271375,638.1888479365376,219.11589356170043,419.0729543748372,638.1888479365376,637.1637953024456,399.8705664630173,0.9983164983164983,11.754003479603815,2024-07-29,2026-09-13,one-sided/negligible,-0.0320920015219599,216.14104209991325,live
R5_T5_1,222,222,0.0,0.05534243956208229,,0.033933863043785095,,0.03231719881296158,,0.03393679857254028,-1175.2167475014867,-1812.0785396909923,636.8617921895056,636.8617921895056,0.0,636.9351110229909,625.2639978167717,0.033576165325939655,1.0,165.43387342956302,2025-01-07,2026-07-14,same-sign,-0.023025240749120712,845.6323575581062,live
1680__A,837,785,35.3,0.005557011812925339,0.006401510909199715,0.0033206352964043617,0.004666494205594063,,,0.0033206352964043617,-1229.9147244361925,-1825.878643077791,595.9639186415982,252.65560291086695,343.30831573073124,635.6347812012639,0.0,0.0,,101.01162134217941,2024-07-03,2025-04-07,one-sided/negligible,-0.002236376516520977,177.33151402430693,no bind since Mar-2026
LAN_CT_PAVLOV1_1,302,230,35.5,0.007025114726275206,0.0022793011739850044,0.05670243129134178,0.10610415786504745,-0.05414954200387001,-0.06875672191381454,0.055158812552690506,-221.13121192092754,-40.08219981826611,-181.04901210266144,-91.90796034687992,-89.14105175578155,626.8292927356397,327.90623559928645,142.6778989891051,1.0,8.184539157170397,2024-07-29,2026-09-01,OPPOSING,-0.061174656730145216,115.15786588989614,live
LIPTON_W_BATE1_1,2292,2283,4.6,-0.012381188571453094,-0.019130000844597816,-0.00015921586600597948,-6.571000994881615e-05,,,-0.00015921586600597948,8.45317127598175,600.7087187331272,-592.2555474571454,-586.9766621176648,-5.27888533948059,603.3730244684302,73.34075439065998,0.0,,21.368789300846323,2024-07-03,2026-03-23,one-sided/negligible,0.012221972705447115,596.2482781288887,faded (<25% in last 12m)
450__A,328,171,117.2,-0.2501347064971924,-0.15470187366008759,-0.14155595004558563,-0.046483807265758514,,,-0.14155595004558563,424.5747521293197,1022.07960459353,-597.5048524642103,-192.7471884653787,-404.7576639988316,600.0605985128992,542.7273379618721,0.0,,10.28884212790079,2024-12-09,2026-03-21,same-sign,0.10857875645160675,191.03259589121745,live
261_A_1,316,128,140.6,0.08689313381910324,0.03954797983169556,-0.039627015590667725,-0.03295452892780304,,,-0.039627015590667725,220.12766632889574,-373.8879110131081,594.0155773420039,180.42454752372578,413.5910298182781,595.062855302484,0.0,0.0,,10.327960963302758,2024-11-11,2025-05-14,OPPOSING,-0.12652014940977097,167.25698101444442,no bind since Mar-2026
MGSES_MR1H,318,232,65.2,-0.011123458854854107,0.0018289234722033143,-0.007025583181530237,0.007438908331096172,,,-0.007025583181530237,-591.8145734983797,-5.719785811767579,-586.0947876866121,-43.10837576435006,-542.986411922262,586.0947876866121,0.0,0.0,,36.45336630786689,2024-10-06,2025-05-03,same-sign,0.00409787567332387,34.656476216875035,no bind since Mar-2026
630__B,1240,734,395.4,-0.02747267298400402,-0.012874065898358822,-0.030572883784770966,-0.01572512648999691,-0.026694457978010178,-0.012141804210841656,-0.0305629912763834,4422.731747958809,3863.359207721737,559.3725402370716,287.570711451699,271.80182878537255,581.5544550822426,125.8327647059923,15.48521993002699,1.0,114.96662778624052,2024-07-03,2026-09-12,same-sign,0.0007782150059938431,65.67006611991265,faded (<25% in last 12m)
315__A,353,286,45.1,0.06222892925143242,0.01624072715640068,0.06134692206978798,0.021322933956980705,0.1654369980096817,,0.06132525950670242,-779.5780705199577,-1108.4368331446312,328.8587626246735,75.86663326621056,252.99212935846293,568.5438459956397,513.6005808110349,0.007594190537929535,1.0,14.244454489773387,2024-11-15,2026-06-15,same-sign,0.10320806875824928,420.46079458362533,live
MORRIS_NUECES1_1,2764,2649,65.2,-0.008242377080023289,-0.009491820819675922,0.0005895828944630921,0.001704723690636456,0.00031461112666875124,,0.0005898429080843925,-65.41350805506356,496.6520568328265,-562.06556488789,-249.40633086624462,-312.6592340216454,562.1764878803641,240.7473213696101,0.18233430755270774,1.0,8.92952547354678,2024-07-10,2026-07-10,one-sided/negligible,0.00855698820669204,202.4096772023458,live
GREENL_WEAVER1_1,3084,2975,64.3,-0.00040621290099807084,-0.0015507166972383857,-0.0012469381326809525,0.0008957366808317602,-0.0012954456033185124,0.0008238307200372219,-0.001290149288251996,-2.9338745420536725,106.98927939558996,-109.92315393764363,-45.41642686647026,-64.50672707117337,560.5140580196914,419.11978398777376,105.14415727725732,0.9600760456273765,13.618829250567977,2024-07-11,2026-09-13,one-sided/negligible,-0.0008892327023204416,36.028167302346624,live
ALAZAN_B_DAVI1_1,328,235,49.8,0.11373201757669449,0.11442004889249802,-0.0023382590152323246,-0.0033158615697175264,-0.0010424999054521322,,-0.0023413330782204866,15.072254111103385,-531.7673254641527,546.8395795752563,123.5543438229015,423.28523575235477,546.840027608288,546.840027608288,0.6926980257267132,1.0,4.467059572128222,2025-11-07,2026-08-20,one-sided/negligible,-0.11477451748214662,120.48558263442995,live
CALLIC_LON_HI1_1,90,20,47.7,0.04779065400362015,0.04525255039334297,-0.0017800151836127043,-0.004605617839843035,,,-0.0017800151836127043,48.92559063434115,-490.75993839135236,539.6855290256934,22.80260117771104,516.8829278479824,539.6855290256934,0.0,0.0,,22.734749937057494,2024-10-18,2025-05-27,one-sided/negligible,-0.04957066918723285,22.5395353636868,no bind since Mar-2026
6005__A,415,262,126.8,-0.044637084007263184,-0.005749012343585491,-0.05864100903272629,-0.020410792902112007,,,-0.05864100903272629,1521.1038277961488,995.0356462083788,526.0681815877699,236.0918678813614,289.9763137064086,526.0681815877699,28.910617121719646,0.0,,61.4973627220953,2025-03-10,2026-05-14,same-sign,-0.014003925025463104,225.63556768787024,faded (<25% in last 12m)
GN_PZ_08_A,2375,2002,242.5,0.007498375605791807,0.01801646314561367,0.013745647855103016,0.023815684020519257,0.011869028210639954,0.02016151323914528,0.014750970527529716,-1565.8662755194841,-1042.1828465806975,-523.6834289387867,-287.41904003698437,-236.2643889018024,523.7323968189836,458.74134869718785,78.56131420312158,1.0,22.632920046867504,2024-08-09,2026-09-13,same-sign,0.0043706526048481464,198.03910317823892,live
190T152_1,732,641,59.8,0.00333590479567647,-0.0006526073557324708,0.022838281467556953,0.019908081740140915,0.028341298922896385,,0.022736284881830215,-529.8582733807367,-17.441850614226496,-512.4164227665102,-392.4577223710876,-119.95870039542265,512.4164227665102,230.390513595729,1.581435632891953,1.0,29.903717550505736,2024-07-23,2026-08-25,one-sided/negligible,0.025005394127219915,479.3104699036734,live
215T215_1,142,130,6.1,0.004437259864062071,0.0079865837469697,-0.020587751641869545,-0.01403398159891367,,,-0.020587751641869545,399.6060949359089,-103.19588600937277,502.8019809452817,447.3021595040336,55.49982144124806,502.8019809452817,18.848100792616606,0.0,,142.05912259542026,2024-07-03,2025-10-08,one-sided/negligible,-0.025025011505931616,462.1540530714825,no bind since Mar-2026
1710__E,104,91,8.6,-0.031947970390319824,-0.009475121274590492,-0.01710473746061325,0.0003906767815351486,,,-0.01710473746061325,426.88978869530064,921.9823738150299,-495.0925851197293,-401.1807966539636,-93.91178846576561,495.0925851197293,440.5157599380861,0.0,,244.89054102819046,2025-02-19,2025-11-11,same-sign,0.014843232929706573,330.78202819145986,no bind since Mar-2026
KINGSV_KLEBER1_1,429,360,45.3,0.04593654349446297,0.06336952745914459,-0.0005326805985532701,-0.0022558276541531086,-0.0006279894732870162,-0.002006666734814644,-0.000548908079508692,13.438069337107294,-475.50419191482524,488.94226125193256,133.7834409361154,355.15882031581714,489.14416435407816,104.74268486231611,16.524133765976636,1.0,6.128127796803407,2024-09-09,2026-08-13,one-sided/negligible,-0.04656453296774998,102.72722717694144,faded (<25% in last 12m)
GATEWT_WORMSE1_1,234,234,0.0,0.10242103785276413,,0.004197875503450632,,,,0.004197875503450632,-18.265901768114418,-450.06983243627474,431.8039306681603,431.8039306681603,0.0,431.8039306681603,0.0,0.0,,18.46465382113273,2024-11-07,2025-08-16,one-sided/negligible,-0.0982231623493135,424.3956654592961,no bind since Mar-2026
SND_ORAN_1,596,517,47.3,-0.009844844229519367,-0.008921701461076736,-2.908016358560417e-05,0.0007056442555040121,4.641850682673976e-05,0.0007492195582017303,-3.320052201161161e-05,-25.257429190518867,338.25901853273956,-363.51644772325847,-119.80265621497267,-243.7137915082858,416.5328410571648,388.1997229292666,350.8275676290423,0.6573426573426573,36.20571944835561,2024-10-16,2026-09-11,one-sided/negligible,0.009891262736346107,185.14818663263674,live
FB_FL_60_A,23,0,10.5,,0.004841380286961794,,0.2858532965183258,,,,-417.9488584796587,-7.002220240266372,-410.9466382393923,0.0,-410.9466382393923,410.9466382393923,0.0,0.0,,,2024-07-04,2024-08-28,one-sided/negligible,,,no bind since Mar-2026
CARVER_TINSLE1_1,2452,2221,123.2,-0.017981406301259995,-0.015738774091005325,-0.007319435477256775,-0.0029855486936867237,-0.007653289008885622,-0.0025863545015454292,-0.007308628410100937,162.97102264817295,571.6297677990526,-408.6587451508797,-153.0855885520723,-255.57315659880743,408.89162842461093,198.98326591184951,18.657446256677453,1.0,6.630063475163677,2024-07-04,2026-09-12,same-sign,0.010328117292374372,152.08535863800586,live
AEPCHKCN_SGMOR_1,74,72,1.8,-0.056628499180078506,-0.051127634942531586,-0.00358299957588315,0.0019066710956394672,,,-0.00358299957588315,0.8288647813678844,402.25746004690876,-401.42859526554093,-148.673307931218,-252.7552873343229,401.42859526554093,0.0,0.0,,38.845416634602266,2024-07-06,2025-05-12,one-sided/negligible,0.053045499604195356,148.36136635552307,no bind since Mar-2026
6095__G,816,553,191.9,-0.00534000713378191,0.0022224453277885914,-0.00318661006167531,0.004417172633111477,,,-0.00318661006167531,-117.29762817111987,283.4055523400607,-400.70318051118056,-183.95021882258516,-216.75296168859543,400.74337193805377,0.0,0.0,,140.0424323099923,2024-07-03,2024-12-01,one-sided/negligible,0.0021533970721066,166.76653092998436,no bind since Mar-2026
107__B,654,488,131.6,-0.07345028966665268,0.020756607875227928,-0.09049881994724274,0.003347661579027772,-0.08770917356014252,0.007843786850571632,-0.09093151241540909,936.6890833309651,537.0118658947129,399.67721743625225,156.46979912836105,243.2074183078912,399.67721743625225,218.18282375696194,168.2405629210989,1.0,22.506204924324802,2024-11-12,2026-07-01,same-sign,-0.014258883893489838,156.60572109472986,live
630__A,127,94,22.6,-0.006666095461696386,-0.009014375507831573,0.009125647135078907,0.008688775822520256,0.01115440297871828,0.010598174296319485,0.009439832530915737,-235.43102352697557,149.82358263200146,-385.2546061589771,-121.94688925275113,-263.3077169062259,385.2546061589771,379.0868303647342,137.28695955189568,1.0,83.05830887847759,2025-02-09,2026-09-10,OPPOSING,0.017820498440414667,139.13320360024463,live
DILLEYSW_XF1H,1816,1362,286.3,-0.0022431020624935627,-0.002205121796578169,-0.0005428152508102357,-0.0002620142186060548,-0.0005101724527776241,-8.709886606084183e-05,-0.0005431250319816172,61.31981104413023,342.9477988211986,-281.62798777706837,-142.9858954478915,-138.64209232917688,381.93035826364326,232.64948081759104,34.50566507611359,0.9865771812080537,56.00123129065149,2024-12-21,2026-08-30,one-sided/negligible,0.0017329296097159386,132.1769133461724,live
BLESSI_PALACI1_1,1989,1977,7.1,-0.006913352757692337,-0.00982439424842596,0.0029385904781520367,0.004509322345256805,0.001970220124348998,,0.0029874190222471952,-112.43937083367092,256.9068643258491,-369.34623515952006,-107.29638888412092,-262.04984627539903,371.36847990392306,43.64572389191274,2.8051957913926344,1.0,4.901880624964216,2024-07-06,2026-09-13,one-sided/negligible,0.008883572882041335,86.09086466468035,faded (<25% in last 12m)
S2_U3_1,942,942,0.0,0.08601706475019455,,0.013114767149090767,,0.01281521562486887,,0.013536866754293442,-72.0423445768256,-443.1971370539395,371.1547924771139,371.1547924771139,0.0,371.1547924771139,193.9121312997204,153.01860841367488,1.0,5.683708078822743,2025-04-07,2026-09-13,same-sign,-0.07320184912532568,391.92658066539127,live
VND_PLCE_1,294,224,47.2,0.0077191605232656,0.007251478731632233,-0.004249804653227329,-0.004289230331778526,-0.005251999944448471,,-0.004254006315022707,131.74156494428217,-232.41430917431234,364.15587411859445,147.7870389450327,216.36883517356176,369.8262472262116,3.2059829967717324,0.11339050531387329,1.0,52.92150874807599,2025-03-14,2026-06-26,OPPOSING,-0.012971160467714071,153.7655576049214,faded (<25% in last 12m)
85T329_1,127,86,33.0,-0.00020160469284746796,0.0030257506296038628,-0.004937554709613323,-0.0020891926251351833,,,-0.004937554709613323,-18.982062810090905,-370.86048931574624,351.8784265056554,60.698694707942195,291.17973179771315,351.8784265056554,0.0,0.0,,145.44766381417597,2024-08-13,2025-05-06,one-sided/negligible,-0.004735950016765855,59.2396264656199,no bind since Mar-2026
3610__G,433,362,48.8,0.005879370495676994,0.006396861746907234,0.0075413682498037815,0.008332897908985615,0.005947739817202091,0.005255088210105896,0.007601920515298843,-1502.1151424517739,-1153.6018416304237,-348.51330082134996,-120.48217153953738,-228.03112928181264,348.51330082134996,348.51330082134996,81.44331782963127,1.0,192.09942487110666,2026-02-04,2026-09-13,same-sign,6.83693215250969e-05,4.754402058455197,live
HECKER_RESNIK1_1,813,625,108.7,0.011914242058992386,0.028414679691195488,-0.0008099674014374614,-0.002014785772189498,-0.0027086420450359583,-0.002078279387205839,-0.001057651941664517,10.417027484785951,-176.68792388462316,187.1049513694091,5.352461718561244,181.75248965084785,347.87689069426443,332.34609674091945,203.98747952746663,1.0,6.049099195206165,2024-07-23,2026-09-13,one-sided/negligible,-0.014622884104028344,55.2845477907943,live
36040__A,210,132,44.2,-0.16385973989963531,-0.09984231740236282,-0.05474471300840378,0.00469016470015049,-0.07313372939825058,-0.003754026023671031,-0.05019586905837059,45.069568786915625,390.1818419425593,-345.11227315564366,-128.16990046505816,-216.9423726905855,345.11227315564366,279.6365108602622,96.68108867455159,1.0,8.898780259585967,2024-10-08,2026-09-10,same-sign,0.09072601050138474,106.57030972905393,live
6965__A,3172,2084,849.0,-0.0039456067606806755,0.026616759598255157,-0.001301726559177041,0.02877403236925602,-0.0029372808057814837,0.021510830149054527,-0.0012951151002198458,-1823.835473398462,-1489.6887919120263,-334.14668148643534,-168.71711783170076,-165.42956365473464,334.7275110073004,334.7275110073004,20.78836673829619,1.0,26.07500718135868,2025-10-28,2026-08-31,one-sided/negligible,0.0010083259548991919,54.792749977565876,live
POT_PLSN_1,151,134,14.0,0.00463176891207695,0.024229740723967552,0.0009551068069413304,0.0001466073008487001,0.000528500007931143,,0.0009564080974087119,-9.999987662450318,-342.54558925773136,332.5456015952811,45.20763061980506,287.337970975476,332.64296489721227,0.0039134344824560685,0.0039134344824560685,1.0,33.675089434567674,2024-12-03,2026-08-01,one-sided/negligible,-0.004103268904145807,18.515844941039532,faded (<25% in last 12m)
6033__A,351,269,67.2,-0.43634089827537537,0.008488106541335583,-0.4557833969593048,-0.012010501697659492,,,-0.4557833969593048,2626.8458170145263,2294.450918794876,332.39489821965014,106.34673554217443,226.0481626774757,332.39489821965014,332.39489821965014,0.0,,19.488535334650415,2025-10-23,2026-04-24,same-sign,-0.019442498683929443,101.9256662782307,live
VERTRE_WESLAU1_1,176,142,14.9,0.0832570418715477,-0.02141718938946724,-0.0003185021923854947,0.00039925341843627393,-0.0002618571452330798,,-0.00031998188933357596,-3.6114316922721623,-228.27112866162014,224.65969696934798,202.69206480969297,21.967632159654986,316.13125560145875,227.40279730597712,4.387918404274387,1.0,17.4946478746674,2025-01-30,2026-08-09,one-sided/negligible,-0.08351889901678078,207.4809895433449,live
WCR_CARI_1,297,257,34.4,0.005449509248137474,0.007465234491974115,0.002115909243002534,0.0020804647356271744,0.0010710452916100621,,0.002115292474627495,-144.44737349016805,-456.1746814517828,311.72730796161477,101.72343162453171,210.00387633708306,311.92863931461625,311.92863931461625,0.41276200707943644,0.9565217391304348,81.34806994034217,2025-10-30,2026-09-13,one-sided/negligible,-0.004378463956527412,91.5381551868828,live
PAWNEE_XF1,17,0,12.3,,0.05664728581905365,,0.0029197910334914923,,,,-19.545576966736313,-331.47347353895503,311.92789657221874,0.0,311.92789657221874,311.92789657221874,0.0,0.0,,,2025-02-13,2025-04-02,one-sided/negligible,,,no bind since Mar-2026
3180__A,396,265,91.7,-0.022495843470096588,0.0030694217421114445,-0.026632964611053467,-0.0013339074794203043,,,-0.026632964611053467,840.0211031259369,542.1943312570681,297.8267718688688,113.8559777608607,183.97079410800808,297.8267718688688,248.1101362593575,0.0,,109.79919244264657,2024-11-26,2026-05-04,same-sign,-0.004137121140956879,120.37692848333346,live
FORMOS_JOSLIN1_1,70,46,20.4,0.03629298135638237,0.04980393126606941,-0.02275797910988331,-0.012949514202773571,,,-0.02275797910988331,63.29104787544929,-230.48672147970257,293.7777693551519,10.586731251998572,283.1910381031533,293.7777693551519,293.65586946723243,0.0,,3.7348261031362675,2024-08-01,2026-03-31,OPPOSING,-0.05905096046626568,10.145073153975135,live
6960__A,642,510,88.7,-0.025945458561182022,0.02009722590446472,-0.014230573549866676,0.03219189867377281,,,-0.014230573549866676,-43.165024132256804,246.9679150795952,-290.132939211852,-180.86292164085899,-109.27001757099302,290.132939211852,290.132939211852,0.0,,29.718182279432522,2025-11-10,2026-04-27,same-sign,0.011714885011315346,177.55399495591928,live
DEV_NATA_1,595,595,0.0,0.007028921041637659,,0.00026076927315443754,,0.0003312672779429704,,0.000271678640274331,-12.065873652832124,-299.8183723684924,287.7524987156603,287.7524987156603,0.0,287.7524987156603,287.7524987156603,85.46483537754375,1.0,79.08566204266889,2025-12-31,2026-09-13,one-sided/negligible,-0.006697653763694689,315.1645873104486,live
PALOUS_WOLFCA1_1,2576,1617,662.0,-0.004857915919274092,-0.005027471575886011,-0.0023327297531068325,-0.0027356576174497604,-0.0022016384173184633,-0.002123840618878603,-0.0023140141274780035,306.88698266749526,589.0675859022156,-282.18060323472037,-28.77641231242694,-253.40419092229345,282.1930737702178,129.94510980007988,88.38425681930603,0.9989361702127659,7.215338264728926,2024-07-08,2026-09-13,one-sided/negligible,0.0026562775019556284,30.991326114485602,live
MADDUX_TREADW1_1,2553,2153,266.5,-0.018704691901803017,-0.010988730005919933,-0.01257383357733488,-0.0050672683864831924,-0.011975892819464207,-0.005431788973510265,-0.012510683387517929,329.49608879535634,595.7293305191494,-266.23324172379307,-83.01413957217665,-183.21910215161643,274.37736356826974,141.96624526752535,62.2009218321006,1.0,5.883895031061227,2024-07-03,2026-09-11,same-sign,0.00672879908233881,85.24060173645948,live
1025__B,1449,1018,281.5,-0.013426023535430431,-0.005085006821900606,-0.01240699365735054,-0.0036761180963367224,-0.010461095720529556,-0.003049967810511589,-0.012365659698843956,1035.7251762010267,1305.2659272611115,-269.5407510600847,-82.54362121744089,-186.99712984264383,269.60086877915876,227.6097160115557,29.67854311345824,1.0,58.44520336829015,2025-06-16,2026-06-19,same-sign,0.002964927814900875,176.40495367823706,live
108__A,647,515,86.0,-0.06818826496601105,0.019800402224063873,-0.08532565087080002,0.0023999998811632395,,,-0.08532565087080002,773.8377584777761,504.6119843410464,269.2257741367297,155.21650303027127,114.00927110645844,269.2257741367297,22.666117229886975,0.0,,19.588922350600505,2024-10-28,2025-10-20,same-sign,-0.01713738590478897,172.88700471731116,no bind since Mar-2026
122T122_1,253,231,15.3,-0.007650960702449083,-0.010838113725185394,-0.0037270134780555964,-0.0024928408674895763,-0.001456361380405724,0.000737232156097889,-0.0037117835599929094,200.08573596737065,467.3955741282601,-267.30983816088946,-187.4597078518491,-79.85013030904037,267.4504280204783,41.28141790764008,12.327638931686426,0.9886363636363636,137.450524476764,2024-08-13,2026-09-13,one-sided/negligible,0.006194599322043359,196.68516384553953,faded (<25% in last 12m)
N5_S2_1,302,302,0.0,0.11162485927343369,,0.016957957297563553,,0.016483457759022713,,0.01748124696314335,-51.0352799158718,-315.10705084213987,264.0717709262681,264.0717709262681,0.0,264.0717709262681,145.9224334846076,96.0668733282946,1.0,9.724711903858164,2025-06-29,2026-09-13,same-sign,-0.09514140151441097,279.4172613967964,live
1680__B,1452,1420,20.9,0.002757653594017029,0.0032757087610661983,0.0013967787381261587,0.0033672060817480087,,,0.0013967787381261587,-233.67480637079734,-260.5559093121959,26.881102941398552,22.883108035903206,3.9979949054953456,262.3444175283979,48.14155110339925,0.0,,103.95637668061732,2025-03-13,2026-01-26,one-sided/negligible,-0.00136087485589087,200.8896991705244,no bind since Mar-2026
CKT_3132_1,268,263,3.6,0.010361341759562492,-0.013586049899458885,0.07792441546916962,0.0848173275589943,0.08644334971904755,,0.07460704445838928,-305.47492026153486,-47.54158920286667,-257.9333310586682,-243.46104322901328,-14.472287829654912,258.58795472727996,18.024064123557764,13.703734773953329,1.0,12.444030433925073,2024-11-29,2026-09-06,same-sign,0.07608200795948505,248.9996743232759,faded (<25% in last 12m)
GABRIE_AT1,312,251,26.4,-0.004975181072950363,-0.003038110677152872,-0.002645497675985098,-0.0005631773383356631,-0.0036693469155579805,-0.0008841708768159151,-0.002484196564182639,254.32387259213283,510.15132205871,-255.82744946657718,-198.34526012832066,-57.48218933825652,258.40412925262353,210.6375674470231,184.65170305236825,1.0,319.85328283300436,2024-07-09,2026-09-11,one-sided/negligible,0.0013058341573923826,104.83651086143334,live
6635__G,3221,2862,234.2,-0.0012623292859643698,-0.0002781439106911421,-0.0008752199937589467,0.0001060249051079154,-0.0006045771297067404,-0.00013724069867748767,-0.0008695913711562753,180.18265859965572,421.2427668608155,-241.06010826115977,-112.57988374182764,-128.48022451933213,248.72258052998336,153.94792269051518,7.8194518804812105,1.0,75.43663939190957,2024-07-04,2026-09-13,one-sided/negligible,0.0006577521562576294,142.00846817609485,live
D5_S1_1,2194,2006,97.5,-0.008412989787757397,-0.004047863185405731,-0.0030202518682926893,0.0022620311938226223,-0.0028639098163694143,0.0022811773233115673,-0.0030005979351699352,29.441129805274464,270.82353771894077,-241.3824079136663,-129.44589142149152,-111.93651649217477,248.15774740706516,121.60412315880633,83.38104463455586,1.0,10.334387817153807,2025-07-03,2026-09-13,one-sided/negligible,0.005549079971387982,115.03676697216467,live
BIG_FOOT_69A1,323,130,87.9,0.007335928734391928,0.007217457052320242,0.0008404290420003235,0.00029604200972244143,,0.0004087878332938999,0.0008404290420003235,-14.347232174133145,-262.0374266086146,247.69019443448147,52.11904392814904,195.5711505063324,247.701708587813,81.48396932072257,4.275535898283124,1.0,56.306261680676386,2025-03-17,2026-09-11,one-sided/negligible,-0.006495499692391604,47.545849705452106,live
U4_X1_1,342,303,28.8,0.002387227490544319,0.004170103929936886,-0.00031861913157626987,0.001196505269035697,,,-0.00031861913157626987,-34.8206069258722,-282.44695766011864,247.62635073424647,129.61983238135326,118.00651835289317,247.62635073424647,0.0,0.0,,145.2658849866821,2024-08-20,2025-09-04,one-sided/negligible,-0.002705846622120589,119.09936287277323,no bind since Mar-2026
ORNT_REDCRE1_1,3033,2929,55.5,0.006114221177995205,0.00455536600202322,0.003924865275621414,0.0019631502218544483,0.002248074859380722,,0.003924198914319277,-337.64957703542757,-564.292748402,226.64317136657246,117.2215109912222,109.42166037535023,247.48757434383788,0.9949481893108896,0.24225685402052477,1.0,22.03909388640312,2024-07-03,2026-07-24,one-sided/negligible,-0.003866146318614483,249.56943340323843,faded (<25% in last 12m)
431__A,278,195,48.4,-0.17429113388061523,-0.0992623046040535,-0.1043570265173912,-0.026582613587379456,,,-0.1043570265173912,215.1457714993166,458.7818321782655,-243.636060678949,-103.76388616929762,-139.87217450965136,243.636060678949,127.07435271551365,0.0,,7.3946307670802645,2024-07-05,2025-11-11,same-sign,0.06993410736322403,100.84169588539622,no bind since Mar-2026
R5_U3_1,445,443,1.0,0.08823201805353165,0.15101590752601624,0.014928878284990788,0.014117447659373283,,,0.014928878284990788,-50.117300845034755,-292.1608233205382,242.0435224755035,239.28657273162662,2.7569497438768544,242.0435224755035,0.0,0.0,,7.403966143428512,2024-07-16,2025-02-27,same-sign,-0.07330313976854086,240.4311465186051,no bind since Mar-2026
RNKSW_MR1L,260,202,48.0,-0.013718041591346264,0.007781154941767454,-0.017287958413362503,0.004445808939635754,,,-0.017287958413362503,-203.88482177744538,-442.63065394514706,238.74583216770162,27.91163314523874,210.8341990224629,238.74583216770162,0.0,0.0,,39.676564449094016,2025-01-10,2025-03-27,same-sign,-0.003569916822016239,28.611691043059707,no bind since Mar-2026
DOWOAS27_A,80,45,20.7,-0.05099771171808243,0.09531717002391815,-0.15764182806015015,0.009945672936737537,,,-0.15764182806015015,292.2440083477146,54.91028368294549,237.33372466476914,149.75678228414472,87.57694238062443,237.33372466476914,0.0,0.0,,29.69422212474876,2025-02-13,2025-05-06,same-sign,-0.10664411634206772,142.50213355315086,no bind since Mar-2026
RIOHONDO_AT1L,85,77,5.2,-0.1516210436820984,-0.3009682595729828,0.0006477006245404482,0.012216143310070038,0.0003910000086762011,,0.0006482394528575242,-2.389956323399019,234.131204190858,-236.52116051425705,-172.48019038847815,-64.04097012577888,236.79167599689694,236.79167599689694,0.04037844453705475,1.0,5.896428572570349,2025-09-17,2026-07-09,one-sided/negligible,0.1520120436907746,69.01726815006835,live
617T617_1,61,46,10.6,0.010729499161243439,0.01610933057963848,0.0031155950855463743,0.002003118861466646,,,0.0031155950855463743,-58.49009525929189,-290.1816303262798,231.69153506698785,70.57920074369758,161.11233432329027,231.69153506698785,0.0,0.0,,172.01030303343484,2024-11-19,2025-05-08,one-sided/negligible,-0.007613904075697064,60.244817577095205,no bind since Mar-2026
MIDW_OZONA1_1,1842,1701,78.9,-8.539466216461733e-05,0.0003824738087132573,-4.449396510608494e-05,0.00014129366900306195,-0.0002614817058201879,,-4.314116813475266e-05,-49.573707026130094,-158.36992731617357,108.79622029004348,65.47373683450678,43.32248345553671,231.20837721404618,81.04114943201299,31.7494484352801,0.9969183359013868,117.16804695240184,2024-08-16,2026-09-13,one-sided/negligible,-0.0001760870436555706,35.09464927286614,live
CENIZO_TIEMPO1_1,70,17,25.0,0.323876291513443,0.25203564763069153,0.006522044539451599,-0.00327362772077322,,,0.006522044539451599,2.143120604321666,-228.75934055824956,230.90246116257123,24.44329841249055,206.45916275008065,230.90246116257123,0.0,0.0,,4.478470638996976,2025-01-19,2025-05-16,same-sign,-0.3173542469739914,24.16144851297826,no bind since Mar-2026
ATSO_SONR1_1,2800,1841,665.3,0.00048340632929466665,0.00019486379460431635,0.00035936557105742395,0.0006271490710787475,0.0005622608587145805,0.0008340369677171111,0.00035878957714885473,-112.5383023063871,-114.7289900928697,2.1906877864825987,5.173523501089221,-2.9828357146066242,229.15422677767447,148.15737990836857,4.474844740516346,1.0,52.48449860866111,2024-07-10,2026-09-05,one-sided/negligible,7.885452941991389e-05,7.6192370493516455,live
367T347_1,73,67,3.0,0.0036236271262168884,0.0061167641542851925,-0.01466121431440115,-0.012336966581642628,-0.013637250289320946,,-0.014094073325395584,177.91982847079638,-48.65769998263568,226.577528453432,212.30896057840437,14.268567875027657,226.577528453432,216.4787868997082,18.846964359283447,1.0,175.1328496256871,2025-02-04,2026-08-30,one-sided/negligible,-0.017260877415537834,202.53742547112802,live
641__A,465,255,198.5,-0.03601255267858505,-0.015856057405471802,-0.03649089112877846,-0.01666451431810856,,,-0.03649089112877846,3641.539799836425,3535.3145156841492,106.22528415227619,31.748530477518216,74.47675367475797,224.3377737409901,224.30119581590404,0.0,,254.6549067172788,2024-10-15,2026-03-31,same-sign,-0.00047833845019340515,31.06186452038877,live
SCARBI_TITAN_1_1,3971,3939,21.4,0.007764188572764397,0.0029391320422291756,-0.0001046671241056174,0.0019674734212458134,,,-0.0001046671241056174,-85.5061385824399,-301.4473104719491,215.94117188950918,200.7769786994279,15.164193190081281,221.4997757845109,14.836424709348497,1.6857926079755998,0.0,6.4302495551260055,2024-07-03,2026-09-06,one-sided/negligible,-0.007868855696870014,199.30830232010345,faded (<25% in last 12m)
1660__C,46,32,11.5,-0.02858087420463562,0.007914599031209946,-0.01770016737282276,0.006257676053792238,,,-0.01770016737282276,-695.4210171697001,-899.482543585822,204.06152641612184,-6.361386422533542,210.42291283865538,217.51319856501263,6.725836074445397,0.0,,20.222187450155616,2024-09-13,2026-05-14,same-sign,0.010880706831812859,7.041014180579471,faded (<25% in last 12m)
LANCTY_LAN_CT1_1,89,50,25.3,-0.007596760522574186,-0.01155594177544117,0.16750068962574005,0.12556004524230957,,,0.16750068962574005,-200.30276261953017,16.428427277404502,-216.73118989693464,-62.83046051603742,-153.90072938089722,216.73118989693464,1.775719404220581,0.0,,7.521939995884895,2024-07-08,2026-04-30,OPPOSING,0.17509745014831424,65.85362567240333,faded (<25% in last 12m)
6056__A,2300,1238,795.3,-0.005570968147367239,0.027704745531082153,-0.002406331477686763,0.028418665751814842,,,-0.002406331477686763,-2033.7217170950894,-1887.541700778177,-146.18001631691223,-109.35594228341233,-36.82407403349992,210.87357625806885,6.94334246460888,0.0,,27.99794341788683,2024-07-03,2025-11-03,one-sided/negligible,0.003164636669680476,109.69090819886412,no bind since Mar-2026
HOLCOM_PALAFO1_1,354,354,0.0,0.06072809547185898,,0.0015717175556346774,,-0.00195218191947788,,0.0015514810802415013,-5.356189063623333,-186.28831718252331,180.93212811889998,180.93212811889998,0.0,205.87763955502624,26.288063182768383,10.39629941219755,1.0,7.228946360487144,2025-01-25,2026-08-29,one-sided/negligible,-0.06268027739133686,160.40177654533994,faded (<25% in last 12m)
1295__A,360,257,68.5,-0.08073397725820541,-0.041122131049633026,-0.06080053746700287,-0.023318013176321983,-0.0028897144366055727,,-0.06077396124601364,529.3100046816713,729.9482793174855,-200.638274635814,-132.21889835526235,-68.41937628055167,200.638274635814,9.317961910739541,3.226324027404189,1.0,26.821221771697125,2024-11-19,2026-06-27,one-sided/negligible,0.07784426282159984,536.5847068556486,faded (<25% in last 12m)
LON_HI_WHITE_1_1,32,0,15.2,,0.3114534914493561,,-0.030423540621995926,,,,17.768847067762785,-179.60937616291145,197.37822323067422,0.0,197.37822323067422,197.37822323067422,0.0,0.0,,,2024-09-21,2024-11-18,one-sided/negligible,,,no bind since Mar-2026
REFUG_VICTO_1C_1,225,222,1.2,-0.011841116473078728,-0.016681667417287827,0.0016046914970502257,0.0020944445859640837,0.0012291999300941825,0.0020944445859640837,0.0016088553238660097,-22.970539285219274,172.6302032266588,-195.60074251187808,-193.63713252794696,-1.9636099839311403,195.60074251187808,114.22623678973953,9.062846133039178,1.0,65.24987384327898,2024-07-06,2026-09-05,one-sided/negligible,0.01307031640317291,189.32970220052744,live
HARLNS_OLEAND1_1,95,72,9.7,-0.03919456899166107,-0.017032628878951073,0.00011762060603359714,0.0034302114509046078,,,0.00011762060603359714,-28.543336116499358,166.25043204166775,-194.79376815816707,-117.5335761948121,-77.26019196335498,195.31823700028966,195.31823700028966,0.0,,34.65770822608223,2025-12-31,2026-05-14,one-sided/negligible,0.03931218959769467,98.09786856998352,live
FWLRTN_TILDEN_1,118,69,21.3,0.0625002533197403,0.06577196717262268,3.1791900255484506e-05,-0.0029007939156144857,8.441859790764283e-06,-0.002545054769143462,0.00011650451051536947,5.433630181731133,-188.78040697953352,194.21403716126468,63.607496462784184,130.60654069848047,194.21403716126468,191.08844374487185,128.01451751395993,0.7931034482758621,14.46752167482307,2025-04-18,2026-08-14,one-sided/negligible,-0.06249181145994953,62.383012938908585,live
PAWNE_SANMI_1A_1,73,58,8.7,0.16725978255271912,0.1424795240163803,0.03796195983886719,0.019835593178868294,,,0.03796195983886719,-50.38384780113119,-238.0779689635771,187.6941211624459,150.01012516452465,37.683995997921244,187.6941211624459,0.0,0.0,,19.996999957598746,2024-12-02,2025-04-07,same-sign,-0.12929782271385193,149.96297620893742,no bind since Mar-2026
COLLE_JUPIT_1,525,403,84.9,0.0037262255791574717,0.003210646566003561,0.004730063024908304,0.00424810079857707,0.005027341190725565,0.004523418843746185,0.0047539714723825455,-829.1747260742316,-642.6750607826592,-186.49966529157246,-101.77793795295293,-84.72172733861953,186.49966529157246,26.336773224708544,26.336773224708544,1.0,256.2721162673557,2024-07-04,2026-09-10,one-sided/negligible,0.0013011156115680933,134.37617946787518,faded (<25% in last 12m)
455__A,187,73,48.8,-0.1632687896490097,-0.09166214615106583,-0.10484112799167633,-0.033588722348213196,-0.10286419093608856,-0.036268435418605804,-0.09511098265647888,109.89545620543262,295.23445811111014,-185.33900190567755,-18.977028992492706,-166.3619729131848,185.33900190567755,185.33900190567755,95.45946252866028,1.0,4.006342471513438,2025-12-06,2026-09-13,same-sign,0.06040459871292114,17.66611017877604,live
WHITE_PT_T3L,241,221,12.7,-0.01812124066054821,-0.047827158123254776,0.0005831437883898616,0.0223787073045969,-0.00013940580538474023,,0.0006730906316079199,-100.93300059935245,82.5502613282903,-183.4832619276428,-32.75992047572375,-150.72334145191903,184.51657300371215,75.38383820630057,3.249616509379848,0.8414634146341463,3.170696837765405,2024-07-06,2026-08-10,one-sided/negligible,0.01798183485516347,12.600303267659529,live
DILLEYSW_XF1L,1556,1512,27.6,-0.0021242036018520594,-0.002220729598775506,-0.0005171903176233172,-0.00015830852498766035,-0.0005423312541097403,,-0.000517714477609843,43.63100243097521,193.00944057098818,-149.37843814001297,-136.98343775530134,-12.395000384711617,183.8264028394862,68.85158494443363,10.432294733193658,0.98125,57.040343916601074,2024-11-04,2026-09-09,one-sided/negligible,0.001581872347742319,136.4285806340432,live
450__B,25,12,11.1,-0.28891414403915405,-0.16034242510795593,-0.16128651797771454,-0.03989502042531967,,,-0.16128651797771454,136.56175334006548,317.5567434827487,-180.99499014268318,-81.56447911262512,-99.43051103005806,180.99499014268318,180.99499014268318,0.0,,53.391832987467446,2026-05-12,2026-05-12,same-sign,0.12762762606143951,81.77127474311192,live
6215__A,2735,2305,277.2,-0.003757788799703121,-0.0004932774463668466,-0.0020972953643649817,0.0014179814606904984,-0.0019201035611331463,0.0010018787579610944,-0.0020643682219088078,23.111298620604586,203.84636017244688,-180.7350615518423,-65.32971408142384,-115.40534747041843,180.7350615518423,114.32603259968405,50.93668175624407,1.0,16.37500345518089,2024-07-04,2026-09-13,one-sided/negligible,0.001837685238569975,69.3622954122276,live
106T200_1,106,106,0.0,0.029898475855588913,,0.00668523833155632,,0.002544666640460491,,0.006743807345628738,-57.54181992798112,-227.32529271859676,169.78347279061563,169.78347279061563,0.0,180.48217068542726,2.1146837919950485,2.1146837919950485,1.0,79.67938659129278,2024-07-03,2026-08-24,one-sided/negligible,-0.027353809215128422,231.03068235484858,faded (<25% in last 12m)
BIGTRE_V_DUPS1_1,562,498,36.6,-0.014557859860360622,-0.01333784218877554,0.0012082743924111128,0.002312449272722006,0.00040715630166232586,-0.000982182566076517,0.0011716894805431366,-21.768414452545187,154.8651384720623,-176.63355292460753,-87.42334793797653,-89.210204986631,178.92179597016263,162.36539815479304,33.546758887984765,1.0,10.065062225584024,2024-07-08,2026-09-12,one-sided/negligible,0.014965016162022948,75.01066180106052,live
CONCHO_VRBS1_1,943,734,132.6,0.002322280313819647,0.0011351463617756963,0.0014996129320934415,0.00035763264168053865,0.0013344800099730492,0.00022399332374334335,0.0014986660098657012,-135.15525175576153,-310.1572919965555,175.00204024079392,40.40583336208874,134.59620687870517,175.0064184506158,74.50472802325207,46.77056920239313,1.0,81.72681488238696,2024-07-03,2026-08-06,one-sided/negligible,-0.0009878003038465977,59.25565306875558,live
HALL_A_S_MCAL1_1,69,63,1.6,0.07392463088035583,0.06361027806997299,0.00016489684639964253,0.0008413437171839178,,,0.00016489684639964253,-0.22019730821769673,-129.55876028883114,129.33856298061346,138.80805642774249,-9.469493447129024,174.293204878918,0.0,0.0,,21.484745931530757,2025-04-22,2025-05-12,one-sided/negligible,-0.07375973403395619,99.83667617890035,no bind since Mar-2026
DILLY_PEARSA1_1,81,48,23.1,0.006914250552654266,0.006284835748374462,0.000381081918021664,0.00013737453264184296,0.00030354168848134577,-9.065656922757626e-05,0.00041194912046194077,-6.1969400437568165,-179.9640394899373,173.76709944618048,32.81406177999452,140.95303766618596,173.76709944618048,172.93220341208502,21.82413926565399,1.0,93.90993681798379,2024-09-26,2026-07-30,one-sided/negligible,-0.006610708864172921,29.798940084315092,live
DT_PK_91_A,357,300,24.8,0.005442148074507713,0.011681823991239071,-5.180299194762483e-05,0.018235739320516586,0.025927186012268066,0.0230556670576334,0.0007880936027504504,-109.02620218247952,-115.5056027556081,6.479400573128558,22.207795393755077,-15.72839482062652,173.69789721447643,145.8817105810546,11.421531045984011,1.0,12.53679997382996,2024-10-22,2026-09-13,same-sign,0.020485037937760353,77.04504692460591,live
LUNA_MVRANG1_1,77,77,0.0,-0.15944060683250427,,0.001015569781884551,,,,0.001015569781884551,-1.2114707032633305,172.07154515571892,-173.28301585898225,-173.28301585898225,0.0,173.28301585898225,0.09987433269270696,0.0,,14.430896055775804,2025-02-07,2025-11-20,one-sided/negligible,0.16045617661438882,178.2955332796676,no bind since Mar-2026
I_PASP,185,167,11.2,-0.24206465482711792,-0.11713618785142899,-0.03343615308403969,-0.004562834277749062,-0.029435599222779274,,-0.03360838443040848,28.657970212603686,201.9261783213563,-173.26820810875262,-145.7049493654922,-27.563258743260423,173.2682081089224,105.52234463501857,1.3102790598786669,1.0,4.240041928169245,2024-11-05,2026-09-09,same-sign,0.21262905560433865,150.55987052187407,live
HCKSW_MR2H,145,145,0.0,-0.013902449049055576,,-0.021382831037044525,,,,-0.021382831037044525,475.9335833741352,305.7371123894118,170.19647098472342,170.19647098472342,0.0,170.19647098472342,170.19647098472342,0.0,,155.30440734686522,2026-02-17,2026-04-15,same-sign,-0.007480381987988949,168.4517622490544,live
109__A,382,291,56.1,-0.0724862590432167,0.015208739787340164,-0.09213463217020035,-0.0022051529958844185,,,-0.09213463217020035,489.43724619564694,319.3034520106012,170.13379418504576,106.4638115674752,63.66998261757059,170.13379418504576,143.5950911796778,0.0,,19.44264949176099,2025-01-05,2026-05-15,same-sign,-0.019648373126983643,111.16678165126213,live
CALALS_LON_HI1_1,45,37,6.2,-0.004098351579159498,-0.010427381843328476,-0.00014246194041334093,0.001698142266832292,,,-0.00014246194041334093,-22.065198716923685,147.84978099783865,-169.9149797147623,-0.6800749660642396,-169.23490474869806,169.9149797147623,0.1814590185731504,0.0,,4.503351304680109,2024-07-25,2025-10-07,one-sided/negligible,0.003955889638746157,0.6591461483352672,no bind since Mar-2026
MELONC_SEADRF1_1,106,74,16.8,-0.03551909700036049,-0.05100267753005028,0.005158369429409504,0.010538661852478981,0.006427000276744366,,0.005194548051804304,-23.302351418009493,134.9174803989008,-158.2198318169103,-87.82761263661087,-70.39221918029943,167.50307076243917,149.03393461875385,6.843866765499115,1.0,22.9427295721866,2024-07-06,2026-06-04,OPPOSING,0.041946097277104855,71.21448951635645,live
ASHERT_LIPTON1_1,780,777,0.4,-0.010256183333694935,0.04861444607377052,0.00033474969677627087,-0.0033271859865635633,0.000155653731781058,,0.0003055550332646817,-6.764342017812245,150.77711087265442,-157.54145289046664,-158.6371147168984,1.0956618264317513,166.17116738297136,162.48360170009346,59.59153261955453,0.9544159544159544,18.329281838236803,2024-08-14,2026-09-13,one-sided/negligible,0.010411837065475993,148.283842412909,live
OAKS9_69_1,115,101,6.1,0.013301950879395008,0.014194006100296974,0.0016092474106699228,0.0003685099945869297,,,0.0016092474106699228,-21.634807459242438,-186.23982775151185,164.60502029226944,148.7758283489784,15.829191943291034,165.70110115790038,0.0,0.0,,113.02226706055721,2024-09-08,2025-05-22,one-sided/negligible,-0.011692703468725085,133.47512126431718,no bind since Mar-2026
33T218_1,626,616,5.0,0.01443124283105135,0.009824719280004501,0.004856138955801725,0.0017611492658033967,0.0061799995601177216,,0.004854959901422262,-93.10439284025384,-258.6546217083693,165.55022886811548,86.01199306480612,79.53823580330936,165.55022886811548,24.60693210369209,0.6677669975324534,1.0,15.097194828687602,2024-07-28,2026-08-23,same-sign,-0.008251243270933628,76.73550637995244,faded (<25% in last 12m)
HUTTO_MR1L,84,58,20.2,-0.10948950052261353,-0.06515912711620331,-0.06273236870765686,-0.016602685675024986,,,-0.06273236870765686,95.45292774510258,260.700255136316,-165.24732739121342,-42.85353379044682,-122.39379360076661,165.24732739121342,165.24732739121342,0.0,,14.770879166393444,2025-11-11,2026-03-30,same-sign,0.046757131814956665,40.05734876393962,live
2115__B,1641,1199,291.1,0.000787918281275779,8.463943959213793e-05,0.00040853896643966436,-0.00032240754808299243,0.0004189999890513718,,0.0004085258988197893,-75.47474671460998,-238.93061125044247,163.45586453583246,105.82342366673083,57.63244086910164,163.45586453583246,16.345657342642276,0.00018243902013637125,1.0,197.89498728034113,2024-08-21,2026-07-10,one-sided/negligible,-0.0003689182922244072,87.53548981593384,faded (<25% in last 12m)
G138_17_1,246,206,16.0,-0.002372302580624819,-0.0030044415034353733,0.04518967121839523,0.047765929251909256,,,0.04518967121839523,-151.74850859645323,10.715958499824408,-162.46446709627767,-16.329737748406842,-146.13472934787086,162.46446709627767,111.39254478070204,0.0,,1.6527427198654674,2025-04-11,2026-03-20,one-sided/negligible,0.04756197379902005,16.193187423385076,live
MGSES_MR1L,325,323,0.4,-0.01119664590805769,0.0008583333692513406,-0.006931849755346775,0.006562282331287861,,,-0.006931849755346775,231.43595112447412,393.0339558627069,-161.5980047382327,-156.66068572773656,-4.9373190104961395,161.5980047382327,0.0,0.0,,98.02698736848028,2024-10-06,2025-05-03,same-sign,0.004264796152710915,135.03503330487237,no bind since Mar-2026
6513__A,1628,1489,99.2,-0.002861853688955307,0.003886126447468996,-0.0017057129880413413,0.005916929338127375,-0.0011949999025091529,,-0.0017033241456374526,-112.93593631505615,47.50011783967193,-160.43605415472808,-77.99004152068142,-82.44601263404668,160.48878503913107,140.91870594709297,1.4814482851652429,1.0,33.22304035817937,2024-07-12,2026-08-25,one-sided/negligible,0.0016668537864461541,82.45776847062587,live
105T105_1,76,73,1.5,0.007221889682114124,0.01973055489361286,-0.08662975579500198,-0.14019666612148285,-0.10641738772392273,-0.14019666612148285,-0.06539932638406754,143.89041731258234,-14.885531707278764,158.77594901986112,146.11002383497544,12.66592518488566,158.77594901986112,92.83693377735713,92.83693377735713,1.0,21.792643748325844,2024-07-29,2026-08-30,OPPOSING,-0.11363927740603685,180.7845210478663,live
MADDUX_SAPOWE2_1,2868,2591,160.6,-0.004874118138104677,0.006848044227808714,-0.0026741635520011187,0.000662504113279283,0.0029337129089981318,,-0.002678043907508254,71.72427494422192,108.11283995020176,-36.38856500597984,-63.06086786946162,26.67230286348178,158.47486376017542,10.70839970974718,2.509245724315406,1.0,6.298444616172719,2024-07-03,2026-09-13,one-sided/negligible,0.007807831047102809,127.41810297598482,faded (<25% in last 12m)
201T201_1,20,17,2.7,0.03893132507801056,0.029424721375107765,0.010384924709796906,0.007917539216578007,,,0.010384924709796906,-63.03676036621133,-221.26095966001353,158.22419929380217,57.11530610918999,101.10889318461219,158.22419929380217,0.0,0.0,,133.14641175550574,2024-09-30,2024-10-03,same-sign,-0.028546400368213654,64.61446321858283,no bind since Mar-2026
6345__L,1080,949,88.6,-0.0038996143266558647,0.0014162873849272728,-0.002254966413602233,0.0029264120385050774,,,-0.002254966413602233,-42.87489880032322,114.24852099371978,-157.123419794043,-79.13353366225056,-77.98988613179245,157.123419794043,63.17252307813517,0.0,,54.36750794034863,2025-04-28,2026-01-13,one-sided/negligible,0.0016446479130536318,84.85522263994805,no bind since Mar-2026
I_DUPS_RESNIK1_1,827,706,93.7,-0.0010969939175993204,-0.013721631839871407,0.0008550395141355693,-0.001120054512284696,,,0.0008550395141355693,-0.9691667750059709,113.066942912199,-114.03610968720498,-57.62390477541203,-56.41220491179295,148.87185515941556,138.32051606722044,0.0,,6.643113332744833,2024-10-09,2026-06-03,one-sided/negligible,0.0019520334317348897,9.155110997323117,live
6345__I,1025,958,45.7,-0.0025373506359755993,0.002717505441978574,-0.0015588565729558468,0.0038046964909881353,,,-0.0015588565729558468,-20.265379370416355,124.76895744489411,-145.03433681531047,-83.37786370472531,-61.65647311058516,145.03433681531047,0.0,0.0,,74.52152810140954,2024-07-25,2025-03-25,one-sided/negligible,0.0009784940630197525,69.85628015618455,no bind since Mar-2026
108T273_1,59,53,2.6,0.017819132655858994,0.031527094542980194,0.0022181631065905094,-0.0037691208999603987,,,0.0022181631065905094,7.552164303914954,-137.4513942655176,145.00355856943256,114.72771405568346,30.27584451374908,145.00355856943256,0.0,0.0,,140.3764520726114,2025-05-14,2025-08-24,one-sided/negligible,-0.015600969549268484,116.07046397361532,no bind since Mar-2026
16050__B,1542,1267,197.7,-0.0014176203403621912,0.0036302499938756227,-0.000660842633806169,0.004255741834640503,-0.0023453335743397474,,-0.0006604309310205281,-286.3584660622685,-150.12882210194823,-136.22964396032026,-80.24368674117068,-55.98595721914959,143.62142552743353,143.62142552743353,0.49542453419417143,1.0,69.04505839400088,2025-09-16,2026-06-25,one-sided/negligible,-0.0009277132339775562,81.15643626110345,live
I_DUPS_RESNIK2_2,679,490,139.4,-0.003163728630170226,-0.009834839962422848,0.001267515355721116,-0.002605799585580826,,,0.001267515355721116,23.380824682398234,162.8918941544272,-139.511069472029,-32.50272143504287,-107.00834803698612,143.61045921926345,7.70105545694605,0.0,,9.424134716303895,2024-07-18,2025-09-25,one-sided/negligible,0.004431243985891342,20.462713739087206,no bind since Mar-2026
6200__F,815,659,96.0,-0.017900221049785614,0.0024135238490998745,-0.02018645405769348,0.00029180801357142627,-0.020030492916703224,0.00030630407854914665,-0.020351668819785118,655.4126240424987,514.3313460409602,141.08127800153852,75.3146051633521,65.76667283818642,141.08127800153852,141.08127800153852,110.1505755720979,1.0,50.79729733565802,2026-05-15,2026-09-13,same-sign,-0.00213027186691761,71.31174321010717,live
BIGLAK_PHBL_T1_1,2424,2320,54.8,-0.00035485700936987996,-0.00017615353863220662,-0.00046555724111385643,0.00016878733003977686,0.00011133333464385942,,-0.00046556672896258533,-3.0618253065269023,6.441306159126295,-9.503131465653198,31.074059787704442,-40.57719125335764,139.9889704093651,3.7982841293530027,0.011610498535446823,0.75,212.51871586637304,2024-07-06,2026-07-17,one-sided/negligible,0.0004661903440137394,229.85208196111802,faded (<25% in last 12m)
440__C,20,20,0.0,-0.2553158402442932,,-0.13489270210266113,,,,-0.13489270210266113,151.109399064444,290.8691685125232,-139.75976944807917,-139.75976944807917,0.0,139.75976944807917,139.75976944807917,0.0,,49.815699665248395,2026-04-12,2026-06-02,same-sign,0.12042313814163208,119.97925764820525,live
115T123_1,430,408,12.4,-0.008562537841498852,-0.0036661771591752768,-0.004134480841457844,0.0003439329157117754,-0.00417977524921298,,-0.004108665976673365,113.82638199058783,250.57685874745945,-136.75047675687165,-115.23583596599929,-21.514640790872363,139.54056394267172,66.84103356839721,62.67731659092533,1.0,69.21614725815644,2024-07-03,2026-09-13,one-sided/negligible,0.0043827625922858715,123.77003992196093,live
106__A,265,187,51.9,-0.0682072564959526,0.01982629857957363,-0.08040231466293335,0.007217444013804197,,,-0.08040231466293335,167.4768548898695,27.95005537434193,139.52679951552756,37.51902647165116,102.00777304387641,139.52679951552756,0.0,0.0,,15.755112364962896,2024-07-03,2024-10-25,same-sign,-0.012195058166980743,35.92915369127349,no bind since Mar-2026
HEXT_YELWJC1_1,2131,1860,149.8,-0.002653628122061491,-0.0009475979604758322,-0.0018564583733677864,-0.00035752044641412795,,0.00030471751233562827,-0.0018564583733677864,203.7189197572878,341.03243181146917,-137.31351205418133,-72.4829954361112,-64.83051661807015,139.4366551760216,20.279780843623787,3.469446951953614e-18,1.0,36.30202046276323,2024-07-03,2026-09-07,one-sided/negligible,0.0007971697486937046,53.82630290463692,faded (<25% in last 12m)
589T589_1,563,546,12.8,0.008742546662688255,0.00012442631123121828,0.028049390763044357,0.12582480907440186,0.005460819229483604,,0.03161708265542984,-172.95958064017822,-38.76550458455222,-134.19407605562597,-88.39671372370412,-45.79736233192185,139.05369712228426,8.506877523970616,2.663146510749357,1.0,8.10805308545966,2024-07-08,2026-09-09,same-sign,-0.003281727433204651,14.528197451276188,faded (<25% in last 12m)
EDROY_SMITH1_1,18,0,10.6,,0.010434265248477459,,-0.00011550929775694385,,,,4.01719454103295,-134.16370902396739,138.18090356500034,0.0,138.18090356500034,138.18090356500034,0.0,0.0,,,2025-01-09,2025-01-21,one-sided/negligible,,,no bind since Mar-2026
LPLYH_T3S,608,608,0.0,-0.008183950558304787,,-0.005224156659096479,,,,-0.005224156659096479,245.7259356141767,382.4313186894515,-136.70538307527477,-136.70538307527477,0.0,136.70538307527477,0.0,0.0,,73.62827125277047,2024-08-26,2024-10-09,same-sign,0.0029597938992083073,132.4981009024283,no bind since Mar-2026
LULING_AT1,793,754,24.6,-0.007557421922683716,-0.005209899041801691,-0.0039042136631906033,-0.0022785821929574013,,,-0.0039042136631906033,122.56568780450954,258.76561907821696,-136.1999312737074,-69.21690612372186,-66.98302514998552,136.6511652921375,18.545130131707992,0.0,,24.90801723977546,2024-07-11,2026-05-15,one-sided/negligible,0.0036532082594931126,68.6096074281902,faded (<25% in last 12m)
35020__B,855,558,206.4,0.024847185239195824,-0.0036806995049118996,0.020561259239912033,-0.008619992062449455,,,0.020561259239912033,-154.36111493494718,-289.2844375301676,134.92332259522044,68.65117314360396,66.27214945161647,134.95995080896063,9.142156512782094,0.0,,20.484215068193585,2024-10-17,2026-05-19,same-sign,-0.004285925999283791,48.98895710411595,faded (<25% in last 12m)
VAN_VNDB_1,338,248,62.7,-0.010193299502134323,-0.010491244494915009,0.005085806827992201,0.0063871596939861774,0.0032189253251999617,0.0041229999624192715,0.005119828041642904,-47.69544977206897,86.69256469357302,-134.388014465642,-57.93387789987901,-76.45413656576298,134.388014465642,134.28277369624874,3.691479096324959,1.0,13.29541532498514,2024-08-13,2026-09-09,one-sided/negligible,0.013412224827334285,44.22363267884863,live
40__A,126,115,5.4,0.1710592359304428,0.07388117909431458,0.2061980962753296,0.11050122231245041,,,0.2061980962753296,-721.195330644337,-588.1411692920763,-133.05416135226068,-113.84303102921695,-19.21113032304371,133.37403826151666,84.62172764788072,0.0,,28.74276508099359,2024-11-08,2026-01-28,same-sign,0.03513886034488678,116.14862093229604,no bind since Mar-2026
NEDNBRG_WEDNBG_1,52,40,6.2,-0.07519634813070297,-0.06337826699018478,0.00015740735398139805,0.003033506451174617,,,0.00015740735398139805,-2.1219525099832026,131.09577619160214,-133.21772870158534,-89.80295301699789,-43.41477568458746,133.21772870158534,11.521092143292964,0.0,,29.198975178971885,2025-03-27,2026-05-20,one-sided/negligible,0.07535375548468437,88.01009744158462,faded (<25% in last 12m)
243T278_1,133,132,0.2,-0.02948632836341858,-0.021059999242424965,-0.012886003591120243,-0.004588319920003414,,,-0.012886003591120243,106.43142509953273,238.32265660446137,-131.8912315049286,-131.8694112378871,-0.021820267041524254,131.8912315049286,0.005873640184290707,0.0,,61.51857596929326,2024-08-13,2026-03-24,same-sign,0.016600324772298336,134.802140961784,faded (<25% in last 12m)
445__A,19,12,4.3,-0.2734921872615814,-0.15937379002571106,-0.14424075186252594,-0.03635718300938606,,,-0.14424075186252594,110.97024039489527,241.21911386897165,-130.2488734740764,-92.46807986497879,-37.7807936090976,130.2488734740764,130.2488734740764,0.0,,54.76525024573008,2025-11-02,2026-05-09,same-sign,0.12925143539905548,84.94184645098906,live
570__A,385,314,44.3,-0.0023671328090131283,-0.000121206438052468,-0.005870436783879995,-0.004466080106794834,,,-0.005870436783879995,156.2513358825761,26.738036782393767,129.51329910018234,72.5769505393298,56.93634856085251,129.51329910018234,113.55391763984426,0.0,,55.99751919773437,2025-01-17,2026-03-10,one-sided/negligible,-0.003503303974866867,61.599368118665446,live
FRI_PEAR_1,1189,1147,18.5,0.002132441382855177,0.0015987285878509283,0.0008650206727907062,0.0005961951683275402,,,0.0008650206727907062,-84.37928390367838,-209.8535421669003,125.47425826322191,121.55602026278211,3.9182380004397905,127.75352919579504,15.586042058304884,0.0,,78.33472358160948,2024-07-20,2025-09-30,one-sided/negligible,-0.0012674207100644708,113.87765947923013,no bind since Mar-2026
E3_X2_1,492,490,0.4,-0.020306846126914024,-0.013399999588727951,0.00035854094312526286,0.004350518807768822,-3.170369745930657e-05,,0.0003448929055593908,-2.3384620651468113,125.04121594739263,-127.37967801253944,-127.21766285261461,-0.16201515992482501,127.37967801253944,9.339727065440663,0.7349454603681806,0.6923076923076923,13.344377515558154,2024-07-06,2026-09-10,one-sided/negligible,0.020275142429454718,132.57398583257378,faded (<25% in last 12m)
945__B,362,341,13.9,0.0016294480301439762,0.0008828036952763796,0.0027397703379392624,0.0028612371534109116,0.004077442921698093,,0.0028011417016386986,-194.70958573602425,-68.57168924251769,-126.13789649350656,-52.30584388635907,-73.83205260714749,126.13789649350656,125.53555541930109,7.417088364702067,1.0,132.74705372604097,2024-10-24,2026-09-12,one-sided/negligible,0.002447994891554117,110.81276130206102,live
MADDUX_SAPOWE1_1,1629,1410,128.9,0.0007080161012709141,0.00789860263466835,0.0004755219561047852,0.0015945490449666977,0.006586397532373667,0.00175460334867239,0.0004352529067546129,42.81496882302539,45.619735962320796,-2.804767139295407,-40.802800658362685,37.99803351906727,125.84313257606058,125.83803014760815,20.55480375247862,0.9973045822102425,7.6181312041459535,2025-06-13,2026-07-18,one-sided/negligible,0.005878381431102753,63.14301622432,live
35045__A,846,541,221.8,0.05571846291422844,0.010391801595687866,0.047339651733636856,0.0005572393420152366,0.08419594913721085,0.02665979042649269,0.04694503918290138,-347.09710148688555,-471.7233310882393,124.62622960135371,46.90469879586453,77.72153080548918,125.31679225191505,120.88518755600303,56.55121551376457,1.0,10.249508325277368,2024-10-01,2026-09-01,same-sign,0.028477486222982407,157.90720557985748,live
ABNTHW_SERDEV1_1,2423,2273,97.2,0.0013133020838722587,0.0029649347998201847,0.0009639347554184496,0.002365078078582883,0.0007660769624635577,0.0018879882991313934,0.0009623952792026103,-551.4408113330123,-672.1274488543044,120.68663752129201,49.808414009629985,70.87822351166201,124.18260772701386,10.460512405257136,3.534711339422605,0.9911504424778761,56.93286277070162,2025-01-30,2026-09-13,one-sided/negligible,-0.0005472251214087009,70.8155258022071,faded (<25% in last 12m)
BERGHE_AT1H,1952,1672,182.7,-0.011562535539269447,-0.006493702530860901,-0.011819825507700443,-0.006022829562425613,-0.012511474080383778,-0.007418549153953791,-0.01157644297927618,445.9470384725931,506.71274163717317,-60.76570316458007,-0.3703750299082458,-60.39532813467182,123.91453503163878,65.30801835796774,38.88419605269579,1.0,13.801245832818969,2024-07-03,2026-09-13,same-sign,-0.0009489385411143303,21.897404992051936,live
505__B,1061,739,223.9,-0.09341513365507126,-0.03950021415948868,-0.08699861913919449,-0.0344511903822422,-0.07707513868808746,-0.036671947687864304,-0.08678359538316727,1165.3227788299068,1262.4381590214616,-97.11538019155462,-52.44510272692423,-44.67027746463039,123.06428352877265,97.97305293680013,10.2805037163198,1.0,12.294507444582889,2024-07-24,2026-09-13,same-sign,0.016339994966983795,148.45932823709558,live
LASPUL_RIOHON1_1,184,173,7.9,0.025174899026751518,0.02801021747291088,-0.0003429909993428737,-0.00014973753422964364,,,-0.0003429909993428737,0.5236659459126258,-42.8301969099751,43.353862855887726,22.571667263511017,20.78219559237671,122.70484067355945,33.3711755927828,0.0,,15.722994273905293,2024-11-27,2025-11-20,one-sided/negligible,-0.025517890026094392,69.41065150589989,no bind since Mar-2026
86T235_1,73,42,20.3,0.011526452377438545,-0.00490480475127697,0.007239100523293018,-0.0022641459945589304,,,0.007239100523293018,-135.6184778299721,-231.62153821612205,96.00306038614993,66.89971187710762,29.103348509042306,122.65002072829762,122.65002072829762,0.0,,439.6242592788878,2025-09-25,2025-10-15,same-sign,-0.004287351854145527,79.16260309216112,no bind since Mar-2026
FALFUR_RACHAL1_1,106,105,0.3,0.08169727027416229,0.08695749938488007,0.0003478054131846875,-0.0011086500016972423,0.0007234230870380998,,0.0003696169296745211,-0.536982457515478,-121.56211697461549,121.02513451710001,119.18760464129628,1.8375298758037388,121.02513451710001,51.55051505398296,39.88486997043947,1.0,12.869676314631388,2025-04-14,2026-06-24,one-sided/negligible,-0.08097384718712419,109.42125634111493,live
6217__A,1894,1628,116.4,-0.003381946822628379,0.001967416377738118,-0.0019013280980288982,0.003467210801318288,-0.0018707005074247718,0.003053651424124837,-0.0018827831372618675,-23.347993870269917,97.41557742870557,-120.76357129897548,-72.73029895696345,-48.033272342012026,120.76618429745173,65.43120870161894,40.42071844473827,1.0,27.174671985675793,2024-07-03,2026-07-30,one-sided/negligible,0.001511246315203607,66.8580900896969,live
FREER_SAN_DI1_1,301,301,0.0,0.007325767073780298,,-4.7321409510914236e-05,,-0.00015684615937061608,,-4.915647514280863e-05,0.7835568748722608,-114.47643691668054,115.2599937915528,115.2599937915528,0.0,120.05271560614517,117.66278045291426,15.29711812011908,0.9873417721518988,50.21955153094821,2024-10-14,2026-09-12,one-sided/negligible,-0.007482613233150914,113.10781773536156,live
SANMAR_AT3,33,33,0.0,0.002274575876072049,,-0.0016990263247862458,,,,-0.0016990263247862458,31.29373914556345,-86.06122967437841,117.35496881994186,117.35496881994186,0.0,119.4849659599713,0.08747856679838151,0.0,,431.88321711077833,2024-07-08,2025-09-20,one-sided/negligible,-0.003973602200858295,56.63235936682994,no bind since Mar-2026
15045__A,343,268,50.6,-0.007986621931195259,0.005108305253088474,-0.004644281696528196,0.008882583118975163,,,-0.004644281696528196,-65.65737439966082,53.51724044581108,-119.17461484547191,-52.91003364331846,-66.26458120215345,119.17461484547191,0.0,0.0,,50.17313057374654,2024-10-01,2024-12-18,one-sided/negligible,0.0033423402346670628,44.94244036824436,no bind since Mar-2026
RIOHND_ERIOHND_1,805,794,6.4,-0.027166083455085754,0.001737847807817161,0.00015087910287547857,0.002989697502925992,0.00012024999887216836,,0.0001513852912466973,-115.0565114975833,2.9510780759677218,-118.00758957355102,-54.296379799533696,-63.711209774017334,118.0077834414465,103.26514639670908,2.5833984492004163,0.19047619047619047,3.6377947244400826,2024-07-18,2026-09-10,one-sided/negligible,0.027286333453957923,78.81409143116812,live
1661__B,143,124,11.9,-0.061829958111047745,-0.023230290040373802,-0.03939732164144516,-0.007185113150626421,,,-0.03939732164144516,87.69056298145733,205.3529770233484,-117.66241404189105,-54.80734687508084,-62.85506716681024,117.66241404189105,39.52909864112735,0.0,,18.76775807353683,2024-08-21,2025-11-20,same-sign,0.022432636469602585,52.20527648242447,no bind since Mar-2026
MAXWEL_WHITIN1_1,617,513,51.8,0.01714209094643593,0.005995098035782576,0.007139814551919699,0.0012633595615625381,0.006497692782431841,0.00106133334338665,0.0071390303783118725,-78.13992275743597,-195.07640655958008,116.93648380214411,101.08650383378517,15.84997996835894,116.94430399480188,11.576901346848294,1.8615318347292487,1.0,19.16140352905915,2024-07-21,2026-09-10,same-sign,-0.010644398164004087,104.6323051833073,faded (<25% in last 12m)
LPLNW_LPLMD_1,323,263,40.2,-0.004063300788402557,0.0007640565163455904,-0.002579411258921027,0.0021205772645771503,-0.0016564182005822659,0.001772047602571547,-0.002562961308285594,26.01006607548335,142.32596815481278,-116.31590207932943,-63.25441617355682,-53.061485905772614,116.31590207932943,23.635860592049234,9.036826488406707,1.0,130.16670682641038,2024-07-04,2026-09-13,one-sided/negligible,0.0024068825878202915,82.3968427858661,faded (<25% in last 12m)
LPLYH_T3P,215,93,90.2,-0.007810117676854134,0.0008875234634615481,-0.004970343317836523,0.003950942307710648,,,-0.004970343317836523,-124.56299931011985,-9.135626060728104,-115.42737324939178,-7.51459339385292,-107.91277985553886,115.42737324939178,0.0,0.0,,27.531924657618767,2024-08-26,2024-10-09,one-sided/negligible,0.0028397743590176105,7.271154193831275,no bind since Mar-2026
203T260_1,34,10,20.5,-0.07580989599227905,-0.044909313321113586,-0.04466952756047249,-0.013271499425172806,,,-0.04466952756047249,54.40495787188411,169.35604507786533,-114.95108720598121,-6.817924916744232,-108.13316228923698,114.95108720598121,114.95108720598121,0.0,,22.048000383377076,2026-03-26,2026-03-28,same-sign,0.031140368431806564,6.865828551229746,live
SIGMOR_THREE_1_1,55,48,4.5,0.04852008447051048,0.11848544329404831,0.001169871655292809,-0.005483747459948063,0.0014938636450096965,,0.0013265431625768542,4.442305812506674,-109.67126937978901,114.11357519229567,5.01187464980103,109.10170054249464,114.11357519229567,113.42226101977211,1.175165175802249,1.0,2.0077083331998438,2025-04-25,2026-09-04,one-sided/negligible,-0.047026220825500786,4.53191690065219,live
STCO_STER1_1,4038,3952,54.0,0.0006204919773153961,0.0015142691554501653,0.00038123870035633445,0.0011697064619511366,0.0002691247791517526,,0.00037960513145662844,-240.450435062267,-354.07011425857615,113.61967919630922,74.90048357603598,38.71919562027325,113.95990139974268,56.00146415818714,0.6114023788754821,0.9731993299832495,53.97288314957923,2024-07-05,2026-09-13,one-sided/negligible,-0.0003513671981636435,74.94691648132961,live
2270__B,1874,1185,508.5,0.0019023726927116513,0.0008826506673358381,0.0016398399602621794,0.00067087821662426,0.0014323557261377573,0.0006365076988004148,0.0016216813819482923,-511.50165968001056,-623.9592966214343,112.45763694142381,59.81222492773122,52.64541201369259,113.24485704698903,93.15747351344422,49.230441659309385,0.9917355371900827,172.32535051187415,2025-01-13,2026-09-13,one-sided/negligible,-0.000470016966573894,95.98006863597834,live
NLARSW_UNITEC1_1,58,37,6.2,0.06750805675983429,-0.010074426420032978,0.0030538553837686777,0.0029981571715325117,-0.0009887500200420618,0.002309999894350767,0.003044512588530779,-4.67756568887853,-108.52588698781135,103.84832129893282,104.03969656175468,-0.19137526282186929,110.40493505764364,3.278306880752401,0.0769733025226742,1.0,27.853054317268164,2024-12-06,2026-09-03,one-sided/negligible,-0.06849680677987635,70.59027535257478,faded (<25% in last 12m)
6036__A,298,270,11.9,-0.06777938455343246,0.001057966030202806,-0.039574481546878815,0.028019225224852562,-0.03992071375250816,,-0.03954679146409035,94.86543789699984,205.16621790639573,-110.30078000939587,-83.74431168047886,-26.556468328917006,110.30078000939587,25.317759010164686,0.2113014031201601,1.0,10.791477771394852,2024-07-06,2026-07-15,same-sign,0.0278586708009243,81.17178120597099,faded (<25% in last 12m)
6025__A,276,216,36.4,0.024212917312979698,0.0005991297657601535,0.01859288476407528,0.0003020878357347101,,,0.01859288476407528,-37.299818885785804,-10.896612138334604,-26.403206747451186,6.212537415325642,-32.61574416277683,109.92470619955655,0.0,0.0,,10.766194453480205,2024-07-28,2025-04-08,same-sign,-0.005620032548904419,13.069374463380884,no bind since Mar-2026
GOOD_DAN_1,193,173,16.4,-0.005231387447565794,0.0019438458839431405,-0.0194450244307518,-0.016091711819171906,-0.013536999933421612,,-0.019452136009931564,109.38411977039262,1.5901417120937067,107.79397805829892,24.534783657632943,83.25919440066598,107.79397805829892,0.005478651728481054,0.005478651728481054,1.0,9.76368202658833,2024-09-17,2026-09-08,same-sign,-0.008305612485855818,14.029151167196746,faded (<25% in last 12m)
LANCTYR1_1,34,31,0.9,,-0.0009414285304956138,0.41479992866516113,0.41385945677757263,,,0.41479992866516113,-107.55325816509625,0.009905616170726717,-107.56316378126697,-103.22131812013686,-4.341845661130112,107.56316378126697,107.56316378126697,0.0,,8.027290288839609,2026-04-23,2026-04-30,one-sided/negligible,,,live
BELCNTY_XFMR,153,121,15.0,-0.0058984034694731236,-0.0005907702725380659,-0.003223520005121827,0.001039873226545751,-0.0012819998664781451,0.0002099999983329326,-0.003215656615793705,47.61530959608111,154.73327481509963,-107.11796521901852,-79.46990245091729,-27.648062768101227,107.11796521901852,14.215591444051825,2.388703024111843,0.36363636363636365,167.36217360777303,2025-01-21,2026-09-11,one-sided/negligible,0.004616403602994978,93.48597229100733,faded (<25% in last 12m)
7T246_1,15,2,8.4,0.18859100341796875,0.1542843133211136,-0.008872085250914097,-0.021518323570489883,,,-0.008872085250914097,12.800043453850472,-93.86343777117628,106.66348122502674,0.36037013586610556,106.30311108916065,106.66348122502674,0.0,0.0,,0.9125000089406967,2025-04-13,2025-04-18,OPPOSING,-0.19746308866888285,0.3603701403516264,no bind since Mar-2026
BANDER_AT3,154,137,14.5,-0.0027195035945624113,-0.001759510487318039,-0.00036693745641969144,0.0004190667241346091,-0.0003622750227805227,,-0.00039409962482750416,-19.944996046775028,85.85045713257264,-105.79545317934766,-1.68232681093059,-104.11312636841707,105.79545317934766,1.1545632986321834,0.9000707815553142,1.0,5.341430607265419,2024-08-13,2026-09-11,one-sided/negligible,0.0023572285717818886,1.7249632793041774,faded (<25% in last 12m)
MARKHA_MARKHM1_1,43,25,9.7,-0.001721706590615213,-0.004152329638600349,-0.0026468434371054173,0.005237636622041464,,,-0.0026468434371054173,32.30541401092584,22.400139435349654,9.90527457557619,42.645411210134625,-32.74013663455843,104.09649745437005,0.0,0.0,,325.91584215164187,2024-07-08,2024-07-10,one-sided/negligible,-0.0009251368464902043,7.537918860734229,no bind since Mar-2026
6046__A,809,727,47.0,-0.02066752500832081,0.019514864310622215,-0.012180913239717484,0.027464238926768303,,,-0.012180913239717484,-31.974735475802532,71.6933020210078,-103.66803749681034,-69.8188280197719,-33.84920947703843,103.67066390819431,0.0,0.0,,11.378477313988771,2024-07-03,2025-02-12,same-sign,0.008486611768603325,70.20255106318359,no bind since Mar-2026
LOOP_VICTORIA_1,1260,1225,13.1,0.01617729477584362,0.016170524060726166,-0.005684416275471449,-0.009889114648103714,-0.004803158808499575,,-0.005709931254386902,27.209176712957742,-75.1029398876232,102.31211660058094,62.239364480772565,40.07275211980838,103.62699134483894,38.28071702284494,1.8977742037022836,1.0,1.8799551088857103,2024-07-04,2026-09-10,one-sided/negligible,-0.020980453584343195,48.31683085571624,live
MORRIS_WESTSI1_1,154,145,6.7,-0.010102731175720692,-0.015733487904071808,0.0004943720996379852,0.001715387566946447,,,0.0004943720996379852,-8.747551837993038,94.39774704093968,-103.14529887893272,-28.182955827291153,-74.96234305164157,103.14529887893272,67.76146162594281,0.0,,17.676220692308814,2024-07-12,2026-05-06,one-sided/negligible,0.010597103275358677,27.16092674819214,live
LA_PAL_VCAVAZ1_1,1345,1324,15.8,0.0017370640998706222,0.00704097468405962,2.089554982376285e-05,0.003993808291852474,,,2.089554982376285e-05,-201.82654529754532,-278.2510189178677,76.4244736203224,14.977054027522172,61.44741959280023,102.26045540521227,97.23408566720657,9.634559764400365,0.0,7.254510567243932,2025-01-07,2026-09-10,one-sided/negligible,-0.0017161685500468593,16.483750855088307,live
6011__B,484,223,209.3,0.02877908945083618,-0.00020801712526008487,0.02152073010802269,-0.006178827490657568,,,0.02152073010802269,-18.6401982871903,-119.34813480603589,100.7079365188456,32.75311814947054,67.95481836937506,100.7079365188456,0.0,0.0,,18.113309429031318,2024-10-18,2025-08-08,same-sign,-0.007258359342813492,29.318458645336307,no bind since Mar-2026
690__C,678,422,179.0,-0.003322809701785445,-0.0010401776526123285,-0.004937910009175539,-0.002546858973801136,-0.003986950032413006,,-0.0049419221468269825,220.46698486498082,121.13065674813183,99.33632811684899,49.28624544428021,50.05008267256878,99.33632811684899,0.5078658422377581,0.04113362717907876,1.0,65.51920132997547,2025-03-10,2026-08-15,one-sided/negligible,-0.0006641403306275606,18.362884382239805,faded (<25% in last 12m)
1717__A,8,8,0.0,-0.007507249712944031,,0.0032390798442065716,,,,0.0032390798442065716,-29.896034568548203,69.40200769901276,-99.29804226756096,-99.29804226756096,0.0,99.29804226756096,0.0,0.0,,1152.2748699188232,2025-05-14,2025-05-14,one-sided/negligible,0.010746329557150602,99.06180394056412,no bind since Mar-2026
LA_PALMA_XF1A,76,76,0.0,-0.3004888892173767,,0.00047255895333364606,,0.0004688656481448561,,0.0005145526374690235,-0.1665889255004913,96.0159777586814,-96.1825666841819,-96.1825666841819,0.0,96.1825666841819,96.04354586985437,90.8683474881509,1.0,4.27555261622183,2025-05-06,2026-09-09,one-sided/negligible,0.30095775486552157,97.7938144302522,live
1661__A,140,124,9.9,-0.061829958111047745,-0.03558838367462158,-0.03939732164144516,-0.007711252197623253,,,-0.03939732164144516,99.9550031308366,196.0127846793087,-96.05778154847212,-54.80766225815751,-41.250119290314615,96.05778154847212,77.92709315350899,0.0,,18.76784681523925,2025-03-14,2025-11-20,same-sign,0.022432636469602585,52.20552333050789,no bind since Mar-2026
35065__A,626,352,191.2,0.03415992856025696,0.01319907046854496,0.026109766215085983,0.004659098573029041,,,0.026109766215085983,-61.84634609088485,-154.99919699961674,93.15285090873188,41.57951994454288,51.573330964189005,93.15285090873188,84.50906673822632,0.0,,16.698346545384993,2025-04-13,2026-04-10,same-sign,-0.008050162345170975,47.31738900636849,live
FRA_PAR_1,87,87,0.0,-0.013428575359284878,,-0.0006361556006595492,,-0.0003195000172127038,,-0.0006646045949310064,8.73725186023512,100.16622555232607,-91.42897369209095,-91.42897369209095,0.0,91.42897369209095,59.41822747375409,0.5871583717234898,1.0,70.58322977034868,2024-10-26,2026-09-05,one-sided/negligible,0.013109075342072174,80.49943629432744,live
BOW_FMR1,952,724,149.9,0.000725886260624975,0.0001586193247931078,0.00017307582311332226,-0.0003226834232918918,0.0004428724350873381,-7.933959750516806e-06,0.00016890866390895098,5.22352510960339,-84.57316562527528,89.79669073487867,55.13184799350029,34.66484274137838,89.79908872609106,89.72918530215414,3.5479543689198176,0.9913793103448276,117.39166721517672,2025-01-16,2026-09-12,one-sided/negligible,-0.0002830138255376369,24.05378853316125,live
230T230_1,52,50,0.7,0.017374666407704353,0.015518332831561565,0.004056342411786318,0.0026501209940761328,,,0.004056342411786318,-22.275776787040133,-110.01149066413441,87.73571387709428,67.77812201809138,19.957591859002907,88.59345089675237,0.0,0.0,,104.02644008159638,2024-07-03,2024-10-04,one-sided/negligible,-0.013318323995918036,69.27289165743274,no bind since Mar-2026
KENEDS_ROSATA1_1,2,0,1.5,,0.022516001015901566,,0.0034092157147824764,,,,-15.77994430065155,-104.2381445566813,88.45820025602976,0.0,88.45820025602976,88.45820025602976,88.45820025602976,0.0,,,2026-01-25,2026-01-25,one-sided/negligible,,,no bind since Mar-2026
2585_1,1656,1339,176.0,0.0012188076507300138,0.003462804714217782,0.0021536904387176037,-0.0016198824159801006,0.0013663173886016011,-0.001974431797862053,0.0021523521281778812,-35.24386397611822,-73.14722172521067,37.903357749092464,-15.955627230502259,53.85898497959472,86.37402729931874,9.930778438602527,2.0330651238715896,0.9929577464788732,13.953941756791172,2024-07-03,2026-08-28,one-sided/negligible,0.00014750973787158728,2.7561203274075274,faded (<25% in last 12m)
378T387_1,209,180,19.8,0.009460482746362686,0.008876075968146324,0.008505955338478088,0.008926738984882832,0.008505955338478088,0.008926738984882832,0.007791636511683464,-525.7818146687157,-539.331479408429,13.549664739713375,21.380332108819857,-7.830667369106484,85.84329541171124,85.84329541171124,85.84329541171124,1.0,131.8423172676315,2026-08-13,2026-09-13,same-sign,-0.0009545274078845978,22.652478963174786,live
HEC_NEDIN2_1,396,356,34.5,-0.009065789170563221,-0.007998628541827202,5.031192995375022e-05,-0.0006996082374826074,0.0001644000003580004,,5.220119055593386e-05,0.5440978206567498,84.68689146360491,-84.14279364294815,-77.13768187081828,-7.005111772129869,85.22032340889261,5.652278254997848,0.35033553122900685,1.0,5.394089885005659,2024-09-17,2026-09-11,one-sided/negligible,0.009230189170921221,17.724695335505555,faded (<25% in last 12m)
BRACKE_ESCOND1_1,732,600,68.3,0.00010296265099896118,-0.005260513164103031,0.0009530502720735967,-0.00032658735290169716,,,0.0009530502720735967,-28.270754968775385,-43.26819177882378,14.997436810048384,19.813368837785674,-4.815932027737289,82.9934833150146,0.0,0.0,,14.057509972929644,2024-07-04,2025-07-12,one-sided/negligible,0.0008500876210746355,7.170069126672436,no bind since Mar-2026
TILDEN_GEOWEST_1,41,32,5.2,0.0661100298166275,0.06871335953474045,-5.01420145155862e-05,-0.001828162232413888,,,-5.01420145155862e-05,1.4364218461614655,-79.59570476909478,81.03212661525626,28.163684081153406,52.86844253410285,81.03212661525626,15.960152484418359,0.0,,13.33724997099489,2025-03-06,2026-05-05,one-sided/negligible,-0.06616017183114309,28.23663199474976,faded (<25% in last 12m)
138_ALV_NAL_1,1430,1198,101.2,0.008712687529623508,0.0144472885876894,0.0005266426596790552,0.006433768663555384,0.00035659101558849216,0.005638017784804106,0.0004043910594191402,-25.903192706470406,-106.33132549230746,80.42813278583705,51.19650073823078,29.231632047606276,80.42813278583705,43.01494015473609,21.721594991880465,0.9497991967871486,5.1386060156143865,2024-07-16,2026-09-13,one-sided/negligible,-0.008356096514035016,51.44054800126154,live
SNDSW_MR1H,244,220,11.3,-0.0300681721419096,-0.04164635017514229,-0.019380807876586914,-0.013109867461025715,-0.022133750841021538,-0.014334285631775856,-0.01886090077459812,104.9052209869551,173.38784002937123,-68.48261904241613,-50.66928389084933,-17.81333515156681,80.2893545859794,50.53751501642788,19.344569258915726,1.0,26.237986319998956,2025-01-14,2026-09-09,same-sign,0.007934421300888062,45.80031226095804,live
6240__C,2098,1673,253.2,-0.004262580536305904,-0.0009479883010499179,-0.002566075883805752,0.0008715970325283706,-0.002405389677733183,0.0005583427846431732,-0.0025499598123133183,31.026397043519076,107.88168179886154,-76.85528475534245,-36.83831778930971,-40.01696696603274,79.66384920904352,24.221699278515114,4.175800156478848,1.0,11.548854169989694,2024-08-12,2026-09-13,one-sided/negligible,0.0018571908585727215,35.88321735296999,live
CAGNON_MR4H,1082,1049,15.3,-0.009528583846986294,0.0016790335066616535,-0.004180840216577053,0.005465805064886808,,,-0.004180840216577053,14.300143132004415,90.20655003948407,-75.90640690747966,-52.93002620263576,-22.9763807048439,79.53813885478155,0.0952029712498188,0.0,,9.13366251028051,2024-07-03,2026-01-10,one-sided/negligible,0.005347743630409241,51.23786530173163,no bind since Mar-2026
RAYBURN_69_2,362,284,42.0,-0.004104336258023977,-0.005470740143209696,0.0015703063691034913,0.0034016615245491266,-0.0021217740140855312,-0.0005594450049102306,0.0014953509671613574,-16.88523760025074,33.378486653490654,-50.263724253741394,-5.869500488910489,-44.394223764830905,77.8268283653711,77.8268283653711,12.757061416847021,1.0,14.270485896300722,2025-10-06,2026-09-11,one-sided/negligible,0.001982562243938446,8.034963937547982,live
6085__E,430,356,50.5,0.004171897657215595,0.001151709584519267,0.002689218381419778,-0.0005943039432168007,0.0012920263689011335,0.00023876190243754536,0.0026662552263587713,-82.74737583946853,-159.71956321904582,76.9721873795773,45.04289122330374,31.92929615627357,76.9721873795773,20.607266668608645,7.657508941367269,1.0,79.369075961997,2024-08-08,2026-09-13,one-sided/negligible,-0.0028798712883144617,81.37188940330967,live
107__A,149,123,15.4,-0.06221978738903999,0.018865538761019707,-0.07815811038017273,0.005864798557013273,,,-0.07815811038017273,301.4830268892789,225.61673318249328,75.86629370678565,67.41605535056442,8.450238356221234,75.86629370678565,0.0,0.0,,32.40523574107546,2024-09-17,2024-10-30,same-sign,-0.015938322991132736,63.52766900294229,no bind since Mar-2026
6270__D,125,106,13.0,-0.006894255056977272,0.0032305102795362473,-0.011314176954329014,-0.0010516360634937882,-0.0037869999650865793,,-0.01131631899625063,143.98935961617588,68.2713711275331,75.71798848864272,51.67883188975975,24.03915659888298,75.71798848864272,75.14530525860026,0.032214051112532616,1.0,102.98656608023734,2024-10-15,2026-06-23,one-sided/negligible,0.0031072550918906927,33.920586376010405,live
SNDSW_MR1L,263,262,0.6,-0.03350042551755905,-0.01704571396112442,-0.021734019741415977,0.0128804175183177,-0.026907887309789658,,-0.020745765417814255,119.94865511290845,183.58949109474875,-63.64083598184031,-62.55578230448009,-1.0850536773602166,75.38034480442973,45.663703840497575,17.199710942979436,1.0,26.642694577244146,2025-01-14,2026-09-12,same-sign,0.006592538207769394,46.018461273104066,live
CNT_MCCR_1,767,700,45.8,0.0018597142770886421,0.0032185735180974007,0.002375955693423748,0.003655531443655491,,,0.002375955693423748,-511.9208329552105,-437.1000954856281,-74.82073746958241,-40.766368295560824,-34.054369174021595,74.82073746958241,15.800443010676341,0.0,,123.32241605696933,2024-07-03,2025-11-20,one-sided/negligible,0.0005162414163351059,44.56489711178194,no bind since Mar-2026
WHITE_PT_T3H,223,217,2.9,-0.017840884625911713,0.03968347609043121,0.0005472908378578722,-0.0016259639523923397,-0.0002595194964669645,,0.0006311276811175048,-26.84011149098797,45.87109963513164,-72.7112111261196,-32.467966639413895,-40.243244486705706,74.28082068673044,8.104222504489677,3.170252588337007,0.9506172839506173,3.1920276500986384,2024-07-06,2026-08-31,one-sided/negligible,0.017581365129444748,12.178084185467883,faded (<25% in last 12m)
610__A,439,225,174.1,-0.05139175429940224,-0.023751765489578247,-0.05116753652691841,-0.02381131798028946,,,-0.05116753652691841,1908.0760964279834,1903.7865554809905,4.289540946992922,-1.9855312118306756,6.275072158823599,72.53491471376522,0.0,0.0,,104.73357369207673,2024-09-17,2024-11-02,same-sign,0.00022421777248382568,5.283703934439312,no bind since Mar-2026
12020__B,1365,1086,211.2,0.005292712245136499,0.0007164287962950766,0.003773575881496072,-0.0006915393169037998,0.003709056181833148,-0.0003945042553823441,0.0037451693788170815,-88.21646664515856,-160.19168288377188,71.97521623861333,40.32404996854166,31.65116627007167,71.97521623861333,71.70425379564342,29.675211164776556,1.0,25.27354055744961,2025-05-14,2026-09-13,one-sided/negligible,-0.0015836560633033514,43.46671097901379,live
NB_THW97_A,330,272,26.8,-0.03981069102883339,0.026690758764743805,-0.06705135107040405,-0.0008958169491961598,-0.07751191407442093,-0.012811068445444107,-0.06682386249303818,124.77164307043495,53.60420319965973,71.16743987077521,49.75283851288259,21.41460135789263,71.16743987077521,48.67177833523601,10.41636729655632,1.0,6.569062491844627,2025-02-26,2026-09-08,same-sign,-0.03770122304558754,67.36397973587896,live
HEXT_MASONS1_1,1248,1151,46.3,0.0002870722091756761,0.0005554159288294613,0.0001512339076725766,0.0003090354730375111,,0.0002641851897351444,0.0001512339076725766,-63.93873938246497,-109.53815785648521,45.59941847402023,17.53726110295247,28.06215737106777,70.87476310717133,28.647040553293056,0.0,1.0,28.306016509514425,2024-07-03,2026-09-13,one-sided/negligible,-0.0001358383015030995,4.425642426921773,live
BERGHE_AT1L,1766,1684,56.9,-0.011786640621721745,-0.0025652991607785225,-0.011719954200088978,-0.002324136206880212,-0.012447129003703594,-0.00536781782284379,-0.01153363287448883,329.36516120057905,359.7873077809575,-30.422146580378467,-30.275227420177544,-0.14691916020092308,70.75940160713557,57.793902942272936,11.221339905634522,1.0,16.768400189341786,2024-07-03,2026-09-13,same-sign,-0.0006604883819818497,18.650861629968524,live
460T460_1,258,258,0.0,-0.035941723734140396,,-0.01483741495758295,,-0.012704945169389248,,-0.014866749756038189,51.877267815114465,121.35099412861746,-69.473726313503,-69.473726313503,0.0,69.473726313503,36.397393163642846,5.660689420532435,1.0,12.665488328293774,2024-10-16,2026-07-10,same-sign,0.023236778564751148,75.93072810634267,live
KATEMC_MASN1_1,411,360,28.5,0.0047575500793755054,0.003469211747869849,0.0033266497775912285,0.001876293565146625,0.0028874236159026623,0.000562857196200639,0.003312420565634966,-80.48319135118525,-149.06699509409492,68.58380374290967,4.701755251621762,63.882048491287904,68.90107302305508,66.54577278259362,0.24486093409359455,1.0,8.72233613731676,2025-04-08,2026-09-11,one-sided/negligible,-0.0018701264634728432,5.872273788132565,live
ARROZ_LANCTY1_1,32,32,0.0,-0.004817969165742397,,0.12328707426786423,,,,0.12328707426786423,-60.978007494006306,4.36292328115087,-65.34093077515718,-65.34093077515718,0.0,68.2531146564288,67.91486590041313,0.0,,11.932187439873815,2025-04-17,2026-04-30,one-sided/negligible,0.12810504343360662,48.91434848777505,live
SAR_FRAN_1,100,88,4.7,-0.007067471742630005,-0.006987879052758217,-0.003199242055416107,-0.000495648302603513,,,-0.003199242055416107,74.22959134873237,117.70159054520386,-43.47199919647149,-21.861494029697496,-21.610505166773997,67.93762066787652,18.657502472866327,0.0,,185.19988638501275,2024-07-09,2026-02-16,one-sided/negligible,0.0038682296872138977,63.042821475316956,no bind since Mar-2026
AE_STR26_A,64,20,19.7,-0.0013569500297307968,-0.003880916628986597,0.03623915836215019,0.034994564950466156,0.0434579998254776,0.031467147171497345,0.036698609590530396,-60.98475735611282,6.127321712934645,-67.11207906904747,-8.557847506774124,-58.554231562273344,67.11207906904747,13.585998789193884,12.816698118248798,1.0,12.32389992773533,2024-08-05,2026-08-27,one-sided/negligible,0.0448149498552084,11.045899145641302,faded (<25% in last 12m)
BAKRFLD_CEDCAN_1,318,248,43.1,0.06529653072357178,0.05421905964612961,0.041312042623758316,0.03655201196670532,0.05466590076684952,0.01686999946832657,0.04067311808466911,-137.9369611150458,-205.02831735978546,67.09135624473964,13.238337952183883,53.85301829255575,67.09135624473964,50.39669424088788,2.401741666602902,1.0,2.4638911271064106,2024-07-03,2026-09-06,same-sign,-0.01063062995672226,6.495793276828056,live
187T222_1,32,23,4.4,0.0015272777527570724,0.0056303394958376884,-0.03542701154947281,-0.02671910636126995,,,-0.03542701154947281,60.18352929378548,-6.582735702550659,66.76626499633615,36.39358974946663,30.37267524686952,66.76626499633615,0.0,0.0,,42.76778262594472,2024-10-28,2025-04-24,one-sided/negligible,-0.03695428930222988,36.35041927540296,no bind since Mar-2026
MCCAMY,1320,982,232.3,0.00454615568742156,-0.0004659612604882568,0.0004874361038673669,-0.006239101756364107,-0.0056062075309455395,-0.009236170910298824,0.0005272736307233572,8.475416786034181,-52.733348167709025,61.20876495374321,26.458425217711977,34.750339736031236,66.76067431790165,66.56520634051316,2.6252737773819868,1.0,4.66596029383982,2025-08-09,2026-08-11,one-sided/negligible,-0.0101523632183671,46.517854239561004,live
CKT_3123_1,22,0,17.2,,-0.016272984445095062,,0.08759170770645142,,,,-56.66658588033169,9.567369209524866,-66.23395508985656,0.0,-66.23395508985656,66.23395508985656,4.411231050888697,0.0,,,2024-07-08,2026-01-28,one-sided/negligible,,,no bind since Mar-2026
310__A,177,112,42.1,-0.09041895717382431,0.02326921746134758,-0.10398660600185394,0.012949482537806034,,,-0.10398660600185394,94.9754357739439,29.66188119910658,65.31355457483733,21.404950935102534,43.9086036397348,65.31355457483733,0.0,0.0,,15.27772317468355,2024-07-03,2025-03-05,same-sign,-0.013567648828029633,23.21567168770712,no bind since Mar-2026
6375__A,623,520,63.3,0.005732774268835783,0.0015565551584586501,0.004119539633393288,8.649832307128236e-05,0.003726720344275236,0.00023213971871882677,0.004087985027581453,-81.78946507912003,-146.5973928339014,64.80792775478137,34.46519853584664,30.342729218934736,64.90011501785291,61.50607473617128,23.72524872079642,1.0,42.11078467230635,2024-07-03,2026-09-13,one-sided/negligible,-0.002006053924560547,43.92778252626623,live
400__A,1008,703,179.8,-0.018382884562015533,-0.005777331534773111,-0.02515724115073681,-0.012699288316071033,-0.025609437376260757,-0.012888164259493351,-0.025308389216661453,152.78127957300967,88.10196092259373,64.67931865041592,15.075547853230091,49.60377079718584,64.67931865041592,37.66892078473036,12.969890477229228,1.0,3.2280170659797602,2024-08-23,2026-09-13,same-sign,-0.007226552814245224,16.399187376249117,live
GARZA_XF1H,193,144,31.6,-0.01191470492631197,-0.016118124127388,-0.0001975094055524096,0.0005577459814958274,-0.00021317959181033075,0.00046201227814890444,-0.00020912275067530572,-3.580777543825358,47.956877287778,-51.53765483160335,-11.94324779522185,-39.5944070363815,64.61705431334288,64.61705431334288,44.64051198993107,0.9682539682539683,5.908076395280659,2025-09-17,2026-09-13,one-sided/negligible,0.011701525334501639,9.955224808926875,live
HCKSW_MR1H,107,80,23.3,-0.013525737449526787,0.007583271246403456,-0.017251422628760338,0.003972548525780439,,,-0.017251422628760338,62.94860581719938,-1.4372147370595412,64.38582055425891,24.085090601816773,40.30072995244215,64.38582055425891,5.971588850021362,0.0,,75.90273749828339,2025-07-10,2026-04-15,same-sign,-0.003725685179233551,22.62317633284873,faded (<25% in last 12m)
G2_M3_1,277,267,5.0,0.002490807557478547,0.005151297897100449,0.004297181032598019,0.006915886886417866,,,0.004297181032598019,-183.61387805533496,-120.36544525144562,-63.24843280388935,-41.19970819973969,-22.048724604149662,63.813690666099625,0.0,0.0,,88.87306313387603,2024-07-03,2025-03-16,one-sided/negligible,0.0018063734751194715,42.86363102067304,no bind since Mar-2026
TABOR_CSSW_1,57,53,1.3,-0.013929322361946106,-0.0011483333073556423,-0.029443558305501938,-0.012866792269051075,,,-0.029443558305501938,125.03994575204949,62.082806552508075,62.957139199541416,61.16549849137664,1.7916407081647776,63.54989870942275,0.2963797549406687,0.0,,74.58433946123662,2025-03-11,2025-10-20,same-sign,-0.015514235943555832,61.327309125082,no bind since Mar-2026
6200__E,492,487,1.2,-0.01787865161895752,0.003562500001862645,-0.020245840772986412,0.0015484057366847992,-0.020036155357956886,,-0.020400570705533028,535.3450389525582,472.24262328399345,63.102415668564696,62.058248860237654,1.044166808327039,63.102415668564696,63.102415668564696,41.24190723343054,1.0,55.08411699858565,2026-05-15,2026-09-13,same-sign,-0.0021575037389993668,57.8771197429725,live
6125__C,144,130,9.7,-0.014732865616679192,0.0007524279062636197,-0.01682622916996479,-0.00198234966956079,,,-0.01682622916996479,180.83622115361504,118.9130992210315,61.92312193258355,20.254651540890336,41.66847039169321,61.92312193258355,0.0,0.0,,68.96170745216884,2024-07-16,2025-04-19,same-sign,-0.0020933635532855988,18.767050243852832,no bind since Mar-2026
138_FLT_FXT_1,2099,1688,218.1,0.0074987816624343395,0.009292888455092907,0.004317190498113632,0.006297314539551735,0.0047403001226484776,,0.00431646965444088,-95.05824202807055,-156.62835672040902,61.57011469233847,32.767952348668814,28.802162343669654,61.57011469233847,49.803675754174336,0.021063618711195886,1.0,5.189462685285887,2024-07-20,2026-06-22,one-sided/negligible,-0.002758481539785862,24.163782487681548,live
LCSES_MR1H,14,9,4.7,-0.007200777530670166,-0.0032637298572808504,0.007923581637442112,0.012616102583706379,,,0.007923581637442112,-47.935946233066105,13.455864589986351,-61.39181082305246,-0.6950564441649476,-60.69675437888751,61.39181082305246,0.0,0.0,,5.746666659911473,2024-11-08,2024-11-11,OPPOSING,0.015124359168112278,0.7822318552552553,no bind since Mar-2026
6380__D,390,354,16.1,-0.006847289856523275,-0.0006641463260166347,-0.0048880851827561855,0.0014575556851923466,,,-0.0048880851827561855,67.55125169001562,128.66336906137923,-61.11211737136364,-32.910823703352435,-28.201293668011203,61.11211737136364,4.201006270751046,0.0,,47.41963540004977,2024-07-05,2026-02-05,one-sided/negligible,0.00195920467376709,32.88828904165454,no bind since Mar-2026
355T255_1,225,225,0.0,-0.01421208493411541,,0.051822688430547714,,,,0.051822688430547714,-53.7062596642063,7.262792024997907,-60.96905168920421,-60.96905168920421,0.0,60.96905168920421,0.278512662043795,0.0,,4.246622267112964,2024-07-17,2025-09-19,OPPOSING,0.06603477336466312,63.095566269180715,no bind since Mar-2026
I_FW_S,478,426,12.0,0.03175060451030731,0.10410019010305405,0.02130916155874729,0.0942537784576416,0.03301406279206276,,0.021271690726280212,-144.51502776451042,-205.05127143199206,60.536243667481656,57.9525259873335,2.583717680148159,60.536243667481656,60.536243667481656,2.226633397862315,1.0,12.663570382647618,2025-09-15,2026-07-16,same-sign,0.0012634582817554474,6.815954365409931,live
531T531_1,11,5,3.8,0.012993000447750092,0.007896418683230877,0.007622867822647095,0.006296269595623016,,,0.007622867822647095,-99.05694501722851,-121.5529014468193,22.49595642959078,15.872985124588013,6.622971305002771,59.19010210906467,59.19010210906467,0.0,,591.1579956054687,2026-01-24,2026-01-28,same-sign,-0.005370132625102997,15.872984193957109,no bind since Mar-2026
175__A,164,139,16.7,0.06468290090560913,0.03087191842496395,0.08209305256605148,0.048724960535764694,,,0.08209305256605148,-205.21313070216758,-146.24819717871532,-58.96493352345229,-22.370246769773075,-36.59468675367922,58.96493352345229,28.261338727005448,0.0,,8.148446024013616,2024-07-16,2026-03-23,same-sign,0.017410151660442352,19.719329669425772,live
RAY_L_46_1,398,356,19.8,0.009599494747817516,-0.015953434631228447,-0.005278436932712793,0.003360838396474719,-0.00406278483569622,-0.0013903104700148106,-0.005369104910641909,4.551525647547047,10.552889139937779,-6.0013634923907375,24.73798916292253,-30.73935265531327,58.297479818093045,41.356541474328424,8.482398596946801,1.0,3.488488764509629,2024-07-05,2026-09-10,one-sided/negligible,-0.013662279583513737,16.967212341585,live
235__A,83,30,26.7,0.010434333235025406,0.0177067331969738,-0.02882147580385208,-0.028340401127934456,-0.005417466163635254,-0.023914963006973267,-0.03136080130934715,30.69677709246995,-26.268551465636243,56.96532855810619,12.31734729269374,44.64798126541245,56.96532855810619,51.51822737813017,29.13963560455643,1.0,9.439566675946116,2025-06-27,2026-07-10,OPPOSING,-0.01585179939866066,4.489023520721396,live
COT_HOLA_1,341,338,0.5,-0.007735604885965586,-0.009046666324138641,-0.0004982592072337866,0.0002669498499017209,-0.00045138460700400174,,-0.000501280534081161,3.0606869761287876,59.63937191003788,-56.578684933909095,-55.97197998972706,-0.606704944182032,56.578684933909095,42.38957228926241,0.9935546842498297,1.0,20.300032503291217,2024-09-12,2026-08-30,one-sided/negligible,0.007284220278961584,49.98002904732997,live
ENCINA_LEMAY1_1,94,94,0.0,-0.02248273231089115,,-0.00036898921825923026,,-0.0018899999558925629,,-0.0003713311452884227,-0.8773930873903737,-18.270193938631564,17.39280085124119,17.39280085124119,0.0,56.45670532879376,5.374699057218095,0.4831547122448683,1.0,11.339829759196714,2024-10-30,2026-08-28,one-sided/negligible,0.02059273235499859,21.950699443144288,faded (<25% in last 12m)
HUTTO_MR2L,48,29,14.7,-0.11113731563091278,-0.052703067660331726,-0.06757170706987381,-0.016734346747398376,,,-0.06757170706987381,54.6279584824224,110.92371429270133,-56.29575581027893,-27.853926768526435,-28.441829041752495,56.29575581027893,56.13438961579232,0.0,,19.37055168686242,2025-04-01,2026-02-17,same-sign,0.04356560856103897,24.47280629963542,no bind since Mar-2026
ADK_AT1,3,0,2.2,,0.011678610928356647,,-0.007488700095564127,,,,21.883358357163765,-33.631094275663294,55.51445263282706,0.0,55.51445263282706,55.51445263282706,55.51445263282706,0.0,,,2026-05-14,2026-05-14,one-sided/negligible,,,live
1020__A,374,301,40.9,-0.02578992396593094,-0.017845822498202324,-0.02293798327445984,-0.013715126551687717,,,-0.02293798327445984,251.215988169249,297.32701076390487,-46.11102259465588,-17.200732677252745,-28.91028991740313,55.19225327280158,3.41228098696835,0.0,,19.04422929313071,2024-07-12,2026-05-07,same-sign,0.0028519406914711,16.348216750094398,faded (<25% in last 12m)
NEWM_WAL_1,223,201,10.7,0.0038722262252122164,0.003929613158106804,0.004977969918400049,0.004942276980727911,0.004328030161559582,0.004782803822308779,0.004989036824554205,-245.84085114629124,-190.85615488911085,-54.984696257180374,-42.854418406204786,-12.130277850975592,54.984696257180374,54.984696257180374,8.0318251264592,1.0,217.43319781680606,2025-12-30,2026-07-20,one-sided/negligible,0.0004558039363473654,19.92048839895661,live
BLUF_C_MULBER1_1,68,33,20.2,-0.018341971561312675,-0.002194250002503395,-0.012939917854964733,0.0011157796252518892,,,-0.012939917854964733,2.717673675710103,43.67461456047992,-40.956940884769814,-2.735031332820654,-38.22190955194915,54.91456589008642,45.470338991561825,0.0,,6.7265757715160195,2024-07-31,2025-12-13,same-sign,0.005402053706347942,1.1991316780590966,no bind since Mar-2026
WD_RDWELLS_1,125,119,3.6,0.0009034581016749144,0.004239333793520927,-0.001492505893111229,0.0020927221048623323,,,-0.001492505893111229,12.486879581801379,-41.60918899653674,54.096068578338105,51.15763717138179,2.9384314069563207,54.096068578338105,0.00653595756739378,0.0,,167.94255427941053,2024-10-11,2026-03-20,one-sided/negligible,-0.0023959639947861433,47.88373327626033,faded (<25% in last 12m)
MINES__NLARSW1_1,23,18,2.7,0.0973711609840393,0.09709490090608597,0.0034821918234229088,-0.0016637146472930908,,,0.0034821918234229088,-1.5978048658992825,-55.24654545433199,53.6487405884327,44.887743880652124,8.760996707780576,53.6487405884327,53.6487405884327,0.0,,26.769833456724882,2025-11-02,2026-02-04,one-sided/negligible,-0.0938889691606164,45.24105722135903,no bind since Mar-2026
OLS_JNES_1,1192,1132,29.4,-0.002425418235361576,-0.0005109128542244434,-0.0019272287609055638,3.7464862543856725e-05,-0.00036597781581804156,,-0.0019252561032772064,93.21204916448187,145.40114649168186,-52.18909732719999,-27.366392042636107,-24.82270528456388,52.55152865154173,29.098149689250626,0.18602667987215682,0.9375,42.006213796136215,2025-06-03,2026-09-13,one-sided/negligible,0.0020594404195435345,97.92852144616519,live
EXCSW_MR1L,66,47,11.5,-0.017111776396632195,0.007526228204369545,-0.021868539974093437,0.0027468600310385227,,,-0.021868539974093437,0.1993122559603505,-52.04529019355928,52.24460244951963,7.480602686293423,44.7639997632262,52.24460244951963,52.24460244951963,0.0,,35.45006388536793,2026-04-23,2026-05-14,same-sign,-0.004756763577461243,7.925495917303841,live
FAI_COLL_1,90,81,5.6,0.005767752882093191,0.0043569812551140785,0.0072400737553834915,0.006848613731563091,0.004772387444972992,0.004339999984949827,0.007285561878234148,-199.15305345358013,-147.07724191923626,-52.0758115343439,-24.46509272279218,-27.610718811551727,52.0758115343439,52.0758115343439,4.440352253615856,1.0,161.6586659591139,2025-10-26,2026-09-10,one-sided/negligible,-0.0009953654371201992,13.033665345239596,live
480T480_1,100,86,8.3,-0.05604017525911331,-0.027867838740348816,0.0007789337541908026,-0.004629629664123058,,,0.0007789337541908026,-0.2775785747304933,39.91745316520488,-40.19503173993538,-38.04845407151788,-2.146577668417497,51.97689059494254,14.315342699828761,0.0,,9.722499930581382,2024-09-18,2026-03-18,one-sided/negligible,0.056819109013304114,47.50844537562888,live
HLJSTP64_A,20,19,0.2,0.17970232665538788,-0.0010233334032818675,-0.010350308381021023,-0.0010233334032818675,,,-0.010350308381021023,3.7038171302216747,-47.637813068926334,51.34163019914801,51.34163019666448,2.483526828633842e-09,51.34163019914801,51.34163019666448,0.0,,14.220736878482919,2024-07-24,2025-11-18,OPPOSING,-0.1900526350364089,51.351081802387185,no bind since Mar-2026
6830__B,5105,4409,484.9,0.0005775904865004122,0.0002537541731726378,0.00043431733502075076,5.620540105155669e-05,0.000569528725463897,7.813033153070137e-05,0.00043059911695308983,-76.82187055609117,-127.06093218366098,50.2390616275698,25.627226622703688,24.611835004866116,50.836665602159016,47.94348229056888,34.06256669325915,0.9985935302390999,29.99247174726955,2024-07-03,2026-09-13,one-sided/negligible,-8.061761036515236e-06,1.0660615457931437,live
1210__C,352,297,38.6,-0.00288956961594522,-0.0036134507972747087,-0.0016679331893101335,-0.0021387122105807066,,,-0.0016679331893101335,92.39259548434468,143.15812267335423,-50.76552718900954,-18.470411720943957,-32.295115468065575,50.76552718900954,50.72852773056244,0.0,,54.062538556578986,2024-10-17,2025-12-08,one-sided/negligible,0.0012216364266350865,19.615295625872978,no bind since Mar-2026
96T136_1,30,22,5.8,0.015008863992989063,0.012866685166954994,0.011648228392004967,0.010007381439208984,0.011648228392004967,0.010007381439208984,0.010745029896497726,-178.99443311601252,-229.75270270882172,50.75826959280918,2.8691810416057706,47.889088551203415,50.75826959280918,50.75826959280918,50.75826959280918,1.0,39.921772905371405,2026-07-20,2026-07-22,same-sign,-0.0033606356009840965,2.951575688164256,live
HECKER_WHITE_2_1,141,139,0.5,0.039110686630010605,0.09012666344642639,-0.0049750893376767635,-0.011634645983576775,,,-0.0049750893376767635,5.923542403808824,-44.79282278482666,50.716365188635486,49.3845523449163,1.3318128437191867,50.716365188635486,0.0,0.0,,8.042920844180497,2024-10-17,2024-11-25,one-sided/negligible,-0.04408577596768737,49.286398498271424,no bind since Mar-2026
CE_OB_25_A,8,2,0.9,0.000748499995097518,0.007655832916498184,0.019345000386238098,0.028959833085536957,0.019345000386238098,0.028959833085536957,0.018641125410795212,-67.91650897109261,-17.32487294001233,-50.59163603108027,-0.07304289113380946,-50.51859313994646,50.59163603108027,50.59163603108027,50.59163603108027,1.0,1.9640000462532043,2026-08-24,2026-08-26,one-sided/negligible,0.01859650039114058,0.07304705525669566,live
BALLINGE_FMRL,311,167,102.8,0.0014500388642773032,0.0009146243683062494,0.0010003444040194154,0.0004575932980515063,0.0011623443569988012,0.0005319474148564041,0.0009818675462156534,-64.98726484091213,-115.05875596479743,50.071491123885295,7.987970461806981,42.08352066207833,50.18447674204556,50.18447674204556,49.73099601796518,1.0,95.56887996303821,2026-02-09,2026-09-13,one-sided/negligible,-0.000287694507278502,4.591605185964805,live
G138_10B_1,526,497,14.8,0.007819361053407192,0.013681817799806595,0.00037949575926177204,0.006172384601086378,,,0.00037949575926177204,-8.944228860529467,-58.9873882676596,50.04315940713013,41.972915755471604,8.07024365165853,50.05370904737432,0.0,0.0,,10.85241047872073,2024-07-03,2025-01-12,one-sided/negligible,-0.00743986529414542,40.128014622991856,no bind since Mar-2026
106__B,81,81,0.0,-0.06727506220340729,,-0.07957398146390915,,,,-0.07957398146390915,160.82424795255065,111.06482965266332,49.75941829988733,49.75941829988733,0.0,49.75941829988733,0.0,0.0,,25.34106182233419,2024-07-03,2024-10-24,same-sign,-0.012298919260501862,25.245081539590224,no bind since Mar-2026
6056__Z,863,755,78.4,-0.002854847814887762,0.026231208816170692,-0.0009832781506702304,0.02734692208468914,,,-0.0009832781506702304,-273.3565650682248,-223.6560007912849,-49.700564276939986,-37.97320446872982,-11.727359808210167,49.74669520142561,4.975640020570914,0.0,,32.76470994861513,2025-05-18,2025-11-03,one-sided/negligible,0.0018715696642175317,46.2976850835194,no bind since Mar-2026
GRNPRCS-CSSC_1,47,47,0.0,0.0009709778823889792,,0.00471093412488699,,,,0.00471093412488699,-62.251868987455964,-12.800855028675869,-49.451013958780095,-49.451013958780095,0.0,49.451013958780095,49.39599383040331,0.0,,295.57844759555576,2024-12-18,2026-02-01,one-sided/negligible,0.0037399562424980104,51.95617163094488,no bind since Mar-2026
231T323_1,390,313,53.7,-0.0038883115630596876,-0.000442314165411517,-0.003429408185184002,-0.001234944211319089,,,-0.003429408185184002,134.8702029051568,171.30832789339001,-36.43812498823324,-23.277665062603774,-13.160459925629462,49.03882205253983,1.5067005664653454,0.0,,123.4475493984291,2024-07-29,2025-12-09,one-sided/negligible,0.0004589033778756857,17.731605689146797,no bind since Mar-2026
6045__A,165,153,3.2,-0.02197103202342987,0.01438551489263773,-0.012665124610066414,0.02387886494398117,,,-0.012665124610066414,56.158479509797566,105.09187893212463,-48.93339942232707,-46.69251373806037,-2.2408856842666864,48.93339942232707,0.0,0.0,,32.20615048911057,2024-09-19,2024-12-18,same-sign,0.009305907413363457,45.85524055265452,no bind since Mar-2026
STLTB_66_A,18,15,2.1,-0.02253792993724346,-0.009209400042891502,-0.17745572328567505,-0.09554395824670792,,,-0.17745572328567505,54.68152648086349,5.8365302425809205,48.84499623828257,21.9922668999061,26.852729338376474,48.84499623828257,0.0,0.0,,9.387599835793177,2024-07-10,2024-11-14,same-sign,-0.1549177933484316,21.814593770987663,no bind since Mar-2026
271__A,114,96,12.3,-0.13058669865131378,-0.07132185995578766,-0.11049645394086838,-0.044920727610588074,0.021365398541092873,,-0.11055941134691238,200.46935111846932,248.5026353188635,-48.03328420039422,-37.81551265902817,-10.217771541366044,48.3254379015804,29.92659630940761,0.25413011759519577,1.0,16.860145847157884,2024-10-12,2026-07-22,OPPOSING,0.15195209719240665,245.94571396276666,live
CROSSO_PALOUS1_1,2398,2200,112.2,0.002932444214820862,0.0025676351506263018,0.0016654761275276542,0.0017337892204523087,0.002771246712654829,0.0005228263325989246,0.0016569800209254026,-30.26465492989564,-43.80106225071646,13.536407320820825,6.747795952258457,6.788611368562367,47.49102550311212,27.50573143657281,2.3893059545889628,1.0,6.957333635910128,2024-07-03,2026-09-13,one-sided/negligible,-0.0001611975021660328,2.4673105684577585,live
NAD_ELCM_1,195,153,22.1,0.004330751486122608,0.0043035838752985,0.004999069031327963,0.005984255112707615,0.0031014038249850273,,0.006043229252099991,-172.24559492173526,-134.24895914650793,-37.99663577522733,-3.5194509752618615,-34.47718479996548,47.176957346178824,42.59470360221651,4.576848923461512,1.0,47.49432020658761,2024-07-11,2026-09-11,one-sided/negligible,-0.0012293476611375809,8.933215813883036,live
GV_HOC19_A,187,175,6.8,0.002264640061184764,0.0054202210158109665,0.004686215426772833,0.007928585633635521,,,0.004686215426772833,-108.02572360196305,-60.854520470563635,-47.17120313139942,-31.810514975572005,-15.360688155827424,47.17120313139942,19.400528600439433,0.0,,74.3574059001037,2025-01-11,2026-04-26,one-sided/negligible,0.002421575365588069,31.51086091592671,live
CROSSO_NORTMC1_1,569,355,140.1,-0.003759515704587102,-0.0049248733557760715,-0.0015587651869282126,-0.0023321418557316065,-0.001317217480391264,-0.0019133029272779822,-0.0015520518645644188,42.85376558557372,89.77415716837822,-46.920391582804506,-1.9350178800208369,-44.98537370278366,47.05113137665531,34.33802384309763,7.653361873279815,1.0,2.5360844870999744,2024-08-12,2026-09-13,one-sided/negligible,0.002442298224195838,2.1988254969354823,live
DA_WC_89_A,134,104,9.8,0.007808624766767025,0.005939601920545101,-0.03766617551445961,-0.03682427108287811,-0.05684604123234749,-0.06499753892421722,-0.011956293135881424,38.3244804603164,-8.17859048549144,46.50307094580784,16.948029545907048,29.555041399900805,47.014413212469655,26.09323013613175,22.799547898141707,1.0,4.437692296118117,2024-08-05,2026-09-13,OPPOSING,-0.06465466599911451,29.839421374085482,live
584T584_1,32,25,2.8,-0.021346358582377434,-0.021129531785845757,-0.013879391364753246,-0.009875795803964138,,,-0.013879391364753246,65.23082060118516,110.43033991008997,-45.199519308904804,-30.30159303545952,-14.897926273445288,46.10185584674279,45.650687577823795,0.0,,211.61467727661133,2024-09-18,2026-06-02,same-sign,0.0074669672176241875,39.50299644981447,live
CUELCA_THOMAS1_1,2021,2021,0.0,-0.030978865921497345,,-0.01065501943230629,,-0.0074822925962507725,,-0.010716519318521023,18.534064456758642,50.97671768931468,-32.44265323255604,-32.44265323255604,0.0,45.55476914584506,19.047446216132812,0.38676332977047423,1.0,0.902449283462579,2024-07-03,2026-08-24,same-sign,0.023496573325246572,42.85422530337452,live
366T150_1,141,138,1.2,-0.0008298043394461274,-0.0013886109227314591,0.010566973127424717,0.010062617249786854,,,0.010566973127424717,-43.38121878646901,0.8026695291866113,-44.18388831565562,-25.811242186896834,-18.372646128758788,44.18388831565562,0.25542152614798397,0.0,,16.352673817517076,2024-07-22,2025-09-15,one-sided/negligible,0.011396777466870844,25.718754259146305,no bind since Mar-2026
PRY_PRY1,178,97,62.9,-0.0017966802697628736,-0.00029375695157796144,-0.003291430650278926,-0.001717019360512495,,,-0.003291430650278926,71.20726805385493,27.249699657187193,43.95756839666774,16.523387369001284,27.434181027666455,43.95756839666774,0.0,0.0,,117.29728890325605,2024-10-16,2025-08-14,one-sided/negligible,-0.0014947503805160522,17.007026220499398,no bind since Mar-2026
BCVPSA03_A,1382,1116,181.3,-0.005300638731569052,0.006710039917379618,-0.0063125998713076115,0.004696987569332123,-0.003340181428939104,0.006464967969805002,-0.006446617655456066,-52.615512820240355,-93.82886298392103,41.21335016368067,7.223033622896889,33.99031654078377,43.70252375375567,37.46775597147206,1.2775272735549752,1.0,3.6001944424361065,2024-10-10,2026-08-31,one-sided/negligible,0.0019604573026299477,7.876758673886765,live
660__B,1283,1263,8.6,-0.01861465908586979,-0.003962008282542229,-0.015530303120613098,-0.0005325586535036564,-0.014643601141870022,,-0.015443735755980015,167.9158482165917,198.66237600765635,-30.746527791064636,-24.68346871351605,-6.063059077548586,43.323222617310876,10.407630604194612,7.994467536227603,1.0,8.674651612903093,2024-07-03,2026-09-13,same-sign,0.003971057943999767,43.50724832314656,faded (<25% in last 12m)
BG_GT_37_A,188,137,36.9,0.003142679575830698,0.01668723113834858,0.007452308665961027,0.019124671816825867,0.00409359997138381,,0.007496988866478205,-262.9693575291167,-219.79336798868096,-43.175989540435694,-17.65005466338698,-25.525934877048705,43.28154918193104,42.93752960287019,0.12707274909189437,1.0,34.75247439515716,2024-08-01,2026-08-13,one-sided/negligible,0.000950920395553112,4.527416627666037,live
NICOLE_TENNYS1_1,361,331,18.5,0.0009542321204207838,-0.005571974907070398,0.0006920262239873409,-0.0020445347763597965,0.0021777998190373182,,0.0006893305690027773,28.7274475376956,64.70781469389718,-35.98036715620158,-9.051211594283814,-26.929155561917767,43.267481723936115,43.05091959769682,0.037400191475171596,1.0,14.562990929858247,2024-09-22,2026-07-25,one-sided/negligible,0.0012235676986165345,5.89802455331366,live
AN_WO_21_A,59,47,8.8,-0.006474850699305534,0.020364578813314438,-0.014635642990469933,0.011294159106910229,,,-0.014635642990469933,30.269575990814094,-12.94799931227074,43.217575303084836,27.302112566423602,15.915462736661235,43.217575303084836,0.0,0.0,,71.83906410761337,2025-03-04,2025-03-06,same-sign,-0.008160792291164398,27.55439298697218,no bind since Mar-2026
HUTTO_MR1H,58,58,0.0,-0.10948950052261353,,-0.06273236870765686,,,,-0.06273236870765686,56.26473758276552,99.11879696696997,-42.85405938420445,-42.85405938420445,0.0,42.85405938420445,42.85405938420445,0.0,,14.771086064392122,2025-11-11,2026-03-30,same-sign,0.046757131814956665,40.057909853445416,live
CARIZOSPG_BEVO_1,314,266,24.8,0.0025634663179516792,0.0027589891105890274,0.00019020203035324812,0.00038665372994728386,0.00023858944769017398,0.00038665372994728386,0.0002080175472656265,-5.986068447249029,-47.23784171630662,41.251773269057594,11.265664931004721,29.986108338052873,41.751420620039426,41.751420620039426,41.409108481982905,0.9767441860465116,17.73089844543711,2025-10-29,2026-09-13,one-sided/negligible,-0.0023248768702615052,10.965093412144142,live
RINCON_WHITE_2_1,95,57,31.2,0.011080191470682621,-0.021052535623311996,-0.002239187713712454,-0.0017361993668600917,,,-0.002239187713712454,3.056953461971716,38.35891842130029,-35.30196495932857,-0.0927019769733306,-35.209262982355234,41.326567505947125,0.0,0.0,,4.53457895404937,2024-07-03,2025-02-13,one-sided/negligible,-0.013319379184395075,3.442673262241987,no bind since Mar-2026
CRD_CRD2,1133,1106,18.2,-0.02392430603504181,0.0017090991605073214,-0.02289515733718872,0.0032561246771365404,-0.021414045244455338,,-0.022873731330037117,360.56826168588304,401.0768568285227,-40.508595142639635,-18.98151817030157,-21.527076972338058,41.07036804047918,34.60122823121492,0.7483650049689459,1.0,16.910412258691714,2024-08-01,2026-09-12,same-sign,0.0025102607905864716,46.949196599285166,live
LENSW_PUTN2_1,7519,7496,11.0,-0.0007542685489170253,-0.0003488750953692943,-0.0005526633467525244,-0.00017659580043982714,-0.0004447905230335891,0.0011050000321120024,-0.0005509026232175529,-1.3000360130214972,8.87537112899912,-10.175407142020616,-0.28171820247973756,-9.893688939540878,40.822537950982564,19.141410867449054,5.124759726507818,0.9987253027405991,5.804647684100893,2024-07-03,2026-09-13,one-sided/negligible,0.0003094780258834362,13.465896153058136,live
N5_R5_1,17,14,1.4,0.11342757195234299,0.1563861221075058,0.019828008487820625,0.015521243214607239,,,0.019828008487820625,-5.130020567463362,-44.146948156451494,39.01692758898813,7.236471227937727,31.780456361050405,39.01692758898813,0.0,0.0,,5.263499959638076,2024-12-06,2025-01-19,same-sign,-0.09359956346452236,6.89725817924717,no bind since Mar-2026
415T415_1,62,53,6.9,-0.014845665544271469,0.0027407994493842125,-0.011077177710831165,0.0027407994493842125,,,-0.011077177710831165,-6.836530930285026,29.207319408965606,-36.04385033925064,-36.043848670320585,-1.668930054599116e-06,38.93149051745422,2.145767212802241e-06,0.0,,324.4936198513463,2024-07-03,2025-09-23,same-sign,0.003768487833440304,64.81106369725647,no bind since Mar-2026
RNKSW_MR1H,221,221,0.0,-0.013743331655859947,,-0.017300019040703773,,,,-0.017300019040703773,204.8384485882125,166.09579098410904,38.74265760410344,38.74265760410344,0.0,38.74265760410344,0.0,0.0,,51.47937072402212,2025-01-10,2025-03-27,same-sign,-0.0035566873848438263,40.464222283876,no bind since Mar-2026
NAISMITH_XF2H,29,22,3.2,-0.16967716813087463,-0.16981284320354462,0.018611449748277664,0.033464960753917694,,,0.018611449748277664,-5.28637986506025,32.67835613091787,-37.96473599597812,-14.846701197326183,-23.118034798651934,37.96473599597812,37.96473599597812,0.0,,3.7353182055733423,2025-11-03,2025-12-07,OPPOSING,0.1882886178791523,15.472993849857279,no bind since Mar-2026
1220__G,105,95,4.6,0.002730035688728094,0.002768015954643488,-0.008007867261767387,-0.006314235273748636,,,-0.008007867261767387,25.629575264310308,-11.90917207702781,37.538747341338116,36.23142461296811,1.307322728370006,37.538747341338116,25.877327471161454,0.0,,36.47514733703513,2024-10-21,2026-03-31,one-sided/negligible,-0.010737902950495481,37.20832625996016,live
105__B,105,85,13.2,-0.0445314384996891,0.012586195953190327,-0.061506934463977814,-0.006469393614679575,,,-0.061506934463977814,81.45911805918149,44.193010746637206,37.266107312544285,21.830899230291834,15.435208082252451,37.266107312544285,0.0,0.0,,15.88261172885404,2024-12-12,2025-03-12,same-sign,-0.01697549596428871,22.917292960969736,no bind since Mar-2026
506__A,207,162,24.4,-0.171836256980896,-0.06426235288381577,-0.15633328258991241,-0.0516011044383049,-0.14071199297904968,,-0.1563156694173813,220.64339166985397,256.8586887370233,-36.21529706716925,-20.801754300657194,-15.413542766512062,37.02599745346622,24.50609024817823,0.0019390974193811417,1.0,5.381506198738345,2024-07-23,2026-07-01,same-sign,0.031124264001846313,27.134257984450954,live
BONDRO_SONR1_1,36,35,0.8,-0.005237785633653402,-0.003354999702423811,-0.00276021845638752,-0.0011623573955148458,-0.0025698000099509954,,-0.0027555038686841726,41.60335404678093,78.54126023221761,-36.93790618543668,-35.60477722028736,-1.3331289651493232,36.93790618543668,1.3092437844024971,1.3092437844024971,1.0,410.16974139043265,2024-08-08,2026-07-18,one-sided/negligible,0.002667985623702407,38.30144406575929,faded (<25% in last 12m)
BI_AT5,62,56,3.4,0.01659792847931385,0.01848808489739895,0.0019190569873899221,-0.02682194858789444,,,0.0019190569873899221,20.941939603323895,-15.973673230890803,36.9156128342147,3.4851744498009793,33.43043838441372,36.9156128342147,36.9156128342147,0.0,,3.1829107218821133,2026-01-28,2026-05-21,one-sided/negligible,-0.014678871491923928,2.616406097579364,live
2395__B,36,36,0.0,-0.00860387459397316,,-0.004871124401688576,,-0.004871124401688576,,-0.004462112206965685,47.46446669846773,84.22002233564854,-36.755555637180805,-36.755555637180805,0.0,36.755555637180805,36.755555637180805,36.755555637180805,1.0,264.3201084666782,2026-06-22,2026-09-10,one-sided/negligible,0.003732750192284584,35.51907368533231,live
FARMLAND_LONGD_1,582,441,81.4,-0.01762969233095646,-0.006318995729088783,-0.011089026927947998,0.0007783397450111806,-0.009648265317082405,-0.00021959978039376438,-0.011043020524084568,23.081148278992348,59.61149057669172,-36.53034229769938,-16.235207853511383,-20.29513444418799,36.53034229769938,25.957189451087135,3.0566458044922906,1.0,5.622297050009002,2024-09-22,2026-08-19,same-sign,0.007981427013874054,19.789413517740115,live
CLMVLT_EL_CAM1_1,40,25,9.2,0.003570440225303173,0.00520301004871726,0.0003257019561715424,-0.0035585786681622267,,,0.0003257019561715424,14.372380936823902,-21.078159271831584,35.45054020865548,0.7083863442239817,34.7421538644315,35.457907922963685,11.702973201793307,0.0,,7.310559878945351,2025-04-02,2026-04-01,one-sided/negligible,-0.0032447382691316307,0.593021335199807,live
6200__C,69,59,3.5,-0.01540090050548315,0.0024038117844611406,-0.017971046268939972,-0.0012066093040630221,,,-0.017971046268939972,133.4284373773262,98.05081724934281,35.37762012798339,19.90745145175606,15.470168676227333,35.37762012798339,0.0,0.0,,136.54877945225118,2025-03-03,2025-05-14,same-sign,-0.0025701457634568214,20.706065753849792,no bind since Mar-2026
WO_AT1,78,67,5.2,0.05914835259318352,0.033870045095682144,0.02378324419260025,0.010505786165595055,,,0.02378324419260025,-21.258947283960882,-56.41633982638207,35.15739254242119,19.74599034374114,15.411402198680054,35.15739254242119,12.817340959484378,0.0,,8.55164182819982,2025-02-10,2025-12-19,same-sign,-0.03536510840058327,20.262792597235663,no bind since Mar-2026
915__E,113,96,9.9,-0.02928435243666172,0.004740335047245026,-0.028136471286416054,0.005788791924715042,-0.02565540000796318,,-0.028124259784817696,590.5256787369337,625.3107802799592,-34.78510154302543,-28.841465812176466,-5.943635730848959,35.1104363303942,32.366001819881305,0.03651299513876438,1.0,222.27356165337065,2025-01-06,2026-06-15,same-sign,0.0036289524286985397,77.43553741415751,live
CAGNON_MR4L,980,980,0.0,-0.009315433911979198,,-0.004162142518907785,,,,-0.004162142518907785,23.64947097064453,55.39626272360056,-31.746791752956028,-31.746791752956028,0.0,34.750068344378064,0.0952029712498188,0.0,,6.221751005427641,2024-07-03,2026-01-10,one-sided/negligible,0.005153291393071413,31.4212459879816,no bind since Mar-2026
GLOVL_82_A,87,87,0.0,0.007671241648495197,,-0.035811904817819595,,-0.03348999843001366,,-0.03589921072125435,27.85062482666399,-6.226221005508705,34.076845832172694,34.076845832172694,0.0,34.076845832172694,1.313377639191458,0.0011479499808046967,1.0,10.406402366610521,2025-01-06,2026-07-14,OPPOSING,-0.041161240078508854,37.2656170764088,faded (<25% in last 12m)
MASNPH_MASN1_1,627,616,4.6,0.005104962736368179,0.003413560800254345,0.003571754088625312,0.0019287270260974765,,,0.003571754088625312,-72.76754446596533,-106.36376519128831,33.596220725322986,32.05164734839764,1.5445733769253516,33.60378808445754,11.115759793348843,0.0,,28.481545469544482,2024-07-05,2026-02-14,one-sided/negligible,-0.0015332086477428675,26.89958151803217,no bind since Mar-2026
DOWNIE_READIN1_1,1459,1459,0.0,0.0038142011035233736,,0.002952906535938382,,0.0031398495193570852,,0.0029516189824789762,-44.69014122595672,-51.37129674988773,6.681155523931011,6.681155523931011,0.0,33.37239554212101,12.30774778012892,0.337815699786006,1.0,8.393157637564304,2024-07-03,2026-09-06,one-sided/negligible,-0.0006743515841662884,8.257851218462303,live
P3_P1TAP_1,89,60,16.6,0.006303233560174704,0.008979832753539085,0.000554039841517806,0.0037892533000558615,,,0.000554039841517806,-9.919396342085046,-43.0071197141483,33.08772337206325,19.294905076996656,13.792818295066601,33.08772337225728,1.9402553619752433e-11,0.0,,57.279783499923845,2024-07-30,2025-10-08,one-sided/negligible,-0.0057491937186568975,19.75875429022735,no bind since Mar-2026
E_HARR_LA_PAL1_1,24,24,0.0,-0.011570165865123272,,0.00019828812219202518,,,,0.00019828812219202518,-0.5402716092794435,32.25383336888626,-32.794104978165706,-32.794104978165706,0.0,32.794104978165706,0.0,0.0,,115.47341574852665,2025-06-09,2025-06-13,one-sided/negligible,0.011768453987315297,32.61464591987197,no bind since Mar-2026
THOMASTN_PS1,8,0,2.8,,0.014034494757652283,,0.0024079347494989634,,0.0007800000021234155,,-5.428650073707104,-32.11754771446188,26.688897640754778,0.0,26.688897640754778,32.303323493649565,0.30439243341485656,0.30439243341485656,1.0,,2024-11-20,2026-07-19,one-sided/negligible,,,faded (<25% in last 12m)
WES_MV_W_1,2,0,1.8,,0.0584525428712368,,-0.0014189451467245817,,,,0.7587933090204994,-31.368140041828152,32.12693335084865,0.0,32.12693335084865,32.12693335084865,0.0,0.0,,,2025-07-01,2025-07-01,one-sided/negligible,,,no bind since Mar-2026
GARZA_69A1,57,51,3.1,0.009461509063839912,-0.0018504703184589744,0.0002498665126040578,0.0011915669310837984,,,0.0002498665126040578,-1.8965294340009675,-31.494467964153344,29.597938530152383,29.764593409243844,-0.16665487909146276,31.498634455922755,0.0,0.0,,23.122294139993542,2024-10-21,2025-05-25,one-sided/negligible,-0.009211642551235855,10.862709737689954,no bind since Mar-2026
40T189_1,1497,1443,37.2,0.0043462468311190605,0.004755646456032991,-0.0019227280281484127,-0.0047075324691832066,-0.0031580589711666107,,-0.0019173468463122845,9.080335546228943,-22.222737233033513,31.303072779262457,27.691421435500274,3.61165134376218,31.303072779262457,21.547562446881464,0.39282536529935896,1.0,3.071961188768905,2024-09-23,2026-08-23,one-sided/negligible,-0.007504305802285671,33.26538689803565,live
OLEANDER_AUT1,12,12,0.0,-0.021943913772702217,,7.729106437182054e-05,,,,7.729106437182054e-05,-0.019450506530120037,30.727139823691687,-30.746590330221807,-30.746590330221807,0.0,30.746590330221807,0.0643758071528282,0.0,,63.67700041458011,2025-05-06,2025-09-25,one-sided/negligible,0.022021204837074038,16.826931234479,no bind since Mar-2026
581T581_1,30,30,0.0,-0.018428899347782135,,-0.001447560964152217,,-0.000986624974757433,,-0.0016349146608263254,3.4477426590165123,34.10543897934258,-30.657696320326068,-30.657696320326068,0.0,30.657696320326068,25.17860309011303,3.8596682127099484,1.0,52.780767460664116,2024-07-05,2026-09-05,one-sided/negligible,0.017442274373024702,27.618498830031534,live
CORONA_AT4,1183,1115,40.3,0.001026341924443841,0.0003509098314680159,0.00039890239713713527,0.00039543621824122965,0.0010322396410629153,-0.0001536644995212555,0.00039140216540545225,-12.477334797503582,-7.262649760477908,-5.214685037025674,5.252372853465886,-10.46705789049156,30.56386345594592,2.861980488859596,1.3318400825396566,1.0,7.022837669647929,2024-07-03,2026-09-03,one-sided/negligible,5.897716619074345e-06,0.04618185767763849,faded (<25% in last 12m)
READIN_UVALDE1_1,589,344,130.2,0.0004292034718673676,0.003555695293471217,-0.0015079457079991698,-0.0016273322980850935,-0.002503714058548212,-0.002036347519606352,-0.0015064862091094255,7.836345455832921,-20.694139434409482,28.530484890242406,2.5167437601312486,26.013741130111153,30.487862977887893,1.1379520043152906,0.09019986630391941,1.0,2.934633717166942,2024-07-28,2026-09-13,one-sided/negligible,-0.0029329175304155797,2.9608213040030806,faded (<25% in last 12m)
398T389_1,25,24,0.3,-0.11961782723665237,0.08976250141859055,-0.0781780257821083,0.044467635452747345,,,-0.0781780257821083,-21.531046944359936,-46.07284754390517,24.541800599545233,-2.9555415101349354,27.49734210968017,30.452883619815104,0.0,0.0,,2.870250049357613,2025-01-11,2025-01-30,same-sign,0.04143980145454407,2.854622212086595,no bind since Mar-2026
I_DUPS_RESNIK3_3,169,54,81.3,0.00041883334051817656,-0.01168441865593195,0.0009476474369876087,-0.00018510024528950453,0.000882437452673912,-0.0018354803323745728,0.000930496898945421,1.544694748709238,31.00386952746218,-29.459174778752942,-1.1305602336287848,-28.328614545124157,30.272355160102656,30.272355160102656,0.49298440519487485,1.0,11.93455555897068,2025-10-02,2026-09-10,one-sided/negligible,0.0004636041121557355,0.29877708783005463,live
381__A,725,570,81.8,-0.018023617565631866,-0.006389707326889038,-0.025054659694433212,-0.013722594827413559,-0.025600766763091087,-0.012980595231056213,-0.02512572705745697,77.36757899479198,47.243130438676715,30.12444855611526,12.071637881199422,18.05281067491584,30.12444855611526,11.87914093875285,5.084649322279801,1.0,3.0375736802077054,2024-09-19,2026-09-13,same-sign,-0.007577149197459221,13.119204914729167,live
235__B,111,14,48.4,-0.0200679749250412,0.0007871942943893373,-0.04833623021841049,-0.007919073104858398,,,-0.04833623021841049,33.37829985396941,3.3148494559169803,30.063450398052428,2.5439836429432034,27.519466755109224,30.06345039898375,0.0,0.0,,6.444642948252814,2024-07-10,2025-02-20,same-sign,-0.028268255293369293,2.550503369901518,no bind since Mar-2026
BISON_STRS1_1,3084,2862,181.2,0.0008602916495874524,-9.545808279654011e-05,0.0004256287356838584,-0.0005211718962527812,0.00021027680486440659,,0.0004256735846865922,11.211434993350545,1.0681501706519185,10.143284822698629,2.652716399290327,7.4905684234083,30.051056879386614,4.454932203293538,3.790136795192666,1.0,17.226642896232637,2024-07-03,2026-07-30,one-sided/negligible,-0.0006500148447230458,32.04745566407548,faded (<25% in last 12m)
SNDSW_MR2H,23,4,15.3,-0.02816612459719181,-0.011406770907342434,-0.01454235427081585,0.005833736155182123,,,-0.01454235427081585,-9.891335566101285,20.15855853341054,-30.049894099511828,-0.10932237934321165,-29.940571720168613,30.049894099511828,30.049894099511828,0.0,,2.5782499946653843,2025-12-11,2026-05-10,same-sign,0.013623770326375961,0.14050194308520497,live
1920__B,899,824,40.8,-0.000305032153846696,-0.0003521851322147995,-0.00047601768164895475,-0.0006083181942813098,,,-0.00047601768164895475,-29.36267517042628,-30.48014933556108,1.1174741651348086,-1.8435679583481033,2.9610421234829114,29.854399286226,14.774043933010638,0.0,,72.7500170402351,2024-08-13,2025-11-06,one-sided/negligible,-0.00017098552780225873,10.249900850468281,no bind since Mar-2026
FTST_SOLSTI1_1,15781,15778,1.2,0.0023431468289345503,0.00010333333193557337,0.001438605017028749,-6.740741082467139e-05,0.0011861141538247466,-6.740741082467139e-05,0.001436095917597413,-43.13255961897555,-71.44743947014514,28.314879851169586,28.26175434416534,0.0531255070042486,29.677309690399333,12.30783815859298,1.674399505696139,0.7703180212014135,1.9184813036258628,2024-07-03,2026-09-13,one-sided/negligible,-0.0011570326751098037,35.02314536493412,live
640__A,11,6,3.6,-0.030458666384220123,-0.026897331699728966,-0.007606721017509699,0.000532605976331979,,,-0.007606721017509699,3.614870236993738,32.66185532184318,-29.04698508484944,-7.592762887477875,-21.454222197371564,29.082137639361463,29.082137639361463,0.0,,48.501333236694336,2026-03-23,2026-03-28,same-sign,0.022851945366710424,6.650098904025333,live
SNGXGC75_1,18,16,1.3,-0.15821218490600586,-0.027623001486063004,-0.29377231001853943,-0.17285943031311035,,,-0.29377231001853943,57.019555826981865,28.248582291106384,28.770973535875477,23.245053976774216,5.525919559101263,28.770973535875477,17.97115552673737,0.0,,10.725312538444996,2025-04-11,2026-05-07,same-sign,-0.13556012511253357,23.26279535332206,live
1160__A,86,49,23.5,-0.006125223822891712,0.0037353518418967724,-0.007275729905813932,0.00262844143435359,-0.003648617770522833,0.003763043787330389,-0.007297111209481955,-63.09596719182718,-91.7131740755091,28.617206883681924,5.61446682875976,23.002740054922164,28.617664408003897,28.617664408003897,10.067050278652458,1.0,250.39500043830094,2025-11-11,2026-09-09,one-sided/negligible,0.0024766060523688793,30.386358904851807,live
HIGHLA_SAST1_1,18,16,0.9,-0.009753687307238579,0.00037535716546699405,-0.0049035996198654175,0.005021075718104839,,,-0.0049035996198654175,23.468942990526557,51.96314916363917,-28.494206173112616,-27.722709184512496,-0.77149698860012,28.494206173112616,28.39773664600216,0.0,,377.4667504131794,2025-09-02,2026-01-15,one-sided/negligible,0.004850087687373161,29.291949417147514,no bind since Mar-2026
NELRIO,3703,34,2759.1,0.08984614908695221,-2.2712818292802694e-09,-0.002354235388338566,-2.2712818292802694e-09,-0.002354235388338566,0.0,-0.0026115374639630318,0.7042976646177218,-27.66937863007964,28.37367629469736,28.37367629469736,0.0,28.37367629469736,28.37367629469736,28.37367629469736,1.0,8.989029383232051,2024-07-03,2026-09-13,one-sided/negligible,-0.09220038447529078,28.178926816585154,live
HUTTO_MR2H,30,29,0.4,-0.11113731563091278,-0.08949999511241913,-0.06757170706987381,-0.01841425523161888,,,-0.06757170706987381,42.949113492543496,71.08707281450431,-28.137959321960807,-27.854084005579352,-0.28387531638145447,28.137959321960807,27.97659312747419,0.0,,19.370689640785084,2025-04-01,2026-02-17,same-sign,0.04356560856103897,24.47298059098665,no bind since Mar-2026
MIDGT_90_A,79,60,10.3,0.022332550957798958,0.015902766957879066,0.023037251085042953,0.0180930458009243,0.026249321177601814,0.02225574478507042,0.025858795270323753,-50.816045940582015,-55.93827980543331,5.122233864851293,6.574939773418009,-1.4527059085667136,28.028862154421702,27.520857817182936,8.219461261915663,1.0,16.669466633722188,2025-03-20,2026-09-13,same-sign,0.0039167702198028564,3.9174282294576255,live
DILLEYSW_69_1,12,0,9.9,,-0.0075651477091014385,,0.0002475920191500336,,,,-0.9337830886264175,27.08425895636901,-28.018042044995425,0.0,-28.018042044995425,28.018042044995425,0.0,0.0,,,2024-09-25,2024-09-26,one-sided/negligible,,,no bind since Mar-2026
FER_DOWNI_1,162,161,0.2,0.0023542423732578754,0.004406666848808527,-0.00010160241072298959,-0.000619408383499831,-0.00017207690689247102,,-9.708067227620631e-05,0.8880944777386807,-26.698833774542436,27.58692825228112,27.459637923937407,0.12729032834370932,27.58692825228112,17.533138047239238,15.769306803515065,0.1566265060240964,71.18277663621843,2024-07-29,2026-09-13,one-sided/negligible,-0.0025263192801503465,28.952697785944995,live
904T485_1,204,204,0.0,0.039762772619724274,,0.0009137792512774467,,0.0008760953205637634,,0.0009220362408086658,-0.652957491314055,-28.117825664783595,27.46486817346954,27.46486817346954,0.0,27.46486817346954,2.8490132291335613,2.445509129378479,1.0,3.5115882282855226,2024-07-09,2026-08-18,one-sided/negligible,-0.03888667729916051,27.857015641137462,faded (<25% in last 12m)
8007T8007_G1,36,34,0.9,-0.0015045881737023592,0.00244517857208848,0.007308906875550747,0.011921737343072891,,,0.007308906875550747,-22.49813630109808,4.752295423313626,-27.250431724411705,-20.210490358891548,-7.039941365520159,27.250431724411705,0.13641617354005575,0.0,,68.977058347972,2025-01-19,2026-01-17,one-sided/negligible,0.008813495049253106,20.669584716904392,no bind since Mar-2026
6474__A,456,429,15.2,0.0013476480962708592,-0.0002995795803144574,0.0009144842042587698,0.0009326320723630488,,,0.0009144842042587698,-125.46011597223938,-150.95993204439947,25.49981607216008,8.19849307099139,17.30132300116869,27.06731469234728,0.0,0.0,,39.85408194225916,2024-09-16,2025-03-27,one-sided/negligible,-0.0004331638920120895,7.4059768268247375,no bind since Mar-2026
TURTLECK_WCRYS_1,151,134,9.5,0.0033866341691464186,0.005186453927308321,0.0014638416469097137,0.0021160508040338755,,,0.0014638416469097137,-18.904728362693273,-45.79549281085686,26.890764448163583,11.071361198344675,15.81940324981891,26.94891242294155,25.165248993745386,0.0,,35.32942546798444,2024-12-07,2025-11-10,one-sided/negligible,-0.0019227925222367048,9.102774784037772,no bind since Mar-2026
3170__B,27,19,6.2,0.011523736640810966,0.0035581353586167097,0.016281558200716972,0.004936614539474249,0.007799799554049969,0.004936614539474249,0.016313795000314713,-99.352502565797,-72.81605579961129,-26.53644676618569,-5.587169558217283,-20.949277207968407,26.53644676618569,24.84102447681653,21.516807988999062,1.0,68.30699982454902,2025-05-07,2026-08-24,same-sign,-0.0037239370867609978,4.833048428708286,live
ARANSA_GREGOR1_1,25,22,1.8,0.00017754541477188468,-0.001887283637188375,-8.166686166077852e-05,0.0013427742524072528,,,-8.166686166077852e-05,-7.031627727412948,15.740695240427158,-22.772322967840104,-7.252774929198495,-15.51954803864161,26.3841443063017,0.0,0.0,,137.8506840413267,2024-11-01,2025-06-23,one-sided/negligible,-0.0002592122764326632,0.7861169715993461,no bind since Mar-2026
1620__A,29,18,9.8,-0.0038620000705122948,0.004744033794850111,-0.005220361985266209,0.0037463537883013487,,,-0.005220361985266209,-80.3630129204442,-106.64009995758533,26.277087037141122,2.699348682537675,23.577738354603447,26.277087037141122,26.277087037141122,0.0,,142.36533308029175,2025-12-16,2025-12-19,one-sided/negligible,-0.0013583619147539139,3.4809056358754287,no bind since Mar-2026
211T147_1,239,213,11.4,-0.021739967167377472,-0.014493380673229694,-0.01841396652162075,-0.005661014933139086,-0.01936342567205429,,-0.017757851630449295,81.37769075587372,104.69447426105035,-23.316783505176623,-14.867112127671135,-8.449671377505485,26.211158088762506,20.894550254859496,0.7255659714573994,1.0,17.212065768375677,2024-07-07,2026-08-25,same-sign,0.002376541495323181,8.712805154499387,live
HOLLY4_WESTSI1_1,3,0,2.7,,0.06830555200576782,,-0.0032817565370351076,,,,1.1982079340765872,-24.980851734677948,26.179059668754533,0.0,26.179059668754533,26.179059668754533,26.179059668754533,0.0,,,2026-01-30,2026-01-30,one-sided/negligible,,,no bind since Mar-2026
PELICA_WHITE_1_1,85,85,0.0,0.08149216324090958,,-0.010433608666062355,,,,-0.010433608666062355,2.956922031693466,-22.968380331105436,25.925302362798902,25.925302362798902,0.0,25.925302362798902,0.08588677569059655,0.0,,2.644270587022252,2024-10-06,2026-03-10,OPPOSING,-0.09192577190697193,20.661512261648394,faded (<25% in last 12m)
4T250_1,14,9,2.2,-0.3591986894607544,-0.2801288962364197,-0.06611578911542892,0.01800573244690895,,,-0.06611578911542892,0.7511073568214972,25.998892717063427,-25.24778536024193,-7.976703628897667,-17.271081731344264,25.24778536024193,25.24778536024193,0.0,,3.0222222672568426,2026-05-06,2026-05-07,same-sign,0.29308290034532547,7.9718550081827475,live
LCRANE_RIOPEC1_1,85,49,22.5,0.004149040672928095,0.0037492576520889997,0.0019756685942411423,0.0009696411434561014,,,0.0019756685942411423,-13.014146229810647,-37.792471423980416,24.778325194169764,8.251539443499041,16.52678575067072,24.778325194169764,0.6333394542986449,0.0,,75.42146947750898,2024-09-30,2026-04-16,one-sided/negligible,-0.0021733720786869526,8.032026878901952,faded (<25% in last 12m)
HOCKB_90_A,47,29,7.5,0.007763412781059742,0.008003163151443005,0.035758163779973984,0.03922709822654724,,,0.035758163779973984,-29.35062569309957,-4.749145482453363,-24.601480210646205,-3.12478055851534,-21.47669965213087,24.601480210646205,0.0,0.0,,3.855965536730043,2024-08-07,2025-03-14,same-sign,0.027994750998914242,3.1304570567734156,no bind since Mar-2026
CLARK__LON_HI1_1,773,674,46.6,9.184654481941834e-05,0.0043326131999492645,-0.0003916047571692616,0.00278287916444242,-0.0003476249985396862,0.00147648632992059,-0.00039606919744983315,-42.57126423533342,-36.5489002221226,-6.022364013210828,0.3627629512462818,-6.385126964457109,24.235051577039354,4.651207459567596,0.22110375735279794,1.0,2.915802671435187,2025-05-06,2026-09-03,one-sided/negligible,-0.00043947154335910454,0.8636718902985533,faded (<25% in last 12m)
HCKSW_MR1L,80,80,0.0,-0.013525737449526787,,-0.017251422628760338,,,,-0.017251422628760338,109.65963127836585,85.57495366223156,24.084677616134286,24.084677616134286,0.0,24.084677616134286,5.971388101577759,0.0,,75.90157496929169,2025-07-11,2026-04-15,same-sign,-0.003725685179233551,22.622829835485945,faded (<25% in last 12m)
6485__A,230,175,34.1,-0.003332017455250025,0.0023503482807427645,-0.0019417953444644809,0.003742441302165389,,,-0.0019417953444644809,-1.0083084097924857,22.932980930717502,-23.94128934050999,-13.865880488046969,-10.07540885246302,23.94128934050999,0.0,0.0,,52.89934254974127,2024-08-09,2024-11-27,one-sided/negligible,0.001390222110785544,12.869821240267047,no bind since Mar-2026
CKT_3122_1,234,234,0.0,-0.004379369784146547,,0.04719628393650055,,,,0.04719628393650055,-21.67689286827226,2.1615167260815724,-23.838409594353834,-23.838409594353834,0.0,23.838409594353834,23.450979807769727,0.0,,1.9572051238013892,2024-07-17,2026-05-14,one-sided/negligible,0.0515756537206471,23.620927291756864,live
WO_WT_73_A,33,33,0.0,0.0173799991607666,,-0.0035628171171993017,,,,-0.0035628171171993017,4.2869453026214615,-19.51102274330333,23.79796804592479,23.79796804592479,0.0,23.79796804592479,23.79796804592479,0.0,,34.899272997270934,2026-01-19,2026-01-22,one-sided/negligible,-0.020942816277965903,24.11933906634191,no bind since Mar-2026
CMTAP_GRADY_1,16,8,5.2,-0.010942875407636166,0.0062218960374593735,-0.006106365472078323,0.011701574549078941,,,-0.006106365472078323,-46.256462884756424,-22.622970999528967,-23.633491885227464,-0.5294364085420966,-23.104055476685367,23.633491885227464,0.0,0.0,,13.828375220298767,2024-12-19,2025-04-21,same-sign,0.004836509935557842,0.5350485931647748,no bind since Mar-2026
HY_WZ_24_A,55,33,13.7,0.01642509177327156,0.011373692192137241,0.011168678291141987,0.005831786897033453,,,0.011168678291141987,-28.49063979837956,-51.54513489083911,23.054495092459547,4.017288161907345,19.037206930552202,23.054495092459547,0.0,0.0,,23.041636411834396,2024-08-19,2025-02-09,same-sign,-0.005256413482129574,3.9968401534213025,no bind since Mar-2026
GBYLYD70_A,229,150,68.1,0.0024682239163666964,0.0012819977710023522,0.005343032069504261,0.0040150233544409275,,,0.005343032069504261,-28.734991820212297,-5.768903129045005,-22.96608869116729,-2.4570266334339976,-20.509062057733292,22.966088721512886,22.96271290442261,0.0,,5.050759980200479,2025-01-30,2026-04-07,one-sided/negligible,0.0028748081531375647,2.1779948955931894,live
I_DUPS_MCCAMP2_1,40,22,11.4,0.010227772407233715,-0.017161721363663673,-0.0016183779807761312,-0.0011937532108277082,,,-0.0016183779807761312,1.030518356568488,20.39835937534614,-19.367841018777654,0.5197083548991941,-19.887549373676848,22.57492878597168,0.0,0.0,,5.875818128274246,2024-07-29,2025-05-12,one-sided/negligible,-0.011846150388009846,1.5313281544028876,no bind since Mar-2026
MAGRUD_THOMAS1_1,361,361,0.0,0.020411761477589607,,0.004358008969575167,,,,0.004358008969575167,-6.909775676455865,-26.739075588098785,19.82929991164292,19.82929991164292,0.0,22.00257380880339,8.266450419730972,0.0,,2.1253656517647186,2024-08-10,2026-02-26,one-sided/negligible,-0.01605375250801444,12.317353992650082,no bind since Mar-2026
BALLIN_HUMBLT1_1,3740,3681,36.8,0.0013815122656524181,2.338050580874551e-05,0.0009955968707799911,-0.00035128294257447124,0.0008362671360373497,-0.00026000000070780516,0.00099575100466609,-25.71362132163059,-47.659510217259516,21.94588889562893,13.834609702188459,8.11127919344047,21.964000905642212,17.090250895034764,0.8608283277835653,0.9969135802469136,9.606044566165997,2024-07-03,2026-09-13,one-sided/negligible,-0.0005452451296150684,19.27978602262224,live
35100__A,48,41,4.6,-0.05978146567940712,0.021483024582266808,-0.06858512759208679,0.011168375611305237,-0.06036490574479103,0.01257999986410141,-0.06891924887895584,96.9671524160852,75.02062992130716,21.946522494778037,13.732872176915407,8.21365031786263,21.946522494778037,9.154475742330154,9.151634042461714,1.0,37.15880495237141,2025-07-26,2026-08-15,same-sign,-0.0005834400653839111,0.8888773592309827,live
BALLIN_PAINTR1_1,31,30,0.2,-0.004811391234397888,-0.0031599998474121094,-0.0033905573654919863,-0.0012170784175395966,,,-0.0033905573654919863,51.90032646168644,73.84630601402993,-21.945979552343488,-21.45751460082829,-0.48846495151519775,21.945979552343488,0.48846495151519775,0.0,,486.41666707992556,2025-03-23,2026-02-27,one-sided/negligible,0.001420833868905902,20.733518249624538,no bind since Mar-2026
TAYLR_FMR1,48,26,16.1,-0.0015446923207491636,-0.006541600916534662,-0.001014007139019668,-0.0017739624017849565,,,-0.001014007139019668,7.796624881935713,28.79467245657967,-20.998047574643955,-0.20228252892411547,-20.79576504571984,21.90167646877186,21.90167646877186,0.0,,14.905076919768293,2026-03-03,2026-03-29,one-sided/negligible,0.0005306851817294955,0.20565748980034299,live
179T667_1,92,91,0.1,-0.000508672499563545,-0.005570000037550926,0.030598226934671402,0.030043208971619606,,,0.030598226934671402,-21.348855142326403,0.4352053087107682,-21.784060451037174,-21.655386306490982,-0.1286741445461909,21.784060451037174,0.0,0.0,,7.545945001090621,2024-12-02,2024-12-31,one-sided/negligible,0.031106899434234947,21.36051665795264,no bind since Mar-2026
SNGZEN99_A,20,3,7.9,-0.10971066355705261,-0.02657950483262539,-0.1914716362953186,-0.11327817291021347,,,-0.1914716362953186,28.006039521700583,6.326970794097481,21.679068727603102,0.5292398110032082,21.149828916599894,21.679068727603102,0.0,0.0,,2.1916667222976685,2024-11-06,2024-12-09,same-sign,-0.08176097273826599,0.5375784093994334,no bind since Mar-2026
667T667_1,91,91,0.0,-0.000508672499563545,,0.030598226934671402,,,,0.030598226934671402,-21.240211024414748,0.4150789442064706,-21.65528996862122,-21.65528996862122,0.0,21.65528996862122,0.0,0.0,,7.545912052166986,2024-12-02,2024-12-31,one-sided/negligible,0.031106899434234947,21.360423388516928,no bind since Mar-2026
C4_L2_1,211,195,11.8,-0.0020439305808395147,0.001955782761797309,0.00030090869404375553,0.002828769851475954,,,0.00030090869404375553,-23.280554637508956,-2.0422109242241895,-21.23834371328477,-14.395556905994374,-6.842786807290394,21.627165644840634,0.0,0.0,,44.900215502737616,2024-10-02,2025-04-07,one-sided/negligible,0.0023448392748832703,20.53033880850066,no bind since Mar-2026
221T355_1,246,232,7.6,0.008837037719786167,0.0059558553621172905,0.006362332496792078,0.004839853383600712,0.006362332496792078,0.0043915314599871635,0.005860315170139074,-112.42144195711687,-134.0200206451603,21.598578688043435,5.890071505345986,15.708507182697453,21.598578688043435,7.945215874948188,7.945215874948188,1.0,35.58997837348905,2024-07-10,2026-09-11,same-sign,-0.002474705222994089,20.433331645171847,live
DIL_COTU_1,36,36,0.0,0.016208915039896965,,0.0009111876133829355,,,,0.0009111876133829355,-1.1966920970007777,-21.19238323904574,19.99569114204496,19.99569114204496,0.0,21.487553035840392,0.5268633244559169,0.0,,29.28494417998526,2024-09-23,2026-04-08,one-sided/negligible,-0.01529772742651403,16.127751375579344,faded (<25% in last 12m)
BIG_COTU_1,106,106,0.0,0.0069213444367051125,,0.0016466818051412702,,0.001792965573258698,,0.0016499992925673723,-6.8228886465512915,-28.30162576161092,21.47873711505963,21.47873711505963,0.0,21.47873711505963,10.163933214789722,3.1674039391218685,1.0,39.57994348801813,2024-09-07,2026-09-05,one-sided/negligible,-0.0051283788634464145,21.51598023363771,live
FURHMAN_VANDB_1,103,72,9.7,0.02349761128425598,0.018467281013727188,-0.013581532984972,-0.006772800348699093,-0.01274113915860653,-0.010743889026343822,-0.014095461927354336,7.366492678156646,-13.936539828316498,21.30303250647315,14.982096518295293,6.3209359881778555,21.30303250647315,21.267167667142832,9.008830886916257,1.0,5.22458334466339,2025-08-06,2026-08-19,OPPOSING,-0.03623875044286251,13.631930783653862,live
CAL_ROBS_1,344,343,0.2,-0.004686165601015091,-0.008139999583363533,0.0002111942885676399,0.0009548140224069357,,,0.0002111942885676399,-0.8687571612887741,20.349764540340857,-21.218521701629633,-20.6594378139433,-0.5590838876863321,21.218521701629633,2.230221371038624,0.0,,10.498215717702369,2024-07-17,2025-12-13,one-sided/negligible,0.004897359889582731,17.63484441484546,no bind since Mar-2026
493T493_1,12,9,2.2,-0.02144055813550949,-0.03380027413368225,-0.01615278050303459,-0.0152486152946949,-0.008847000077366829,,-0.01584458537399769,25.72278040895859,46.53321448465188,-20.810434075693287,-8.50839238613844,-12.30204168955485,21.089894401530422,0.13973016291856766,0.13973016291856766,1.0,72.87511041429308,2025-05-23,2026-06-24,same-sign,0.012593558058142662,8.259812405963611,faded (<25% in last 12m)
DEERCR_AT1,154,144,5.8,-0.0011496972292661667,-0.0002586235641501844,-0.0017354576848447323,-0.003544874954968691,,,-0.0017354576848447323,32.243766575197995,11.429186627561041,20.814579947636958,4.441916961473908,16.37266298616305,21.075834564126126,0.893966302392073,0.0,,109.80039555268984,2024-10-28,2026-02-18,one-sided/negligible,-0.0005857604555785656,9.261609079917644,no bind since Mar-2026
588_A_1,35,31,2.9,-0.007134063635021448,-9.119231253862381e-05,-0.010288839228451252,-0.0035871448926627636,,,-0.010288839228451252,65.78715460437041,44.99040462425911,20.796749980111297,19.372468726709485,1.424281253401811,20.796749980111297,11.50124923597711,0.0,,199.30535585265005,2025-03-10,2026-01-19,same-sign,-0.003154775593429804,19.49167384079725,no bind since Mar-2026
ORNGROV_69_1,193,131,27.7,0.0030485193710774183,-0.0005392949096858501,0.0002853019686881453,0.0004254521627444774,0.00033023476134985685,0.00040498681482858956,0.0003441212757024914,-2.2568526812404643,-14.94597326798733,12.689120586746867,3.812810009887471,8.876310576859396,20.760895902170887,20.149074425228413,12.840757789581403,0.9855072463768116,8.391648882018929,2025-07-23,2026-09-13,one-sided/negligible,-0.0027182846097275615,2.9882265908160712,live
SN_STR26_A,123,101,9.3,0.007248980458825827,0.011531873606145382,-0.03928661718964577,-0.03079308196902275,-0.03618498146533966,-0.03472546115517616,-0.04459248483181,15.528211120561537,-3.5536679767674286,19.08187909732896,13.477752390230307,5.604126707098657,20.56523246875046,16.51504327096912,12.694996140219097,1.0,2.8846633570213425,2024-12-02,2026-09-13,OPPOSING,-0.04343396192416549,12.654528199702938,live
PAR_TRI_CNTY_1,26,26,0.0,-0.0376441515982151,,0.0007724497118033469,,-0.002308000111952424,,0.000722661498002708,-0.6103129428520333,19.707624865695834,-20.317937808547867,-20.317937808547867,0.0,20.317937808547867,0.015584040433168411,0.015584040433168411,1.0,21.07019228430895,2024-08-20,2026-08-18,one-sided/negligible,0.03533615148626268,19.358027166478628,faded (<25% in last 12m)
6525__A,118,99,14.4,-0.004023545887321234,0.001524136052466929,-0.002431518631055951,0.0031105251982808113,,0.002628750167787075,-0.002431518631055951,13.371843208296927,33.389895235421136,-20.01805202712421,-14.913436700677266,-5.104615326446947,20.01805202712421,20.01805202712421,0.011980182355425011,1.0,95.61003025387875,2025-11-10,2026-06-09,one-sided/negligible,0.0015920272562652826,15.0691636395158,live
HOOD_DECRDVA_1,783,765,8.4,-0.02746037393808365,0.0017065972788259387,-0.026540415361523628,0.002653868403285742,-0.02576090767979622,0.0030348412692546844,-0.026473844423890114,222.77809152072103,240.83564309880603,-18.057551578085018,-6.233804245101055,-11.823747332983961,19.98097458626338,18.55771418421258,5.719378528854577,1.0,11.72650459416308,2024-07-03,2026-09-11,same-sign,0.0016994662582874298,15.245531147356004,live
1890__A,20,20,0.0,-0.02211664989590645,,-0.012816053815186024,,,,-0.012816053815186024,27.265143271535635,47.09212558530271,-19.826982313767076,-19.826982313767076,0.0,19.826982313767076,0.0,0.0,,107.82255066633225,2024-08-16,2025-05-14,same-sign,0.009300596080720425,20.056279842811385,no bind since Mar-2026
WO_AT1H,68,67,0.1,0.05904245749115944,0.045159999281167984,0.023729220032691956,0.010738100856542587,,,0.023729220032691956,-13.985002859689606,-33.40030626230873,19.415303402619127,19.408018438494764,0.007284964124361674,19.415303402619127,4.365146730095148,0.0,,8.412014932885988,2025-02-10,2025-12-19,same-sign,-0.035313237458467484,19.90271721555488,no bind since Mar-2026
COLETO_VICTOR1_1,114,112,0.4,0.039464738219976425,0.07204249501228333,-0.02159484289586544,-0.022411217913031578,-0.021540356799960136,,-0.02260873280465603,6.171266296461302,-13.008112434671299,19.1793787311326,16.573658810884808,2.6057199202477928,19.1793787311326,19.1793787311326,8.830789940882823,1.0,2.361124994029524,2025-09-29,2026-08-15,OPPOSING,-0.06100509501993656,16.132553316848444,live
6000__A,55,55,0.0,-0.08777064085006714,,-0.10398230701684952,,,,-0.10398230701684952,122.85031349700876,103.7141563873738,19.13615710963495,19.13615710963495,0.0,19.13615710963495,18.250028438167647,0.0,,21.2173273794353,2025-03-04,2026-05-14,same-sign,-0.01621166616678238,18.918252563470517,live
BONILL_NEDIN1_1,31,31,0.0,0.12659968435764313,,-2.565526847320143e-05,,,,-2.565526847320143e-05,0.004432416440977249,-19.015827860683203,19.02026027712418,19.02026027712418,0.0,19.02026027712418,18.873401849101356,0.0,,4.729806476062344,2024-11-27,2026-03-07,one-sided/negligible,-0.12662533962611633,18.566313893313165,live
NCARBI_PV_TAP1_1,540,540,0.0,0.00790409930050373,,-0.003002197714522481,,-0.002946990542113781,,-0.0030342473182827234,5.440140684891048,-13.070393127452917,18.510533812343965,18.510533812343965,0.0,18.923996479371453,9.658454080364208,1.2811726880463539,1.0,3.1242240760197295,2024-07-03,2026-09-13,one-sided/negligible,-0.010851089842617512,18.306667514173732,live
JK_TOKSW_1,16,12,3.2,-0.1271020770072937,-0.024377714842557907,-0.2070142775774002,-0.09409484267234802,,,-0.2070142775774002,41.57011526326338,22.670702627239127,18.899412636024255,12.866613425314426,6.03279921070983,18.899412636024255,0.0,0.0,,13.331416671474775,2024-11-18,2024-11-25,same-sign,-0.0799122005701065,12.784114115214647,no bind since Mar-2026
LC_NEW60_A,10,10,0.0,0.016867000609636307,,0.39377063512802124,,,,0.39377063512802124,-18.713794574141502,-0.006713066250085831,-18.707081507891417,-18.707081507891417,0.0,18.707081507891417,18.63240087032318,0.0,,4.531700021028518,2025-05-24,2025-12-10,same-sign,0.37690363451838493,17.080142084726898,no bind since Mar-2026
PALDRO_DILLEY_1,237,205,8.9,-0.011824289336800575,-0.012223400175571442,-0.0009058714495040476,-0.0007777353748679161,-0.0010741567239165306,-9.142857743427157e-05,-0.0009182759677059948,1.3419101042624484,19.8661041800248,-18.524194075762352,-13.647696250394802,-4.876497825367551,18.524194075762352,17.433662885079684,2.9193355983904135,1.0,5.999965864806096,2024-07-06,2026-09-10,one-sided/negligible,0.010750132612884045,13.22258788748582,live
SNYDR_FMR1,3522,3377,51.3,-0.00044014392187818885,0.00017152857617475092,-0.0002545069146435708,0.0005125603638589382,-0.00023355313169304281,0.00016212159243877977,-0.000252426543738693,-20.441472519928293,-2.283383208348557,-18.158089311579737,-9.379353592681753,-8.77873571889798,18.19454942617906,2.2574350451636933,0.7194929379082472,0.9660056657223796,13.674814039506147,2024-09-16,2026-09-13,one-sided/negligible,0.00020659079018514603,9.540331084716813,faded (<25% in last 12m)
325__A,35,25,5.2,-0.1633949875831604,-0.1241396889090538,-0.09758786112070084,-0.021990161389112473,,,-0.09758786112070084,18.297908483160427,36.46894082147628,-18.171032338315854,-9.95868874900043,-8.212343589315426,18.171032338315854,6.388417984737316,0.0,,6.1200799900293354,2024-11-19,2026-05-29,same-sign,0.06580712646245956,10.068621946605719,live
WNTSP_FMR2,27,14,10.3,-0.0053652143105864525,-0.0037121502682566643,-0.004587565083056688,-0.0018533214461058378,,,-0.004587565083056688,19.47508781773892,37.49126670040035,-18.01617888266143,-0.3694993811659515,-17.646679501495477,18.10374102553275,0.0,0.0,,22.29807163987841,2024-10-18,2024-11-27,one-sided/negligible,0.0007776492275297642,0.242761094606167,no bind since Mar-2026
SANA_FMR1,5448,5360,61.5,-0.0008581149158999324,0.0009918988216668367,-0.0007057510083541274,0.0011304538929834962,-0.0005844209808856249,0.0009970455430448055,-0.0007112784660421312,-50.82109691765622,-36.13255150888192,-14.688545408774303,-5.068890218636739,-9.619655190137564,18.07194317420427,7.472324067667748,2.3948587254682443,0.9856502242152466,7.271331150257055,2024-07-04,2026-09-13,one-sided/negligible,0.0002736939350143075,10.667039101239968,live
DQ_NB_67_A,1,0,0.7,,0.0072674998082220554,,0.016020620241761208,,,,-32.92260958751042,-14.93342728416125,-17.989182303349175,0.0,-17.989182303349175,17.989182303349175,17.989182303349175,0.0,,,2026-01-28,2026-01-28,one-sided/negligible,,,no bind since Mar-2026
663__A,629,628,0.4,-0.018493425101041794,-0.003577999770641327,-0.015486225485801697,-0.0001973883918253705,-0.014466172084212303,,-0.015374798327684402,68.15202098549221,74.17490173301971,-6.022880747527476,-5.9105926688462205,-0.11228807868125537,17.789427097499964,4.63703975972021,4.545826343412045,1.0,7.061385354381959,2024-07-03,2026-09-13,same-sign,0.004027253016829491,17.859054876058245,live
R0_FAIR_1,9,0,5.9,,-0.012240052223205566,,-0.005947316996753216,,,,5.348389016153911,11.852006858214736,-6.503617842060824,0.0,-6.503617842060824,17.280558028879263,17.280558028879263,0.0,,,2026-01-28,2026-03-16,one-sided/negligible,,,live
FDR_OZNC_1,125,98,12.1,-0.005954214371740818,-0.003641963005065918,-0.002590895164757967,-0.0003622867225203663,-0.0014117499813437462,,-0.002590084681287408,5.84710042637016,22.96723325404066,-17.120132827670506,-4.559933430675301,-12.560199396995205,17.268758925934282,0.11157022195887598,0.03725717274937779,1.0,12.459428528361784,2024-08-07,2026-08-17,one-sided/negligible,0.004542464390397072,5.546458020648518,faded (<25% in last 12m)
MATHIS_TYNAN1_1,100,100,0.0,0.00630127964541316,,0.00021799381647724658,,0.0002945000014733523,,0.000222067377762869,-1.2695723410370192,-18.337450164210168,17.06787782317315,17.06787782317315,0.0,17.23063860160528,0.1486189457700675,0.02638914504495915,1.0,25.0205104640685,2025-01-17,2026-09-01,one-sided/negligible,-0.006006779643939808,15.029269293654963,faded (<25% in last 12m)
SNGTB_74_A,16,16,0.0,-0.14071181416511536,,-0.2516236901283264,,,,-0.2516236901283264,39.141596019268036,21.988091349601746,17.15350466966629,17.15350466966629,0.0,17.15350466966629,0.0,0.0,,9.722000017762184,2024-10-28,2024-11-01,same-sign,-0.11091187596321106,17.25256416135,no bind since Mar-2026
MCKENZ_WESTSI1_1,209,198,5.2,0.003132687183097005,0.0014441977255046368,0.00018415752856526524,-0.0018807764863595366,0.0004329090879764408,,0.0001878193870652467,4.335618201951599,-12.691037291330833,17.026655493282433,8.39736864999226,8.629286843290176,17.117048465945246,0.32263172258353734,0.10247083621652564,1.0,15.521181735171904,2024-07-25,2026-09-05,one-sided/negligible,-0.002699778095120564,8.296941798882495,faded (<25% in last 12m)
1350__E,682,664,11.8,-0.004156008362770081,-0.0017969267209991813,-0.00518576567992568,-0.0029617748223245144,-0.0024510002695024014,,-0.00518617732450366,72.48242594976,55.41873120270036,17.063694747059646,10.837396979614823,6.226297767444822,17.063694747059646,4.608558289892244,0.0024209961848100647,1.0,15.46315662242705,2024-09-16,2026-09-08,one-sided/negligible,0.0017050080932676792,17.506231973299343,live
KARNES_KENEDS1_1,164,160,1.5,0.004839418921619654,0.008736458607017994,0.004056131932884455,0.004260506946593523,0.0031053125858306885,,0.004053938668221235,-15.614362059558818,-18.604601661276924,2.9902396017181063,1.7770953074214049,1.2131442942967017,16.87913619647346,2.0365137326007243,0.04807407219777815,1.0,20.36471881242469,2024-07-05,2026-09-09,one-sided/negligible,-0.0017341063357889652,5.6503340670698226,faded (<25% in last 12m)
595__A,227,109,47.1,-0.004992242902517319,0.0017284068744629622,-0.006744574289768934,0.00011892544716829434,,,-0.006744574289768934,33.956891062040896,17.204968329135305,16.751922732905598,9.528353969144518,7.22356876376108,16.751922732905598,0.0014805574901401997,0.0,,45.91426598994967,2024-08-23,2025-10-04,one-sided/negligible,-0.0017523313872516155,8.76981402643209,no bind since Mar-2026
HARLIN_OLEAND1_1,14,14,0.0,-0.028364570811390877,,0.00011319430632283911,,,,0.00011319430632283911,-0.024887323718758125,16.697292441967875,-16.722179765686633,-16.722179765686633,0.0,16.722179765686633,0.0,0.0,,46.217643121523516,2025-05-05,2025-05-09,one-sided/negligible,0.028477765117713716,18.426452591526893,no bind since Mar-2026
LON_HI_WWKS_T1_1,47,32,2.8,0.009048359468579292,0.01567416824400425,0.0002692334237508476,-0.001161497551947832,0.00035347617813386023,,0.00032752909464761615,0.4019236968418531,-15.752841366551971,16.154765063393825,2.889637468461842,13.26512759493198,16.154765063393825,1.7013492957218357,1.2506668986825389,1.0,9.225124896271154,2024-07-28,2026-09-12,one-sided/negligible,-0.008694883290445432,2.5667642980115266,faded (<25% in last 12m)
34T267_1,655,654,0.1,0.0008400492370128632,0.0008800000068731606,-0.0002782038936857134,0.0008800000650808215,-0.0009801110718399286,,-0.00027677984326146543,2.726883696825155,-11.81558492464804,14.542468621473196,14.542468631407303,-9.934107481068821e-09,15.894019587397207,3.2959245065164096,0.3471404943338712,0.15254237288135594,18.547298209577946,2024-07-03,2026-09-13,one-sided/negligible,-0.0018201603088527918,22.078422648544766,faded (<25% in last 12m)
6470__E,533,498,20.1,-0.0015709990402683616,0.00441491836681962,-0.0007896186434663832,0.005824795924127102,-0.0005422222311608493,,-0.0007894058944657445,-35.37846264263455,-19.683358489416865,-15.69510415321769,-5.996457088284757,-9.698647064932931,15.801633843746677,14.081047804853586,0.014343540392815157,0.47368421052631576,12.147634514082918,2024-08-25,2026-07-19,one-sided/negligible,0.0010287768091075122,6.22360792745405,live
713T713_1,59,46,6.5,-0.04483695700764656,-0.032855380326509476,-0.02864438109099865,-0.009013187140226364,,,-0.02864438109099865,15.004250404580185,30.598673922203794,-15.594423517623605,-6.579229361843318,-9.015194155780287,15.594423517623605,15.573210092649482,0.0,,8.743260807803143,2024-12-30,2026-04-12,same-sign,0.01619257591664791,6.512492061912617,live
KLEBER_LOYOLA1_1,40,40,0.0,0.08570510149002075,,-0.001347436336800456,,-0.0014884687261655927,,-0.001479997648857534,0.24011532332406205,-15.251937334425747,15.49205265774981,15.49205265774981,0.0,15.49205265774981,15.49205265774981,15.048748458486443,1.0,3.4648249625694008,2026-04-28,2026-08-13,one-sided/negligible,-0.08719357021618634,12.084418346423611,live
NAISMITH_XF2L,22,22,0.0,-0.16967716813087463,,0.018611449748277664,,,,0.018611449748277664,-1.50712538510561,13.339072704315186,-14.846198089420795,-14.846198089420795,0.0,14.846198089420795,14.846198089420795,0.0,,3.7351818193088877,2025-11-03,2025-12-07,OPPOSING,0.1882886178791523,15.472428890270178,no bind since Mar-2026
3160__A,1726,1707,9.9,0.0011601902078837156,0.003079440211877227,0.001404280075803399,0.002707121893763542,0.0016987983835861087,0.0023890554439276457,0.0014139554696157575,-76.42829796433462,-65.19245661306589,-11.235841351268732,-9.619397637432826,-1.6164437138359062,14.721788100663957,8.66039123443727,8.320264488095859,1.0,20.769148842686942,2024-07-03,2026-09-13,one-sided/negligible,0.0005386081757023931,19.095241760970197,live
SANDRO_VERS1_1,188,169,10.8,-0.0013340591685846448,0.0003263966355007142,-0.0008486447622999549,0.0008007053402252495,-0.0008438976365141571,0.0008021094836294651,-0.0008189832442440093,-10.297269360654655,4.417154086702795,-14.71442344735745,-4.229962176308618,-10.484461271048835,14.71442344735745,13.803570783284762,13.782522956428389,1.0,52.147633437442,2024-08-21,2026-09-13,one-sided/negligible,0.0004901615320704877,4.319769099023404,live
LAQUIN_LOBO1_1,90,90,0.0,-0.0078072394244372845,,-0.0009249547147192061,,,,-0.0009249547147192061,0.6191705996868677,6.796572600927902,-6.177402001241035,-6.177402001241035,0.0,14.69063179224645,4.97953606655301,0.0,,9.155533383652154,2024-12-10,2026-01-23,one-sided/negligible,0.006882284709718078,5.670988867406037,no bind since Mar-2026
CAPELL_MERK1_1,850,813,22.5,-0.000598715792875737,0.0005708517855964601,-0.0004359227605164051,0.0007481241482309997,-0.00047699996503069997,,-0.00043581583304330707,-12.276499622541749,2.2670684603293267,-14.543568082871085,-6.687856207196091,-7.855711875674992,14.63214520758811,0.7700116250240778,0.019524629969964735,1.0,47.15620911713153,2024-07-06,2026-07-15,one-sided/negligible,0.00012171582784503698,4.666341165979705,faded (<25% in last 12m)
HL_PSA08_A,606,458,104.7,-0.005418833810836077,0.011614860966801643,-0.006119144149124622,0.010527407750487328,,,-0.006119144149124622,-55.50010272529849,-69.80953397437179,14.309431249073288,3.7689093617445906,10.540521887328698,14.489903335084211,9.630666154518924,0.0,,7.0569082965513115,2024-12-09,2026-03-12,same-sign,-0.0007003103382885456,2.2634478330845247,live
6056__B,104,88,12.3,-0.003778713056817651,0.014404362067580223,-0.001184827066026628,0.02728491649031639,-0.005711500067263842,0.015087922103703022,-0.001180097577162087,-27.479060602204598,-13.075384297603401,-14.403676304601202,-3.0584832778586133,-11.345193026742589,14.403676304601202,14.403676304601202,2.8502037233362594,1.0,14.03068182617426,2025-10-28,2026-06-29,one-sided/negligible,-0.0019327870104461908,2.386412123157308,live
COKEST_REDCRE1_1,75,75,0.0,-0.013400759547948837,,-0.007185726892203093,,-0.004596000071614981,,-0.0071843648329377174,16.380767515627667,30.68947654031217,-14.308709024684504,-14.308709024684504,0.0,14.308709024684504,0.2393652880564332,0.002837429754436016,1.0,29.047493525743484,2024-09-09,2026-08-02,one-sided/negligible,0.008804759476333857,19.181714541340224,faded (<25% in last 12m)
LPLNE_LPLDB_1,187,171,9.9,-0.005427643656730652,-0.001379154622554779,-0.0035692481324076653,-0.0010210189502686262,,,-0.0035692481324076653,28.238527942579818,42.524572791431034,-14.286044848851208,-14.196148881397676,-0.08989596745353391,14.286044853818264,1.676380639165087e-08,0.0,,43.84763160729182,2024-08-11,2026-01-21,one-sided/negligible,0.0018583955243229866,13.934147438627374,no bind since Mar-2026
LOBO_A2,806,806,0.0,-0.0102924769744277,,0.0010899635963141918,,0.0012225366663187742,,0.0010749011998996139,-1.353422442242021,12.189059316864316,-13.542481759106337,-13.542481759106337,0.0,14.255997717069292,8.600260098211038,2.223558010933857,1.0,1.548289084471225,2024-07-08,2026-09-13,one-sided/negligible,0.011515013640746474,14.369827361569051,live
6840__B,5112,4426,481.9,0.00038667634362354875,0.00011539322440512478,0.00030019102268852293,5.2748669986613095e-05,0.0003262600803282112,0.00019423522462602705,0.0002992114459630102,-27.690688794332736,-39.00730358839127,11.316614794058527,8.104297064716121,3.2123177293424066,14.08193119836741,9.425425272050251,3.300944279181195,0.9990925589836661,17.85732464853506,2024-07-03,2026-09-13,one-sided/negligible,-6.041626329533756e-05,4.7750911354719685,live
345_TWN_WLO_1,91,24,43.8,0.06616146117448807,0.007547810208052397,-0.02639177441596985,-0.006835367530584335,,,-0.02639177441596985,5.123624753487698,-8.87035290668973,13.993977660177428,9.103690152463969,4.890287507713463,13.993977660808012,0.7402682227645224,0.0,,3.959750018393,2025-06-02,2025-12-15,OPPOSING,-0.09255323559045792,8.795704231959538,no bind since Mar-2026
265__A,28,22,3.8,0.08379146456718445,0.0516667477786541,0.011548078618943691,-0.020288163796067238,,,0.011548078618943691,1.879444609240939,-12.10957173568507,13.989016344926009,4.729917937424034,9.259098407501975,13.989016344926009,13.989016344926009,0.0,,2.9524090723557905,2025-09-23,2025-09-27,same-sign,-0.07224338594824076,4.69242461800831,no bind since Mar-2026
SOLSTICE_PST1,227,0,132.4,,0.0018681365763768554,,0.0009899286087602377,,0.0006720374221913517,,-13.795773835818483,-27.68949078984042,13.893716954021935,0.0,13.893716954021935,13.893716954021935,13.884057255478485,8.79665893882308,1.0,,2025-09-10,2026-09-13,one-sided/negligible,,,live
30__A,60,44,10.8,-0.04097266122698784,-0.03686194121837616,-0.05144611373543739,-0.05784790217876434,-0.049991101026535034,-0.039243750274181366,-0.05208120495080948,43.53878570062806,29.646438070766937,13.892347629861128,1.234894902270753,12.657452727590375,13.892347629861128,13.8805384801041,1.120655791814594,1.0,2.5509090921418234,2025-04-30,2026-09-10,same-sign,-0.009018439799547195,1.0122296835903395,live
20__A,38,31,5.2,-0.05657118931412697,-0.04329992085695267,-0.0731552466750145,-0.07125755399465561,,,-0.0731552466750145,46.35929206463818,32.646652072823294,13.712639991814891,4.618382342159748,9.094257649655143,13.712639991814891,13.712639991814891,0.0,,8.28664510985536,2025-10-10,2026-03-15,same-sign,-0.016584057360887527,4.260212132765942,live
GARFIELD_AT2,209,96,87.4,0.013110145926475525,0.0010156799107789993,0.012628483586013317,0.0009594384464435279,,,0.012628483586013317,-125.84086652699625,-137.3570192376889,11.51615271069264,4.816468580043875,6.699684130648768,13.626231158811905,13.626231158811905,0.0,,48.81076027530556,2025-09-16,2025-10-17,same-sign,-0.0004816623404622078,2.2569892832585694,no bind since Mar-2026
6470__D,194,157,25.2,-0.0015950922388583422,0.0038564023561775684,-0.000880627310834825,0.004752823617309332,,,-0.000880627310834825,-44.911609400284455,-31.4736348980138,-13.437974502270663,-4.5660867597289325,-8.87188774254173,13.44922708995,13.36146236942841,0.0,,38.555216700431835,2024-12-15,2026-02-25,one-sided/negligible,0.0007144649280235171,4.3247769695944065,no bind since Mar-2026
276T350_1,4,4,0.0,0.002932499861344695,,-0.029342157766222954,,,,-0.029342157766222954,12.294192790985107,-1.1253814026713371,13.419574193656445,13.419574193656445,0.0,13.419574193656445,0.0,0.0,,103.97174835205078,2025-06-03,2025-06-03,one-sided/negligible,-0.03227465762756765,13.42261032400824,no bind since Mar-2026
RO_WW_25_A,14,10,2.8,0.02287130057811737,0.023107746616005898,-0.006474976893514395,-0.02151317521929741,0.0035615998785942793,,-0.006156492047011852,5.679225596250035,-7.66796921325537,13.347194809505405,3.091269633616321,10.255925175889084,13.347194809505405,2.1596400168491527,0.012351783807389438,1.0,6.243500056862831,2024-07-09,2026-08-28,one-sided/negligible,-0.01930970069952309,1.2056011741547665,faded (<25% in last 12m)
HUMBLT_NOVICT1_1,3508,3508,0.0,0.001394806313328445,,0.0010027240496128798,,0.000817731546703726,,0.0010027555981650949,-31.301096306418117,-44.54246241068586,13.24136610426774,13.24136610426774,0.0,13.259478114281023,8.75334019088018,0.265930155564547,0.9933333333333333,9.473299334378515,2024-07-03,2026-09-13,one-sided/negligible,-0.0005770747666247189,19.177541424954473,live
SANTAR_WOLFCA1_1,113,59,28.7,-0.004645253997296095,-0.004904982168227434,-0.0021245747338980436,-0.002689625136554241,-0.0020260000601410866,-0.002696666633710265,-0.002123146317899227,16.64439202938532,29.871199330854626,-13.226807301469307,-0.9681380771344266,-12.25866922433488,13.234408379137676,13.034695802172184,0.14574260419855517,1.0,6.1681186359186295,2025-07-19,2026-07-28,one-sided/negligible,0.0026192539371550083,0.953196272296174,live
CRTVLE_EINSTEN_1,58,43,10.8,-0.00048056093510240316,0.0035738328006118536,-0.0001945500262081623,0.005973757244646549,,,-0.0001945500262081623,-24.545893850462257,-11.475133503617446,-13.07076034684481,-0.17604555427533342,-12.894714792569477,13.224488925972157,12.894714792569477,0.0,,18.065651211627696,2025-03-04,2026-01-14,one-sided/negligible,0.00028601090889424086,0.22217985288057115,no bind since Mar-2026
LYTTON_S_AT1H,34,34,0.0,0.017252027988433838,,0.01056512538343668,,,,0.01056512538343668,-31.120223195757717,-44.2375431752298,13.117319979472086,13.117319979472086,0.0,13.117319979472086,0.0,0.0,,80.20576550548567,2025-03-24,2025-05-01,same-sign,-0.006686902604997158,18.235156838010393,no bind since Mar-2026
LYTTON_S_AT1L,34,34,0.0,0.017252027988433838,,0.01056512538343668,,,,0.01056512538343668,-31.118130007293075,-44.234892266104,13.116762258810923,13.116762258810923,0.0,13.116762258810923,0.0,0.0,,80.20020627142752,2025-03-24,2025-05-01,same-sign,-0.006686902604997158,18.233892920082415,no bind since Mar-2026
LWSSW_FMR2,61,57,1.2,-0.01979510486125946,0.005271250382065773,-0.025401784107089043,-0.0006842286675237119,-0.01793658919632435,0.0021395832300186157,-0.025502633303403854,50.60593874672971,37.583583872804105,13.022354873925604,12.428627187386155,0.5937276865394475,13.022354873925604,12.152537922471918,1.78091403261836,1.0,33.73052625593386,2025-01-17,2026-08-15,same-sign,0.001858515664935112,3.5732565516900157,live
HARI_VRBS1_1,277,277,0.0,0.0020888892468065023,,0.0013505908427760005,,0.0012861546128988266,,0.0013373285764828324,-24.811798470916983,-37.818710752311745,13.006912281394762,13.006912281394762,0.0,13.011290491216641,12.79821343653748,10.59143402166228,1.0,73.87802502282959,2024-07-03,2026-08-06,one-sided/negligible,-0.0008027346339076757,16.42733247563493,live
37015__A,888,888,0.0,-0.0009060565498657525,,-0.012622905895113945,,-0.006941117346286774,,-0.012739863246679306,9.922884997354117,-3.0189994569518603,12.941884454305978,12.941884454305978,0.0,13.009823899682374,4.659307649860693,0.4909121399864489,1.0,1.0163040551298501,2024-07-03,2026-09-13,one-sided/negligible,-0.006035060796421021,5.446509603197786,live
TRIMR_KLNSW_1,20,10,6.2,-0.027870099991559982,-0.017240721732378006,-0.015540942549705505,-0.003911677747964859,,,-0.015540942549705505,7.009616418974473,19.987892065352447,-12.978275646377975,-3.1897523254156113,-9.788523320962364,12.978275646377975,12.978275646377975,0.0,,26.779699969291688,2025-11-11,2026-03-23,same-sign,0.012329157441854477,3.301711371670227,live
6044__A,132,130,0.3,-0.017904838547110558,0.01020333357155323,-0.010433747433125973,0.014451649971306324,,,-0.010433747433125973,18.925843143990882,31.67909699003212,-12.753253846041236,-12.704726073192433,-0.04852777284880477,12.753253846041236,0.04852777284880477,0.0,,13.296023032871576,2024-12-19,2025-09-23,same-sign,0.007471091113984585,12.913653939188755,no bind since Mar-2026
240__A,15,11,1.3,-0.12983253598213196,-0.018081696704030037,-0.21457800269126892,-0.14071859419345856,,,-0.21457800269126892,24.5045917906488,11.812025311597004,12.692566479051793,7.348253078758717,5.344313400293078,12.692566479051793,0.0,0.0,,7.170090935446999,2024-11-07,2025-03-19,same-sign,-0.08474546670913696,6.683959729385492,no bind since Mar-2026
BALLINGE_FMRH,236,236,0.0,0.0014324745861813426,,0.00099358765874058,,0.001095472020097077,,0.0009735518833622336,-28.91001242125094,-41.494991148705594,12.584978727454654,12.584978727454654,0.0,12.620892094686496,12.620892094686496,12.537576798908049,1.0,106.11821183559121,2026-02-11,2026-09-13,one-sided/negligible,-0.0003370025660842657,8.439857888460832,live
EU_WO_09_A,3,0,0.4,,0.0427616648375988,,-0.0007273678784258664,,,,0.054690826087607995,-12.388387436668078,12.443078262755686,0.0,12.443078262755686,12.443078262755686,0.0,0.0,,,2024-12-14,2024-12-14,one-sided/negligible,,,no bind since Mar-2026
AM_AM_26_1,1,0,0.2,,0.008209999650716782,,0.029225774109363556,,,,-17.04836654663086,-4.789166132609049,-12.25920041402181,0.0,-12.25920041402181,12.25920041402181,0.0,0.0,,,2024-10-31,2024-10-31,one-sided/negligible,,,no bind since Mar-2026
DILLEY_JARDIN1_1,7,7,0.0,-0.08194299787282944,,-0.0029720752499997616,,,,-0.0029720752499997616,0.4183004293590784,12.576722592115402,-12.158422162756324,-12.158422162756324,0.0,12.158422162756324,0.0,0.0,,21.420714105878556,2024-07-18,2025-05-20,one-sided/negligible,0.07897092262282968,11.84129489326764,no bind since Mar-2026
ANGSTR_STP1_1,1,0,0.5,,-0.19136500358581543,,0.06739107519388199,,,,-3.1289909879366555,8.884718418121338,-12.013709406057993,0.0,-12.013709406057993,12.013709406057993,0.0,0.0,,,2024-07-09,2024-07-09,one-sided/negligible,,,no bind since Mar-2026
ALICE_69A1,472,472,0.0,0.005012481939047575,,0.0002106941828969866,,0.0002901353291235864,,0.0002187680365750566,-0.23131768780751827,-12.14461576449554,11.913298076688022,11.913298076688022,0.0,11.952220605523621,9.640092254697748,2.7160536656758154,0.9239130434782609,2.826201273853026,2024-10-15,2026-09-12,one-sided/negligible,-0.004722346609923989,6.299454546144153,live
615T615_1,25,25,0.0,0.00022991666628513485,,0.030679432675242424,,,,0.030679432675242424,-11.934336269041523,-0.12344283861693839,-11.810893430424585,-11.810893430424585,0.0,11.810893430424585,11.810893430424585,0.0,,15.515600079745054,2026-03-02,2026-03-05,one-sided/negligible,0.03044951600895729,11.8110628254194,live
CARANC_PTCOMF1_1,177,177,0.0,0.0055083162151277065,,-0.0027392583433538675,,-0.0024170000106096268,,-0.0027404814027249813,3.7077111732505728,-8.079138804925606,11.786849978176178,11.786849978176178,0.0,11.786849978176178,4.648942268802784,0.0019039769540540874,1.0,8.307570600703274,2024-07-23,2026-08-13,one-sided/negligible,-0.007925316225737333,11.653701961843542,live
6060__A,23,17,5.1,-0.060777172446250916,0.021529072895646095,-0.07031302154064178,0.01204280648380518,,,-0.07031302154064178,58.0218905825168,46.71923923740785,11.302651345108947,8.363049134612083,2.9396022104968624,11.302651345108947,0.0,0.0,,51.70164667858797,2025-07-28,2025-07-29,same-sign,-0.00953584909439087,8.381324711195006,no bind since Mar-2026
718T718_1,7,0,5.5,,0.044685207307338715,,0.029453398659825325,,,,-21.80660805183773,-32.992496477284774,11.185888425447045,0.0,11.185888425447045,11.185888425447045,0.0,0.0,,,2024-11-17,2024-11-17,one-sided/negligible,,,no bind since Mar-2026
431__B,16,13,1.9,-0.20665423572063446,-0.0970468819141388,-0.11518837511539459,-0.040482617914676666,,,-0.11518837511539459,13.089875717957813,24.202027740577858,-11.112152022620041,-7.3866904973983765,-3.7254615252216654,11.112152022620041,11.112152022620041,0.0,,5.497230724646495,2025-12-06,2025-12-25,same-sign,0.09146586060523987,6.536516209279655,no bind since Mar-2026
FRE_BRUN_1,2,0,0.8,,0.017163123935461044,,-0.0004985969862900674,,,,0.3063081863025824,-10.758939464886982,11.065247651189566,0.0,11.065247651189566,11.065247651189566,5.967709885289271,0.0,,,2025-05-08,2026-04-11,one-sided/negligible,,,live
HAINE__OLEAND1_1,23,11,3.6,-0.003212363924831152,-0.01777324639260769,0.0001800036698114127,0.0014226086204871535,0.00026433332823216915,0.0012191666755825281,0.00019722699653357267,-0.5641185209363659,8.029974336600086,-8.59409285753645,-0.02058472626231378,-8.573508131274137,11.030654640012166,7.752126802765512,0.6643611263304289,0.5,0.7826363539153879,2025-04-05,2026-07-01,one-sided/negligible,0.003476697253063321,0.029930886279856347,live
3660__A,402,272,89.5,0.0018856085371226072,-0.0005460127722471952,0.0020756011363118887,-0.0006786363665014505,0.0003343750140629709,,0.002075625117868185,-0.9606598832751843,-4.662782749744261,3.702122866469077,2.0440777305780102,1.6580451358910682,11.021234338445387,10.463879371620957,0.0026144240982830524,1.0,28.04472807252451,2025-05-14,2026-07-28,one-sided/negligible,-0.0015512335230596364,11.833066874084137,live
1140__C,10,2,5.8,-0.002993999980390072,0.00399668887257576,-0.0021354984492063522,0.004803831689059734,,,-0.0021354984492063522,-58.39815643926461,-47.74942069066066,-10.64873574860394,-0.02356383390724659,-10.625171914696693,10.98897686290244,0.0,0.0,,13.74500036239624,2024-10-07,2025-07-31,one-sided/negligible,0.0008585015311837196,0.023600207714475907,no bind since Mar-2026
D5_J0_1,72,72,0.0,0.010266903787851334,,0.0013153699692338705,,0.00108299998100847,,0.0013173677725717425,-1.6518493050789402,-12.461458729492733,10.809609424413793,10.809609424413793,0.0,10.809609424413793,0.0003887460225087125,0.0003887460225087125,1.0,16.380861167847698,2025-07-13,2026-09-05,one-sided/negligible,-0.009183903806842864,10.831698233190785,faded (<25% in last 12m)
LOCUST_NODE_1,208,200,4.5,-0.002212156541645527,0.002114224946126342,-0.003099417081102729,0.0011956898961216211,,,-0.003099417081102729,13.238799947518904,2.470519429887645,10.768280517631258,7.424431614588684,3.3438489030425744,10.768280517631258,0.16695494577288628,0.0,,27.263979911534115,2024-07-03,2026-02-10,one-sided/negligible,-0.000887260539457202,4.838050704811615,no bind since Mar-2026
138_NAL_HAS_1,81,69,4.2,0.016328752040863037,0.007400662172585726,0.0004909763229079545,0.003464838257059455,,,0.0004909763229079545,-3.967018320214265,-14.642471977975221,10.675453657760954,9.001644768835831,1.673808888925123,10.675453669557708,10.675453669557708,0.0,,7.123434814422027,2025-10-21,2026-04-22,one-sided/negligible,-0.015837775717955083,7.784536042327945,live
LPLYH_T4P,74,59,9.8,-0.008606999181210995,0.0009486583876423538,-0.00527308601886034,0.0036165155470371246,,,-0.00527308601886034,-7.917201950990905,2.6077313902787864,-10.524933341269692,-2.0181876104325056,-8.506745730837187,10.524933341269692,0.0,0.0,,12.005864473470186,2024-08-12,2025-04-29,same-sign,0.0033339131623506546,2.3615640660165216,no bind since Mar-2026
6345__C,113,112,0.1,-0.0029164105653762817,0.0020600000862032175,-0.0018340663518756628,0.003483109176158905,,,-0.0018340663518756628,16.091137238458032,26.505951807717793,-10.414814569259761,-9.99974105527508,-0.4150735139846802,10.414814569259761,0.0,0.0,,84.87170522846282,2025-02-16,2025-03-25,one-sided/negligible,0.001082344213500619,10.28836469292318,no bind since Mar-2026
GT_KB_37_A,108,104,1.5,0.018685119226574898,0.02844575047492981,0.0075014373287558556,0.01916145160794258,0.01165026891976595,0.026336999610066414,0.007848978042602539,-5.482926857793549,-15.772919092540784,10.289992234747237,10.037642816314474,0.2523494184327622,10.289992234747237,9.362010693604438,0.8864286881871521,1.0,7.643153799052995,2025-07-29,2026-09-05,same-sign,-0.0070348503068089485,5.591918056218618,live
WEIDER_RAND_1,14,14,0.0,-0.005748357158154249,,-0.00018079928122460842,,,,-0.00018079928122460842,0.5177143302971672,10.711721191531979,-10.194006861234811,-10.194006861234811,0.0,10.194006861234811,0.0,0.0,,130.09914240879672,2024-08-20,2025-07-25,one-sided/negligible,0.005567557876929641,10.140683071398422,no bind since Mar-2026
NAAMA_WALNU_1,57,54,1.4,0.004026684910058975,0.0031841665040701628,0.005243700463324785,0.004609606694430113,,,0.005243700463324785,-44.67825681498895,-34.50217307110627,-10.176083743882675,-9.235729235224426,-0.94035450865825,10.176083743882675,0.3897688090801239,0.0,,134.81844540437064,2024-10-07,2025-10-07,one-sided/negligible,0.00121701555326581,8.860111825908772,no bind since Mar-2026
KR_SO_26_A,8,0,3.2,,0.004561416804790497,,0.07508178055286407,,,,-10.865773626292745,-0.7012060270644724,-10.164567599228274,0.0,-10.164567599228274,10.164567599228274,10.164567599228274,0.0,,,2025-09-18,2025-09-23,one-sided/negligible,,,no bind since Mar-2026
RPR_GIBC_1,95,48,20.8,-0.004287166520953178,-0.0007665225421078503,-0.009583798237144947,-0.0035049838479608297,,,-0.009583798237144947,13.461806010658012,3.430671029863333,10.031134980794679,2.267803833180551,7.763331147614129,10.031134980794679,1.9328519282862544,0.0,,8.561645798244475,2024-09-17,2026-04-18,one-sided/negligible,-0.005296631716191769,2.176698464533521,faded (<25% in last 12m)
MADDUX_SANTIA1_1,627,599,17.2,-0.005722675938159227,-0.0015004960587248206,-0.0017779693007469177,-0.001590308384038508,-0.003316772636026144,,-0.0017780916532501578,4.6055717495221415,14.45301120898542,-9.84743945946328,-9.850214934652058,0.002775475188779338,10.005578383130416,2.628576111172682,0.3018274975474924,1.0,5.604217022686547,2024-08-23,2026-08-02,one-sided/negligible,0.0024059033021330833,8.076439340210449,live
6046__B,146,137,2.8,-0.018026500940322876,0.016986019909381866,-0.011068486608564854,0.024240076541900635,,,-0.011068486608564854,14.825353604891763,24.793932618388983,-9.96857901349722,-9.773368191570626,-0.1952108219265938,9.96857901349722,0.0,0.0,,10.414744551191582,2025-02-15,2025-03-26,same-sign,0.006958014331758022,9.927834033284201,no bind since Mar-2026
1210__B,353,297,25.5,0.002599723869934678,0.0036528429482132196,0.0007745411130599678,0.0014164220774546266,-0.0004929330316372216,0.0005723690264858305,0.0007013262365944684,-8.078604653517536,-17.9879591460558,9.909354492538267,4.6272205686268535,5.282133923911411,9.909354492538267,2.84444646432424,1.1113818135781912,1.0,6.443754191137223,2024-07-28,2026-09-13,one-sided/negligible,-0.0030926569015718997,5.918711298762255,live
TRU_TRF1,31,8,15.4,-0.001009749947115779,0.0,-0.0007898898329585791,0.0003181991050951183,,,-0.0007898898329585791,-8.223518509417772,1.6677404195070267,-9.891258928924799,-0.34284789115190506,-9.548411037772894,9.891258928924799,0.0,0.0,,200.9696216583252,2025-01-19,2025-01-24,one-sided/negligible,0.00021986011415719986,0.35348163167942914,no bind since Mar-2026
1390__F,161,145,13.1,0.001039769034832716,0.004010282456874847,0.001567584928125143,0.004783343523740768,,,0.001567584928125143,-56.53676968597574,-46.76686353062298,-9.769906155352754,-2.2013655108312378,-7.568540644521516,9.797719470744294,0.013906657695770264,0.0,,27.968503485979706,2024-07-16,2025-10-01,one-sided/negligible,0.0005278158932924271,2.140521994468187,no bind since Mar-2026
205__A,476,295,129.1,-0.0025532508734613657,-0.0009143302449956536,-0.0033860320691019297,-0.0017571464413776994,,,-0.0033860320691019297,28.07256936466365,18.400607725275524,9.671961639388124,4.050164078897069,5.621797560491055,9.671961639388124,0.0,0.0,,16.841145769734,2025-06-03,2025-07-30,one-sided/negligible,-0.000832781195640564,4.137371905472451,no bind since Mar-2026
DPWGBY69_A,2,0,1.3,,-0.0017635454423725605,,0.00019589254225138575,,,,-0.8086489580261211,8.813011623608569,-9.62166058163469,0.0,-9.62166058163469,9.62166058163469,9.62166058163469,0.0,,,2025-09-16,2025-09-16,one-sided/negligible,,,no bind since Mar-2026
RNKSW_MR2L,27,20,4.3,-0.0057772002182900906,0.008429617621004581,-0.009507629089057446,0.005317716859281063,,,-0.009507629089057446,-12.450918594608082,-21.997319820608634,9.546401226000551,1.075407808064483,8.470993417936068,9.546401226000551,9.372229867653612,0.0,,15.182499802857638,2025-04-12,2025-10-20,same-sign,-0.003730428870767355,1.132744711899996,no bind since Mar-2026
N_SHARPE_XF1,63,40,21.6,0.12740060687065125,0.0,-0.002216782420873642,0.0,,,-0.002216782420873642,0.16134028447595483,-9.299832424614578,9.461172709090533,9.461172709090533,0.0,9.461172709090533,0.0,0.0,,1.8223750008270145,2024-09-07,2025-01-04,one-sided/negligible,-0.1296173892915249,9.448459596693525,no bind since Mar-2026
CEDRHI_SILT1_1,333,311,15.9,-0.0006593639263883233,0.0004976053605787456,-0.00046814081724733114,0.0006738048396073282,0.00028012500843033195,,-0.00046854629181325436,-15.18079577133782,-7.823449701862042,-7.357346069475777,-3.75470634156045,-3.6026397279153275,9.449229367877098,8.989441213215589,0.07845633861143142,1.0,65.05539837539483,2024-09-17,2026-09-07,one-sided/negligible,0.0009394889348186553,19.007955173333823,live
BEATAV01_A,141,141,0.0,,,0.04450000077486038,,,,0.04450000077486038,-9.383225629891967,0.0,-9.383225629891967,-9.383225629891967,0.0,9.383225629891967,9.383225629891967,0.47539351097657345,0.0,1.4954538934613109,2026-02-27,2026-08-30,one-sided/negligible,,,live
OB_ZEN71_A,7,7,0.0,0.11765285581350327,,0.19290049374103546,,,,0.19290049374103546,-24.60110193490982,-15.280217245221138,-9.320884689688683,-9.320884689688683,0.0,9.320884689688683,9.320884689688683,0.0,,17.91685724258423,2025-12-30,2026-01-30,same-sign,0.0752476379275322,9.437408306124826,no bind since Mar-2026
2T182_1,13,13,0.0,-0.09709618985652924,,-0.03791718930006027,,,,-0.03791718930006027,3.1926777629414573,12.454865427687764,-9.262187664746307,-9.262187664746307,0.0,9.262187664746307,0.0,0.0,,10.1963844872438,2024-09-23,2024-09-24,same-sign,0.059179000556468964,7.84435396217944,no bind since Mar-2026
6480__A,152,152,0.0,-0.005174980498850346,,-0.0031359372660517693,,,,-0.0031359372660517693,15.07286200580711,24.268719737767242,-9.195857731960132,-9.195857731960132,0.0,9.195857731960132,0.0,0.0,,31.124644845356478,2025-04-01,2025-04-30,one-sided/negligible,0.0020390432327985764,9.64660345966785,no bind since Mar-2026
HILLCTRY_MR4L,149,149,0.0,-0.0010194967035204172,,0.0030747021082788706,,0.0023596666287630796,,0.003073099534958601,-6.650575289514563,2.4052395036896996,-9.055814793204263,-9.055814793204263,0.0,9.055814793204263,1.0395592030254193,0.7786522880196571,1.0,13.884396064060821,2024-07-04,2026-09-05,one-sided/negligible,0.003379163332283497,6.990728668515769,faded (<25% in last 12m)
HOC_AT1,3,0,1.8,,0.0030691667925566435,,0.00543777784332633,,0.00543777784332633,,-20.45432767392291,-11.561294456031948,-8.893033217890963,0.0,-8.893033217890963,8.893033217890963,8.893033217890963,8.893033217890963,1.0,,2026-08-22,2026-08-22,one-sided/negligible,,,live
NBA_S_BA_1,70,56,9.0,0.003593017812818289,0.004113716073334217,-1.7107617168221623e-05,-0.00022956675093155354,,0.0,-1.7107617168221623e-05,0.1209808532204685,-8.748272396021397,8.869253249241865,5.556743882214505,3.31250936702736,8.869253249241865,7.002996981074375,3.932983970468437,0.16666666666666666,25.315142762182013,2025-04-14,2026-09-09,one-sided/negligible,-0.0036101254299865104,5.117887076371566,live
MIL_LIPAN_1,316,222,70.2,0.0005743738729506731,0.0018099828157573938,0.0001613880303921178,0.001397418905980885,0.00016670757031533867,0.001413923455402255,8.647792128613219e-05,-19.69591716689073,-28.467374121376757,8.771456954486021,3.418655669251507,5.352801285234515,8.771456954486021,8.771456954486021,8.382116951561972,0.9664429530201343,37.24353612550358,2025-10-10,2026-09-13,one-sided/negligible,-0.00040766630263533443,3.370611496595601,live
JAGUAR_THOMAS1_1,35,35,0.0,-0.01567845605313778,,-0.005647179204970598,,,,-0.005647179204970598,-0.46446881239535287,-3.9932370661990717,3.528768253803719,3.528768253803719,0.0,8.762598299130332,8.762598299130332,0.0,,4.178771441855601,2026-04-18,2026-04-25,same-sign,0.010031276848167181,1.4671444626463899,live
6325__D,42,39,0.7,-0.0187530517578125,0.003115555504336953,-0.022081300616264343,-0.0021543260663747787,,,-0.022081300616264343,53.429727474848434,44.67317978789409,8.75654768695434,8.077870475128293,0.6786772118260462,8.75654768695434,2.776309441154202,0.0,,59.259102961955925,2025-04-08,2026-05-14,same-sign,-0.0033282488584518433,7.691932629654392,live
HIWAY__MORRIS1_1,47,36,5.8,-0.0048332493752241135,-0.008355758152902126,0.0003432834637351334,-0.0015242130029946566,,,0.0003432834637351334,1.6726271950792577,10.387154585783717,-8.714527390704461,-1.3098675634646497,-7.404659827239811,8.714527390704461,0.0,0.0,,7.606611072447979,2025-03-19,2025-04-12,one-sided/negligible,0.005176532838959247,1.4175313923498474,no bind since Mar-2026
COLJ_SANA1_1,1083,1062,10.3,-0.0013368285726755857,0.0001898004557006061,-0.000952153408434242,0.0005099356058053672,,,-0.000952153408434242,-0.7176824495770688,7.955980777747376,-8.673663227324445,-3.2915521053319026,-5.382111121992542,8.698338424703556,0.29348894129361724,0.0,,8.752231640613633,2024-07-05,2026-01-23,one-sided/negligible,0.00038467516424134374,3.5755056447488776,no bind since Mar-2026
31__A,18,8,5.7,0.09450650215148926,0.03503071144223213,0.12918338179588318,0.06329433619976044,,0.04662250354886055,0.12918338179588318,-24.638372420333326,-16.1350233242847,-8.503349096048623,-2.0080945547670126,-6.495254541281612,8.503349096048623,3.470273294175665,3.464571202794711,1.0,6.683500038459897,2024-11-28,2026-08-30,same-sign,0.03467687964439392,1.854103411495808,live
300__A,48,44,1.7,0.12543414533138275,0.04702531546354294,0.1065724566578865,0.03317960724234581,0.1613582968711853,0.06453937292098999,0.10365159064531326,-0.7576907862288256,1.4059222545474768,-2.163613040776302,-3.158766449894756,0.9951534091184537,8.466207673617948,2.6208785963244736,2.0683613015959663,1.0,2.511068186892027,2024-11-18,2026-08-27,same-sign,0.03592415153980255,3.9691517391982023,live
6405__C,56,16,29.0,0.00334981270134449,0.002630161587148905,0.005125749856233597,0.003435386810451746,0.005125749856233597,0.00341791077516973,0.0052335225045681,-32.57403447238903,-24.18092787848824,-8.393106593900786,-1.77813168335706,-6.614974910543726,8.393106593900786,8.264918887517219,8.264918887517219,1.0,62.353375263512135,2025-08-28,2026-08-28,one-sided/negligible,0.0017759371548891068,1.7717708138114328,live
H3_K0_1,51,45,2.2,-0.053177379071712494,-0.03533779829740524,-0.02439800836145878,-0.010562068782746792,,,-0.02439800836145878,6.030591502761429,14.338481593915882,-8.307890091154455,-5.684673475567251,-2.6232166155872014,8.307890091154455,0.0,0.0,,4.2020444659723175,2024-09-13,2025-04-28,same-sign,0.028779370710253716,5.441948794223435,no bind since Mar-2026
704T704_1,33,33,0.0,-0.009966030716896057,,0.012323984876275063,,0.013452110812067986,,0.009946674108505249,-4.4949799864552915,3.7016415304969996,-8.196621516952291,-8.196621516952291,0.0,8.196621516952291,8.182051797397435,7.965359159512445,1.0,10.322394017920349,2025-01-13,2026-09-05,OPPOSING,0.023418141528964043,7.977132372969888,live
650__A,281,281,0.0,-0.017194239422678947,,-0.013621260412037373,,-0.010908666998147964,,-0.01361885666847229,31.998685065882455,40.18108801596827,-8.182402950085816,-8.182402950085816,0.0,8.182402950085816,2.0126804406172596,0.007735868915915489,1.0,8.382814940320348,2024-07-11,2026-09-10,same-sign,0.006285572424530983,14.80611211049952,faded (<25% in last 12m)
281__A,67,59,2.8,-0.17505647242069244,-0.0583997406065464,-0.1596604883670807,-0.054876141250133514,-0.14164474606513977,,-0.15956386923789978,68.81088748636346,76.2436452495555,-7.432757763192057,-7.099765317514539,-0.3329924456775188,8.03877064399421,2.257769169285893,0.014409482479095459,1.0,6.174508488594981,2024-11-18,2026-06-20,same-sign,0.03341172635555267,12.171758292057385,live
MCN_MCN_1,81,76,1.4,-0.024296985939145088,-0.017508801072835922,-0.018168944865465164,-0.009992904961109161,-0.01509527862071991,,-0.017899099737405777,8.0904422225085,16.101271716761403,-8.010829494252903,-2.8952996484295,-5.115529845823402,8.015033648733151,7.665226396557045,0.22224164218641818,1.0,6.605000025935863,2025-01-22,2026-07-16,same-sign,0.009201707318425179,4.619073057840792,live
MILL_NEW_1,43,43,0.0,0.002492046682164073,,0.0031835329718887806,,,,0.0031835329718887806,-36.354918194934726,-28.389763858169317,-7.9651543367654085,-7.9651543367654085,0.0,7.9651543367654085,0.0,0.0,,293.9329260005507,2025-01-06,2025-07-13,one-sided/negligible,0.0006914862897247076,8.739775302406057,no bind since Mar-2026
610__D,1,0,0.2,,-0.0047599999234080315,,0.01233215257525444,,,,-5.730350335439046,2.215101401011149,-7.945451736450195,0.0,-7.945451736450195,7.945451736450195,0.0,0.0,,,2024-09-24,2024-09-24,one-sided/negligible,,,no bind since Mar-2026
VICTORIA_69A1,79,76,1.0,0.014962182380259037,0.011700238101184368,0.004797688685357571,0.0032466857228428125,,,0.004797688685357571,-3.1698983684764244,-11.11097356985556,7.941075201379134,6.258522710530087,1.6825524908490477,7.941075201379134,0.7801677068928257,0.0,,7.636684208814251,2025-02-10,2026-02-11,one-sided/negligible,-0.010164493694901466,5.8993501652738995,no bind since Mar-2026
138_ALV_MNL_1,36,35,0.2,0.00786839984357357,0.01737000048160553,-0.0018221157370135188,0.006574224215000868,,,-0.0018221157370135188,1.6921390690937794,-6.185952052474022,7.878091121567802,7.814416244480526,0.06367487708727519,7.878091121567802,7.820527958576955,0.0,,22.8452571783747,2025-04-09,2026-04-01,one-sided/negligible,-0.009690515580587089,7.748381222034567,live
LA_PALMA_XF1B,14,14,0.0,-0.29830923676490784,,0.0004744628386106342,,0.0004284000024199486,,0.0004897498292848468,-0.012898815248718165,7.8584874698426574,-7.871386285091376,-7.871386285091376,0.0,7.871386285091376,7.7323654707638525,2.5571670890603855,1.0,1.883714257273823,2025-05-06,2026-08-16,one-sided/negligible,0.2987376367673278,7.878308837880656,live
6429__D,515,515,0.0,-0.0073000965639948845,,-0.003987425472587347,,-0.0035491425078362226,,-0.003985811956226826,9.595030875087105,17.43443636994016,-7.839405494853054,-7.839405494853054,0.0,7.839405494853054,3.7426931355430497,0.0692421238636598,1.0,4.447916518977744,2024-07-09,2026-07-15,one-sided/negligible,0.003750954056158662,8.59222421178206,live
CAMPWO_NEWBAR1_1,6,6,0.0,0.006493832916021347,,0.0027780968230217695,,,,0.0027780968230217695,-5.860703766345978,-13.699671149253845,7.838967382907867,7.838967382907867,0.0,7.838967382907867,0.0,0.0,,351.62666575113934,2025-02-22,2025-02-22,one-sided/negligible,-0.0037157360929995775,7.839311359155641,no bind since Mar-2026
3050__A,24,24,0.0,0.13152608275413513,,0.16521967947483063,,,,0.16521967947483063,-39.56645346432924,-31.837730915285647,-7.728722549043596,-7.728722549043596,0.0,7.728722549043596,7.728722549043596,0.0,,10.557749933252731,2025-12-29,2026-03-28,same-sign,0.033693596720695496,8.537485644695217,live
1035__A,4,0,1.8,,-0.002664666622877121,,0.0005807499983347952,,0.0005807499983347952,,-1.2996077562371888,6.338646123806635,-7.638253880043823,0.0,-7.638253880043823,7.638253880043823,7.638253880043823,7.638253880043823,1.0,,2026-07-08,2026-07-09,one-sided/negligible,,,live
SAPOWE_SAST1_1,49,30,11.8,0.012465033680200577,0.004996754694730043,0.0073336767964065075,-0.0006410882342606783,0.005311142653226852,,0.007282488513737917,-1.578122300760318,-9.144835498858468,7.566713198098151,1.9460207778029144,5.620692420295238,7.566713198098151,3.60135898420386,0.9680556757375598,1.0,12.974833422899247,2024-09-17,2026-08-19,same-sign,-0.007153891026973724,2.7846163320167308,live
ODEHV_MR1H,43,21,15.8,-0.003643952775746584,0.00563902547582984,-0.0021044155582785606,0.007311277557164431,-0.0016929999692365527,,-0.0021023687440901995,-33.627005348098464,-26.12586058548186,-7.501144762616604,-0.3910528386477381,-7.110091923968866,7.501144762616604,7.501144762616604,0.0012983371270820498,1.0,11.431428482135138,2026-05-13,2026-06-04,one-sided/negligible,0.0019509528065100312,0.4683457270724453,live
PALOAL_TITAN_1_1,1020,1019,0.3,0.003975508268922567,0.0034775000531226397,-7.914853631518781e-05,0.0034775000531226397,,,-7.914853631518781e-05,-3.999952173480641,-9.842323165195314,5.842370991714674,5.842370991714674,0.0,7.500182046082259,2.7055507982278186,2.001418500649379,0.0,1.3614180582608402,2024-08-07,2026-09-13,one-sided/negligible,-0.004054656805237755,5.624964571600203,live
E5_P4_1_1,3,3,0.0,-0.079005666077137,,0.02697639726102352,,,,0.02697639726102352,-1.9037286546081305,5.579253621399403,-7.482982276007533,-7.482982276007533,0.0,7.482982276007533,0.0,0.0,,23.577000657717388,2024-10-14,2024-10-15,OPPOSING,0.10598206333816051,7.496217531090169,no bind since Mar-2026
EXCSW_MR1H,47,47,0.0,-0.017111776396632195,,-0.021868539974093437,,,,-0.021868539974093437,35.189652470871806,27.709010102786124,7.480642368085682,7.480642368085682,0.0,7.480642368085682,7.480642368085682,0.0,,35.45023453219774,2026-04-23,2026-05-14,same-sign,-0.004756763577461243,7.925534068455199,live
HRN_GOOD_1,158,158,0.0,-0.002853917423635721,,-0.013097429648041725,,-0.013529455289244652,,-0.013268209993839264,9.511518279614393,2.119715117690248,7.391803161924145,7.391803161924145,0.0,7.391803161924145,1.8505496330617461,0.8240249585360289,1.0,4.58629743278003,2024-09-18,2026-08-31,one-sided/negligible,-0.01067553786560893,7.735868321240941,live
6T227_1,1013,793,151.1,-0.03750702738761902,-0.027588332071900368,-0.0397394597530365,-0.02908608689904213,-0.037920571863651276,-0.0273867417126894,-0.039297107607126236,118.66565589115756,115.45767966632653,3.2079762248310235,1.2676322133629583,1.9403440114680655,7.122798938341778,4.061201837170907,0.6933135239281305,1.0,2.1563556040810425,2024-07-03,2026-09-13,same-sign,-0.0004135444760322571,0.7071569161041303,live
828T548_1,23,18,2.3,0.003279333235695958,0.004522666800767183,0.002636111108586192,-0.0017297777812927961,0.002636111108586192,,0.004879368469119072,-1.1058087342729173,-8.188092552746335,7.082283818473419,0.6653542816638947,6.416929536809524,7.082283818473419,7.082283818473419,0.6653542816638947,1.0,59.86461167865329,2025-12-10,2026-08-24,one-sided/negligible,-0.000643222127109766,0.6931123715257832,live
HARLIN_HARLNS1_1,56,56,0.0,-0.01557307131588459,,0.00020906009012833238,,,,0.00020906009012833238,-0.08060581897279917,6.946933477476705,-7.027539296449504,-7.027539296449504,0.0,7.027539296449504,6.882023722521808,0.0,,6.744196447743369,2025-01-07,2026-01-25,one-sided/negligible,0.015782131406012923,5.960516495710079,no bind since Mar-2026
BENFIC_REDCRE1_1,33,27,3.8,-0.008318387903273106,-0.003588952124118805,-0.004682733677327633,0.0028964944649487734,,,-0.004682733677327633,-1.169777744304156,5.853287741551563,-7.02306548585572,-1.1344153799000196,-5.8886501059557,7.02306548585572,6.684244035607359,0.0,,10.083740909342412,2024-10-08,2026-02-27,one-sided/negligible,0.0036356542259454727,0.9898468717605295,no bind since Mar-2026
STFWAP09_A,7,0,3.1,,0.0002703316567931324,,0.015742776915431023,,,,-7.00436867843382,-0.10677725572895723,-6.897591422704863,0.0,-6.897591422704863,6.897591422704863,6.897591422704863,0.0,,,2026-01-31,2026-02-01,one-sided/negligible,,,no bind since Mar-2026
ODEHV_MR3H,10,1,7.6,-0.003575999988242984,0.005294267553836107,-0.002050000010058284,0.006894385442137718,-0.002050000010058284,0.006894385442137718,-0.0019954019226133823,-31.785029166688524,-24.935774967074394,-6.849254199614127,-0.02749394252896309,-6.821760257085164,6.849254199614127,6.849254199614127,6.849254199614127,1.0,18.017000198364258,2026-06-04,2026-06-05,one-sided/negligible,0.0015259999781847,0.027493941909657593,live
HILLCTRY_MR4H,138,138,0.0,-0.0010018333559855819,,0.0030453926883637905,,,,0.0030453926883637905,-4.972042568039797,1.8284701822312854,-6.800512750271082,-6.800512750271082,0.0,6.800512750271082,0.26090951525839046,0.0,,11.657326085692056,2024-07-04,2026-01-27,one-sided/negligible,0.004047226044349372,6.510817056325097,no bind since Mar-2026
ELKTN_MR3L,645,635,4.5,-0.004351445008069277,-0.0018764582928270102,-0.0054693324491381645,-0.0033913839142769575,-0.0006123333005234599,,-0.005469413939863443,32.20516499970854,25.432640996694204,6.772524003014344,6.379863049526648,0.39266095348769636,6.795184355802424,6.795184355802424,0.0021839825494680554,1.0,10.294892923709915,2026-03-21,2026-09-03,one-sided/negligible,0.003739111707545817,24.443534208448696,live
LAPRYO_UVALDE1_1,100,74,14.0,-0.0059027294628322124,-0.004609490744769573,-0.0012362916022539139,-0.0005725709488615394,-0.0003021034353878349,0.00040213539614342153,-0.001243198406882584,0.8790012068132947,7.528698990958522,-6.649697784145227,-4.3088736451318255,-2.3408241390134017,6.649697784145227,4.665698207715934,0.7108344382868381,1.0,11.651000028123727,2024-11-13,2026-09-13,one-sided/negligible,0.0056006260274443775,4.828714156241604,live
219T219_1,45,44,0.1,-0.04568282142281532,-0.03180000185966492,-0.029172325506806374,-0.008596067316830158,,,-0.029172325506806374,11.616478163943006,18.230786160333082,-6.614307996390077,-6.558017941075377,-0.05629005531469981,6.614307996390077,6.614307996390077,0.0,,9.08584087358957,2026-03-26,2026-04-12,same-sign,0.01651049591600895,6.600516500023942,live
LVOK_SANTIA1_1,132,120,5.3,-0.007284433115273714,0.00016350527585018426,-0.002264301525428891,0.0035777119919657707,-0.002700550016015768,,-0.0022658237721771,0.1943493153570066,6.7785884582651,-6.584239142908094,-4.155194393009879,-2.4290447498982144,6.589948071360899,1.9677107150976858,0.5663951688911766,1.0,7.241874978411943,2025-01-11,2026-07-07,one-sided/negligible,0.004583883099257946,3.9835089984577805,live
1840__A,3,3,0.0,-0.03981483355164528,,-0.015293832868337631,,-0.015293832868337631,,-0.013084466569125652,3.2527422457933426,9.820953071117401,-6.5682108253240585,-6.5682108253240585,0.0,6.5682108253240585,6.5682108253240585,6.5682108253240585,1.0,92.72999874750774,2026-06-05,2026-06-05,same-sign,0.024521000683307648,6.821497087952263,live
CNRSW_MR2H,156,90,43.4,0.009748266078531742,-0.003914602100849152,0.009199695661664009,-0.004310829099267721,,,0.009199695661664009,9.737782514920886,6.29110215679005,3.446680358130834,1.644961082143709,1.801719275987125,6.522861702978842,6.522861702978842,0.0,,12.065044424020583,2025-09-22,2025-10-10,same-sign,-0.000548570416867733,0.5956673804291419,no bind since Mar-2026
463T463_1,101,101,0.0,0.02179032191634178,,0.00776039669290185,,0.007775100413709879,,0.007754908874630928,-3.6245076030900236,-10.119903648970649,6.495396045880625,6.495396045880625,0.0,6.495396045880625,3.6662903045362327,1.2533094926038757,1.0,4.566891080155822,2024-08-03,2026-08-28,same-sign,-0.014015221502631903,6.464604996744549,live
GRE_GIBC_1,114,105,5.7,0.0011259333696216345,0.0026037876959890127,0.005591285414993763,0.004031790420413017,,,0.005591285414993763,-11.485405343293676,-5.0064481527030384,-6.478957190590639,-4.491891725556343,-1.987065465034296,6.478957190590639,0.0,0.0,,8.839828565574827,2024-07-25,2025-08-23,one-sided/negligible,0.0044653520453721285,4.144659389432995,no bind since Mar-2026
835__G,8,8,0.0,-0.0021932499948889017,,-0.006214957684278488,,,,-0.006214957684278488,9.758936420083046,3.4424531646072865,6.3164832554757595,6.3164832554757595,0.0,6.3164832554757595,6.3164832554757595,0.0,,196.2552478313446,2026-04-28,2026-04-28,one-sided/negligible,-0.0040217076893895864,6.31424991429102,live
683T683_1,14,13,0.3,0.03698984533548355,0.044530000537633896,0.022289814427495003,0.030069854110479355,,,0.022289814427495003,-9.734677256240198,-16.048531307838857,6.313854051598658,6.300801835954189,0.01305221564446886,6.313854051598658,0.0,0.0,,32.072923449369576,2024-11-20,2025-01-30,same-sign,-0.014700030907988548,6.129148558198684,no bind since Mar-2026
ELKTN_MR3H,700,687,8.7,-0.003957416862249374,-0.0019318299600854516,-0.004985326435416937,-0.003494121367111802,-0.0006969165988266468,,-0.004986153449863195,29.235000139985345,22.984310299380503,6.2506898406048395,5.6254153057534495,0.6252745348513901,6.308118274823149,6.308118274823149,0.08408831764609204,0.9411764705882353,9.170445409707801,2026-03-21,2026-09-07,one-sided/negligible,0.0032605002634227276,20.541464656076492,live
322T322_1,5,5,0.0,0.08880320191383362,,0.01108427532017231,,,,0.01108427532017231,-0.9099007993936539,-7.205521285533905,6.295620486140251,6.295620486140251,0.0,6.295620486140251,6.295620486140251,0.0,,15.960799932479858,2025-12-29,2026-01-15,same-sign,-0.07771892659366131,6.202281191642582,no bind since Mar-2026
SHIL_PLA_1,50,46,2.4,0.0022545650135725737,0.0030742273665964603,0.002941656159237027,0.0036266986280679703,,,0.002941656159237027,-28.988028384201847,-22.72224555785457,-6.265782826347276,-5.553051119670272,-0.7127317066770046,6.265782826347276,4.7939841512124985,0.0,,183.9929152727127,2025-05-14,2025-09-24,one-sided/negligible,0.0006870911456644535,5.815315535648061,no bind since Mar-2026
CTHR_TINSLE1_1,137,133,0.8,-0.017970213666558266,0.005516250152140856,-0.007606820203363895,0.0009292477043345571,-0.007511841133236885,,-0.007520256098359823,4.581505248449199,10.81355912250001,-6.232053874050811,-6.240067611768609,0.008013737717798602,6.248081349486407,6.071724844815132,6.063711107097333,1.0,4.484225581098992,2024-10-24,2026-08-14,same-sign,0.01045837253332138,6.237394319527514,live
BALLINGE_FMR1,25,12,7.7,0.0006442500161938369,0.0012657050974667072,0.0003513264236971736,0.0007398278685286641,,,0.0003513264236971736,-8.830809851157634,-15.037325370358303,6.206515519200668,-0.004079199454281479,6.210594718654951,6.239989822982654,6.225449037059056,0.0,,13.32224977016449,2025-01-31,2026-02-04,one-sided/negligible,-0.00029292359249666333,0.04682881515377316,no bind since Mar-2026
106__C,6,0,3.2,,0.02109997719526291,,0.006771137472242117,,,,-3.0167986632635198,-9.248464178914825,6.231665515651304,0.0,6.231665515651304,6.231665515651304,6.231665515651304,0.0,,,2026-05-31,2026-06-01,one-sided/negligible,,,live
305__A,4,4,0.0,-0.2076604962348938,,-0.13356643915176392,,,,-0.13356643915176392,11.077041029930115,17.219258904457092,-6.1422178745269775,-6.1422178745269775,0.0,6.1422178745269775,0.0,0.0,,20.7082496881485,2024-11-19,2024-11-19,same-sign,0.07409405708312988,6.137432937941526,no bind since Mar-2026
270__A,152,73,52.2,-0.08658427745103836,-0.036810047924518585,-0.09458661079406738,-0.04643901064991951,-0.06725700199604034,-0.03938214108347893,-0.09458456933498383,45.055083120843236,38.98719595102011,6.067887169823129,1.2537334632943384,4.814153706528791,6.076757115826089,4.499340588973913,0.31371933858220774,1.0,2.7106164376927566,2025-05-04,2026-06-23,same-sign,0.019327275454998016,3.8243846297217363,live
1263__B,830,828,1.0,0.0012044599279761314,0.00011500000255182385,0.0015853738877922297,0.0017032765317708254,0.001342053641565144,,0.0015936741838231683,-23.88956518216711,-17.816456035899613,-6.073109146267503,-5.940734348242188,-0.132374798025315,6.073109146267503,3.73835437919782,0.6260230953175778,1.0,18.98810630053794,2024-07-03,2026-09-13,one-sided/negligible,0.00013759371358901262,2.1632692816087453,live
6275__D,42,29,9.6,-0.003025104058906436,0.00142097647767514,-0.002485261531546712,0.002073537325486541,-0.002235847758129239,0.0022080526687204838,-0.0024240983184427023,-16.051066704853532,-9.983806954231111,-6.067259750622422,-0.3801835054982803,-5.687076245124142,6.067259750622422,6.067259750622422,6.031291407981674,0.9428571428571428,26.794103281251317,2026-05-06,2026-08-08,one-sided/negligible,0.0007892563007771969,0.6132750303136744,live
346T697_1,155,154,0.3,0.021396679803729057,0.019482500851154327,0.007432577665895224,0.005670504178851843,,,0.007432577665895224,-3.175709849242897,-9.232511723414063,6.056801874171166,6.026823999185581,0.02997787498558561,6.060914535754515,3.591677628151956,0.0,,2.756487003225204,2024-09-01,2025-10-14,same-sign,-0.013964102137833834,5.927747372415831,no bind since Mar-2026
ST_TAP05_1,1,0,0.2,,0.006550000049173832,,-0.003080451861023903,,,,1.9289272228876748,-4.124626477559407,6.0535537004470825,0.0,6.0535537004470825,6.0535537004470825,6.0535537004470825,0.0,,,2026-02-02,2026-02-02,one-sided/negligible,,,no bind since Mar-2026
6144__A,97,97,0.0,-0.002260296605527401,,-0.001305419486016035,,,,-0.001305419486016035,9.09506219321338,15.021285700564476,-5.9262235073510965,-5.9262235073510965,0.0,5.958784317565005,0.0,0.0,,46.03725772082191,2024-07-03,2024-10-18,one-sided/negligible,0.0009548771195113659,4.264112632138099,no bind since Mar-2026
3665__B,501,489,6.8,0.005021438468247652,-0.0007607477600686252,0.005900331307202578,0.001060112495906651,0.003913749009370804,,0.00592706399038434,-17.217620110958098,-11.748331608187073,-5.469288502771026,-2.269904345802388,-3.199384156968638,5.948332767968471,5.944873207807479,0.22296389618622925,1.0,4.047918202073632,2025-05-13,2026-09-13,one-sided/negligible,-0.0011076894588768482,2.1925959618651834,live
597T597_1,129,126,0.8,0.001226571504957974,0.007262222468852997,0.0016877149464562535,0.005642436444759369,0.00432675750926137,,0.0016078826738521457,-13.052096556857578,-15.032586307652915,1.9804897507953387,-0.6072422463766998,2.5877319971720385,5.939234827902208,2.4063238167291274,0.08683263621060178,1.0,13.998317407784127,2025-06-18,2026-06-19,one-sided/negligible,0.0031001860043033957,5.468070851637527,live
NORTMC_AT2L,108,82,15.9,0.009321006014943123,0.026182858273386955,0.0071549066342413425,0.020881634205579758,,,0.0071549066342413425,-21.726184237348207,-27.602900795185636,5.876716557837426,1.100380166381001,4.776336391456425,5.914428817171938,5.914428817171938,0.0,,4.881036589555329,2025-12-20,2026-02-27,same-sign,-0.0021660993807017803,0.8669704473731193,no bind since Mar-2026
1650__C,150,150,0.0,-0.0026361700147390366,,-0.0033728270791471004,,-0.0013475999003276229,,-0.0033749707508832216,26.388932160363765,20.509157365682768,5.879774794680998,5.879774794680998,0.0,5.879774794680998,5.62803607142996,0.053176712070126086,1.0,50.494193537880975,2025-07-24,2026-07-22,one-sided/negligible,0.0012885701144114137,9.759796311632904,live
97T205_1,8,8,0.0,0.019673749804496765,,0.005851536523550749,,,,0.005851536523550749,-2.4346937872469425,-8.310454614460468,5.875760827213526,5.875760827213526,0.0,5.875760827213526,4.699083384126425,0.0,,53.97025001049042,2024-08-12,2026-02-01,same-sign,-0.013822213280946016,5.967906451767821,no bind since Mar-2026
ADERHO_HEC1_1,96,92,0.9,0.018262328580021858,0.0,-0.00025268926401622593,0.0,-0.0002352435840293765,,-0.00027308703283779323,0.11092438305604446,-2.9248081712285057,3.03573255428455,3.03573255428455,0.0,5.8464961818081065,5.8464961818081065,3.9459866055167367,1.0,4.503336930971431,2025-06-10,2026-08-21,one-sided/negligible,-0.018497572164051235,7.663673587090657,live
6425__G,24,24,0.0,-0.0041660419665277,,-0.0022615783382207155,,,,-0.0022615783382207155,6.885410197079182,12.690472081303596,-5.805061884224415,-5.805061884224415,0.0,5.805061884224415,0.0,0.0,,129.8375827471415,2025-04-29,2025-04-30,one-sided/negligible,0.001904463628306985,5.934502894301509,no bind since Mar-2026
RAYBUR_FURHMAN_1,346,10,143.6,-0.019160199910402298,-0.001350759412162006,0.01106943003833294,0.0008728663087822497,,0.0,0.01106943003833294,-2.2278065916392125,3.4725584432041305,-5.700365034843343,-0.5668039930405939,-5.133561041802749,5.784967423698617,5.7849674236986175,0.0,1.0,1.5423999907448889,2025-08-29,2026-06-19,OPPOSING,0.030229629948735237,0.4662618095315064,live
ST_TAP25_1,1,0,0.2,,0.010190000757575035,,0.0002788840210996568,,,,-0.16268234451611835,-5.944166501363118,5.781484156847,0.0,5.781484156847,5.781484156847,5.781484156847,0.0,,,2026-02-02,2026-02-02,one-sided/negligible,,,no bind since Mar-2026
6437__A,111,104,2.5,-0.006387759931385517,-0.0009271564777009189,-0.0039060567505657673,0.0018078943248838186,-0.003958105109632015,,-0.0038352529518306255,2.583927129560228,8.344663324620342,-5.7607361950601135,-2.7598869196954183,-3.000849275364696,5.7607361950601135,2.7638159740405777,0.8196456444566138,1.0,10.891240342376896,2025-01-24,2026-09-09,one-sided/negligible,0.002429654821753502,2.752043279724158,live
TURTLECK_CRSTL_1,222,222,0.0,-4.304539288568776e-06,,0.0006199103663675487,,0.0005395042826421559,,0.0006178168696351349,-4.653214735677238,0.5070362795122492,-5.160251015189488,-5.160251015189488,0.0,5.734220537273131,5.707665525991388,1.3042537362232451,1.0,31.422432331821405,2024-07-22,2026-08-16,one-sided/negligible,0.0005438088219307247,3.793490691701588,live
6426__A,310,307,2.1,-0.008927090093493462,-0.00045111108920536935,-0.005074765998870134,0.005745457485318184,-0.004772999789565802,,-0.005072982050478458,6.732409801124353,12.340572366163542,-5.60816256503919,-5.168542747520405,-0.4396198175187843,5.60816256503919,0.8244384946447099,0.0030205411603674293,1.0,4.227537451378685,2024-07-09,2026-09-03,one-sided/negligible,0.00415409030392766,5.391402707232817,faded (<25% in last 12m)
KELVIN_LA_PAL1_1,16,16,0.0,-0.16611486673355103,,0.0015145312063395977,,,,0.0015145312063395977,-0.0558494255237747,5.547548042610288,-5.603397468134062,-5.603397468134062,0.0,5.603397468134062,3.242000742087839,0.0,,2.102625010535121,2024-11-04,2025-11-20,one-sided/negligible,0.16762939793989062,5.639388233749736,no bind since Mar-2026
BERCLA_GOLIAD1_1,97,97,0.0,-0.0021945000626146793,,0.001245360355824232,,,,0.001245360355824232,-4.433627894971323,1.1542928623653097,-5.587920757336633,-5.587920757336633,0.0,5.587920757336633,0.029377460479736328,0.0,,26.816020943778902,2024-07-03,2025-12-08,one-sided/negligible,0.0034398604184389114,8.947606795379789,no bind since Mar-2026
LPLWA_LPLDB_1,31,25,3.6,-0.004704480059444904,0.0008656031568534672,-0.0029126086737960577,0.002432860666885972,,,-0.0029126086737960577,2.2668934193643513,7.83330016147617,-5.566406742111819,-3.3518772162206005,-2.214529525891218,5.566406742111819,5.566406742111819,0.0,,80.98631918013096,2025-11-24,2026-02-11,one-sided/negligible,0.0017918713856488466,3.6279266991975256,no bind since Mar-2026
TWLVML_NOELKE2_1,29,15,6.1,0.022775601595640182,0.0676872506737709,0.0024836810771375895,0.04718755930662155,,,0.0024836810771375895,-10.60882710502483,-16.099520658220474,5.490693553195646,0.7992626489140093,4.691430904281636,5.490693553195646,0.0,0.0,,2.53233331789573,2025-04-20,2025-05-28,one-sided/negligible,-0.020291920518502593,0.7707885961964417,no bind since Mar-2026
FANSD_08_A,23,23,0.0,0.00802239216864109,,0.01809646002948284,,,,0.01809646002948284,-9.272274369373918,-3.850706135854125,-5.421568233519793,-5.421568233519793,0.0,5.421568233519793,5.317916069179773,0.0,,20.65782630961874,2025-06-24,2026-04-22,same-sign,0.010074067860841751,4.786491914313371,live
6053__C,21,5,11.6,-0.006410399917513132,0.017346836626529694,-0.0028885998763144016,0.024792127311229706,-0.0028885998763144016,,-0.0028481618501245975,-17.885464072227478,-12.49570447547982,-5.389759596747657,-0.1382944332435727,-5.2514651635040845,5.389759596747657,5.389759596747657,0.1382944332435727,1.0,7.853599929809571,2026-01-16,2026-06-30,one-sided/negligible,0.0035218000411987305,0.13829404278180846,live
REDCREEK_T2L,87,87,0.0,-0.01688702031970024,,-0.008308494463562965,,,,-0.008308494463562965,4.668578266784607,10.014347830598126,-5.345769563813519,-5.345769563813519,0.0,5.345769563813519,2.618416074401466,0.0,,5.872390766510333,2024-09-04,2026-02-27,same-sign,0.008578525856137276,4.38275167442301,no bind since Mar-2026
REDCREEK_T2H,87,87,0.0,-0.01688702031970024,,-0.008308494463562965,,,,-0.008308494463562965,4.668461248897074,10.01410810071684,-5.345646851819765,-5.345646851819765,0.0,5.345646851819765,2.6184295077982824,0.0,,5.872241406862078,2024-09-04,2026-02-27,same-sign,0.008578525856137276,4.382640202575425,no bind since Mar-2026
256_A__1,5,5,0.0,-0.13708260655403137,,-0.2787299156188965,,,,-0.2787299156188965,10.34731487929821,5.088892854750156,5.258422024548054,5.258422024548054,0.0,5.258422024548054,5.258422024548054,0.0,,7.424600052833557,2025-09-17,2025-09-17,same-sign,-0.1416473090648651,5.2583730918336435,no bind since Mar-2026
BRY_GIBC_1,21,21,0.0,0.004878142382949591,,0.01035043690353632,,,,0.01035043690353632,-10.2420275779441,-4.993839416652918,-5.248188161291182,-5.248188161291182,0.0,5.248188161291182,5.248188161291182,0.0,,46.9419519447145,2025-11-30,2026-01-26,one-sided/negligible,0.005472294520586729,5.394483914666841,no bind since Mar-2026
591_B_1,11,8,2.4,-0.0015215000603348017,0.0014492935733869672,-0.002048875205218792,0.0009175951709039509,-0.002048875205218792,0.0009175951709039509,-0.0020920727401971817,-3.936060804873705,-9.173511835436026,5.237451030562321,0.9109161831438541,4.326534847418467,5.237451030562321,5.237451030562321,5.237451030562321,1.0,215.57674956321716,2026-08-04,2026-08-24,one-sided/negligible,-0.0005273751448839903,0.9095185562761707,live
6520__G,63,63,0.0,-0.004229999613016844,,-0.0025200608652085066,,,,-0.0025200608652085066,7.2780276371049695,12.49909064831445,-5.2210630112094805,-5.2210630112094805,0.0,5.2210630112094805,4.872211376903579,0.0,,44.51190489199426,2025-05-04,2025-10-03,one-sided/negligible,0.0017099387478083372,4.79509574755557,no bind since Mar-2026
1830__F,16,16,0.0,-0.02919762395322323,,-0.01615091599524021,,,,-0.01615091599524021,6.68358944170177,11.86173407919705,-5.178144637495279,-5.178144637495279,0.0,5.178144637495279,2.629275470972061,0.0,,26.448000021278858,2024-10-27,2025-10-27,same-sign,0.013046707957983017,5.5209493176056625,no bind since Mar-2026
LPLYH_T4S,102,102,0.0,-0.008094665594398975,,-0.005041429772973061,,,,-0.005041429772973061,8.97959860553965,14.140251057688147,-5.160652452148497,-5.160652452148497,0.0,5.160652452148497,0.0,0.0,,18.461490203790806,2024-08-12,2025-04-29,same-sign,0.0030532358214259148,5.749462887126006,no bind since Mar-2026
610__C,2,0,0.4,,-0.015079999342560768,,-0.005131520796567202,,,,-3.792052169640859,1.363795240720113,-5.1558474103609715,0.0,-5.1558474103609715,5.1558474103609715,0.0,0.0,,,2024-09-30,2024-10-20,one-sided/negligible,,,no bind since Mar-2026
940__A,1352,761,322.5,0.0065096463076770306,-0.0007368505466729403,0.007841446436941624,-0.0004843678616452962,0.007039968855679035,0.0016424950445070863,0.00784517452120781,-9.064106488786157,-3.9498210496361548,-5.114285439150002,-2.350273250769078,-2.764012188380924,5.11428564419968,2.784165602740662,2.751135981824215,1.0,2.012851511408347,2024-07-09,2026-09-10,same-sign,0.0005303225480020046,0.8123374726748979,live
MKLT_TRNT1_1,788,485,216.1,0.0004231573548167944,-0.0006155036971904337,0.0002978958946187049,-0.0007208722527138889,0.00030742856324650347,,0.0002978306438308209,10.707115266313316,6.159403990786586,4.547711275526733,2.440495775488671,2.1072155000380617,5.0997461763802985,0.10587871070826321,0.009320998942712322,1.0,36.45049484482745,2024-07-28,2026-07-09,one-sided/negligible,-0.00011572879157029092,2.045910284457535,faded (<25% in last 12m)
1263__A,8,0,6.9,,0.0021214489825069904,,0.002332436153665185,,,,-52.76918554926911,-47.67100462938348,-5.0981809198856345,0.0,-5.0981809198856345,5.0981809198856345,5.0981809198856345,0.0,,,2025-09-22,2025-10-03,one-sided/negligible,,,no bind since Mar-2026
MIDPK_90_A,10,5,1.7,0.01327420026063919,0.01203249953687191,0.02611054852604866,0.020538916811347008,,,0.02611054852604866,-11.018820655842621,-6.051876324694604,-4.966944331148018,-0.27914851577952504,-4.687795815368493,4.966944331148018,0.0,0.0,,4.149400079250336,2024-08-12,2025-05-20,same-sign,0.01283634826540947,0.2663157225488748,no bind since Mar-2026
WYL_NEVA_1,1500,1454,27.0,0.0011459242086857557,0.001508631743490696,0.0014150001807138324,0.0015461106086149812,0.0006969949463382363,,0.0014163311570882797,-31.227152212776513,-27.51822561166394,-3.7089266011125805,-1.6592888427503567,-2.049637758362224,4.958443718732269,2.30389033132451,0.013361467849790643,1.0,6.460578409706382,2024-07-03,2026-09-13,one-sided/negligible,-0.0004489292623475194,4.217098285520535,live
14040__A,45,13,14.1,-0.0037456152494996786,0.0019030304392799735,-0.0021714256145060062,0.00343843805603683,,,-0.0021714256145060062,-10.501312075570846,-5.57911200192757,-4.922200073643278,-0.1439802749082446,-4.778219798735032,4.922200073643278,0.0,0.0,,7.043692293075415,2024-07-03,2024-09-14,one-sided/negligible,0.0015741896349936724,0.14414539619797367,no bind since Mar-2026
GP_TNK94_A,269,244,14.8,-0.004804415628314018,-0.0003361765411682427,-0.007469352334737778,-0.0005927294259890914,,,-0.007469352334737778,28.07208879348036,23.460271770439554,4.6118170230408095,4.371082675461366,0.24073434757944295,4.756448462667928,4.300052827951125,0.0,,4.47564753364451,2024-07-08,2025-10-24,one-sided/negligible,-0.0026649367064237595,2.9102654449715106,no bind since Mar-2026
PLC_KAME_1,775,775,0.0,-0.0026361653581261635,,0.0011067750165238976,,0.0010146292624995112,,0.0011302530765533447,-1.3311782457958543,3.179353096392333,-4.510531342188187,-4.510531342188187,0.0,4.71911319008359,4.037883431582486,0.7629045709481943,1.0,1.4749896786115584,2024-07-05,2026-09-13,one-sided/negligible,0.0036507946206256747,4.1732853977189395,live
REATA_ROMNE_1A_A,8,0,4.5,,-0.008433249779045582,,-0.014825187623500824,,-0.014825187623500824,,11.028115744392077,6.379971650739511,4.648144093652567,0.0,4.648144093652567,4.648144093652567,4.648144093652567,4.648144093652567,1.0,,2026-06-07,2026-06-10,one-sided/negligible,,,live
MEXIA_AT1,209,183,11.3,0.002855027327314019,0.0016792158130556345,0.002816061722114682,0.0017222657334059477,,,0.002816061722114682,-161.82700141981087,-162.00056580392567,0.17356438411479752,0.6958749301902571,-0.5223105460754596,4.601828378891392,1.2828717994852923,0.0,,257.35433962981375,2024-11-28,2026-03-16,one-sided/negligible,-3.8965605199337006e-05,1.8351180697663085,live
PAN_PAN_1,738,738,0.0,-0.002871115691959858,,-0.002401311881840229,,-0.0023634538520127535,,-0.002388091292232275,18.466061094151883,21.32818168372978,-2.8621205895778985,-2.8621205895778985,0.0,4.534716266194664,2.074932428649845,0.1450172732656938,1.0,10.738185632090541,2024-07-03,2026-09-12,one-sided/negligible,0.0005076618399471045,4.023108901852316,live
37T187_1,37,30,5.2,0.007851733826100826,0.004651345778256655,0.0011247108923271298,-0.001529448782093823,,-0.001529448782093823,0.0011247108923271298,0.1373414935612042,-4.376686635233152,4.514028128794355,2.854191753314808,1.6598363754795475,4.514028128794355,4.370951084745077,3.771948797953276,0.5,15.763499927520751,2024-12-18,2026-08-19,one-sided/negligible,-0.006727022933773696,3.181242765869163,live
CMNSW_MR1L,441,441,0.0,-0.02230079285800457,,-0.020696543157100677,,-0.02345285937190056,,-0.020633021369576454,46.078560832858784,49.58527341450099,-3.506712581642205,-3.506712581642205,0.0,4.4682969630812295,1.6489114079158753,1.0200992238533217,1.0,4.782675725646537,2024-07-04,2026-07-11,same-sign,-0.0011520665138959885,2.4298926027001926,live
3150__A,101,88,6.0,0.0020642727613449097,0.0015935662668198347,0.0024621174670755863,0.001758118625730276,0.0027858722023665905,0.0032383333891630173,0.0024936648551374674,-58.117323253884024,-53.833029082569425,-4.284294171314592,-0.7206706399811083,-3.5636235313334836,4.370993837498345,3.0771402705747004,1.090377256737459,1.0,19.56495486068624,2024-10-23,2026-09-12,one-sided/negligible,0.0007215994410216808,1.2423893232155334,live
KOPPERL1_23,32,32,0.0,-0.02317829802632332,,-0.040879327803850174,,-0.040879327803850174,,-0.041927535086870193,10.029499212279916,5.689064885489643,4.340434326790273,4.340434326790273,0.0,4.340434326790273,4.340434326790273,4.340434326790273,1.0,7.669531209394336,2026-06-25,2026-06-28,same-sign,-0.017701029777526855,4.344275210149142,live
KAM_PRTL_1,73,73,0.0,0.002458445029333234,,-0.0013391394168138504,,-0.0010755000403150916,,-0.0013416960136964917,1.5290471043808793,-2.7025302138499683,4.231577318230848,4.231577318230848,0.0,4.231577318230848,3.2916795655182796,3.28069868683815,1.0,23.227904088386936,2025-02-15,2026-08-17,one-sided/negligible,-0.0035339450696483254,5.992288010593602,live
225T558_1,34,0,26.2,,-0.0040687071159482,,-0.0017743604257702827,,-0.0017743604257702827,,3.3811650136873745,7.601939949866694,-4.22077493617932,0.0,-4.22077493617932,4.22077493617932,4.22077493617932,4.22077493617932,1.0,,2026-06-25,2026-06-30,one-sided/negligible,,,live
6345__D,322,322,0.0,-0.002084909938275814,,-0.001205809530802071,,,,-0.001205809530802071,5.82878051242642,9.99356597791666,-4.16478546549024,-4.16478546549024,0.0,4.217247804076578,0.0,0.0,,13.807894354055618,2024-07-03,2025-01-29,one-sided/negligible,0.000879100407473743,3.9086052280675094,no bind since Mar-2026
921__F,34,18,11.6,0.015539278276264668,-0.0007369900122284889,0.019128503277897835,0.003789822105318308,,,0.019128503277897835,-2.3091729814962796,1.1568284180442177,-3.4660013995404975,-0.44623142667114735,-3.01976997286935,4.212521313747857,0.6139739059532683,0.0,,6.733444465531243,2024-11-26,2026-03-28,same-sign,0.0035892250016331673,0.4350212500102779,faded (<25% in last 12m)
282__A,69,68,0.2,-0.14472596347332,-0.05667499825358391,-0.1377893090248108,-0.05503556877374649,-0.15235300362110138,,-0.13767756521701813,57.2836392497799,59.774376476416364,-2.4907372266364596,-2.4888882036320865,-0.0018490230043729239,4.206628685661902,0.9966138694435358,0.036185397766530514,1.0,5.521485308294787,2024-11-18,2026-06-21,same-sign,-0.007627040147781372,2.863656128278956,faded (<25% in last 12m)
MCOLL__NEDIN1_1,5,5,0.0,-0.05039219930768013,,-0.00014273337728809565,,,,-0.00014273337728809565,0.011417612011427991,4.211977604776621,-4.200559992765193,-4.200559992765193,0.0,4.200559992765193,4.200559992765193,0.0,,17.01399960517883,2026-05-11,2026-05-12,one-sided/negligible,0.050249465930392034,4.274721967500686,live
VALIMP,2,1,0.2,-1.0,-0.9727950096130371,,0.027204999700188637,,,,-0.100164994597435,4.0652982989946995,-4.1654632935921345,-0.48100000619888306,-3.684463287393252,4.1654632935921345,4.1654632935921345,0.0,,0.48100000619888306,2026-05-09,2026-05-26,one-sided/negligible,,,live
CHAR_SMSW_1,47,47,0.0,0.002060957718640566,,0.0006794158834964037,,,,0.0006794158834964037,-1.765217829393805,-5.905325736548548,4.140107907154743,4.140107907154743,0.0,4.150983247174736,0.09605512850612286,0.0,,50.417594977832856,2024-07-09,2025-10-20,one-sided/negligible,-0.0013815418351441622,3.273738784393824,no bind since Mar-2026
6830__C,471,460,5.1,0.0006050021620467305,0.0001579419185873121,0.00041461261571384966,-2.4583483536844142e-05,0.0005361359217204154,0.0,0.00041237520053982735,-7.899366962257621,-12.027294366828226,4.127927404570604,3.830378995872934,0.2975484086976697,4.132951744050464,3.940953297456038,1.3388630835494646,1.0,39.62437395360321,2024-08-11,2026-08-15,one-sided/negligible,-6.886624032631516e-05,1.255239563355566,live
6217__B,216,192,7.4,-0.0028640180826187134,0.0018258547643199563,-0.001688881777226925,0.003097410313785076,-0.0017096317606046796,0.0029305804055184126,-0.0016374397091567516,1.5058321466070388,5.607512886987631,-4.1016807403805915,-2.681426609502523,-1.4202541308780685,4.1016807403805915,3.921572843815132,3.9169963167575284,1.0,10.897328051786948,2025-05-12,2026-09-13,one-sided/negligible,0.0011543863220140338,2.4153074783006767,live
RIO_GRAN_138_,32,32,0.0,0.02402849867939949,,0.0005666915094479918,,,,0.0005666915094479918,-0.1023163477102571,-4.180584573943634,4.0782682262333765,4.0782682262333765,0.0,4.0825156391993005,2.1295350550972216,0.0,,5.33840622054413,2025-02-11,2026-05-28,one-sided/negligible,-0.0234618071699515,4.00795703492083,live
ROC_ROCK_1,79,77,0.5,-0.0029461560770869255,0.00017749999824445695,-0.002548860153183341,0.00046159449266269803,,,-0.002548860153183341,19.55317080222691,23.243119187032182,-3.689948384805272,-3.3017097511328757,-0.3882386336723963,4.053342824025701,1.1055496350551643,0.0,,124.71755905584855,2025-03-13,2026-05-03,one-sided/negligible,0.0003972959239035845,3.8153328946111773,live
CMNSW_MR1H,408,405,1.2,-0.022133970633149147,-0.0030188888777047396,-0.020529665052890778,-0.004406833089888096,-0.02406136505305767,,-0.020486881956458092,40.863280867265225,43.99038728073598,-3.127106413470756,-3.135906066891039,0.008799653420282993,4.045881130943599,1.226488479100226,0.5888766416173894,1.0,4.624182712843205,2024-07-04,2026-06-27,same-sign,-0.0019273944199085236,3.6096127027354385,live
39T188_1,304,304,0.0,0.001099549699574709,,-0.004930357448756695,,-0.0072151669301092625,,-0.0049170334823429585,3.588210421565691,-0.4365955052840036,4.0248059268496945,4.0248059268496945,0.0,4.045005574954303,3.9980066760890622,0.08379185339435935,1.0,2.2061118523561163,2024-10-03,2026-07-14,one-sided/negligible,-0.008314716629683971,5.576331251341407,live
COOPERCK_BRKR_1,29,29,0.0,-0.004267879296094179,,-0.006772955879569054,,,,-0.006772955879569054,9.114946778863668,5.081184402108192,4.033762376755476,4.033762376755476,0.0,4.033762376755476,4.033762376755476,0.0,,57.586344982015675,2025-11-10,2025-12-03,one-sided/negligible,-0.0025050765834748745,4.1834879259282465,no bind since Mar-2026
6137__B,1446,1446,0.0,-0.0008687666268087924,,-0.0004864194488618523,,-0.0005078780231997371,,-0.00048451637849211693,5.086842667430403,9.041158229531561,-3.954315562101158,-3.954315562101158,0.0,3.9551951677397597,1.4865292320426988,0.18700607468474573,1.0,6.98221715344364,2024-07-28,2026-09-08,one-sided/negligible,0.0003608886036090553,3.6436345575777227,live
1895__F,3,3,0.0,-0.030461333692073822,,-0.013202187605202198,,,,-0.013202187605202198,2.929296910762787,6.874681353569031,-3.945384442806244,-3.945384442806244,0.0,3.945384442806244,0.0,0.0,,74.57966740926106,2024-10-23,2024-10-26,same-sign,0.017259146086871624,3.861544124780206,no bind since Mar-2026
MENPHT_YELWJC1_1,43,35,6.3,-0.005287629086524248,-0.0033580996096134186,-0.003498079953715205,-0.0014537584502249956,,,-0.003498079953715205,4.490556900389493,8.43145973716552,-3.940902836776028,-1.2667768523097038,-2.6741259844663245,3.940902836776028,0.0,0.0,,20.30640004362379,2025-04-08,2025-04-24,one-sided/negligible,0.001789549132809043,1.2718755205989163,no bind since Mar-2026
6042__A,13,13,0.0,-0.04545623064041138,,-0.05893969535827637,,,,-0.05893969535827637,18.38439458888024,14.52188400644809,3.862510582432151,3.862510582432151,0.0,3.862510582432151,3.862510582432151,0.0,,23.65492300574596,2026-03-19,2026-04-01,same-sign,-0.01348346471786499,4.146354156773251,live
CARLBD_SAGC1_1,66,66,0.0,0.0009237726335413754,,0.0005936208181083202,,,,0.0005936208181083202,-7.443779077118961,-11.303995086753275,3.860216009634314,3.860216009634314,0.0,3.860216009634314,0.11461039856658317,0.0,,204.38674173481536,2024-07-05,2026-03-16,one-sided/negligible,-0.00033015181543305516,4.453591153056953,faded (<25% in last 12m)
6085__G,128,54,49.3,0.0020896855276077986,-0.00010314963583368808,0.0011238971492275596,-0.0011692217085510492,,,0.0011238971492275596,3.299226561224107,-0.513464434759347,3.812690995983454,0.38079351164924446,3.43189748433421,3.812690995983454,0.0,0.0,,7.57462966028187,2024-10-28,2025-04-17,one-sided/negligible,-0.000965788378380239,0.39503642200746236,no bind since Mar-2026
CBY_AT1H,462,383,69.3,-0.0014587834011763334,-0.0011478469241410494,-0.0029847591649740934,-0.0017163153970614076,-0.0032942001707851887,-0.0007439479231834412,-0.0030021769925951958,11.076295019950217,7.324635192712624,3.7516598272375936,1.305814864731019,2.4458449625065746,3.7922874732162204,3.6783258690825282,0.10405688811745986,1.0,3.027637077547128,2025-01-06,2026-08-19,one-sided/negligible,-0.0018354167696088552,2.128321756072686,live
ANASW_XF2L,127,118,6.2,-0.0006395920645445585,0.0069084372371435165,-0.0022372822277247906,0.00582567322999239,,,-0.0022372822277247906,-11.797923754190075,-15.590168525554567,3.7922447713644942,1.4163678156764945,2.3758769556879997,3.7922447713644942,3.7861266942782095,0.0,,8.511076274422644,2025-07-23,2025-10-23,one-sided/negligible,-0.001597690163180232,1.6045714153231625,no bind since Mar-2026
CKT_1033_1,14,14,0.0,0.005157285835593939,,0.012432552874088287,,,,0.012432552874088287,-6.348624973499682,-2.692363507405389,-3.6562614660942927,-3.6562614660942927,0.0,3.6562614660942927,0.0,0.0,,36.902928065508604,2025-06-07,2025-08-23,same-sign,0.0072752670384943485,3.7587011865049185,no bind since Mar-2026
WHITE_PT_69A1,29,24,1.8,0.005030625034123659,0.004720085300505161,-0.00016880159091670066,-0.00042995912372134626,,,-0.00016880159091670066,0.16900999120722798,-3.4808481278208396,3.6498581190280674,1.2740106143210141,2.3758475047070533,3.6498581190280674,0.0,0.0,,10.154458403587341,2024-08-10,2024-09-06,one-sided/negligible,-0.00519942662504036,1.2671366732754445,no bind since Mar-2026
GG_MYK91_A,37,33,1.1,0.00020533334463834763,0.01360700000077486,-0.0018851689528673887,0.01012022141367197,,,-0.0018851689528673887,0.3613294878208159,-2.310906440184529,2.6722359280053447,2.2333711542451056,0.4388647737602393,3.647995452391721,2.0232883666952453,0.0,,31.649817885323003,2025-03-22,2026-04-23,one-sided/negligible,-0.0020905022975057364,2.1834125611618944,live
ES_PK_91_A,25,25,0.0,0.0038751999381929636,,0.027499832212924957,,,,0.027499832212924957,-6.0989701598882675,-2.4613586409250274,-3.63761151896324,-3.63761151896324,0.0,3.63761151896324,0.0,0.0,,6.575919951200485,2025-03-22,2025-05-20,one-sided/negligible,0.023624632274731994,3.883842267879625,no bind since Mar-2026
GARZA_XF1L,64,53,5.9,-0.010203546844422817,0.0007244094740599394,-0.00014059606473892927,0.0007512510055676103,-7.531249866588041e-05,,-0.00014136184472590685,-2.811470290213341,-0.5050043184134356,-2.3064659717999048,-2.296328955190802,-0.01013701660910282,3.6269088957011872,3.6269088957011872,0.34264835172416497,1.0,3.78079249035075,2025-09-17,2026-07-18,one-sided/negligible,0.010128234345756937,2.0295158748123696,live
722T782_1,6,6,0.0,0.0166721660643816,,0.004582833033055067,,0.004582833033055067,,0.0050576659850776196,-0.6109093306586146,-4.175241488032043,3.5643321573734283,3.5643321573734283,0.0,3.5643321573734283,3.5643321573734283,3.5643321573734283,1.0,37.51966587205728,2026-07-27,2026-09-02,one-sided/negligible,-0.012089333031326532,2.7215264157083814,live
6760__A,42,34,4.4,-0.0006790735060349107,0.00034955248702317476,-0.00045508414041250944,0.00044313055695965886,,,-0.00045508414041250944,-0.44924100828939095,3.1077215104208644,-3.556962518710255,-2.406891101418296,-1.1500714172919593,3.556962518710255,0.43105125427246094,0.0,,327.5105873135959,2025-05-08,2026-03-19,one-sided/negligible,0.00022398936562240124,2.494202215357742,faded (<25% in last 12m)
MDO_AT1,4,0,2.2,,0.02175881899893284,,0.009490208700299263,,0.009490208700299263,,-1.9758931105413164,-5.475101863654951,3.4992087531136344,0.0,3.4992087531136344,3.4992087531136344,3.4992087531136344,3.4992087531136344,1.0,,2026-06-25,2026-07-28,one-sided/negligible,,,live
BI_AT5L,56,56,0.0,0.01659792847931385,,0.0019190569873899221,,,,0.0019190569873899221,1.1872294959030114,-2.297890234971419,3.4851197308744304,3.4851197308744304,0.0,3.4851197308744304,3.4851197308744304,0.0,,3.1828749974125197,2026-01-28,2026-05-21,one-sided/negligible,-0.014678871491923928,2.6163767314650603,live
CBY_AT3H,290,190,78.5,0.0035334264393895864,-0.0018730791052803397,0.003233325434848666,-0.0013670740881934762,0.006223199889063835,,0.003283355850726366,5.395297721466629,8.110878206543473,-2.7155804850768464,0.15517775058697225,-2.8707582356638186,3.4659620131623496,3.1173420417780258,0.040987274981034716,1.0,2.559989463830808,2025-01-07,2026-08-27,one-sided/negligible,0.0026897734496742487,1.3083004213390053,live
BIGLAKE_R-E1,3,0,1.7,,-0.0031464139465242624,,-0.00043165413080714643,,,,0.5359427692989508,3.96780322988828,-3.431860460589329,0.0,-3.431860460589329,3.431860460589329,0.0,0.0,,,2025-09-09,2025-09-09,one-sided/negligible,,,no bind since Mar-2026
161__A,32,31,0.4,-0.1602516770362854,0.004916000179946423,-0.1733565628528595,-0.005029012449085712,-0.19908000528812408,,-0.17341090738773346,45.57782788140078,42.172019271180034,3.4058086102207503,3.3417464084923267,0.06406220172842343,3.4058086102207503,3.096005130559206,0.22960054874420166,1.0,8.115741953253746,2024-09-18,2026-08-11,same-sign,-0.038828328251838684,9.768741469612802,live
HARGRO_PUMPJA1_1,27,25,0.4,-0.0010882499627768993,0.003246250096708536,9.374750516144559e-05,0.005060584284365177,,,9.374750516144559e-05,-2.304308951832354,1.067861563215653,-3.372170515048007,-3.203661863692105,-0.16850865135590234,3.398490972506503,0.3545416030101478,0.0,,170.05175758361815,2024-11-28,2026-04-15,one-sided/negligible,0.001181997467938345,5.025018672057548,faded (<25% in last 12m)
LSANGEL_FWLRTN_1,2,2,0.0,0.06201750040054321,,0.0006511604296974838,,,,0.0006511604296974838,0.057628040201961994,-3.3090487271547318,3.3666767673566937,3.3666767673566937,0.0,3.3666767673566937,0.14857496041804552,0.0,,29.957499623298645,2025-05-13,2026-02-17,one-sided/negligible,-0.06136633997084573,3.676764213119655,no bind since Mar-2026
COLJ_GLSB1_1,1064,1064,0.0,-0.0013352991081774235,,-0.0009512077667750418,,-0.0004504999960772693,,-0.000951221794821322,8.286498563923715,11.581128634136121,-3.2946300702124063,-3.2946300702124063,0.0,3.3193056566515224,0.296575910084357,0.003086621407419443,1.0,8.784714288507585,2024-07-05,2026-09-03,one-sided/negligible,0.0008847991121001542,8.270160676286652,faded (<25% in last 12m)
1852__A,39,27,4.8,0.00832640752196312,0.001642585382796824,0.010537194088101387,0.0039839609526097775,0.010522555559873581,,0.010584773495793343,-7.831740017480721,-4.535480713183157,-3.296259304297564,-0.9196921711845789,-2.3765671331129847,3.296259304297564,3.296259304297564,0.08085186025709845,1.0,13.926777756600469,2025-09-23,2026-08-17,same-sign,0.0021961480379104614,0.8258021724034758,live
CKT_962_1,31,31,0.0,0.014348839409649372,,0.01647242158651352,,,,0.01647242158651352,-19.621094682253897,-18.854214791674167,-0.7668798905797303,-0.7668798905797303,0.0,3.267108876723796,3.267108876723796,0.0,,31.40229044133617,2026-02-17,2026-05-14,same-sign,0.002123582176864147,2.067245673111919,live
ORNT_TENNYS1_1,118,118,0.0,0.006084508262574673,,0.003954521380364895,,,,0.003954521380364895,-6.172456080901611,-9.41544325176801,3.2429871708663995,3.2429871708663995,0.0,3.2429871708663995,0.0,0.0,,13.414050825003345,2024-07-23,2025-08-05,one-sided/negligible,-0.002129986882209778,3.37146677075718,no bind since Mar-2026
LOBO_A3,34,34,0.0,-0.006717353127896786,,0.0012359576066955924,,,,0.0012359576066955924,-0.08468883123987325,0.6646344792825403,-0.7493233105224135,-0.7493233105224135,0.0,3.201320228940858,0.25581282866187394,0.0,,2.158705881522859,2024-09-01,2026-03-09,one-sided/negligible,0.007953310734592378,0.5837411944516775,faded (<25% in last 12m)
JN_WAP72_A,4,0,1.5,,0.09296292066574097,,-0.03964994102716446,,,,0.9461356792598962,-2.2249509555598097,3.171086634819706,0.0,3.171086634819706,3.171086634819706,0.0,0.0,,,2025-04-26,2025-04-26,one-sided/negligible,,,no bind since Mar-2026
FRONTE_MAYBER1_1,6,2,0.5,-0.06366399675607681,-0.057848334312438965,-0.0005376183544285595,-0.0012631658464670181,,,-0.0005376183544285595,0.07402231290082757,3.2242795741185546,-3.150257261217727,-0.06078451545909047,-3.0894727457586364,3.150257261217727,0.0,0.0,,0.4884999990463257,2024-09-23,2025-09-11,one-sided/negligible,0.06312637840164825,0.06167447157800633,no bind since Mar-2026
381T237_1,25,18,4.6,-0.017126277089118958,-0.01283488143235445,-0.011404401622712612,-0.007105629425495863,,,-0.011404401622712612,5.251540293230694,8.396650501834907,-3.1451102086042133,-1.4940574643405853,-1.6510527442636278,3.1451102086042133,3.1451102086042133,0.0,,14.627666792987535,2025-10-04,2025-10-16,same-sign,0.005721875466406345,1.5065583795641189,no bind since Mar-2026
200__A,42,42,0.0,0.0369035005569458,,0.048070527613162994,,0.02299400046467781,,0.04808907210826874,-14.34130203697714,-11.220892151410226,-3.1204098855669145,-3.1204098855669145,0.0,3.1204098855669145,2.999924096511677,0.02385885827243328,1.0,6.92583338973955,2024-09-20,2026-08-25,same-sign,-0.01390950009226799,4.04606496729183,live
6085__A,194,147,20.8,0.0021807074081152678,-0.00011354302114341408,0.0011441037058830261,-0.0012422060826793313,,,0.0011441037058830261,-0.20467727295545046,-3.2907854747839638,3.0861082018285133,1.7399695412823348,1.3461386605461783,3.0861082018285133,0.0,0.0,,11.163557859112313,2024-10-29,2025-04-22,one-sided/negligible,-0.0010366037022322416,1.7011112548054301,no bind since Mar-2026
BT_CBY88_A,60,52,5.6,-0.0026560002006590366,0.0050317710265517235,-0.004702490754425526,0.0027895341627299786,-0.0027179999742656946,,-0.0047231512144207954,-0.9325208117127961,-3.9577217816210264,3.0252009699082314,0.7730224440456368,2.252178525862594,3.0252009699082314,3.0159960863141655,0.0014054399798624218,1.0,7.02384617476939,2024-09-25,2026-08-19,one-sided/negligible,-6.199977360665798e-05,0.02264479737955203,live
BIGLAK_RUSSEK1_1,348,348,0.0,-0.00043895101407542825,,-0.00028293306240811944,,-0.0005160344881005585,,-0.0002792483428493142,1.3605255566812957,-0.1255355211233109,1.4860610778046066,1.4860610778046066,0.0,2.9903200895992086,1.36670410168108,0.8435819837613963,1.0,9.421827600264972,2024-07-21,2026-07-28,one-sided/negligible,-7.708347402513027e-05,0.2527409866768096,live
6293__C,83,57,14.6,-0.004961333237588406,0.003077366389334202,-0.005037631839513779,0.0029984447173774242,-0.005037631839513779,0.0029984447173774242,-0.005057019647210836,-21.980640504625626,-24.717778566526253,2.7371380619006245,0.4028578243451193,2.334280237555505,2.9727698283192403,2.9727698283192403,2.9727698283192403,1.0,161.00691360653494,2026-06-23,2026-08-19,one-sided/negligible,-7.629860192537308e-05,0.7002223372843828,live
6540__A,290,264,17.8,-0.0018012954387813807,0.007056054659187794,-0.0010796786518767476,0.007554355543106794,-0.0006192396976985037,,-0.0010712678777053952,-32.92751060861614,-30.008684857214654,-2.9188257514014895,-1.4785775182905354,-1.440248233110954,2.9188257514014895,2.9188257514014895,0.3177869962461273,1.0,7.777439380847764,2025-12-03,2026-08-20,one-sided/negligible,0.001182055741082877,2.427048853958561,live
ENCINA_HOLCOM1_1,19,19,0.0,-0.0713023692369461,,-0.0017973510548472404,,-0.001956888707354665,,-0.0019056195160374045,0.0807774698259891,2.959647226613015,-2.878869756787026,-2.878869756787026,0.0,2.878869756787026,2.878869756787026,2.4851874884334393,1.0,2.2906842214104377,2025-09-28,2026-08-28,one-sided/negligible,0.06934548052959144,3.018123363429937,live
CHAPAR_TURTLC1_1,11,3,2.0,0.0068789999932050705,0.0021968542132526636,0.0009722840040922165,0.0003338922979310155,0.0003859999997075647,0.0004970000009052455,0.00098210119176656,-0.4387116143140398,-3.3065236283776662,2.867812014063626,0.22358768452249933,2.644224329541127,2.867812014063626,0.22358768452249933,0.001372344049741528,1.0,9.934000074863434,2024-08-15,2026-08-08,one-sided/negligible,-0.006492999993497506,0.1935043872644775,faded (<25% in last 12m)
AIRLIN_B_DAVI2_1,6,0,3.8,,0.02612238936126232,,-0.00021479628048837185,,-0.00021479628048837185,,0.02177417884619596,-2.8399606533348556,2.8617348321810523,0.0,2.8617348321810523,2.8617348321810523,2.8617348321810523,2.8617348321810523,1.0,,2026-08-24,2026-08-24,one-sided/negligible,,,live
LA_PAL_L_FRES1_1,34,34,0.0,0.02218714915215969,,-0.0004174233472440392,,,,-0.0004174233472440392,0.001261535066532815,-2.8487464354839176,2.8500079705504504,2.8500079705504504,0.0,2.8500079705504504,2.8500079705504504,0.0,,13.68917635685819,2025-09-19,2026-05-14,one-sided/negligible,-0.02260457249940373,10.520891300134629,live
6085__B,52,51,0.2,0.002242941176518798,0.0015033333329483867,0.00108632433693856,0.00015975900168996304,0.0011193078244104981,,0.0010282265720888972,-2.4500186337390915,-5.283940474153496,2.833921840414405,2.7181840180419385,0.11573782237246633,2.833921840414405,2.8102440210059285,1.9199634944088757,1.0,45.307509322961174,2024-09-21,2026-08-11,one-sided/negligible,-0.0011236333521082997,2.5963604573880823,live
TABOR_R033,147,142,1.2,-0.0010980692459270358,7.916666618257295e-06,0.0020469233859330416,0.003829948604106903,,,0.0020469233859330416,-1.9595963269797114,0.6974065517379131,-2.6570028787176243,-1.7128497928233628,-0.9441530858942617,2.8283774828235737,2.261014983943217,0.0,,4.5548873209250225,2024-11-19,2026-01-17,one-sided/negligible,0.0031449926318600774,2.0341623629832157,no bind since Mar-2026
LA_PALMA_69A2,32,32,0.0,-0.013754624873399734,,,,,,,0.0,2.825585086713545,-2.825585086713545,-2.825585086713545,0.0,2.825585086713545,2.825585086713545,0.0,,6.116656158344995,2025-09-16,2025-09-25,one-sided/negligible,,,no bind since Mar-2026
169T263_1,43,43,0.0,-0.01297392975538969,,0.005787558387964964,,0.005732702556997538,,0.0018814554205164313,-0.8534808547701687,1.9547556162578985,-2.808236471028067,-2.808236471028067,0.0,2.808236471028067,2.6094895497662947,2.1640813023550436,1.0,3.3945116153809916,2024-08-13,2026-09-05,OPPOSING,0.018706632312387228,2.730494868769572,live
DV_HT_05_A,21,15,2.6,0.011423200368881226,0.014504593797028065,0.0065651340410113335,0.01454563345760107,,,0.0065651340410113335,-5.711532292421906,-7.575125473861892,1.8635931814399858,1.917550750542432,-0.053957569102446146,2.7411275262323516,2.7411275262323516,0.0,,16.856933335463207,2025-09-23,2025-10-21,same-sign,-0.004858066327869892,1.2283815034224197,no bind since Mar-2026
1400__K,24,19,3.2,0.021686578169465065,0.0064703249372541904,0.02658364735543728,0.010883754119277,,,0.02658364735543728,-11.711225949227808,-9.018808773718774,-2.6924171755090356,-1.7060702834278345,-0.9863468920812009,2.6924171755090356,2.6924171755090356,0.0,,20.493631601333618,2025-09-18,2026-03-13,same-sign,0.004897069185972214,1.9068159046475879,live
WARBURTN_69_1,6,6,0.0,0.006263332907110453,,-0.0030920766294002533,,,,-0.0030920766294002533,0.8956544473767281,-1.793857753276825,2.689512200653553,2.689512200653553,0.0,2.689512200653553,0.0,0.0,,47.95099949836731,2025-04-29,2025-04-30,one-sided/negligible,-0.009355409536510706,2.691607427953474,no bind since Mar-2026
HARROL_WAGGON1_1,57,54,1.9,-0.0007385186036117375,0.0003884127363562584,-0.00038081029197201133,0.0003884127363562584,,,-0.00038081029197201133,2.4744588092847457,5.135344822517558,-2.660886013232812,-2.660886013232812,0.0,2.660886013232812,0.1976458402350545,0.0,,134.56544477575355,2025-04-06,2026-03-19,one-sided/negligible,0.00035770831163972616,2.5992996150123147,faded (<25% in last 12m)
BRUNI4_CRESTO1_1,38,38,0.0,0.007363343145698309,,0.0004100351652596146,,,,0.0004100351652596146,-0.1533659742490272,-2.747003637254238,2.593637663005211,2.593637663005211,0.0,2.6255997523039696,1.5383770664557233,0.0,,8.862552667918958,2024-12-30,2026-02-16,one-sided/negligible,-0.006953307980438694,2.341714211330167,no bind since Mar-2026
CONCHO_SAEM1_1,3,0,2.8,,0.0015866565518081188,,0.0012350959004834294,,0.0012350959004834294,,-9.211582881708939,-11.822283091644445,2.6107002099355063,0.0,2.6107002099355063,2.6107002099355063,2.6107002099355063,2.6107002099355063,1.0,,2026-09-02,2026-09-02,one-sided/negligible,,,live
HILL_MAR_1_1,5,5,0.0,-0.15266959369182587,,-0.01171091478317976,,,,-0.01171091478317976,0.41118855960667133,3.006420336663723,-2.5952317770570517,-2.5952317770570517,0.0,2.5952317770570517,0.0,0.0,,3.5715999960899354,2025-03-24,2025-04-26,same-sign,0.1409586789086461,2.5172400851948145,no bind since Mar-2026
6438__A,313,313,0.0,-0.00877686869353056,,-0.005127171520143747,,-0.004296000115573406,,-0.005121556110680103,3.6342586959071923,6.163623526976153,-2.5293648310689605,-2.5293648310689605,0.0,2.5293648310689605,0.8683417302254384,0.011609387178395991,1.0,2.0828721995826975,2024-07-17,2026-09-07,one-sided/negligible,0.004480868577957153,2.921252972986321,live
TMPSW_MR1H,11,7,2.9,0.053375422954559326,0.023646457120776176,0.05677921697497368,0.027977854013442993,,,0.05677921697497368,-18.069661085804302,-15.560152973979712,-2.5095081118245917,-0.18515001609921455,-2.324358095725377,2.5095081118245917,0.0,0.0,,7.767999955586025,2025-01-23,2025-01-26,same-sign,0.0034037940204143524,0.18508470259581866,no bind since Mar-2026
3610__K,3,0,0.8,,0.008713333867490292,,0.010685387067496777,,,,-13.69247799615065,-11.184213245908419,-2.508264750242233,0.0,-2.508264750242233,2.508264750242233,2.508264750242233,0.0,,,2026-04-27,2026-04-27,one-sided/negligible,,,live
870__A,250,133,81.2,-0.001226451131515205,-0.0007966487901285291,-0.0015425399178639054,-0.0010765872430056334,,,-0.0015425399178639054,10.070849067755262,7.564467790409859,2.506381277345402,0.5721862753380265,1.9341950020073757,2.506381277345402,0.2903000686880356,0.0,,14.308639069921092,2024-09-16,2025-12-01,one-sided/negligible,-0.0003160887863487005,0.6015324476024233,no bind since Mar-2026
138_TRB_FXT_1,248,248,0.0,0.00192259659525007,,0.001047251047566533,,0.0010186857543885708,,0.0010253136279061437,-2.948085460518996,-5.450053935317555,2.5019684747985593,2.5019684747985593,0.0,2.5019684747985593,2.5019684747985593,2.5014931794539734,1.0,11.414137069342448,2026-03-02,2026-09-13,one-sided/negligible,-0.0009039108408614993,2.5587058345423204,live
PITSBU_AT1,202,198,1.0,-0.0019394697155803442,0.002251500030979514,-0.0016221861587837338,0.0015129651874303818,-0.0014949999749660492,,-0.0016217492520809174,2.1216190652436735,2.5206229424705575,-0.39900387722688424,-0.8447768813057337,0.44577300407884946,2.4806644307585275,0.24275991949252784,0.0010838517919182777,1.0,16.15116169730747,2024-09-16,2026-09-06,one-sided/negligible,0.000444469740614295,1.421383124743914,faded (<25% in last 12m)
35040__A,4,2,0.7,0.13797099888324738,0.03236166760325432,0.1866472065448761,0.09528213739395142,,,0.1866472065448761,-8.35697845951654,-5.8838337663328275,-2.4731446931837127,-1.9874981865286827,-0.48564650665502995,2.4731446931837127,0.0,0.0,,20.415499806404114,2024-11-26,2024-11-29,same-sign,0.04867620766162872,1.9874982161849353,no bind since Mar-2026
R5_S2_1_1,3,3,0.0,0.15010899305343628,,0.02635899931192398,,0.02635899931192398,,0.028310291469097137,-0.5261783599853516,-2.9964758157730103,2.4702974557876587,2.4702974557876587,0.0,2.4702974557876587,2.4702974557876587,2.4702974557876587,1.0,6.654000123341878,2026-08-30,2026-08-30,same-sign,-0.1237499937415123,2.4702974208587385,live
583__D,105,38,24.5,-0.004998368211090565,0.0010292433435097337,-0.0066682021133601665,-0.000285513378912583,,0.0002899999963119626,-0.0066682021133601665,3.2297169027581276,0.7741432853593627,2.455573617398765,0.7409826680377591,1.7145909493610059,2.455573617398765,0.00907153436370815,0.00018897852472340065,1.0,10.668184282748323,2024-10-24,2026-08-15,one-sided/negligible,-0.0016698339022696018,0.6769356400577288,faded (<25% in last 12m)
J2_J3_1,21,21,0.0,0.004003047943115234,,0.0027568633668124676,,,,0.0027568633668124676,-5.046361289001652,-7.484461966436356,2.4381006774347043,2.4381006774347043,0.0,2.4441715884167934,0.0,0.0,,82.12023894559769,2025-03-31,2025-04-29,one-sided/negligible,-0.0012461845763027668,2.149076478702334,no bind since Mar-2026
RAY_ALOE_1,5,5,0.0,-0.013929399661719799,,0.0020700814202427864,,,,0.0020700814202427864,-0.32646422274410725,2.102853313088417,-2.4293175358325243,-2.4293175358325243,0.0,2.4293175358325243,2.4293175358325243,0.0,,30.490800380706787,2025-10-30,2025-10-31,one-sided/negligible,0.015999481081962585,2.439184919325079,no bind since Mar-2026
LOLITA_VICTOR1_1,10,2,4.5,0.03855299949645996,-0.013672027736902237,-0.019019007682800293,0.004423501435667276,,,-0.019019007682800293,0.017662732236203738,0.5633749491486619,-0.5457122169124584,0.9350968115031719,-1.4808090284156303,2.415905844264974,0.0,0.0,,8.160500019788742,2024-07-08,2025-04-28,OPPOSING,-0.057572007179260254,0.9396327314512618,no bind since Mar-2026
1561__A,1335,1067,182.5,-0.00016426526417490095,-0.0005468878662213683,-0.00023830452119000256,-0.0006068024085834622,-0.00046121602645143867,-0.0005887915031053126,-0.0002401183737674728,10.821347603785387,9.399982250167936,1.421365353617451,0.48749195620075625,0.9338733974166948,2.3941845004704496,0.8125545530613182,0.20516016859338984,1.0,12.88794558135934,2024-07-04,2026-08-05,one-sided/negligible,-0.0002969507622765377,4.083499977288925,live
LON_HI_ORNGRO1_1,2,1,0.1,0.03676600009202957,0.0314599983394146,0.0028449324890971184,0.0009502859902568161,,,0.0028449324890971184,-0.17617269853750864,-2.563028573989868,2.3868558754523597,1.9314317107200623,0.45542416473229724,2.3868558754523597,0.0,0.0,,56.93899917602539,2025-02-20,2025-05-15,one-sided/negligible,-0.03392106760293245,1.9314316402932725,no bind since Mar-2026
6235__A,1032,1032,0.0,0.00019934179726988077,,0.00019467277161311358,,0.0002162763412343338,,0.0001948280114447698,-3.046394315188536,-3.095234080949922,0.048839765761385934,0.048839765761385934,0.0,2.351090301649492,0.006522598182300499,0.0032040649921327713,1.0,11.640350755004487,2024-07-03,2026-09-13,one-sided/negligible,1.693454396445304e-05,0.20343200063419054,faded (<25% in last 12m)
BATESVL_69_1,37,37,0.0,0.003014973131939769,,0.0009284692932851613,,0.0006911000236868858,,0.0009311367175541818,-1.0210618084529415,-3.3698315378278494,2.348769729374908,2.348769729374908,0.0,2.348769729374908,0.3740731430007145,0.3740731430007145,1.0,30.7416488544361,2025-05-17,2026-07-20,one-sided/negligible,-0.002323873108252883,2.6432685698185523,faded (<25% in last 12m)
EAST_REAC_SEC__1,157,149,4.4,0.00104463507886976,0.003060260321944952,0.0011093507055193186,0.0024682325311005116,,,0.0011093507055193186,-6.694005566518475,-7.905648902775283,1.2116433362568084,1.123947602923181,0.08769573333362736,2.245012234553542,0.18376910417282488,0.0,,17.87769127292121,2025-06-04,2025-11-06,one-sided/negligible,6.471562664955854e-05,0.17238793307239159,no bind since Mar-2026
MELONC_RINCON1_1,4,3,0.2,-0.03916966915130615,0.053154997527599335,0.007636666297912598,-0.005334119778126478,,,0.007636666297912598,-0.013211670021216093,-0.5424878994623819,0.5292762294411657,-0.8522020950913429,1.3814783245325086,2.2336804196238518,0.8522020950913429,0.0,,6.062999963760376,2024-11-17,2025-12-07,OPPOSING,0.04680633544921875,0.8513604303971078,no bind since Mar-2026
GREGOR_RINCON1_1,251,251,0.0,-0.002366637345403433,,0.0002330058632651344,,0.0002017187507590279,,0.00023532385239377618,-0.20636494758696244,2.0138338313518034,-2.220198778938766,-2.220198778938766,0.0,2.220198778938766,2.169700066130872,0.16932063006083808,1.0,3.3703585563494687,2024-11-01,2026-07-09,one-sided/negligible,0.0025683560961624607,2.172726517057821,live
6474__B,521,502,7.4,0.0009386394522152841,-0.0017482030671089888,0.0006117448792792857,-6.730719178449363e-05,0.0006282972171902657,,0.0006105939392000437,-3.036911554720784,-3.6542484471707817,0.6173368924499983,1.370468676584892,-0.7531317841348937,2.208592566326729,0.9967391890049839,0.04454730997531442,1.0,8.240746965416637,2025-04-06,2026-09-09,one-sided/negligible,-0.00031034223502501845,1.283840819424565,live
MAGRUD_VICTOR1_1,20,20,0.0,0.021853450685739517,,0.0039040916599333286,,,,0.0039040916599333286,-0.4797697846079245,-2.6620468178298324,2.182277033221908,2.182277033221908,0.0,2.182277033221908,0.0,0.0,,6.144849993288517,2025-02-10,2025-02-13,one-sided/negligible,-0.01794935902580619,2.205922373785167,no bind since Mar-2026
679T679_1,22,22,0.0,-0.012746453285217285,,-0.006981316488236189,,,,-0.006981316488236189,3.5599721844191663,5.727595551405102,-2.1676233669859357,-2.1676233669859357,0.0,2.1676233669859357,0.0,0.0,,23.005999975922432,2024-09-24,2025-03-10,same-sign,0.005765136796981096,2.917920214275806,no bind since Mar-2026
ALO_WAR_1,21,21,0.0,0.005788619164377451,,-0.0021461930591613054,,,,-0.0021461930591613054,0.5461275672423653,-1.6185709573328495,2.164698524575215,2.164698524575215,0.0,2.164698524575215,1.520457360893488,0.0,,10.094190537929535,2025-01-13,2025-10-29,one-sided/negligible,-0.007934812223538756,1.682005635808943,no bind since Mar-2026
VICTOR_V_DUPS2_1,60,60,0.0,-0.003717783372849226,,-0.005707527976483107,,,,-0.005707527976483107,0.5458612383554282,0.8913283046858851,-0.3454670663304569,-0.3454670663304569,0.0,2.145003692010505,2.145003692010505,0.0,,1.9841500144451856,2025-09-17,2025-11-22,one-sided/negligible,-0.0019897446036338806,0.23687710704254367,no bind since Mar-2026
S_B_BATE_1,37,35,0.2,0.00011018181248800829,0.0019324999302625656,0.001315029338002205,0.00024162849877029657,0.001221999991685152,,0.0013133285101503134,-0.917152515728958,-0.18226742028491572,-0.7348850954440422,-1.407884486776311,0.6729993913322687,2.132207338057924,1.4592079467256553,0.012524945370387286,1.0,19.71648586136954,2025-05-21,2026-07-22,one-sided/negligible,0.0011118181791971438,0.7672401593693939,live
419T419_1,10,10,0.0,-0.2467736005783081,,-0.05760004371404648,,,,-0.05760004371404648,0.503925905097276,2.5742208836600184,-2.0702949785627425,-2.0702949785627425,0.0,2.0702949785627425,1.9532471396960318,0.0,,0.8060000140219927,2024-10-31,2026-05-06,same-sign,0.18917355686426163,1.5247388948518512,live
14040__B,9,9,0.0,-0.005770333576947451,,-0.0033926540054380894,,,,-0.0033926540054380894,2.9324117368087173,4.990896988660097,-2.05848525185138,-2.05848525185138,0.0,2.05848525185138,0.0,0.0,,96.31400018268161,2024-12-22,2024-12-23,one-sided/negligible,0.0023776795715093613,2.0610344761623987,no bind since Mar-2026
REDCRE_WEISS1_1,181,169,4.2,0.00493779918178916,0.0021089643705636263,0.0032470247242599726,-0.0004265483876224607,0.0027720623183995485,,0.0032435390166938305,-3.0730775852027064,-5.125135357064588,2.0520577718618824,1.7180320104873772,0.3340257613745052,2.052468059386456,0.8986775306839264,0.1982807134918403,1.0,6.48062128536665,2024-07-04,2026-09-10,one-sided/negligible,-0.0021657368633896112,2.3719691502002203,live
6420__A,57,45,7.2,-0.003296066541224718,0.0007217162637971342,-0.0018930155783891678,0.0022077506873756647,,,-0.0018930155783891678,-1.0179768099139133,1.0335314073211823,-2.051508217235096,-0.6635002311086282,-1.3880079861264674,2.051508217235096,1.7379021665158991,0.0,,12.160222246249516,2025-04-30,2026-03-13,one-sided/negligible,0.0014030509628355503,0.7677635188902597,live
ARMSTR_MV_YUT1_1,11,11,0.0,0.08151891082525253,,-0.0012555618304759264,,,,-0.0012555618304759264,0.033657200474408455,-2.0120696192607284,2.045726819735137,2.045726819735137,0.0,2.045726819735137,0.33823458007827867,0.0,,1.70636366375468,2024-10-17,2026-02-22,one-sided/negligible,-0.08277447265572846,1.5536768766880942,no bind since Mar-2026
RKYROAD_STILES_1,51,47,0.5,-0.003016425995156169,0.0026524998247623444,-0.0017077330267056823,0.0032614250667393208,,,-0.0017077330267056823,-1.3854100071669866,0.6366831101477155,-2.022093117314701,-1.9946122902911156,-0.02748082702358571,2.0220932762604207,0.0,0.0,,32.120850930822655,2024-07-04,2024-09-04,one-sided/negligible,0.0013086929684504867,1.9757075924292522,no bind since Mar-2026
5010__A,8,3,2.2,-0.015934666618704796,0.02035076729953289,-0.008443541824817657,0.0285605788230896,,,-0.008443541824817657,-6.3728731982409945,-4.358467672641078,-2.0144055255999165,-0.11445476859807968,-1.8999507570018368,2.0144055255999165,2.0144055255999165,0.0,,5.048999945322673,2026-01-13,2026-04-27,same-sign,0.007491124793887138,0.11346806602422443,live
R5_S2_2_1,4,4,0.0,0.09419974684715271,,0.015821436420083046,,,,0.015821436420083046,-0.40039366390556097,-2.3840833231806755,1.9836896592751145,1.9836896592751145,0.0,1.9836896592751145,0.0,0.0,,6.327250026166439,2025-06-26,2025-06-29,same-sign,-0.07837831042706966,1.9836766668022312,no bind since Mar-2026
RAY_HIGH_1,21,21,0.0,0.00445657130330801,,-0.002704272512346506,,-0.0032403336372226477,,-0.0029470829758793116,0.708131144856452,-1.203517612273572,1.911648757130024,1.911648757130024,0.0,1.926680985823623,1.271166792488657,1.2702839630946983,1.0,10.168476306966372,2025-01-03,2026-06-26,one-sided/negligible,-0.007696904940530658,1.6435817060199265,live
2310__C,27,23,0.7,-0.0031258256640285254,-0.0017620832659304142,-0.002601079409942031,-0.0013808782678097486,,,-0.002601079409942031,10.208536722076435,12.064874101119738,-1.8563373790433007,-1.8147405302152038,-0.04159684882809721,1.8715181654940047,1.8715181654940047,0.0,,164.10160702207813,2025-10-06,2025-11-07,one-sided/negligible,0.0005247462540864944,1.980569182211418,no bind since Mar-2026
CKT_979_1,134,133,0.4,-0.004204410128295422,0.003897999878972769,-0.003181805368512869,0.004127728287130594,,,-0.003181805368512869,2.0313745667008334,3.8662948182924692,-1.8349202515916359,-1.6434799872076837,-0.19144026438395212,1.8645756621505525,0.012680996442213655,0.0,,15.384646616680058,2024-10-07,2026-04-09,one-sided/negligible,0.0010226047597825527,2.0924109100860133,faded (<25% in last 12m)
MARN_ELMCRK1_1,3,0,1.6,,0.21277032792568207,,0.06362459063529968,,,,-0.7911060713231564,-2.6490127630531783,1.8579066917300224,0.0,1.8579066917300224,1.8579066917300224,0.0,0.0,,,2024-12-18,2024-12-19,one-sided/negligible,,,no bind since Mar-2026
6500__C,189,189,0.0,-0.0025022008921951056,,-0.0014843575190752745,,-0.0009098749724216759,,-0.0014815226895734668,2.3965765288771763,4.231316333788527,-1.8347398049113508,-1.8347398049113508,0.0,1.8347398049113508,0.7417075174744241,0.021145992082892917,1.0,7.894798938396865,2024-08-10,2026-08-13,one-sided/negligible,0.0015923259197734296,2.375936573410717,live
6041__B,4,0,1.6,,0.004364000167697668,,-0.008180174045264721,,,,1.2096511870622635,-0.6054812520742416,1.8151324391365051,0.0,1.8151324391365051,1.8151324391365051,1.8151324391365051,0.0,,,2026-05-19,2026-05-19,one-sided/negligible,,,live
N5_P4_1_1,1,0,0.4,,0.17222198843955994,,0.008021828718483448,,,,-0.08851932020237048,-1.9029215127229688,1.8144021925205984,0.0,1.8144021925205984,1.8144021925205984,0.0,0.0,,,2025-04-03,2025-04-03,one-sided/negligible,,,no bind since Mar-2026
DOWNIES_AX1H,217,134,55.1,-0.0018162981141358614,-0.00010920982458628714,-0.0003308765881229192,-0.00012794193753506988,-0.0011279582977294922,-0.00024007570755202323,-0.00032515046768821776,1.330699919321243,2.0360313943459305,-0.705331475024688,-0.8997107704234395,0.1943792953987516,1.8141205579938362,0.7377300615406359,0.6442296963165669,1.0,11.14535070116173,2024-07-03,2026-08-31,one-sided/negligible,0.0006883398164063692,1.0280196798265833,live
1020__D,107,64,32.2,0.012086140923202038,0.003846829989925027,0.011452428996562958,0.0033330137375742197,,,0.011452428996562958,-22.02027255330661,-23.811988179688342,1.7917156263817253,0.7434799114707857,1.0482357149109398,1.7917156263817253,1.7917156263817253,0.0,,21.188687424408272,2026-03-06,2026-03-22,same-sign,-0.00063371192663908,0.8593615315632008,live
AUSTRO_AT1L,3,1,0.4,0.0014449999434873462,0.02305833250284195,0.004631999880075455,0.025146037340164185,0.004631999880075455,,0.004308112896978855,-21.02562563276539,-19.277838995175745,-1.7477866375896447,-0.002301013912074268,-1.7454856236775704,1.7477866375896447,1.7477866375896447,0.002301013912074268,1.0,0.722000002861023,2026-01-20,2026-09-04,one-sided/negligible,0.0031869999365881085,0.0023010139633346943,live
WILMR_FMR1,23,10,4.2,0.0006482999888248742,-0.0011019615922123194,0.0013139380607753992,-0.0006928599905222654,,,0.0013139380607753992,0.06342507448668261,1.7884868890978394,-1.7250618146111567,-0.7941490947268903,-0.9309127198842664,1.7250618146111567,1.7250618146111567,0.0,,115.14969906806945,2025-10-07,2025-10-21,one-sided/negligible,0.000665638071950525,0.7664802367335293,no bind since Mar-2026
6200__D,6,6,0.0,-0.02091066725552082,,-0.02417164295911789,,,,-0.02417164295911789,12.7279701679945,11.005212761461735,1.7227574065327644,1.7227574065327644,0.0,1.7227574065327644,1.7227574065327644,0.0,,84.07000088691711,2026-04-27,2026-05-04,same-sign,-0.003260975703597069,1.6449013817617244,live
SALEM_AT4H,12,12,0.0,0.008739583194255829,,-0.038518089801073074,,,,-0.038518089801073074,1.3914119433611631,-0.32313724304549396,1.714549186406657,1.714549186406657,0.0,1.714549186406657,1.714549186406657,0.0,,3.011416718363762,2025-09-16,2025-09-17,OPPOSING,-0.0472576729953289,1.7077505583492136,no bind since Mar-2026
SALEM_AT4L,12,12,0.0,0.008739583194255829,,-0.038518089801073074,,,,-0.038518089801073074,1.3913733791559935,-0.3231281831394881,1.7145015622954816,1.7145015622954816,0.0,1.7145015622954816,1.7145015622954816,0.0,,3.0113332718610764,2025-09-16,2025-09-17,OPPOSING,-0.0472576729953289,1.7077032364987754,no bind since Mar-2026
FRONTE_PALMHR1_1,6,0,2.5,,-0.03682658076286316,,-0.0010442351922392845,,,,0.0536600811513684,1.7574295486944418,-1.7037694675430735,0.0,-1.7037694675430735,1.7037694675430735,0.8145700534078059,0.0,,,2024-10-01,2026-03-19,one-sided/negligible,,,live
197T171_1,6,1,1.6,-0.005266000051051378,0.0024283810053020716,-0.0394766703248024,-0.031691908836364746,,,-0.0394766703248024,1.6416981538253215,-0.03620341324737334,1.6779015670726949,0.3659857399761677,1.3119158270965272,1.6779015670726949,0.0,0.0,,10.697999954223633,2024-10-28,2024-10-30,same-sign,-0.03421067027375102,0.3659857490225482,no bind since Mar-2026
VAL_VERD_WSLCO_1,22,5,10.3,0.014685800299048424,0.0036726510152220726,-7.788507355144247e-05,0.0017844799440354109,,,-7.788507355144247e-05,-34.92019591856629,-36.55273928244909,1.6325433638827833,0.03668990696587571,1.5958534569169076,1.663967086063167,0.016319858287715913,0.0,,0.5414000030606985,2025-07-02,2025-10-15,one-sided/negligible,-0.014763685372599866,0.039965296529563786,no bind since Mar-2026
6051__A,29,19,5.1,-0.022311000153422356,0.030207911506295204,-0.012626847252249718,0.0347004234790802,,,-0.012626847252249718,-16.17764180386439,-14.515129561846456,-1.6625122420179341,-0.27469209069386125,-1.3878201513240729,1.6625122420179341,0.5215884793239335,0.0,,2.078263128666501,2025-02-07,2025-11-12,same-sign,0.009684152901172638,0.38239814023064056,no bind since Mar-2026
NUR_FORT_1,6,6,0.0,0.008214999921619892,,-0.005132308695465326,,-0.0037960000336170197,,-0.005186604801565409,0.622602085582912,-1.027934242039919,1.6505363276228309,1.6505363276228309,0.0,1.6505363276228309,0.9586367458105087,0.10354803502559662,1.0,18.721166372299194,2025-04-28,2026-06-26,one-sided/negligible,-0.012010999955236912,1.3491595707580104,live
HONDO_CASTROSW_1,8,0,4.1,,0.002504700794816017,,-0.0004186354926787317,,,,0.23501291785699624,-1.4094448653049767,1.6444577831619729,0.0,1.6444577831619729,1.6444577831619729,0.0,0.0,,,2025-06-17,2025-06-17,one-sided/negligible,,,no bind since Mar-2026
RNKSW_MR2H,23,19,0.8,-0.005859052762389183,0.008104250766336918,-0.009502808563411236,0.004981584381312132,,,-0.009502808563411236,1.5463602174228679,-0.09759597879989683,1.6439561962227647,1.0216816005995497,0.6222745956232151,1.6439561962227647,1.469780725155336,0.0,,15.455736901415023,2025-04-12,2025-10-14,same-sign,-0.0036437558010220528,1.0700216888784304,no bind since Mar-2026
ANASW_XF2H,120,118,0.8,-0.0006395920645445585,0.005066874902695417,-0.0022372822277247906,0.0027805734425783157,,,-0.0022372822277247906,0.9217071108796517,-0.6916441266390999,1.6133512375187518,1.4163759070070228,0.19697533051172894,1.6133512375187518,1.6072331604324668,0.0,,8.511118660396818,2025-07-23,2025-10-23,one-sided/negligible,-0.001597690163180232,1.6045794062423338,no bind since Mar-2026
CHAPAR_LAPRYO1_1,1,0,0.2,,0.0037133332807570696,,0.0007796056452207267,,,,-0.423628677924474,-2.0185048182805376,1.5948761403560636,0.0,1.5948761403560636,1.5948761403560636,0.0,0.0,,,2025-02-21,2025-02-21,one-sided/negligible,,,no bind since Mar-2026
1650__M,22,22,0.0,-0.003221181919798255,,-0.004342826548963785,,,,-0.004342826548963785,6.175372861325741,4.582397203892469,1.5929756574332714,1.5929756574332714,0.0,1.5929756574332714,1.5929756574332714,0.0,,66.62709013982253,2026-04-13,2026-04-27,one-sided/negligible,-0.0011216446291655302,1.644102191869711,live
CBY_AT1,456,456,0.0,-0.0006651864387094975,,-0.0023820498026907444,,0.00028922889032401145,,-0.0023922217078506947,2.65434774444293,1.0875305617114464,1.5668171827314836,1.5668171827314836,0.0,1.5683071140124412,1.454347968570346,0.2681508631321776,1.0,2.742899125085004,2025-01-06,2026-09-04,one-sided/negligible,0.0009544153290335089,1.1937464267640199,live
680__A,62,62,0.0,-0.030728192999958992,,-0.023879999294877052,,-0.02238517440855503,,-0.023583855479955673,5.52572650834918,7.093771640211344,-1.5680451318621635,-1.5680451318621635,0.0,1.5680451318621635,1.274970113299787,0.7266021119430661,1.0,3.8105967792291797,2024-08-22,2026-09-13,same-sign,0.008343018591403961,1.9710965459540923,live
MYRA_VAL_1,285,248,21.7,0.0006329251918941736,0.00041651801439002156,-0.00022781608277000487,-0.00032400459167547524,,,-0.00022781608277000487,0.5871918913706413,-0.9541622822947979,1.5413541736654395,0.6337486855574923,0.9076054881079472,1.54524408994277,0.0,0.0,,3.36301209344369,2024-07-03,2024-10-28,one-sided/negligible,-0.0008607412746641785,0.7178814623733987,no bind since Mar-2026
LPLHY_LPLDB_1,11,5,4.0,-0.004209199920296669,0.0002645601925905794,-0.002654033713042736,0.0018337093060836196,,,-0.002654033713042736,-0.7252013476099818,0.8158239688782488,-1.5410253164882304,-0.3858787580393255,-1.155146558448905,1.5410253164882304,0.0,0.0,,49.39700040817261,2024-07-04,2024-07-29,one-sided/negligible,0.001555166207253933,0.38410272887249386,no bind since Mar-2026
NEVILL_NORTMC_1,239,228,4.4,0.002002398483455181,0.03514600917696953,0.0016598544316366315,0.023428134620189667,0.0027338864747434855,-0.005570000037550926,0.0015999367460608482,-1.8277546730777583,-2.5154107972992588,0.6876561242214999,-0.15836747915977867,0.8460236033812786,1.5237023476684803,1.5100968876641523,0.4827445936135367,1.0,1.8607412319877512,2025-06-24,2026-09-13,one-sided/negligible,0.0007314879912883043,0.31033304946944223,live
TB_AT2H,3,3,0.0,-0.055066000670194626,,-0.0960150733590126,,,,-0.0960150733590126,3.5443966388702393,2.032761335372925,1.5116353034973145,1.5116353034973145,0.0,1.5116353034973145,0.0,0.0,,12.304999987284342,2024-11-25,2024-11-25,same-sign,-0.04094907268881798,1.5116350167456325,no bind since Mar-2026
TB_AT2,3,3,0.0,-0.055066000670194626,,-0.0960150733590126,,,,-0.0960150733590126,3.5443007946014404,2.032706379890442,1.5115944147109985,1.5115944147109985,0.0,1.5115944147109985,0.0,0.0,,12.304666837056478,2024-11-25,2024-11-25,same-sign,-0.04094907268881798,1.5115940901669411,no bind since Mar-2026
PHBL_T_STRS1_1,136,130,0.8,2.2476928279502317e-05,-0.0002266666415380314,-2.9248658393044025e-05,0.00012677775521297008,,,-2.9248658393044025e-05,-0.265281097981358,0.2080114698803659,-0.4732925678617239,0.3656805457843859,-0.8389731136461098,1.51148639930571,0.312494390664142,0.0,,27.026476960134907,2024-07-09,2026-05-06,one-sided/negligible,-5.172558667254634e-05,0.18173484893915454,faded (<25% in last 12m)
COL_BRAN_1,3,0,2.2,,0.0025790277868509293,,0.003061573253944516,,,,-9.545218149820963,-8.037203818559647,-1.5080143312613168,0.0,-1.5080143312613168,1.5080143312613168,1.5080143312613168,0.0,,,2025-09-22,2025-09-22,one-sided/negligible,,,no bind since Mar-2026
6500__F,199,199,0.0,-0.0021730451844632626,,-0.001325560617260635,,-0.0008127069449983537,,-0.0013144402764737606,2.210250879040359,3.714901629875385,-1.504650750835026,-1.504650750835026,0.0,1.504650750835026,1.504650750835026,0.1764756978564037,1.0,7.416909544948657,2025-12-03,2026-08-13,one-sided/negligible,0.0013603382394649088,2.007811628856541,live
1785__A,9,2,1.6,0.0021830000914633274,-0.009842261672019958,0.001766999950632453,-0.003510817186906934,0.001766999950632453,,0.0017212311504408717,0.9123049402591429,2.3997051346870344,-1.4874001944278914,0.0022580488584935665,-1.489658243286385,1.4919162921448785,0.0022580488584935665,0.0022580488584935665,1.0,2.7139999866485596,2024-10-07,2026-07-05,one-sided/negligible,-0.00041600014083087444,0.0022580487533215843,faded (<25% in last 12m)
138_BRL_FLT_1,45,34,3.7,0.010156058706343174,0.009591318666934967,0.005955675151199102,0.00568390591070056,,,0.005955675151199102,-2.0275980577571318,-3.5144689565058793,1.486870898748748,0.9579747151001357,0.5288961836486124,1.486870898748748,1.486870898748748,0.0,,5.696294135907117,2025-09-18,2026-05-13,same-sign,-0.004200383555144072,0.8135050872667473,live
6135__F,26,14,8.2,-0.001602643053047359,0.00036424133577384055,-0.0010165247367694974,0.0009166612871922553,,,-0.0010165247367694974,-2.125331546621358,-0.6422193682325694,-1.483112178388789,-0.0953530230326578,-1.3877591553561313,1.483112178388789,0.004623028604934614,0.0,,11.044571314539228,2024-10-30,2026-02-24,one-sided/negligible,0.0005861183162778616,0.09062795760043901,no bind since Mar-2026
OAKC_SERDEV1_1,163,152,5.8,0.00262825982645154,0.004733292851597071,0.0018013810040429235,0.0023855085019022226,0.0016732376534491777,,0.0017638822318986058,-2.550605682976311,-3.9467252269362993,1.396119543959988,0.83419628332922,0.5619232606307679,1.4464276739430109,1.4321557627675552,0.49026799089915585,1.0,6.457848673416792,2025-08-06,2026-08-12,one-sided/negligible,-0.0009550221730023623,0.937443078297053,live
210__A,22,22,0.0,0.0332903154194355,,0.0466684065759182,,,,0.0466684065759182,-5.06213504562038,-3.6205264256714145,-1.4416086199489655,-1.4416086199489655,0.0,1.4416086199489655,0.0,0.0,,5.036909090736034,2024-07-17,2025-03-18,same-sign,0.013378091156482697,1.4824530371812268,no bind since Mar-2026
BIG_FO_PEARSA1_1,5,5,0.0,-0.010300000198185444,,-0.0010600195964798331,,,,-0.0010600195964798331,0.16263183334376663,1.5674790972843766,-1.40484726394061,-1.40484726394061,0.0,1.40484726394061,1.40484726394061,0.0,,27.772399997711183,2025-12-10,2026-03-24,one-sided/negligible,0.00923998060170561,1.2830821862083015,live
ABINDU_MULBER1_1,499,196,278.3,-0.0011167824268341064,0.0,-0.0005628840299323201,0.0,,,-0.0005628840299323201,1.6955071646152646,3.026839551923331,-1.3313323873080662,-1.3313323873080662,0.0,1.3870684866778902,0.1346236923345714,0.0,,10.308612329049074,2025-02-14,2025-11-10,one-sided/negligible,0.0005538983969017863,1.1191450732950854,no bind since Mar-2026
255__A,12,12,0.0,-0.020035332068800926,,-0.0537613183259964,,,,-0.0537613183259964,2.212606822140515,0.8295808699913323,1.3830259521491826,1.3830259521491826,0.0,1.3830259521491826,1.0855586845427752,0.0,,3.2127499667306743,2025-07-18,2025-10-05,same-sign,-0.03372598625719547,1.3002379347091673,no bind since Mar-2026
6560__A,116,63,35.0,0.0035442698281258345,-0.0016250098124146461,0.003269603941589594,-0.0021482319571077824,-0.0003229999856557697,,0.00326982862316072,0.5039669279020319,-0.4617372445459298,0.9657041724479616,0.272151293484967,0.6935528789629946,1.371270284960398,1.3499960768740493,1.452000105928164e-06,1.0,10.326698487521046,2025-03-04,2026-08-11,one-sided/negligible,-0.003867269813781604,2.5159761482193006,live
BI_KB_37_A,10,0,4.8,,0.028756584972143173,,0.015292579308152199,,0.02684600092470646,,-2.8928381352064507,-4.263268813801309,1.3704306785948577,0.0,1.3704306785948577,1.3704306785948577,1.3704306785948577,0.1810247376561167,1.0,,2026-01-30,2026-09-02,one-sided/negligible,,,live
VICTORIA_69A2,1,0,0.2,,0.023393332958221436,,-0.0024141741450875998,,,,0.12612589572866756,-1.2200401326020558,1.3461660283307233,0.0,1.3461660283307233,1.3461660283307233,1.3461660283307233,0.0,,,2025-11-17,2025-11-17,one-sided/negligible,,,no bind since Mar-2026
HAMLIN_PLST1_1,1011,1011,0.0,-0.00032035031472332776,,-0.00020501013204921037,,,,-0.00020501013204921037,2.243397552793226,3.5250815279672167,-1.2816839751739906,-1.2816839751739906,0.0,1.343836415222512,0.0,0.0,,10.7708990964282,2024-07-04,2025-09-03,one-sided/negligible,0.00011534018267411739,1.255982961509326,no bind since Mar-2026
BAT_CRST_1,80,80,0.0,-0.0001702631707303226,,0.0005700160400010645,,0.0004598124942276627,,0.0005685526994057,-1.8525023579632034,-1.4026601564983139,-0.4498422014648895,-0.4498422014648895,0.0,1.3281415329902302,0.28563555643631844,0.24765752001985675,1.0,28.788399452413433,2024-08-30,2026-08-07,one-sided/negligible,0.0006300756649579853,1.4511095942444394,faded (<25% in last 12m)
6043__A,21,18,1.3,-0.01990661397576332,0.016037380322813988,-0.01199498400092125,0.023684145882725716,,,-0.01199498400092125,-0.9935968747983374,0.3138125228385132,-1.3074093976368506,-0.6589219681918621,-0.6484874294449885,1.3074093976368506,0.010182890109717846,0.0,,4.769666625393762,2025-02-15,2026-02-28,same-sign,0.007911629974842072,0.679245073982444,no bind since Mar-2026
6755__B,8,0,4.6,,0.00047639611875638366,,0.0005706058582291007,,,,-7.233017494281133,-5.937488007048766,-1.2955294872323673,0.0,-1.2955294872323673,1.2955294872323673,0.0,0.0,,,2025-06-07,2025-06-09,one-sided/negligible,,,no bind since Mar-2026
E5_P4_2_1,2,2,0.0,-0.05771550163626671,,0.027549896389245987,,,,0.027549896389245987,-0.3783501292928122,0.9101667503127828,-1.288516879605595,-1.288516879605595,0.0,1.288516879605595,1.288516879605595,0.0,,6.303499889560044,2025-10-21,2025-10-26,OPPOSING,0.0852653980255127,1.074940854074225,no bind since Mar-2026
ESKSW_TRNT1_1,359,296,50.4,0.0003510709502734244,-0.0005627921782433987,0.0002441834658384323,-0.0006236424669623375,0.0002755882451310754,,0.00024396806838922203,0.7193937990044406,-0.5259973848408972,1.2453911838453375,0.9978997668986267,0.2474914169467108,1.2453911838453375,1.165898482443481,0.024740713939536363,1.0,26.83098655536368,2025-03-11,2026-08-11,one-sided/negligible,-7.5482705142349e-05,0.5994815322637067,live
OILMIT_SAWGRA1_1,8,5,1.8,0.0007798000006005168,0.00047166665899567306,0.000563778099603951,0.0001884071243694052,0.0004030000127386302,,0.000561772205401212,-0.8842815096334864,-2.1253650535363704,1.241083543902884,0.012752787675708532,1.2283307562271755,1.241083543902884,0.009899072349071503,0.009899072349071503,1.0,19.3761999130249,2024-08-13,2026-08-31,one-sided/negligible,-0.0003767999878618866,0.03650475946018636,faded (<25% in last 12m)
HELIX_KOPER_A,14,14,0.0,-0.02182449959218502,,-0.039689499884843826,,-0.039689499884843826,,-0.04075590893626213,2.55954616330564,1.3241140246391296,1.2354321386665106,1.2354321386665106,0.0,1.2354321386665106,1.2354321386665106,1.2354321386665106,1.0,4.834500014781952,2026-06-25,2026-06-27,same-sign,-0.017865000292658806,1.20915681850514,live
1830__K,5,5,0.0,0.02600339986383915,,0.018718667328357697,,,,0.018718667328357697,-3.150796055793762,-4.3771504163742065,1.2263543605804443,1.2263543605804443,0.0,1.2263543605804443,1.2263543605804443,0.0,,33.65900001525879,2026-02-09,2026-02-10,same-sign,-0.007284732535481453,1.225984062614632,no bind since Mar-2026
DANSK_DAN_1,11,11,0.0,-0.01053836289793253,,0.0047889887355268,,,,0.0047889887355268,-0.37067417381331325,0.8535875594243407,-1.224261733237654,-1.224261733237654,0.0,1.224261733237654,0.0,0.0,,6.907636349851435,2025-06-24,2025-06-26,one-sided/negligible,0.01532735163345933,1.164633484192623,no bind since Mar-2026
REDBLUF_DANSK_1,11,11,0.0,-0.01053836289793253,,0.0047889887355268,,,,0.0047889887355268,-0.37067417381331325,0.8535875594243407,-1.224261733237654,-1.224261733237654,0.0,1.224261733237654,0.0,0.0,,6.907636349851435,2025-06-24,2025-06-26,one-sided/negligible,0.01532735163345933,1.164633484192623,no bind since Mar-2026
89T204_1,9,9,0.0,-0.0014453334733843803,,0.0015770902391523123,,0.001679374952800572,,0.0013931869762018323,-0.5954598553944379,0.6153393742861226,-1.2107992296805605,-1.2107992296805605,0.0,1.2107992296805605,1.2107992296805605,0.9339870711555704,1.0,43.62811062733332,2026-05-15,2026-08-28,one-sided/negligible,0.0031247084261849523,1.2269261240618192,live
ARCADI_SOUTH_1_1,12,12,0.0,-0.010646499693393707,,0.00026299836463294923,,,,0.00026299836463294923,-0.029122363848728128,1.1808946998789907,-1.2100170637277188,-1.2100170637277188,0.0,1.2100170637277188,0.0424060422956245,0.0,,8.97524993121624,2024-07-18,2026-02-20,one-sided/negligible,0.010909498058026657,1.1749856603388895,no bind since Mar-2026
JCKVL_02_A,5,2,1.2,0.038970500230789185,0.04940955340862274,-0.0027723535895347595,0.009415260516107082,,,-0.0027723535895347595,-0.1713039146270603,-1.3810738480339446,1.2097699334068843,0.3606757565867156,0.8490941768201687,1.2097699334068843,1.2097699334068843,0.0,,4.3260000348091125,2026-02-12,2026-02-12,one-sided/negligible,-0.041742853820323944,0.36115917415950616,no bind since Mar-2026
2270__A,8,8,0.0,0.000771624967455864,,0.0003766680893022567,,,,0.0003766680893022567,-1.1291612526401877,-2.311659323051572,1.182498070411384,1.182498070411384,0.0,1.182498070411384,0.0,0.0,,374.24350357055664,2024-08-15,2024-08-15,one-sided/negligible,-0.00039495687815360725,1.1824803667159633,no bind since Mar-2026
353T353_1,76,74,0.4,0.005270513705909252,0.00792416650801897,0.004814615473151207,0.008139589801430702,0.004590007942169905,,0.004498844966292381,-3.838298679649597,-4.1565719459710335,0.31827326632143615,0.3215210725029465,-0.003247806181510292,1.1820191304917294,1.120318409142783,1.1147404200164601,1.0,10.632378287109974,2024-07-17,2026-09-09,one-sided/negligible,-0.0006805057637393475,0.5354192082910216,live
PEARSALL_69_4,29,26,0.6,0.0015807306626811624,0.0030525000765919685,0.00033192444243468344,0.0013607461005449295,0.0001607857266208157,,0.0003473745018709451,-0.13150366467501345,-0.6712464104833391,0.5397427458083257,0.5355007284961175,0.0042420173122081906,1.181907023419626,0.8645239651377779,0.8565828673017677,0.7777777777777778,14.517884699197916,2025-03-25,2026-09-01,one-sided/negligible,-0.0014199449360603467,0.5359795183842858,live
950__B,71,70,0.1,0.0004961774684488773,0.004000000189989805,0.0006502085598185658,0.004267773125320673,0.0033917599357664585,,0.0006642430671490729,0.38844894485676695,0.1884284531018543,0.20002049175491265,0.2781209346412652,-0.07810044288635254,1.1759727052249218,1.17361880460885,0.0646044333698228,1.0,95.91892910184605,2025-01-06,2026-09-09,one-sided/negligible,0.002895582467317581,19.441881857382846,live
138_FTS_LNC_1,4120,3925,86.2,0.0007412944687530398,0.0013761764857918024,0.0004932609153911471,0.0010969028808176517,0.00036385783459991217,0.0005121388239786029,0.0004907006514258683,-2.250143632977405,-3.3383203781678836,1.0881767451904782,0.738352715236573,0.34982402995390527,1.1749062660574598,0.9870168384993457,0.28339348237170486,0.9696157283288651,0.6395959240577783,2024-07-03,2026-09-13,one-sided/negligible,-0.00037743663415312767,0.9475222112181272,live
EU_WT_81_A,5,5,0.0,0.017353199422359467,,-0.0035603984724730253,,,,-0.0035603984724730253,0.20766918174922466,-0.9661515783518553,1.17382076010108,1.17382076010108,0.0,1.17382076010108,1.17382076010108,0.0,,11.466200041770936,2026-01-20,2026-01-22,one-sided/negligible,-0.020913597894832492,1.1989974852765444,no bind since Mar-2026
U1_M4BTP_1,1,1,0.0,0.02965099923312664,,0.018443064764142036,,,,0.018443064764142036,-1.9200890064239502,-3.0869359970092773,1.1668469905853271,1.1668469905853271,0.0,1.1668469905853271,0.0,0.0,,104.10900115966797,2025-04-07,2025-04-07,same-sign,-0.011207934468984604,1.1668468626290007,no bind since Mar-2026
HOLLY4_SOUTH_1_1,36,34,0.2,0.013357117772102356,0.011524999514222145,-0.00037789702764712274,-0.0013953325105831027,,,-0.00037789702764712274,0.053185235844466654,-1.1079642051481642,1.1611494409926308,0.8911276708431615,0.2700217701494694,1.1611494409926308,0.16887735137424897,0.0,,1.9604117653387434,2024-08-18,2026-03-23,one-sided/negligible,-0.013735014799749479,0.9154936767580418,faded (<25% in last 12m)
NORTMC_AT2H,84,82,0.7,0.009320992976427078,0.021040000021457672,0.0071549066342413425,0.0195162296295166,,,0.0071549066342413425,-3.4601063957161386,-4.580895504771736,1.120789109055598,1.0992170152658218,0.021572093789776148,1.15850136839011,1.15850136839011,0.0,,4.870902442120629,2025-12-21,2026-02-27,same-sign,-0.0021660863421857357,0.8651652108277246,no bind since Mar-2026
CKT_3131_1,17,17,0.0,0.004371999762952328,,0.06910044699907303,,0.1023026704788208,,0.06542521715164185,-1.216957672208082,-0.07535991995973745,-1.1415977522483445,-1.1415977522483445,0.0,1.1415977522483445,0.3205637214705348,0.3205637214705348,1.0,1.0310588370570366,2025-08-13,2026-07-14,one-sided/negligible,0.09793067071586847,1.716528818828822,live
HR_NS_91_A,14,14,0.0,-0.0026084999553859234,,-0.006585744675248861,,,,-0.006585744675248861,0.39471802581101656,0.33262026379816234,0.06209776201285422,0.06209776201285422,0.0,1.1410265208687633,0.6015621414408088,0.0,,13.533999919891357,2025-04-04,2026-03-23,one-sided/negligible,-0.003977244719862938,0.7535924160801866,live
153__A,6,6,0.0,-0.18891750276088715,,-0.2021813988685608,,,,-0.2021813988685608,17.559721023309976,16.422460137167946,1.1372608861420304,1.1372608861420304,0.0,1.1372608861420304,0.5926179885864258,0.0,,13.805333679852387,2024-10-01,2025-10-23,same-sign,-0.013263896107673645,1.0986750699679797,no bind since Mar-2026
LON_HI_SERDEV4_1,3,2,0.3,0.051456499844789505,0.027022499591112137,-0.004988815635442734,0.006609510164707899,,,-0.004988815635442734,0.011982863148053496,-1.1214493215084076,1.133432184656461,0.9198350124061108,0.21359717225035033,1.133432184656461,1.133432184656461,0.0,,8.13949990272522,2026-02-24,2026-03-31,one-sided/negligible,-0.05644531548023224,0.9188732797212893,live
POESTA_TYNAN1_1,15,15,0.0,-0.00518013397231698,,-7.461351924575865e-05,,-0.00017299999308306724,,-7.947262929519638e-05,-0.015980189477488693,0.02602075831964612,-0.04200094779713481,-0.04200094779713481,0.0,1.127758685208903,0.07322615431621671,0.07322615431621671,1.0,11.680533248186112,2025-01-17,2026-09-10,one-sided/negligible,0.005007133979233913,0.8772899238384623,faded (<25% in last 12m)
245__A,62,8,31.2,-0.018686417490243912,-0.00022904580691829324,-0.04806429147720337,-0.0018843384459614754,,,-0.04806429147720337,1.4639941266423193,0.34584264485996136,1.1181514817823577,0.2944890893995762,0.8236623923827815,1.118151486380763,0.0,0.0,,1.262499999254942,2024-07-03,2025-02-17,same-sign,-0.029377873986959457,0.29671652709318475,no bind since Mar-2026
31T106_1,60,60,0.0,0.002099120058119297,,0.0001400835026288405,,0.000942857121117413,,0.0001481205108575523,-0.21734162135817314,-1.214059685858956,0.9967180645007829,0.9967180645007829,0.0,1.113800901887771,0.4809310743585229,0.4809310743585229,1.0,8.944933346969385,2024-10-15,2026-08-20,one-sided/negligible,-0.001156262937001884,0.6205616941831748,live
194T172_1,3,3,0.0,0.007207999471575022,,0.01936499960720539,,0.01936499960720539,,0.01525481790304184,-1.7616146057844162,-0.6557045355439186,-1.1059100702404976,-1.1059100702404976,0.0,1.1059100702404976,1.1059100702404976,1.1059100702404976,1.0,30.322999636332195,2026-09-09,2026-09-09,same-sign,0.01215700013563037,1.1059101320748304,live
6500__B,110,110,0.0,-0.002307072514668107,,-0.0013709954218938947,,,,-0.0013709954218938947,1.4171225308195972,2.514998167599515,-1.0978756367799178,-1.0978756367799178,0.0,1.0978756367799178,0.004843349342991132,0.0,,6.727236358304931,2024-08-10,2025-11-05,one-sided/negligible,0.0009360770927742124,0.6926933037955766,no bind since Mar-2026
FORMOS_LOLITA1_1,36,21,10.0,-0.003291904926300049,-0.006972535513341427,-0.0006837609689682722,-0.005061424802988768,,,-0.0006837609689682722,0.6592801461326113,0.525782511763585,0.1334976343690262,0.2454023508762475,-0.11190471650722125,1.0913278863202627,0.17204199024126865,0.0,,2.01742855991636,2024-08-02,2026-04-08,one-sided/negligible,0.0026081439573317766,0.11049662626578247,faded (<25% in last 12m)
TYGND_MR1L,95,95,0.0,-0.002651925664395094,,-0.003554274793714285,,0.0023004841059446335,,-0.003541167126968503,3.457158912351588,2.5782813133555464,0.8788775989960413,0.8788775989960413,0.0,1.0844810087874066,1.0844810087874066,0.1017148697283119,1.0,8.704421066139874,2025-11-10,2026-08-27,one-sided/negligible,0.004952409770339727,4.095246693644696,live
NCARBIDE_69A2,12,12,0.0,0.008632666431367397,,-0.003525083651766181,,,,-0.003525083651766181,0.3231909554451704,-0.7547867195680737,1.0779776750132442,1.0779776750132442,0.0,1.0779776750132442,1.0441013593226671,0.0,,7.9470833738644915,2025-09-05,2025-11-28,one-sided/negligible,-0.012157750083133578,1.159423842591246,no bind since Mar-2026
FRPHIL_MASN1_1,31,31,0.0,-0.0038906452246010303,,-0.002553942147642374,,,,-0.002553942147642374,2.01916885888204,3.082000111695379,-1.0628312528133392,-1.0628312528133392,0.0,1.0628312528133392,0.0,0.0,,25.567032271815883,2024-11-24,2024-11-27,one-sided/negligible,0.0013367030769586563,1.0594414518995643,no bind since Mar-2026
LKWHITNY_IAT1,170,170,0.0,0.0010004118084907532,,0.0014311480335891247,,0.001273333327844739,,0.0014317469904199243,-3.685680186914851,-2.642306770256255,-1.0433734166585964,-1.0433734166585964,0.0,1.0433734166585964,0.0028577152734214906,0.0028171706580906175,1.0,16.086582404648993,2024-08-09,2026-09-09,one-sided/negligible,0.0002729215193539858,0.7463636668852826,faded (<25% in last 12m)
BANDER_AT2,67,67,0.0,-0.0027373279444873333,,-0.00037334306398406625,,-0.00036326420377008617,,-0.00039763926179148257,0.17071989161968304,1.2130782452386484,-1.0423583536189653,-1.0423583536189653,0.0,1.0423583536189653,0.8086285846088686,0.3307668594657116,1.0,6.539820942881781,2024-07-08,2026-09-13,one-sided/negligible,0.002374063740717247,1.0402387686756873,live
AIR_W_DE_1,4,3,0.5,-0.002555333310738206,0.0034649998415261507,-0.008350037969648838,-0.002083038678392768,,,-0.008350037969648838,0.9943562410771847,-0.03296745692690212,1.0273236980040867,0.5721918493509293,0.45513184865315753,1.0273236980040867,1.0273236980040867,0.0,,32.91366704305013,2026-01-14,2026-01-14,one-sided/negligible,-0.005794704658910632,0.5721749392685878,no bind since Mar-2026
NAV_ASPIR__C,13,13,0.0,-0.022136615589261055,,-0.03994261473417282,,-0.03994261473417282,,-0.04100693762302399,2.1514041628688574,1.1248926520347595,1.0265115108340979,1.0265115108340979,0.0,1.0265115108340979,1.0265115108340979,1.0265115108340979,1.0,4.343846146876995,2026-06-25,2026-06-25,same-sign,-0.017805999144911766,1.0055047700999606,live
ROMNEY1_28,13,13,0.0,-0.022136615589261055,,-0.03994261473417282,,-0.03994261473417282,,-0.04100693762302399,2.1514041628688574,1.1248926520347595,1.0265115108340979,1.0265115108340979,0.0,1.0265115108340979,1.0265115108340979,1.0265115108340979,1.0,4.343846146876995,2026-06-25,2026-06-25,same-sign,-0.017805999144911766,1.0055047700999606,live
CNRSW_MR2L,71,71,0.0,0.010815718211233616,,0.01062850747257471,,,,0.01062850747257471,-4.0845074446406215,-4.814344725571573,0.7298372809309512,0.7298372809309512,0.0,1.0175293241627514,1.0175293241627514,0.0,,8.582718308228003,2025-09-22,2025-10-10,same-sign,-0.00018721073865890503,0.11408116942711173,no bind since Mar-2026
W_DENT_T2H,37,34,1.1,-0.008579058572649956,0.005572142545133829,-0.012744502164423466,0.0012123935157433152,-0.006308199372142553,,-0.012761703692376614,2.2958074250491336,1.2830455321430538,1.0127618929060798,0.7452864128863439,0.2674754800197358,1.0127618929060798,1.0127618929060798,0.052465404849499464,1.0,5.4054411938961815,2025-10-11,2026-08-04,same-sign,0.0022708592005074024,0.4173498595106693,live
LON_HI_SERDEV1_1,2,0,0.6,,0.03025166690349579,,0.00677433330565691,,,,-0.28529349714517593,-1.283911883831024,0.9986183866858481,0.0,0.9986183866858481,0.9986183866858481,0.9986183866858481,0.0,,,2026-04-01,2026-04-01,one-sided/negligible,,,live
1225__A,45,38,2.7,0.002315184101462364,0.006028412375599146,-0.005132012069225311,-0.005665262695401907,-0.005030899774283171,,-0.005267313215881586,0.5180042260544724,-0.4428778723328529,0.9608820983873253,0.6320431128042401,0.3288389855830852,0.9914683591074814,0.15978943036073662,0.0500556321348995,1.0,1.6791052503119175,2024-07-19,2026-06-21,one-sided/negligible,-0.007346083875745535,0.4687242241898498,faded (<25% in last 12m)
ABNTHWST_69T2,223,223,0.0,0.0004684663435909897,,0.00036177533911541104,,,,0.00036177533911541104,-2.971702092276246,-3.831700403276045,0.8599983109997993,0.8599983109997993,0.0,0.9880560307319683,0.002665089850779623,0.0,,37.87629578035375,2025-07-31,2025-09-22,one-sided/negligible,-0.00010669100447557867,0.9011563895042742,no bind since Mar-2026
6052__C,20,16,1.0,0.019164562225341797,0.00380062498152256,0.011577249504625797,-0.0035731252282857895,0.011577249504625797,-0.0035731252282857895,0.011288082227110863,-0.30985025083646184,-1.2958050454035401,0.9859547945670784,0.3902786821126938,0.5956761124543846,0.9859547945670784,0.9859547945670784,0.9859547945670784,1.0,3.153687523677945,2026-07-08,2026-08-17,same-sign,-0.007587312720716,0.38284821544904024,live
TYGND_MR1H,65,65,0.0,-0.004735784139484167,,-0.006254140753298998,,0.002452000044286251,,-0.006253513973206282,3.98813270314713,3.0090234992676415,0.9791092038794886,0.9791092038794886,0.0,0.9842459617357235,0.9842459617357235,0.0014815437607467175,1.0,9.204753861289758,2025-11-10,2026-07-23,one-sided/negligible,0.007187784183770418,4.300515974279083,live
HOPWRN84_A,14,10,2.6,0.006545399781316519,-9.270833106711507e-05,0.007682115770876408,0.0009528434020467103,,,0.007682115770876408,-3.068154133313025,-2.1502011227130424,-0.9179530105999826,-0.4603731296956539,-0.45757988090432866,0.9638907871655343,0.47338878358520253,0.0,,32.65289997458458,2024-12-02,2025-10-02,same-sign,0.0011367159895598888,0.37117073506609977,no bind since Mar-2026
924T214_1,25,25,0.0,-0.007808119524270296,,-0.004811909515410662,,,,-0.004811909515410662,1.4764995101140812,2.3719845276791602,-0.895485017565079,-0.895485017565079,0.0,0.9594815593445674,0.475162863265723,0.0,,9.176879995465278,2024-09-11,2026-04-25,one-sided/negligible,0.0029962100088596344,0.6873964923129205,live
SOUTHA_VINSON1_1,471,471,0.0,0.0026191347278654575,,0.0018766192952170968,,,,0.0018766192952170968,-2.3226820535255683,-3.245741516222779,0.9230594626972106,0.9230594626972106,0.0,0.9571868954446927,0.0025225578119716374,0.0,,2.469401272105235,2024-07-03,2025-09-15,one-sided/negligible,-0.0007425154326483607,0.8636107889055662,no bind since Mar-2026
921T163_1,2,0,0.7,,0.0070500001311302185,,0.007457500323653221,,0.007457500323653221,,-17.400832176208496,-16.449999014536537,-0.950833161671957,0.0,-0.950833161671957,0.950833161671957,0.950833161671957,0.950833161671957,1.0,,2026-07-22,2026-07-22,one-sided/negligible,,,live
NAV_ASPIR__B,12,12,0.0,-0.021997416391968727,,-0.0399065837264061,,-0.0399065837264061,,-0.04097487032413483,1.956029525026679,1.0096905753016472,0.9463389497250319,0.9463389497250319,0.0,0.9463389497250319,0.9463389497250319,0.9463389497250319,1.0,4.302583307027817,2026-06-25,2026-06-25,same-sign,-0.01790916733443737,0.9246682129910171,live
AGN_WTH_1,25,22,2.3,-0.002985999919474125,0.0013942676596343517,-0.004388419911265373,0.0005735316663049161,,,-0.004388419911265373,2.0812201796798036,1.1360930860294807,0.9451270936503231,0.5731864893168677,0.3719406043334554,0.9451270936503231,0.9451270936503231,0.0,,27.040681935846806,2025-10-14,2026-05-13,one-sided/negligible,-0.0014024199917912483,0.8342926446470007,live
ESTES_PECAN_1_1,887,887,0.0,0.001356035005301237,,0.0009714441257528961,,,,0.0009714441257528961,-1.6754885667597819,-2.384835483633765,0.709346916873983,0.709346916873983,0.0,0.9414278884205487,3.129915421595797e-05,0.0,,1.6199954889745956,2024-07-03,2025-09-14,one-sided/negligible,-0.00038459087954834104,0.5526324796025779,no bind since Mar-2026
77T121_1,4,3,0.4,-0.01610100083053112,0.010665999725461006,-0.006334166973829269,0.003455366939306259,,,-0.006334166973829269,-0.04375269574423629,-0.23246323813994718,0.18871054239571095,-0.37618731521070004,0.564897857606411,0.941085172817111,0.0,0.0,,12.078667004903158,2024-08-22,2024-10-23,same-sign,0.009766833856701851,0.3539110015419471,no bind since Mar-2026
1520__C,962,942,6.3,-0.0047185225412249565,0.0016733839875087142,-0.00575874000787735,0.0016048323595896363,-0.005831397138535976,,-0.005826832260936499,4.206766723537839,3.2709444942750756,0.9358222292627639,0.8183836107227762,0.11743861853998774,0.9358222311642141,0.7722875712452151,0.4468124164195615,1.0,0.8030934171556374,2025-07-22,2026-09-13,one-sided/negligible,-0.00111287459731102,0.8419052119534387,live
CKT_3120_1,6,6,0.0,0.027765780687332153,,0.10848983377218246,,,,0.10848983377218246,-1.2472123550251126,-0.3180761191761121,-0.9291362358490005,-0.9291362358490005,0.0,0.9291362358490005,0.0,0.0,,1.8378333151340485,2025-07-02,2025-07-07,same-sign,0.08072405308485031,0.8901441245519242,no bind since Mar-2026
6470__H,85,84,0.5,-0.0018078095745295286,0.0031350001227110624,-0.0008739582262933254,0.00451235705986619,,,-0.0008739582262933254,0.4248538289290688,1.3399979698600268,-0.915144140930958,-0.784541696719316,-0.13060244421164197,0.9258866092247142,0.23001375326809165,0.0,,11.349654724998842,2024-07-28,2026-04-21,one-sided/negligible,0.0009338513482362032,0.8903067908242672,faded (<25% in last 12m)
SKYLINE_MR4H,26,26,0.0,0.031431153416633606,,0.007348349317908287,,,,0.007348349317908287,-0.30850342849043955,-1.2327610261563677,0.9242575976659282,0.9242575976659282,0.0,0.9242575976659282,0.0,0.0,,1.5491923016424363,2024-12-12,2025-02-28,same-sign,-0.02408280409872532,0.9700312625044125,no bind since Mar-2026
SKYLINE_MR4L,26,26,0.0,0.031431153416633606,,0.007348349317908287,,,,0.007348349317908287,-0.30849575625506986,-1.2327303148631472,0.9242345586080774,0.9242345586080774,0.0,0.9242345586080774,0.0,0.0,,1.549153842891638,2024-12-12,2025-02-28,same-sign,-0.02408280409872532,0.9700071814458173,no bind since Mar-2026
ESTES_SOLANU1_1,351,351,0.0,0.0029349487740546465,,0.002181371906772256,,0.0021912369411438704,,0.002144142519682646,-2.593976213692997,-3.5140423345013687,0.9200661208083716,0.9200661208083716,0.0,0.9200661208083716,0.9200661208083716,0.9115576117833939,0.9885714285714285,3.201629613483712,2026-04-16,2026-09-13,one-sided/negligible,-0.0007437118329107761,0.8357625296790323,live
REDCREEK_T1L,11,11,0.0,-0.011044453829526901,,0.002025141380727291,,,,0.002025141380727291,-0.14431579016672913,0.7669035013823304,-0.9112192915490596,-0.9112192915490596,0.0,0.9112192915490596,0.0,0.0,,5.833999963646585,2025-05-06,2025-05-07,one-sided/negligible,0.013069595210254192,0.8387281977964839,no bind since Mar-2026
REDCREEK_T1H,11,11,0.0,-0.011044453829526901,,0.002025141380727291,,,,0.002025141380727291,-0.14431348421203438,0.7668913122324739,-0.9112047964445082,-0.9112047964445082,0.0,0.9112047964445082,0.0,0.0,,5.833909104493531,2025-05-06,2025-05-07,one-sided/negligible,0.013069595210254192,0.8387151353806168,no bind since Mar-2026
15130__A,40,40,0.0,0.005366775207221508,,0.0030939183197915554,,0.0025603892281651497,,0.003035723464563489,-1.235557338804938,-2.146300541702658,0.91074320289772,0.91074320289772,0.0,0.91074320289772,0.91074320289772,0.7600318341283128,1.0,10.310299926996231,2026-05-13,2026-08-19,one-sided/negligible,-0.0028063859790563583,1.1573872461995207,live
SACH_69T1,63,63,0.0,0.0010490476852282882,,0.0007625374128110707,,0.0008287500240840018,,0.0007430747500620782,-2.1729971464228583,-2.9883219228941016,0.8153247764712432,0.8153247764712432,0.0,0.9056693379679928,0.9056693379679928,0.860497057219618,1.0,45.65115887021262,2026-01-19,2026-07-22,one-sided/negligible,-0.0002202976611442864,0.6335811422409473,live
388T388_1,51,31,10.4,-0.042867351323366165,-0.029626969248056412,-0.04075264558196068,-0.02637770213186741,-0.03954499959945679,,-0.04030892252922058,7.191048957854036,7.69539614610585,-0.5043471882518131,-0.013672168366611004,-0.4906750198852021,0.9015197660686075,0.16970737495770058,0.014373875223100185,1.0,2.0649677390052426,2024-09-17,2026-06-10,same-sign,0.003322351723909378,0.21267702295254087,faded (<25% in last 12m)
KARNES_LYSSY1_1,9,9,0.0,0.008815111592411995,,-0.001901504467241466,,,,-0.001901504467241466,0.16009302425663918,-0.7370895999483764,0.8971826242050156,0.8971826242050156,0.0,0.8971826242050156,0.8971826242050156,0.0,,8.91444444656372,2025-09-20,2025-11-14,one-sided/negligible,-0.010716616059653461,0.8597941066704005,no bind since Mar-2026
LYSSY_PLEASA1_1,14,14,0.0,0.009196286089718342,,0.0006172172725200653,,,,0.0006172172725200653,-0.23837540816748515,-1.1309341369196773,0.8925587287521921,0.8925587287521921,0.0,0.8925587287521921,0.7196737792692147,0.0,,10.208142855337687,2025-08-31,2025-11-09,one-sided/negligible,-0.008579068817198277,1.226069040724261,no bind since Mar-2026
FLATON_AT3,5,0,2.0,,-0.0007580833625979722,,0.0012299127411097288,,,,-0.6621501514917442,0.22703487848275472,-0.8891850299744987,0.0,-0.8891850299744987,0.889185030052147,0.0,0.0,,,2025-02-20,2025-03-04,one-sided/negligible,,,no bind since Mar-2026
GIBC_KEISW_1,17,15,0.8,0.004172066692262888,0.0007675000233575702,0.015510352328419685,0.016187645494937897,0.017407000064849854,,0.015652604401111603,-1.0065006031072699,-0.11900818253828521,-0.8874924205689847,-0.2788238812063355,-0.6086685393626491,0.8874924205689847,0.8617619550301848,0.013730688020586967,1.0,1.615733341127634,2025-01-09,2026-07-28,one-sided/negligible,0.013234933372586966,0.32076184676537345,live
LON_HILL_69A2,48,48,0.0,0.008556812070310116,,-0.00018775735225062817,,-0.0002229999954579398,,-0.00018721404194366187,0.011782219519432147,-0.8646740116746514,0.8764562311940836,0.8764562311940836,0.0,0.8764562311940836,0.8719357149917641,0.004805699754797388,1.0,2.066541678699044,2025-03-19,2026-08-06,one-sided/negligible,-0.008779812065768056,0.870904683122613,live
560__B,65,16,25.0,0.0006094375276006758,0.00014966203889343888,-0.00030894839437678456,-0.0007884430233389139,,,-0.00030894839437678456,0.6278914725477684,-0.24314992581518405,0.8710413983629526,0.0508356716891285,0.8202057266738241,0.8710413983629526,0.0,0.0,,3.457500010728836,2024-10-28,2025-04-28,one-sided/negligible,-0.0009183859219774604,0.0508051093614445,no bind since Mar-2026
LEARY__LONETR1_1,7,7,0.0,0.01739414408802986,,0.0031627952121198177,,,,0.0031627952121198177,-0.19088798016309738,-1.0541766099631786,0.8632886298000813,0.8632886298000813,0.0,0.8632886298000813,0.8632886298000813,0.0,,8.608000005994525,2026-02-10,2026-02-10,one-sided/negligible,-0.014231348875910044,0.8575241584640068,no bind since Mar-2026
6040__A,5,5,0.0,0.03311619907617569,,0.018773768097162247,,,,0.018773768097162247,-1.432313034310937,-2.2917244471609592,0.8594114128500223,0.8594114128500223,0.0,0.8594114128500223,0.0,0.0,,11.370799922943116,2025-03-17,2025-05-13,same-sign,-0.014342430979013443,0.8154245653549151,no bind since Mar-2026
ALICE_SAN_DI1_1,9,9,0.0,0.003649777499958873,,0.00025966271641664207,,,,0.00025966271641664207,-0.014914370691258227,-0.6562974872067571,0.6413831165154988,0.6413831165154988,0.0,0.8567755663789285,0.8567755663789285,0.017311640083789825,0.0,6.131333284907871,2025-10-20,2026-09-08,one-sided/negligible,-0.0033901147835422307,0.1870733125079165,live
W_DENT_T2L,43,43,0.0,-0.007730674464255571,,-0.011353280395269394,,-0.006172785069793463,,-0.011393476277589798,2.7319040467918967,1.8925333472070633,0.8393706995848333,0.8393706995848333,0.0,0.8393706995848333,0.8393706995848333,0.1465552645822754,1.0,5.635069782975628,2025-10-11,2026-09-12,same-sign,0.0015578893944621086,0.37748906443392,live
1852__B,18,18,0.0,0.008134166710078716,,0.01054451521486044,,,,0.01054451521486044,-3.4619604786857963,-2.623120167758316,-0.8388403109274805,-0.8388403109274805,0.0,0.8388403109274805,0.8388403109274805,0.0,,18.42005555662844,2025-09-23,2025-10-09,same-sign,0.002410348504781723,0.7991775606404814,no bind since Mar-2026
6625__G,53,53,0.0,0.0010971351293846965,,0.0006322295521385968,,,,0.0006322295521385968,-1.2301191233018471,-2.0594738218642306,0.8293546985623834,0.8293546985623834,0.0,0.8293546985623834,0.0,0.0,,32.3357172318787,2024-11-15,2024-12-03,one-sided/negligible,-0.0004649055772460997,0.7967519301237206,no bind since Mar-2026
715__A,16,16,0.0,-0.00642549991607666,,-0.008527289144694805,,,,-0.008527289144694805,3.586098635569215,2.7587633915245533,0.8273352440446615,0.8273352440446615,0.0,0.8273352440446615,0.7569598890841007,0.0,,26.452187687158585,2024-12-13,2025-12-02,same-sign,-0.002101789228618145,0.889550770468087,no bind since Mar-2026
CRD_WCTSW_1,17,16,0.1,-0.00728581240400672,0.0026100000832229853,-0.0062172869220376015,0.0038180709816515446,-0.00353639991953969,,-0.006201283074915409,4.888977476764315,5.71233636274701,-0.8233588859826947,-0.8232981935143471,-6.069246834764877e-05,0.8233588859826947,0.06132747609323511,0.061266783624887466,1.0,44.30193793773651,2025-08-18,2026-07-05,one-sided/negligible,0.0037494124844670296,2.657699827037325,faded (<25% in last 12m)
ALICE_STADIU1_1,43,43,0.0,0.0037701393011957407,,-0.0004109285364393145,,-0.0003717778017744422,,-0.0004183048731647432,0.08929760781757068,-0.7236312120512594,0.81292881986883,0.81292881986883,0.0,0.81292881986883,0.81292881986883,0.10760318700340576,1.0,4.942023235005002,2025-10-30,2026-08-15,one-sided/negligible,-0.004141917102970183,0.8801863740947596,live
3590__C,2,1,0.4,-0.009895999915897846,0.0167820006608963,-0.00943964533507824,0.01917281188070774,,,-0.00943964533507824,-6.4906589811046915,-5.678549683342377,-0.8121092977623148,-0.0018130950629711151,-0.8102962026993437,0.8121092977623148,0.8121092977623148,0.0,,3.9730000495910645,2025-09-22,2025-12-09,same-sign,0.0004563545808196068,0.0018130967722274072,no bind since Mar-2026
QABSRB06_A,14,14,0.0,-0.009780215099453926,,-0.02448110282421112,,,,-0.02448110282421112,1.3507078560069203,0.5399050014093518,0.8108028545975685,0.8108028545975685,0.0,0.8108028545975685,0.8108028545975685,0.0,,3.9441429121153697,2026-03-24,2026-03-25,same-sign,-0.014700887724757195,0.811753629699669,live
EQUIST_LON_HI1_1,358,358,0.0,-0.0017722941702231765,,-0.00020896302885375917,,-0.0002584999892860651,,-0.0002093136718031019,0.08035991408178234,0.5853484610049691,-0.5049885469231867,-0.5049885469231867,0.0,0.8062136676301179,0.22510258815282214,0.0013418866633401194,0.4,1.0949078228122389,2024-07-08,2026-08-10,one-sided/negligible,0.0015137941809371114,0.5933725025191766,live
CEDCAN_TWLVML2_1,15,15,0.0,0.022775601595640182,,0.0024836810771375895,,,,0.0024836810771375895,0.12418403918854892,-0.6750786097254604,0.7992626489140093,0.7992626489140093,0.0,0.7992626489140093,0.0,0.0,,2.53233331789573,2025-05-03,2025-05-28,one-sided/negligible,-0.020291920518502593,0.7707885961964417,no bind since Mar-2026
FORSW_MR3H,32,25,4.2,0.012704279273748398,0.006724958773702383,0.015946712344884872,0.008844726718962193,,,0.015946712344884872,-3.473384225702224,-2.724292421820185,-0.7490918038820382,-0.4188079845334869,-0.33028381934855133,0.7963962998182978,0.6144652673295544,0.0,,5.580680089443922,2024-09-20,2026-01-20,same-sign,0.0032424330711364746,0.45237454203614574,no bind since Mar-2026
6175__A,14,14,0.0,0.0015599998878315091,,0.0008543923613615334,,,,0.0008543923613615334,-1.1103276544890832,-1.9021480691153556,0.7918204146262724,0.7918204146262724,0.0,0.7918204146262724,0.7779430467635393,0.0,,93.07707152622086,2024-10-24,2026-04-08,one-sided/negligible,-0.0007056075264699757,0.9194623509495999,live
ATSO_OZNC1_1,6,0,2.4,,0.0006773232598789036,,0.0007591955363750458,,,,-0.5752001658547669,-0.7933494473303045,0.21814928147553772,0.0,0.21814928147553772,0.7847499679191969,0.28330034322182956,0.0,,,2025-04-06,2026-04-14,one-sided/negligible,,,live
OAKC_PERSHI1_1,77,77,0.0,0.003422441426664591,,0.002362545346841216,,0.002362545346841216,,0.002293177181854844,-1.7079281881160568,-2.4823737783299293,0.7744455902138725,0.7744455902138725,0.0,0.7744455902138725,0.7744455902138725,0.7744455902138725,1.0,9.046194799050882,2026-07-05,2026-08-27,one-sided/negligible,-0.0010598960798233747,0.7382780331721127,live
HEARTL_KATEMC1_1,113,113,0.0,0.0009637167095206678,,0.0006316749495454133,,,,0.0006316749495454133,1.3100052147919996,1.765468347704882,-0.45546313291288243,-0.45546313291288243,0.0,0.7596321221453763,0.6179944462346612,0.0,,5.329026548014706,2025-04-08,2026-01-10,one-sided/negligible,-0.00033204175997525454,0.1999489069972154,no bind since Mar-2026
SCSES_MR1H,1748,1748,0.0,0.00021430847118608654,,0.00033248489489778876,,0.000992890098132193,,0.00034837142447941005,0.17545451657551325,0.2331971777280728,-0.05774266115255955,-0.05774266115255955,0.0,0.7521414649736187,0.7469312296932173,0.2930124587944647,1.0,1.1886853553011487,2024-09-04,2026-09-13,one-sided/negligible,0.0007785816269461066,1.6177540340946985,live
6685__A,195,163,14.2,-0.00015351841284427792,0.00031291964114643633,-6.572950223926455e-05,0.000446775637101382,-4.591980905388482e-05,0.00014000000373926014,-5.8749865274876356e-05,-17.764246076678013,-17.055444252167337,-0.7088018245106769,-0.14058906387890602,-0.568212760631771,0.7483719423953514,0.10684176126930348,0.08373460096633305,0.9304347826086956,11.04234361484007,2024-07-11,2026-09-06,one-sided/negligible,0.0001075986037903931,0.19366694315148025,faded (<25% in last 12m)
608T608_1,103,103,0.0,0.0025281552225351334,,0.0066165803000330925,,,,0.0066165803000330925,-1.204785065863689,-0.4617450231799012,-0.7430400426837878,-0.7430400426837878,0.0,0.7430400426837878,0.0,0.0,,1.7821262096714916,2024-07-17,2025-08-29,one-sided/negligible,0.004088425077497959,0.7504672171493932,no bind since Mar-2026
286T608_1,103,103,0.0,0.0025281552225351334,,0.0066165803000330925,,,,0.0066165803000330925,-1.204785065863689,-0.4617450231799012,-0.7430400426837878,-0.7430400426837878,0.0,0.7430400426837878,0.0,0.0,,1.7821262096714916,2024-07-17,2025-08-29,one-sided/negligible,0.004088425077497959,0.7504672171493932,no bind since Mar-2026
CE_RO_25_A,2,2,0.0,0.03766249865293503,,-0.02044152095913887,,,,-0.02044152095913887,0.2572731599211693,-0.4833023101091385,0.7405754700303078,0.7405754700303078,0.0,0.7405754700303078,0.7405754700303078,0.0,,6.4040000438690186,2026-02-10,2026-02-11,OPPOSING,-0.0581040196120739,0.7441962882893751,no bind since Mar-2026
6695__B,28,3,12.4,-0.000535666651558131,-1.0871109225263353e-05,-0.00029160731355659664,0.0001313162938458845,,0.0,-0.00029160731355659664,-6.430211413154514,-5.835113313582647,-0.5950980995718658,-0.004564352828310803,-0.5905337467435551,0.7353050729507233,0.664362040326523,0.007169093393410245,1.0,6.047666529814403,2024-09-27,2026-07-05,one-sided/negligible,0.00024405933800153434,0.004427968469161618,live
V3_W1_1,1,1,0.0,0.06027499958872795,,0.028808504343032837,,,,0.028808504343032837,-0.6710076928138733,-1.4039252996444702,0.7329176068305969,0.7329176068305969,0.0,0.7329176068305969,0.0,0.0,,23.29199981689453,2025-05-01,2025-05-01,same-sign,-0.031466495245695114,0.7329176015010432,no bind since Mar-2026
BV_FL_09_A,1,1,0.0,-0.002145000034943223,,-0.3061576783657074,,,,-0.3061576783657074,0.7338599562644958,0.0051415651105344296,0.7287183911539614,0.7287183911539614,0.0,0.7287183911539614,0.7287183911539614,0.0,,2.3970000743865967,2026-05-08,2026-05-08,one-sided/negligible,-0.3040126783307642,0.7287184125733102,live
WHTNY_MR2H,96,96,0.0,0.030005021020770073,,0.029500478878617287,,0.021128876134753227,,0.02949429117143154,-25.16163706604857,-24.650458991411142,-0.5111780746374279,-0.5111780746374279,0.0,0.7254000615794212,0.3656741318991408,0.07942973636090755,1.0,11.270489671286972,2024-10-31,2026-08-05,same-sign,-0.008876144886016846,9.603695928835155,live
B_DAVI_VALADE3_1,6,6,0.0,0.01682816632091999,,-0.0005070000188425183,,-0.0005070000188425183,,-0.0005596126429736614,0.02059278858359903,-0.7042132783681154,0.7248060669517145,0.7248060669517145,0.0,0.7248060669517145,0.7248060669517145,0.7248060669517145,1.0,6.897833317518234,2026-08-30,2026-09-05,one-sided/negligible,-0.01733516633976251,0.7174505276588068,live
JN_AT1L,10,9,0.1,0.01521433237940073,0.01551000028848648,-0.01255845371633768,-0.012350324541330338,,,-0.01255845371633768,0.3230550551088527,-0.3818134929557952,0.7048685480646478,0.6749934570980258,0.029875090966622032,0.7048685480646478,0.0,0.0,,2.7085555411047406,2024-10-07,2024-10-08,OPPOSING,-0.02777278609573841,0.6770172030437607,no bind since Mar-2026
ELDO_LVOK1_1,6,0,3.6,,0.00018122406618203968,,0.0006926946225576103,,,,-6.412429057682553,-5.935031539450089,-0.47739751823246446,0.0,-0.47739751823246446,0.6953817376246055,0.0,0.0,,,2024-12-20,2025-06-30,one-sided/negligible,,,no bind since Mar-2026
LCSES_MR1L,11,9,1.1,-0.007200777530670166,-0.0006249999860301614,0.007923581637442112,-0.0006249999860301614,,,0.007923581637442112,0.271866952937368,0.9669233971023156,-0.6950564441649476,-0.6950564441649476,0.0,0.6950564441649476,0.0,0.0,,5.746666659911473,2024-10-22,2024-11-11,OPPOSING,0.015124359168112278,0.7822318552552553,no bind since Mar-2026
NVARO_MR2H,3,0,1.5,,0.0004023076908197254,,0.0002704478392843157,,,,-1.4233229433496792,-2.1177290777365365,0.6944061343868574,0.0,0.6944061343868574,0.6944061343868574,0.0,0.0,,,2025-08-11,2025-08-11,one-sided/negligible,,,no bind since Mar-2026
2410__G,62,62,0.0,-0.0004934354801662266,,-0.000618179386947304,,,,-0.000618179386947304,3.5325450705713592,2.840263441292336,0.692281629279023,0.692281629279023,0.0,0.692281629279023,0.692281629279023,0.0,,90.502580496092,2026-04-11,2026-04-20,one-sided/negligible,-0.00012474390678107738,0.69995801882079,live
ADERHO_ELSA1_1,21,12,4.2,0.003680000314489007,-0.0003298147930763662,-0.0003158695180900395,-0.0003298147930763662,,,-0.0003158695180900395,0.6642675066383767,1.2243889524543192,-0.5601214458159424,-0.5601214465532394,7.372970289853953e-10,0.6877558459952221,0.687755845956417,0.0,,8.315999974186221,2024-10-23,2026-05-20,one-sided/negligible,-0.0039958698325790465,0.3987558410949462,live
LOPENO_ZAPATA1_1,4,4,0.0,0.08861300349235535,,0.0017223050817847252,,,,0.0017223050817847252,-0.01261492574121803,-0.6898480989038944,0.6772331731626764,0.6772331731626764,0.0,0.6772331731626764,0.44520612980704755,0.0,,1.9062499701976776,2025-07-02,2026-03-27,one-sided/negligible,-0.08689069841057062,0.6625415650224226,live
JN_AT1,9,9,0.0,0.01521433237940073,,-0.01255845371633768,,,,-0.01255845371633768,0.3098115959437564,-0.3651818611542694,0.6749934570980258,0.6749934570980258,0.0,0.6749934570980258,0.0,0.0,,2.7085555411047406,2024-10-07,2024-10-08,OPPOSING,-0.02777278609573841,0.6770172030437607,no bind since Mar-2026
403__A,163,141,10.8,0.001410673838108778,-0.00133873475715518,0.0018564563943073153,-0.000756212742999196,0.002910260809585452,-0.0003245027328375727,0.0018732560565695167,-0.9086123931259256,-0.23826003502047877,-0.6703523581054468,-0.3059894009020354,-0.36436295720341144,0.6703523581054468,0.4774305638032577,0.476382724159824,1.0,4.52918437141793,2024-09-18,2026-09-09,one-sided/negligible,0.001499586971476674,0.9576587283459678,live
WHTNY_HT1H,89,89,0.0,0.03075195662677288,,0.030158717185258865,,0.021111000329256058,,0.030157901346683502,-22.9784066156717,-22.532615482690744,-0.4457911329809576,-0.4457911329809576,0.0,0.6600131199229509,0.3002871902426705,0.014048755168914795,1.0,10.995707997801096,2024-10-31,2026-08-05,same-sign,-0.009640956297516823,9.434813483768036,live
6053__A,9,5,2.2,-0.005121899768710136,0.028957322239875793,-0.0005172938108444214,0.03153981268405914,,,-0.0005172938108444214,-7.496259458072018,-6.838536757898206,-0.657722700173812,-0.048019437526818365,-0.6097032626469936,0.657722700173812,0.6261127883529607,0.0,,2.243999993801117,2025-05-08,2025-10-24,one-sided/negligible,0.004604605957865715,0.05166367870453625,no bind since Mar-2026
KOCH_H_LON_HI1_1,17,9,2.8,0.0031503334175795317,0.0006834432133473456,-0.0007695790263824165,1.4886551070958376e-05,,,-0.0007695790263824165,0.5345431788106604,0.1536345684373827,0.38090861037327767,0.11886719370409082,0.26204141666918684,0.6469691488151359,0.3632458914071321,0.0,,3.2168888739413686,2024-11-05,2026-04-06,one-sided/negligible,-0.003919912443961948,0.11348930455024958,live
WHTNY_HT1L,90,88,0.3,0.03086872771382332,-0.0002275000006193295,0.030261533334851265,-0.0002275000006193295,,,0.030261533334851265,-22.295649456038518,-21.86389977665749,-0.4317496793810278,-0.4317496793810278,0.0,0.645971666323021,0.28624046163167804,0.0,,10.869329618819227,2024-10-16,2026-05-20,same-sign,-0.0006071943789720535,0.580782034601251,live
WHTNY_MR2L,93,88,4.2,0.03086872771382332,-0.00014233333058655262,0.030261533334851265,-0.00014233334513846785,,,0.030261533334851265,-22.46093203658286,-22.029192286402875,-0.431739750179986,-0.4317397552076727,5.027686711617588e-09,0.6459617471773527,0.28623581246938556,0.0,,10.869159182046793,2024-10-09,2026-05-20,same-sign,-0.0006071943789720535,0.580772927635234,live
GODDAR_TANGO1_1,1,0,0.1,,0.3831599950790405,,-0.0024596848525106907,,,,0.004103311958412329,-0.6391977469126383,0.6433010588710506,0.0,0.6433010588710506,0.6433010588710506,0.0,0.0,,,2024-10-30,2024-10-30,one-sided/negligible,,,no bind since Mar-2026
1781T479_1,8,8,0.0,0.011244874447584152,,,,,,,0.0,-0.6416859962046146,0.6416859962046146,0.6416859962046146,0.0,0.6416859962046146,0.0,0.0,,7.130999952554703,2025-04-29,2025-04-30,one-sided/negligible,,,no bind since Mar-2026
OB_ZEN99_A,1,1,0.0,-0.17622800171375275,,-0.259784072637558,,,,-0.259784072637558,1.98085355758667,1.3437385559082031,0.6371150016784668,0.6371150016784668,0.0,0.6371150016784668,0.0,0.0,,7.625,2024-11-02,2024-11-02,same-sign,-0.08355607092380524,0.6371150407940149,no bind since Mar-2026
GRAYBC_HARROL1_1,32,32,0.0,-0.0007111249724403024,,-0.00039482489228248596,,,,-0.00039482489228248596,1.0637444733438315,1.6977490835852223,-0.6340046102413908,-0.6340046102413908,0.0,0.6340046102413908,0.05108701344579458,0.0,,56.43853077944368,2025-05-01,2026-03-19,one-sided/negligible,0.0003163000801578164,0.5712483779048776,faded (<25% in last 12m)
ABNTHW_CALLAH1_1,111,111,0.0,-0.0017050764290615916,,-0.0010062945075333118,,-0.002013999968767166,,-0.0010057020699605346,0.6570769809059129,1.1191800625274482,-0.46210308162153524,-0.46210308162153524,0.0,0.6214422529610601,0.18148849729914218,0.00046968908281996846,1.0,3.79124324492741,2024-08-28,2026-07-14,one-sided/negligible,-0.0003089235397055745,0.13000367542496846,live
MOULSO_AT3,19,19,0.0,0.004170500207692385,,0.001654960447922349,,,,0.001654960447922349,-0.42012171269743703,-1.040549107012339,0.6204273943149019,0.6204273943149019,0.0,0.6204273943149019,0.5172465965151787,0.0,,14.326263150886485,2025-02-17,2025-11-13,one-sided/negligible,-0.0025155397597700357,0.6847274067346827,no bind since Mar-2026
POC_DENT_1,70,70,0.0,-0.003320685587823391,,-0.004692832939326763,,,,-0.004692832939326763,1.9339492074141162,1.315718978687073,0.6182302287270431,0.6182302287270431,0.0,0.6182302287270431,0.19798827727208845,0.0,,6.536400012485683,2024-09-17,2026-01-08,one-sided/negligible,-0.0013721473515033722,0.6278232775849187,no bind since Mar-2026
6940__D,304,304,0.0,0.0006183289806358516,,0.0004506555269472301,,0.0004258365370333195,,0.00044906861148774624,-1.4653002543718685,-2.079170516670274,0.6138702622984056,0.6138702622984056,0.0,0.6159700692069237,0.12787782802479342,0.09363156262406847,1.0,11.833552644833139,2024-07-04,2026-09-01,one-sided/negligible,-0.00019249244360253215,0.692472317391354,faded (<25% in last 12m)
PR_LA_1,22,22,0.0,0.009305295534431934,,-0.0001285298349102959,,-0.00014256249414756894,,-0.00014202433521859348,0.006300064643710357,-0.6095479017094476,0.615847966353158,0.615847966353158,0.0,0.615847966353158,0.615847966353158,0.615847966353158,0.7272727272727273,3.000545481727882,2026-07-14,2026-07-17,one-sided/negligible,-0.009447858028579503,0.6236720098325359,live
GP_SPE94_A,31,31,0.0,-0.0016133225290104747,,-0.002341893734410405,,,,-0.002341893734410405,2.5283148872185848,1.9386747886164812,0.5896400986021035,0.5896400986021035,0.0,0.613056614085508,0.613056614085508,0.0,,8.741290350775085,2025-11-12,2026-03-15,one-sided/negligible,-0.0007285712053999305,0.19742822587606454,live
FB_RBN01_A,3,3,0.0,,,-0.5407000184059143,,,,-0.5407000184059143,0.612613134086132,0.0,0.612613134086132,0.612613134086132,0.0,0.612613134086132,0.612613134086132,0.30333271622657776,0.0,0.3776666671037674,2026-05-30,2026-08-22,one-sided/negligible,,,live
GREENL_NCARBI1_1,5,0,3.4,,0.00029196430114097893,,0.0005423491820693016,,,,-1.2464048902814586,-0.6472292402759194,-0.5991756500055392,0.0,-0.5991756500055392,0.5991756500055392,0.5991756500055392,0.0,,,2026-01-26,2026-01-26,one-sided/negligible,,,no bind since Mar-2026
NCARBIDE_69A1,22,22,0.0,0.008355545811355114,,-0.003068365156650543,,-0.0019719998817890882,,-0.0030938731506466866,0.1747747248155065,-0.42157658853102475,0.5963513133465312,0.5963513133465312,0.0,0.5963513133465312,0.5754763441509567,0.038405831437557936,1.0,2.1939999840476294,2025-08-25,2026-09-02,one-sided/negligible,-0.010327545693144202,0.49848997189220995,live
45T267_1,43,41,0.7,-0.0006908049108460546,-0.0026650000363588333,-0.0002609934890642762,-0.0015839659608900547,,,-0.0002609934890642762,-0.45656883427000144,0.1390890822027965,-0.5956579164727979,-0.515649829103495,-0.08000808736930291,0.5957151193821725,0.0,0.0,,38.86190249661847,2024-09-11,2025-07-28,one-sided/negligible,0.00042981142178177834,0.6848348721738734,no bind since Mar-2026
SGVSW_MR2L,18,18,0.0,0.03547505661845207,,0.043728847056627274,,0.04393400251865387,,0.04412068799138069,-2.8195150476822164,-2.233154133129574,-0.5863609145526425,-0.5863609145526425,0.0,0.5863609145526425,0.4727335105781094,0.14775662302417913,1.0,3.254777761357319,2024-12-06,2026-09-05,same-sign,0.008458945900201797,0.4955758020090266,live
568__A,991,915,25.8,0.0008360174833796918,0.003344304393976927,0.001006034784950316,0.0034880724269896746,0.0009559838799759746,,0.0010078148916363716,-6.525727214156859,-5.951985384944085,-0.573741829212774,-0.3157716607349812,-0.2579701684777928,0.5829769283193402,0.010776513065138715,0.010368003639086965,1.0,1.9680065610161042,2024-07-04,2026-09-12,one-sided/negligible,0.00011996639659628272,0.21602660987669414,faded (<25% in last 12m)
CBY_AT3,204,204,0.0,0.0039434609934687614,,0.003473630640655756,,0.005971777718514204,,0.0035564724821597338,-1.7064156269275372,-1.961861656876863,0.25544602994932575,0.25544602994932575,0.0,0.5753397369212507,0.2917879419169367,0.1377364673176089,1.0,2.5223333200556226,2024-07-17,2026-08-28,one-sided/negligible,0.0020283167250454426,1.0436825352784767,live
6027_A_1,6,6,0.0,-0.046582162380218506,,-0.02985183335840702,,-0.02985183335840702,,-0.029177360236644745,1.0127234966494143,1.5790911177173257,-0.5663676210679114,-0.5663676210679114,0.0,0.5663676210679114,0.5663676210679114,0.5663676210679114,1.0,5.647666722536087,2026-08-09,2026-08-09,same-sign,0.016730329021811485,0.5669239348413867,live
LIBR_PAUL1_1,331,331,0.0,-0.00038191871135495603,,-0.00023760554904583842,,,,-0.00023760554904583842,1.0176726961508393,1.5379208871747778,-0.5202481910239385,-0.5202481910239385,0.0,0.562789473741077,0.2667536349888451,0.0,,7.959682761505809,2024-07-03,2026-04-22,one-sided/negligible,0.00014431316230911762,0.38021539378608044,live
6376__A,4,4,0.0,0.005004249978810549,,0.0034409353975206614,,,,0.0034409353975206614,-1.2877583988010883,-1.8411217741668224,0.5533633753657341,0.5533633753657341,0.0,0.5533633753657341,0.5533633753657341,0.0,,93.10125207901001,2026-04-22,2026-05-16,one-sided/negligible,-0.0015633145812898874,0.5821861796458472,live
1855__A,30,29,0.1,0.008693207055330276,0.0005000000237487257,0.01106764655560255,0.0032665871549397707,0.00533716706559062,,0.011084095574915409,-2.5606892011322393,-2.0084848181383372,-0.5522043829939017,-0.5497835245914757,-0.002420858402426044,0.5522043829939017,0.5522043829939017,0.03366138937417418,1.0,7.644000020135065,2025-10-03,2026-09-09,same-sign,-0.0033560399897396564,0.7439535227251766,live
359__A,142,142,0.0,-0.010481394827365875,,-0.013016981072723866,,-0.013445604592561722,,-0.013179289177060127,2.752040776528702,2.202825564617342,0.5492152119113598,0.5492152119113598,0.0,0.5492152119113598,0.5492152119113598,0.3222779398493003,1.0,1.4784084546361709,2026-03-24,2026-09-13,same-sign,-0.0029642097651958466,0.6222884145016506,live
1510__B,129,129,0.0,0.0010823255870491266,,0.0005923720891587436,,0.0005923720891587436,,0.0005504463333636522,-0.6568449579890512,-1.203355269126405,0.5465103111373537,0.5465103111373537,0.0,0.5465103111373537,0.5465103111373537,0.5465103111373537,1.0,8.655930244067843,2026-07-06,2026-09-10,one-sided/negligible,-0.000489953497890383,0.5470894257743293,live
AUSTRO_AT2H,12,11,0.2,-0.030902182683348656,-0.01229500025510788,-0.02202978916466236,-0.017190000042319298,,-0.017190000042319298,-0.02202978916466236,2.257997921357552,2.7897621307444447,-0.5317642093868926,-0.5387475797906518,0.0069833704037591815,0.545730950194411,0.0069833704037591815,0.0069833704037591815,1.0,8.809818248857152,2024-10-07,2026-08-04,same-sign,0.008872393518686295,0.8598059176516087,faded (<25% in last 12m)
620__C,2,2,0.0,-0.004224499687552452,,0.014298172667622566,,,,0.014298172667622566,-0.4222201108932495,0.12341219559311867,-0.5456323064863682,-0.5456323064863682,0.0,0.5456323064863682,0.5456323064863682,0.0,,14.740999698638916,2025-10-30,2025-10-30,one-sided/negligible,0.01852267235517502,0.5460854152112447,no bind since Mar-2026
SAMATH_TANK1_1,2,0,0.6,,0.0009439999703317881,,0.0013915076851844788,,,,-2.1166008909543352,-1.5728241850932438,-0.5437767058610917,0.0,-0.5437767058610917,0.5437767058610917,0.0,0.0,,,2025-02-09,2025-06-06,one-sided/negligible,,,no bind since Mar-2026
AUSTRO_AT2L,12,12,0.0,-0.03103858418762684,,-0.023326972499489784,,-0.037595998495817184,,-0.022815754637122154,2.2361516050295904,2.7746497119078413,-0.5384981068782508,-0.5384981068782508,0.0,0.5390139208175242,0.0002579069696366787,0.0002579069696366787,1.0,8.08000005533298,2024-10-07,2026-08-04,same-sign,-0.006557414308190346,0.6358068956762312,faded (<25% in last 12m)
SCSES_MR1L,930,930,0.0,-0.0002709385589696467,,-0.00022544334933627397,,0.0010511912405490875,,-0.00021490467770490795,1.1488787602735044,0.9903366177859994,0.1585421424875051,0.1585421424875051,0.0,0.5333439066066319,0.5281336713262306,0.07421431090028818,1.0,1.1173354833505758,2024-09-04,2026-09-05,one-sided/negligible,0.0013221297995187342,1.373854160895642,live
SNGZEN98_A,3,3,0.0,-0.10971066355705261,,-0.1914716362953186,,,,-0.1914716362953186,1.2479964047670364,0.7187565937638283,0.5292398110032082,0.5292398110032082,0.0,0.5292398110032082,0.0,0.0,,2.1916667222976685,2024-11-08,2024-11-11,same-sign,-0.08176097273826599,0.5375784093994334,no bind since Mar-2026
N_SHARPE_PS3,4,0,2.1,,0.009055291302502155,,3.263901453465223e-05,,0.00024366668367292732,,-0.015869245476399858,-0.32589235032598174,0.3100231048495819,0.0,0.3100231048495819,0.5272290327120572,0.5272290327120572,0.10860296393123765,1.0,,2026-03-25,2026-07-28,one-sided/negligible,,,live
IM_WAP05_A,1,0,0.2,,0.0029266669880598783,,0.0475066639482975,,0.0475066639482975,,-0.5614148676395416,-0.03458485628167788,-0.5268300113578638,0.0,-0.5268300113578638,0.5268300113578638,0.5268300113578638,0.5268300113578638,1.0,,2026-09-10,2026-09-10,one-sided/negligible,,,live
JC_MSBCH_1,5,5,0.0,-0.0010655999649316072,,-0.0065029761753976345,,,,-0.0065029761753976345,0.7347751010674983,0.21102126222103834,0.52375383884646,0.52375383884646,0.0,0.52375383884646,0.52375383884646,0.0,,18.262400150299072,2025-10-12,2026-01-14,one-sided/negligible,-0.005437376210466027,0.4964977006162369,no bind since Mar-2026
ANASW_XF1L,18,16,0.8,0.006896249949932098,0.005020475946366787,0.008614949882030487,0.006715390831232071,,,0.008614949882030487,-2.420186736465742,-1.9022700410957136,-0.5179166953700284,-0.30637401854619384,-0.21154267682383454,0.5179166953700284,0.5179166953700284,0.0,,11.639687489718199,2025-11-05,2025-12-05,same-sign,0.0017186999320983887,0.3200820815716021,no bind since Mar-2026
THW_AT3,43,43,0.0,-0.006401209160685539,,-0.014011918567121029,,-0.017873000353574753,,-0.014060321263968945,0.9430001801229082,0.42963802029225917,0.513362159830649,0.513362159830649,0.0,0.513362159830649,0.34938094778226514,0.0025669713504612446,1.0,1.2754186017352134,2024-08-30,2026-06-23,same-sign,-0.011471791192889214,0.6291474429532231,live
MSBCH_N_DENT_1,4,4,0.0,-0.002555999904870987,,-0.008350524120032787,,,,-0.008350524120032787,0.7374376356601715,0.22571415826678276,0.5117234773933887,0.5117234773933887,0.0,0.5117234773933887,0.5117234773933887,0.0,,22.077750205993652,2026-01-14,2026-01-14,one-sided/negligible,-0.0057945242151618,0.5117202327396946,no bind since Mar-2026
DINNY_IRAAN1_1,2,2,0.0,-0.004390500020235777,,-0.0017952420748770237,,,,-0.0017952420748770237,0.34957151114940643,0.8553657531738281,-0.5057942420244217,-0.5057942420244217,0.0,0.5057942420244217,0.5057942420244217,0.0,,97.49250030517578,2026-05-28,2026-05-28,one-sided/negligible,0.002595257945358753,0.5060363720597962,live
CRBWAP09_A,1,1,0.0,-0.001366000040434301,,-0.2161020040512085,,-0.2161020040512085,,-0.27142685651779175,0.5076236128807068,0.003208734095096588,0.5044148787856102,0.5044148787856102,0.0,0.5044148787856102,0.5044148787856102,0.5044148787856102,1.0,2.3489999771118164,2026-09-02,2026-09-02,one-sided/negligible,-0.2147360040107742,0.5044148685063915,live
LWSSW_FMR1,12,12,0.0,-0.0009493333636783063,,-0.005327928811311722,,,,-0.005327928811311722,0.6214890442788601,0.12081852520350367,0.5006705190753564,0.5006705190753564,0.0,0.5006705190753564,0.0,0.0,,9.567333390315374,2025-04-08,2025-04-09,one-sided/negligible,-0.0043785954476334155,0.5026977891459128,no bind since Mar-2026
587T587_1,4,4,0.0,-0.000575500016566366,,-0.001034585409797728,,,,-0.001034585409797728,1.1106416834518313,0.6134327680338174,0.49720891541801393,0.49720891541801393,0.0,0.49720891541801393,0.0,0.0,,268.3814969062805,2025-03-04,2025-03-14,one-sided/negligible,-0.0004590853932313621,0.49284010017296553,no bind since Mar-2026
HARLNSW_69AH,6,6,0.0,-0.019363000988960266,,0.00015053052629809827,,,,0.00015053052629809827,-0.002168615217669867,0.48930191778345034,-0.4914705330011202,-0.4914705330011202,0.0,0.4914705330011202,0.4914705330011202,0.0,,3.3081667500858507,2025-10-04,2025-11-08,one-sided/negligible,0.019513531515258364,0.3873240968131806,no bind since Mar-2026
110__A,12,12,0.0,0.022375084459781647,,0.028552258387207985,,,,0.028552258387207985,-2.208570433780551,-1.717399331741035,-0.49117110203951597,-0.49117110203951597,0.0,0.49117110203951597,0.49117110203951597,0.0,,6.38766663769881,2025-10-03,2025-10-08,same-sign,0.006177173927426338,0.47349273373780976,no bind since Mar-2026
ADKWO_71_A,2,2,0.0,0.09018599987030029,,0.005786034278571606,,,,0.005786034278571606,-0.0330142704769969,-0.5184295326471329,0.485415262170136,0.485415262170136,0.0,0.485415262170136,0.485415262170136,0.0,,2.875499963760376,2026-01-30,2026-01-30,same-sign,-0.08439996559172869,0.48538419600078564,no bind since Mar-2026
SGVSW_MR2H,9,9,0.0,0.034319113940000534,,0.04338136315345764,,0.04329349845647812,,0.043529313057661057,-2.224642042070627,-1.740633424371481,-0.48400861769914627,-0.48400861769914627,0.0,0.48400861769914627,0.3703812137246132,0.0453924834728241,1.0,4.939000017113155,2024-12-06,2026-09-03,same-sign,0.008974384516477585,0.3989203675241655,live
BNBSW_MR1H,5,5,0.0,-0.022902000695466995,,-0.025964852422475815,,,,-0.025964852422475815,4.065101586282253,3.5847593769431114,0.48034220933914185,0.48034220933914185,0.0,0.48034220933914185,0.0,0.0,,31.31419954299927,2024-10-01,2024-10-01,same-sign,-0.0030628517270088196,0.4795537507508705,no bind since Mar-2026
BNBSW_MR1L,5,5,0.0,-0.022902000695466995,,-0.025964852422475815,,,,-0.025964852422475815,4.065075688064098,3.5847364589571953,0.4803392291069031,0.4803392291069031,0.0,0.4803392291069031,0.0,0.0,,31.314000034332274,2024-10-01,2024-10-01,same-sign,-0.0030628517270088196,0.4795506954235442,no bind since Mar-2026
6512__B,15,9,3.2,0.002918444573879242,-0.0037571985740214586,0.0011284402571618557,-0.005476892460137606,,,0.0011284402571618557,0.6585388935636729,0.1834070109762251,0.4751318825874477,0.2177252392284572,0.2574066433589905,0.4751318825874477,0.0,0.0,,13.518666823705038,2024-09-20,2024-09-21,one-sided/negligible,-0.0017900043167173862,0.2177862477362652,no bind since Mar-2026
8T352_1,11,11,0.0,0.0954335406422615,,0.08413071930408478,,0.08718989789485931,,0.07545939087867737,-5.7601992225972936,-6.232925258460455,0.4727260358631611,0.4727260358631611,0.0,0.4727260358631611,0.4207465499639511,0.4207465499639511,1.0,6.014545419507406,2025-02-10,2026-08-25,same-sign,-0.008243642747402191,0.5453994009908762,live
LYTLE2_AUT1,1,0,0.3,,0.03368249908089638,,7.408774399664253e-05,,,,-0.0010584976019648213,-0.47335299849510193,0.4722945008931371,0.0,0.4722945008931371,0.4722945008931371,0.0,0.0,,,2025-04-10,2025-04-10,one-sided/negligible,,,no bind since Mar-2026
51T376_1,21,21,0.0,0.0025544760283082724,,-0.0024527462664991617,,,,-0.0024527462664991617,0.22170424065552652,-0.24954911292297766,0.4712533535785042,0.4712533535785042,0.0,0.4712533535785042,0.4712533535785042,0.0,,4.436380959692455,2026-03-24,2026-05-27,one-sided/negligible,-0.005007222294807434,0.4664928586422565,live
MH_PP_1,8,8,0.0,-0.05533050000667572,,0.0004287397605367005,,,,0.0004287397605367005,-0.003507855970383389,0.4480503764934838,-0.45155823246386717,-0.45155823246386717,0.0,0.4665459684729285,0.4665459684729285,0.0,,0.9698749948292971,2025-11-11,2026-03-18,one-sided/negligible,0.05575923976721242,0.4326359390472855,live
871__E,206,179,15.3,-0.0003396480460651219,-0.0008240852039307356,-0.0004395808500703424,-0.0009175944142043591,,,-0.0004395808500703424,2.626223956896638,2.160258837720903,0.46596511917573474,0.36854473523249,0.09742038394324479,0.46596511917573474,0.0,0.0,,20.711418962329834,2024-09-16,2024-10-04,one-sided/negligible,-9.993280400522053e-05,0.37048528075802023,no bind since Mar-2026
A4_D5_1,14,14,0.0,0.007058500312268734,,7.746527990093455e-05,,,,7.746527990093455e-05,-0.010355492603366656,-0.47605638451750565,0.465700891914139,0.465700891914139,0.0,0.465700891914139,0.465700891914139,0.0,,4.357785697826849,2025-09-22,2026-05-14,one-sided/negligible,-0.006981035032367799,0.4259059646811283,live
MOUNTO_AT1,6,6,0.0,-0.003047666512429714,,-0.0024165669456124306,,,,-0.0024165669456124306,1.3778733210638165,1.8080255512613803,-0.43015223019756377,-0.43015223019756377,0.0,0.4547532869037241,0.0,0.0,,80.70233313242595,2024-12-11,2025-03-04,one-sided/negligible,0.0006310995668172836,0.3055872448861088,no bind since Mar-2026
MASNPH_MASONS1_1,14,14,0.0,0.004126428626477718,,0.0030103116296231747,,,,0.0030103116296231747,-1.2506473832763731,-1.69383579865098,0.44318841537460685,0.44318841537460685,0.0,0.4507557745091617,0.4507557745091617,0.0,,26.637928464582988,2025-10-31,2026-02-03,one-sided/negligible,-0.0011161169968545437,0.4162346260844314,no bind since Mar-2026
JERRY_PUMPJA1_1,3,1,0.3,-0.0005450000171549618,0.0036366668064147234,0.00042262341594323516,0.004141754470765591,,,0.00042262341594323516,-3.2061793189495797,-2.758208227654298,-0.4479710912952819,-0.06455499492585659,-0.3834160963694253,0.4479710912952819,0.0,0.0,,66.71499633789062,2024-11-20,2025-09-07,one-sided/negligible,0.000967623433098197,0.06455499379560337,no bind since Mar-2026
LON_HILL_382L,53,53,0.0,0.017281319946050644,,-0.0027478565461933613,,,,-0.0027478565461933613,0.06236559748731452,-0.38439552811360045,0.44676112560091497,0.44676112560091497,0.0,0.44676112560091497,0.18736955647545983,0.0,,0.49433962190479813,2024-07-31,2026-04-18,one-sided/negligible,-0.020029176492244005,0.5247644233147397,live
ROBY_ROTN1_1,1647,1637,5.2,8.080989937298e-05,-0.00019813030667137355,4.746781996800564e-05,-9.280967788072303e-05,0.00012581348710227758,,4.5924956793896854e-05,0.20015906395179664,0.24440851055498075,-0.04424944660318412,-0.008039555246966756,-0.03620989135621736,0.4446562043753867,0.1818966839092866,0.014835932885659986,1.0,2.764550403420311,2024-07-27,2026-09-13,one-sided/negligible,4.500358772929758e-05,0.20366684198448404,live
BEN_ELMG_1,642,591,22.4,0.0008215136476792395,0.0022320414427667856,0.001090296427719295,0.002452546963468194,,,0.001090296427719295,-2.1110741678052514,-1.6707990922294207,-0.44027507557583095,-0.3901856543982376,-0.050089421177593366,0.44331606282988406,0.4413289675188328,0.0,,2.369746189876483,2025-03-27,2026-05-14,one-sided/negligible,0.0002687827800400555,0.37643565862245926,live
670__A,71,71,0.0,-0.013997099362313747,,-0.01137389987707138,,-0.009875636547803879,,-0.011328905820846558,1.9958488231714,2.4376660671259742,-0.4418172439545742,-0.4418172439545742,0.0,0.4418172439545742,0.2613785112844198,0.07351293531246483,1.0,2.534521126063724,2024-07-15,2026-09-10,same-sign,0.004121462814509869,0.7416613547299536,live
LON_HILL_382H,51,51,0.0,0.017705805599689484,,-0.0027911390643566847,,,,-0.0027911390643566847,0.0603784763902695,-0.37658070632642193,0.43695918271669143,0.43695918271669143,0.0,0.43695918271669143,0.1775676135912363,0.0,,0.48999999994731636,2024-07-31,2026-04-18,one-sided/negligible,-0.02049694466404617,0.5122186470994412,live
TMPCR_MR1H,11,10,0.1,-0.050076503306627274,-0.023169999942183495,-0.03950111195445061,-0.012594710104167461,,,-0.03950111195445061,1.491367864732941,1.9280112255364656,-0.43664336080352467,-0.3807620145380497,-0.05588134626547496,0.43664336080352467,0.43664336080352467,0.0,,3.5949000030755998,2026-03-11,2026-03-15,same-sign,0.010575391352176666,0.3801747440446557,live
6161__A,5,3,0.8,-0.003602999961003661,0.0031359524000436068,-0.001775350421667099,0.0056457240134477615,,,-0.001775350421667099,-0.5428669204314549,-0.11162566517790157,-0.43124125525355333,-0.1329103335738182,-0.29833092167973513,0.43124125525355333,0.43124125525355333,0.0,,24.24066702524821,2025-12-20,2026-05-05,one-sided/negligible,0.0018276495393365622,0.13291033176571765,live
VERN_69T1,15,15,0.0,-0.001567166531458497,,-0.0009361424017697573,,,,-0.0009361424017697573,0.5830759848468006,1.0116991153918207,-0.4286231305450201,-0.4286231305450201,0.0,0.4286231305450201,0.0,0.0,,55.03493383725484,2024-11-20,2024-11-21,one-sided/negligible,0.0006310241296887398,0.5209255684069667,no bind since Mar-2026
L_FRES_STILLM1_1,5,5,0.0,-0.02698419988155365,,0.0006754814530722797,,,,0.0006754814530722797,-0.009828863170696422,0.410271517932415,-0.42010038110311143,-0.42010038110311143,0.0,0.42010038110311143,0.006386976194335148,0.0,,3.299400070309639,2025-09-04,2026-03-07,one-sided/negligible,0.02765968133462593,0.45630177270103495,faded (<25% in last 12m)
FORSW_MR3L,25,25,0.0,0.012704279273748398,,0.015946712344884872,,,,0.015946712344884872,-2.219406587741105,-1.8005957999266684,-0.4188107878144365,-0.4188107878144365,0.0,0.4194002619187813,0.4194002619187813,0.0,,5.580720091313124,2025-10-15,2026-01-20,same-sign,0.0032424330711364746,0.45237778462073597,no bind since Mar-2026
V2_Z5_1,5,2,2.2,0.0006770000327378511,0.00027996968128718436,0.0017873543547466397,0.001555336290039122,,,0.0017873543547466397,-0.5180566640920006,-0.09916323007685908,-0.4188934340151415,-0.0020570871129166335,-0.4168363469022249,0.4188934340151415,0.0,0.0,,1.4415000304579735,2024-10-06,2024-11-13,one-sided/negligible,0.0011103543220087886,0.0032011515779896225,no bind since Mar-2026
BARNHC_CASSAV1_1,108,108,0.0,0.0014731944538652897,,0.0006072598625905812,,0.0005673333071172237,,0.0006045566406100988,-0.29481838325591525,-0.7116240308096167,0.4168056475537014,0.4168056475537014,0.0,0.4168056475537014,0.3971848973669694,0.1788044346467359,1.0,4.525712951189941,2024-10-02,2026-09-11,one-sided/negligible,-0.000905861146748066,0.4427640925722894,live
ASPM_XF1L,108,70,27.5,0.00030698569025844336,-0.00018273603927809745,0.000215910782571882,-0.0003087884688284248,,,0.000215910782571882,0.18974133958302747,-0.20005427846990642,0.38979561805293395,0.15929973662059638,0.23049588143233748,0.4120003113045338,0.4120003113045338,0.0,,21.05627148449421,2026-02-04,2026-02-18,one-sided/negligible,-9.107490768656135e-05,0.13423885871714392,no bind since Mar-2026
BROOKH_P_LAVA1_1,2,2,0.0,0.005079499911516905,,-0.002253943122923374,,,,-0.002253943122923374,0.11553258821368217,-0.2935565114021301,0.4090890996158123,0.4090890996158123,0.0,0.4090890996158123,0.0,0.0,,27.676000118255615,2024-08-19,2025-05-14,one-sided/negligible,-0.007333443034440279,0.40592074057677996,no bind since Mar-2026
HARI_MILES1_1,1,0,0.6,,0.0013514285674318671,,0.00039113356615416706,,,,-0.1667857508485516,-0.5750867879639069,0.40830103711535526,0.0,0.40830103711535526,0.40830103711535526,0.40830103711535526,0.0,,,2025-10-13,2025-10-13,one-sided/negligible,,,no bind since Mar-2026
3410__A,1,0,0.4,,0.004639999940991402,,0.004918369930237532,,,,-7.172622521718343,-6.766666094462076,-0.40595642725626657,0.0,-0.40595642725626657,0.40595642725626657,0.40595642725626657,0.0,,,2025-09-14,2025-09-14,one-sided/negligible,,,no bind since Mar-2026
6216__A,92,92,0.0,-0.002032728400081396,,-0.0011744290823116899,,,,-0.0011744290823116899,0.5472376284960774,0.9524524709995603,-0.40521484250348294,-0.40521484250348294,0.0,0.40521484250348294,0.12467374905827455,0.0,,5.065467389300466,2024-07-18,2026-03-05,one-sided/negligible,0.0008582993177697062,0.3999872228067582,live
420T140_1,4,4,0.0,-0.013958251103758812,,0.005447322502732277,,,,0.005447322502732277,-0.06486502080224454,0.33615811925847083,-0.4010231400607154,-0.4010231400607154,0.0,0.4010231400607154,0.0,0.0,,4.755500007420778,2024-07-11,2024-08-10,OPPOSING,0.01940557360649109,0.36913282171869133,no bind since Mar-2026
BELLSO_AT2,5,5,0.0,-0.004627999849617481,,-0.005353843327611685,,,,-0.005353843327611685,0.30351733043789864,0.38810645043849945,-0.08458912000060081,-0.08458912000060081,0.0,0.39963722601532936,0.05409197881817818,0.0,,15.686400222778321,2024-09-25,2025-10-06,one-sided/negligible,-0.0007258434779942036,0.05692935647455233,no bind since Mar-2026
ASPM_CONA1_1,110,93,10.3,-0.00041353763663209975,0.0,-0.0002959230914711952,3.423847374506295e-05,,,-0.0002959230914711952,0.7679121974967225,1.1608384205464972,-0.39292622304977454,-0.38728261389769614,-0.005643609152078473,0.39292622304977454,0.0766474829967289,0.0,,23.18498930783682,2024-08-12,2026-03-17,one-sided/negligible,0.00011761454516090453,0.25360095339615457,faded (<25% in last 12m)
ODEHV_MR1L,21,21,0.0,-0.003643952775746584,,-0.0021044155582785606,,-0.0016929999692365527,,-0.0021023687440901995,0.5344952940940857,0.9255467469338328,-0.39105145283974707,-0.39105145283974707,0.0,0.39105145283974707,0.39105145283974707,0.0012983371270820498,1.0,11.431380889245442,2026-05-13,2026-06-04,one-sided/negligible,0.0019509528065100312,0.4683437771913292,live
RVRSW_AX1H,10,10,0.0,-0.0015256000915542245,,-0.0007710946956649423,,,,-0.0007710946956649423,0.4460927895925124,0.8358215734624537,-0.38972878386994125,-0.38972878386994125,0.0,0.38972878386994125,0.0,0.0,,51.7266994766891,2025-04-28,2025-05-04,one-sided/negligible,0.0007545053958892822,0.3902807386670524,no bind since Mar-2026
RVRSW_AX1L,10,10,0.0,-0.0015256000915542245,,-0.0007710946956649423,,,,-0.0007710946956649423,0.4460857972226222,0.8358085572981508,-0.38972276007552864,-0.38972276007552864,0.0,0.38972276007552864,0.0,0.0,,51.7258995346725,2025-04-28,2025-05-04,one-sided/negligible,0.0007545053958892822,0.39027470306137313,no bind since Mar-2026
12050__A,4,4,0.0,-0.013416250236332417,,-0.016801845282316208,,,,-0.016801845282316208,1.9185162868816406,1.5321242568315938,0.38639203005004674,0.38639203005004674,0.0,0.38639203005004674,0.38639203005004674,0.0,,28.545498931780457,2026-05-05,2026-05-05,same-sign,-0.0033855950459837914,0.3865739990742861,live
12040__A,4,4,0.0,-0.013416250236332417,,-0.016801845282316208,,,,-0.016801845282316208,1.918499478371814,1.5321108457865193,0.38638863258529454,0.38638863258529454,0.0,0.38638863258529454,0.38638863258529454,0.0,,28.54524906910956,2026-05-05,2026-05-05,same-sign,-0.0033855950459837914,0.386570615339003,live
GILA_HIWAY_1_1,3,1,0.2,-0.016767000779509544,-0.015170000493526459,0.001196366618387401,0.0033946065232157707,,,0.001196366618387401,-0.0615232908166945,0.32306741178035736,-0.38459070259705186,-0.0712067917920649,-0.31338391080498695,0.38459070259705186,0.38459070259705186,0.0,,3.9639999866485596,2025-11-16,2025-11-18,one-sided/negligible,0.017963367397896945,0.07120678812542666,no bind since Mar-2026
293T304_1,3,3,0.0,-0.018885333091020584,,0.00027934557874687016,,,,0.00027934557874687016,-0.005435889295767993,0.37873611971735954,-0.38417200901312754,-0.38417200901312754,0.0,0.38417200901312754,0.0,0.0,,6.63099988301595,2025-03-13,2025-03-13,one-sided/negligible,0.019164678669767454,0.38124294605179876,no bind since Mar-2026
GRETA_REFUGI1_1,1,1,0.0,0.00993099994957447,,-0.001543584861792624,,,,-0.001543584861792624,0.05129486694931984,-0.3300170600414276,0.38131192699074745,0.38131192699074745,0.0,0.38131192699074745,0.0,0.0,,33.23099899291992,2025-04-24,2025-04-24,one-sided/negligible,-0.011474584811367095,0.38131191631071415,no bind since Mar-2026
6085__I,54,54,0.0,0.0020896855276077986,,0.0011238971492275596,,,,0.0011238971492275596,-0.4470455076225335,-0.8278372003987897,0.38079169277625624,0.38079169277625624,0.0,0.38079169277625624,0.0,0.0,,7.574592599438296,2024-10-28,2025-04-16,one-sided/negligible,-0.000965788378380239,0.3950344891891335,no bind since Mar-2026
TMPCR_MR1L,10,10,0.0,-0.050076503306627274,,-0.03950111195445061,,,,-0.03950111195445061,1.42481560818851,1.8055776227265596,-0.3807620145380497,-0.3807620145380497,0.0,0.3807620145380497,0.3807620145380497,0.0,,3.5949000030755998,2026-03-11,2026-03-15,same-sign,0.010575391352176666,0.3801747440446557,live
2410__F,50,50,0.0,-0.0004709599888883531,,-0.0005875217029824853,,,,-0.0005875217029824853,1.9447900454106275,1.567732115086983,0.37705793032364454,0.37705793032364454,0.0,0.37705793032364454,0.37705793032364454,0.0,,67.57388031244278,2026-04-11,2026-04-20,one-sided/negligible,-0.00011656171409413218,0.3938263658605032,live
6275__A,78,78,0.0,-0.003435730468481779,,-0.0031966855749487877,,,,-0.0031966855749487877,5.006528934174639,5.357230995905411,-0.3507020617307717,-0.3507020617307717,0.0,0.3761383151922928,0.012140250852098688,0.0,,20.598756451553736,2024-08-07,2025-10-24,one-sided/negligible,0.0002390448935329914,0.38407414834414727,no bind since Mar-2026
CKT_3130_1,3,3,0.0,0.02888733334839344,,0.12632085382938385,,,,0.12632085382938385,-0.4825497977435589,-0.10692050214856863,-0.37562929559499025,-0.37562929559499025,0.0,0.37562929559499025,0.0,0.0,,1.2686666548252106,2025-07-01,2025-07-01,same-sign,0.09743352048099041,0.37083197548938523,no bind since Mar-2026
254T331_1,2,0,1.2,,-0.010597916319966316,,-0.007526149041950703,,,,0.8696041827400525,1.238541454076767,-0.3689372713367144,0.0,-0.3689372713367144,0.3689372713367144,0.3689372713367144,0.0,,,2026-04-29,2026-04-29,one-sided/negligible,,,live
LCSES_MR2H,91,73,9.9,-0.021514438092708588,-0.010699952021241188,-0.022070154547691345,-0.011060434393584728,,,-0.022070154547691345,13.009028073992036,12.64310326926837,0.3659248047236665,0.24723030487075448,0.11869449985291201,0.3659248047236665,0.3659248047236665,0.0,,5.737958910734686,2026-03-10,2026-03-20,same-sign,-0.0005557164549827576,0.23277350748384493,live
SCHNDR_BIGHIL2_2,27,23,2.0,-0.05068838596343994,0.0,-0.033491604030132294,0.0,-0.03334341198205948,0.0,-0.03288799896836281,0.7133470291009871,1.078639402621775,-0.3652923735207878,-0.3652923735207878,0.0,0.3652923735207878,0.36307730193948373,0.31129659339785576,1.0,0.9290000005706173,2025-09-12,2026-08-17,same-sign,0.017344973981380463,0.37061005928779517,live
HEC_NEDIN1_1,24,24,0.0,-0.006945708300918341,,0.00014175742398947477,,0.00016900000628083944,,0.00014325739175546914,-0.008376385993699387,0.3558946060711605,-0.3642709920648599,-0.3642709920648599,0.0,0.3648669498732602,0.02624793241267298,3.949500151634311e-05,1.0,2.16554166378531,2025-08-19,2026-06-04,one-sided/negligible,0.00711470830719918,0.3697727343580627,faded (<25% in last 12m)
LKW_WHT_1,259,237,16.5,0.0035590380430221558,0.0014530826592817903,0.003350195474922657,0.0008038415107876062,0.005113281775265932,-0.00019180934759788215,0.0033251806162297726,-0.9210761271012113,-1.0808429978502923,0.15976687074908114,0.07657337672026188,0.08319349402881925,0.36480971422315633,0.3436394665586704,0.08911374723781287,1.0,1.3553502065658114,2024-08-31,2026-09-09,one-sided/negligible,0.0015542437322437763,0.49925106156140214,live
BALLIN_WEISS1_1,38,38,0.0,0.00550411781296134,,0.0035557139199227095,,,,0.0035557139199227095,-0.6506055413774448,-1.0038830636040075,0.3532775222265627,0.3532775222265627,0.0,0.3534843751403969,0.06477748689940199,0.0,,4.644026324545083,2025-04-20,2025-10-30,one-sided/negligible,-0.0019484038930386305,0.34384068086446584,no bind since Mar-2026
951__A,11,11,0.0,-0.007010273169726133,,-0.007406276650726795,,0.00855099968612194,,-0.007378861308097839,4.669511856511235,4.3373440825380385,0.33216777397319674,0.33216777397319674,0.0,0.3489782069809735,0.3489782069809735,0.008405216503888369,1.0,39.598091607744045,2025-11-11,2026-09-10,OPPOSING,0.015561272855848074,6.778163788868701,live
ARMSTR_LOYOLA1_1,7,7,0.0,0.06742242723703384,,-0.0009996001608669758,,,,-0.0009996001608669758,0.004976420619641431,-0.33325815945863724,0.33823458007827867,0.33823458007827867,0.0,0.33823458007827867,0.33823458007827867,0.0,,0.7060000013027873,2026-02-14,2026-02-22,one-sided/negligible,-0.06842202739790082,0.33814166002440127,no bind since Mar-2026
1270__F,3,0,0.5,,0.003306666621938348,,-0.0019150000298395753,,-0.0019150000298395753,,0.13201898336410522,-0.20477648700277012,0.33679547036687535,0.0,0.33679547036687535,0.33679547036687535,0.33679547036687535,0.33679547036687535,1.0,,2026-07-27,2026-07-27,one-sided/negligible,,,live
389__A,1069,796,172.2,0.00016301179130095989,-0.0020504752174019814,0.00012572019477374852,-0.0021013522055000067,0.0002960609854198992,-0.0016960110515356064,0.0001260188437299803,6.5279108309594385,6.330456215312317,0.19745461564712247,-0.002246573961684817,0.19970118960880726,0.33598105129343037,0.014855810291903053,0.006894614801846426,1.0,2.4005263769528513,2024-07-03,2026-09-09,one-sided/negligible,0.00013304919411893934,0.2542329275322079,faded (<25% in last 12m)
JCKREF27_A,1,1,0.0,0.09634199738502502,,-0.0555541068315506,,,,-0.0555541068315506,0.1222190409898758,-0.21195240318775177,0.33417144417762756,0.33417144417762756,0.0,0.33417144417762756,0.33417144417762756,0.0,,2.200000047683716,2026-04-03,2026-04-03,OPPOSING,-0.15189610421657562,0.33417143651943704,live
SLKSW_AX1L,2,1,0.5,0.023530999198555946,0.01876000128686428,0.01297030970454216,0.010841305367648602,,,0.01297030970454216,-0.44947244630505634,-0.7832238643119732,0.3337514180069169,0.026232752948999405,0.3075186650579175,0.3337514180069169,0.3337514180069169,0.0,,2.4839999675750732,2025-10-07,2026-04-01,same-sign,-0.010560689494013786,0.026232752360700662,live
SPUR_69_1,875,830,24.6,5.280701952870004e-05,7.589393499074504e-05,0.00019512968719936907,5.752607830800116e-05,0.00020835000032093376,0.00015385437291115522,0.00019454855646472424,-0.5204979129351155,-0.5104647593357802,-0.010033153599335265,-0.1254151416618683,0.11538198806253298,0.33234501188908183,0.11363298369678887,0.030762147864152208,0.9391891891891891,2.805066263798978,2025-02-19,2026-09-13,one-sided/negligible,0.00015554298079223372,0.3621359454325526,live
1020__E,9,8,0.3,-0.0009343749843537807,-0.02429499849677086,0.0005689556710422039,-0.01762346550822258,,,0.0005689556710422039,0.6855451179653755,1.0168861438335928,-0.33134102586821723,-0.06333262487169122,-0.268008400996526,0.331448877780834,0.0,0.0,,2.9144999785348773,2025-04-28,2025-05-11,one-sided/negligible,0.0015033306553959846,0.03505165730305936,no bind since Mar-2026
CLMVLT_MIDFIE1_1,42,42,0.0,0.0028854284901171923,,0.0017204871401190758,,,,0.0017204871401190758,-0.7892391027271515,-0.9751783269603038,0.18593922423315234,0.18593922423315234,0.0,0.32991373518598266,0.06619978439994156,0.0,,8.094023757392453,2025-04-02,2026-04-01,one-sided/negligible,-0.0011649413499981165,0.3960206444398508,faded (<25% in last 12m)
404__A,50,25,19.6,-0.0028615999035537243,-0.00492072245106101,-0.003663653740659356,-0.005853557027876377,,,-0.003663653740659356,1.8927437151848305,1.5655783456287888,0.3271653695560417,0.03645758968195878,0.2907077798740829,0.3271653695560417,0.0,0.0,,1.802199981212616,2024-09-16,2024-09-20,one-sided/negligible,-0.0008020538371056318,0.036136535254081906,no bind since Mar-2026
FTCHAD_OAKC1_1,114,114,0.0,0.002550437580794096,,0.0016734185628592968,,-0.0004689999914262444,,0.001673232764005661,-0.47956924440802595,-0.666595444050472,0.18702619964244604,0.18702619964244604,0.0,0.32309949093121304,0.2258698477884309,7.394998101517558e-05,1.0,3.669815789237251,2025-07-28,2026-07-01,one-sided/negligible,-0.0030194375722203404,1.2632088831951453,live
BLESSI_MIDFIE1_1,41,41,0.0,0.0027822195552289486,,0.0018527860520407557,,,,0.0018527860520407557,-0.793697564615286,-0.966619552593329,0.17292198797804303,0.17292198797804303,0.0,0.31689649893087335,0.05318240658380091,0.0,,8.262121885651496,2025-04-02,2026-04-01,one-sided/negligible,-0.0009294335031881928,0.3148428084059052,faded (<25% in last 12m)
ATKINS_FMR1,159,159,0.0,0.000540717039257288,,0.0017185612814500928,,0.0019112989539280534,,0.001819067751057446,-0.4526777656842569,-0.1443193778402474,-0.3083583878440095,-0.3083583878440095,0.0,0.3083583878440095,0.18155635708603768,0.15813763374239898,1.0,1.6780314374416363,2024-08-22,2026-09-13,one-sided/negligible,0.0013705819146707654,0.36568084692463265,live
7015__A,17,17,0.0,0.000362529419362545,,-0.0009862451115623116,,-0.0008076363592408597,,-0.0010760544100776315,0.23424494412029162,-0.07312171213561669,0.3073666562559083,0.3073666562559083,0.0,0.3073666562559083,0.3073666562559083,0.12932374578667805,1.0,12.742293925846324,2026-04-25,2026-06-21,one-sided/negligible,-0.0011701657786034048,0.2534801369798338,live
6377__A,49,40,3.7,0.005254718009382486,0.0011988624464720488,0.003907254431396723,-0.00034213930484838784,,,0.003907254431396723,-0.5292854397072612,-0.8322639845040006,0.30297854479673936,0.1832540743635036,0.11972447043323577,0.3059717051898284,0.0,0.0,,3.459725022315979,2024-07-03,2025-03-21,one-sided/negligible,-0.0013474635779857635,0.1864741382966706,no bind since Mar-2026
6615__A,562,562,0.0,-0.00043781939893960953,,-0.0002612970129121095,,-0.0002774999593384564,,-0.00026103860000148416,0.3140468779667458,0.5297088856808045,-0.21566200771405875,-0.21566200771405875,0.0,0.3053960294520266,0.02822721874031231,0.0013126410374297848,0.9333333333333333,2.34806405753208,2024-07-05,2026-09-11,one-sided/negligible,0.00016031943960115314,0.2115594563843479,faded (<25% in last 12m)
COLETA_COLE_I1_1,84,84,0.0,-0.0005725952214561403,,-0.0005955717642791569,,-0.00014200000441633165,,-0.0005938215181231499,-0.08952489865623647,-0.16180700184304442,0.07228210318680794,0.07228210318680794,0.0,0.30363830574606254,0.14029715854485403,0.0044123729785496835,0.6666666666666666,2.875035705909665,2024-09-17,2026-09-11,one-sided/negligible,0.00043059521703980863,0.10399003639780321,live
6855_D_1,31,28,1.4,-0.0007078928174450994,-0.0005966667085886002,-0.00047598942182958126,7.14925627107732e-05,,,-0.00047598942182958126,0.12295026722919526,0.40602931258035824,-0.28307904535116296,-0.07295017774049484,-0.21012886761066812,0.30282604605902935,0.0,0.0,,14.410107198570456,2024-09-16,2024-10-15,one-sided/negligible,0.0002319033956155181,0.09356907813489908,no bind since Mar-2026
ANASW_XF1H,13,13,0.0,0.006896615028381348,,0.008632822893559933,,,,0.008632822893559933,-1.5574197387322783,-1.2552313609048724,-0.30218837782740593,-0.30218837782740593,0.0,0.30218837782740593,0.30218837782740593,0.0,,14.129769215217003,2025-11-05,2025-12-04,same-sign,0.001736207865178585,0.31891881378003406,no bind since Mar-2026
FOR_MARQ_1,3,3,0.0,0.004411333240568638,,0.005663604009896517,,,,0.005663604009896517,-1.3721920400857925,-1.0723041966557503,-0.29988784343004227,-0.29988784343004227,0.0,0.29988784343004227,0.29988784343004227,0.0,,80.26533508300781,2025-11-12,2025-11-12,one-sided/negligible,0.001252270769327879,0.30154179874427456,no bind since Mar-2026
THW_AT3L,43,43,0.0,-0.006165836937725544,,-0.013283968903124332,,-0.017963800579309464,,-0.013532567769289017,0.546413934964221,0.2500306231140712,0.29638331185014977,0.29638331185014977,0.0,0.29638331185014977,0.13240209980176587,0.02694822521880269,1.0,0.9379302304627937,2024-08-30,2026-08-26,same-sign,-0.01179796364158392,0.47582367056572605,live
CARANC_PALACI1_1,9,9,0.0,-0.010595111176371574,,0.0030970999505370855,,0.0030436664819717407,,0.003253387054428458,-0.05251206369484862,0.2414246181924682,-0.2939366818873168,-0.2939366818873168,0.0,0.2939366818873168,0.28283829340944067,0.08474325278075412,1.0,2.2367777751448252,2025-09-10,2026-07-10,one-sided/negligible,0.013638777658343315,0.274562232716917,live
MDO_AT1L,2,2,0.0,0.013324500061571598,,0.00012049998622387648,,0.00012049998622387648,,-0.0007284698076546192,-0.011876994278281927,-0.3049200773239136,0.29304308304563165,0.29304308304563165,0.0,0.29304308304563165,0.29304308304563165,0.29304308304563165,1.0,11.542499661445618,2026-07-28,2026-07-28,one-sided/negligible,-0.013204000075347722,0.30481433279885795,live
LONETR_VICTOR1_1,2,2,0.0,0.017517000436782837,,0.0031699109822511673,,,,0.0031699109822511673,-0.06456287950277328,-0.35678257048130035,0.29221969097852707,0.29221969097852707,0.0,0.29221969097852707,0.29221969097852707,0.0,,10.184000015258789,2026-02-10,2026-02-10,one-sided/negligible,-0.01434708945453167,0.29222151844773947,no bind since Mar-2026
PUTN_SOLANU1_1,218,218,0.0,-0.002763720229268074,,-0.0019623085390776396,,-0.00183435482904315,,-0.0019573899917304516,0.701838003200919,0.9767852206659882,-0.2749472174650691,-0.2749472174650691,0.0,0.2920385638458356,0.0857349023281131,0.0857349023281131,1.0,1.6688669717319549,2024-07-08,2026-09-11,one-sided/negligible,0.0009293654002249241,0.3381152142010699,live
28T110_1,7,7,0.0,0.00356299988925457,,-0.0011774396989494562,,,,-0.0011774396989494562,0.07256446219980717,-0.2171418545767665,0.28970631677657366,0.28970631677657366,0.0,0.28970631677657366,0.28970631677657366,0.0,,8.702857153756279,2026-03-24,2026-03-26,one-sided/negligible,-0.004740439588204026,0.2887875800750561,live
1080__A,272,272,0.0,0.0014563346048817039,,0.0018361841794103384,,0.002591880038380623,,0.0018481208244338632,-0.9120450238979174,-0.6322101776777345,-0.27983484622018295,-0.27983484622018295,0.0,0.283189326099091,0.03980126483747881,0.026794853402861918,1.0,2.973680153451449,2025-04-21,2026-09-13,one-sided/negligible,0.001135545433498919,0.918475705951179,faded (<25% in last 12m)
BARNHR_BIGLAK1_1,10,10,0.0,-0.0024035999085754156,,-0.0009746596333570778,,,,-0.0009746596333570778,0.20010851183906198,0.4815936388913542,-0.2814851270522922,-0.2814851270522922,0.0,0.2814851270522922,0.08895021677017212,0.0,,27.690699535608292,2025-09-02,2025-09-16,one-sided/negligible,0.0014289402752183378,0.39568355815400413,no bind since Mar-2026
CBYCVN86_A,2,0,0.2,,0.0021799998357892036,,0.0013099999632686377,,0.0013099999632686377,,-0.425219863653183,-0.705580472946167,0.280360609292984,0.0,0.280360609292984,0.280360609292984,0.280360609292984,0.280360609292984,1.0,,2026-08-17,2026-08-17,one-sided/negligible,,,live
527T527_1,3,3,0.0,0.014515667222440243,,0.011390999890863895,,0.011390999890863895,,0.010530159808695316,-1.0566707430407405,-1.3365704091265798,0.27989966608583927,0.27989966608583927,0.0,0.27989966608583927,0.27989966608583927,0.27989966608583927,1.0,32.09033328294754,2026-08-17,2026-08-17,same-sign,-0.0031246673315763474,0.30081484820587,live
584__A,19,3,4.2,-0.004481667187064886,-0.00017851042503025383,-0.006391467992216349,-0.0018255795584991574,,,-0.006391467992216349,0.3422807568664818,0.06260475432888295,0.2796760025375988,0.017725973390042782,0.26195002914755605,0.2796760025375988,0.0,0.0,,3.3956666390101113,2024-10-10,2025-05-23,one-sided/negligible,-0.0019098008051514626,0.019455140643622415,no bind since Mar-2026
16050__A,56,48,1.7,-0.0014142083236947656,0.004645520821213722,-0.0007904276135377586,0.004645520821213722,,,-0.0007904276135377586,-25.774381992501123,-25.49766229176263,-0.2767197007384916,-0.27671954179277236,-1.5894571925301193e-07,0.2767197007384916,0.2767197007384916,0.0,,8.45806252680874,2025-11-24,2026-02-26,one-sided/negligible,0.000623780710157007,0.25324685997720603,no bind since Mar-2026
YELWJCKT_69T1,23,18,0.8,-0.005890444852411747,-0.0025625000707805157,-0.004154722206294537,-0.0010692724026739597,,,-0.004154722206294537,0.5040219736401923,0.7760580587394844,-0.27203608509929234,-0.18451863445807248,-0.08751745064121982,0.27203608509929234,0.0,0.0,,5.946944466895527,2025-04-08,2025-07-15,one-sided/negligible,0.0017357226461172104,0.1858004313550561,no bind since Mar-2026
ONYXRE_QUAINT1_1,39,34,3.3,-0.000764176482334733,-0.0004478000046219677,-0.0005070465267635882,-0.00023470059386454523,,,-0.0005070465267635882,0.4764658704213313,0.7422504211135673,-0.2657845506922361,-0.212255028574873,-0.05352952211736313,0.2657845506922361,0.0,0.0,,24.737764410236302,2025-03-13,2025-04-11,one-sided/negligible,0.0002571299555711448,0.21626788896693927,no bind since Mar-2026
15060__E,17,15,1.4,-0.007789334747940302,0.0004860000335611403,-0.004669670481234789,0.004519885405898094,,,-0.004669670481234789,0.3014533387904521,0.5666365460001543,-0.26518320720970223,-0.22082105139270425,-0.04436215581699798,0.26518320720970223,0.26518320720970223,0.0,,5.164800018072128,2026-02-20,2026-02-24,one-sided/negligible,0.003119664266705513,0.2416866309158941,no bind since Mar-2026
3044_1,13,13,0.0,-0.002274769125506282,,,,,,,0.0,0.26401130203157663,-0.26401130203157663,-0.26401130203157663,0.0,0.26401130203157663,0.0,0.0,,12.246461464808537,2025-05-05,2025-05-09,one-sided/negligible,,,no bind since Mar-2026
ABNTHW_MULBER1_1,150,150,0.0,-0.00037727333256043494,,-0.00015716144116595387,,-5.0345752242719755e-05,,-0.0001436349848518148,0.035116709635076404,0.1976791528841204,-0.162562443249044,-0.162562443249044,0.0,0.2634640199394198,0.2634640199394198,0.12688647487721028,0.8468468468468469,6.049919998285671,2026-01-13,2026-09-07,one-sided/negligible,0.0003269275803177152,0.2966828559232935,live
ADKBM_24_A,8,8,0.0,0.00549712497740984,,0.01411736011505127,,,,0.01411736011505127,-0.43808472622185946,-0.17506503430195153,-0.2630196919199079,-0.2630196919199079,0.0,0.2630196919199079,0.029194641625508666,0.0,,3.585624948143959,2024-11-11,2025-10-09,same-sign,0.00862023513764143,0.24727144134715429,no bind since Mar-2026
295T570_1,3,3,0.0,0.02712833322584629,,0.010278499685227871,,,,0.010278499685227871,-0.15773373562842607,-0.41797544434666634,0.26024170871824026,0.26024170871824026,0.0,0.26024170871824026,0.26024170871824026,0.0,,5.120666672786077,2025-10-14,2025-10-15,same-sign,-0.01684983354061842,0.25884714316031326,no bind since Mar-2026
ASPM_SWEN1_1,309,248,39.4,5.934755608905107e-05,-0.0002934643707703799,7.030452252365649e-05,-0.0003009987121913582,,,7.030452252365649e-05,0.2779616648247156,0.4113429878671771,-0.13338132304246147,-0.1370289015922026,0.0036475785497411114,0.25849468948096427,0.0,0.0,,9.828826598207195,2024-07-03,2024-12-13,one-sided/negligible,1.095696643460542e-05,0.026708142535772073,no bind since Mar-2026
LON_HILL_381L,24,24,0.0,0.01696462370455265,,-0.0028842315077781677,,,,-0.0028842315077781677,0.03453694629433812,-0.22322786812765116,0.2577648144219893,0.2577648144219893,0.0,0.2577648144219893,0.0,0.0,,0.6025833320600213,2024-07-31,2025-05-17,one-sided/negligible,-0.019848855212330818,0.2870541434741574,no bind since Mar-2026
LON_HILL_381H,24,24,0.0,0.01696462370455265,,-0.0028842315077781677,,,,-0.0028842315077781677,0.03453694629433812,-0.22322786812765116,0.2577648144219893,0.2577648144219893,0.0,0.2577648144219893,0.0,0.0,,0.6025833320600213,2024-07-31,2025-05-17,one-sided/negligible,-0.019848855212330818,0.2870541434741574,no bind since Mar-2026
MAGRUDER_XFR3,1,1,0.0,-0.053070999681949615,,-0.007208976428955793,,,,-0.007208976428955793,0.04027654975652695,0.29650765657424927,-0.2562311068177223,-0.2562311068177223,0.0,0.2562311068177223,0.0,0.0,,5.586999893188477,2025-02-12,2025-02-12,same-sign,0.04586202325299382,0.2562311190158839,no bind since Mar-2026
GN_TC_37_A,3,1,0.8,0.0050039999186992645,0.019451875239610672,0.010820508934557438,0.020562468096613884,,,0.010820508934557438,-4.010099644462267,-3.7551696747541428,-0.25492996970812465,-0.042745523154735565,-0.21218444655338908,0.25492996970812465,0.25492996970812465,0.0,,7.348999977111816,2026-04-15,2026-04-18,same-sign,0.005816509015858173,0.04274552462441239,live
MGSES_MR4H,107,93,6.8,0.00019486014207359403,0.0007835714495740831,0.0002821093949023634,0.0002311329881194979,,0.0,0.0002821093949023634,-0.06306188243085367,-0.15078948159740926,0.08772759916655559,-0.014668039191292337,0.10239563835784793,0.2548555403186583,0.0803487889529606,0.0,1.0,1.4977741939120837,2024-11-04,2026-08-23,one-sided/negligible,8.724925282876939e-05,0.012153210177228873,live
231__A,4,4,0.0,0.049570001661777496,,0.14145420491695404,,,,0.14145420491695404,-0.39041361026465893,-0.13681320543400943,-0.2536004048306495,-0.2536004048306495,0.0,0.2536004048306495,0.0,0.0,,0.6900000078603625,2024-12-07,2024-12-07,same-sign,0.09188420325517654,0.2536004038732599,no bind since Mar-2026
1210__A,14,14,0.0,0.0007394998683594167,,0.0023473750334233046,,,,0.0023473750334233046,-0.05135749257169664,0.1996622137958184,-0.251019706367515,-0.251019706367515,0.0,0.251019706367515,0.251019706367515,0.0,,9.015214149441038,2026-03-18,2026-03-28,one-sided/negligible,0.0016078751650638878,0.2029347451406633,live
970__B,42,42,0.0,-0.0016732144868001342,,-0.002115266863256693,,,,-0.002115266863256693,1.2335077101306524,0.9835432176914765,0.24996449243917596,0.24996449243917596,0.0,0.24996449243917596,0.24996449243917596,0.0,,13.598809529982862,2026-04-14,2026-05-28,one-sided/negligible,-0.0004420523764565587,0.25247821492777894,live
87T233_1,2,2,0.0,0.017386000603437424,,0.0018051558872684836,,,,0.0018051558872684836,-0.02889693435281515,-0.27831509336829185,0.2494181590154767,0.2494181590154767,0.0,0.2494181590154767,0.2494181590154767,0.0,,8.003999829292297,2026-05-15,2026-05-15,one-sided/negligible,-0.01558084471616894,0.24941815689689198,live
LCSES_MR2L,73,73,0.0,-0.021514438092708588,,-0.022070154547691345,,,,-0.022070154547691345,9.274598499760032,9.027369834017009,0.24722866574302316,0.24722866574302316,0.0,0.24722866574302316,0.24722866574302316,0.0,,5.737917814556867,2026-03-10,2026-03-20,same-sign,-0.0005557164549827576,0.2327718403228206,live
RVI_LOYO_1,1,0,0.2,,0.023889999836683273,,-0.0007168150041252375,,,,0.007160822860896587,-0.23865579565366107,0.24581661851455766,0.0,0.24581661851455766,0.24581661851455766,0.0,0.0,,,2025-04-28,2025-04-28,one-sided/negligible,,,no bind since Mar-2026
6085_D__1,5,5,0.0,0.0035071999300271273,,0.0018395455554127693,,,,0.0018395455554127693,-0.28242688288446516,-0.5273447339423001,0.24491785105783492,0.24491785105783492,0.0,0.24491785105783492,0.24491785105783492,0.0,,29.48920021057129,2025-12-19,2026-05-12,one-sided/negligible,-0.001667654374614358,0.2458889686751893,live
BIGLAK_OWLS1_1,56,56,0.0,0.002590589225292206,,0.0014743136707693338,,,,0.0014743136707693338,-0.21067585354467155,-0.3737436129595153,0.16306775941484375,0.16306775941484375,0.0,0.24375866182526806,0.0,0.0,,1.9767321590334177,2024-07-12,2025-08-28,one-sided/negligible,-0.001116275554522872,0.12356835607022044,no bind since Mar-2026
BOS_WHI_1,11,9,0.9,0.028313666582107544,0.0078102778643369675,0.02690941095352173,0.006402338854968548,,,0.02690941095352173,-4.403746880707331,-4.642480555378521,0.23873367467119047,0.22810936346650124,0.01062431120468924,0.23873367467119047,0.0,0.0,,17.953444480895996,2024-10-22,2024-10-22,same-sign,-0.0014042556285858154,0.2269010291832103,no bind since Mar-2026
PAUL_69-1,53,53,0.0,-0.0007715850370004773,,-0.00047104700934141874,,-0.000678399985190481,,-0.00046897929860278964,0.3989048843322962,0.6350234107922006,-0.2361185264599044,-0.2361185264599044,0.0,0.2361185264599044,0.0904912929981947,0.08525740541517735,1.0,13.173830222971034,2024-07-05,2026-09-10,one-sided/negligible,9.318505180999637e-05,0.06506301474877355,live
CALLIC_PORTIL1_1,1,1,0.0,0.026978999376296997,,-0.006240000016987324,,-0.006240000016987324,,-0.0066628241911530495,0.04424159973859787,-0.19128111004829407,0.23552270978689194,0.23552270978689194,0.0,0.23552270978689194,0.23552270978689194,0.23552270978689194,1.0,7.090000152587891,2026-06-24,2026-06-24,OPPOSING,-0.03321899939328432,0.23552271076720288,live
BI_AT4L,19,19,0.0,0.012576157227158546,,-0.0012615994783118367,,,,-0.0012615994783118367,0.008082229804131202,-0.22528445228817873,0.23336668209230993,0.23336668209230993,0.0,0.23336668209230993,0.23336668209230993,0.0,,0.9262631457102927,2025-12-26,2026-01-09,one-sided/negligible,-0.013837756705470383,0.24353067705607115,no bind since Mar-2026
BI_AT4,19,19,0.0,0.012576157227158546,,-0.0012615994783118367,,,,-0.0012615994783118367,0.008082229804131202,-0.22528445228817873,0.23336668209230993,0.23336668209230993,0.0,0.23336668209230993,0.23336668209230993,0.0,,0.9262631457102927,2025-12-26,2026-01-09,one-sided/negligible,-0.013837756705470383,0.24353067705607115,no bind since Mar-2026
6300__C,2,0,0.2,,0.0017999999690800905,,0.001395778963342309,,,,-0.8537531991799672,-1.0845092063148816,0.23075600713491437,0.0,0.23075600713491437,0.23075600713491437,0.0,0.0,,,2024-08-10,2025-08-25,one-sided/negligible,,,no bind since Mar-2026
1400__B,8,8,0.0,0.03751262277364731,,0.04686180502176285,,,,0.04686180502176285,-1.142975869210204,-0.9177651440550108,-0.22521072515519336,-0.22521072515519336,0.0,0.22521072515519336,0.22521072515519336,0.0,,3.135750021901913,2025-11-10,2026-03-16,same-sign,0.00934918224811554,0.23453358751434622,live
HILL_MAR_2_1,3,3,0.0,-0.09066099673509598,,0.0070146662183105946,,0.0070146662183105946,,0.005358690861612558,-0.01614207634702325,0.20871642231941223,-0.22485849866643548,-0.22485849866643548,0.0,0.22485849866643548,0.22485849866643548,0.22485849866643548,1.0,0.7673333287239075,2026-08-27,2026-08-27,OPPOSING,0.09767566295340657,0.22484937476805575,live
GBYUV_03_A,10,7,0.9,-0.012776858173310757,0.012860000133514404,-0.014544806443154812,0.009506196714937687,,,-0.014544806443154812,-0.23187849076930425,-0.45373318755688763,0.22185469678758338,0.04868388001341373,0.17317081677416968,0.22185469678758338,0.2098561866829793,0.0,,2.3365714188132967,2025-02-05,2025-12-10,same-sign,-0.0017679482698440552,0.028916561780806257,no bind since Mar-2026
WEIL_T_WESTSI1_1,13,13,0.0,0.0040835002437233925,,0.0004037825274281204,,,,0.0004037825274281204,-0.014391591843377682,-0.2298530468815443,0.2154614550381666,0.2154614550381666,0.0,0.2154614550381666,0.00028114032465964556,0.0,,3.3170769419521093,2025-03-11,2025-10-31,one-sided/negligible,-0.003679717716295272,0.15867678826500436,no bind since Mar-2026
NEDIN_MVWED_1A_1,1,1,0.0,-0.06192899867892265,,,,,,,0.0,0.21545098721981049,-0.21545098721981049,-0.21545098721981049,0.0,0.21545098721981049,0.0,0.0,,3.4790000915527344,2024-10-31,2024-10-31,one-sided/negligible,,,no bind since Mar-2026
1530__E,49,49,0.0,0.00032767344964668155,,0.0005411991733126342,,,,0.0005411991733126342,-0.5130315830756444,-0.30034771081409417,-0.21268387226155028,-0.21268387226155028,0.0,0.21268387226155028,0.20870956126600504,0.0,,19.686796053331726,2024-09-26,2025-10-10,one-sided/negligible,0.00021352572366595268,0.20597823132363224,no bind since Mar-2026
PAINTC_SERDEV1_1,30,30,0.0,-0.006044566631317139,,-0.004204859491437674,,,,-0.004204859491437674,0.5040898302104324,0.7125575840473175,-0.2084677538368851,-0.2084677538368851,0.0,0.2084677538368851,0.0,0.0,,4.937399999300639,2024-09-23,2025-06-11,one-sided/negligible,0.001839707139879465,0.27250110093462754,no bind since Mar-2026
1215__A,4,4,0.0,0.00953499972820282,,0.005789933726191521,,,,0.005789933726191521,-0.31434597074985504,-0.5164829827845097,0.20213701203465462,0.20213701203465462,0.0,0.20213701203465462,0.0,0.0,,13.465500235557556,2025-04-08,2025-04-09,same-sign,-0.003745066002011299,0.20171674852904697,no bind since Mar-2026
P4_T5_1_1,3,3,0.0,0.16099399328231812,,0.026982514187693596,,,,0.026982514187693596,-0.04068962950259447,-0.2427789308130741,0.20208930131047964,0.20208930131047964,0.0,0.20208930131047964,0.20208930131047964,0.0,,0.5026666522026062,2026-02-26,2026-02-26,same-sign,-0.13401147909462452,0.20208930465964337,no bind since Mar-2026
NORSW_MR1L,23,23,0.0,-0.010763868689537048,,-0.01179824210703373,,,,-0.01179824210703373,2.432534304447472,2.2353295125067234,0.1972047919407487,0.1972047919407487,0.0,0.20042951498180628,0.0,0.0,,9.406260921903279,2025-03-05,2025-04-10,same-sign,-0.0010343734174966812,0.22378048388005528,no bind since Mar-2026
NORSW_MR1H,23,23,0.0,-0.010763868689537048,,-0.01179824210703373,,,,-0.01179824210703373,2.4325117291882634,2.2353088296949863,0.19720289949327707,0.19720289949327707,0.0,0.20042762253433466,0.0,0.0,,9.406174013148183,2025-03-05,2025-04-10,same-sign,-0.0010343734174966812,0.22377841626961684,no bind since Mar-2026
HLND_LWSSW_1,9,9,0.0,0.0021379997488111258,,0.0031389673240482807,,,,0.0031389673240482807,-0.6230065156705678,-0.42494679847732186,-0.1980597171932459,-0.1980597171932459,0.0,0.1980597171932459,0.0,0.0,,22.115888939963448,2024-08-15,2024-08-17,one-sided/negligible,0.001000967575237155,0.19923558953804485,no bind since Mar-2026
CBYKNY14_A,28,28,0.0,-0.0010887144599109888,,-0.002234741346910596,,,,-0.002234741346910596,0.38555606198497117,0.18767386313993484,0.19788219884503633,0.19788219884503633,0.0,0.19788219884503633,0.0,0.0,,6.1642142960003445,2025-07-18,2025-07-20,one-sided/negligible,-0.001146026886999607,0.19780194897242498,no bind since Mar-2026
500__B,20,18,0.8,-0.08253633230924606,-0.028324168175458908,-0.07951772212982178,-0.023422136902809143,,,-0.07951772212982178,2.8999355966225266,3.0900318529456854,-0.1900962563231587,-0.11118740309029818,-0.07890885323286054,0.1951337559148669,0.1926150061190128,0.0,,1.7141110863950517,2025-09-03,2026-05-06,same-sign,0.003018610179424286,0.09313619713301025,live
6017__B,3,0,1.1,,0.00679555581882596,,-0.0026518935337662697,,,,0.040714300237596035,-0.15113243088126183,0.19184673111885783,0.0,0.19184673111885783,0.19184673111885783,0.0,0.0,,,2024-08-01,2024-08-01,one-sided/negligible,,,no bind since Mar-2026
TMPSW_MR1L,7,7,0.0,0.053375422954559326,,0.05677921697497368,,,,0.05677921697497368,-3.087207183241844,-2.9020606242120266,-0.18514655902981758,-0.18514655902981758,0.0,0.18514655902981758,0.0,0.0,,7.76785717691694,2025-01-26,2025-01-26,same-sign,0.0034037940204143524,0.18508130067155815,no bind since Mar-2026
FD_WW_25_A,5,5,0.0,0.01288519985973835,,-0.00661455187946558,,,,-0.00661455187946558,0.04112843477196293,-0.14275877084583044,0.18388720561779337,0.18388720561779337,0.0,0.18388720561779337,0.0,0.0,,2.0602000176906587,2024-11-14,2024-12-09,OPPOSING,-0.01949975173920393,0.20086694439035696,no bind since Mar-2026
GRSES_MR1H,16,16,0.0,0.01149618811905384,,0.0076994821429252625,,,,0.0076994821429252625,-0.29251349708647467,-0.44148808548925444,0.14897458840277977,0.14897458840277977,0.0,0.1836221611883957,0.14114636927843094,0.0,,2.6032500532455742,2025-04-06,2025-10-12,same-sign,-0.003796705976128578,0.15814040055223216,no bind since Mar-2026
GRSES_MR1L,16,16,0.0,0.01149618811905384,,0.0076994821429252625,,,,0.0076994821429252625,-0.29251349708647467,-0.44148808548925444,0.14897458840277977,0.14897458840277977,0.0,0.1836221611883957,0.14114636927843094,0.0,,2.6032500532455742,2025-04-06,2025-10-12,same-sign,-0.003796705976128578,0.15814040055223216,no bind since Mar-2026
ANSN_RADIUM1_1,13,11,1.1,-0.0002748636470641941,-0.0001588750019436702,-0.0001627372985240072,-0.00010701591963879764,,,-0.0001627372985240072,0.1245543846162036,0.29364578639312333,-0.16909140177691975,-0.15982529637403786,-0.0092661054028819,0.18116141312445203,0.0,0.0,,95.83009199662642,2024-09-18,2025-03-24,one-sided/negligible,0.00011212634854018688,0.11819586125437098,no bind since Mar-2026
700__H,59,59,0.0,0.0020123221911489964,,0.002507739467546344,,0.0027966401539742947,,0.0025456794537603855,-0.9024219501334301,-0.7222550867663813,-0.1801668633670488,-0.1801668633670488,0.0,0.1801668633670488,0.1801668633670488,0.1616330121869396,1.0,6.224169488364862,2026-05-11,2026-09-09,one-sided/negligible,0.0007843179628252983,0.28802194807022874,live
MAGRUDER_XF1L,6,6,0.0,-0.03116566687822342,,-0.007548073772341013,,,,-0.007548073772341013,0.05755055381450802,0.23766875499859452,-0.1801182011840865,-0.1801182011840865,0.0,0.1801182011840865,0.1801182011840865,0.0,,1.2710000177224476,2026-02-12,2026-02-12,same-sign,0.023617593105882406,0.18010776753682858,no bind since Mar-2026
MAGRUDER_XF1H,6,6,0.0,-0.03116566687822342,,-0.007548073772341013,,,,-0.007548073772341013,0.05755055381450802,0.23766875499859452,-0.1801182011840865,-0.1801182011840865,0.0,0.1801182011840865,0.1801182011840865,0.0,,1.2710000177224476,2026-02-12,2026-02-12,same-sign,0.023617593105882406,0.18010776753682858,no bind since Mar-2026
GBYWV_10_A,3,0,1.6,,-0.00032750001992098987,,-0.0005537549150176346,,,,0.4452064055949449,0.2652017096988857,0.18000469589605927,0.0,0.18000469589605927,0.18000469589605927,0.18000469589605927,0.0,,,2025-10-07,2025-10-07,one-sided/negligible,,,no bind since Mar-2026
CKT_977_1,4,4,0.0,-0.008049999363720417,,-0.004887349437922239,,,,-0.004887349437922239,0.2758626416325569,0.4553980529308319,-0.179535411298275,-0.179535411298275,0.0,0.179535411298275,0.0,0.0,,14.03725004196167,2025-03-13,2025-03-14,one-sided/negligible,0.0031626499257981777,0.17757963121448217,no bind since Mar-2026
984T485_1,1,1,0.0,0.04077500104904175,,0.0008849999867379665,,0.0008849999867379665,,0.0009655465255491436,-0.003981614951044321,-0.1834467351436615,0.17946512019261718,0.17946512019261718,0.0,0.17946512019261718,0.17946512019261718,0.17946512019261718,1.0,4.499000072479248,2026-06-19,2026-06-19,one-sided/negligible,-0.03989000106230378,0.179465117670502,live
1590__E,54,33,12.1,-0.0019123635720461607,-0.0006190229905769229,-0.0026975905057042837,-0.0009475870174355805,,,-0.0026975905057042837,0.7702973117678388,0.5913688634827848,0.17892844828505375,0.08853571508007008,0.09039273320498371,0.17892845372019417,0.17892845372019417,0.0,,3.3989696695723315,2025-10-05,2025-11-30,one-sided/negligible,-0.000785226933658123,0.0880757635307631,no bind since Mar-2026
990__B,101,101,0.0,0.0017533169593662024,,0.0021534552797675133,,0.0021534552797675133,,0.002189996186643839,-0.94067353320861,-0.7626209908703458,-0.17805254233826417,-0.17805254233826417,0.0,0.17805254233826417,0.17805254233826417,0.17805254233826417,1.0,4.029366335877688,2026-07-01,2026-09-11,one-sided/negligible,0.0004001383204013109,0.16284269166988793,live
MARCON_P_ISAB1_1,2,2,0.0,-0.01347300037741661,,0.0001357478031422943,,,,0.0001357478031422943,-0.0017674363916739821,0.17541847005486488,-0.17718590644653887,-0.17718590644653887,0.0,0.17718590644653887,0.0,0.0,,6.510000228881836,2025-02-18,2025-02-18,one-sided/negligible,0.013608748180558905,0.17718590754046748,no bind since Mar-2026
FTCHAD_GARNET1_1,23,23,0.0,0.002771217841655016,,0.0018116934224963188,,-0.0004724999889731407,,0.0018099185544997454,-0.30382576541160233,-0.4743111089046579,0.17048534349305555,0.17048534349305555,0.0,0.17294263635994866,0.06881128586246632,7.521998486481607e-05,1.0,7.196521579571392,2025-07-29,2026-07-02,one-sided/negligible,-0.0032437178306281567,0.5369001634215887,live
MIL_PALPNTO_1,2,0,0.3,,0.0026374999433755875,,0.0019604284316301346,,,,-0.5012521520256996,-0.6740253940224648,0.17277324199676514,0.0,0.17277324199676514,0.17277324199676514,0.0,0.0,,,2025-01-15,2025-01-15,one-sided/negligible,,,no bind since Mar-2026
CAGNON_MR3H,3,0,1.4,,0.0,,0.006098692771047354,,,,-0.16931075333074355,0.0,-0.16931075333074355,0.0,-0.16931075333074355,0.16931075333074355,0.0,0.0,,,2025-01-21,2025-01-21,one-sided/negligible,,,no bind since Mar-2026
112T400_1,13,13,0.0,0.0011695832945406437,,0.00035998455132357776,,,,0.00035998455132357776,-0.04634804860688746,-0.2153445403673686,0.16899649176048115,0.16899649176048115,0.0,0.16899649176048115,0.0,0.0,,17.214846175450546,2025-03-12,2025-07-18,one-sided/negligible,-0.0008095987432170659,0.1811825317681584,no bind since Mar-2026
GIRA_T_SPUR1_1,330,212,89.4,0.00016591920575592667,-0.0001428131654392928,0.00021232727158349007,-0.00014289916725829244,,,0.00021232727158349007,0.1127461191038795,0.14032657179996022,-0.027580452696080712,-0.027084383430064918,-0.000496069266015793,0.16869944154253363,0.0029282737887115218,0.0,,9.532448104169783,2024-07-03,2026-04-01,one-sided/negligible,4.6408065827563405e-05,0.09378508557262237,faded (<25% in last 12m)
SSPSW_MR1H,6,0,2.7,,4.848096796195023e-05,,-0.0005466529401019216,,,,0.21733015848440118,0.05038087560872858,0.16694928287567257,0.0,0.16694928287567257,0.16694928287567257,0.0,0.0,,,2025-07-01,2025-07-02,one-sided/negligible,,,no bind since Mar-2026
280__A,8,8,0.0,-0.16701987385749817,,-0.15206891298294067,,,,-0.15206891298294067,1.6949534751474857,1.861660836264491,-0.16670736111700535,-0.16670736111700535,0.0,0.16670736111700535,0.16670736111700535,0.0,,1.393124976195395,2026-03-09,2026-03-09,same-sign,0.014950960874557495,0.16662845609972954,live
6054__B,4,2,0.4,-0.004873000085353851,0.031539998948574066,-0.002145008184015751,0.03422638773918152,,,-0.002145008184015751,-1.9815068475824469,-1.8167760275925198,-0.164730819989927,-0.007652017404325306,-0.1570788025856017,0.164730819989927,0.0,0.0,,1.4024999737739563,2025-02-06,2025-03-05,one-sided/negligible,0.0027279919013381004,0.007652017140164502,no bind since Mar-2026
CERROR_PECAN1_1,61,61,0.0,0.0031033765990287066,,0.0022786720655858517,,0.0022786720655858517,,0.002235790714621544,-0.4548348061507568,-0.6194013066997286,0.16456650054897182,0.16456650054897182,0.0,0.16456650054897182,0.16456650054897182,0.16456650054897182,1.0,3.329508203219195,2026-07-11,2026-09-13,one-sided/negligible,-0.0008247045334428549,0.1674974910691327,live
230__B,2,0,0.3,,-0.016686666756868362,,0.08232840150594711,,,,-0.1359690489868323,0.02760847968359788,-0.16357752867043018,0.0,-0.16357752867043018,0.16357752867043018,0.0,0.0,,,2024-12-06,2024-12-06,one-sided/negligible,,,no bind since Mar-2026
19T128_1,8,8,0.0,-0.022180624306201935,,-0.017898768186569214,,,,-0.017898768186569214,0.7963634468615055,0.9557787738740444,-0.1594153270125389,-0.1594153270125389,0.0,0.1594153270125389,0.04112572222948074,0.0,,5.2151250168681145,2025-01-31,2026-03-11,same-sign,0.004281856119632721,0.17864331974501146,live
JFSSC_06_A,199,199,0.0,-0.0018754472257569432,,-0.0013999850489199162,,,,-0.0013999850489199162,0.2350299708177772,0.3466680325560674,-0.11163806173829016,-0.11163806173829016,0.0,0.1557788152719013,0.04282757950170435,0.0,,1.1815025070553469,2024-12-12,2026-03-30,one-sided/negligible,0.0004754621768370271,0.1117901910346451,live
690__Z,1,0,0.2,,-0.0012149999383836985,,-0.002319108694791794,,,,0.3268207808335622,0.1713029642899831,0.1555178165435791,0.0,0.1555178165435791,0.1555178165435791,0.0,0.0,,,2025-08-11,2025-08-11,one-sided/negligible,,,no bind since Mar-2026
LYNX_TOMBST1_1,30,29,0.2,0.0026732757687568665,0.004769999999552965,0.0016834161942824721,0.0032048169523477554,0.0006128000095486641,,0.0016812020912766457,-0.18488151375125503,-0.33815293541056235,0.15327142165930732,0.15250905685161342,0.0007623648076939083,0.1554265275428103,0.05014193352417351,0.004982400835615408,0.5555555555555556,3.5336895859880566,2024-11-16,2026-09-13,one-sided/negligible,-0.0020604757592082024,0.21115137024235092,live
2450__A,6,6,0.0,0.000805000017862767,,0.0005097972461953759,,,,0.0005097972461953759,-0.11751116393133998,-0.2724086823873222,0.1548975184559822,0.1548975184559822,0.0,0.1548975184559822,0.12207934027537704,0.0,,75.31116624673207,2024-10-24,2026-02-01,one-sided/negligible,-0.00029520277166739106,0.13339239008123388,no bind since Mar-2026
6518__B,6,6,0.0,-0.0012286667479202151,,-4.2511557694524527e-05,,,,-4.2511557694524527e-05,0.007366119418293238,0.16134330281056464,-0.1539771833922714,-0.1539771833922714,0.0,0.1539771833922714,0.0,0.0,,21.713500479857128,2025-05-14,2025-05-15,one-sided/negligible,0.0011861551902256906,0.15453348775290335,no bind since Mar-2026
6670__A,35,35,0.0,-0.0006348570459522307,,-0.0004160650714766234,,-0.0003169999981764704,,-0.0004150809545535594,0.3025658526078132,0.4556644363360647,-0.15309858372825147,-0.15309858372825147,0.0,0.15309858372825147,0.0002045920166438009,0.0002045920166438009,1.0,16.664200239894644,2024-10-27,2026-06-17,one-sided/negligible,0.0003178570477757603,0.185389172212896,faded (<25% in last 12m)
MGSES_MR4L,93,93,0.0,0.00019486014207359403,,0.0002821093949023634,,,,0.0002821093949023634,-0.019843896850488818,-0.005176340549951419,-0.014667556300537399,-0.014667556300537399,0.0,0.15245850451128717,0.08034784878282153,0.0,,1.4977526952217142,2024-11-04,2025-12-03,one-sided/negligible,8.724925282876939e-05,0.012153035732974422,no bind since Mar-2026
DOWSEB27_A,1,1,0.0,0.10738799721002579,,-0.02259746938943863,,,,-0.02259746938943863,0.026371248066425323,-0.12532180547714233,0.15169305354356766,0.15169305354356766,0.0,0.15169305354356766,0.15169305354356766,0.0,,1.1670000553131104,2025-09-20,2025-09-20,OPPOSING,-0.12998546659946442,0.15169304671147543,no bind since Mar-2026
6155__B,13,13,0.0,-0.0028659231029450893,,-0.0017103571444749832,,,,-0.0017103571444749832,0.23063039244152606,0.3820604360662401,-0.15143004362471402,-0.15143004362471402,0.0,0.15143004362471402,0.0,0.0,,9.861230740180382,2025-04-16,2025-04-18,one-sided/negligible,0.0011555659584701061,0.14813893317562843,no bind since Mar-2026
PAT_BOWI_1,218,209,3.9,0.0002512584032956511,-0.0004370648239273578,0.00015016034012660384,-0.0002897364320233464,,,0.00015016034012660384,-0.05626514017149021,-0.1516271316606132,0.09536199148912299,0.12300739667216476,-0.027645405183041778,0.15120120075350013,0.02399831626098603,0.0,,4.591449745444461,2024-11-03,2026-05-05,one-sided/negligible,-0.00010109806316904724,0.09701501536811204,faded (<25% in last 12m)
RODG_BRIR_1,428,428,0.0,-3.799999467446469e-05,,0.00011276888835709542,,-0.0005758333718404174,,0.00010908828699029982,-0.0913283163812082,-0.014381754863734386,-0.07694656151747381,-0.07694656151747381,0.0,0.14997380557619522,0.06312676551942786,0.03530698460963322,1.0,1.4723644916079155,2024-07-10,2026-06-23,one-sided/negligible,-0.0005378333771659527,0.33892753625062655,live
6031__A,3,3,0.0,-0.061264995485544205,,-0.03943777456879616,,,,-0.03943777456879616,0.2521423436701298,0.40009506791830063,-0.14795272424817085,-0.14795272424817085,0.0,0.14795272424817085,0.12857739627361298,0.0,,2.2980000575383506,2024-10-31,2025-12-13,same-sign,0.021827220916748047,0.1504768647677679,no bind since Mar-2026
350__B,16,16,0.0,0.017502311617136,,0.02157958596944809,,0.022557230666279793,,0.021859608590602875,-0.7818832215853035,-0.6339419899741188,-0.14794123161118478,-0.14794123161118478,0.0,0.14794123161118478,0.14794123161118478,0.12403275340329856,1.0,2.257750035263598,2026-03-23,2026-09-10,same-sign,0.005054919049143791,0.18260389858334444,live
14040__E,13,13,0.0,-0.0037456152494996786,,-0.0021714256145060062,,,,-0.0021714256145060062,0.19778173440136015,0.34176200930960476,-0.1439802749082446,-0.1439802749082446,0.0,0.1439802749082446,0.0,0.0,,7.043692293075415,2024-07-16,2024-09-14,one-sided/negligible,0.0015741896349936724,0.14414539619797367,no bind since Mar-2026
RBS_HRN_1,7,7,0.0,-0.002282428788021207,,-0.012917421758174896,,-0.010860334150493145,,-0.013948204927146435,0.17621243838220835,0.03303438553120941,0.14317805285099894,0.14317805285099894,0.0,0.14317805285099894,0.09660989383701235,0.09660989383701235,1.0,1.8385714547974723,2025-03-18,2026-09-13,one-sided/negligible,-0.008577905362471938,0.11039764358976549,live
KEY_SW_PALMHR1_1,1,1,0.0,0.037884000688791275,,0.0007337196730077267,,,,0.0007337196730077267,-0.0028072113636881113,-0.1449441909790039,0.1421369796153158,0.1421369796153158,0.0,0.1421369796153158,0.0,0.0,,3.8259999752044678,2024-10-24,2024-10-24,one-sided/negligible,-0.03715028101578355,0.14213697424522687,no bind since Mar-2026
440__A,1,0,0.2,,-0.12504999339580536,,-0.0474131740629673,,,,0.08657847841580708,0.22841285169124603,-0.14183437327543896,0.0,-0.14183437327543896,0.14183437327543896,0.0,0.0,,,2024-11-19,2024-11-19,one-sided/negligible,,,no bind since Mar-2026
WINCHES_AT2L,3,3,0.0,-0.008030333556234837,,0.016293374821543694,,,,0.016293374821543694,-0.10238023102283478,0.03920405637472868,-0.14158428739756346,-0.14158428739756346,0.0,0.14158428739756346,0.0,0.0,,2.018666625022888,2025-04-30,2025-05-01,OPPOSING,0.02432370837777853,0.1473043748970334,no bind since Mar-2026
WINCHES_AT2H,3,3,0.0,-0.008030333556234837,,0.016293374821543694,,,,0.016293374821543694,-0.10238023102283478,0.03920405637472868,-0.14158428739756346,-0.14158428739756346,0.0,0.14158428739756346,0.0,0.0,,2.018666625022888,2025-04-30,2025-05-01,OPPOSING,0.02432370837777853,0.1473043748970334,no bind since Mar-2026
CONSW_MR1L,6,6,0.0,-0.010429666377604008,,-0.005990121513605118,,,,-0.005990121513605118,0.1906250815372914,0.33176298905164003,-0.14113790751434863,-0.14113790751434863,0.0,0.14113790751434863,0.0,0.0,,5.310166661938031,2025-03-27,2025-03-27,same-sign,0.00443954486399889,0.1414483387859107,no bind since Mar-2026
CONSW_MR1H,6,6,0.0,-0.010429666377604008,,-0.005990121513605118,,,,-0.005990121513605118,0.1906250815372914,0.33176298905164003,-0.14113790751434863,-0.14113790751434863,0.0,0.14113790751434863,0.0,0.0,,5.310166661938031,2025-03-27,2025-03-27,same-sign,0.00443954486399889,0.1414483387859107,no bind since Mar-2026
440__B,1,1,0.0,-0.170742005109787,,-0.11960595101118088,,,,-0.11960595101118088,0.3284379541873932,0.4688575565814972,-0.140419602394104,-0.140419602394104,0.0,0.140419602394104,0.140419602394104,0.0,,2.746000051498413,2025-12-07,2025-12-07,same-sign,0.05113605409860611,0.14041960718819801,no bind since Mar-2026
1300T465_1,5,4,0.2,-0.0419747531414032,-0.07060333341360092,-0.0010086148977279663,0.0006116374279372394,,,-0.0010086148977279663,0.0005218232593809565,0.14060085949798423,-0.1400790362386033,-0.05188888224074617,-0.08819015399785711,0.1400790362386033,0.05188888224074617,0.0,,0.31599999964237213,2025-03-19,2025-11-09,one-sided/negligible,0.04096613824367523,0.05178119868140296,no bind since Mar-2026
ELSA_WESLAC1_1,7,7,0.0,-0.011254998855292797,,,,,,,0.0,0.135450791567564,-0.135450791567564,-0.135450791567564,0.0,0.135450791567564,0.0,0.0,,1.7205714242798942,2025-04-29,2025-04-30,one-sided/negligible,,,no bind since Mar-2026
VLSES_MR1L,23,23,0.0,0.002048782305791974,,0.0029571957420557737,,,,0.0029571957420557737,-0.43686559212437714,-0.30171743818573304,-0.1351481539386441,-0.1351481539386441,0.0,0.1351481539386441,0.02042498579248786,0.0,,6.393869574951089,2024-12-03,2026-01-11,one-sided/negligible,0.0009084134362637997,0.13359037172688923,no bind since Mar-2026
VLSES_MR1H,23,23,0.0,0.002048782305791974,,0.0029571957420557737,,,,0.0029571957420557737,-0.43686559212437714,-0.30171743818573304,-0.1351481539386441,-0.1351481539386441,0.0,0.1351481539386441,0.02042498579248786,0.0,,6.393869574951089,2024-12-03,2026-01-11,one-sided/negligible,0.0009084134362637997,0.13359037172688923,no bind since Mar-2026
690__A,1,1,0.0,0.005187000147998333,,0.006940189283341169,,,,0.006940189283341169,-0.5271073579788208,-0.3939526379108429,-0.1331547200679779,-0.1331547200679779,0.0,0.1331547200679779,0.1331547200679779,0.0,,75.94999694824219,2025-10-07,2025-10-07,same-sign,0.0017531891353428364,0.13315470947897978,no bind since Mar-2026
1545__A,491,99,275.1,0.0001912043517222628,-0.0004360198799986392,0.00023443816462531686,-0.00042469240725040436,0.00023568366304971278,-0.00043642829405143857,0.00023849612625781447,4.944407527396076,5.074938790429314,-0.13053126303323848,-0.006179146738986674,-0.12435211629425179,0.13053126303323848,0.13053126303323848,0.11580926253463977,1.0,1.1937979759855404,2025-11-22,2026-09-13,one-sided/negligible,4.447931132744998e-05,0.005256831871758109,live
6950__A,2,0,0.9,,0.05193749815225601,,0.045473117381334305,,,,-0.41084772969285643,-0.5262882970273495,0.11544056733449298,0.0,0.11544056733449298,0.12858643879493076,0.12858643879493076,0.0,,,2026-02-04,2026-02-25,one-sided/negligible,,,no bind since Mar-2026
POLK_A_SERDEV1_1,1,1,0.0,-0.18351100385189056,,7.798239676048979e-05,,,,7.798239676048979e-05,-5.3183994168648496e-05,0.1251544952392578,-0.12520767923342646,-0.12520767923342646,0.0,0.12520767923342646,0.0,0.0,,0.6819999814033508,2025-05-07,2025-05-07,one-sided/negligible,0.18358898624865105,0.12520768520744005,no bind since Mar-2026
960__D,13,13,0.0,0.0038408462423831224,,0.004831296857446432,,0.0023620000574737787,,0.004834302235394716,-0.5975239824911114,-0.4727125538047403,-0.12481142868637107,-0.12481142868637107,0.0,0.12481142868637107,0.12481142868637107,8.61360167618841e-05,1.0,9.024153801111074,2025-10-30,2026-07-13,one-sided/negligible,-0.0014788461849093437,0.17348936047050745,live
RINCON_SERDEV1_1,2,2,0.0,0.026251498609781265,,-0.005275825969874859,,,,-0.005275825969874859,0.02061792789027095,-0.10259177722036839,0.12320970511063933,0.12320970511063933,0.0,0.12320970511063933,0.0,0.0,,1.9539999961853027,2025-02-13,2025-02-13,OPPOSING,-0.031527324579656124,0.12320878421676174,no bind since Mar-2026
CHBJOR97_A,12,12,0.0,0.01826566457748413,,0.01792096346616745,,0.02020433358848095,,0.01969105191528797,-0.3812964977696538,-0.4028377116192132,0.021541213849559426,0.021541213849559426,0.0,0.12282354407943785,0.12282354407943785,0.07218237896449864,1.0,1.7539999696115653,2026-04-08,2026-08-26,same-sign,0.0019386690109968185,0.040805104636503636,live
570T570_1,1,1,0.0,-0.02307400107383728,,-0.011853618547320366,,,,-0.011853618547320366,0.11981727555394173,0.24234484881162643,-0.12252757325768471,-0.12252757325768471,0.0,0.12252757325768471,0.12252757325768471,0.0,,10.228999853134155,2025-10-28,2025-10-28,same-sign,0.011220382526516914,0.11477329121585056,no bind since Mar-2026
G138_8A_1,40,20,8.3,0.0003663000534288585,0.00440487265586853,0.001170469680801034,0.004306460730731487,,,0.001170469680801034,-0.3135109578439976,-0.34462763192035106,0.031116674076353462,-0.03627443417462928,0.06739110825098274,0.12123317562084897,0.12083697003799898,0.0,,2.2503500070422886,2025-07-28,2026-06-03,one-sided/negligible,0.0008041696273721755,0.03619326253240339,live
LON_HI_SERDEV2_1,3,2,0.1,0.03658299893140793,0.025919999927282333,-0.0026264723856002092,0.006112212315201759,,,-0.0026264723856002092,0.006676363293081522,-0.1113671384130915,0.11804350170617302,0.11476612160913646,0.00327738009703656,0.11804350170617302,0.11804350170617302,0.0,,1.4635000228881836,2026-02-24,2026-03-31,one-sided/negligible,-0.03920947131700814,0.11476612433974998,live
BALLIN_COLE_I1_1,60,60,0.0,0.001425061491318047,,0.000939616875257343,,-0.00023038461222313344,,0.0009610646520741284,-0.39840858356490116,-0.49301236172323115,0.09460377815832999,0.09460377815832999,0.0,0.11599036853715461,0.11599036853715461,0.05132708757139426,0.9629629629629629,2.640066679008305,2025-12-02,2026-09-11,one-sided/negligible,-0.0016554461035411805,0.2622292858111922,live
FTST_TOMBST1_1,16,16,0.0,0.0037523747887462378,,0.0021475343964993954,,,,0.0021475343964993954,-0.13586857909558603,-0.2504155428246122,0.11454696372902617,0.11454696372902617,0.0,0.11482108371501454,0.045412128762109205,0.0001370599929941818,0.0,4.132812427575118,2024-11-16,2026-08-18,one-sided/negligible,-0.0016048403922468424,0.10612006907763644,live
100027_D_1,1004,1004,0.0,0.0031329316552728415,,0.0030534625984728336,,0.0019225382711738348,,0.0030513321980834007,-2.0894888648481356,-2.1796102490302474,0.0901213841821118,0.0901213841821118,0.0,0.11259306788224421,0.043290441657518386,0.006898010744407657,1.0,0.7190627479315614,2024-07-12,2026-09-13,one-sided/negligible,-0.0012103933840990067,0.8738301880198073,live
670__C,16,16,0.0,0.01242112461477518,,0.010458181612193584,,0.009545153938233852,,0.010221870616078377,-0.5912200035527349,-0.7014225497841835,0.11020254623144865,0.11020254623144865,0.0,0.11020254623144865,0.07121238205581903,0.07121238205581903,1.0,3.4978749724105,2025-08-22,2026-07-16,same-sign,-0.0028759706765413284,0.1609565736137665,live
SNDSW_MR2L,4,4,0.0,-0.02816612459719181,,-0.01454235427081585,,,,-0.01454235427081585,0.107306526042521,0.21662890538573265,-0.10932237934321165,-0.10932237934321165,0.0,0.10932237934321165,0.10932237934321165,0.0,,2.5782499946653843,2025-12-11,2026-05-10,same-sign,0.013623770326375961,0.14050194308520497,live
COLETA_SANA1_1,7,7,0.0,-0.01254200004041195,,-0.0075664157047867775,,,,-0.0075664157047867775,0.43726155045442283,0.5166267976164818,-0.07936524716205895,-0.07936524716205895,0.0,0.10376593540422618,0.10376593540422618,0.0,,8.43085720709392,2025-12-04,2025-12-05,same-sign,0.004975584335625172,0.29363908738856365,no bind since Mar-2026
1220__C,28,28,0.0,-3.325923898955807e-05,,0.0013456831220537424,,,,0.0013456831220537424,-0.08755657636538672,0.01554045480042987,-0.10309703116581659,-0.10309703116581659,0.0,0.10309703116581659,0.10042208608138026,0.0,,2.163464287894645,2024-07-21,2026-04-26,one-sided/negligible,0.0013789423610433005,0.08353219148910453,live
MERK_MKLT1_1,57,56,0.1,0.0003517142904456705,-0.0006399999838322401,0.00026187667390331626,-0.0007812589756213129,0.0002899999963119626,,0.000261792098172009,-0.17649665941875506,-0.2748971243089879,0.0984004648902328,0.09837911865668048,2.134623355232179e-05,0.0984004648902328,0.03276290031260487,3.012499655596912e-05,1.0,14.65483925044204,2025-02-02,2026-06-17,one-sided/negligible,-6.171429413370788e-05,0.05064713135910328,live
6011__A,3,3,0.0,0.001957666827365756,,-0.0007145596318878233,,,,-0.0007145596318878233,0.025405559688806534,-0.06946320086717606,0.09486876055598259,0.09486876055598259,0.0,0.09486876055598259,0.0,0.0,,11.877666473388672,2025-05-14,2025-05-14,one-sided/negligible,-0.0026722264592535794,0.09521944387313508,no bind since Mar-2026
GATEET_UNIVER1_1,2,2,0.0,0.0284000001847744,,0.002379000186920166,,0.002379000186920166,,0.0024971901439130306,-0.008566256234189495,-0.10222741472534835,0.09366115849115886,0.09366115849115886,0.0,0.09366115849115886,0.09366115849115886,0.09366115849115886,1.0,1.8820000365376472,2026-09-04,2026-09-04,one-sided/negligible,-0.026020999997854233,0.09794304589341557,live
HON_HOC9_1,19,19,0.0,-0.0015358946984633803,,8.657959551783279e-05,,0.0001140000022132881,,8.366734255105257e-05,-0.004298901539186772,0.08888168531120755,-0.09318058685039432,-0.09318058685039432,0.0,0.09318058685039432,0.09318058685039432,0.0004425000115588773,1.0,3.026999981779801,2026-01-06,2026-07-14,one-sided/negligible,0.0016498947006766684,0.09489039334885044,live
KOCH_UP_69A1,4,0,1.2,,-0.0008102500578388572,,0.0011195439146831632,,,,-1.004547746037133,-0.9124826512609918,-0.09206509477614114,0.0,-0.09206509477614114,0.09206509477614114,0.0,0.0,,,2025-02-23,2025-10-21,one-sided/negligible,,,no bind since Mar-2026
6520__D,3,3,0.0,-0.0018560000462457538,,-0.0009946676436811686,,,,-0.0009946676436811686,0.10578887024894357,0.19739674217998981,-0.09160787193104625,-0.09160787193104625,0.0,0.09160787193104625,0.09160787193104625,0.0,,35.451999505360924,2026-01-14,2026-01-14,one-sided/negligible,0.0008613324025645852,0.09160786772901304,no bind since Mar-2026
CTRPHR97_A,2,0,0.3,,-0.014665000140666962,,-0.010205397382378578,,,,0.1994087534646193,0.2865426739056905,-0.08713392044107118,0.0,-0.08713392044107118,0.08713392044107118,0.08713392044107118,0.0,,,2026-01-25,2026-01-25,one-sided/negligible,,,no bind since Mar-2026
1935__A,1,1,0.0,-0.026232000440359116,,-0.02028200775384903,,,,-0.02028200775384903,0.29605647921562195,0.38290852308273315,-0.0868520438671112,-0.0868520438671112,0.0,0.0868520438671112,0.0868520438671112,0.0,,14.597000122070312,2026-03-10,2026-03-10,same-sign,0.005949992686510086,0.08685204397130519,live
JACKCNTY_BLSRA_1,17,1,7.5,0.0014690000098198652,-0.0002793140010908246,0.0015023924643173814,-0.0005702718626707792,,,0.0015023924643173814,0.13641536028202003,0.05134299388737417,0.08507236639464584,-1.4058256056159735e-05,0.085086424650702,0.08510048290675816,0.0031130028461727006,0.0,,0.42100000381469727,2024-10-24,2025-10-04,one-sided/negligible,3.3392454497516155e-05,1.4058223470836406e-05,no bind since Mar-2026
6615__E,51,51,0.0,-0.0005941372946836054,,-0.0003671001468319446,,,,-0.0003671001468319446,0.14151661258597414,0.22601965127955737,-0.08450303869358322,-0.08450303869358322,0.0,0.08450303869358322,0.0,0.0,,6.991548978330969,2024-07-05,2025-04-11,one-sided/negligible,0.00022703714785166085,0.08095440829437828,no bind since Mar-2026
CDHSW_AXFL,5,5,0.0,-0.018530800938606262,,-0.021533718332648277,,,,-0.021533718332648277,0.5578192423563451,0.47688146377913654,0.08093777857720852,0.08093777857720852,0.0,0.08297486044466496,0.08172053098678589,0.0,,5.445400011539459,2024-12-10,2026-05-22,same-sign,-0.003002917394042015,0.08176043206084216,live
CDHSW_AXFH,5,5,0.0,-0.018530800938606262,,-0.021533718332648277,,,,-0.021533718332648277,0.5578192423563451,0.47688146377913654,0.08093777857720852,0.08093777857720852,0.0,0.08297486044466496,0.08172053098678589,0.0,,5.445400011539459,2024-12-10,2026-05-22,same-sign,-0.003002917394042015,0.08176043206084216,live
140T198_1,4,4,0.0,0.0139979999512434,,-0.008026249706745148,,-0.008026249706745148,,-0.005747075192630291,0.029793543450068682,-0.05168993305414915,0.08148347650421783,0.08148347650421783,0.0,0.08148347650421783,0.08148347650421783,0.08148347650421783,1.0,0.9250000054016709,2026-08-18,2026-09-04,OPPOSING,-0.02202424965798855,0.08148972421042863,live
SCHNDR_BIGHIL_1,5,5,0.0,-0.04111960157752037,,-0.02663286402821541,,-0.025848500430583954,,-0.026093963533639908,0.14948724582791328,0.23024282418191433,-0.08075557835400105,-0.08075557835400105,0.0,0.08075557835400105,0.07854050677269697,0.07854050677269697,1.0,1.1524000018835068,2025-09-12,2026-07-08,same-sign,0.015271101146936417,0.08799208495246374,live
1530__D,12,0,7.5,,-0.0014855574117973447,,-0.0012839953415095806,,,,0.5190660683826233,0.5995888084871693,-0.08052274010454612,0.0,-0.08052274010454612,0.08052274010454612,0.08052274010454612,0.0,,,2025-10-07,2025-10-08,one-sided/negligible,,,no bind since Mar-2026
565__F,28,16,8.7,0.0005301249912008643,6.875000690342858e-05,0.0006189012783579528,5.237492950982414e-05,,,0.0006189012783579528,-0.15793800128813018,-0.1614271638961024,0.0034891626079722043,-0.006677750247035874,0.010166912855008071,0.07962364077927,0.07962364077927,0.0,,5.853437480283901,2025-12-04,2025-12-15,one-sided/negligible,8.877628715708852e-05,0.008314343145691972,no bind since Mar-2026
6058__A,1,1,0.0,-0.05616400018334389,,-0.034915052354335785,,,,-0.034915052354335785,0.1290111094713211,0.20752598345279694,-0.07851487398147583,-0.07851487398147583,0.0,0.07851487398147583,0.07851487398147583,0.0,,3.694999933242798,2025-12-13,2025-12-13,same-sign,0.021248947829008102,0.07851486080966463,no bind since Mar-2026
6285__G,26,26,0.0,0.0014842306263744831,,0.0010411901166662574,,0.0011829999275505543,,0.0010343743488192558,-0.17153761466033757,-0.24844165159447584,0.07690403693413828,0.07690403693413828,0.0,0.07690403693413828,0.0524221834493801,0.010840697563253343,1.0,6.48042306303978,2025-05-29,2026-09-03,one-sided/negligible,-0.00030123069882392883,0.050754661566808634,live
975__A,23,23,0.0,0.0005407390999607742,,0.0005736746825277805,,0.003719000145792961,,0.0005854503833688796,0.06283630366669968,0.03253418245003559,0.03030212121666409,0.03030212121666409,0.0,0.07636000693310052,0.023028942858218215,0.007564517771243118,1.0,12.728521645716999,2025-04-09,2026-08-14,one-sided/negligible,0.003178261045832187,0.9304549839051252,live
6695__A,11,4,3.8,-0.0005474999779835343,0.0004864523943979293,-0.0003039554867427796,0.0004819285240955651,-0.00034100000630132854,,-0.00030098893330432475,-6.611421340766052,-6.6764842208455475,0.06506288007949505,-0.005040608783019707,0.07010348886251476,0.07514409764553447,0.005040608783019707,0.00047625595470890403,1.0,5.027749910950661,2024-09-27,2026-07-09,one-sided/negligible,0.0002064999716822058,0.004152920856946097,faded (<25% in last 12m)
SOLSTICE_T2,61,61,0.0,0.0030392457265406847,,0.002178177470341325,,0.002171875210478902,,0.0021185444202274084,-0.1888821469328832,-0.26330876842257567,0.07442662148969248,0.07442662148969248,0.0,0.07442662148969248,0.07442662148969248,0.07023642439162359,1.0,1.4322950870531503,2026-05-16,2026-09-09,one-sided/negligible,-0.0008673705160617828,0.07578216225741288,live
2080__B,8,8,0.0,-0.0013271250063553452,,-0.001723590074107051,,,,-0.001723590074107051,0.31516925850883126,0.24183380417525768,0.07333545433357358,0.07333545433357358,0.0,0.07333545433357358,0.07333545433357358,0.0,,22.927874445915222,2026-03-24,2026-03-25,one-sided/negligible,-0.00039646506775170565,0.07272081036481903,live
BESSEL_LON_HI1_1,1,1,0.0,-0.03798399865627289,,0.00045134799438528717,,,,0.00045134799438528717,-0.0008521450217813253,0.07171379029750824,-0.07256593531928957,-0.07256593531928957,0.0,0.07256593531928957,0.07256593531928957,0.0,,1.8880000114440918,2025-10-20,2025-10-20,one-sided/negligible,0.038435346650658175,0.07256593491630027,no bind since Mar-2026
BI_SF_37_A,1,0,0.2,,0.007790000177919865,,0.008829591795802116,,,,-0.6093512376149495,-0.5376073320706685,-0.071743905544281,0.0,-0.071743905544281,0.071743905544281,0.071743905544281,0.0,,,2026-05-13,2026-05-13,one-sided/negligible,,,live
LONGWR_ROBY1_1,59,59,0.0,-0.0004073050513397902,,-0.00027163277263753116,,,,-0.00027163277263753116,0.10109653968174825,0.16797703988777357,-0.06688050020602532,-0.06688050020602532,0.0,0.06688050020602532,0.04908588811667869,0.0,,7.178864402475498,2024-08-11,2026-03-23,one-sided/negligible,0.00013567227870225906,0.05746440062672455,live
6840__A,33,4,8.2,0.00041799998143687844,2.8369906431180425e-05,0.00030402050470001996,-1.1679450835799798e-05,0.0003480000013951212,,0.0003032890672329813,-0.08292394215944418,-0.14848136679938762,0.06555742463994343,0.048461092646903126,0.017096331993040316,0.06555742463994343,0.06483193883226099,1.7174999811686575e-05,1.0,67.4017484486103,2024-10-28,2026-08-16,one-sided/negligible,-6.999998004175723e-05,0.01887248418472905,live
623T623_1,3,3,0.0,0.00016633332415949553,,0.003288083476945758,,,,0.003288083476945758,-0.057524391915649176,0.0074208376463502645,-0.06494522956199944,-0.06494522956199944,0.0,0.06494522956199944,0.0,0.0,,5.818333228429158,2024-07-08,2024-11-09,one-sided/negligible,0.0031217501527862623,0.05449014793443033,no bind since Mar-2026
690T690_1,2,2,0.0,-0.04170449823141098,,-0.017566034570336342,,,,-0.017566034570336342,0.04715410200878978,0.1119458694010973,-0.06479176739230752,-0.06479176739230752,0.0,0.06479176739230752,0.06479176739230752,0.0,,1.3410000652074814,2025-10-16,2025-10-16,same-sign,0.02413846366107464,0.06473936268701902,no bind since Mar-2026
629T629_1,1,1,0.0,-0.02310200035572052,,-0.01772763580083847,,,,-0.01772763580083847,0.20886699855327606,0.2721877694129944,-0.06332077085971832,-0.06332077085971832,0.0,0.06332077085971832,0.06332077085971832,0.0,,11.781999588012695,2025-11-09,2025-11-09,same-sign,0.0053743645548820496,0.06332076097145034,no bind since Mar-2026
REBECC_TWILIG1_1,45,45,0.0,0.00021000001288484782,,0.0001263899466721341,,,,0.0001263899466721341,-0.0947034561872897,-0.15547050535406015,0.06076704916677045,0.06076704916677045,0.0,0.06143807220405506,0.00033551151864230633,0.0,,15.550955690360732,2025-07-25,2026-04-16,one-sided/negligible,-8.361006621271372e-05,0.05850973957239171,faded (<25% in last 12m)
EXSUV_03_A,6,6,0.0,-0.009097999893128872,,-0.013520561158657074,,,,-0.013520561158657074,0.1980381845496595,0.13725858135148883,0.06077960319817066,0.06077960319817066,0.0,0.06077960319817066,0.06077960319817066,0.0,,2.467999945084254,2026-02-23,2026-02-24,same-sign,-0.004422561265528202,0.06548928576273211,no bind since Mar-2026
W_DENT_T1L,5,5,0.0,-0.0003769999311771244,,-0.004257430788129568,,-0.006297999992966652,,-0.004280318971723318,0.08431625296361744,0.02439997799228877,0.059916274971328676,0.059916274971328676,0.0,0.059916274971328676,0.059916274971328676,0.007432090118527412,1.0,3.44619996547699,2025-10-11,2026-07-31,one-sided/negligible,-0.0059210000617895275,0.10202475104264162,live
226__A,1,0,0.2,,0.014329999685287476,,0.09746596962213516,,,,-0.07008048410837849,-0.010318769762913387,-0.059761714345465095,0.0,-0.059761714345465095,0.059761714345465095,0.0,0.0,,,2024-11-28,2024-11-28,one-sided/negligible,,,no bind since Mar-2026
871__C,47,47,0.0,-0.00031187233980745077,,-0.00041401153430342674,,,,-0.00041401153430342674,0.2363808002210135,0.17685952492229262,0.059521275298720866,0.059521275298720866,0.0,0.059521275298720866,0.0,0.0,,12.218319181075438,2024-09-17,2024-10-03,one-sided/negligible,-0.00010213919449597597,0.05865455612473957,no bind since Mar-2026
GRE_GRAHAM_1,6,6,0.0,0.0010618333471938968,,0.0042108334600925446,,0.0042108334600925446,,0.004597582388669252,-0.07883515767753124,-0.019504887866787612,-0.05933026981074363,-0.05933026981074363,0.0,0.05933026981074363,0.05933026981074363,0.05933026981074363,1.0,3.103999972343445,2026-06-28,2026-08-31,one-sided/negligible,0.003149000112898648,0.058646977580081444,live
HILLCTRY_MR3L,1,1,0.0,-0.011057999916374683,,0.0018873565131798387,,,,0.0018873565131798387,-0.008606345392763615,0.0504244789481163,-0.05903082434087992,-0.05903082434087992,0.0,0.05903082434087992,0.0,0.0,,4.559999942779541,2024-10-02,2024-10-02,one-sided/negligible,0.012945356429554522,0.059030824578029384,no bind since Mar-2026
HILLCTRY_MR3H,1,1,0.0,-0.011057999916374683,,0.0018873565131798387,,,,0.0018873565131798387,-0.008606345392763615,0.0504244789481163,-0.05903082434087992,-0.05903082434087992,0.0,0.05903082434087992,0.0,0.0,,4.559999942779541,2024-10-02,2024-10-02,one-sided/negligible,0.012945356429554522,0.059030824578029384,no bind since Mar-2026
1390__D,1,0,0.5,,-0.0029516667127609253,,-0.0033630363177508116,,,,0.4663581276933352,0.4096692899862925,0.056688837707042694,0.0,0.056688837707042694,0.056688837707042694,0.056688837707042694,0.0,,,2025-10-02,2025-10-02,one-sided/negligible,,,no bind since Mar-2026
2340__D,33,27,1.1,-0.0016275555826723576,-0.0005250000394880772,-0.00134659418836236,-0.00028774133534170687,,-0.001019999966956675,-0.00134659418836236,0.17375296779209748,0.22715934077859856,-0.05340637298650108,-0.04279202819452621,-0.010614344791974872,0.05482841722550802,0.05301382147202578,0.004209628018240135,1.0,4.446962928330457,2025-05-14,2026-08-20,one-sided/negligible,0.00028096139430999756,0.03373447242929207,live
650__B,2,2,0.0,-0.016140500083565712,,-0.01272627990692854,,,,-0.01272627990692854,0.21409422566648573,0.2682979681994766,-0.05420374253299087,-0.05420374253299087,0.0,0.05420374253299087,0.0,0.0,,7.916000001132488,2024-07-11,2025-07-30,same-sign,0.0034142201766371727,0.05405393384425285,no bind since Mar-2026
627T627_1,3,3,0.0,-0.02320699952542782,,-0.008407999761402607,,-0.008407999761402607,,-0.00837822537869215,0.030521039851009846,0.08424140699207783,-0.05372036714106798,-0.05372036714106798,0.0,0.05372036714106798,0.05372036714106798,0.05372036714106798,1.0,1.2100000182787578,2026-06-13,2026-06-13,same-sign,0.014798999764025211,0.05372036995493351,live
151__A,5,3,0.3,-0.4398709833621979,0.007054999936372042,-0.45129331946372986,-0.004846666939556599,-0.45129331946372986,-0.004846666939556599,-0.45289039611816406,0.9807751604821533,0.9276735101205608,0.05310165036159257,0.024519002065062523,0.028582648296530046,0.05310165036159257,0.05310165036159257,0.05310165036159257,1.0,0.7156666554510593,2026-08-13,2026-08-13,same-sign,-0.011422336101531982,0.024523755225663857,live
W_DENT_T1H,4,4,0.0,0.0006930000381544232,,-0.003747288603335619,,,,-0.003747288603335619,0.055792612256482244,0.00330842740368098,0.05248418485280126,0.05248418485280126,0.0,0.05248418485280126,0.05248418485280126,0.0,,3.1755000054836273,2025-10-11,2026-04-16,one-sided/negligible,-0.004440288641490042,0.05640054642160207,live
6015__A,1,1,0.0,0.03715800121426582,,0.029628600925207138,,,,0.029628600925207138,-0.20446696877479553,-0.2564273774623871,0.05196040868759155,0.05196040868759155,0.0,0.05196040868759155,0.05196040868759155,0.0,,6.901000022888184,2026-05-12,2026-05-12,same-sign,-0.007529400289058685,0.05196039156712828,live
BENTSE_S_MCAL1_1,1,0,0.1,,-0.06769999861717224,,-0.0013465180527418852,,,,0.0010541418256858983,0.05299995839595795,-0.05194581657027205,0.0,-0.05194581657027205,0.05194581657027205,0.05194581657027205,0.0,,,2026-02-01,2026-02-01,one-sided/negligible,,,no bind since Mar-2026
JUNCTI_KMJC1_1,10,10,0.0,-0.005042600445449352,,-0.003426596522331238,,,,-0.003426596522331238,0.10949541427544318,0.16096165744238533,-0.05146624316694215,-0.05146624316694215,0.0,0.05146624316694215,0.0,0.0,,3.254300031810999,2025-04-08,2025-04-23,one-sided/negligible,0.0016160039231181145,0.05258961618409979,no bind since Mar-2026
6780__A,116,111,1.8,0.00029634233214892447,-0.00011544443987077102,0.00020589235646184534,-0.0003905229386873543,0.0003889473737217486,,0.00020426468108780682,-0.06381781920117646,-0.11458292171391804,0.05076510251274157,0.0443686408107169,0.006396461702024679,0.05076510251274157,0.017858141072792932,0.004654831827792805,1.0,3.7391080926801705,2025-03-04,2026-09-12,one-sided/negligible,9.260504157282412e-05,0.038434888900840264,live
N3_U2_1,52,52,0.0,2.0379997295094654e-05,,-0.001529896748252213,,,,-0.001529896748252213,0.06031429146821665,0.009685520929906488,0.050628770538310164,0.050628770538310164,0.0,0.050743233924436026,0.0,0.0,,0.6780384592510438,2024-08-26,2025-06-27,one-sided/negligible,-0.0015502767455473077,0.05465965731010818,no bind since Mar-2026
379T367_1,1,1,0.0,0.00356299988925457,,0.008391999639570713,,0.008391999639570713,,0.006827631499618292,-0.08752015978097916,-0.037158526480197906,-0.05036163330078125,-0.05036163330078125,0.0,0.05036163330078125,0.05036163330078125,0.05036163330078125,1.0,10.428999900817871,2026-07-31,2026-07-31,one-sided/negligible,0.004828999750316143,0.05036163791709658,live
1680__E,1,0,0.1,,0.004410000052303076,,0.0035365179646760225,,,,-0.19725410143534342,-0.24597376585006714,0.04871966441472372,0.0,0.04871966441472372,0.04871966441472372,0.0,0.0,,,2025-02-20,2025-02-20,one-sided/negligible,,,no bind since Mar-2026
1060__E,1,1,0.0,-0.015469999983906746,,-0.019038384780287743,,,,-0.019038384780287743,0.2593979835510254,0.21077874302864075,0.048619240522384644,0.048619240522384644,0.0,0.048619240522384644,0.048619240522384644,0.0,,13.625,2026-02-16,2026-02-16,same-sign,-0.0035683847963809967,0.04861924285069108,no bind since Mar-2026
AVANZA_LOBO2_1,3,3,0.0,-0.1649159938097,,-0.0037247929722070694,,-0.003590000094845891,,-0.003895791480317712,0.0011252784242969938,0.04974161786958575,-0.04861633944528876,-0.04861633944528876,0.0,0.04861633944528876,0.02392486884491518,0.02392486884491518,1.0,0.10166666532556216,2025-08-21,2026-09-05,one-sided/negligible,0.16132599371485412,0.049204427433965456,live
SHARPT_SOUTHA1_1,31,31,0.0,0.0002617419231683016,,0.00016876273730304092,,,,0.00016876273730304092,-0.07400187111397827,-0.12192643388152646,0.047924562767548196,0.047924562767548196,0.0,0.048587354717710696,0.04838334131636657,0.0,,16.114580837468946,2025-08-05,2026-05-04,one-sided/negligible,-9.297918586526066e-05,0.04644793881166158,live
970__C,3,0,1.9,,-0.004041547421365976,,-0.0026330112013965845,,,,0.08374709573884805,0.13222151303974292,-0.048474417300894856,0.0,-0.048474417300894856,0.048474417300894856,0.048474417300894856,0.0,,,2026-05-29,2026-05-29,one-sided/negligible,,,live
5025__A,4,3,0.2,-0.021810000762343407,0.024629998952150345,-0.011725240387022495,0.032447993755340576,,,-0.011725240387022495,-0.04714054596843198,-0.00014911704541493986,-0.04699142892301704,-0.027825917990412563,-0.019165510932604476,0.04699142892301704,0.04699142892301704,0.0,,0.8489999969800314,2025-12-18,2026-05-05,same-sign,0.010084760375320911,0.02568588458457538,live
EMSES_MR1H,2,2,0.0,-0.014183499850332737,,-0.015953999012708664,,-0.015953999012708664,,-0.016118068248033524,0.426056157797575,0.37928420677781105,0.04677195101976395,0.04677195101976395,0.0,0.04677195101976395,0.04677195101976395,0.04677195101976395,1.0,13.382999897003174,2026-08-09,2026-08-10,same-sign,-0.001770499162375927,0.04738918021544247,live
AI_DOL84_A,12,12,0.0,-0.003936166409403086,,-0.010466743260622025,,,,-0.010466743260622025,0.07474886381532997,0.02816060519671737,0.0465882586186126,0.0465882586186126,0.0,0.0465882586186126,0.0465882586186126,0.0,,0.5924166661764806,2026-04-09,2026-04-13,one-sided/negligible,-0.006530576851218939,0.04642587079690107,live
ODEM_WWKS_T1_1,2,2,0.0,0.00827100034803152,,0.00039000000106170774,,0.00039000000106170774,,0.0004811455146409571,-0.002296320046298206,-0.048699649050831795,0.04640332900453359,0.04640332900453359,0.0,0.04640332900453359,0.04640332900453359,0.04640332900453359,1.0,2.944000005722046,2026-07-18,2026-07-18,one-sided/negligible,-0.007881000346969813,0.04640333013314915,live
6560__E,17,17,0.0,0.0006247058627195656,,0.000818916130810976,,,,0.000818916130810976,-0.06254648038884625,-0.046578571054851636,-0.015967909333994612,-0.015967909333994612,0.0,0.044935821410035715,0.0,0.0,,4.956882380387363,2024-10-24,2025-05-02,one-sided/negligible,0.0001942102680914104,0.01636551675187451,no bind since Mar-2026
LA_PALMA_69A1,1,1,0.0,-0.006645000074058771,,,,,,,0.0,0.04402312636375427,-0.04402312636375427,-0.04402312636375427,0.0,0.04402312636375427,0.0,0.0,,6.625,2024-11-27,2024-11-27,one-sided/negligible,,,no bind since Mar-2026
228T333_1,2,2,0.0,0.010002000257372856,,0.007961799390614033,,,,0.007961799390614033,-0.1707407832145691,-0.21449289470911026,0.04375211149454117,0.04375211149454117,0.0,0.04375211149454117,0.0,0.0,,10.72249984741211,2025-06-19,2025-06-19,same-sign,-0.0020402008667588234,0.043752106965023074,no bind since Mar-2026
ALPINE_BRONCO1_1,171,91,15.2,0.00011542857100721449,2.3166667233454064e-05,7.386256038444117e-05,2.3166667233454064e-05,0.00014000000373926014,0.0,7.368746446445584e-05,-0.03534880478133573,-0.07438334280732779,0.03903453802599207,0.039034538032055366,-6.063298016337031e-12,0.04200507364822196,0.04179218263688256,0.021117468972988718,0.13333333333333333,5.2707032799339535,2024-07-16,2026-08-24,one-sided/negligible,2.457143273204565e-05,0.011785294529505724,live
6000__C,2,2,0.0,-0.06668700277805328,,-0.08413250744342804,,,,-0.08413250744342804,0.20123421028256416,0.15975093841552734,0.04148327186703682,0.04148327186703682,0.0,0.04148327186703682,0.04148327186703682,0.0,,1.1739999949932098,2026-03-11,2026-03-12,same-sign,-0.017445504665374756,0.040962044779607965,live
ALMC_T2,83,50,8.3,0.00011608000204432756,0.00048385062837041914,,0.00046837556874379516,,,,-0.17069830045064313,-0.21073250118752185,0.040034200736878724,0.03804213841613091,0.0019920623207478143,0.041168123893764154,0.04060116245598995,0.0,,6.595999994874001,2025-01-08,2025-11-12,one-sided/negligible,,,no bind since Mar-2026
672T672_1,4,4,0.0,-0.022410498932003975,,-0.017352774739265442,,,,-0.017352774739265442,0.14385859295725822,0.18498431518673897,-0.04112572222948074,-0.04112572222948074,0.0,0.04112572222948074,0.04112572222948074,0.0,,1.9949999898672104,2025-11-14,2026-03-11,same-sign,0.005057724192738533,0.04036063885305807,live
SHBSW_FMR1,19,19,0.0,-0.0027362636756151915,,-0.003183114342391491,,,,-0.003183114342391491,-0.13144883513450623,-0.10265758284367621,-0.028791252290830016,-0.028791252290830016,0.0,0.04098971583880484,0.03489048406481743,0.0,,2.0532631536847665,2024-10-16,2026-05-30,one-sided/negligible,-0.0004468506667762995,0.01743253817653366,live
1853__B,2,2,0.0,0.0077229999005794525,,0.010300742462277412,,,,0.010300742462277412,-0.16487587988376617,-0.1240345947444439,-0.04084128513932228,-0.04084128513932228,0.0,0.04084128513932228,0.04084128513932228,0.0,,8.035500288009644,2025-10-06,2025-10-07,same-sign,0.00257774256169796,0.041426902193877346,no bind since Mar-2026
1745__E,11,0,7.4,,-0.0013708274345844984,,-0.001561216195113957,,,,0.32832113699017396,0.2875913430664999,0.040729793923674165,0.0,0.040729793923674165,0.040729793923674165,0.040729793923674165,0.0,,,2025-10-07,2025-10-10,one-sided/negligible,,,no bind since Mar-2026
SANMIGEL_CROSS_1,2,2,0.0,0.011454999446868896,,0.003371819853782654,,,,0.003371819853782654,-0.01700136484578252,-0.05754095874726772,0.040539593901485205,0.040539593901485205,0.0,0.040539593901485205,0.0,0.0,,2.5115000009536743,2025-01-01,2025-01-10,one-sided/negligible,-0.008083179593086243,0.04060181111148964,no bind since Mar-2026
3140__F,5,5,0.0,0.004514200147241354,,0.0053442553617060184,,,,0.0053442553617060184,-0.2522198799997568,-0.21197146363556385,-0.04024841636419296,-0.04024841636419296,0.0,0.04024841636419296,0.04024841636419296,0.0,,9.614999914169312,2025-11-12,2025-11-14,one-sided/negligible,0.0008300552144646645,0.03990490407916769,no bind since Mar-2026
GARFIELD_AT1,5,5,0.0,0.013489198870956898,,0.014411780051887035,,,,0.014411780051887035,-0.7187251411378384,-0.7071450240910053,-0.011580117046833038,-0.011580117046833038,0.0,0.03810400515794754,0.03810400515794754,0.0,,9.667599868774413,2026-01-20,2026-02-02,same-sign,0.0009225811809301376,0.044595728518469706,no bind since Mar-2026
504__A,2,2,0.0,-0.1636964976787567,,-0.14775918424129486,,,,-0.14775918424129486,0.3605138994753361,0.3982019517570734,-0.03768805228173733,-0.03768805228173733,0.0,0.03768805228173733,0.03768805228173733,0.0,,1.2065000124275684,2026-03-09,2026-03-09,same-sign,0.015937313437461853,0.03845673772071956,live
JOR_AT2H,1,0,0.6,,0.014942856505513191,,0.010955854319036007,,,,-0.10285960417240857,-0.1404099923868974,0.03755038821448882,0.0,0.03755038821448882,0.03755038821448882,0.03755038821448882,0.0,,,2026-04-15,2026-04-15,one-sided/negligible,,,live
390__A,31,23,5.0,-0.0004171250038780272,-0.002826229203492403,-0.0004999673110432923,-0.0031433086842298508,0.0005489999894052744,,-0.0004987074644304812,0.2954363903298495,0.25827004331176795,0.03716634701808157,0.009953794078384703,0.02721255293969687,0.037548322355628265,0.00019081202481174842,0.00019081202481174842,1.0,1.0190434667595623,2024-12-06,2026-08-27,one-sided/negligible,0.0009661249932833016,0.022644037337004912,faded (<25% in last 12m)
TRIPARK_KURTEN_1,1,1,0.0,-0.007670999970287085,,-0.013896029442548752,,,,-0.013896029442548752,0.08168085664510727,0.04509013518691063,0.03659072145819664,0.03659072145819664,0.0,0.03659072145819664,0.0,0.0,,5.877999782562256,2025-05-15,2025-05-15,same-sign,-0.006225029472261667,0.036590721884397714,no bind since Mar-2026
641__C,3,3,0.0,-0.035362664610147476,,-0.03839695081114769,,,,-0.03839695081114769,0.4768916256725788,0.4403165616095066,0.036575064063072205,0.036575064063072205,0.0,0.036575064063072205,0.0,0.0,,4.129666725794475,2024-10-15,2024-10-15,same-sign,-0.0030342862010002136,0.03759177228242372,no bind since Mar-2026
6155__A,2,2,0.0,-0.002379500074312091,,-0.0013164705596864223,,,,-0.0013164705596864223,0.04801580868661404,0.08443777449429035,-0.036421965807676315,-0.036421965807676315,0.0,0.036421965807676315,0.0,0.0,,16.54100012779236,2025-04-16,2025-04-18,one-sided/negligible,0.0010630295146256685,0.035167142674540464,no bind since Mar-2026
DILLEY_DILLY1_1,1,1,0.0,0.010935000143945217,,0.0007134863990359008,,,,0.0007134863990359008,-0.0025371576193720102,-0.038884859532117844,0.03634770191274583,0.03634770191274583,0.0,0.03634770191274583,0.03634770191274583,0.0,,3.555999994277954,2026-05-15,2026-05-15,one-sided/negligible,-0.010221513744909316,0.03634770281840956,live
874__A,164,144,10.2,-0.00020181943546049297,-0.0004282494483049959,-0.0002583645982667804,-0.0005120271234773099,-0.00015170002006925642,,-0.0002586887567304075,0.1565871205808662,0.1202400132275822,0.03634710735328402,0.014279075652325446,0.022068031700958574,0.03634710735328402,0.013525477516319979,0.00091867815808655,1.0,1.409930550855481,2024-09-16,2026-08-19,one-sided/negligible,5.0119415391236544e-05,0.010175744872961396,live
FREDER_AT2,3,3,0.0,-0.0015179998008534312,,-0.0009002340957522392,,,,-0.0009002340957522392,0.010954556637443602,0.01822750666178763,-0.007272950024344027,-0.007272950024344027,0.0,0.03597421629820019,0.014350633136928082,0.0,,3.7466665705045066,2025-03-24,2026-02-24,one-sided/negligible,0.000617765705101192,0.006943686347120344,no bind since Mar-2026
624T624_1,2,2,0.0,0.030980000272393227,,0.014427979476749897,,,,0.014427979476749897,-0.030039054341614246,-0.0645003616809845,0.03446130733937025,0.03446130733937025,0.0,0.03446130733937025,0.0,0.0,,1.0410000085830688,2024-12-01,2024-12-01,same-sign,-0.01655202079564333,0.03446130758066368,no bind since Mar-2026
6385__A,12,12,0.0,-0.00326608307659626,,-0.0023883490357548,,-0.0023723000194877386,,-0.002328607253730297,0.07742895392038918,0.11178906068380456,-0.03436010676341539,-0.03436010676341539,0.0,0.03436010676341539,0.03436010676341539,0.003588517856769613,1.0,2.5701666675352803,2026-01-15,2026-08-21,one-sided/negligible,0.0008937830571085215,0.027566057056657246,live
YELWJCKT_PS_1,1,0,0.2,,-0.011394999921321869,,-0.005226904526352882,,,,0.028166069338719048,0.061401670177777604,-0.033235600839058556,0.0,-0.033235600839058556,0.033235600839058556,0.0,0.0,,,2025-05-18,2025-05-18,one-sided/negligible,,,no bind since Mar-2026
1745__F,7,6,0.8,-0.0003078333393204957,-0.0014179999707266688,-0.0005358168273232877,-0.0016194365452975035,,,-0.0005358168273232877,0.10568525432609022,0.07303805160336196,0.03264720272272825,0.02752542227972299,0.005121780443005264,0.03264720272272825,0.03264720272272825,0.0,,20.21483341852824,2025-10-07,2025-10-09,one-sided/negligible,-0.000227983488002792,0.02765188939290883,no bind since Mar-2026
KMJC_SEGOV_1_1,2,2,0.0,-0.0044650002382695675,,-0.003096449188888073,,,,-0.003096449188888073,0.07190033793449402,0.1040583923459053,-0.032158054411411285,-0.032158054411411285,0.0,0.032158054411411285,0.0,0.0,,12.038500308990479,2025-04-14,2025-04-21,one-sided/negligible,0.0013685510493814945,0.03295060446169673,no bind since Mar-2026
MILL_CEN_1,1,1,0.0,-0.0015950000379234552,,0.0004759953881148249,,,,0.0004759953881148249,-0.0072755892761051655,0.02437957562506199,-0.031655164901167154,-0.031655164901167154,0.0,0.031655164901167154,0.0,0.0,,15.28499984741211,2025-05-07,2025-05-07,one-sided/negligible,0.00207099542603828,0.03165516477098629,no bind since Mar-2026
6615__H,36,36,0.0,-0.00046458328142762184,,-0.00030671723652631044,,-0.00027933335513807833,,-0.0003048290964215994,0.04603537895673071,0.07666746761424292,-0.030632088657512213,-0.030632088657512213,0.0,0.030632088657512213,0.008635265925477142,0.0014474229956249474,0.6666666666666666,4.799805560459693,2025-06-17,2026-09-12,one-sided/negligible,0.0001852499262895435,0.03200989054605477,live
DANEVA_69_1,2,2,0.0,0.004769999999552965,,-0.0009750820463523269,,,,-0.0009750820463523269,0.00662087982709636,-0.021991238929331303,0.028612118756427662,0.028612118756427662,0.0,0.028612118756427662,0.0,0.0,,2.3205000162124634,2025-04-23,2025-04-23,one-sided/negligible,-0.005745082045905292,0.026662925961330325,no bind since Mar-2026
CB_TO_21_A,3,3,0.0,0.0037380000576376915,,0.011302790604531765,,,,0.011302790604531765,-0.0423738444224,-0.014013762352988124,-0.028360082069411874,-0.028360082069411874,0.0,0.028360082069411874,0.028360082069411874,0.0,,1.249666651089986,2025-10-02,2025-10-02,one-sided/negligible,0.0075647905468940735,0.028360399406802905,no bind since Mar-2026
BSPSW_FMR1,23,23,0.0,-0.0003690869780257344,,-0.00026140664704144,,,,-0.00026140664704144,0.044235109899091185,0.07230042783157842,-0.028065317932487233,-0.028065317932487233,0.0,0.028065317932487233,0.002596770238596946,0.0,,9.763695763505023,2024-12-21,2025-10-28,one-sided/negligible,0.00010768033098429441,0.024181233803216004,no bind since Mar-2026
YELWJCKT_69T2,6,5,0.1,-0.006050600204616785,9.999999747378752e-05,-0.004093890078365803,9.999999747378752e-05,,,-0.004093890078365803,0.058870615592847265,0.0864832295725743,-0.02761261397972703,-0.02761261397972703,0.0,0.02761261397972703,0.0,0.0,,2.8489999532699586,2025-04-09,2025-10-29,one-sided/negligible,0.0019567101262509823,0.027873335291259516,no bind since Mar-2026
ODEHV_MR3L,1,1,0.0,-0.003575999988242984,,-0.002050000010058284,,-0.002050000010058284,,-0.0019954019226133823,0.03693484887480736,0.06442879140377045,-0.02749394252896309,-0.02749394252896309,0.0,0.02749394252896309,0.02749394252896309,0.02749394252896309,1.0,18.017000198364258,2026-06-04,2026-06-04,one-sided/negligible,0.0015259999781847,0.027493941909657593,live
BUNSEN_LON_HI1_1,11,11,0.0,-0.0061982725746929646,,0.00024228687107097358,,0.00029366667149588466,,0.00025907400413416326,-0.0010257945522198497,0.025474975484030438,-0.026500770036250287,-0.026500770036250287,0.0,0.026500770036250287,0.026500770036250287,0.024670790499499162,1.0,0.29399999967691576,2026-04-29,2026-09-10,one-sided/negligible,0.006491939246188849,0.02099493149910286,live
SLKSW_AX1H,1,1,0.0,0.023530999198555946,,0.01297030970454216,,,,0.01297030970454216,-0.03223121911287308,-0.05847452953457832,0.026243310421705246,0.026243310421705246,0.0,0.026243310421705246,0.026243310421705246,0.0,,2.484999895095825,2025-10-07,2025-10-07,same-sign,-0.010560689494013786,0.026243312284763842,no bind since Mar-2026
MER_WNT_1,1,1,0.0,-0.0021589999087154865,,-0.0003725136921275407,,,,-0.0003725136921275407,0.005417094100266695,0.03139617666602135,-0.025979082565754652,-0.025979082565754652,0.0,0.025979082565754652,0.0,0.0,,14.541999816894531,2024-11-14,2024-11-14,one-sided/negligible,0.0017864862165879458,0.025979082234506512,no bind since Mar-2026
ARGENTA_AMATH_1,7,7,0.0,0.0032577139791101217,,-0.0009611428831703961,,-0.0009611428831703961,,-0.0010417057201266289,0.005792697991637397,-0.019975883784354664,0.02576858177599206,0.02576858177599206,0.0,0.02576858177599206,0.02576858177599206,0.02576858177599206,1.0,0.8691428495304925,2026-08-23,2026-09-12,one-sided/negligible,-0.004218856862280518,0.025667524925306332,live
DKEC_JATN1_1,9,9,0.0,-0.00020644444157369435,,-0.00014904442650731653,,,,-0.00014904442650731653,0.0456714407337131,0.06492805888410658,-0.01925661815039348,-0.01925661815039348,0.0,0.02534924699284602,0.0029466399282682687,0.0,,17.840777648819817,2024-11-13,2025-10-12,one-sided/negligible,5.740001506637782e-05,0.009216548152543387,no bind since Mar-2026
CBYDKR83_A,11,11,0.0,-0.0010859090834856033,,-0.0023731845431029797,,,,-0.0023731845431029797,0.04860071005532518,0.02357155644131126,0.02502915361401392,0.02502915361401392,0.0,0.02502915361401392,0.02502915361401392,0.0,,1.7152727246284485,2025-11-20,2026-04-15,one-sided/negligible,-0.0012872754596173763,0.02428831333461759,live
423T423_1,5,3,0.7,-0.012505999766290188,-0.03628033399581909,-0.010963025502860546,-0.03450753167271614,,,-0.010963025502860546,0.3063869246592124,0.3306746861586968,-0.024287761499484375,-0.01368001103401184,-0.010607750465472535,0.024287761499484375,0.024287761499484375,0.0,,2.955333391825358,2026-02-14,2026-02-14,same-sign,0.0015429742634296417,0.01368001009032227,no bind since Mar-2026
430T430_1,3,3,0.0,-0.00228599994443357,,-0.001094395061954856,,,,-0.001094395061954856,0.021800349932163954,0.045537118799984455,-0.0237367688678205,-0.0237367688678205,0.0,0.0237367688678205,0.0,0.0,,6.639999866485596,2025-02-15,2025-02-15,one-sided/negligible,0.001191604882478714,0.023736768781686735,no bind since Mar-2026
DERSC_85_A,21,21,0.0,0.002232571365311742,,0.004256301559507847,,,,0.004256301559507847,-0.04863813940028194,-0.025041757704457268,-0.023596381695824675,-0.023596381695824675,0.0,0.023596381695824675,0.016291259868012276,0.0,,0.5526190502125592,2024-12-15,2025-09-24,one-sided/negligible,0.002023730194196105,0.02348538901386572,no bind since Mar-2026
CARVER_LVOK1_1,5,5,0.0,-0.007382600102573633,,-0.002420600038021803,,-0.002420600038021803,,-0.0024428756441920996,0.011259990104008466,0.03469236067030579,-0.023432370566297323,-0.023432370566297323,0.0,0.023432370566297323,0.023432370566297323,0.023432370566297323,1.0,0.9718000084161759,2026-07-19,2026-08-25,one-sided/negligible,0.00496200006455183,0.02411035852246267,live
RYSSW_FMR3,2,2,0.0,-0.0038640000857412815,,-0.006824654061347246,,,,-0.006824654061347246,0.05148519016802311,0.029150016605854034,0.022335173562169075,0.022335173562169075,0.0,0.022335173562169075,0.022335173562169075,0.0,,3.771999955177307,2025-10-14,2025-10-14,one-sided/negligible,-0.0029606539756059647,0.02233517332656243,no bind since Mar-2026
BIG_WE_DILLEY1_1,12,12,0.0,0.00261666695587337,,0.0027556652203202248,,,,0.0027556652203202248,-0.44035202730447054,-0.41809934936463833,-0.02225267793983221,-0.02225267793983221,0.0,0.02225267793983221,0.01694696582853794,0.0,,13.02133305867513,2024-09-07,2026-01-20,one-sided/negligible,0.0001389982644468546,0.02171931235128355,no bind since Mar-2026
SOLSTICE_T1,13,13,0.0,0.003024153644219041,,0.002164758276194334,,0.002151818247511983,,0.0021133203990757465,-0.05525310931261629,-0.07719562109559774,0.021942511782981455,0.021942511782981455,0.0,0.021942511782981455,0.021942511782981455,0.01875766587909311,1.0,1.9603846336786563,2026-05-16,2026-08-27,one-sided/negligible,-0.000872335396707058,0.022231467792540385,live
DEL_MA_UNIVER1_1,1,1,0.0,-0.004660999868065119,,0.001484000007621944,,0.001484000007621944,,0.0015255549224093556,-0.0051153479143977165,0.01606646738946438,-0.021181815303862095,-0.021181815303862095,0.0,0.021181815303862095,0.021181815303862095,0.021181815303862095,1.0,3.447000026702881,2026-08-17,2026-08-17,one-sided/negligible,0.006144999875687063,0.021181814735582505,live
SLKSW_AX2H,3,3,0.0,0.015912000089883804,,0.009604999795556068,,0.009604999795556068,,0.009345253929495811,-0.03217675007908838,-0.05330520034476649,0.02112845026567811,0.02112845026567811,0.0,0.02112845026567811,0.02112845026567811,0.02112845026567811,1.0,1.116666669336458,2026-06-30,2026-06-30,same-sign,-0.006307000294327736,0.02112845103651304,live
LHMLY_08_A,7,4,1.3,-0.0007139999652281404,-0.0029999406542629004,-0.000931612157728523,-0.0031777198892086744,,,-0.000931612157728523,0.4149710507590498,0.3938468290974318,0.02112422166161802,0.0005243547548161587,0.02059986690680186,0.02112422166161802,0.0,0.0,,0.6107500065118074,2024-12-26,2024-12-28,one-sided/negligible,-0.00021761219250038266,0.0005316265919466296,no bind since Mar-2026
482T484_1,6,6,0.0,0.005608333274722099,,0.003925342112779617,,,,0.003925342112779617,-0.048958859872072935,-0.06993872678140178,0.020979866909328848,0.020979866909328848,0.0,0.020979866909328848,0.0,0.0,,2.082166660577059,2025-07-23,2025-07-24,one-sided/negligible,-0.001682991161942482,0.02102560852465489,no bind since Mar-2026
B_DAVI_PHARAO1_1,2,0,0.7,,0.024992499500513077,,-0.0001049999991664663,,-0.0001049999991664663,,9.64992408019801e-05,-0.0203771231463179,0.020473622387119878,0.0,0.020473622387119878,0.020473622387119878,0.020473622387119878,0.020473622387119878,1.0,,2026-08-25,2026-08-25,one-sided/negligible,,,live
910__A,4,0,0.7,,-0.00041375000728294253,,-0.0012976649450138211,,,,0.028343322143579524,0.009003136268196005,0.019340185875383515,0.0,0.019340185875383515,0.019340185875383515,0.00444686474899451,0.0,,,2025-04-28,2025-10-04,one-sided/negligible,,,no bind since Mar-2026
1600__J,7,5,0.3,-0.0014967999886721373,0.00023999999393709004,-0.0020210775546729565,-0.00017587566981092095,,,-0.0020210775546729565,0.07378909300556795,0.054499210474508196,0.019289882531059753,0.018454271834343672,0.0008356106967160788,0.019289882531059753,0.019289882531059753,0.0,,7.168399930000305,2025-10-10,2025-11-14,one-sided/negligible,-0.0005242775660008192,0.018791156337105014,no bind since Mar-2026
CHAMPL_CLARK_1_1,11,11,0.0,0.0007113636820577085,,0.00028833962278440595,,,,0.00028833962278440595,-0.00205165971419774,-0.011621865298366174,0.009570205584168434,0.009570205584168434,0.0,0.019199211383238435,0.0,0.0,,0.6815454485741529,2025-05-12,2025-09-06,one-sided/negligible,-0.00042302405927330256,0.003171411344585902,no bind since Mar-2026
279T294_1,1,1,0.0,-0.002068999921903014,,0.0042619649320840836,,,,0.0042619649320840836,-0.012879658490419388,0.00625251792371273,-0.019132176414132118,-0.019132176414132118,0.0,0.019132176414132118,0.0,0.0,,3.0220000743865967,2024-08-09,2024-08-09,one-sided/negligible,0.006330964853987098,0.01913217625968794,no bind since Mar-2026
BUNHOC08_A,2,2,0.0,0.0038640000857412815,,0.020769435912370682,,,,0.020769435912370682,-0.023274690029211342,-0.004333506221882999,-0.018941183807328343,-0.018941183807328343,0.0,0.018941183807328343,0.0,0.0,,0.5604999996721745,2024-08-12,2024-08-20,one-sided/negligible,0.0169054358266294,0.01895099355056749,no bind since Mar-2026
IOLA_KEITHSW_1,2,1,0.1,-0.005299000069499016,-0.000859999970998615,-0.011149109341204166,-0.005289999768137932,,-0.005289999768137932,-0.011149109341204166,0.027544589713215828,0.008909263803313175,0.018635325909902654,0.007435488980263472,0.011199836929639181,0.018635325909902654,0.011199836929639181,0.011199836929639181,1.0,1.2710000276565552,2024-09-21,2026-07-10,same-sign,-0.005850109271705151,0.007435489046131116,live
PECAN__POTOSI1_1,29,29,0.0,0.002629965078085661,,0.0018692731391638517,,,,0.0018692731391638517,-0.044425235427297594,-0.06265167387346082,0.01822643844616323,0.01822643844616323,0.0,0.01822643844616323,0.0,0.0,,0.8730689587938631,2024-08-11,2024-08-26,one-sided/negligible,-0.0007606919389218092,0.01925995905324312,no bind since Mar-2026
6345__B,2,0,0.9,,0.0022394442930817604,,0.0031616247724741697,,,,-0.05961928058726092,-0.04182813087633501,-0.01779114971092591,0.0,-0.01779114971092591,0.01779114971092591,0.0,0.0,,,2024-11-03,2024-11-03,one-sided/negligible,,,no bind since Mar-2026
890__H,29,28,0.1,0.0010209643514826894,0.001019999966956675,0.0013267786707729101,0.0013550359290093184,0.0013746250187978148,,0.0013488680124282837,-0.07461875998099761,-0.057285058754738806,-0.017333701226258807,-0.017078868397220504,-0.00025483282903830207,0.017333701226258807,0.01491239922324894,0.01491239922324894,1.0,1.9837499871583921,2025-07-24,2026-08-28,one-sided/negligible,0.00035366066731512547,0.019644081638854637,live
2340__E,23,23,0.0,-0.001603913027793169,,-0.0013356326380744576,,,,-0.0013356326380744576,0.07085624511819333,0.08665647605084814,-0.015800230932654813,-0.015800230932654813,0.0,0.01722227517166175,0.01722227517166175,0.0,,2.3025652351586716,2026-02-18,2026-03-31,one-sided/negligible,0.0002682803897187114,0.01420786126874587,live
FRPHIL_GILLES1_1,6,6,0.0,0.003374166786670685,,0.0022137544583529234,,0.001498500001616776,,0.002204372314736247,-0.028104514116421342,-0.04485554504208267,0.016751030925661325,0.016751030925661325,0.0,0.016751030925661325,0.01167955668643117,0.01167955668643117,1.0,2.639833296338717,2024-11-26,2026-07-09,one-sided/negligible,-0.0018756667850539088,0.02970868579213142,live
DKEC_GIRA_T1_1,17,17,0.0,0.00015058822464197874,,0.00020828719425480813,,,,0.00020828719425480813,-0.049186409247340634,-0.0496328785084188,0.000446469261078164,0.000446469261078164,0.0,0.016596025234321132,0.0,0.0,,13.181470527368432,2024-08-24,2025-04-22,one-sided/negligible,5.769896961282939e-05,0.012929473545987636,no bind since Mar-2026
659T659_1,5,5,0.0,-0.012267000041902065,,-0.0048719532787799835,,,,-0.0048719532787799835,0.010698307858547196,0.026926065154839307,-0.01622775729629211,-0.01622775729629211,0.0,0.01622775729629211,0.0,0.0,,0.43899999633431436,2025-08-09,2025-08-15,one-sided/negligible,0.007395046763122082,0.016232127509513385,no bind since Mar-2026
CN345_MR2H,2,2,0.0,0.004368499852716923,,0.0033651089761406183,,,,0.0033651089761406183,-0.05403338931500912,-0.07014470174908638,0.016111312434077263,0.016111312434077263,0.0,0.016111312434077263,0.016111312434077263,0.0,,8.028500318527222,2025-10-14,2025-10-14,one-sided/negligible,-0.0010033908765763044,0.016111447944400337,no bind since Mar-2026
CN345_MR2L,2,2,0.0,0.004368499852716923,,0.0033651089761406183,,,,0.0033651089761406183,-0.05403338931500912,-0.07014470174908638,0.016111312434077263,0.016111312434077263,0.0,0.016111312434077263,0.016111312434077263,0.0,,8.028500318527222,2025-10-14,2025-10-14,one-sided/negligible,-0.0010033908765763044,0.016111447944400337,no bind since Mar-2026
CTHR_DOLAN1_1,2,2,0.0,-0.018786000087857246,,-0.008097708225250244,,,,-0.008097708225250244,0.011366788297891617,0.027352812234312296,-0.01598602393642068,-0.01598602393642068,0.0,0.01598602393642068,0.0,0.0,,0.695000022649765,2024-11-26,2024-12-13,same-sign,0.010688291862607002,0.014856726173198331,no bind since Mar-2026
BELD_BRONCO1_1,22,21,0.1,-9.609524568077177e-05,0.0,-6.144736107671633e-05,0.0,,,-6.144736107671633e-05,0.023747963372443337,0.0374395232720417,-0.01369155989959836,-0.01369155989959836,0.0,0.01544677214405965,0.01544677214405965,0.0,,9.809714237848917,2025-02-14,2025-12-10,one-sided/negligible,3.4647884604055434e-05,0.007137602785146727,no bind since Mar-2026
3210__A,1,1,0.0,-0.0004459999909158796,,0.0007386986981146038,,,,0.0007386986981146038,-0.00959348026663065,0.005792201962321997,-0.015385682228952646,-0.015385682228952646,0.0,0.015385682228952646,0.015385682228952646,0.0,,12.987000465393066,2026-02-10,2026-02-10,one-sided/negligible,0.0011846986890304834,0.015385682425789443,no bind since Mar-2026
565__D,4,0,1.4,,-0.0004011249984614551,,-0.00040892153629101813,,,,0.023640541631417964,0.03612365762819536,-0.012483115996777393,0.0,-0.012483115996777393,0.015271245123585686,0.015271245123585686,0.0,,,2025-10-17,2025-12-05,one-sided/negligible,,,no bind since Mar-2026
VICTOR_V_DUPS1_1,3,3,0.0,0.0033489998895674944,,-0.006672385614365339,,,,-0.006672385614365339,0.010128681547939777,-0.005083782016299665,0.015212463564239442,0.015212463564239442,0.0,0.015212463564239442,0.015212463564239442,0.0,,0.5060000022252401,2025-10-05,2025-10-05,one-sided/negligible,-0.010021385503932834,0.015212463261870009,no bind since Mar-2026
140__A,1,1,0.0,-0.31888100504875183,,-0.3284290134906769,,-0.3284290134906769,,-0.32943353056907654,0.5172756910324097,0.5022376179695129,0.015038073062896729,0.015038073062896729,0.0,0.015038073062896729,0.015038073062896729,0.015038073062896729,1.0,1.5750000476837158,2026-08-11,2026-08-11,same-sign,-0.009548008441925049,0.015038113751316473,live
6558__B,9,9,0.0,0.001248555607162416,,0.00103485188446939,,0.0010157499928027391,,0.0010245873127132654,-0.07430225471034646,-0.08924367628060281,0.014941421570256352,0.014941421570256352,0.0,0.014941421570256352,0.014615642139688134,0.014615642139688134,1.0,8.106222152709961,2024-10-19,2026-08-14,one-sided/negligible,-0.00023280561435967684,0.01698456625557898,live
RIOHON_S_SNRO1_1,1,1,0.0,-0.048392001539468765,,0.00011738839384634048,,,,0.00011738839384634048,-3.5686069168150425e-05,0.0147111676633358,-0.01474685373250395,-0.01474685373250395,0.0,0.01474685373250395,0.0,0.0,,0.30399999022483826,2025-05-09,2025-05-09,one-sided/negligible,0.048509389933315106,0.01474685406554066,no bind since Mar-2026
G138_8B_1,11,3,5.0,-0.002971000038087368,0.0031329405028373003,6.858450797153637e-05,0.003132940735667944,,,6.858450797153637e-05,-42.49852233138487,-42.48435278593873,-0.014169545446139686,-0.014169064573252399,-4.808728872873758e-07,0.014169860233169906,0.0,0.0,,1.5553333560625713,2024-09-15,2024-10-15,one-sided/negligible,0.0030395845460589044,0.014182701699173168,no bind since Mar-2026
PV_TAP_P_LAVA1_1,34,34,0.0,-0.0001829259272199124,,-0.0003018078859895468,,-0.0003011999651789665,,-0.0002918722457252443,0.026822467742022127,0.012877411361387203,0.013945056380634924,0.013945056380634924,0.0,0.013945056380634924,0.005757562908456748,0.005757562908456748,1.0,2.6581470674342094,2025-02-21,2026-08-21,one-sided/negligible,-0.00011827403795905411,0.01068925276325171,live
CHOATE_CHARCO_1,1,1,0.0,0.00494900019839406,,-0.0050499774515628815,,,,-0.0050499774515628815,0.006989168468862772,-0.0068494160659611225,0.013838584534823895,0.013838584534823895,0.0,0.013838584534823895,0.0,0.0,,1.3839999437332153,2025-03-12,2025-03-12,one-sided/negligible,-0.009998977649956942,0.013838584504930085,no bind since Mar-2026
CKT_949_1,20,20,0.0,0.0024903500452637672,,0.001915795379318297,,,,0.001915795379318297,-0.04942260979441926,-0.06297336329589598,0.01355075350147672,0.01355075350147672,0.0,0.01355075350147672,0.0,0.0,,1.2819999858736992,2024-11-12,2025-01-16,one-sided/negligible,-0.0005745546659454703,0.01473158147251522,no bind since Mar-2026
WHTNY_FMRT,55,55,0.0,0.005633053835481405,,0.005186374299228191,,,,0.005186374299228191,-0.1633269118683529,-0.1765508888202021,0.013223976951849181,0.013223976951849181,0.0,0.013223976951849181,0.0037813155649928376,0.0,,0.6039090902629224,2025-01-06,2026-03-20,same-sign,-0.0004466795362532139,0.014836460780775834,live
WHTNY_FMR2,55,55,0.0,0.005633053835481405,,0.005186374299228191,,,,0.005186374299228191,-0.1633269118683529,-0.1765508888202021,0.013223976951849181,0.013223976951849181,0.0,0.013223976951849181,0.0037813155649928376,0.0,,0.6039090902629224,2025-01-06,2026-03-20,same-sign,-0.0004466795362532139,0.014836460780775834,live
ABINDU_ELMCRK1_1,62,61,0.1,-0.00042290386045351624,0.0,-4.28729981649667e-05,0.0,,,-4.28729981649667e-05,-0.02414103293745029,-0.013404792836354318,-0.010736240101095973,-0.010736240101095973,0.0,0.012647392400822355,0.006793577118060057,0.0,,1.175344256500973,2025-03-02,2025-11-10,one-sided/negligible,0.00038003086228854954,0.027246692568321497,no bind since Mar-2026
CKT_1004_1,1,1,0.0,-0.003372000064700842,,-0.003043663688004017,,,,-0.003043663688004017,0.116453617811203,0.12901610136032104,-0.012562483549118042,-0.012562483549118042,0.0,0.012562483549118042,0.0,0.0,,38.26100158691406,2025-03-25,2025-03-25,one-sided/negligible,0.00032833637669682503,0.012562478629838836,no bind since Mar-2026
941__C,77,40,17.9,-0.0036472249776124954,-0.000702578283380717,-0.004372081253677607,-0.000702578283380717,,-4.999999873689376e-05,-0.004372081253677607,0.481742620330048,0.46933713012837563,0.012405490201672361,0.012405489540469716,6.612026458765189e-10,0.012405496255269096,0.0006415174345117233,0.0,1.0,0.42277500724885614,2024-09-20,2026-07-20,one-sided/negligible,-0.0007248562760651112,0.012258044694712249,faded (<25% in last 12m)
2340__F,4,4,0.0,-0.0009115000138990581,,-5.869419692317024e-05,,,,-5.869419692317024e-05,0.0008614719772594981,0.013107968959957361,-0.012246496982697863,-0.012246496982697863,0.0,0.012246496982697863,0.012246496982697863,0.0,,3.5752500146627426,2026-03-07,2026-03-07,one-sided/negligible,0.0008528058169758879,0.01219597603859006,live
1600__A,7,7,0.0,-0.0015712856547906995,,-0.002087143948301673,,,,-0.002087143948301673,0.04927717969985679,0.03714825073257089,0.012128928967285901,0.012128928967285901,0.0,0.012128928967285901,0.012128928967285901,0.0,,3.3491428835051402,2025-11-10,2025-11-11,one-sided/negligible,-0.0005158582935109735,0.012093781928265677,no bind since Mar-2026
890__E,4,1,2.5,-0.0008420000085607171,-0.0006380555569194257,-0.0010802365140989423,-0.00027952974778600037,,,-0.0010802365140989423,0.009169760543348577,0.021213919440924656,-0.012044158897576075,2.9064853151794523e-05,-0.01207322375072787,0.012102288603879664,2.9064853151794523e-05,0.0,,0.12200000137090683,2025-03-20,2025-09-24,one-sided/negligible,-0.00023823650553822517,2.9064854002263524e-05,no bind since Mar-2026
69_OLS_TKF_1,31,31,0.0,-0.0014343549264594913,,-0.001200453843921423,,-0.0011957857059314847,,-0.0011662017786875367,0.05854498584812973,0.07031393975466926,-0.011768953906539537,-0.011768953906539537,0.0,0.011768953906539537,0.011768953906539537,0.009349776463750459,1.0,1.567419379919527,2026-04-06,2026-09-13,one-sided/negligible,0.00023856922052800655,0.011592078610944682,live
1750__G,4,4,0.0,-0.0010740000288933516,,-0.001061663031578064,,,,-0.001061663031578064,0.035487640649080276,0.04620041139423847,-0.010712770745158195,-0.010712770745158195,0.0,0.011648657731711864,0.0,0.0,,27.77074919641018,2025-01-23,2025-06-24,one-sided/negligible,1.233699731528759e-05,0.0013704306331185495,no bind since Mar-2026
CNRSW_SERDEV1_1,1,1,0.0,0.0032550001051276922,,0.0026403493247926235,,,,0.0026403493247926235,-0.04971513897180557,-0.06128839775919914,0.01157325878739357,0.01157325878739357,0.0,0.01157325878739357,0.01157325878739357,0.0,,18.82900047302246,2025-10-07,2025-10-07,one-sided/negligible,-0.0006146507803350687,0.011573259833672633,no bind since Mar-2026
CNRSW_SERDEV4_4,1,1,0.0,0.0032550001051276922,,0.0026403493247926235,,,,0.0026403493247926235,-0.04971513897180557,-0.06128839775919914,0.01157325878739357,0.01157325878739357,0.0,0.01157325878739357,0.01157325878739357,0.0,,18.82900047302246,2025-10-07,2025-10-07,one-sided/negligible,-0.0006146507803350687,0.011573259833672633,no bind since Mar-2026
1485__A,14,13,0.1,0.00295938435010612,0.0,0.003774814074859023,0.0,,,0.003774814074859023,-0.05330141728700255,-0.04179276977083646,-0.011508647516166093,-0.011508647516166093,0.0,0.011508647516166093,0.0,0.0,,1.0816923080442042,2025-01-08,2025-04-11,one-sided/negligible,0.000815429724752903,0.011466572793205633,no bind since Mar-2026
1750__F,9,9,0.0,0.00011699999595293775,,0.00026500801322981715,,,,0.00026500801322981715,-0.01593957416480407,-0.004475405963603407,-0.011464168201200664,-0.011464168201200664,0.0,0.011464168201200664,0.0,0.0,,6.697888963752323,2025-02-02,2025-02-05,one-sided/negligible,0.0001480080172768794,0.008922071389191063,no bind since Mar-2026
MATADO_PADUCA1_1,20,18,0.8,0.00013016666343901306,0.0010512499138712883,9.584920917404816e-05,0.0010512499138712883,,,9.584920917404816e-05,-0.009077581564270076,-0.019395838000491494,0.010318256436221418,0.010318256436221418,0.0,0.011306158487059292,0.001677371037658304,0.0,,6.5882222565511865,2025-01-24,2026-03-09,one-sided/negligible,-3.431745426496491e-05,0.004069638287579147,faded (<25% in last 12m)
ACHMV_26_A,2,2,0.0,0.0059414999559521675,,0.002322999993339181,,0.002322999993339181,,0.0014831628650426865,-0.0069061730755493045,-0.01805851561948657,0.011152342543937266,0.011152342543937266,0.0,0.011152342543937266,0.011152342543937266,0.011152342543937266,1.0,1.5055000483989716,2026-08-20,2026-08-26,one-sided/negligible,-0.0036184999626129866,0.010895303737691056,live
300T356_1,7,7,0.0,-0.00317014311440289,,-0.0039017966482788324,,,,-0.0039017966482788324,0.060248417663387954,0.049566324800252914,0.01068209286313504,0.01068209286313504,0.0,0.01068209286313504,0.0,0.0,,2.226142853498459,2024-10-14,2024-10-16,one-sided/negligible,-0.0007316535338759422,0.01140135699972375,no bind since Mar-2026
BUS_DANS_1,29,29,0.0,,,-0.00012594962026923895,,-0.00016133332974277437,,-0.00012732198229059577,0.010099595149313245,0.0,0.010099595149313245,0.010099595149313245,0.0,0.010099595149313245,0.0007570439775008708,0.0007570439775008708,1.0,2.5578275960067223,2024-10-11,2026-06-21,one-sided/negligible,,,faded (<25% in last 12m)
NOR_IND_1,8,8,0.0,-0.00034050000249408185,,-0.0010110640432685614,,,,-0.0010110640432685614,0.013721288909437135,0.003740461019333452,0.009980827890103683,0.009980827890103683,0.0,0.009980827890103683,0.0,0.0,,1.686999997124076,2024-09-20,2025-03-08,one-sided/negligible,-0.0006705640407744795,0.009049932278864446,no bind since Mar-2026
3380__I,10,10,0.0,0.0005732999416068196,,0.0006949049420654774,,,,0.0006949049420654774,-0.05465449100302067,-0.044920608241227455,-0.009733882761793211,-0.009733882761793211,0.0,0.009733882761793211,0.00036267624818719923,0.0,,7.976199921965599,2024-09-16,2025-10-09,one-sided/negligible,0.00012160500045865774,0.009699457951689725,no bind since Mar-2026
222T570_1,1,1,0.0,0.006905999965965748,,0.004466632846742868,,,,0.004466632846742868,-0.017661066725850105,-0.027306323871016502,0.009645257145166397,0.009645257145166397,0.0,0.009645257145166397,0.009645257145166397,0.0,,3.9539999961853027,2025-09-16,2025-09-16,one-sided/negligible,-0.0024393671192228794,0.009645257580101818,no bind since Mar-2026
3650__A,7,2,3.6,0.00469700014218688,0.0,0.005208732560276985,0.0,,,0.005208732560276985,-0.09674178808927536,-0.08723738417029381,-0.009504403918981552,-0.009504403918981552,0.0,0.009504403918981552,0.009504403918981552,0.0,,9.286499977111816,2025-09-30,2026-04-13,one-sided/negligible,0.0005117324180901051,0.00950440617776227,live
MOORE__NEDIN1_1,1,1,0.0,0.011319000273942947,,0.0003525047213770449,,,,0.0003525047213770449,-0.00030315405456349254,-0.009734340012073517,0.009431185957510024,0.009431185957510024,0.0,0.009431185957510024,0.009431185957510024,0.0,,0.8600000143051147,2026-05-03,2026-05-03,one-sided/negligible,-0.010966495552565902,0.009431186332083653,live
1250__J,1,1,0.0,-0.010464999824762344,,-0.012924917973577976,,,,-0.012924917973577976,0.04863646626472473,0.0393797941505909,0.009256672114133835,0.009256672114133835,0.0,0.009256672114133835,0.009256672114133835,0.0,,3.763000011444092,2026-04-25,2026-04-25,same-sign,-0.002459918148815632,0.009256672022144752,live
1561__C,44,44,0.0,-0.00033631816040724516,,-0.00042417043005116284,,-0.00042417043005116284,,-0.0004320711886975914,0.04398078290523699,0.03476597901772038,0.00921480388751661,0.00921480388751661,0.0,0.00921480388751661,0.00921480388751661,0.00921480388751661,1.0,2.4118181826038794,2026-08-06,2026-09-13,one-sided/negligible,-8.785226964391768e-05,0.009322882857649659,live
6137__C,1,1,0.0,-0.001183000043965876,,-0.0005814080941490829,,,,-0.0005814080941490829,0.00856937374919653,0.017436238005757332,-0.008866864256560802,-0.008866864256560802,0.0,0.008866864256560802,0.008866864256560802,0.0,,14.73900032043457,2026-05-04,2026-05-04,one-sided/negligible,0.0006015919498167932,0.008866863941120573,live
C4_N3_1,3,3,0.0,0.004407333210110664,,-0.0007375344284810126,,,,-0.0007375344284810126,0.0013393434965109918,-0.007096492132404819,0.008435835628915811,0.008435835628915811,0.0,0.008435835628915811,0.0,0.0,,0.5883333310484886,2024-10-07,2024-10-08,one-sided/negligible,-0.005144867638591677,0.009080691346848638,no bind since Mar-2026
_WC_WCO_1,14,0,4.3,,0.005637638736516237,,0.011116924695670605,,0.011116924695670605,,-0.12521820044639753,-0.11695916382450378,-0.008259036621893756,0.0,-0.008259036621893756,0.008259036621893756,0.008259036621893756,0.008259036621893756,1.0,,2026-06-29,2026-08-01,one-sided/negligible,,,live
WHITE_TAFT1_1,1,1,0.0,0.007054000161588192,,0.0005810000002384186,,0.0005810000002384186,,0.0006999299512244761,-0.000738451024517417,-0.008965634740889072,0.008227183716371655,0.008227183716371655,0.0,0.008227183716371655,0.008227183716371655,0.008227183716371655,1.0,1.2710000276565552,2026-09-02,2026-09-02,one-sided/negligible,-0.006473000161349773,0.008227183384096448,live
6170__A,22,22,0.0,0.0003720000386238098,,0.0001481192302890122,,0.0001449999981559813,,0.0001424920337740332,-0.0023112602284527384,-0.010462379941600375,0.008151119713147637,0.008151119713147637,0.0,0.008151119713147637,0.006671191746136174,0.0005484273387992289,0.8333333333333334,1.1284545463594524,2025-07-18,2026-09-09,one-sided/negligible,-0.0002270000404678285,0.005635503009173416,live
P5_X1_1,2,2,0.0,-0.01093200035393238,,-0.004322365391999483,,,,-0.004322365391999483,0.004534839536063373,0.01268536492716521,-0.008150525391101837,-0.008150525391101837,0.0,0.008150525391101837,0.0,0.0,,0.49049998819828033,2024-07-16,2025-07-18,one-sided/negligible,0.006609634961932898,0.006484051741646055,no bind since Mar-2026
OLSEN_NAT1,2,2,0.0,-0.0005789999850094318,,-6.106443470343947e-05,,,,-6.106443470343947e-05,-0.00046459189616143703,0.007607609964907169,-0.008072201861068606,-0.008072201861068606,0.0,0.008072201861068606,0.0,0.0,,8.178999900817871,2025-05-13,2025-05-24,one-sided/negligible,0.0005179355503059924,0.008472389629165522,no bind since Mar-2026
OLI_BEN1_1,38,38,0.0,0.0014853159664198756,,0.0018822642741724849,,,,0.0018822642741724849,-0.03824352903939143,-0.030188874961822876,-0.008054654077568557,-0.008054654077568557,0.0,0.008054654077568557,0.008054654077568557,0.0,,0.5305789483613089,2026-03-09,2026-03-13,one-sided/negligible,0.00039694830775260925,0.008003271795884864,live
SHRSW_MR1H,2,2,0.0,-0.022617999464273453,,-0.028650319203734398,,,,-0.028650319203734398,0.037531918846070766,0.029629580676555634,0.007902338169515133,0.007902338169515133,0.0,0.007902338169515133,0.007902338169515133,0.0,,0.6550000011920929,2026-03-04,2026-03-04,same-sign,-0.006032319739460945,0.007902338873076009,live
SHRSW_MR1L,2,2,0.0,-0.022617999464273453,,-0.028650319203734398,,,,-0.028650319203734398,0.037531918846070766,0.029629580676555634,0.007902338169515133,0.007902338169515133,0.0,0.007902338169515133,0.007902338169515133,0.0,,0.6550000011920929,2026-03-04,2026-03-04,same-sign,-0.006032319739460945,0.007902338873076009,live
910__B,4,4,0.0,-0.00450074952095747,,-0.00487891398370266,,,,-0.00487891398370266,0.09619713854044676,0.08829589700326324,0.007901241537183523,0.007901241537183523,0.0,0.007901241537183523,0.0,0.0,,4.9887498915195465,2024-08-08,2024-08-23,one-sided/negligible,-0.00037816446274518967,0.00754627168998645,no bind since Mar-2026
WTRML_MR2L,1,1,0.0,-0.014840000309050083,,0.004038328770548105,,,,0.004038328770548105,-0.0016759063582867384,0.006158600095659494,-0.007834506453946233,-0.007834506453946233,0.0,0.007834506453946233,0.0,0.0,,0.41499999165534973,2025-05-08,2025-05-08,one-sided/negligible,0.01887832907959819,0.007834506410500194,no bind since Mar-2026
WTRML_MR2H,1,1,0.0,-0.014840000309050083,,0.004038328770548105,,,,0.004038328770548105,-0.0016759063582867384,0.006158600095659494,-0.007834506453946233,-0.007834506453946233,0.0,0.007834506453946233,0.0,0.0,,0.41499999165534973,2025-05-08,2025-05-08,one-sided/negligible,0.01887832907959819,0.007834506410500194,no bind since Mar-2026
620T620_1,3,3,0.0,-0.012253000400960445,,-0.004870550706982613,,,,-0.004870550706982613,0.005111208534799516,0.01285506330896169,-0.007743854774162173,-0.007743854774162173,0.0,0.007743854774162173,0.0,0.0,,0.34966666748126346,2025-08-09,2025-08-15,one-sided/negligible,0.007382449693977833,0.0077441897470239066,no bind since Mar-2026
MULBERRY_XF2L,6,6,0.0,-0.0013762000016868114,,-0.00063705985667184,,,,-0.00063705985667184,0.00916355881781783,0.016623491304926574,-0.007459932487108745,-0.007459932487108745,0.0,0.007459932487108745,0.007459932487108745,0.0,,2.6881666779518127,2026-03-19,2026-04-01,one-sided/negligible,0.0007391401450149715,0.011921591448994302,live
BT_MLR88_A,19,19,0.0,-0.0008910525939427316,,-0.0012488225474953651,,,,-0.0012488225474953651,0.01973535957858985,0.013836893254847382,0.005898466323742468,0.005898466323742468,0.0,0.007395778850877832,0.0,0.0,,0.7028421057682288,2024-09-25,2025-08-29,one-sided/negligible,-0.0003577699535526335,0.004777659963175153,no bind since Mar-2026
BT_EXN66_A,11,11,0.0,-0.0023566363379359245,,-0.003460510168224573,,,,-0.003460510168224573,0.02533971340744756,0.01803111752087716,0.0073085958865704015,0.0073085958865704015,0.0,0.0073085958865704015,0.0073085958865704015,0.0,,0.6901818141341209,2026-04-07,2026-04-22,one-sided/negligible,-0.0011038738302886486,0.008380610070401803,live
RVRSW_AX2L,3,3,0.0,-0.0006619999767281115,,0.00012701519881375134,,,,0.00012701519881375134,-0.0011628241518337745,0.0060606100159930065,-0.007223434167826781,-0.007223434167826781,0.0,0.007223434167826781,0.0,0.0,,3.0516666769981384,2025-05-03,2025-05-03,one-sided/negligible,0.0007890151755418628,0.007223433956540818,no bind since Mar-2026
RVRSW_AX2H,3,3,0.0,-0.0006619999767281115,,0.00012701519881375134,,,,0.00012701519881375134,-0.0011628241518337745,0.0060606100159930065,-0.007223434167826781,-0.007223434167826781,0.0,0.007223434167826781,0.0,0.0,,3.0516666769981384,2025-05-03,2025-05-03,one-sided/negligible,0.0007890151755418628,0.007223433956540818,no bind since Mar-2026
6146__A,13,13,0.0,-0.0003400769201107323,,-0.0002054507058346644,,,,-0.0002054507058346644,0.010979095066886657,0.01814463154596524,-0.0071655364790785825,-0.0071655364790785825,0.0,0.0071655364790785825,0.0,0.0,,4.206923155114055,2024-10-09,2024-12-08,one-sided/negligible,0.0001346262142760679,0.007362707795603373,no bind since Mar-2026
MILITA_OLMITO1_1,5,5,0.0,0.008881200104951859,,-0.00012014612730126828,,,,-0.00012014612730126828,9.309103370469529e-05,-0.006895267928484827,0.006988358962189523,0.006988358962189523,0.0,0.006988358962189523,0.0012223247840665863,0.0,,0.17820000275969505,2025-07-17,2025-10-15,one-sided/negligible,-0.009001346232253127,0.00802019961714239,no bind since Mar-2026
6293__A,2,2,0.0,-0.005017499905079603,,-0.005169810261577368,,,,-0.005169810261577368,0.22825456969439983,0.22147637605667114,0.006778193637728691,0.006778193637728691,0.0,0.006778193637728691,0.0,0.0,,22.05899953842163,2025-08-15,2025-08-15,same-sign,-0.0001523103564977646,0.006719628167362046,no bind since Mar-2026
3200__A,11,11,0.0,-0.005084726959466934,,-0.0056351409293711185,,,,-0.0056351409293711185,0.09480014257133007,0.08812173176556826,0.006678410805761814,0.006678410805761814,0.0,0.006678410805761814,0.0052455211989581585,0.0,,1.8679090711203488,2025-04-15,2026-05-01,same-sign,-0.0005504139699041843,0.011309355719809275,live
48T130_1,2,2,0.0,0.003761500120162964,,0.002558265347033739,,,,0.002558265347033739,-0.014148474903777242,-0.020814779913052917,0.006666305009275675,0.006666305009275675,0.0,0.006666305009275675,0.0,0.0,,2.7660000920295715,2025-08-27,2025-08-28,one-sided/negligible,-0.0012032347731292248,0.006656294986417233,no bind since Mar-2026
6360__B,2,2,0.0,-0.00495699979364872,,-0.003243040293455124,,,,-0.003243040293455124,0.012394200079143047,0.01894896663725376,-0.006554766558110714,-0.006554766558110714,0.0,0.006554766558110714,0.006554766558110714,0.0,,1.9100000262260437,2025-10-10,2025-10-10,one-sided/negligible,0.0017139595001935959,0.00654732538064029,no bind since Mar-2026
JONNP_86_A,2,2,0.0,-0.003020999953150749,,-0.0033346875570714474,,,,-0.0033346875570714474,0.0746715571731329,0.06824023183435202,0.00643132533878088,0.00643132533878088,0.0,0.00643132533878088,0.0,0.0,,11.21999979019165,2025-03-03,2025-03-06,one-sided/negligible,-0.00031368760392069817,0.00703914970035191,no bind since Mar-2026
LY_PSA03_A,7,7,0.0,0.0009539999882690609,,0.0016084006056189537,,,,0.0016084006056189537,-0.008122667582938448,-0.0017274142010137439,-0.006395253381924704,-0.006395253381924704,0.0,0.006395253381924704,0.0027639552135951817,0.0,,2.5547142710004533,2024-12-14,2025-11-05,one-sided/negligible,0.0006544006173498929,0.011702646172666947,no bind since Mar-2026
138_FXT_PG2_1,24,22,0.6,0.0006628181436099112,0.0009549999958835542,0.0009017075062729418,0.0011683148331940174,,,0.0009017075062729418,-0.01657667988658318,-0.02070321710243661,0.004126537215853433,0.004987225958103636,-0.0008606887422502034,0.0063512985040858885,0.006248459508213954,0.0,,0.3913181791060858,2025-06-28,2026-05-19,one-sided/negligible,0.00023888936266303062,0.002056598508912431,live
ASPM_SPUR1_1,25,25,0.0,0.00018308000289835036,,0.0001381941547151655,,,,0.0001381941547151655,-0.009145047603112744,-0.015470942957676925,0.006325895354564182,0.006325895354564182,0.0,0.006325895354564182,0.0,0.0,,3.4919600578956307,2024-07-29,2025-09-11,one-sided/negligible,-4.488584818318486e-05,0.003918489725511218,no bind since Mar-2026
700__G,5,5,0.0,-0.0009480000589974225,,-0.0012325163697823882,,,,-0.0012325163697823882,0.021845633775228634,0.01608444913290441,0.005761184642324224,0.005761184642324224,0.0,0.005761184642324224,0.005761184642324224,0.0,,4.054199965298176,2025-09-24,2025-10-09,one-sided/negligible,-0.00028451631078496575,0.005767430086555867,no bind since Mar-2026
RYSSW_FMR1,26,26,0.0,0.0005998800043016672,,0.0007079733186401427,,0.0007385199423879385,,0.000720864743925631,-0.029736594746282208,-0.024265185481453955,-0.005471409264828253,-0.005471409264828253,0.0,0.005696739502127457,0.005696739502127457,0.005696739502127457,0.9615384615384616,1.617192315439192,2026-08-07,2026-09-13,one-sided/negligible,0.00013863993808627129,0.005829393504638165,live
335__A,5,5,0.0,0.017514200881123543,,0.021583225578069687,,0.022643251344561577,,0.021861951798200607,-0.029236888512969017,-0.023787659127265215,-0.005449229385703802,-0.005449229385703802,0.0,0.005449229385703802,0.005449229385703802,0.005336681148037314,1.0,0.2597999952733517,2026-03-24,2026-09-10,same-sign,0.005129050463438034,0.006662636430789917,live
CGRSW_FMR1,8,8,0.0,-0.0001512000017100945,,6.243839743547142e-05,,,,6.243839743547142e-05,-0.0030898264958523214,0.0023373469039142947,-0.005427173399766616,-0.005427173399766616,0.0,0.005427173399766616,0.0,0.0,,8.145624877419323,2024-09-26,2025-05-07,one-sided/negligible,0.00021363839914556593,0.013921746070817287,no bind since Mar-2026
BOGDER85_A,6,6,0.0,0.0009223332745023072,,0.0035841206554323435,,,,0.0035841206554323435,-0.007099825801560655,-0.0017482080511399545,-0.005351617750420701,-0.005351617750420701,0.0,0.005351617750420701,0.004977552533091512,0.0,,0.33633333692948025,2025-09-10,2025-09-24,one-sided/negligible,0.0026617873809300363,0.005371486992149884,no bind since Mar-2026
46T193_1,2,2,0.0,-0.0008559999987483025,,-0.00016030299593694508,,,,-0.00016030299593694508,0.0011504945578053594,0.006143511971458793,-0.004993017413653433,-0.004993017413653433,0.0,0.004993017413653433,0.004993017413653433,0.0,,3.588499903678894,2025-10-28,2025-10-28,one-sided/negligible,0.0006956970028113574,0.0049930172551565025,no bind since Mar-2026
1185__G,9,9,0.0,-0.0019526665564626455,,-0.0023819999769330025,,-0.0023819999769330025,,-0.0024182309862226248,0.027422829531133175,0.022469504219770897,0.004953325311362278,0.004953325311362278,0.0,0.004953325311362278,0.004953325311362278,0.004953325311362278,1.0,1.2976666564742725,2026-09-03,2026-09-03,one-sided/negligible,-0.00042933342047035694,0.005014184978289879,live
810__G,5,0,0.6,,0.002714000176638365,,0.002495999913662672,,0.0041600000113248825,,-0.055321323374907166,-0.060267630964517586,0.0049463075896104165,0.0,0.0049463075896104165,0.0049463075896104165,0.0049463075896104165,0.0049463075896104165,1.0,,2026-04-25,2026-08-21,one-sided/negligible,,,live
CMBSW_MR1H,5,5,0.0,-0.05847160145640373,,-0.05770288035273552,,,,-0.05770288035273552,0.39613465080037713,0.3945374191971496,0.0015972316032275558,0.0015972316032275558,0.0,0.004837089800275862,0.0,0.0,,1.2308000013232232,2025-03-10,2025-04-04,same-sign,0.0007687211036682129,0.00473070967706013,no bind since Mar-2026
CMBSW_MR1L,5,5,0.0,-0.05847160145640373,,-0.05770288035273552,,,,-0.05770288035273552,0.39613465080037713,0.3945374191971496,0.0015972316032275558,0.0015972316032275558,0.0,0.004837089800275862,0.0,0.0,,1.2308000013232232,2025-03-10,2025-04-04,same-sign,0.0007687211036682129,0.00473070967706013,no bind since Mar-2026
SNGTR_SCHDR2_1,1,1,0.0,0.05550000071525574,,0.03516397997736931,,,,0.03516397997736931,-0.007630583364516497,-0.012043499387800694,0.004412916023284197,0.004412916023284197,0.0,0.004412916023284197,0.0,0.0,,0.21699999272823334,2025-07-02,2025-07-02,same-sign,-0.02033602073788643,0.004412916352242557,no bind since Mar-2026
SNGTR_SCHDR_1,1,1,0.0,0.05550000071525574,,0.03516397997736931,,,,0.03516397997736931,-0.007630583364516497,-0.012043499387800694,0.004412916023284197,0.004412916023284197,0.0,0.004412916023284197,0.0,0.0,,0.21699999272823334,2025-07-02,2025-07-02,same-sign,-0.02033602073788643,0.004412916352242557,no bind since Mar-2026
6505__A,2,0,0.2,,0.002122499980032444,,0.002421073615550995,,,,-0.036223010936131075,-0.03181427515422304,-0.004408735781908034,0.0,-0.004408735781908034,0.004408735781908034,0.0,0.0,,,2025-07-30,2025-08-03,one-sided/negligible,,,no bind since Mar-2026
M_69_F1_1,3,0,1.7,,0.0002312500000698492,,0.000464699201984331,,,,-0.008617718073461825,-0.004423335364360051,-0.004194382709101774,0.0,-0.004194382709101774,0.004194382709101774,0.004194382709101774,0.0,,,2025-12-20,2025-12-21,one-sided/negligible,,,no bind since Mar-2026
EVRSW_MR3L,2,2,0.0,-0.008209999650716782,,-0.006479840725660324,,,,-0.006479840725660324,0.01573387486860156,0.01992226019501686,-0.0041883853264153,-0.0041883853264153,0.0,0.0041883853264153,0.0,0.0,,1.2139999866485596,2024-10-01,2024-10-01,same-sign,0.0017301589250564575,0.004200825823836851,no bind since Mar-2026
EVRSW_MR3H,2,2,0.0,-0.008209999650716782,,-0.006479840725660324,,,,-0.006479840725660324,0.01573387486860156,0.01992226019501686,-0.0041883853264153,-0.0041883853264153,0.0,0.0041883853264153,0.0,0.0,,1.2139999866485596,2024-10-01,2024-10-01,same-sign,0.0017301589250564575,0.004200825823836851,no bind since Mar-2026
134T429_1,2,2,0.0,0.015219500288367271,,0.009122706949710846,,,,0.009122706949710846,-0.0044192095956532285,-0.008594932151027024,0.004175722555373795,0.004175722555373795,0.0,0.004175722555373795,0.0014609405334340408,0.0014609405334340408,0.0,1.350999966263771,2025-03-04,2026-08-12,same-sign,-0.0060967933386564255,0.01647353518968403,live
E1_R2_1,3,3,0.0,0.0028563335072249174,,0.0006895707920193672,,,,0.0006895707920193672,-0.0016840724892972503,-0.005611822154605761,0.003927749665308511,0.003927749665308511,0.0,0.003927749665308511,0.0,0.0,,0.5036666591962179,2025-04-07,2025-04-16,one-sided/negligible,-0.00216676271520555,0.003273978414115517,no bind since Mar-2026
669T669_1,5,5,0.0,0.0009870000649243593,,0.0006870358483865857,,,,0.0006870358483865857,-0.00853615175219602,-0.012410442221153062,0.0038742904689570423,0.0038742904689570423,0.0,0.0038742904689570423,0.0007495199934055563,0.0,,4.081800027191639,2025-01-30,2026-02-02,one-sided/negligible,-0.0002999642165377736,0.006121969736102014,no bind since Mar-2026
1870__A,8,8,0.0,-0.0010846250224858522,,-0.0009141290793195367,,,,-0.0009141290793195367,0.027892153037555545,0.031499668078367904,-0.003607515040812359,-0.003607515040812359,0.0,0.003607515040812359,0.003607515040812359,0.0,,3.6415000303968554,2025-12-05,2025-12-19,one-sided/negligible,0.00017049594316631556,0.004966887857781429,no bind since Mar-2026
HECKER_WHITE_1_1,1,1,0.0,0.007230999879539013,,-0.0011694382410496473,,,,-0.0011694382410496473,0.0004946723929606378,-0.0030587129294872284,0.003553385322447866,0.003553385322447866,0.0,0.003553385322447866,0.0,0.0,,0.4230000078678131,2024-07-29,2024-07-29,one-sided/negligible,-0.00840043812058866,0.0035533853911020805,no bind since Mar-2026
CBY_AT3L,6,6,0.0,0.009548000060021877,,0.008171477355062962,,,,0.008171477355062962,-0.022977070722845383,-0.026495999423786998,0.003518928700941615,0.003518928700941615,0.0,0.003518928700941615,0.0,0.0,,0.45966667030006647,2024-07-17,2024-10-23,same-sign,-0.0013765227049589157,0.0037964496502854335,no bind since Mar-2026
1873__A,3,3,0.0,-0.004003333393484354,,-0.004645333159714937,,-0.004645333159714937,,-0.0047103362157940865,0.024861944722943008,0.021418532356619835,0.003443412366323173,0.003443412366323173,0.0,0.003443412366323173,0.003443412366323173,0.003443412366323173,1.0,1.7843333979447682,2026-09-10,2026-09-10,one-sided/negligible,-0.0006419997662305832,0.0034366248730738898,live
895__D,24,24,0.0,0.0009634792222641408,,0.0012508407235145569,,,,0.0012508407235145569,-0.015137243060962646,-0.011731369906328837,-0.0034058731546338095,-0.0034058731546338095,0.0,0.0034058731546338095,0.0,0.0,,0.5143333239248022,2024-09-12,2025-08-31,one-sided/negligible,0.00028736150125041604,0.0035471903065475447,no bind since Mar-2026
WYLIE_BENDA_1,13,13,0.0,0.00034269230673089623,,0.00043910773820243776,,0.00045609098742716014,,0.0004451763816177845,-0.013281359606480692,-0.010049807853647508,-0.003231551752833184,-0.003231551752833184,0.0,0.003231551752833184,0.003231551752833184,0.002211624312622007,1.0,2.2891538716279545,2026-05-31,2026-07-24,one-sided/negligible,0.00011339868069626391,0.0033746313763936115,live
138_CV1_PCM_1,5,5,0.0,0.0008770000422373414,,0.0005498152459040284,,,,0.0005498152459040284,-0.003892998145602178,-0.006584050061064772,0.0026910519154625945,0.0026910519154625945,0.0,0.0030413072163355537,0.0030413072163355537,0.0,,0.677799990773201,2025-10-09,2025-10-16,one-sided/negligible,-0.000327184796333313,0.001108829259679256,no bind since Mar-2026
GUS_HAS_1,4,3,0.1,-0.003590000094845891,-0.00011999999696854502,-0.003648100420832634,-0.00011999999696854502,,,-0.003648100420832634,0.06263719118821125,0.061471200470502176,0.0011659907177090645,0.0011659907177090645,0.0,0.0030136713758111,4.469137638807297e-05,0.0,,5.827333291371663,2024-08-07,2026-05-09,one-sided/negligible,-5.810032598674297e-05,0.0010157098915862806,faded (<25% in last 12m)
1170__B,2,2,0.0,-0.0045334999449551105,,-0.005681978538632393,,,,-0.005681978538632393,0.014744897838681936,0.011764595285058022,0.0029803025536239147,0.0029803025536239147,0.0,0.0029803025536239147,0.0,0.0,,1.29749995470047,2024-08-09,2024-08-09,one-sided/negligible,-0.0011484785936772823,0.0029803018465414666,no bind since Mar-2026
685__B,3,3,0.0,-0.0012123332126066089,,-0.0015196666354313493,,-0.0015196666354313493,,-0.0015432238578796387,0.014184230647515506,0.011257230362389237,0.002927000285126269,0.002927000285126269,0.0,0.002927000285126269,0.002927000285126269,0.002927000285126269,1.0,3.16866664091746,2026-08-07,2026-08-26,one-sided/negligible,-0.0003073334228247404,0.002921511493631207,live
BNK_MIL_1,14,0,9.4,,9.785714064491913e-05,,5.5396965763065964e-05,,,,-0.0031622274934003753,-0.006074994569644331,0.0029127670762439557,0.0,0.0029127670762439557,0.0029127670762439557,0.0,0.0,,,2025-03-10,2025-11-06,one-sided/negligible,,,no bind since Mar-2026
138_CDV_OS2_1,2,2,0.0,0.006493000313639641,,0.0035652327351272106,,,,0.0035652327351272106,-0.0035241327714174986,-0.006416294490918517,0.0028921617195010185,0.0028921617195010185,0.0,0.0028921617195010185,0.0028921617195010185,0.0,,0.49400001764297485,2026-02-23,2026-02-23,one-sided/negligible,-0.00292776757851243,0.0028926344708793406,no bind since Mar-2026
661__A,3,2,0.2,0.00241499999538064,0.0012799999676644802,0.0006169080152176321,0.001280000084079802,,,0.0006169080152176321,-0.0023837464201884964,-0.0052732801996171474,0.002889533779428651,0.002889533818233758,-3.880510713108465e-11,0.0028895338570388653,0.0028895338570388653,0.0,,0.8034999817609787,2026-03-09,2026-05-14,one-sided/negligible,-0.001798091980163008,0.002889533746531078,live
SABIN_SHELB_1,62,62,0.0,0.00021323401597328484,,0.0002320892090210691,,0.00012572725245263427,,0.00023239757865667343,-0.010050160690070697,-0.0071913809516104266,-0.002858779738460271,-0.002858779738460271,0.0,0.002858779738460271,0.000514582554444587,0.00028702099848487705,1.0,0.443790317330915,2025-04-24,2026-09-01,one-sided/negligible,-8.750676352065057e-05,0.0024077485697887127,faded (<25% in last 12m)
CUERO_AT3,1,1,0.0,-0.006302000023424625,,-0.0021549288649111986,,,,-0.0021549288649111986,0.0014631967060267925,0.004279057960957289,-0.002815861254930496,-0.002815861254930496,0.0,0.002815861254930496,0.0,0.0,,0.6790000200271606,2025-02-24,2025-02-24,one-sided/negligible,0.004147071158513427,0.002815861399684677,no bind since Mar-2026
R4_V3_1,1,1,0.0,0.03209700062870979,,0.02617785707116127,,,,0.02617785707116127,-0.01235594879835844,-0.01514978427439928,0.00279383547604084,0.00279383547604084,0.0,0.00279383547604084,0.0,0.0,,0.47200000286102295,2025-04-30,2025-04-30,same-sign,-0.005919143557548523,0.0027938357760977084,no bind since Mar-2026
781T781_1,1,1,0.0,0.003401000052690506,,0.0018570274114608765,,,,0.0018570274114608765,-0.0033519344870001078,-0.006138804834336042,0.0027868703473359346,0.0027868703473359346,0.0,0.0027868703473359346,0.0027868703473359346,0.0,,1.8049999475479126,2026-05-20,2026-05-20,one-sided/negligible,-0.0015439726412296295,0.0027868705364348934,live
3600__A,19,19,0.0,0.0005425789277069271,,0.0006087052752263844,,,,0.0006087052752263844,-0.024308562045916915,-0.021670021320460364,-0.0026385407254565507,-0.0026385407254565507,0.0,0.0026385407254565507,0.0026385407254565507,0.0,,2.1080000149576286,2025-11-13,2025-12-05,one-sided/negligible,6.612634751945734e-05,0.002648492489642079,no bind since Mar-2026
SABIN_NEVAD_1,63,51,2.8,0.00022411902318708599,0.0016888193786144257,0.00025502999778836966,0.0016888193786144257,,0.0014377777697518468,0.00025502999778836966,-2.0019852568373913,-1.99941349782578,-0.0025717590116111446,-0.002571758739975394,-2.716357507849543e-10,0.0025717590116111446,0.00022756182759546073,0.0,1.0,0.4630980327629539,2025-04-24,2026-07-01,one-sided/negligible,3.091097460128367e-05,0.0007300553879606451,faded (<25% in last 12m)
6385__B,1,1,0.0,-0.0037509999237954617,,-0.002512261038646102,,,,-0.002512261038646102,0.005084816366434097,0.007592023350298405,-0.0025072069838643074,-0.0025072069838643074,0.0,0.0025072069838643074,0.0025072069838643074,0.0,,2.0239999294281006,2026-01-13,2026-01-13,one-sided/negligible,0.0012387388851493597,0.002507207416122148,no bind since Mar-2026
138_RP1_GRV_1,13,13,0.0,-0.00046738467062823474,,-0.00015646152314729989,,-0.00015646152314729989,,-0.00015625475498382002,0.0011849540014736704,0.0035457039848552085,-0.002360749983381538,-0.002360749983381538,0.0,0.002360749983381538,0.002360749983381538,0.002360749983381538,1.0,0.5540000002544659,2026-07-29,2026-09-12,one-sided/negligible,0.00031092314748093486,0.0022392685091862444,live
100018_1_,2,1,0.3,0.0007070000283420086,-0.00011249999806750566,0.00038040787330828607,-0.00011249999806750566,,,0.00038040787330828607,-0.002457538214609182,-0.004733885703899432,0.00227634748929025,0.0022763474844396114,4.850638391385581e-12,0.00227634748929025,0.00227634748929025,0.0,,6.96999979019165,2026-02-16,2026-02-18,one-sided/negligible,-0.0003265921550337225,0.002276347252063285,no bind since Mar-2026
167T186_1,1,1,0.0,-0.01747100055217743,,-0.017096640542149544,,,,-0.017096640542149544,0.09854503720998764,0.10070284456014633,-0.0021578073501586914,-0.0021578073501586914,0.0,0.0021578073501586914,0.0,0.0,,5.763999938964844,2024-08-20,2024-08-20,same-sign,0.00037436001002788544,0.00215781107495161,no bind since Mar-2026
ATBR_MILES1_1,3,3,0.0,-0.0004016666498500854,,-0.00027693333686329424,,,,-0.00027693333686329424,0.004749490479298402,0.006891410652315244,-0.0021419201730168425,-0.0021419201730168425,0.0,0.0021419201730168425,0.0,0.0,,5.723999882737796,2025-02-03,2025-02-03,one-sided/negligible,0.00012473331298679113,0.0021419204067296676,no bind since Mar-2026
C4_T2_1,1,1,0.0,-0.002174000022932887,,-0.0006639777566306293,,,,-0.0006639777566306293,0.0009209371055476367,0.0030153379775583744,-0.0020944008720107377,-0.0020944008720107377,0.0,0.0020944008720107377,0.0,0.0,,1.3869999647140503,2024-09-19,2024-09-19,one-sided/negligible,0.0015100222663022578,0.002094400830078662,no bind since Mar-2026
HENDRI_PAINTC1_1,4,4,0.0,-0.002091499976813793,,-0.001389497658237815,,,,-0.001389497658237815,0.003932303807232529,0.005914488050621003,-0.001982184243388474,-0.001982184243388474,0.0,0.001982184243388474,0.00043310283217579126,0.0,,0.7034999877214432,2024-11-09,2025-10-31,one-sided/negligible,0.0007020023185759783,0.0019754344899945014,no bind since Mar-2026
TLRWAS84_A,1,0,0.1,,0.005880000069737434,,0.006085035856813192,,,,-0.05842676262060801,-0.05645806590716044,-0.001968696713447571,0.0,-0.001968696713447571,0.001968696713447571,0.0,0.0,,,2025-05-06,2025-05-06,one-sided/negligible,,,no bind since Mar-2026
EXSLY_03_A,1,1,0.0,-0.009472999721765518,,-0.013251423835754395,,,,-0.013251423835754395,0.006811231840401888,0.0048691220581531525,0.0019421097822487354,0.0019421097822487354,0.0,0.0019421097822487354,0.0019421097822487354,0.0,,0.5139999985694885,2026-02-23,2026-02-23,same-sign,-0.0037784241139888763,0.0019421099891852034,no bind since Mar-2026
2370__B,2,2,0.0,0.0010550000006332994,,0.0005789999850094318,,0.0005789999850094318,,0.000539049506187439,-0.0022967580443946645,-0.004205566918244585,0.001908808873849921,0.001908808873849921,0.0,0.001908808873849921,0.001908808873849921,0.001908808873849921,1.0,1.980500042438507,2026-09-01,2026-09-03,one-sided/negligible,-0.0004760000156238675,0.0018854361022875993,live
6856__B,6,6,0.0,0.00011283331696176901,,0.00015988988161552697,,0.0006939999875612557,,0.00015206052921712399,-0.001991666642425116,-0.002336578967515379,0.00034491232509026304,0.00034491232509026304,0.0,0.0018832434070645832,0.0018152795601054095,0.0010461140191182494,1.0,0.9060000057021776,2024-10-12,2026-07-27,one-sided/negligible,0.0005811666705994867,0.003159222041262303,live
3590__D,1,1,0.0,-0.009895999915897846,,-0.00943964533507824,,,,-0.00943964533507824,0.03751315176486969,0.039326705038547516,-0.001813553273677826,-0.001813553273677826,0.0,0.001813553273677826,0.001813553273677826,0.0,,3.9739999771118164,2025-09-22,2025-09-22,same-sign,0.0004563545808196068,0.00181355309373199,no bind since Mar-2026
COCS_FTST1_1,73,31,14.2,-0.00015941934543661773,0.0006867218180559576,-0.00011834223550977185,0.0006867218180559576,,0.00022810981317888945,-0.00011834223550977185,-0.02979945285035038,-0.02821872190414372,-0.0015807309462066617,-0.0015807307139823479,-2.3222431380073632e-10,0.00178331050292968,0.0017833103810573903,0.0,1.0,0.8994193553413835,2024-10-30,2026-08-15,one-sided/negligible,4.107710992684588e-05,0.0011453119796204169,live
1215__B,1,1,0.0,0.0003549999964889139,,0.0012763674603775144,,,,0.0012763674603775144,-0.0020447405986487865,-0.0005687099765054882,-0.0014760306221432984,-0.0014760306221432984,0.0,0.0014760306221432984,0.0014760306221432984,0.0,,1.6019999980926514,2025-09-29,2025-09-29,one-sided/negligible,0.0009213674638886005,0.001476030675392169,no bind since Mar-2026
HEARN__KOCH_U1_1,2,2,0.0,0.003782999934628606,,6.798621325287968e-05,,,,6.798621325287968e-05,-5.7848853430186864e-05,-0.001420691900420934,0.001362843046990747,0.001362843046990747,0.0,0.001362843046990747,0.001362843046990747,0.0,,0.21399999409914017,2025-10-27,2025-11-03,one-sided/negligible,-0.003715013721375726,0.0015900258289052603,no bind since Mar-2026
1535__B,65,29,19.6,0.00037237931974232197,-0.0011570362839847803,0.0004914217861369252,-0.0011570362839847803,0.0004322500026319176,,0.0004923833766952157,0.15528611144100068,0.15659828943603316,-0.00131217799503247,-0.0013121788681473845,8.73114914623583e-10,0.001312180216624865,4.467807328486107e-05,4.467799567464681e-05,1.0,0.36617241469051304,2024-07-06,2026-09-01,one-sided/negligible,5.987068288959563e-05,0.0006357667831627432,faded (<25% in last 12m)
1235__A,1,1,0.0,-0.006446000188589096,,-0.00786999985575676,,-0.00786999985575676,,-0.007992010563611984,0.007224659901112318,0.005917428061366081,0.0013072318397462368,0.0013072318397462368,0.0,0.0013072318397462368,0.0013072318397462368,0.0013072318397462368,1.0,0.9179999828338623,2026-06-08,2026-06-08,same-sign,-0.0014239996671676636,0.0013072316700153408,live
LFKSW_MR1H,6,6,0.0,-0.005280500277876854,,-0.006235333625227213,,-0.006235333625227213,,-0.006317892577499151,0.007825447159120813,0.006599390355404466,0.0012260568037163466,0.0012260568037163466,0.0,0.0012260568037163466,0.0012260568037163466,0.0012260568037163466,1.0,0.21283333810667196,2026-06-18,2026-06-18,same-sign,-0.000954833347350359,0.0012193222119128658,live
LFKSW_MR1L,6,6,0.0,-0.005280500277876854,,-0.006235333625227213,,-0.006235333625227213,,-0.006317892577499151,0.007825447159120813,0.006599390355404466,0.0012260568037163466,0.0012260568037163466,0.0,0.0012260568037163466,0.0012260568037163466,0.0012260568037163466,1.0,0.21283333810667196,2026-06-18,2026-06-18,same-sign,-0.000954833347350359,0.0012193222119128658,live
1120__B,1,1,0.0,0.0043680001981556416,,0.004267155658453703,,,,0.004267155658453703,-0.050966907292604446,-0.05217139422893524,0.0012044869363307953,0.0012044869363307953,0.0,0.0012044869363307953,0.0012044869363307953,0.0,,11.944000244140625,2025-10-01,2025-10-01,one-sided/negligible,-0.00010084453970193863,0.001204487206820204,no bind since Mar-2026
ASPM_PAINTC1_1,5,5,0.0,0.00017699999443721026,,0.0001420003391103819,,,,0.0001420003391103819,-0.0020009618574476917,-0.0032012949300224136,0.0012003330725747219,0.0012003330725747219,0.0,0.0012003330725747219,0.00030794947315371246,0.0,,4.090599996224046,2025-02-05,2026-02-24,one-sided/negligible,-3.499965532682836e-05,0.000715847949738835,no bind since Mar-2026
138_SDT_SDB_1,2,2,0.0,0.0002685000072233379,,4.41761985712219e-05,,,,4.41761985712219e-05,-0.0002339247876079753,-0.0014215379487723112,0.001187613161164336,0.001187613161164336,0.0,0.001187613161164336,0.001187613161164336,0.001187613161164336,0.0,2.649999976158142,2026-07-31,2026-08-01,one-sided/negligible,-0.00022432380865211599,0.001188916175159622,live
SERDEV1_1,1,0,0.1,,0.0022299999836832285,,0.00479640020057559,,,,-0.002004495511452357,-0.0009319541665414969,-0.00107254134491086,0.0,-0.00107254134491086,0.00107254134491086,0.00107254134491086,0.0,,,2025-12-02,2025-12-02,one-sided/negligible,,,no bind since Mar-2026
1130__C,1,0,0.1,,-0.0008099999977275729,,-6.975991709623486e-06,,,,8.995203946445447e-06,0.0010444558380792537,-0.0010354606341328083,0.0,-0.0010354606341328083,0.0010354606341328083,0.0010354606341328083,0.0,,,2025-12-04,2025-12-04,one-sided/negligible,,,no bind since Mar-2026
218T134_1,1,1,0.0,0.003056999994441867,,0.001166625297628343,,,,0.001166625297628343,-0.0006113116396591067,-0.0016018679598346353,0.0009905563201755285,0.0009905563201755285,0.0,0.0009905563201755285,0.0,0.0,,0.5239999890327454,2025-04-21,2025-04-21,one-sided/negligible,-0.0018903746968135238,0.0009905563203980658,no bind since Mar-2026
138T134_1,1,1,0.0,0.003056999994441867,,0.001166625297628343,,,,0.001166625297628343,-0.0006113116396591067,-0.0016018679598346353,0.0009905563201755285,0.0009905563201755285,0.0,0.0009905563201755285,0.0,0.0,,0.5239999890327454,2025-04-21,2025-04-21,one-sided/negligible,-0.0018903746968135238,0.0009905563203980658,no bind since Mar-2026
6500__D,4,4,0.0,-0.0018192499410361052,,-0.001093073282390833,,,,-0.001093073282390833,0.0014402165616047569,0.0023992709029698744,-0.0009590543413651176,-0.0009590543413651176,0.0,0.0009590543413651176,0.0,0.0,,0.32024999521672726,2025-01-14,2025-08-29,one-sided/negligible,0.0007261766586452723,0.0009302322858305897,no bind since Mar-2026
SSPSW_MR1L,1,0,0.2,,0.0,,-0.0005704800132662058,,,,0.0009389805879133443,0.0,0.0009389805879133443,0.0,0.0009389805879133443,0.0009389805879133443,0.0,0.0,,,2025-07-01,2025-07-01,one-sided/negligible,,,no bind since Mar-2026
NORTMC_AT1L,1,1,0.0,0.01913199946284294,,0.012584857642650604,,,,0.012584857642650604,-0.0017492951592430472,-0.002659347839653492,0.0009100526804104447,0.0009100526804104447,0.0,0.0009100526804104447,0.0009100526804104447,0.0,,0.13899999856948853,2026-04-14,2026-04-14,same-sign,-0.006547141820192337,0.0009100527036409733,live
NORTMC_AT1H,1,1,0.0,0.01913199946284294,,0.012584857642650604,,,,0.012584857642650604,-0.0017492951592430472,-0.002659347839653492,0.0009100526804104447,0.0009100526804104447,0.0,0.0009100526804104447,0.0009100526804104447,0.0,,0.13899999856948853,2026-04-14,2026-04-14,same-sign,-0.006547141820192337,0.0009100527036409733,live
CO_PL_84_A,3,3,0.0,-0.0014613334788009524,,-0.0008790979627519846,,,,-0.0008790979627519846,0.0428808499709703,0.04372810831409879,-0.0008472583431284875,-0.0008472583431284875,0.0,0.0008472583431284875,0.0004412296402733773,0.0,,5.752333402633667,2024-12-11,2025-11-26,one-sided/negligible,0.0005822355160489678,0.010047638421504385,no bind since Mar-2026
HOWARD_MR2,1,1,0.0,0.027898000553250313,,0.0052896831184625626,,,,0.0052896831184625626,-0.00019571828306652606,-0.0010322260204702616,0.0008365077374037355,0.0008365077374037355,0.0,0.0008365077374037355,0.0008365077374037355,0.0,,0.03700000047683716,2026-01-15,2026-01-15,same-sign,-0.02260831743478775,0.0008365077558676326,no bind since Mar-2026
SANORTH_69T1,1,1,0.0,0.00020500000391621143,,0.0002579999854788184,,0.0002579999854788184,,0.00024808180751278996,-0.0038816097658127546,-0.0030842251144349575,-0.0007973846513777971,-0.0007973846513777971,0.0,0.0007973846513777971,0.0007973846513777971,0.0007973846513777971,1.0,15.045000076293945,2026-07-20,2026-07-20,one-sided/negligible,5.299998156260699e-05,0.0007973847266529999,live
LAUREL_LA_PAL1_1,1,1,0.0,0.0030509999487549067,,,,,,,0.0,-0.0007963110110722482,0.0007963110110722482,0.0007963110110722482,0.0,0.0007963110110722482,0.0,0.0,,0.26100000739097595,2025-04-01,2025-04-01,one-sided/negligible,,,no bind since Mar-2026
870__C,1,0,0.1,,-0.0011599999852478504,,-0.00139999995008111,,-0.00139999995008111,,0.004557577272256215,0.0037762783467769623,0.0007812989254792528,0.0,0.0007812989254792528,0.0007812989254792528,0.0007812989254792528,0.0007812989254792528,1.0,,2026-08-07,2026-08-07,one-sided/negligible,,,live
ELMCRK_TWILIG1_1,1,1,0.0,-0.00026699999580159783,,-0.00011310390254948288,,,,-0.00011310390254948288,0.0005509291077032685,0.0013005569344386458,-0.0007496278267353773,-0.0007496278267353773,0.0,0.0007496278267353773,0.0007496278267353773,0.0,,4.870999813079834,2025-11-10,2025-11-10,one-sided/negligible,0.00015389609325211495,0.0007496278414647686,no bind since Mar-2026
449T449_1,1,1,0.0,-0.012225000187754631,,-0.004867121111601591,,,,-0.004867121111601591,0.0004867121169809252,0.0012224999954923987,-0.0007357878785114735,-0.0007357878785114735,0.0,0.0007357878785114735,0.0,0.0,,0.10000000149011612,2025-08-09,2025-08-09,one-sided/negligible,0.00735787907615304,0.0007357879185793982,no bind since Mar-2026
ESKSW_FMR2,4,4,0.0,0.00022425001952797174,,0.00010791671957122162,,0.00030499999411404133,,0.00010568161815172061,-6.065344496164471e-05,-0.00044436207826947793,0.0003837086333078332,0.0003837086333078332,0.0,0.0007009094188106246,0.0005423090260592289,7.679700502194464e-05,1.0,1.1182499751448631,2025-03-11,2026-09-12,one-sided/negligible,8.074997458606958e-05,0.00036119462829528257,live
70155__A,11,11,0.0,-0.0025332728400826454,,-0.0023007462732493877,,-0.0021585715003311634,,-0.0022912307176738977,0.0042843925421038875,0.004827456001748942,-0.0005430634596450545,-0.0005430634596450545,0.0,0.0006921994613549032,0.0006921994613549032,0.00014559205328623648,1.0,0.16936363578266042,2026-04-03,2026-09-13,one-sided/negligible,0.000374701339751482,0.0006980685935623939,live
LPLRR_LPLBR_1,3,3,0.0,0.00014000000373926014,,,,,,,0.0,-0.0006442799931392074,0.0006442799931392074,0.0006442799931392074,0.0,0.0006442799931392074,0.0,0.0,,1.5113333463668823,2024-08-13,2024-08-27,one-sided/negligible,,,no bind since Mar-2026
BELD_COCS1_1,15,15,0.0,-0.00020666667842306197,,-0.0001411761622875929,,,,-0.0001411761622875929,0.0013626832513580212,0.001984966965892454,-0.0006222837145344329,-0.0006222837145344329,0.0,0.0006222837145344329,0.0006222837145344329,0.0,,0.6423999958671629,2025-09-27,2025-12-10,one-sided/negligible,6.549051613546908e-05,0.0006310666094214556,no bind since Mar-2026
431T431_1,1,1,0.0,-0.00228599994443357,,-0.001094395061954856,,,,-0.001094395061954856,0.0005603302852250636,0.0011704320786520839,-0.0006101017934270203,-0.0006101017934270203,0.0,0.0006101017934270203,0.0,0.0,,0.5120000243186951,2025-02-15,2025-02-15,one-sided/negligible,0.001191604882478714,0.0006101017288073773,no bind since Mar-2026
MNSTR_WLFRDG_1,2,2,0.0,0.0005884999991394579,,-0.0004510433354880661,,-0.00019200000679120421,,-0.0004809238016605377,0.00018752187315840274,-0.00039867799932835624,0.000586199872486759,0.000586199872486759,0.0,0.000586199872486759,0.000586199872486759,0.00042535000829957426,1.0,0.3034999966621399,2026-04-03,2026-06-10,one-sided/negligible,-0.0007805000059306622,0.00047376349838951226,live
WHITE_PT_XF1L,1,1,0.0,0.01092000026255846,,-0.00039500001003034413,,-0.00039500001003034413,,-0.0004282802692614496,1.5800000255694613e-05,-0.00043680000817403197,0.0004526000084297266,0.0004526000084297266,0.0,0.0004526000084297266,0.0004526000084297266,0.0004526000084297266,1.0,0.03999999910593033,2026-08-18,2026-08-18,one-sided/negligible,-0.011315000272588804,0.0004526000007871536,live
138_FXT_PG1_1,13,13,0.0,-0.00020311109255999327,,3.981641566497274e-05,,,,3.981641566497274e-05,-0.0003858536631184961,-0.0005090460183510004,0.00012319235523250427,0.00012319235523250427,0.0,0.0004208981672206846,0.0004208981672206846,0.0,0.0,0.779076916577581,2025-12-16,2026-08-28,one-sided/negligible,0.000242927508224966,0.002460369782777159,live
BELDTA_BRONCO1_A,8,8,0.0,0.0001156250000349246,,,,,,,0.0,-0.00041527600569679635,0.00041527600569679635,0.00041527600569679635,0.0,0.00041527600569679635,0.00041527600569679635,0.00041527600569679635,0.0,0.45962500059977174,2026-07-19,2026-07-25,one-sided/negligible,,,live
OLN_FMR2,1,1,0.0,0.0005540000274777412,,0.00025462982011958957,,,,0.00025462982011958957,-0.00034935210715048015,-0.000760088034439832,0.0004107359272893518,0.0004107359272893518,0.0,0.0004107359272893518,0.0004107359272893518,0.0,,1.371999979019165,2026-04-16,2026-04-16,one-sided/negligible,-0.0002993702073581517,0.0004107359182143472,live
SLKSW_SOLSTI1_1,1,1,0.0,0.002572000026702881,,0.0010983269894495606,,,,0.0010983269894495606,-0.00030533489189110696,-0.0007150159799493849,0.00040968108805827796,0.00040968108805827796,0.0,0.00040968108805827796,0.00040968108805827796,0.0,,0.27799999713897705,2025-10-07,2025-10-07,one-sided/negligible,-0.0014736730372533202,0.00040968110014021064,no bind since Mar-2026
AI_SRB84_A,1,1,0.0,-0.0041680000722408295,,-0.010786705650389194,,,,-0.010786705650389194,0.0006579890614375472,0.0002542480069678277,0.00040374105446971953,0.00040374105446971953,0.0,0.00040374105446971953,0.00040374105446971953,0.0,,0.061000000685453415,2026-04-11,2026-04-11,one-sided/negligible,-0.006618705578148365,0.0004037410448038646,live
NEVILL_BAKESW_1,1,1,0.0,-0.0012580000329762697,,-0.000737000023946166,,-0.000737000023946166,,-0.0007189339958131313,0.0005564350285567343,0.0009497900027781725,-0.00039335497422143817,-0.00039335497422143817,0.0,0.00039335497422143817,0.00039335497422143817,0.00039335497422143817,1.0,0.7549999952316284,2026-09-13,2026-09-13,one-sided/negligible,0.0005210000090301037,0.00039335500433340664,live
6519__A,1,1,0.0,-0.001967000076547265,,-0.0011749122058972716,,,,-0.0011749122058972716,0.0005639578448608518,0.0009441600413993001,-0.00038020219653844833,-0.00038020219653844833,0.0,0.00038020219653844833,0.00038020219653844833,0.0,,0.47999998927116394,2025-09-16,2025-09-16,one-sided/negligible,0.0007920878706499934,0.00038020216941381593,no bind since Mar-2026
PUTM_PUTN1_1,3,2,0.1,-0.0018390000332146883,-0.0009200000204145908,-0.0013862393097952008,-0.0007495569880120456,,,-0.0013862393097952008,0.001147572601136441,0.001516353600891307,-0.00036878099975486595,-0.0003549644607119262,-1.3816539042939745e-05,0.00036878099975486595,0.00036878099975486595,0.0,,0.3920000120997429,2025-12-16,2025-12-19,one-sided/negligible,0.0004527607234194875,0.00035496441811745487,no bind since Mar-2026
WINCHES_AT1L,1,1,0.0,-0.002962999977171421,,0.0010741042206063867,,,,0.0010741042206063867,-9.559527825331315e-05,0.00026370701380074024,-0.0003593022920540534,-0.0003593022920540534,0.0,0.0003593022920540534,0.0,0.0,,0.08900000154972076,2025-03-18,2025-03-18,one-sided/negligible,0.004037104197777808,0.0003593022798586091,no bind since Mar-2026
WINCHES_AT1H,1,1,0.0,-0.002962999977171421,,0.0010741042206063867,,,,0.0010741042206063867,-9.559527825331315e-05,0.00026370701380074024,-0.0003593022920540534,-0.0003593022920540534,0.0,0.0003593022920540534,0.0,0.0,,0.08900000154972076,2025-03-18,2025-03-18,one-sided/negligible,0.004037104197777808,0.0003593022798586091,no bind since Mar-2026
1560__A,8,6,0.3,0.00033983332104980946,-0.00021749999723397195,0.00043895645649172366,-0.00021749999723397195,,,0.00043895645649172366,0.0013066389960840752,0.0016432223083029385,-0.0003365833122188633,-0.0003365833122188633,0.0,0.0003365833122188633,0.0,0.0,,0.5818333262577653,2025-02-14,2025-08-12,one-sided/negligible,9.91231354419142e-05,0.00034603886161960754,no bind since Mar-2026
MGSES_MR2H,1,1,0.0,-0.0024610001128166914,,-0.001392592559568584,,,,-0.001392592559568584,0.000424740748712793,0.0007506050751544535,-0.0003258643264416605,-0.0003258643264416605,0.0,0.0003258643264416605,0.0003258643264416605,0.0,,0.3050000071525574,2025-11-10,2025-11-10,one-sided/negligible,0.0010684075532481074,0.0003258643113825191,no bind since Mar-2026
MGSES_MR2L,1,1,0.0,-0.0024610001128166914,,-0.001392592559568584,,,,-0.001392592559568584,0.000424740748712793,0.0007506050751544535,-0.0003258643264416605,-0.0003258643264416605,0.0,0.0003258643264416605,0.0003258643264416605,0.0,,0.3050000071525574,2025-11-10,2025-11-10,one-sided/negligible,0.0010684075532481074,0.0003258643113825191,no bind since Mar-2026
LPLMK_LPLCO_1,4,4,0.0,0.00010074999590869993,,,,,,,0.0,-0.00032110399479279295,0.00032110399479279295,0.00032110399479279295,0.0,0.00032110399479279295,0.0,0.0,,0.7967499941587448,2025-04-01,2025-04-02,one-sided/negligible,,,no bind since Mar-2026
825__C,2,2,0.0,0.01563349924981594,,0.01539899967610836,,0.01539899967610836,,0.015265744179487228,-0.02270138543099165,-0.0230078655295074,0.000306480098515749,0.000306480098515749,0.0,0.000306480098515749,0.000306480098515749,0.000306480098515749,1.0,0.7425000220537186,2026-07-29,2026-07-30,same-sign,-0.00023449957370758057,0.00034823187729893235,live
3671__A,6,6,0.0,0.00011966666352236643,,0.0001405258517479524,,,,0.0001405258517479524,-0.0006323952959519374,-0.0003602500054284974,-0.00027214529052344005,-0.00027214529052344005,0.0,0.00027214529052344005,0.0,0.0,,0.693666678853333,2025-08-13,2025-09-03,one-sided/negligible,2.0859188225585967e-05,8.68159429201126e-05,no bind since Mar-2026
G138_4B_1,21,21,0.0,0.00011180950968991965,,,,,,,0.0,-0.00023757100734655978,0.00023757100734655978,0.00023757100734655978,0.0,0.00023757100734655978,0.0,0.0,,0.10109523896660123,2025-03-19,2025-04-14,one-sided/negligible,,,no bind since Mar-2026
TRSES_MR7H,1,1,0.0,-0.002532999962568283,,-0.0021328239236027002,,,,-0.0021328239236027002,0.0012071783421561122,0.0014336779713630676,-0.00022649962920695543,-0.00022649962920695543,0.0,0.00022649962920695543,0.00022649962920695543,0.0,,0.5659999847412109,2026-03-24,2026-03-24,one-sided/negligible,0.00040017603896558285,0.00022649963194831813,live
TRSES_MR7L,1,1,0.0,-0.002532999962568283,,-0.0021328239236027002,,,,-0.0021328239236027002,0.0012071783421561122,0.0014336779713630676,-0.00022649962920695543,-0.00022649962920695543,0.0,0.00022649962920695543,0.00022649962920695543,0.0,,0.5659999847412109,2026-03-24,2026-03-24,one-sided/negligible,0.00040017603896558285,0.00022649963194831813,live
875__C,13,13,0.0,-0.00022292308858595788,,-0.0002780769136734307,,-0.0002780769136734307,,-0.0002824676630552858,0.0012112950025766622,0.0009907219782689936,0.00022057302430766867,0.00022057302430766867,0.0,0.00022057302430766867,0.00022057302430766867,0.00022057302430766867,1.0,0.4718461578282026,2026-08-20,2026-09-07,one-sided/negligible,-5.5153825087472796e-05,0.000338313565941686,live
2410__B,4,4,0.0,0.0002667499938979745,,0.0002863758709281683,,,,0.0002863758709281683,-0.003006368671776727,-0.00280224991729483,-0.00020411875448189676,-0.00020411875448189676,0.0,0.00020411875448189676,0.00020411875448189676,0.0,,2.6187499463558197,2026-04-07,2026-04-08,one-sided/negligible,1.9625877030193806e-05,0.00020558105768002377,live
780__C,3,3,0.0,-0.0017229999648407102,,-0.0016735302051529288,,,,-0.0016735302051529288,0.006048406474292278,0.006226992700248957,-0.0001785862259566784,-0.0001785862259566784,0.0,0.0001785862259566784,0.0001785862259566784,0.0,,1.2046666344006856,2026-02-10,2026-02-10,one-sided/negligible,4.9469759687781334e-05,0.00017878370672307076,no bind since Mar-2026
612T612_1,1,1,0.0,-0.007449000142514706,,-0.004004175309091806,,,,-0.004004175309091806,0.00018419206026010215,0.0003426540060900152,-0.00015846194582991302,-0.00015846194582991302,0.0,0.00015846194582991302,0.00015846194582991302,0.0,,0.04600000008940697,2025-12-05,2025-12-05,one-sided/negligible,0.0034448248334228992,0.0001584619426454447,no bind since Mar-2026
6625__L,4,4,0.0,0.000629749963991344,,0.0003403560840524733,,,,0.0003403560840524733,-0.00018233482114737853,-0.00033224798789888155,0.000149913166751503,0.000149913166751503,0.0,0.000149913166751503,0.0,0.0,,0.13150000013411045,2024-08-06,2024-08-06,one-sided/negligible,-0.00028939387993887067,0.00015222118100308895,no bind since Mar-2026
BALLIN_GARNET1_1,1,1,0.0,0.0010389999952167273,,0.0005610000225715339,,0.0005610000225715339,,0.0005126016330905259,-0.0001582020049681887,-0.0002929980109911412,0.0001347960060229525,0.0001347960060229525,0.0,0.0001347960060229525,0.0001347960060229525,0.0001347960060229525,1.0,0.28200000524520874,2026-07-21,2026-07-21,one-sided/negligible,-0.00047799997264519334,0.00013479599479315416,live
MP_NTH08_A,4,4,0.0,0.0005649999948218465,,0.00035924548865295947,,,,0.00035924548865295947,-0.00022452843313658377,-0.00035312499858264346,0.00012859656544605969,0.00012859656544605969,0.0,0.00012859656544605969,0.00012859656544605969,0.0,,0.15625000093132257,2026-01-03,2026-01-03,one-sided/negligible,-0.00020575450616888702,0.00012859656712204965,no bind since Mar-2026
1930__E,3,3,0.0,-0.0007846666849218309,,-0.0007863063365221024,,,,-0.0007863063365221024,0.0630155224353075,0.06289768777787685,0.0001178346574306488,0.0001178346574306488,0.0,0.0001178346574306488,0.0001178346574306488,0.0,,26.597666422526043,2025-11-05,2025-11-05,one-sided/negligible,-1.6396516002714634e-06,0.00013083271893954418,no bind since Mar-2026
ZAPSTR,1253,0,794.5,,-0.0003322563134133816,,-0.00033225418883375823,,-0.0008632538956589997,,13.91511672425813,13.915229365551621,-0.00011264129348853462,0.0,-0.00011264129348853462,0.00011321153219036229,3.861108167457598e-09,1.0842021724855044e-19,1.0,,2024-07-03,2026-09-09,one-sided/negligible,,,faded (<25% in last 12m)
POTOSI_VINSON1_1,1,1,0.0,0.0029490001033991575,,0.0018876532558351755,,,,0.0018876532558351755,-0.00018121470930054784,-0.0002831040183082223,0.00010188930900767446,0.00010188930900767446,0.0,0.00010188930900767446,0.0,0.0,,0.09600000083446503,2024-07-17,2024-07-17,one-sided/negligible,-0.001061346847563982,0.0001018892982517991,no bind since Mar-2026
NE_LOB,2510,0,1769.7,,-0.00020529943867586553,,-0.00020530131587293,,-4.3085105971840676e-07,,9.19438772504119,9.19429640070731,9.132433388008102e-05,0.0,9.132433388008102e-05,9.136194360813852e-05,3.127934182296995e-08,0.0,1.0,,2024-07-03,2026-09-13,one-sided/negligible,,,faded (<25% in last 12m)
16020__C,1,1,0.0,0.0005339999916031957,,0.00030260029598139226,,,,0.00030260029598139226,-0.00011619851284194738,-0.00020505599968601018,8.88574868440628e-05,8.88574868440628e-05,0.0,8.88574868440628e-05,0.0,0.0,,0.3840000033378601,2025-05-29,2025-05-29,one-sided/negligible,-0.0002313996956218034,8.885748389115232e-05,no bind since Mar-2026
1536__B,1,1,0.0,,,0.00011237770377192646,,,,0.00011237770377192646,-8.47327901283279e-05,0.0,-8.47327901283279e-05,-8.47327901283279e-05,0.0,8.47327901283279e-05,8.47327901283279e-05,0.0,,0.7540000081062317,2025-11-22,2025-11-22,one-sided/negligible,,,no bind since Mar-2026
LIGSW_MR1H,1,1,0.0,-0.009783999994397163,,-0.009384874254465103,,,,-0.009384874254465103,0.0008352537988685071,0.0008707760134711862,-3.5522214602679014e-05,-3.5522214602679014e-05,0.0,3.5522214602679014e-05,0.0,0.0,,0.08900000154972076,2024-10-03,2024-10-03,same-sign,0.00039912573993206024,3.552219147248681e-05,no bind since Mar-2026
LIGSW_MR1L,1,1,0.0,-0.009783999994397163,,-0.009384874254465103,,,,-0.009384874254465103,0.0008352537988685071,0.0008707760134711862,-3.5522214602679014e-05,-3.5522214602679014e-05,0.0,3.5522214602679014e-05,0.0,0.0,,0.08900000154972076,2024-10-03,2024-10-03,same-sign,0.00039912573993206024,3.552219147248681e-05,no bind since Mar-2026
TER_DENT_1,15,0,8.3,,0.00149939872790128,,0.0014999040868133307,,,,-0.08088029499716261,-0.0808585153590684,-2.1779638094205196e-05,0.0,-2.1779638094205196e-05,2.1780258975921896e-05,0.0,0.0,,,2024-12-02,2024-12-05,one-sided/negligible,,,no bind since Mar-2026
875__D,4,2,1.6,-0.00012250000145286322,0.0,-0.00015100000018719584,0.0,-0.00015100000018719584,,-0.00015352586342487484,9.81499961199006e-05,7.984799776750151e-05,1.8301998352399096e-05,1.8301998352399096e-05,0.0,1.8301998352399096e-05,1.8301998352399096e-05,1.8301998352399096e-05,1.0,0.32499998807907104,2026-04-08,2026-09-03,one-sided/negligible,-2.849999873433262e-05,1.8524998497823283e-05,live
COTN_BLSRA_1,1,1,0.0,0.0014690000098198652,,0.0015023924643173814,,,,0.0015023924643173814,-0.0006325072608888149,-0.0006184490048326552,-1.4058256056159735e-05,-1.4058256056159735e-05,0.0,1.4058256056159735e-05,0.0,0.0,,0.42100000381469727,2024-10-24,2024-10-24,one-sided/negligible,3.3392454497516155e-05,1.4058223470836406e-05,no bind since Mar-2026
1650__D,1,0,0.1,,-0.0013200000394135714,,-0.001407556002959609,,,,0.00015734598855488002,0.00014755839947611094,9.787589078769088e-06,0.0,9.787589078769088e-06,9.787589078769088e-06,9.787589078769088e-06,0.0,,,2026-04-27,2026-04-27,one-sided/negligible,,,live
921__G,1,1,0.0,-0.00010599999950500205,,0.0,,,,0.0,0.0,3.392000053281663e-06,-3.392000053281663e-06,-3.392000053281663e-06,0.0,3.392000053281663e-06,0.0,0.0,,0.03200000151991844,2025-05-14,2025-05-14,one-sided/negligible,0.00010599999950500205,3.3920001452714197e-06,no bind since Mar-2026
DR_GV_94_A,9,0,7.8,,0.007325185462832451,,0.007325185462832451,,,,-199.6254064242045,-199.62540324529013,-3.1789143868365954e-06,0.0,-3.1789143868365954e-06,3.1789143868365954e-06,0.0,0.0,,,2024-11-26,2024-11-27,one-sided/negligible,,,no bind since Mar-2026
PNHNDL,2114,0,1597.3,,-0.002910108305513859,,-0.002910108305513859,,-0.0025041853077709675,,89.26107555082248,89.26107484727406,7.035484182991307e-07,0.0,7.035484182991307e-07,1.2429045449966452e-06,8.153250135196831e-07,1.4751925809380895e-17,1.0,,2024-07-06,2026-09-13,one-sided/negligible,,,live
EASTEX,538,0,300.1,,-0.0019872505217790604,,-0.0019872505217790604,,-0.0020388299599289894,,50.49794109713248,50.497940931542345,1.6559014709032388e-07,0.0,1.6559014709032388e-07,5.023476136875596e-07,5.023476136875596e-07,4.380176776841438e-17,1.0,,2025-05-06,2026-09-11,one-sided/negligible,,,live
EBONY_GENTIE_1,8,0,1.8,,0.00034875000710599124,,0.0003487500362098217,,,,-3.662572622299194,-3.662572145462036,-4.768371577590358e-07,0.0,-4.768371577590358e-07,4.768371577590358e-07,0.0,0.0,,,2024-10-11,2026-03-27,one-sided/negligible,,,faded (<25% in last 12m)
NAVALB_N_PADR1_1,23,0,15.1,,0.0011613651877269149,,0.0011613651877269149,,,,-48.89732915163041,-48.89732883373897,-3.1789143806193465e-07,0.0,-3.1789143806193465e-07,3.1789143806193465e-07,3.1789143806193465e-07,0.0,,,2025-11-16,2025-11-25,one-sided/negligible,,,no bind since Mar-2026
SAMSW,556,0,491.6,,-0.000459445669548586,,-0.000459445669548586,,,,14.491711802445932,14.491711642219645,1.6022628797509155e-07,0.0,1.6022628797509155e-07,1.931330189315389e-07,1.489922093863747e-07,0.0,,,2025-03-06,2026-03-20,one-sided/negligible,,,live
1855__E,2,0,0.8,,0.006012000143527985,,0.006012000143527985,,,,-15.767499128977457,-15.767498970031738,-1.5894571969710114e-07,0.0,-1.5894571969710114e-07,1.5894571969710114e-07,0.0,0.0,,,2025-02-01,2025-02-01,one-sided/negligible,,,no bind since Mar-2026
BLASCOFE_RC_1,104,0,28.7,,0.00148510851431638,,0.00148510851431638,,,,-11.954411714695993,-11.954411780947833,6.625183846105072e-08,0.0,6.625183846105072e-08,9.378042401427249e-08,1.4307564276744224e-08,0.0,,,2025-06-11,2026-03-26,one-sided/negligible,,,faded (<25% in last 12m)
I_DUPP_I_DUPS1_1,176,0,133.2,,-0.0026757779996842146,,-0.0026757779996842146,,-0.00197555567137897,,5.12646467207863,5.126464597329686,7.474894421859971e-08,0.0,7.474894421859971e-08,9.35924617782326e-08,4.676197328041718e-08,0.0,1.0,,2024-10-07,2026-06-18,one-sided/negligible,,,live
ELMOT_MR2L,57,0,29.1,,-0.0002944883599411696,,-0.0002944883599411696,,,,2.0274063351301566,2.027406251073444,8.405671302614257e-08,0.0,8.405671302614257e-08,8.405671302614257e-08,8.405671302614257e-08,0.0,,,2025-10-29,2026-03-24,one-sided/negligible,,,live
I_DUPP_I_DUPS2_1,177,0,142.2,,-0.0010100038489326835,,-0.0010100038489326835,,-0.002409999957308173,,5.582330602390584,5.5823305404570265,6.193355755538242e-08,0.0,6.193355755538242e-08,6.643495000085704e-08,2.480373951276862e-08,0.0,1.0,,2024-10-18,2026-08-05,one-sided/negligible,,,live
138_IH2_COT_1,533,0,221.4,,0.004814389627426863,,0.004814389627426863,,0.0013050895649939775,,-3.871610234065902,-3.871610201256184,-3.280971818312749e-08,0.0,-3.280971818312749e-08,5.352618850301149e-08,1.3840084051762935e-08,4.607859233063394e-19,1.0,,2024-07-10,2026-09-09,one-sided/negligible,,,live
GOHLKE_JOSLIN1_1,50,0,32.2,,-0.006748944520950317,,-0.006748944520950317,,,,3.358760257967636,3.3587602519140387,6.053596729362759e-09,0.0,6.053596729362759e-09,3.8960327652850374e-08,1.1641532182693481e-10,0.0,,,2024-10-17,2026-01-28,one-sided/negligible,,,no bind since Mar-2026
943__B,270,0,170.0,,-0.00044047855772078037,,-0.00044047855772078037,,-4.76587338198442e-05,,2.267437708240936,2.267437674651771,3.358916463741184e-08,0.0,3.358916463741184e-08,3.4748789333809455e-08,1.4908910839409633e-08,0.0,1.0,,2024-08-01,2026-07-26,one-sided/negligible,,,live
GILLES_AT1,2,0,0.6,,0.0006370833143591881,,0.000637083372566849,,,,-1.303749938805898,-1.303749918937683,-1.9868214962137642e-08,0.0,-1.9868214962137642e-08,1.9868214962137642e-08,0.0,0.0,,,2024-10-24,2024-10-24,one-sided/negligible,,,no bind since Mar-2026
LPLER_LPLMK_1,1,0,0.2,,0.0008833333849906921,,0.0008833333849906921,,,,-0.4416666626930236,-0.4416666428248087,-1.986821490662649e-08,0.0,-1.986821490662649e-08,1.986821490662649e-08,0.0,0.0,,,2025-02-19,2025-02-19,one-sided/negligible,,,no bind since Mar-2026
6690__D,4,0,1.8,,0.0001608522579772398,,0.00016085228708107024,,-4.545454430626705e-06,,-0.6576501044134297,-0.6576500845452149,-1.986821485111534e-08,0.0,-1.986821485111534e-08,1.986821485111534e-08,0.0,0.0,1.0,,2025-05-06,2026-08-20,one-sided/negligible,,,faded (<25% in last 12m)
EUSTWLTN_RC_1,81,0,15.2,,0.0005114609375596046,,0.0005114609375596046,,,,0.06459630622733434,0.06459629191067505,1.4316659279700009e-08,0.0,1.4316659279700009e-08,1.614049932109515e-08,1.239338113369706e-09,0.0,,,2025-06-11,2026-03-20,one-sided/negligible,,,faded (<25% in last 12m)
ALPR_BARL1_1,6,0,2.8,,0.0007875892915762961,,0.0007875892915762961,,,,-0.9308083895011806,-0.9308083956905951,6.189414601231579e-09,0.0,6.189414601231579e-09,6.228219708471084e-09,0.0,0.0,,,2025-01-21,2025-02-05,one-sided/negligible,,,no bind since Mar-2026
G138_15_1,99,0,33.8,,0.0006245924741961062,,0.0006245925324037671,,0.0001524927356513217,,-0.6459033099933056,-0.6459033038232934,-6.170012057044386e-09,0.0,-6.170012057044386e-09,6.170012057044386e-09,4.967053733595517e-09,0.0,1.0,,2025-01-13,2026-09-13,one-sided/negligible,,,live
KINNEY,124,0,70.8,,-0.00017631088849157095,,-0.00017631090304348618,,-5.500000042957254e-05,,0.21742494480766555,0.21742494029990667,4.5077589059255586e-09,0.0,4.5077589059255586e-09,4.818199762974236e-09,4.818199762974236e-09,0.0,1.0,,2025-10-27,2026-08-12,one-sided/negligible,,,live
GILA_MAYO1_1,15,0,10.8,,-0.0002938889083452523,,-0.0002938889083452523,,,,0.20287789672390014,0.20287789384989685,2.8740032661676504e-09,0.0,2.8740032661676504e-09,2.8740032661676504e-09,2.8740032661676504e-09,0.0,,,2025-12-03,2025-12-05,one-sided/negligible,,,no bind since Mar-2026
BROOKT_JOSLIN1_1,16,0,4.0,,-0.007416947744786739,,-0.007416947744786739,,-0.006285333540290594,,0.964964201138476,0.964964198325409,2.8130671136678692e-09,0.0,2.8130671136678692e-09,2.8130671136678692e-09,0.0,0.0,1.0,,2024-08-01,2026-09-11,one-sided/negligible,,,faded (<25% in last 12m)
372T359_1,1,0,0.2,,0.0027749999426305294,,0.0027749999426305294,,,,-0.021229172125458717,-0.021229170883695282,-1.2417634351336027e-09,0.0,-1.2417634351336027e-09,1.2417634351336027e-09,0.0,0.0,,,2025-07-28,2025-07-28,one-sided/negligible,,,no bind since Mar-2026
138_TWB_GRV_1,2,0,0.3,,0.006029999814927578,,0.006029999814927578,,,,-0.009419569357608754,-0.009419569978490472,6.208817175668013e-10,0.0,6.208817175668013e-10,6.208817175668013e-10,0.0,0.0,,,2025-03-25,2025-04-19,one-sided/negligible,,,no bind since Mar-2026
STERT_FMR1,4,0,1.0,,-0.0025862499605864286,,-0.0025862499605864286,,,,2.2563451357709705,2.25634513538292,3.880511103421247e-10,0.0,3.880511103421247e-10,3.880511103421247e-10,0.0,0.0,,,2024-10-24,2024-10-25,one-sided/negligible,,,no bind since Mar-2026
CBYCTR97_A,44,0,39.8,,-0.0001354347768938169,,-0.0001354347768938169,,,,0.6907624483877346,0.6907624480603165,3.274180858619906e-10,0.0,3.274180858619906e-10,3.274180997397784e-10,0.0,0.0,,,2025-02-19,2025-02-22,one-sided/negligible,,,no bind since Mar-2026
FW_WEB04_A,3,0,0.4,,-0.002481111092492938,,-0.002481111092492938,,,,0.05179208978855361,0.05179208978855361,-4.336808689942018e-19,0.0,-4.336808689942018e-19,1.5522042895801946e-10,1.5522042895801946e-10,0.0,,,2026-03-14,2026-05-14,one-sided/negligible,,,live
CP_MVCNT_1,12,0,2.7,,-0.0003472499956842512,,-0.0003472499956842512,,,,0.01609185809259846,0.016091857948291967,1.4430649316016057e-10,0.0,1.4430649316016057e-10,1.4430649316016057e-10,0.0,0.0,,,2024-09-08,2025-04-17,one-sided/negligible,,,no bind since Mar-2026
ALMC_PAIS1_1,9,0,3.3,,0.00046173736336641014,,0.00046173736336641014,,0.0,,-0.0071140721423338,-0.007114072130207205,-1.212659546346792e-11,0.0,-1.212659546346792e-11,1.212659546346792e-11,0.0,0.0,1.0,,2024-11-21,2026-07-20,one-sided/negligible,,,faded (<25% in last 12m)
BRTNWLTN_RC_1,8,0,1.0,,0.0022656249348074198,,0.0022656249348074198,,,,-1.1699331330146379,-1.1699331330140317,-6.063298023113294e-13,0.0,-6.063298023113294e-13,6.063298023113294e-13,6.063298023113294e-13,0.0,,,2025-06-16,2025-12-18,one-sided/negligible,,,no bind since Mar-2026
138_FWP_MNL_1,15,0,4.6,,0.0012289242586120963,,0.0012289242586120963,,0.0012289242586120963,,-0.42018793683776795,-0.42018793683776795,2.710505431213761e-20,0.0,2.710505431213761e-20,2.710505431213761e-20,2.710505431213761e-20,2.710505431213761e-20,1.0,,2026-07-22,2026-09-05,one-sided/negligible,,,live
X5_ALAMO1_1,3,0,0.7,,0.0,,0.0,,0.0,,0.0,0.0,0.0,0.0,0.0,0.0,0.0,0.0,1.0,,2026-08-18,2026-09-10,one-sided/negligible,,,live
TRDWEL,188,0,148.0,,0.0,,0.0,,0.0,,0.0,0.0,0.0,0.0,0.0,0.0,0.0,0.0,1.0,,2025-03-24,2026-06-08,one-sided/negligible,,,live
TWGWF_66_A,1,0,0.4,,0.0051380000077188015,,0.0051380000077188015,,0.0051380000077188015,,-0.004047560505568981,-0.004047560505568981,0.0,0.0,0.0,0.0,0.0,0.0,1.0,,2026-07-29,2026-07-29,one-sided/negligible,,,live
HHGTOM_1,667,0,552.8,,0.0,,0.0,,0.0,,0.0,0.0,0.0,0.0,0.0,0.0,0.0,0.0,1.0,,2024-11-27,2026-07-17,one-sided/negligible,,,live
HMLTN,2437,0,1866.2,,0.0,,0.0,,,,0.0,0.0,0.0,0.0,0.0,0.0,0.0,0.0,,,2024-10-04,2025-11-03,one-sided/negligible,,,no bind since Mar-2026
HHGT_T2H,3,0,0.2,,0.0,,0.0,,0.0,,0.0,0.0,0.0,0.0,0.0,0.0,0.0,0.0,1.0,,2025-02-01,2026-07-25,one-sided/negligible,,,live
UVLD_DOWI_1,2,0,0.3,,0.0,,0.0,,0.0,,0.0,0.0,0.0,0.0,0.0,0.0,0.0,0.0,1.0,,2026-07-29,2026-07-29,one-sided/negligible,,,live
UVALDE,231,0,152.3,,0.0,,0.0,,0.0,,0.0,0.0,0.0,0.0,0.0,0.0,0.0,0.0,1.0,,2026-02-05,2026-07-21,one-sided/negligible,,,live
1275__A,45,0,20.9,,0.0,,0.0,,0.0,,0.0,0.0,0.0,0.0,0.0,0.0,0.0,0.0,1.0,,2026-05-13,2026-09-13,one-sided/negligible,,,live
CULBSN,128,0,91.1,,0.0,,0.0,,,,0.0,0.0,0.0,0.0,0.0,0.0,0.0,0.0,,,2025-01-13,2025-10-24,one-sided/negligible,,,no bind since Mar-2026
BENJTA_MUNDAY1_1,1,0,0.2,,0.0002800000074785203,,0.0002800000074785203,,,,-0.13066666324933368,-0.13066666324933368,0.0,0.0,0.0,0.0,0.0,0.0,,,2025-08-13,2025-08-13,one-sided/negligible,,,no bind since Mar-2026
42T425_1,1,0,0.1,,0.000699999975040555,,0.000699999975040555,,,,-0.16333331664403278,-0.16333331664403278,0.0,0.0,0.0,0.0,0.0,0.0,,,2026-03-25,2026-03-25,one-sided/negligible,,,live
RANDAD_ZAPATA1_1,4,0,0.4,,0.0,,0.0,,0.0,,0.0,0.0,0.0,0.0,0.0,0.0,0.0,0.0,1.0,,2024-07-17,2026-06-27,one-sided/negligible,,,live
RAY_MOURSUND_1,1,0,0.1,,0.0,,0.0,,0.0,,0.0,0.0,0.0,0.0,0.0,0.0,0.0,0.0,1.0,,2026-06-30,2026-06-30,one-sided/negligible,,,live
RV_RH,33,0,20.7,,0.0,,0.0,,,,0.0,0.0,0.0,0.0,0.0,0.0,0.0,0.0,,,2025-08-25,2026-02-12,one-sided/negligible,,,no bind since Mar-2026
GP_NM_94_A,5,0,2.3,,-0.0005273333517834544,,-0.0005273333517834544,,-0.0005273333517834544,,0.1727208913407594,0.1727208913407594,0.0,0.0,0.0,0.0,0.0,0.0,1.0,,2026-08-20,2026-08-31,one-sided/negligible,,,live
138_WIC_STG_1,3,0,0.5,,0.007153333630412817,,0.007153333630412817,,,,-4.146902347604433,-4.146902347604433,0.0,0.0,0.0,0.0,0.0,0.0,,,2024-11-26,2025-03-18,one-sided/negligible,,,no bind since Mar-2026
PRSSW_MR1H,1,0,0.2,,-0.00011999999696854502,,-0.00011999999696854502,,,,0.0003149875895663475,0.0003149875895663475,0.0,0.0,0.0,0.0,0.0,0.0,,,2025-11-18,2025-11-18,one-sided/negligible,,,no bind since Mar-2026
138_WBT_WBN_1,1,0,0.1,,0.0005499999970197678,,0.0005499999970197678,,,,-0.2406708002090454,-0.2406708002090454,0.0,0.0,0.0,0.0,0.0,0.0,,,2025-06-25,2025-06-25,one-sided/negligible,,,no bind since Mar-2026
RZ_WML26_A,7,0,5.8,,-0.00024088095233310014,,-0.00024088095233310014,,,,0.037608383977688696,0.037608383977688696,0.0,0.0,0.0,0.0,0.0,0.0,,,2024-08-05,2024-08-05,one-sided/negligible,,,no bind since Mar-2026
FTST_69T1,8,0,0.9,,0.00043770833872258663,,0.00043770833872258663,,,,-0.002866949827875942,-0.002866949827875942,0.0,0.0,0.0,0.0,0.0,0.0,,,2024-08-10,2024-10-16,one-sided/negligible,,,no bind since Mar-2026
940__B,4,0,3.7,,-0.0012448977213352919,,-0.0012448977213352919,,,,0.016746829664043617,0.016746829664043617,0.0,0.0,0.0,0.0,0.0,0.0,,,2026-05-10,2026-05-10,one-sided/negligible,,,live
OR_TAP60_1,282,282,0.0,,,0.0,,,,0.0,0.0,0.0,0.0,0.0,0.0,0.0,0.0,0.0,0.0,1.0018546156538155,2024-09-26,2026-06-10,one-sided/negligible,,,live
6690__E,3,0,1.0,,0.0,,0.0,,0.0,,0.0,0.0,0.0,0.0,0.0,0.0,0.0,0.0,1.0,,2026-04-02,2026-07-29,one-sided/negligible,,,live
MOURSUND_FUR_1,64,0,9.9,,0.0,,0.0,,0.0,,0.0,0.0,0.0,0.0,0.0,0.0,0.0,0.0,1.0,,2026-06-23,2026-09-12,one-sided/negligible,,,live
PHR_AT2H,1,0,0.1,,0.0,,0.0,,,,0.0,0.0,0.0,0.0,0.0,0.0,0.0,0.0,,,2024-12-02,2024-12-02,one-sided/negligible,,,no bind since Mar-2026
MLB_SLR_TLINE_1,205,0,131.5,,0.0,,0.0,,,,0.0,0.0,0.0,0.0,0.0,0.0,0.0,0.0,,,2025-10-29,2026-03-31,one-sided/negligible,,,live
SAB_SABI_1,2,0,0.2,,-9.999999747378752e-05,,-9.999999747378752e-05,,,,2.0211999071761966e-05,2.0211999071761966e-05,0.0,0.0,0.0,0.0,0.0,0.0,,,2025-03-20,2025-03-20,one-sided/negligible,,,no bind since Mar-2026
SILASRAY_T1,2,0,0.4,,0.0011183333117514849,,0.0011183333117514849,,,,-1.6333333253860471,-1.6333333253860471,0.0,0.0,0.0,0.0,0.0,0.0,,,2026-02-06,2026-02-06,one-sided/negligible,,,no bind since Mar-2026
SJO_WLFRDG_1,5,0,2.7,,0.0,,0.0,,,,0.0,0.0,0.0,0.0,0.0,0.0,0.0,0.0,,,2025-03-11,2025-03-11,one-sided/negligible,,,no bind since Mar-2026
I_DUPS_LGE1_1,1,0,0.2,,0.0,,0.0,,,,0.0,0.0,0.0,0.0,0.0,0.0,0.0,0.0,,,2024-07-22,2024-07-22,one-sided/negligible,,,no bind since Mar-2026
EDGWD_MR2H,1,0,0.2,,0.00033999999868683517,,0.00033999999868683517,,,,-0.29755663871765137,-0.29755663871765137,0.0,0.0,0.0,0.0,0.0,0.0,,,2025-02-19,2025-02-19,one-sided/negligible,,,no bind since Mar-2026
LAUREL_MARCON1_1,1,0,0.1,,-0.0011399999493733048,,-0.0011399999493733048,,,,0.0024117811893423395,0.0024117811893423395,0.0,0.0,0.0,0.0,0.0,0.0,,,2025-10-29,2025-10-29,one-sided/negligible,,,no bind since Mar-2026
PALE_ESS_TLINE__1,1,0,0.2,,0.0,,0.0,,,,0.0,0.0,0.0,0.0,0.0,0.0,0.0,0.0,,,2025-04-23,2025-04-23,one-sided/negligible,,,no bind since Mar-2026
LPLPY_T1S,2,0,0.6,,0.0,,0.0,,,,0.0,0.0,0.0,0.0,0.0,0.0,0.0,0.0,,,2025-04-30,2025-11-24,one-sided/negligible,,,no bind since Mar-2026
LPLPY_T1P,15,0,9.8,,0.0,,0.0,,,,0.0,0.0,0.0,0.0,0.0,0.0,0.0,0.0,,,2025-04-29,2025-11-24,one-sided/negligible,,,no bind since Mar-2026
805__A,1,0,0.1,,0.0,,0.0,,,,0.0,0.0,0.0,0.0,0.0,0.0,0.0,0.0,,,2025-07-30,2025-07-30,one-sided/negligible,,,no bind since Mar-2026
385__A,4,0,1.7,,0.0,,0.0,,,,0.0,0.0,0.0,0.0,0.0,0.0,0.0,0.0,,,2025-11-18,2026-04-09,one-sided/negligible,,,live
BNMSW_FMR1,6,0,4.0,,-0.0005001110839657485,,-0.0005001110839657485,,,,0.03179506813952078,0.03179506813952078,0.0,0.0,0.0,0.0,0.0,0.0,,,2024-08-13,2024-10-23,one-sided/negligible,,,no bind since Mar-2026
GALOW_MUSTNGCK_1,3,0,1.2,,0.0,,0.0,,,,0.0,0.0,0.0,0.0,0.0,0.0,0.0,0.0,,,2026-02-11,2026-02-11,one-sided/negligible,,,no bind since Mar-2026
6360__A,7,0,3.6,,0.0,,0.0,,0.0,,0.0,0.0,0.0,0.0,0.0,0.0,0.0,0.0,1.0,,2026-05-18,2026-06-23,one-sided/negligible,,,live
MXWL_FERMI_1,1,0,1.0,,0.0,,0.0,,,,0.0,0.0,0.0,0.0,0.0,0.0,0.0,0.0,,,2025-09-05,2025-09-05,one-sided/negligible,,,no bind since Mar-2026
6064__A,2,0,1.2,,0.0,,0.0,,,,0.0,0.0,0.0,0.0,0.0,0.0,0.0,0.0,,,2025-05-21,2025-05-21,one-sided/negligible,,,no bind since Mar-2026
SUNRAY_TLINE_1,2,0,0.8,,0.0,,0.0,,,,0.0,0.0,0.0,0.0,0.0,0.0,0.0,0.0,,,2026-02-05,2026-02-05,one-sided/negligible,,,no bind since Mar-2026
SWI_OLIN_1,2,0,0.3,,0.003328333143144846,,0.0033283333759754896,,,,-0.0006187047983985394,-0.0006187047983985394,0.0,0.0,0.0,0.0,0.0,0.0,,,2025-08-07,2025-08-10,one-sided/negligible,,,no bind since Mar-2026
TAB_DANS_1,2,0,0.3,,-9.250000584870577e-05,,-9.250000584870577e-05,,,,0.0011488108430057764,0.0011488108430057764,0.0,0.0,0.0,0.0,0.0,0.0,,,2024-10-06,2025-03-19,one-sided/negligible,,,no bind since Mar-2026
6253__B,3,0,1.2,,-0.0010891667334362864,,-0.0010891667334362864,,,,0.09818248854329188,0.09818248854329188,0.0,0.0,0.0,0.0,0.0,0.0,,,2026-03-16,2026-03-16,one-sided/negligible,,,live
ACSSW_AX1H,12,0,8.4,,0.0,,0.0,,0.0,,0.0,0.0,0.0,0.0,0.0,0.0,0.0,0.0,1.0,,2025-01-29,2026-07-05,one-sided/negligible,,,live
ACSSW_AX2H,5,0,3.6,,0.0,,0.0,,,,0.0,0.0,0.0,0.0,0.0,0.0,0.0,0.0,,,2025-03-20,2025-03-20,one-sided/negligible,,,no bind since Mar-2026
HI_LONE_TLINE_1,17,0,14.7,,0.0,,0.0,,0.0,,0.0,0.0,0.0,0.0,0.0,0.0,0.0,0.0,1.0,,2025-12-02,2026-06-30,one-sided/negligible,,,live
CK_FT_95_A,1,0,0.1,,0.003010000102221966,,0.003010000102221966,,,,-0.877916653951009,-0.877916653951009,0.0,0.0,0.0,0.0,0.0,0.0,,,2024-09-13,2024-09-13,one-sided/negligible,,,no bind since Mar-2026
WILBRN,1,0,0.2,,0.0026266667991876602,,0.0026266667991876602,,0.0026266667991876602,,-0.023970809454719223,-0.023970809454719223,0.0,0.0,0.0,0.0,0.0,0.0,1.0,,2026-07-13,2026-07-13,one-sided/negligible,,,live
W_LD_138_LDXF,5,0,1.8,,0.0,,0.0,,,,0.0,0.0,0.0,0.0,0.0,0.0,0.0,0.0,,,2024-07-13,2024-07-21,one-sided/negligible,,,no bind since Mar-2026
_WC_WCO2_1,4,0,0.9,,0.005925000179558992,,0.005925000179558992,,0.005925000179558992,,-0.005956046128024657,-0.005956046128024657,0.0,0.0,0.0,0.0,0.0,0.0,1.0,,2026-07-08,2026-07-27,one-sided/negligible,,,live
