DA,RT,flowday,node,HE
28.11,52.9375,2026-06-01,GKS_BESS_RN,1
25.61,34.1075,2026-06-01,GKS_BESS_RN,2
24.2,34.32,2026-06-01,GKS_BESS_RN,3
23.96,29.2175,2026-06-01,GKS_BESS_RN,4
24.11,29.4525,2026-06-01,GKS_BESS_RN,5
25.23,25.71,2026-06-01,GKS_BESS_RN,6
30.82,24.235,2026-06-01,GKS_BESS_RN,7
26.1,19.0225,2026-06-01,GKS_BESS_RN,8
19.82,17.61,2026-06-01,GKS_BESS_RN,9
21.52,20.8775,2026-06-01,GKS_BESS_RN,10
25.6,22.665,2026-06-01,GKS_BESS_RN,11
34.25,27.36,2026-06-01,GKS_BESS_RN,12
36.96,26.0625,2026-06-01,GKS_BESS_RN,13
45.61,31.2325,2026-06-01,GKS_BESS_RN,14
44.6,37.415,2026-06-01,GKS_BESS_RN,15
45.1,36.9575,2026-06-01,GKS_BESS_RN,16
40.75,33.17,2026-06-01,GKS_BESS_RN,17
42.13,30.4325,2026-06-01,GKS_BESS_RN,18
45.48,33.785,2026-06-01,GKS_BESS_RN,19
56.46,47.73,2026-06-01,GKS_BESS_RN,20
66.09,52.4825,2026-06-01,GKS_BESS_RN,21
66.5,42.56,2026-06-01,GKS_BESS_RN,22
44.41,40.475,2026-06-01,GKS_BESS_RN,23
33.39,37.05,2026-06-01,GKS_BESS_RN,24
27.62,35.6375,2026-06-02,GKS_BESS_RN,1
26.97,31.17,2026-06-02,GKS_BESS_RN,2
25.05,30.17,2026-06-02,GKS_BESS_RN,3
26.41,34.28,2026-06-02,GKS_BESS_RN,4
31.1,31.78,2026-06-02,GKS_BESS_RN,5
35.59,37.27,2026-06-02,GKS_BESS_RN,6
37.9,30.56,2026-06-02,GKS_BESS_RN,7
29.67,25.2425,2026-06-02,GKS_BESS_RN,8
21.8,21.43,2026-06-02,GKS_BESS_RN,9
21.9,21.805,2026-06-02,GKS_BESS_RN,10
23.26,24.0525,2026-06-02,GKS_BESS_RN,11
28.64,31.1275,2026-06-02,GKS_BESS_RN,12
32.13,33.1825,2026-06-02,GKS_BESS_RN,13
33.58,39.6675,2026-06-02,GKS_BESS_RN,14
34.9,36.14,2026-06-02,GKS_BESS_RN,15
34.48,38.83,2026-06-02,GKS_BESS_RN,16
34.29,39.9425,2026-06-02,GKS_BESS_RN,17
35.88,28.33,2026-06-02,GKS_BESS_RN,18
38.43,35.965,2026-06-02,GKS_BESS_RN,19
44.99,40.0175,2026-06-02,GKS_BESS_RN,20
46.04,41.01,2026-06-02,GKS_BESS_RN,21
48.35,35.06,2026-06-02,GKS_BESS_RN,22
40.78,29.915,2026-06-02,GKS_BESS_RN,23
33.69,27.13,2026-06-02,GKS_BESS_RN,24
33.17,29.635,2026-06-03,GKS_BESS_RN,1
30.44,29.675,2026-06-03,GKS_BESS_RN,2
32.65,32.5375,2026-06-03,GKS_BESS_RN,3
34.54,35.395,2026-06-03,GKS_BESS_RN,4
37.37,31.375,2026-06-03,GKS_BESS_RN,5
38.84,30.0825,2026-06-03,GKS_BESS_RN,6
40.29,31.1025,2026-06-03,GKS_BESS_RN,7
36.74,35.0425,2026-06-03,GKS_BESS_RN,8
30.2,29.47,2026-06-03,GKS_BESS_RN,9
31.81,28.6975,2026-06-03,GKS_BESS_RN,10
29.19,29.285,2026-06-03,GKS_BESS_RN,11
29.09,38.065,2026-06-03,GKS_BESS_RN,12
28.03,48.585,2026-06-03,GKS_BESS_RN,13
29.88,46.965,2026-06-03,GKS_BESS_RN,14
28.81,44.5125,2026-06-03,GKS_BESS_RN,15
30.06,40.8525,2026-06-03,GKS_BESS_RN,16
32.34,36.9775,2026-06-03,GKS_BESS_RN,17
33.25,38.55,2026-06-03,GKS_BESS_RN,18
39.49,36.73,2026-06-03,GKS_BESS_RN,19
51.56,41.47,2026-06-03,GKS_BESS_RN,20
55.06,39.9025,2026-06-03,GKS_BESS_RN,21
56.97,42.7675,2026-06-03,GKS_BESS_RN,22
48.35,40.925,2026-06-03,GKS_BESS_RN,23
40.32,35.2025,2026-06-03,GKS_BESS_RN,24
29.0,31.015,2026-06-04,GKS_BESS_RN,1
26.29,32.5625,2026-06-04,GKS_BESS_RN,2
25.95,33.0375,2026-06-04,GKS_BESS_RN,3
27.68,30.97,2026-06-04,GKS_BESS_RN,4
29.85,40.54,2026-06-04,GKS_BESS_RN,5
30.68,42.165,2026-06-04,GKS_BESS_RN,6
33.65,40.4075,2026-06-04,GKS_BESS_RN,7
31.75,40.485,2026-06-04,GKS_BESS_RN,8
24.86,29.3175,2026-06-04,GKS_BESS_RN,9
26.98,27.5,2026-06-04,GKS_BESS_RN,10
28.51,28.495,2026-06-04,GKS_BESS_RN,11
30.58,28.9575,2026-06-04,GKS_BESS_RN,12
31.24,37.3275,2026-06-04,GKS_BESS_RN,13
28.03,31.37,2026-06-04,GKS_BESS_RN,14
30.12,33.9175,2026-06-04,GKS_BESS_RN,15
31.49,40.6167,2026-06-04,GKS_BESS_RN,16
33.01,39.945,2026-06-04,GKS_BESS_RN,17
32.7,36.1775,2026-06-04,GKS_BESS_RN,18
37.61,45.0175,2026-06-04,GKS_BESS_RN,19
43.29,57.83,2026-06-04,GKS_BESS_RN,20
44.53,76.685,2026-06-04,GKS_BESS_RN,21
42.77,84.0625,2026-06-04,GKS_BESS_RN,22
33.43,54.2925,2026-06-04,GKS_BESS_RN,23
26.37,33.9725,2026-06-04,GKS_BESS_RN,24
23.79,31.53,2026-06-05,GKS_BESS_RN,1
25.29,30.3575,2026-06-05,GKS_BESS_RN,2
25.96,31.845,2026-06-05,GKS_BESS_RN,3
27.43,31.7725,2026-06-05,GKS_BESS_RN,4
29.53,30.2525,2026-06-05,GKS_BESS_RN,5
35.18,36.8375,2026-06-05,GKS_BESS_RN,6
36.99,39.23,2026-06-05,GKS_BESS_RN,7
39.78,37.76,2026-06-05,GKS_BESS_RN,8
34.35,34.795,2026-06-05,GKS_BESS_RN,9
33.35,35.2975,2026-06-05,GKS_BESS_RN,10
31.53,33.3775,2026-06-05,GKS_BESS_RN,11
33.05,38.78,2026-06-05,GKS_BESS_RN,12
33.63,43.54,2026-06-05,GKS_BESS_RN,13
29.49,27.9975,2026-06-05,GKS_BESS_RN,14
31.26,31.985,2026-06-05,GKS_BESS_RN,15
31.84,56.605,2026-06-05,GKS_BESS_RN,16
36.03,72.13,2026-06-05,GKS_BESS_RN,17
36.65,68.435,2026-06-05,GKS_BESS_RN,18
36.82,55.66,2026-06-05,GKS_BESS_RN,19
41.0,65.24,2026-06-05,GKS_BESS_RN,20
41.06,57.3625,2026-06-05,GKS_BESS_RN,21
41.64,45.3575,2026-06-05,GKS_BESS_RN,22
35.31,46.24,2026-06-05,GKS_BESS_RN,23
33.07,64.9625,2026-06-05,GKS_BESS_RN,24
34.6,79.82,2026-06-06,GKS_BESS_RN,1
34.17,78.5925,2026-06-06,GKS_BESS_RN,2
32.55,74.8425,2026-06-06,GKS_BESS_RN,3
33.98,52.9725,2026-06-06,GKS_BESS_RN,4
32.44,61.9075,2026-06-06,GKS_BESS_RN,5
33.77,60.1125,2026-06-06,GKS_BESS_RN,6
35.6,85.7125,2026-06-06,GKS_BESS_RN,7
32.08,64.61,2026-06-06,GKS_BESS_RN,8
28.1,58.2275,2026-06-06,GKS_BESS_RN,9
25.42,43.93,2026-06-06,GKS_BESS_RN,10
24.35,34.415,2026-06-06,GKS_BESS_RN,11
24.62,29.33,2026-06-06,GKS_BESS_RN,12
25.91,26.665,2026-06-06,GKS_BESS_RN,13
26.04,24.915,2026-06-06,GKS_BESS_RN,14
26.9,24.9775,2026-06-06,GKS_BESS_RN,15
26.32,20.395,2026-06-06,GKS_BESS_RN,16
23.06,25.9975,2026-06-06,GKS_BESS_RN,17
22.98,38.96,2026-06-06,GKS_BESS_RN,18
29.2,39.9,2026-06-06,GKS_BESS_RN,19
34.0,43.26,2026-06-06,GKS_BESS_RN,20
30.33,41.15,2026-06-06,GKS_BESS_RN,21
33.34,76.18,2026-06-06,GKS_BESS_RN,22
26.46,106.195,2026-06-06,GKS_BESS_RN,23
22.35,39.545,2026-06-06,GKS_BESS_RN,24
24.57,38.25,2026-06-07,GKS_BESS_RN,1
23.67,31.515,2026-06-07,GKS_BESS_RN,2
23.99,27.48,2026-06-07,GKS_BESS_RN,3
28.27,24.56,2026-06-07,GKS_BESS_RN,4
28.63,26.285,2026-06-07,GKS_BESS_RN,5
25.98,25.0825,2026-06-07,GKS_BESS_RN,6
25.4,24.085,2026-06-07,GKS_BESS_RN,7
24.77,21.2325,2026-06-07,GKS_BESS_RN,8
18.53,21.16,2026-06-07,GKS_BESS_RN,9
17.51,23.9125,2026-06-07,GKS_BESS_RN,10
16.88,24.65,2026-06-07,GKS_BESS_RN,11
16.18,19.635,2026-06-07,GKS_BESS_RN,12
16.24,20.9125,2026-06-07,GKS_BESS_RN,13
17.38,30.885,2026-06-07,GKS_BESS_RN,14
19.05,32.835,2026-06-07,GKS_BESS_RN,15
22.25,38.04,2026-06-07,GKS_BESS_RN,16
23.26,42.6975,2026-06-07,GKS_BESS_RN,17
27.77,50.33,2026-06-07,GKS_BESS_RN,18
29.99,55.6025,2026-06-07,GKS_BESS_RN,19
33.03,57.4875,2026-06-07,GKS_BESS_RN,20
35.66,48.7325,2026-06-07,GKS_BESS_RN,21
33.92,35.7475,2026-06-07,GKS_BESS_RN,22
33.52,39.7425,2026-06-07,GKS_BESS_RN,23
25.85,28.9175,2026-06-07,GKS_BESS_RN,24
25.61,28.9925,2026-06-08,GKS_BESS_RN,1
23.81,25.6925,2026-06-08,GKS_BESS_RN,2
22.54,24.9375,2026-06-08,GKS_BESS_RN,3
21.15,24.0725,2026-06-08,GKS_BESS_RN,4
22.26,25.0475,2026-06-08,GKS_BESS_RN,5
24.31,26.09,2026-06-08,GKS_BESS_RN,6
26.51,26.37,2026-06-08,GKS_BESS_RN,7
24.17,25.7775,2026-06-08,GKS_BESS_RN,8
20.82,30.7825,2026-06-08,GKS_BESS_RN,9
19.57,27.48,2026-06-08,GKS_BESS_RN,10
17.77,19.1475,2026-06-08,GKS_BESS_RN,11
17.18,19.7825,2026-06-08,GKS_BESS_RN,12
17.91,11.805,2026-06-08,GKS_BESS_RN,13
20.07,9.055,2026-06-08,GKS_BESS_RN,14
25.43,7.8875,2026-06-08,GKS_BESS_RN,15
20.57,18.8675,2026-06-08,GKS_BESS_RN,16
18.42,15.61,2026-06-08,GKS_BESS_RN,17
20.22,22.7775,2026-06-08,GKS_BESS_RN,18
27.05,26.175,2026-06-08,GKS_BESS_RN,19
35.05,34.835,2026-06-08,GKS_BESS_RN,20
34.32,32.635,2026-06-08,GKS_BESS_RN,21
32.41,31.1775,2026-06-08,GKS_BESS_RN,22
30.24,32.0775,2026-06-08,GKS_BESS_RN,23
25.59,26.355,2026-06-08,GKS_BESS_RN,24
26.25,25.4925,2026-06-09,GKS_BESS_RN,1
24.06,24.565,2026-06-09,GKS_BESS_RN,2
23.97,25.13,2026-06-09,GKS_BESS_RN,3
23.41,26.28,2026-06-09,GKS_BESS_RN,4
23.15,26.455,2026-06-09,GKS_BESS_RN,5
24.65,26.4475,2026-06-09,GKS_BESS_RN,6
26.02,25.6075,2026-06-09,GKS_BESS_RN,7
22.82,22.2725,2026-06-09,GKS_BESS_RN,8
19.93,18.64,2026-06-09,GKS_BESS_RN,9
18.06,22.21,2026-06-09,GKS_BESS_RN,10
17.64,20.9875,2026-06-09,GKS_BESS_RN,11
20.35,14.48,2026-06-09,GKS_BESS_RN,12
22.32,14.9325,2026-06-09,GKS_BESS_RN,13
24.96,18.675,2026-06-09,GKS_BESS_RN,14
24.73,18.4925,2026-06-09,GKS_BESS_RN,15
26.38,20.545,2026-06-09,GKS_BESS_RN,16
25.66,16.95,2026-06-09,GKS_BESS_RN,17
26.98,13.88,2026-06-09,GKS_BESS_RN,18
28.11,20.5625,2026-06-09,GKS_BESS_RN,19
36.14,44.8175,2026-06-09,GKS_BESS_RN,20
37.47,42.6825,2026-06-09,GKS_BESS_RN,21
38.73,36.6725,2026-06-09,GKS_BESS_RN,22
34.6,34.6425,2026-06-09,GKS_BESS_RN,23
27.43,34.84,2026-06-09,GKS_BESS_RN,24
27.25,29.4925,2026-06-10,GKS_BESS_RN,1
26.4,27.1575,2026-06-10,GKS_BESS_RN,2
25.78,24.62,2026-06-10,GKS_BESS_RN,3
23.33,22.695,2026-06-10,GKS_BESS_RN,4
25.99,22.4475,2026-06-10,GKS_BESS_RN,5
27.45,23.8675,2026-06-10,GKS_BESS_RN,6
29.05,27.655,2026-06-10,GKS_BESS_RN,7
27.45,23.2575,2026-06-10,GKS_BESS_RN,8
22.02,22.3025,2026-06-10,GKS_BESS_RN,9
21.49,19.1975,2026-06-10,GKS_BESS_RN,10
20.19,15.6,2026-06-10,GKS_BESS_RN,11
21.78,14.825,2026-06-10,GKS_BESS_RN,12
25.8,19.475,2026-06-10,GKS_BESS_RN,13
28.31,18.365,2026-06-10,GKS_BESS_RN,14
28.05,17.075,2026-06-10,GKS_BESS_RN,15
27.08,12.6,2026-06-10,GKS_BESS_RN,16
22.65,11.7925,2026-06-10,GKS_BESS_RN,17
21.39,13.195,2026-06-10,GKS_BESS_RN,18
23.11,20.195,2026-06-10,GKS_BESS_RN,19
28.01,36.505,2026-06-10,GKS_BESS_RN,20
28.08,34.4325,2026-06-10,GKS_BESS_RN,21
30.0,33.305,2026-06-10,GKS_BESS_RN,22
32.84,31.3725,2026-06-10,GKS_BESS_RN,23
28.4,28.9975,2026-06-10,GKS_BESS_RN,24
28.39,23.6475,2026-06-11,GKS_BESS_RN,1
26.69,22.53,2026-06-11,GKS_BESS_RN,2
25.87,21.7425,2026-06-11,GKS_BESS_RN,3
24.24,21.075,2026-06-11,GKS_BESS_RN,4
25.08,20.8475,2026-06-11,GKS_BESS_RN,5
26.18,21.8525,2026-06-11,GKS_BESS_RN,6
26.24,26.015,2026-06-11,GKS_BESS_RN,7
24.23,24.9375,2026-06-11,GKS_BESS_RN,8
19.7,21.4775,2026-06-11,GKS_BESS_RN,9
18.84,19.5225,2026-06-11,GKS_BESS_RN,10
17.35,19.97,2026-06-11,GKS_BESS_RN,11
17.95,15.4325,2026-06-11,GKS_BESS_RN,12
20.59,15.3075,2026-06-11,GKS_BESS_RN,13
22.04,12.9725,2026-06-11,GKS_BESS_RN,14
22.76,10.37,2026-06-11,GKS_BESS_RN,15
22.77,11.86,2026-06-11,GKS_BESS_RN,16
19.57,12.3975,2026-06-11,GKS_BESS_RN,17
19.54,15.315,2026-06-11,GKS_BESS_RN,18
23.5,23.44,2026-06-11,GKS_BESS_RN,19
29.48,42.7375,2026-06-11,GKS_BESS_RN,20
36.55,39.4475,2026-06-11,GKS_BESS_RN,21
44.38,49.89,2026-06-11,GKS_BESS_RN,22
46.43,39.8075,2026-06-11,GKS_BESS_RN,23
42.23,36.0325,2026-06-11,GKS_BESS_RN,24
34.27,31.355,2026-06-12,GKS_BESS_RN,1
30.18,31.95,2026-06-12,GKS_BESS_RN,2
31.24,30.5975,2026-06-12,GKS_BESS_RN,3
30.78,29.7325,2026-06-12,GKS_BESS_RN,4
32.92,34.31,2026-06-12,GKS_BESS_RN,5
35.3,40.47,2026-06-12,GKS_BESS_RN,6
35.65,42.3275,2026-06-12,GKS_BESS_RN,7
30.19,36.82,2026-06-12,GKS_BESS_RN,8
25.22,28.9975,2026-06-12,GKS_BESS_RN,9
23.66,30.5325,2026-06-12,GKS_BESS_RN,10
22.82,33.13,2026-06-12,GKS_BESS_RN,11
23.64,38.6075,2026-06-12,GKS_BESS_RN,12
26.28,40.92,2026-06-12,GKS_BESS_RN,13
25.51,34.0825,2026-06-12,GKS_BESS_RN,14
25.76,27.78,2026-06-12,GKS_BESS_RN,15
21.97,27.4625,2026-06-12,GKS_BESS_RN,16
22.13,21.8,2026-06-12,GKS_BESS_RN,17
19.21,23.2425,2026-06-12,GKS_BESS_RN,18
22.13,20.4825,2026-06-12,GKS_BESS_RN,19
28.75,35.17,2026-06-12,GKS_BESS_RN,20
31.66,32.9075,2026-06-12,GKS_BESS_RN,21
35.41,32.655,2026-06-12,GKS_BESS_RN,22
38.57,29.5175,2026-06-12,GKS_BESS_RN,23
29.97,26.0675,2026-06-12,GKS_BESS_RN,24
25.75,24.435,2026-06-13,GKS_BESS_RN,1
25.06,23.2125,2026-06-13,GKS_BESS_RN,2
23.77,23.43,2026-06-13,GKS_BESS_RN,3
24.26,24.375,2026-06-13,GKS_BESS_RN,4
23.54,27.3225,2026-06-13,GKS_BESS_RN,5
25.18,28.3225,2026-06-13,GKS_BESS_RN,6
23.7,27.1475,2026-06-13,GKS_BESS_RN,7
20.7,21.675,2026-06-13,GKS_BESS_RN,8
15.87,18.05,2026-06-13,GKS_BESS_RN,9
16.78,15.8225,2026-06-13,GKS_BESS_RN,10
17.41,16.34,2026-06-13,GKS_BESS_RN,11
16.92,21.9825,2026-06-13,GKS_BESS_RN,12
19.25,21.08,2026-06-13,GKS_BESS_RN,13
19.35,22.625,2026-06-13,GKS_BESS_RN,14
19.16,21.2125,2026-06-13,GKS_BESS_RN,15
19.12,22.225,2026-06-13,GKS_BESS_RN,16
18.56,21.7925,2026-06-13,GKS_BESS_RN,17
19.28,17.7325,2026-06-13,GKS_BESS_RN,18
22.39,19.7425,2026-06-13,GKS_BESS_RN,19
33.22,32.84,2026-06-13,GKS_BESS_RN,20
34.71,34.675,2026-06-13,GKS_BESS_RN,21
36.05,31.055,2026-06-13,GKS_BESS_RN,22
35.32,28.7625,2026-06-13,GKS_BESS_RN,23
29.4,29.345,2026-06-13,GKS_BESS_RN,24
25.97,25.8825,2026-06-14,GKS_BESS_RN,1
25.51,25.0275,2026-06-14,GKS_BESS_RN,2
25.21,25.2725,2026-06-14,GKS_BESS_RN,3
25.48,26.2625,2026-06-14,GKS_BESS_RN,4
26.76,28.85,2026-06-14,GKS_BESS_RN,5
28.96,30.195,2026-06-14,GKS_BESS_RN,6
28.78,27.4275,2026-06-14,GKS_BESS_RN,7
25.62,24.3775,2026-06-14,GKS_BESS_RN,8
22.27,25.03,2026-06-14,GKS_BESS_RN,9
21.66,26.375,2026-06-14,GKS_BESS_RN,10
22.09,26.905,2026-06-14,GKS_BESS_RN,11
22.33,24.6225,2026-06-14,GKS_BESS_RN,12
22.32,20.56,2026-06-14,GKS_BESS_RN,13
23.55,18.03,2026-06-14,GKS_BESS_RN,14
24.57,16.7275,2026-06-14,GKS_BESS_RN,15
25.96,25.2,2026-06-14,GKS_BESS_RN,16
25.63,29.3825,2026-06-14,GKS_BESS_RN,17
26.37,28.9125,2026-06-14,GKS_BESS_RN,18
29.0,36.24,2026-06-14,GKS_BESS_RN,19
35.01,49.1075,2026-06-14,GKS_BESS_RN,20
37.03,60.6375,2026-06-14,GKS_BESS_RN,21
39.6,52.0875,2026-06-14,GKS_BESS_RN,22
43.77,49.565,2026-06-14,GKS_BESS_RN,23
37.32,50.1775,2026-06-14,GKS_BESS_RN,24
35.64,47.35,2026-06-15,GKS_BESS_RN,1
32.68,39.04,2026-06-15,GKS_BESS_RN,2
32.17,42.4825,2026-06-15,GKS_BESS_RN,3
32.61,49.4475,2026-06-15,GKS_BESS_RN,4
31.83,44.8325,2026-06-15,GKS_BESS_RN,5
37.55,46.25,2026-06-15,GKS_BESS_RN,6
37.66,59.0125,2026-06-15,GKS_BESS_RN,7
37.79,51.18,2026-06-15,GKS_BESS_RN,8
32.21,56.9525,2026-06-15,GKS_BESS_RN,9
33.62,57.795,2026-06-15,GKS_BESS_RN,10
31.02,48.8775,2026-06-15,GKS_BESS_RN,11
28.75,45.75,2026-06-15,GKS_BESS_RN,12
27.83,43.6725,2026-06-15,GKS_BESS_RN,13
28.61,38.2,2026-06-15,GKS_BESS_RN,14
30.15,29.4575,2026-06-15,GKS_BESS_RN,15
31.27,27.1075,2026-06-15,GKS_BESS_RN,16
32.9,37.65,2026-06-15,GKS_BESS_RN,17
33.77,61.3725,2026-06-15,GKS_BESS_RN,18
36.63,66.1225,2026-06-15,GKS_BESS_RN,19
50.58,71.7275,2026-06-15,GKS_BESS_RN,20
57.14,62.23,2026-06-15,GKS_BESS_RN,21
58.69,53.225,2026-06-15,GKS_BESS_RN,22
56.64,53.8425,2026-06-15,GKS_BESS_RN,23
39.53,43.165,2026-06-15,GKS_BESS_RN,24
38.19,41.4925,2026-06-16,GKS_BESS_RN,1
33.37,35.3575,2026-06-16,GKS_BESS_RN,2
33.5,33.595,2026-06-16,GKS_BESS_RN,3
31.99,38.7375,2026-06-16,GKS_BESS_RN,4
33.15,45.605,2026-06-16,GKS_BESS_RN,5
37.15,48.9425,2026-06-16,GKS_BESS_RN,6
37.8,47.2875,2026-06-16,GKS_BESS_RN,7
35.01,43.7425,2026-06-16,GKS_BESS_RN,8
26.75,29.285,2026-06-16,GKS_BESS_RN,9
26.45,29.225,2026-06-16,GKS_BESS_RN,10
27.15,34.0275,2026-06-16,GKS_BESS_RN,11
26.87,36.315,2026-06-16,GKS_BESS_RN,12
27.29,36.0125,2026-06-16,GKS_BESS_RN,13
27.42,25.3775,2026-06-16,GKS_BESS_RN,14
30.37,24.6025,2026-06-16,GKS_BESS_RN,15
33.17,25.8275,2026-06-16,GKS_BESS_RN,16
37.03,29.4575,2026-06-16,GKS_BESS_RN,17
37.8,38.1675,2026-06-16,GKS_BESS_RN,18
43.88,40.525,2026-06-16,GKS_BESS_RN,19
52.15,38.235,2026-06-16,GKS_BESS_RN,20
53.17,42.505,2026-06-16,GKS_BESS_RN,21
45.44,36.695,2026-06-16,GKS_BESS_RN,22
36.6,29.7325,2026-06-16,GKS_BESS_RN,23
26.77,26.605,2026-06-16,GKS_BESS_RN,24
25.93,27.0325,2026-06-17,GKS_BESS_RN,1
24.71,24.195,2026-06-17,GKS_BESS_RN,2
23.22,22.9825,2026-06-17,GKS_BESS_RN,3
22.22,22.075,2026-06-17,GKS_BESS_RN,4
22.64,23.135,2026-06-17,GKS_BESS_RN,5
25.35,26.0625,2026-06-17,GKS_BESS_RN,6
26.68,25.8575,2026-06-17,GKS_BESS_RN,7
24.53,21.475,2026-06-17,GKS_BESS_RN,8
21.45,20.65,2026-06-17,GKS_BESS_RN,9
26.1,23.3025,2026-06-17,GKS_BESS_RN,10
25.65,22.625,2026-06-17,GKS_BESS_RN,11
26.67,21.7825,2026-06-17,GKS_BESS_RN,12
32.21,19.57,2026-06-17,GKS_BESS_RN,13
35.5,26.7325,2026-06-17,GKS_BESS_RN,14
41.56,38.0175,2026-06-17,GKS_BESS_RN,15
43.77,38.0825,2026-06-17,GKS_BESS_RN,16
46.65,40.465,2026-06-17,GKS_BESS_RN,17
41.82,33.1075,2026-06-17,GKS_BESS_RN,18
42.98,35.3825,2026-06-17,GKS_BESS_RN,19
45.72,46.2975,2026-06-17,GKS_BESS_RN,20
44.13,36.6975,2026-06-17,GKS_BESS_RN,21
36.58,35.2825,2026-06-17,GKS_BESS_RN,22
30.8,28.9525,2026-06-17,GKS_BESS_RN,23
25.54,25.9725,2026-06-17,GKS_BESS_RN,24
23.13,23.9825,2026-06-18,GKS_BESS_RN,1
20.72,21.8425,2026-06-18,GKS_BESS_RN,2
19.91,20.57,2026-06-18,GKS_BESS_RN,3
18.93,20.76,2026-06-18,GKS_BESS_RN,4
19.38,21.35,2026-06-18,GKS_BESS_RN,5
19.9,22.18,2026-06-18,GKS_BESS_RN,6
24.82,23.445,2026-06-18,GKS_BESS_RN,7
23.19,18.6775,2026-06-18,GKS_BESS_RN,8
17.63,17.06,2026-06-18,GKS_BESS_RN,9
17.64,15.5075,2026-06-18,GKS_BESS_RN,10
18.77,12.1025,2026-06-18,GKS_BESS_RN,11
19.45,18.1225,2026-06-18,GKS_BESS_RN,12
24.66,26.2075,2026-06-18,GKS_BESS_RN,13
26.61,36.805,2026-06-18,GKS_BESS_RN,14
24.82,32.0775,2026-06-18,GKS_BESS_RN,15
24.82,43.9075,2026-06-18,GKS_BESS_RN,16
26.6,55.2775,2026-06-18,GKS_BESS_RN,17
26.02,54.9075,2026-06-18,GKS_BESS_RN,18
27.92,55.475,2026-06-18,GKS_BESS_RN,19
34.03,56.68,2026-06-18,GKS_BESS_RN,20
35.38,48.27,2026-06-18,GKS_BESS_RN,21
34.65,48.0475,2026-06-18,GKS_BESS_RN,22
26.82,55.0025,2026-06-18,GKS_BESS_RN,23
25.44,79.1875,2026-06-18,GKS_BESS_RN,24
29.94,66.0625,2026-06-19,GKS_BESS_RN,1
26.08,48.1325,2026-06-19,GKS_BESS_RN,2
23.19,44.6925,2026-06-19,GKS_BESS_RN,3
24.35,43.2275,2026-06-19,GKS_BESS_RN,4
28.96,33.1875,2026-06-19,GKS_BESS_RN,5
33.68,32.2875,2026-06-19,GKS_BESS_RN,6
33.43,31.805,2026-06-19,GKS_BESS_RN,7
30.11,29.835,2026-06-19,GKS_BESS_RN,8
26.05,31.835,2026-06-19,GKS_BESS_RN,9
21.47,27.4625,2026-06-19,GKS_BESS_RN,10
22.12,26.0475,2026-06-19,GKS_BESS_RN,11
25.06,26.125,2026-06-19,GKS_BESS_RN,12
29.21,28.565,2026-06-19,GKS_BESS_RN,13
31.3,27.71,2026-06-19,GKS_BESS_RN,14
31.01,27.3675,2026-06-19,GKS_BESS_RN,15
32.54,33.855,2026-06-19,GKS_BESS_RN,16
33.0,39.9975,2026-06-19,GKS_BESS_RN,17
31.0,40.6675,2026-06-19,GKS_BESS_RN,18
26.26,32.2225,2026-06-19,GKS_BESS_RN,19
36.58,50.51,2026-06-19,GKS_BESS_RN,20
37.75,56.2625,2026-06-19,GKS_BESS_RN,21
42.28,43.025,2026-06-19,GKS_BESS_RN,22
51.32,35.825,2026-06-19,GKS_BESS_RN,23
47.54,34.0325,2026-06-19,GKS_BESS_RN,24
41.24,35.8,2026-06-20,GKS_BESS_RN,1
39.47,34.99,2026-06-20,GKS_BESS_RN,2
36.9,28.37,2026-06-20,GKS_BESS_RN,3
36.62,24.955,2026-06-20,GKS_BESS_RN,4
35.15,24.1475,2026-06-20,GKS_BESS_RN,5
36.82,24.05,2026-06-20,GKS_BESS_RN,6
35.04,27.0725,2026-06-20,GKS_BESS_RN,7
29.4,27.7875,2026-06-20,GKS_BESS_RN,8
24.07,25.7075,2026-06-20,GKS_BESS_RN,9
23.88,24.445,2026-06-20,GKS_BESS_RN,10
22.95,24.535,2026-06-20,GKS_BESS_RN,11
22.33,26.405,2026-06-20,GKS_BESS_RN,12
23.81,27.29,2026-06-20,GKS_BESS_RN,13
23.73,32.0025,2026-06-20,GKS_BESS_RN,14
25.43,34.02,2026-06-20,GKS_BESS_RN,15
25.34,25.0225,2026-06-20,GKS_BESS_RN,16
26.99,27.895,2026-06-20,GKS_BESS_RN,17
27.08,25.8175,2026-06-20,GKS_BESS_RN,18
29.12,26.1525,2026-06-20,GKS_BESS_RN,19
34.46,30.025,2026-06-20,GKS_BESS_RN,20
37.39,31.3175,2026-06-20,GKS_BESS_RN,21
36.53,27.3225,2026-06-20,GKS_BESS_RN,22
30.27,25.69,2026-06-20,GKS_BESS_RN,23
27.33,24.7375,2026-06-20,GKS_BESS_RN,24
25.66,23.9225,2026-06-21,GKS_BESS_RN,1
24.27,23.49,2026-06-21,GKS_BESS_RN,2
23.18,21.3175,2026-06-21,GKS_BESS_RN,3
22.32,19.7825,2026-06-21,GKS_BESS_RN,4
21.04,20.2525,2026-06-21,GKS_BESS_RN,5
22.02,19.99,2026-06-21,GKS_BESS_RN,6
20.46,21.7475,2026-06-21,GKS_BESS_RN,7
18.02,19.41,2026-06-21,GKS_BESS_RN,8
17.12,19.9125,2026-06-21,GKS_BESS_RN,9
16.69,23.6775,2026-06-21,GKS_BESS_RN,10
16.84,24.8225,2026-06-21,GKS_BESS_RN,11
18.5,17.7075,2026-06-21,GKS_BESS_RN,12
19.74,15.52,2026-06-21,GKS_BESS_RN,13
19.69,16.9975,2026-06-21,GKS_BESS_RN,14
17.23,18.73,2026-06-21,GKS_BESS_RN,15
19.89,20.0225,2026-06-21,GKS_BESS_RN,16
20.0,14.3325,2026-06-21,GKS_BESS_RN,17
20.95,12.6325,2026-06-21,GKS_BESS_RN,18
23.29,16.5425,2026-06-21,GKS_BESS_RN,19
30.69,27.95,2026-06-21,GKS_BESS_RN,20
32.67,33.9925,2026-06-21,GKS_BESS_RN,21
32.65,31.4025,2026-06-21,GKS_BESS_RN,22
26.67,28.835,2026-06-21,GKS_BESS_RN,23
23.81,24.5325,2026-06-21,GKS_BESS_RN,24
22.72,21.9225,2026-06-22,GKS_BESS_RN,1
21.27,15.1075,2026-06-22,GKS_BESS_RN,2
19.33,15.0275,2026-06-22,GKS_BESS_RN,3
19.85,16.31,2026-06-22,GKS_BESS_RN,4
20.36,20.085,2026-06-22,GKS_BESS_RN,5
22.38,20.5425,2026-06-22,GKS_BESS_RN,6
21.0,19.265,2026-06-22,GKS_BESS_RN,7
18.7,16.44,2026-06-22,GKS_BESS_RN,8
14.5,14.4725,2026-06-22,GKS_BESS_RN,9
12.14,19.6175,2026-06-22,GKS_BESS_RN,10
12.76,15.02,2026-06-22,GKS_BESS_RN,11
13.79,29.5475,2026-06-22,GKS_BESS_RN,12
16.83,30.6675,2026-06-22,GKS_BESS_RN,13
18.63,31.7075,2026-06-22,GKS_BESS_RN,14
20.02,33.4675,2026-06-22,GKS_BESS_RN,15
18.45,21.64,2026-06-22,GKS_BESS_RN,16
16.05,18.1225,2026-06-22,GKS_BESS_RN,17
18.46,17.9825,2026-06-22,GKS_BESS_RN,18
22.9,10.48,2026-06-22,GKS_BESS_RN,19
33.9,33.5725,2026-06-22,GKS_BESS_RN,20
37.34,40.29,2026-06-22,GKS_BESS_RN,21
38.83,42.46,2026-06-22,GKS_BESS_RN,22
26.98,33.24,2026-06-22,GKS_BESS_RN,23
31.78,33.915,2026-06-22,GKS_BESS_RN,24
24.84,23.65,2026-06-23,GKS_BESS_RN,1
21.84,18.205,2026-06-23,GKS_BESS_RN,2
22.14,10.4675,2026-06-23,GKS_BESS_RN,3
20.12,6.875,2026-06-23,GKS_BESS_RN,4
24.04,11.38,2026-06-23,GKS_BESS_RN,5
27.24,27.8175,2026-06-23,GKS_BESS_RN,6
28.66,33.0175,2026-06-23,GKS_BESS_RN,7
24.93,27.5,2026-06-23,GKS_BESS_RN,8
21.49,22.4225,2026-06-23,GKS_BESS_RN,9
20.46,23.4625,2026-06-23,GKS_BESS_RN,10
20.09,22.7225,2026-06-23,GKS_BESS_RN,11
20.96,21.235,2026-06-23,GKS_BESS_RN,12
23.33,14.0875,2026-06-23,GKS_BESS_RN,13
26.33,12.7425,2026-06-23,GKS_BESS_RN,14
26.22,10.34,2026-06-23,GKS_BESS_RN,15
23.66,11.445,2026-06-23,GKS_BESS_RN,16
21.31,11.565,2026-06-23,GKS_BESS_RN,17
21.59,5.07,2026-06-23,GKS_BESS_RN,18
23.97,23.735,2026-06-23,GKS_BESS_RN,19
42.13,37.685,2026-06-23,GKS_BESS_RN,20
40.23,36.98,2026-06-23,GKS_BESS_RN,21
39.11,37.8225,2026-06-23,GKS_BESS_RN,22
27.73,40.8125,2026-06-23,GKS_BESS_RN,23
27.8,35.425,2026-06-23,GKS_BESS_RN,24
24.43,27.44,2026-06-24,GKS_BESS_RN,1
22.53,27.12,2026-06-24,GKS_BESS_RN,2
24.06,25.26,2026-06-24,GKS_BESS_RN,3
23.66,25.7225,2026-06-24,GKS_BESS_RN,4
24.27,29.7375,2026-06-24,GKS_BESS_RN,5
25.07,33.5975,2026-06-24,GKS_BESS_RN,6
27.91,30.8875,2026-06-24,GKS_BESS_RN,7
24.27,26.1675,2026-06-24,GKS_BESS_RN,8
19.66,22.8175,2026-06-24,GKS_BESS_RN,9
18.33,21.8025,2026-06-24,GKS_BESS_RN,10
18.42,21.3475,2026-06-24,GKS_BESS_RN,11
19.44,18.64,2026-06-24,GKS_BESS_RN,12
22.03,15.3,2026-06-24,GKS_BESS_RN,13
22.47,18.8525,2026-06-24,GKS_BESS_RN,14
24.17,17.5525,2026-06-24,GKS_BESS_RN,15
20.69,13.025,2026-06-24,GKS_BESS_RN,16
18.92,7.2925,2026-06-24,GKS_BESS_RN,17
19.2,10.375,2026-06-24,GKS_BESS_RN,18
20.55,24.9125,2026-06-24,GKS_BESS_RN,19
31.45,29.4925,2026-06-24,GKS_BESS_RN,20
34.16,35.1175,2026-06-24,GKS_BESS_RN,21
34.79,32.8975,2026-06-24,GKS_BESS_RN,22
27.42,29.9775,2026-06-24,GKS_BESS_RN,23
24.1,25.96,2026-06-24,GKS_BESS_RN,24
27.53,26.6125,2026-06-25,GKS_BESS_RN,1
26.91,24.9075,2026-06-25,GKS_BESS_RN,2
25.07,26.005,2026-06-25,GKS_BESS_RN,3
24.87,28.65,2026-06-25,GKS_BESS_RN,4
25.08,29.7225,2026-06-25,GKS_BESS_RN,5
27.19,28.2375,2026-06-25,GKS_BESS_RN,6
25.97,29.405,2026-06-25,GKS_BESS_RN,7
23.34,22.2575,2026-06-25,GKS_BESS_RN,8
18.8,16.285,2026-06-25,GKS_BESS_RN,9
18.37,14.235,2026-06-25,GKS_BESS_RN,10
18.14,14.125,2026-06-25,GKS_BESS_RN,11
18.58,13.475,2026-06-25,GKS_BESS_RN,12
18.35,15.7775,2026-06-25,GKS_BESS_RN,13
20.0,17.775,2026-06-25,GKS_BESS_RN,14
19.18,25.5225,2026-06-25,GKS_BESS_RN,15
20.64,28.27,2026-06-25,GKS_BESS_RN,16
20.17,28.8025,2026-06-25,GKS_BESS_RN,17
20.73,25.24,2026-06-25,GKS_BESS_RN,18
21.77,26.3825,2026-06-25,GKS_BESS_RN,19
33.76,31.1325,2026-06-25,GKS_BESS_RN,20
38.38,31.435,2026-06-25,GKS_BESS_RN,21
36.94,30.4775,2026-06-25,GKS_BESS_RN,22
34.47,27.035,2026-06-25,GKS_BESS_RN,23
33.38,24.6825,2026-06-25,GKS_BESS_RN,24
25.57,25.84,2026-06-26,GKS_BESS_RN,1
24.77,28.455,2026-06-26,GKS_BESS_RN,2
24.95,32.4375,2026-06-26,GKS_BESS_RN,3
23.24,27.5425,2026-06-26,GKS_BESS_RN,4
25.06,23.2725,2026-06-26,GKS_BESS_RN,5
25.46,23.85,2026-06-26,GKS_BESS_RN,6
24.1,24.34,2026-06-26,GKS_BESS_RN,7
21.88,21.16,2026-06-26,GKS_BESS_RN,8
17.72,16.4425,2026-06-26,GKS_BESS_RN,9
16.81,16.61,2026-06-26,GKS_BESS_RN,10
12.96,20.795,2026-06-26,GKS_BESS_RN,11
14.96,17.84,2026-06-26,GKS_BESS_RN,12
16.18,24.3925,2026-06-26,GKS_BESS_RN,13
16.54,25.0575,2026-06-26,GKS_BESS_RN,14
19.93,31.9875,2026-06-26,GKS_BESS_RN,15
20.44,27.2025,2026-06-26,GKS_BESS_RN,16
19.63,24.2975,2026-06-26,GKS_BESS_RN,17
17.63,24.3975,2026-06-26,GKS_BESS_RN,18
19.35,24.54,2026-06-26,GKS_BESS_RN,19
26.96,29.275,2026-06-26,GKS_BESS_RN,20
30.92,26.0975,2026-06-26,GKS_BESS_RN,21
35.46,26.665,2026-06-26,GKS_BESS_RN,22
30.96,25.2425,2026-06-26,GKS_BESS_RN,23
26.8,24.87,2026-06-26,GKS_BESS_RN,24
23.07,25.0025,2026-06-27,GKS_BESS_RN,1
22.67,23.935,2026-06-27,GKS_BESS_RN,2
23.27,24.615,2026-06-27,GKS_BESS_RN,3
22.3,30.1375,2026-06-27,GKS_BESS_RN,4
23.52,49.3175,2026-06-27,GKS_BESS_RN,5
24.14,30.13,2026-06-27,GKS_BESS_RN,6
21.92,24.8025,2026-06-27,GKS_BESS_RN,7
19.44,19.165,2026-06-27,GKS_BESS_RN,8
15.67,15.9275,2026-06-27,GKS_BESS_RN,9
15.34,13.5525,2026-06-27,GKS_BESS_RN,10
14.53,12.515,2026-06-27,GKS_BESS_RN,11
15.73,17.855,2026-06-27,GKS_BESS_RN,12
17.84,19.8875,2026-06-27,GKS_BESS_RN,13
19.67,22.9825,2026-06-27,GKS_BESS_RN,14
20.34,25.905,2026-06-27,GKS_BESS_RN,15
19.69,24.8125,2026-06-27,GKS_BESS_RN,16
18.49,25.1775,2026-06-27,GKS_BESS_RN,17
19.05,24.1275,2026-06-27,GKS_BESS_RN,18
20.05,24.865,2026-06-27,GKS_BESS_RN,19
29.13,27.8325,2026-06-27,GKS_BESS_RN,20
31.55,27.835,2026-06-27,GKS_BESS_RN,21
30.95,25.03,2026-06-27,GKS_BESS_RN,22
29.31,24.3925,2026-06-27,GKS_BESS_RN,23
26.49,25.5975,2026-06-27,GKS_BESS_RN,24
24.06,23.9325,2026-06-28,GKS_BESS_RN,1
23.47,24.0475,2026-06-28,GKS_BESS_RN,2
23.19,22.5775,2026-06-28,GKS_BESS_RN,3
22.93,22.6875,2026-06-28,GKS_BESS_RN,4
22.44,22.6675,2026-06-28,GKS_BESS_RN,5
22.86,22.2075,2026-06-28,GKS_BESS_RN,6
21.76,20.505,2026-06-28,GKS_BESS_RN,7
18.06,16.6125,2026-06-28,GKS_BESS_RN,8
15.41,13.11,2026-06-28,GKS_BESS_RN,9
13.92,9.5125,2026-06-28,GKS_BESS_RN,10
14.52,5.65,2026-06-28,GKS_BESS_RN,11
15.87,3.405,2026-06-28,GKS_BESS_RN,12
16.56,8.6525,2026-06-28,GKS_BESS_RN,13
19.11,15.7375,2026-06-28,GKS_BESS_RN,14
19.51,22.68,2026-06-28,GKS_BESS_RN,15
21.26,20.5725,2026-06-28,GKS_BESS_RN,16
20.56,23.0325,2026-06-28,GKS_BESS_RN,17
20.41,27.225,2026-06-28,GKS_BESS_RN,18
21.22,31.29,2026-06-28,GKS_BESS_RN,19
33.84,40.2925,2026-06-28,GKS_BESS_RN,20
34.92,30.27,2026-06-28,GKS_BESS_RN,21
31.77,31.2475,2026-06-28,GKS_BESS_RN,22
31.73,29.7725,2026-06-28,GKS_BESS_RN,23
24.94,26.33,2026-06-28,GKS_BESS_RN,24
24.96,23.8425,2026-06-29,GKS_BESS_RN,1
22.81,22.315,2026-06-29,GKS_BESS_RN,2
20.85,20.9125,2026-06-29,GKS_BESS_RN,3
19.12,20.4275,2026-06-29,GKS_BESS_RN,4
19.36,20.035,2026-06-29,GKS_BESS_RN,5
21.28,20.8825,2026-06-29,GKS_BESS_RN,6
20.79,18.315,2026-06-29,GKS_BESS_RN,7
19.89,18.52,2026-06-29,GKS_BESS_RN,8
16.07,15.895,2026-06-29,GKS_BESS_RN,9
15.78,12.1075,2026-06-29,GKS_BESS_RN,10
13.97,6.1175,2026-06-29,GKS_BESS_RN,11
15.98,6.675,2026-06-29,GKS_BESS_RN,12
21.62,19.415,2026-06-29,GKS_BESS_RN,13
23.63,13.645,2026-06-29,GKS_BESS_RN,14
24.81,9.91,2026-06-29,GKS_BESS_RN,15
21.43,7.4775,2026-06-29,GKS_BESS_RN,16
21.45,10.6125,2026-06-29,GKS_BESS_RN,17
20.05,14.5425,2026-06-29,GKS_BESS_RN,18
22.01,23.095,2026-06-29,GKS_BESS_RN,19
33.79,27.165,2026-06-29,GKS_BESS_RN,20
31.15,28.7775,2026-06-29,GKS_BESS_RN,21
30.45,28.36,2026-06-29,GKS_BESS_RN,22
34.36,28.405,2026-06-29,GKS_BESS_RN,23
28.98,29.655,2026-06-29,GKS_BESS_RN,24
25.21,28.91,2026-06-30,GKS_BESS_RN,1
23.86,26.14,2026-06-30,GKS_BESS_RN,2
23.8,22.7075,2026-06-30,GKS_BESS_RN,3
22.1,20.3775,2026-06-30,GKS_BESS_RN,4
22.34,20.2375,2026-06-30,GKS_BESS_RN,5
23.62,21.115,2026-06-30,GKS_BESS_RN,6
24.18,21.71,2026-06-30,GKS_BESS_RN,7
23.48,19.68,2026-06-30,GKS_BESS_RN,8
20.36,18.985,2026-06-30,GKS_BESS_RN,9
18.02,19.1075,2026-06-30,GKS_BESS_RN,10
17.3,19.4125,2026-06-30,GKS_BESS_RN,11
18.36,20.38,2026-06-30,GKS_BESS_RN,12
22.88,22.1525,2026-06-30,GKS_BESS_RN,13
26.11,22.3,2026-06-30,GKS_BESS_RN,14
26.69,26.0125,2026-06-30,GKS_BESS_RN,15
29.52,23.2525,2026-06-30,GKS_BESS_RN,16
26.76,20.825,2026-06-30,GKS_BESS_RN,17
25.46,20.4975,2026-06-30,GKS_BESS_RN,18
25.92,25.82,2026-06-30,GKS_BESS_RN,19
36.37,32.505,2026-06-30,GKS_BESS_RN,20
39.03,36.165,2026-06-30,GKS_BESS_RN,21
38.25,31.4225,2026-06-30,GKS_BESS_RN,22
34.64,31.12,2026-06-30,GKS_BESS_RN,23
27.78,29.255,2026-06-30,GKS_BESS_RN,24
27.38,28.2375,2026-07-01,GKS_BESS_RN,1
25.46,24.375,2026-07-01,GKS_BESS_RN,2
24.81,24.605,2026-07-01,GKS_BESS_RN,3
24.09,26.0125,2026-07-01,GKS_BESS_RN,4
24.08,24.365,2026-07-01,GKS_BESS_RN,5
25.44,23.395,2026-07-01,GKS_BESS_RN,6
25.37,22.6025,2026-07-01,GKS_BESS_RN,7
21.69,19.315,2026-07-01,GKS_BESS_RN,8
17.35,16.885,2026-07-01,GKS_BESS_RN,9
16.6,16.24,2026-07-01,GKS_BESS_RN,10
17.22,17.335,2026-07-01,GKS_BESS_RN,11
18.82,14.88,2026-07-01,GKS_BESS_RN,12
22.75,14.925,2026-07-01,GKS_BESS_RN,13
23.72,17.7075,2026-07-01,GKS_BESS_RN,14
24.13,20.375,2026-07-01,GKS_BESS_RN,15
23.75,25.1675,2026-07-01,GKS_BESS_RN,16
22.6,36.2975,2026-07-01,GKS_BESS_RN,17
23.26,32.5975,2026-07-01,GKS_BESS_RN,18
28.15,40.18,2026-07-01,GKS_BESS_RN,19
40.91,36.315,2026-07-01,GKS_BESS_RN,20
44.43,42.4725,2026-07-01,GKS_BESS_RN,21
42.09,48.7275,2026-07-01,GKS_BESS_RN,22
39.59,48.88,2026-07-01,GKS_BESS_RN,23
31.88,28.9825,2026-07-01,GKS_BESS_RN,24
28.37,26.53,2026-07-02,GKS_BESS_RN,1
25.3,24.9625,2026-07-02,GKS_BESS_RN,2
24.4,24.2775,2026-07-02,GKS_BESS_RN,3
24.69,23.405,2026-07-02,GKS_BESS_RN,4
26.0,23.9275,2026-07-02,GKS_BESS_RN,5
27.71,26.3325,2026-07-02,GKS_BESS_RN,6
28.16,26.6475,2026-07-02,GKS_BESS_RN,7
23.94,22.21,2026-07-02,GKS_BESS_RN,8
20.72,20.105,2026-07-02,GKS_BESS_RN,9
23.45,18.9575,2026-07-02,GKS_BESS_RN,10
22.96,18.6025,2026-07-02,GKS_BESS_RN,11
24.34,20.1175,2026-07-02,GKS_BESS_RN,12
24.71,22.4925,2026-07-02,GKS_BESS_RN,13
27.63,27.775,2026-07-02,GKS_BESS_RN,14
26.15,30.7025,2026-07-02,GKS_BESS_RN,15
26.64,35.2375,2026-07-02,GKS_BESS_RN,16
27.95,35.9075,2026-07-02,GKS_BESS_RN,17
28.72,23.13,2026-07-02,GKS_BESS_RN,18
30.15,26.15,2026-07-02,GKS_BESS_RN,19
36.4,28.8325,2026-07-02,GKS_BESS_RN,20
36.22,31.08,2026-07-02,GKS_BESS_RN,21
36.34,29.5025,2026-07-02,GKS_BESS_RN,22
34.68,28.96,2026-07-02,GKS_BESS_RN,23
30.21,27.745,2026-07-02,GKS_BESS_RN,24
24.55,23.9725,2026-07-03,GKS_BESS_RN,1
23.39,23.6775,2026-07-03,GKS_BESS_RN,2
21.8,23.0375,2026-07-03,GKS_BESS_RN,3
21.89,22.045,2026-07-03,GKS_BESS_RN,4
21.8,21.68,2026-07-03,GKS_BESS_RN,5
23.25,22.9525,2026-07-03,GKS_BESS_RN,6
24.29,22.6125,2026-07-03,GKS_BESS_RN,7
21.64,18.0575,2026-07-03,GKS_BESS_RN,8
18.11,12.885,2026-07-03,GKS_BESS_RN,9
17.96,10.705,2026-07-03,GKS_BESS_RN,10
18.24,10.305,2026-07-03,GKS_BESS_RN,11
19.68,15.035,2026-07-03,GKS_BESS_RN,12
22.67,16.395,2026-07-03,GKS_BESS_RN,13
24.94,19.3725,2026-07-03,GKS_BESS_RN,14
26.61,22.2275,2026-07-03,GKS_BESS_RN,15
28.63,22.0975,2026-07-03,GKS_BESS_RN,16
27.86,28.5525,2026-07-03,GKS_BESS_RN,17
28.26,30.4,2026-07-03,GKS_BESS_RN,18
27.85,25.2175,2026-07-03,GKS_BESS_RN,19
30.8,29.12,2026-07-03,GKS_BESS_RN,20
31.18,31.4275,2026-07-03,GKS_BESS_RN,21
36.22,30.6775,2026-07-03,GKS_BESS_RN,22
34.15,29.925,2026-07-03,GKS_BESS_RN,23
28.31,25.285,2026-07-03,GKS_BESS_RN,24
24.35,21.91,2026-07-04,GKS_BESS_RN,1
22.49,19.2725,2026-07-04,GKS_BESS_RN,2
22.54,20.36,2026-07-04,GKS_BESS_RN,3
21.58,20.225,2026-07-04,GKS_BESS_RN,4
22.23,19.58,2026-07-04,GKS_BESS_RN,5
23.09,21.3175,2026-07-04,GKS_BESS_RN,6
21.08,22.455,2026-07-04,GKS_BESS_RN,7
17.63,16.6525,2026-07-04,GKS_BESS_RN,8
15.35,13.14,2026-07-04,GKS_BESS_RN,9
15.64,11.7775,2026-07-04,GKS_BESS_RN,10
15.85,14.5025,2026-07-04,GKS_BESS_RN,11
16.81,19.3925,2026-07-04,GKS_BESS_RN,12
20.57,22.9575,2026-07-04,GKS_BESS_RN,13
23.47,24.8075,2026-07-04,GKS_BESS_RN,14
25.96,24.2975,2026-07-04,GKS_BESS_RN,15
29.06,27.8175,2026-07-04,GKS_BESS_RN,16
30.43,28.165,2026-07-04,GKS_BESS_RN,17
29.56,30.19,2026-07-04,GKS_BESS_RN,18
29.32,26.095,2026-07-04,GKS_BESS_RN,19
31.44,37.9825,2026-07-04,GKS_BESS_RN,20
33.42,35.235,2026-07-04,GKS_BESS_RN,21
35.47,33.2625,2026-07-04,GKS_BESS_RN,22
33.63,27.9825,2026-07-04,GKS_BESS_RN,23
31.1,29.7175,2026-07-04,GKS_BESS_RN,24
26.66,27.2525,2026-07-05,GKS_BESS_RN,1
25.95,26.9225,2026-07-05,GKS_BESS_RN,2
25.06,26.19,2026-07-05,GKS_BESS_RN,3
24.98,24.2175,2026-07-05,GKS_BESS_RN,4
24.76,22.215,2026-07-05,GKS_BESS_RN,5
25.92,23.4625,2026-07-05,GKS_BESS_RN,6
25.75,23.0025,2026-07-05,GKS_BESS_RN,7
23.37,18.585,2026-07-05,GKS_BESS_RN,8
19.13,17.93,2026-07-05,GKS_BESS_RN,9
18.73,17.8625,2026-07-05,GKS_BESS_RN,10
19.24,18.4625,2026-07-05,GKS_BESS_RN,11
21.28,21.5975,2026-07-05,GKS_BESS_RN,12
23.5,29.9025,2026-07-05,GKS_BESS_RN,13
25.97,29.68,2026-07-05,GKS_BESS_RN,14
28.94,32.9975,2026-07-05,GKS_BESS_RN,15
27.83,29.845,2026-07-05,GKS_BESS_RN,16
29.91,31.645,2026-07-05,GKS_BESS_RN,17
30.27,32.28,2026-07-05,GKS_BESS_RN,18
27.69,29.6225,2026-07-05,GKS_BESS_RN,19
26.3,37.88,2026-07-05,GKS_BESS_RN,20
26.18,32.6225,2026-07-05,GKS_BESS_RN,21
35.44,26.58,2026-07-05,GKS_BESS_RN,22
41.06,25.725,2026-07-05,GKS_BESS_RN,23
36.39,28.26,2026-07-05,GKS_BESS_RN,24
37.81,31.8525,2026-07-06,GKS_BESS_RN,1
32.04,30.515,2026-07-06,GKS_BESS_RN,2
31.27,28.67,2026-07-06,GKS_BESS_RN,3
32.33,27.6425,2026-07-06,GKS_BESS_RN,4
32.67,27.7775,2026-07-06,GKS_BESS_RN,5
35.59,29.0025,2026-07-06,GKS_BESS_RN,6
41.25,29.7525,2026-07-06,GKS_BESS_RN,7
30.21,27.0025,2026-07-06,GKS_BESS_RN,8
23.37,22.1075,2026-07-06,GKS_BESS_RN,9
24.1,24.01,2026-07-06,GKS_BESS_RN,10
25.63,23.9525,2026-07-06,GKS_BESS_RN,11
24.71,25.9675,2026-07-06,GKS_BESS_RN,12
30.27,29.865,2026-07-06,GKS_BESS_RN,13
32.78,34.555,2026-07-06,GKS_BESS_RN,14
33.45,32.4525,2026-07-06,GKS_BESS_RN,15
30.26,35.735,2026-07-06,GKS_BESS_RN,16
30.67,28.2325,2026-07-06,GKS_BESS_RN,17
28.77,21.105,2026-07-06,GKS_BESS_RN,18
26.68,15.67,2026-07-06,GKS_BESS_RN,19
33.03,27.255,2026-07-06,GKS_BESS_RN,20
41.74,38.935,2026-07-06,GKS_BESS_RN,21
37.83,43.9875,2026-07-06,GKS_BESS_RN,22
41.32,48.465,2026-07-06,GKS_BESS_RN,23
34.71,41.44,2026-07-06,GKS_BESS_RN,24
31.69,38.2675,2026-07-07,GKS_BESS_RN,1
29.01,32.5325,2026-07-07,GKS_BESS_RN,2
27.02,29.4225,2026-07-07,GKS_BESS_RN,3
26.48,30.5875,2026-07-07,GKS_BESS_RN,4
27.76,29.4925,2026-07-07,GKS_BESS_RN,5
29.83,39.3375,2026-07-07,GKS_BESS_RN,6
30.47,40.37,2026-07-07,GKS_BESS_RN,7
24.38,24.2725,2026-07-07,GKS_BESS_RN,8
18.29,20.86,2026-07-07,GKS_BESS_RN,9
18.73,23.57,2026-07-07,GKS_BESS_RN,10
19.17,24.45,2026-07-07,GKS_BESS_RN,11
22.95,23.7875,2026-07-07,GKS_BESS_RN,12
27.24,29.2575,2026-07-07,GKS_BESS_RN,13
32.18,35.1325,2026-07-07,GKS_BESS_RN,14
30.74,29.5125,2026-07-07,GKS_BESS_RN,15
29.58,29.21,2026-07-07,GKS_BESS_RN,16
28.42,25.585,2026-07-07,GKS_BESS_RN,17
27.58,28.0875,2026-07-07,GKS_BESS_RN,18
25.49,31.365,2026-07-07,GKS_BESS_RN,19
32.11,30.35,2026-07-07,GKS_BESS_RN,20
36.44,28.5025,2026-07-07,GKS_BESS_RN,21
36.52,32.3025,2026-07-07,GKS_BESS_RN,22
33.0,31.99,2026-07-07,GKS_BESS_RN,23
28.53,29.0725,2026-07-07,GKS_BESS_RN,24
28.62,23.73,2026-07-08,GKS_BESS_RN,1
26.21,22.4275,2026-07-08,GKS_BESS_RN,2
24.45,22.6825,2026-07-08,GKS_BESS_RN,3
23.82,21.55,2026-07-08,GKS_BESS_RN,4
24.38,19.8675,2026-07-08,GKS_BESS_RN,5
25.04,23.6975,2026-07-08,GKS_BESS_RN,6
24.75,24.265,2026-07-08,GKS_BESS_RN,7
21.61,18.505,2026-07-08,GKS_BESS_RN,8
16.54,16.55,2026-07-08,GKS_BESS_RN,9
16.68,17.45,2026-07-08,GKS_BESS_RN,10
17.42,15.5725,2026-07-08,GKS_BESS_RN,11
19.28,14.99,2026-07-08,GKS_BESS_RN,12
20.87,17.83,2026-07-08,GKS_BESS_RN,13
24.68,32.5525,2026-07-08,GKS_BESS_RN,14
23.94,37.1125,2026-07-08,GKS_BESS_RN,15
25.75,33.48,2026-07-08,GKS_BESS_RN,16
26.88,24.6875,2026-07-08,GKS_BESS_RN,17
26.93,19.115,2026-07-08,GKS_BESS_RN,18
28.41,24.2925,2026-07-08,GKS_BESS_RN,19
39.46,33.765,2026-07-08,GKS_BESS_RN,20
39.29,35.245,2026-07-08,GKS_BESS_RN,21
38.27,39.8225,2026-07-08,GKS_BESS_RN,22
33.74,41.5475,2026-07-08,GKS_BESS_RN,23
26.94,28.64,2026-07-08,GKS_BESS_RN,24
26.83,24.96,2026-07-09,GKS_BESS_RN,1
25.0,22.795,2026-07-09,GKS_BESS_RN,2
24.28,21.9325,2026-07-09,GKS_BESS_RN,3
23.3,19.0375,2026-07-09,GKS_BESS_RN,4
22.58,18.8575,2026-07-09,GKS_BESS_RN,5
24.35,20.7675,2026-07-09,GKS_BESS_RN,6
24.05,22.5925,2026-07-09,GKS_BESS_RN,7
20.72,17.6225,2026-07-09,GKS_BESS_RN,8
17.64,15.3275,2026-07-09,GKS_BESS_RN,9
16.03,18.1125,2026-07-09,GKS_BESS_RN,10
14.99,19.29,2026-07-09,GKS_BESS_RN,11
14.42,21.3875,2026-07-09,GKS_BESS_RN,12
15.52,18.3075,2026-07-09,GKS_BESS_RN,13
22.56,15.72,2026-07-09,GKS_BESS_RN,14
25.29,9.5775,2026-07-09,GKS_BESS_RN,15
26.7,11.86,2026-07-09,GKS_BESS_RN,16
22.54,10.94,2026-07-09,GKS_BESS_RN,17
23.64,15.7275,2026-07-09,GKS_BESS_RN,18
28.68,29.225,2026-07-09,GKS_BESS_RN,19
39.11,40.4775,2026-07-09,GKS_BESS_RN,20
39.98,44.48,2026-07-09,GKS_BESS_RN,21
37.34,51.0225,2026-07-09,GKS_BESS_RN,22
34.54,41.3925,2026-07-09,GKS_BESS_RN,23
29.46,28.9975,2026-07-09,GKS_BESS_RN,24
26.5,26.555,2026-07-10,GKS_BESS_RN,1
25.16,25.845,2026-07-10,GKS_BESS_RN,2
24.76,23.7475,2026-07-10,GKS_BESS_RN,3
24.06,22.685,2026-07-10,GKS_BESS_RN,4
23.93,22.9375,2026-07-10,GKS_BESS_RN,5
25.8,23.985,2026-07-10,GKS_BESS_RN,6
26.02,25.13,2026-07-10,GKS_BESS_RN,7
23.32,20.665,2026-07-10,GKS_BESS_RN,8
18.64,17.6825,2026-07-10,GKS_BESS_RN,9
18.23,19.4825,2026-07-10,GKS_BESS_RN,10
17.63,20.91,2026-07-10,GKS_BESS_RN,11
18.07,20.305,2026-07-10,GKS_BESS_RN,12
19.61,21.8475,2026-07-10,GKS_BESS_RN,13
23.94,19.6825,2026-07-10,GKS_BESS_RN,14
26.0,15.685,2026-07-10,GKS_BESS_RN,15
27.42,12.015,2026-07-10,GKS_BESS_RN,16
28.64,13.1125,2026-07-10,GKS_BESS_RN,17
28.13,8.3575,2026-07-10,GKS_BESS_RN,18
30.29,19.845,2026-07-10,GKS_BESS_RN,19
38.26,35.6725,2026-07-10,GKS_BESS_RN,20
40.24,37.935,2026-07-10,GKS_BESS_RN,21
38.17,40.8875,2026-07-10,GKS_BESS_RN,22
35.93,58.745,2026-07-10,GKS_BESS_RN,23
29.91,35.1425,2026-07-10,GKS_BESS_RN,24
27.41,35.1675,2026-07-11,GKS_BESS_RN,1
26.78,35.88,2026-07-11,GKS_BESS_RN,2
26.25,29.83,2026-07-11,GKS_BESS_RN,3
26.15,27.0925,2026-07-11,GKS_BESS_RN,4
29.18,29.505,2026-07-11,GKS_BESS_RN,5
33.31,28.9675,2026-07-11,GKS_BESS_RN,6
28.48,32.3725,2026-07-11,GKS_BESS_RN,7
23.49,26.8425,2026-07-11,GKS_BESS_RN,8
18.77,23.345,2026-07-11,GKS_BESS_RN,9
20.32,23.7725,2026-07-11,GKS_BESS_RN,10
22.68,21.68,2026-07-11,GKS_BESS_RN,11
24.51,15.9675,2026-07-11,GKS_BESS_RN,12
27.53,18.7825,2026-07-11,GKS_BESS_RN,13
28.69,22.9475,2026-07-11,GKS_BESS_RN,14
30.78,30.2775,2026-07-11,GKS_BESS_RN,15
29.83,25.685,2026-07-11,GKS_BESS_RN,16
30.85,9.7,2026-07-11,GKS_BESS_RN,17
29.36,10.1125,2026-07-11,GKS_BESS_RN,18
32.88,11.4275,2026-07-11,GKS_BESS_RN,19
37.98,14.8975,2026-07-11,GKS_BESS_RN,20
38.94,28.21,2026-07-11,GKS_BESS_RN,21
42.35,28.9075,2026-07-11,GKS_BESS_RN,22
36.75,27.6775,2026-07-11,GKS_BESS_RN,23
35.66,28.11,2026-07-11,GKS_BESS_RN,24
35.62,25.0975,2026-07-12,GKS_BESS_RN,1
30.51,22.6675,2026-07-12,GKS_BESS_RN,2
29.96,21.1675,2026-07-12,GKS_BESS_RN,3
32.91,21.81,2026-07-12,GKS_BESS_RN,4
32.39,23.5,2026-07-12,GKS_BESS_RN,5
33.31,24.6325,2026-07-12,GKS_BESS_RN,6
30.22,25.5075,2026-07-12,GKS_BESS_RN,7
23.8,23.3325,2026-07-12,GKS_BESS_RN,8
19.25,20.47,2026-07-12,GKS_BESS_RN,9
21.46,21.06,2026-07-12,GKS_BESS_RN,10
21.54,20.825,2026-07-12,GKS_BESS_RN,11
21.83,22.7425,2026-07-12,GKS_BESS_RN,12
24.23,23.045,2026-07-12,GKS_BESS_RN,13
26.21,22.3775,2026-07-12,GKS_BESS_RN,14
26.91,27.8875,2026-07-12,GKS_BESS_RN,15
27.88,26.71,2026-07-12,GKS_BESS_RN,16
27.82,22.58,2026-07-12,GKS_BESS_RN,17
25.73,19.0975,2026-07-12,GKS_BESS_RN,18
25.86,15.605,2026-07-12,GKS_BESS_RN,19
29.77,24.1825,2026-07-12,GKS_BESS_RN,20
28.03,28.9775,2026-07-12,GKS_BESS_RN,21
34.64,30.925,2026-07-12,GKS_BESS_RN,22
40.17,31.5225,2026-07-12,GKS_BESS_RN,23
42.78,36.4325,2026-07-12,GKS_BESS_RN,24
34.61,30.835,2026-07-13,GKS_BESS_RN,1
30.22,30.895,2026-07-13,GKS_BESS_RN,2
31.41,33.5025,2026-07-13,GKS_BESS_RN,3
34.95,39.57,2026-07-13,GKS_BESS_RN,4
35.5,34.175,2026-07-13,GKS_BESS_RN,5
39.94,33.4925,2026-07-13,GKS_BESS_RN,6
41.31,30.42,2026-07-13,GKS_BESS_RN,7
37.67,31.805,2026-07-13,GKS_BESS_RN,8
29.61,26.9675,2026-07-13,GKS_BESS_RN,9
29.84,26.7825,2026-07-13,GKS_BESS_RN,10
28.27,28.285,2026-07-13,GKS_BESS_RN,11
27.4,30.5375,2026-07-13,GKS_BESS_RN,12
27.34,26.1,2026-07-13,GKS_BESS_RN,13
27.16,26.2825,2026-07-13,GKS_BESS_RN,14
25.31,26.5075,2026-07-13,GKS_BESS_RN,15
26.15,26.1125,2026-07-13,GKS_BESS_RN,16
22.6,27.25,2026-07-13,GKS_BESS_RN,17
20.59,25.0425,2026-07-13,GKS_BESS_RN,18
17.76,25.59,2026-07-13,GKS_BESS_RN,19
26.63,19.435,2026-07-13,GKS_BESS_RN,20
28.16,12.58,2026-07-13,GKS_BESS_RN,21
31.85,10.8,2026-07-13,GKS_BESS_RN,22
32.51,10.96,2026-07-13,GKS_BESS_RN,23
28.24,10.775,2026-07-13,GKS_BESS_RN,24
30.5,8.3775,2026-07-14,GKS_BESS_RN,1
29.1,10.1225,2026-07-14,GKS_BESS_RN,2
27.16,11.835,2026-07-14,GKS_BESS_RN,3
26.98,10.84,2026-07-14,GKS_BESS_RN,4
30.68,11.115,2026-07-14,GKS_BESS_RN,5
30.87,9.39,2026-07-14,GKS_BESS_RN,6
30.94,12.255,2026-07-14,GKS_BESS_RN,7
28.33,12.3225,2026-07-14,GKS_BESS_RN,8
23.36,16.47,2026-07-14,GKS_BESS_RN,9
20.72,14.6125,2026-07-14,GKS_BESS_RN,10
18.71,4.165,2026-07-14,GKS_BESS_RN,11
19.31,3.4225,2026-07-14,GKS_BESS_RN,12
19.65,-2.3025,2026-07-14,GKS_BESS_RN,13
16.76,5.2,2026-07-14,GKS_BESS_RN,14
16.72,8.1575,2026-07-14,GKS_BESS_RN,15
18.46,10.155,2026-07-14,GKS_BESS_RN,16
16.75,15.1275,2026-07-14,GKS_BESS_RN,17
15.87,14.8475,2026-07-14,GKS_BESS_RN,18
15.84,20.3275,2026-07-14,GKS_BESS_RN,19
18.63,24.8475,2026-07-14,GKS_BESS_RN,20
24.29,18.84,2026-07-14,GKS_BESS_RN,21
26.98,19.2925,2026-07-14,GKS_BESS_RN,22
31.08,20.6225,2026-07-14,GKS_BESS_RN,23
27.41,16.6925,2026-07-14,GKS_BESS_RN,24
16.04,9.1675,2026-07-15,GKS_BESS_RN,1
13.97,6.6225,2026-07-15,GKS_BESS_RN,2
15.39,9.4,2026-07-15,GKS_BESS_RN,3
15.89,8.73,2026-07-15,GKS_BESS_RN,4
17.52,15.675,2026-07-15,GKS_BESS_RN,5
17.8,24.9225,2026-07-15,GKS_BESS_RN,6
18.33,24.0475,2026-07-15,GKS_BESS_RN,7
19.75,24.6225,2026-07-15,GKS_BESS_RN,8
17.04,23.7525,2026-07-15,GKS_BESS_RN,9
13.61,24.8875,2026-07-15,GKS_BESS_RN,10
13.79,24.16,2026-07-15,GKS_BESS_RN,11
15.58,26.52,2026-07-15,GKS_BESS_RN,12
17.08,24.5575,2026-07-15,GKS_BESS_RN,13
20.19,24.7825,2026-07-15,GKS_BESS_RN,14
20.06,24.3525,2026-07-15,GKS_BESS_RN,15
20.46,22.91,2026-07-15,GKS_BESS_RN,16
20.15,24.99,2026-07-15,GKS_BESS_RN,17
18.22,26.885,2026-07-15,GKS_BESS_RN,18
17.19,30.14,2026-07-15,GKS_BESS_RN,19
18.69,34.185,2026-07-15,GKS_BESS_RN,20
20.81,28.1825,2026-07-15,GKS_BESS_RN,21
21.07,30.4375,2026-07-15,GKS_BESS_RN,22
19.4,27.3725,2026-07-15,GKS_BESS_RN,23
18.1,25.3725,2026-07-15,GKS_BESS_RN,24
14.71,25.7425,2026-07-16,GKS_BESS_RN,1
13.86,26.41,2026-07-16,GKS_BESS_RN,2
13.47,26.5025,2026-07-16,GKS_BESS_RN,3
15.6,26.805,2026-07-16,GKS_BESS_RN,4
18.24,31.5575,2026-07-16,GKS_BESS_RN,5
21.34,39.305,2026-07-16,GKS_BESS_RN,6
23.28,36.45,2026-07-16,GKS_BESS_RN,7
22.3,32.8275,2026-07-16,GKS_BESS_RN,8
20.41,24.7475,2026-07-16,GKS_BESS_RN,9
11.79,23.5675,2026-07-16,GKS_BESS_RN,10
10.4,17.8575,2026-07-16,GKS_BESS_RN,11
9.58,20.445,2026-07-16,GKS_BESS_RN,12
11.4,19.2175,2026-07-16,GKS_BESS_RN,13
13.05,23.5675,2026-07-16,GKS_BESS_RN,14
13.04,20.605,2026-07-16,GKS_BESS_RN,15
15.02,21.14,2026-07-16,GKS_BESS_RN,16
13.29,18.485,2026-07-16,GKS_BESS_RN,17
13.44,18.365,2026-07-16,GKS_BESS_RN,18
14.64,18.9775,2026-07-16,GKS_BESS_RN,19
20.56,19.9725,2026-07-16,GKS_BESS_RN,20
25.93,15.0925,2026-07-16,GKS_BESS_RN,21
24.76,18.3275,2026-07-16,GKS_BESS_RN,22
21.1,18.74,2026-07-16,GKS_BESS_RN,23
17.45,17.88,2026-07-16,GKS_BESS_RN,24
19.71,14.24,2026-07-17,GKS_BESS_RN,1
18.75,10.7925,2026-07-17,GKS_BESS_RN,2
18.4,9.1825,2026-07-17,GKS_BESS_RN,3
18.89,8.7525,2026-07-17,GKS_BESS_RN,4
20.67,8.32,2026-07-17,GKS_BESS_RN,5
22.53,8.4825,2026-07-17,GKS_BESS_RN,6
22.26,9.6025,2026-07-17,GKS_BESS_RN,7
20.74,9.115,2026-07-17,GKS_BESS_RN,8
19.24,11.495,2026-07-17,GKS_BESS_RN,9
15.18,2.5225,2026-07-17,GKS_BESS_RN,10
13.37,-0.3875,2026-07-17,GKS_BESS_RN,11
12.71,0.675,2026-07-17,GKS_BESS_RN,12
13.5,-0.4525,2026-07-17,GKS_BESS_RN,13
14.06,-1.4125,2026-07-17,GKS_BESS_RN,14
14.68,0.715,2026-07-17,GKS_BESS_RN,15
16.41,9.0075,2026-07-17,GKS_BESS_RN,16
17.88,6.135,2026-07-17,GKS_BESS_RN,17
18.23,14.5625,2026-07-17,GKS_BESS_RN,18
22.66,17.74,2026-07-17,GKS_BESS_RN,19
29.54,23.1575,2026-07-17,GKS_BESS_RN,20
30.82,24.515,2026-07-17,GKS_BESS_RN,21
33.46,26.48,2026-07-17,GKS_BESS_RN,22
30.82,37.695,2026-07-17,GKS_BESS_RN,23
25.7,32.8325,2026-07-17,GKS_BESS_RN,24
23.96,28.22,2026-07-18,GKS_BESS_RN,1
22.39,24.415,2026-07-18,GKS_BESS_RN,2
21.37,22.7475,2026-07-18,GKS_BESS_RN,3
20.44,22.075,2026-07-18,GKS_BESS_RN,4
20.75,22.0225,2026-07-18,GKS_BESS_RN,5
21.6,21.5825,2026-07-18,GKS_BESS_RN,6
21.37,22.4225,2026-07-18,GKS_BESS_RN,7
18.4,18.3,2026-07-18,GKS_BESS_RN,8
15.92,16.0875,2026-07-18,GKS_BESS_RN,9
13.39,9.3375,2026-07-18,GKS_BESS_RN,10
10.14,4.955,2026-07-18,GKS_BESS_RN,11
12.77,1.025,2026-07-18,GKS_BESS_RN,12
15.55,1.2625,2026-07-18,GKS_BESS_RN,13
15.14,3.275,2026-07-18,GKS_BESS_RN,14
16.03,5.6575,2026-07-18,GKS_BESS_RN,15
15.37,11.175,2026-07-18,GKS_BESS_RN,16
15.02,11.5325,2026-07-18,GKS_BESS_RN,17
15.47,13.545,2026-07-18,GKS_BESS_RN,18
17.11,17.4225,2026-07-18,GKS_BESS_RN,19
24.37,20.6475,2026-07-18,GKS_BESS_RN,20
25.08,16.68,2026-07-18,GKS_BESS_RN,21
23.49,18.8825,2026-07-18,GKS_BESS_RN,22
24.44,14.015,2026-07-18,GKS_BESS_RN,23
22.75,15.135,2026-07-18,GKS_BESS_RN,24
26.84,19.9325,2026-07-19,GKS_BESS_RN,1
26.49,21.6825,2026-07-19,GKS_BESS_RN,2
26.04,22.0625,2026-07-19,GKS_BESS_RN,3
24.56,23.7375,2026-07-19,GKS_BESS_RN,4
22.92,25.5975,2026-07-19,GKS_BESS_RN,5
23.73,26.395,2026-07-19,GKS_BESS_RN,6
21.65,25.4825,2026-07-19,GKS_BESS_RN,7
21.32,21.8125,2026-07-19,GKS_BESS_RN,8
16.2,21.035,2026-07-19,GKS_BESS_RN,9
14.6,14.3575,2026-07-19,GKS_BESS_RN,10
12.88,13.815,2026-07-19,GKS_BESS_RN,11
14.66,13.3525,2026-07-19,GKS_BESS_RN,12
14.12,12.055,2026-07-19,GKS_BESS_RN,13
15.33,14.4425,2026-07-19,GKS_BESS_RN,14
15.73,14.73,2026-07-19,GKS_BESS_RN,15
15.74,15.34,2026-07-19,GKS_BESS_RN,16
15.04,15.1625,2026-07-19,GKS_BESS_RN,17
14.86,17.6375,2026-07-19,GKS_BESS_RN,18
14.45,17.86,2026-07-19,GKS_BESS_RN,19
17.61,28.26,2026-07-19,GKS_BESS_RN,20
15.6,32.72,2026-07-19,GKS_BESS_RN,21
22.54,34.1775,2026-07-19,GKS_BESS_RN,22
30.06,28.53,2026-07-19,GKS_BESS_RN,23
26.51,25.32,2026-07-19,GKS_BESS_RN,24
23.27,25.1275,2026-07-20,GKS_BESS_RN,1
22.2,23.8275,2026-07-20,GKS_BESS_RN,2
20.99,23.8475,2026-07-20,GKS_BESS_RN,3
22.03,24.0275,2026-07-20,GKS_BESS_RN,4
23.01,23.6625,2026-07-20,GKS_BESS_RN,5
24.74,24.0975,2026-07-20,GKS_BESS_RN,6
24.75,24.9325,2026-07-20,GKS_BESS_RN,7
22.81,22.63,2026-07-20,GKS_BESS_RN,8
16.6,17.765,2026-07-20,GKS_BESS_RN,9
14.93,13.935,2026-07-20,GKS_BESS_RN,10
14.45,13.6675,2026-07-20,GKS_BESS_RN,11
14.78,15.475,2026-07-20,GKS_BESS_RN,12
15.05,16.3175,2026-07-20,GKS_BESS_RN,13
18.76,19.9025,2026-07-20,GKS_BESS_RN,14
21.64,15.665,2026-07-20,GKS_BESS_RN,15
20.49,15.5125,2026-07-20,GKS_BESS_RN,16
18.62,19.385,2026-07-20,GKS_BESS_RN,17
19.51,24.3175,2026-07-20,GKS_BESS_RN,18
20.29,25.2175,2026-07-20,GKS_BESS_RN,19
29.91,29.86,2026-07-20,GKS_BESS_RN,20
25.33,26.23,2026-07-20,GKS_BESS_RN,21
29.33,31.1075,2026-07-20,GKS_BESS_RN,22
22.11,29.0075,2026-07-20,GKS_BESS_RN,23
26.1,25.5425,2026-07-20,GKS_BESS_RN,24
24.92,23.47,2026-07-21,GKS_BESS_RN,1
23.66,22.4325,2026-07-21,GKS_BESS_RN,2
22.48,22.615,2026-07-21,GKS_BESS_RN,3
23.5,23.925,2026-07-21,GKS_BESS_RN,4
24.33,23.865,2026-07-21,GKS_BESS_RN,5
26.17,26.1725,2026-07-21,GKS_BESS_RN,6
34.48,28.2025,2026-07-21,GKS_BESS_RN,7
28.49,24.9725,2026-07-21,GKS_BESS_RN,8
19.23,20.83,2026-07-21,GKS_BESS_RN,9
18.06,20.69,2026-07-21,GKS_BESS_RN,10
18.01,16.42,2026-07-21,GKS_BESS_RN,11
21.25,17.745,2026-07-21,GKS_BESS_RN,12
25.59,28.6975,2026-07-21,GKS_BESS_RN,13
26.84,38.495,2026-07-21,GKS_BESS_RN,14
28.88,33.8875,2026-07-21,GKS_BESS_RN,15
29.13,31.4425,2026-07-21,GKS_BESS_RN,16
27.26,25.89,2026-07-21,GKS_BESS_RN,17
26.37,26.4475,2026-07-21,GKS_BESS_RN,18
30.12,47.05,2026-07-21,GKS_BESS_RN,19
98.95,87.6,2026-07-21,GKS_BESS_RN,20
63.48,86.49,2026-07-21,GKS_BESS_RN,21
61.74,57.445,2026-07-21,GKS_BESS_RN,22
41.21,95.5525,2026-07-21,GKS_BESS_RN,23
32.38,52.335,2026-07-21,GKS_BESS_RN,24
38.35,37.5225,2026-07-22,GKS_BESS_RN,1
32.98,34.4175,2026-07-22,GKS_BESS_RN,2
31.5,35.1475,2026-07-22,GKS_BESS_RN,3
32.93,32.88,2026-07-22,GKS_BESS_RN,4
31.28,35.6175,2026-07-22,GKS_BESS_RN,5
33.22,41.2325,2026-07-22,GKS_BESS_RN,6
38.08,39.975,2026-07-22,GKS_BESS_RN,7
32.14,36.1425,2026-07-22,GKS_BESS_RN,8
22.73,25.855,2026-07-22,GKS_BESS_RN,9
20.94,27.0075,2026-07-22,GKS_BESS_RN,10
22.7,26.795,2026-07-22,GKS_BESS_RN,11
26.98,26.735,2026-07-22,GKS_BESS_RN,12
28.91,41.04,2026-07-22,GKS_BESS_RN,13
36.9,66.9,2026-07-22,GKS_BESS_RN,14
40.74,81.0225,2026-07-22,GKS_BESS_RN,15
44.03,74.5025,2026-07-22,GKS_BESS_RN,16
46.08,67.005,2026-07-22,GKS_BESS_RN,17
44.32,70.4425,2026-07-22,GKS_BESS_RN,18
79.7,133.6275,2026-07-22,GKS_BESS_RN,19
141.39,133.59,2026-07-22,GKS_BESS_RN,20
137.62,131.04,2026-07-22,GKS_BESS_RN,21
100.0,196.645,2026-07-22,GKS_BESS_RN,22
83.63,205.72,2026-07-22,GKS_BESS_RN,23
48.16,71.71,2026-07-22,GKS_BESS_RN,24
55.15,61.2175,2026-07-23,GKS_BESS_RN,1
46.56,61.2175,2026-07-23,GKS_BESS_RN,2
39.92,48.2925,2026-07-23,GKS_BESS_RN,3
39.5,45.7225,2026-07-23,GKS_BESS_RN,4
39.91,45.7725,2026-07-23,GKS_BESS_RN,5
43.51,46.6825,2026-07-23,GKS_BESS_RN,6
46.11,53.4925,2026-07-23,GKS_BESS_RN,7
35.04,40.6275,2026-07-23,GKS_BESS_RN,8
24.15,26.7775,2026-07-23,GKS_BESS_RN,9
21.66,31.025,2026-07-23,GKS_BESS_RN,10
20.52,33.18,2026-07-23,GKS_BESS_RN,11
22.66,39.1625,2026-07-23,GKS_BESS_RN,12
28.9,44.6775,2026-07-23,GKS_BESS_RN,13
34.45,68.1925,2026-07-23,GKS_BESS_RN,14
36.83,71.8675,2026-07-23,GKS_BESS_RN,15
39.45,74.3725,2026-07-23,GKS_BESS_RN,16
37.21,69.5,2026-07-23,GKS_BESS_RN,17
35.25,62.4425,2026-07-23,GKS_BESS_RN,18
38.84,52.885,2026-07-23,GKS_BESS_RN,19
45.06,49.1325,2026-07-23,GKS_BESS_RN,20
44.88,46.6675,2026-07-23,GKS_BESS_RN,21
42.55,41.9375,2026-07-23,GKS_BESS_RN,22
38.45,35.0575,2026-07-23,GKS_BESS_RN,23
34.38,34.395,2026-07-23,GKS_BESS_RN,24
37.01,34.185,2026-07-24,GKS_BESS_RN,1
34.02,33.3775,2026-07-24,GKS_BESS_RN,2
32.06,25.0975,2026-07-24,GKS_BESS_RN,3
31.11,24.22,2026-07-24,GKS_BESS_RN,4
32.27,24.385,2026-07-24,GKS_BESS_RN,5
34.05,30.02,2026-07-24,GKS_BESS_RN,6
36.91,30.6025,2026-07-24,GKS_BESS_RN,7
33.78,29.2925,2026-07-24,GKS_BESS_RN,8
24.24,22.58,2026-07-24,GKS_BESS_RN,9
17.98,15.465,2026-07-24,GKS_BESS_RN,10
14.53,16.7325,2026-07-24,GKS_BESS_RN,11
13.68,17.3075,2026-07-24,GKS_BESS_RN,12
16.87,15.5975,2026-07-24,GKS_BESS_RN,13
19.76,20.8125,2026-07-24,GKS_BESS_RN,14
20.28,20.145,2026-07-24,GKS_BESS_RN,15
21.23,24.1575,2026-07-24,GKS_BESS_RN,16
20.96,24.005,2026-07-24,GKS_BESS_RN,17
20.36,21.7425,2026-07-24,GKS_BESS_RN,18
25.0,22.57,2026-07-24,GKS_BESS_RN,19
27.28,31.2325,2026-07-24,GKS_BESS_RN,20
27.58,30.2525,2026-07-24,GKS_BESS_RN,21
32.6,31.38,2026-07-24,GKS_BESS_RN,22
28.95,30.5475,2026-07-24,GKS_BESS_RN,23
25.01,27.5625,2026-07-24,GKS_BESS_RN,24
25.98,25.445,2026-07-25,GKS_BESS_RN,1
24.17,24.315,2026-07-25,GKS_BESS_RN,2
23.64,23.5,2026-07-25,GKS_BESS_RN,3
24.07,23.2025,2026-07-25,GKS_BESS_RN,4
23.07,23.1675,2026-07-25,GKS_BESS_RN,5
23.21,23.295,2026-07-25,GKS_BESS_RN,6
22.4,22.7025,2026-07-25,GKS_BESS_RN,7
20.95,19.5725,2026-07-25,GKS_BESS_RN,8
17.78,15.05,2026-07-25,GKS_BESS_RN,9
16.85,13.805,2026-07-25,GKS_BESS_RN,10
17.51,12.01,2026-07-25,GKS_BESS_RN,11
19.6,10.545,2026-07-25,GKS_BESS_RN,12
21.45,11.565,2026-07-25,GKS_BESS_RN,13
24.04,10.96,2026-07-25,GKS_BESS_RN,14
23.61,11.9375,2026-07-25,GKS_BESS_RN,15
23.59,14.0725,2026-07-25,GKS_BESS_RN,16
23.98,18.1,2026-07-25,GKS_BESS_RN,17
25.8,20.8725,2026-07-25,GKS_BESS_RN,18
30.3,29.0375,2026-07-25,GKS_BESS_RN,19
34.91,37.785,2026-07-25,GKS_BESS_RN,20
35.83,34.6775,2026-07-25,GKS_BESS_RN,21
37.17,39.5825,2026-07-25,GKS_BESS_RN,22
32.85,32.93,2026-07-25,GKS_BESS_RN,23
30.31,25.315,2026-07-25,GKS_BESS_RN,24
25.84,22.7075,2026-07-26,GKS_BESS_RN,1
24.45,21.6475,2026-07-26,GKS_BESS_RN,2
23.44,21.0925,2026-07-26,GKS_BESS_RN,3
22.87,21.4725,2026-07-26,GKS_BESS_RN,4
22.1,21.0875,2026-07-26,GKS_BESS_RN,5
21.81,20.9325,2026-07-26,GKS_BESS_RN,6
20.95,21.0,2026-07-26,GKS_BESS_RN,7
19.09,18.9925,2026-07-26,GKS_BESS_RN,8
15.88,12.6025,2026-07-26,GKS_BESS_RN,9
16.02,14.8025,2026-07-26,GKS_BESS_RN,10
17.31,16.41,2026-07-26,GKS_BESS_RN,11
19.66,20.0025,2026-07-26,GKS_BESS_RN,12
23.0,22.3825,2026-07-26,GKS_BESS_RN,13
25.36,22.0775,2026-07-26,GKS_BESS_RN,14
25.01,18.07,2026-07-26,GKS_BESS_RN,15
25.3,16.3375,2026-07-26,GKS_BESS_RN,16
25.0,17.505,2026-07-26,GKS_BESS_RN,17
25.82,16.2425,2026-07-26,GKS_BESS_RN,18
33.09,16.9125,2026-07-26,GKS_BESS_RN,19
39.95,30.6375,2026-07-26,GKS_BESS_RN,20
39.13,27.3025,2026-07-26,GKS_BESS_RN,21
36.74,27.69,2026-07-26,GKS_BESS_RN,22
32.16,26.055,2026-07-26,GKS_BESS_RN,23
27.55,23.47,2026-07-26,GKS_BESS_RN,24
24.18,20.05,2026-07-27,GKS_BESS_RN,1
23.13,18.6775,2026-07-27,GKS_BESS_RN,2
22.19,18.08,2026-07-27,GKS_BESS_RN,3
21.98,18.115,2026-07-27,GKS_BESS_RN,4
22.09,18.365,2026-07-27,GKS_BESS_RN,5
22.59,21.1025,2026-07-27,GKS_BESS_RN,6
23.1,23.0125,2026-07-27,GKS_BESS_RN,7
20.53,20.3275,2026-07-27,GKS_BESS_RN,8
16.52,13.5975,2026-07-27,GKS_BESS_RN,9
11.13,5.37,2026-07-27,GKS_BESS_RN,10
11.76,5.5575,2026-07-27,GKS_BESS_RN,11
13.52,8.9575,2026-07-27,GKS_BESS_RN,12
18.18,11.58,2026-07-27,GKS_BESS_RN,13
23.98,15.9675,2026-07-27,GKS_BESS_RN,14
23.36,13.045,2026-07-27,GKS_BESS_RN,15
24.89,13.92,2026-07-27,GKS_BESS_RN,16
24.32,11.7775,2026-07-27,GKS_BESS_RN,17
24.2,10.495,2026-07-27,GKS_BESS_RN,18
27.24,14.9375,2026-07-27,GKS_BESS_RN,19
33.18,24.78,2026-07-27,GKS_BESS_RN,20
29.37,22.5075,2026-07-27,GKS_BESS_RN,21
33.17,19.265,2026-07-27,GKS_BESS_RN,22
27.44,17.665,2026-07-27,GKS_BESS_RN,23
24.34,21.69,2026-07-27,GKS_BESS_RN,24
21.84,19.6675,2026-07-28,GKS_BESS_RN,1
21.55,22.48,2026-07-28,GKS_BESS_RN,2
21.91,21.4,2026-07-28,GKS_BESS_RN,3
21.19,20.5425,2026-07-28,GKS_BESS_RN,4
23.12,20.7425,2026-07-28,GKS_BESS_RN,5
24.08,23.7375,2026-07-28,GKS_BESS_RN,6
23.76,26.255,2026-07-28,GKS_BESS_RN,7
22.55,24.2525,2026-07-28,GKS_BESS_RN,8
15.68,15.055,2026-07-28,GKS_BESS_RN,9
10.87,12.3475,2026-07-28,GKS_BESS_RN,10
10.66,11.4125,2026-07-28,GKS_BESS_RN,11
12.94,8.29,2026-07-28,GKS_BESS_RN,12
15.41,6.1,2026-07-28,GKS_BESS_RN,13
19.56,10.105,2026-07-28,GKS_BESS_RN,14
21.81,10.4575,2026-07-28,GKS_BESS_RN,15
23.65,10.025,2026-07-28,GKS_BESS_RN,16
23.38,13.64,2026-07-28,GKS_BESS_RN,17
24.0,23.83,2026-07-28,GKS_BESS_RN,18
23.55,28.815,2026-07-28,GKS_BESS_RN,19
31.62,31.525,2026-07-28,GKS_BESS_RN,20
33.39,33.7675,2026-07-28,GKS_BESS_RN,21
33.96,31.205,2026-07-28,GKS_BESS_RN,22
29.57,32.2275,2026-07-28,GKS_BESS_RN,23
23.44,28.8275,2026-07-28,GKS_BESS_RN,24
19.97,25.515,2026-07-29,GKS_BESS_RN,1
20.32,24.0325,2026-07-29,GKS_BESS_RN,2
21.64,23.985,2026-07-29,GKS_BESS_RN,3
22.06,23.375,2026-07-29,GKS_BESS_RN,4
23.67,25.6325,2026-07-29,GKS_BESS_RN,5
26.55,32.8675,2026-07-29,GKS_BESS_RN,6
29.42,35.6175,2026-07-29,GKS_BESS_RN,7
26.37,31.07,2026-07-29,GKS_BESS_RN,8
18.72,18.6575,2026-07-29,GKS_BESS_RN,9
14.46,13.4225,2026-07-29,GKS_BESS_RN,10
12.97,11.28,2026-07-29,GKS_BESS_RN,11
13.65,8.85,2026-07-29,GKS_BESS_RN,12
16.87,12.645,2026-07-29,GKS_BESS_RN,13
18.73,18.2275,2026-07-29,GKS_BESS_RN,14
20.91,23.9575,2026-07-29,GKS_BESS_RN,15
21.51,23.21,2026-07-29,GKS_BESS_RN,16
21.36,28.815,2026-07-29,GKS_BESS_RN,17
23.66,31.6075,2026-07-29,GKS_BESS_RN,18
26.37,30.07,2026-07-29,GKS_BESS_RN,19
31.01,31.07,2026-07-29,GKS_BESS_RN,20
32.17,29.2275,2026-07-29,GKS_BESS_RN,21
35.85,28.0225,2026-07-29,GKS_BESS_RN,22
29.2,31.345,2026-07-29,GKS_BESS_RN,23
24.14,25.2475,2026-07-29,GKS_BESS_RN,24
25.12,23.08,2026-07-30,GKS_BESS_RN,1
23.22,23.2575,2026-07-30,GKS_BESS_RN,2
24.02,24.4125,2026-07-30,GKS_BESS_RN,3
23.72,25.1475,2026-07-30,GKS_BESS_RN,4
24.59,26.235,2026-07-30,GKS_BESS_RN,5
26.45,30.095,2026-07-30,GKS_BESS_RN,6
30.98,30.4375,2026-07-30,GKS_BESS_RN,7
26.66,26.4,2026-07-30,GKS_BESS_RN,8
18.44,17.6275,2026-07-30,GKS_BESS_RN,9
9.94,11.29,2026-07-30,GKS_BESS_RN,10
10.4,6.0675,2026-07-30,GKS_BESS_RN,11
13.0,4.1375,2026-07-30,GKS_BESS_RN,12
16.69,6.84,2026-07-30,GKS_BESS_RN,13
22.45,8.5425,2026-07-30,GKS_BESS_RN,14
22.78,5.4075,2026-07-30,GKS_BESS_RN,15
29.94,6.07,2026-07-30,GKS_BESS_RN,16
29.28,10.34,2026-07-30,GKS_BESS_RN,17
28.53,3.535,2026-07-30,GKS_BESS_RN,18
36.7,12.525,2026-07-30,GKS_BESS_RN,19
50.74,21.19,2026-07-30,GKS_BESS_RN,20
41.66,27.83,2026-07-30,GKS_BESS_RN,21
49.22,25.185,2026-07-30,GKS_BESS_RN,22
36.77,27.2325,2026-07-30,GKS_BESS_RN,23
27.5,25.2,2026-07-30,GKS_BESS_RN,24
25.6,24.3975,2026-07-31,GKS_BESS_RN,1
23.98,22.88,2026-07-31,GKS_BESS_RN,2
22.65,22.4475,2026-07-31,GKS_BESS_RN,3
23.28,22.075,2026-07-31,GKS_BESS_RN,4
22.85,21.56,2026-07-31,GKS_BESS_RN,5
24.06,22.03,2026-07-31,GKS_BESS_RN,6
24.9,22.755,2026-07-31,GKS_BESS_RN,7
22.39,20.1025,2026-07-31,GKS_BESS_RN,8
16.23,13.65,2026-07-31,GKS_BESS_RN,9
9.85,8.0575,2026-07-31,GKS_BESS_RN,10
9.3,7.3625,2026-07-31,GKS_BESS_RN,11
10.41,3.1375,2026-07-31,GKS_BESS_RN,12
13.93,4.2225,2026-07-31,GKS_BESS_RN,13
19.17,10.8725,2026-07-31,GKS_BESS_RN,14
23.69,14.8525,2026-07-31,GKS_BESS_RN,15
28.66,14.1875,2026-07-31,GKS_BESS_RN,16
27.07,19.8975,2026-07-31,GKS_BESS_RN,17
24.04,21.1575,2026-07-31,GKS_BESS_RN,18
28.98,17.4425,2026-07-31,GKS_BESS_RN,19
33.29,29.1675,2026-07-31,GKS_BESS_RN,20
31.42,41.93,2026-07-31,GKS_BESS_RN,21
46.04,34.72,2026-07-31,GKS_BESS_RN,22
50.4,35.945,2026-07-31,GKS_BESS_RN,23
34.37,32.235,2026-07-31,GKS_BESS_RN,24
30.17,32.07,2026-08-01,GKS_BESS_RN,1
31.72,27.845,2026-08-01,GKS_BESS_RN,2
30.75,27.0975,2026-08-01,GKS_BESS_RN,3
31.19,27.6225,2026-08-01,GKS_BESS_RN,4
31.28,32.01,2026-08-01,GKS_BESS_RN,5
30.74,31.81,2026-08-01,GKS_BESS_RN,6
30.81,34.6575,2026-08-01,GKS_BESS_RN,7
28.19,33.61,2026-08-01,GKS_BESS_RN,8
22.01,23.3875,2026-08-01,GKS_BESS_RN,9
20.48,24.43,2026-08-01,GKS_BESS_RN,10
19.88,23.565,2026-08-01,GKS_BESS_RN,11
20.62,23.9425,2026-08-01,GKS_BESS_RN,12
27.62,20.7625,2026-08-01,GKS_BESS_RN,13
32.38,19.475,2026-08-01,GKS_BESS_RN,14
37.83,22.89,2026-08-01,GKS_BESS_RN,15
41.83,24.85,2026-08-01,GKS_BESS_RN,16
45.17,25.31,2026-08-01,GKS_BESS_RN,17
45.47,26.2575,2026-08-01,GKS_BESS_RN,18
48.27,40.0225,2026-08-01,GKS_BESS_RN,19
57.81,46.775,2026-08-01,GKS_BESS_RN,20
46.01,52.92,2026-08-01,GKS_BESS_RN,21
46.68,41.83,2026-08-01,GKS_BESS_RN,22
60.59,40.77,2026-08-01,GKS_BESS_RN,23
43.32,41.69,2026-08-01,GKS_BESS_RN,24
40.9,42.655,2026-08-02,GKS_BESS_RN,1
39.73,40.025,2026-08-02,GKS_BESS_RN,2
37.93,37.8225,2026-08-02,GKS_BESS_RN,3
36.64,36.3725,2026-08-02,GKS_BESS_RN,4
35.27,37.55,2026-08-02,GKS_BESS_RN,5
34.71,38.22,2026-08-02,GKS_BESS_RN,6
35.44,32.335,2026-08-02,GKS_BESS_RN,7
28.9,31.6275,2026-08-02,GKS_BESS_RN,8
19.02,21.2075,2026-08-02,GKS_BESS_RN,9
19.0,22.8425,2026-08-02,GKS_BESS_RN,10
20.95,23.905,2026-08-02,GKS_BESS_RN,11
25.08,22.0075,2026-08-02,GKS_BESS_RN,12
28.94,21.73,2026-08-02,GKS_BESS_RN,13
39.63,25.8675,2026-08-02,GKS_BESS_RN,14
46.96,28.965,2026-08-02,GKS_BESS_RN,15
51.17,26.86,2026-08-02,GKS_BESS_RN,16
56.51,26.4125,2026-08-02,GKS_BESS_RN,17
54.94,30.2425,2026-08-02,GKS_BESS_RN,18
63.92,42.025,2026-08-02,GKS_BESS_RN,19
78.99,48.145,2026-08-02,GKS_BESS_RN,20
76.08,36.4025,2026-08-02,GKS_BESS_RN,21
60.08,35.6,2026-08-02,GKS_BESS_RN,22
43.38,29.3875,2026-08-02,GKS_BESS_RN,23
33.39,24.8175,2026-08-02,GKS_BESS_RN,24
26.05,22.3,2026-08-03,GKS_BESS_RN,1
22.88,20.85,2026-08-03,GKS_BESS_RN,2
21.8,22.245,2026-08-03,GKS_BESS_RN,3
21.19,21.805,2026-08-03,GKS_BESS_RN,4
21.12,23.4225,2026-08-03,GKS_BESS_RN,5
24.34,25.585,2026-08-03,GKS_BESS_RN,6
22.79,26.095,2026-08-03,GKS_BESS_RN,7
20.24,20.9975,2026-08-03,GKS_BESS_RN,8
15.79,16.2975,2026-08-03,GKS_BESS_RN,9
15.66,18.465,2026-08-03,GKS_BESS_RN,10
16.28,19.47,2026-08-03,GKS_BESS_RN,11
18.59,18.555,2026-08-03,GKS_BESS_RN,12
22.26,23.335,2026-08-03,GKS_BESS_RN,13
26.81,20.86,2026-08-03,GKS_BESS_RN,14
27.62,19.5675,2026-08-03,GKS_BESS_RN,15
26.11,21.72,2026-08-03,GKS_BESS_RN,16
27.04,23.08,2026-08-03,GKS_BESS_RN,17
25.36,23.545,2026-08-03,GKS_BESS_RN,18
31.28,29.26,2026-08-03,GKS_BESS_RN,19
42.98,34.79,2026-08-03,GKS_BESS_RN,20
40.37,32.6025,2026-08-03,GKS_BESS_RN,21
33.82,27.99,2026-08-03,GKS_BESS_RN,22
30.73,23.105,2026-08-03,GKS_BESS_RN,23
26.1,21.93,2026-08-03,GKS_BESS_RN,24
21.42,21.045,2026-08-04,GKS_BESS_RN,1
20.29,18.9025,2026-08-04,GKS_BESS_RN,2
20.0,17.8725,2026-08-04,GKS_BESS_RN,3
19.04,17.905,2026-08-04,GKS_BESS_RN,4
19.03,18.7225,2026-08-04,GKS_BESS_RN,5
20.56,19.645,2026-08-04,GKS_BESS_RN,6
20.59,20.175,2026-08-04,GKS_BESS_RN,7
19.34,19.9,2026-08-04,GKS_BESS_RN,8
14.77,12.0975,2026-08-04,GKS_BESS_RN,9
10.05,8.9625,2026-08-04,GKS_BESS_RN,10
9.72,4.505,2026-08-04,GKS_BESS_RN,11
11.34,1.0125,2026-08-04,GKS_BESS_RN,12
11.13,1.965,2026-08-04,GKS_BESS_RN,13
13.32,13.5825,2026-08-04,GKS_BESS_RN,14
15.13,19.1275,2026-08-04,GKS_BESS_RN,15
16.44,16.9425,2026-08-04,GKS_BESS_RN,16
17.95,17.465,2026-08-04,GKS_BESS_RN,17
19.18,15.3525,2026-08-04,GKS_BESS_RN,18
22.96,19.825,2026-08-04,GKS_BESS_RN,19
29.31,22.525,2026-08-04,GKS_BESS_RN,20
32.16,29.835,2026-08-04,GKS_BESS_RN,21
37.08,36.5,2026-08-04,GKS_BESS_RN,22
32.78,36.705,2026-08-04,GKS_BESS_RN,23
28.81,27.7725,2026-08-04,GKS_BESS_RN,24
24.46,27.21,2026-08-05,GKS_BESS_RN,1
22.77,26.065,2026-08-05,GKS_BESS_RN,2
21.97,27.0575,2026-08-05,GKS_BESS_RN,3
21.9,25.5975,2026-08-05,GKS_BESS_RN,4
21.45,24.64,2026-08-05,GKS_BESS_RN,5
23.23,27.57,2026-08-05,GKS_BESS_RN,6
22.84,31.2975,2026-08-05,GKS_BESS_RN,7
21.74,27.1625,2026-08-05,GKS_BESS_RN,8
15.46,20.53,2026-08-05,GKS_BESS_RN,9
10.3,14.7,2026-08-05,GKS_BESS_RN,10
9.83,13.7325,2026-08-05,GKS_BESS_RN,11
10.66,11.8275,2026-08-05,GKS_BESS_RN,12
10.14,8.9925,2026-08-05,GKS_BESS_RN,13
13.44,10.34,2026-08-05,GKS_BESS_RN,14
15.0,21.7,2026-08-05,GKS_BESS_RN,15
18.25,20.61,2026-08-05,GKS_BESS_RN,16
19.73,19.925,2026-08-05,GKS_BESS_RN,17
22.03,17.9825,2026-08-05,GKS_BESS_RN,18
26.85,21.9225,2026-08-05,GKS_BESS_RN,19
32.91,31.985,2026-08-05,GKS_BESS_RN,20
33.62,40.7425,2026-08-05,GKS_BESS_RN,21
34.78,38.8225,2026-08-05,GKS_BESS_RN,22
33.91,29.2675,2026-08-05,GKS_BESS_RN,23
28.36,27.235,2026-08-05,GKS_BESS_RN,24
22.79,28.46,2026-08-06,GKS_BESS_RN,1
21.4,24.7375,2026-08-06,GKS_BESS_RN,2
20.49,24.2025,2026-08-06,GKS_BESS_RN,3
20.86,24.63,2026-08-06,GKS_BESS_RN,4
21.18,25.43,2026-08-06,GKS_BESS_RN,5
23.08,27.1125,2026-08-06,GKS_BESS_RN,6
24.97,27.4775,2026-08-06,GKS_BESS_RN,7
23.55,26.2125,2026-08-06,GKS_BESS_RN,8
17.62,19.5225,2026-08-06,GKS_BESS_RN,9
12.41,14.6025,2026-08-06,GKS_BESS_RN,10
12.3,12.6025,2026-08-06,GKS_BESS_RN,11
13.87,7.385,2026-08-06,GKS_BESS_RN,12
16.22,11.66,2026-08-06,GKS_BESS_RN,13
19.47,18.66,2026-08-06,GKS_BESS_RN,14
21.79,23.705,2026-08-06,GKS_BESS_RN,15
25.03,27.18,2026-08-06,GKS_BESS_RN,16
25.03,22.3475,2026-08-06,GKS_BESS_RN,17
23.23,24.61,2026-08-06,GKS_BESS_RN,18
26.9,15.1075,2026-08-06,GKS_BESS_RN,19
29.75,21.765,2026-08-06,GKS_BESS_RN,20
31.67,18.5525,2026-08-06,GKS_BESS_RN,21
34.45,27.84,2026-08-06,GKS_BESS_RN,22
31.38,27.0225,2026-08-06,GKS_BESS_RN,23
26.7,25.66,2026-08-06,GKS_BESS_RN,24
27.33,22.535,2026-08-07,GKS_BESS_RN,1
24.62,23.9025,2026-08-07,GKS_BESS_RN,2
24.14,25.9775,2026-08-07,GKS_BESS_RN,3
22.94,22.8425,2026-08-07,GKS_BESS_RN,4
22.49,23.7,2026-08-07,GKS_BESS_RN,5
24.07,30.575,2026-08-07,GKS_BESS_RN,6
26.73,27.215,2026-08-07,GKS_BESS_RN,7
24.16,21.71,2026-08-07,GKS_BESS_RN,8
19.37,17.6975,2026-08-07,GKS_BESS_RN,9
16.2,16.0725,2026-08-07,GKS_BESS_RN,10
16.38,16.6125,2026-08-07,GKS_BESS_RN,11
18.1,16.6375,2026-08-07,GKS_BESS_RN,12
20.91,16.69,2026-08-07,GKS_BESS_RN,13
23.06,29.0525,2026-08-07,GKS_BESS_RN,14
25.3,38.02,2026-08-07,GKS_BESS_RN,15
26.05,30.0425,2026-08-07,GKS_BESS_RN,16
25.07,16.3825,2026-08-07,GKS_BESS_RN,17
23.42,2.2525,2026-08-07,GKS_BESS_RN,18
25.76,-1.185,2026-08-07,GKS_BESS_RN,19
31.78,22.035,2026-08-07,GKS_BESS_RN,20
34.86,31.42,2026-08-07,GKS_BESS_RN,21
37.59,27.0175,2026-08-07,GKS_BESS_RN,22
38.12,29.8475,2026-08-07,GKS_BESS_RN,23
31.14,28.9275,2026-08-07,GKS_BESS_RN,24
28.61,37.06,2026-08-08,GKS_BESS_RN,1
26.5,32.795,2026-08-08,GKS_BESS_RN,2
26.34,27.3075,2026-08-08,GKS_BESS_RN,3
25.37,25.2025,2026-08-08,GKS_BESS_RN,4
25.12,26.1225,2026-08-08,GKS_BESS_RN,5
25.88,31.2375,2026-08-08,GKS_BESS_RN,6
24.75,28.055,2026-08-08,GKS_BESS_RN,7
24.6,26.9375,2026-08-08,GKS_BESS_RN,8
19.04,21.055,2026-08-08,GKS_BESS_RN,9
18.98,21.7725,2026-08-08,GKS_BESS_RN,10
20.09,23.995,2026-08-08,GKS_BESS_RN,11
24.38,24.345,2026-08-08,GKS_BESS_RN,12
26.09,33.54,2026-08-08,GKS_BESS_RN,13
27.42,30.2525,2026-08-08,GKS_BESS_RN,14
28.67,35.265,2026-08-08,GKS_BESS_RN,15
30.87,41.6325,2026-08-08,GKS_BESS_RN,16
28.61,37.6,2026-08-08,GKS_BESS_RN,17
25.56,23.1075,2026-08-08,GKS_BESS_RN,18
29.77,12.03,2026-08-08,GKS_BESS_RN,19
34.59,23.785,2026-08-08,GKS_BESS_RN,20
36.82,30.5425,2026-08-08,GKS_BESS_RN,21
37.39,37.1075,2026-08-08,GKS_BESS_RN,22
34.67,34.595,2026-08-08,GKS_BESS_RN,23
28.74,30.855,2026-08-08,GKS_BESS_RN,24
31.62,31.67,2026-08-09,GKS_BESS_RN,1
28.74,26.1175,2026-08-09,GKS_BESS_RN,2
25.48,25.0675,2026-08-09,GKS_BESS_RN,3
24.58,23.8725,2026-08-09,GKS_BESS_RN,4
24.36,26.0075,2026-08-09,GKS_BESS_RN,5
24.64,25.925,2026-08-09,GKS_BESS_RN,6
23.34,26.08,2026-08-09,GKS_BESS_RN,7
21.2,24.12,2026-08-09,GKS_BESS_RN,8
16.36,17.8075,2026-08-09,GKS_BESS_RN,9
17.34,21.0275,2026-08-09,GKS_BESS_RN,10
19.55,20.79,2026-08-09,GKS_BESS_RN,11
21.29,22.375,2026-08-09,GKS_BESS_RN,12
27.92,24.0225,2026-08-09,GKS_BESS_RN,13
26.31,31.8625,2026-08-09,GKS_BESS_RN,14
28.48,36.6325,2026-08-09,GKS_BESS_RN,15
29.2,36.31,2026-08-09,GKS_BESS_RN,16
27.71,28.8125,2026-08-09,GKS_BESS_RN,17
27.1,21.07,2026-08-09,GKS_BESS_RN,18
29.09,20.6775,2026-08-09,GKS_BESS_RN,19
36.82,29.7625,2026-08-09,GKS_BESS_RN,20
40.39,37.1425,2026-08-09,GKS_BESS_RN,21
41.71,42.265,2026-08-09,GKS_BESS_RN,22
36.11,43.34,2026-08-09,GKS_BESS_RN,23
29.53,31.4875,2026-08-09,GKS_BESS_RN,24
25.44,27.8625,2026-08-10,GKS_BESS_RN,1
23.81,23.61,2026-08-10,GKS_BESS_RN,2
22.39,23.0425,2026-08-10,GKS_BESS_RN,3
22.02,21.8025,2026-08-10,GKS_BESS_RN,4
22.37,21.5775,2026-08-10,GKS_BESS_RN,5
24.07,22.5975,2026-08-10,GKS_BESS_RN,6
24.28,23.4875,2026-08-10,GKS_BESS_RN,7
22.71,21.295,2026-08-10,GKS_BESS_RN,8
18.76,17.43,2026-08-10,GKS_BESS_RN,9
17.31,18.705,2026-08-10,GKS_BESS_RN,10
17.09,20.2525,2026-08-10,GKS_BESS_RN,11
18.12,22.1475,2026-08-10,GKS_BESS_RN,12
19.41,23.6925,2026-08-10,GKS_BESS_RN,13
21.94,25.045,2026-08-10,GKS_BESS_RN,14
23.94,31.5975,2026-08-10,GKS_BESS_RN,15
23.95,28.425,2026-08-10,GKS_BESS_RN,16
22.63,23.5325,2026-08-10,GKS_BESS_RN,17
21.34,24.1025,2026-08-10,GKS_BESS_RN,18
24.11,21.8325,2026-08-10,GKS_BESS_RN,19
24.79,20.1425,2026-08-10,GKS_BESS_RN,20
25.47,17.9875,2026-08-10,GKS_BESS_RN,21
28.3,20.04,2026-08-10,GKS_BESS_RN,22
27.83,21.5125,2026-08-10,GKS_BESS_RN,23
23.95,21.245,2026-08-10,GKS_BESS_RN,24
22.96,21.175,2026-08-11,GKS_BESS_RN,1
21.94,19.665,2026-08-11,GKS_BESS_RN,2
21.44,17.885,2026-08-11,GKS_BESS_RN,3
21.6,17.7925,2026-08-11,GKS_BESS_RN,4
21.63,17.535,2026-08-11,GKS_BESS_RN,5
22.54,19.11,2026-08-11,GKS_BESS_RN,6
22.65,20.86,2026-08-11,GKS_BESS_RN,7
21.92,20.025,2026-08-11,GKS_BESS_RN,8
16.33,15.3575,2026-08-11,GKS_BESS_RN,9
12.52,13.315,2026-08-11,GKS_BESS_RN,10
10.4,11.16,2026-08-11,GKS_BESS_RN,11
11.02,7.725,2026-08-11,GKS_BESS_RN,12
12.64,5.76,2026-08-11,GKS_BESS_RN,13
14.51,6.5875,2026-08-11,GKS_BESS_RN,14
14.12,10.0775,2026-08-11,GKS_BESS_RN,15
14.51,12.9825,2026-08-11,GKS_BESS_RN,16
15.25,15.7625,2026-08-11,GKS_BESS_RN,17
15.43,15.5775,2026-08-11,GKS_BESS_RN,18
18.71,19.105,2026-08-11,GKS_BESS_RN,19
24.89,24.1925,2026-08-11,GKS_BESS_RN,20
27.46,27.3475,2026-08-11,GKS_BESS_RN,21
28.26,35.5925,2026-08-11,GKS_BESS_RN,22
29.46,30.4025,2026-08-11,GKS_BESS_RN,23
23.84,27.06,2026-08-11,GKS_BESS_RN,24
22.95,21.335,2026-08-12,GKS_BESS_RN,1
22.47,21.375,2026-08-12,GKS_BESS_RN,2
21.46,20.8625,2026-08-12,GKS_BESS_RN,3
20.8,21.075,2026-08-12,GKS_BESS_RN,4
20.31,21.7575,2026-08-12,GKS_BESS_RN,5
22.04,23.125,2026-08-12,GKS_BESS_RN,6
21.61,23.9125,2026-08-12,GKS_BESS_RN,7
19.58,20.045,2026-08-12,GKS_BESS_RN,8
16.09,14.015,2026-08-12,GKS_BESS_RN,9
12.62,12.26,2026-08-12,GKS_BESS_RN,10
9.07,12.9475,2026-08-12,GKS_BESS_RN,11
10.82,14.6375,2026-08-12,GKS_BESS_RN,12
12.73,15.245,2026-08-12,GKS_BESS_RN,13
16.76,23.2725,2026-08-12,GKS_BESS_RN,14
18.55,23.795,2026-08-12,GKS_BESS_RN,15
20.45,22.7075,2026-08-12,GKS_BESS_RN,16
15.49,17.575,2026-08-12,GKS_BESS_RN,17
16.37,24.9875,2026-08-12,GKS_BESS_RN,18
17.14,28.82,2026-08-12,GKS_BESS_RN,19
22.07,31.685,2026-08-12,GKS_BESS_RN,20
23.2,29.4975,2026-08-12,GKS_BESS_RN,21
24.12,27.0975,2026-08-12,GKS_BESS_RN,22
24.76,24.1275,2026-08-12,GKS_BESS_RN,23
20.73,18.115,2026-08-12,GKS_BESS_RN,24
18.69,14.9775,2026-08-13,GKS_BESS_RN,1
18.32,14.7775,2026-08-13,GKS_BESS_RN,2
18.72,15.195,2026-08-13,GKS_BESS_RN,3
17.9,19.1975,2026-08-13,GKS_BESS_RN,4
18.88,20.465,2026-08-13,GKS_BESS_RN,5
19.44,21.4975,2026-08-13,GKS_BESS_RN,6
19.99,23.255,2026-08-13,GKS_BESS_RN,7
19.21,21.645,2026-08-13,GKS_BESS_RN,8
10.96,14.415,2026-08-13,GKS_BESS_RN,9
5.41,7.355,2026-08-13,GKS_BESS_RN,10
4.61,8.105,2026-08-13,GKS_BESS_RN,11
5.46,9.7225,2026-08-13,GKS_BESS_RN,12
9.31,13.9475,2026-08-13,GKS_BESS_RN,13
11.17,19.955,2026-08-13,GKS_BESS_RN,14
15.14,26.2325,2026-08-13,GKS_BESS_RN,15
16.6,23.1275,2026-08-13,GKS_BESS_RN,16
16.43,16.43,2026-08-13,GKS_BESS_RN,17
16.49,14.645,2026-08-13,GKS_BESS_RN,18
17.09,16.7325,2026-08-13,GKS_BESS_RN,19
20.37,21.37,2026-08-13,GKS_BESS_RN,20
21.0,22.64,2026-08-13,GKS_BESS_RN,21
24.93,21.0525,2026-08-13,GKS_BESS_RN,22
26.68,20.645,2026-08-13,GKS_BESS_RN,23
24.6,19.455,2026-08-13,GKS_BESS_RN,24
19.51,21.3225,2026-08-14,GKS_BESS_RN,1
21.12,24.4575,2026-08-14,GKS_BESS_RN,2
21.28,23.28,2026-08-14,GKS_BESS_RN,3
21.87,22.3675,2026-08-14,GKS_BESS_RN,4
21.69,21.355,2026-08-14,GKS_BESS_RN,5
22.82,21.935,2026-08-14,GKS_BESS_RN,6
23.52,23.365,2026-08-14,GKS_BESS_RN,7
22.23,19.965,2026-08-14,GKS_BESS_RN,8
17.56,14.885,2026-08-14,GKS_BESS_RN,9
10.73,13.3475,2026-08-14,GKS_BESS_RN,10
11.58,11.3225,2026-08-14,GKS_BESS_RN,11
11.06,11.57,2026-08-14,GKS_BESS_RN,12
12.68,15.57,2026-08-14,GKS_BESS_RN,13
15.76,18.0775,2026-08-14,GKS_BESS_RN,14
18.15,25.1125,2026-08-14,GKS_BESS_RN,15
20.56,25.9075,2026-08-14,GKS_BESS_RN,16
19.68,19.2725,2026-08-14,GKS_BESS_RN,17
19.04,21.0225,2026-08-14,GKS_BESS_RN,18
21.68,27.205,2026-08-14,GKS_BESS_RN,19
24.24,29.5075,2026-08-14,GKS_BESS_RN,20
26.15,26.885,2026-08-14,GKS_BESS_RN,21
23.38,26.745,2026-08-14,GKS_BESS_RN,22
23.3,26.545,2026-08-14,GKS_BESS_RN,23
24.57,25.7825,2026-08-14,GKS_BESS_RN,24
20.77,23.6825,2026-08-15,GKS_BESS_RN,1
22.17,23.3775,2026-08-15,GKS_BESS_RN,2
22.64,23.4925,2026-08-15,GKS_BESS_RN,3
22.38,23.1375,2026-08-15,GKS_BESS_RN,4
22.22,23.7325,2026-08-15,GKS_BESS_RN,5
23.04,25.4775,2026-08-15,GKS_BESS_RN,6
23.76,25.3775,2026-08-15,GKS_BESS_RN,7
22.86,23.29,2026-08-15,GKS_BESS_RN,8
17.86,15.79,2026-08-15,GKS_BESS_RN,9
14.92,14.295,2026-08-15,GKS_BESS_RN,10
14.3,14.59,2026-08-15,GKS_BESS_RN,11
13.67,15.2925,2026-08-15,GKS_BESS_RN,12
14.98,15.0575,2026-08-15,GKS_BESS_RN,13
18.01,14.81,2026-08-15,GKS_BESS_RN,14
20.24,20.825,2026-08-15,GKS_BESS_RN,15
22.56,16.51,2026-08-15,GKS_BESS_RN,16
20.43,13.5075,2026-08-15,GKS_BESS_RN,17
19.87,8.765,2026-08-15,GKS_BESS_RN,18
21.28,15.1125,2026-08-15,GKS_BESS_RN,19
27.08,25.79,2026-08-15,GKS_BESS_RN,20
30.0,27.4375,2026-08-15,GKS_BESS_RN,21
30.87,30.1,2026-08-15,GKS_BESS_RN,22
32.71,32.8625,2026-08-15,GKS_BESS_RN,23
29.34,36.2675,2026-08-15,GKS_BESS_RN,24
24.79,35.9875,2026-08-16,GKS_BESS_RN,1
23.9,32.4275,2026-08-16,GKS_BESS_RN,2
23.21,33.12,2026-08-16,GKS_BESS_RN,3
22.94,25.95,2026-08-16,GKS_BESS_RN,4
22.34,23.5075,2026-08-16,GKS_BESS_RN,5
23.19,26.6725,2026-08-16,GKS_BESS_RN,6
22.54,27.4375,2026-08-16,GKS_BESS_RN,7
20.78,22.1,2026-08-16,GKS_BESS_RN,8
16.27,17.4475,2026-08-16,GKS_BESS_RN,9
15.57,16.295,2026-08-16,GKS_BESS_RN,10
16.35,16.9625,2026-08-16,GKS_BESS_RN,11
19.33,17.965,2026-08-16,GKS_BESS_RN,12
21.8,18.2175,2026-08-16,GKS_BESS_RN,13
24.06,20.0825,2026-08-16,GKS_BESS_RN,14
24.51,28.0675,2026-08-16,GKS_BESS_RN,15
25.34,23.6175,2026-08-16,GKS_BESS_RN,16
21.89,21.9575,2026-08-16,GKS_BESS_RN,17
20.95,18.23,2026-08-16,GKS_BESS_RN,18
21.03,21.7175,2026-08-16,GKS_BESS_RN,19
19.76,30.955,2026-08-16,GKS_BESS_RN,20
25.42,39.5475,2026-08-16,GKS_BESS_RN,21
32.66,45.525,2026-08-16,GKS_BESS_RN,22
42.81,31.1825,2026-08-16,GKS_BESS_RN,23
30.34,27.1575,2026-08-16,GKS_BESS_RN,24
29.54,23.975,2026-08-17,GKS_BESS_RN,1
27.46,24.0575,2026-08-17,GKS_BESS_RN,2
26.55,23.0,2026-08-17,GKS_BESS_RN,3
25.13,22.025,2026-08-17,GKS_BESS_RN,4
26.97,21.8675,2026-08-17,GKS_BESS_RN,5
30.02,25.0975,2026-08-17,GKS_BESS_RN,6
33.09,28.875,2026-08-17,GKS_BESS_RN,7
32.17,29.225,2026-08-17,GKS_BESS_RN,8
22.04,20.47,2026-08-17,GKS_BESS_RN,9
21.59,20.3775,2026-08-17,GKS_BESS_RN,10
22.4,20.875,2026-08-17,GKS_BESS_RN,11
25.44,24.56,2026-08-17,GKS_BESS_RN,12
27.55,24.68,2026-08-17,GKS_BESS_RN,13
28.9,35.71,2026-08-17,GKS_BESS_RN,14
32.97,32.6,2026-08-17,GKS_BESS_RN,15
29.77,27.065,2026-08-17,GKS_BESS_RN,16
30.36,20.1275,2026-08-17,GKS_BESS_RN,17
28.77,16.6475,2026-08-17,GKS_BESS_RN,18
35.88,19.89,2026-08-17,GKS_BESS_RN,19
56.32,33.955,2026-08-17,GKS_BESS_RN,20
59.62,49.695,2026-08-17,GKS_BESS_RN,21
89.16,68.195,2026-08-17,GKS_BESS_RN,22
71.06,39.405,2026-08-17,GKS_BESS_RN,23
37.96,29.57,2026-08-17,GKS_BESS_RN,24
29.24,28.7,2026-08-18,GKS_BESS_RN,1
26.28,24.325,2026-08-18,GKS_BESS_RN,2
24.82,23.305,2026-08-18,GKS_BESS_RN,3
24.26,22.4975,2026-08-18,GKS_BESS_RN,4
24.61,21.7375,2026-08-18,GKS_BESS_RN,5
25.77,22.3075,2026-08-18,GKS_BESS_RN,6
27.34,25.485,2026-08-18,GKS_BESS_RN,7
26.55,23.505,2026-08-18,GKS_BESS_RN,8
20.22,16.1775,2026-08-18,GKS_BESS_RN,9
17.61,16.6775,2026-08-18,GKS_BESS_RN,10
18.74,16.7375,2026-08-18,GKS_BESS_RN,11
20.53,19.7575,2026-08-18,GKS_BESS_RN,12
22.74,28.8925,2026-08-18,GKS_BESS_RN,13
25.28,32.015,2026-08-18,GKS_BESS_RN,14
26.64,29.1575,2026-08-18,GKS_BESS_RN,15
26.89,30.865,2026-08-18,GKS_BESS_RN,16
27.35,26.0475,2026-08-18,GKS_BESS_RN,17
28.99,28.13,2026-08-18,GKS_BESS_RN,18
33.14,36.045,2026-08-18,GKS_BESS_RN,19
28.11,35.02,2026-08-18,GKS_BESS_RN,20
36.06,34.7075,2026-08-18,GKS_BESS_RN,21
35.75,32.62,2026-08-18,GKS_BESS_RN,22
35.85,28.7275,2026-08-18,GKS_BESS_RN,23
28.38,24.8025,2026-08-18,GKS_BESS_RN,24
25.03,23.245,2026-08-19,GKS_BESS_RN,1
22.7,21.27,2026-08-19,GKS_BESS_RN,2
21.99,19.75,2026-08-19,GKS_BESS_RN,3
22.48,18.415,2026-08-19,GKS_BESS_RN,4
22.32,18.1225,2026-08-19,GKS_BESS_RN,5
23.54,18.7575,2026-08-19,GKS_BESS_RN,6
23.52,19.48,2026-08-19,GKS_BESS_RN,7
21.4,18.35,2026-08-19,GKS_BESS_RN,8
17.89,16.3525,2026-08-19,GKS_BESS_RN,9
16.26,14.0175,2026-08-19,GKS_BESS_RN,10
15.34,12.1,2026-08-19,GKS_BESS_RN,11
15.83,13.7,2026-08-19,GKS_BESS_RN,12
16.94,16.0325,2026-08-19,GKS_BESS_RN,13
21.39,20.0375,2026-08-19,GKS_BESS_RN,14
23.12,28.09,2026-08-19,GKS_BESS_RN,15
24.79,27.1,2026-08-19,GKS_BESS_RN,16
26.26,30.6725,2026-08-19,GKS_BESS_RN,17
27.0,24.3125,2026-08-19,GKS_BESS_RN,18
29.8,19.51,2026-08-19,GKS_BESS_RN,19
37.99,28.24,2026-08-19,GKS_BESS_RN,20
38.0,31.5275,2026-08-19,GKS_BESS_RN,21
36.71,32.8725,2026-08-19,GKS_BESS_RN,22
35.85,28.935,2026-08-19,GKS_BESS_RN,23
30.25,25.5775,2026-08-19,GKS_BESS_RN,24
23.61,23.7825,2026-08-20,GKS_BESS_RN,1
22.15,22.1475,2026-08-20,GKS_BESS_RN,2
22.01,21.46,2026-08-20,GKS_BESS_RN,3
22.29,21.0325,2026-08-20,GKS_BESS_RN,4
23.4,19.5625,2026-08-20,GKS_BESS_RN,5
25.08,21.29,2026-08-20,GKS_BESS_RN,6
27.42,23.265,2026-08-20,GKS_BESS_RN,7
25.27,22.3375,2026-08-20,GKS_BESS_RN,8
20.46,16.2675,2026-08-20,GKS_BESS_RN,9
16.32,15.03,2026-08-20,GKS_BESS_RN,10
14.87,14.3675,2026-08-20,GKS_BESS_RN,11
15.83,15.53,2026-08-20,GKS_BESS_RN,12
17.09,15.265,2026-08-20,GKS_BESS_RN,13
21.08,19.17,2026-08-20,GKS_BESS_RN,14
24.19,23.6375,2026-08-20,GKS_BESS_RN,15
24.06,27.285,2026-08-20,GKS_BESS_RN,16
22.11,24.685,2026-08-20,GKS_BESS_RN,17
21.25,26.995,2026-08-20,GKS_BESS_RN,18
33.15,25.6825,2026-08-20,GKS_BESS_RN,19
45.37,34.06,2026-08-20,GKS_BESS_RN,20
44.45,25.735,2026-08-20,GKS_BESS_RN,21
50.45,29.87,2026-08-20,GKS_BESS_RN,22
36.26,27.895,2026-08-20,GKS_BESS_RN,23
29.54,25.7525,2026-08-20,GKS_BESS_RN,24
27.0,26.11,2026-08-21,GKS_BESS_RN,1
24.81,27.4725,2026-08-21,GKS_BESS_RN,2
24.62,27.055,2026-08-21,GKS_BESS_RN,3
24.38,26.665,2026-08-21,GKS_BESS_RN,4
24.26,28.8325,2026-08-21,GKS_BESS_RN,5
27.01,29.6575,2026-08-21,GKS_BESS_RN,6
28.34,29.905,2026-08-21,GKS_BESS_RN,7
27.55,29.09,2026-08-21,GKS_BESS_RN,8
20.62,21.1375,2026-08-21,GKS_BESS_RN,9
18.95,21.2475,2026-08-21,GKS_BESS_RN,10
18.73,23.06,2026-08-21,GKS_BESS_RN,11
20.92,23.1325,2026-08-21,GKS_BESS_RN,12
23.63,27.29,2026-08-21,GKS_BESS_RN,13
27.24,36.0475,2026-08-21,GKS_BESS_RN,14
29.04,25.6625,2026-08-21,GKS_BESS_RN,15
28.66,23.8625,2026-08-21,GKS_BESS_RN,16
30.89,23.6675,2026-08-21,GKS_BESS_RN,17
30.65,22.9175,2026-08-21,GKS_BESS_RN,18
44.11,28.755,2026-08-21,GKS_BESS_RN,19
41.06,41.265,2026-08-21,GKS_BESS_RN,20
36.72,36.7875,2026-08-21,GKS_BESS_RN,21
38.51,34.02,2026-08-21,GKS_BESS_RN,22
38.88,33.2325,2026-08-21,GKS_BESS_RN,23
31.03,30.145,2026-08-21,GKS_BESS_RN,24
27.29,28.965,2026-08-22,GKS_BESS_RN,1
25.5,25.425,2026-08-22,GKS_BESS_RN,2
23.78,26.1675,2026-08-22,GKS_BESS_RN,3
22.87,27.6875,2026-08-22,GKS_BESS_RN,4
22.79,24.8375,2026-08-22,GKS_BESS_RN,5
23.62,22.8325,2026-08-22,GKS_BESS_RN,6
24.34,21.615,2026-08-22,GKS_BESS_RN,7
23.23,21.0425,2026-08-22,GKS_BESS_RN,8
18.75,19.8225,2026-08-22,GKS_BESS_RN,9
19.13,18.91,2026-08-22,GKS_BESS_RN,10
20.47,17.4425,2026-08-22,GKS_BESS_RN,11
23.93,20.8625,2026-08-22,GKS_BESS_RN,12
32.15,34.2775,2026-08-22,GKS_BESS_RN,13
39.23,43.99,2026-08-22,GKS_BESS_RN,14
42.65,45.7175,2026-08-22,GKS_BESS_RN,15
48.56,35.3225,2026-08-22,GKS_BESS_RN,16
52.21,33.1075,2026-08-22,GKS_BESS_RN,17
52.43,39.9025,2026-08-22,GKS_BESS_RN,18
41.07,46.2575,2026-08-22,GKS_BESS_RN,19
43.29,57.665,2026-08-22,GKS_BESS_RN,20
45.44,49.3275,2026-08-22,GKS_BESS_RN,21
50.16,49.49,2026-08-22,GKS_BESS_RN,22
39.19,121.53,2026-08-22,GKS_BESS_RN,23
31.61,242.1725,2026-08-22,GKS_BESS_RN,24
31.91,78.3475,2026-08-23,GKS_BESS_RN,1
27.94,62.6475,2026-08-23,GKS_BESS_RN,2
25.17,39.815,2026-08-23,GKS_BESS_RN,3
24.15,40.44,2026-08-23,GKS_BESS_RN,4
23.97,31.28,2026-08-23,GKS_BESS_RN,5
24.21,33.475,2026-08-23,GKS_BESS_RN,6
24.23,35.955,2026-08-23,GKS_BESS_RN,7
22.75,28.2975,2026-08-23,GKS_BESS_RN,8
18.75,24.9875,2026-08-23,GKS_BESS_RN,9
17.55,23.9925,2026-08-23,GKS_BESS_RN,10
18.5,22.4775,2026-08-23,GKS_BESS_RN,11
22.74,23.3,2026-08-23,GKS_BESS_RN,12
30.11,30.185,2026-08-23,GKS_BESS_RN,13
40.83,41.19,2026-08-23,GKS_BESS_RN,14
42.18,42.745,2026-08-23,GKS_BESS_RN,15
39.2,40.6,2026-08-23,GKS_BESS_RN,16
38.0,35.4175,2026-08-23,GKS_BESS_RN,17
33.51,55.4525,2026-08-23,GKS_BESS_RN,18
38.91,56.5325,2026-08-23,GKS_BESS_RN,19
49.99,157.4725,2026-08-23,GKS_BESS_RN,20
49.75,247.2575,2026-08-23,GKS_BESS_RN,21
49.28,312.4025,2026-08-23,GKS_BESS_RN,22
36.05,44.4875,2026-08-23,GKS_BESS_RN,23
29.12,31.625,2026-08-23,GKS_BESS_RN,24
29.66,27.75,2026-08-24,GKS_BESS_RN,1
24.85,22.1975,2026-08-24,GKS_BESS_RN,2
23.77,21.1375,2026-08-24,GKS_BESS_RN,3
23.26,20.4575,2026-08-24,GKS_BESS_RN,4
23.16,20.5025,2026-08-24,GKS_BESS_RN,5
23.87,21.82,2026-08-24,GKS_BESS_RN,6
24.02,22.355,2026-08-24,GKS_BESS_RN,7
23.63,21.0725,2026-08-24,GKS_BESS_RN,8
18.81,17.56,2026-08-24,GKS_BESS_RN,9
18.21,16.7,2026-08-24,GKS_BESS_RN,10
19.01,18.8325,2026-08-24,GKS_BESS_RN,11
22.24,23.6775,2026-08-24,GKS_BESS_RN,12
28.69,36.8675,2026-08-24,GKS_BESS_RN,13
38.51,41.115,2026-08-24,GKS_BESS_RN,14
36.82,37.9375,2026-08-24,GKS_BESS_RN,15
37.59,40.23,2026-08-24,GKS_BESS_RN,16
38.91,35.7875,2026-08-24,GKS_BESS_RN,17
34.82,42.4925,2026-08-24,GKS_BESS_RN,18
42.53,45.745,2026-08-24,GKS_BESS_RN,19
46.03,47.6375,2026-08-24,GKS_BESS_RN,20
47.55,33.8475,2026-08-24,GKS_BESS_RN,21
49.58,27.1875,2026-08-24,GKS_BESS_RN,22
40.1,26.3725,2026-08-24,GKS_BESS_RN,23
31.12,24.8175,2026-08-24,GKS_BESS_RN,24
24.51,23.1225,2026-08-25,GKS_BESS_RN,1
23.33,22.0575,2026-08-25,GKS_BESS_RN,2
22.25,21.5125,2026-08-25,GKS_BESS_RN,3
21.66,20.915,2026-08-25,GKS_BESS_RN,4
22.12,19.9325,2026-08-25,GKS_BESS_RN,5
22.95,22.59,2026-08-25,GKS_BESS_RN,6
23.49,28.67,2026-08-25,GKS_BESS_RN,7
23.67,29.905,2026-08-25,GKS_BESS_RN,8
20.29,25.9125,2026-08-25,GKS_BESS_RN,9
19.02,27.5775,2026-08-25,GKS_BESS_RN,10
19.73,28.785,2026-08-25,GKS_BESS_RN,11
23.19,22.155,2026-08-25,GKS_BESS_RN,12
29.3,24.425,2026-08-25,GKS_BESS_RN,13
34.84,29.2825,2026-08-25,GKS_BESS_RN,14
38.05,28.44,2026-08-25,GKS_BESS_RN,15
36.29,27.2925,2026-08-25,GKS_BESS_RN,16
39.04,35.23,2026-08-25,GKS_BESS_RN,17
34.65,37.43,2026-08-25,GKS_BESS_RN,18
39.93,32.635,2026-08-25,GKS_BESS_RN,19
52.54,32.2325,2026-08-25,GKS_BESS_RN,20
56.36,27.3325,2026-08-25,GKS_BESS_RN,21
52.52,31.6325,2026-08-25,GKS_BESS_RN,22
40.5,32.215,2026-08-25,GKS_BESS_RN,23
35.02,29.97,2026-08-25,GKS_BESS_RN,24
29.4,27.5075,2026-08-26,GKS_BESS_RN,1
27.69,27.46,2026-08-26,GKS_BESS_RN,2
27.61,35.04,2026-08-26,GKS_BESS_RN,3
29.63,45.7,2026-08-26,GKS_BESS_RN,4
31.39,52.095,2026-08-26,GKS_BESS_RN,5
34.82,58.3225,2026-08-26,GKS_BESS_RN,6
38.03,54.5325,2026-08-26,GKS_BESS_RN,7
35.99,47.6175,2026-08-26,GKS_BESS_RN,8
27.33,36.8725,2026-08-26,GKS_BESS_RN,9
25.49,36.075,2026-08-26,GKS_BESS_RN,10
27.14,40.7775,2026-08-26,GKS_BESS_RN,11
31.45,51.15,2026-08-26,GKS_BESS_RN,12
38.12,72.7925,2026-08-26,GKS_BESS_RN,13
44.05,84.5375,2026-08-26,GKS_BESS_RN,14
47.68,64.9175,2026-08-26,GKS_BESS_RN,15
54.11,66.445,2026-08-26,GKS_BESS_RN,16
55.06,94.5,2026-08-26,GKS_BESS_RN,17
55.01,117.0725,2026-08-26,GKS_BESS_RN,18
64.31,177.0475,2026-08-26,GKS_BESS_RN,19
79.49,95.2375,2026-08-26,GKS_BESS_RN,20
80.2,127.1825,2026-08-26,GKS_BESS_RN,21
121.95,281.35,2026-08-26,GKS_BESS_RN,22
94.68,520.9825,2026-08-26,GKS_BESS_RN,23
62.16,83.9925,2026-08-26,GKS_BESS_RN,24
69.06,70.1675,2026-08-27,GKS_BESS_RN,1
54.67,48.65,2026-08-27,GKS_BESS_RN,2
49.28,41.435,2026-08-27,GKS_BESS_RN,3
43.62,39.8625,2026-08-27,GKS_BESS_RN,4
40.3,41.0775,2026-08-27,GKS_BESS_RN,5
43.09,32.5875,2026-08-27,GKS_BESS_RN,6
44.59,41.975,2026-08-27,GKS_BESS_RN,7
39.39,43.0425,2026-08-27,GKS_BESS_RN,8
27.75,42.2,2026-08-27,GKS_BESS_RN,9
28.13,39.445,2026-08-27,GKS_BESS_RN,10
30.91,32.8075,2026-08-27,GKS_BESS_RN,11
33.63,46.005,2026-08-27,GKS_BESS_RN,12
40.81,73.745,2026-08-27,GKS_BESS_RN,13
45.8,90.765,2026-08-27,GKS_BESS_RN,14
48.05,87.5975,2026-08-27,GKS_BESS_RN,15
49.11,71.0775,2026-08-27,GKS_BESS_RN,16
56.77,34.475,2026-08-27,GKS_BESS_RN,17
60.39,31.37,2026-08-27,GKS_BESS_RN,18
65.44,52.2825,2026-08-27,GKS_BESS_RN,19
67.05,84.18,2026-08-27,GKS_BESS_RN,20
80.02,80.48,2026-08-27,GKS_BESS_RN,21
89.74,67.585,2026-08-27,GKS_BESS_RN,22
79.59,76.5525,2026-08-27,GKS_BESS_RN,23
54.95,69.025,2026-08-27,GKS_BESS_RN,24
49.05,48.345,2026-08-28,GKS_BESS_RN,1
43.96,43.5225,2026-08-28,GKS_BESS_RN,2
41.59,40.2825,2026-08-28,GKS_BESS_RN,3
38.4,34.5275,2026-08-28,GKS_BESS_RN,4
39.91,38.02,2026-08-28,GKS_BESS_RN,5
39.77,61.0375,2026-08-28,GKS_BESS_RN,6
44.15,63.9325,2026-08-28,GKS_BESS_RN,7
38.96,50.97,2026-08-28,GKS_BESS_RN,8
26.81,27.4925,2026-08-28,GKS_BESS_RN,9
25.7,25.6375,2026-08-28,GKS_BESS_RN,10
26.5,32.5025,2026-08-28,GKS_BESS_RN,11
30.96,37.7625,2026-08-28,GKS_BESS_RN,12
38.71,41.6825,2026-08-28,GKS_BESS_RN,13
45.25,53.1225,2026-08-28,GKS_BESS_RN,14
50.03,49.2025,2026-08-28,GKS_BESS_RN,15
51.23,54.8075,2026-08-28,GKS_BESS_RN,16
58.94,51.1975,2026-08-28,GKS_BESS_RN,17
57.4,38.695,2026-08-28,GKS_BESS_RN,18
72.1,27.7,2026-08-28,GKS_BESS_RN,19
63.81,29.4575,2026-08-28,GKS_BESS_RN,20
65.43,30.5525,2026-08-28,GKS_BESS_RN,21
60.19,28.5775,2026-08-28,GKS_BESS_RN,22
45.9,23.535,2026-08-28,GKS_BESS_RN,23
36.89,23.465,2026-08-28,GKS_BESS_RN,24
35.63,24.7275,2026-08-29,GKS_BESS_RN,1
32.43,24.455,2026-08-29,GKS_BESS_RN,2
30.25,23.9475,2026-08-29,GKS_BESS_RN,3
28.79,25.86,2026-08-29,GKS_BESS_RN,4
26.8,23.42,2026-08-29,GKS_BESS_RN,5
27.84,24.6025,2026-08-29,GKS_BESS_RN,6
27.66,23.6975,2026-08-29,GKS_BESS_RN,7
26.97,23.5775,2026-08-29,GKS_BESS_RN,8
19.18,17.04,2026-08-29,GKS_BESS_RN,9
20.37,15.42,2026-08-29,GKS_BESS_RN,10
22.85,16.475,2026-08-29,GKS_BESS_RN,11
26.82,16.825,2026-08-29,GKS_BESS_RN,12
35.14,20.7375,2026-08-29,GKS_BESS_RN,13
38.48,23.4125,2026-08-29,GKS_BESS_RN,14
42.98,25.3525,2026-08-29,GKS_BESS_RN,15
47.77,33.015,2026-08-29,GKS_BESS_RN,16
40.15,27.0025,2026-08-29,GKS_BESS_RN,17
38.3,28.1575,2026-08-29,GKS_BESS_RN,18
45.56,31.195,2026-08-29,GKS_BESS_RN,19
49.7,40.8975,2026-08-29,GKS_BESS_RN,20
51.66,40.79,2026-08-29,GKS_BESS_RN,21
49.68,43.265,2026-08-29,GKS_BESS_RN,22
37.62,33.7025,2026-08-29,GKS_BESS_RN,23
31.36,25.625,2026-08-29,GKS_BESS_RN,24
23.69,23.7475,2026-08-30,GKS_BESS_RN,1
22.29,22.16,2026-08-30,GKS_BESS_RN,2
21.48,21.445,2026-08-30,GKS_BESS_RN,3
20.34,20.64,2026-08-30,GKS_BESS_RN,4
20.04,20.185,2026-08-30,GKS_BESS_RN,5
19.89,20.64,2026-08-30,GKS_BESS_RN,6
19.91,21.765,2026-08-30,GKS_BESS_RN,7
18.97,21.385,2026-08-30,GKS_BESS_RN,8
15.6,16.8125,2026-08-30,GKS_BESS_RN,9
15.43,16.2625,2026-08-30,GKS_BESS_RN,10
16.82,16.175,2026-08-30,GKS_BESS_RN,11
19.76,17.1825,2026-08-30,GKS_BESS_RN,12
22.0,19.545,2026-08-30,GKS_BESS_RN,13
27.64,20.385,2026-08-30,GKS_BESS_RN,14
29.84,27.3,2026-08-30,GKS_BESS_RN,15
32.96,29.7575,2026-08-30,GKS_BESS_RN,16
34.99,36.065,2026-08-30,GKS_BESS_RN,17
34.89,32.5725,2026-08-30,GKS_BESS_RN,18
37.79,22.625,2026-08-30,GKS_BESS_RN,19
40.33,37.3625,2026-08-30,GKS_BESS_RN,20
37.73,38.355,2026-08-30,GKS_BESS_RN,21
38.78,44.0425,2026-08-30,GKS_BESS_RN,22
34.69,35.3325,2026-08-30,GKS_BESS_RN,23
25.98,25.5975,2026-08-30,GKS_BESS_RN,24
24.61,23.6225,2026-08-31,GKS_BESS_RN,1
22.36,22.46,2026-08-31,GKS_BESS_RN,2
21.69,21.785,2026-08-31,GKS_BESS_RN,3
21.18,21.63,2026-08-31,GKS_BESS_RN,4
21.31,22.3825,2026-08-31,GKS_BESS_RN,5
22.96,25.205,2026-08-31,GKS_BESS_RN,6
24.55,36.0975,2026-08-31,GKS_BESS_RN,7
24.38,36.11,2026-08-31,GKS_BESS_RN,8
18.98,22.315,2026-08-31,GKS_BESS_RN,9
18.35,21.885,2026-08-31,GKS_BESS_RN,10
18.46,26.41,2026-08-31,GKS_BESS_RN,11
22.29,30.3525,2026-08-31,GKS_BESS_RN,12
26.98,35.4225,2026-08-31,GKS_BESS_RN,13
28.26,39.9125,2026-08-31,GKS_BESS_RN,14
30.0,43.61,2026-08-31,GKS_BESS_RN,15
31.01,46.32,2026-08-31,GKS_BESS_RN,16
32.8,58.6,2026-08-31,GKS_BESS_RN,17
30.73,63.1925,2026-08-31,GKS_BESS_RN,18
34.18,43.84,2026-08-31,GKS_BESS_RN,19
36.0,44.2675,2026-08-31,GKS_BESS_RN,20
37.84,46.7325,2026-08-31,GKS_BESS_RN,21
35.83,58.975,2026-08-31,GKS_BESS_RN,22
38.63,41.055,2026-08-31,GKS_BESS_RN,23
30.49,35.805,2026-08-31,GKS_BESS_RN,24
27.15,50.34,2026-06-01,HB_BUSAVG,1
24.77,33.1,2026-06-01,HB_BUSAVG,2
23.59,29.4575,2026-06-01,HB_BUSAVG,3
23.21,26.225,2026-06-01,HB_BUSAVG,4
22.98,26.45,2026-06-01,HB_BUSAVG,5
24.59,25.22,2026-06-01,HB_BUSAVG,6
30.25,23.915,2026-06-01,HB_BUSAVG,7
25.71,18.9175,2026-06-01,HB_BUSAVG,8
17.84,16.02,2026-06-01,HB_BUSAVG,9
16.98,17.185,2026-06-01,HB_BUSAVG,10
20.08,20.55,2026-06-01,HB_BUSAVG,11
25.34,27.965,2026-06-01,HB_BUSAVG,12
28.96,28.96,2026-06-01,HB_BUSAVG,13
35.22,36.7275,2026-06-01,HB_BUSAVG,14
35.49,41.255,2026-06-01,HB_BUSAVG,15
35.72,37.1025,2026-06-01,HB_BUSAVG,16
35.92,29.3975,2026-06-01,HB_BUSAVG,17
31.51,26.955,2026-06-01,HB_BUSAVG,18
38.8,31.68,2026-06-01,HB_BUSAVG,19
58.14,49.7225,2026-06-01,HB_BUSAVG,20
71.99,53.3025,2026-06-01,HB_BUSAVG,21
67.15,42.46,2026-06-01,HB_BUSAVG,22
42.9,40.005,2026-06-01,HB_BUSAVG,23
32.61,36.2375,2026-06-01,HB_BUSAVG,24
26.07,34.895,2026-06-02,HB_BUSAVG,1
25.38,30.515,2026-06-02,HB_BUSAVG,2
23.92,30.005,2026-06-02,HB_BUSAVG,3
25.03,34.2725,2026-06-02,HB_BUSAVG,4
30.21,31.6325,2026-06-02,HB_BUSAVG,5
35.02,37.2425,2026-06-02,HB_BUSAVG,6
36.7,30.56,2026-06-02,HB_BUSAVG,7
29.16,24.965,2026-06-02,HB_BUSAVG,8
20.18,21.0925,2026-06-02,HB_BUSAVG,9
19.66,21.4825,2026-06-02,HB_BUSAVG,10
21.04,23.7575,2026-06-02,HB_BUSAVG,11
24.01,30.36,2026-06-02,HB_BUSAVG,12
26.44,36.0725,2026-06-02,HB_BUSAVG,13
27.6,43.8175,2026-06-02,HB_BUSAVG,14
28.89,35.2375,2026-06-02,HB_BUSAVG,15
30.22,40.9625,2026-06-02,HB_BUSAVG,16
30.55,49.48,2026-06-02,HB_BUSAVG,17
31.47,29.24,2026-06-02,HB_BUSAVG,18
37.51,33.69,2026-06-02,HB_BUSAVG,19
46.41,33.1725,2026-06-02,HB_BUSAVG,20
46.57,34.02,2026-06-02,HB_BUSAVG,21
46.08,31.44,2026-06-02,HB_BUSAVG,22
39.13,27.13,2026-06-02,HB_BUSAVG,23
32.09,26.5575,2026-06-02,HB_BUSAVG,24
31.47,28.5975,2026-06-03,HB_BUSAVG,1
28.13,27.35,2026-06-03,HB_BUSAVG,2
30.85,28.285,2026-06-03,HB_BUSAVG,3
32.3,28.74,2026-06-03,HB_BUSAVG,4
35.69,26.9075,2026-06-03,HB_BUSAVG,5
37.39,26.74,2026-06-03,HB_BUSAVG,6
37.46,30.41,2026-06-03,HB_BUSAVG,7
33.24,28.66,2026-06-03,HB_BUSAVG,8
26.16,25.3025,2026-06-03,HB_BUSAVG,9
24.98,24.2325,2026-06-03,HB_BUSAVG,10
24.49,28.3225,2026-06-03,HB_BUSAVG,11
24.81,35.605,2026-06-03,HB_BUSAVG,12
25.03,45.55,2026-06-03,HB_BUSAVG,13
29.48,44.8725,2026-06-03,HB_BUSAVG,14
29.03,43.1125,2026-06-03,HB_BUSAVG,15
30.12,39.135,2026-06-03,HB_BUSAVG,16
32.26,35.6075,2026-06-03,HB_BUSAVG,17
32.85,36.3075,2026-06-03,HB_BUSAVG,18
40.41,35.695,2026-06-03,HB_BUSAVG,19
53.59,44.2,2026-06-03,HB_BUSAVG,20
56.65,40.9275,2026-06-03,HB_BUSAVG,21
55.4,42.55,2026-06-03,HB_BUSAVG,22
46.79,39.1725,2026-06-03,HB_BUSAVG,23
37.96,32.6925,2026-06-03,HB_BUSAVG,24
26.75,28.005,2026-06-04,HB_BUSAVG,1
24.08,26.645,2026-06-04,HB_BUSAVG,2
24.04,26.935,2026-06-04,HB_BUSAVG,3
25.11,27.7175,2026-06-04,HB_BUSAVG,4
27.14,31.64,2026-06-04,HB_BUSAVG,5
27.9,33.9975,2026-06-04,HB_BUSAVG,6
29.94,35.6175,2026-06-04,HB_BUSAVG,7
28.54,30.505,2026-06-04,HB_BUSAVG,8
22.01,25.5475,2026-06-04,HB_BUSAVG,9
22.5,25.515,2026-06-04,HB_BUSAVG,10
21.94,27.715,2026-06-04,HB_BUSAVG,11
22.73,23.7975,2026-06-04,HB_BUSAVG,12
24.07,22.715,2026-06-04,HB_BUSAVG,13
25.95,25.8725,2026-06-04,HB_BUSAVG,14
28.46,33.0125,2026-06-04,HB_BUSAVG,15
30.86,40.405,2026-06-04,HB_BUSAVG,16
31.08,37.6725,2026-06-04,HB_BUSAVG,17
31.44,36.1275,2026-06-04,HB_BUSAVG,18
35.98,44.3575,2026-06-04,HB_BUSAVG,19
41.65,62.62,2026-06-04,HB_BUSAVG,20
43.24,82.675,2026-06-04,HB_BUSAVG,21
40.17,80.4925,2026-06-04,HB_BUSAVG,22
31.74,54.115,2026-06-04,HB_BUSAVG,23
24.94,33.5775,2026-06-04,HB_BUSAVG,24
21.63,30.37,2026-06-05,HB_BUSAVG,1
22.37,28.42,2026-06-05,HB_BUSAVG,2
22.24,30.215,2026-06-05,HB_BUSAVG,3
23.09,29.87,2026-06-05,HB_BUSAVG,4
24.33,28.595,2026-06-05,HB_BUSAVG,5
28.97,34.5475,2026-06-05,HB_BUSAVG,6
31.16,37.7025,2026-06-05,HB_BUSAVG,7
33.34,36.165,2026-06-05,HB_BUSAVG,8
29.49,33.685,2026-06-05,HB_BUSAVG,9
28.12,35.11,2026-06-05,HB_BUSAVG,10
27.03,30.5425,2026-06-05,HB_BUSAVG,11
27.3,31.43,2026-06-05,HB_BUSAVG,12
27.89,31.8175,2026-06-05,HB_BUSAVG,13
29.04,27.165,2026-06-05,HB_BUSAVG,14
31.06,30.13,2026-06-05,HB_BUSAVG,15
31.56,55.9225,2026-06-05,HB_BUSAVG,16
35.36,71.8975,2026-06-05,HB_BUSAVG,17
35.94,62.8,2026-06-05,HB_BUSAVG,18
35.92,51.5525,2026-06-05,HB_BUSAVG,19
40.69,65.045,2026-06-05,HB_BUSAVG,20
40.68,57.3625,2026-06-05,HB_BUSAVG,21
41.32,46.23,2026-06-05,HB_BUSAVG,22
34.64,47.535,2026-06-05,HB_BUSAVG,23
32.43,61.9225,2026-06-05,HB_BUSAVG,24
33.47,80.4625,2026-06-06,HB_BUSAVG,1
33.05,72.42,2026-06-06,HB_BUSAVG,2
31.98,74.3225,2026-06-06,HB_BUSAVG,3
33.55,52.5075,2026-06-06,HB_BUSAVG,4
32.38,61.5075,2026-06-06,HB_BUSAVG,5
34.02,60.06,2026-06-06,HB_BUSAVG,6
35.46,80.2075,2026-06-06,HB_BUSAVG,7
32.04,59.68,2026-06-06,HB_BUSAVG,8
27.93,52.655,2026-06-06,HB_BUSAVG,9
25.34,42.5275,2026-06-06,HB_BUSAVG,10
24.27,34.0025,2026-06-06,HB_BUSAVG,11
24.71,29.3975,2026-06-06,HB_BUSAVG,12
25.96,28.4475,2026-06-06,HB_BUSAVG,13
26.09,29.4825,2026-06-06,HB_BUSAVG,14
27.98,30.275,2026-06-06,HB_BUSAVG,15
29.6,25.0975,2026-06-06,HB_BUSAVG,16
29.28,36.565,2026-06-06,HB_BUSAVG,17
30.9,42.495,2026-06-06,HB_BUSAVG,18
38.94,59.6325,2026-06-06,HB_BUSAVG,19
49.53,93.5675,2026-06-06,HB_BUSAVG,20
51.79,106.8525,2026-06-06,HB_BUSAVG,21
53.09,177.8975,2026-06-06,HB_BUSAVG,22
44.45,132.645,2026-06-06,HB_BUSAVG,23
34.17,41.795,2026-06-06,HB_BUSAVG,24
33.54,38.43,2026-06-07,HB_BUSAVG,1
28.98,31.3275,2026-06-07,HB_BUSAVG,2
28.62,27.3275,2026-06-07,HB_BUSAVG,3
28.95,24.56,2026-06-07,HB_BUSAVG,4
28.87,26.285,2026-06-07,HB_BUSAVG,5
26.25,25.0825,2026-06-07,HB_BUSAVG,6
25.6,24.085,2026-06-07,HB_BUSAVG,7
24.83,21.13,2026-06-07,HB_BUSAVG,8
18.55,16.36,2026-06-07,HB_BUSAVG,9
17.23,16.4525,2026-06-07,HB_BUSAVG,10
16.74,18.2525,2026-06-07,HB_BUSAVG,11
17.73,16.8975,2026-06-07,HB_BUSAVG,12
20.76,15.4075,2026-06-07,HB_BUSAVG,13
22.4,19.1825,2026-06-07,HB_BUSAVG,14
20.66,19.2875,2026-06-07,HB_BUSAVG,15
23.51,21.86,2026-06-07,HB_BUSAVG,16
23.66,25.0425,2026-06-07,HB_BUSAVG,17
25.15,35.5725,2026-06-07,HB_BUSAVG,18
28.15,47.9825,2026-06-07,HB_BUSAVG,19
33.41,63.0325,2026-06-07,HB_BUSAVG,20
36.39,57.6225,2026-06-07,HB_BUSAVG,21
32.91,38.455,2026-06-07,HB_BUSAVG,22
32.35,39.72,2026-06-07,HB_BUSAVG,23
24.96,26.14,2026-06-07,HB_BUSAVG,24
23.5,26.755,2026-06-08,HB_BUSAVG,1
22.09,25.2975,2026-06-08,HB_BUSAVG,2
20.42,22.97,2026-06-08,HB_BUSAVG,3
19.68,23.125,2026-06-08,HB_BUSAVG,4
20.83,24.385,2026-06-08,HB_BUSAVG,5
22.76,25.27,2026-06-08,HB_BUSAVG,6
23.6,25.465,2026-06-08,HB_BUSAVG,7
21.15,23.9225,2026-06-08,HB_BUSAVG,8
17.72,28.135,2026-06-08,HB_BUSAVG,9
17.31,25.8475,2026-06-08,HB_BUSAVG,10
17.41,25.4925,2026-06-08,HB_BUSAVG,11
19.04,27.1025,2026-06-08,HB_BUSAVG,12
19.21,26.315,2026-06-08,HB_BUSAVG,13
20.92,29.7225,2026-06-08,HB_BUSAVG,14
23.24,31.345,2026-06-08,HB_BUSAVG,15
23.98,34.78,2026-06-08,HB_BUSAVG,16
24.48,31.72,2026-06-08,HB_BUSAVG,17
22.68,26.365,2026-06-08,HB_BUSAVG,18
29.57,27.51,2026-06-08,HB_BUSAVG,19
39.09,43.2525,2026-06-08,HB_BUSAVG,20
38.32,37.085,2026-06-08,HB_BUSAVG,21
34.04,33.605,2026-06-08,HB_BUSAVG,22
32.11,33.4025,2026-06-08,HB_BUSAVG,23
25.62,26.3725,2026-06-08,HB_BUSAVG,24
24.35,24.795,2026-06-09,HB_BUSAVG,1
22.4,24.015,2026-06-09,HB_BUSAVG,2
22.39,24.6425,2026-06-09,HB_BUSAVG,3
22.31,25.8775,2026-06-09,HB_BUSAVG,4
22.37,26.0475,2026-06-09,HB_BUSAVG,5
24.2,26.0425,2026-06-09,HB_BUSAVG,6
25.18,25.2425,2026-06-09,HB_BUSAVG,7
21.96,22.0975,2026-06-09,HB_BUSAVG,8
17.05,17.2525,2026-06-09,HB_BUSAVG,9
15.59,17.4475,2026-06-09,HB_BUSAVG,10
16.06,17.13,2026-06-09,HB_BUSAVG,11
19.32,18.66,2026-06-09,HB_BUSAVG,12
21.71,18.735,2026-06-09,HB_BUSAVG,13
22.97,23.145,2026-06-09,HB_BUSAVG,14
23.38,25.25,2026-06-09,HB_BUSAVG,15
24.56,25.215,2026-06-09,HB_BUSAVG,16
25.09,21.07,2026-06-09,HB_BUSAVG,17
24.24,19.6275,2026-06-09,HB_BUSAVG,18
30.29,24.735,2026-06-09,HB_BUSAVG,19
41.46,39.215,2026-06-09,HB_BUSAVG,20
44.53,37.855,2026-06-09,HB_BUSAVG,21
39.93,34.115,2026-06-09,HB_BUSAVG,22
34.21,33.69,2026-06-09,HB_BUSAVG,23
25.62,33.0975,2026-06-09,HB_BUSAVG,24
25.62,27.7,2026-06-10,HB_BUSAVG,1
24.74,26.7175,2026-06-10,HB_BUSAVG,2
24.12,23.9075,2026-06-10,HB_BUSAVG,3
22.07,20.1125,2026-06-10,HB_BUSAVG,4
23.2,21.175,2026-06-10,HB_BUSAVG,5
24.2,21.7825,2026-06-10,HB_BUSAVG,6
22.96,22.9625,2026-06-10,HB_BUSAVG,7
19.35,17.9875,2026-06-10,HB_BUSAVG,8
16.37,18.225,2026-06-10,HB_BUSAVG,9
16.25,18.6975,2026-06-10,HB_BUSAVG,10
16.65,18.24,2026-06-10,HB_BUSAVG,11
19.42,17.0375,2026-06-10,HB_BUSAVG,12
22.69,15.2525,2026-06-10,HB_BUSAVG,13
24.78,18.525,2026-06-10,HB_BUSAVG,14
25.92,18.9575,2026-06-10,HB_BUSAVG,15
26.86,17.0925,2026-06-10,HB_BUSAVG,16
27.15,17.61,2026-06-10,HB_BUSAVG,17
24.96,16.69,2026-06-10,HB_BUSAVG,18
29.74,19.7875,2026-06-10,HB_BUSAVG,19
39.58,32.255,2026-06-10,HB_BUSAVG,20
41.48,34.98,2026-06-10,HB_BUSAVG,21
36.98,32.3325,2026-06-10,HB_BUSAVG,22
35.17,28.7425,2026-06-10,HB_BUSAVG,23
27.57,25.3675,2026-06-10,HB_BUSAVG,24
26.79,20.94,2026-06-11,HB_BUSAVG,1
24.68,20.3175,2026-06-11,HB_BUSAVG,2
23.63,19.3075,2026-06-11,HB_BUSAVG,3
21.75,17.365,2026-06-11,HB_BUSAVG,4
22.06,17.1175,2026-06-11,HB_BUSAVG,5
23.3,18.2275,2026-06-11,HB_BUSAVG,6
22.38,20.4725,2026-06-11,HB_BUSAVG,7
19.86,17.6325,2026-06-11,HB_BUSAVG,8
16.02,18.3675,2026-06-11,HB_BUSAVG,9
16.62,16.735,2026-06-11,HB_BUSAVG,10
17.32,18.36,2026-06-11,HB_BUSAVG,11
20.24,18.995,2026-06-11,HB_BUSAVG,12
23.08,20.58,2026-06-11,HB_BUSAVG,13
25.98,19.6375,2026-06-11,HB_BUSAVG,14
28.25,19.015,2026-06-11,HB_BUSAVG,15
30.35,18.455,2026-06-11,HB_BUSAVG,16
29.98,19.55,2026-06-11,HB_BUSAVG,17
29.06,22.16,2026-06-11,HB_BUSAVG,18
36.68,30.875,2026-06-11,HB_BUSAVG,19
50.61,49.215,2026-06-11,HB_BUSAVG,20
56.2,56.0025,2026-06-11,HB_BUSAVG,21
55.39,59.375,2026-06-11,HB_BUSAVG,22
56.42,40.6025,2026-06-11,HB_BUSAVG,23
43.91,35.7275,2026-06-11,HB_BUSAVG,24
35.18,30.57,2026-06-12,HB_BUSAVG,1
30.05,30.7775,2026-06-12,HB_BUSAVG,2
31.05,30.4175,2026-06-12,HB_BUSAVG,3
30.61,29.63,2026-06-12,HB_BUSAVG,4
32.88,34.1925,2026-06-12,HB_BUSAVG,5
35.23,40.47,2026-06-12,HB_BUSAVG,6
35.36,42.3275,2026-06-12,HB_BUSAVG,7
30.02,36.82,2026-06-12,HB_BUSAVG,8
25.06,29.0075,2026-06-12,HB_BUSAVG,9
24.43,31.23,2026-06-12,HB_BUSAVG,10
26.18,35.4775,2026-06-12,HB_BUSAVG,11
28.19,40.8075,2026-06-12,HB_BUSAVG,12
30.68,45.2875,2026-06-12,HB_BUSAVG,13
32.11,39.7075,2026-06-12,HB_BUSAVG,14
31.38,28.18,2026-06-12,HB_BUSAVG,15
29.92,23.18,2026-06-12,HB_BUSAVG,16
31.94,20.705,2026-06-12,HB_BUSAVG,17
28.33,23.8475,2026-06-12,HB_BUSAVG,18
35.24,24.63,2026-06-12,HB_BUSAVG,19
50.17,33.645,2026-06-12,HB_BUSAVG,20
50.74,34.9875,2026-06-12,HB_BUSAVG,21
47.41,32.33,2026-06-12,HB_BUSAVG,22
40.81,27.2925,2026-06-12,HB_BUSAVG,23
29.57,25.245,2026-06-12,HB_BUSAVG,24
25.33,23.975,2026-06-13,HB_BUSAVG,1
24.65,22.765,2026-06-13,HB_BUSAVG,2
23.43,23.18,2026-06-13,HB_BUSAVG,3
23.88,24.0875,2026-06-13,HB_BUSAVG,4
23.35,27.27,2026-06-13,HB_BUSAVG,5
24.84,28.3225,2026-06-13,HB_BUSAVG,6
22.75,27.1475,2026-06-13,HB_BUSAVG,7
19.93,21.6325,2026-06-13,HB_BUSAVG,8
14.64,17.9975,2026-06-13,HB_BUSAVG,9
14.37,14.44,2026-06-13,HB_BUSAVG,10
15.6,12.99,2026-06-13,HB_BUSAVG,11
16.44,14.06,2026-06-13,HB_BUSAVG,12
20.44,17.625,2026-06-13,HB_BUSAVG,13
21.8,19.7975,2026-06-13,HB_BUSAVG,14
22.13,19.43,2026-06-13,HB_BUSAVG,15
22.48,19.435,2026-06-13,HB_BUSAVG,16
22.24,19.5325,2026-06-13,HB_BUSAVG,17
20.49,18.13,2026-06-13,HB_BUSAVG,18
22.44,20.065,2026-06-13,HB_BUSAVG,19
33.56,31.3,2026-06-13,HB_BUSAVG,20
37.73,35.4425,2026-06-13,HB_BUSAVG,21
36.22,30.3275,2026-06-13,HB_BUSAVG,22
35.11,28.26,2026-06-13,HB_BUSAVG,23
29.24,29.245,2026-06-13,HB_BUSAVG,24
25.86,25.5075,2026-06-14,HB_BUSAVG,1
25.21,24.7,2026-06-14,HB_BUSAVG,2
25.06,25.025,2026-06-14,HB_BUSAVG,3
25.23,26.1225,2026-06-14,HB_BUSAVG,4
26.34,28.3025,2026-06-14,HB_BUSAVG,5
28.51,29.725,2026-06-14,HB_BUSAVG,6
28.09,26.525,2026-06-14,HB_BUSAVG,7
24.79,23.19,2026-06-14,HB_BUSAVG,8
21.65,23.7475,2026-06-14,HB_BUSAVG,9
21.17,25.2375,2026-06-14,HB_BUSAVG,10
21.88,24.8425,2026-06-14,HB_BUSAVG,11
22.4,21.2575,2026-06-14,HB_BUSAVG,12
22.27,17.5275,2026-06-14,HB_BUSAVG,13
23.53,17.7225,2026-06-14,HB_BUSAVG,14
24.25,20.6725,2026-06-14,HB_BUSAVG,15
25.58,27.655,2026-06-14,HB_BUSAVG,16
25.63,31.2575,2026-06-14,HB_BUSAVG,17
27.03,28.9,2026-06-14,HB_BUSAVG,18
31.31,40.0225,2026-06-14,HB_BUSAVG,19
38.57,54.3575,2026-06-14,HB_BUSAVG,20
41.02,65.4675,2026-06-14,HB_BUSAVG,21
42.09,53.5,2026-06-14,HB_BUSAVG,22
45.42,50.3975,2026-06-14,HB_BUSAVG,23
37.74,46.96,2026-06-14,HB_BUSAVG,24
36.53,43.94,2026-06-15,HB_BUSAVG,1
33.44,37.98,2026-06-15,HB_BUSAVG,2
33.04,40.76,2026-06-15,HB_BUSAVG,3
33.57,46.9,2026-06-15,HB_BUSAVG,4
32.83,42.5525,2026-06-15,HB_BUSAVG,5
38.8,43.3975,2026-06-15,HB_BUSAVG,6
37.47,54.4875,2026-06-15,HB_BUSAVG,7
37.41,47.22,2026-06-15,HB_BUSAVG,8
32.15,51.01,2026-06-15,HB_BUSAVG,9
33.36,48.74,2026-06-15,HB_BUSAVG,10
30.95,44.6075,2026-06-15,HB_BUSAVG,11
28.58,42.98,2026-06-15,HB_BUSAVG,12
27.85,40.98,2026-06-15,HB_BUSAVG,13
28.84,37.68,2026-06-15,HB_BUSAVG,14
30.2,29.37,2026-06-15,HB_BUSAVG,15
31.16,26.8975,2026-06-15,HB_BUSAVG,16
32.6,37.46,2026-06-15,HB_BUSAVG,17
33.47,57.155,2026-06-15,HB_BUSAVG,18
36.43,60.27,2026-06-15,HB_BUSAVG,19
50.96,71.7175,2026-06-15,HB_BUSAVG,20
57.08,64.5925,2026-06-15,HB_BUSAVG,21
58.55,52.155,2026-06-15,HB_BUSAVG,22
56.97,53.23,2026-06-15,HB_BUSAVG,23
38.74,42.34,2026-06-15,HB_BUSAVG,24
41.4,40.5775,2026-06-16,HB_BUSAVG,1
37.17,35.2525,2026-06-16,HB_BUSAVG,2
35.84,32.27,2026-06-16,HB_BUSAVG,3
36.0,38.6325,2026-06-16,HB_BUSAVG,4
38.17,44.98,2026-06-16,HB_BUSAVG,5
43.7,45.385,2026-06-16,HB_BUSAVG,6
42.7,43.64,2026-06-16,HB_BUSAVG,7
36.23,39.47,2026-06-16,HB_BUSAVG,8
25.85,27.9475,2026-06-16,HB_BUSAVG,9
25.42,25.7,2026-06-16,HB_BUSAVG,10
25.86,25.5325,2026-06-16,HB_BUSAVG,11
25.33,25.6375,2026-06-16,HB_BUSAVG,12
26.62,27.035,2026-06-16,HB_BUSAVG,13
27.09,23.61,2026-06-16,HB_BUSAVG,14
29.43,22.9125,2026-06-16,HB_BUSAVG,15
31.74,24.15,2026-06-16,HB_BUSAVG,16
35.9,24.9075,2026-06-16,HB_BUSAVG,17
36.14,25.635,2026-06-16,HB_BUSAVG,18
42.66,29.23,2026-06-16,HB_BUSAVG,19
51.38,35.205,2026-06-16,HB_BUSAVG,20
50.88,36.19,2026-06-16,HB_BUSAVG,21
43.19,31.6925,2026-06-16,HB_BUSAVG,22
34.39,27.1475,2026-06-16,HB_BUSAVG,23
24.84,24.27,2026-06-16,HB_BUSAVG,24
24.17,24.2825,2026-06-17,HB_BUSAVG,1
23.12,21.875,2026-06-17,HB_BUSAVG,2
21.82,21.2625,2026-06-17,HB_BUSAVG,3
20.72,20.8025,2026-06-17,HB_BUSAVG,4
21.4,21.2125,2026-06-17,HB_BUSAVG,5
23.6,23.79,2026-06-17,HB_BUSAVG,6
24.37,23.9875,2026-06-17,HB_BUSAVG,7
21.84,19.76,2026-06-17,HB_BUSAVG,8
17.07,17.2075,2026-06-17,HB_BUSAVG,9
19.05,17.2825,2026-06-17,HB_BUSAVG,10
18.62,16.4175,2026-06-17,HB_BUSAVG,11
20.05,14.7025,2026-06-17,HB_BUSAVG,12
21.2,11.4375,2026-06-17,HB_BUSAVG,13
22.28,15.4725,2026-06-17,HB_BUSAVG,14
24.8,20.85,2026-06-17,HB_BUSAVG,15
25.79,19.175,2026-06-17,HB_BUSAVG,16
27.35,18.575,2026-06-17,HB_BUSAVG,17
27.0,17.715,2026-06-17,HB_BUSAVG,18
29.72,21.1975,2026-06-17,HB_BUSAVG,19
39.62,31.175,2026-06-17,HB_BUSAVG,20
45.01,35.5575,2026-06-17,HB_BUSAVG,21
38.44,34.8325,2026-06-17,HB_BUSAVG,22
31.79,27.575,2026-06-17,HB_BUSAVG,23
25.83,23.8475,2026-06-17,HB_BUSAVG,24
23.84,22.7225,2026-06-18,HB_BUSAVG,1
22.14,21.855,2026-06-18,HB_BUSAVG,2
21.75,21.365,2026-06-18,HB_BUSAVG,3
21.08,22.1475,2026-06-18,HB_BUSAVG,4
21.51,22.9,2026-06-18,HB_BUSAVG,5
22.74,23.1325,2026-06-18,HB_BUSAVG,6
25.14,22.3825,2026-06-18,HB_BUSAVG,7
23.38,16.8125,2026-06-18,HB_BUSAVG,8
17.72,14.4425,2026-06-18,HB_BUSAVG,9
18.51,11.605,2026-06-18,HB_BUSAVG,10
21.34,10.6975,2026-06-18,HB_BUSAVG,11
23.75,18.405,2026-06-18,HB_BUSAVG,12
27.4,25.98,2026-06-18,HB_BUSAVG,13
29.39,29.79,2026-06-18,HB_BUSAVG,14
27.68,29.5325,2026-06-18,HB_BUSAVG,15
28.8,32.05,2026-06-18,HB_BUSAVG,16
31.23,35.9825,2026-06-18,HB_BUSAVG,17
32.58,35.0325,2026-06-18,HB_BUSAVG,18
40.61,37.8125,2026-06-18,HB_BUSAVG,19
56.51,52.125,2026-06-18,HB_BUSAVG,20
61.2,48.61,2026-06-18,HB_BUSAVG,21
58.49,49.0825,2026-06-18,HB_BUSAVG,22
49.97,56.815,2026-06-18,HB_BUSAVG,23
39.01,76.5175,2026-06-18,HB_BUSAVG,24
44.66,72.6625,2026-06-19,HB_BUSAVG,1
39.37,50.3175,2026-06-19,HB_BUSAVG,2
37.46,50.54,2026-06-19,HB_BUSAVG,3
35.43,45.125,2026-06-19,HB_BUSAVG,4
36.54,34.145,2026-06-19,HB_BUSAVG,5
40.31,34.5125,2026-06-19,HB_BUSAVG,6
36.65,30.155,2026-06-19,HB_BUSAVG,7
32.91,26.1225,2026-06-19,HB_BUSAVG,8
29.9,27.8425,2026-06-19,HB_BUSAVG,9
29.31,25.35,2026-06-19,HB_BUSAVG,10
28.94,26.6325,2026-06-19,HB_BUSAVG,11
31.37,26.8925,2026-06-19,HB_BUSAVG,12
34.11,25.9975,2026-06-19,HB_BUSAVG,13
34.18,25.3025,2026-06-19,HB_BUSAVG,14
35.23,22.815,2026-06-19,HB_BUSAVG,15
36.51,28.565,2026-06-19,HB_BUSAVG,16
39.29,31.0675,2026-06-19,HB_BUSAVG,17
39.79,33.0675,2026-06-19,HB_BUSAVG,18
40.61,31.9025,2026-06-19,HB_BUSAVG,19
54.96,50.18,2026-06-19,HB_BUSAVG,20
64.96,51.91,2026-06-19,HB_BUSAVG,21
67.52,39.8225,2026-06-19,HB_BUSAVG,22
70.29,32.7175,2026-06-19,HB_BUSAVG,23
52.36,30.3975,2026-06-19,HB_BUSAVG,24
42.75,34.2475,2026-06-20,HB_BUSAVG,1
39.54,32.4575,2026-06-20,HB_BUSAVG,2
36.33,27.04,2026-06-20,HB_BUSAVG,3
36.18,24.7225,2026-06-20,HB_BUSAVG,4
34.89,24.1175,2026-06-20,HB_BUSAVG,5
36.72,24.05,2026-06-20,HB_BUSAVG,6
34.1,23.69,2026-06-20,HB_BUSAVG,7
29.12,24.1925,2026-06-20,HB_BUSAVG,8
23.67,25.485,2026-06-20,HB_BUSAVG,9
23.51,21.5525,2026-06-20,HB_BUSAVG,10
22.61,24.95,2026-06-20,HB_BUSAVG,11
22.32,26.39,2026-06-20,HB_BUSAVG,12
23.67,25.19,2026-06-20,HB_BUSAVG,13
23.74,25.5625,2026-06-20,HB_BUSAVG,14
24.84,27.66,2026-06-20,HB_BUSAVG,15
24.02,25.02,2026-06-20,HB_BUSAVG,16
24.13,27.16,2026-06-20,HB_BUSAVG,17
23.1,25.46,2026-06-20,HB_BUSAVG,18
24.36,26.1525,2026-06-20,HB_BUSAVG,19
31.34,29.44,2026-06-20,HB_BUSAVG,20
35.49,29.9375,2026-06-20,HB_BUSAVG,21
34.39,26.71,2026-06-20,HB_BUSAVG,22
27.7,24.9125,2026-06-20,HB_BUSAVG,23
23.53,24.18,2026-06-20,HB_BUSAVG,24
23.94,23.0825,2026-06-21,HB_BUSAVG,1
22.58,21.9175,2026-06-21,HB_BUSAVG,2
21.58,20.895,2026-06-21,HB_BUSAVG,3
20.66,20.0175,2026-06-21,HB_BUSAVG,4
19.71,20.1525,2026-06-21,HB_BUSAVG,5
20.61,20.2375,2026-06-21,HB_BUSAVG,6
19.13,22.0325,2026-06-21,HB_BUSAVG,7
15.96,18.4775,2026-06-21,HB_BUSAVG,8
9.84,16.03,2026-06-21,HB_BUSAVG,9
10.81,17.7625,2026-06-21,HB_BUSAVG,10
11.49,19.0625,2026-06-21,HB_BUSAVG,11
15.3,15.63,2026-06-21,HB_BUSAVG,12
18.98,13.325,2026-06-21,HB_BUSAVG,13
20.45,15.19,2026-06-21,HB_BUSAVG,14
20.03,18.025,2026-06-21,HB_BUSAVG,15
20.09,20.1925,2026-06-21,HB_BUSAVG,16
20.67,24.2825,2026-06-21,HB_BUSAVG,17
20.39,24.4925,2026-06-21,HB_BUSAVG,18
22.09,24.8825,2026-06-21,HB_BUSAVG,19
32.8,34.45,2026-06-21,HB_BUSAVG,20
37.39,37.1475,2026-06-21,HB_BUSAVG,21
39.98,31.875,2026-06-21,HB_BUSAVG,22
33.71,29.965,2026-06-21,HB_BUSAVG,23
26.78,24.845,2026-06-21,HB_BUSAVG,24
25.35,23.875,2026-06-22,HB_BUSAVG,1
23.29,22.4125,2026-06-22,HB_BUSAVG,2
22.33,21.43,2026-06-22,HB_BUSAVG,3
22.87,21.61,2026-06-22,HB_BUSAVG,4
23.99,23.7,2026-06-22,HB_BUSAVG,5
26.19,23.8275,2026-06-22,HB_BUSAVG,6
26.1,28.575,2026-06-22,HB_BUSAVG,7
23.61,28.83,2026-06-22,HB_BUSAVG,8
18.6,23.57,2026-06-22,HB_BUSAVG,9
18.8,21.4375,2026-06-22,HB_BUSAVG,10
19.55,21.6475,2026-06-22,HB_BUSAVG,11
21.35,23.425,2026-06-22,HB_BUSAVG,12
23.73,24.365,2026-06-22,HB_BUSAVG,13
24.22,29.285,2026-06-22,HB_BUSAVG,14
23.69,42.005,2026-06-22,HB_BUSAVG,15
24.98,35.7875,2026-06-22,HB_BUSAVG,16
24.32,35.01,2026-06-22,HB_BUSAVG,17
24.21,34.705,2026-06-22,HB_BUSAVG,18
27.47,40.83,2026-06-22,HB_BUSAVG,19
48.15,66.0,2026-06-22,HB_BUSAVG,20
57.39,70.0475,2026-06-22,HB_BUSAVG,21
50.73,57.23,2026-06-22,HB_BUSAVG,22
53.48,40.3875,2026-06-22,HB_BUSAVG,23
41.84,35.8825,2026-06-22,HB_BUSAVG,24
40.43,36.8825,2026-06-23,HB_BUSAVG,1
34.02,29.21,2026-06-23,HB_BUSAVG,2
31.13,28.215,2026-06-23,HB_BUSAVG,3
29.89,27.6475,2026-06-23,HB_BUSAVG,4
30.45,27.7575,2026-06-23,HB_BUSAVG,5
32.41,29.8075,2026-06-23,HB_BUSAVG,6
33.92,33.0175,2026-06-23,HB_BUSAVG,7
28.87,27.5,2026-06-23,HB_BUSAVG,8
22.4,22.39,2026-06-23,HB_BUSAVG,9
21.42,23.7175,2026-06-23,HB_BUSAVG,10
21.48,24.0025,2026-06-23,HB_BUSAVG,11
22.12,23.2675,2026-06-23,HB_BUSAVG,12
23.13,21.55,2026-06-23,HB_BUSAVG,13
24.85,19.8975,2026-06-23,HB_BUSAVG,14
24.79,20.0875,2026-06-23,HB_BUSAVG,15
23.32,24.5075,2026-06-23,HB_BUSAVG,16
23.2,35.3225,2026-06-23,HB_BUSAVG,17
22.38,43.52,2026-06-23,HB_BUSAVG,18
25.2,51.655,2026-06-23,HB_BUSAVG,19
40.6,37.5225,2026-06-23,HB_BUSAVG,20
42.24,36.2725,2026-06-23,HB_BUSAVG,21
40.01,38.4275,2026-06-23,HB_BUSAVG,22
32.24,40.9775,2026-06-23,HB_BUSAVG,23
27.8,35.2475,2026-06-23,HB_BUSAVG,24
25.87,27.425,2026-06-24,HB_BUSAVG,1
24.43,27.26,2026-06-24,HB_BUSAVG,2
24.06,25.4825,2026-06-24,HB_BUSAVG,3
23.63,25.97,2026-06-24,HB_BUSAVG,4
24.4,30.0225,2026-06-24,HB_BUSAVG,5
25.12,34.065,2026-06-24,HB_BUSAVG,6
27.74,30.9325,2026-06-24,HB_BUSAVG,7
24.06,26.1675,2026-06-24,HB_BUSAVG,8
19.1,23.2775,2026-06-24,HB_BUSAVG,9
18.11,24.1975,2026-06-24,HB_BUSAVG,10
19.21,24.6525,2026-06-24,HB_BUSAVG,11
21.6,24.025,2026-06-24,HB_BUSAVG,12
22.87,22.805,2026-06-24,HB_BUSAVG,13
26.17,24.955,2026-06-24,HB_BUSAVG,14
27.33,24.16,2026-06-24,HB_BUSAVG,15
25.8,22.465,2026-06-24,HB_BUSAVG,16
25.77,22.3675,2026-06-24,HB_BUSAVG,17
25.15,21.6875,2026-06-24,HB_BUSAVG,18
27.98,28.5475,2026-06-24,HB_BUSAVG,19
43.83,47.5025,2026-06-24,HB_BUSAVG,20
48.45,44.82,2026-06-24,HB_BUSAVG,21
43.5,39.245,2026-06-24,HB_BUSAVG,22
37.84,38.295,2026-06-24,HB_BUSAVG,23
28.03,35.0625,2026-06-24,HB_BUSAVG,24
27.85,28.96,2026-06-25,HB_BUSAVG,1
27.12,25.515,2026-06-25,HB_BUSAVG,2
25.35,24.475,2026-06-25,HB_BUSAVG,3
25.13,25.7675,2026-06-25,HB_BUSAVG,4
25.12,25.8425,2026-06-25,HB_BUSAVG,5
27.15,25.1925,2026-06-25,HB_BUSAVG,6
25.73,25.3675,2026-06-25,HB_BUSAVG,7
23.1,20.33,2026-06-25,HB_BUSAVG,8
18.96,16.1875,2026-06-25,HB_BUSAVG,9
18.6,12.7775,2026-06-25,HB_BUSAVG,10
19.4,7.1175,2026-06-25,HB_BUSAVG,11
21.63,9.86,2026-06-25,HB_BUSAVG,12
20.28,13.17,2026-06-25,HB_BUSAVG,13
21.94,13.51,2026-06-25,HB_BUSAVG,14
23.44,15.2525,2026-06-25,HB_BUSAVG,15
25.55,16.13,2026-06-25,HB_BUSAVG,16
26.55,18.2475,2026-06-25,HB_BUSAVG,17
25.18,19.76,2026-06-25,HB_BUSAVG,18
26.86,21.3825,2026-06-25,HB_BUSAVG,19
38.42,29.5575,2026-06-25,HB_BUSAVG,20
43.98,31.0825,2026-06-25,HB_BUSAVG,21
39.32,29.2125,2026-06-25,HB_BUSAVG,22
36.99,26.865,2026-06-25,HB_BUSAVG,23
34.87,24.6825,2026-06-25,HB_BUSAVG,24
26.28,25.84,2026-06-26,HB_BUSAVG,1
25.17,28.455,2026-06-26,HB_BUSAVG,2
25.53,33.34,2026-06-26,HB_BUSAVG,3
24.79,30.39,2026-06-26,HB_BUSAVG,4
25.25,23.8125,2026-06-26,HB_BUSAVG,5
25.65,24.09,2026-06-26,HB_BUSAVG,6
25.18,24.34,2026-06-26,HB_BUSAVG,7
23.03,21.16,2026-06-26,HB_BUSAVG,8
19.63,16.3925,2026-06-26,HB_BUSAVG,9
18.67,12.5325,2026-06-26,HB_BUSAVG,10
19.05,12.9125,2026-06-26,HB_BUSAVG,11
20.53,14.075,2026-06-26,HB_BUSAVG,12
22.1,17.0325,2026-06-26,HB_BUSAVG,13
23.86,16.2975,2026-06-26,HB_BUSAVG,14
25.89,20.4225,2026-06-26,HB_BUSAVG,15
25.54,20.42,2026-06-26,HB_BUSAVG,16
27.85,21.8375,2026-06-26,HB_BUSAVG,17
25.46,21.26,2026-06-26,HB_BUSAVG,18
29.23,20.65,2026-06-26,HB_BUSAVG,19
39.2,30.81,2026-06-26,HB_BUSAVG,20
40.01,32.2025,2026-06-26,HB_BUSAVG,21
40.93,28.1825,2026-06-26,HB_BUSAVG,22
34.97,25.22,2026-06-26,HB_BUSAVG,23
29.58,23.45,2026-06-26,HB_BUSAVG,24
24.44,24.0825,2026-06-27,HB_BUSAVG,1
23.48,23.935,2026-06-27,HB_BUSAVG,2
23.64,24.615,2026-06-27,HB_BUSAVG,3
22.41,32.99,2026-06-27,HB_BUSAVG,4
23.81,68.3825,2026-06-27,HB_BUSAVG,5
24.15,30.2675,2026-06-27,HB_BUSAVG,6
21.95,24.8025,2026-06-27,HB_BUSAVG,7
19.69,18.9075,2026-06-27,HB_BUSAVG,8
15.26,14.32,2026-06-27,HB_BUSAVG,9
13.42,13.755,2026-06-27,HB_BUSAVG,10
13.57,15.54,2026-06-27,HB_BUSAVG,11
15.63,15.8775,2026-06-27,HB_BUSAVG,12
18.99,15.63,2026-06-27,HB_BUSAVG,13
19.1,18.245,2026-06-27,HB_BUSAVG,14
20.49,21.0175,2026-06-27,HB_BUSAVG,15
19.64,19.5575,2026-06-27,HB_BUSAVG,16
19.57,19.125,2026-06-27,HB_BUSAVG,17
20.2,18.6775,2026-06-27,HB_BUSAVG,18
22.0,19.96,2026-06-27,HB_BUSAVG,19
34.34,28.0975,2026-06-27,HB_BUSAVG,20
35.19,29.605,2026-06-27,HB_BUSAVG,21
32.95,28.695,2026-06-27,HB_BUSAVG,22
32.15,26.9375,2026-06-27,HB_BUSAVG,23
27.16,25.325,2026-06-27,HB_BUSAVG,24
23.45,23.695,2026-06-28,HB_BUSAVG,1
22.77,24.0425,2026-06-28,HB_BUSAVG,2
22.32,22.5775,2026-06-28,HB_BUSAVG,3
22.2,22.685,2026-06-28,HB_BUSAVG,4
21.47,22.635,2026-06-28,HB_BUSAVG,5
21.66,22.1675,2026-06-28,HB_BUSAVG,6
20.58,21.125,2026-06-28,HB_BUSAVG,7
17.18,15.2925,2026-06-28,HB_BUSAVG,8
14.71,13.2725,2026-06-28,HB_BUSAVG,9
12.46,12.415,2026-06-28,HB_BUSAVG,10
12.8,11.4825,2026-06-28,HB_BUSAVG,11
14.63,14.155,2026-06-28,HB_BUSAVG,12
17.89,19.535,2026-06-28,HB_BUSAVG,13
20.15,17.4675,2026-06-28,HB_BUSAVG,14
18.95,16.855,2026-06-28,HB_BUSAVG,15
19.58,17.785,2026-06-28,HB_BUSAVG,16
18.69,19.4125,2026-06-28,HB_BUSAVG,17
20.05,18.5175,2026-06-28,HB_BUSAVG,18
20.88,22.0575,2026-06-28,HB_BUSAVG,19
34.88,32.0825,2026-06-28,HB_BUSAVG,20
36.75,35.2225,2026-06-28,HB_BUSAVG,21
32.28,37.35,2026-06-28,HB_BUSAVG,22
32.59,31.475,2026-06-28,HB_BUSAVG,23
25.69,26.255,2026-06-28,HB_BUSAVG,24
25.06,23.8225,2026-06-29,HB_BUSAVG,1
23.79,21.6375,2026-06-29,HB_BUSAVG,2
22.38,20.015,2026-06-29,HB_BUSAVG,3
21.25,18.965,2026-06-29,HB_BUSAVG,4
21.41,18.745,2026-06-29,HB_BUSAVG,5
22.56,19.7325,2026-06-29,HB_BUSAVG,6
20.98,20.6125,2026-06-29,HB_BUSAVG,7
19.71,17.61,2026-06-29,HB_BUSAVG,8
16.42,17.4075,2026-06-29,HB_BUSAVG,9
17.23,15.8725,2026-06-29,HB_BUSAVG,10
16.53,15.4725,2026-06-29,HB_BUSAVG,11
18.84,14.3025,2026-06-29,HB_BUSAVG,12
20.84,17.3575,2026-06-29,HB_BUSAVG,13
21.77,20.8875,2026-06-29,HB_BUSAVG,14
23.05,19.22,2026-06-29,HB_BUSAVG,15
22.44,19.8725,2026-06-29,HB_BUSAVG,16
23.21,17.5475,2026-06-29,HB_BUSAVG,17
23.51,17.5825,2026-06-29,HB_BUSAVG,18
25.5,23.6925,2026-06-29,HB_BUSAVG,19
39.87,30.765,2026-06-29,HB_BUSAVG,20
40.53,31.7525,2026-06-29,HB_BUSAVG,21
35.32,31.8875,2026-06-29,HB_BUSAVG,22
35.99,28.0975,2026-06-29,HB_BUSAVG,23
27.95,25.3825,2026-06-29,HB_BUSAVG,24
24.13,24.4875,2026-06-30,HB_BUSAVG,1
22.89,22.69,2026-06-30,HB_BUSAVG,2
22.52,21.475,2026-06-30,HB_BUSAVG,3
21.05,20.2175,2026-06-30,HB_BUSAVG,4
21.24,20.2375,2026-06-30,HB_BUSAVG,5
22.36,21.115,2026-06-30,HB_BUSAVG,6
22.36,21.71,2026-06-30,HB_BUSAVG,7
20.63,18.615,2026-06-30,HB_BUSAVG,8
16.66,14.3575,2026-06-30,HB_BUSAVG,9
15.57,10.4825,2026-06-30,HB_BUSAVG,10
15.95,11.84,2026-06-30,HB_BUSAVG,11
16.81,13.6,2026-06-30,HB_BUSAVG,12
20.08,16.0,2026-06-30,HB_BUSAVG,13
22.36,18.1,2026-06-30,HB_BUSAVG,14
22.67,20.3025,2026-06-30,HB_BUSAVG,15
23.99,21.7425,2026-06-30,HB_BUSAVG,16
23.08,20.39,2026-06-30,HB_BUSAVG,17
21.57,19.845,2026-06-30,HB_BUSAVG,18
24.77,22.6725,2026-06-30,HB_BUSAVG,19
37.41,29.7925,2026-06-30,HB_BUSAVG,20
41.3,35.845,2026-06-30,HB_BUSAVG,21
38.53,31.445,2026-06-30,HB_BUSAVG,22
34.08,31.0775,2026-06-30,HB_BUSAVG,23
27.06,29.255,2026-06-30,HB_BUSAVG,24
26.96,28.2375,2026-07-01,HB_BUSAVG,1
25.03,24.375,2026-07-01,HB_BUSAVG,2
24.24,24.2025,2026-07-01,HB_BUSAVG,3
23.62,25.345,2026-07-01,HB_BUSAVG,4
23.41,24.365,2026-07-01,HB_BUSAVG,5
24.94,23.395,2026-07-01,HB_BUSAVG,6
24.63,22.6025,2026-07-01,HB_BUSAVG,7
20.89,19.0375,2026-07-01,HB_BUSAVG,8
15.61,14.0125,2026-07-01,HB_BUSAVG,9
15.3,14.16,2026-07-01,HB_BUSAVG,10
16.72,15.08,2026-07-01,HB_BUSAVG,11
18.69,14.34,2026-07-01,HB_BUSAVG,12
22.51,13.9725,2026-07-01,HB_BUSAVG,13
25.21,17.07,2026-07-01,HB_BUSAVG,14
25.68,21.155,2026-07-01,HB_BUSAVG,15
26.44,24.5,2026-07-01,HB_BUSAVG,16
26.85,26.0875,2026-07-01,HB_BUSAVG,17
24.81,24.89,2026-07-01,HB_BUSAVG,18
28.44,28.995,2026-07-01,HB_BUSAVG,19
44.53,38.855,2026-07-01,HB_BUSAVG,20
46.81,43.61,2026-07-01,HB_BUSAVG,21
42.83,48.73,2026-07-01,HB_BUSAVG,22
39.04,48.88,2026-07-01,HB_BUSAVG,23
31.35,28.9825,2026-07-01,HB_BUSAVG,24
27.76,26.53,2026-07-02,HB_BUSAVG,1
24.52,24.9625,2026-07-02,HB_BUSAVG,2
23.53,24.2775,2026-07-02,HB_BUSAVG,3
23.02,23.405,2026-07-02,HB_BUSAVG,4
23.49,23.9275,2026-07-02,HB_BUSAVG,5
24.89,26.3325,2026-07-02,HB_BUSAVG,6
25.4,26.645,2026-07-02,HB_BUSAVG,7
22.93,22.21,2026-07-02,HB_BUSAVG,8
19.42,19.7275,2026-07-02,HB_BUSAVG,9
18.31,17.9975,2026-07-02,HB_BUSAVG,10
18.24,16.6225,2026-07-02,HB_BUSAVG,11
20.26,16.15,2026-07-02,HB_BUSAVG,12
22.36,18.6675,2026-07-02,HB_BUSAVG,13
25.87,23.7475,2026-07-02,HB_BUSAVG,14
26.97,26.3725,2026-07-02,HB_BUSAVG,15
27.62,26.86,2026-07-02,HB_BUSAVG,16
28.96,27.41,2026-07-02,HB_BUSAVG,17
29.69,26.0025,2026-07-02,HB_BUSAVG,18
36.88,31.3325,2026-07-02,HB_BUSAVG,19
49.77,30.93,2026-07-02,HB_BUSAVG,20
44.11,32.2825,2026-07-02,HB_BUSAVG,21
39.08,29.8775,2026-07-02,HB_BUSAVG,22
35.18,29.15,2026-07-02,HB_BUSAVG,23
29.59,27.68,2026-07-02,HB_BUSAVG,24
24.26,23.9725,2026-07-03,HB_BUSAVG,1
23.09,23.6775,2026-07-03,HB_BUSAVG,2
21.62,23.0375,2026-07-03,HB_BUSAVG,3
21.76,22.045,2026-07-03,HB_BUSAVG,4
21.67,21.68,2026-07-03,HB_BUSAVG,5
23.13,22.9525,2026-07-03,HB_BUSAVG,6
24.09,22.6125,2026-07-03,HB_BUSAVG,7
21.49,18.0575,2026-07-03,HB_BUSAVG,8
17.31,11.3125,2026-07-03,HB_BUSAVG,9
15.06,6.75,2026-07-03,HB_BUSAVG,10
16.48,5.8525,2026-07-03,HB_BUSAVG,11
17.74,9.8925,2026-07-03,HB_BUSAVG,12
21.36,19.02,2026-07-03,HB_BUSAVG,13
24.53,22.3875,2026-07-03,HB_BUSAVG,14
26.15,24.4475,2026-07-03,HB_BUSAVG,15
27.59,25.1425,2026-07-03,HB_BUSAVG,16
27.99,24.91,2026-07-03,HB_BUSAVG,17
28.0,24.48,2026-07-03,HB_BUSAVG,18
34.95,25.9275,2026-07-03,HB_BUSAVG,19
45.19,32.11,2026-07-03,HB_BUSAVG,20
44.37,36.8225,2026-07-03,HB_BUSAVG,21
39.49,34.1925,2026-07-03,HB_BUSAVG,22
34.61,30.185,2026-07-03,HB_BUSAVG,23
27.64,25.085,2026-07-03,HB_BUSAVG,24
24.09,21.91,2026-07-04,HB_BUSAVG,1
22.29,19.2725,2026-07-04,HB_BUSAVG,2
22.39,20.36,2026-07-04,HB_BUSAVG,3
21.46,20.225,2026-07-04,HB_BUSAVG,4
22.11,19.58,2026-07-04,HB_BUSAVG,5
22.94,21.3175,2026-07-04,HB_BUSAVG,6
20.91,22.455,2026-07-04,HB_BUSAVG,7
17.45,16.6525,2026-07-04,HB_BUSAVG,8
14.77,11.49,2026-07-04,HB_BUSAVG,9
12.9,10.0,2026-07-04,HB_BUSAVG,10
14.74,14.3125,2026-07-04,HB_BUSAVG,11
17.07,20.1175,2026-07-04,HB_BUSAVG,12
21.05,23.995,2026-07-04,HB_BUSAVG,13
23.92,26.225,2026-07-04,HB_BUSAVG,14
25.9,27.3225,2026-07-04,HB_BUSAVG,15
27.19,26.025,2026-07-04,HB_BUSAVG,16
29.94,24.265,2026-07-04,HB_BUSAVG,17
28.97,28.98,2026-07-04,HB_BUSAVG,18
35.71,40.9125,2026-07-04,HB_BUSAVG,19
49.67,53.7925,2026-07-04,HB_BUSAVG,20
50.88,51.945,2026-07-04,HB_BUSAVG,21
48.64,49.6325,2026-07-04,HB_BUSAVG,22
38.02,37.705,2026-07-04,HB_BUSAVG,23
31.29,32.46,2026-07-04,HB_BUSAVG,24
26.64,27.2525,2026-07-05,HB_BUSAVG,1
25.76,25.7525,2026-07-05,HB_BUSAVG,2
24.84,25.6,2026-07-05,HB_BUSAVG,3
24.73,24.2175,2026-07-05,HB_BUSAVG,4
24.57,22.215,2026-07-05,HB_BUSAVG,5
25.75,23.4625,2026-07-05,HB_BUSAVG,6
25.26,23.0025,2026-07-05,HB_BUSAVG,7
22.99,18.5775,2026-07-05,HB_BUSAVG,8
19.12,17.93,2026-07-05,HB_BUSAVG,9
18.71,17.8625,2026-07-05,HB_BUSAVG,10
19.36,18.4625,2026-07-05,HB_BUSAVG,11
21.77,21.5975,2026-07-05,HB_BUSAVG,12
24.01,30.135,2026-07-05,HB_BUSAVG,13
27.2,31.035,2026-07-05,HB_BUSAVG,14
31.36,34.9975,2026-07-05,HB_BUSAVG,15
30.45,28.745,2026-07-05,HB_BUSAVG,16
35.29,35.0525,2026-07-05,HB_BUSAVG,17
37.8,50.3075,2026-07-05,HB_BUSAVG,18
45.07,39.7075,2026-07-05,HB_BUSAVG,19
59.74,44.27,2026-07-05,HB_BUSAVG,20
70.87,31.275,2026-07-05,HB_BUSAVG,21
63.49,26.555,2026-07-05,HB_BUSAVG,22
63.02,25.725,2026-07-05,HB_BUSAVG,23
40.77,28.26,2026-07-05,HB_BUSAVG,24
37.49,31.8525,2026-07-06,HB_BUSAVG,1
31.85,30.515,2026-07-06,HB_BUSAVG,2
31.08,28.67,2026-07-06,HB_BUSAVG,3
32.13,27.6425,2026-07-06,HB_BUSAVG,4
32.36,27.7775,2026-07-06,HB_BUSAVG,5
35.15,29.0025,2026-07-06,HB_BUSAVG,6
40.48,29.7525,2026-07-06,HB_BUSAVG,7
29.75,27.0025,2026-07-06,HB_BUSAVG,8
23.22,22.11,2026-07-06,HB_BUSAVG,9
23.93,23.8725,2026-07-06,HB_BUSAVG,10
25.51,23.935,2026-07-06,HB_BUSAVG,11
24.84,25.86,2026-07-06,HB_BUSAVG,12
30.11,29.355,2026-07-06,HB_BUSAVG,13
32.7,33.7975,2026-07-06,HB_BUSAVG,14
34.74,29.805,2026-07-06,HB_BUSAVG,15
37.61,32.8025,2026-07-06,HB_BUSAVG,16
38.55,30.94,2026-07-06,HB_BUSAVG,17
39.53,24.115,2026-07-06,HB_BUSAVG,18
48.37,26.9675,2026-07-06,HB_BUSAVG,19
67.44,43.805,2026-07-06,HB_BUSAVG,20
72.31,46.21,2026-07-06,HB_BUSAVG,21
52.76,45.8175,2026-07-06,HB_BUSAVG,22
45.93,50.35,2026-07-06,HB_BUSAVG,23
35.17,41.91,2026-07-06,HB_BUSAVG,24
31.41,38.2725,2026-07-07,HB_BUSAVG,1
28.61,32.8025,2026-07-07,HB_BUSAVG,2
26.68,31.5375,2026-07-07,HB_BUSAVG,3
26.13,30.5875,2026-07-07,HB_BUSAVG,4
27.42,29.4925,2026-07-07,HB_BUSAVG,5
29.6,39.3375,2026-07-07,HB_BUSAVG,6
30.09,40.32,2026-07-07,HB_BUSAVG,7
24.11,24.255,2026-07-07,HB_BUSAVG,8
18.23,20.86,2026-07-07,HB_BUSAVG,9
18.67,23.645,2026-07-07,HB_BUSAVG,10
19.37,24.6575,2026-07-07,HB_BUSAVG,11
23.4,24.98,2026-07-07,HB_BUSAVG,12
27.92,29.5125,2026-07-07,HB_BUSAVG,13
32.52,35.115,2026-07-07,HB_BUSAVG,14
33.0,29.9225,2026-07-07,HB_BUSAVG,15
33.47,29.5275,2026-07-07,HB_BUSAVG,16
34.01,28.5875,2026-07-07,HB_BUSAVG,17
34.92,29.43,2026-07-07,HB_BUSAVG,18
39.33,36.4075,2026-07-07,HB_BUSAVG,19
49.65,40.7225,2026-07-07,HB_BUSAVG,20
54.85,43.015,2026-07-07,HB_BUSAVG,21
43.66,40.965,2026-07-07,HB_BUSAVG,22
34.47,37.2425,2026-07-07,HB_BUSAVG,23
28.92,29.1575,2026-07-07,HB_BUSAVG,24
28.3,23.6825,2026-07-08,HB_BUSAVG,1
25.85,22.4275,2026-07-08,HB_BUSAVG,2
23.96,22.6825,2026-07-08,HB_BUSAVG,3
23.51,21.55,2026-07-08,HB_BUSAVG,4
23.82,19.2125,2026-07-08,HB_BUSAVG,5
24.42,20.8425,2026-07-08,HB_BUSAVG,6
23.87,22.72,2026-07-08,HB_BUSAVG,7
20.87,18.505,2026-07-08,HB_BUSAVG,8
16.13,16.4825,2026-07-08,HB_BUSAVG,9
15.32,17.0725,2026-07-08,HB_BUSAVG,10
16.37,16.4675,2026-07-08,HB_BUSAVG,11
19.48,18.205,2026-07-08,HB_BUSAVG,12
21.57,20.6325,2026-07-08,HB_BUSAVG,13
25.47,25.785,2026-07-08,HB_BUSAVG,14
26.18,25.5825,2026-07-08,HB_BUSAVG,15
26.83,25.0625,2026-07-08,HB_BUSAVG,16
26.44,25.0475,2026-07-08,HB_BUSAVG,17
26.11,28.155,2026-07-08,HB_BUSAVG,18
28.83,29.6775,2026-07-08,HB_BUSAVG,19
42.76,36.5425,2026-07-08,HB_BUSAVG,20
42.84,45.8875,2026-07-08,HB_BUSAVG,21
40.03,61.695,2026-07-08,HB_BUSAVG,22
33.98,42.7225,2026-07-08,HB_BUSAVG,23
26.84,28.64,2026-07-08,HB_BUSAVG,24
26.05,24.9575,2026-07-09,HB_BUSAVG,1
24.17,22.795,2026-07-09,HB_BUSAVG,2
23.59,21.9325,2026-07-09,HB_BUSAVG,3
22.87,19.0375,2026-07-09,HB_BUSAVG,4
22.24,18.8575,2026-07-09,HB_BUSAVG,5
23.78,20.7675,2026-07-09,HB_BUSAVG,6
23.33,22.5925,2026-07-09,HB_BUSAVG,7
20.12,17.4925,2026-07-09,HB_BUSAVG,8
15.2,12.965,2026-07-09,HB_BUSAVG,9
14.66,13.6375,2026-07-09,HB_BUSAVG,10
14.99,14.555,2026-07-09,HB_BUSAVG,11
16.07,16.025,2026-07-09,HB_BUSAVG,12
19.55,20.545,2026-07-09,HB_BUSAVG,13
21.64,22.0575,2026-07-09,HB_BUSAVG,14
22.09,19.345,2026-07-09,HB_BUSAVG,15
23.28,20.2775,2026-07-09,HB_BUSAVG,16
22.21,19.05,2026-07-09,HB_BUSAVG,17
21.51,22.6475,2026-07-09,HB_BUSAVG,18
23.86,32.5375,2026-07-09,HB_BUSAVG,19
36.59,41.37,2026-07-09,HB_BUSAVG,20
40.59,40.6225,2026-07-09,HB_BUSAVG,21
36.63,42.4425,2026-07-09,HB_BUSAVG,22
33.76,41.405,2026-07-09,HB_BUSAVG,23
28.99,27.1825,2026-07-09,HB_BUSAVG,24
25.16,25.2275,2026-07-10,HB_BUSAVG,1
23.86,24.48,2026-07-10,HB_BUSAVG,2
23.56,22.8775,2026-07-10,HB_BUSAVG,3
23.24,22.0525,2026-07-10,HB_BUSAVG,4
23.45,22.875,2026-07-10,HB_BUSAVG,5
24.71,23.985,2026-07-10,HB_BUSAVG,6
24.89,25.1275,2026-07-10,HB_BUSAVG,7
22.64,20.665,2026-07-10,HB_BUSAVG,8
17.53,16.1,2026-07-10,HB_BUSAVG,9
14.89,16.2725,2026-07-10,HB_BUSAVG,10
16.04,15.4925,2026-07-10,HB_BUSAVG,11
17.86,15.9475,2026-07-10,HB_BUSAVG,12
19.49,18.5775,2026-07-10,HB_BUSAVG,13
21.63,18.75,2026-07-10,HB_BUSAVG,14
23.17,18.93,2026-07-10,HB_BUSAVG,15
23.99,19.965,2026-07-10,HB_BUSAVG,16
24.2,21.27,2026-07-10,HB_BUSAVG,17
23.49,19.75,2026-07-10,HB_BUSAVG,18
25.89,24.12,2026-07-10,HB_BUSAVG,19
36.49,39.3125,2026-07-10,HB_BUSAVG,20
41.88,41.85,2026-07-10,HB_BUSAVG,21
39.46,41.65,2026-07-10,HB_BUSAVG,22
36.85,45.5425,2026-07-10,HB_BUSAVG,23
30.02,34.8,2026-07-10,HB_BUSAVG,24
27.24,35.1675,2026-07-11,HB_BUSAVG,1
26.61,35.6125,2026-07-11,HB_BUSAVG,2
26.03,29.81,2026-07-11,HB_BUSAVG,3
25.88,27.0925,2026-07-11,HB_BUSAVG,4
28.82,29.505,2026-07-11,HB_BUSAVG,5
32.94,28.9675,2026-07-11,HB_BUSAVG,6
28.2,31.6175,2026-07-11,HB_BUSAVG,7
23.5,24.3975,2026-07-11,HB_BUSAVG,8
18.75,23.3025,2026-07-11,HB_BUSAVG,9
20.21,23.54,2026-07-11,HB_BUSAVG,10
22.64,21.4375,2026-07-11,HB_BUSAVG,11
25.03,16.0025,2026-07-11,HB_BUSAVG,12
27.58,19.5575,2026-07-11,HB_BUSAVG,13
28.65,25.045,2026-07-11,HB_BUSAVG,14
30.61,30.4925,2026-07-11,HB_BUSAVG,15
30.29,28.5625,2026-07-11,HB_BUSAVG,16
30.54,24.115,2026-07-11,HB_BUSAVG,17
28.54,25.325,2026-07-11,HB_BUSAVG,18
33.86,25.985,2026-07-11,HB_BUSAVG,19
41.14,40.31,2026-07-11,HB_BUSAVG,20
42.05,39.665,2026-07-11,HB_BUSAVG,21
44.1,29.5925,2026-07-11,HB_BUSAVG,22
41.01,27.6775,2026-07-11,HB_BUSAVG,23
36.57,28.11,2026-07-11,HB_BUSAVG,24
35.1,25.0975,2026-07-12,HB_BUSAVG,1
30.09,22.6675,2026-07-12,HB_BUSAVG,2
29.45,21.1675,2026-07-12,HB_BUSAVG,3
32.19,21.81,2026-07-12,HB_BUSAVG,4
31.49,23.5,2026-07-12,HB_BUSAVG,5
32.47,24.5375,2026-07-12,HB_BUSAVG,6
28.83,25.7125,2026-07-12,HB_BUSAVG,7
23.14,22.89,2026-07-12,HB_BUSAVG,8
19.1,20.47,2026-07-12,HB_BUSAVG,9
21.35,21.06,2026-07-12,HB_BUSAVG,10
21.55,20.825,2026-07-12,HB_BUSAVG,11
21.92,22.77,2026-07-12,HB_BUSAVG,12
24.48,23.19,2026-07-12,HB_BUSAVG,13
26.42,23.045,2026-07-12,HB_BUSAVG,14
27.7,28.21,2026-07-12,HB_BUSAVG,15
29.23,27.1825,2026-07-12,HB_BUSAVG,16
30.52,30.895,2026-07-12,HB_BUSAVG,17
31.51,33.2625,2026-07-12,HB_BUSAVG,18
33.6,30.44,2026-07-12,HB_BUSAVG,19
38.83,33.8975,2026-07-12,HB_BUSAVG,20
38.3,38.14,2026-07-12,HB_BUSAVG,21
43.4,36.8125,2026-07-12,HB_BUSAVG,22
47.8,34.86,2026-07-12,HB_BUSAVG,23
43.84,36.9575,2026-07-12,HB_BUSAVG,24
37.17,31.1475,2026-07-13,HB_BUSAVG,1
33.33,31.7675,2026-07-13,HB_BUSAVG,2
33.37,33.5025,2026-07-13,HB_BUSAVG,3
36.26,39.765,2026-07-13,HB_BUSAVG,4
36.18,36.6675,2026-07-13,HB_BUSAVG,5
40.79,36.5475,2026-07-13,HB_BUSAVG,6
41.17,33.4825,2026-07-13,HB_BUSAVG,7
37.33,31.9625,2026-07-13,HB_BUSAVG,8
29.59,26.22,2026-07-13,HB_BUSAVG,9
29.91,26.05,2026-07-13,HB_BUSAVG,10
28.32,27.635,2026-07-13,HB_BUSAVG,11
27.66,30.7875,2026-07-13,HB_BUSAVG,12
28.18,27.785,2026-07-13,HB_BUSAVG,13
28.24,26.6325,2026-07-13,HB_BUSAVG,14
28.53,27.4975,2026-07-13,HB_BUSAVG,15
31.19,26.21,2026-07-13,HB_BUSAVG,16
31.94,23.07,2026-07-13,HB_BUSAVG,17
33.23,23.785,2026-07-13,HB_BUSAVG,18
33.18,25.355,2026-07-13,HB_BUSAVG,19
45.22,30.4725,2026-07-13,HB_BUSAVG,20
44.76,32.7475,2026-07-13,HB_BUSAVG,21
43.72,30.1625,2026-07-13,HB_BUSAVG,22
41.51,29.3775,2026-07-13,HB_BUSAVG,23
35.87,28.7475,2026-07-13,HB_BUSAVG,24
36.52,27.0275,2026-07-14,HB_BUSAVG,1
33.43,28.8775,2026-07-14,HB_BUSAVG,2
32.52,29.5775,2026-07-14,HB_BUSAVG,3
31.24,29.4775,2026-07-14,HB_BUSAVG,4
35.84,28.5825,2026-07-14,HB_BUSAVG,5
37.24,28.4675,2026-07-14,HB_BUSAVG,6
35.48,32.4375,2026-07-14,HB_BUSAVG,7
29.86,33.88,2026-07-14,HB_BUSAVG,8
23.37,26.045,2026-07-14,HB_BUSAVG,9
22.88,22.75,2026-07-14,HB_BUSAVG,10
21.39,22.855,2026-07-14,HB_BUSAVG,11
21.52,22.2375,2026-07-14,HB_BUSAVG,12
22.1,23.44,2026-07-14,HB_BUSAVG,13
20.9,22.4525,2026-07-14,HB_BUSAVG,14
20.56,22.785,2026-07-14,HB_BUSAVG,15
21.5,22.595,2026-07-14,HB_BUSAVG,16
23.14,19.7375,2026-07-14,HB_BUSAVG,17
23.35,18.375,2026-07-14,HB_BUSAVG,18
26.19,20.42,2026-07-14,HB_BUSAVG,19
28.37,32.8925,2026-07-14,HB_BUSAVG,20
34.17,39.9075,2026-07-14,HB_BUSAVG,21
34.61,43.0175,2026-07-14,HB_BUSAVG,22
38.09,51.3825,2026-07-14,HB_BUSAVG,23
36.41,49.1775,2026-07-14,HB_BUSAVG,24
30.06,35.2275,2026-07-15,HB_BUSAVG,1
28.51,29.8025,2026-07-15,HB_BUSAVG,2
29.59,31.46,2026-07-15,HB_BUSAVG,3
29.53,26.9325,2026-07-15,HB_BUSAVG,4
31.56,27.7125,2026-07-15,HB_BUSAVG,5
32.21,27.86,2026-07-15,HB_BUSAVG,6
31.1,26.18,2026-07-15,HB_BUSAVG,7
27.78,25.3325,2026-07-15,HB_BUSAVG,8
23.12,23.3525,2026-07-15,HB_BUSAVG,9
21.57,22.39,2026-07-15,HB_BUSAVG,10
20.89,24.525,2026-07-15,HB_BUSAVG,11
21.28,27.2,2026-07-15,HB_BUSAVG,12
21.91,25.565,2026-07-15,HB_BUSAVG,13
23.38,24.895,2026-07-15,HB_BUSAVG,14
23.22,24.26,2026-07-15,HB_BUSAVG,15
23.77,22.73,2026-07-15,HB_BUSAVG,16
23.86,20.4575,2026-07-15,HB_BUSAVG,17
23.7,18.775,2026-07-15,HB_BUSAVG,18
24.45,25.22,2026-07-15,HB_BUSAVG,19
29.27,34.2525,2026-07-15,HB_BUSAVG,20
32.48,39.41,2026-07-15,HB_BUSAVG,21
29.92,40.0875,2026-07-15,HB_BUSAVG,22
29.37,32.0675,2026-07-15,HB_BUSAVG,23
28.81,29.585,2026-07-15,HB_BUSAVG,24
29.5,26.81,2026-07-16,HB_BUSAVG,1
27.68,26.6125,2026-07-16,HB_BUSAVG,2
27.08,28.66,2026-07-16,HB_BUSAVG,3
28.91,27.13,2026-07-16,HB_BUSAVG,4
30.16,31.5575,2026-07-16,HB_BUSAVG,5
31.14,39.47,2026-07-16,HB_BUSAVG,6
31.17,37.69,2026-07-16,HB_BUSAVG,7
28.39,33.7925,2026-07-16,HB_BUSAVG,8
25.77,25.7225,2026-07-16,HB_BUSAVG,9
23.61,23.975,2026-07-16,HB_BUSAVG,10
21.63,23.5625,2026-07-16,HB_BUSAVG,11
20.26,23.6025,2026-07-16,HB_BUSAVG,12
19.68,24.9625,2026-07-16,HB_BUSAVG,13
19.58,22.8775,2026-07-16,HB_BUSAVG,14
19.65,23.75,2026-07-16,HB_BUSAVG,15
19.97,34.54,2026-07-16,HB_BUSAVG,16
20.41,41.6975,2026-07-16,HB_BUSAVG,17
21.41,37.1825,2026-07-16,HB_BUSAVG,18
24.46,38.7375,2026-07-16,HB_BUSAVG,19
35.37,41.3275,2026-07-16,HB_BUSAVG,20
37.32,33.5325,2026-07-16,HB_BUSAVG,21
35.23,29.51,2026-07-16,HB_BUSAVG,22
33.34,29.74,2026-07-16,HB_BUSAVG,23
28.25,28.305,2026-07-16,HB_BUSAVG,24
27.81,25.8075,2026-07-17,HB_BUSAVG,1
25.22,25.1375,2026-07-17,HB_BUSAVG,2
24.25,24.7425,2026-07-17,HB_BUSAVG,3
24.18,23.7925,2026-07-17,HB_BUSAVG,4
24.36,23.665,2026-07-17,HB_BUSAVG,5
25.15,24.415,2026-07-17,HB_BUSAVG,6
25.34,23.575,2026-07-17,HB_BUSAVG,7
23.5,22.6675,2026-07-17,HB_BUSAVG,8
22.0,20.7775,2026-07-17,HB_BUSAVG,9
19.13,18.3575,2026-07-17,HB_BUSAVG,10
18.43,19.795,2026-07-17,HB_BUSAVG,11
18.04,15.5175,2026-07-17,HB_BUSAVG,12
18.78,12.7,2026-07-17,HB_BUSAVG,13
19.16,14.2725,2026-07-17,HB_BUSAVG,14
20.52,15.3825,2026-07-17,HB_BUSAVG,15
21.11,14.925,2026-07-17,HB_BUSAVG,16
21.86,16.4175,2026-07-17,HB_BUSAVG,17
21.88,19.2225,2026-07-17,HB_BUSAVG,18
24.95,19.665,2026-07-17,HB_BUSAVG,19
34.96,32.6825,2026-07-17,HB_BUSAVG,20
37.43,38.3075,2026-07-17,HB_BUSAVG,21
38.22,37.0975,2026-07-17,HB_BUSAVG,22
36.71,59.8675,2026-07-17,HB_BUSAVG,23
29.8,41.4325,2026-07-17,HB_BUSAVG,24
28.69,31.0625,2026-07-18,HB_BUSAVG,1
25.79,24.455,2026-07-18,HB_BUSAVG,2
23.48,22.7475,2026-07-18,HB_BUSAVG,3
22.75,22.075,2026-07-18,HB_BUSAVG,4
22.37,22.0225,2026-07-18,HB_BUSAVG,5
23.09,21.5825,2026-07-18,HB_BUSAVG,6
22.14,22.4225,2026-07-18,HB_BUSAVG,7
19.12,18.3,2026-07-18,HB_BUSAVG,8
16.94,16.15,2026-07-18,HB_BUSAVG,9
15.46,13.1725,2026-07-18,HB_BUSAVG,10
14.8,11.39,2026-07-18,HB_BUSAVG,11
16.71,10.0025,2026-07-18,HB_BUSAVG,12
18.86,13.8275,2026-07-18,HB_BUSAVG,13
20.42,15.8625,2026-07-18,HB_BUSAVG,14
21.73,15.7725,2026-07-18,HB_BUSAVG,15
22.82,17.215,2026-07-18,HB_BUSAVG,16
24.12,17.035,2026-07-18,HB_BUSAVG,17
24.81,15.01,2026-07-18,HB_BUSAVG,18
28.99,23.0725,2026-07-18,HB_BUSAVG,19
39.23,34.4025,2026-07-18,HB_BUSAVG,20
41.66,34.725,2026-07-18,HB_BUSAVG,21
37.84,34.9525,2026-07-18,HB_BUSAVG,22
36.29,37.0375,2026-07-18,HB_BUSAVG,23
31.79,40.1775,2026-07-18,HB_BUSAVG,24
33.05,40.655,2026-07-19,HB_BUSAVG,1
30.66,43.6125,2026-07-19,HB_BUSAVG,2
29.07,38.7075,2026-07-19,HB_BUSAVG,3
26.34,27.8,2026-07-19,HB_BUSAVG,4
25.06,26.7775,2026-07-19,HB_BUSAVG,5
25.59,27.5125,2026-07-19,HB_BUSAVG,6
23.75,26.2225,2026-07-19,HB_BUSAVG,7
21.55,21.665,2026-07-19,HB_BUSAVG,8
16.64,20.3025,2026-07-19,HB_BUSAVG,9
16.24,18.345,2026-07-19,HB_BUSAVG,10
16.47,18.4075,2026-07-19,HB_BUSAVG,11
18.82,17.58,2026-07-19,HB_BUSAVG,12
18.98,18.7,2026-07-19,HB_BUSAVG,13
22.15,22.535,2026-07-19,HB_BUSAVG,14
23.65,27.55,2026-07-19,HB_BUSAVG,15
24.49,29.5975,2026-07-19,HB_BUSAVG,16
26.72,28.26,2026-07-19,HB_BUSAVG,17
26.9,28.7325,2026-07-19,HB_BUSAVG,18
32.06,42.1625,2026-07-19,HB_BUSAVG,19
44.9,66.29,2026-07-19,HB_BUSAVG,20
47.08,67.295,2026-07-19,HB_BUSAVG,21
42.86,50.655,2026-07-19,HB_BUSAVG,22
47.99,37.545,2026-07-19,HB_BUSAVG,23
37.39,33.8525,2026-07-19,HB_BUSAVG,24
32.31,28.5225,2026-07-20,HB_BUSAVG,1
29.43,24.7525,2026-07-20,HB_BUSAVG,2
26.89,24.28,2026-07-20,HB_BUSAVG,3
26.26,24.415,2026-07-20,HB_BUSAVG,4
25.99,23.6625,2026-07-20,HB_BUSAVG,5
27.29,24.0975,2026-07-20,HB_BUSAVG,6
27.14,24.9325,2026-07-20,HB_BUSAVG,7
23.14,22.63,2026-07-20,HB_BUSAVG,8
17.33,19.2325,2026-07-20,HB_BUSAVG,9
17.43,18.4325,2026-07-20,HB_BUSAVG,10
18.63,19.6675,2026-07-20,HB_BUSAVG,11
20.42,21.8775,2026-07-20,HB_BUSAVG,12
22.95,25.1575,2026-07-20,HB_BUSAVG,13
27.46,29.7875,2026-07-20,HB_BUSAVG,14
28.97,25.9425,2026-07-20,HB_BUSAVG,15
30.57,23.7275,2026-07-20,HB_BUSAVG,16
30.22,24.35,2026-07-20,HB_BUSAVG,17
31.43,25.4,2026-07-20,HB_BUSAVG,18
37.97,41.0275,2026-07-20,HB_BUSAVG,19
74.39,57.015,2026-07-20,HB_BUSAVG,20
69.63,93.39,2026-07-20,HB_BUSAVG,21
59.16,48.2975,2026-07-20,HB_BUSAVG,22
42.01,35.355,2026-07-20,HB_BUSAVG,23
34.8,31.18,2026-07-20,HB_BUSAVG,24
28.69,24.3025,2026-07-21,HB_BUSAVG,1
25.51,22.9275,2026-07-21,HB_BUSAVG,2
23.75,22.8225,2026-07-21,HB_BUSAVG,3
23.77,23.935,2026-07-21,HB_BUSAVG,4
24.33,23.705,2026-07-21,HB_BUSAVG,5
25.94,25.9975,2026-07-21,HB_BUSAVG,6
33.98,28.2025,2026-07-21,HB_BUSAVG,7
27.95,24.93,2026-07-21,HB_BUSAVG,8
19.37,20.7375,2026-07-21,HB_BUSAVG,9
20.1,21.19,2026-07-21,HB_BUSAVG,10
22.26,19.435,2026-07-21,HB_BUSAVG,11
27.41,20.2325,2026-07-21,HB_BUSAVG,12
30.99,25.7475,2026-07-21,HB_BUSAVG,13
34.69,33.8375,2026-07-21,HB_BUSAVG,14
38.34,30.3125,2026-07-21,HB_BUSAVG,15
37.66,26.6125,2026-07-21,HB_BUSAVG,16
38.51,26.9225,2026-07-21,HB_BUSAVG,17
42.51,26.5075,2026-07-21,HB_BUSAVG,18
68.3,60.0475,2026-07-21,HB_BUSAVG,19
213.99,149.1425,2026-07-21,HB_BUSAVG,20
196.13,140.7275,2026-07-21,HB_BUSAVG,21
170.87,75.56,2026-07-21,HB_BUSAVG,22
76.42,114.6275,2026-07-21,HB_BUSAVG,23
41.18,52.5625,2026-07-21,HB_BUSAVG,24
43.36,37.5225,2026-07-22,HB_BUSAVG,1
35.52,34.295,2026-07-22,HB_BUSAVG,2
33.12,33.2725,2026-07-22,HB_BUSAVG,3
33.43,31.225,2026-07-22,HB_BUSAVG,4
31.14,32.5675,2026-07-22,HB_BUSAVG,5
33.31,35.33,2026-07-22,HB_BUSAVG,6
37.71,36.93,2026-07-22,HB_BUSAVG,7
31.53,31.2175,2026-07-22,HB_BUSAVG,8
22.82,25.01,2026-07-22,HB_BUSAVG,9
23.24,26.345,2026-07-22,HB_BUSAVG,10
27.45,26.35,2026-07-22,HB_BUSAVG,11
30.85,25.8375,2026-07-22,HB_BUSAVG,12
33.86,31.0025,2026-07-22,HB_BUSAVG,13
42.39,33.97,2026-07-22,HB_BUSAVG,14
46.9,51.52,2026-07-22,HB_BUSAVG,15
49.45,49.0475,2026-07-22,HB_BUSAVG,16
55.9,39.7075,2026-07-22,HB_BUSAVG,17
60.38,42.0,2026-07-22,HB_BUSAVG,18
104.38,88.53,2026-07-22,HB_BUSAVG,19
214.62,135.5675,2026-07-22,HB_BUSAVG,20
227.77,150.0175,2026-07-22,HB_BUSAVG,21
164.27,205.8275,2026-07-22,HB_BUSAVG,22
100.88,194.3475,2026-07-22,HB_BUSAVG,23
55.71,65.595,2026-07-22,HB_BUSAVG,24
52.35,59.5075,2026-07-23,HB_BUSAVG,1
43.11,54.3525,2026-07-23,HB_BUSAVG,2
37.41,39.865,2026-07-23,HB_BUSAVG,3
36.14,35.8275,2026-07-23,HB_BUSAVG,4
36.44,35.815,2026-07-23,HB_BUSAVG,5
40.47,37.2575,2026-07-23,HB_BUSAVG,6
42.95,43.4575,2026-07-23,HB_BUSAVG,7
32.24,34.32,2026-07-23,HB_BUSAVG,8
23.81,25.01,2026-07-23,HB_BUSAVG,9
22.82,25.2275,2026-07-23,HB_BUSAVG,10
23.34,24.585,2026-07-23,HB_BUSAVG,11
25.29,25.9725,2026-07-23,HB_BUSAVG,12
29.28,28.33,2026-07-23,HB_BUSAVG,13
35.64,34.9775,2026-07-23,HB_BUSAVG,14
33.69,37.665,2026-07-23,HB_BUSAVG,15
34.37,37.9225,2026-07-23,HB_BUSAVG,16
33.57,35.9375,2026-07-23,HB_BUSAVG,17
32.49,32.73,2026-07-23,HB_BUSAVG,18
38.89,32.7225,2026-07-23,HB_BUSAVG,19
55.23,41.47,2026-07-23,HB_BUSAVG,20
57.47,42.3925,2026-07-23,HB_BUSAVG,21
48.81,37.7125,2026-07-23,HB_BUSAVG,22
40.34,32.96,2026-07-23,HB_BUSAVG,23
35.81,33.9475,2026-07-23,HB_BUSAVG,24
34.78,34.1025,2026-07-24,HB_BUSAVG,1
31.69,30.565,2026-07-24,HB_BUSAVG,2
29.88,25.0975,2026-07-24,HB_BUSAVG,3
28.91,24.22,2026-07-24,HB_BUSAVG,4
29.95,24.385,2026-07-24,HB_BUSAVG,5
31.73,30.02,2026-07-24,HB_BUSAVG,6
34.77,30.6275,2026-07-24,HB_BUSAVG,7
31.6,29.295,2026-07-24,HB_BUSAVG,8
24.79,23.0175,2026-07-24,HB_BUSAVG,9
23.08,19.9175,2026-07-24,HB_BUSAVG,10
23.28,19.1175,2026-07-24,HB_BUSAVG,11
26.18,19.4725,2026-07-24,HB_BUSAVG,12
28.74,21.4225,2026-07-24,HB_BUSAVG,13
34.46,23.75,2026-07-24,HB_BUSAVG,14
34.8,25.505,2026-07-24,HB_BUSAVG,15
35.43,27.0475,2026-07-24,HB_BUSAVG,16
33.65,22.12,2026-07-24,HB_BUSAVG,17
31.54,21.075,2026-07-24,HB_BUSAVG,18
34.3,20.9875,2026-07-24,HB_BUSAVG,19
41.08,31.6275,2026-07-24,HB_BUSAVG,20
44.23,32.58,2026-07-24,HB_BUSAVG,21
43.44,31.2675,2026-07-24,HB_BUSAVG,22
37.42,30.6375,2026-07-24,HB_BUSAVG,23
30.36,27.5825,2026-07-24,HB_BUSAVG,24
27.61,25.445,2026-07-25,HB_BUSAVG,1
24.86,24.315,2026-07-25,HB_BUSAVG,2
23.7,23.5,2026-07-25,HB_BUSAVG,3
23.76,23.195,2026-07-25,HB_BUSAVG,4
22.87,23.115,2026-07-25,HB_BUSAVG,5
23.05,23.2875,2026-07-25,HB_BUSAVG,6
22.28,22.7025,2026-07-25,HB_BUSAVG,7
20.86,19.5725,2026-07-25,HB_BUSAVG,8
17.58,15.1225,2026-07-25,HB_BUSAVG,9
15.63,12.9325,2026-07-25,HB_BUSAVG,10
16.44,10.1625,2026-07-25,HB_BUSAVG,11
18.52,5.3125,2026-07-25,HB_BUSAVG,12
21.2,11.3675,2026-07-25,HB_BUSAVG,13
23.66,15.635,2026-07-25,HB_BUSAVG,14
25.51,20.995,2026-07-25,HB_BUSAVG,15
26.05,24.4,2026-07-25,HB_BUSAVG,16
26.41,28.3225,2026-07-25,HB_BUSAVG,17
26.51,31.135,2026-07-25,HB_BUSAVG,18
31.79,32.14,2026-07-25,HB_BUSAVG,19
44.1,38.955,2026-07-25,HB_BUSAVG,20
47.35,40.43,2026-07-25,HB_BUSAVG,21
41.19,42.81,2026-07-25,HB_BUSAVG,22
34.86,33.0975,2026-07-25,HB_BUSAVG,23
30.07,25.34,2026-07-25,HB_BUSAVG,24
25.49,22.7075,2026-07-26,HB_BUSAVG,1
23.97,21.6475,2026-07-26,HB_BUSAVG,2
22.91,21.0925,2026-07-26,HB_BUSAVG,3
22.4,21.4725,2026-07-26,HB_BUSAVG,4
21.88,21.0875,2026-07-26,HB_BUSAVG,5
21.61,20.9325,2026-07-26,HB_BUSAVG,6
20.78,21.0,2026-07-26,HB_BUSAVG,7
18.93,18.9925,2026-07-26,HB_BUSAVG,8
15.23,12.19,2026-07-26,HB_BUSAVG,9
12.85,10.785,2026-07-26,HB_BUSAVG,10
15.06,13.88,2026-07-26,HB_BUSAVG,11
17.15,16.6075,2026-07-26,HB_BUSAVG,12
20.72,19.825,2026-07-26,HB_BUSAVG,13
23.47,21.725,2026-07-26,HB_BUSAVG,14
23.75,22.1725,2026-07-26,HB_BUSAVG,15
24.26,24.2675,2026-07-26,HB_BUSAVG,16
24.53,26.96,2026-07-26,HB_BUSAVG,17
23.94,26.7375,2026-07-26,HB_BUSAVG,18
29.18,25.9175,2026-07-26,HB_BUSAVG,19
41.89,37.79,2026-07-26,HB_BUSAVG,20
45.32,40.0575,2026-07-26,HB_BUSAVG,21
39.76,34.36,2026-07-26,HB_BUSAVG,22
35.1,28.0975,2026-07-26,HB_BUSAVG,23
29.27,23.505,2026-07-26,HB_BUSAVG,24
24.42,20.05,2026-07-27,HB_BUSAVG,1
23.05,18.6775,2026-07-27,HB_BUSAVG,2
22.05,18.08,2026-07-27,HB_BUSAVG,3
21.86,18.115,2026-07-27,HB_BUSAVG,4
21.97,18.365,2026-07-27,HB_BUSAVG,5
22.49,21.1025,2026-07-27,HB_BUSAVG,6
22.98,23.0125,2026-07-27,HB_BUSAVG,7
20.39,20.3275,2026-07-27,HB_BUSAVG,8
16.37,16.205,2026-07-27,HB_BUSAVG,9
15.1,14.0875,2026-07-27,HB_BUSAVG,10
18.33,15.105,2026-07-27,HB_BUSAVG,11
21.68,20.2475,2026-07-27,HB_BUSAVG,12
24.77,20.985,2026-07-27,HB_BUSAVG,13
28.43,24.9525,2026-07-27,HB_BUSAVG,14
28.43,25.8425,2026-07-27,HB_BUSAVG,15
29.56,36.92,2026-07-27,HB_BUSAVG,16
30.96,31.925,2026-07-27,HB_BUSAVG,17
30.15,29.1475,2026-07-27,HB_BUSAVG,18
33.58,28.39,2026-07-27,HB_BUSAVG,19
55.81,36.5725,2026-07-27,HB_BUSAVG,20
61.92,36.9,2026-07-27,HB_BUSAVG,21
49.03,33.1975,2026-07-27,HB_BUSAVG,22
39.47,27.5275,2026-07-27,HB_BUSAVG,23
31.13,25.645,2026-07-27,HB_BUSAVG,24
25.19,24.11,2026-07-28,HB_BUSAVG,1
23.94,22.6175,2026-07-28,HB_BUSAVG,2
23.27,21.4,2026-07-28,HB_BUSAVG,3
22.61,20.5425,2026-07-28,HB_BUSAVG,4
23.53,20.7425,2026-07-28,HB_BUSAVG,5
23.96,23.7375,2026-07-28,HB_BUSAVG,6
23.98,26.255,2026-07-28,HB_BUSAVG,7
22.55,24.2525,2026-07-28,HB_BUSAVG,8
17.03,18.545,2026-07-28,HB_BUSAVG,9
16.29,19.1425,2026-07-28,HB_BUSAVG,10
18.01,22.385,2026-07-28,HB_BUSAVG,11
21.6,21.0225,2026-07-28,HB_BUSAVG,12
23.56,24.0325,2026-07-28,HB_BUSAVG,13
26.41,25.12,2026-07-28,HB_BUSAVG,14
28.18,32.6875,2026-07-28,HB_BUSAVG,15
28.8,37.06,2026-07-28,HB_BUSAVG,16
29.71,39.7175,2026-07-28,HB_BUSAVG,17
28.41,37.415,2026-07-28,HB_BUSAVG,18
31.76,41.115,2026-07-28,HB_BUSAVG,19
55.7,48.9425,2026-07-28,HB_BUSAVG,20
63.65,51.2875,2026-07-28,HB_BUSAVG,21
53.62,42.875,2026-07-28,HB_BUSAVG,22
43.96,34.1375,2026-07-28,HB_BUSAVG,23
32.05,30.2975,2026-07-28,HB_BUSAVG,24
27.66,26.335,2026-07-29,HB_BUSAVG,1
25.37,24.7025,2026-07-29,HB_BUSAVG,2
24.23,23.985,2026-07-29,HB_BUSAVG,3
24.05,23.375,2026-07-29,HB_BUSAVG,4
25.03,25.6325,2026-07-29,HB_BUSAVG,5
27.45,32.8675,2026-07-29,HB_BUSAVG,6
29.66,35.725,2026-07-29,HB_BUSAVG,7
26.6,31.1075,2026-07-29,HB_BUSAVG,8
20.4,21.455,2026-07-29,HB_BUSAVG,9
20.23,20.345,2026-07-29,HB_BUSAVG,10
21.27,19.75,2026-07-29,HB_BUSAVG,11
23.98,21.1625,2026-07-29,HB_BUSAVG,12
27.86,28.265,2026-07-29,HB_BUSAVG,13
30.15,26.6625,2026-07-29,HB_BUSAVG,14
30.61,31.8725,2026-07-29,HB_BUSAVG,15
32.41,33.2575,2026-07-29,HB_BUSAVG,16
32.28,39.07,2026-07-29,HB_BUSAVG,17
31.38,39.305,2026-07-29,HB_BUSAVG,18
40.87,44.4975,2026-07-29,HB_BUSAVG,19
62.26,48.06,2026-07-29,HB_BUSAVG,20
70.76,47.4575,2026-07-29,HB_BUSAVG,21
63.51,39.08,2026-07-29,HB_BUSAVG,22
46.23,34.2925,2026-07-29,HB_BUSAVG,23
33.96,29.4825,2026-07-29,HB_BUSAVG,24
29.55,26.555,2026-07-30,HB_BUSAVG,1
25.86,25.2875,2026-07-30,HB_BUSAVG,2
24.98,24.5975,2026-07-30,HB_BUSAVG,3
24.54,25.1475,2026-07-30,HB_BUSAVG,4
24.66,26.235,2026-07-30,HB_BUSAVG,5
26.54,30.095,2026-07-30,HB_BUSAVG,6
31.54,30.4375,2026-07-30,HB_BUSAVG,7
27.08,26.4,2026-07-30,HB_BUSAVG,8
21.49,19.45,2026-07-30,HB_BUSAVG,9
18.77,17.45,2026-07-30,HB_BUSAVG,10
20.12,15.83,2026-07-30,HB_BUSAVG,11
22.62,14.78,2026-07-30,HB_BUSAVG,12
24.69,19.3025,2026-07-30,HB_BUSAVG,13
28.1,19.6325,2026-07-30,HB_BUSAVG,14
30.2,23.015,2026-07-30,HB_BUSAVG,15
33.33,22.72,2026-07-30,HB_BUSAVG,16
35.64,23.4475,2026-07-30,HB_BUSAVG,17
33.58,21.9375,2026-07-30,HB_BUSAVG,18
39.41,31.37,2026-07-30,HB_BUSAVG,19
60.59,47.54,2026-07-30,HB_BUSAVG,20
62.75,41.345,2026-07-30,HB_BUSAVG,21
61.47,33.5125,2026-07-30,HB_BUSAVG,22
42.9,27.08,2026-07-30,HB_BUSAVG,23
30.99,25.2,2026-07-30,HB_BUSAVG,24
26.09,24.3975,2026-07-31,HB_BUSAVG,1
23.25,22.88,2026-07-31,HB_BUSAVG,2
21.66,22.4475,2026-07-31,HB_BUSAVG,3
22.16,22.075,2026-07-31,HB_BUSAVG,4
21.97,21.56,2026-07-31,HB_BUSAVG,5
23.35,22.03,2026-07-31,HB_BUSAVG,6
24.15,22.755,2026-07-31,HB_BUSAVG,7
21.68,20.1025,2026-07-31,HB_BUSAVG,8
16.28,17.1725,2026-07-31,HB_BUSAVG,9
14.92,14.7375,2026-07-31,HB_BUSAVG,10
16.4,13.28,2026-07-31,HB_BUSAVG,11
19.37,15.095,2026-07-31,HB_BUSAVG,12
26.29,21.2725,2026-07-31,HB_BUSAVG,13
29.88,22.58,2026-07-31,HB_BUSAVG,14
32.1,27.5675,2026-07-31,HB_BUSAVG,15
36.07,35.2925,2026-07-31,HB_BUSAVG,16
38.39,42.58,2026-07-31,HB_BUSAVG,17
36.56,39.635,2026-07-31,HB_BUSAVG,18
49.78,42.9075,2026-07-31,HB_BUSAVG,19
91.3,60.985,2026-07-31,HB_BUSAVG,20
92.57,58.42,2026-07-31,HB_BUSAVG,21
96.4,40.0825,2026-07-31,HB_BUSAVG,22
78.81,37.805,2026-07-31,HB_BUSAVG,23
47.48,32.53,2026-07-31,HB_BUSAVG,24
35.15,31.5675,2026-08-01,HB_BUSAVG,1
33.09,26.7525,2026-08-01,HB_BUSAVG,2
29.9,26.1575,2026-08-01,HB_BUSAVG,3
29.9,27.565,2026-08-01,HB_BUSAVG,4
29.5,30.4,2026-08-01,HB_BUSAVG,5
28.61,27.88,2026-08-01,HB_BUSAVG,6
29.02,28.43,2026-08-01,HB_BUSAVG,7
26.17,26.23,2026-08-01,HB_BUSAVG,8
21.41,19.97,2026-08-01,HB_BUSAVG,9
20.44,21.255,2026-08-01,HB_BUSAVG,10
20.35,22.1825,2026-08-01,HB_BUSAVG,11
20.77,23.27,2026-08-01,HB_BUSAVG,12
23.84,22.095,2026-08-01,HB_BUSAVG,13
26.58,21.3475,2026-08-01,HB_BUSAVG,14
30.22,24.155,2026-08-01,HB_BUSAVG,15
32.05,24.66,2026-08-01,HB_BUSAVG,16
34.19,24.795,2026-08-01,HB_BUSAVG,17
36.48,25.345,2026-08-01,HB_BUSAVG,18
50.35,35.4025,2026-08-01,HB_BUSAVG,19
76.74,46.955,2026-08-01,HB_BUSAVG,20
66.96,54.74,2026-08-01,HB_BUSAVG,21
71.42,42.3375,2026-08-01,HB_BUSAVG,22
78.85,37.9125,2026-08-01,HB_BUSAVG,23
52.45,36.53,2026-08-01,HB_BUSAVG,24
42.44,37.0025,2026-08-02,HB_BUSAVG,1
39.55,34.005,2026-08-02,HB_BUSAVG,2
35.33,31.8275,2026-08-02,HB_BUSAVG,3
33.4,29.9275,2026-08-02,HB_BUSAVG,4
32.71,30.5175,2026-08-02,HB_BUSAVG,5
32.36,30.2175,2026-08-02,HB_BUSAVG,6
32.45,27.6775,2026-08-02,HB_BUSAVG,7
25.99,26.24,2026-08-02,HB_BUSAVG,8
18.17,18.8925,2026-08-02,HB_BUSAVG,9
17.76,17.78,2026-08-02,HB_BUSAVG,10
18.87,19.0975,2026-08-02,HB_BUSAVG,11
20.73,17.1525,2026-08-02,HB_BUSAVG,12
22.7,18.8525,2026-08-02,HB_BUSAVG,13
27.15,21.2625,2026-08-02,HB_BUSAVG,14
29.73,22.2175,2026-08-02,HB_BUSAVG,15
33.36,21.9775,2026-08-02,HB_BUSAVG,16
37.7,23.805,2026-08-02,HB_BUSAVG,17
39.42,28.1325,2026-08-02,HB_BUSAVG,18
53.53,43.505,2026-08-02,HB_BUSAVG,19
84.5,50.31,2026-08-02,HB_BUSAVG,20
83.08,39.725,2026-08-02,HB_BUSAVG,21
61.4,34.6825,2026-08-02,HB_BUSAVG,22
41.27,29.1725,2026-08-02,HB_BUSAVG,23
31.82,24.7025,2026-08-02,HB_BUSAVG,24
25.45,22.3,2026-08-03,HB_BUSAVG,1
22.42,20.85,2026-08-03,HB_BUSAVG,2
21.4,21.97,2026-08-03,HB_BUSAVG,3
20.68,21.7375,2026-08-03,HB_BUSAVG,4
20.61,23.2675,2026-08-03,HB_BUSAVG,5
23.71,24.8125,2026-08-03,HB_BUSAVG,6
21.64,25.325,2026-08-03,HB_BUSAVG,7
18.93,20.975,2026-08-03,HB_BUSAVG,8
15.06,15.5,2026-08-03,HB_BUSAVG,9
14.99,16.4975,2026-08-03,HB_BUSAVG,10
15.49,15.72,2026-08-03,HB_BUSAVG,11
17.25,15.59,2026-08-03,HB_BUSAVG,12
21.48,19.885,2026-08-03,HB_BUSAVG,13
24.53,23.745,2026-08-03,HB_BUSAVG,14
26.56,21.54,2026-08-03,HB_BUSAVG,15
28.15,19.735,2026-08-03,HB_BUSAVG,16
29.81,19.36,2026-08-03,HB_BUSAVG,17
26.9,19.155,2026-08-03,HB_BUSAVG,18
32.66,24.8025,2026-08-03,HB_BUSAVG,19
47.93,32.9325,2026-08-03,HB_BUSAVG,20
47.7,32.56,2026-08-03,HB_BUSAVG,21
36.82,27.9925,2026-08-03,HB_BUSAVG,22
31.73,22.1225,2026-08-03,HB_BUSAVG,23
26.41,18.8275,2026-08-03,HB_BUSAVG,24
20.4,17.8375,2026-08-04,HB_BUSAVG,1
19.04,17.34,2026-08-04,HB_BUSAVG,2
18.94,17.8675,2026-08-04,HB_BUSAVG,3
18.25,17.91,2026-08-04,HB_BUSAVG,4
18.61,18.725,2026-08-04,HB_BUSAVG,5
20.33,19.645,2026-08-04,HB_BUSAVG,6
20.29,20.1875,2026-08-04,HB_BUSAVG,7
19.15,19.9,2026-08-04,HB_BUSAVG,8
14.84,15.4125,2026-08-04,HB_BUSAVG,9
13.39,13.58,2026-08-04,HB_BUSAVG,10
14.25,13.135,2026-08-04,HB_BUSAVG,11
17.3,13.62,2026-08-04,HB_BUSAVG,12
20.47,15.2475,2026-08-04,HB_BUSAVG,13
24.07,17.6075,2026-08-04,HB_BUSAVG,14
26.29,20.42,2026-08-04,HB_BUSAVG,15
27.45,18.555,2026-08-04,HB_BUSAVG,16
27.73,20.4875,2026-08-04,HB_BUSAVG,17
28.61,20.6425,2026-08-04,HB_BUSAVG,18
33.28,28.565,2026-08-04,HB_BUSAVG,19
45.07,39.98,2026-08-04,HB_BUSAVG,20
46.03,47.0375,2026-08-04,HB_BUSAVG,21
48.35,55.7325,2026-08-04,HB_BUSAVG,22
37.01,40.585,2026-08-04,HB_BUSAVG,23
29.93,27.685,2026-08-04,HB_BUSAVG,24
24.3,25.78,2026-08-05,HB_BUSAVG,1
22.51,24.795,2026-08-05,HB_BUSAVG,2
21.54,25.1175,2026-08-05,HB_BUSAVG,3
21.42,24.01,2026-08-05,HB_BUSAVG,4
21.11,24.62,2026-08-05,HB_BUSAVG,5
23.02,27.57,2026-08-05,HB_BUSAVG,6
22.52,31.2975,2026-08-05,HB_BUSAVG,7
21.4,27.1625,2026-08-05,HB_BUSAVG,8
16.82,21.4675,2026-08-05,HB_BUSAVG,9
15.15,18.3375,2026-08-05,HB_BUSAVG,10
15.57,17.335,2026-08-05,HB_BUSAVG,11
18.46,16.335,2026-08-05,HB_BUSAVG,12
20.53,15.445,2026-08-05,HB_BUSAVG,13
23.03,17.3075,2026-08-05,HB_BUSAVG,14
24.59,18.6025,2026-08-05,HB_BUSAVG,15
25.83,17.4725,2026-08-05,HB_BUSAVG,16
27.12,18.865,2026-08-05,HB_BUSAVG,17
28.39,21.085,2026-08-05,HB_BUSAVG,18
33.31,32.6825,2026-08-05,HB_BUSAVG,19
41.84,45.1475,2026-08-05,HB_BUSAVG,20
41.26,62.0325,2026-08-05,HB_BUSAVG,21
39.23,65.0025,2026-08-05,HB_BUSAVG,22
35.44,40.465,2026-08-05,HB_BUSAVG,23
28.71,29.925,2026-08-05,HB_BUSAVG,24
22.42,28.6775,2026-08-06,HB_BUSAVG,1
20.97,24.7375,2026-08-06,HB_BUSAVG,2
20.16,24.2025,2026-08-06,HB_BUSAVG,3
20.52,24.63,2026-08-06,HB_BUSAVG,4
20.86,25.43,2026-08-06,HB_BUSAVG,5
22.86,27.1125,2026-08-06,HB_BUSAVG,6
24.75,27.4775,2026-08-06,HB_BUSAVG,7
23.31,26.2125,2026-08-06,HB_BUSAVG,8
18.2,20.1,2026-08-06,HB_BUSAVG,9
15.26,15.53,2026-08-06,HB_BUSAVG,10
15.91,15.3,2026-08-06,HB_BUSAVG,11
18.1,17.665,2026-08-06,HB_BUSAVG,12
20.56,20.5775,2026-08-06,HB_BUSAVG,13
22.84,22.4375,2026-08-06,HB_BUSAVG,14
25.39,23.275,2026-08-06,HB_BUSAVG,15
24.77,27.3175,2026-08-06,HB_BUSAVG,16
25.62,31.2725,2026-08-06,HB_BUSAVG,17
25.73,31.4275,2026-08-06,HB_BUSAVG,18
31.02,39.6325,2026-08-06,HB_BUSAVG,19
40.47,53.525,2026-08-06,HB_BUSAVG,20
41.26,55.71,2026-08-06,HB_BUSAVG,21
40.03,75.18,2026-08-06,HB_BUSAVG,22
32.69,46.77,2026-08-06,HB_BUSAVG,23
26.67,31.06,2026-08-06,HB_BUSAVG,24
26.91,23.8125,2026-08-07,HB_BUSAVG,1
23.84,24.0225,2026-08-07,HB_BUSAVG,2
23.31,25.9725,2026-08-07,HB_BUSAVG,3
21.88,22.8425,2026-08-07,HB_BUSAVG,4
21.79,23.7,2026-08-07,HB_BUSAVG,5
23.6,30.575,2026-08-07,HB_BUSAVG,6
26.23,27.215,2026-08-07,HB_BUSAVG,7
23.29,21.71,2026-08-07,HB_BUSAVG,8
17.98,17.605,2026-08-07,HB_BUSAVG,9
15.6,14.6075,2026-08-07,HB_BUSAVG,10
15.75,14.6775,2026-08-07,HB_BUSAVG,11
18.6,16.2525,2026-08-07,HB_BUSAVG,12
22.06,23.5375,2026-08-07,HB_BUSAVG,13
25.77,37.0375,2026-08-07,HB_BUSAVG,14
27.13,55.2575,2026-08-07,HB_BUSAVG,15
27.23,60.83,2026-08-07,HB_BUSAVG,16
29.61,62.33,2026-08-07,HB_BUSAVG,17
29.94,74.52,2026-08-07,HB_BUSAVG,18
36.34,91.14,2026-08-07,HB_BUSAVG,19
44.8,66.5525,2026-08-07,HB_BUSAVG,20
44.13,55.17,2026-08-07,HB_BUSAVG,21
43.54,39.2375,2026-08-07,HB_BUSAVG,22
38.1,35.46,2026-08-07,HB_BUSAVG,23
30.99,29.775,2026-08-07,HB_BUSAVG,24
28.12,32.2475,2026-08-08,HB_BUSAVG,1
25.75,27.5775,2026-08-08,HB_BUSAVG,2
25.57,24.4725,2026-08-08,HB_BUSAVG,3
24.51,23.6675,2026-08-08,HB_BUSAVG,4
24.41,24.42,2026-08-08,HB_BUSAVG,5
25.09,27.665,2026-08-08,HB_BUSAVG,6
24.01,28.0325,2026-08-08,HB_BUSAVG,7
23.52,26.3325,2026-08-08,HB_BUSAVG,8
18.79,20.955,2026-08-08,HB_BUSAVG,9
17.57,21.75,2026-08-08,HB_BUSAVG,10
17.52,24.11,2026-08-08,HB_BUSAVG,11
20.73,24.59,2026-08-08,HB_BUSAVG,12
22.3,34.255,2026-08-08,HB_BUSAVG,13
23.67,37.8625,2026-08-08,HB_BUSAVG,14
24.17,51.4075,2026-08-08,HB_BUSAVG,15
25.71,68.75,2026-08-08,HB_BUSAVG,16
26.79,76.5475,2026-08-08,HB_BUSAVG,17
26.55,86.445,2026-08-08,HB_BUSAVG,18
34.21,53.2425,2026-08-08,HB_BUSAVG,19
41.39,50.6275,2026-08-08,HB_BUSAVG,20
41.68,46.3625,2026-08-08,HB_BUSAVG,21
37.91,47.835,2026-08-08,HB_BUSAVG,22
33.96,35.1,2026-08-08,HB_BUSAVG,23
27.86,28.795,2026-08-08,HB_BUSAVG,24
29.41,28.4225,2026-08-09,HB_BUSAVG,1
26.63,24.145,2026-08-09,HB_BUSAVG,2
24.02,23.1875,2026-08-09,HB_BUSAVG,3
23.11,22.515,2026-08-09,HB_BUSAVG,4
23.06,23.19,2026-08-09,HB_BUSAVG,5
23.5,23.1525,2026-08-09,HB_BUSAVG,6
22.46,23.41,2026-08-09,HB_BUSAVG,7
20.08,20.5025,2026-08-09,HB_BUSAVG,8
15.74,17.53,2026-08-09,HB_BUSAVG,9
15.08,17.3725,2026-08-09,HB_BUSAVG,10
15.8,17.0275,2026-08-09,HB_BUSAVG,11
18.35,19.165,2026-08-09,HB_BUSAVG,12
23.75,23.4075,2026-08-09,HB_BUSAVG,13
23.97,30.9425,2026-08-09,HB_BUSAVG,14
25.85,36.615,2026-08-09,HB_BUSAVG,15
26.53,36.305,2026-08-09,HB_BUSAVG,16
28.06,36.505,2026-08-09,HB_BUSAVG,17
27.11,38.485,2026-08-09,HB_BUSAVG,18
32.31,37.95,2026-08-09,HB_BUSAVG,19
44.31,48.725,2026-08-09,HB_BUSAVG,20
46.06,53.1625,2026-08-09,HB_BUSAVG,21
44.12,57.735,2026-08-09,HB_BUSAVG,22
35.47,43.5225,2026-08-09,HB_BUSAVG,23
28.96,31.4875,2026-08-09,HB_BUSAVG,24
24.7,27.8625,2026-08-10,HB_BUSAVG,1
23.19,23.345,2026-08-10,HB_BUSAVG,2
21.74,22.4225,2026-08-10,HB_BUSAVG,3
21.57,21.8025,2026-08-10,HB_BUSAVG,4
21.97,21.5775,2026-08-10,HB_BUSAVG,5
23.69,22.595,2026-08-10,HB_BUSAVG,6
23.5,23.4875,2026-08-10,HB_BUSAVG,7
21.72,21.295,2026-08-10,HB_BUSAVG,8
18.39,17.4325,2026-08-10,HB_BUSAVG,9
16.55,18.285,2026-08-10,HB_BUSAVG,10
17.54,19.95,2026-08-10,HB_BUSAVG,11
20.23,22.14,2026-08-10,HB_BUSAVG,12
22.71,23.28,2026-08-10,HB_BUSAVG,13
25.66,23.445,2026-08-10,HB_BUSAVG,14
28.76,24.805,2026-08-10,HB_BUSAVG,15
29.57,25.145,2026-08-10,HB_BUSAVG,16
30.97,23.6525,2026-08-10,HB_BUSAVG,17
31.58,19.29,2026-08-10,HB_BUSAVG,18
39.66,23.02,2026-08-10,HB_BUSAVG,19
42.77,28.0725,2026-08-10,HB_BUSAVG,20
42.68,27.3325,2026-08-10,HB_BUSAVG,21
40.71,25.84,2026-08-10,HB_BUSAVG,22
35.44,23.8775,2026-08-10,HB_BUSAVG,23
28.25,22.4875,2026-08-10,HB_BUSAVG,24
23.9,21.2675,2026-08-11,HB_BUSAVG,1
22.23,19.665,2026-08-11,HB_BUSAVG,2
21.52,17.885,2026-08-11,HB_BUSAVG,3
21.41,17.7925,2026-08-11,HB_BUSAVG,4
21.41,17.535,2026-08-11,HB_BUSAVG,5
22.35,19.11,2026-08-11,HB_BUSAVG,6
22.41,20.86,2026-08-11,HB_BUSAVG,7
21.7,20.025,2026-08-11,HB_BUSAVG,8
15.92,14.7125,2026-08-11,HB_BUSAVG,9
12.69,11.1875,2026-08-11,HB_BUSAVG,10
13.59,7.9775,2026-08-11,HB_BUSAVG,11
15.37,11.42,2026-08-11,HB_BUSAVG,12
18.65,14.0725,2026-08-11,HB_BUSAVG,13
21.35,17.8925,2026-08-11,HB_BUSAVG,14
22.98,21.045,2026-08-11,HB_BUSAVG,15
24.33,22.9825,2026-08-11,HB_BUSAVG,16
26.93,24.035,2026-08-11,HB_BUSAVG,17
24.61,25.35,2026-08-11,HB_BUSAVG,18
30.56,33.1,2026-08-11,HB_BUSAVG,19
39.79,49.8875,2026-08-11,HB_BUSAVG,20
42.21,47.0625,2026-08-11,HB_BUSAVG,21
37.83,65.4925,2026-08-11,HB_BUSAVG,22
32.72,35.8225,2026-08-11,HB_BUSAVG,23
26.27,28.1275,2026-08-11,HB_BUSAVG,24
22.95,22.45,2026-08-12,HB_BUSAVG,1
21.95,21.6525,2026-08-12,HB_BUSAVG,2
21.3,20.8625,2026-08-12,HB_BUSAVG,3
20.54,21.075,2026-08-12,HB_BUSAVG,4
20.25,21.7575,2026-08-12,HB_BUSAVG,5
21.81,23.125,2026-08-12,HB_BUSAVG,6
21.32,23.9125,2026-08-12,HB_BUSAVG,7
19.38,20.05,2026-08-12,HB_BUSAVG,8
15.02,13.99,2026-08-12,HB_BUSAVG,9
13.22,13.6375,2026-08-12,HB_BUSAVG,10
13.89,13.1425,2026-08-12,HB_BUSAVG,11
16.42,13.485,2026-08-12,HB_BUSAVG,12
17.22,15.3125,2026-08-12,HB_BUSAVG,13
18.51,17.73,2026-08-12,HB_BUSAVG,14
20.64,21.365,2026-08-12,HB_BUSAVG,15
21.79,20.305,2026-08-12,HB_BUSAVG,16
24.26,29.605,2026-08-12,HB_BUSAVG,17
23.47,34.2025,2026-08-12,HB_BUSAVG,18
27.88,41.63,2026-08-12,HB_BUSAVG,19
34.77,52.74,2026-08-12,HB_BUSAVG,20
35.4,57.9025,2026-08-12,HB_BUSAVG,21
33.22,40.695,2026-08-12,HB_BUSAVG,22
30.57,34.3675,2026-08-12,HB_BUSAVG,23
24.84,26.06,2026-08-12,HB_BUSAVG,24
22.98,23.4225,2026-08-13,HB_BUSAVG,1
21.49,22.7125,2026-08-13,HB_BUSAVG,2
20.65,21.6325,2026-08-13,HB_BUSAVG,3
19.37,20.34,2026-08-13,HB_BUSAVG,4
19.97,20.545,2026-08-13,HB_BUSAVG,5
21.46,21.5075,2026-08-13,HB_BUSAVG,6
21.4,23.255,2026-08-13,HB_BUSAVG,7
20.04,21.645,2026-08-13,HB_BUSAVG,8
14.51,14.105,2026-08-13,HB_BUSAVG,9
12.67,9.83,2026-08-13,HB_BUSAVG,10
13.89,10.355,2026-08-13,HB_BUSAVG,11
15.95,12.5825,2026-08-13,HB_BUSAVG,12
17.89,13.5925,2026-08-13,HB_BUSAVG,13
19.98,19.0225,2026-08-13,HB_BUSAVG,14
21.64,23.415,2026-08-13,HB_BUSAVG,15
24.53,22.8525,2026-08-13,HB_BUSAVG,16
26.44,20.6125,2026-08-13,HB_BUSAVG,17
25.77,24.2675,2026-08-13,HB_BUSAVG,18
29.04,39.205,2026-08-13,HB_BUSAVG,19
37.62,50.5025,2026-08-13,HB_BUSAVG,20
37.33,71.735,2026-08-13,HB_BUSAVG,21
39.05,37.94,2026-08-13,HB_BUSAVG,22
33.09,37.6675,2026-08-13,HB_BUSAVG,23
27.43,34.1025,2026-08-13,HB_BUSAVG,24
24.23,28.31,2026-08-14,HB_BUSAVG,1
22.95,25.0975,2026-08-14,HB_BUSAVG,2
22.02,23.28,2026-08-14,HB_BUSAVG,3
21.87,22.375,2026-08-14,HB_BUSAVG,4
21.57,21.355,2026-08-14,HB_BUSAVG,5
22.7,21.935,2026-08-14,HB_BUSAVG,6
23.42,23.365,2026-08-14,HB_BUSAVG,7
22.09,20.4525,2026-08-14,HB_BUSAVG,8
18.08,16.0275,2026-08-14,HB_BUSAVG,9
13.56,13.9075,2026-08-14,HB_BUSAVG,10
14.92,11.8775,2026-08-14,HB_BUSAVG,11
17.92,12.7625,2026-08-14,HB_BUSAVG,12
20.38,15.475,2026-08-14,HB_BUSAVG,13
22.22,16.4275,2026-08-14,HB_BUSAVG,14
24.24,19.7175,2026-08-14,HB_BUSAVG,15
25.62,20.3075,2026-08-14,HB_BUSAVG,16
26.3,17.095,2026-08-14,HB_BUSAVG,17
25.58,17.2075,2026-08-14,HB_BUSAVG,18
32.78,20.7675,2026-08-14,HB_BUSAVG,19
40.38,28.71,2026-08-14,HB_BUSAVG,20
38.97,29.17,2026-08-14,HB_BUSAVG,21
38.63,26.76,2026-08-14,HB_BUSAVG,22
35.64,26.5475,2026-08-14,HB_BUSAVG,23
29.85,25.7825,2026-08-14,HB_BUSAVG,24
24.57,23.6825,2026-08-15,HB_BUSAVG,1
23.94,23.3775,2026-08-15,HB_BUSAVG,2
23.39,23.4925,2026-08-15,HB_BUSAVG,3
22.48,23.1375,2026-08-15,HB_BUSAVG,4
22.12,23.7325,2026-08-15,HB_BUSAVG,5
22.89,25.4775,2026-08-15,HB_BUSAVG,6
23.61,25.3775,2026-08-15,HB_BUSAVG,7
22.75,23.285,2026-08-15,HB_BUSAVG,8
17.55,15.3525,2026-08-15,HB_BUSAVG,9
13.44,13.2125,2026-08-15,HB_BUSAVG,10
13.99,15.03,2026-08-15,HB_BUSAVG,11
17.19,17.775,2026-08-15,HB_BUSAVG,12
19.23,20.365,2026-08-15,HB_BUSAVG,13
21.56,22.7775,2026-08-15,HB_BUSAVG,14
23.14,22.9575,2026-08-15,HB_BUSAVG,15
24.63,22.735,2026-08-15,HB_BUSAVG,16
26.06,20.97,2026-08-15,HB_BUSAVG,17
25.86,19.515,2026-08-15,HB_BUSAVG,18
32.71,27.45,2026-08-15,HB_BUSAVG,19
43.99,40.3525,2026-08-15,HB_BUSAVG,20
43.57,37.7725,2026-08-15,HB_BUSAVG,21
43.98,31.0525,2026-08-15,HB_BUSAVG,22
38.17,32.89,2026-08-15,HB_BUSAVG,23
31.87,35.95,2026-08-15,HB_BUSAVG,24
24.85,33.5875,2026-08-16,HB_BUSAVG,1
23.6,29.565,2026-08-16,HB_BUSAVG,2
22.89,28.0275,2026-08-16,HB_BUSAVG,3
22.75,25.435,2026-08-16,HB_BUSAVG,4
22.06,23.5075,2026-08-16,HB_BUSAVG,5
22.93,26.6725,2026-08-16,HB_BUSAVG,6
22.2,27.4375,2026-08-16,HB_BUSAVG,7
20.22,22.1,2026-08-16,HB_BUSAVG,8
16.11,17.4525,2026-08-16,HB_BUSAVG,9
13.81,16.235,2026-08-16,HB_BUSAVG,10
14.42,16.8925,2026-08-16,HB_BUSAVG,11
17.44,18.56,2026-08-16,HB_BUSAVG,12
21.98,20.7375,2026-08-16,HB_BUSAVG,13
25.23,24.0525,2026-08-16,HB_BUSAVG,14
28.13,31.4975,2026-08-16,HB_BUSAVG,15
29.86,28.02,2026-08-16,HB_BUSAVG,16
30.47,25.85,2026-08-16,HB_BUSAVG,17
32.6,23.28,2026-08-16,HB_BUSAVG,18
48.68,39.0825,2026-08-16,HB_BUSAVG,19
66.26,74.6925,2026-08-16,HB_BUSAVG,20
60.78,89.325,2026-08-16,HB_BUSAVG,21
56.55,69.1275,2026-08-16,HB_BUSAVG,22
52.44,32.985,2026-08-16,HB_BUSAVG,23
32.02,26.9275,2026-08-16,HB_BUSAVG,24
29.1,23.945,2026-08-17,HB_BUSAVG,1
26.8,24.0575,2026-08-17,HB_BUSAVG,2
26.0,23.0,2026-08-17,HB_BUSAVG,3
24.71,22.025,2026-08-17,HB_BUSAVG,4
26.49,21.8675,2026-08-17,HB_BUSAVG,5
29.46,25.0975,2026-08-17,HB_BUSAVG,6
32.26,28.875,2026-08-17,HB_BUSAVG,7
31.05,29.225,2026-08-17,HB_BUSAVG,8
21.63,19.4475,2026-08-17,HB_BUSAVG,9
20.28,17.2025,2026-08-17,HB_BUSAVG,10
21.32,18.4375,2026-08-17,HB_BUSAVG,11
23.84,21.4475,2026-08-17,HB_BUSAVG,12
28.26,32.1075,2026-08-17,HB_BUSAVG,13
31.11,36.495,2026-08-17,HB_BUSAVG,14
34.55,28.915,2026-08-17,HB_BUSAVG,15
34.42,29.355,2026-08-17,HB_BUSAVG,16
36.3,27.1875,2026-08-17,HB_BUSAVG,17
43.96,36.4725,2026-08-17,HB_BUSAVG,18
75.99,97.8775,2026-08-17,HB_BUSAVG,19
120.54,201.8725,2026-08-17,HB_BUSAVG,20
118.62,300.6425,2026-08-17,HB_BUSAVG,21
120.78,105.665,2026-08-17,HB_BUSAVG,22
78.02,41.915,2026-08-17,HB_BUSAVG,23
38.08,29.57,2026-08-17,HB_BUSAVG,24
29.24,28.7,2026-08-18,HB_BUSAVG,1
25.95,24.325,2026-08-18,HB_BUSAVG,2
24.42,23.305,2026-08-18,HB_BUSAVG,3
23.83,22.485,2026-08-18,HB_BUSAVG,4
23.91,21.7375,2026-08-18,HB_BUSAVG,5
24.85,22.3075,2026-08-18,HB_BUSAVG,6
25.53,25.485,2026-08-18,HB_BUSAVG,7
24.44,23.485,2026-08-18,HB_BUSAVG,8
19.29,15.745,2026-08-18,HB_BUSAVG,9
17.08,15.255,2026-08-18,HB_BUSAVG,10
18.32,15.5875,2026-08-18,HB_BUSAVG,11
22.36,20.87,2026-08-18,HB_BUSAVG,12
25.75,29.97,2026-08-18,HB_BUSAVG,13
29.41,36.27,2026-08-18,HB_BUSAVG,14
30.34,30.49,2026-08-18,HB_BUSAVG,15
31.64,30.0775,2026-08-18,HB_BUSAVG,16
33.86,36.7125,2026-08-18,HB_BUSAVG,17
38.2,29.695,2026-08-18,HB_BUSAVG,18
57.09,47.2975,2026-08-18,HB_BUSAVG,19
72.85,98.915,2026-08-18,HB_BUSAVG,20
73.46,79.0125,2026-08-18,HB_BUSAVG,21
57.24,47.4025,2026-08-18,HB_BUSAVG,22
41.2,28.88,2026-08-18,HB_BUSAVG,23
30.09,24.6825,2026-08-18,HB_BUSAVG,24
24.99,23.245,2026-08-19,HB_BUSAVG,1
22.57,21.27,2026-08-19,HB_BUSAVG,2
21.65,19.75,2026-08-19,HB_BUSAVG,3
21.95,18.4175,2026-08-19,HB_BUSAVG,4
21.77,18.1225,2026-08-19,HB_BUSAVG,5
22.76,18.7575,2026-08-19,HB_BUSAVG,6
22.69,19.4625,2026-08-19,HB_BUSAVG,7
20.81,18.2925,2026-08-19,HB_BUSAVG,8
16.97,15.555,2026-08-19,HB_BUSAVG,9
15.29,13.335,2026-08-19,HB_BUSAVG,10
15.67,14.5575,2026-08-19,HB_BUSAVG,11
17.69,18.87,2026-08-19,HB_BUSAVG,12
21.8,22.6075,2026-08-19,HB_BUSAVG,13
28.32,25.66,2026-08-19,HB_BUSAVG,14
32.35,28.575,2026-08-19,HB_BUSAVG,15
35.33,28.2125,2026-08-19,HB_BUSAVG,16
39.12,28.3925,2026-08-19,HB_BUSAVG,17
39.81,27.8475,2026-08-19,HB_BUSAVG,18
59.74,55.51,2026-08-19,HB_BUSAVG,19
94.55,56.5275,2026-08-19,HB_BUSAVG,20
91.18,51.16,2026-08-19,HB_BUSAVG,21
62.91,36.205,2026-08-19,HB_BUSAVG,22
40.75,28.9425,2026-08-19,HB_BUSAVG,23
31.53,25.5775,2026-08-19,HB_BUSAVG,24
23.77,23.7825,2026-08-20,HB_BUSAVG,1
21.97,22.1475,2026-08-20,HB_BUSAVG,2
21.76,21.46,2026-08-20,HB_BUSAVG,3
22.12,21.0325,2026-08-20,HB_BUSAVG,4
23.18,19.5625,2026-08-20,HB_BUSAVG,5
24.9,21.29,2026-08-20,HB_BUSAVG,6
27.29,23.265,2026-08-20,HB_BUSAVG,7
25.13,22.4725,2026-08-20,HB_BUSAVG,8
20.38,16.305,2026-08-20,HB_BUSAVG,9
18.2,16.6625,2026-08-20,HB_BUSAVG,10
18.83,18.95,2026-08-20,HB_BUSAVG,11
21.46,21.375,2026-08-20,HB_BUSAVG,12
25.18,24.81,2026-08-20,HB_BUSAVG,13
31.15,30.5175,2026-08-20,HB_BUSAVG,14
37.61,24.5175,2026-08-20,HB_BUSAVG,15
40.11,26.725,2026-08-20,HB_BUSAVG,16
43.45,23.8475,2026-08-20,HB_BUSAVG,17
49.98,21.415,2026-08-20,HB_BUSAVG,18
90.9,46.22,2026-08-20,HB_BUSAVG,19
146.63,64.805,2026-08-20,HB_BUSAVG,20
137.14,63.5925,2026-08-20,HB_BUSAVG,21
116.82,56.995,2026-08-20,HB_BUSAVG,22
59.06,34.5775,2026-08-20,HB_BUSAVG,23
36.13,28.46,2026-08-20,HB_BUSAVG,24
27.41,26.1625,2026-08-21,HB_BUSAVG,1
24.5,26.99,2026-08-21,HB_BUSAVG,2
24.13,26.94,2026-08-21,HB_BUSAVG,3
24.07,26.665,2026-08-21,HB_BUSAVG,4
23.82,28.83,2026-08-21,HB_BUSAVG,5
26.42,29.6575,2026-08-21,HB_BUSAVG,6
27.35,29.905,2026-08-21,HB_BUSAVG,7
26.6,29.09,2026-08-21,HB_BUSAVG,8
20.51,21.175,2026-08-21,HB_BUSAVG,9
19.19,23.04,2026-08-21,HB_BUSAVG,10
20.6,24.7975,2026-08-21,HB_BUSAVG,11
23.74,25.785,2026-08-21,HB_BUSAVG,12
28.26,28.67,2026-08-21,HB_BUSAVG,13
33.15,33.6775,2026-08-21,HB_BUSAVG,14
39.13,26.9125,2026-08-21,HB_BUSAVG,15
42.34,26.1475,2026-08-21,HB_BUSAVG,16
53.05,27.05,2026-08-21,HB_BUSAVG,17
59.39,25.8075,2026-08-21,HB_BUSAVG,18
113.59,41.005,2026-08-21,HB_BUSAVG,19
126.66,49.8625,2026-08-21,HB_BUSAVG,20
104.32,45.0825,2026-08-21,HB_BUSAVG,21
74.89,37.4375,2026-08-21,HB_BUSAVG,22
46.73,30.7825,2026-08-21,HB_BUSAVG,23
31.47,29.3,2026-08-21,HB_BUSAVG,24
26.3,27.5925,2026-08-22,HB_BUSAVG,1
24.43,24.9425,2026-08-22,HB_BUSAVG,2
23.06,23.25,2026-08-22,HB_BUSAVG,3
22.28,24.0975,2026-08-22,HB_BUSAVG,4
22.16,24.1625,2026-08-22,HB_BUSAVG,5
22.85,22.585,2026-08-22,HB_BUSAVG,6
23.02,21.515,2026-08-22,HB_BUSAVG,7
22.02,21.0175,2026-08-22,HB_BUSAVG,8
18.2,19.86,2026-08-22,HB_BUSAVG,9
18.21,20.1,2026-08-22,HB_BUSAVG,10
19.27,19.515,2026-08-22,HB_BUSAVG,11
22.11,22.1025,2026-08-22,HB_BUSAVG,12
29.64,33.5325,2026-08-22,HB_BUSAVG,13
33.98,36.465,2026-08-22,HB_BUSAVG,14
35.74,38.6375,2026-08-22,HB_BUSAVG,15
39.45,30.9825,2026-08-22,HB_BUSAVG,16
51.63,34.745,2026-08-22,HB_BUSAVG,17
54.39,45.02,2026-08-22,HB_BUSAVG,18
83.32,58.5825,2026-08-22,HB_BUSAVG,19
103.66,68.8025,2026-08-22,HB_BUSAVG,20
91.18,55.6275,2026-08-22,HB_BUSAVG,21
70.46,48.125,2026-08-22,HB_BUSAVG,22
40.91,110.575,2026-08-22,HB_BUSAVG,23
31.36,212.37,2026-08-22,HB_BUSAVG,24
31.39,74.79,2026-08-23,HB_BUSAVG,1
27.31,61.775,2026-08-23,HB_BUSAVG,2
24.54,39.56,2026-08-23,HB_BUSAVG,3
23.63,40.34,2026-08-23,HB_BUSAVG,4
23.35,31.26,2026-08-23,HB_BUSAVG,5
23.6,33.47,2026-08-23,HB_BUSAVG,6
23.43,35.9375,2026-08-23,HB_BUSAVG,7
21.8,28.26,2026-08-23,HB_BUSAVG,8
18.45,24.9675,2026-08-23,HB_BUSAVG,9
16.44,23.865,2026-08-23,HB_BUSAVG,10
17.14,22.4775,2026-08-23,HB_BUSAVG,11
20.22,21.8125,2026-08-23,HB_BUSAVG,12
24.84,26.4075,2026-08-23,HB_BUSAVG,13
31.71,33.835,2026-08-23,HB_BUSAVG,14
33.56,42.8775,2026-08-23,HB_BUSAVG,15
32.89,42.3175,2026-08-23,HB_BUSAVG,16
35.98,33.5275,2026-08-23,HB_BUSAVG,17
39.25,44.11,2026-08-23,HB_BUSAVG,18
56.78,64.1075,2026-08-23,HB_BUSAVG,19
80.57,210.18,2026-08-23,HB_BUSAVG,20
65.57,286.0625,2026-08-23,HB_BUSAVG,21
55.32,331.4075,2026-08-23,HB_BUSAVG,22
36.02,43.6925,2026-08-23,HB_BUSAVG,23
28.89,31.2125,2026-08-23,HB_BUSAVG,24
28.95,26.1175,2026-08-24,HB_BUSAVG,1
24.15,22.1725,2026-08-24,HB_BUSAVG,2
23.32,21.1375,2026-08-24,HB_BUSAVG,3
22.9,20.4575,2026-08-24,HB_BUSAVG,4
22.88,20.5025,2026-08-24,HB_BUSAVG,5
23.68,21.82,2026-08-24,HB_BUSAVG,6
23.5,22.355,2026-08-24,HB_BUSAVG,7
23.04,21.0725,2026-08-24,HB_BUSAVG,8
17.94,17.5225,2026-08-24,HB_BUSAVG,9
15.93,16.385,2026-08-24,HB_BUSAVG,10
16.36,16.22,2026-08-24,HB_BUSAVG,11
19.11,19.68,2026-08-24,HB_BUSAVG,12
25.86,29.335,2026-08-24,HB_BUSAVG,13
33.95,48.67,2026-08-24,HB_BUSAVG,14
35.34,60.5075,2026-08-24,HB_BUSAVG,15
37.61,59.305,2026-08-24,HB_BUSAVG,16
39.3,54.63,2026-08-24,HB_BUSAVG,17
42.28,69.405,2026-08-24,HB_BUSAVG,18
60.36,86.6925,2026-08-24,HB_BUSAVG,19
78.7,111.0675,2026-08-24,HB_BUSAVG,20
73.86,70.745,2026-08-24,HB_BUSAVG,21
56.23,35.4125,2026-08-24,HB_BUSAVG,22
40.2,27.5,2026-08-24,HB_BUSAVG,23
30.15,24.8175,2026-08-24,HB_BUSAVG,24
24.1,23.1225,2026-08-25,HB_BUSAVG,1
22.6,22.0575,2026-08-25,HB_BUSAVG,2
21.82,21.5125,2026-08-25,HB_BUSAVG,3
21.47,20.915,2026-08-25,HB_BUSAVG,4
21.67,19.9325,2026-08-25,HB_BUSAVG,5
22.6,22.59,2026-08-25,HB_BUSAVG,6
23.12,28.67,2026-08-25,HB_BUSAVG,7
23.3,29.905,2026-08-25,HB_BUSAVG,8
20.03,25.9125,2026-08-25,HB_BUSAVG,9
19.11,27.5775,2026-08-25,HB_BUSAVG,10
20.22,28.785,2026-08-25,HB_BUSAVG,11
23.8,22.155,2026-08-25,HB_BUSAVG,12
29.29,24.3175,2026-08-25,HB_BUSAVG,13
34.02,28.5025,2026-08-25,HB_BUSAVG,14
36.34,27.7375,2026-08-25,HB_BUSAVG,15
35.9,28.925,2026-08-25,HB_BUSAVG,16
37.64,35.49,2026-08-25,HB_BUSAVG,17
40.13,52.405,2026-08-25,HB_BUSAVG,18
69.4,62.3975,2026-08-25,HB_BUSAVG,19
101.81,61.6525,2026-08-25,HB_BUSAVG,20
95.28,50.3,2026-08-25,HB_BUSAVG,21
67.15,42.8575,2026-08-25,HB_BUSAVG,22
43.44,33.7475,2026-08-25,HB_BUSAVG,23
33.41,29.81,2026-08-25,HB_BUSAVG,24
28.18,27.0325,2026-08-26,HB_BUSAVG,1
26.49,27.05,2026-08-26,HB_BUSAVG,2
26.7,35.1875,2026-08-26,HB_BUSAVG,3
28.83,46.02,2026-08-26,HB_BUSAVG,4
30.27,52.1,2026-08-26,HB_BUSAVG,5
33.35,58.375,2026-08-26,HB_BUSAVG,6
36.18,60.7,2026-08-26,HB_BUSAVG,7
33.82,78.54,2026-08-26,HB_BUSAVG,8
26.76,40.77,2026-08-26,HB_BUSAVG,9
24.92,38.6275,2026-08-26,HB_BUSAVG,10
25.5,40.135,2026-08-26,HB_BUSAVG,11
28.99,41.8125,2026-08-26,HB_BUSAVG,12
34.11,46.665,2026-08-26,HB_BUSAVG,13
37.62,43.76,2026-08-26,HB_BUSAVG,14
44.34,51.4875,2026-08-26,HB_BUSAVG,15
49.91,71.8975,2026-08-26,HB_BUSAVG,16
57.5,74.1525,2026-08-26,HB_BUSAVG,17
62.63,104.2575,2026-08-26,HB_BUSAVG,18
105.72,167.815,2026-08-26,HB_BUSAVG,19
145.64,298.245,2026-08-26,HB_BUSAVG,20
131.53,381.75,2026-08-26,HB_BUSAVG,21
143.81,448.3625,2026-08-26,HB_BUSAVG,22
99.62,534.6275,2026-08-26,HB_BUSAVG,23
60.6,84.0425,2026-08-26,HB_BUSAVG,24
68.25,70.1775,2026-08-27,HB_BUSAVG,1
53.63,45.1925,2026-08-27,HB_BUSAVG,2
48.57,38.8225,2026-08-27,HB_BUSAVG,3
44.29,38.4575,2026-08-27,HB_BUSAVG,4
41.33,40.9975,2026-08-27,HB_BUSAVG,5
43.06,32.2025,2026-08-27,HB_BUSAVG,6
47.29,35.12,2026-08-27,HB_BUSAVG,7
40.48,33.3225,2026-08-27,HB_BUSAVG,8
28.27,28.405,2026-08-27,HB_BUSAVG,9
26.99,25.3,2026-08-27,HB_BUSAVG,10
28.16,21.5075,2026-08-27,HB_BUSAVG,11
29.16,19.8225,2026-08-27,HB_BUSAVG,12
34.59,24.34,2026-08-27,HB_BUSAVG,13
36.85,39.145,2026-08-27,HB_BUSAVG,14
41.37,39.805,2026-08-27,HB_BUSAVG,15
41.85,37.055,2026-08-27,HB_BUSAVG,16
49.28,25.8875,2026-08-27,HB_BUSAVG,17
58.2,22.3475,2026-08-27,HB_BUSAVG,18
86.9,43.2175,2026-08-27,HB_BUSAVG,19
97.85,95.655,2026-08-27,HB_BUSAVG,20
104.88,98.7275,2026-08-27,HB_BUSAVG,21
101.35,68.9925,2026-08-27,HB_BUSAVG,22
81.8,76.675,2026-08-27,HB_BUSAVG,23
51.93,69.1125,2026-08-27,HB_BUSAVG,24
46.2,47.64,2026-08-28,HB_BUSAVG,1
41.02,40.7625,2026-08-28,HB_BUSAVG,2
38.09,37.09,2026-08-28,HB_BUSAVG,3
34.77,33.1675,2026-08-28,HB_BUSAVG,4
35.94,38.02,2026-08-28,HB_BUSAVG,5
36.53,61.0375,2026-08-28,HB_BUSAVG,6
40.45,63.9325,2026-08-28,HB_BUSAVG,7
34.99,50.795,2026-08-28,HB_BUSAVG,8
24.49,26.86,2026-08-28,HB_BUSAVG,9
22.48,24.845,2026-08-28,HB_BUSAVG,10
22.95,28.1975,2026-08-28,HB_BUSAVG,11
24.94,29.5925,2026-08-28,HB_BUSAVG,12
30.48,31.4025,2026-08-28,HB_BUSAVG,13
35.7,48.57,2026-08-28,HB_BUSAVG,14
39.07,46.38,2026-08-28,HB_BUSAVG,15
40.09,41.6875,2026-08-28,HB_BUSAVG,16
42.71,30.4675,2026-08-28,HB_BUSAVG,17
46.67,27.02,2026-08-28,HB_BUSAVG,18
73.76,31.64,2026-08-28,HB_BUSAVG,19
83.58,38.525,2026-08-28,HB_BUSAVG,20
73.97,32.9375,2026-08-28,HB_BUSAVG,21
60.38,27.2075,2026-08-28,HB_BUSAVG,22
44.03,22.625,2026-08-28,HB_BUSAVG,23
34.34,22.7525,2026-08-28,HB_BUSAVG,24
33.91,24.625,2026-08-29,HB_BUSAVG,1
30.48,23.89,2026-08-29,HB_BUSAVG,2
28.44,23.0825,2026-08-29,HB_BUSAVG,3
26.89,24.6275,2026-08-29,HB_BUSAVG,4
25.08,22.68,2026-08-29,HB_BUSAVG,5
25.56,23.215,2026-08-29,HB_BUSAVG,6
24.83,22.7725,2026-08-29,HB_BUSAVG,7
23.91,22.89,2026-08-29,HB_BUSAVG,8
17.83,16.75,2026-08-29,HB_BUSAVG,9
16.87,14.955,2026-08-29,HB_BUSAVG,10
17.65,16.2325,2026-08-29,HB_BUSAVG,11
19.06,16.91,2026-08-29,HB_BUSAVG,12
23.65,21.6875,2026-08-29,HB_BUSAVG,13
27.6,24.865,2026-08-29,HB_BUSAVG,14
30.67,32.67,2026-08-29,HB_BUSAVG,15
33.01,36.8875,2026-08-29,HB_BUSAVG,16
33.06,38.965,2026-08-29,HB_BUSAVG,17
35.73,32.46,2026-08-29,HB_BUSAVG,18
53.03,46.9875,2026-08-29,HB_BUSAVG,19
64.72,48.7925,2026-08-29,HB_BUSAVG,20
58.55,52.175,2026-08-29,HB_BUSAVG,21
50.49,45.375,2026-08-29,HB_BUSAVG,22
35.96,32.625,2026-08-29,HB_BUSAVG,23
29.3,25.1,2026-08-29,HB_BUSAVG,24
23.39,23.31,2026-08-30,HB_BUSAVG,1
21.92,22.16,2026-08-30,HB_BUSAVG,2
21.2,21.445,2026-08-30,HB_BUSAVG,3
20.09,20.64,2026-08-30,HB_BUSAVG,4
19.75,20.185,2026-08-30,HB_BUSAVG,5
19.7,20.64,2026-08-30,HB_BUSAVG,6
19.38,21.765,2026-08-30,HB_BUSAVG,7
18.5,21.385,2026-08-30,HB_BUSAVG,8
14.57,16.9125,2026-08-30,HB_BUSAVG,9
11.44,15.5075,2026-08-30,HB_BUSAVG,10
12.99,14.34,2026-08-30,HB_BUSAVG,11
15.87,17.8,2026-08-30,HB_BUSAVG,12
18.29,22.165,2026-08-30,HB_BUSAVG,13
22.47,27.825,2026-08-30,HB_BUSAVG,14
26.22,29.765,2026-08-30,HB_BUSAVG,15
27.98,41.31,2026-08-30,HB_BUSAVG,16
29.0,51.1875,2026-08-30,HB_BUSAVG,17
30.32,61.2975,2026-08-30,HB_BUSAVG,18
43.23,67.34,2026-08-30,HB_BUSAVG,19
57.2,128.77,2026-08-30,HB_BUSAVG,20
50.28,79.575,2026-08-30,HB_BUSAVG,21
43.48,61.3775,2026-08-30,HB_BUSAVG,22
35.35,38.6675,2026-08-30,HB_BUSAVG,23
24.79,26.56,2026-08-30,HB_BUSAVG,24
23.87,23.675,2026-08-31,HB_BUSAVG,1
21.88,22.46,2026-08-31,HB_BUSAVG,2
21.45,21.8775,2026-08-31,HB_BUSAVG,3
20.97,21.63,2026-08-31,HB_BUSAVG,4
21.17,22.3825,2026-08-31,HB_BUSAVG,5
22.87,25.205,2026-08-31,HB_BUSAVG,6
24.4,36.0975,2026-08-31,HB_BUSAVG,7
24.1,36.11,2026-08-31,HB_BUSAVG,8
18.35,22.3325,2026-08-31,HB_BUSAVG,9
15.88,20.08,2026-08-31,HB_BUSAVG,10
16.62,21.5,2026-08-31,HB_BUSAVG,11
20.73,22.5875,2026-08-31,HB_BUSAVG,12
25.69,33.605,2026-08-31,HB_BUSAVG,13
30.53,42.99,2026-08-31,HB_BUSAVG,14
32.73,47.305,2026-08-31,HB_BUSAVG,15
33.72,48.2975,2026-08-31,HB_BUSAVG,16
33.61,46.645,2026-08-31,HB_BUSAVG,17
35.01,57.6825,2026-08-31,HB_BUSAVG,18
50.52,69.03,2026-08-31,HB_BUSAVG,19
70.26,72.9425,2026-08-31,HB_BUSAVG,20
63.49,75.7025,2026-08-31,HB_BUSAVG,21
50.26,67.2325,2026-08-31,HB_BUSAVG,22
40.12,43.4025,2026-08-31,HB_BUSAVG,23
29.07,37.6975,2026-08-31,HB_BUSAVG,24
27.29,50.8725,2026-06-01,HB_HOUSTON,1
24.84,33.255,2026-06-01,HB_HOUSTON,2
23.6,30.1025,2026-06-01,HB_HOUSTON,3
23.17,26.725,2026-06-01,HB_HOUSTON,4
22.85,27.1125,2026-06-01,HB_HOUSTON,5
24.42,25.4525,2026-06-01,HB_HOUSTON,6
30.07,24.2025,2026-06-01,HB_HOUSTON,7
25.6,19.015,2026-06-01,HB_HOUSTON,8
18.1,16.735,2026-06-01,HB_HOUSTON,9
17.83,19.1675,2026-06-01,HB_HOUSTON,10
21.67,22.225,2026-06-01,HB_HOUSTON,11
29.01,32.9275,2026-06-01,HB_HOUSTON,12
33.84,35.125,2026-06-01,HB_HOUSTON,13
40.5,49.8675,2026-06-01,HB_HOUSTON,14
42.07,55.2275,2026-06-01,HB_HOUSTON,15
44.86,44.2075,2026-06-01,HB_HOUSTON,16
43.19,33.3125,2026-06-01,HB_HOUSTON,17
37.74,28.645,2026-06-01,HB_HOUSTON,18
40.66,33.02,2026-06-01,HB_HOUSTON,19
57.94,49.2875,2026-06-01,HB_HOUSTON,20
71.37,51.845,2026-06-01,HB_HOUSTON,21
67.07,42.5175,2026-06-01,HB_HOUSTON,22
42.92,40.265,2026-06-01,HB_HOUSTON,23
32.68,36.9625,2026-06-01,HB_HOUSTON,24
26.17,35.4375,2026-06-02,HB_HOUSTON,1
25.4,30.915,2026-06-02,HB_HOUSTON,2
24.01,29.805,2026-06-02,HB_HOUSTON,3
24.86,34.2425,2026-06-02,HB_HOUSTON,4
30.23,31.4,2026-06-02,HB_HOUSTON,5
35.0,37.2275,2026-06-02,HB_HOUSTON,6
36.37,30.56,2026-06-02,HB_HOUSTON,7
29.02,24.9325,2026-06-02,HB_HOUSTON,8
19.72,21.23,2026-06-02,HB_HOUSTON,9
19.17,22.1825,2026-06-02,HB_HOUSTON,10
21.19,24.0275,2026-06-02,HB_HOUSTON,11
25.25,31.0575,2026-06-02,HB_HOUSTON,12
28.86,41.5525,2026-06-02,HB_HOUSTON,13
30.68,49.9375,2026-06-02,HB_HOUSTON,14
32.16,44.2475,2026-06-02,HB_HOUSTON,15
33.17,48.22,2026-06-02,HB_HOUSTON,16
33.06,48.745,2026-06-02,HB_HOUSTON,17
32.99,29.335,2026-06-02,HB_HOUSTON,18
37.65,34.375,2026-06-02,HB_HOUSTON,19
46.62,34.715,2026-06-02,HB_HOUSTON,20
46.81,34.92,2026-06-02,HB_HOUSTON,21
45.33,31.775,2026-06-02,HB_HOUSTON,22
38.76,27.0925,2026-06-02,HB_HOUSTON,23
31.72,25.675,2026-06-02,HB_HOUSTON,24
30.96,27.2125,2026-06-03,HB_HOUSTON,1
27.4,24.86,2026-06-03,HB_HOUSTON,2
30.23,25.26,2026-06-03,HB_HOUSTON,3
31.47,24.9925,2026-06-03,HB_HOUSTON,4
34.9,24.8125,2026-06-03,HB_HOUSTON,5
36.68,25.1175,2026-06-03,HB_HOUSTON,6
36.5,30.085,2026-06-03,HB_HOUSTON,7
32.07,25.465,2026-06-03,HB_HOUSTON,8
25.1,23.31,2026-06-03,HB_HOUSTON,9
23.01,22.2725,2026-06-03,HB_HOUSTON,10
23.62,28.68,2026-06-03,HB_HOUSTON,11
24.75,35.69,2026-06-03,HB_HOUSTON,12
25.41,46.2725,2026-06-03,HB_HOUSTON,13
31.07,46.2675,2026-06-03,HB_HOUSTON,14
30.53,44.31,2026-06-03,HB_HOUSTON,15
30.82,40.485,2026-06-03,HB_HOUSTON,16
33.23,36.47,2026-06-03,HB_HOUSTON,17
33.03,37.7775,2026-06-03,HB_HOUSTON,18
40.29,36.585,2026-06-03,HB_HOUSTON,19
53.23,44.555,2026-06-03,HB_HOUSTON,20
56.32,41.03,2026-06-03,HB_HOUSTON,21
54.14,42.565,2026-06-03,HB_HOUSTON,22
46.44,39.355,2026-06-03,HB_HOUSTON,23
37.23,32.0025,2026-06-03,HB_HOUSTON,24
26.01,26.5225,2026-06-04,HB_HOUSTON,1
23.27,24.33,2026-06-04,HB_HOUSTON,2
23.13,23.98,2026-06-04,HB_HOUSTON,3
23.84,25.95,2026-06-04,HB_HOUSTON,4
25.9,27.3525,2026-06-04,HB_HOUSTON,5
26.67,30.2225,2026-06-04,HB_HOUSTON,6
28.54,33.395,2026-06-04,HB_HOUSTON,7
27.33,26.0175,2026-06-04,HB_HOUSTON,8
20.86,24.3325,2026-06-04,HB_HOUSTON,9
21.12,25.3575,2026-06-04,HB_HOUSTON,10
20.69,27.91,2026-06-04,HB_HOUSTON,11
22.48,23.9425,2026-06-04,HB_HOUSTON,12
24.83,23.87,2026-06-04,HB_HOUSTON,13
27.26,26.645,2026-06-04,HB_HOUSTON,14
29.88,33.7575,2026-06-04,HB_HOUSTON,15
32.12,40.8775,2026-06-04,HB_HOUSTON,16
31.97,38.835,2026-06-04,HB_HOUSTON,17
31.87,36.1575,2026-06-04,HB_HOUSTON,18
36.35,45.0925,2026-06-04,HB_HOUSTON,19
42.13,63.525,2026-06-04,HB_HOUSTON,20
43.54,83.3275,2026-06-04,HB_HOUSTON,21
39.82,81.055,2026-06-04,HB_HOUSTON,22
31.79,53.9525,2026-06-04,HB_HOUSTON,23
24.93,33.31,2026-06-04,HB_HOUSTON,24
21.04,30.54,2026-06-05,HB_HOUSTON,1
21.55,28.8075,2026-06-05,HB_HOUSTON,2
21.16,30.1625,2026-06-05,HB_HOUSTON,3
21.81,29.1275,2026-06-05,HB_HOUSTON,4
22.72,28.55,2026-06-05,HB_HOUSTON,5
26.71,34.5475,2026-06-05,HB_HOUSTON,6
29.37,38.1225,2026-06-05,HB_HOUSTON,7
31.29,36.6475,2026-06-05,HB_HOUSTON,8
27.86,33.9425,2026-06-05,HB_HOUSTON,9
26.63,35.145,2026-06-05,HB_HOUSTON,10
26.6,30.9275,2026-06-05,HB_HOUSTON,11
27.06,32.1875,2026-06-05,HB_HOUSTON,12
28.52,33.58,2026-06-05,HB_HOUSTON,13
30.34,27.245,2026-06-05,HB_HOUSTON,14
32.25,30.535,2026-06-05,HB_HOUSTON,15
33.04,56.295,2026-06-05,HB_HOUSTON,16
36.46,72.0525,2026-06-05,HB_HOUSTON,17
36.66,63.445,2026-06-05,HB_HOUSTON,18
36.69,51.955,2026-06-05,HB_HOUSTON,19
41.19,65.2325,2026-06-05,HB_HOUSTON,20
41.02,57.3625,2026-06-05,HB_HOUSTON,21
41.52,46.3275,2026-06-05,HB_HOUSTON,22
34.64,47.71,2026-06-05,HB_HOUSTON,23
32.29,61.8975,2026-06-05,HB_HOUSTON,24
33.12,80.5375,2026-06-06,HB_HOUSTON,1
32.74,72.4175,2026-06-06,HB_HOUSTON,2
31.52,74.3025,2026-06-06,HB_HOUSTON,3
32.93,52.29,2026-06-06,HB_HOUSTON,4
31.72,61.32,2026-06-06,HB_HOUSTON,5
33.42,60.035,2026-06-06,HB_HOUSTON,6
34.97,80.2925,2026-06-06,HB_HOUSTON,7
31.77,59.6375,2026-06-06,HB_HOUSTON,8
27.83,52.6675,2026-06-06,HB_HOUSTON,9
25.41,42.235,2026-06-06,HB_HOUSTON,10
24.57,35.09,2026-06-06,HB_HOUSTON,11
25.49,31.27,2026-06-06,HB_HOUSTON,12
27.05,32.9775,2026-06-06,HB_HOUSTON,13
27.37,36.8725,2026-06-06,HB_HOUSTON,14
29.2,37.42,2026-06-06,HB_HOUSTON,15
30.5,29.34,2026-06-06,HB_HOUSTON,16
30.18,43.75,2026-06-06,HB_HOUSTON,17
31.29,44.835,2026-06-06,HB_HOUSTON,18
38.97,58.5475,2026-06-06,HB_HOUSTON,19
49.32,91.5175,2026-06-06,HB_HOUSTON,20
51.39,105.05,2026-06-06,HB_HOUSTON,21
52.62,175.695,2026-06-06,HB_HOUSTON,22
43.87,132.37,2026-06-06,HB_HOUSTON,23
33.61,41.7725,2026-06-06,HB_HOUSTON,24
33.03,38.3525,2026-06-07,HB_HOUSTON,1
28.48,31.4975,2026-06-07,HB_HOUSTON,2
28.2,27.4675,2026-06-07,HB_HOUSTON,3
28.5,24.56,2026-06-07,HB_HOUSTON,4
28.49,26.285,2026-06-07,HB_HOUSTON,5
25.97,25.0825,2026-06-07,HB_HOUSTON,6
25.37,24.085,2026-06-07,HB_HOUSTON,7
24.76,21.1975,2026-06-07,HB_HOUSTON,8
18.93,18.99,2026-06-07,HB_HOUSTON,9
20.02,20.2175,2026-06-07,HB_HOUSTON,10
21.39,23.335,2026-06-07,HB_HOUSTON,11
24.65,24.8,2026-06-07,HB_HOUSTON,12
30.18,21.855,2026-06-07,HB_HOUSTON,13
34.41,25.535,2026-06-07,HB_HOUSTON,14
30.51,27.56,2026-06-07,HB_HOUSTON,15
32.52,31.3925,2026-06-07,HB_HOUSTON,16
30.97,33.9675,2026-06-07,HB_HOUSTON,17
30.24,45.14,2026-06-07,HB_HOUSTON,18
32.89,55.2525,2026-06-07,HB_HOUSTON,19
36.12,65.19,2026-06-07,HB_HOUSTON,20
37.15,55.94,2026-06-07,HB_HOUSTON,21
34.24,40.7925,2026-06-07,HB_HOUSTON,22
33.65,43.8675,2026-06-07,HB_HOUSTON,23
25.94,29.6025,2026-06-07,HB_HOUSTON,24
25.81,29.8,2026-06-08,HB_HOUSTON,1
24.06,26.29,2026-06-08,HB_HOUSTON,2
22.69,25.2,2026-06-08,HB_HOUSTON,3
21.43,24.37,2026-06-08,HB_HOUSTON,4
22.44,25.115,2026-06-08,HB_HOUSTON,5
24.22,26.09,2026-06-08,HB_HOUSTON,6
25.49,26.185,2026-06-08,HB_HOUSTON,7
23.81,25.1375,2026-06-08,HB_HOUSTON,8
21.55,32.18,2026-06-08,HB_HOUSTON,9
22.54,31.04,2026-06-08,HB_HOUSTON,10
24.79,36.375,2026-06-08,HB_HOUSTON,11
30.68,51.8125,2026-06-08,HB_HOUSTON,12
31.62,71.7,2026-06-08,HB_HOUSTON,13
35.11,78.575,2026-06-08,HB_HOUSTON,14
37.09,74.955,2026-06-08,HB_HOUSTON,15
37.66,78.7925,2026-06-08,HB_HOUSTON,16
37.79,62.3125,2026-06-08,HB_HOUSTON,17
30.81,38.61,2026-06-08,HB_HOUSTON,18
35.18,34.6125,2026-06-08,HB_HOUSTON,19
42.8,43.0525,2026-06-08,HB_HOUSTON,20
39.51,37.0375,2026-06-08,HB_HOUSTON,21
35.68,33.705,2026-06-08,HB_HOUSTON,22
32.98,33.54,2026-06-08,HB_HOUSTON,23
26.9,26.4475,2026-06-08,HB_HOUSTON,24
26.05,25.515,2026-06-09,HB_HOUSTON,1
24.02,24.555,2026-06-09,HB_HOUSTON,2
23.81,25.075,2026-06-09,HB_HOUSTON,3
23.13,26.2375,2026-06-09,HB_HOUSTON,4
22.79,26.4175,2026-06-09,HB_HOUSTON,5
24.51,26.4075,2026-06-09,HB_HOUSTON,6
25.58,25.575,2026-06-09,HB_HOUSTON,7
22.61,22.3225,2026-06-09,HB_HOUSTON,8
19.62,18.23,2026-06-09,HB_HOUSTON,9
20.77,21.1975,2026-06-09,HB_HOUSTON,10
23.54,29.05,2026-06-09,HB_HOUSTON,11
29.83,39.5675,2026-06-09,HB_HOUSTON,12
35.17,43.78,2026-06-09,HB_HOUSTON,13
38.11,54.2575,2026-06-09,HB_HOUSTON,14
38.14,58.86,2026-06-09,HB_HOUSTON,15
39.31,58.6625,2026-06-09,HB_HOUSTON,16
38.84,51.2625,2026-06-09,HB_HOUSTON,17
33.9,46.195,2026-06-09,HB_HOUSTON,18
36.68,45.7025,2026-06-09,HB_HOUSTON,19
46.5,52.63,2026-06-09,HB_HOUSTON,20
46.92,42.0475,2026-06-09,HB_HOUSTON,21
42.03,35.4775,2026-06-09,HB_HOUSTON,22
35.85,36.1125,2026-06-09,HB_HOUSTON,23
27.15,34.435,2026-06-09,HB_HOUSTON,24
27.06,28.6325,2026-06-10,HB_HOUSTON,1
25.78,26.86,2026-06-10,HB_HOUSTON,2
25.26,24.2325,2026-06-10,HB_HOUSTON,3
23.1,21.3875,2026-06-10,HB_HOUSTON,4
24.49,21.8,2026-06-10,HB_HOUSTON,5
25.28,22.53,2026-06-10,HB_HOUSTON,6
23.87,24.4325,2026-06-10,HB_HOUSTON,7
21.41,20.665,2026-06-10,HB_HOUSTON,8
20.65,23.175,2026-06-10,HB_HOUSTON,9
22.48,25.0725,2026-06-10,HB_HOUSTON,10
25.7,27.3975,2026-06-10,HB_HOUSTON,11
32.48,28.995,2026-06-10,HB_HOUSTON,12
41.0,27.83,2026-06-10,HB_HOUSTON,13
45.84,39.695,2026-06-10,HB_HOUSTON,14
46.57,40.1775,2026-06-10,HB_HOUSTON,15
48.61,33.6325,2026-06-10,HB_HOUSTON,16
46.27,36.235,2026-06-10,HB_HOUSTON,17
38.14,34.7825,2026-06-10,HB_HOUSTON,18
38.84,30.925,2026-06-10,HB_HOUSTON,19
44.14,37.6125,2026-06-10,HB_HOUSTON,20
43.57,37.57,2026-06-10,HB_HOUSTON,21
39.05,34.195,2026-06-10,HB_HOUSTON,22
37.29,31.8,2026-06-10,HB_HOUSTON,23
29.44,28.9325,2026-06-10,HB_HOUSTON,24
28.66,23.955,2026-06-11,HB_HOUSTON,1
26.56,22.875,2026-06-11,HB_HOUSTON,2
25.76,22.4025,2026-06-11,HB_HOUSTON,3
23.78,22.03,2026-06-11,HB_HOUSTON,4
24.04,21.8425,2026-06-11,HB_HOUSTON,5
25.29,22.7175,2026-06-11,HB_HOUSTON,6
24.13,23.945,2026-06-11,HB_HOUSTON,7
22.23,21.07,2026-06-11,HB_HOUSTON,8
19.85,21.57,2026-06-11,HB_HOUSTON,9
22.54,20.45,2026-06-11,HB_HOUSTON,10
27.95,24.9725,2026-06-11,HB_HOUSTON,11
36.71,37.195,2026-06-11,HB_HOUSTON,12
44.07,39.92,2026-06-11,HB_HOUSTON,13
49.46,35.715,2026-06-11,HB_HOUSTON,14
51.59,34.535,2026-06-11,HB_HOUSTON,15
54.95,32.555,2026-06-11,HB_HOUSTON,16
53.7,33.7625,2026-06-11,HB_HOUSTON,17
47.18,31.96,2026-06-11,HB_HOUSTON,18
48.84,38.9925,2026-06-11,HB_HOUSTON,19
53.7,48.7225,2026-06-11,HB_HOUSTON,20
56.41,55.765,2026-06-11,HB_HOUSTON,21
55.79,59.08,2026-06-11,HB_HOUSTON,22
56.32,40.5925,2026-06-11,HB_HOUSTON,23
43.93,35.825,2026-06-11,HB_HOUSTON,24
35.06,30.63,2026-06-12,HB_HOUSTON,1
30.01,30.83,2026-06-12,HB_HOUSTON,2
31.03,30.585,2026-06-12,HB_HOUSTON,3
30.56,29.725,2026-06-12,HB_HOUSTON,4
32.83,34.3,2026-06-12,HB_HOUSTON,5
35.2,40.47,2026-06-12,HB_HOUSTON,6
35.36,42.3275,2026-06-12,HB_HOUSTON,7
30.01,36.82,2026-06-12,HB_HOUSTON,8
25.1,29.0225,2026-06-12,HB_HOUSTON,9
25.33,31.95,2026-06-12,HB_HOUSTON,10
29.65,37.8825,2026-06-12,HB_HOUSTON,11
32.97,42.555,2026-06-12,HB_HOUSTON,12
36.33,49.53,2026-06-12,HB_HOUSTON,13
44.09,45.5625,2026-06-12,HB_HOUSTON,14
43.65,34.1675,2026-06-12,HB_HOUSTON,15
42.4,26.5,2026-06-12,HB_HOUSTON,16
44.39,24.36,2026-06-12,HB_HOUSTON,17
36.74,28.42,2026-06-12,HB_HOUSTON,18
39.66,25.43,2026-06-12,HB_HOUSTON,19
50.25,34.03,2026-06-12,HB_HOUSTON,20
50.68,35.325,2026-06-12,HB_HOUSTON,21
47.26,32.6025,2026-06-12,HB_HOUSTON,22
40.8,27.8125,2026-06-12,HB_HOUSTON,23
29.73,25.7425,2026-06-12,HB_HOUSTON,24
25.41,24.2475,2026-06-13,HB_HOUSTON,1
24.73,23.1225,2026-06-13,HB_HOUSTON,2
23.6,23.41,2026-06-13,HB_HOUSTON,3
23.9,24.355,2026-06-13,HB_HOUSTON,4
23.34,27.285,2026-06-13,HB_HOUSTON,5
24.78,28.3225,2026-06-13,HB_HOUSTON,6
22.54,27.1475,2026-06-13,HB_HOUSTON,7
19.87,21.6425,2026-06-13,HB_HOUSTON,8
15.65,18.0075,2026-06-13,HB_HOUSTON,9
17.7,15.345,2026-06-13,HB_HOUSTON,10
21.56,17.6675,2026-06-13,HB_HOUSTON,11
25.66,24.35,2026-06-13,HB_HOUSTON,12
41.17,27.355,2026-06-13,HB_HOUSTON,13
45.68,28.1875,2026-06-13,HB_HOUSTON,14
38.82,31.9975,2026-06-13,HB_HOUSTON,15
39.03,30.8075,2026-06-13,HB_HOUSTON,16
36.49,28.685,2026-06-13,HB_HOUSTON,17
32.06,24.795,2026-06-13,HB_HOUSTON,18
30.98,26.49,2026-06-13,HB_HOUSTON,19
37.3,32.855,2026-06-13,HB_HOUSTON,20
38.48,35.6425,2026-06-13,HB_HOUSTON,21
36.7,30.8075,2026-06-13,HB_HOUSTON,22
35.29,28.65,2026-06-13,HB_HOUSTON,23
29.23,29.3275,2026-06-13,HB_HOUSTON,24
25.91,25.855,2026-06-14,HB_HOUSTON,1
25.14,25.0,2026-06-14,HB_HOUSTON,2
25.09,25.255,2026-06-14,HB_HOUSTON,3
25.2,26.25,2026-06-14,HB_HOUSTON,4
26.26,28.41,2026-06-14,HB_HOUSTON,5
28.49,29.815,2026-06-14,HB_HOUSTON,6
28.14,26.7,2026-06-14,HB_HOUSTON,7
24.84,23.425,2026-06-14,HB_HOUSTON,8
21.75,24.155,2026-06-14,HB_HOUSTON,9
21.4,25.5975,2026-06-14,HB_HOUSTON,10
22.44,25.265,2026-06-14,HB_HOUSTON,11
23.55,28.6725,2026-06-14,HB_HOUSTON,12
24.12,22.885,2026-06-14,HB_HOUSTON,13
27.28,21.645,2026-06-14,HB_HOUSTON,14
27.7,25.845,2026-06-14,HB_HOUSTON,15
29.21,49.745,2026-06-14,HB_HOUSTON,16
27.81,45.5525,2026-06-14,HB_HOUSTON,17
28.45,30.4725,2026-06-14,HB_HOUSTON,18
31.64,40.8225,2026-06-14,HB_HOUSTON,19
38.58,54.84,2026-06-14,HB_HOUSTON,20
40.92,65.995,2026-06-14,HB_HOUSTON,21
42.04,53.7425,2026-06-14,HB_HOUSTON,22
45.25,50.5525,2026-06-14,HB_HOUSTON,23
37.48,46.5125,2026-06-14,HB_HOUSTON,24
36.02,43.2525,2026-06-15,HB_HOUSTON,1
32.75,37.19,2026-06-15,HB_HOUSTON,2
32.24,40.025,2026-06-15,HB_HOUSTON,3
32.66,46.43,2026-06-15,HB_HOUSTON,4
31.78,42.1375,2026-06-15,HB_HOUSTON,5
37.87,43.0075,2026-06-15,HB_HOUSTON,6
36.8,54.3625,2026-06-15,HB_HOUSTON,7
36.86,47.0875,2026-06-15,HB_HOUSTON,8
31.57,51.1,2026-06-15,HB_HOUSTON,9
33.09,49.0875,2026-06-15,HB_HOUSTON,10
30.69,44.6875,2026-06-15,HB_HOUSTON,11
28.74,42.9925,2026-06-15,HB_HOUSTON,12
28.45,41.015,2026-06-15,HB_HOUSTON,13
29.88,37.7,2026-06-15,HB_HOUSTON,14
31.08,29.37,2026-06-15,HB_HOUSTON,15
31.94,26.8975,2026-06-15,HB_HOUSTON,16
33.22,37.46,2026-06-15,HB_HOUSTON,17
33.92,57.2175,2026-06-15,HB_HOUSTON,18
36.77,60.4025,2026-06-15,HB_HOUSTON,19
51.11,71.7175,2026-06-15,HB_HOUSTON,20
57.17,64.405,2026-06-15,HB_HOUSTON,21
58.5,52.07,2026-06-15,HB_HOUSTON,22
56.92,53.24,2026-06-15,HB_HOUSTON,23
38.61,42.12,2026-06-15,HB_HOUSTON,24
41.03,40.1625,2026-06-16,HB_HOUSTON,1
36.63,34.71,2026-06-16,HB_HOUSTON,2
35.16,32.09,2026-06-16,HB_HOUSTON,3
35.33,38.265,2026-06-16,HB_HOUSTON,4
37.33,44.655,2026-06-16,HB_HOUSTON,5
42.49,45.2875,2026-06-16,HB_HOUSTON,6
41.8,43.61,2026-06-16,HB_HOUSTON,7
35.86,40.455,2026-06-16,HB_HOUSTON,8
26.17,28.5725,2026-06-16,HB_HOUSTON,9
25.81,27.5125,2026-06-16,HB_HOUSTON,10
26.36,30.17,2026-06-16,HB_HOUSTON,11
25.92,31.285,2026-06-16,HB_HOUSTON,12
26.82,31.3975,2026-06-16,HB_HOUSTON,13
27.43,23.9725,2026-06-16,HB_HOUSTON,14
29.89,23.45,2026-06-16,HB_HOUSTON,15
32.05,24.9125,2026-06-16,HB_HOUSTON,16
36.13,26.7525,2026-06-16,HB_HOUSTON,17
36.53,30.1225,2026-06-16,HB_HOUSTON,18
43.05,34.0125,2026-06-16,HB_HOUSTON,19
51.75,35.585,2026-06-16,HB_HOUSTON,20
51.23,36.78,2026-06-16,HB_HOUSTON,21
43.52,31.9275,2026-06-16,HB_HOUSTON,22
34.5,27.5675,2026-06-16,HB_HOUSTON,23
24.9,24.64,2026-06-16,HB_HOUSTON,24
24.59,24.5125,2026-06-17,HB_HOUSTON,1
23.55,22.32,2026-06-17,HB_HOUSTON,2
22.25,21.5825,2026-06-17,HB_HOUSTON,3
21.03,20.93,2026-06-17,HB_HOUSTON,4
21.58,21.3425,2026-06-17,HB_HOUSTON,5
23.82,24.12,2026-06-17,HB_HOUSTON,6
24.74,24.2675,2026-06-17,HB_HOUSTON,7
22.48,20.4175,2026-06-17,HB_HOUSTON,8
19.24,20.465,2026-06-17,HB_HOUSTON,9
23.42,25.7075,2026-06-17,HB_HOUSTON,10
22.53,32.675,2026-06-17,HB_HOUSTON,11
25.34,23.605,2026-06-17,HB_HOUSTON,12
28.42,19.685,2026-06-17,HB_HOUSTON,13
30.78,34.3925,2026-06-17,HB_HOUSTON,14
35.12,41.2875,2026-06-17,HB_HOUSTON,15
34.26,28.34,2026-06-17,HB_HOUSTON,16
36.27,26.835,2026-06-17,HB_HOUSTON,17
34.68,23.76,2026-06-17,HB_HOUSTON,18
35.28,27.95,2026-06-17,HB_HOUSTON,19
43.3,38.66,2026-06-17,HB_HOUSTON,20
45.68,36.5675,2026-06-17,HB_HOUSTON,21
39.03,35.4775,2026-06-17,HB_HOUSTON,22
32.24,28.1425,2026-06-17,HB_HOUSTON,23
26.32,24.6775,2026-06-17,HB_HOUSTON,24
23.64,23.135,2026-06-18,HB_HOUSTON,1
21.7,21.6225,2026-06-18,HB_HOUSTON,2
21.36,20.9725,2026-06-18,HB_HOUSTON,3
20.69,22.1125,2026-06-18,HB_HOUSTON,4
21.27,22.7975,2026-06-18,HB_HOUSTON,5
22.52,22.935,2026-06-18,HB_HOUSTON,6
25.25,22.7025,2026-06-18,HB_HOUSTON,7
23.5,17.68,2026-06-18,HB_HOUSTON,8
18.74,22.225,2026-06-18,HB_HOUSTON,9
21.55,27.415,2026-06-18,HB_HOUSTON,10
28.35,33.115,2026-06-18,HB_HOUSTON,11
37.79,33.2425,2026-06-18,HB_HOUSTON,12
43.49,40.5725,2026-06-18,HB_HOUSTON,13
46.55,43.8925,2026-06-18,HB_HOUSTON,14
46.31,58.475,2026-06-18,HB_HOUSTON,15
48.54,49.5225,2026-06-18,HB_HOUSTON,16
51.17,40.5875,2026-06-18,HB_HOUSTON,17
47.86,38.6,2026-06-18,HB_HOUSTON,18
47.33,39.93,2026-06-18,HB_HOUSTON,19
57.94,53.105,2026-06-18,HB_HOUSTON,20
61.85,48.705,2026-06-18,HB_HOUSTON,21
57.68,49.08,2026-06-18,HB_HOUSTON,22
49.59,57.2175,2026-06-18,HB_HOUSTON,23
38.69,76.5025,2026-06-18,HB_HOUSTON,24
44.23,72.8875,2026-06-19,HB_HOUSTON,1
39.11,50.2725,2026-06-19,HB_HOUSTON,2
37.19,50.3975,2026-06-19,HB_HOUSTON,3
35.28,44.825,2026-06-19,HB_HOUSTON,4
36.41,34.4725,2026-06-19,HB_HOUSTON,5
40.23,34.22,2026-06-19,HB_HOUSTON,6
36.63,30.5775,2026-06-19,HB_HOUSTON,7
32.86,26.49,2026-06-19,HB_HOUSTON,8
29.82,28.565,2026-06-19,HB_HOUSTON,9
29.69,25.98,2026-06-19,HB_HOUSTON,10
30.96,26.6525,2026-06-19,HB_HOUSTON,11
34.44,39.255,2026-06-19,HB_HOUSTON,12
40.97,55.3875,2026-06-19,HB_HOUSTON,13
44.0,53.56,2026-06-19,HB_HOUSTON,14
43.57,49.11,2026-06-19,HB_HOUSTON,15
45.35,59.6425,2026-06-19,HB_HOUSTON,16
49.16,60.1725,2026-06-19,HB_HOUSTON,17
44.91,65.475,2026-06-19,HB_HOUSTON,18
42.81,32.635,2026-06-19,HB_HOUSTON,19
55.02,50.4575,2026-06-19,HB_HOUSTON,20
64.23,52.61,2026-06-19,HB_HOUSTON,21
66.93,40.1625,2026-06-19,HB_HOUSTON,22
69.79,32.9175,2026-06-19,HB_HOUSTON,23
52.23,30.77,2026-06-19,HB_HOUSTON,24
42.72,34.265,2026-06-20,HB_HOUSTON,1
39.41,32.7425,2026-06-20,HB_HOUSTON,2
36.21,27.035,2026-06-20,HB_HOUSTON,3
36.06,24.62,2026-06-20,HB_HOUSTON,4
34.81,24.1075,2026-06-20,HB_HOUSTON,5
36.6,24.05,2026-06-20,HB_HOUSTON,6
34.2,7.3,2026-06-20,HB_HOUSTON,7
29.19,7.025,2026-06-20,HB_HOUSTON,8
23.67,24.5525,2026-06-20,HB_HOUSTON,9
23.52,6.5325,2026-06-20,HB_HOUSTON,10
23.16,26.9575,2026-06-20,HB_HOUSTON,11
23.57,31.43,2026-06-20,HB_HOUSTON,12
27.67,29.985,2026-06-20,HB_HOUSTON,13
28.53,27.7175,2026-06-20,HB_HOUSTON,14
30.82,28.7925,2026-06-20,HB_HOUSTON,15
30.4,25.0225,2026-06-20,HB_HOUSTON,16
29.94,27.17,2026-06-20,HB_HOUSTON,17
28.35,25.4825,2026-06-20,HB_HOUSTON,18
29.84,26.1525,2026-06-20,HB_HOUSTON,19
35.07,29.5375,2026-06-20,HB_HOUSTON,20
35.91,29.9575,2026-06-20,HB_HOUSTON,21
34.81,26.6425,2026-06-20,HB_HOUSTON,22
28.65,24.7975,2026-06-20,HB_HOUSTON,23
24.99,24.0875,2026-06-20,HB_HOUSTON,24
24.46,23.0975,2026-06-21,HB_HOUSTON,1
23.16,22.18,2026-06-21,HB_HOUSTON,2
22.15,20.575,2026-06-21,HB_HOUSTON,3
21.31,19.33,2026-06-21,HB_HOUSTON,4
20.14,19.965,2026-06-21,HB_HOUSTON,5
21.0,19.8525,2026-06-21,HB_HOUSTON,6
19.66,21.675,2026-06-21,HB_HOUSTON,7
17.23,18.2025,2026-06-21,HB_HOUSTON,8
15.7,18.915,2026-06-21,HB_HOUSTON,9
17.98,21.7075,2026-06-21,HB_HOUSTON,10
19.63,23.18,2026-06-21,HB_HOUSTON,11
26.47,18.1425,2026-06-21,HB_HOUSTON,12
38.57,15.4975,2026-06-21,HB_HOUSTON,13
45.74,19.34,2026-06-21,HB_HOUSTON,14
41.37,26.2075,2026-06-21,HB_HOUSTON,15
34.49,21.8775,2026-06-21,HB_HOUSTON,16
35.2,30.59,2026-06-21,HB_HOUSTON,17
32.14,30.355,2026-06-21,HB_HOUSTON,18
31.99,28.9375,2026-06-21,HB_HOUSTON,19
36.54,35.735,2026-06-21,HB_HOUSTON,20
37.85,36.77,2026-06-21,HB_HOUSTON,21
40.89,31.195,2026-06-21,HB_HOUSTON,22
34.03,29.0975,2026-06-21,HB_HOUSTON,23
27.17,24.085,2026-06-21,HB_HOUSTON,24
25.14,23.0425,2026-06-22,HB_HOUSTON,1
23.2,21.825,2026-06-22,HB_HOUSTON,2
22.22,20.57,2026-06-22,HB_HOUSTON,3
22.59,20.6825,2026-06-22,HB_HOUSTON,4
23.69,22.54,2026-06-22,HB_HOUSTON,5
25.94,22.7825,2026-06-22,HB_HOUSTON,6
26.0,28.3825,2026-06-22,HB_HOUSTON,7
23.71,28.67,2026-06-22,HB_HOUSTON,8
19.01,23.735,2026-06-22,HB_HOUSTON,9
19.85,21.6075,2026-06-22,HB_HOUSTON,10
22.9,22.7,2026-06-22,HB_HOUSTON,11
27.89,26.3575,2026-06-22,HB_HOUSTON,12
37.3,27.6125,2026-06-22,HB_HOUSTON,13
36.7,37.045,2026-06-22,HB_HOUSTON,14
35.47,44.8525,2026-06-22,HB_HOUSTON,15
38.01,38.57,2026-06-22,HB_HOUSTON,16
36.67,38.5175,2026-06-22,HB_HOUSTON,17
32.29,38.745,2026-06-22,HB_HOUSTON,18
33.16,41.1425,2026-06-22,HB_HOUSTON,19
49.28,66.095,2026-06-22,HB_HOUSTON,20
57.57,70.1175,2026-06-22,HB_HOUSTON,21
50.82,57.2075,2026-06-22,HB_HOUSTON,22
53.47,40.295,2026-06-22,HB_HOUSTON,23
41.59,35.8725,2026-06-22,HB_HOUSTON,24
40.31,36.8325,2026-06-23,HB_HOUSTON,1
33.89,29.19,2026-06-23,HB_HOUSTON,2
30.95,28.28,2026-06-23,HB_HOUSTON,3
29.75,27.6375,2026-06-23,HB_HOUSTON,4
30.35,27.7425,2026-06-23,HB_HOUSTON,5
32.37,29.8,2026-06-23,HB_HOUSTON,6
33.94,33.0175,2026-06-23,HB_HOUSTON,7
28.82,27.5,2026-06-23,HB_HOUSTON,8
22.54,22.435,2026-06-23,HB_HOUSTON,9
21.93,24.3725,2026-06-23,HB_HOUSTON,10
23.06,26.3625,2026-06-23,HB_HOUSTON,11
25.65,25.2325,2026-06-23,HB_HOUSTON,12
27.83,26.365,2026-06-23,HB_HOUSTON,13
36.11,27.215,2026-06-23,HB_HOUSTON,14
37.32,31.62,2026-06-23,HB_HOUSTON,15
34.93,33.4825,2026-06-23,HB_HOUSTON,16
33.15,38.86,2026-06-23,HB_HOUSTON,17
30.71,41.3325,2026-06-23,HB_HOUSTON,18
30.78,45.9625,2026-06-23,HB_HOUSTON,19
44.36,41.0625,2026-06-23,HB_HOUSTON,20
43.07,37.105,2026-06-23,HB_HOUSTON,21
40.96,38.445,2026-06-23,HB_HOUSTON,22
32.74,40.8625,2026-06-23,HB_HOUSTON,23
28.03,35.2475,2026-06-23,HB_HOUSTON,24
25.99,27.425,2026-06-24,HB_HOUSTON,1
24.37,27.1075,2026-06-24,HB_HOUSTON,2
23.9,25.1725,2026-06-24,HB_HOUSTON,3
23.54,25.6925,2026-06-24,HB_HOUSTON,4
24.24,29.7125,2026-06-24,HB_HOUSTON,5
25.02,33.5625,2026-06-24,HB_HOUSTON,6
27.76,30.8875,2026-06-24,HB_HOUSTON,7
24.24,26.1675,2026-06-24,HB_HOUSTON,8
19.78,23.34,2026-06-24,HB_HOUSTON,9
20.12,24.5675,2026-06-24,HB_HOUSTON,10
22.47,24.59,2026-06-24,HB_HOUSTON,11
26.38,24.7275,2026-06-24,HB_HOUSTON,12
29.34,30.96,2026-06-24,HB_HOUSTON,13
35.7,29.385,2026-06-24,HB_HOUSTON,14
35.87,28.355,2026-06-24,HB_HOUSTON,15
32.37,26.58,2026-06-24,HB_HOUSTON,16
31.96,26.43,2026-06-24,HB_HOUSTON,17
29.43,25.1275,2026-06-24,HB_HOUSTON,18
30.19,29.79,2026-06-24,HB_HOUSTON,19
43.53,46.2575,2026-06-24,HB_HOUSTON,20
47.98,44.53,2026-06-24,HB_HOUSTON,21
43.08,38.025,2026-06-24,HB_HOUSTON,22
37.6,38.08,2026-06-24,HB_HOUSTON,23
27.84,34.6775,2026-06-24,HB_HOUSTON,24
27.5,28.7575,2026-06-25,HB_HOUSTON,1
26.73,25.3375,2026-06-25,HB_HOUSTON,2
24.94,24.43,2026-06-25,HB_HOUSTON,3
24.73,25.95,2026-06-25,HB_HOUSTON,4
24.86,26.12,2026-06-25,HB_HOUSTON,5
26.92,25.2625,2026-06-25,HB_HOUSTON,6
25.65,25.75,2026-06-25,HB_HOUSTON,7
23.14,20.48,2026-06-25,HB_HOUSTON,8
19.18,16.7475,2026-06-25,HB_HOUSTON,9
19.86,17.5075,2026-06-25,HB_HOUSTON,10
22.29,21.97,2026-06-25,HB_HOUSTON,11
25.83,22.165,2026-06-25,HB_HOUSTON,12
28.43,26.775,2026-06-25,HB_HOUSTON,13
34.65,28.2075,2026-06-25,HB_HOUSTON,14
35.17,26.8925,2026-06-25,HB_HOUSTON,15
36.35,27.3975,2026-06-25,HB_HOUSTON,16
33.67,27.79,2026-06-25,HB_HOUSTON,17
32.5,27.795,2026-06-25,HB_HOUSTON,18
30.87,27.405,2026-06-25,HB_HOUSTON,19
41.28,32.3175,2026-06-25,HB_HOUSTON,20
44.23,31.445,2026-06-25,HB_HOUSTON,21
39.75,29.77,2026-06-25,HB_HOUSTON,22
36.78,26.9425,2026-06-25,HB_HOUSTON,23
34.74,24.6825,2026-06-25,HB_HOUSTON,24
26.25,25.84,2026-06-26,HB_HOUSTON,1
25.09,28.455,2026-06-26,HB_HOUSTON,2
25.42,33.265,2026-06-26,HB_HOUSTON,3
24.68,30.13,2026-06-26,HB_HOUSTON,4
25.18,23.745,2026-06-26,HB_HOUSTON,5
25.57,24.0875,2026-06-26,HB_HOUSTON,6
25.27,24.34,2026-06-26,HB_HOUSTON,7
23.11,21.16,2026-06-26,HB_HOUSTON,8
19.74,16.5125,2026-06-26,HB_HOUSTON,9
20.24,14.68,2026-06-26,HB_HOUSTON,10
23.11,20.67,2026-06-26,HB_HOUSTON,11
28.58,24.12,2026-06-26,HB_HOUSTON,12
33.92,30.2475,2026-06-26,HB_HOUSTON,13
35.81,26.8025,2026-06-26,HB_HOUSTON,14
36.6,28.515,2026-06-26,HB_HOUSTON,15
33.14,27.8975,2026-06-26,HB_HOUSTON,16
33.77,27.6575,2026-06-26,HB_HOUSTON,17
30.22,24.8075,2026-06-26,HB_HOUSTON,18
31.09,23.53,2026-06-26,HB_HOUSTON,19
38.6,32.65,2026-06-26,HB_HOUSTON,20
39.7,32.2775,2026-06-26,HB_HOUSTON,21
40.74,28.11,2026-06-26,HB_HOUSTON,22
34.73,25.2675,2026-06-26,HB_HOUSTON,23
29.51,24.32,2026-06-26,HB_HOUSTON,24
24.49,24.455,2026-06-27,HB_HOUSTON,1
23.51,23.935,2026-06-27,HB_HOUSTON,2
23.72,24.615,2026-06-27,HB_HOUSTON,3
22.46,32.9,2026-06-27,HB_HOUSTON,4
23.84,67.4425,2026-06-27,HB_HOUSTON,5
24.14,30.2225,2026-06-27,HB_HOUSTON,6
21.99,24.8025,2026-06-27,HB_HOUSTON,7
19.8,19.2325,2026-06-27,HB_HOUSTON,8
17.34,16.3575,2026-06-27,HB_HOUSTON,9
17.07,15.69,2026-06-27,HB_HOUSTON,10
19.48,18.1175,2026-06-27,HB_HOUSTON,11
25.48,22.535,2026-06-27,HB_HOUSTON,12
30.89,24.2475,2026-06-27,HB_HOUSTON,13
30.95,25.32,2026-06-27,HB_HOUSTON,14
32.14,25.2425,2026-06-27,HB_HOUSTON,15
29.14,24.27,2026-06-27,HB_HOUSTON,16
28.57,23.9225,2026-06-27,HB_HOUSTON,17
28.7,23.2025,2026-06-27,HB_HOUSTON,18
28.41,24.3825,2026-06-27,HB_HOUSTON,19
36.5,29.645,2026-06-27,HB_HOUSTON,20
35.86,29.4825,2026-06-27,HB_HOUSTON,21
33.45,28.5175,2026-06-27,HB_HOUSTON,22
32.39,27.2825,2026-06-27,HB_HOUSTON,23
27.53,25.725,2026-06-27,HB_HOUSTON,24
24.23,23.8,2026-06-28,HB_HOUSTON,1
23.69,24.0425,2026-06-28,HB_HOUSTON,2
23.48,22.5775,2026-06-28,HB_HOUSTON,3
23.3,22.6875,2026-06-28,HB_HOUSTON,4
22.75,22.675,2026-06-28,HB_HOUSTON,5
22.81,22.215,2026-06-28,HB_HOUSTON,6
21.74,21.165,2026-06-28,HB_HOUSTON,7
18.96,17.075,2026-06-28,HB_HOUSTON,8
17.46,17.835,2026-06-28,HB_HOUSTON,9
16.58,20.17,2026-06-28,HB_HOUSTON,10
18.79,21.3925,2026-06-28,HB_HOUSTON,11
23.01,25.4025,2026-06-28,HB_HOUSTON,12
28.23,28.7925,2026-06-28,HB_HOUSTON,13
28.81,26.8175,2026-06-28,HB_HOUSTON,14
27.27,24.745,2026-06-28,HB_HOUSTON,15
25.74,26.535,2026-06-28,HB_HOUSTON,16
25.34,27.9525,2026-06-28,HB_HOUSTON,17
26.29,24.9575,2026-06-28,HB_HOUSTON,18
25.36,26.985,2026-06-28,HB_HOUSTON,19
37.4,33.52,2026-06-28,HB_HOUSTON,20
37.66,34.9525,2026-06-28,HB_HOUSTON,21
33.31,35.74,2026-06-28,HB_HOUSTON,22
33.46,31.225,2026-06-28,HB_HOUSTON,23
26.32,26.29,2026-06-28,HB_HOUSTON,24
25.2,23.85,2026-06-29,HB_HOUSTON,1
23.92,22.5475,2026-06-29,HB_HOUSTON,2
22.85,21.605,2026-06-29,HB_HOUSTON,3
21.69,21.075,2026-06-29,HB_HOUSTON,4
21.99,20.73,2026-06-29,HB_HOUSTON,5
23.08,21.6375,2026-06-29,HB_HOUSTON,6
22.15,22.52,2026-06-29,HB_HOUSTON,7
21.67,20.2525,2026-06-29,HB_HOUSTON,8
19.15,22.6825,2026-06-29,HB_HOUSTON,9
21.76,22.8425,2026-06-29,HB_HOUSTON,10
22.75,28.4525,2026-06-29,HB_HOUSTON,11
29.57,31.47,2026-06-29,HB_HOUSTON,12
31.97,35.5925,2026-06-29,HB_HOUSTON,13
33.24,39.855,2026-06-29,HB_HOUSTON,14
34.79,41.4675,2026-06-29,HB_HOUSTON,15
33.72,40.5025,2026-06-29,HB_HOUSTON,16
33.06,35.7325,2026-06-29,HB_HOUSTON,17
33.07,31.0175,2026-06-29,HB_HOUSTON,18
32.99,29.065,2026-06-29,HB_HOUSTON,19
40.42,31.6975,2026-06-29,HB_HOUSTON,20
39.18,31.2375,2026-06-29,HB_HOUSTON,21
34.93,31.075,2026-06-29,HB_HOUSTON,22
35.84,28.3025,2026-06-29,HB_HOUSTON,23
28.12,25.955,2026-06-29,HB_HOUSTON,24
24.65,24.8225,2026-06-30,HB_HOUSTON,1
23.36,22.7225,2026-06-30,HB_HOUSTON,2
23.05,21.4675,2026-06-30,HB_HOUSTON,3
21.5,20.215,2026-06-30,HB_HOUSTON,4
21.64,20.24,2026-06-30,HB_HOUSTON,5
22.82,21.115,2026-06-30,HB_HOUSTON,6
22.83,21.71,2026-06-30,HB_HOUSTON,7
21.94,19.0625,2026-06-30,HB_HOUSTON,8
19.41,17.1975,2026-06-30,HB_HOUSTON,9
20.28,17.4375,2026-06-30,HB_HOUSTON,10
23.5,22.1975,2026-06-30,HB_HOUSTON,11
27.53,27.55,2026-06-30,HB_HOUSTON,12
31.52,30.805,2026-06-30,HB_HOUSTON,13
34.36,33.6975,2026-06-30,HB_HOUSTON,14
33.26,36.2975,2026-06-30,HB_HOUSTON,15
35.35,38.9525,2026-06-30,HB_HOUSTON,16
32.28,40.825,2026-06-30,HB_HOUSTON,17
29.05,35.715,2026-06-30,HB_HOUSTON,18
30.5,33.515,2026-06-30,HB_HOUSTON,19
39.73,33.3375,2026-06-30,HB_HOUSTON,20
41.08,36.305,2026-06-30,HB_HOUSTON,21
38.47,31.4525,2026-06-30,HB_HOUSTON,22
34.13,31.105,2026-06-30,HB_HOUSTON,23
27.19,29.255,2026-06-30,HB_HOUSTON,24
26.98,28.2375,2026-07-01,HB_HOUSTON,1
25.05,24.375,2026-07-01,HB_HOUSTON,2
24.28,24.275,2026-07-01,HB_HOUSTON,3
23.65,25.47,2026-07-01,HB_HOUSTON,4
23.41,24.365,2026-07-01,HB_HOUSTON,5
24.92,23.395,2026-07-01,HB_HOUSTON,6
24.62,22.6025,2026-07-01,HB_HOUSTON,7
21.17,19.3075,2026-07-01,HB_HOUSTON,8
17.37,17.0775,2026-07-01,HB_HOUSTON,9
19.81,19.4325,2026-07-01,HB_HOUSTON,10
25.0,26.28,2026-07-01,HB_HOUSTON,11
30.25,32.79,2026-07-01,HB_HOUSTON,12
35.92,31.3675,2026-07-01,HB_HOUSTON,13
34.8,32.7025,2026-07-01,HB_HOUSTON,14
36.29,36.3425,2026-07-01,HB_HOUSTON,15
36.8,39.4175,2026-07-01,HB_HOUSTON,16
36.12,41.18,2026-07-01,HB_HOUSTON,17
32.04,36.2775,2026-07-01,HB_HOUSTON,18
31.71,31.12,2026-07-01,HB_HOUSTON,19
44.79,39.07,2026-07-01,HB_HOUSTON,20
46.95,43.735,2026-07-01,HB_HOUSTON,21
42.82,48.73,2026-07-01,HB_HOUSTON,22
39.12,48.88,2026-07-01,HB_HOUSTON,23
31.4,28.9825,2026-07-01,HB_HOUSTON,24
27.76,26.53,2026-07-02,HB_HOUSTON,1
24.4,24.9625,2026-07-02,HB_HOUSTON,2
23.34,24.2775,2026-07-02,HB_HOUSTON,3
22.45,23.405,2026-07-02,HB_HOUSTON,4
22.55,23.9275,2026-07-02,HB_HOUSTON,5
23.87,26.3325,2026-07-02,HB_HOUSTON,6
24.57,26.645,2026-07-02,HB_HOUSTON,7
22.69,22.21,2026-07-02,HB_HOUSTON,8
19.51,19.9,2026-07-02,HB_HOUSTON,9
20.4,19.6325,2026-07-02,HB_HOUSTON,10
22.62,21.35,2026-07-02,HB_HOUSTON,11
29.14,25.405,2026-07-02,HB_HOUSTON,12
30.79,25.12,2026-07-02,HB_HOUSTON,13
35.87,25.055,2026-07-02,HB_HOUSTON,14
35.0,27.055,2026-07-02,HB_HOUSTON,15
34.69,31.6775,2026-07-02,HB_HOUSTON,16
34.0,29.72,2026-07-02,HB_HOUSTON,17
32.04,26.325,2026-07-02,HB_HOUSTON,18
36.8,32.3575,2026-07-02,HB_HOUSTON,19
49.42,31.245,2026-07-02,HB_HOUSTON,20
44.08,32.455,2026-07-02,HB_HOUSTON,21
39.04,29.9325,2026-07-02,HB_HOUSTON,22
35.23,29.205,2026-07-02,HB_HOUSTON,23
29.63,27.685,2026-07-02,HB_HOUSTON,24
24.29,23.9725,2026-07-03,HB_HOUSTON,1
23.15,23.6775,2026-07-03,HB_HOUSTON,2
21.64,23.0375,2026-07-03,HB_HOUSTON,3
21.77,22.045,2026-07-03,HB_HOUSTON,4
21.68,21.68,2026-07-03,HB_HOUSTON,5
23.14,22.9525,2026-07-03,HB_HOUSTON,6
24.1,22.6125,2026-07-03,HB_HOUSTON,7
21.49,18.0575,2026-07-03,HB_HOUSTON,8
17.61,12.505,2026-07-03,HB_HOUSTON,9
17.52,14.02,2026-07-03,HB_HOUSTON,10
20.72,16.09,2026-07-03,HB_HOUSTON,11
24.66,19.255,2026-07-03,HB_HOUSTON,12
28.19,24.0575,2026-07-03,HB_HOUSTON,13
30.59,25.5075,2026-07-03,HB_HOUSTON,14
32.52,25.92,2026-07-03,HB_HOUSTON,15
34.12,25.3225,2026-07-03,HB_HOUSTON,16
32.34,25.355,2026-07-03,HB_HOUSTON,17
30.97,25.235,2026-07-03,HB_HOUSTON,18
35.2,27.53,2026-07-03,HB_HOUSTON,19
44.9,33.11,2026-07-03,HB_HOUSTON,20
44.2,36.835,2026-07-03,HB_HOUSTON,21
39.34,34.1775,2026-07-03,HB_HOUSTON,22
34.69,30.1975,2026-07-03,HB_HOUSTON,23
27.7,25.1225,2026-07-03,HB_HOUSTON,24
24.12,21.91,2026-07-04,HB_HOUSTON,1
22.31,19.2725,2026-07-04,HB_HOUSTON,2
22.4,20.36,2026-07-04,HB_HOUSTON,3
21.46,20.225,2026-07-04,HB_HOUSTON,4
22.1,19.58,2026-07-04,HB_HOUSTON,5
22.91,21.3175,2026-07-04,HB_HOUSTON,6
20.9,22.455,2026-07-04,HB_HOUSTON,7
17.42,16.6525,2026-07-04,HB_HOUSTON,8
15.07,11.7875,2026-07-04,HB_HOUSTON,9
14.64,13.765,2026-07-04,HB_HOUSTON,10
16.57,14.8125,2026-07-04,HB_HOUSTON,11
19.12,20.7825,2026-07-04,HB_HOUSTON,12
23.02,25.2725,2026-07-04,HB_HOUSTON,13
25.93,27.2725,2026-07-04,HB_HOUSTON,14
28.65,27.2525,2026-07-04,HB_HOUSTON,15
30.53,27.72,2026-07-04,HB_HOUSTON,16
32.44,28.4825,2026-07-04,HB_HOUSTON,17
31.2,31.3375,2026-07-04,HB_HOUSTON,18
36.22,40.365,2026-07-04,HB_HOUSTON,19
49.1,52.615,2026-07-04,HB_HOUSTON,20
50.65,50.9725,2026-07-04,HB_HOUSTON,21
48.09,48.6675,2026-07-04,HB_HOUSTON,22
38.02,37.5525,2026-07-04,HB_HOUSTON,23
31.3,32.425,2026-07-04,HB_HOUSTON,24
26.64,27.2525,2026-07-05,HB_HOUSTON,1
25.77,25.8425,2026-07-05,HB_HOUSTON,2
24.85,25.645,2026-07-05,HB_HOUSTON,3
24.73,24.2175,2026-07-05,HB_HOUSTON,4
24.57,22.215,2026-07-05,HB_HOUSTON,5
25.73,23.4625,2026-07-05,HB_HOUSTON,6
25.28,23.0025,2026-07-05,HB_HOUSTON,7
23.01,18.5775,2026-07-05,HB_HOUSTON,8
19.12,17.93,2026-07-05,HB_HOUSTON,9
18.72,17.8625,2026-07-05,HB_HOUSTON,10
19.59,18.4625,2026-07-05,HB_HOUSTON,11
22.6,21.5975,2026-07-05,HB_HOUSTON,12
25.09,29.9775,2026-07-05,HB_HOUSTON,13
28.46,29.955,2026-07-05,HB_HOUSTON,14
32.44,32.875,2026-07-05,HB_HOUSTON,15
31.63,29.265,2026-07-05,HB_HOUSTON,16
34.99,33.66,2026-07-05,HB_HOUSTON,17
37.44,47.0675,2026-07-05,HB_HOUSTON,18
44.16,38.65,2026-07-05,HB_HOUSTON,19
58.2,44.0425,2026-07-05,HB_HOUSTON,20
69.39,31.48,2026-07-05,HB_HOUSTON,21
61.89,26.5575,2026-07-05,HB_HOUSTON,22
62.15,25.725,2026-07-05,HB_HOUSTON,23
40.68,28.26,2026-07-05,HB_HOUSTON,24
37.5,31.8525,2026-07-06,HB_HOUSTON,1
31.79,30.515,2026-07-06,HB_HOUSTON,2
31.04,28.67,2026-07-06,HB_HOUSTON,3
32.03,27.6425,2026-07-06,HB_HOUSTON,4
32.31,27.7775,2026-07-06,HB_HOUSTON,5
35.12,29.0025,2026-07-06,HB_HOUSTON,6
40.49,29.7525,2026-07-06,HB_HOUSTON,7
29.75,27.0025,2026-07-06,HB_HOUSTON,8
23.21,22.1075,2026-07-06,HB_HOUSTON,9
23.92,23.8725,2026-07-06,HB_HOUSTON,10
25.62,23.93,2026-07-06,HB_HOUSTON,11
25.29,25.8725,2026-07-06,HB_HOUSTON,12
31.29,29.5,2026-07-06,HB_HOUSTON,13
33.84,34.2975,2026-07-06,HB_HOUSTON,14
35.62,30.655,2026-07-06,HB_HOUSTON,15
37.47,34.1175,2026-07-06,HB_HOUSTON,16
38.02,33.8425,2026-07-06,HB_HOUSTON,17
38.58,26.16,2026-07-06,HB_HOUSTON,18
46.87,29.5975,2026-07-06,HB_HOUSTON,19
65.71,43.7575,2026-07-06,HB_HOUSTON,20
71.09,45.845,2026-07-06,HB_HOUSTON,21
51.34,45.2375,2026-07-06,HB_HOUSTON,22
45.64,50.545,2026-07-06,HB_HOUSTON,23
35.19,41.9575,2026-07-06,HB_HOUSTON,24
31.42,38.2725,2026-07-07,HB_HOUSTON,1
28.62,32.7975,2026-07-07,HB_HOUSTON,2
26.69,31.51,2026-07-07,HB_HOUSTON,3
26.13,30.5875,2026-07-07,HB_HOUSTON,4
27.43,29.4925,2026-07-07,HB_HOUSTON,5
29.59,39.3375,2026-07-07,HB_HOUSTON,6
30.1,40.37,2026-07-07,HB_HOUSTON,7
24.12,24.2725,2026-07-07,HB_HOUSTON,8
18.37,20.86,2026-07-07,HB_HOUSTON,9
18.99,23.8075,2026-07-07,HB_HOUSTON,10
19.84,25.0525,2026-07-07,HB_HOUSTON,11
24.18,27.7,2026-07-07,HB_HOUSTON,12
28.84,30.3175,2026-07-07,HB_HOUSTON,13
33.28,35.1325,2026-07-07,HB_HOUSTON,14
33.84,30.205,2026-07-07,HB_HOUSTON,15
34.3,29.53,2026-07-07,HB_HOUSTON,16
34.47,28.7475,2026-07-07,HB_HOUSTON,17
34.96,29.1325,2026-07-07,HB_HOUSTON,18
38.45,36.1975,2026-07-07,HB_HOUSTON,19
49.01,40.375,2026-07-07,HB_HOUSTON,20
54.39,42.765,2026-07-07,HB_HOUSTON,21
43.03,40.6575,2026-07-07,HB_HOUSTON,22
34.46,37.21,2026-07-07,HB_HOUSTON,23
28.93,29.2375,2026-07-07,HB_HOUSTON,24
28.3,23.6925,2026-07-08,HB_HOUSTON,1
25.8,22.4275,2026-07-08,HB_HOUSTON,2
23.88,22.6825,2026-07-08,HB_HOUSTON,3
23.49,21.55,2026-07-08,HB_HOUSTON,4
23.72,19.2625,2026-07-08,HB_HOUSTON,5
24.31,21.0625,2026-07-08,HB_HOUSTON,6
23.68,22.815,2026-07-08,HB_HOUSTON,7
20.73,18.505,2026-07-08,HB_HOUSTON,8
16.44,16.7725,2026-07-08,HB_HOUSTON,9
16.59,18.3175,2026-07-08,HB_HOUSTON,10
18.27,18.6825,2026-07-08,HB_HOUSTON,11
23.06,24.0675,2026-07-08,HB_HOUSTON,12
25.94,28.3325,2026-07-08,HB_HOUSTON,13
33.75,30.1125,2026-07-08,HB_HOUSTON,14
35.05,29.4125,2026-07-08,HB_HOUSTON,15
35.72,28.42,2026-07-08,HB_HOUSTON,16
33.1,23.2225,2026-07-08,HB_HOUSTON,17
32.24,22.285,2026-07-08,HB_HOUSTON,18
31.9,26.8475,2026-07-08,HB_HOUSTON,19
43.34,36.8275,2026-07-08,HB_HOUSTON,20
42.96,45.6425,2026-07-08,HB_HOUSTON,21
40.18,61.0575,2026-07-08,HB_HOUSTON,22
34.04,42.8025,2026-07-08,HB_HOUSTON,23
26.86,28.64,2026-07-08,HB_HOUSTON,24
26.0,24.955,2026-07-09,HB_HOUSTON,1
24.14,22.795,2026-07-09,HB_HOUSTON,2
23.58,21.9325,2026-07-09,HB_HOUSTON,3
22.91,19.0375,2026-07-09,HB_HOUSTON,4
22.29,18.8575,2026-07-09,HB_HOUSTON,5
23.83,20.7675,2026-07-09,HB_HOUSTON,6
23.31,22.5925,2026-07-09,HB_HOUSTON,7
20.22,17.55,2026-07-09,HB_HOUSTON,8
17.36,15.6325,2026-07-09,HB_HOUSTON,9
17.76,18.8025,2026-07-09,HB_HOUSTON,10
19.1,23.085,2026-07-09,HB_HOUSTON,11
22.26,26.1225,2026-07-09,HB_HOUSTON,12
28.55,25.0075,2026-07-09,HB_HOUSTON,13
33.13,31.12,2026-07-09,HB_HOUSTON,14
32.67,27.5425,2026-07-09,HB_HOUSTON,15
34.71,26.8375,2026-07-09,HB_HOUSTON,16
32.16,27.105,2026-07-09,HB_HOUSTON,17
29.81,26.96,2026-07-09,HB_HOUSTON,18
29.8,31.5575,2026-07-09,HB_HOUSTON,19
39.79,45.8625,2026-07-09,HB_HOUSTON,20
41.59,42.9575,2026-07-09,HB_HOUSTON,21
37.6,45.9325,2026-07-09,HB_HOUSTON,22
34.7,41.625,2026-07-09,HB_HOUSTON,23
29.35,27.27,2026-07-09,HB_HOUSTON,24
25.77,24.87,2026-07-10,HB_HOUSTON,1
24.09,24.11,2026-07-10,HB_HOUSTON,2
23.67,22.6375,2026-07-10,HB_HOUSTON,3
23.32,21.88,2026-07-10,HB_HOUSTON,4
23.45,22.8575,2026-07-10,HB_HOUSTON,5
24.69,23.985,2026-07-10,HB_HOUSTON,6
24.87,25.13,2026-07-10,HB_HOUSTON,7
22.79,20.665,2026-07-10,HB_HOUSTON,8
18.75,21.14,2026-07-10,HB_HOUSTON,9
18.6,26.435,2026-07-10,HB_HOUSTON,10
20.82,24.59,2026-07-10,HB_HOUSTON,11
22.89,24.2025,2026-07-10,HB_HOUSTON,12
25.04,22.085,2026-07-10,HB_HOUSTON,13
29.31,24.6425,2026-07-10,HB_HOUSTON,14
30.93,26.28,2026-07-10,HB_HOUSTON,15
31.6,33.6375,2026-07-10,HB_HOUSTON,16
30.82,35.1225,2026-07-10,HB_HOUSTON,17
29.62,39.0875,2026-07-10,HB_HOUSTON,18
30.47,32.135,2026-07-10,HB_HOUSTON,19
39.17,43.515,2026-07-10,HB_HOUSTON,20
42.01,45.67,2026-07-10,HB_HOUSTON,21
39.49,42.5825,2026-07-10,HB_HOUSTON,22
36.86,45.5275,2026-07-10,HB_HOUSTON,23
30.03,34.8,2026-07-10,HB_HOUSTON,24
27.25,35.1675,2026-07-11,HB_HOUSTON,1
26.62,35.6125,2026-07-11,HB_HOUSTON,2
26.03,29.81,2026-07-11,HB_HOUSTON,3
25.9,27.0925,2026-07-11,HB_HOUSTON,4
28.84,29.505,2026-07-11,HB_HOUSTON,5
32.96,28.9675,2026-07-11,HB_HOUSTON,6
28.17,31.6725,2026-07-11,HB_HOUSTON,7
23.42,24.5725,2026-07-11,HB_HOUSTON,8
18.72,23.3325,2026-07-11,HB_HOUSTON,9
20.22,23.63,2026-07-11,HB_HOUSTON,10
22.84,21.4375,2026-07-11,HB_HOUSTON,11
25.77,16.04,2026-07-11,HB_HOUSTON,12
28.48,20.0975,2026-07-11,HB_HOUSTON,13
29.54,26.9125,2026-07-11,HB_HOUSTON,14
31.47,30.4175,2026-07-11,HB_HOUSTON,15
31.39,28.4425,2026-07-11,HB_HOUSTON,16
31.91,23.61,2026-07-11,HB_HOUSTON,17
29.89,21.2425,2026-07-11,HB_HOUSTON,18
33.93,24.54,2026-07-11,HB_HOUSTON,19
40.53,31.2825,2026-07-11,HB_HOUSTON,20
41.57,35.885,2026-07-11,HB_HOUSTON,21
43.7,29.03,2026-07-11,HB_HOUSTON,22
40.61,27.6775,2026-07-11,HB_HOUSTON,23
36.48,28.11,2026-07-11,HB_HOUSTON,24
35.1,25.0975,2026-07-12,HB_HOUSTON,1
30.1,22.6675,2026-07-12,HB_HOUSTON,2
29.47,21.1675,2026-07-12,HB_HOUSTON,3
32.19,21.81,2026-07-12,HB_HOUSTON,4
31.5,23.5,2026-07-12,HB_HOUSTON,5
32.45,24.545,2026-07-12,HB_HOUSTON,6
28.84,25.405,2026-07-12,HB_HOUSTON,7
23.16,22.5025,2026-07-12,HB_HOUSTON,8
19.11,20.47,2026-07-12,HB_HOUSTON,9
21.35,21.06,2026-07-12,HB_HOUSTON,10
21.54,20.825,2026-07-12,HB_HOUSTON,11
21.95,22.7525,2026-07-12,HB_HOUSTON,12
24.73,23.085,2026-07-12,HB_HOUSTON,13
26.56,23.185,2026-07-12,HB_HOUSTON,14
28.21,27.9875,2026-07-12,HB_HOUSTON,15
29.48,26.835,2026-07-12,HB_HOUSTON,16
31.21,21.6275,2026-07-12,HB_HOUSTON,17
31.39,21.215,2026-07-12,HB_HOUSTON,18
32.82,29.52,2026-07-12,HB_HOUSTON,19
38.39,33.9,2026-07-12,HB_HOUSTON,20
37.91,38.0175,2026-07-12,HB_HOUSTON,21
43.0,36.74,2026-07-12,HB_HOUSTON,22
47.31,34.6825,2026-07-12,HB_HOUSTON,23
43.72,36.295,2026-07-12,HB_HOUSTON,24
37.05,30.485,2026-07-13,HB_HOUSTON,1
33.08,30.455,2026-07-13,HB_HOUSTON,2
33.09,33.5025,2026-07-13,HB_HOUSTON,3
35.91,39.48,2026-07-13,HB_HOUSTON,4
35.82,35.39,2026-07-13,HB_HOUSTON,5
40.27,35.15,2026-07-13,HB_HOUSTON,6
40.77,32.0325,2026-07-13,HB_HOUSTON,7
37.11,31.32,2026-07-13,HB_HOUSTON,8
29.5,26.275,2026-07-13,HB_HOUSTON,9
29.83,26.105,2026-07-13,HB_HOUSTON,10
28.14,27.6725,2026-07-13,HB_HOUSTON,11
27.45,30.745,2026-07-13,HB_HOUSTON,12
28.04,27.4875,2026-07-13,HB_HOUSTON,13
28.45,26.5825,2026-07-13,HB_HOUSTON,14
28.65,27.385,2026-07-13,HB_HOUSTON,15
31.23,25.9475,2026-07-13,HB_HOUSTON,16
31.56,23.1125,2026-07-13,HB_HOUSTON,17
32.03,23.7875,2026-07-13,HB_HOUSTON,18
32.45,25.35,2026-07-13,HB_HOUSTON,19
44.54,30.255,2026-07-13,HB_HOUSTON,20
44.51,32.255,2026-07-13,HB_HOUSTON,21
43.48,29.165,2026-07-13,HB_HOUSTON,22
40.76,29.11,2026-07-13,HB_HOUSTON,23
35.38,28.5575,2026-07-13,HB_HOUSTON,24
35.93,26.7975,2026-07-14,HB_HOUSTON,1
32.78,28.5275,2026-07-14,HB_HOUSTON,2
31.57,28.295,2026-07-14,HB_HOUSTON,3
30.31,27.9175,2026-07-14,HB_HOUSTON,4
34.8,28.1375,2026-07-14,HB_HOUSTON,5
35.94,27.1625,2026-07-14,HB_HOUSTON,6
34.52,31.99,2026-07-14,HB_HOUSTON,7
29.4,32.7125,2026-07-14,HB_HOUSTON,8
23.4,25.84,2026-07-14,HB_HOUSTON,9
22.9,22.6975,2026-07-14,HB_HOUSTON,10
21.39,22.84,2026-07-14,HB_HOUSTON,11
21.54,22.085,2026-07-14,HB_HOUSTON,12
22.12,23.1475,2026-07-14,HB_HOUSTON,13
21.14,22.3625,2026-07-14,HB_HOUSTON,14
20.74,22.8575,2026-07-14,HB_HOUSTON,15
21.58,22.4525,2026-07-14,HB_HOUSTON,16
22.97,19.675,2026-07-14,HB_HOUSTON,17
22.64,18.33,2026-07-14,HB_HOUSTON,18
25.76,20.4375,2026-07-14,HB_HOUSTON,19
28.16,32.7875,2026-07-14,HB_HOUSTON,20
34.09,39.665,2026-07-14,HB_HOUSTON,21
34.57,41.045,2026-07-14,HB_HOUSTON,22
37.84,50.6975,2026-07-14,HB_HOUSTON,23
35.9,48.8475,2026-07-14,HB_HOUSTON,24
29.55,33.955,2026-07-15,HB_HOUSTON,1
27.74,28.0925,2026-07-15,HB_HOUSTON,2
28.62,29.985,2026-07-15,HB_HOUSTON,3
28.32,25.7225,2026-07-15,HB_HOUSTON,4
30.4,26.7475,2026-07-15,HB_HOUSTON,5
30.49,27.5475,2026-07-15,HB_HOUSTON,6
29.5,25.6175,2026-07-15,HB_HOUSTON,7
27.14,24.865,2026-07-15,HB_HOUSTON,8
23.03,23.35,2026-07-15,HB_HOUSTON,9
21.5,22.5775,2026-07-15,HB_HOUSTON,10
20.87,24.6875,2026-07-15,HB_HOUSTON,11
21.28,27.135,2026-07-15,HB_HOUSTON,12
21.94,25.5125,2026-07-15,HB_HOUSTON,13
23.77,24.91,2026-07-15,HB_HOUSTON,14
23.33,24.2625,2026-07-15,HB_HOUSTON,15
24.03,22.73,2026-07-15,HB_HOUSTON,16
24.11,20.505,2026-07-15,HB_HOUSTON,17
23.81,18.8925,2026-07-15,HB_HOUSTON,18
24.36,25.315,2026-07-15,HB_HOUSTON,19
29.3,34.33,2026-07-15,HB_HOUSTON,20
32.46,39.28,2026-07-15,HB_HOUSTON,21
29.9,39.9675,2026-07-15,HB_HOUSTON,22
29.37,32.01,2026-07-15,HB_HOUSTON,23
28.71,29.53,2026-07-15,HB_HOUSTON,24
29.16,26.7975,2026-07-16,HB_HOUSTON,1
27.1,26.61,2026-07-16,HB_HOUSTON,2
26.4,28.5425,2026-07-16,HB_HOUSTON,3
28.28,27.1125,2026-07-16,HB_HOUSTON,4
29.46,31.5575,2026-07-16,HB_HOUSTON,5
30.61,39.4175,2026-07-16,HB_HOUSTON,6
30.52,37.2925,2026-07-16,HB_HOUSTON,7
27.69,33.58,2026-07-16,HB_HOUSTON,8
25.56,25.4375,2026-07-16,HB_HOUSTON,9
23.7,24.0225,2026-07-16,HB_HOUSTON,10
22.53,29.245,2026-07-16,HB_HOUSTON,11
22.7,31.4525,2026-07-16,HB_HOUSTON,12
23.03,37.4125,2026-07-16,HB_HOUSTON,13
23.08,35.155,2026-07-16,HB_HOUSTON,14
23.85,37.18,2026-07-16,HB_HOUSTON,15
24.1,57.59,2026-07-16,HB_HOUSTON,16
24.31,67.0075,2026-07-16,HB_HOUSTON,17
24.69,44.6275,2026-07-16,HB_HOUSTON,18
25.67,40.7675,2026-07-16,HB_HOUSTON,19
35.43,41.0325,2026-07-16,HB_HOUSTON,20
37.32,33.2825,2026-07-16,HB_HOUSTON,21
35.26,29.3625,2026-07-16,HB_HOUSTON,22
33.3,29.5975,2026-07-16,HB_HOUSTON,23
28.17,28.165,2026-07-16,HB_HOUSTON,24
27.74,25.66,2026-07-17,HB_HOUSTON,1
25.17,24.95,2026-07-17,HB_HOUSTON,2
24.2,24.4475,2026-07-17,HB_HOUSTON,3
24.13,23.4225,2026-07-17,HB_HOUSTON,4
24.33,23.2325,2026-07-17,HB_HOUSTON,5
25.13,23.965,2026-07-17,HB_HOUSTON,6
25.28,23.3625,2026-07-17,HB_HOUSTON,7
23.41,22.485,2026-07-17,HB_HOUSTON,8
21.96,22.4375,2026-07-17,HB_HOUSTON,9
19.68,25.9575,2026-07-17,HB_HOUSTON,10
19.86,29.2425,2026-07-17,HB_HOUSTON,11
21.12,26.0625,2026-07-17,HB_HOUSTON,12
22.77,24.0025,2026-07-17,HB_HOUSTON,13
25.28,29.4725,2026-07-17,HB_HOUSTON,14
26.83,31.145,2026-07-17,HB_HOUSTON,15
28.49,28.1525,2026-07-17,HB_HOUSTON,16
29.07,31.0025,2026-07-17,HB_HOUSTON,17
27.61,30.32,2026-07-17,HB_HOUSTON,18
27.55,28.42,2026-07-17,HB_HOUSTON,19
35.17,33.54,2026-07-17,HB_HOUSTON,20
37.46,38.1075,2026-07-17,HB_HOUSTON,21
38.22,36.905,2026-07-17,HB_HOUSTON,22
36.69,59.47,2026-07-17,HB_HOUSTON,23
29.78,41.2625,2026-07-17,HB_HOUSTON,24
28.66,31.0225,2026-07-18,HB_HOUSTON,1
25.76,24.455,2026-07-18,HB_HOUSTON,2
23.45,22.7475,2026-07-18,HB_HOUSTON,3
22.72,22.075,2026-07-18,HB_HOUSTON,4
22.35,22.0225,2026-07-18,HB_HOUSTON,5
23.06,21.5825,2026-07-18,HB_HOUSTON,6
22.07,22.4225,2026-07-18,HB_HOUSTON,7
19.04,18.3,2026-07-18,HB_HOUSTON,8
16.99,16.1975,2026-07-18,HB_HOUSTON,9
16.81,16.3225,2026-07-18,HB_HOUSTON,10
16.91,16.6775,2026-07-18,HB_HOUSTON,11
21.34,17.535,2026-07-18,HB_HOUSTON,12
24.75,23.7975,2026-07-18,HB_HOUSTON,13
27.36,25.655,2026-07-18,HB_HOUSTON,14
29.15,25.6425,2026-07-18,HB_HOUSTON,15
31.6,30.29,2026-07-18,HB_HOUSTON,16
32.1,25.4725,2026-07-18,HB_HOUSTON,17
31.18,23.435,2026-07-18,HB_HOUSTON,18
30.81,26.9075,2026-07-18,HB_HOUSTON,19
39.13,34.2975,2026-07-18,HB_HOUSTON,20
41.54,34.6275,2026-07-18,HB_HOUSTON,21
37.56,34.735,2026-07-18,HB_HOUSTON,22
36.11,36.7025,2026-07-18,HB_HOUSTON,23
31.71,39.82,2026-07-18,HB_HOUSTON,24
32.99,40.3775,2026-07-19,HB_HOUSTON,1
30.63,43.325,2026-07-19,HB_HOUSTON,2
29.05,38.4925,2026-07-19,HB_HOUSTON,3
26.32,27.7,2026-07-19,HB_HOUSTON,4
25.04,26.7625,2026-07-19,HB_HOUSTON,5
25.57,27.46,2026-07-19,HB_HOUSTON,6
23.74,26.06,2026-07-19,HB_HOUSTON,7
21.55,21.7,2026-07-19,HB_HOUSTON,8
16.63,20.3625,2026-07-19,HB_HOUSTON,9
17.04,21.46,2026-07-19,HB_HOUSTON,10
18.29,21.84,2026-07-19,HB_HOUSTON,11
21.56,21.11,2026-07-19,HB_HOUSTON,12
22.03,24.0,2026-07-19,HB_HOUSTON,13
27.25,26.52,2026-07-19,HB_HOUSTON,14
29.68,28.8475,2026-07-19,HB_HOUSTON,15
31.22,35.3275,2026-07-19,HB_HOUSTON,16
32.06,38.2275,2026-07-19,HB_HOUSTON,17
32.58,37.73,2026-07-19,HB_HOUSTON,18
33.87,44.6,2026-07-19,HB_HOUSTON,19
43.98,64.6675,2026-07-19,HB_HOUSTON,20
46.47,65.305,2026-07-19,HB_HOUSTON,21
42.03,49.87,2026-07-19,HB_HOUSTON,22
47.51,37.4325,2026-07-19,HB_HOUSTON,23
37.23,33.7775,2026-07-19,HB_HOUSTON,24
32.18,28.48,2026-07-20,HB_HOUSTON,1
29.34,24.73,2026-07-20,HB_HOUSTON,2
26.82,24.285,2026-07-20,HB_HOUSTON,3
26.21,24.4075,2026-07-20,HB_HOUSTON,4
25.96,23.6625,2026-07-20,HB_HOUSTON,5
27.27,24.0975,2026-07-20,HB_HOUSTON,6
27.15,24.9325,2026-07-20,HB_HOUSTON,7
23.13,22.63,2026-07-20,HB_HOUSTON,8
17.7,20.3475,2026-07-20,HB_HOUSTON,9
19.49,21.7125,2026-07-20,HB_HOUSTON,10
21.92,23.975,2026-07-20,HB_HOUSTON,11
25.01,25.7275,2026-07-20,HB_HOUSTON,12
30.99,32.56,2026-07-20,HB_HOUSTON,13
34.46,27.2625,2026-07-20,HB_HOUSTON,14
33.11,27.505,2026-07-20,HB_HOUSTON,15
36.54,28.115,2026-07-20,HB_HOUSTON,16
36.38,31.2575,2026-07-20,HB_HOUSTON,17
35.57,30.6825,2026-07-20,HB_HOUSTON,18
37.33,48.88,2026-07-20,HB_HOUSTON,19
72.47,59.6275,2026-07-20,HB_HOUSTON,20
68.25,112.6075,2026-07-20,HB_HOUSTON,21
58.54,49.985,2026-07-20,HB_HOUSTON,22
41.76,35.9975,2026-07-20,HB_HOUSTON,23
34.72,32.575,2026-07-20,HB_HOUSTON,24
28.67,24.5275,2026-07-21,HB_HOUSTON,1
25.5,23.14,2026-07-21,HB_HOUSTON,2
23.74,22.91,2026-07-21,HB_HOUSTON,3
23.77,23.9375,2026-07-21,HB_HOUSTON,4
24.33,23.69,2026-07-21,HB_HOUSTON,5
25.94,26.0075,2026-07-21,HB_HOUSTON,6
33.97,28.2025,2026-07-21,HB_HOUSTON,7
27.95,24.9575,2026-07-21,HB_HOUSTON,8
19.48,20.7375,2026-07-21,HB_HOUSTON,9
21.63,21.5125,2026-07-21,HB_HOUSTON,10
25.54,21.465,2026-07-21,HB_HOUSTON,11
31.23,22.055,2026-07-21,HB_HOUSTON,12
33.24,26.4475,2026-07-21,HB_HOUSTON,13
36.69,29.95,2026-07-21,HB_HOUSTON,14
39.3,26.11,2026-07-21,HB_HOUSTON,15
39.62,28.5175,2026-07-21,HB_HOUSTON,16
41.23,26.915,2026-07-21,HB_HOUSTON,17
42.77,29.79,2026-07-21,HB_HOUSTON,18
65.73,53.3325,2026-07-21,HB_HOUSTON,19
207.24,136.8125,2026-07-21,HB_HOUSTON,20
188.5,130.5025,2026-07-21,HB_HOUSTON,21
165.77,73.17,2026-07-21,HB_HOUSTON,22
75.26,111.74,2026-07-21,HB_HOUSTON,23
41.04,52.395,2026-07-21,HB_HOUSTON,24
43.27,37.47,2026-07-22,HB_HOUSTON,1
35.46,34.255,2026-07-22,HB_HOUSTON,2
33.04,33.34,2026-07-22,HB_HOUSTON,3
33.36,31.2825,2026-07-22,HB_HOUSTON,4
31.05,32.6125,2026-07-22,HB_HOUSTON,5
33.29,35.5525,2026-07-22,HB_HOUSTON,6
37.69,36.9975,2026-07-22,HB_HOUSTON,7
31.5,31.325,2026-07-22,HB_HOUSTON,8
22.94,25.0225,2026-07-22,HB_HOUSTON,9
25.04,26.3175,2026-07-22,HB_HOUSTON,10
31.13,26.11,2026-07-22,HB_HOUSTON,11
33.85,25.99,2026-07-22,HB_HOUSTON,12
36.8,37.05,2026-07-22,HB_HOUSTON,13
45.37,44.15,2026-07-22,HB_HOUSTON,14
49.52,41.385,2026-07-22,HB_HOUSTON,15
54.14,40.5225,2026-07-22,HB_HOUSTON,16
60.51,48.3125,2026-07-22,HB_HOUSTON,17
61.9,49.0525,2026-07-22,HB_HOUSTON,18
104.49,92.615,2026-07-22,HB_HOUSTON,19
209.62,134.0625,2026-07-22,HB_HOUSTON,20
221.34,150.9825,2026-07-22,HB_HOUSTON,21
161.47,206.88,2026-07-22,HB_HOUSTON,22
100.77,194.3725,2026-07-22,HB_HOUSTON,23
55.6,65.7,2026-07-22,HB_HOUSTON,24
52.53,59.4725,2026-07-23,HB_HOUSTON,1
43.31,54.585,2026-07-23,HB_HOUSTON,2
37.56,40.23,2026-07-23,HB_HOUSTON,3
36.32,36.2975,2026-07-23,HB_HOUSTON,4
36.65,36.4525,2026-07-23,HB_HOUSTON,5
40.64,37.9175,2026-07-23,HB_HOUSTON,6
43.14,44.1775,2026-07-23,HB_HOUSTON,7
32.31,34.74,2026-07-23,HB_HOUSTON,8
23.86,24.92,2026-07-23,HB_HOUSTON,9
24.07,24.9775,2026-07-23,HB_HOUSTON,10
26.6,25.7975,2026-07-23,HB_HOUSTON,11
28.84,28.0325,2026-07-23,HB_HOUSTON,12
33.49,30.7875,2026-07-23,HB_HOUSTON,13
40.03,39.73,2026-07-23,HB_HOUSTON,14
37.55,44.3475,2026-07-23,HB_HOUSTON,15
38.78,45.265,2026-07-23,HB_HOUSTON,16
34.92,41.465,2026-07-23,HB_HOUSTON,17
34.71,37.3375,2026-07-23,HB_HOUSTON,18
38.9,35.9625,2026-07-23,HB_HOUSTON,19
53.57,42.245,2026-07-23,HB_HOUSTON,20
56.36,42.6325,2026-07-23,HB_HOUSTON,21
48.6,37.995,2026-07-23,HB_HOUSTON,22
40.4,33.2275,2026-07-23,HB_HOUSTON,23
35.9,33.9725,2026-07-23,HB_HOUSTON,24
34.91,34.1,2026-07-24,HB_HOUSTON,1
31.82,30.5575,2026-07-24,HB_HOUSTON,2
30.04,25.0975,2026-07-24,HB_HOUSTON,3
29.06,24.22,2026-07-24,HB_HOUSTON,4
30.13,24.385,2026-07-24,HB_HOUSTON,5
31.92,30.02,2026-07-24,HB_HOUSTON,6
35.0,30.6175,2026-07-24,HB_HOUSTON,7
31.78,29.295,2026-07-24,HB_HOUSTON,8
25.51,23.35,2026-07-24,HB_HOUSTON,9
27.14,25.065,2026-07-24,HB_HOUSTON,10
30.95,27.165,2026-07-24,HB_HOUSTON,11
37.43,28.155,2026-07-24,HB_HOUSTON,12
40.91,32.415,2026-07-24,HB_HOUSTON,13
48.76,35.9225,2026-07-24,HB_HOUSTON,14
45.08,39.2875,2026-07-24,HB_HOUSTON,15
44.84,42.33,2026-07-24,HB_HOUSTON,16
44.25,33.2125,2026-07-24,HB_HOUSTON,17
43.61,30.1825,2026-07-24,HB_HOUSTON,18
41.76,28.68,2026-07-24,HB_HOUSTON,19
42.33,32.595,2026-07-24,HB_HOUSTON,20
44.19,32.6075,2026-07-24,HB_HOUSTON,21
43.4,31.23,2026-07-24,HB_HOUSTON,22
37.37,30.605,2026-07-24,HB_HOUSTON,23
30.34,27.5725,2026-07-24,HB_HOUSTON,24
27.59,25.445,2026-07-25,HB_HOUSTON,1
24.86,24.315,2026-07-25,HB_HOUSTON,2
23.71,23.5,2026-07-25,HB_HOUSTON,3
23.77,23.195,2026-07-25,HB_HOUSTON,4
22.88,23.115,2026-07-25,HB_HOUSTON,5
23.06,23.2875,2026-07-25,HB_HOUSTON,6
22.28,22.7025,2026-07-25,HB_HOUSTON,7
20.85,19.5725,2026-07-25,HB_HOUSTON,8
17.65,15.41,2026-07-25,HB_HOUSTON,9
17.9,14.25,2026-07-25,HB_HOUSTON,10
20.54,13.9575,2026-07-25,HB_HOUSTON,11
24.34,15.695,2026-07-25,HB_HOUSTON,12
28.17,22.4575,2026-07-25,HB_HOUSTON,13
29.38,22.75,2026-07-25,HB_HOUSTON,14
31.37,25.8025,2026-07-25,HB_HOUSTON,15
32.25,27.74,2026-07-25,HB_HOUSTON,16
33.08,29.595,2026-07-25,HB_HOUSTON,17
32.96,30.84,2026-07-25,HB_HOUSTON,18
34.66,33.3025,2026-07-25,HB_HOUSTON,19
44.5,39.3575,2026-07-25,HB_HOUSTON,20
47.38,40.36,2026-07-25,HB_HOUSTON,21
41.3,42.7625,2026-07-25,HB_HOUSTON,22
34.88,33.07,2026-07-25,HB_HOUSTON,23
30.06,25.3325,2026-07-25,HB_HOUSTON,24
25.49,22.7075,2026-07-26,HB_HOUSTON,1
23.96,21.6475,2026-07-26,HB_HOUSTON,2
22.91,21.0925,2026-07-26,HB_HOUSTON,3
22.38,21.4725,2026-07-26,HB_HOUSTON,4
21.87,21.0875,2026-07-26,HB_HOUSTON,5
21.61,20.9325,2026-07-26,HB_HOUSTON,6
20.79,21.0,2026-07-26,HB_HOUSTON,7
18.94,18.9925,2026-07-26,HB_HOUSTON,8
15.93,12.29,2026-07-26,HB_HOUSTON,9
17.67,12.7475,2026-07-26,HB_HOUSTON,10
21.3,15.8125,2026-07-26,HB_HOUSTON,11
24.31,17.48,2026-07-26,HB_HOUSTON,12
26.88,22.735,2026-07-26,HB_HOUSTON,13
28.44,25.29,2026-07-26,HB_HOUSTON,14
30.38,25.4125,2026-07-26,HB_HOUSTON,15
33.6,27.7625,2026-07-26,HB_HOUSTON,16
32.31,31.5675,2026-07-26,HB_HOUSTON,17
31.41,32.4275,2026-07-26,HB_HOUSTON,18
35.46,33.46,2026-07-26,HB_HOUSTON,19
43.11,38.9175,2026-07-26,HB_HOUSTON,20
45.47,39.56,2026-07-26,HB_HOUSTON,21
39.85,34.2425,2026-07-26,HB_HOUSTON,22
35.13,28.0575,2026-07-26,HB_HOUSTON,23
29.28,23.495,2026-07-26,HB_HOUSTON,24
24.42,20.05,2026-07-27,HB_HOUSTON,1
23.05,18.6775,2026-07-27,HB_HOUSTON,2
22.05,18.08,2026-07-27,HB_HOUSTON,3
21.86,18.115,2026-07-27,HB_HOUSTON,4
21.97,18.365,2026-07-27,HB_HOUSTON,5
22.49,21.1025,2026-07-27,HB_HOUSTON,6
22.98,23.0125,2026-07-27,HB_HOUSTON,7
20.4,20.3275,2026-07-27,HB_HOUSTON,8
17.36,18.2325,2026-07-27,HB_HOUSTON,9
22.78,20.93,2026-07-27,HB_HOUSTON,10
29.94,22.77,2026-07-27,HB_HOUSTON,11
36.83,28.745,2026-07-27,HB_HOUSTON,12
41.09,29.37,2026-07-27,HB_HOUSTON,13
43.26,30.16,2026-07-27,HB_HOUSTON,14
40.14,36.395,2026-07-27,HB_HOUSTON,15
41.84,44.805,2026-07-27,HB_HOUSTON,16
43.81,42.78,2026-07-27,HB_HOUSTON,17
39.33,40.9525,2026-07-27,HB_HOUSTON,18
40.3,30.36,2026-07-27,HB_HOUSTON,19
56.47,37.485,2026-07-27,HB_HOUSTON,20
60.76,36.51,2026-07-27,HB_HOUSTON,21
48.67,33.0475,2026-07-27,HB_HOUSTON,22
39.45,27.44,2026-07-27,HB_HOUSTON,23
31.11,25.6,2026-07-27,HB_HOUSTON,24
25.24,24.075,2026-07-28,HB_HOUSTON,1
23.96,22.62,2026-07-28,HB_HOUSTON,2
23.29,21.4,2026-07-28,HB_HOUSTON,3
22.61,20.5425,2026-07-28,HB_HOUSTON,4
23.54,20.7425,2026-07-28,HB_HOUSTON,5
23.97,23.7375,2026-07-28,HB_HOUSTON,6
23.98,26.255,2026-07-28,HB_HOUSTON,7
22.55,24.2525,2026-07-28,HB_HOUSTON,8
18.2,21.3325,2026-07-28,HB_HOUSTON,9
21.23,24.3725,2026-07-28,HB_HOUSTON,10
25.63,30.7875,2026-07-28,HB_HOUSTON,11
31.77,30.405,2026-07-28,HB_HOUSTON,12
34.98,43.0725,2026-07-28,HB_HOUSTON,13
39.36,45.5825,2026-07-28,HB_HOUSTON,14
40.67,41.985,2026-07-28,HB_HOUSTON,15
43.15,46.4475,2026-07-28,HB_HOUSTON,16
44.26,43.915,2026-07-28,HB_HOUSTON,17
39.84,36.7375,2026-07-28,HB_HOUSTON,18
39.25,33.94,2026-07-28,HB_HOUSTON,19
55.23,47.48,2026-07-28,HB_HOUSTON,20
62.55,49.5575,2026-07-28,HB_HOUSTON,21
53.3,42.6925,2026-07-28,HB_HOUSTON,22
43.91,34.085,2026-07-28,HB_HOUSTON,23
32.02,30.27,2026-07-28,HB_HOUSTON,24
27.64,26.32,2026-07-29,HB_HOUSTON,1
25.37,24.6925,2026-07-29,HB_HOUSTON,2
24.24,23.985,2026-07-29,HB_HOUSTON,3
24.06,23.375,2026-07-29,HB_HOUSTON,4
25.03,25.6325,2026-07-29,HB_HOUSTON,5
27.45,32.8675,2026-07-29,HB_HOUSTON,6
29.65,35.6875,2026-07-29,HB_HOUSTON,7
26.6,31.095,2026-07-29,HB_HOUSTON,8
21.45,23.66,2026-07-29,HB_HOUSTON,9
24.13,25.72,2026-07-29,HB_HOUSTON,10
26.91,26.0425,2026-07-29,HB_HOUSTON,11
32.87,31.05,2026-07-29,HB_HOUSTON,12
39.48,45.1925,2026-07-29,HB_HOUSTON,13
38.92,41.8775,2026-07-29,HB_HOUSTON,14
38.49,48.265,2026-07-29,HB_HOUSTON,15
41.4,50.0725,2026-07-29,HB_HOUSTON,16
42.13,51.3575,2026-07-29,HB_HOUSTON,17
37.79,45.065,2026-07-29,HB_HOUSTON,18
42.78,42.46,2026-07-29,HB_HOUSTON,19
60.89,46.7675,2026-07-29,HB_HOUSTON,20
69.44,46.9,2026-07-29,HB_HOUSTON,21
63.04,38.8575,2026-07-29,HB_HOUSTON,22
46.15,34.2575,2026-07-29,HB_HOUSTON,23
33.98,29.4575,2026-07-29,HB_HOUSTON,24
29.64,26.5275,2026-07-30,HB_HOUSTON,1
25.91,25.265,2026-07-30,HB_HOUSTON,2
25.02,24.595,2026-07-30,HB_HOUSTON,3
24.57,25.1475,2026-07-30,HB_HOUSTON,4
24.67,26.235,2026-07-30,HB_HOUSTON,5
26.55,30.095,2026-07-30,HB_HOUSTON,6
31.68,30.4375,2026-07-30,HB_HOUSTON,7
27.19,26.4,2026-07-30,HB_HOUSTON,8
23.91,20.885,2026-07-30,HB_HOUSTON,9
25.85,22.3025,2026-07-30,HB_HOUSTON,10
28.9,24.02,2026-07-30,HB_HOUSTON,11
33.11,26.525,2026-07-30,HB_HOUSTON,12
38.01,35.7625,2026-07-30,HB_HOUSTON,13
42.66,37.17,2026-07-30,HB_HOUSTON,14
42.99,53.265,2026-07-30,HB_HOUSTON,15
47.3,51.0,2026-07-30,HB_HOUSTON,16
49.93,51.1275,2026-07-30,HB_HOUSTON,17
46.54,45.755,2026-07-30,HB_HOUSTON,18
44.33,46.52,2026-07-30,HB_HOUSTON,19
60.26,46.8325,2026-07-30,HB_HOUSTON,20
62.04,41.16,2026-07-30,HB_HOUSTON,21
61.27,33.4525,2026-07-30,HB_HOUSTON,22
42.95,27.1125,2026-07-30,HB_HOUSTON,23
31.02,25.2,2026-07-30,HB_HOUSTON,24
28.02,24.3975,2026-07-31,HB_HOUSTON,1
25.39,22.88,2026-07-31,HB_HOUSTON,2
23.6,22.4475,2026-07-31,HB_HOUSTON,3
24.14,22.075,2026-07-31,HB_HOUSTON,4
23.43,21.56,2026-07-31,HB_HOUSTON,5
24.75,22.03,2026-07-31,HB_HOUSTON,6
25.12,22.755,2026-07-31,HB_HOUSTON,7
22.6,20.1025,2026-07-31,HB_HOUSTON,8
20.56,19.9025,2026-07-31,HB_HOUSTON,9
20.23,23.0075,2026-07-31,HB_HOUSTON,10
24.07,22.095,2026-07-31,HB_HOUSTON,11
27.89,32.37,2026-07-31,HB_HOUSTON,12
39.01,43.0675,2026-07-31,HB_HOUSTON,13
42.24,37.4425,2026-07-31,HB_HOUSTON,14
45.25,46.615,2026-07-31,HB_HOUSTON,15
50.24,48.6875,2026-07-31,HB_HOUSTON,16
50.39,43.7375,2026-07-31,HB_HOUSTON,17
46.0,37.6,2026-07-31,HB_HOUSTON,18
50.69,35.1,2026-07-31,HB_HOUSTON,19
86.47,47.2,2026-07-31,HB_HOUSTON,20
88.05,53.835,2026-07-31,HB_HOUSTON,21
93.38,39.91,2026-07-31,HB_HOUSTON,22
78.05,37.3575,2026-07-31,HB_HOUSTON,23
47.31,32.42,2026-07-31,HB_HOUSTON,24
35.14,31.5675,2026-08-01,HB_HOUSTON,1
33.08,26.7525,2026-08-01,HB_HOUSTON,2
29.91,26.1525,2026-08-01,HB_HOUSTON,3
29.92,27.565,2026-08-01,HB_HOUSTON,4
29.57,30.535,2026-08-01,HB_HOUSTON,5
28.72,28.2175,2026-08-01,HB_HOUSTON,6
29.12,28.965,2026-08-01,HB_HOUSTON,7
26.29,26.86,2026-08-01,HB_HOUSTON,8
21.44,20.25,2026-08-01,HB_HOUSTON,9
20.73,22.225,2026-08-01,HB_HOUSTON,10
21.03,23.2125,2026-08-01,HB_HOUSTON,11
21.99,23.555,2026-08-01,HB_HOUSTON,12
26.05,25.52,2026-08-01,HB_HOUSTON,13
29.41,25.8075,2026-08-01,HB_HOUSTON,14
32.64,28.2325,2026-08-01,HB_HOUSTON,15
35.87,26.2975,2026-08-01,HB_HOUSTON,16
38.75,25.8425,2026-08-01,HB_HOUSTON,17
40.05,25.965,2026-08-01,HB_HOUSTON,18
50.0,36.085,2026-08-01,HB_HOUSTON,19
75.15,46.9625,2026-08-01,HB_HOUSTON,20
64.7,54.935,2026-08-01,HB_HOUSTON,21
69.64,42.26,2026-08-01,HB_HOUSTON,22
77.22,37.97,2026-08-01,HB_HOUSTON,23
51.24,36.88,2026-08-01,HB_HOUSTON,24
42.36,37.375,2026-08-02,HB_HOUSTON,1
39.47,34.4775,2026-08-02,HB_HOUSTON,2
35.38,32.355,2026-08-02,HB_HOUSTON,3
33.38,30.495,2026-08-02,HB_HOUSTON,4
32.51,31.135,2026-08-02,HB_HOUSTON,5
31.87,30.925,2026-08-02,HB_HOUSTON,6
32.36,28.0875,2026-08-02,HB_HOUSTON,7
26.12,26.715,2026-08-02,HB_HOUSTON,8
18.08,18.91,2026-08-02,HB_HOUSTON,9
17.77,19.5325,2026-08-02,HB_HOUSTON,10
18.94,24.77,2026-08-02,HB_HOUSTON,11
21.67,21.2025,2026-08-02,HB_HOUSTON,12
25.27,30.4325,2026-08-02,HB_HOUSTON,13
30.13,30.7825,2026-08-02,HB_HOUSTON,14
33.83,25.075,2026-08-02,HB_HOUSTON,15
38.02,25.8525,2026-08-02,HB_HOUSTON,16
40.96,32.7975,2026-08-02,HB_HOUSTON,17
39.64,29.0575,2026-08-02,HB_HOUSTON,18
51.02,34.8825,2026-08-02,HB_HOUSTON,19
81.52,45.12,2026-08-02,HB_HOUSTON,20
81.42,39.15,2026-08-02,HB_HOUSTON,21
61.49,34.8475,2026-08-02,HB_HOUSTON,22
41.42,29.3275,2026-08-02,HB_HOUSTON,23
31.92,24.85,2026-08-02,HB_HOUSTON,24
25.47,22.3,2026-08-03,HB_HOUSTON,1
22.42,20.85,2026-08-03,HB_HOUSTON,2
21.41,21.995,2026-08-03,HB_HOUSTON,3
20.72,21.745,2026-08-03,HB_HOUSTON,4
20.65,23.295,2026-08-03,HB_HOUSTON,5
23.76,24.95,2026-08-03,HB_HOUSTON,6
21.57,25.465,2026-08-03,HB_HOUSTON,7
18.87,20.9825,2026-08-03,HB_HOUSTON,8
15.15,16.205,2026-08-03,HB_HOUSTON,9
18.35,24.9,2026-08-03,HB_HOUSTON,10
21.88,26.0275,2026-08-03,HB_HOUSTON,11
26.41,27.5125,2026-08-03,HB_HOUSTON,12
33.71,37.085,2026-08-03,HB_HOUSTON,13
37.6,46.21,2026-08-03,HB_HOUSTON,14
38.35,38.79,2026-08-03,HB_HOUSTON,15
41.95,38.0125,2026-08-03,HB_HOUSTON,16
43.41,39.3175,2026-08-03,HB_HOUSTON,17
37.87,29.59,2026-08-03,HB_HOUSTON,18
37.94,29.3975,2026-08-03,HB_HOUSTON,19
47.93,32.795,2026-08-03,HB_HOUSTON,20
47.63,32.61,2026-08-03,HB_HOUSTON,21
36.9,27.9925,2026-08-03,HB_HOUSTON,22
31.8,23.46,2026-08-03,HB_HOUSTON,23
26.45,23.035,2026-08-03,HB_HOUSTON,24
21.13,22.1725,2026-08-04,HB_HOUSTON,1
20.04,19.455,2026-08-04,HB_HOUSTON,2
19.71,17.875,2026-08-04,HB_HOUSTON,3
18.74,17.9175,2026-08-04,HB_HOUSTON,4
18.83,18.7325,2026-08-04,HB_HOUSTON,5
20.35,19.645,2026-08-04,HB_HOUSTON,6
20.32,20.19,2026-08-04,HB_HOUSTON,7
19.16,19.9,2026-08-04,HB_HOUSTON,8
16.37,18.31,2026-08-04,HB_HOUSTON,9
21.73,19.355,2026-08-04,HB_HOUSTON,10
26.76,24.5675,2026-08-04,HB_HOUSTON,11
34.53,32.005,2026-08-04,HB_HOUSTON,12
38.17,43.335,2026-08-04,HB_HOUSTON,13
42.08,39.0225,2026-08-04,HB_HOUSTON,14
43.51,43.88,2026-08-04,HB_HOUSTON,15
44.47,40.6975,2026-08-04,HB_HOUSTON,16
41.88,44.485,2026-08-04,HB_HOUSTON,17
38.87,39.3575,2026-08-04,HB_HOUSTON,18
39.16,36.8625,2026-08-04,HB_HOUSTON,19
42.8,39.5,2026-08-04,HB_HOUSTON,20
44.34,46.7825,2026-08-04,HB_HOUSTON,21
48.13,55.2575,2026-08-04,HB_HOUSTON,22
36.95,40.5525,2026-08-04,HB_HOUSTON,23
29.9,27.6925,2026-08-04,HB_HOUSTON,24
24.24,25.8425,2026-08-05,HB_HOUSTON,1
22.47,24.8575,2026-08-05,HB_HOUSTON,2
21.53,25.2425,2026-08-05,HB_HOUSTON,3
21.4,24.1475,2026-08-05,HB_HOUSTON,4
21.12,24.6225,2026-08-05,HB_HOUSTON,5
23.02,27.57,2026-08-05,HB_HOUSTON,6
22.57,31.2975,2026-08-05,HB_HOUSTON,7
21.46,27.1625,2026-08-05,HB_HOUSTON,8
18.4,22.215,2026-08-05,HB_HOUSTON,9
22.09,21.7475,2026-08-05,HB_HOUSTON,10
26.42,22.5025,2026-08-05,HB_HOUSTON,11
31.47,25.0225,2026-08-05,HB_HOUSTON,12
34.27,28.7875,2026-08-05,HB_HOUSTON,13
38.24,26.965,2026-08-05,HB_HOUSTON,14
41.06,26.215,2026-08-05,HB_HOUSTON,15
42.69,28.6575,2026-08-05,HB_HOUSTON,16
44.01,30.5625,2026-08-05,HB_HOUSTON,17
42.49,32.38,2026-08-05,HB_HOUSTON,18
39.64,39.4875,2026-08-05,HB_HOUSTON,19
41.43,44.2625,2026-08-05,HB_HOUSTON,20
41.01,59.45,2026-08-05,HB_HOUSTON,21
39.05,64.6125,2026-08-05,HB_HOUSTON,22
35.44,40.3925,2026-08-05,HB_HOUSTON,23
28.72,29.89,2026-08-05,HB_HOUSTON,24
22.44,28.6725,2026-08-06,HB_HOUSTON,1
20.99,24.7375,2026-08-06,HB_HOUSTON,2
20.18,24.2025,2026-08-06,HB_HOUSTON,3
20.54,24.63,2026-08-06,HB_HOUSTON,4
20.88,25.43,2026-08-06,HB_HOUSTON,5
22.87,27.1125,2026-08-06,HB_HOUSTON,6
24.76,27.4775,2026-08-06,HB_HOUSTON,7
23.33,26.2125,2026-08-06,HB_HOUSTON,8
19.35,20.55,2026-08-06,HB_HOUSTON,9
22.15,18.2225,2026-08-06,HB_HOUSTON,10
28.59,21.8025,2026-08-06,HB_HOUSTON,11
33.05,31.4425,2026-08-06,HB_HOUSTON,12
35.5,31.3775,2026-08-06,HB_HOUSTON,13
38.2,28.26,2026-08-06,HB_HOUSTON,14
41.4,25.5175,2026-08-06,HB_HOUSTON,15
41.07,27.4925,2026-08-06,HB_HOUSTON,16
40.36,30.2825,2026-08-06,HB_HOUSTON,17
36.49,31.21,2026-08-06,HB_HOUSTON,18
34.89,37.2975,2026-08-06,HB_HOUSTON,19
40.05,52.6575,2026-08-06,HB_HOUSTON,20
41.15,54.94,2026-08-06,HB_HOUSTON,21
39.97,74.1725,2026-08-06,HB_HOUSTON,22
32.73,46.3825,2026-08-06,HB_HOUSTON,23
26.7,31.0125,2026-08-06,HB_HOUSTON,24
26.92,23.79,2026-08-07,HB_HOUSTON,1
23.86,24.0175,2026-08-07,HB_HOUSTON,2
23.33,25.9525,2026-08-07,HB_HOUSTON,3
21.9,22.8425,2026-08-07,HB_HOUSTON,4
21.82,23.7,2026-08-07,HB_HOUSTON,5
23.62,30.575,2026-08-07,HB_HOUSTON,6
26.26,27.215,2026-08-07,HB_HOUSTON,7
23.3,21.71,2026-08-07,HB_HOUSTON,8
18.52,17.6225,2026-08-07,HB_HOUSTON,9
18.88,14.985,2026-08-07,HB_HOUSTON,10
21.41,15.45,2026-08-07,HB_HOUSTON,11
25.67,23.6725,2026-08-07,HB_HOUSTON,12
30.83,30.9975,2026-08-07,HB_HOUSTON,13
33.97,32.175,2026-08-07,HB_HOUSTON,14
33.41,40.92,2026-08-07,HB_HOUSTON,15
33.05,41.205,2026-08-07,HB_HOUSTON,16
34.7,41.205,2026-08-07,HB_HOUSTON,17
31.68,49.6175,2026-08-07,HB_HOUSTON,18
36.04,67.5975,2026-08-07,HB_HOUSTON,19
44.18,64.9125,2026-08-07,HB_HOUSTON,20
43.78,54.8375,2026-08-07,HB_HOUSTON,21
43.28,39.145,2026-08-07,HB_HOUSTON,22
38.09,35.4075,2026-08-07,HB_HOUSTON,23
30.99,29.7525,2026-08-07,HB_HOUSTON,24
28.14,32.47,2026-08-08,HB_HOUSTON,1
25.78,27.87,2026-08-08,HB_HOUSTON,2
25.59,24.7175,2026-08-08,HB_HOUSTON,3
24.49,23.7675,2026-08-08,HB_HOUSTON,4
24.41,24.5675,2026-08-08,HB_HOUSTON,5
25.1,27.985,2026-08-08,HB_HOUSTON,6
24.02,28.035,2026-08-08,HB_HOUSTON,7
23.51,26.3875,2026-08-08,HB_HOUSTON,8
18.8,20.96,2026-08-08,HB_HOUSTON,9
17.84,21.745,2026-08-08,HB_HOUSTON,10
18.09,24.0325,2026-08-08,HB_HOUSTON,11
21.6,24.4275,2026-08-08,HB_HOUSTON,12
23.82,34.2825,2026-08-08,HB_HOUSTON,13
25.17,30.7,2026-08-08,HB_HOUSTON,14
26.03,33.1,2026-08-08,HB_HOUSTON,15
27.52,39.16,2026-08-08,HB_HOUSTON,16
27.94,41.305,2026-08-08,HB_HOUSTON,17
26.63,43.165,2026-08-08,HB_HOUSTON,18
34.09,45.065,2026-08-08,HB_HOUSTON,19
41.39,49.5725,2026-08-08,HB_HOUSTON,20
41.75,46.245,2026-08-08,HB_HOUSTON,21
37.92,48.05,2026-08-08,HB_HOUSTON,22
33.93,35.005,2026-08-08,HB_HOUSTON,23
27.85,28.795,2026-08-08,HB_HOUSTON,24
29.46,28.5775,2026-08-09,HB_HOUSTON,1
26.63,24.34,2026-08-09,HB_HOUSTON,2
24.01,23.435,2026-08-09,HB_HOUSTON,3
23.03,22.735,2026-08-09,HB_HOUSTON,4
22.98,23.43,2026-08-09,HB_HOUSTON,5
23.41,23.35,2026-08-09,HB_HOUSTON,6
22.39,23.725,2026-08-09,HB_HOUSTON,7
19.92,20.8225,2026-08-09,HB_HOUSTON,8
15.75,17.565,2026-08-09,HB_HOUSTON,9
15.42,17.41,2026-08-09,HB_HOUSTON,10
16.4,17.2675,2026-08-09,HB_HOUSTON,11
19.12,19.8175,2026-08-09,HB_HOUSTON,12
25.18,23.9725,2026-08-09,HB_HOUSTON,13
25.01,31.145,2026-08-09,HB_HOUSTON,14
26.12,36.57,2026-08-09,HB_HOUSTON,15
27.45,36.32,2026-08-09,HB_HOUSTON,16
28.56,36.845,2026-08-09,HB_HOUSTON,17
26.91,44.9075,2026-08-09,HB_HOUSTON,18
31.87,37.135,2026-08-09,HB_HOUSTON,19
44.2,48.285,2026-08-09,HB_HOUSTON,20
46.18,53.1275,2026-08-09,HB_HOUSTON,21
44.19,57.7675,2026-08-09,HB_HOUSTON,22
35.53,43.54,2026-08-09,HB_HOUSTON,23
29.01,31.4875,2026-08-09,HB_HOUSTON,24
24.73,27.8625,2026-08-10,HB_HOUSTON,1
23.22,23.345,2026-08-10,HB_HOUSTON,2
21.78,22.4325,2026-08-10,HB_HOUSTON,3
21.59,21.8025,2026-08-10,HB_HOUSTON,4
21.99,21.5775,2026-08-10,HB_HOUSTON,5
23.68,22.5975,2026-08-10,HB_HOUSTON,6
23.48,23.4875,2026-08-10,HB_HOUSTON,7
21.69,21.295,2026-08-10,HB_HOUSTON,8
18.43,17.4425,2026-08-10,HB_HOUSTON,9
18.28,19.6125,2026-08-10,HB_HOUSTON,10
22.23,21.9275,2026-08-10,HB_HOUSTON,11
26.24,22.185,2026-08-10,HB_HOUSTON,12
30.01,23.695,2026-08-10,HB_HOUSTON,13
30.41,23.91,2026-08-10,HB_HOUSTON,14
29.98,25.41,2026-08-10,HB_HOUSTON,15
30.6,25.2025,2026-08-10,HB_HOUSTON,16
32.26,23.4375,2026-08-10,HB_HOUSTON,17
31.77,19.2175,2026-08-10,HB_HOUSTON,18
36.72,22.89,2026-08-10,HB_HOUSTON,19
41.58,28.0075,2026-08-10,HB_HOUSTON,20
42.14,27.2225,2026-08-10,HB_HOUSTON,21
40.55,25.79,2026-08-10,HB_HOUSTON,22
35.38,23.8475,2026-08-10,HB_HOUSTON,23
28.23,22.465,2026-08-10,HB_HOUSTON,24
23.91,21.2675,2026-08-11,HB_HOUSTON,1
22.24,19.665,2026-08-11,HB_HOUSTON,2
21.53,17.885,2026-08-11,HB_HOUSTON,3
21.41,17.7925,2026-08-11,HB_HOUSTON,4
21.42,17.535,2026-08-11,HB_HOUSTON,5
22.36,19.11,2026-08-11,HB_HOUSTON,6
22.43,20.86,2026-08-11,HB_HOUSTON,7
21.7,20.025,2026-08-11,HB_HOUSTON,8
16.88,15.12,2026-08-11,HB_HOUSTON,9
17.77,15.8325,2026-08-11,HB_HOUSTON,10
22.33,22.2475,2026-08-11,HB_HOUSTON,11
24.65,28.285,2026-08-11,HB_HOUSTON,12
29.58,26.7475,2026-08-11,HB_HOUSTON,13
32.41,35.77,2026-08-11,HB_HOUSTON,14
32.37,37.08,2026-08-11,HB_HOUSTON,15
33.76,32.94,2026-08-11,HB_HOUSTON,16
36.34,32.76,2026-08-11,HB_HOUSTON,17
31.4,33.815,2026-08-11,HB_HOUSTON,18
33.66,32.8025,2026-08-11,HB_HOUSTON,19
38.91,48.1875,2026-08-11,HB_HOUSTON,20
41.78,46.14,2026-08-11,HB_HOUSTON,21
37.89,64.625,2026-08-11,HB_HOUSTON,22
33.26,35.775,2026-08-11,HB_HOUSTON,23
26.47,28.1025,2026-08-11,HB_HOUSTON,24
23.2,22.43,2026-08-12,HB_HOUSTON,1
22.14,21.6475,2026-08-12,HB_HOUSTON,2
21.44,20.8625,2026-08-12,HB_HOUSTON,3
20.65,21.075,2026-08-12,HB_HOUSTON,4
20.41,21.7575,2026-08-12,HB_HOUSTON,5
21.92,23.125,2026-08-12,HB_HOUSTON,6
21.47,23.9125,2026-08-12,HB_HOUSTON,7
19.42,20.06,2026-08-12,HB_HOUSTON,8
17.26,16.335,2026-08-12,HB_HOUSTON,9
18.76,21.4275,2026-08-12,HB_HOUSTON,10
21.9,23.78,2026-08-12,HB_HOUSTON,11
25.68,28.5675,2026-08-12,HB_HOUSTON,12
28.71,37.2725,2026-08-12,HB_HOUSTON,13
31.22,39.0525,2026-08-12,HB_HOUSTON,14
32.57,43.9325,2026-08-12,HB_HOUSTON,15
34.79,46.31,2026-08-12,HB_HOUSTON,16
36.74,49.855,2026-08-12,HB_HOUSTON,17
34.89,52.645,2026-08-12,HB_HOUSTON,18
35.02,51.23,2026-08-12,HB_HOUSTON,19
35.9,52.0525,2026-08-12,HB_HOUSTON,20
36.18,57.0275,2026-08-12,HB_HOUSTON,21
34.29,40.485,2026-08-12,HB_HOUSTON,22
31.36,34.29,2026-08-12,HB_HOUSTON,23
25.14,25.9925,2026-08-12,HB_HOUSTON,24
23.37,23.3525,2026-08-13,HB_HOUSTON,1
21.87,22.645,2026-08-13,HB_HOUSTON,2
20.93,21.5725,2026-08-13,HB_HOUSTON,3
19.6,20.405,2026-08-13,HB_HOUSTON,4
20.27,20.615,2026-08-13,HB_HOUSTON,5
22.68,21.5175,2026-08-13,HB_HOUSTON,6
22.41,23.255,2026-08-13,HB_HOUSTON,7
20.78,21.645,2026-08-13,HB_HOUSTON,8
19.83,16.99,2026-08-13,HB_HOUSTON,9
20.92,18.585,2026-08-13,HB_HOUSTON,10
24.94,22.6175,2026-08-13,HB_HOUSTON,11
30.5,33.765,2026-08-13,HB_HOUSTON,12
35.72,31.595,2026-08-13,HB_HOUSTON,13
38.44,40.73,2026-08-13,HB_HOUSTON,14
35.26,44.7725,2026-08-13,HB_HOUSTON,15
36.96,44.49,2026-08-13,HB_HOUSTON,16
37.85,39.34,2026-08-13,HB_HOUSTON,17
35.27,41.0675,2026-08-13,HB_HOUSTON,18
34.46,43.2425,2026-08-13,HB_HOUSTON,19
37.38,50.1675,2026-08-13,HB_HOUSTON,20
36.96,67.595,2026-08-13,HB_HOUSTON,21
38.99,37.78,2026-08-13,HB_HOUSTON,22
33.38,37.4875,2026-08-13,HB_HOUSTON,23
27.58,33.99,2026-08-13,HB_HOUSTON,24
24.23,28.26,2026-08-14,HB_HOUSTON,1
22.95,25.085,2026-08-14,HB_HOUSTON,2
22.06,23.28,2026-08-14,HB_HOUSTON,3
21.91,22.38,2026-08-14,HB_HOUSTON,4
21.62,21.355,2026-08-14,HB_HOUSTON,5
22.74,21.935,2026-08-14,HB_HOUSTON,6
23.44,23.365,2026-08-14,HB_HOUSTON,7
22.11,20.59,2026-08-14,HB_HOUSTON,8
20.16,19.6125,2026-08-14,HB_HOUSTON,9
21.22,22.955,2026-08-14,HB_HOUSTON,10
24.69,22.9725,2026-08-14,HB_HOUSTON,11
34.1,27.7025,2026-08-14,HB_HOUSTON,12
35.09,37.215,2026-08-14,HB_HOUSTON,13
37.47,27.18,2026-08-14,HB_HOUSTON,14
38.86,27.2775,2026-08-14,HB_HOUSTON,15
39.59,31.9475,2026-08-14,HB_HOUSTON,16
40.83,29.0375,2026-08-14,HB_HOUSTON,17
37.85,27.9675,2026-08-14,HB_HOUSTON,18
41.01,27.275,2026-08-14,HB_HOUSTON,19
40.65,29.9425,2026-08-14,HB_HOUSTON,20
38.91,29.1475,2026-08-14,HB_HOUSTON,21
38.5,26.7575,2026-08-14,HB_HOUSTON,22
35.54,26.5475,2026-08-14,HB_HOUSTON,23
29.81,25.7825,2026-08-14,HB_HOUSTON,24
24.55,23.6825,2026-08-15,HB_HOUSTON,1
23.94,23.3775,2026-08-15,HB_HOUSTON,2
23.39,23.4925,2026-08-15,HB_HOUSTON,3
22.48,23.1375,2026-08-15,HB_HOUSTON,4
22.12,23.7325,2026-08-15,HB_HOUSTON,5
22.89,25.4775,2026-08-15,HB_HOUSTON,6
23.63,25.3775,2026-08-15,HB_HOUSTON,7
22.76,23.29,2026-08-15,HB_HOUSTON,8
17.8,15.7225,2026-08-15,HB_HOUSTON,9
16.06,15.775,2026-08-15,HB_HOUSTON,10
19.61,19.865,2026-08-15,HB_HOUSTON,11
30.86,23.48,2026-08-15,HB_HOUSTON,12
32.11,28.1625,2026-08-15,HB_HOUSTON,13
34.04,32.1475,2026-08-15,HB_HOUSTON,14
35.28,36.4425,2026-08-15,HB_HOUSTON,15
36.83,37.18,2026-08-15,HB_HOUSTON,16
38.07,35.9875,2026-08-15,HB_HOUSTON,17
37.17,32.05,2026-08-15,HB_HOUSTON,18
40.42,32.7225,2026-08-15,HB_HOUSTON,19
44.0,40.4075,2026-08-15,HB_HOUSTON,20
43.51,37.505,2026-08-15,HB_HOUSTON,21
43.85,31.0275,2026-08-15,HB_HOUSTON,22
38.12,32.8925,2026-08-15,HB_HOUSTON,23
31.85,35.9775,2026-08-15,HB_HOUSTON,24
24.86,33.8,2026-08-16,HB_HOUSTON,1
23.6,29.8175,2026-08-16,HB_HOUSTON,2
22.9,28.4825,2026-08-16,HB_HOUSTON,3
22.75,25.485,2026-08-16,HB_HOUSTON,4
22.04,23.5075,2026-08-16,HB_HOUSTON,5
22.91,26.6725,2026-08-16,HB_HOUSTON,6
22.15,27.4375,2026-08-16,HB_HOUSTON,7
20.12,22.1,2026-08-16,HB_HOUSTON,8
16.12,17.46,2026-08-16,HB_HOUSTON,9
14.17,16.255,2026-08-16,HB_HOUSTON,10
15.35,16.8875,2026-08-16,HB_HOUSTON,11
19.4,18.8925,2026-08-16,HB_HOUSTON,12
25.48,22.76,2026-08-16,HB_HOUSTON,13
29.7,27.495,2026-08-16,HB_HOUSTON,14
32.21,37.1125,2026-08-16,HB_HOUSTON,15
36.27,33.335,2026-08-16,HB_HOUSTON,16
37.45,36.6425,2026-08-16,HB_HOUSTON,17
37.19,33.6975,2026-08-16,HB_HOUSTON,18
47.02,39.255,2026-08-16,HB_HOUSTON,19
63.48,72.1875,2026-08-16,HB_HOUSTON,20
59.61,85.9775,2026-08-16,HB_HOUSTON,21
56.19,67.89,2026-08-16,HB_HOUSTON,22
52.35,32.955,2026-08-16,HB_HOUSTON,23
32.0,26.9575,2026-08-16,HB_HOUSTON,24
29.13,23.9475,2026-08-17,HB_HOUSTON,1
26.83,24.0575,2026-08-17,HB_HOUSTON,2
26.04,23.0,2026-08-17,HB_HOUSTON,3
24.73,22.025,2026-08-17,HB_HOUSTON,4
26.5,21.8675,2026-08-17,HB_HOUSTON,5
29.44,25.0975,2026-08-17,HB_HOUSTON,6
32.21,28.875,2026-08-17,HB_HOUSTON,7
30.98,29.225,2026-08-17,HB_HOUSTON,8
21.6,19.4575,2026-08-17,HB_HOUSTON,9
21.17,18.09,2026-08-17,HB_HOUSTON,10
24.13,20.055,2026-08-17,HB_HOUSTON,11
27.73,24.365,2026-08-17,HB_HOUSTON,12
32.59,48.2125,2026-08-17,HB_HOUSTON,13
37.06,39.8425,2026-08-17,HB_HOUSTON,14
36.72,28.7425,2026-08-17,HB_HOUSTON,15
39.04,31.5325,2026-08-17,HB_HOUSTON,16
40.37,29.465,2026-08-17,HB_HOUSTON,17
43.55,34.8475,2026-08-17,HB_HOUSTON,18
70.35,63.9825,2026-08-17,HB_HOUSTON,19
115.42,181.015,2026-08-17,HB_HOUSTON,20
115.2,280.9325,2026-08-17,HB_HOUSTON,21
118.83,103.72,2026-08-17,HB_HOUSTON,22
77.7,41.88,2026-08-17,HB_HOUSTON,23
38.08,29.57,2026-08-17,HB_HOUSTON,24
29.26,28.7,2026-08-18,HB_HOUSTON,1
25.98,24.325,2026-08-18,HB_HOUSTON,2
24.45,23.305,2026-08-18,HB_HOUSTON,3
23.87,22.4775,2026-08-18,HB_HOUSTON,4
23.98,21.7375,2026-08-18,HB_HOUSTON,5
24.94,22.3075,2026-08-18,HB_HOUSTON,6
25.57,25.485,2026-08-18,HB_HOUSTON,7
24.44,23.4875,2026-08-18,HB_HOUSTON,8
19.4,15.7375,2026-08-18,HB_HOUSTON,9
19.08,15.3875,2026-08-18,HB_HOUSTON,10
21.56,15.3075,2026-08-18,HB_HOUSTON,11
28.43,23.43,2026-08-18,HB_HOUSTON,12
32.46,31.275,2026-08-18,HB_HOUSTON,13
38.75,29.105,2026-08-18,HB_HOUSTON,14
38.76,30.0925,2026-08-18,HB_HOUSTON,15
42.92,28.38,2026-08-18,HB_HOUSTON,16
45.45,37.1625,2026-08-18,HB_HOUSTON,17
42.77,28.215,2026-08-18,HB_HOUSTON,18
55.96,43.7025,2026-08-18,HB_HOUSTON,19
69.61,90.0175,2026-08-18,HB_HOUSTON,20
71.56,75.995,2026-08-18,HB_HOUSTON,21
56.33,46.935,2026-08-18,HB_HOUSTON,22
41.24,29.04,2026-08-18,HB_HOUSTON,23
30.13,24.7325,2026-08-18,HB_HOUSTON,24
25.04,23.245,2026-08-19,HB_HOUSTON,1
22.62,21.27,2026-08-19,HB_HOUSTON,2
21.69,19.75,2026-08-19,HB_HOUSTON,3
22.01,18.42,2026-08-19,HB_HOUSTON,4
21.84,18.1225,2026-08-19,HB_HOUSTON,5
22.86,18.7575,2026-08-19,HB_HOUSTON,6
22.77,19.465,2026-08-19,HB_HOUSTON,7
20.86,18.305,2026-08-19,HB_HOUSTON,8
17.3,16.01,2026-08-19,HB_HOUSTON,9
17.43,14.6775,2026-08-19,HB_HOUSTON,10
19.55,16.8425,2026-08-19,HB_HOUSTON,11
21.92,23.4625,2026-08-19,HB_HOUSTON,12
27.6,27.6275,2026-08-19,HB_HOUSTON,13
33.35,27.675,2026-08-19,HB_HOUSTON,14
43.64,30.46,2026-08-19,HB_HOUSTON,15
47.56,29.7275,2026-08-19,HB_HOUSTON,16
51.72,29.8175,2026-08-19,HB_HOUSTON,17
44.9,29.2325,2026-08-19,HB_HOUSTON,18
55.08,51.065,2026-08-19,HB_HOUSTON,19
88.15,54.3175,2026-08-19,HB_HOUSTON,20
87.9,50.545,2026-08-19,HB_HOUSTON,21
61.88,36.1525,2026-08-19,HB_HOUSTON,22
40.89,28.9525,2026-08-19,HB_HOUSTON,23
31.54,25.5825,2026-08-19,HB_HOUSTON,24
23.77,23.7825,2026-08-20,HB_HOUSTON,1
21.97,22.1475,2026-08-20,HB_HOUSTON,2
21.77,21.46,2026-08-20,HB_HOUSTON,3
22.12,21.0325,2026-08-20,HB_HOUSTON,4
23.2,19.5625,2026-08-20,HB_HOUSTON,5
24.91,21.29,2026-08-20,HB_HOUSTON,6
27.3,23.265,2026-08-20,HB_HOUSTON,7
25.1,22.4925,2026-08-20,HB_HOUSTON,8
20.35,16.3125,2026-08-20,HB_HOUSTON,9
19.93,17.9225,2026-08-20,HB_HOUSTON,10
21.99,22.3625,2026-08-20,HB_HOUSTON,11
25.49,25.68,2026-08-20,HB_HOUSTON,12
30.08,31.935,2026-08-20,HB_HOUSTON,13
34.6,36.0325,2026-08-20,HB_HOUSTON,14
49.2,30.235,2026-08-20,HB_HOUSTON,15
51.2,37.3275,2026-08-20,HB_HOUSTON,16
51.33,30.58,2026-08-20,HB_HOUSTON,17
50.22,25.45,2026-08-20,HB_HOUSTON,18
78.91,44.6825,2026-08-20,HB_HOUSTON,19
132.84,62.4325,2026-08-20,HB_HOUSTON,20
129.47,62.3125,2026-08-20,HB_HOUSTON,21
111.82,56.2325,2026-08-20,HB_HOUSTON,22
58.08,34.465,2026-08-20,HB_HOUSTON,23
36.01,28.4275,2026-08-20,HB_HOUSTON,24
27.44,26.1625,2026-08-21,HB_HOUSTON,1
24.52,26.99,2026-08-21,HB_HOUSTON,2
24.16,26.94,2026-08-21,HB_HOUSTON,3
24.09,26.665,2026-08-21,HB_HOUSTON,4
23.86,28.82,2026-08-21,HB_HOUSTON,5
26.47,29.6575,2026-08-21,HB_HOUSTON,6
27.43,29.905,2026-08-21,HB_HOUSTON,7
26.67,29.09,2026-08-21,HB_HOUSTON,8
20.52,21.2275,2026-08-21,HB_HOUSTON,9
19.6,24.2575,2026-08-21,HB_HOUSTON,10
21.98,25.815,2026-08-21,HB_HOUSTON,11
26.05,24.21,2026-08-21,HB_HOUSTON,12
29.91,26.6025,2026-08-21,HB_HOUSTON,13
34.04,27.205,2026-08-21,HB_HOUSTON,14
40.18,36.7625,2026-08-21,HB_HOUSTON,15
42.75,40.4925,2026-08-21,HB_HOUSTON,16
49.58,37.9225,2026-08-21,HB_HOUSTON,17
54.5,29.505,2026-08-21,HB_HOUSTON,18
103.07,40.4525,2026-08-21,HB_HOUSTON,19
118.06,49.24,2026-08-21,HB_HOUSTON,20
99.71,45.0725,2026-08-21,HB_HOUSTON,21
73.17,37.5575,2026-08-21,HB_HOUSTON,22
46.45,31.1,2026-08-21,HB_HOUSTON,23
31.48,29.395,2026-08-21,HB_HOUSTON,24
26.37,27.6875,2026-08-22,HB_HOUSTON,1
24.49,24.9475,2026-08-22,HB_HOUSTON,2
23.11,23.47,2026-08-22,HB_HOUSTON,3
22.32,24.3325,2026-08-22,HB_HOUSTON,4
22.2,24.1825,2026-08-22,HB_HOUSTON,5
22.91,22.58,2026-08-22,HB_HOUSTON,6
23.1,21.515,2026-08-22,HB_HOUSTON,7
22.1,21.01,2026-08-22,HB_HOUSTON,8
18.2,19.915,2026-08-22,HB_HOUSTON,9
18.35,21.075,2026-08-22,HB_HOUSTON,10
19.68,21.115,2026-08-22,HB_HOUSTON,11
22.74,23.04,2026-08-22,HB_HOUSTON,12
30.03,33.645,2026-08-22,HB_HOUSTON,13
33.46,38.72,2026-08-22,HB_HOUSTON,14
35.37,39.91,2026-08-22,HB_HOUSTON,15
37.81,30.875,2026-08-22,HB_HOUSTON,16
47.06,33.7775,2026-08-22,HB_HOUSTON,17
50.27,45.125,2026-08-22,HB_HOUSTON,18
75.26,51.49,2026-08-22,HB_HOUSTON,19
97.22,67.355,2026-08-22,HB_HOUSTON,20
87.9,55.0275,2026-08-22,HB_HOUSTON,21
69.14,48.205,2026-08-22,HB_HOUSTON,22
40.86,110.5675,2026-08-22,HB_HOUSTON,23
31.38,212.3325,2026-08-22,HB_HOUSTON,24
31.42,74.785,2026-08-23,HB_HOUSTON,1
27.34,61.775,2026-08-23,HB_HOUSTON,2
24.57,38.8725,2026-08-23,HB_HOUSTON,3
23.66,40.075,2026-08-23,HB_HOUSTON,4
23.36,31.2075,2026-08-23,HB_HOUSTON,5
23.59,33.4625,2026-08-23,HB_HOUSTON,6
23.45,35.8925,2026-08-23,HB_HOUSTON,7
21.82,28.16,2026-08-23,HB_HOUSTON,8
18.46,24.9675,2026-08-23,HB_HOUSTON,9
16.61,23.865,2026-08-23,HB_HOUSTON,10
17.68,22.4775,2026-08-23,HB_HOUSTON,11
21.14,21.7025,2026-08-23,HB_HOUSTON,12
27.19,26.9575,2026-08-23,HB_HOUSTON,13
34.11,34.8825,2026-08-23,HB_HOUSTON,14
35.84,42.545,2026-08-23,HB_HOUSTON,15
35.66,41.49,2026-08-23,HB_HOUSTON,16
39.45,31.775,2026-08-23,HB_HOUSTON,17
38.98,39.9725,2026-08-23,HB_HOUSTON,18
53.01,57.2525,2026-08-23,HB_HOUSTON,19
76.56,199.615,2026-08-23,HB_HOUSTON,20
64.12,283.165,2026-08-23,HB_HOUSTON,21
54.94,331.6225,2026-08-23,HB_HOUSTON,22
36.02,43.6925,2026-08-23,HB_HOUSTON,23
28.91,31.2125,2026-08-23,HB_HOUSTON,24
28.95,26.115,2026-08-24,HB_HOUSTON,1
24.16,22.1725,2026-08-24,HB_HOUSTON,2
23.34,21.1375,2026-08-24,HB_HOUSTON,3
22.91,20.4575,2026-08-24,HB_HOUSTON,4
22.9,20.5025,2026-08-24,HB_HOUSTON,5
23.71,21.82,2026-08-24,HB_HOUSTON,6
23.53,22.355,2026-08-24,HB_HOUSTON,7
23.05,21.0725,2026-08-24,HB_HOUSTON,8
18.2,17.525,2026-08-24,HB_HOUSTON,9
17.56,16.44,2026-08-24,HB_HOUSTON,10
20.43,16.45,2026-08-24,HB_HOUSTON,11
23.99,23.7475,2026-08-24,HB_HOUSTON,12
33.94,39.9025,2026-08-24,HB_HOUSTON,13
37.38,39.2125,2026-08-24,HB_HOUSTON,14
39.57,40.1825,2026-08-24,HB_HOUSTON,15
44.45,27.2325,2026-08-24,HB_HOUSTON,16
44.84,28.065,2026-08-24,HB_HOUSTON,17
44.85,28.4275,2026-08-24,HB_HOUSTON,18
55.21,48.025,2026-08-24,HB_HOUSTON,19
74.71,88.9725,2026-08-24,HB_HOUSTON,20
72.5,68.8825,2026-08-24,HB_HOUSTON,21
55.98,35.4325,2026-08-24,HB_HOUSTON,22
40.23,27.495,2026-08-24,HB_HOUSTON,23
30.16,24.8175,2026-08-24,HB_HOUSTON,24
24.11,23.1225,2026-08-25,HB_HOUSTON,1
22.62,22.0575,2026-08-25,HB_HOUSTON,2
21.8,21.5125,2026-08-25,HB_HOUSTON,3
21.48,20.915,2026-08-25,HB_HOUSTON,4
21.67,19.9325,2026-08-25,HB_HOUSTON,5
22.6,22.59,2026-08-25,HB_HOUSTON,6
23.12,28.67,2026-08-25,HB_HOUSTON,7
23.29,29.905,2026-08-25,HB_HOUSTON,8
20.05,25.9125,2026-08-25,HB_HOUSTON,9
19.43,27.5775,2026-08-25,HB_HOUSTON,10
20.92,28.785,2026-08-25,HB_HOUSTON,11
24.79,22.155,2026-08-25,HB_HOUSTON,12
30.58,24.3225,2026-08-25,HB_HOUSTON,13
34.44,31.98,2026-08-25,HB_HOUSTON,14
37.58,35.27,2026-08-25,HB_HOUSTON,15
37.88,41.9575,2026-08-25,HB_HOUSTON,16
39.18,48.605,2026-08-25,HB_HOUSTON,17
38.5,73.6,2026-08-25,HB_HOUSTON,18
63.33,63.395,2026-08-25,HB_HOUSTON,19
96.04,61.205,2026-08-25,HB_HOUSTON,20
92.87,50.26,2026-08-25,HB_HOUSTON,21
66.56,42.7825,2026-08-25,HB_HOUSTON,22
43.4,33.9675,2026-08-25,HB_HOUSTON,23
33.39,29.915,2026-08-25,HB_HOUSTON,24
28.18,27.0825,2026-08-26,HB_HOUSTON,1
26.49,27.04,2026-08-26,HB_HOUSTON,2
26.69,35.1275,2026-08-26,HB_HOUSTON,3
28.83,45.9025,2026-08-26,HB_HOUSTON,4
30.3,52.0975,2026-08-26,HB_HOUSTON,5
33.42,58.3875,2026-08-26,HB_HOUSTON,6
36.2,58.0,2026-08-26,HB_HOUSTON,7
33.85,51.63,2026-08-26,HB_HOUSTON,8
26.76,35.61,2026-08-26,HB_HOUSTON,9
25.01,33.54,2026-08-26,HB_HOUSTON,10
25.61,35.235,2026-08-26,HB_HOUSTON,11
29.34,39.34,2026-08-26,HB_HOUSTON,12
34.05,44.51,2026-08-26,HB_HOUSTON,13
36.51,38.27,2026-08-26,HB_HOUSTON,14
43.83,33.4675,2026-08-26,HB_HOUSTON,15
49.01,54.905,2026-08-26,HB_HOUSTON,16
53.59,79.0075,2026-08-26,HB_HOUSTON,17
56.27,103.885,2026-08-26,HB_HOUSTON,18
96.34,164.3025,2026-08-26,HB_HOUSTON,19
136.48,284.15,2026-08-26,HB_HOUSTON,20
126.3,337.3975,2026-08-26,HB_HOUSTON,21
142.29,381.89,2026-08-26,HB_HOUSTON,22
98.54,526.09,2026-08-26,HB_HOUSTON,23
59.95,84.0775,2026-08-26,HB_HOUSTON,24
67.26,70.1825,2026-08-27,HB_HOUSTON,1
52.31,45.325,2026-08-27,HB_HOUSTON,2
47.11,39.0475,2026-08-27,HB_HOUSTON,3
42.1,38.47,2026-08-27,HB_HOUSTON,4
38.32,40.965,2026-08-27,HB_HOUSTON,5
40.34,32.055,2026-08-27,HB_HOUSTON,6
42.96,35.5575,2026-08-27,HB_HOUSTON,7
37.38,33.9725,2026-08-27,HB_HOUSTON,8
26.95,29.535,2026-08-27,HB_HOUSTON,9
25.88,26.56,2026-08-27,HB_HOUSTON,10
27.85,22.4975,2026-08-27,HB_HOUSTON,11
29.0,21.08,2026-08-27,HB_HOUSTON,12
34.16,27.715,2026-08-27,HB_HOUSTON,13
35.53,44.425,2026-08-27,HB_HOUSTON,14
40.36,45.5,2026-08-27,HB_HOUSTON,15
40.83,47.655,2026-08-27,HB_HOUSTON,16
46.84,30.6825,2026-08-27,HB_HOUSTON,17
54.34,24.7525,2026-08-27,HB_HOUSTON,18
83.21,43.74,2026-08-27,HB_HOUSTON,19
94.62,94.3275,2026-08-27,HB_HOUSTON,20
103.05,97.31,2026-08-27,HB_HOUSTON,21
100.47,68.9025,2026-08-27,HB_HOUSTON,22
81.59,76.7425,2026-08-27,HB_HOUSTON,23
52.01,69.1675,2026-08-27,HB_HOUSTON,24
46.33,47.705,2026-08-28,HB_HOUSTON,1
41.16,40.915,2026-08-28,HB_HOUSTON,2
38.28,37.22,2026-08-28,HB_HOUSTON,3
34.95,33.27,2026-08-28,HB_HOUSTON,4
36.16,38.02,2026-08-28,HB_HOUSTON,5
36.69,61.0375,2026-08-28,HB_HOUSTON,6
40.58,63.9325,2026-08-28,HB_HOUSTON,7
35.0,50.8125,2026-08-28,HB_HOUSTON,8
24.42,26.8225,2026-08-28,HB_HOUSTON,9
22.24,24.795,2026-08-28,HB_HOUSTON,10
22.79,28.08,2026-08-28,HB_HOUSTON,11
25.37,29.32,2026-08-28,HB_HOUSTON,12
31.29,31.065,2026-08-28,HB_HOUSTON,13
34.34,49.89,2026-08-28,HB_HOUSTON,14
38.99,46.0725,2026-08-28,HB_HOUSTON,15
39.86,42.3925,2026-08-28,HB_HOUSTON,16
42.98,30.3525,2026-08-28,HB_HOUSTON,17
44.75,26.955,2026-08-28,HB_HOUSTON,18
71.54,31.33,2026-08-28,HB_HOUSTON,19
81.3,38.2775,2026-08-28,HB_HOUSTON,20
72.94,33.0875,2026-08-28,HB_HOUSTON,21
60.12,27.3825,2026-08-28,HB_HOUSTON,22
44.17,22.795,2026-08-28,HB_HOUSTON,23
34.5,22.885,2026-08-28,HB_HOUSTON,24
34.09,24.6425,2026-08-29,HB_HOUSTON,1
30.66,23.9575,2026-08-29,HB_HOUSTON,2
28.63,23.1375,2026-08-29,HB_HOUSTON,3
27.08,24.73,2026-08-29,HB_HOUSTON,4
25.29,22.8025,2026-08-29,HB_HOUSTON,5
25.76,23.44,2026-08-29,HB_HOUSTON,6
24.83,22.9375,2026-08-29,HB_HOUSTON,7
23.91,22.965,2026-08-29,HB_HOUSTON,8
17.84,16.77,2026-08-29,HB_HOUSTON,9
17.16,15.02,2026-08-29,HB_HOUSTON,10
18.53,16.275,2026-08-29,HB_HOUSTON,11
20.95,17.0875,2026-08-29,HB_HOUSTON,12
25.94,23.4175,2026-08-29,HB_HOUSTON,13
29.04,26.895,2026-08-29,HB_HOUSTON,14
32.54,36.495,2026-08-29,HB_HOUSTON,15
33.94,37.35,2026-08-29,HB_HOUSTON,16
33.98,39.665,2026-08-29,HB_HOUSTON,17
34.86,37.2025,2026-08-29,HB_HOUSTON,18
50.09,47.695,2026-08-29,HB_HOUSTON,19
62.19,49.6125,2026-08-29,HB_HOUSTON,20
57.93,52.9425,2026-08-29,HB_HOUSTON,21
50.53,45.7575,2026-08-29,HB_HOUSTON,22
36.06,32.72,2026-08-29,HB_HOUSTON,23
29.38,25.11,2026-08-29,HB_HOUSTON,24
23.42,23.305,2026-08-30,HB_HOUSTON,1
21.94,22.16,2026-08-30,HB_HOUSTON,2
21.2,21.445,2026-08-30,HB_HOUSTON,3
20.1,20.64,2026-08-30,HB_HOUSTON,4
19.75,20.185,2026-08-30,HB_HOUSTON,5
19.71,20.64,2026-08-30,HB_HOUSTON,6
19.33,21.765,2026-08-30,HB_HOUSTON,7
18.44,21.385,2026-08-30,HB_HOUSTON,8
14.73,17.06,2026-08-30,HB_HOUSTON,9
13.5,16.2225,2026-08-30,HB_HOUSTON,10
16.52,17.0,2026-08-30,HB_HOUSTON,11
19.41,20.2125,2026-08-30,HB_HOUSTON,12
23.02,24.81,2026-08-30,HB_HOUSTON,13
26.6,32.7075,2026-08-30,HB_HOUSTON,14
30.67,33.69,2026-08-30,HB_HOUSTON,15
32.28,51.165,2026-08-30,HB_HOUSTON,16
34.59,55.315,2026-08-30,HB_HOUSTON,17
33.96,54.795,2026-08-30,HB_HOUSTON,18
42.03,66.615,2026-08-30,HB_HOUSTON,19
55.81,118.635,2026-08-30,HB_HOUSTON,20
49.73,77.5675,2026-08-30,HB_HOUSTON,21
43.53,61.5,2026-08-30,HB_HOUSTON,22
35.41,38.6325,2026-08-30,HB_HOUSTON,23
24.84,26.5375,2026-08-30,HB_HOUSTON,24
23.89,23.6725,2026-08-31,HB_HOUSTON,1
21.89,22.46,2026-08-31,HB_HOUSTON,2
21.46,21.7825,2026-08-31,HB_HOUSTON,3
20.97,21.63,2026-08-31,HB_HOUSTON,4
21.18,22.3825,2026-08-31,HB_HOUSTON,5
22.88,25.205,2026-08-31,HB_HOUSTON,6
24.41,36.0975,2026-08-31,HB_HOUSTON,7
24.1,36.11,2026-08-31,HB_HOUSTON,8
18.54,22.355,2026-08-31,HB_HOUSTON,9
19.13,20.715,2026-08-31,HB_HOUSTON,10
22.36,22.535,2026-08-31,HB_HOUSTON,11
28.43,24.495,2026-08-31,HB_HOUSTON,12
33.85,38.505,2026-08-31,HB_HOUSTON,13
35.67,45.3575,2026-08-31,HB_HOUSTON,14
38.66,51.2675,2026-08-31,HB_HOUSTON,15
38.9,47.1425,2026-08-31,HB_HOUSTON,16
38.94,45.4675,2026-08-31,HB_HOUSTON,17
37.03,57.0675,2026-08-31,HB_HOUSTON,18
49.59,67.3625,2026-08-31,HB_HOUSTON,19
67.54,71.955,2026-08-31,HB_HOUSTON,20
62.21,75.1325,2026-08-31,HB_HOUSTON,21
50.15,67.44,2026-08-31,HB_HOUSTON,22
39.83,43.41,2026-08-31,HB_HOUSTON,23
29.11,37.6475,2026-08-31,HB_HOUSTON,24
28.13,52.8675,2026-06-01,HB_SOUTH,1
25.38,34.07,2026-06-01,HB_SOUTH,2
23.94,34.1075,2026-06-01,HB_SOUTH,3
23.64,28.945,2026-06-01,HB_SOUTH,4
23.52,29.0125,2026-06-01,HB_SOUTH,5
24.86,25.5775,2026-06-01,HB_SOUTH,6
30.46,24.2475,2026-06-01,HB_SOUTH,7
25.83,19.0275,2026-06-01,HB_SOUTH,8
19.76,17.6225,2026-06-01,HB_SOUTH,9
21.49,20.7925,2026-06-01,HB_SOUTH,10
25.62,22.4175,2026-06-01,HB_SOUTH,11
34.15,27.395,2026-06-01,HB_SOUTH,12
37.96,26.485,2026-06-01,HB_SOUTH,13
46.46,31.9825,2026-06-01,HB_SOUTH,14
46.05,37.82,2026-06-01,HB_SOUTH,15
47.6,37.2875,2026-06-01,HB_SOUTH,16
42.93,33.78,2026-06-01,HB_SOUTH,17
43.99,30.5825,2026-06-01,HB_SOUTH,18
46.32,34.1175,2026-06-01,HB_SOUTH,19
58.37,47.8875,2026-06-01,HB_SOUTH,20
70.11,52.4825,2026-06-01,HB_SOUTH,21
67.18,42.565,2026-06-01,HB_SOUTH,22
43.21,40.4775,2026-06-01,HB_SOUTH,23
33.23,37.0825,2026-06-01,HB_SOUTH,24
27.37,35.5925,2026-06-02,HB_SOUTH,1
26.58,30.955,2026-06-02,HB_SOUTH,2
24.86,29.755,2026-06-02,HB_SOUTH,3
25.9,34.205,2026-06-02,HB_SOUTH,4
30.98,31.3625,2026-06-02,HB_SOUTH,5
35.46,37.2375,2026-06-02,HB_SOUTH,6
37.19,30.56,2026-06-02,HB_SOUTH,7
29.39,25.0125,2026-06-02,HB_SOUTH,8
20.7,21.42,2026-06-02,HB_SOUTH,9
20.62,21.7825,2026-06-02,HB_SOUTH,10
21.93,24.065,2026-06-02,HB_SOUTH,11
26.9,31.1575,2026-06-02,HB_SOUTH,12
30.41,33.7875,2026-06-02,HB_SOUTH,13
32.06,40.27,2026-06-02,HB_SOUTH,14
33.75,31.8125,2026-06-02,HB_SOUTH,15
34.66,39.215,2026-06-02,HB_SOUTH,16
34.42,40.78,2026-06-02,HB_SOUTH,17
35.46,28.4075,2026-06-02,HB_SOUTH,18
38.18,35.9525,2026-06-02,HB_SOUTH,19
47.06,39.82,2026-06-02,HB_SOUTH,20
47.43,40.7,2026-06-02,HB_SOUTH,21
47.6,34.6225,2026-06-02,HB_SOUTH,22
39.92,28.9025,2026-06-02,HB_SOUTH,23
32.74,25.5825,2026-06-02,HB_SOUTH,24
32.3,27.365,2026-06-03,HB_SOUTH,1
29.16,25.86,2026-06-03,HB_SOUTH,2
31.7,28.1925,2026-06-03,HB_SOUTH,3
33.43,30.2925,2026-06-03,HB_SOUTH,4
36.44,28.545,2026-06-03,HB_SOUTH,5
38.04,27.96,2026-06-03,HB_SOUTH,6
38.84,30.6825,2026-06-03,HB_SOUTH,7
35.02,31.11,2026-06-03,HB_SOUTH,8
28.29,26.7275,2026-06-03,HB_SOUTH,9
27.62,25.89,2026-06-03,HB_SOUTH,10
26.63,29.0425,2026-06-03,HB_SOUTH,11
26.64,37.085,2026-06-03,HB_SOUTH,12
26.12,47.725,2026-06-03,HB_SOUTH,13
29.96,46.555,2026-06-03,HB_SOUTH,14
29.0,44.54,2026-06-03,HB_SOUTH,15
30.22,40.945,2026-06-03,HB_SOUTH,16
32.52,36.7625,2026-06-03,HB_SOUTH,17
33.29,38.2025,2026-06-03,HB_SOUTH,18
40.99,36.6275,2026-06-03,HB_SOUTH,19
53.64,43.6175,2026-06-03,HB_SOUTH,20
56.61,40.78,2026-06-03,HB_SOUTH,21
56.5,42.555,2026-06-03,HB_SOUTH,22
47.78,40.265,2026-06-03,HB_SOUTH,23
39.26,34.0675,2026-06-03,HB_SOUTH,24
27.79,28.9125,2026-06-04,HB_SOUTH,1
25.05,29.0325,2026-06-04,HB_SOUTH,2
24.78,29.0,2026-06-04,HB_SOUTH,3
26.02,28.585,2026-06-04,HB_SOUTH,4
28.16,34.9525,2026-06-04,HB_SOUTH,5
28.96,36.89,2026-06-04,HB_SOUTH,6
31.63,37.145,2026-06-04,HB_SOUTH,7
30.01,34.435,2026-06-04,HB_SOUTH,8
23.25,27.3075,2026-06-04,HB_SOUTH,9
24.1,26.745,2026-06-04,HB_SOUTH,10
25.02,28.2,2026-06-04,HB_SOUTH,11
26.75,24.81,2026-06-04,HB_SOUTH,12
28.32,32.4375,2026-06-04,HB_SOUTH,13
26.98,30.1675,2026-06-04,HB_SOUTH,14
29.37,33.95,2026-06-04,HB_SOUTH,15
31.5,40.9225,2026-06-04,HB_SOUTH,16
31.46,39.9925,2026-06-04,HB_SOUTH,17
32.23,36.1775,2026-06-04,HB_SOUTH,18
37.54,45.155,2026-06-04,HB_SOUTH,19
43.46,62.3575,2026-06-04,HB_SOUTH,20
44.77,81.92,2026-06-04,HB_SOUTH,21
42.25,79.9625,2026-06-04,HB_SOUTH,22
33.12,53.8175,2026-06-04,HB_SOUTH,23
26.02,33.185,2026-06-04,HB_SOUTH,24
22.78,31.1125,2026-06-05,HB_SOUTH,1
23.89,29.7575,2026-06-05,HB_SOUTH,2
24.16,31.0775,2026-06-05,HB_SOUTH,3
25.34,29.895,2026-06-05,HB_SOUTH,4
27.01,29.45,2026-06-05,HB_SOUTH,5
31.86,35.85,2026-06-05,HB_SOUTH,6
34.11,39.1225,2026-06-05,HB_SOUTH,7
36.53,37.6775,2026-06-05,HB_SOUTH,8
31.89,34.75,2026-06-05,HB_SOUTH,9
30.84,35.2575,2026-06-05,HB_SOUTH,10
30.55,32.84,2026-06-05,HB_SOUTH,11
31.44,39.6125,2026-06-05,HB_SOUTH,12
32.93,43.4275,2026-06-05,HB_SOUTH,13
29.44,27.3675,2026-06-05,HB_SOUTH,14
31.32,31.94,2026-06-05,HB_SOUTH,15
31.86,56.605,2026-06-05,HB_SOUTH,16
36.05,72.1275,2026-06-05,HB_SOUTH,17
36.62,65.405,2026-06-05,HB_SOUTH,18
37.0,52.8225,2026-06-05,HB_SOUTH,19
41.46,65.23,2026-06-05,HB_SOUTH,20
41.56,57.3625,2026-06-05,HB_SOUTH,21
42.01,46.1675,2026-06-05,HB_SOUTH,22
35.22,47.5,2026-06-05,HB_SOUTH,23
33.02,61.9675,2026-06-05,HB_SOUTH,24
34.02,80.3775,2026-06-06,HB_SOUTH,1
33.64,72.525,2026-06-06,HB_SOUTH,2
32.05,74.285,2026-06-06,HB_SOUTH,3
33.44,52.4525,2026-06-06,HB_SOUTH,4
32.1,61.4625,2026-06-06,HB_SOUTH,5
33.59,60.055,2026-06-06,HB_SOUTH,6
35.33,80.2125,2026-06-06,HB_SOUTH,7
31.91,59.6675,2026-06-06,HB_SOUTH,8
28.0,52.7275,2026-06-06,HB_SOUTH,9
25.43,41.7925,2026-06-06,HB_SOUTH,10
24.37,33.245,2026-06-06,HB_SOUTH,11
24.69,28.8,2026-06-06,HB_SOUTH,12
26.0,25.93,2026-06-06,HB_SOUTH,13
26.18,25.485,2026-06-06,HB_SOUTH,14
27.51,25.76,2026-06-06,HB_SOUTH,15
28.92,21.1,2026-06-06,HB_SOUTH,16
28.19,29.255,2026-06-06,HB_SOUTH,17
30.02,39.83,2026-06-06,HB_SOUTH,18
38.17,56.6125,2026-06-06,HB_SOUTH,19
47.97,85.925,2026-06-06,HB_SOUTH,20
49.77,96.48,2026-06-06,HB_SOUTH,21
51.37,162.49,2026-06-06,HB_SOUTH,22
42.5,129.7825,2026-06-06,HB_SOUTH,23
32.88,41.565,2026-06-06,HB_SOUTH,24
32.15,38.28,2026-06-07,HB_SOUTH,1
27.92,31.52,2026-06-07,HB_SOUTH,2
27.71,27.4875,2026-06-07,HB_SOUTH,3
28.39,24.56,2026-06-07,HB_SOUTH,4
28.45,26.285,2026-06-07,HB_SOUTH,5
25.95,25.0825,2026-06-07,HB_SOUTH,6
25.34,24.085,2026-06-07,HB_SOUTH,7
24.76,21.2375,2026-06-07,HB_SOUTH,8
18.5,20.825,2026-06-07,HB_SOUTH,9
17.65,24.14,2026-06-07,HB_SOUTH,10
17.25,24.6,2026-06-07,HB_SOUTH,11
17.03,20.575,2026-06-07,HB_SOUTH,12
17.51,21.7075,2026-06-07,HB_SOUTH,13
19.1,31.225,2026-06-07,HB_SOUTH,14
20.18,33.275,2026-06-07,HB_SOUTH,15
23.26,38.4025,2026-06-07,HB_SOUTH,16
24.11,42.8775,2026-06-07,HB_SOUTH,17
27.97,50.4125,2026-06-07,HB_SOUTH,18
31.27,55.47,2026-06-07,HB_SOUTH,19
35.0,57.0075,2026-06-07,HB_SOUTH,20
36.11,48.2175,2026-06-07,HB_SOUTH,21
33.7,35.76,2026-06-07,HB_SOUTH,22
33.14,39.8325,2026-06-07,HB_SOUTH,23
25.58,28.8825,2026-06-07,HB_SOUTH,24
25.43,29.1925,2026-06-08,HB_SOUTH,1
23.67,25.755,2026-06-08,HB_SOUTH,2
22.38,25.09,2026-06-08,HB_SOUTH,3
21.01,24.15,2026-06-08,HB_SOUTH,4
22.12,25.06,2026-06-08,HB_SOUTH,5
24.18,26.09,2026-06-08,HB_SOUTH,6
26.05,26.29,2026-06-08,HB_SOUTH,7
23.95,25.7025,2026-06-08,HB_SOUTH,8
20.8,30.85,2026-06-08,HB_SOUTH,9
19.69,27.875,2026-06-08,HB_SOUTH,10
18.44,20.5225,2026-06-08,HB_SOUTH,11
18.21,15.485,2026-06-08,HB_SOUTH,12
18.36,12.82,2026-06-08,HB_SOUTH,13
19.09,12.705,2026-06-08,HB_SOUTH,14
20.73,14.015,2026-06-08,HB_SOUTH,15
21.91,23.285,2026-06-08,HB_SOUTH,16
21.38,18.3475,2026-06-08,HB_SOUTH,17
23.36,23.54,2026-06-08,HB_SOUTH,18
30.23,25.9675,2026-06-08,HB_SOUTH,19
39.27,34.31,2026-06-08,HB_SOUTH,20
36.3,32.3175,2026-06-08,HB_SOUTH,21
33.96,31.24,2026-06-08,HB_SOUTH,22
31.57,31.9125,2026-06-08,HB_SOUTH,23
26.2,26.0825,2026-06-08,HB_SOUTH,24
25.88,25.29,2026-06-09,HB_SOUTH,1
23.94,24.3825,2026-06-09,HB_SOUTH,2
23.84,25.0425,2026-06-09,HB_SOUTH,3
23.18,26.29,2026-06-09,HB_SOUTH,4
22.95,26.47,2026-06-09,HB_SOUTH,5
24.57,26.4575,2026-06-09,HB_SOUTH,6
25.88,25.62,2026-06-09,HB_SOUTH,7
22.76,22.2825,2026-06-09,HB_SOUTH,8
19.94,18.685,2026-06-09,HB_SOUTH,9
18.32,22.0725,2026-06-09,HB_SOUTH,10
18.38,20.4775,2026-06-09,HB_SOUTH,11
21.65,15.425,2026-06-09,HB_SOUTH,12
24.08,15.425,2026-06-09,HB_SOUTH,13
26.8,20.615,2026-06-09,HB_SOUTH,14
25.98,22.5975,2026-06-09,HB_SOUTH,15
27.41,24.22,2026-06-09,HB_SOUTH,16
26.34,19.7675,2026-06-09,HB_SOUTH,17
26.97,17.0075,2026-06-09,HB_SOUTH,18
32.4,23.415,2026-06-09,HB_SOUTH,19
42.69,46.445,2026-06-09,HB_SOUTH,20
44.23,43.1775,2026-06-09,HB_SOUTH,21
40.9,36.7375,2026-06-09,HB_SOUTH,22
35.41,34.765,2026-06-09,HB_SOUTH,23
27.15,34.8975,2026-06-09,HB_SOUTH,24
26.85,29.5275,2026-06-10,HB_SOUTH,1
25.93,27.13,2026-06-10,HB_SOUTH,2
25.46,24.635,2026-06-10,HB_SOUTH,3
23.11,22.48,2026-06-10,HB_SOUTH,4
25.07,22.45,2026-06-10,HB_SOUTH,5
26.35,23.5525,2026-06-10,HB_SOUTH,6
26.51,26.7275,2026-06-10,HB_SOUTH,7
25.08,22.775,2026-06-10,HB_SOUTH,8
21.26,22.24,2026-06-10,HB_SOUTH,9
21.11,19.69,2026-06-10,HB_SOUTH,10
20.6,16.36,2026-06-10,HB_SOUTH,11
22.56,15.4575,2026-06-10,HB_SOUTH,12
27.45,14.27,2026-06-10,HB_SOUTH,13
29.52,16.875,2026-06-10,HB_SOUTH,14
28.84,16.815,2026-06-10,HB_SOUTH,15
27.96,14.635,2026-06-10,HB_SOUTH,16
25.2,14.61,2026-06-10,HB_SOUTH,17
25.27,15.89,2026-06-10,HB_SOUTH,18
30.0,21.6,2026-06-10,HB_SOUTH,19
38.54,37.65,2026-06-10,HB_SOUTH,20
39.52,36.245,2026-06-10,HB_SOUTH,21
37.18,33.5575,2026-06-10,HB_SOUTH,22
36.19,31.5025,2026-06-10,HB_SOUTH,23
28.91,29.18,2026-06-10,HB_SOUTH,24
28.28,23.7875,2026-06-11,HB_SOUTH,1
26.31,22.6325,2026-06-11,HB_SOUTH,2
25.68,21.91,2026-06-11,HB_SOUTH,3
23.86,21.4,2026-06-11,HB_SOUTH,4
24.4,21.1775,2026-06-11,HB_SOUTH,5
25.57,22.1525,2026-06-11,HB_SOUTH,6
25.1,25.12,2026-06-11,HB_SOUTH,7
23.09,23.1975,2026-06-11,HB_SOUTH,8
19.21,21.615,2026-06-11,HB_SOUTH,9
18.35,19.7775,2026-06-11,HB_SOUTH,10
17.39,20.36,2026-06-11,HB_SOUTH,11
18.77,17.065,2026-06-11,HB_SOUTH,12
22.11,18.13,2026-06-11,HB_SOUTH,13
24.01,15.9425,2026-06-11,HB_SOUTH,14
25.01,12.91,2026-06-11,HB_SOUTH,15
24.99,14.6625,2026-06-11,HB_SOUTH,16
24.34,13.605,2026-06-11,HB_SOUTH,17
26.24,15.4875,2026-06-11,HB_SOUTH,18
32.12,25.0425,2026-06-11,HB_SOUTH,19
45.86,47.53,2026-06-11,HB_SOUTH,20
52.94,54.09,2026-06-11,HB_SOUTH,21
54.0,57.085,2026-06-11,HB_SOUTH,22
55.0,40.485,2026-06-11,HB_SOUTH,23
43.75,36.0275,2026-06-11,HB_SOUTH,24
34.93,31.3175,2026-06-12,HB_SOUTH,1
30.0,31.8875,2026-06-12,HB_SOUTH,2
31.04,30.605,2026-06-12,HB_SOUTH,3
30.57,29.735,2026-06-12,HB_SOUTH,4
32.82,34.3125,2026-06-12,HB_SOUTH,5
35.21,40.47,2026-06-12,HB_SOUTH,6
35.47,42.3275,2026-06-12,HB_SOUTH,7
30.01,36.82,2026-06-12,HB_SOUTH,8
25.05,28.9975,2026-06-12,HB_SOUTH,9
23.72,30.6475,2026-06-12,HB_SOUTH,10
23.38,33.5225,2026-06-12,HB_SOUTH,11
24.46,38.9025,2026-06-12,HB_SOUTH,12
27.08,41.625,2026-06-12,HB_SOUTH,13
27.27,35.015,2026-06-12,HB_SOUTH,14
27.1,27.0075,2026-06-12,HB_SOUTH,15
25.87,24.3525,2026-06-12,HB_SOUTH,16
27.41,21.9225,2026-06-12,HB_SOUTH,17
26.93,23.795,2026-06-12,HB_SOUTH,18
32.89,27.0575,2026-06-12,HB_SOUTH,19
46.56,37.5125,2026-06-12,HB_SOUTH,20
48.74,37.475,2026-06-12,HB_SOUTH,21
46.06,33.8725,2026-06-12,HB_SOUTH,22
40.49,29.4625,2026-06-12,HB_SOUTH,23
29.75,26.0675,2026-06-12,HB_SOUTH,24
25.57,24.4,2026-06-13,HB_SOUTH,1
24.84,23.2375,2026-06-13,HB_SOUTH,2
23.63,23.44,2026-06-13,HB_SOUTH,3
24.05,24.385,2026-06-13,HB_SOUTH,4
23.41,27.2975,2026-06-13,HB_SOUTH,5
25.0,28.3225,2026-06-13,HB_SOUTH,6
23.11,27.1475,2026-06-13,HB_SOUTH,7
20.25,21.6775,2026-06-13,HB_SOUTH,8
15.69,18.05,2026-06-13,HB_SOUTH,9
16.63,15.89,2026-06-13,HB_SOUTH,10
17.46,16.375,2026-06-13,HB_SOUTH,11
17.24,20.885,2026-06-13,HB_SOUTH,12
19.64,20.3,2026-06-13,HB_SOUTH,13
20.53,22.89,2026-06-13,HB_SOUTH,14
21.06,22.825,2026-06-13,HB_SOUTH,15
21.08,23.7175,2026-06-13,HB_SOUTH,16
19.92,22.425,2026-06-13,HB_SOUTH,17
21.1,18.7225,2026-06-13,HB_SOUTH,18
24.18,20.615,2026-06-13,HB_SOUTH,19
34.66,33.3325,2026-06-13,HB_SOUTH,20
37.05,35.515,2026-06-13,HB_SOUTH,21
36.36,31.085,2026-06-13,HB_SOUTH,22
35.09,28.79,2026-06-13,HB_SOUTH,23
29.13,29.35,2026-06-13,HB_SOUTH,24
25.9,25.8975,2026-06-14,HB_SOUTH,1
25.29,25.0375,2026-06-14,HB_SOUTH,2
25.16,25.2825,2026-06-14,HB_SOUTH,3
25.37,26.2675,2026-06-14,HB_SOUTH,4
26.58,28.835,2026-06-14,HB_SOUTH,5
28.85,30.1825,2026-06-14,HB_SOUTH,6
28.61,27.41,2026-06-14,HB_SOUTH,7
25.46,24.3425,2026-06-14,HB_SOUTH,8
22.16,25.0075,2026-06-14,HB_SOUTH,9
21.61,26.36,2026-06-14,HB_SOUTH,10
22.07,26.8675,2026-06-14,HB_SOUTH,11
22.35,24.2125,2026-06-14,HB_SOUTH,12
22.43,20.335,2026-06-14,HB_SOUTH,13
23.52,17.9325,2026-06-14,HB_SOUTH,14
24.09,17.7325,2026-06-14,HB_SOUTH,15
25.38,25.395,2026-06-14,HB_SOUTH,16
25.65,29.54,2026-06-14,HB_SOUTH,17
27.56,28.98,2026-06-14,HB_SOUTH,18
31.47,39.275,2026-06-14,HB_SOUTH,19
38.31,53.6825,2026-06-14,HB_SOUTH,20
40.63,64.86,2026-06-14,HB_SOUTH,21
41.77,53.2175,2026-06-14,HB_SOUTH,22
45.0,50.235,2026-06-14,HB_SOUTH,23
37.36,46.395,2026-06-14,HB_SOUTH,24
35.83,43.1175,2026-06-15,HB_SOUTH,1
32.6,36.9725,2026-06-15,HB_SOUTH,2
32.04,39.84,2026-06-15,HB_SOUTH,3
32.48,46.37,2026-06-15,HB_SOUTH,4
31.6,42.4975,2026-06-15,HB_SOUTH,5
37.54,43.355,2026-06-15,HB_SOUTH,6
36.9,54.505,2026-06-15,HB_SOUTH,7
36.56,47.25,2026-06-15,HB_SOUTH,8
31.48,51.9875,2026-06-15,HB_SOUTH,9
33.01,51.9,2026-06-15,HB_SOUTH,10
30.59,44.73,2026-06-15,HB_SOUTH,11
27.86,43.1775,2026-06-15,HB_SOUTH,12
27.18,41.05,2026-06-15,HB_SOUTH,13
28.61,37.73,2026-06-15,HB_SOUTH,14
30.17,29.37,2026-06-15,HB_SOUTH,15
31.19,26.9,2026-06-15,HB_SOUTH,16
32.8,37.4625,2026-06-15,HB_SOUTH,17
33.78,57.355,2026-06-15,HB_SOUTH,18
36.92,60.6225,2026-06-15,HB_SOUTH,19
51.27,71.7175,2026-06-15,HB_SOUTH,20
57.75,64.02,2026-06-15,HB_SOUTH,21
59.19,52.1,2026-06-15,HB_SOUTH,22
57.58,53.3425,2026-06-15,HB_SOUTH,23
39.54,42.6825,2026-06-15,HB_SOUTH,24
41.32,40.525,2026-06-16,HB_SOUTH,1
36.47,34.8875,2026-06-16,HB_SOUTH,2
35.03,33.305,2026-06-16,HB_SOUTH,3
35.16,38.24,2026-06-16,HB_SOUTH,4
36.76,44.66,2026-06-16,HB_SOUTH,5
41.22,46.2175,2026-06-16,HB_SOUTH,6
41.02,44.34,2026-06-16,HB_SOUTH,7
35.93,40.9625,2026-06-16,HB_SOUTH,8
26.35,28.775,2026-06-16,HB_SOUTH,9
26.07,28.85,2026-06-16,HB_SOUTH,10
26.84,33.5825,2026-06-16,HB_SOUTH,11
26.57,35.4025,2026-06-16,HB_SOUTH,12
26.84,34.575,2026-06-16,HB_SOUTH,13
27.07,24.2025,2026-06-16,HB_SOUTH,14
29.74,23.9375,2026-06-16,HB_SOUTH,15
32.12,25.485,2026-06-16,HB_SOUTH,16
36.43,28.86,2026-06-16,HB_SOUTH,17
37.28,35.4825,2026-06-16,HB_SOUTH,18
43.65,39.0325,2026-06-16,HB_SOUTH,19
52.41,38.15,2026-06-16,HB_SOUTH,20
53.14,41.6025,2026-06-16,HB_SOUTH,21
45.49,34.645,2026-06-16,HB_SOUTH,22
36.06,29.515,2026-06-16,HB_SOUTH,23
26.11,26.52,2026-06-16,HB_SOUTH,24
25.39,26.9075,2026-06-17,HB_SOUTH,1
24.26,24.0675,2026-06-17,HB_SOUTH,2
22.89,22.905,2026-06-17,HB_SOUTH,3
21.62,22.0025,2026-06-17,HB_SOUTH,4
22.09,23.04,2026-06-17,HB_SOUTH,5
24.33,25.9725,2026-06-17,HB_SOUTH,6
25.39,25.785,2026-06-17,HB_SOUTH,7
23.11,21.4825,2026-06-17,HB_SOUTH,8
20.16,20.6075,2026-06-17,HB_SOUTH,9
23.43,23.02,2026-06-17,HB_SOUTH,10
23.41,21.9925,2026-06-17,HB_SOUTH,11
25.9,21.615,2026-06-17,HB_SOUTH,12
28.19,19.51,2026-06-17,HB_SOUTH,13
31.0,25.575,2026-06-17,HB_SOUTH,14
35.7,36.065,2026-06-17,HB_SOUTH,15
37.64,37.745,2026-06-17,HB_SOUTH,16
41.81,39.48,2026-06-17,HB_SOUTH,17
39.67,31.9875,2026-06-17,HB_SOUTH,18
41.61,34.2925,2026-06-17,HB_SOUTH,19
44.85,46.45,2026-06-17,HB_SOUTH,20
45.24,37.1575,2026-06-17,HB_SOUTH,21
38.66,35.9075,2026-06-17,HB_SOUTH,22
31.79,28.715,2026-06-17,HB_SOUTH,23
26.22,25.67,2026-06-17,HB_SOUTH,24
23.67,23.7225,2026-06-18,HB_SOUTH,1
21.7,21.645,2026-06-18,HB_SOUTH,2
21.35,20.86,2026-06-18,HB_SOUTH,3
20.6,21.69,2026-06-18,HB_SOUTH,4
21.17,22.33,2026-06-18,HB_SOUTH,5
22.32,22.6725,2026-06-18,HB_SOUTH,6
25.77,24.2925,2026-06-18,HB_SOUTH,7
23.82,18.655,2026-06-18,HB_SOUTH,8
17.95,16.8475,2026-06-18,HB_SOUTH,9
17.82,16.455,2026-06-18,HB_SOUTH,10
18.97,13.3075,2026-06-18,HB_SOUTH,11
21.17,19.8225,2026-06-18,HB_SOUTH,12
26.21,28.415,2026-06-18,HB_SOUTH,13
29.43,37.875,2026-06-18,HB_SOUTH,14
29.38,34.8025,2026-06-18,HB_SOUTH,15
29.5,49.2925,2026-06-18,HB_SOUTH,16
32.32,57.11,2026-06-18,HB_SOUTH,17
35.37,59.325,2026-06-18,HB_SOUTH,18
46.18,56.5725,2026-06-18,HB_SOUTH,19
58.37,56.65,2026-06-18,HB_SOUTH,20
59.9,48.86,2026-06-18,HB_SOUTH,21
55.4,49.275,2026-06-18,HB_SOUTH,22
47.76,56.3775,2026-06-18,HB_SOUTH,23
37.63,76.5,2026-06-18,HB_SOUTH,24
43.0,71.895,2026-06-19,HB_SOUTH,1
38.07,50.085,2026-06-19,HB_SOUTH,2
36.09,49.865,2026-06-19,HB_SOUTH,3
34.48,45.615,2026-06-19,HB_SOUTH,4
35.7,37.1675,2026-06-19,HB_SOUTH,5
39.55,34.3375,2026-06-19,HB_SOUTH,6
36.49,32.02,2026-06-19,HB_SOUTH,7
32.59,29.49,2026-06-19,HB_SOUTH,8
29.44,32.48,2026-06-19,HB_SOUTH,9
28.04,27.7275,2026-06-19,HB_SOUTH,10
27.09,26.6275,2026-06-19,HB_SOUTH,11
28.83,25.915,2026-06-19,HB_SOUTH,12
31.28,27.5625,2026-06-19,HB_SOUTH,13
32.03,26.7175,2026-06-19,HB_SOUTH,14
33.95,26.07,2026-06-19,HB_SOUTH,15
35.0,32.2725,2026-06-19,HB_SOUTH,16
37.05,38.6225,2026-06-19,HB_SOUTH,17
38.86,38.955,2026-06-19,HB_SOUTH,18
39.5,32.1375,2026-06-19,HB_SOUTH,19
53.21,50.6625,2026-06-19,HB_SOUTH,20
62.5,56.6425,2026-06-19,HB_SOUTH,21
65.82,42.515,2026-06-19,HB_SOUTH,22
68.71,34.8775,2026-06-19,HB_SOUTH,23
52.89,33.5425,2026-06-19,HB_SOUTH,24
43.44,35.7,2026-06-20,HB_SOUTH,1
39.91,34.8775,2026-06-20,HB_SOUTH,2
36.75,28.0225,2026-06-20,HB_SOUTH,3
36.61,24.7025,2026-06-20,HB_SOUTH,4
35.34,24.125,2026-06-20,HB_SOUTH,5
37.04,24.05,2026-06-20,HB_SOUTH,6
35.08,26.95,2026-06-20,HB_SOUTH,7
29.56,27.6625,2026-06-20,HB_SOUTH,8
23.76,25.695,2026-06-20,HB_SOUTH,9
23.59,24.3625,2026-06-20,HB_SOUTH,10
22.67,24.45,2026-06-20,HB_SOUTH,11
22.23,26.175,2026-06-20,HB_SOUTH,12
23.61,27.435,2026-06-20,HB_SOUTH,13
23.63,32.985,2026-06-20,HB_SOUTH,14
25.2,34.5625,2026-06-20,HB_SOUTH,15
25.34,25.0225,2026-06-20,HB_SOUTH,16
26.8,27.215,2026-06-20,HB_SOUTH,17
26.82,25.735,2026-06-20,HB_SOUTH,18
28.79,26.1525,2026-06-20,HB_SOUTH,19
34.23,30.01,2026-06-20,HB_SOUTH,20
36.94,31.265,2026-06-20,HB_SOUTH,21
36.01,27.115,2026-06-20,HB_SOUTH,22
29.51,25.5225,2026-06-20,HB_SOUTH,23
26.54,24.6925,2026-06-20,HB_SOUTH,24
25.5,23.6,2026-06-21,HB_SOUTH,1
24.11,23.105,2026-06-21,HB_SOUTH,2
23.04,21.0175,2026-06-21,HB_SOUTH,3
22.18,19.4725,2026-06-21,HB_SOUTH,4
20.9,20.065,2026-06-21,HB_SOUTH,5
21.86,19.8975,2026-06-21,HB_SOUTH,6
20.28,21.6775,2026-06-21,HB_SOUTH,7
17.97,19.1175,2026-06-21,HB_SOUTH,8
16.69,19.9,2026-06-21,HB_SOUTH,9
16.7,23.33,2026-06-21,HB_SOUTH,10
16.68,24.48,2026-06-21,HB_SOUTH,11
18.63,17.845,2026-06-21,HB_SOUTH,12
20.63,15.6675,2026-06-21,HB_SOUTH,13
20.54,17.0575,2026-06-21,HB_SOUTH,14
19.82,18.4675,2026-06-21,HB_SOUTH,15
21.58,20.225,2026-06-21,HB_SOUTH,16
22.81,27.075,2026-06-21,HB_SOUTH,17
24.34,27.825,2026-06-21,HB_SOUTH,18
26.34,27.5425,2026-06-21,HB_SOUTH,19
34.67,34.68,2026-06-21,HB_SOUTH,20
36.16,35.925,2026-06-21,HB_SOUTH,21
39.07,31.21,2026-06-21,HB_SOUTH,22
32.51,28.955,2026-06-21,HB_SOUTH,23
26.79,24.2225,2026-06-21,HB_SOUTH,24
24.78,22.9225,2026-06-22,HB_SOUTH,1
22.97,21.135,2026-06-22,HB_SOUTH,2
21.71,19.7375,2026-06-22,HB_SOUTH,3
22.2,19.99,2026-06-22,HB_SOUTH,4
23.25,22.07,2026-06-22,HB_SOUTH,5
25.51,22.415,2026-06-22,HB_SOUTH,6
25.62,27.4375,2026-06-22,HB_SOUTH,7
23.28,27.1075,2026-06-22,HB_SOUTH,8
18.07,21.7425,2026-06-22,HB_SOUTH,9
17.1,20.1375,2026-06-22,HB_SOUTH,10
16.64,18.8475,2026-06-22,HB_SOUTH,11
17.52,20.35,2026-06-22,HB_SOUTH,12
19.39,24.0325,2026-06-22,HB_SOUTH,13
21.31,28.7475,2026-06-22,HB_SOUTH,14
22.05,42.74,2026-06-22,HB_SOUTH,15
22.63,35.23,2026-06-22,HB_SOUTH,16
22.95,34.215,2026-06-22,HB_SOUTH,17
25.45,34.2675,2026-06-22,HB_SOUTH,18
29.27,35.875,2026-06-22,HB_SOUTH,19
47.7,63.5225,2026-06-22,HB_SOUTH,20
55.36,66.79,2026-06-22,HB_SOUTH,21
49.63,55.4925,2026-06-22,HB_SOUTH,22
50.58,39.5675,2026-06-22,HB_SOUTH,23
40.18,35.665,2026-06-22,HB_SOUTH,24
38.44,35.415,2026-06-23,HB_SOUTH,1
32.46,28.085,2026-06-23,HB_SOUTH,2
30.0,25.8925,2026-06-23,HB_SOUTH,3
28.89,24.965,2026-06-23,HB_SOUTH,4
29.84,25.5475,2026-06-23,HB_SOUTH,5
31.96,29.585,2026-06-23,HB_SOUTH,6
33.57,33.0175,2026-06-23,HB_SOUTH,7
28.52,27.5,2026-06-23,HB_SOUTH,8
22.0,22.41,2026-06-23,HB_SOUTH,9
21.1,20.775,2026-06-23,HB_SOUTH,10
20.83,19.21,2026-06-23,HB_SOUTH,11
21.46,20.0075,2026-06-23,HB_SOUTH,12
23.28,17.1425,2026-06-23,HB_SOUTH,13
26.45,16.3225,2026-06-23,HB_SOUTH,14
26.81,15.1075,2026-06-23,HB_SOUTH,15
25.63,16.455,2026-06-23,HB_SOUTH,16
26.44,19.23,2026-06-23,HB_SOUTH,17
26.6,25.9,2026-06-23,HB_SOUTH,18
29.74,33.51,2026-06-23,HB_SOUTH,19
44.17,37.9025,2026-06-23,HB_SOUTH,20
42.4,37.085,2026-06-23,HB_SOUTH,21
40.78,38.335,2026-06-23,HB_SOUTH,22
32.26,40.4275,2026-06-23,HB_SOUTH,23
28.09,35.25,2026-06-23,HB_SOUTH,24
25.92,27.425,2026-06-24,HB_SOUTH,1
24.21,27.0875,2026-06-24,HB_SOUTH,2
23.92,25.1375,2026-06-24,HB_SOUTH,3
23.53,25.66,2026-06-24,HB_SOUTH,4
24.17,29.68,2026-06-24,HB_SOUTH,5
24.96,33.505,2026-06-24,HB_SOUTH,6
27.79,30.88,2026-06-24,HB_SOUTH,7
24.13,26.1675,2026-06-24,HB_SOUTH,8
19.45,22.8575,2026-06-24,HB_SOUTH,9
18.39,21.835,2026-06-24,HB_SOUTH,10
18.54,22.1475,2026-06-24,HB_SOUTH,11
20.68,20.7075,2026-06-24,HB_SOUTH,12
23.2,18.785,2026-06-24,HB_SOUTH,13
25.75,24.9675,2026-06-24,HB_SOUTH,14
27.09,21.31,2026-06-24,HB_SOUTH,15
25.61,19.3425,2026-06-24,HB_SOUTH,16
26.01,19.21,2026-06-24,HB_SOUTH,17
25.53,21.235,2026-06-24,HB_SOUTH,18
27.66,28.59,2026-06-24,HB_SOUTH,19
40.15,43.7175,2026-06-24,HB_SOUTH,20
45.98,43.36,2026-06-24,HB_SOUTH,21
41.83,38.4275,2026-06-24,HB_SOUTH,22
36.37,37.2875,2026-06-24,HB_SOUTH,23
27.26,33.67,2026-06-24,HB_SOUTH,24
27.4,28.3775,2026-06-25,HB_SOUTH,1
26.67,25.1375,2026-06-25,HB_SOUTH,2
24.88,25.9775,2026-06-25,HB_SOUTH,3
24.67,28.5225,2026-06-25,HB_SOUTH,4
24.86,29.5375,2026-06-25,HB_SOUTH,5
26.96,27.72,2026-06-25,HB_SOUTH,6
25.73,28.995,2026-06-25,HB_SOUTH,7
23.17,22.1525,2026-06-25,HB_SOUTH,8
18.78,16.305,2026-06-25,HB_SOUTH,9
18.3,14.23,2026-06-25,HB_SOUTH,10
17.97,14.755,2026-06-25,HB_SOUTH,11
18.42,13.8975,2026-06-25,HB_SOUTH,12
18.35,16.0475,2026-06-25,HB_SOUTH,13
21.44,16.9775,2026-06-25,HB_SOUTH,14
21.39,17.9575,2026-06-25,HB_SOUTH,15
22.3,20.49,2026-06-25,HB_SOUTH,16
23.11,21.7575,2026-06-25,HB_SOUTH,17
25.0,22.04,2026-06-25,HB_SOUTH,18
25.51,25.8,2026-06-25,HB_SOUTH,19
37.82,31.3575,2026-06-25,HB_SOUTH,20
41.67,31.3325,2026-06-25,HB_SOUTH,21
38.08,30.3625,2026-06-25,HB_SOUTH,22
35.98,27.0325,2026-06-25,HB_SOUTH,23
34.41,24.6825,2026-06-25,HB_SOUTH,24
26.24,25.84,2026-06-26,HB_SOUTH,1
25.14,28.455,2026-06-26,HB_SOUTH,2
25.42,33.09,2026-06-26,HB_SOUTH,3
24.71,29.535,2026-06-26,HB_SOUTH,4
25.47,23.6075,2026-06-26,HB_SOUTH,5
25.83,24.0625,2026-06-26,HB_SOUTH,6
25.45,24.34,2026-06-26,HB_SOUTH,7
23.06,21.16,2026-06-26,HB_SOUTH,8
19.05,16.45,2026-06-26,HB_SOUTH,9
17.5,13.12,2026-06-26,HB_SOUTH,10
16.12,13.5975,2026-06-26,HB_SOUTH,11
17.18,8.3675,2026-06-26,HB_SOUTH,12
19.21,15.115,2026-06-26,HB_SOUTH,13
21.48,16.155,2026-06-26,HB_SOUTH,14
24.02,18.68,2026-06-26,HB_SOUTH,15
25.06,18.105,2026-06-26,HB_SOUTH,16
25.7,21.9175,2026-06-26,HB_SOUTH,17
23.85,19.9125,2026-06-26,HB_SOUTH,18
26.94,21.725,2026-06-26,HB_SOUTH,19
34.8,32.5775,2026-06-26,HB_SOUTH,20
38.32,31.725,2026-06-26,HB_SOUTH,21
39.8,27.79,2026-06-26,HB_SOUTH,22
33.96,25.335,2026-06-26,HB_SOUTH,23
29.23,24.94,2026-06-26,HB_SOUTH,24
24.45,25.0325,2026-06-27,HB_SOUTH,1
23.49,23.935,2026-06-27,HB_SOUTH,2
23.68,24.615,2026-06-27,HB_SOUTH,3
22.5,32.5675,2026-06-27,HB_SOUTH,4
23.86,64.985,2026-06-27,HB_SOUTH,5
24.17,30.155,2026-06-27,HB_SOUTH,6
22.03,24.8025,2026-06-27,HB_SOUTH,7
19.65,19.19,2026-06-27,HB_SOUTH,8
16.54,16.08,2026-06-27,HB_SOUTH,9
15.03,12.035,2026-06-27,HB_SOUTH,10
14.81,12.6525,2026-06-27,HB_SOUTH,11
16.46,14.255,2026-06-27,HB_SOUTH,12
18.88,15.05,2026-06-27,HB_SOUTH,13
21.96,17.3975,2026-06-27,HB_SOUTH,14
24.34,18.8575,2026-06-27,HB_SOUTH,15
22.24,17.165,2026-06-27,HB_SOUTH,16
24.29,20.795,2026-06-27,HB_SOUTH,17
24.54,22.7375,2026-06-27,HB_SOUTH,18
27.66,21.1025,2026-06-27,HB_SOUTH,19
35.02,28.4125,2026-06-27,HB_SOUTH,20
34.68,28.99,2026-06-27,HB_SOUTH,21
32.75,27.8575,2026-06-27,HB_SOUTH,22
31.98,27.1225,2026-06-27,HB_SOUTH,23
27.67,26.18,2026-06-27,HB_SOUTH,24
24.29,23.9425,2026-06-28,HB_SOUTH,1
23.79,24.0475,2026-06-28,HB_SOUTH,2
23.51,22.5775,2026-06-28,HB_SOUTH,3
23.3,22.6875,2026-06-28,HB_SOUTH,4
22.75,22.67,2026-06-28,HB_SOUTH,5
22.88,22.2125,2026-06-28,HB_SOUTH,6
21.75,21.0925,2026-06-28,HB_SOUTH,7
18.7,16.8875,2026-06-28,HB_SOUTH,8
16.63,13.7425,2026-06-28,HB_SOUTH,9
13.81,8.755,2026-06-28,HB_SOUTH,10
14.02,5.7175,2026-06-28,HB_SOUTH,11
14.83,6.0525,2026-06-28,HB_SOUTH,12
16.34,7.7575,2026-06-28,HB_SOUTH,13
18.04,9.415,2026-06-28,HB_SOUTH,14
18.21,13.33,2026-06-28,HB_SOUTH,15
19.79,13.2925,2026-06-28,HB_SOUTH,16
19.22,14.8675,2026-06-28,HB_SOUTH,17
21.58,16.5625,2026-06-28,HB_SOUTH,18
21.15,19.395,2026-06-28,HB_SOUTH,19
35.5,30.9275,2026-06-28,HB_SOUTH,20
36.24,32.3625,2026-06-28,HB_SOUTH,21
32.25,32.1425,2026-06-28,HB_SOUTH,22
32.73,29.7425,2026-06-28,HB_SOUTH,23
26.1,26.3275,2026-06-28,HB_SOUTH,24
25.25,23.845,2026-06-29,HB_SOUTH,1
23.86,22.3875,2026-06-29,HB_SOUTH,2
22.51,21.0325,2026-06-29,HB_SOUTH,3
21.39,20.59,2026-06-29,HB_SOUTH,4
21.61,20.1825,2026-06-29,HB_SOUTH,5
22.76,21.065,2026-06-29,HB_SOUTH,6
21.74,21.625,2026-06-29,HB_SOUTH,7
20.73,20.96,2026-06-29,HB_SOUTH,8
16.55,16.7475,2026-06-29,HB_SOUTH,9
14.61,11.2225,2026-06-29,HB_SOUTH,10
11.85,5.925,2026-06-29,HB_SOUTH,11
13.83,6.31,2026-06-29,HB_SOUTH,12
16.44,12.2625,2026-06-29,HB_SOUTH,13
21.98,12.565,2026-06-29,HB_SOUTH,14
21.06,10.785,2026-06-29,HB_SOUTH,15
20.58,10.92,2026-06-29,HB_SOUTH,16
22.32,11.18,2026-06-29,HB_SOUTH,17
23.34,12.175,2026-06-29,HB_SOUTH,18
26.05,17.5275,2026-06-29,HB_SOUTH,19
37.26,28.29,2026-06-29,HB_SOUTH,20
36.29,29.605,2026-06-29,HB_SOUTH,21
33.29,29.1475,2026-06-29,HB_SOUTH,22
35.26,27.2325,2026-06-29,HB_SOUTH,23
28.2,26.48,2026-06-29,HB_SOUTH,24
24.71,25.7125,2026-06-30,HB_SOUTH,1
23.45,23.115,2026-06-30,HB_SOUTH,2
23.32,21.58,2026-06-30,HB_SOUTH,3
21.65,20.23,2026-06-30,HB_SOUTH,4
21.83,20.2375,2026-06-30,HB_SOUTH,5
23.1,21.115,2026-06-30,HB_SOUTH,6
23.48,21.71,2026-06-30,HB_SOUTH,7
22.76,19.24,2026-06-30,HB_SOUTH,8
19.54,17.815,2026-06-30,HB_SOUTH,9
17.72,17.3925,2026-06-30,HB_SOUTH,10
16.89,18.05,2026-06-30,HB_SOUTH,11
17.07,18.3575,2026-06-30,HB_SOUTH,12
21.69,17.475,2026-06-30,HB_SOUTH,13
25.53,19.7075,2026-06-30,HB_SOUTH,14
25.07,19.68,2026-06-30,HB_SOUTH,15
27.77,20.43,2026-06-30,HB_SOUTH,16
26.32,17.8675,2026-06-30,HB_SOUTH,17
24.1,17.5875,2026-06-30,HB_SOUTH,18
25.55,23.1075,2026-06-30,HB_SOUTH,19
36.93,32.59,2026-06-30,HB_SOUTH,20
39.82,36.06,2026-06-30,HB_SOUTH,21
37.89,31.4225,2026-06-30,HB_SOUTH,22
33.92,31.105,2026-06-30,HB_SOUTH,23
27.33,29.255,2026-06-30,HB_SOUTH,24
27.12,28.2375,2026-07-01,HB_SOUTH,1
25.23,24.375,2026-07-01,HB_SOUTH,2
24.57,24.5925,2026-07-01,HB_SOUTH,3
23.93,25.9975,2026-07-01,HB_SOUTH,4
23.78,24.365,2026-07-01,HB_SOUTH,5
25.16,23.395,2026-07-01,HB_SOUTH,6
24.94,22.6025,2026-07-01,HB_SOUTH,7
21.49,19.335,2026-07-01,HB_SOUTH,8
17.31,17.185,2026-07-01,HB_SOUTH,9
16.97,16.8275,2026-07-01,HB_SOUTH,10
17.7,17.6875,2026-07-01,HB_SOUTH,11
19.35,15.855,2026-07-01,HB_SOUTH,12
22.93,17.29,2026-07-01,HB_SOUTH,13
24.09,21.085,2026-07-01,HB_SOUTH,14
24.14,15.9375,2026-07-01,HB_SOUTH,15
23.89,16.3,2026-07-01,HB_SOUTH,16
23.53,22.1875,2026-07-01,HB_SOUTH,17
23.9,23.825,2026-07-01,HB_SOUTH,18
29.76,28.71,2026-07-01,HB_SOUTH,19
44.28,38.4275,2026-07-01,HB_SOUTH,20
46.88,43.41,2026-07-01,HB_SOUTH,21
42.99,48.73,2026-07-01,HB_SOUTH,22
39.28,48.88,2026-07-01,HB_SOUTH,23
31.57,28.9825,2026-07-01,HB_SOUTH,24
27.96,26.53,2026-07-02,HB_SOUTH,1
24.82,24.9625,2026-07-02,HB_SOUTH,2
23.9,24.2775,2026-07-02,HB_SOUTH,3
23.73,23.405,2026-07-02,HB_SOUTH,4
24.54,23.9275,2026-07-02,HB_SOUTH,5
25.94,26.3325,2026-07-02,HB_SOUTH,6
26.47,26.645,2026-07-02,HB_SOUTH,7
23.42,22.21,2026-07-02,HB_SOUTH,8
20.39,20.1125,2026-07-02,HB_SOUTH,9
22.88,19.11,2026-07-02,HB_SOUTH,10
22.1,18.5175,2026-07-02,HB_SOUTH,11
23.36,19.67,2026-07-02,HB_SOUTH,12
24.32,22.805,2026-07-02,HB_SOUTH,13
29.17,28.1525,2026-07-02,HB_SOUTH,14
27.72,30.1725,2026-07-02,HB_SOUTH,15
28.58,34.0375,2026-07-02,HB_SOUTH,16
29.17,31.255,2026-07-02,HB_SOUTH,17
30.82,23.735,2026-07-02,HB_SOUTH,18
36.56,28.135,2026-07-02,HB_SOUTH,19
48.8,30.165,2026-07-02,HB_SOUTH,20
43.96,31.725,2026-07-02,HB_SOUTH,21
39.43,29.5375,2026-07-02,HB_SOUTH,22
35.47,28.9325,2026-07-02,HB_SOUTH,23
30.0,27.7425,2026-07-02,HB_SOUTH,24
24.46,23.9725,2026-07-03,HB_SOUTH,1
23.29,23.6775,2026-07-03,HB_SOUTH,2
21.78,23.0375,2026-07-03,HB_SOUTH,3
21.88,22.045,2026-07-03,HB_SOUTH,4
21.8,21.68,2026-07-03,HB_SOUTH,5
23.24,22.9525,2026-07-03,HB_SOUTH,6
24.26,22.6125,2026-07-03,HB_SOUTH,7
21.61,18.0575,2026-07-03,HB_SOUTH,8
18.14,12.99,2026-07-03,HB_SOUTH,9
18.0,10.44,2026-07-03,HB_SOUTH,10
18.37,10.0225,2026-07-03,HB_SOUTH,11
19.85,15.0,2026-07-03,HB_SOUTH,12
23.35,16.8575,2026-07-03,HB_SOUTH,13
26.27,19.965,2026-07-03,HB_SOUTH,14
27.63,23.3925,2026-07-03,HB_SOUTH,15
27.55,23.94,2026-07-03,HB_SOUTH,16
27.21,24.025,2026-07-03,HB_SOUTH,17
28.08,24.1975,2026-07-03,HB_SOUTH,18
33.89,25.7275,2026-07-03,HB_SOUTH,19
44.1,32.7275,2026-07-03,HB_SOUTH,20
44.07,36.2925,2026-07-03,HB_SOUTH,21
40.44,33.7825,2026-07-03,HB_SOUTH,22
35.26,30.23,2026-07-03,HB_SOUTH,23
28.16,25.2775,2026-07-03,HB_SOUTH,24
24.28,21.91,2026-07-04,HB_SOUTH,1
22.41,19.2725,2026-07-04,HB_SOUTH,2
22.5,20.36,2026-07-04,HB_SOUTH,3
21.56,20.225,2026-07-04,HB_SOUTH,4
22.18,19.58,2026-07-04,HB_SOUTH,5
23.01,21.3175,2026-07-04,HB_SOUTH,6
21.02,22.455,2026-07-04,HB_SOUTH,7
17.53,16.6525,2026-07-04,HB_SOUTH,8
15.29,13.53,2026-07-04,HB_SOUTH,9
15.79,11.6925,2026-07-04,HB_SOUTH,10
15.9,14.485,2026-07-04,HB_SOUTH,11
16.84,19.5125,2026-07-04,HB_SOUTH,12
20.62,23.0275,2026-07-04,HB_SOUTH,13
23.75,24.92,2026-07-04,HB_SOUTH,14
24.95,24.3575,2026-07-04,HB_SOUTH,15
26.34,22.445,2026-07-04,HB_SOUTH,16
27.73,19.89,2026-07-04,HB_SOUTH,17
27.01,25.24,2026-07-04,HB_SOUTH,18
33.76,36.49,2026-07-04,HB_SOUTH,19
47.29,46.85,2026-07-04,HB_SOUTH,20
49.82,45.1825,2026-07-04,HB_SOUTH,21
47.62,44.175,2026-07-04,HB_SOUTH,22
37.85,36.385,2026-07-04,HB_SOUTH,23
31.38,32.1425,2026-07-04,HB_SOUTH,24
26.74,27.2525,2026-07-05,HB_SOUTH,1
25.89,26.8675,2026-07-05,HB_SOUTH,2
25.0,26.1625,2026-07-05,HB_SOUTH,3
24.96,24.2175,2026-07-05,HB_SOUTH,4
24.74,22.215,2026-07-05,HB_SOUTH,5
25.91,23.4625,2026-07-05,HB_SOUTH,6
25.7,23.0025,2026-07-05,HB_SOUTH,7
23.34,18.585,2026-07-05,HB_SOUTH,8
19.13,17.93,2026-07-05,HB_SOUTH,9
18.72,17.8625,2026-07-05,HB_SOUTH,10
19.26,18.4625,2026-07-05,HB_SOUTH,11
21.35,21.5975,2026-07-05,HB_SOUTH,12
23.62,29.885,2026-07-05,HB_SOUTH,13
26.48,29.61,2026-07-05,HB_SOUTH,14
30.14,32.88,2026-07-05,HB_SOUTH,15
28.74,30.6825,2026-07-05,HB_SOUTH,16
32.66,34.9075,2026-07-05,HB_SOUTH,17
35.0,42.5575,2026-07-05,HB_SOUTH,18
41.49,39.85,2026-07-05,HB_SOUTH,19
54.32,49.32,2026-07-05,HB_SOUTH,20
64.77,33.795,2026-07-05,HB_SOUTH,21
59.75,26.5725,2026-07-05,HB_SOUTH,22
60.21,25.725,2026-07-05,HB_SOUTH,23
40.56,28.26,2026-07-05,HB_SOUTH,24
37.74,31.8525,2026-07-06,HB_SOUTH,1
31.91,30.515,2026-07-06,HB_SOUTH,2
31.18,28.67,2026-07-06,HB_SOUTH,3
32.12,27.6425,2026-07-06,HB_SOUTH,4
32.47,27.7775,2026-07-06,HB_SOUTH,5
35.38,29.0025,2026-07-06,HB_SOUTH,6
40.89,29.7525,2026-07-06,HB_SOUTH,7
30.01,27.0025,2026-07-06,HB_SOUTH,8
23.22,22.1075,2026-07-06,HB_SOUTH,9
23.91,23.875,2026-07-06,HB_SOUTH,10
25.43,23.93,2026-07-06,HB_SOUTH,11
24.59,25.875,2026-07-06,HB_SOUTH,12
30.25,29.8625,2026-07-06,HB_SOUTH,13
32.98,34.665,2026-07-06,HB_SOUTH,14
35.06,32.71,2026-07-06,HB_SOUTH,15
36.03,35.9625,2026-07-06,HB_SOUTH,16
36.79,33.815,2026-07-06,HB_SOUTH,17
37.13,22.5325,2026-07-06,HB_SOUTH,18
44.39,25.385,2026-07-06,HB_SOUTH,19
61.84,41.2825,2026-07-06,HB_SOUTH,20
67.82,43.9775,2026-07-06,HB_SOUTH,21
50.89,45.0525,2026-07-06,HB_SOUTH,22
45.52,50.11,2026-07-06,HB_SOUTH,23
35.36,41.8525,2026-07-06,HB_SOUTH,24
31.66,38.27,2026-07-07,HB_SOUTH,1
28.88,32.77,2026-07-07,HB_SOUTH,2
26.96,31.2925,2026-07-07,HB_SOUTH,3
26.38,30.5875,2026-07-07,HB_SOUTH,4
27.64,29.4925,2026-07-07,HB_SOUTH,5
29.72,39.3375,2026-07-07,HB_SOUTH,6
30.29,40.37,2026-07-07,HB_SOUTH,7
24.26,24.2725,2026-07-07,HB_SOUTH,8
18.18,20.86,2026-07-07,HB_SOUTH,9
18.54,23.5775,2026-07-07,HB_SOUTH,10
19.17,24.4625,2026-07-07,HB_SOUTH,11
22.93,23.9,2026-07-07,HB_SOUTH,12
27.36,29.29,2026-07-07,HB_SOUTH,13
32.52,35.1325,2026-07-07,HB_SOUTH,14
32.4,29.8025,2026-07-07,HB_SOUTH,15
32.54,29.4925,2026-07-07,HB_SOUTH,16
32.2,28.3225,2026-07-07,HB_SOUTH,17
33.37,29.1575,2026-07-07,HB_SOUTH,18
37.12,35.73,2026-07-07,HB_SOUTH,19
47.55,39.0875,2026-07-07,HB_SOUTH,20
52.84,40.22,2026-07-07,HB_SOUTH,21
43.07,39.905,2026-07-07,HB_SOUTH,22
34.43,36.76,2026-07-07,HB_SOUTH,23
29.0,29.5375,2026-07-07,HB_SOUTH,24
28.51,23.73,2026-07-08,HB_SOUTH,1
26.07,22.4275,2026-07-08,HB_SOUTH,2
24.23,22.6825,2026-07-08,HB_SOUTH,3
23.74,21.55,2026-07-08,HB_SOUTH,4
24.15,19.835,2026-07-08,HB_SOUTH,5
24.77,23.56,2026-07-08,HB_SOUTH,6
24.32,24.1875,2026-07-08,HB_SOUTH,7
21.2,18.505,2026-07-08,HB_SOUTH,8
16.41,16.565,2026-07-08,HB_SOUTH,9
16.61,17.515,2026-07-08,HB_SOUTH,10
17.26,15.715,2026-07-08,HB_SOUTH,11
19.12,15.5725,2026-07-08,HB_SOUTH,12
20.27,19.01,2026-07-08,HB_SOUTH,13
23.89,32.6825,2026-07-08,HB_SOUTH,14
23.88,37.165,2026-07-08,HB_SOUTH,15
25.21,33.525,2026-07-08,HB_SOUTH,16
24.57,24.6,2026-07-08,HB_SOUTH,17
24.86,19.3525,2026-07-08,HB_SOUTH,18
28.06,24.1075,2026-07-08,HB_SOUTH,19
42.23,35.735,2026-07-08,HB_SOUTH,20
42.54,42.6975,2026-07-08,HB_SOUTH,21
39.96,55.25,2026-07-08,HB_SOUTH,22
33.97,42.575,2026-07-08,HB_SOUTH,23
26.87,28.64,2026-07-08,HB_SOUTH,24
26.38,24.96,2026-07-09,HB_SOUTH,1
24.56,22.795,2026-07-09,HB_SOUTH,2
23.94,21.9325,2026-07-09,HB_SOUTH,3
23.13,19.0375,2026-07-09,HB_SOUTH,4
22.44,18.8575,2026-07-09,HB_SOUTH,5
24.09,20.7675,2026-07-09,HB_SOUTH,6
23.69,22.5925,2026-07-09,HB_SOUTH,7
20.32,17.6275,2026-07-09,HB_SOUTH,8
17.51,15.4525,2026-07-09,HB_SOUTH,9
16.02,18.2775,2026-07-09,HB_SOUTH,10
15.3,19.27,2026-07-09,HB_SOUTH,11
15.21,20.82,2026-07-09,HB_SOUTH,12
16.16,19.335,2026-07-09,HB_SOUTH,13
20.32,18.27,2026-07-09,HB_SOUTH,14
20.08,13.035,2026-07-09,HB_SOUTH,15
21.2,15.7375,2026-07-09,HB_SOUTH,16
20.72,15.0525,2026-07-09,HB_SOUTH,17
21.05,17.76,2026-07-09,HB_SOUTH,18
26.69,28.925,2026-07-09,HB_SOUTH,19
39.11,40.2725,2026-07-09,HB_SOUTH,20
40.56,44.5675,2026-07-09,HB_SOUTH,21
37.13,51.5925,2026-07-09,HB_SOUTH,22
34.39,41.2275,2026-07-09,HB_SOUTH,23
29.32,28.775,2026-07-09,HB_SOUTH,24
26.13,26.45,2026-07-10,HB_SOUTH,1
24.6,25.725,2026-07-10,HB_SOUTH,2
24.18,23.6775,2026-07-10,HB_SOUTH,3
23.63,22.63,2026-07-10,HB_SOUTH,4
23.64,22.9325,2026-07-10,HB_SOUTH,5
24.95,23.985,2026-07-10,HB_SOUTH,6
25.22,25.13,2026-07-10,HB_SOUTH,7
22.95,20.665,2026-07-10,HB_SOUTH,8
18.51,17.51,2026-07-10,HB_SOUTH,9
18.01,19.345,2026-07-10,HB_SOUTH,10
17.7,21.1975,2026-07-10,HB_SOUTH,11
18.04,20.2925,2026-07-10,HB_SOUTH,12
19.91,21.97,2026-07-10,HB_SOUTH,13
24.45,20.49,2026-07-10,HB_SOUTH,14
25.76,16.7625,2026-07-10,HB_SOUTH,15
25.97,14.625,2026-07-10,HB_SOUTH,16
26.77,15.98,2026-07-10,HB_SOUTH,17
26.4,12.35,2026-07-10,HB_SOUTH,18
28.44,20.8325,2026-07-10,HB_SOUTH,19
37.84,35.6825,2026-07-10,HB_SOUTH,20
41.45,38.4875,2026-07-10,HB_SOUTH,21
39.29,40.8475,2026-07-10,HB_SOUTH,22
36.6,45.77,2026-07-10,HB_SOUTH,23
30.02,34.805,2026-07-10,HB_SOUTH,24
27.34,35.1675,2026-07-11,HB_SOUTH,1
26.72,35.615,2026-07-11,HB_SOUTH,2
26.18,29.81,2026-07-11,HB_SOUTH,3
26.15,27.0925,2026-07-11,HB_SOUTH,4
29.15,29.505,2026-07-11,HB_SOUTH,5
33.28,28.9675,2026-07-11,HB_SOUTH,6
28.42,32.3375,2026-07-11,HB_SOUTH,7
23.45,26.725,2026-07-11,HB_SOUTH,8
18.71,23.35,2026-07-11,HB_SOUTH,9
20.21,23.755,2026-07-11,HB_SOUTH,10
22.46,21.455,2026-07-11,HB_SOUTH,11
24.25,15.97,2026-07-11,HB_SOUTH,12
26.99,18.88,2026-07-11,HB_SOUTH,13
27.3,23.245,2026-07-11,HB_SOUTH,14
29.1,30.2725,2026-07-11,HB_SOUTH,15
28.19,28.0275,2026-07-11,HB_SOUTH,16
28.69,21.03,2026-07-11,HB_SOUTH,17
27.55,18.39,2026-07-11,HB_SOUTH,18
32.79,21.7525,2026-07-11,HB_SOUTH,19
39.77,30.89,2026-07-11,HB_SOUTH,20
41.39,34.6775,2026-07-11,HB_SOUTH,21
43.9,29.4,2026-07-11,HB_SOUTH,22
39.93,27.6775,2026-07-11,HB_SOUTH,23
36.35,28.11,2026-07-11,HB_SOUTH,24
35.31,25.0975,2026-07-12,HB_SOUTH,1
30.33,22.6675,2026-07-12,HB_SOUTH,2
29.83,21.1675,2026-07-12,HB_SOUTH,3
32.73,21.81,2026-07-12,HB_SOUTH,4
32.14,23.5,2026-07-12,HB_SOUTH,5
33.12,24.63,2026-07-12,HB_SOUTH,6
30.01,25.44,2026-07-12,HB_SOUTH,7
23.69,23.1975,2026-07-12,HB_SOUTH,8
19.14,20.47,2026-07-12,HB_SOUTH,9
21.36,21.06,2026-07-12,HB_SOUTH,10
21.53,20.825,2026-07-12,HB_SOUTH,11
21.81,22.74,2026-07-12,HB_SOUTH,12
24.02,23.0225,2026-07-12,HB_SOUTH,13
25.87,22.435,2026-07-12,HB_SOUTH,14
26.84,27.865,2026-07-12,HB_SOUTH,15
28.1,26.6825,2026-07-12,HB_SOUTH,16
28.92,22.395,2026-07-12,HB_SOUTH,17
29.71,23.065,2026-07-12,HB_SOUTH,18
31.86,26.415,2026-07-12,HB_SOUTH,19
37.48,32.56,2026-07-12,HB_SOUTH,20
37.0,37.07,2026-07-12,HB_SOUTH,21
42.22,36.1275,2026-07-12,HB_SOUTH,22
46.27,34.335,2026-07-12,HB_SOUTH,23
43.67,36.355,2026-07-12,HB_SOUTH,24
37.0,30.72,2026-07-13,HB_SOUTH,1
32.89,30.61,2026-07-13,HB_SOUTH,2
32.97,33.5025,2026-07-13,HB_SOUTH,3
35.77,39.5125,2026-07-13,HB_SOUTH,4
35.66,34.0275,2026-07-13,HB_SOUTH,5
40.0,33.3625,2026-07-13,HB_SOUTH,6
40.72,30.385,2026-07-13,HB_SOUTH,7
37.43,31.65,2026-07-13,HB_SOUTH,8
29.76,26.9275,2026-07-13,HB_SOUTH,9
29.87,26.7475,2026-07-13,HB_SOUTH,10
28.12,28.7425,2026-07-13,HB_SOUTH,11
27.43,30.69,2026-07-13,HB_SOUTH,12
27.86,27.08,2026-07-13,HB_SOUTH,13
28.0,26.555,2026-07-13,HB_SOUTH,14
27.92,27.32,2026-07-13,HB_SOUTH,15
30.26,25.63,2026-07-13,HB_SOUTH,16
30.51,22.7675,2026-07-13,HB_SOUTH,17
30.94,23.59,2026-07-13,HB_SOUTH,18
31.13,25.1925,2026-07-13,HB_SOUTH,19
42.92,28.3175,2026-07-13,HB_SOUTH,20
43.02,30.29,2026-07-13,HB_SOUTH,21
42.63,27.9925,2026-07-13,HB_SOUTH,22
39.48,27.445,2026-07-13,HB_SOUTH,23
34.55,27.035,2026-07-13,HB_SOUTH,24
36.05,24.8675,2026-07-14,HB_SOUTH,1
32.56,26.4475,2026-07-14,HB_SOUTH,2
31.15,25.1675,2026-07-14,HB_SOUTH,3
29.98,24.3675,2026-07-14,HB_SOUTH,4
34.29,26.0425,2026-07-14,HB_SOUTH,5
34.46,23.92,2026-07-14,HB_SOUTH,6
33.67,29.65,2026-07-14,HB_SOUTH,7
29.52,29.35,2026-07-14,HB_SOUTH,8
23.71,24.73,2026-07-14,HB_SOUTH,9
22.81,21.825,2026-07-14,HB_SOUTH,10
21.18,20.68,2026-07-14,HB_SOUTH,11
21.32,20.14,2026-07-14,HB_SOUTH,12
21.7,20.5025,2026-07-14,HB_SOUTH,13
20.02,20.315,2026-07-14,HB_SOUTH,14
19.36,20.6025,2026-07-14,HB_SOUTH,15
19.98,20.8075,2026-07-14,HB_SOUTH,16
21.21,18.26,2026-07-14,HB_SOUTH,17
21.4,17.7225,2026-07-14,HB_SOUTH,18
24.23,20.41,2026-07-14,HB_SOUTH,19
26.93,31.9575,2026-07-14,HB_SOUTH,20
33.35,37.61,2026-07-14,HB_SOUTH,21
34.2,40.3025,2026-07-14,HB_SOUTH,22
37.27,48.0375,2026-07-14,HB_SOUTH,23
35.17,45.19,2026-07-14,HB_SOUTH,24
28.02,29.8375,2026-07-15,HB_SOUTH,1
25.8,23.7975,2026-07-15,HB_SOUTH,2
26.4,25.9475,2026-07-15,HB_SOUTH,3
25.89,23.25,2026-07-15,HB_SOUTH,4
27.99,25.05,2026-07-15,HB_SOUTH,5
27.9,27.58,2026-07-15,HB_SOUTH,6
27.06,25.3225,2026-07-15,HB_SOUTH,7
25.95,25.66,2026-07-15,HB_SOUTH,8
22.51,23.845,2026-07-15,HB_SOUTH,9
20.72,24.8275,2026-07-15,HB_SOUTH,10
20.1,26.4025,2026-07-15,HB_SOUTH,11
20.45,26.995,2026-07-15,HB_SOUTH,12
21.0,25.1475,2026-07-15,HB_SOUTH,13
22.58,24.825,2026-07-15,HB_SOUTH,14
22.2,24.2275,2026-07-15,HB_SOUTH,15
22.37,22.715,2026-07-15,HB_SOUTH,16
22.33,20.13,2026-07-15,HB_SOUTH,17
22.19,18.095,2026-07-15,HB_SOUTH,18
23.37,24.7275,2026-07-15,HB_SOUTH,19
28.11,34.2275,2026-07-15,HB_SOUTH,20
31.28,38.115,2026-07-15,HB_SOUTH,21
28.96,38.965,2026-07-15,HB_SOUTH,22
28.18,31.5225,2026-07-15,HB_SOUTH,23
27.46,29.0925,2026-07-15,HB_SOUTH,24
27.48,26.6875,2026-07-16,HB_SOUTH,1
25.35,26.59,2026-07-16,HB_SOUTH,2
24.64,28.2125,2026-07-16,HB_SOUTH,3
26.61,27.065,2026-07-16,HB_SOUTH,4
27.94,31.555,2026-07-16,HB_SOUTH,5
29.34,39.335,2026-07-16,HB_SOUTH,6
29.33,36.64,2026-07-16,HB_SOUTH,7
26.9,32.99,2026-07-16,HB_SOUTH,8
25.08,24.9225,2026-07-16,HB_SOUTH,9
22.12,23.6375,2026-07-16,HB_SOUTH,10
19.48,17.395,2026-07-16,HB_SOUTH,11
16.65,14.7875,2026-07-16,HB_SOUTH,12
15.21,11.15,2026-07-16,HB_SOUTH,13
15.09,9.41,2026-07-16,HB_SOUTH,14
14.82,9.95,2026-07-16,HB_SOUTH,15
15.78,10.9375,2026-07-16,HB_SOUTH,16
15.78,15.915,2026-07-16,HB_SOUTH,17
17.2,26.63,2026-07-16,HB_SOUTH,18
22.03,32.97,2026-07-16,HB_SOUTH,19
33.79,37.4375,2026-07-16,HB_SOUTH,20
36.15,30.8075,2026-07-16,HB_SOUTH,21
34.16,28.1925,2026-07-16,HB_SOUTH,22
32.07,28.445,2026-07-16,HB_SOUTH,23
27.11,27.075,2026-07-16,HB_SOUTH,24
27.03,24.46,2026-07-17,HB_SOUTH,1
24.6,23.4425,2026-07-17,HB_SOUTH,2
23.7,22.7175,2026-07-17,HB_SOUTH,3
23.69,21.6525,2026-07-17,HB_SOUTH,4
24.04,21.3675,2026-07-17,HB_SOUTH,5
24.93,22.03,2026-07-17,HB_SOUTH,6
24.93,21.8675,2026-07-17,HB_SOUTH,7
23.09,21.065,2026-07-17,HB_SOUTH,8
21.52,18.155,2026-07-17,HB_SOUTH,9
18.0,9.8,2026-07-17,HB_SOUTH,10
16.28,8.7025,2026-07-17,HB_SOUTH,11
15.37,4.46,2026-07-17,HB_SOUTH,12
15.44,1.8525,2026-07-17,HB_SOUTH,13
15.52,2.0775,2026-07-17,HB_SOUTH,14
16.36,3.2675,2026-07-17,HB_SOUTH,15
18.08,4.7625,2026-07-17,HB_SOUTH,16
19.12,5.715,2026-07-17,HB_SOUTH,17
19.12,11.9125,2026-07-17,HB_SOUTH,18
24.14,14.9325,2026-07-17,HB_SOUTH,19
34.2,30.8575,2026-07-17,HB_SOUTH,20
36.88,36.6425,2026-07-17,HB_SOUTH,21
37.86,35.725,2026-07-17,HB_SOUTH,22
36.21,56.845,2026-07-17,HB_SOUTH,23
29.48,40.285,2026-07-17,HB_SOUTH,24
28.26,30.73,2026-07-18,HB_SOUTH,1
25.5,24.4525,2026-07-18,HB_SOUTH,2
23.32,22.7475,2026-07-18,HB_SOUTH,3
22.52,22.075,2026-07-18,HB_SOUTH,4
22.22,22.0225,2026-07-18,HB_SOUTH,5
22.93,21.5825,2026-07-18,HB_SOUTH,6
21.95,22.4225,2026-07-18,HB_SOUTH,7
18.93,18.3,2026-07-18,HB_SOUTH,8
16.67,16.0975,2026-07-18,HB_SOUTH,9
14.89,9.87,2026-07-18,HB_SOUTH,10
12.38,5.71,2026-07-18,HB_SOUTH,11
13.27,1.885,2026-07-18,HB_SOUTH,12
14.74,3.355,2026-07-18,HB_SOUTH,13
15.28,5.3225,2026-07-18,HB_SOUTH,14
16.07,5.5275,2026-07-18,HB_SOUTH,15
15.89,7.4525,2026-07-18,HB_SOUTH,16
16.65,10.725,2026-07-18,HB_SOUTH,17
17.67,14.7425,2026-07-18,HB_SOUTH,18
25.0,18.8525,2026-07-18,HB_SOUTH,19
37.12,32.785,2026-07-18,HB_SOUTH,20
39.84,32.6975,2026-07-18,HB_SOUTH,21
36.54,33.025,2026-07-18,HB_SOUTH,22
35.07,34.255,2026-07-18,HB_SOUTH,23
30.91,37.17,2026-07-18,HB_SOUTH,24
32.51,38.21,2026-07-19,HB_SOUTH,1
30.33,41.03,2026-07-19,HB_SOUTH,2
28.9,36.7475,2026-07-19,HB_SOUTH,3
26.27,27.2275,2026-07-19,HB_SOUTH,4
24.95,26.6375,2026-07-19,HB_SOUTH,5
25.48,27.2975,2026-07-19,HB_SOUTH,6
23.66,25.795,2026-07-19,HB_SOUTH,7
21.66,22.015,2026-07-19,HB_SOUTH,8
16.62,20.9975,2026-07-19,HB_SOUTH,9
15.45,15.1125,2026-07-19,HB_SOUTH,10
14.39,14.5825,2026-07-19,HB_SOUTH,11
15.63,13.6925,2026-07-19,HB_SOUTH,12
15.27,12.99,2026-07-19,HB_SOUTH,13
16.61,15.3425,2026-07-19,HB_SOUTH,14
16.94,15.52,2026-07-19,HB_SOUTH,15
17.15,16.03,2026-07-19,HB_SOUTH,16
18.21,16.98,2026-07-19,HB_SOUTH,17
19.18,20.005,2026-07-19,HB_SOUTH,18
26.86,35.4375,2026-07-19,HB_SOUTH,19
40.85,54.93,2026-07-19,HB_SOUTH,20
43.27,57.2775,2026-07-19,HB_SOUTH,21
40.61,45.71,2026-07-19,HB_SOUTH,22
45.92,36.5225,2026-07-19,HB_SOUTH,23
36.23,33.0125,2026-07-19,HB_SOUTH,24
31.32,28.1775,2026-07-20,HB_SOUTH,1
28.68,24.6525,2026-07-20,HB_SOUTH,2
26.3,24.38,2026-07-20,HB_SOUTH,3
25.85,24.375,2026-07-20,HB_SOUTH,4
25.76,23.6625,2026-07-20,HB_SOUTH,5
27.11,24.0975,2026-07-20,HB_SOUTH,6
27.07,24.9325,2026-07-20,HB_SOUTH,7
23.27,22.63,2026-07-20,HB_SOUTH,8
17.0,18.0325,2026-07-20,HB_SOUTH,9
15.39,14.73,2026-07-20,HB_SOUTH,10
15.16,14.71,2026-07-20,HB_SOUTH,11
15.72,16.4575,2026-07-20,HB_SOUTH,12
17.0,17.7625,2026-07-20,HB_SOUTH,13
20.58,20.0725,2026-07-20,HB_SOUTH,14
22.87,16.5075,2026-07-20,HB_SOUTH,15
23.1,16.2425,2026-07-20,HB_SOUTH,16
22.22,18.8025,2026-07-20,HB_SOUTH,17
25.37,17.6075,2026-07-20,HB_SOUTH,18
32.71,29.9675,2026-07-20,HB_SOUTH,19
66.94,46.95,2026-07-20,HB_SOUTH,20
63.72,45.9325,2026-07-20,HB_SOUTH,21
55.77,42.75,2026-07-20,HB_SOUTH,22
39.95,33.515,2026-07-20,HB_SOUTH,23
33.99,28.2125,2026-07-20,HB_SOUTH,24
28.4,23.815,2026-07-21,HB_SOUTH,1
25.43,22.5075,2026-07-21,HB_SOUTH,2
23.73,22.65,2026-07-21,HB_SOUTH,3
23.88,23.9275,2026-07-21,HB_SOUTH,4
24.48,23.815,2026-07-21,HB_SOUTH,5
26.1,26.165,2026-07-21,HB_SOUTH,6
34.26,28.2025,2026-07-21,HB_SOUTH,7
28.28,24.9725,2026-07-21,HB_SOUTH,8
19.17,20.7375,2026-07-21,HB_SOUTH,9
18.17,20.72,2026-07-21,HB_SOUTH,10
18.27,16.885,2026-07-21,HB_SOUTH,11
21.52,18.0525,2026-07-21,HB_SOUTH,12
25.31,23.555,2026-07-21,HB_SOUTH,13
26.05,30.655,2026-07-21,HB_SOUTH,14
28.37,26.725,2026-07-21,HB_SOUTH,15
28.13,26.0,2026-07-21,HB_SOUTH,16
28.4,24.865,2026-07-21,HB_SOUTH,17
30.5,26.9025,2026-07-21,HB_SOUTH,18
53.68,50.4375,2026-07-21,HB_SOUTH,19
188.81,97.7,2026-07-21,HB_SOUTH,20
161.15,98.7075,2026-07-21,HB_SOUTH,21
147.42,63.295,2026-07-21,HB_SOUTH,22
69.71,99.2225,2026-07-21,HB_SOUTH,23
40.29,52.3775,2026-07-21,HB_SOUTH,24
42.95,37.535,2026-07-22,HB_SOUTH,1
35.41,34.26,2026-07-22,HB_SOUTH,2
33.13,34.68,2026-07-22,HB_SOUTH,3
33.53,32.2475,2026-07-22,HB_SOUTH,4
31.33,34.7375,2026-07-22,HB_SOUTH,5
33.19,39.51,2026-07-22,HB_SOUTH,6
37.95,39.595,2026-07-22,HB_SOUTH,7
31.97,35.5025,2026-07-22,HB_SOUTH,8
22.65,25.2575,2026-07-22,HB_SOUTH,9
21.11,26.3175,2026-07-22,HB_SOUTH,10
23.23,25.9825,2026-07-22,HB_SOUTH,11
26.94,26.45,2026-07-22,HB_SOUTH,12
28.64,41.925,2026-07-22,HB_SOUTH,13
36.64,56.975,2026-07-22,HB_SOUTH,14
41.09,63.595,2026-07-22,HB_SOUTH,15
43.96,66.2975,2026-07-22,HB_SOUTH,16
47.73,66.6625,2026-07-22,HB_SOUTH,17
49.88,70.8375,2026-07-22,HB_SOUTH,18
94.42,131.83,2026-07-22,HB_SOUTH,19
192.59,132.63,2026-07-22,HB_SOUTH,20
201.67,148.2725,2026-07-22,HB_SOUTH,21
151.7,207.9225,2026-07-22,HB_SOUTH,22
99.85,198.55,2026-07-22,HB_SOUTH,23
55.73,67.385,2026-07-22,HB_SOUTH,24
54.72,60.325,2026-07-23,HB_SOUTH,1
45.8,56.9225,2026-07-23,HB_SOUTH,2
39.8,44.575,2026-07-23,HB_SOUTH,3
38.84,41.8525,2026-07-23,HB_SOUTH,4
39.42,44.495,2026-07-23,HB_SOUTH,5
43.34,46.2425,2026-07-23,HB_SOUTH,6
45.69,53.125,2026-07-23,HB_SOUTH,7
34.56,40.3825,2026-07-23,HB_SOUTH,8
24.04,26.9175,2026-07-23,HB_SOUTH,9
21.76,31.8,2026-07-23,HB_SOUTH,10
20.62,33.935,2026-07-23,HB_SOUTH,11
22.47,39.8425,2026-07-23,HB_SOUTH,12
28.05,44.23,2026-07-23,HB_SOUTH,13
33.08,63.5375,2026-07-23,HB_SOUTH,14
34.2,73.9125,2026-07-23,HB_SOUTH,15
36.44,76.9025,2026-07-23,HB_SOUTH,16
35.57,73.4225,2026-07-23,HB_SOUTH,17
33.4,64.6825,2026-07-23,HB_SOUTH,18
38.6,53.5225,2026-07-23,HB_SOUTH,19
50.17,45.87,2026-07-23,HB_SOUTH,20
52.3,44.5075,2026-07-23,HB_SOUTH,21
47.29,39.2725,2026-07-23,HB_SOUTH,22
41.14,34.6,2026-07-23,HB_SOUTH,23
36.52,34.3475,2026-07-23,HB_SOUTH,24
36.25,34.1825,2026-07-24,HB_SOUTH,1
33.2,30.9325,2026-07-24,HB_SOUTH,2
31.62,25.0975,2026-07-24,HB_SOUTH,3
30.58,24.22,2026-07-24,HB_SOUTH,4
31.92,24.385,2026-07-24,HB_SOUTH,5
34.04,30.02,2026-07-24,HB_SOUTH,6
37.02,30.6025,2026-07-24,HB_SOUTH,7
33.64,29.2925,2026-07-24,HB_SOUTH,8
24.33,22.66,2026-07-24,HB_SOUTH,9
18.97,14.2975,2026-07-24,HB_SOUTH,10
15.97,10.1975,2026-07-24,HB_SOUTH,11
15.6,9.7025,2026-07-24,HB_SOUTH,12
18.31,9.3225,2026-07-24,HB_SOUTH,13
21.79,12.045,2026-07-24,HB_SOUTH,14
23.51,13.4325,2026-07-24,HB_SOUTH,15
24.87,14.39,2026-07-24,HB_SOUTH,16
23.08,13.6225,2026-07-24,HB_SOUTH,17
23.08,15.8775,2026-07-24,HB_SOUTH,18
28.53,18.0825,2026-07-24,HB_SOUTH,19
39.42,32.7925,2026-07-24,HB_SOUTH,20
42.23,32.405,2026-07-24,HB_SOUTH,21
42.28,31.175,2026-07-24,HB_SOUTH,22
36.54,30.555,2026-07-24,HB_SOUTH,23
29.87,27.5625,2026-07-24,HB_SOUTH,24
27.48,25.445,2026-07-25,HB_SOUTH,1
24.87,24.315,2026-07-25,HB_SOUTH,2
23.77,23.5,2026-07-25,HB_SOUTH,3
23.91,23.1975,2026-07-25,HB_SOUTH,4
23.0,23.1375,2026-07-25,HB_SOUTH,5
23.18,23.29,2026-07-25,HB_SOUTH,6
22.37,22.7025,2026-07-25,HB_SOUTH,7
20.89,19.5725,2026-07-25,HB_SOUTH,8
17.72,15.07,2026-07-25,HB_SOUTH,9
16.79,13.795,2026-07-25,HB_SOUTH,10
17.55,11.9,2026-07-25,HB_SOUTH,11
19.68,10.6075,2026-07-25,HB_SOUTH,12
21.5,12.775,2026-07-25,HB_SOUTH,13
24.53,12.71,2026-07-25,HB_SOUTH,14
24.62,14.0075,2026-07-25,HB_SOUTH,15
25.48,15.625,2026-07-25,HB_SOUTH,16
25.91,19.05,2026-07-25,HB_SOUTH,17
27.24,21.7,2026-07-25,HB_SOUTH,18
33.33,29.2825,2026-07-25,HB_SOUTH,19
44.1,39.05,2026-07-25,HB_SOUTH,20
46.22,39.6325,2026-07-25,HB_SOUTH,21
41.07,42.295,2026-07-25,HB_SOUTH,22
34.67,32.995,2026-07-25,HB_SOUTH,23
30.1,25.3175,2026-07-25,HB_SOUTH,24
25.57,22.7075,2026-07-26,HB_SOUTH,1
24.07,21.6475,2026-07-26,HB_SOUTH,2
23.04,21.0925,2026-07-26,HB_SOUTH,3
22.56,21.4725,2026-07-26,HB_SOUTH,4
22.01,21.0875,2026-07-26,HB_SOUTH,5
21.73,20.9325,2026-07-26,HB_SOUTH,6
20.89,21.0,2026-07-26,HB_SOUTH,7
19.03,18.9925,2026-07-26,HB_SOUTH,8
15.82,12.445,2026-07-26,HB_SOUTH,9
15.96,12.205,2026-07-26,HB_SOUTH,10
17.03,14.0275,2026-07-26,HB_SOUTH,11
19.11,16.675,2026-07-26,HB_SOUTH,12
22.6,18.1025,2026-07-26,HB_SOUTH,13
25.19,17.87,2026-07-26,HB_SOUTH,14
25.13,17.7625,2026-07-26,HB_SOUTH,15
25.18,17.3925,2026-07-26,HB_SOUTH,16
25.09,18.88,2026-07-26,HB_SOUTH,17
25.74,17.7725,2026-07-26,HB_SOUTH,18
32.64,18.415,2026-07-26,HB_SOUTH,19
42.56,36.825,2026-07-26,HB_SOUTH,20
44.8,38.045,2026-07-26,HB_SOUTH,21
39.57,33.5425,2026-07-26,HB_SOUTH,22
34.82,27.835,2026-07-26,HB_SOUTH,23
29.14,23.48,2026-07-26,HB_SOUTH,24
24.43,20.05,2026-07-27,HB_SOUTH,1
23.1,18.6775,2026-07-27,HB_SOUTH,2
22.12,18.08,2026-07-27,HB_SOUTH,3
21.93,18.115,2026-07-27,HB_SOUTH,4
22.04,18.365,2026-07-27,HB_SOUTH,5
22.57,21.1025,2026-07-27,HB_SOUTH,6
23.05,23.0125,2026-07-27,HB_SOUTH,7
20.47,20.3275,2026-07-27,HB_SOUTH,8
16.57,14.0825,2026-07-27,HB_SOUTH,9
12.81,6.9425,2026-07-27,HB_SOUTH,10
14.62,7.09,2026-07-27,HB_SOUTH,11
15.88,11.305,2026-07-27,HB_SOUTH,12
20.74,13.6,2026-07-27,HB_SOUTH,13
24.96,17.605,2026-07-27,HB_SOUTH,14
24.25,16.0025,2026-07-27,HB_SOUTH,15
25.71,16.9825,2026-07-27,HB_SOUTH,16
26.03,14.2075,2026-07-27,HB_SOUTH,17
24.72,14.5475,2026-07-27,HB_SOUTH,18
31.6,16.655,2026-07-27,HB_SOUTH,19
50.26,34.7775,2026-07-27,HB_SOUTH,20
55.45,33.795,2026-07-27,HB_SOUTH,21
47.1,31.7225,2026-07-27,HB_SOUTH,22
38.1,26.5225,2026-07-27,HB_SOUTH,23
30.37,25.23,2026-07-27,HB_SOUTH,24
24.9,23.675,2026-07-28,HB_SOUTH,1
23.69,22.6025,2026-07-28,HB_SOUTH,2
23.18,21.4,2026-07-28,HB_SOUTH,3
22.49,20.5425,2026-07-28,HB_SOUTH,4
23.54,20.7425,2026-07-28,HB_SOUTH,5
24.04,23.7375,2026-07-28,HB_SOUTH,6
24.02,26.255,2026-07-28,HB_SOUTH,7
22.59,24.2525,2026-07-28,HB_SOUTH,8
15.82,15.6325,2026-07-28,HB_SOUTH,9
12.24,13.4125,2026-07-28,HB_SOUTH,10
11.98,12.8625,2026-07-28,HB_SOUTH,11
14.15,10.9025,2026-07-28,HB_SOUTH,12
15.56,9.2825,2026-07-28,HB_SOUTH,13
19.38,12.81,2026-07-28,HB_SOUTH,14
20.15,12.94,2026-07-28,HB_SOUTH,15
22.11,13.3325,2026-07-28,HB_SOUTH,16
23.22,14.08,2026-07-28,HB_SOUTH,17
22.62,20.0525,2026-07-28,HB_SOUTH,18
27.25,32.375,2026-07-28,HB_SOUTH,19
49.99,45.8175,2026-07-28,HB_SOUTH,20
57.74,46.89,2026-07-28,HB_SOUTH,21
51.5,41.3075,2026-07-28,HB_SOUTH,22
42.46,33.895,2026-07-28,HB_SOUTH,23
31.2,30.1525,2026-07-28,HB_SOUTH,24
26.93,26.255,2026-07-29,HB_SOUTH,1
24.91,24.635,2026-07-29,HB_SOUTH,2
24.04,23.985,2026-07-29,HB_SOUTH,3
23.9,23.375,2026-07-29,HB_SOUTH,4
24.95,25.6325,2026-07-29,HB_SOUTH,5
27.37,32.8675,2026-07-29,HB_SOUTH,6
29.66,35.6225,2026-07-29,HB_SOUTH,7
26.61,31.0725,2026-07-29,HB_SOUTH,8
19.27,19.1575,2026-07-29,HB_SOUTH,9
16.03,14.64,2026-07-29,HB_SOUTH,10
15.05,12.725,2026-07-29,HB_SOUTH,11
15.18,10.25,2026-07-29,HB_SOUTH,12
17.42,10.43,2026-07-29,HB_SOUTH,13
17.87,12.2325,2026-07-29,HB_SOUTH,14
19.99,16.0375,2026-07-29,HB_SOUTH,15
21.68,15.67,2026-07-29,HB_SOUTH,16
21.9,19.0675,2026-07-29,HB_SOUTH,17
23.71,21.0225,2026-07-29,HB_SOUTH,18
33.53,31.1,2026-07-29,HB_SOUTH,19
55.12,44.225,2026-07-29,HB_SOUTH,20
62.76,44.0375,2026-07-29,HB_SOUTH,21
59.91,37.805,2026-07-29,HB_SOUTH,22
44.47,34.0025,2026-07-29,HB_SOUTH,23
33.06,29.075,2026-07-29,HB_SOUTH,24
29.2,26.2175,2026-07-30,HB_SOUTH,1
25.72,25.0825,2026-07-30,HB_SOUTH,2
25.01,24.58,2026-07-30,HB_SOUTH,3
24.56,25.1475,2026-07-30,HB_SOUTH,4
24.73,26.235,2026-07-30,HB_SOUTH,5
26.58,30.095,2026-07-30,HB_SOUTH,6
31.35,30.4375,2026-07-30,HB_SOUTH,7
26.94,26.4,2026-07-30,HB_SOUTH,8
19.02,17.945,2026-07-30,HB_SOUTH,9
11.55,12.37,2026-07-30,HB_SOUTH,10
11.96,7.9925,2026-07-30,HB_SOUTH,11
13.56,7.43,2026-07-30,HB_SOUTH,12
14.88,11.3825,2026-07-30,HB_SOUTH,13
16.5,13.245,2026-07-30,HB_SOUTH,14
18.59,13.8875,2026-07-30,HB_SOUTH,15
21.24,13.1325,2026-07-30,HB_SOUTH,16
23.43,12.615,2026-07-30,HB_SOUTH,17
22.43,11.6675,2026-07-30,HB_SOUTH,18
31.63,19.24,2026-07-30,HB_SOUTH,19
56.33,43.0775,2026-07-30,HB_SOUTH,20
57.77,39.6075,2026-07-30,HB_SOUTH,21
59.89,32.8225,2026-07-30,HB_SOUTH,22
42.28,27.2425,2026-07-30,HB_SOUTH,23
30.73,25.2,2026-07-30,HB_SOUTH,24
27.22,24.3975,2026-07-31,HB_SOUTH,1
24.57,22.88,2026-07-31,HB_SOUTH,2
22.95,22.4475,2026-07-31,HB_SOUTH,3
23.44,22.075,2026-07-31,HB_SOUTH,4
22.94,21.56,2026-07-31,HB_SOUTH,5
24.2,22.03,2026-07-31,HB_SOUTH,6
25.0,22.755,2026-07-31,HB_SOUTH,7
22.48,20.1025,2026-07-31,HB_SOUTH,8
16.82,14.305,2026-07-31,HB_SOUTH,9
10.99,10.5125,2026-07-31,HB_SOUTH,10
10.55,10.13,2026-07-31,HB_SOUTH,11
12.63,8.4875,2026-07-31,HB_SOUTH,12
15.64,9.82,2026-07-31,HB_SOUTH,13
18.47,14.4175,2026-07-31,HB_SOUTH,14
20.9,19.0475,2026-07-31,HB_SOUTH,15
23.68,18.1375,2026-07-31,HB_SOUTH,16
23.29,22.3875,2026-07-31,HB_SOUTH,17
20.6,21.5575,2026-07-31,HB_SOUTH,18
35.94,29.495,2026-07-31,HB_SOUTH,19
73.85,53.815,2026-07-31,HB_SOUTH,20
76.62,55.9425,2026-07-31,HB_SOUTH,21
86.44,39.575,2026-07-31,HB_SOUTH,22
75.1,37.74,2026-07-31,HB_SOUTH,23
46.11,32.4825,2026-07-31,HB_SOUTH,24
34.8,31.575,2026-08-01,HB_SOUTH,1
33.0,26.7825,2026-08-01,HB_SOUTH,2
30.33,26.17,2026-08-01,HB_SOUTH,3
30.5,27.565,2026-08-01,HB_SOUTH,4
30.87,31.915,2026-08-01,HB_SOUTH,5
30.3,31.62,2026-08-01,HB_SOUTH,6
30.49,34.365,2026-08-01,HB_SOUTH,7
27.92,33.24,2026-08-01,HB_SOUTH,8
21.76,22.98,2026-08-01,HB_SOUTH,9
20.31,24.265,2026-08-01,HB_SOUTH,10
19.57,23.39,2026-08-01,HB_SOUTH,11
20.28,23.86,2026-08-01,HB_SOUTH,12
26.81,20.99,2026-08-01,HB_SOUTH,13
30.67,19.7975,2026-08-01,HB_SOUTH,14
34.84,23.5225,2026-08-01,HB_SOUTH,15
38.63,25.05,2026-08-01,HB_SOUTH,16
40.54,25.33,2026-08-01,HB_SOUTH,17
41.46,25.78,2026-08-01,HB_SOUTH,18
50.71,35.59,2026-08-01,HB_SOUTH,19
73.05,46.93,2026-08-01,HB_SOUTH,20
62.49,54.5125,2026-08-01,HB_SOUTH,21
67.71,42.32,2026-08-01,HB_SOUTH,22
76.42,39.8375,2026-08-01,HB_SOUTH,23
51.2,40.3275,2026-08-01,HB_SOUTH,24
44.05,41.0625,2026-08-02,HB_SOUTH,1
41.6,39.0525,2026-08-02,HB_SOUTH,2
38.07,37.4725,2026-08-02,HB_SOUTH,3
35.92,36.0375,2026-08-02,HB_SOUTH,4
34.95,37.1825,2026-08-02,HB_SOUTH,5
34.27,37.84,2026-08-02,HB_SOUTH,6
35.05,32.1125,2026-08-02,HB_SOUTH,7
28.7,31.3725,2026-08-02,HB_SOUTH,8
18.59,21.3,2026-08-02,HB_SOUTH,9
18.31,23.265,2026-08-02,HB_SOUTH,10
19.82,23.9575,2026-08-02,HB_SOUTH,11
22.95,22.285,2026-08-02,HB_SOUTH,12
27.08,21.2475,2026-08-02,HB_SOUTH,13
36.28,25.56,2026-08-02,HB_SOUTH,14
42.65,29.11,2026-08-02,HB_SOUTH,15
47.11,27.355,2026-08-02,HB_SOUTH,16
52.13,27.835,2026-08-02,HB_SOUTH,17
51.85,30.75,2026-08-02,HB_SOUTH,18
61.73,41.395,2026-08-02,HB_SOUTH,19
83.82,48.895,2026-08-02,HB_SOUTH,20
82.44,39.515,2026-08-02,HB_SOUTH,21
62.35,35.5725,2026-08-02,HB_SOUTH,22
42.38,29.3825,2026-08-02,HB_SOUTH,23
32.6,24.815,2026-08-02,HB_SOUTH,24
25.98,22.3,2026-08-03,HB_SOUTH,1
22.8,20.85,2026-08-03,HB_SOUTH,2
21.72,22.2325,2026-08-03,HB_SOUTH,3
21.01,21.8,2026-08-03,HB_SOUTH,4
21.0,23.4175,2026-08-03,HB_SOUTH,5
24.22,25.5625,2026-08-03,HB_SOUTH,6
22.37,26.0725,2026-08-03,HB_SOUTH,7
19.8,20.9975,2026-08-03,HB_SOUTH,8
15.65,16.4275,2026-08-03,HB_SOUTH,9
15.75,17.025,2026-08-03,HB_SOUTH,10
16.81,15.7375,2026-08-03,HB_SOUTH,11
19.52,16.18,2026-08-03,HB_SOUTH,12
23.86,20.6175,2026-08-03,HB_SOUTH,13
27.3,25.445,2026-08-03,HB_SOUTH,14
27.74,21.2475,2026-08-03,HB_SOUTH,15
27.83,16.21,2026-08-03,HB_SOUTH,16
26.24,14.2675,2026-08-03,HB_SOUTH,17
23.33,13.4175,2026-08-03,HB_SOUTH,18
30.44,18.715,2026-08-03,HB_SOUTH,19
47.16,32.78,2026-08-03,HB_SOUTH,20
47.4,32.61,2026-08-03,HB_SOUTH,21
37.06,27.9925,2026-08-03,HB_SOUTH,22
32.14,23.235,2026-08-03,HB_SOUTH,23
26.56,22.3275,2026-08-03,HB_SOUTH,24
21.23,21.455,2026-08-04,HB_SOUTH,1
20.1,19.105,2026-08-04,HB_SOUTH,2
19.79,17.8725,2026-08-04,HB_SOUTH,3
18.83,17.9075,2026-08-04,HB_SOUTH,4
18.91,18.7225,2026-08-04,HB_SOUTH,5
20.47,19.645,2026-08-04,HB_SOUTH,6
20.5,20.18,2026-08-04,HB_SOUTH,7
19.25,19.9,2026-08-04,HB_SOUTH,8
15.06,12.8175,2026-08-04,HB_SOUTH,9
11.98,8.4475,2026-08-04,HB_SOUTH,10
12.04,5.545,2026-08-04,HB_SOUTH,11
13.9,5.4875,2026-08-04,HB_SOUTH,12
14.53,7.215,2026-08-04,HB_SOUTH,13
15.94,9.3,2026-08-04,HB_SOUTH,14
16.37,10.0375,2026-08-04,HB_SOUTH,15
16.73,9.2075,2026-08-04,HB_SOUTH,16
16.83,12.53,2026-08-04,HB_SOUTH,17
18.73,12.225,2026-08-04,HB_SOUTH,18
25.2,20.7675,2026-08-04,HB_SOUTH,19
40.64,36.9025,2026-08-04,HB_SOUTH,20
43.43,45.21,2026-08-04,HB_SOUTH,21
47.1,53.415,2026-08-04,HB_SOUTH,22
36.65,40.2025,2026-08-04,HB_SOUTH,23
29.92,27.77,2026-08-04,HB_SOUTH,24
24.43,27.1625,2026-08-05,HB_SOUTH,1
22.69,26.0275,2026-08-05,HB_SOUTH,2
21.85,26.995,2026-08-05,HB_SOUTH,3
21.7,25.5475,2026-08-05,HB_SOUTH,4
21.39,24.64,2026-08-05,HB_SOUTH,5
23.23,27.57,2026-08-05,HB_SOUTH,6
22.79,31.2975,2026-08-05,HB_SOUTH,7
21.66,27.1625,2026-08-05,HB_SOUTH,8
15.78,20.7025,2026-08-05,HB_SOUTH,9
12.09,15.495,2026-08-05,HB_SOUTH,10
12.28,14.835,2026-08-05,HB_SOUTH,11
13.55,14.025,2026-08-05,HB_SOUTH,12
13.61,12.59,2026-08-05,HB_SOUTH,13
15.96,12.7125,2026-08-05,HB_SOUTH,14
16.17,13.5125,2026-08-05,HB_SOUTH,15
16.67,13.8325,2026-08-05,HB_SOUTH,16
16.68,13.855,2026-08-05,HB_SOUTH,17
18.78,14.22,2026-08-05,HB_SOUTH,18
26.85,26.16,2026-08-05,HB_SOUTH,19
39.59,43.1175,2026-08-05,HB_SOUTH,20
40.36,56.55,2026-08-05,HB_SOUTH,21
38.88,62.005,2026-08-05,HB_SOUTH,22
35.37,39.36,2026-08-05,HB_SOUTH,23
28.77,29.655,2026-08-05,HB_SOUTH,24
22.69,28.65,2026-08-06,HB_SOUTH,1
21.28,24.7375,2026-08-06,HB_SOUTH,2
20.4,24.2025,2026-08-06,HB_SOUTH,3
20.7,24.63,2026-08-06,HB_SOUTH,4
21.03,25.43,2026-08-06,HB_SOUTH,5
22.99,27.1125,2026-08-06,HB_SOUTH,6
24.87,27.4775,2026-08-06,HB_SOUTH,7
23.45,26.2125,2026-08-06,HB_SOUTH,8
17.74,19.63,2026-08-06,HB_SOUTH,9
13.56,15.3625,2026-08-06,HB_SOUTH,10
13.8,14.0675,2026-08-06,HB_SOUTH,11
15.56,11.16,2026-08-06,HB_SOUTH,12
18.16,14.43,2026-08-06,HB_SOUTH,13
20.83,20.2075,2026-08-06,HB_SOUTH,14
20.94,24.175,2026-08-06,HB_SOUTH,15
22.1,28.4225,2026-08-06,HB_SOUTH,16
20.98,29.2325,2026-08-06,HB_SOUTH,17
19.82,31.0525,2026-08-06,HB_SOUTH,18
27.98,34.335,2026-08-06,HB_SOUTH,19
38.82,48.125,2026-08-06,HB_SOUTH,20
40.3,50.345,2026-08-06,HB_SOUTH,21
39.63,68.7125,2026-08-06,HB_SOUTH,22
32.74,44.575,2026-08-06,HB_SOUTH,23
26.87,30.5275,2026-08-06,HB_SOUTH,24
27.18,23.68,2026-08-07,HB_SOUTH,1
24.11,24.0,2026-08-07,HB_SOUTH,2
23.58,25.945,2026-08-07,HB_SOUTH,3
22.14,22.8425,2026-08-07,HB_SOUTH,4
21.99,23.7,2026-08-07,HB_SOUTH,5
23.84,30.575,2026-08-07,HB_SOUTH,6
26.5,27.215,2026-08-07,HB_SOUTH,7
23.86,21.71,2026-08-07,HB_SOUTH,8
19.22,17.705,2026-08-07,HB_SOUTH,9
16.7,16.2025,2026-08-07,HB_SOUTH,10
17.47,16.715,2026-08-07,HB_SOUTH,11
19.13,18.365,2026-08-07,HB_SOUTH,12
21.98,18.4375,2026-08-07,HB_SOUTH,13
24.04,28.8975,2026-08-07,HB_SOUTH,14
24.91,37.4625,2026-08-07,HB_SOUTH,15
24.86,35.895,2026-08-07,HB_SOUTH,16
24.03,34.8875,2026-08-07,HB_SOUTH,17
25.02,39.465,2026-08-07,HB_SOUTH,18
33.01,55.055,2026-08-07,HB_SOUTH,19
43.02,59.3775,2026-08-07,HB_SOUTH,20
42.91,52.405,2026-08-07,HB_SOUTH,21
42.98,38.04,2026-08-07,HB_SOUTH,22
38.15,34.9075,2026-08-07,HB_SOUTH,23
31.09,29.6575,2026-08-07,HB_SOUTH,24
28.43,34.7975,2026-08-08,HB_SOUTH,1
26.22,30.7575,2026-08-08,HB_SOUTH,2
26.1,27.11,2026-08-08,HB_SOUTH,3
25.0,24.745,2026-08-08,HB_SOUTH,4
24.9,25.9875,2026-08-08,HB_SOUTH,5
25.72,31.0675,2026-08-08,HB_SOUTH,6
24.57,28.0525,2026-08-08,HB_SOUTH,7
24.31,26.905,2026-08-08,HB_SOUTH,8
18.89,21.0125,2026-08-08,HB_SOUTH,9
18.39,21.7425,2026-08-08,HB_SOUTH,10
18.99,23.9925,2026-08-08,HB_SOUTH,11
22.95,24.3275,2026-08-08,HB_SOUTH,12
24.4,33.615,2026-08-08,HB_SOUTH,13
25.95,30.0125,2026-08-08,HB_SOUTH,14
27.21,34.9925,2026-08-08,HB_SOUTH,15
29.99,41.7325,2026-08-08,HB_SOUTH,16
28.68,40.815,2026-08-08,HB_SOUTH,17
26.87,41.295,2026-08-08,HB_SOUTH,18
34.3,42.0575,2026-08-08,HB_SOUTH,19
40.89,47.0075,2026-08-08,HB_SOUTH,20
41.68,45.095,2026-08-08,HB_SOUTH,21
38.65,48.52,2026-08-08,HB_SOUTH,22
34.85,37.16,2026-08-08,HB_SOUTH,23
28.78,31.2375,2026-08-08,HB_SOUTH,24
30.97,31.0475,2026-08-09,HB_SOUTH,1
28.0,26.0575,2026-08-09,HB_SOUTH,2
25.3,25.005,2026-08-09,HB_SOUTH,3
24.21,23.8375,2026-08-09,HB_SOUTH,4
24.09,25.9225,2026-08-09,HB_SOUTH,5
24.45,25.8525,2026-08-09,HB_SOUTH,6
23.16,25.965,2026-08-09,HB_SOUTH,7
20.85,23.945,2026-08-09,HB_SOUTH,8
16.15,17.725,2026-08-09,HB_SOUTH,9
16.97,18.36,2026-08-09,HB_SOUTH,10
18.48,18.49,2026-08-09,HB_SOUTH,11
20.24,20.25,2026-08-09,HB_SOUTH,12
26.19,23.925,2026-08-09,HB_SOUTH,13
24.45,31.9125,2026-08-09,HB_SOUTH,14
27.03,36.65,2026-08-09,HB_SOUTH,15
28.35,36.3425,2026-08-09,HB_SOUTH,16
28.28,34.6775,2026-08-09,HB_SOUTH,17
27.95,30.275,2026-08-09,HB_SOUTH,18
32.52,35.185,2026-08-09,HB_SOUTH,19
43.88,46.7675,2026-08-09,HB_SOUTH,20
46.17,51.0975,2026-08-09,HB_SOUTH,21
44.52,56.1725,2026-08-09,HB_SOUTH,22
36.26,43.5,2026-08-09,HB_SOUTH,23
29.59,31.4875,2026-08-09,HB_SOUTH,24
25.3,27.8625,2026-08-10,HB_SOUTH,1
23.7,23.6025,2026-08-10,HB_SOUTH,2
22.31,23.0225,2026-08-10,HB_SOUTH,3
21.92,21.8025,2026-08-10,HB_SOUTH,4
22.29,21.5775,2026-08-10,HB_SOUTH,5
24.0,22.5975,2026-08-10,HB_SOUTH,6
24.06,23.4875,2026-08-10,HB_SOUTH,7
22.43,21.295,2026-08-10,HB_SOUTH,8
18.61,17.43,2026-08-10,HB_SOUTH,9
17.72,18.6475,2026-08-10,HB_SOUTH,10
17.96,20.14,2026-08-10,HB_SOUTH,11
19.29,22.145,2026-08-10,HB_SOUTH,12
20.98,23.6975,2026-08-10,HB_SOUTH,13
22.83,25.1575,2026-08-10,HB_SOUTH,14
23.49,26.78,2026-08-10,HB_SOUTH,15
22.55,24.47,2026-08-10,HB_SOUTH,16
21.31,22.1025,2026-08-10,HB_SOUTH,17
23.52,17.8875,2026-08-10,HB_SOUTH,18
31.89,21.5475,2026-08-10,HB_SOUTH,19
39.4,26.8425,2026-08-10,HB_SOUTH,20
40.69,26.355,2026-08-10,HB_SOUTH,21
39.49,25.2675,2026-08-10,HB_SOUTH,22
34.71,23.64,2026-08-10,HB_SOUTH,23
27.85,22.3575,2026-08-10,HB_SOUTH,24
23.89,21.2575,2026-08-11,HB_SOUTH,1
22.3,19.665,2026-08-11,HB_SOUTH,2
21.6,17.885,2026-08-11,HB_SOUTH,3
21.51,17.7925,2026-08-11,HB_SOUTH,4
21.55,17.535,2026-08-11,HB_SOUTH,5
22.51,19.11,2026-08-11,HB_SOUTH,6
22.58,20.86,2026-08-11,HB_SOUTH,7
21.83,20.025,2026-08-11,HB_SOUTH,8
16.33,15.385,2026-08-11,HB_SOUTH,9
13.24,14.4925,2026-08-11,HB_SOUTH,10
12.47,17.51,2026-08-11,HB_SOUTH,11
13.39,15.3225,2026-08-11,HB_SOUTH,12
15.31,8.04,2026-08-11,HB_SOUTH,13
16.57,10.765,2026-08-11,HB_SOUTH,14
16.04,13.1625,2026-08-11,HB_SOUTH,15
17.24,13.04,2026-08-11,HB_SOUTH,16
17.81,13.8325,2026-08-11,HB_SOUTH,17
18.25,14.3375,2026-08-11,HB_SOUTH,18
25.54,23.81,2026-08-11,HB_SOUTH,19
36.33,42.5025,2026-08-11,HB_SOUTH,20
40.07,43.05,2026-08-11,HB_SOUTH,21
36.65,61.85,2026-08-11,HB_SOUTH,22
32.76,35.2875,2026-08-11,HB_SOUTH,23
26.13,28.0175,2026-08-11,HB_SOUTH,24
23.15,22.3325,2026-08-12,HB_SOUTH,1
22.14,21.625,2026-08-12,HB_SOUTH,2
21.46,20.8625,2026-08-12,HB_SOUTH,3
20.67,21.075,2026-08-12,HB_SOUTH,4
20.42,21.7575,2026-08-12,HB_SOUTH,5
21.94,23.125,2026-08-12,HB_SOUTH,6
21.49,23.9125,2026-08-12,HB_SOUTH,7
19.45,20.045,2026-08-12,HB_SOUTH,8
16.2,14.38,2026-08-12,HB_SOUTH,9
12.93,13.9775,2026-08-12,HB_SOUTH,10
10.06,13.1125,2026-08-12,HB_SOUTH,11
11.79,12.4475,2026-08-12,HB_SOUTH,12
14.0,13.555,2026-08-12,HB_SOUTH,13
15.42,15.865,2026-08-12,HB_SOUTH,14
15.91,15.695,2026-08-12,HB_SOUTH,15
17.26,17.61,2026-08-12,HB_SOUTH,16
18.25,15.84,2026-08-12,HB_SOUTH,17
19.41,21.7975,2026-08-12,HB_SOUTH,18
22.13,32.5775,2026-08-12,HB_SOUTH,19
31.95,46.455,2026-08-12,HB_SOUTH,20
33.15,53.935,2026-08-12,HB_SOUTH,21
32.22,39.2225,2026-08-12,HB_SOUTH,22
30.24,33.355,2026-08-12,HB_SOUTH,23
24.45,25.2825,2026-08-12,HB_SOUTH,24
22.72,22.6,2026-08-13,HB_SOUTH,1
21.31,21.935,2026-08-13,HB_SOUTH,2
20.62,21.0,2026-08-13,HB_SOUTH,3
19.35,20.1925,2026-08-13,HB_SOUTH,4
19.8,20.4725,2026-08-13,HB_SOUTH,5
20.6,21.5,2026-08-13,HB_SOUTH,6
20.77,23.255,2026-08-13,HB_SOUTH,7
19.7,21.645,2026-08-13,HB_SOUTH,8
12.91,14.71,2026-08-13,HB_SOUTH,9
9.57,8.82,2026-08-13,HB_SOUTH,10
8.53,9.8125,2026-08-13,HB_SOUTH,11
9.59,11.3525,2026-08-13,HB_SOUTH,12
12.32,15.4775,2026-08-13,HB_SOUTH,13
13.93,21.55,2026-08-13,HB_SOUTH,14
16.4,26.6525,2026-08-13,HB_SOUTH,15
17.57,23.5725,2026-08-13,HB_SOUTH,16
18.91,21.81,2026-08-13,HB_SOUTH,17
19.79,26.58,2026-08-13,HB_SOUTH,18
23.3,33.9175,2026-08-13,HB_SOUTH,19
33.95,44.7925,2026-08-13,HB_SOUTH,20
34.62,56.285,2026-08-13,HB_SOUTH,21
37.22,36.25,2026-08-13,HB_SOUTH,22
32.76,35.9025,2026-08-13,HB_SOUTH,23
27.35,32.6675,2026-08-13,HB_SOUTH,24
23.92,27.8375,2026-08-14,HB_SOUTH,1
22.87,25.03,2026-08-14,HB_SOUTH,2
22.06,23.28,2026-08-14,HB_SOUTH,3
21.97,22.37,2026-08-14,HB_SOUTH,4
21.69,21.355,2026-08-14,HB_SOUTH,5
22.82,21.935,2026-08-14,HB_SOUTH,6
23.52,23.365,2026-08-14,HB_SOUTH,7
22.18,20.15,2026-08-14,HB_SOUTH,8
17.89,15.5,2026-08-14,HB_SOUTH,9
12.2,12.605,2026-08-14,HB_SOUTH,10
13.23,10.5975,2026-08-14,HB_SOUTH,11
13.53,11.885,2026-08-14,HB_SOUTH,12
14.84,17.2975,2026-08-14,HB_SOUTH,13
16.72,17.445,2026-08-14,HB_SOUTH,14
17.49,19.1675,2026-08-14,HB_SOUTH,15
19.51,22.3675,2026-08-14,HB_SOUTH,16
19.87,15.515,2026-08-14,HB_SOUTH,17
19.6,14.6025,2026-08-14,HB_SOUTH,18
27.37,20.0575,2026-08-14,HB_SOUTH,19
37.13,28.9575,2026-08-14,HB_SOUTH,20
37.43,28.875,2026-08-14,HB_SOUTH,21
37.2,26.7525,2026-08-14,HB_SOUTH,22
34.53,26.5475,2026-08-14,HB_SOUTH,23
29.45,25.7825,2026-08-14,HB_SOUTH,24
24.33,23.6825,2026-08-15,HB_SOUTH,1
23.84,23.3775,2026-08-15,HB_SOUTH,2
23.38,23.4925,2026-08-15,HB_SOUTH,3
22.51,23.1375,2026-08-15,HB_SOUTH,4
22.19,23.7325,2026-08-15,HB_SOUTH,5
23.0,25.4775,2026-08-15,HB_SOUTH,6
23.75,25.3775,2026-08-15,HB_SOUTH,7
22.86,23.29,2026-08-15,HB_SOUTH,8
17.86,15.8275,2026-08-15,HB_SOUTH,9
15.35,14.55,2026-08-15,HB_SOUTH,10
15.62,15.2425,2026-08-15,HB_SOUTH,11
15.66,16.3925,2026-08-15,HB_SOUTH,12
17.43,16.625,2026-08-15,HB_SOUTH,13
20.92,16.955,2026-08-15,HB_SOUTH,14
21.6,19.215,2026-08-15,HB_SOUTH,15
22.78,18.695,2026-08-15,HB_SOUTH,16
21.92,15.315,2026-08-15,HB_SOUTH,17
21.73,14.7175,2026-08-15,HB_SOUTH,18
27.96,28.515,2026-08-15,HB_SOUTH,19
41.68,39.105,2026-08-15,HB_SOUTH,20
42.08,36.53,2026-08-15,HB_SOUTH,21
42.81,30.94,2026-08-15,HB_SOUTH,22
37.79,32.915,2026-08-15,HB_SOUTH,23
31.8,36.25,2026-08-15,HB_SOUTH,24
24.99,35.8675,2026-08-16,HB_SOUTH,1
23.77,32.29,2026-08-16,HB_SOUTH,2
23.07,32.87,2026-08-16,HB_SOUTH,3
22.86,25.925,2026-08-16,HB_SOUTH,4
22.19,23.5075,2026-08-16,HB_SOUTH,5
23.04,26.6725,2026-08-16,HB_SOUTH,6
22.33,27.4375,2026-08-16,HB_SOUTH,7
20.44,22.1,2026-08-16,HB_SOUTH,8
16.14,17.4475,2026-08-16,HB_SOUTH,9
15.56,16.2975,2026-08-16,HB_SOUTH,10
16.27,16.955,2026-08-16,HB_SOUTH,11
19.15,17.9625,2026-08-16,HB_SOUTH,12
21.58,18.5075,2026-08-16,HB_SOUTH,13
23.55,20.6725,2026-08-16,HB_SOUTH,14
24.85,29.125,2026-08-16,HB_SOUTH,15
25.76,24.6425,2026-08-16,HB_SOUTH,16
25.57,22.8675,2026-08-16,HB_SOUTH,17
27.17,20.185,2026-08-16,HB_SOUTH,18
44.03,34.8125,2026-08-16,HB_SOUTH,19
58.64,63.245,2026-08-16,HB_SOUTH,20
55.96,74.13,2026-08-16,HB_SOUTH,21
54.11,64.3375,2026-08-16,HB_SOUTH,22
51.56,32.9625,2026-08-16,HB_SOUTH,23
31.97,27.285,2026-08-16,HB_SOUTH,24
29.49,23.975,2026-08-17,HB_SOUTH,1
27.15,24.0575,2026-08-17,HB_SOUTH,2
26.43,23.0,2026-08-17,HB_SOUTH,3
25.02,22.025,2026-08-17,HB_SOUTH,4
26.83,21.8675,2026-08-17,HB_SOUTH,5
29.82,25.0975,2026-08-17,HB_SOUTH,6
32.73,28.875,2026-08-17,HB_SOUTH,7
31.67,29.225,2026-08-17,HB_SOUTH,8
21.73,19.5925,2026-08-17,HB_SOUTH,9
21.03,16.885,2026-08-17,HB_SOUTH,10
21.55,17.4025,2026-08-17,HB_SOUTH,11
24.97,19.135,2026-08-17,HB_SOUTH,12
27.6,24.5225,2026-08-17,HB_SOUTH,13
29.16,35.8375,2026-08-17,HB_SOUTH,14
32.52,28.12,2026-08-17,HB_SOUTH,15
30.74,26.5475,2026-08-17,HB_SOUTH,16
31.35,24.06,2026-08-17,HB_SOUTH,17
35.51,21.975,2026-08-17,HB_SOUTH,18
65.49,55.715,2026-08-17,HB_SOUTH,19
105.68,148.785,2026-08-17,HB_SOUTH,20
104.91,220.54,2026-08-17,HB_SOUTH,21
114.88,94.8225,2026-08-17,HB_SOUTH,22
77.08,41.645,2026-08-17,HB_SOUTH,23
38.21,29.57,2026-08-17,HB_SOUTH,24
29.48,28.7,2026-08-18,HB_SOUTH,1
26.25,24.325,2026-08-18,HB_SOUTH,2
24.78,23.305,2026-08-18,HB_SOUTH,3
24.23,22.4825,2026-08-18,HB_SOUTH,4
24.58,21.7375,2026-08-18,HB_SOUTH,5
25.73,22.3075,2026-08-18,HB_SOUTH,6
27.09,25.485,2026-08-18,HB_SOUTH,7
26.14,23.505,2026-08-18,HB_SOUTH,8
19.77,15.8675,2026-08-18,HB_SOUTH,9
17.57,16.965,2026-08-18,HB_SOUTH,10
18.4,16.85,2026-08-18,HB_SOUTH,11
20.91,20.35,2026-08-18,HB_SOUTH,12
23.26,29.46,2026-08-18,HB_SOUTH,13
25.91,31.4175,2026-08-18,HB_SOUTH,14
27.49,28.9275,2026-08-18,HB_SOUTH,15
26.94,20.8175,2026-08-18,HB_SOUTH,16
27.28,18.725,2026-08-18,HB_SOUTH,17
31.32,19.1175,2026-08-18,HB_SOUTH,18
49.8,33.0025,2026-08-18,HB_SOUTH,19
61.05,73.9275,2026-08-18,HB_SOUTH,20
65.63,64.095,2026-08-18,HB_SOUTH,21
54.29,44.1025,2026-08-18,HB_SOUTH,22
41.08,29.4825,2026-08-18,HB_SOUTH,23
30.43,24.835,2026-08-18,HB_SOUTH,24
25.36,23.245,2026-08-19,HB_SOUTH,1
22.9,21.27,2026-08-19,HB_SOUTH,2
22.07,19.75,2026-08-19,HB_SOUTH,3
22.51,18.415,2026-08-19,HB_SOUTH,4
22.31,18.1225,2026-08-19,HB_SOUTH,5
23.53,18.7575,2026-08-19,HB_SOUTH,6
23.51,19.475,2026-08-19,HB_SOUTH,7
21.41,18.33,2026-08-19,HB_SOUTH,8
17.84,16.51,2026-08-19,HB_SOUTH,9
16.38,14.2525,2026-08-19,HB_SOUTH,10
15.93,12.7375,2026-08-19,HB_SOUTH,11
16.65,15.015,2026-08-19,HB_SOUTH,12
18.09,17.2375,2026-08-19,HB_SOUTH,13
21.87,20.11,2026-08-19,HB_SOUTH,14
22.59,28.9525,2026-08-19,HB_SOUTH,15
23.88,23.685,2026-08-19,HB_SOUTH,16
23.69,21.8675,2026-08-19,HB_SOUTH,17
25.37,19.5175,2026-08-19,HB_SOUTH,18
42.74,42.0175,2026-08-19,HB_SOUTH,19
74.88,50.0425,2026-08-19,HB_SOUTH,20
75.0,48.035,2026-08-19,HB_SOUTH,21
57.26,35.775,2026-08-19,HB_SOUTH,22
39.94,28.9425,2026-08-19,HB_SOUTH,23
31.47,25.5775,2026-08-19,HB_SOUTH,24
23.85,23.7825,2026-08-20,HB_SOUTH,1
22.07,22.1475,2026-08-20,HB_SOUTH,2
21.94,21.46,2026-08-20,HB_SOUTH,3
22.24,21.0325,2026-08-20,HB_SOUTH,4
23.38,19.5625,2026-08-20,HB_SOUTH,5
25.09,21.29,2026-08-20,HB_SOUTH,6
27.42,23.265,2026-08-20,HB_SOUTH,7
25.19,22.375,2026-08-20,HB_SOUTH,8
20.24,16.2775,2026-08-20,HB_SOUTH,9
17.05,15.3425,2026-08-20,HB_SOUTH,10
16.38,15.2125,2026-08-20,HB_SOUTH,11
17.51,16.5775,2026-08-20,HB_SOUTH,12
19.45,16.9725,2026-08-20,HB_SOUTH,13
23.22,20.0075,2026-08-20,HB_SOUTH,14
25.27,21.74,2026-08-20,HB_SOUTH,15
25.98,24.8025,2026-08-20,HB_SOUTH,16
25.59,19.5525,2026-08-20,HB_SOUTH,17
27.96,19.4625,2026-08-20,HB_SOUTH,18
66.72,44.1,2026-08-20,HB_SOUTH,19
111.16,58.6725,2026-08-20,HB_SOUTH,20
108.72,57.94,2026-08-20,HB_SOUTH,21
101.05,52.7925,2026-08-20,HB_SOUTH,22
54.99,33.8325,2026-08-20,HB_SOUTH,23
35.46,28.1875,2026-08-20,HB_SOUTH,24
27.71,26.1575,2026-08-21,HB_SOUTH,1
24.81,26.9975,2026-08-21,HB_SOUTH,2
24.53,26.94,2026-08-21,HB_SOUTH,3
24.37,26.665,2026-08-21,HB_SOUTH,4
24.23,28.8175,2026-08-21,HB_SOUTH,5
27.0,29.6575,2026-08-21,HB_SOUTH,6
28.29,29.905,2026-08-21,HB_SOUTH,7
27.48,29.09,2026-08-21,HB_SOUTH,8
20.56,21.14,2026-08-21,HB_SOUTH,9
19.06,21.5425,2026-08-21,HB_SOUTH,10
19.04,23.2575,2026-08-21,HB_SOUTH,11
21.54,23.0575,2026-08-21,HB_SOUTH,12
24.2,26.72,2026-08-21,HB_SOUTH,13
26.52,32.6825,2026-08-21,HB_SOUTH,14
31.54,28.43,2026-08-21,HB_SOUTH,15
30.81,26.8175,2026-08-21,HB_SOUTH,16
37.55,25.6025,2026-08-21,HB_SOUTH,17
40.54,24.385,2026-08-21,HB_SOUTH,18
91.86,39.2675,2026-08-21,HB_SOUTH,19
103.3,48.32,2026-08-21,HB_SOUTH,20
88.53,44.575,2026-08-21,HB_SOUTH,21
69.77,38.965,2026-08-21,HB_SOUTH,22
45.7,34.16,2026-08-21,HB_SOUTH,23
31.84,30.105,2026-08-21,HB_SOUTH,24
27.18,28.7025,2026-08-22,HB_SOUTH,1
25.25,25.025,2026-08-22,HB_SOUTH,2
23.7,25.77,2026-08-22,HB_SOUTH,3
22.79,26.8025,2026-08-22,HB_SOUTH,4
22.71,24.4375,2026-08-22,HB_SOUTH,5
23.58,22.7675,2026-08-22,HB_SOUTH,6
24.22,21.5825,2026-08-22,HB_SOUTH,7
23.1,21.015,2026-08-22,HB_SOUTH,8
18.57,19.8275,2026-08-22,HB_SOUTH,9
18.58,19.1325,2026-08-22,HB_SOUTH,10
19.44,17.7525,2026-08-22,HB_SOUTH,11
21.93,20.9675,2026-08-22,HB_SOUTH,12
29.05,34.2725,2026-08-22,HB_SOUTH,13
33.81,43.7775,2026-08-22,HB_SOUTH,14
33.53,45.4325,2026-08-22,HB_SOUTH,15
35.48,35.3325,2026-08-22,HB_SOUTH,16
43.25,32.62,2026-08-22,HB_SOUTH,17
44.4,38.395,2026-08-22,HB_SOUTH,18
66.75,42.7425,2026-08-22,HB_SOUTH,19
87.15,63.9275,2026-08-22,HB_SOUTH,20
80.77,55.7325,2026-08-22,HB_SOUTH,21
66.98,51.1725,2026-08-22,HB_SOUTH,22
40.84,110.8325,2026-08-22,HB_SOUTH,23
31.6,212.89,2026-08-22,HB_SOUTH,24
31.82,74.855,2026-08-23,HB_SOUTH,1
27.72,61.7925,2026-08-23,HB_SOUTH,2
24.94,38.5625,2026-08-23,HB_SOUTH,3
23.99,39.955,2026-08-23,HB_SOUTH,4
23.8,31.1875,2026-08-23,HB_SOUTH,5
24.05,33.4575,2026-08-23,HB_SOUTH,6
24.1,35.87,2026-08-23,HB_SOUTH,7
22.59,28.1175,2026-08-23,HB_SOUTH,8
18.65,24.9675,2026-08-23,HB_SOUTH,9
17.08,23.865,2026-08-23,HB_SOUTH,10
17.87,22.4775,2026-08-23,HB_SOUTH,11
21.24,21.785,2026-08-23,HB_SOUTH,12
27.85,29.8775,2026-08-23,HB_SOUTH,13
35.55,40.3125,2026-08-23,HB_SOUTH,14
36.64,43.245,2026-08-23,HB_SOUTH,15
34.32,40.9425,2026-08-23,HB_SOUTH,16
33.01,30.76,2026-08-23,HB_SOUTH,17
32.6,44.2575,2026-08-23,HB_SOUTH,18
49.21,49.1025,2026-08-23,HB_SOUTH,19
71.38,165.9025,2026-08-23,HB_SOUTH,20
62.0,264.235,2026-08-23,HB_SOUTH,21
54.49,328.5875,2026-08-23,HB_SOUTH,22
36.32,43.7075,2026-08-23,HB_SOUTH,23
29.07,31.22,2026-08-23,HB_SOUTH,24
29.11,26.145,2026-08-24,HB_SOUTH,1
24.29,22.175,2026-08-24,HB_SOUTH,2
23.41,21.1375,2026-08-24,HB_SOUTH,3
22.97,20.4575,2026-08-24,HB_SOUTH,4
22.87,20.5025,2026-08-24,HB_SOUTH,5
23.67,21.82,2026-08-24,HB_SOUTH,6
23.77,22.355,2026-08-24,HB_SOUTH,7
23.29,21.0725,2026-08-24,HB_SOUTH,8
18.58,17.5275,2026-08-24,HB_SOUTH,9
17.81,16.6975,2026-08-24,HB_SOUTH,10
18.61,17.735,2026-08-24,HB_SOUTH,11
21.32,19.0525,2026-08-24,HB_SOUTH,12
28.47,26.615,2026-08-24,HB_SOUTH,13
38.08,34.685,2026-08-24,HB_SOUTH,14
36.72,35.82,2026-08-24,HB_SOUTH,15
35.1,25.81,2026-08-24,HB_SOUTH,16
33.15,22.78,2026-08-24,HB_SOUTH,17
32.68,25.8275,2026-08-24,HB_SOUTH,18
48.49,46.575,2026-08-24,HB_SOUTH,19
67.05,75.8825,2026-08-24,HB_SOUTH,20
68.02,60.6575,2026-08-24,HB_SOUTH,21
55.03,34.185,2026-08-24,HB_SOUTH,22
40.03,27.355,2026-08-24,HB_SOUTH,23
30.12,24.8175,2026-08-24,HB_SOUTH,24
23.96,23.1225,2026-08-25,HB_SOUTH,1
22.5,22.0575,2026-08-25,HB_SOUTH,2
21.75,21.5125,2026-08-25,HB_SOUTH,3
21.42,20.915,2026-08-25,HB_SOUTH,4
21.67,19.9325,2026-08-25,HB_SOUTH,5
22.61,22.59,2026-08-25,HB_SOUTH,6
23.18,28.67,2026-08-25,HB_SOUTH,7
23.37,29.905,2026-08-25,HB_SOUTH,8
20.04,25.9125,2026-08-25,HB_SOUTH,9
18.94,27.5775,2026-08-25,HB_SOUTH,10
19.51,28.785,2026-08-25,HB_SOUTH,11
22.79,22.155,2026-08-25,HB_SOUTH,12
28.8,24.435,2026-08-25,HB_SOUTH,13
33.86,30.275,2026-08-25,HB_SOUTH,14
36.21,26.885,2026-08-25,HB_SOUTH,15
32.18,27.4825,2026-08-25,HB_SOUTH,16
31.11,27.1025,2026-08-25,HB_SOUTH,17
26.69,29.545,2026-08-25,HB_SOUTH,18
51.38,53.6675,2026-08-25,HB_SOUTH,19
82.02,57.645,2026-08-25,HB_SOUTH,20
84.5,48.4625,2026-08-25,HB_SOUTH,21
64.69,41.765,2026-08-25,HB_SOUTH,22
42.9,33.935,2026-08-25,HB_SOUTH,23
33.4,30.1325,2026-08-25,HB_SOUTH,24
28.29,27.4875,2026-08-26,HB_SOUTH,1
26.62,27.2325,2026-08-26,HB_SOUTH,2
26.86,35.0575,2026-08-26,HB_SOUTH,3
29.13,45.7625,2026-08-26,HB_SOUTH,4
30.85,52.095,2026-08-26,HB_SOUTH,5
34.49,58.4075,2026-08-26,HB_SOUTH,6
37.4,54.1775,2026-08-26,HB_SOUTH,7
35.41,44.9125,2026-08-26,HB_SOUTH,8
26.94,35.81,2026-08-26,HB_SOUTH,9
25.0,34.145,2026-08-26,HB_SOUTH,10
26.07,39.1825,2026-08-26,HB_SOUTH,11
29.6,50.58,2026-08-26,HB_SOUTH,12
36.03,61.0325,2026-08-26,HB_SOUTH,13
40.14,58.8725,2026-08-26,HB_SOUTH,14
45.23,44.1925,2026-08-26,HB_SOUTH,15
48.51,54.52,2026-08-26,HB_SOUTH,16
50.86,64.3025,2026-08-26,HB_SOUTH,17
52.47,85.535,2026-08-26,HB_SOUTH,18
87.12,157.8275,2026-08-26,HB_SOUTH,19
124.07,261.9175,2026-08-26,HB_SOUTH,20
117.13,313.3175,2026-08-26,HB_SOUTH,21
139.53,372.99,2026-08-26,HB_SOUTH,22
98.0,525.7775,2026-08-26,HB_SOUTH,23
60.26,84.04,2026-08-26,HB_SOUTH,24
67.58,70.175,2026-08-27,HB_SOUTH,1
52.73,48.1975,2026-08-27,HB_SOUTH,2
47.69,41.1725,2026-08-27,HB_SOUTH,3
43.09,39.525,2026-08-27,HB_SOUTH,4
39.7,40.9875,2026-08-27,HB_SOUTH,5
42.44,32.15,2026-08-27,HB_SOUTH,6
43.97,39.775,2026-08-27,HB_SOUTH,7
38.86,40.1275,2026-08-27,HB_SOUTH,8
27.4,39.8225,2026-08-27,HB_SOUTH,9
27.27,33.26,2026-08-27,HB_SOUTH,10
29.7,27.87,2026-08-27,HB_SOUTH,11
31.17,31.6125,2026-08-27,HB_SOUTH,12
37.32,49.8575,2026-08-27,HB_SOUTH,13
40.59,71.13,2026-08-27,HB_SOUTH,14
43.58,72.37,2026-08-27,HB_SOUTH,15
42.27,66.8975,2026-08-27,HB_SOUTH,16
47.7,23.6725,2026-08-27,HB_SOUTH,17
54.17,18.68,2026-08-27,HB_SOUTH,18
78.02,39.665,2026-08-27,HB_SOUTH,19
87.78,90.365,2026-08-27,HB_SOUTH,20
97.9,95.125,2026-08-27,HB_SOUTH,21
98.94,68.3475,2026-08-27,HB_SOUTH,22
82.07,76.66,2026-08-27,HB_SOUTH,23
53.63,69.105,2026-08-27,HB_SOUTH,24
48.68,48.3225,2026-08-28,HB_SOUTH,1
43.53,42.505,2026-08-28,HB_SOUTH,2
41.53,38.515,2026-08-28,HB_SOUTH,3
38.05,34.3125,2026-08-28,HB_SOUTH,4
39.53,38.02,2026-08-28,HB_SOUTH,5
39.39,61.0375,2026-08-28,HB_SOUTH,6
43.64,63.9325,2026-08-28,HB_SOUTH,7
38.21,50.9625,2026-08-28,HB_SOUTH,8
26.36,27.5675,2026-08-28,HB_SOUTH,9
25.29,25.73,2026-08-28,HB_SOUTH,10
25.72,30.5675,2026-08-28,HB_SOUTH,11
29.02,31.815,2026-08-28,HB_SOUTH,12
35.57,34.4975,2026-08-28,HB_SOUTH,13
40.85,51.7225,2026-08-28,HB_SOUTH,14
45.04,50.0925,2026-08-28,HB_SOUTH,15
45.7,45.9175,2026-08-28,HB_SOUTH,16
49.12,29.225,2026-08-28,HB_SOUTH,17
46.72,26.2375,2026-08-28,HB_SOUTH,18
70.2,30.83,2026-08-28,HB_SOUTH,19
79.19,37.6625,2026-08-28,HB_SOUTH,20
73.31,34.41,2026-08-28,HB_SOUTH,21
61.59,28.5325,2026-08-28,HB_SOUTH,22
45.71,23.5175,2026-08-28,HB_SOUTH,23
36.01,23.45,2026-08-28,HB_SOUTH,24
35.53,24.7275,2026-08-29,HB_SOUTH,1
32.2,24.4375,2026-08-29,HB_SOUTH,2
30.14,23.915,2026-08-29,HB_SOUTH,3
28.68,25.81,2026-08-29,HB_SOUTH,4
26.7,23.4,2026-08-29,HB_SOUTH,5
27.6,24.575,2026-08-29,HB_SOUTH,6
26.94,23.7,2026-08-29,HB_SOUTH,7
26.08,23.5625,2026-08-29,HB_SOUTH,8
18.64,17.0375,2026-08-29,HB_SOUTH,9
18.9,15.44,2026-08-29,HB_SOUTH,10
20.75,16.5225,2026-08-29,HB_SOUTH,11
22.95,16.84,2026-08-29,HB_SOUTH,12
29.62,20.8425,2026-08-29,HB_SOUTH,13
31.79,23.5575,2026-08-29,HB_SOUTH,14
35.64,26.14,2026-08-29,HB_SOUTH,15
36.39,33.065,2026-08-29,HB_SOUTH,16
34.03,27.95,2026-08-29,HB_SOUTH,17
34.07,29.9525,2026-08-29,HB_SOUTH,18
49.53,46.0675,2026-08-29,HB_SOUTH,19
59.95,48.7,2026-08-29,HB_SOUTH,20
58.02,53.355,2026-08-29,HB_SOUTH,21
51.4,47.565,2026-08-29,HB_SOUTH,22
36.89,33.11,2026-08-29,HB_SOUTH,23
30.16,25.57,2026-08-29,HB_SOUTH,24
23.68,23.74,2026-08-30,HB_SOUTH,1
22.14,22.16,2026-08-30,HB_SOUTH,2
21.41,21.445,2026-08-30,HB_SOUTH,3
20.24,20.64,2026-08-30,HB_SOUTH,4
19.9,20.185,2026-08-30,HB_SOUTH,5
19.84,20.64,2026-08-30,HB_SOUTH,6
19.63,21.765,2026-08-30,HB_SOUTH,7
18.69,21.385,2026-08-30,HB_SOUTH,8
15.45,16.83,2026-08-30,HB_SOUTH,9
15.46,16.395,2026-08-30,HB_SOUTH,10
16.6,16.3925,2026-08-30,HB_SOUTH,11
19.03,17.6825,2026-08-30,HB_SOUTH,12
20.66,20.805,2026-08-30,HB_SOUTH,13
24.76,21.98,2026-08-30,HB_SOUTH,14
26.39,20.4825,2026-08-30,HB_SOUTH,15
26.41,22.0875,2026-08-30,HB_SOUTH,16
24.65,26.245,2026-08-30,HB_SOUTH,17
25.62,34.1725,2026-08-30,HB_SOUTH,18
39.33,57.585,2026-08-30,HB_SOUTH,19
53.09,104.79,2026-08-30,HB_SOUTH,20
48.46,75.5425,2026-08-30,HB_SOUTH,21
43.33,59.925,2026-08-30,HB_SOUTH,22
35.58,38.3475,2026-08-30,HB_SOUTH,23
25.17,26.4675,2026-08-30,HB_SOUTH,24
24.04,23.67,2026-08-31,HB_SOUTH,1
22.0,22.46,2026-08-31,HB_SOUTH,2
21.53,21.77,2026-08-31,HB_SOUTH,3
21.01,21.63,2026-08-31,HB_SOUTH,4
21.19,22.3825,2026-08-31,HB_SOUTH,5
22.89,25.205,2026-08-31,HB_SOUTH,6
24.42,36.0975,2026-08-31,HB_SOUTH,7
24.21,36.11,2026-08-31,HB_SOUTH,8
18.91,22.3175,2026-08-31,HB_SOUTH,9
18.26,21.9925,2026-08-31,HB_SOUTH,10
18.48,26.3225,2026-08-31,HB_SOUTH,11
22.08,30.39,2026-08-31,HB_SOUTH,12
26.68,35.585,2026-08-31,HB_SOUTH,13
28.62,37.7175,2026-08-31,HB_SOUTH,14
29.83,40.1475,2026-08-31,HB_SOUTH,15
28.28,44.1525,2026-08-31,HB_SOUTH,16
26.22,42.1075,2026-08-31,HB_SOUTH,17
26.47,51.55,2026-08-31,HB_SOUTH,18
44.14,60.285,2026-08-31,HB_SOUTH,19
62.76,65.665,2026-08-31,HB_SOUTH,20
59.09,71.31,2026-08-31,HB_SOUTH,21
49.01,66.3525,2026-08-31,HB_SOUTH,22
39.84,43.16,2026-08-31,HB_SOUTH,23
29.29,37.51,2026-08-31,HB_SOUTH,24
,0.0,2026-06-02,RVN_RN,24
,33.2675,2026-06-03,RVN_RN,1
,34.04,2026-06-03,RVN_RN,2
,33.4625,2026-06-03,RVN_RN,3
,32.29,2026-06-03,RVN_RN,4
,27.825,2026-06-03,RVN_RN,5
,27.32,2026-06-03,RVN_RN,6
,30.48,2026-06-03,RVN_RN,7
,29.4275,2026-06-03,RVN_RN,8
,26.5175,2026-06-03,RVN_RN,9
,25.685,2026-06-03,RVN_RN,10
,28.97,2026-06-03,RVN_RN,11
,36.7025,2026-06-03,RVN_RN,12
,47.5825,2026-06-03,RVN_RN,13
,46.355,2026-06-03,RVN_RN,14
,44.385,2026-06-03,RVN_RN,15
,40.63,2026-06-03,RVN_RN,16
,36.5675,2026-06-03,RVN_RN,17
,37.935,2026-06-03,RVN_RN,18
,36.665,2026-06-03,RVN_RN,19
,44.445,2026-06-03,RVN_RN,20
,41.0175,2026-06-03,RVN_RN,21
,42.5775,2026-06-03,RVN_RN,22
,39.5375,2026-06-03,RVN_RN,23
,33.505,2026-06-03,RVN_RN,24
26.91,28.7625,2026-06-04,RVN_RN,1
24.46,28.7025,2026-06-04,RVN_RN,2
24.24,28.6825,2026-06-04,RVN_RN,3
25.58,28.4325,2026-06-04,RVN_RN,4
27.63,34.4575,2026-06-04,RVN_RN,5
28.45,36.2625,2026-06-04,RVN_RN,6
30.93,36.665,2026-06-04,RVN_RN,7
29.46,33.7675,2026-06-04,RVN_RN,8
22.94,26.995,2026-06-04,RVN_RN,9
23.38,26.2875,2026-06-04,RVN_RN,10
23.17,28.0,2026-06-04,RVN_RN,11
24.2,24.045,2026-06-04,RVN_RN,12
25.62,26.225,2026-06-04,RVN_RN,13
26.47,27.6375,2026-06-04,RVN_RN,14
29.02,33.82,2026-06-04,RVN_RN,15
31.13,40.5967,2026-06-04,RVN_RN,16
31.23,39.1225,2026-06-04,RVN_RN,17
31.65,36.1625,2026-06-04,RVN_RN,18
36.57,45.125,2026-06-04,RVN_RN,19
42.42,63.51,2026-06-04,RVN_RN,20
43.82,83.2925,2026-06-04,RVN_RN,21
40.98,81.0225,2026-06-04,RVN_RN,22
32.09,53.93,2026-06-04,RVN_RN,23
25.26,33.275,2026-06-04,RVN_RN,24
22.21,30.6475,2026-06-05,RVN_RN,1
23.16,28.985,2026-06-05,RVN_RN,2
23.23,30.33,2026-06-05,RVN_RN,3
24.16,29.2375,2026-06-05,RVN_RN,4
25.66,28.7025,2026-06-05,RVN_RN,5
30.66,34.7725,2026-06-05,RVN_RN,6
32.86,38.31,2026-06-05,RVN_RN,7
35.27,36.8425,2026-06-05,RVN_RN,8
31.06,34.1025,2026-06-05,RVN_RN,9
29.65,35.1725,2026-06-05,RVN_RN,10
28.39,31.49,2026-06-05,RVN_RN,11
28.55,34.2475,2026-06-05,RVN_RN,12
29.4,36.1425,2026-06-05,RVN_RN,13
29.52,27.2725,2026-06-05,RVN_RN,14
31.42,30.8375,2026-06-05,RVN_RN,15
32.07,56.365,2026-06-05,RVN_RN,16
35.97,72.07,2026-06-05,RVN_RN,17
36.43,63.85,2026-06-05,RVN_RN,18
36.71,52.1525,2026-06-05,RVN_RN,19
41.28,65.2325,2026-06-05,RVN_RN,20
41.15,57.3625,2026-06-05,RVN_RN,21
41.64,46.34,2026-06-05,RVN_RN,22
34.76,47.73,2026-06-05,RVN_RN,23
32.43,61.8975,2026-06-05,RVN_RN,24
33.25,80.5325,2026-06-06,RVN_RN,1
32.87,72.4175,2026-06-06,RVN_RN,2
31.59,74.3,2026-06-06,RVN_RN,3
32.98,52.3025,2026-06-06,RVN_RN,4
31.75,61.3325,2026-06-06,RVN_RN,5
33.42,60.0375,2026-06-06,RVN_RN,6
35.02,80.29,2026-06-06,RVN_RN,7
31.8,59.63,2026-06-06,RVN_RN,8
27.99,52.6675,2026-06-06,RVN_RN,9
25.42,42.145,2026-06-06,RVN_RN,10
24.3,33.995,2026-06-06,RVN_RN,11
24.77,28.8625,2026-06-06,RVN_RN,12
26.14,26.4225,2026-06-06,RVN_RN,13
26.29,27.475,2026-06-06,RVN_RN,14
27.99,28.865,2026-06-06,RVN_RN,15
29.46,24.34,2026-06-06,RVN_RN,16
28.93,35.5775,2026-06-06,RVN_RN,17
30.46,41.885,2026-06-06,RVN_RN,18
38.76,58.0075,2026-06-06,RVN_RN,19
49.03,90.225,2026-06-06,RVN_RN,20
51.14,103.4175,2026-06-06,RVN_RN,21
52.49,173.615,2026-06-06,RVN_RN,22
43.74,132.225,2026-06-06,RVN_RN,23
33.51,41.765,2026-06-06,RVN_RN,24
32.92,38.34,2026-06-07,RVN_RN,1
28.44,31.505,2026-06-07,RVN_RN,2
28.15,27.475,2026-06-07,RVN_RN,3
28.48,24.56,2026-06-07,RVN_RN,4
28.49,26.285,2026-06-07,RVN_RN,5
25.97,25.0825,2026-06-07,RVN_RN,6
25.37,24.085,2026-06-07,RVN_RN,7
24.77,21.2075,2026-06-07,RVN_RN,8
18.74,19.5925,2026-06-07,RVN_RN,9
18.72,21.165,2026-06-07,RVN_RN,10
19.08,23.0225,2026-06-07,RVN_RN,11
20.4,22.245,2026-06-07,RVN_RN,12
22.83,20.98,2026-06-07,RVN_RN,13
25.59,26.64,2026-06-07,RVN_RN,14
24.68,28.115,2026-06-07,RVN_RN,15
27.51,32.385,2026-06-07,RVN_RN,16
27.23,36.4075,2026-06-07,RVN_RN,17
29.02,46.865,2026-06-07,RVN_RN,18
32.49,55.8725,2026-06-07,RVN_RN,19
36.02,63.8075,2026-06-07,RVN_RN,20
37.07,54.405,2026-06-07,RVN_RN,21
34.23,39.7525,2026-06-07,RVN_RN,22
33.59,43.08,2026-06-07,RVN_RN,23
25.91,29.57,2026-06-07,RVN_RN,24
25.77,29.6625,2026-06-08,RVN_RN,1
24.0,26.15,2026-06-08,RVN_RN,2
22.65,25.1675,2026-06-08,RVN_RN,3
21.34,24.32,2026-06-08,RVN_RN,4
22.38,25.1025,2026-06-08,RVN_RN,5
24.24,26.0925,2026-06-08,RVN_RN,6
25.74,26.21,2026-06-08,RVN_RN,7
23.76,25.28,2026-06-08,RVN_RN,8
20.91,31.9025,2026-06-08,RVN_RN,9
20.69,29.1625,2026-06-08,RVN_RN,10
20.53,27.3875,2026-06-08,RVN_RN,11
22.53,28.885,2026-06-08,RVN_RN,12
23.15,35.4075,2026-06-08,RVN_RN,13
25.22,37.985,2026-06-08,RVN_RN,14
27.69,44.69,2026-06-08,RVN_RN,15
28.45,56.7175,2026-06-08,RVN_RN,16
28.38,43.2275,2026-06-08,RVN_RN,17
26.63,31.6,2026-06-08,RVN_RN,18
33.01,31.6325,2026-06-08,RVN_RN,19
41.95,40.62,2026-06-08,RVN_RN,20
38.97,35.6875,2026-06-08,RVN_RN,21
35.6,31.8275,2026-06-08,RVN_RN,22
32.82,33.0025,2026-06-08,RVN_RN,23
26.87,26.475,2026-06-08,RVN_RN,24
26.32,25.575,2026-06-09,RVN_RN,1
24.22,24.61,2026-06-09,RVN_RN,2
23.91,25.1125,2026-06-09,RVN_RN,3
23.2,26.2575,2026-06-09,RVN_RN,4
22.91,26.4375,2026-06-09,RVN_RN,5
24.55,26.4275,2026-06-09,RVN_RN,6
25.8,25.5925,2026-06-09,RVN_RN,7
22.56,22.2825,2026-06-09,RVN_RN,8
19.23,18.2075,2026-06-09,RVN_RN,9
18.6,22.0525,2026-06-09,RVN_RN,10
19.6,23.385,2026-06-09,RVN_RN,11
23.85,25.3175,2026-06-09,RVN_RN,12
27.26,26.08,2026-06-09,RVN_RN,13
29.92,31.6575,2026-06-09,RVN_RN,14
29.08,35.2425,2026-06-09,RVN_RN,15
30.59,37.2175,2026-06-09,RVN_RN,16
30.12,28.0375,2026-06-09,RVN_RN,17
29.76,32.935,2026-06-09,RVN_RN,18
34.58,33.46,2026-06-09,RVN_RN,19
45.55,48.775,2026-06-09,RVN_RN,20
46.51,42.365,2026-06-09,RVN_RN,21
41.87,35.7725,2026-06-09,RVN_RN,22
35.81,33.5775,2026-06-09,RVN_RN,23
27.22,34.2425,2026-06-09,RVN_RN,24
27.21,28.845,2026-06-10,RVN_RN,1
26.15,26.9275,2026-06-10,RVN_RN,2
25.49,24.3275,2026-06-10,RVN_RN,3
23.24,21.62,2026-06-10,RVN_RN,4
25.28,21.905,2026-06-10,RVN_RN,5
26.34,22.7025,2026-06-10,RVN_RN,6
25.89,24.845,2026-06-10,RVN_RN,7
23.73,21.1375,2026-06-10,RVN_RN,8
20.69,22.345,2026-06-10,RVN_RN,9
21.05,22.3325,2026-06-10,RVN_RN,10
21.93,20.57,2026-06-10,RVN_RN,11
26.07,21.7,2026-06-10,RVN_RN,12
31.27,21.985,2026-06-10,RVN_RN,13
35.08,27.4475,2026-06-10,RVN_RN,14
36.54,27.7975,2026-06-10,RVN_RN,15
35.88,25.1025,2026-06-10,RVN_RN,16
34.13,26.04,2026-06-10,RVN_RN,17
31.32,26.1325,2026-06-10,RVN_RN,18
34.73,25.5075,2026-06-10,RVN_RN,19
42.93,37.4225,2026-06-10,RVN_RN,20
43.11,36.6375,2026-06-10,RVN_RN,21
38.89,33.8775,2026-06-10,RVN_RN,22
37.24,31.7225,2026-06-10,RVN_RN,23
29.53,29.0025,2026-06-10,RVN_RN,24
28.7,23.9475,2026-06-11,RVN_RN,1
26.58,22.84,2026-06-11,RVN_RN,2
25.82,22.3425,2026-06-11,RVN_RN,3
23.9,22.05,2026-06-11,RVN_RN,4
24.35,21.86,2026-06-11,RVN_RN,5
25.54,22.725,2026-06-11,RVN_RN,6
24.84,24.0875,2026-06-11,RVN_RN,7
22.67,21.2875,2026-06-11,RVN_RN,8
19.2,21.585,2026-06-11,RVN_RN,9
20.09,20.2175,2026-06-11,RVN_RN,10
21.5,23.33,2026-06-11,RVN_RN,11
26.1,26.4125,2026-06-11,RVN_RN,12
30.37,30.2125,2026-06-11,RVN_RN,13
33.58,29.64,2026-06-11,RVN_RN,14
35.55,25.67,2026-06-11,RVN_RN,15
37.12,23.7975,2026-06-11,RVN_RN,16
37.05,27.0,2026-06-11,RVN_RN,17
35.5,25.5275,2026-06-11,RVN_RN,18
40.33,33.44,2026-06-11,RVN_RN,19
51.07,48.3475,2026-06-11,RVN_RN,20
55.7,55.74,2026-06-11,RVN_RN,21
55.5,59.96,2026-06-11,RVN_RN,22
56.18,40.5825,2026-06-11,RVN_RN,23
43.93,35.8675,2026-06-11,RVN_RN,24
35.05,30.77,2026-06-12,RVN_RN,1
30.02,31.04,2026-06-12,RVN_RN,2
31.04,30.59,2026-06-12,RVN_RN,3
30.56,29.73,2026-06-12,RVN_RN,4
32.83,34.3025,2026-06-12,RVN_RN,5
35.2,40.47,2026-06-12,RVN_RN,6
35.38,42.3275,2026-06-12,RVN_RN,7
30.01,36.82,2026-06-12,RVN_RN,8
25.07,29.005,2026-06-12,RVN_RN,9
24.46,31.185,2026-06-12,RVN_RN,10
26.25,35.3225,2026-06-12,RVN_RN,11
28.34,40.445,2026-06-12,RVN_RN,12
30.81,44.9425,2026-06-12,RVN_RN,13
34.32,39.355,2026-06-12,RVN_RN,14
34.47,30.14,2026-06-12,RVN_RN,15
33.1,25.435,2026-06-12,RVN_RN,16
35.18,23.0575,2026-06-12,RVN_RN,17
31.43,25.0575,2026-06-12,RVN_RN,18
36.34,25.465,2026-06-12,RVN_RN,19
49.09,34.8125,2026-06-12,RVN_RN,20
50.44,35.8625,2026-06-12,RVN_RN,21
47.15,32.895,2026-06-12,RVN_RN,22
40.78,28.1675,2026-06-12,RVN_RN,23
29.74,25.8325,2026-06-12,RVN_RN,24
25.46,24.295,2026-06-13,RVN_RN,1
24.82,23.1625,2026-06-13,RVN_RN,2
23.58,23.42,2026-06-13,RVN_RN,3
23.99,24.365,2026-06-13,RVN_RN,4
23.49,27.285,2026-06-13,RVN_RN,5
24.96,28.3225,2026-06-13,RVN_RN,6
23.09,27.1475,2026-06-13,RVN_RN,7
20.25,21.65,2026-06-13,RVN_RN,8
15.22,18.0175,2026-06-13,RVN_RN,9
16.28,15.465,2026-06-13,RVN_RN,10
17.5,16.4875,2026-06-13,RVN_RN,11
19.64,21.2925,2026-06-13,RVN_RN,12
26.12,23.0225,2026-06-13,RVN_RN,13
28.28,25.8275,2026-06-13,RVN_RN,14
28.22,26.7,2026-06-13,RVN_RN,15
28.53,26.9325,2026-06-13,RVN_RN,16
27.42,25.57,2026-06-13,RVN_RN,17
26.25,22.1075,2026-06-13,RVN_RN,18
27.25,23.8625,2026-06-13,RVN_RN,19
36.44,32.755,2026-06-13,RVN_RN,20
38.06,35.645,2026-06-13,RVN_RN,21
36.58,30.8875,2026-06-13,RVN_RN,22
35.24,28.695,2026-06-13,RVN_RN,23
29.23,29.335,2026-06-13,RVN_RN,24
25.93,25.8725,2026-06-14,RVN_RN,1
25.34,25.0175,2026-06-14,RVN_RN,2
25.12,25.265,2026-06-14,RVN_RN,3
25.29,26.2575,2026-06-14,RVN_RN,4
26.44,28.5025,2026-06-14,RVN_RN,5
28.6,29.895,2026-06-14,RVN_RN,6
28.23,26.8525,2026-06-14,RVN_RN,7
25.06,23.6225,2026-06-14,RVN_RN,8
21.84,24.34,2026-06-14,RVN_RN,9
21.31,25.765,2026-06-14,RVN_RN,10
21.74,25.615,2026-06-14,RVN_RN,11
22.06,25.06,2026-06-14,RVN_RN,12
22.03,20.62,2026-06-14,RVN_RN,13
23.86,19.4575,2026-06-14,RVN_RN,14
24.81,22.97,2026-06-14,RVN_RN,15
26.24,36.9275,2026-06-14,RVN_RN,16
25.97,36.31,2026-06-14,RVN_RN,17
27.64,29.7725,2026-06-14,RVN_RN,18
31.38,40.51,2026-06-14,RVN_RN,19
38.46,54.795,2026-06-14,RVN_RN,20
40.88,65.965,2026-06-14,RVN_RN,21
42.02,53.7275,2026-06-14,RVN_RN,22
45.21,50.5425,2026-06-14,RVN_RN,23
37.46,46.465,2026-06-14,RVN_RN,24
35.96,43.195,2026-06-15,RVN_RN,1
32.67,37.115,2026-06-15,RVN_RN,2
32.15,39.9575,2026-06-15,RVN_RN,3
32.57,46.3925,2026-06-15,RVN_RN,4
31.68,42.17,2026-06-15,RVN_RN,5
37.75,43.04,2026-06-15,RVN_RN,6
36.78,54.3675,2026-06-15,RVN_RN,7
36.46,47.0975,2026-06-15,RVN_RN,8
31.33,51.265,2026-06-15,RVN_RN,9
32.83,49.6375,2026-06-15,RVN_RN,10
30.45,44.6475,2026-06-15,RVN_RN,11
27.82,43.0225,2026-06-15,RVN_RN,12
27.05,41.0,2026-06-15,RVN_RN,13
28.53,37.705,2026-06-15,RVN_RN,14
29.93,29.37,2026-06-15,RVN_RN,15
31.1,26.8975,2026-06-15,RVN_RN,16
32.58,37.46,2026-06-15,RVN_RN,17
33.58,57.2375,2026-06-15,RVN_RN,18
36.76,60.4375,2026-06-15,RVN_RN,19
51.17,71.7175,2026-06-15,RVN_RN,20
57.32,64.345,2026-06-15,RVN_RN,21
58.67,52.075,2026-06-15,RVN_RN,22
57.08,53.2575,2026-06-15,RVN_RN,23
38.83,42.2225,2026-06-15,RVN_RN,24
41.18,40.2125,2026-06-16,RVN_RN,1
36.69,34.7225,2026-06-16,RVN_RN,2
35.19,32.3225,2026-06-16,RVN_RN,3
35.38,38.2425,2026-06-16,RVN_RN,4
37.29,44.64,2026-06-16,RVN_RN,5
42.31,45.4575,2026-06-16,RVN_RN,6
41.72,43.745,2026-06-16,RVN_RN,7
35.83,40.5675,2026-06-16,RVN_RN,8
26.22,28.6375,2026-06-16,RVN_RN,9
25.85,27.9125,2026-06-16,RVN_RN,10
26.47,31.19,2026-06-16,RVN_RN,11
26.03,32.5325,2026-06-16,RVN_RN,12
26.7,32.36,2026-06-16,RVN_RN,13
26.95,24.0325,2026-06-16,RVN_RN,14
29.56,23.575,2026-06-16,RVN_RN,15
31.92,25.0675,2026-06-16,RVN_RN,16
36.11,27.295,2026-06-16,RVN_RN,17
36.74,31.445,2026-06-16,RVN_RN,18
43.19,35.255,2026-06-16,RVN_RN,19
51.92,36.13,2026-06-16,RVN_RN,20
51.65,37.765,2026-06-16,RVN_RN,21
43.95,32.4775,2026-06-16,RVN_RN,22
34.82,27.9875,2026-06-16,RVN_RN,23
25.23,25.0375,2026-06-16,RVN_RN,24
24.94,25.0125,2026-06-17,RVN_RN,1
23.75,22.69,2026-06-17,RVN_RN,2
22.4,21.8625,2026-06-17,RVN_RN,3
21.17,21.15,2026-06-17,RVN_RN,4
21.74,21.6925,2026-06-17,RVN_RN,5
24.0,24.5075,2026-06-17,RVN_RN,6
25.0,24.585,2026-06-17,RVN_RN,7
22.78,20.6525,2026-06-17,RVN_RN,8
19.56,21.6225,2026-06-17,RVN_RN,9
22.88,23.8075,2026-06-17,RVN_RN,10
22.28,25.2425,2026-06-17,RVN_RN,11
24.31,21.2375,2026-06-17,RVN_RN,12
26.67,17.965,2026-06-17,RVN_RN,13
28.96,27.4725,2026-06-17,RVN_RN,14
33.44,35.405,2026-06-17,RVN_RN,15
33.95,30.245,2026-06-17,RVN_RN,16
36.59,29.195,2026-06-17,RVN_RN,17
35.62,23.7375,2026-06-17,RVN_RN,18
37.02,30.0275,2026-06-17,RVN_RN,19
44.2,40.9,2026-06-17,RVN_RN,20
45.71,36.87,2026-06-17,RVN_RN,21
39.11,35.6425,2026-06-17,RVN_RN,22
32.28,28.3275,2026-06-17,RVN_RN,23
26.41,25.0175,2026-06-17,RVN_RN,24
23.81,23.355,2026-06-18,RVN_RN,1
21.92,21.685,2026-06-18,RVN_RN,2
21.4,20.9725,2026-06-18,RVN_RN,3
20.73,22.095,2026-06-18,RVN_RN,4
21.28,22.775,2026-06-18,RVN_RN,5
22.53,22.9175,2026-06-18,RVN_RN,6
25.48,23.065,2026-06-18,RVN_RN,7
23.58,17.685,2026-06-18,RVN_RN,8
18.4,18.475,2026-06-18,RVN_RN,9
20.07,19.955,2026-06-18,RVN_RN,10
24.42,20.8625,2026-06-18,RVN_RN,11
30.26,24.2325,2026-06-18,RVN_RN,12
35.39,29.28,2026-06-18,RVN_RN,13
37.46,35.5175,2026-06-18,RVN_RN,14
36.63,37.3075,2026-06-18,RVN_RN,15
37.33,42.4325,2026-06-18,RVN_RN,16
41.29,44.11,2026-06-18,RVN_RN,17
40.98,43.765,2026-06-18,RVN_RN,18
45.64,44.2125,2026-06-18,RVN_RN,19
58.08,53.9725,2026-06-18,RVN_RN,20
61.58,48.805,2026-06-18,RVN_RN,21
57.33,49.145,2026-06-18,RVN_RN,22
49.47,57.1925,2026-06-18,RVN_RN,23
38.65,76.5025,2026-06-18,RVN_RN,24
44.07,72.8575,2026-06-19,RVN_RN,1
39.03,50.2725,2026-06-19,RVN_RN,2
37.11,50.38,2026-06-19,RVN_RN,3
35.29,45.005,2026-06-19,RVN_RN,4
36.4,35.08,2026-06-19,RVN_RN,5
40.22,34.265,2026-06-19,RVN_RN,6
36.71,30.8575,2026-06-19,RVN_RN,7
32.87,27.085,2026-06-19,RVN_RN,8
29.57,29.2825,2026-06-19,RVN_RN,9
28.67,26.225,2026-06-19,RVN_RN,10
28.63,26.6525,2026-06-19,RVN_RN,11
30.86,30.64,2026-06-19,RVN_RN,12
34.63,37.4375,2026-06-19,RVN_RN,13
35.46,36.425,2026-06-19,RVN_RN,14
36.44,34.065,2026-06-19,RVN_RN,15
37.93,41.8425,2026-06-19,RVN_RN,16
41.03,48.77,2026-06-19,RVN_RN,17
40.94,47.6675,2026-06-19,RVN_RN,18
40.72,32.23,2026-06-19,RVN_RN,19
54.55,50.43,2026-06-19,RVN_RN,20
64.0,53.455,2026-06-19,RVN_RN,21
66.82,40.66,2026-06-19,RVN_RN,22
69.66,33.4025,2026-06-19,RVN_RN,23
52.43,31.3475,2026-06-19,RVN_RN,24
42.91,34.5475,2026-06-20,RVN_RN,1
39.51,33.1675,2026-06-20,RVN_RN,2
36.32,27.2225,2026-06-20,RVN_RN,3
36.16,24.6275,2026-06-20,RVN_RN,4
34.91,24.1125,2026-06-20,RVN_RN,5
36.69,24.05,2026-06-20,RVN_RN,6
34.39,27.055,2026-06-20,RVN_RN,7
29.28,27.8225,2026-06-20,RVN_RN,8
23.69,25.7225,2026-06-20,RVN_RN,9
23.54,24.2075,2026-06-20,RVN_RN,10
22.67,24.1925,2026-06-20,RVN_RN,11
22.3,26.7275,2026-06-20,RVN_RN,12
24.01,27.3,2026-06-20,RVN_RN,13
24.05,29.0225,2026-06-20,RVN_RN,14
26.18,30.435,2026-06-20,RVN_RN,15
26.3,25.0225,2026-06-20,RVN_RN,16
26.89,27.175,2026-06-20,RVN_RN,17
26.48,25.5375,2026-06-20,RVN_RN,18
28.49,26.1525,2026-06-20,RVN_RN,19
34.24,29.6375,2026-06-20,RVN_RN,20
36.21,30.2325,2026-06-20,RVN_RN,21
35.13,26.7375,2026-06-20,RVN_RN,22
28.99,24.945,2026-06-20,RVN_RN,23
25.38,24.2075,2026-06-20,RVN_RN,24
24.67,23.1975,2026-06-21,RVN_RN,1
23.35,22.3775,2026-06-21,RVN_RN,2
22.33,20.67,2026-06-21,RVN_RN,3
21.49,19.355,2026-06-21,RVN_RN,4
20.3,19.98,2026-06-21,RVN_RN,5
21.18,19.8625,2026-06-21,RVN_RN,6
19.71,21.6725,2026-06-21,RVN_RN,7
17.3,18.385,2026-06-21,RVN_RN,8
15.05,19.1525,2026-06-21,RVN_RN,9
15.72,22.19,2026-06-21,RVN_RN,10
16.63,23.5775,2026-06-21,RVN_RN,11
19.68,18.0725,2026-06-21,RVN_RN,12
24.06,15.5325,2026-06-21,RVN_RN,13
26.03,17.91,2026-06-21,RVN_RN,14
25.31,21.705,2026-06-21,RVN_RN,15
24.62,21.135,2026-06-21,RVN_RN,16
26.06,28.51,2026-06-21,RVN_RN,17
26.01,28.605,2026-06-21,RVN_RN,18
28.25,28.09,2026-06-21,RVN_RN,19
35.68,35.8125,2026-06-21,RVN_RN,20
37.57,36.715,2026-06-21,RVN_RN,21
40.67,31.1975,2026-06-21,RVN_RN,22
33.91,29.0825,2026-06-21,RVN_RN,23
27.22,24.1025,2026-06-21,RVN_RN,24
25.16,23.055,2026-06-22,RVN_RN,1
23.23,21.8575,2026-06-22,RVN_RN,2
22.19,20.505,2026-06-22,RVN_RN,3
22.57,20.61,2026-06-22,RVN_RN,4
23.67,22.48,2026-06-22,RVN_RN,5
25.92,22.7375,2026-06-22,RVN_RN,6
25.98,28.325,2026-06-22,RVN_RN,7
23.63,28.5375,2026-06-22,RVN_RN,8
18.6,23.56,2026-06-22,RVN_RN,9
18.61,21.5675,2026-06-22,RVN_RN,10
19.87,21.4925,2026-06-22,RVN_RN,11
22.61,23.7675,2026-06-22,RVN_RN,12
26.56,26.3275,2026-06-22,RVN_RN,13
27.74,32.7525,2026-06-22,RVN_RN,14
27.93,44.04,2026-06-22,RVN_RN,15
27.76,37.3675,2026-06-22,RVN_RN,16
28.16,37.0025,2026-06-22,RVN_RN,17
24.28,36.45,2026-06-22,RVN_RN,18
31.28,40.255,2026-06-22,RVN_RN,19
49.05,65.86,2026-06-22,RVN_RN,20
57.48,69.965,2026-06-22,RVN_RN,21
50.8,57.12,2026-06-22,RVN_RN,22
53.45,40.26,2026-06-22,RVN_RN,23
41.58,35.865,2026-06-22,RVN_RN,24
40.29,36.775,2026-06-23,RVN_RN,1
33.88,29.16,2026-06-23,RVN_RN,2
30.96,28.225,2026-06-23,RVN_RN,3
29.76,27.54,2026-06-23,RVN_RN,4
30.37,27.6625,2026-06-23,RVN_RN,5
32.39,29.7925,2026-06-23,RVN_RN,6
34.05,33.0175,2026-06-23,RVN_RN,7
29.0,27.5,2026-06-23,RVN_RN,8
22.45,22.4225,2026-06-23,RVN_RN,9
21.59,24.96,2026-06-23,RVN_RN,10
21.66,33.3675,2026-06-23,RVN_RN,11
22.49,33.6425,2026-06-23,RVN_RN,12
23.86,58.15,2026-06-23,RVN_RN,13
30.6,52.0925,2026-06-23,RVN_RN,14
29.99,66.825,2026-06-23,RVN_RN,15
28.65,80.01,2026-06-23,RVN_RN,16
28.32,76.0725,2026-06-23,RVN_RN,17
27.81,53.0375,2026-06-23,RVN_RN,18
29.77,43.76,2026-06-23,RVN_RN,19
44.37,42.0175,2026-06-23,RVN_RN,20
43.12,37.32,2026-06-23,RVN_RN,21
41.05,38.445,2026-06-23,RVN_RN,22
32.8,40.76,2026-06-23,RVN_RN,23
28.13,35.2475,2026-06-23,RVN_RN,24
26.06,27.425,2026-06-24,RVN_RN,1
24.42,27.1025,2026-06-24,RVN_RN,2
23.93,25.1625,2026-06-24,RVN_RN,3
23.57,25.685,2026-06-24,RVN_RN,4
24.24,29.705,2026-06-24,RVN_RN,5
25.02,33.55,2026-06-24,RVN_RN,6
27.78,30.8825,2026-06-24,RVN_RN,7
24.09,26.1675,2026-06-24,RVN_RN,8
19.52,23.2525,2026-06-24,RVN_RN,9
18.97,26.4825,2026-06-24,RVN_RN,10
20.21,24.46,2026-06-24,RVN_RN,11
23.17,23.555,2026-06-24,RVN_RN,12
24.6,23.375,2026-06-24,RVN_RN,13
30.94,27.365,2026-06-24,RVN_RN,14
31.57,25.0825,2026-06-24,RVN_RN,15
29.28,23.875,2026-06-24,RVN_RN,16
29.17,23.865,2026-06-24,RVN_RN,17
27.09,23.705,2026-06-24,RVN_RN,18
29.25,29.55,2026-06-24,RVN_RN,19
43.01,45.745,2026-06-24,RVN_RN,20
47.77,44.4125,2026-06-24,RVN_RN,21
43.02,38.2475,2026-06-24,RVN_RN,22
37.55,38.0525,2026-06-24,RVN_RN,23
27.84,34.615,2026-06-24,RVN_RN,24
27.49,28.71,2026-06-25,RVN_RN,1
26.72,25.3025,2026-06-25,RVN_RN,2
24.93,24.7425,2026-06-25,RVN_RN,3
24.71,26.455,2026-06-25,RVN_RN,4
24.86,26.7925,2026-06-25,RVN_RN,5
26.92,25.7325,2026-06-25,RVN_RN,6
25.66,26.325,2026-06-25,RVN_RN,7
23.13,20.7825,2026-06-25,RVN_RN,8
18.92,16.5975,2026-06-25,RVN_RN,9
18.86,15.485,2026-06-25,RVN_RN,10
20.18,15.5,2026-06-25,RVN_RN,11
22.31,15.655,2026-06-25,RVN_RN,12
23.98,19.4525,2026-06-25,RVN_RN,13
28.1,20.4525,2026-06-25,RVN_RN,14
29.78,21.4225,2026-06-25,RVN_RN,15
33.22,23.04,2026-06-25,RVN_RN,16
31.69,24.5525,2026-06-25,RVN_RN,17
30.04,24.78,2026-06-25,RVN_RN,18
29.42,26.01,2026-06-25,RVN_RN,19
40.73,32.06,2026-06-25,RVN_RN,20
43.75,31.405,2026-06-25,RVN_RN,21
39.42,29.895,2026-06-25,RVN_RN,22
36.7,26.9675,2026-06-25,RVN_RN,23
34.73,24.6825,2026-06-25,RVN_RN,24
26.27,25.84,2026-06-26,RVN_RN,1
25.1,28.455,2026-06-26,RVN_RN,2
25.41,33.24,2026-06-26,RVN_RN,3
24.71,30.035,2026-06-26,RVN_RN,4
25.22,23.72,2026-06-26,RVN_RN,5
25.62,24.085,2026-06-26,RVN_RN,6
25.28,24.34,2026-06-26,RVN_RN,7
23.02,21.16,2026-06-26,RVN_RN,8
19.4,16.4975,2026-06-26,RVN_RN,9
18.96,14.1925,2026-06-26,RVN_RN,10
20.02,16.905,2026-06-26,RVN_RN,11
22.78,15.5875,2026-06-26,RVN_RN,12
26.29,21.3825,2026-06-26,RVN_RN,13
31.09,19.06,2026-06-26,RVN_RN,14
31.33,23.0625,2026-06-26,RVN_RN,15
30.68,22.3075,2026-06-26,RVN_RN,16
30.7,23.705,2026-06-26,RVN_RN,17
27.43,21.3675,2026-06-26,RVN_RN,18
30.29,23.0425,2026-06-26,RVN_RN,19
38.14,32.66,2026-06-26,RVN_RN,20
39.57,32.225,2026-06-26,RVN_RN,21
40.64,28.0625,2026-06-26,RVN_RN,22
34.63,25.2825,2026-06-26,RVN_RN,23
29.53,24.4675,2026-06-26,RVN_RN,24
24.5,24.5875,2026-06-27,RVN_RN,1
23.52,23.935,2026-06-27,RVN_RN,2
23.67,24.615,2026-06-27,RVN_RN,3
22.45,32.8725,2026-06-27,RVN_RN,4
23.84,67.1425,2026-06-27,RVN_RN,5
24.14,30.2075,2026-06-27,RVN_RN,6
22.0,24.8025,2026-06-27,RVN_RN,7
19.76,19.2225,2026-06-27,RVN_RN,8
16.78,16.2925,2026-06-27,RVN_RN,9
15.54,13.79,2026-06-27,RVN_RN,10
16.17,15.185,2026-06-27,RVN_RN,11
19.49,17.7575,2026-06-27,RVN_RN,12
23.26,18.9125,2026-06-27,RVN_RN,13
24.45,19.8075,2026-06-27,RVN_RN,14
26.51,20.8475,2026-06-27,RVN_RN,15
24.77,19.2575,2026-06-27,RVN_RN,16
25.63,20.365,2026-06-27,RVN_RN,17
28.2,20.5275,2026-06-27,RVN_RN,18
27.46,22.915,2026-06-27,RVN_RN,19
36.91,29.5175,2026-06-27,RVN_RN,20
35.91,29.4125,2026-06-27,RVN_RN,21
33.4,28.4125,2026-06-27,RVN_RN,22
32.38,27.305,2026-06-27,RVN_RN,23
27.59,25.86,2026-06-27,RVN_RN,24
24.27,23.84,2026-06-28,RVN_RN,1
23.72,24.0425,2026-06-28,RVN_RN,2
23.49,22.5775,2026-06-28,RVN_RN,3
23.29,22.6875,2026-06-28,RVN_RN,4
22.74,22.6725,2026-06-28,RVN_RN,5
22.82,22.215,2026-06-28,RVN_RN,6
21.72,21.16,2026-06-28,RVN_RN,7
18.8,17.03,2026-06-28,RVN_RN,8
16.89,16.5075,2026-06-28,RVN_RN,9
14.82,16.5825,2026-06-28,RVN_RN,10
15.86,16.3175,2026-06-28,RVN_RN,11
17.91,18.65,2026-06-28,RVN_RN,12
21.31,21.0325,2026-06-28,RVN_RN,13
22.77,19.6725,2026-06-28,RVN_RN,14
22.15,19.4975,2026-06-28,RVN_RN,15
23.46,20.5775,2026-06-28,RVN_RN,16
22.86,21.8575,2026-06-28,RVN_RN,17
24.02,21.0275,2026-06-28,RVN_RN,18
23.74,24.3825,2026-06-28,RVN_RN,19
37.18,33.1,2026-06-28,RVN_RN,20
37.51,34.4275,2026-06-28,RVN_RN,21
33.29,34.9525,2026-06-28,RVN_RN,22
33.41,30.895,2026-06-28,RVN_RN,23
26.35,26.3075,2026-06-28,RVN_RN,24
25.26,23.8475,2026-06-29,RVN_RN,1
23.92,22.5075,2026-06-29,RVN_RN,2
22.89,21.46,2026-06-29,RVN_RN,3
21.65,20.9525,2026-06-29,RVN_RN,4
21.9,20.5925,2026-06-29,RVN_RN,5
23.17,21.49,2026-06-29,RVN_RN,6
21.92,22.3575,2026-06-29,RVN_RN,7
21.27,20.375,2026-06-29,RVN_RN,8
18.08,20.42,2026-06-29,RVN_RN,9
18.89,19.1875,2026-06-29,RVN_RN,10
17.63,19.665,2026-06-29,RVN_RN,11
22.05,20.74,2026-06-29,RVN_RN,12
24.31,26.04,2026-06-29,RVN_RN,13
28.02,28.535,2026-06-29,RVN_RN,14
29.65,28.89,2026-06-29,RVN_RN,15
28.42,28.4075,2026-06-29,RVN_RN,16
28.6,27.6075,2026-06-29,RVN_RN,17
28.08,24.8525,2026-06-29,RVN_RN,18
29.64,25.6425,2026-06-29,RVN_RN,19
39.74,30.9775,2026-06-29,RVN_RN,20
38.62,30.85,2026-06-29,RVN_RN,21
34.67,30.64,2026-06-29,RVN_RN,22
35.76,28.1,2026-06-29,RVN_RN,23
28.19,26.35,2026-06-29,RVN_RN,24
24.88,24.9975,2026-06-30,RVN_RN,1
23.78,22.77,2026-06-30,RVN_RN,2
23.29,21.475,2026-06-30,RVN_RN,3
21.66,20.2175,2026-06-30,RVN_RN,4
21.79,20.24,2026-06-30,RVN_RN,5
23.15,21.115,2026-06-30,RVN_RN,6
23.29,21.71,2026-06-30,RVN_RN,7
22.61,19.095,2026-06-30,RVN_RN,8
19.6,17.34,2026-06-30,RVN_RN,9
19.41,17.3225,2026-06-30,RVN_RN,10
20.05,20.21,2026-06-30,RVN_RN,11
20.99,22.505,2026-06-30,RVN_RN,12
27.13,23.51,2026-06-30,RVN_RN,13
30.4,26.5825,2026-06-30,RVN_RN,14
29.88,28.1975,2026-06-30,RVN_RN,15
31.98,30.14,2026-06-30,RVN_RN,16
29.48,30.4025,2026-06-30,RVN_RN,17
26.53,29.14,2026-06-30,RVN_RN,18
28.33,29.32,2026-06-30,RVN_RN,19
38.76,33.3625,2026-06-30,RVN_RN,20
40.89,36.425,2026-06-30,RVN_RN,21
38.49,31.4475,2026-06-30,RVN_RN,22
34.21,31.115,2026-06-30,RVN_RN,23
27.32,29.255,2026-06-30,RVN_RN,24
27.04,28.2375,2026-07-01,RVN_RN,1
25.41,24.375,2026-07-01,RVN_RN,2
24.47,24.345,2026-07-01,RVN_RN,3
23.81,25.5875,2026-07-01,RVN_RN,4
23.67,24.365,2026-07-01,RVN_RN,5
25.06,23.395,2026-07-01,RVN_RN,6
24.83,22.6025,2026-07-01,RVN_RN,7
21.43,19.315,2026-07-01,RVN_RN,8
17.27,17.1675,2026-07-01,RVN_RN,9
18.66,18.7425,2026-07-01,RVN_RN,10
21.77,22.5975,2026-07-01,RVN_RN,11
25.2,23.285,2026-07-01,RVN_RN,12
30.97,22.815,2026-07-01,RVN_RN,13
30.34,26.2925,2026-07-01,RVN_RN,14
31.42,27.3975,2026-07-01,RVN_RN,15
31.33,30.235,2026-07-01,RVN_RN,16
31.03,33.33,2026-07-01,RVN_RN,17
29.08,30.94,2026-07-01,RVN_RN,18
30.78,30.26,2026-07-01,RVN_RN,19
44.73,39.0475,2026-07-01,RVN_RN,20
47.0,43.7075,2026-07-01,RVN_RN,21
42.9,48.73,2026-07-01,RVN_RN,22
39.17,48.88,2026-07-01,RVN_RN,23
31.44,28.9825,2026-07-01,RVN_RN,24
28.33,26.53,2026-07-02,RVN_RN,1
24.67,24.9625,2026-07-02,RVN_RN,2
23.72,24.2775,2026-07-02,RVN_RN,3
23.43,23.405,2026-07-02,RVN_RN,4
24.14,23.9275,2026-07-02,RVN_RN,5
25.48,26.3325,2026-07-02,RVN_RN,6
25.88,26.645,2026-07-02,RVN_RN,7
23.16,22.21,2026-07-02,RVN_RN,8
19.84,19.95,2026-07-02,RVN_RN,9
20.72,19.41,2026-07-02,RVN_RN,10
21.02,19.3325,2026-07-02,RVN_RN,11
24.39,21.1075,2026-07-02,RVN_RN,12
26.47,23.02,2026-07-02,RVN_RN,13
31.88,25.8275,2026-07-02,RVN_RN,14
30.46,27.9225,2026-07-02,RVN_RN,15
30.64,31.675,2026-07-02,RVN_RN,16
30.93,30.7175,2026-07-02,RVN_RN,17
31.0,25.6625,2026-07-02,RVN_RN,18
36.62,31.1375,2026-07-02,RVN_RN,19
49.33,31.0975,2026-07-02,RVN_RN,20
44.16,32.33,2026-07-02,RVN_RN,21
39.19,29.8375,2026-07-02,RVN_RN,22
35.4,29.1275,2026-07-02,RVN_RN,23
29.71,27.695,2026-07-02,RVN_RN,24
24.34,23.9725,2026-07-03,RVN_RN,1
23.2,23.6775,2026-07-03,RVN_RN,2
21.67,23.0375,2026-07-03,RVN_RN,3
21.8,22.045,2026-07-03,RVN_RN,4
21.71,21.68,2026-07-03,RVN_RN,5
23.17,22.9525,2026-07-03,RVN_RN,6
24.15,22.6125,2026-07-03,RVN_RN,7
21.54,18.0575,2026-07-03,RVN_RN,8
17.69,12.4125,2026-07-03,RVN_RN,9
16.96,10.98,2026-07-03,RVN_RN,10
18.25,11.4225,2026-07-03,RVN_RN,11
20.42,15.6275,2026-07-03,RVN_RN,12
24.26,21.225,2026-07-03,RVN_RN,13
27.36,23.275,2026-07-03,RVN_RN,14
29.27,24.995,2026-07-03,RVN_RN,15
30.48,24.9575,2026-07-03,RVN_RN,16
30.18,25.37,2026-07-03,RVN_RN,17
29.5,25.1325,2026-07-03,RVN_RN,18
34.79,27.045,2026-07-03,RVN_RN,19
44.8,33.23,2026-07-03,RVN_RN,20
44.31,36.825,2026-07-03,RVN_RN,21
39.63,34.155,2026-07-03,RVN_RN,22
34.84,30.21,2026-07-03,RVN_RN,23
27.8,25.1575,2026-07-03,RVN_RN,24
24.16,21.91,2026-07-04,RVN_RN,1
22.34,19.2725,2026-07-04,RVN_RN,2
22.43,20.36,2026-07-04,RVN_RN,3
21.48,20.225,2026-07-04,RVN_RN,4
22.16,19.58,2026-07-04,RVN_RN,5
23.0,21.3175,2026-07-04,RVN_RN,6
20.98,22.455,2026-07-04,RVN_RN,7
17.54,16.6525,2026-07-04,RVN_RN,8
15.03,12.365,2026-07-04,RVN_RN,9
14.48,12.1175,2026-07-04,RVN_RN,10
15.55,14.5725,2026-07-04,RVN_RN,11
17.14,20.34,2026-07-04,RVN_RN,12
20.87,24.4025,2026-07-04,RVN_RN,13
23.78,26.2725,2026-07-04,RVN_RN,14
26.49,25.945,2026-07-04,RVN_RN,15
28.67,25.6525,2026-07-04,RVN_RN,16
30.53,25.3975,2026-07-04,RVN_RN,17
29.52,29.9925,2026-07-04,RVN_RN,18
35.33,40.805,2026-07-04,RVN_RN,19
48.82,55.045,2026-07-04,RVN_RN,20
50.66,53.4225,2026-07-04,RVN_RN,21
48.13,50.5125,2026-07-04,RVN_RN,22
38.06,37.595,2026-07-04,RVN_RN,23
31.32,32.41,2026-07-04,RVN_RN,24
26.66,27.2525,2026-07-05,RVN_RN,1
25.79,26.05,2026-07-05,RVN_RN,2
24.88,25.7475,2026-07-05,RVN_RN,3
24.78,24.2175,2026-07-05,RVN_RN,4
24.61,22.215,2026-07-05,RVN_RN,5
25.76,23.4625,2026-07-05,RVN_RN,6
25.37,23.0025,2026-07-05,RVN_RN,7
23.08,18.5775,2026-07-05,RVN_RN,8
19.12,17.93,2026-07-05,RVN_RN,9
18.71,17.8625,2026-07-05,RVN_RN,10
19.28,18.4625,2026-07-05,RVN_RN,11
21.66,21.5975,2026-07-05,RVN_RN,12
23.82,29.95,2026-07-05,RVN_RN,13
26.77,29.845,2026-07-05,RVN_RN,14
30.79,32.8225,2026-07-05,RVN_RN,15
30.06,29.59,2026-07-05,RVN_RN,16
34.09,33.915,2026-07-05,RVN_RN,17
36.5,48.2125,2026-07-05,RVN_RN,18
43.64,39.7325,2026-07-05,RVN_RN,19
57.43,45.5775,2026-07-05,RVN_RN,20
68.68,31.975,2026-07-05,RVN_RN,21
61.72,26.56,2026-07-05,RVN_RN,22
61.94,25.725,2026-07-05,RVN_RN,23
40.73,28.26,2026-07-05,RVN_RN,24
37.55,31.8525,2026-07-06,RVN_RN,1
31.82,30.515,2026-07-06,RVN_RN,2
31.06,28.67,2026-07-06,RVN_RN,3
32.04,27.6425,2026-07-06,RVN_RN,4
32.34,27.7775,2026-07-06,RVN_RN,5
35.17,29.0025,2026-07-06,RVN_RN,6
40.57,29.7525,2026-07-06,RVN_RN,7
29.8,27.0025,2026-07-06,RVN_RN,8
23.21,22.1075,2026-07-06,RVN_RN,9
23.92,23.8725,2026-07-06,RVN_RN,10
25.54,23.93,2026-07-06,RVN_RN,11
24.93,25.8725,2026-07-06,RVN_RN,12
30.58,29.5975,2026-07-06,RVN_RN,13
33.24,34.4025,2026-07-06,RVN_RN,14
35.14,31.095,2026-07-06,RVN_RN,15
36.85,34.57,2026-07-06,RVN_RN,16
37.45,33.9425,2026-07-06,RVN_RN,17
37.99,25.0575,2026-07-06,RVN_RN,18
46.32,28.555,2026-07-06,RVN_RN,19
65.28,44.31,2026-07-06,RVN_RN,20
71.03,46.2325,2026-07-06,RVN_RN,21
51.35,45.73,2026-07-06,RVN_RN,22
45.67,50.535,2026-07-06,RVN_RN,23
35.24,41.955,2026-07-06,RVN_RN,24
31.47,38.2725,2026-07-07,RVN_RN,1
28.67,32.7975,2026-07-07,RVN_RN,2
26.74,31.4975,2026-07-07,RVN_RN,3
26.18,30.5875,2026-07-07,RVN_RN,4
27.48,29.4925,2026-07-07,RVN_RN,5
29.64,39.3375,2026-07-07,RVN_RN,6
30.19,40.37,2026-07-07,RVN_RN,7
24.16,24.2725,2026-07-07,RVN_RN,8
18.16,20.86,2026-07-07,RVN_RN,9
18.49,23.5525,2026-07-07,RVN_RN,10
19.11,24.4975,2026-07-07,RVN_RN,11
23.14,23.5075,2026-07-07,RVN_RN,12
27.52,29.21,2026-07-07,RVN_RN,13
32.6,35.1325,2026-07-07,RVN_RN,14
33.05,30.13,2026-07-07,RVN_RN,15
33.56,29.51,2026-07-07,RVN_RN,16
33.63,28.4875,2026-07-07,RVN_RN,17
34.39,29.1275,2026-07-07,RVN_RN,18
38.06,36.12,2026-07-07,RVN_RN,19
48.6,40.4025,2026-07-07,RVN_RN,20
54.29,43.5225,2026-07-07,RVN_RN,21
43.11,40.65,2026-07-07,RVN_RN,22
34.47,37.21,2026-07-07,RVN_RN,23
28.95,29.3075,2026-07-07,RVN_RN,24
28.37,23.7,2026-07-08,RVN_RN,1
26.12,22.4275,2026-07-08,RVN_RN,2
24.16,22.6825,2026-07-08,RVN_RN,3
23.62,21.55,2026-07-08,RVN_RN,4
24.07,19.375,2026-07-08,RVN_RN,5
24.71,21.55,2026-07-08,RVN_RN,6
24.31,23.085,2026-07-08,RVN_RN,7
21.11,18.505,2026-07-08,RVN_RN,8
16.28,16.45,2026-07-08,RVN_RN,9
16.19,17.5975,2026-07-08,RVN_RN,10
16.97,16.895,2026-07-08,RVN_RN,11
21.82,18.6925,2026-07-08,RVN_RN,12
29.73,23.8525,2026-07-08,RVN_RN,13
41.12,30.87,2026-07-08,RVN_RN,14
39.25,31.29,2026-07-08,RVN_RN,15
33.39,29.585,2026-07-08,RVN_RN,16
30.74,23.405,2026-07-08,RVN_RN,17
30.26,21.2275,2026-07-08,RVN_RN,18
31.0,25.965,2026-07-08,RVN_RN,19
43.33,37.825,2026-07-08,RVN_RN,20
42.92,48.3025,2026-07-08,RVN_RN,21
40.19,64.195,2026-07-08,RVN_RN,22
34.1,42.7975,2026-07-08,RVN_RN,23
26.96,28.64,2026-07-08,RVN_RN,24
26.51,24.9575,2026-07-09,RVN_RN,1
24.64,22.795,2026-07-09,RVN_RN,2
23.97,21.9325,2026-07-09,RVN_RN,3
23.12,19.0375,2026-07-09,RVN_RN,4
22.52,18.8575,2026-07-09,RVN_RN,5
24.14,20.7675,2026-07-09,RVN_RN,6
23.72,22.5925,2026-07-09,RVN_RN,7
20.29,17.5675,2026-07-09,RVN_RN,8
17.06,14.8575,2026-07-09,RVN_RN,9
16.08,17.53,2026-07-09,RVN_RN,10
16.54,19.6325,2026-07-09,RVN_RN,11
18.37,21.8775,2026-07-09,RVN_RN,12
23.83,23.26,2026-07-09,RVN_RN,13
29.93,27.55,2026-07-09,RVN_RN,14
31.05,23.055,2026-07-09,RVN_RN,15
31.92,22.4033,2026-07-09,RVN_RN,16
29.5,22.54,2026-07-09,RVN_RN,17
27.44,23.685,2026-07-09,RVN_RN,18
29.16,30.8375,2026-07-09,RVN_RN,19
40.09,44.4975,2026-07-09,RVN_RN,20
41.62,43.5325,2026-07-09,RVN_RN,21
37.79,47.8225,2026-07-09,RVN_RN,22
34.71,41.575,2026-07-09,RVN_RN,23
29.4,27.5975,2026-07-09,RVN_RN,24
26.1,25.18,2026-07-10,RVN_RN,1
24.76,24.4225,2026-07-10,RVN_RN,2
24.31,22.8425,2026-07-10,RVN_RN,3
23.75,22.025,2026-07-10,RVN_RN,4
23.72,22.8725,2026-07-10,RVN_RN,5
24.98,23.985,2026-07-10,RVN_RN,6
25.18,25.13,2026-07-10,RVN_RN,7
22.85,20.665,2026-07-10,RVN_RN,8
18.07,20.4825,2026-07-10,RVN_RN,9
17.25,25.4425,2026-07-10,RVN_RN,10
17.88,24.0925,2026-07-10,RVN_RN,11
19.18,21.59,2026-07-10,RVN_RN,12
23.27,21.805,2026-07-10,RVN_RN,13
29.25,22.7575,2026-07-10,RVN_RN,14
29.95,22.825,2026-07-10,RVN_RN,15
32.06,26.1225,2026-07-10,RVN_RN,16
30.32,27.4075,2026-07-10,RVN_RN,17
29.09,28.1525,2026-07-10,RVN_RN,18
30.06,27.645,2026-07-10,RVN_RN,19
39.48,40.5325,2026-07-10,RVN_RN,20
42.04,41.9225,2026-07-10,RVN_RN,21
39.5,41.6625,2026-07-10,RVN_RN,22
36.88,45.5325,2026-07-10,RVN_RN,23
30.03,34.8,2026-07-10,RVN_RN,24
27.36,35.1675,2026-07-11,RVN_RN,1
26.69,35.6125,2026-07-11,RVN_RN,2
26.07,29.81,2026-07-11,RVN_RN,3
25.96,27.0925,2026-07-11,RVN_RN,4
28.9,29.505,2026-07-11,RVN_RN,5
33.02,28.9675,2026-07-11,RVN_RN,6
28.22,31.8025,2026-07-11,RVN_RN,7
23.45,24.9975,2026-07-11,RVN_RN,8
18.84,23.5775,2026-07-11,RVN_RN,9
20.52,24.0475,2026-07-11,RVN_RN,10
22.87,21.445,2026-07-11,RVN_RN,11
25.51,15.9975,2026-07-11,RVN_RN,12
28.43,19.455,2026-07-11,RVN_RN,13
29.2,24.71,2026-07-11,RVN_RN,14
31.17,30.35,2026-07-11,RVN_RN,15
30.97,28.3925,2026-07-11,RVN_RN,16
31.26,23.3525,2026-07-11,RVN_RN,17
29.39,20.865,2026-07-11,RVN_RN,18
33.87,24.3075,2026-07-11,RVN_RN,19
40.87,31.58,2026-07-11,RVN_RN,20
41.8,35.665,2026-07-11,RVN_RN,21
43.97,29.125,2026-07-11,RVN_RN,22
40.55,27.6775,2026-07-11,RVN_RN,23
36.46,28.11,2026-07-11,RVN_RN,24
35.15,25.0975,2026-07-12,RVN_RN,1
30.14,22.6675,2026-07-12,RVN_RN,2
29.54,21.1675,2026-07-12,RVN_RN,3
32.3,21.81,2026-07-12,RVN_RN,4
31.63,23.5,2026-07-12,RVN_RN,5
32.59,24.56,2026-07-12,RVN_RN,6
29.08,25.385,2026-07-12,RVN_RN,7
23.26,22.605,2026-07-12,RVN_RN,8
19.11,20.47,2026-07-12,RVN_RN,9
21.36,21.06,2026-07-12,RVN_RN,10
21.54,20.825,2026-07-12,RVN_RN,11
21.84,22.7475,2026-07-12,RVN_RN,12
24.46,23.0675,2026-07-12,RVN_RN,13
26.27,22.94,2026-07-12,RVN_RN,14
27.69,27.95,2026-07-12,RVN_RN,15
29.06,26.7875,2026-07-12,RVN_RN,16
30.43,21.7275,2026-07-12,RVN_RN,17
30.84,21.765,2026-07-12,RVN_RN,18
32.65,29.2275,2026-07-12,RVN_RN,19
38.29,33.845,2026-07-12,RVN_RN,20
37.84,37.9625,2026-07-12,RVN_RN,21
42.91,36.7,2026-07-12,RVN_RN,22
47.12,34.65,2026-07-12,RVN_RN,23
43.72,36.2475,2026-07-12,RVN_RN,24
37.07,30.475,2026-07-13,RVN_RN,1
33.08,30.365,2026-07-13,RVN_RN,2
33.08,33.5025,2026-07-13,RVN_RN,3
35.89,39.4575,2026-07-13,RVN_RN,4
35.78,35.0425,2026-07-13,RVN_RN,5
40.2,34.725,2026-07-13,RVN_RN,6
40.75,31.645,2026-07-13,RVN_RN,7
37.15,31.35,2026-07-13,RVN_RN,8
29.56,26.4,2026-07-13,RVN_RN,9
29.84,26.23,2026-07-13,RVN_RN,10
28.14,27.89,2026-07-13,RVN_RN,11
27.45,30.74,2026-07-13,RVN_RN,12
28.02,27.4075,2026-07-13,RVN_RN,13
28.32,26.575,2026-07-13,RVN_RN,14
28.44,27.3575,2026-07-13,RVN_RN,15
31.09,25.8825,2026-07-13,RVN_RN,16
31.39,23.1125,2026-07-13,RVN_RN,17
31.88,23.7775,2026-07-13,RVN_RN,18
32.32,25.3475,2026-07-13,RVN_RN,19
44.41,30.1575,2026-07-13,RVN_RN,20
44.43,32.1525,2026-07-13,RVN_RN,21
43.47,29.2475,2026-07-13,RVN_RN,22
40.55,29.0625,2026-07-13,RVN_RN,23
35.29,28.53,2026-07-13,RVN_RN,24
36.04,26.695,2026-07-14,RVN_RN,1
32.78,28.395,2026-07-14,RVN_RN,2
31.52,27.87,2026-07-14,RVN_RN,3
30.27,27.4025,2026-07-14,RVN_RN,4
34.72,27.98,2026-07-14,RVN_RN,5
35.66,26.745,2026-07-14,RVN_RN,6
34.38,31.8275,2026-07-14,RVN_RN,7
29.39,32.3225,2026-07-14,RVN_RN,8
23.48,25.7575,2026-07-14,RVN_RN,9
23.57,23.1725,2026-07-14,RVN_RN,10
21.86,25.69,2026-07-14,RVN_RN,11
22.01,22.075,2026-07-14,RVN_RN,12
22.29,23.0325,2026-07-14,RVN_RN,13
21.37,24.5575,2026-07-14,RVN_RN,14
21.17,32.3475,2026-07-14,RVN_RN,15
21.5,22.5225,2026-07-14,RVN_RN,16
23.46,19.6225,2026-07-14,RVN_RN,17
23.05,18.305,2026-07-14,RVN_RN,18
25.72,20.4375,2026-07-14,RVN_RN,19
28.14,32.7475,2026-07-14,RVN_RN,20
34.1,39.5875,2026-07-14,RVN_RN,21
34.62,41.325,2026-07-14,RVN_RN,22
37.8,50.6675,2026-07-14,RVN_RN,23
35.81,48.6175,2026-07-14,RVN_RN,24
29.45,33.51,2026-07-15,RVN_RN,1
27.55,27.5525,2026-07-15,RVN_RN,2
28.36,29.4875,2026-07-15,RVN_RN,3
27.99,25.495,2026-07-15,RVN_RN,4
30.08,26.58,2026-07-15,RVN_RN,5
30.13,27.605,2026-07-15,RVN_RN,6
29.13,25.575,2026-07-15,RVN_RN,7
27.01,25.035,2026-07-15,RVN_RN,8
23.02,23.4525,2026-07-15,RVN_RN,9
21.58,23.0075,2026-07-15,RVN_RN,10
21.08,25.8025,2026-07-15,RVN_RN,11
21.26,27.1175,2026-07-15,RVN_RN,12
21.97,27.4225,2026-07-15,RVN_RN,13
23.68,25.76,2026-07-15,RVN_RN,14
23.65,24.4225,2026-07-15,RVN_RN,15
24.05,22.73,2026-07-15,RVN_RN,16
24.16,20.5,2026-07-15,RVN_RN,17
24.06,20.155,2026-07-15,RVN_RN,18
24.84,27.1375,2026-07-15,RVN_RN,19
29.85,35.4625,2026-07-15,RVN_RN,20
32.53,39.2225,2026-07-15,RVN_RN,21
29.91,39.9175,2026-07-15,RVN_RN,22
29.31,31.985,2026-07-15,RVN_RN,23
28.63,29.51,2026-07-15,RVN_RN,24
29.05,26.7925,2026-07-16,RVN_RN,1
26.96,26.61,2026-07-16,RVN_RN,2
26.25,28.505,2026-07-16,RVN_RN,3
28.15,27.1075,2026-07-16,RVN_RN,4
29.33,31.555,2026-07-16,RVN_RN,5
30.5,39.4,2026-07-16,RVN_RN,6
30.4,37.16,2026-07-16,RVN_RN,7
27.55,33.46,2026-07-16,RVN_RN,8
25.52,25.335,2026-07-16,RVN_RN,9
23.85,23.9275,2026-07-16,RVN_RN,10
22.07,25.95,2026-07-16,RVN_RN,11
21.22,26.8175,2026-07-16,RVN_RN,12
20.9,30.07,2026-07-16,RVN_RN,13
20.85,27.905,2026-07-16,RVN_RN,14
21.76,29.685,2026-07-16,RVN_RN,15
22.25,44.76,2026-07-16,RVN_RN,16
22.53,52.7625,2026-07-16,RVN_RN,17
23.3,39.975,2026-07-16,RVN_RN,18
24.85,39.3125,2026-07-16,RVN_RN,19
35.43,40.8675,2026-07-16,RVN_RN,20
37.36,33.1625,2026-07-16,RVN_RN,21
35.28,29.3,2026-07-16,RVN_RN,22
33.26,29.535,2026-07-16,RVN_RN,23
28.13,28.1125,2026-07-16,RVN_RN,24
27.73,25.5975,2026-07-17,RVN_RN,1
25.15,24.87,2026-07-17,RVN_RN,2
24.19,24.3375,2026-07-17,RVN_RN,3
24.13,23.295,2026-07-17,RVN_RN,4
24.33,23.0875,2026-07-17,RVN_RN,5
25.13,23.815,2026-07-17,RVN_RN,6
25.37,23.2775,2026-07-17,RVN_RN,7
23.42,22.4075,2026-07-17,RVN_RN,8
21.91,21.3725,2026-07-17,RVN_RN,9
19.56,21.435,2026-07-17,RVN_RN,10
19.17,23.3925,2026-07-17,RVN_RN,11
19.47,19.845,2026-07-17,RVN_RN,12
20.75,17.6025,2026-07-17,RVN_RN,13
22.46,21.635,2026-07-17,RVN_RN,14
24.16,23.25,2026-07-17,RVN_RN,15
25.65,21.9775,2026-07-17,RVN_RN,16
26.23,23.785,2026-07-17,RVN_RN,17
25.53,25.1325,2026-07-17,RVN_RN,18
26.81,24.655,2026-07-17,RVN_RN,19
35.25,33.1125,2026-07-17,RVN_RN,20
37.46,38.025,2026-07-17,RVN_RN,21
38.25,36.8325,2026-07-17,RVN_RN,22
36.69,59.275,2026-07-17,RVN_RN,23
29.79,41.1975,2026-07-17,RVN_RN,24
28.65,31.01,2026-07-18,RVN_RN,1
25.76,24.455,2026-07-18,RVN_RN,2
23.46,22.7475,2026-07-18,RVN_RN,3
22.71,22.075,2026-07-18,RVN_RN,4
22.34,22.0225,2026-07-18,RVN_RN,5
23.06,21.5825,2026-07-18,RVN_RN,6
22.06,22.4225,2026-07-18,RVN_RN,7
19.03,18.3,2026-07-18,RVN_RN,8
16.95,16.17,2026-07-18,RVN_RN,9
16.37,14.5475,2026-07-18,RVN_RN,10
15.77,13.6425,2026-07-18,RVN_RN,11
18.99,11.3925,2026-07-18,RVN_RN,12
22.23,17.895,2026-07-18,RVN_RN,13
24.05,19.7975,2026-07-18,RVN_RN,14
25.85,19.525,2026-07-18,RVN_RN,15
27.54,23.005,2026-07-18,RVN_RN,16
27.61,21.4025,2026-07-18,RVN_RN,17
27.32,20.5925,2026-07-18,RVN_RN,18
29.54,24.505,2026-07-18,RVN_RN,19
39.24,34.2025,2026-07-18,RVN_RN,20
41.47,34.515,2026-07-18,RVN_RN,21
37.59,34.6375,2026-07-18,RVN_RN,22
36.08,36.5575,2026-07-18,RVN_RN,23
31.69,39.67,2026-07-18,RVN_RN,24
32.98,40.26,2026-07-19,RVN_RN,1
30.63,43.1975,2026-07-19,RVN_RN,2
29.07,38.3925,2026-07-19,RVN_RN,3
26.35,27.6675,2026-07-19,RVN_RN,4
25.06,26.7575,2026-07-19,RVN_RN,5
25.58,27.445,2026-07-19,RVN_RN,6
23.76,26.0125,2026-07-19,RVN_RN,7
21.63,21.7625,2026-07-19,RVN_RN,8
16.71,20.49,2026-07-19,RVN_RN,9
16.63,19.4825,2026-07-19,RVN_RN,10
17.2,19.605,2026-07-19,RVN_RN,11
19.73,18.8525,2026-07-19,RVN_RN,12
19.99,20.65,2026-07-19,RVN_RN,13
23.92,23.04,2026-07-19,RVN_RN,14
25.89,23.79,2026-07-19,RVN_RN,15
27.24,27.9825,2026-07-19,RVN_RN,16
27.9,29.0975,2026-07-19,RVN_RN,17
28.58,29.78,2026-07-19,RVN_RN,18
32.02,41.1775,2026-07-19,RVN_RN,19
43.64,68.2725,2026-07-19,RVN_RN,20
46.19,68.05,2026-07-19,RVN_RN,21
42.02,51.5525,2026-07-19,RVN_RN,22
47.42,37.385,2026-07-19,RVN_RN,23
37.19,33.71,2026-07-19,RVN_RN,24
32.14,28.465,2026-07-20,RVN_RN,1
29.31,24.73,2026-07-20,RVN_RN,2
26.81,24.315,2026-07-20,RVN_RN,3
26.2,24.4075,2026-07-20,RVN_RN,4
25.96,23.6625,2026-07-20,RVN_RN,5
27.28,24.0975,2026-07-20,RVN_RN,6
27.18,24.9325,2026-07-20,RVN_RN,7
23.2,22.63,2026-07-20,RVN_RN,8
17.53,19.7475,2026-07-20,RVN_RN,9
18.57,19.895,2026-07-20,RVN_RN,10
20.28,21.5625,2026-07-20,RVN_RN,11
22.8,23.3075,2026-07-20,RVN_RN,12
27.54,26.1625,2026-07-20,RVN_RN,13
31.19,24.4,2026-07-20,RVN_RN,14
30.13,24.845,2026-07-20,RVN_RN,15
32.9,24.705,2026-07-20,RVN_RN,16
31.36,27.8375,2026-07-20,RVN_RN,17
32.66,24.9775,2026-07-20,RVN_RN,18
36.44,51.12,2026-07-20,RVN_RN,19
71.94,60.4825,2026-07-20,RVN_RN,20
68.07,121.06,2026-07-20,RVN_RN,21
58.37,50.565,2026-07-20,RVN_RN,22
41.67,36.205,2026-07-20,RVN_RN,23
34.71,33.025,2026-07-20,RVN_RN,24
28.71,24.605,2026-07-21,RVN_RN,1
25.59,23.205,2026-07-21,RVN_RN,2
23.77,22.94,2026-07-21,RVN_RN,3
23.8,23.94,2026-07-21,RVN_RN,4
24.37,23.7125,2026-07-21,RVN_RN,5
25.97,26.04,2026-07-21,RVN_RN,6
34.06,28.2025,2026-07-21,RVN_RN,7
28.02,24.96,2026-07-21,RVN_RN,8
19.4,20.7375,2026-07-21,RVN_RN,9
20.88,21.2925,2026-07-21,RVN_RN,10
23.65,20.1625,2026-07-21,RVN_RN,11
28.61,20.7725,2026-07-21,RVN_RN,12
31.7,25.245,2026-07-21,RVN_RN,13
28.23,29.7875,2026-07-21,RVN_RN,14
29.03,25.6925,2026-07-21,RVN_RN,15
29.57,26.0675,2026-07-21,RVN_RN,16
37.03,25.1375,2026-07-21,RVN_RN,17
36.44,27.525,2026-07-21,RVN_RN,18
64.26,51.76,2026-07-21,RVN_RN,19
208.79,145.6525,2026-07-21,RVN_RN,20
197.14,141.9475,2026-07-21,RVN_RN,21
169.16,79.6,2026-07-21,RVN_RN,22
76.83,120.0675,2026-07-21,RVN_RN,23
41.0,52.3125,2026-07-21,RVN_RN,24
43.31,37.4825,2026-07-22,RVN_RN,1
35.7,34.2575,2026-07-22,RVN_RN,2
33.09,33.6025,2026-07-22,RVN_RN,3
33.4,31.475,2026-07-22,RVN_RN,4
31.1,33.04,2026-07-22,RVN_RN,5
33.22,36.34,2026-07-22,RVN_RN,6
37.72,37.5225,2026-07-22,RVN_RN,7
31.6,32.17,2026-07-22,RVN_RN,8
22.85,25.0675,2026-07-22,RVN_RN,9
24.09,26.3125,2026-07-22,RVN_RN,10
28.94,26.0675,2026-07-22,RVN_RN,11
31.95,26.0625,2026-07-22,RVN_RN,12
28.97,38.7125,2026-07-22,RVN_RN,13
34.89,43.3625,2026-07-22,RVN_RN,14
39.91,45.255,2026-07-22,RVN_RN,15
45.09,44.2175,2026-07-22,RVN_RN,16
52.52,48.175,2026-07-22,RVN_RN,17
58.0,50.38,2026-07-22,RVN_RN,18
102.43,99.7875,2026-07-22,RVN_RN,19
215.27,132.815,2026-07-22,RVN_RN,20
229.25,151.2875,2026-07-22,RVN_RN,21
166.29,207.66,2026-07-22,RVN_RN,22
101.8,195.355,2026-07-22,RVN_RN,23
55.85,66.03,2026-07-22,RVN_RN,24
53.02,59.6425,2026-07-23,RVN_RN,1
43.83,55.03,2026-07-23,RVN_RN,2
38.04,41.0675,2026-07-23,RVN_RN,3
36.83,37.3775,2026-07-23,RVN_RN,4
37.21,38.0375,2026-07-23,RVN_RN,5
41.2,39.56,2026-07-23,RVN_RN,6
43.67,45.9525,2026-07-23,RVN_RN,7
32.96,35.8625,2026-07-23,RVN_RN,8
23.95,25.42,2026-07-23,RVN_RN,9
23.42,26.8125,2026-07-23,RVN_RN,10
24.84,27.965,2026-07-23,RVN_RN,11
27.03,31.1125,2026-07-23,RVN_RN,12
31.96,34.275,2026-07-23,RVN_RN,13
38.52,45.885,2026-07-23,RVN_RN,14
38.09,52.24,2026-07-23,RVN_RN,15
41.85,53.6875,2026-07-23,RVN_RN,16
34.76,50.0775,2026-07-23,RVN_RN,17
35.31,44.79,2026-07-23,RVN_RN,18
39.58,40.7525,2026-07-23,RVN_RN,19
55.19,43.11,2026-07-23,RVN_RN,20
58.94,43.0275,2026-07-23,RVN_RN,21
50.07,38.27,2026-07-23,RVN_RN,22
40.61,33.5225,2026-07-23,RVN_RN,23
36.19,34.05,2026-07-23,RVN_RN,24
35.19,34.1175,2026-07-24,RVN_RN,1
32.1,30.63,2026-07-24,RVN_RN,2
30.37,25.0975,2026-07-24,RVN_RN,3
29.37,24.22,2026-07-24,RVN_RN,4
30.55,24.385,2026-07-24,RVN_RN,5
32.35,30.02,2026-07-24,RVN_RN,6
35.43,30.615,2026-07-24,RVN_RN,7
32.16,29.295,2026-07-24,RVN_RN,8
25.15,23.1325,2026-07-24,RVN_RN,9
24.77,21.7375,2026-07-24,RVN_RN,10
26.65,22.115,2026-07-24,RVN_RN,11
31.02,22.58,2026-07-24,RVN_RN,12
34.15,25.365,2026-07-24,RVN_RN,13
40.71,24.7,2026-07-24,RVN_RN,14
38.89,27.1125,2026-07-24,RVN_RN,15
39.05,30.2825,2026-07-24,RVN_RN,16
38.27,25.6775,2026-07-24,RVN_RN,17
37.73,25.4975,2026-07-24,RVN_RN,18
38.12,25.325,2026-07-24,RVN_RN,19
41.89,32.6875,2026-07-24,RVN_RN,20
43.98,32.6,2026-07-24,RVN_RN,21
43.32,31.2225,2026-07-24,RVN_RN,22
37.56,30.595,2026-07-24,RVN_RN,23
30.5,27.5725,2026-07-24,RVN_RN,24
27.59,25.445,2026-07-25,RVN_RN,1
24.88,24.315,2026-07-25,RVN_RN,2
23.72,23.5,2026-07-25,RVN_RN,3
23.8,23.195,2026-07-25,RVN_RN,4
22.91,23.115,2026-07-25,RVN_RN,5
23.08,23.2875,2026-07-25,RVN_RN,6
22.3,22.7025,2026-07-25,RVN_RN,7
20.85,19.5725,2026-07-25,RVN_RN,8
17.67,15.155,2026-07-25,RVN_RN,9
17.2,13.745,2026-07-25,RVN_RN,10
19.85,12.3475,2026-07-25,RVN_RN,11
22.7,11.385,2026-07-25,RVN_RN,12
25.68,16.8625,2026-07-25,RVN_RN,13
26.97,18.515,2026-07-25,RVN_RN,14
24.97,20.7925,2026-07-25,RVN_RN,15
29.16,22.4675,2026-07-25,RVN_RN,16
30.14,24.935,2026-07-25,RVN_RN,17
30.66,26.335,2026-07-25,RVN_RN,18
34.21,31.8875,2026-07-25,RVN_RN,19
44.72,39.2525,2026-07-25,RVN_RN,20
47.34,40.2525,2026-07-25,RVN_RN,21
41.36,42.725,2026-07-25,RVN_RN,22
34.88,33.0575,2026-07-25,RVN_RN,23
30.07,25.33,2026-07-25,RVN_RN,24
25.5,22.7075,2026-07-26,RVN_RN,1
23.98,21.6475,2026-07-26,RVN_RN,2
22.94,21.0925,2026-07-26,RVN_RN,3
22.55,21.4725,2026-07-26,RVN_RN,4
21.93,21.0875,2026-07-26,RVN_RN,5
21.72,20.9325,2026-07-26,RVN_RN,6
20.9,21.0,2026-07-26,RVN_RN,7
19.08,18.9925,2026-07-26,RVN_RN,8
15.72,12.3175,2026-07-26,RVN_RN,9
15.99,12.0025,2026-07-26,RVN_RN,10
18.46,14.9475,2026-07-26,RVN_RN,11
21.18,16.95,2026-07-26,RVN_RN,12
24.86,21.01,2026-07-26,RVN_RN,13
25.06,22.72,2026-07-26,RVN_RN,14
26.34,22.7275,2026-07-26,RVN_RN,15
30.19,24.22,2026-07-26,RVN_RN,16
29.31,27.16,2026-07-26,RVN_RN,17
28.99,27.3425,2026-07-26,RVN_RN,18
34.47,28.46,2026-07-26,RVN_RN,19
43.05,38.3275,2026-07-26,RVN_RN,20
45.43,39.48,2026-07-26,RVN_RN,21
39.87,34.185,2026-07-26,RVN_RN,22
35.13,28.0425,2026-07-26,RVN_RN,23
29.29,23.4925,2026-07-26,RVN_RN,24
24.43,20.05,2026-07-27,RVN_RN,1
23.06,18.6775,2026-07-27,RVN_RN,2
22.07,18.08,2026-07-27,RVN_RN,3
21.87,18.115,2026-07-27,RVN_RN,4
21.98,18.365,2026-07-27,RVN_RN,5
22.51,21.1025,2026-07-27,RVN_RN,6
23.0,23.0125,2026-07-27,RVN_RN,7
20.42,20.3275,2026-07-27,RVN_RN,8
17.13,17.0425,2026-07-27,RVN_RN,9
19.6,16.92,2026-07-27,RVN_RN,10
25.06,18.29,2026-07-27,RVN_RN,11
31.09,23.7725,2026-07-27,RVN_RN,12
35.2,24.795,2026-07-27,RVN_RN,13
37.82,26.8875,2026-07-27,RVN_RN,14
35.43,30.795,2026-07-27,RVN_RN,15
37.15,37.2075,2026-07-27,RVN_RN,16
38.65,34.5575,2026-07-27,RVN_RN,17
35.0,33.085,2026-07-27,RVN_RN,18
37.93,26.355,2026-07-27,RVN_RN,19
54.43,37.2175,2026-07-27,RVN_RN,20
61.48,37.47,2026-07-27,RVN_RN,21
48.53,32.9775,2026-07-27,RVN_RN,22
39.37,27.3475,2026-07-27,RVN_RN,23
31.14,25.5675,2026-07-27,RVN_RN,24
25.29,24.0425,2026-07-28,RVN_RN,1
24.36,22.62,2026-07-28,RVN_RN,2
23.31,21.4,2026-07-28,RVN_RN,3
22.64,20.5425,2026-07-28,RVN_RN,4
23.54,20.7425,2026-07-28,RVN_RN,5
23.98,23.7375,2026-07-28,RVN_RN,6
23.99,26.255,2026-07-28,RVN_RN,7
22.63,24.2525,2026-07-28,RVN_RN,8
17.47,19.3975,2026-07-28,RVN_RN,9
18.43,20.6425,2026-07-28,RVN_RN,10
21.15,24.79,2026-07-28,RVN_RN,11
25.89,23.815,2026-07-28,RVN_RN,12
28.2,29.235,2026-07-28,RVN_RN,13
31.3,32.1675,2026-07-28,RVN_RN,14
32.78,31.715,2026-07-28,RVN_RN,15
35.33,34.705,2026-07-28,RVN_RN,16
35.55,33.385,2026-07-28,RVN_RN,17
33.75,30.265,2026-07-28,RVN_RN,18
35.33,32.7875,2026-07-28,RVN_RN,19
54.66,47.29,2026-07-28,RVN_RN,20
62.44,50.5275,2026-07-28,RVN_RN,21
53.26,42.7125,2026-07-28,RVN_RN,22
43.88,34.0775,2026-07-28,RVN_RN,23
32.04,30.27,2026-07-28,RVN_RN,24
27.65,26.32,2026-07-29,RVN_RN,1
25.37,24.6925,2026-07-29,RVN_RN,2
24.25,23.985,2026-07-29,RVN_RN,3
24.07,23.375,2026-07-29,RVN_RN,4
25.04,25.6325,2026-07-29,RVN_RN,5
27.45,32.8675,2026-07-29,RVN_RN,6
29.66,35.675,2026-07-29,RVN_RN,7
26.61,31.0875,2026-07-29,RVN_RN,8
20.7,22.095,2026-07-29,RVN_RN,9
21.36,21.87,2026-07-29,RVN_RN,10
22.86,21.405,2026-07-29,RVN_RN,11
25.6,23.835,2026-07-29,RVN_RN,12
24.95,33.2975,2026-07-29,RVN_RN,13
31.87,30.0825,2026-07-29,RVN_RN,14
32.2,37.3725,2026-07-29,RVN_RN,15
34.9,38.455,2026-07-29,RVN_RN,16
35.45,39.835,2026-07-29,RVN_RN,17
33.06,36.5825,2026-07-29,RVN_RN,18
39.73,38.0275,2026-07-29,RVN_RN,19
60.6,46.35,2026-07-29,RVN_RN,20
69.89,47.285,2026-07-29,RVN_RN,21
63.12,38.765,2026-07-29,RVN_RN,22
46.08,34.255,2026-07-29,RVN_RN,23
33.97,29.45,2026-07-29,RVN_RN,24
29.65,26.525,2026-07-30,RVN_RN,1
25.96,25.265,2026-07-30,RVN_RN,2
25.09,24.595,2026-07-30,RVN_RN,3
24.59,25.1475,2026-07-30,RVN_RN,4
24.69,26.235,2026-07-30,RVN_RN,5
26.56,30.095,2026-07-30,RVN_RN,6
31.59,30.4375,2026-07-30,RVN_RN,7
27.12,26.4,2026-07-30,RVN_RN,8
22.23,19.8725,2026-07-30,RVN_RN,9
20.94,18.8875,2026-07-30,RVN_RN,10
23.05,18.5425,2026-07-30,RVN_RN,11
23.65,20.1275,2026-07-30,RVN_RN,12
24.19,27.25,2026-07-30,RVN_RN,13
24.66,28.7475,2026-07-30,RVN_RN,14
23.9,38.765,2026-07-30,RVN_RN,15
24.56,40.0825,2026-07-30,RVN_RN,16
24.33,39.97,2026-07-30,RVN_RN,17
24.85,36.2325,2026-07-30,RVN_RN,18
40.83,38.82,2026-07-30,RVN_RN,19
59.22,47.25,2026-07-30,RVN_RN,20
62.46,41.3975,2026-07-30,RVN_RN,21
61.24,33.395,2026-07-30,RVN_RN,22
42.94,27.14,2026-07-30,RVN_RN,23
31.08,25.2,2026-07-30,RVN_RN,24
27.95,24.3975,2026-07-31,RVN_RN,1
25.34,22.88,2026-07-31,RVN_RN,2
23.58,22.4475,2026-07-31,RVN_RN,3
24.14,22.075,2026-07-31,RVN_RN,4
23.42,21.56,2026-07-31,RVN_RN,5
24.75,22.03,2026-07-31,RVN_RN,6
25.2,22.755,2026-07-31,RVN_RN,7
23.16,20.1025,2026-07-31,RVN_RN,8
19.57,18.4775,2026-07-31,RVN_RN,9
17.54,19.5175,2026-07-31,RVN_RN,10
20.48,18.8,2026-07-31,RVN_RN,11
23.62,25.73,2026-07-31,RVN_RN,12
34.48,33.4,2026-07-31,RVN_RN,13
34.55,30.7675,2026-07-31,RVN_RN,14
35.72,38.4625,2026-07-31,RVN_RN,15
40.75,38.78,2026-07-31,RVN_RN,16
36.66,35.8825,2026-07-31,RVN_RN,17
34.77,31.52,2026-07-31,RVN_RN,18
46.23,32.1275,2026-07-31,RVN_RN,19
87.31,48.2775,2026-07-31,RVN_RN,20
89.66,54.2425,2026-07-31,RVN_RN,21
92.86,39.9,2026-07-31,RVN_RN,22
77.74,37.5075,2026-07-31,RVN_RN,23
47.25,32.455,2026-07-31,RVN_RN,24
35.16,31.5675,2026-08-01,RVN_RN,1
33.24,26.755,2026-08-01,RVN_RN,2
29.99,26.1525,2026-08-01,RVN_RN,3
30.03,27.565,2026-08-01,RVN_RN,4
29.83,30.81,2026-08-01,RVN_RN,5
29.03,28.8875,2026-08-01,RVN_RN,6
29.39,30.0275,2026-08-01,RVN_RN,7
26.61,28.1175,2026-08-01,RVN_RN,8
21.5,20.78,2026-08-01,RVN_RN,9
20.57,22.4725,2026-08-01,RVN_RN,10
20.62,23.0575,2026-08-01,RVN_RN,11
21.48,23.6075,2026-08-01,RVN_RN,12
26.07,23.635,2026-08-01,RVN_RN,13
29.01,23.065,2026-08-01,RVN_RN,14
29.46,26.01,2026-08-01,RVN_RN,15
36.3,25.7375,2026-08-01,RVN_RN,16
38.83,25.6675,2026-08-01,RVN_RN,17
39.63,25.93,2026-08-01,RVN_RN,18
50.43,36.0425,2026-08-01,RVN_RN,19
75.51,46.965,2026-08-01,RVN_RN,20
64.7,54.9225,2026-08-01,RVN_RN,21
69.51,42.305,2026-08-01,RVN_RN,22
77.24,38.34,2026-08-01,RVN_RN,23
51.33,37.5575,2026-08-01,RVN_RN,24
42.76,38.1025,2026-08-02,RVN_RN,1
39.94,35.375,2026-08-02,RVN_RN,2
35.93,33.3675,2026-08-02,RVN_RN,3
33.89,31.59,2026-08-02,RVN_RN,4
32.99,32.3275,2026-08-02,RVN_RN,5
32.33,32.2875,2026-08-02,RVN_RN,6
32.89,28.88,2026-08-02,RVN_RN,7
26.64,27.63,2026-08-02,RVN_RN,8
18.47,19.4775,2026-08-02,RVN_RN,9
18.08,19.8525,2026-08-02,RVN_RN,10
19.41,22.6175,2026-08-02,RVN_RN,11
22.02,20.0775,2026-08-02,RVN_RN,12
25.61,24.18,2026-08-02,RVN_RN,13
31.96,26.47,2026-08-02,RVN_RN,14
33.88,25.7375,2026-08-02,RVN_RN,15
40.21,25.93,2026-08-02,RVN_RN,16
43.54,30.89,2026-08-02,RVN_RN,17
42.53,28.7725,2026-08-02,RVN_RN,18
53.65,35.8125,2026-08-02,RVN_RN,19
82.1,45.7925,2026-08-02,RVN_RN,20
81.61,39.2725,2026-08-02,RVN_RN,21
61.73,35.0,2026-08-02,RVN_RN,22
41.62,29.3375,2026-08-02,RVN_RN,23
32.06,24.8425,2026-08-02,RVN_RN,24
25.63,22.3,2026-08-03,RVN_RN,1
22.56,20.85,2026-08-03,RVN_RN,2
21.53,22.04,2026-08-03,RVN_RN,3
20.78,21.755,2026-08-03,RVN_RN,4
20.72,23.32,2026-08-03,RVN_RN,5
23.87,25.0775,2026-08-03,RVN_RN,6
22.07,25.595,2026-08-03,RVN_RN,7
19.41,20.985,2026-08-03,RVN_RN,8
15.36,16.1075,2026-08-03,RVN_RN,9
17.16,19.1625,2026-08-03,RVN_RN,10
19.57,21.61,2026-08-03,RVN_RN,11
24.5,23.2875,2026-08-03,RVN_RN,12
30.54,32.4575,2026-08-03,RVN_RN,13
34.02,39.295,2026-08-03,RVN_RN,14
33.43,33.025,2026-08-03,RVN_RN,15
37.2,31.16,2026-08-03,RVN_RN,16
37.92,31.63,2026-08-03,RVN_RN,17
33.04,24.045,2026-08-03,RVN_RN,18
35.22,25.6775,2026-08-03,RVN_RN,19
47.83,32.81,2026-08-03,RVN_RN,20
47.68,32.61,2026-08-03,RVN_RN,21
37.0,27.9925,2026-08-03,RVN_RN,22
31.9,23.47,2026-08-03,RVN_RN,23
26.55,23.0675,2026-08-03,RVN_RN,24
21.28,22.2125,2026-08-04,RVN_RN,1
20.25,19.47,2026-08-04,RVN_RN,2
19.84,17.875,2026-08-04,RVN_RN,3
18.81,17.91,2026-08-04,RVN_RN,4
18.85,18.725,2026-08-04,RVN_RN,5
20.42,19.645,2026-08-04,RVN_RN,6
20.37,20.2825,2026-08-04,RVN_RN,7
19.23,19.9,2026-08-04,RVN_RN,8
15.99,17.135,2026-08-04,RVN_RN,9
18.94,16.18,2026-08-04,RVN_RN,10
21.94,19.0975,2026-08-04,RVN_RN,11
28.65,24.205,2026-08-04,RVN_RN,12
31.17,31.9425,2026-08-04,RVN_RN,13
31.77,29.385,2026-08-04,RVN_RN,14
33.81,34.99,2026-08-04,RVN_RN,15
35.61,29.945,2026-08-04,RVN_RN,16
34.26,33.3125,2026-08-04,RVN_RN,17
32.54,30.8675,2026-08-04,RVN_RN,18
34.75,32.155,2026-08-04,RVN_RN,19
42.53,39.2425,2026-08-04,RVN_RN,20
44.3,46.575,2026-08-04,RVN_RN,21
48.08,54.96,2026-08-04,RVN_RN,22
36.96,40.5175,2026-08-04,RVN_RN,23
29.92,27.7075,2026-08-04,RVN_RN,24
24.28,26.115,2026-08-05,RVN_RN,1
22.51,25.0975,2026-08-05,RVN_RN,2
21.59,25.605,2026-08-05,RVN_RN,3
21.46,24.4375,2026-08-05,RVN_RN,4
21.83,24.6275,2026-08-05,RVN_RN,5
23.72,27.57,2026-08-05,RVN_RN,6
23.36,31.2975,2026-08-05,RVN_RN,7
22.26,27.1625,2026-08-05,RVN_RN,8
18.5,21.755,2026-08-05,RVN_RN,9
19.29,19.9275,2026-08-05,RVN_RN,10
21.75,20.26,2026-08-05,RVN_RN,11
25.65,21.815,2026-08-05,RVN_RN,12
27.88,23.965,2026-08-05,RVN_RN,13
29.88,22.555,2026-08-05,RVN_RN,14
31.32,23.675,2026-08-05,RVN_RN,15
33.2,23.7925,2026-08-05,RVN_RN,16
34.09,24.55,2026-08-05,RVN_RN,17
33.98,26.565,2026-08-05,RVN_RN,18
36.0,35.5475,2026-08-05,RVN_RN,19
41.02,44.7225,2026-08-05,RVN_RN,20
40.92,61.865,2026-08-05,RVN_RN,21
39.08,64.395,2026-08-05,RVN_RN,22
35.45,40.2925,2026-08-05,RVN_RN,23
28.74,29.875,2026-08-05,RVN_RN,24
22.49,28.6725,2026-08-06,RVN_RN,1
21.05,24.7375,2026-08-06,RVN_RN,2
20.22,24.2025,2026-08-06,RVN_RN,3
20.57,24.63,2026-08-06,RVN_RN,4
21.09,25.43,2026-08-06,RVN_RN,5
23.09,27.1125,2026-08-06,RVN_RN,6
25.19,27.4775,2026-08-06,RVN_RN,7
23.75,26.2125,2026-08-06,RVN_RN,8
19.28,20.285,2026-08-06,RVN_RN,9
19.74,17.3975,2026-08-06,RVN_RN,10
26.35,19.525,2026-08-06,RVN_RN,11
31.26,25.755,2026-08-06,RVN_RN,12
29.96,26.605,2026-08-06,RVN_RN,13
32.48,25.8775,2026-08-06,RVN_RN,14
36.63,25.0575,2026-08-06,RVN_RN,15
35.24,27.7225,2026-08-06,RVN_RN,16
34.77,30.1525,2026-08-06,RVN_RN,17
31.32,31.365,2026-08-06,RVN_RN,18
32.97,36.6075,2026-08-06,RVN_RN,19
40.04,52.0075,2026-08-06,RVN_RN,20
41.09,54.19,2026-08-06,RVN_RN,21
39.99,73.395,2026-08-06,RVN_RN,22
32.76,46.1,2026-08-06,RVN_RN,23
26.78,30.965,2026-08-06,RVN_RN,24
26.98,23.79,2026-08-07,RVN_RN,1
23.91,24.0175,2026-08-07,RVN_RN,2
23.38,25.95,2026-08-07,RVN_RN,3
21.94,22.8425,2026-08-07,RVN_RN,4
22.05,23.7,2026-08-07,RVN_RN,5
23.86,30.575,2026-08-07,RVN_RN,6
26.74,27.215,2026-08-07,RVN_RN,7
23.98,21.71,2026-08-07,RVN_RN,8
19.09,17.645,2026-08-07,RVN_RN,9
18.58,15.3025,2026-08-07,RVN_RN,10
20.24,15.7325,2026-08-07,RVN_RN,11
23.61,21.9975,2026-08-07,RVN_RN,12
27.18,27.425,2026-08-07,RVN_RN,13
30.5,31.29,2026-08-07,RVN_RN,14
30.73,39.815,2026-08-07,RVN_RN,15
30.77,39.5625,2026-08-07,RVN_RN,16
31.64,39.235,2026-08-07,RVN_RN,17
29.78,46.6,2026-08-07,RVN_RN,18
35.34,64.69,2026-08-07,RVN_RN,19
44.14,63.8125,2026-08-07,RVN_RN,20
43.96,54.49,2026-08-07,RVN_RN,21
43.33,39.025,2026-08-07,RVN_RN,22
38.11,35.3625,2026-08-07,RVN_RN,23
31.01,29.7525,2026-08-07,RVN_RN,24
28.2,32.93,2026-08-08,RVN_RN,1
25.87,28.4325,2026-08-08,RVN_RN,2
25.75,25.1925,2026-08-08,RVN_RN,3
24.72,23.9575,2026-08-08,RVN_RN,4
24.62,24.845,2026-08-08,RVN_RN,5
25.34,28.5925,2026-08-08,RVN_RN,6
24.23,28.0375,2026-08-08,RVN_RN,7
23.88,26.49,2026-08-08,RVN_RN,8
18.86,20.9725,2026-08-08,RVN_RN,9
17.93,21.745,2026-08-08,RVN_RN,10
18.36,24.02,2026-08-08,RVN_RN,11
21.29,24.395,2026-08-08,RVN_RN,12
22.23,34.03,2026-08-08,RVN_RN,13
24.14,30.3925,2026-08-08,RVN_RN,14
25.57,33.3825,2026-08-08,RVN_RN,15
28.0,39.52,2026-08-08,RVN_RN,16
28.1,40.83,2026-08-08,RVN_RN,17
26.8,42.14,2026-08-08,RVN_RN,18
34.44,44.1475,2026-08-08,RVN_RN,19
41.52,48.99,2026-08-08,RVN_RN,20
41.84,46.1375,2026-08-08,RVN_RN,21
38.09,48.3325,2026-08-08,RVN_RN,22
34.12,35.485,2026-08-08,RVN_RN,23
28.04,29.305,2026-08-08,RVN_RN,24
29.78,29.0875,2026-08-09,RVN_RN,1
26.96,24.6975,2026-08-09,RVN_RN,2
24.31,23.7575,2026-08-09,RVN_RN,3
23.4,22.9625,2026-08-09,RVN_RN,4
23.38,23.94,2026-08-09,RVN_RN,5
23.79,23.865,2026-08-09,RVN_RN,6
22.65,24.1725,2026-08-09,RVN_RN,7
20.38,21.44,2026-08-09,RVN_RN,8
15.94,17.5825,2026-08-09,RVN_RN,9
15.91,17.56,2026-08-09,RVN_RN,10
17.03,17.4775,2026-08-09,RVN_RN,11
19.46,19.8425,2026-08-09,RVN_RN,12
25.42,23.8225,2026-08-09,RVN_RN,13
24.87,31.2325,2026-08-09,RVN_RN,14
26.32,36.6,2026-08-09,RVN_RN,15
27.72,36.2825,2026-08-09,RVN_RN,16
28.2,36.365,2026-08-09,RVN_RN,17
27.07,40.1625,2026-08-09,RVN_RN,18
32.03,36.6725,2026-08-09,RVN_RN,19
44.2,48.0225,2026-08-09,RVN_RN,20
46.27,53.59,2026-08-09,RVN_RN,21
44.34,57.6725,2026-08-09,RVN_RN,22
35.69,43.5375,2026-08-09,RVN_RN,23
29.14,31.4875,2026-08-09,RVN_RN,24
24.85,27.8625,2026-08-10,RVN_RN,1
23.32,23.3975,2026-08-10,RVN_RN,2
21.89,22.555,2026-08-10,RVN_RN,3
21.66,21.8025,2026-08-10,RVN_RN,4
22.05,21.5775,2026-08-10,RVN_RN,5
23.79,22.5975,2026-08-10,RVN_RN,6
23.75,23.4875,2026-08-10,RVN_RN,7
22.07,21.295,2026-08-10,RVN_RN,8
18.54,17.4325,2026-08-10,RVN_RN,9
18.02,18.9575,2026-08-10,RVN_RN,10
20.64,20.805,2026-08-10,RVN_RN,11
23.63,22.16,2026-08-10,RVN_RN,12
24.4,23.6975,2026-08-10,RVN_RN,13
26.63,24.3025,2026-08-10,RVN_RN,14
27.6,26.0075,2026-08-10,RVN_RN,15
27.54,25.2375,2026-08-10,RVN_RN,16
28.58,23.33,2026-08-10,RVN_RN,17
28.98,19.0825,2026-08-10,RVN_RN,18
35.61,22.7125,2026-08-10,RVN_RN,19
41.28,27.945,2026-08-10,RVN_RN,20
42.05,27.1325,2026-08-10,RVN_RN,21
40.5,25.73,2026-08-10,RVN_RN,22
35.35,23.835,2026-08-10,RVN_RN,23
28.22,22.465,2026-08-10,RVN_RN,24
23.94,21.2675,2026-08-11,RVN_RN,1
22.26,19.665,2026-08-11,RVN_RN,2
21.55,17.885,2026-08-11,RVN_RN,3
21.44,17.7925,2026-08-11,RVN_RN,4
21.45,17.535,2026-08-11,RVN_RN,5
22.39,19.11,2026-08-11,RVN_RN,6
22.47,20.86,2026-08-11,RVN_RN,7
21.76,20.025,2026-08-11,RVN_RN,8
16.66,15.185,2026-08-11,RVN_RN,9
16.0,15.2425,2026-08-11,RVN_RN,10
18.82,20.41,2026-08-11,RVN_RN,11
20.55,23.6875,2026-08-11,RVN_RN,12
24.52,20.195,2026-08-11,RVN_RN,13
27.37,26.48,2026-08-11,RVN_RN,14
26.23,28.535,2026-08-11,RVN_RN,15
27.65,26.38,2026-08-11,RVN_RN,16
29.64,26.52,2026-08-11,RVN_RN,17
27.24,27.555,2026-08-11,RVN_RN,18
31.42,30.4075,2026-08-11,RVN_RN,19
38.59,48.37,2026-08-11,RVN_RN,20
41.72,46.5075,2026-08-11,RVN_RN,21
37.78,64.27,2026-08-11,RVN_RN,22
33.22,35.725,2026-08-11,RVN_RN,23
26.44,28.1025,2026-08-11,RVN_RN,24
23.21,22.43,2026-08-12,RVN_RN,1
22.14,21.6475,2026-08-12,RVN_RN,2
21.45,20.8625,2026-08-12,RVN_RN,3
20.65,21.075,2026-08-12,RVN_RN,4
20.41,21.7575,2026-08-12,RVN_RN,5
21.92,23.125,2026-08-12,RVN_RN,6
21.47,23.9125,2026-08-12,RVN_RN,7
19.46,20.055,2026-08-12,RVN_RN,8
16.85,15.6375,2026-08-12,RVN_RN,9
16.73,18.94,2026-08-12,RVN_RN,10
17.98,20.3725,2026-08-12,RVN_RN,11
20.91,22.705,2026-08-12,RVN_RN,12
23.46,28.535,2026-08-12,RVN_RN,13
25.7,31.17,2026-08-12,RVN_RN,14
27.24,35.675,2026-08-12,RVN_RN,15
29.12,38.47,2026-08-12,RVN_RN,16
30.75,40.015,2026-08-12,RVN_RN,17
30.57,42.6925,2026-08-12,RVN_RN,18
31.72,45.545,2026-08-12,RVN_RN,19
35.3,51.385,2026-08-12,RVN_RN,20
35.95,56.6275,2026-08-12,RVN_RN,21
34.21,40.32,2026-08-12,RVN_RN,22
31.54,34.185,2026-08-12,RVN_RN,23
25.25,25.9375,2026-08-12,RVN_RN,24
23.62,23.3125,2026-08-13,RVN_RN,1
22.19,22.6025,2026-08-13,RVN_RN,2
21.04,21.545,2026-08-13,RVN_RN,3
19.67,20.3225,2026-08-13,RVN_RN,4
20.4,20.525,2026-08-13,RVN_RN,5
22.11,21.505,2026-08-13,RVN_RN,6
21.96,23.255,2026-08-13,RVN_RN,7
20.52,21.645,2026-08-13,RVN_RN,8
17.51,16.035,2026-08-13,RVN_RN,9
17.19,15.31,2026-08-13,RVN_RN,10
19.53,18.295,2026-08-13,RVN_RN,11
23.59,23.6875,2026-08-13,RVN_RN,12
27.91,24.7,2026-08-13,RVN_RN,13
30.33,33.3625,2026-08-13,RVN_RN,14
28.99,37.7225,2026-08-13,RVN_RN,15
30.55,37.525,2026-08-13,RVN_RN,16
31.13,33.1575,2026-08-13,RVN_RN,17
30.99,35.705,2026-08-13,RVN_RN,18
31.53,40.5625,2026-08-13,RVN_RN,19
36.84,49.2,2026-08-13,RVN_RN,20
36.67,65.2675,2026-08-13,RVN_RN,21
38.79,37.61,2026-08-13,RVN_RN,22
33.37,37.305,2026-08-13,RVN_RN,23
27.58,33.845,2026-08-13,RVN_RN,24
24.24,28.2575,2026-08-14,RVN_RN,1
23.06,25.085,2026-08-14,RVN_RN,2
22.12,23.28,2026-08-14,RVN_RN,3
21.92,22.3725,2026-08-14,RVN_RN,4
21.63,21.355,2026-08-14,RVN_RN,5
22.76,21.935,2026-08-14,RVN_RN,6
23.51,23.365,2026-08-14,RVN_RN,7
22.24,24.5325,2026-08-14,RVN_RN,8
19.41,18.455,2026-08-14,RVN_RN,9
18.23,20.25,2026-08-14,RVN_RN,10
20.87,19.9325,2026-08-14,RVN_RN,11
27.42,23.185,2026-08-14,RVN_RN,12
22.85,31.2725,2026-08-14,RVN_RN,13
24.76,24.1575,2026-08-14,RVN_RN,14
27.09,25.025,2026-08-14,RVN_RN,15
26.86,29.1275,2026-08-14,RVN_RN,16
27.96,24.97,2026-08-14,RVN_RN,17
32.64,24.1225,2026-08-14,RVN_RN,18
37.39,25.4375,2026-08-14,RVN_RN,19
40.34,29.8875,2026-08-14,RVN_RN,20
38.76,29.1325,2026-08-14,RVN_RN,21
38.46,26.755,2026-08-14,RVN_RN,22
35.52,26.5475,2026-08-14,RVN_RN,23
29.84,25.7825,2026-08-14,RVN_RN,24
24.61,23.6825,2026-08-15,RVN_RN,1
24.47,23.3775,2026-08-15,RVN_RN,2
23.42,23.4925,2026-08-15,RVN_RN,3
22.49,23.1375,2026-08-15,RVN_RN,4
22.14,23.7325,2026-08-15,RVN_RN,5
22.94,25.4775,2026-08-15,RVN_RN,6
23.66,25.3775,2026-08-15,RVN_RN,7
22.79,23.29,2026-08-15,RVN_RN,8
17.77,15.7425,2026-08-15,RVN_RN,9
15.66,15.4125,2026-08-15,RVN_RN,10
18.12,18.48,2026-08-15,RVN_RN,11
24.81,21.265,2026-08-15,RVN_RN,12
26.57,24.7575,2026-08-15,RVN_RN,13
28.56,27.575,2026-08-15,RVN_RN,14
27.69,31.28,2026-08-15,RVN_RN,15
29.21,31.68,2026-08-15,RVN_RN,16
31.29,29.8925,2026-08-15,RVN_RN,17
32.37,27.105,2026-08-15,RVN_RN,18
37.01,31.905,2026-08-15,RVN_RN,19
43.76,40.3,2026-08-15,RVN_RN,20
43.37,37.365,2026-08-15,RVN_RN,21
43.84,31.0175,2026-08-15,RVN_RN,22
38.14,32.8975,2026-08-15,RVN_RN,23
31.88,36.03,2026-08-15,RVN_RN,24
24.97,34.21,2026-08-16,RVN_RN,1
23.66,30.3025,2026-08-16,RVN_RN,2
22.95,29.3475,2026-08-16,RVN_RN,3
22.79,25.57,2026-08-16,RVN_RN,4
22.14,23.5075,2026-08-16,RVN_RN,5
23.01,26.6725,2026-08-16,RVN_RN,6
22.43,27.4375,2026-08-16,RVN_RN,7
20.45,22.1,2026-08-16,RVN_RN,8
16.38,17.4525,2026-08-16,RVN_RN,9
14.77,16.2675,2026-08-16,RVN_RN,10
15.7,16.9125,2026-08-16,RVN_RN,11
19.1,18.565,2026-08-16,RVN_RN,12
24.41,21.4,2026-08-16,RVN_RN,13
27.79,25.4575,2026-08-16,RVN_RN,14
30.08,34.275,2026-08-16,RVN_RN,15
32.58,30.435,2026-08-16,RVN_RN,16
32.87,32.575,2026-08-16,RVN_RN,17
34.51,29.8225,2026-08-16,RVN_RN,18
46.43,38.0675,2026-08-16,RVN_RN,19
62.47,74.5525,2026-08-16,RVN_RN,20
59.2,90.2125,2026-08-16,RVN_RN,21
56.07,68.495,2026-08-16,RVN_RN,22
52.33,32.9875,2026-08-16,RVN_RN,23
32.03,27.025,2026-08-16,RVN_RN,24
29.2,23.9525,2026-08-17,RVN_RN,1
26.89,24.0575,2026-08-17,RVN_RN,2
26.11,23.0,2026-08-17,RVN_RN,3
24.79,22.025,2026-08-17,RVN_RN,4
26.6,21.8675,2026-08-17,RVN_RN,5
29.63,25.0975,2026-08-17,RVN_RN,6
32.53,28.875,2026-08-17,RVN_RN,7
31.4,29.225,2026-08-17,RVN_RN,8
21.72,19.405,2026-08-17,RVN_RN,9
21.07,17.44,2026-08-17,RVN_RN,10
23.38,19.025,2026-08-17,RVN_RN,11
27.0,22.6075,2026-08-17,RVN_RN,12
29.56,41.305,2026-08-17,RVN_RN,13
25.34,37.6475,2026-08-17,RVN_RN,14
29.34,28.1775,2026-08-17,RVN_RN,15
32.62,29.555,2026-08-17,RVN_RN,16
34.71,26.7575,2026-08-17,RVN_RN,17
41.0,29.9075,2026-08-17,RVN_RN,18
68.92,60.005,2026-08-17,RVN_RN,19
115.65,187.615,2026-08-17,RVN_RN,20
116.96,300.415,2026-08-17,RVN_RN,21
119.26,105.865,2026-08-17,RVN_RN,22
77.64,41.85,2026-08-17,RVN_RN,23
38.12,29.57,2026-08-17,RVN_RN,24
29.31,28.7,2026-08-18,RVN_RN,1
26.03,24.325,2026-08-18,RVN_RN,2
24.52,23.305,2026-08-18,RVN_RN,3
23.94,22.4775,2026-08-18,RVN_RN,4
24.1,21.7375,2026-08-18,RVN_RN,5
25.1,22.3075,2026-08-18,RVN_RN,6
26.01,25.485,2026-08-18,RVN_RN,7
24.99,23.49,2026-08-18,RVN_RN,8
19.43,15.72,2026-08-18,RVN_RN,9
18.41,15.8575,2026-08-18,RVN_RN,10
20.21,15.705,2026-08-18,RVN_RN,11
25.42,22.0875,2026-08-18,RVN_RN,12
26.31,29.95,2026-08-18,RVN_RN,13
24.83,29.4425,2026-08-18,RVN_RN,14
29.77,29.3425,2026-08-18,RVN_RN,15
34.67,25.7,2026-08-18,RVN_RN,16
37.38,31.0175,2026-08-18,RVN_RN,17
37.14,25.14,2026-08-18,RVN_RN,18
54.12,40.7425,2026-08-18,RVN_RN,19
69.28,93.1025,2026-08-18,RVN_RN,20
71.53,79.13,2026-08-18,RVN_RN,21
56.18,47.49,2026-08-18,RVN_RN,22
41.29,29.15,2026-08-18,RVN_RN,23
30.24,24.7575,2026-08-18,RVN_RN,24
25.11,23.245,2026-08-19,RVN_RN,1
22.75,21.27,2026-08-19,RVN_RN,2
21.79,19.75,2026-08-19,RVN_RN,3
22.12,18.415,2026-08-19,RVN_RN,4
21.94,18.1225,2026-08-19,RVN_RN,5
23.0,18.7575,2026-08-19,RVN_RN,6
22.93,19.465,2026-08-19,RVN_RN,7
20.99,18.3125,2026-08-19,RVN_RN,8
17.43,16.085,2026-08-19,RVN_RN,9
16.97,14.315,2026-08-19,RVN_RN,10
18.33,15.6025,2026-08-19,RVN_RN,11
20.15,20.9175,2026-08-19,RVN_RN,12
24.58,24.5625,2026-08-19,RVN_RN,13
28.99,24.8925,2026-08-19,RVN_RN,14
29.86,29.375,2026-08-19,RVN_RN,15
36.42,26.8775,2026-08-19,RVN_RN,16
37.57,26.8475,2026-08-19,RVN_RN,17
37.0,25.9625,2026-08-19,RVN_RN,18
51.72,48.82,2026-08-19,RVN_RN,19
88.94,53.57,2026-08-19,RVN_RN,20
90.13,50.115,2026-08-19,RVN_RN,21
62.33,36.07,2026-08-19,RVN_RN,22
40.78,28.9275,2026-08-19,RVN_RN,23
31.54,25.5725,2026-08-19,RVN_RN,24
23.93,23.7825,2026-08-20,RVN_RN,1
21.99,22.1475,2026-08-20,RVN_RN,2
21.8,21.46,2026-08-20,RVN_RN,3
22.16,21.0325,2026-08-20,RVN_RN,4
23.23,19.5625,2026-08-20,RVN_RN,5
24.95,21.29,2026-08-20,RVN_RN,6
27.33,23.265,2026-08-20,RVN_RN,7
25.1,22.4925,2026-08-20,RVN_RN,8
20.27,16.3125,2026-08-20,RVN_RN,9
18.99,17.13,2026-08-20,RVN_RN,10
20.19,20.145,2026-08-20,RVN_RN,11
23.15,22.8425,2026-08-20,RVN_RN,12
26.42,27.35,2026-08-20,RVN_RN,13
30.27,30.045,2026-08-20,RVN_RN,14
41.21,26.7,2026-08-20,RVN_RN,15
42.62,31.21,2026-08-20,RVN_RN,16
42.72,25.455,2026-08-20,RVN_RN,17
43.17,23.0875,2026-08-20,RVN_RN,18
77.14,44.825,2026-08-20,RVN_RN,19
136.41,62.615,2026-08-20,RVN_RN,20
134.44,61.5475,2026-08-20,RVN_RN,21
113.14,55.5925,2026-08-20,RVN_RN,22
58.14,34.375,2026-08-20,RVN_RN,23
35.96,28.41,2026-08-20,RVN_RN,24
27.51,26.16,2026-08-21,RVN_RN,1
24.58,26.99,2026-08-21,RVN_RN,2
24.24,26.94,2026-08-21,RVN_RN,3
24.15,26.665,2026-08-21,RVN_RN,4
23.93,28.82,2026-08-21,RVN_RN,5
26.58,29.6575,2026-08-21,RVN_RN,6
27.6,29.905,2026-08-21,RVN_RN,7
26.83,29.09,2026-08-21,RVN_RN,8
20.52,21.1725,2026-08-21,RVN_RN,9
19.38,23.455,2026-08-21,RVN_RN,10
21.11,24.9625,2026-08-21,RVN_RN,11
24.73,23.785,2026-08-21,RVN_RN,12
25.25,26.0825,2026-08-21,RVN_RN,13
23.46,25.625,2026-08-21,RVN_RN,14
29.52,33.625,2026-08-21,RVN_RN,15
36.94,36.24,2026-08-21,RVN_RN,16
41.6,33.685,2026-08-21,RVN_RN,17
43.63,32.5425,2026-08-21,RVN_RN,18
101.27,40.485,2026-08-21,RVN_RN,19
120.26,49.0375,2026-08-21,RVN_RN,20
101.9,45.0475,2026-08-21,RVN_RN,21
72.82,37.8875,2026-08-21,RVN_RN,22
46.44,31.7075,2026-08-21,RVN_RN,23
31.74,29.5325,2026-08-21,RVN_RN,24
26.53,27.8875,2026-08-22,RVN_RN,1
24.64,24.9625,2026-08-22,RVN_RN,2
23.37,23.9225,2026-08-22,RVN_RN,3
22.41,24.815,2026-08-22,RVN_RN,4
22.3,24.2325,2026-08-22,RVN_RN,5
23.05,22.615,2026-08-22,RVN_RN,6
23.44,21.5275,2026-08-22,RVN_RN,7
22.5,21.01,2026-08-22,RVN_RN,8
18.35,19.86,2026-08-22,RVN_RN,9
18.43,20.5,2026-08-22,RVN_RN,10
19.61,20.0675,2026-08-22,RVN_RN,11
22.45,22.3225,2026-08-22,RVN_RN,12
28.67,33.795,2026-08-22,RVN_RN,13
31.71,41.7575,2026-08-22,RVN_RN,14
33.84,42.4425,2026-08-22,RVN_RN,15
37.9,31.5825,2026-08-22,RVN_RN,16
47.57,24.23,2026-08-22,RVN_RN,17
50.23,34.5875,2026-08-22,RVN_RN,18
74.79,48.98,2026-08-22,RVN_RN,19
97.59,68.625,2026-08-22,RVN_RN,20
88.37,55.165,2026-08-22,RVN_RN,21
69.1,48.8575,2026-08-22,RVN_RN,22
40.9,110.585,2026-08-22,RVN_RN,23
31.42,212.3525,2026-08-22,RVN_RN,24
31.5,74.7875,2026-08-23,RVN_RN,1
27.41,61.775,2026-08-23,RVN_RN,2
24.65,38.785,2026-08-23,RVN_RN,3
23.72,40.0425,2026-08-23,RVN_RN,4
23.5,31.2025,2026-08-23,RVN_RN,5
23.76,33.46,2026-08-23,RVN_RN,6
23.61,35.8875,2026-08-23,RVN_RN,7
22.03,28.15,2026-08-23,RVN_RN,8
18.51,24.9675,2026-08-23,RVN_RN,9
16.74,23.865,2026-08-23,RVN_RN,10
17.69,22.4775,2026-08-23,RVN_RN,11
20.78,21.6825,2026-08-23,RVN_RN,12
25.99,27.735,2026-08-23,RVN_RN,13
33.51,36.325,2026-08-23,RVN_RN,14
34.23,42.735,2026-08-23,RVN_RN,15
33.61,41.2075,2026-08-23,RVN_RN,16
36.31,30.925,2026-08-23,RVN_RN,17
38.98,38.855,2026-08-23,RVN_RN,18
52.94,52.4625,2026-08-23,RVN_RN,19
76.74,199.5375,2026-08-23,RVN_RN,20
64.23,289.8275,2026-08-23,RVN_RN,21
54.98,331.3875,2026-08-23,RVN_RN,22
36.08,43.6925,2026-08-23,RVN_RN,23
28.94,31.2125,2026-08-23,RVN_RN,24
28.98,26.115,2026-08-24,RVN_RN,1
24.18,22.1725,2026-08-24,RVN_RN,2
23.35,21.1375,2026-08-24,RVN_RN,3
22.92,20.4575,2026-08-24,RVN_RN,4
22.9,20.5025,2026-08-24,RVN_RN,5
23.72,21.82,2026-08-24,RVN_RN,6
23.62,22.355,2026-08-24,RVN_RN,7
23.14,21.0725,2026-08-24,RVN_RN,8
18.23,17.525,2026-08-24,RVN_RN,9
17.16,16.5025,2026-08-24,RVN_RN,10
19.59,16.6425,2026-08-24,RVN_RN,11
23.01,14.2775,2026-08-24,RVN_RN,12
31.42,9.7375,2026-08-24,RVN_RN,13
36.34,35.2175,2026-08-24,RVN_RN,14
37.76,38.3075,2026-08-24,RVN_RN,15
40.68,26.0225,2026-08-24,RVN_RN,16
40.52,26.0475,2026-08-24,RVN_RN,17
40.42,27.155,2026-08-24,RVN_RN,18
53.85,47.8075,2026-08-24,RVN_RN,19
74.21,95.13,2026-08-24,RVN_RN,20
72.34,70.885,2026-08-24,RVN_RN,21
55.84,35.23,2026-08-24,RVN_RN,22
40.19,27.4775,2026-08-24,RVN_RN,23
30.15,24.8175,2026-08-24,RVN_RN,24
24.19,23.1225,2026-08-25,RVN_RN,1
22.72,22.0575,2026-08-25,RVN_RN,2
21.85,21.5125,2026-08-25,RVN_RN,3
21.52,20.915,2026-08-25,RVN_RN,4
21.7,19.9325,2026-08-25,RVN_RN,5
22.62,22.59,2026-08-25,RVN_RN,6
23.15,28.67,2026-08-25,RVN_RN,7
23.34,29.905,2026-08-25,RVN_RN,8
20.03,25.9125,2026-08-25,RVN_RN,9
19.38,27.5775,2026-08-25,RVN_RN,10
20.43,28.785,2026-08-25,RVN_RN,11
24.05,22.155,2026-08-25,RVN_RN,12
29.64,24.3525,2026-08-25,RVN_RN,13
32.74,30.195,2026-08-25,RVN_RN,14
34.07,31.12,2026-08-25,RVN_RN,15
31.64,35.8425,2026-08-25,RVN_RN,16
30.92,40.5525,2026-08-25,RVN_RN,17
34.29,55.445,2026-08-25,RVN_RN,18
60.91,60.54,2026-08-25,RVN_RN,19
96.32,60.81,2026-08-25,RVN_RN,20
94.35,50.32,2026-08-25,RVN_RN,21
66.4,42.755,2026-08-25,RVN_RN,22
43.34,34.02,2026-08-25,RVN_RN,23
33.39,29.965,2026-08-25,RVN_RN,24
28.2,27.165,2026-08-26,RVN_RN,1
26.51,27.08,2026-08-26,RVN_RN,2
26.72,35.115,2026-08-26,RVN_RN,3
28.89,45.8775,2026-08-26,RVN_RN,4
30.41,52.0975,2026-08-26,RVN_RN,5
33.63,58.3975,2026-08-26,RVN_RN,6
36.58,57.1625,2026-08-26,RVN_RN,7
34.33,49.385,2026-08-26,RVN_RN,8
26.82,35.455,2026-08-26,RVN_RN,9
24.88,33.4625,2026-08-26,RVN_RN,10
25.52,36.0075,2026-08-26,RVN_RN,11
29.09,41.78,2026-08-26,RVN_RN,12
33.99,47.435,2026-08-26,RVN_RN,13
36.86,31.04,2026-08-26,RVN_RN,14
43.74,31.1275,2026-08-26,RVN_RN,15
49.02,46.2325,2026-08-26,RVN_RN,16
53.7,75.0675,2026-08-26,RVN_RN,17
56.22,92.8075,2026-08-26,RVN_RN,18
95.64,162.9575,2026-08-26,RVN_RN,19
139.29,279.3825,2026-08-26,RVN_RN,20
129.59,331.015,2026-08-26,RVN_RN,21
143.03,377.375,2026-08-26,RVN_RN,22
98.71,525.4975,2026-08-26,RVN_RN,23
60.05,84.0,2026-08-26,RVN_RN,24
67.28,70.1675,2026-08-27,RVN_RN,1
52.32,45.8725,2026-08-27,RVN_RN,2
47.15,39.46,2026-08-27,RVN_RN,3
42.19,38.665,2026-08-27,RVN_RN,4
38.44,40.9675,2026-08-27,RVN_RN,5
40.61,32.0525,2026-08-27,RVN_RN,6
42.98,36.1325,2026-08-27,RVN_RN,7
37.55,34.845,2026-08-27,RVN_RN,8
26.99,31.31,2026-08-27,RVN_RN,9
26.12,27.435,2026-08-27,RVN_RN,10
28.16,23.34,2026-08-27,RVN_RN,11
29.32,23.4375,2026-08-27,RVN_RN,12
32.64,32.6825,2026-08-27,RVN_RN,13
36.23,50.56,2026-08-27,RVN_RN,14
41.0,48.6225,2026-08-27,RVN_RN,15
41.03,45.6975,2026-08-27,RVN_RN,16
47.19,27.1675,2026-08-27,RVN_RN,17
54.86,23.5825,2026-08-27,RVN_RN,18
82.97,43.1075,2026-08-27,RVN_RN,19
97.17,93.9675,2026-08-27,RVN_RN,20
105.31,97.2625,2026-08-27,RVN_RN,21
101.37,69.03,2026-08-27,RVN_RN,22
81.76,76.5725,2026-08-27,RVN_RN,23
52.32,69.04,2026-08-27,RVN_RN,24
46.8,47.82,2026-08-28,RVN_RN,1
41.63,41.2225,2026-08-28,RVN_RN,2
38.93,37.465,2026-08-28,RVN_RN,3
35.56,33.4725,2026-08-28,RVN_RN,4
36.82,38.02,2026-08-28,RVN_RN,5
37.22,61.0375,2026-08-28,RVN_RN,6
41.14,63.9325,2026-08-28,RVN_RN,7
35.91,50.84,2026-08-28,RVN_RN,8
25.06,27.02,2026-08-28,RVN_RN,9
23.28,25.0425,2026-08-28,RVN_RN,10
21.59,28.69,2026-08-28,RVN_RN,11
21.88,29.8325,2026-08-28,RVN_RN,12
29.95,31.7925,2026-08-28,RVN_RN,13
24.54,50.2225,2026-08-28,RVN_RN,14
27.53,47.175,2026-08-28,RVN_RN,15
30.17,43.6575,2026-08-28,RVN_RN,16
33.3,30.4875,2026-08-28,RVN_RN,17
45.92,27.0425,2026-08-28,RVN_RN,18
71.46,31.2075,2026-08-28,RVN_RN,19
81.29,38.2225,2026-08-28,RVN_RN,20
72.83,33.3975,2026-08-28,RVN_RN,21
60.26,27.6125,2026-08-28,RVN_RN,22
44.46,22.9425,2026-08-28,RVN_RN,23
34.8,23.005,2026-08-28,RVN_RN,24
34.4,24.6575,2026-08-29,RVN_RN,1
30.98,24.0525,2026-08-29,RVN_RN,2
28.95,23.2925,2026-08-29,RVN_RN,3
27.41,24.945,2026-08-29,RVN_RN,4
25.6,22.92,2026-08-29,RVN_RN,5
26.13,23.6725,2026-08-29,RVN_RN,6
25.7,23.0975,2026-08-29,RVN_RN,7
24.85,23.085,2026-08-29,RVN_RN,8
18.18,16.8175,2026-08-29,RVN_RN,9
17.59,15.12,2026-08-29,RVN_RN,10
18.73,16.355,2026-08-29,RVN_RN,11
20.61,16.9925,2026-08-29,RVN_RN,12
26.22,22.5075,2026-08-29,RVN_RN,13
26.88,25.71,2026-08-29,RVN_RN,14
31.2,33.14,2026-08-29,RVN_RN,15
30.27,33.925,2026-08-29,RVN_RN,16
29.45,35.9925,2026-08-29,RVN_RN,17
33.18,34.7625,2026-08-29,RVN_RN,18
50.09,47.225,2026-08-29,RVN_RN,19
63.27,48.68,2026-08-29,RVN_RN,20
58.31,53.4425,2026-08-29,RVN_RN,21
50.73,46.2075,2026-08-29,RVN_RN,22
36.2,32.8,2026-08-29,RVN_RN,23
29.54,25.2025,2026-08-29,RVN_RN,24
23.63,23.395,2026-08-30,RVN_RN,1
22.14,22.16,2026-08-30,RVN_RN,2
21.31,21.445,2026-08-30,RVN_RN,3
20.13,20.64,2026-08-30,RVN_RN,4
19.87,20.185,2026-08-30,RVN_RN,5
19.79,20.64,2026-08-30,RVN_RN,6
19.51,21.765,2026-08-30,RVN_RN,7
18.65,21.385,2026-08-30,RVN_RN,8
15.0,16.9125,2026-08-30,RVN_RN,9
13.77,16.1125,2026-08-30,RVN_RN,10
15.87,16.1575,2026-08-30,RVN_RN,11
18.49,19.345,2026-08-30,RVN_RN,12
22.66,23.715,2026-08-30,RVN_RN,13
25.72,29.5775,2026-08-30,RVN_RN,14
29.31,27.3375,2026-08-30,RVN_RN,15
30.02,40.75,2026-08-30,RVN_RN,16
31.03,45.815,2026-08-30,RVN_RN,17
31.44,48.4475,2026-08-30,RVN_RN,18
41.53,64.81,2026-08-30,RVN_RN,19
55.98,120.3775,2026-08-30,RVN_RN,20
49.65,77.6675,2026-08-30,RVN_RN,21
43.55,61.48,2026-08-30,RVN_RN,22
35.46,38.6225,2026-08-30,RVN_RN,23
24.92,26.5375,2026-08-30,RVN_RN,24
23.92,23.6725,2026-08-31,RVN_RN,1
21.92,22.46,2026-08-31,RVN_RN,2
21.48,21.78,2026-08-31,RVN_RN,3
20.99,21.63,2026-08-31,RVN_RN,4
21.18,22.3825,2026-08-31,RVN_RN,5
22.88,25.205,2026-08-31,RVN_RN,6
24.53,36.0975,2026-08-31,RVN_RN,7
24.33,36.11,2026-08-31,RVN_RN,8
18.71,22.33,2026-08-31,RVN_RN,9
17.93,20.95,2026-08-31,RVN_RN,10
19.63,23.475,2026-08-31,RVN_RN,11
24.33,25.93,2026-08-31,RVN_RN,12
30.12,37.105,2026-08-31,RVN_RN,13
32.09,42.715,2026-08-31,RVN_RN,14
35.19,47.76,2026-08-31,RVN_RN,15
35.21,46.625,2026-08-31,RVN_RN,16
34.78,45.2125,2026-08-31,RVN_RN,17
33.71,56.4825,2026-08-31,RVN_RN,18
48.25,66.375,2026-08-31,RVN_RN,19
67.89,70.97,2026-08-31,RVN_RN,20
62.23,74.5275,2026-08-31,RVN_RN,21
50.15,67.42,2026-08-31,RVN_RN,22
39.86,43.405,2026-08-31,RVN_RN,23
29.14,37.6475,2026-08-31,RVN_RN,24
