window,grain,feature,avail,unit,n,kw_stat,p,means,bh_reject_q10,bonf_reject_05
REAL,HE,da_level,needs_fc,1,102,0.85,0.6526854108355103,"{""high"": -1.53, ""low"": 0.13, ""mid"": -0.39}",False,False
REAL,HE,da_level,needs_fc,2,102,0.02,0.9901215730982136,"{""high"": -1.47, ""low"": 0.24, ""mid"": -0.56}",False,False
REAL,HE,da_level,needs_fc,3,102,0.4,0.8182226727967405,"{""high"": -1.66, ""low"": 0.12, ""mid"": -0.52}",False,False
REAL,HE,da_level,needs_fc,4,102,0.47,0.7888522921483656,"{""high"": -1.43, ""low"": -0.02, ""mid"": 0.23}",False,False
REAL,HE,da_level,needs_fc,5,102,0.97,0.6170767829078088,"{""high"": -1.53, ""low"": -1.47, ""mid"": 0.44}",False,False
REAL,HE,da_level,needs_fc,6,102,0.47,0.7925425651471243,"{""high"": -1.49, ""low"": -0.32, ""mid"": 0.37}",False,False
REAL,HE,da_level,needs_fc,7,102,1.04,0.5940072376034222,"{""high"": -2.43, ""low"": -0.86, ""mid"": -0.49}",False,False
REAL,HE,da_level,needs_fc,8,102,0.84,0.6580398131644745,"{""high"": -2.9, ""low"": 0.14, ""mid"": -0.0}",False,False
REAL,HE,da_level,needs_fc,9,102,3.46,0.1772620110111492,"{""high"": -1.93, ""low"": -0.31, ""mid"": -1.22}",False,False
REAL,HE,da_level,needs_fc,10,102,1.97,0.37375698631388654,"{""high"": -2.11, ""low"": -0.65, ""mid"": -1.34}",False,False
REAL,HE,da_level,needs_fc,11,102,1.03,0.597671629301442,"{""high"": -1.59, ""low"": -0.48, ""mid"": -1.6}",False,False
REAL,HE,da_level,needs_fc,12,102,1.28,0.5279304969485525,"{""high"": -0.73, ""low"": 1.15, ""mid"": -0.14}",False,False
REAL,HE,da_level,needs_fc,13,102,9.78,0.007539354812563056,"{""high"": -1.85, ""low"": 1.61, ""mid"": -0.75}",True,False
REAL,HE,da_level,needs_fc,14,102,6.39,0.040880105044995445,"{""high"": -1.82, ""low"": 1.61, ""mid"": 0.55}",False,False
REAL,HE,da_level,needs_fc,15,102,1.67,0.4344783862074889,"{""high"": -0.18, ""low"": 1.0, ""mid"": -2.12}",False,False
REAL,HE,da_level,needs_fc,16,102,4.41,0.11022648285913689,"{""high"": 2.23, ""low"": 0.38, ""mid"": -3.06}",False,False
REAL,HE,da_level,needs_fc,17,102,6.98,0.030480675599188645,"{""high"": 3.48, ""low"": 0.33, ""mid"": -2.75}",False,False
REAL,HE,da_level,needs_fc,18,102,6.72,0.0348063729178323,"{""high"": 3.05, ""low"": 0.54, ""mid"": -1.57}",False,False
REAL,HE,da_level,needs_fc,19,102,9.63,0.008118096335093129,"{""high"": 6.83, ""low"": 0.04, ""mid"": -1.24}",True,False
REAL,HE,da_level,needs_fc,20,102,13.43,0.001212997577401801,"{""high"": 5.81, ""low"": -1.81, ""mid"": -2.37}",True,False
REAL,HE,da_level,needs_fc,21,102,12.09,0.0023665223318474786,"{""high"": -5.33, ""low"": -1.11, ""mid"": -2.6}",True,False
REAL,HE,da_level,needs_fc,22,102,15.74,0.0003825250094875058,"{""high"": -1.5, ""low"": -1.84, ""mid"": -1.1}",True,False
REAL,HE,da_level,needs_fc,23,102,9.25,0.009802685412502768,"{""high"": -5.42, ""low"": -0.32, ""mid"": 2.11}",True,False
REAL,HE,da_level,needs_fc,24,102,3.07,0.21554544311047108,"{""high"": -3.08, ""low"": -0.82, ""mid"": -0.87}",False,False
REAL,block,da_level,needs_fc,HE1-6,612,0.36,0.8358845065812841,"{""high"": -1.52, ""low"": -0.22, ""mid"": -0.07}",False,False
REAL,block,da_level,needs_fc,HE12-14,306,15.19,0.0005038854246588517,"{""high"": -1.47, ""low"": 1.46, ""mid"": -0.11}",True,True
REAL,block,da_level,needs_fc,HE15-20,612,31.49,1.4554326800632452e-07,"{""high"": 3.54, ""low"": 0.08, ""mid"": -2.18}",True,True
REAL,block,da_level,needs_fc,HE21-24,408,34.0,4.141590919103439e-08,"{""high"": -3.83, ""low"": -1.02, ""mid"": -0.62}",True,True
REAL,block,da_level,needs_fc,HE7-11,510,2.69,0.26040718750268543,"{""high"": -2.2, ""low"": -0.43, ""mid"": -0.93}",False,False
REAL,HE,da_shape,needs_fc,1,102,0.72,0.6964895411850485,"{""high"": -0.26, ""low"": -1.57, ""mid"": -1.35}",False,False
REAL,HE,da_shape,needs_fc,2,102,0.53,0.7684650036719212,"{""high"": -0.37, ""low"": -1.87, ""mid"": -0.7}",False,False
REAL,HE,da_shape,needs_fc,3,102,0.48,0.7861477239940784,"{""high"": -0.67, ""low"": -1.77, ""mid"": -0.48}",False,False
REAL,HE,da_shape,needs_fc,4,102,0.54,0.7642198124432611,"{""high"": -0.67, ""low"": -0.59, ""mid"": -0.39}",False,False
REAL,HE,da_shape,needs_fc,5,102,0.64,0.7257320638080789,"{""high"": -0.77, ""low"": -3.05, ""mid"": 0.19}",False,False
REAL,HE,da_shape,needs_fc,6,102,2.32,0.31362693559479027,"{""high"": -1.21, ""low"": -0.24, ""mid"": 0.41}",False,False
REAL,HE,da_shape,needs_fc,7,102,0.02,0.9894582738097937,"{""high"": -1.51, ""low"": -2.67, ""mid"": -0.28}",False,False
REAL,HE,da_shape,needs_fc,8,102,0.97,0.6161187249350853,"{""high"": -1.7, ""low"": -1.71, ""mid"": 0.32}",False,False
REAL,HE,da_shape,needs_fc,9,102,0.51,0.7756709813732249,"{""high"": -0.81, ""low"": -2.84, ""mid"": -1.12}",False,False
REAL,HE,da_shape,needs_fc,10,102,0.5,0.7777226140769298,"{""high"": -1.1, ""low"": -2.56, ""mid"": -1.57}",False,False
REAL,HE,da_shape,needs_fc,11,102,6.85,0.03251857053305625,"{""high"": -0.62, ""low"": -3.54, ""mid"": -0.98}",False,False
REAL,HE,da_shape,needs_fc,12,102,10.76,0.004613817758424465,"{""high"": 0.5, ""low"": -2.92, ""mid"": 1.16}",True,False
REAL,HE,da_shape,needs_fc,13,102,3.88,0.14388279872072962,"{""high"": -0.58, ""low"": -2.37, ""mid"": 1.18}",False,False
REAL,HE,da_shape,needs_fc,14,102,2.95,0.22898698060093162,"{""high"": -0.75, ""low"": -0.98, ""mid"": 1.99}",False,False
REAL,HE,da_shape,needs_fc,15,102,1.87,0.3917070433197461,"{""high"": -0.15, ""low"": -1.96, ""mid"": 0.66}",False,False
REAL,HE,da_shape,needs_fc,16,102,0.23,0.8905829525896027,"{""high"": 1.31, ""low"": -1.46, ""mid"": -0.69}",False,False
REAL,HE,da_shape,needs_fc,17,102,3.69,0.1580734197795581,"{""high"": 2.57, ""low"": -3.0, ""mid"": 0.22}",False,False
REAL,HE,da_shape,needs_fc,18,102,6.98,0.030576591359534486,"{""high"": 2.9, ""low"": -2.59, ""mid"": -0.3}",False,False
REAL,HE,da_shape,needs_fc,19,102,8.97,0.011274224887029982,"{""high"": 5.25, ""low"": -3.51, ""mid"": 1.75}",True,False
REAL,HE,da_shape,needs_fc,20,102,4.88,0.08733346437304186,"{""high"": 3.06, ""low"": -2.74, ""mid"": 1.01}",False,False
REAL,HE,da_shape,needs_fc,21,102,3.43,0.18014911184094884,"{""high"": -5.73, ""low"": -1.5, ""mid"": 1.26}",False,False
REAL,HE,da_shape,needs_fc,22,102,2.73,0.25519399191464054,"{""high"": -2.08, ""low"": -3.31, ""mid"": 1.74}",False,False
REAL,HE,da_shape,needs_fc,23,102,1.94,0.3788925400921515,"{""high"": -3.58, ""low"": -3.14, ""mid"": 3.33}",False,False
REAL,HE,da_shape,needs_fc,24,102,0.36,0.8372383017468775,"{""high"": -3.31, ""low"": -0.48, ""mid"": 0.88}",False,False
REAL,block,da_shape,needs_fc,HE1-6,612,1.66,0.4353288573635362,"{""high"": -0.66, ""low"": -1.52, ""mid"": -0.39}",False,False
REAL,block,da_shape,needs_fc,HE12-14,306,9.79,0.007494711390472574,"{""high"": -0.28, ""low"": -2.09, ""mid"": 1.44}",True,False
REAL,block,da_shape,needs_fc,HE15-20,612,15.95,0.00034384557918319973,"{""high"": 2.49, ""low"": -2.54, ""mid"": 0.44}",True,True
REAL,block,da_shape,needs_fc,HE21-24,408,5.81,0.05464159430775183,"{""high"": -3.67, ""low"": -2.11, ""mid"": 1.8}",True,False
REAL,block,da_shape,needs_fc,HE7-11,510,3.44,0.1792220685437987,"{""high"": -1.15, ""low"": -2.66, ""mid"": -0.73}",False,False
REAL,HE,load_max,needs_fc,1,102,0.91,0.635848192965045,"{""high"": -0.25, ""low"": -3.47, ""mid"": 0.4}",False,False
REAL,HE,load_max,needs_fc,2,102,1.3,0.5208961888706056,"{""high"": -0.47, ""low"": -2.73, ""mid"": 0.44}",False,False
REAL,HE,load_max,needs_fc,3,102,1.44,0.48698788309427987,"{""high"": -0.44, ""low"": -2.99, ""mid"": 0.03}",False,False
REAL,HE,load_max,needs_fc,4,102,1.28,0.5277817347724509,"{""high"": -0.29, ""low"": -1.52, ""mid"": -0.6}",False,False
REAL,HE,load_max,needs_fc,5,102,1.99,0.3702421128614225,"{""high"": -0.45, ""low"": -2.0, ""mid"": -1.75}",False,False
REAL,HE,load_max,needs_fc,6,102,1.55,0.46144468937809124,"{""high"": -0.87, ""low"": -0.99, ""mid"": 0.27}",False,False
REAL,HE,load_max,needs_fc,7,102,0.21,0.8986294957557255,"{""high"": -1.25, ""low"": -3.24, ""mid"": -0.4}",False,False
REAL,HE,load_max,needs_fc,8,102,5.45,0.06542782106176821,"{""high"": -1.59, ""low"": -2.47, ""mid"": 0.94}",False,False
REAL,HE,load_max,needs_fc,9,102,9.67,0.007966256911448404,"{""high"": -0.67, ""low"": -4.27, ""mid"": -0.13}",True,False
REAL,HE,load_max,needs_fc,10,102,6.89,0.03183043409315279,"{""high"": -1.27, ""low"": -3.71, ""mid"": 0.08}",False,False
REAL,HE,load_max,needs_fc,11,102,10.16,0.006231547212570722,"{""high"": -0.69, ""low"": -3.98, ""mid"": -0.35}",True,False
REAL,HE,load_max,needs_fc,12,102,14.3,0.0007846508359314473,"{""high"": 0.61, ""low"": -3.33, ""mid"": 1.29}",True,False
REAL,HE,load_max,needs_fc,13,102,7.01,0.03000399018322192,"{""high"": -0.41, ""low"": -2.4, ""mid"": 0.85}",False,False
REAL,HE,load_max,needs_fc,14,102,4.65,0.09766916508678407,"{""high"": -0.54, ""low"": -1.03, ""mid"": 1.67}",False,False
REAL,HE,load_max,needs_fc,15,102,4.26,0.11901625033647639,"{""high"": -0.23, ""low"": -1.7, ""mid"": 0.73}",False,False
REAL,HE,load_max,needs_fc,16,102,3.58,0.1668103748222926,"{""high"": 1.46, ""low"": -3.5, ""mid"": 0.71}",False,False
REAL,HE,load_max,needs_fc,17,102,3.8,0.14940076875669925,"{""high"": 2.41, ""low"": -3.67, ""mid"": 1.12}",False,False
REAL,HE,load_max,needs_fc,18,102,5.42,0.06642273504462387,"{""high"": 2.53, ""low"": -3.5, ""mid"": 1.42}",False,False
REAL,HE,load_max,needs_fc,19,102,3.86,0.145299439281314,"{""high"": 4.64, ""low"": -2.76, ""mid"": 2.55}",False,False
REAL,HE,load_max,needs_fc,20,102,5.34,0.0694211824266174,"{""high"": 2.42, ""low"": -4.91, ""mid"": 4.98}",False,False
REAL,HE,load_max,needs_fc,21,102,3.49,0.1742628398833402,"{""high"": -6.29, ""low"": -4.57, ""mid"": 6.76}",False,False
REAL,HE,load_max,needs_fc,22,102,0.47,0.7895306887977677,"{""high"": -2.97, ""low"": -3.33, ""mid"": 4.88}",False,False
REAL,HE,load_max,needs_fc,23,102,0.71,0.7012379827586793,"{""high"": -4.16, ""low"": -1.81, ""mid"": 4.49}",False,False
REAL,HE,load_max,needs_fc,24,102,1.15,0.5637640265104189,"{""high"": -2.88, ""low"": -1.51, ""mid"": 1.01}",False,False
REAL,block,load_max,needs_fc,HE1-6,612,5.76,0.05622065864173365,"{""high"": -0.46, ""low"": -2.28, ""mid"": -0.2}",True,False
REAL,block,load_max,needs_fc,HE12-14,306,19.79,5.049189815624225e-05,"{""high"": -0.11, ""low"": -2.25, ""mid"": 1.27}",True,True
REAL,block,load_max,needs_fc,HE15-20,612,23.47,7.99081992369381e-06,"{""high"": 2.2, ""low"": -3.34, ""mid"": 1.92}",True,True
REAL,block,load_max,needs_fc,HE21-24,408,3.47,0.1766561594361396,"{""high"": -4.07, ""low"": -2.8, ""mid"": 4.29}",False,False
REAL,block,load_max,needs_fc,HE7-11,510,24.81,4.098907199149652e-06,"{""high"": -1.1, ""low"": -3.53, ""mid"": 0.03}",True,True
REAL,HE,wind_mean,needs_fc,1,102,2.39,0.3030799304327487,"{""high"": 0.07, ""low"": -3.28, ""mid"": 0.81}",False,False
REAL,HE,wind_mean,needs_fc,2,102,0.63,0.7313900113210268,"{""high"": 0.34, ""low"": -2.73, ""mid"": 0.21}",False,False
REAL,HE,wind_mean,needs_fc,3,102,3.68,0.15896812346422845,"{""high"": 0.51, ""low"": -2.54, ""mid"": -0.34}",False,False
REAL,HE,wind_mean,needs_fc,4,102,0.87,0.6480629385584098,"{""high"": -0.05, ""low"": -1.68, ""mid"": -0.05}",False,False
REAL,HE,wind_mean,needs_fc,5,102,2.58,0.27497354051177675,"{""high"": -1.19, ""low"": -2.07, ""mid"": -0.02}",False,False
REAL,HE,wind_mean,needs_fc,6,102,2.99,0.22480116624729632,"{""high"": 0.77, ""low"": -1.55, ""mid"": -0.89}",False,False
REAL,HE,wind_mean,needs_fc,7,102,2.11,0.3484356647260168,"{""high"": 0.26, ""low"": -2.89, ""mid"": -1.44}",False,False
REAL,HE,wind_mean,needs_fc,8,102,7.46,0.02395041422181547,"{""high"": 1.1, ""low"": -3.4, ""mid"": -1.06}",False,False
REAL,HE,wind_mean,needs_fc,9,102,9.94,0.0069583615888077115,"{""high"": -0.58, ""low"": -3.02, ""mid"": -0.29}",True,False
REAL,HE,wind_mean,needs_fc,10,102,8.89,0.011743686726139901,"{""high"": -1.3, ""low"": -3.07, ""mid"": -0.29}",True,False
REAL,HE,wind_mean,needs_fc,11,102,12.01,0.0024626550413915475,"{""high"": -1.75, ""low"": -2.97, ""mid"": 0.46}",True,False
REAL,HE,wind_mean,needs_fc,12,102,10.32,0.0057444602935986366,"{""high"": 0.12, ""low"": -1.92, ""mid"": 1.45}",True,False
REAL,HE,wind_mean,needs_fc,13,102,11.66,0.002936492218169432,"{""high"": 0.4, ""low"": -2.86, ""mid"": 0.73}",True,False
REAL,HE,wind_mean,needs_fc,14,102,3.73,0.1549375632089052,"{""high"": 0.93, ""low"": -2.09, ""mid"": 0.61}",False,False
REAL,HE,wind_mean,needs_fc,15,102,1.46,0.48107213874537824,"{""high"": -1.41, ""low"": -1.14, ""mid"": 1.06}",False,False
REAL,HE,wind_mean,needs_fc,16,102,0.6,0.7401427209459697,"{""high"": -1.38, ""low"": 0.44, ""mid"": 1.38}",False,False
REAL,HE,wind_mean,needs_fc,17,102,2.31,0.3153238222850506,"{""high"": -0.86, ""low"": 1.94, ""mid"": 1.36}",False,False
REAL,HE,wind_mean,needs_fc,18,102,3.56,0.16842966844402665,"{""high"": -0.25, ""low"": 3.01, ""mid"": 0.49}",False,False
REAL,HE,wind_mean,needs_fc,19,102,2.46,0.29247351876564137,"{""high"": 0.23, ""low"": 3.9, ""mid"": 3.52}",False,False
REAL,HE,wind_mean,needs_fc,20,102,3.03,0.2202102658090568,"{""high"": -0.05, ""low"": 0.16, ""mid"": 3.59}",False,False
REAL,HE,wind_mean,needs_fc,21,102,1.61,0.4478084566843885,"{""high"": 0.86, ""low"": -11.06, ""mid"": 0.16}",False,False
REAL,HE,wind_mean,needs_fc,22,102,2.49,0.28751606954018494,"{""high"": 1.06, ""low"": -9.12, ""mid"": 3.13}",False,False
REAL,HE,wind_mean,needs_fc,23,102,3.37,0.1855011720174803,"{""high"": 1.28, ""low"": -14.79, ""mid"": 6.44}",False,False
REAL,HE,wind_mean,needs_fc,24,102,2.93,0.23148928250399672,"{""high"": -1.34, ""low"": -6.46, ""mid"": 1.63}",False,False
REAL,block,wind_mean,needs_fc,HE1-6,612,7.67,0.021557415214307957,"{""high"": 0.08, ""low"": -2.31, ""mid"": -0.05}",True,False
REAL,block,wind_mean,needs_fc,HE12-14,306,20.98,2.7853245482723707e-05,"{""high"": 0.48, ""low"": -2.29, ""mid"": 0.93}",True,True
REAL,block,wind_mean,needs_fc,HE15-20,612,6.92,0.031434077538200565,"{""high"": -0.62, ""low"": 1.39, ""mid"": 1.9}",True,False
REAL,block,wind_mean,needs_fc,HE21-24,408,6.83,0.03288600272837358,"{""high"": 0.47, ""low"": -10.36, ""mid"": 2.84}",True,False
REAL,block,wind_mean,needs_fc,HE7-11,510,18.55,9.39297976590312e-05,"{""high"": -0.46, ""low"": -3.07, ""mid"": -0.52}",True,True
REAL,HE,solar_max,needs_fc,1,102,1.83,0.4006895648989385,"{""high"": -0.01, ""low"": -2.97, ""mid"": -0.49}",False,False
REAL,HE,solar_max,needs_fc,2,102,2.98,0.22535050179877103,"{""high"": -0.15, ""low"": -2.24, ""mid"": -0.71}",False,False
REAL,HE,solar_max,needs_fc,3,102,0.89,0.6423602329926275,"{""high"": -0.28, ""low"": -2.62, ""mid"": -0.59}",False,False
REAL,HE,solar_max,needs_fc,4,102,2.42,0.29822916507674846,"{""high"": 0.13, ""low"": -1.47, ""mid"": -1.3}",False,False
REAL,HE,solar_max,needs_fc,5,102,0.9,0.6377427074772876,"{""high"": 0.01, ""low"": -1.59, ""mid"": -2.52}",False,False
REAL,HE,solar_max,needs_fc,6,102,0.96,0.6182136454319376,"{""high"": -0.79, ""low"": -0.96, ""mid"": -0.23}",False,False
REAL,HE,solar_max,needs_fc,7,102,0.04,0.9817611315411771,"{""high"": -1.17, ""low"": -3.08, ""mid"": -0.84}",False,False
REAL,HE,solar_max,needs_fc,8,102,0.93,0.6277845240478419,"{""high"": -0.56, ""low"": -2.23, ""mid"": -1.9}",False,False
REAL,HE,solar_max,needs_fc,9,102,8.89,0.011756012866021712,"{""high"": -0.38, ""low"": -4.03, ""mid"": -0.89}",True,False
REAL,HE,solar_max,needs_fc,10,102,3.67,0.15972263957154517,"{""high"": -0.7, ""low"": -3.29, ""mid"": -1.61}",False,False
REAL,HE,solar_max,needs_fc,11,102,11.61,0.0030055550501883565,"{""high"": 0.07, ""low"": -3.67, ""mid"": -2.0}",True,False
REAL,HE,solar_max,needs_fc,12,102,13.84,0.0009862222819006158,"{""high"": 1.35, ""low"": -3.24, ""mid"": -0.23}",True,False
REAL,HE,solar_max,needs_fc,13,102,8.76,0.012533005495095208,"{""high"": -0.36, ""low"": -2.75, ""mid"": 0.73}",False,False
REAL,HE,solar_max,needs_fc,14,102,7.0,0.030219099543202,"{""high"": -0.91, ""low"": -1.23, ""mid"": 1.9}",False,False
REAL,HE,solar_max,needs_fc,15,102,2.7,0.2590771680145907,"{""high"": -0.52, ""low"": -0.96, ""mid"": 0.51}",False,False
REAL,HE,solar_max,needs_fc,16,102,2.62,0.2704041322098373,"{""high"": 1.11, ""low"": -2.75, ""mid"": 1.2}",False,False
REAL,HE,solar_max,needs_fc,17,102,1.64,0.44036660915091097,"{""high"": 2.7, ""low"": -2.41, ""mid"": 0.22}",False,False
REAL,HE,solar_max,needs_fc,18,102,2.81,0.2448148420455885,"{""high"": 2.37, ""low"": -2.46, ""mid"": 1.48}",False,False
REAL,HE,solar_max,needs_fc,19,102,1.41,0.49453188692472216,"{""high"": 5.11, ""low"": -1.62, ""mid"": 1.66}",False,False
REAL,HE,solar_max,needs_fc,20,102,3.9,0.14250631026133692,"{""high"": 3.17, ""low"": -3.66, ""mid"": 2.14}",False,False
REAL,HE,solar_max,needs_fc,21,102,2.79,0.24727966480024102,"{""high"": -4.73, ""low"": -3.23, ""mid"": -0.98}",False,False
REAL,HE,solar_max,needs_fc,22,102,1.04,0.5939976790940413,"{""high"": -0.34, ""low"": -3.91, ""mid"": -1.89}",False,False
REAL,HE,solar_max,needs_fc,23,102,0.6,0.7393667498899116,"{""high"": 2.62, ""low"": -1.14, ""mid"": -11.39}",False,False
REAL,HE,solar_max,needs_fc,24,102,1.31,0.5183394464743512,"{""high"": -2.33, ""low"": -1.36, ""mid"": -1.31}",False,False
REAL,block,solar_max,needs_fc,HE1-6,612,4.93,0.08505805019733191,"{""high"": -0.18, ""low"": -1.98, ""mid"": -0.97}",False,False
REAL,block,solar_max,needs_fc,HE12-14,306,19.57,5.631287615335282e-05,"{""high"": 0.03, ""low"": -2.41, ""mid"": 0.8}",True,True
REAL,block,solar_max,needs_fc,HE15-20,612,12.45,0.0019821570872155035,"{""high"": 2.32, ""low"": -2.31, ""mid"": 1.2}",True,False
REAL,block,solar_max,needs_fc,HE21-24,408,3.53,0.17141442276253394,"{""high"": -1.2, ""low"": -2.41, ""mid"": -3.89}",False,False
REAL,block,solar_max,needs_fc,HE7-11,510,16.12,0.0003161980211182606,"{""high"": -0.55, ""low"": -3.26, ""mid"": -1.45}",True,True
REAL,HE,netload_max,needs_fc,1,102,0.28,0.8679056859766341,"{""high"": -0.41, ""low"": 0.0, ""mid"": -2.37}",False,False
REAL,HE,netload_max,needs_fc,2,102,0.15,0.9256633927325928,"{""high"": -0.6, ""low"": 0.1, ""mid"": -1.86}",False,False
REAL,HE,netload_max,needs_fc,3,102,0.33,0.8461756094422703,"{""high"": -0.78, ""low"": -0.03, ""mid"": -1.77}",False,False
REAL,HE,netload_max,needs_fc,4,102,0.26,0.8794414376724559,"{""high"": -0.78, ""low"": 0.06, ""mid"": -0.67}",False,False
REAL,HE,netload_max,needs_fc,5,102,1.85,0.395697312198748,"{""high"": -0.91, ""low"": -1.69, ""mid"": -0.68}",False,False
REAL,HE,netload_max,needs_fc,6,102,4.29,0.1170570397086147,"{""high"": -1.22, ""low"": -0.02, ""mid"": 0.22}",False,False
REAL,HE,netload_max,needs_fc,7,102,1.97,0.37334243070477247,"{""high"": -1.89, ""low"": -0.58, ""mid"": -1.17}",False,False
REAL,HE,netload_max,needs_fc,8,102,2.76,0.2510389868507313,"{""high"": -2.0, ""low"": 0.42, ""mid"": -0.8}",False,False
REAL,HE,netload_max,needs_fc,9,102,0.51,0.7748833963672197,"{""high"": -1.04, ""low"": -1.35, ""mid"": -1.83}",False,False
REAL,HE,netload_max,needs_fc,10,102,0.51,0.7752493585354376,"{""high"": -1.37, ""low"": -1.91, ""mid"": -1.41}",False,False
REAL,HE,netload_max,needs_fc,11,102,3.72,0.15565908574060744,"{""high"": -0.84, ""low"": -2.81, ""mid"": -1.06}",False,False
REAL,HE,netload_max,needs_fc,12,102,3.63,0.1628906011755607,"{""high"": 0.21, ""low"": -1.74, ""mid"": 0.89}",False,False
REAL,HE,netload_max,needs_fc,13,102,1.38,0.5014846734169203,"{""high"": -0.67, ""low"": -1.76, ""mid"": 0.87}",False,False
REAL,HE,netload_max,needs_fc,14,102,4.09,0.12937590222910186,"{""high"": -1.18, ""low"": 0.15, ""mid"": 2.12}",False,False
REAL,HE,netload_max,needs_fc,15,102,1.1,0.5759806052207304,"{""high"": -0.55, ""low"": -1.25, ""mid"": 1.12}",False,False
REAL,HE,netload_max,needs_fc,16,102,0.42,0.8124825300301544,"{""high"": 1.33, ""low"": -3.67, ""mid"": 1.28}",False,False
REAL,HE,netload_max,needs_fc,17,102,2.28,0.31987808389423616,"{""high"": 2.14, ""low"": -4.11, ""mid"": 2.4}",False,False
REAL,HE,netload_max,needs_fc,18,102,2.96,0.2275667485585765,"{""high"": 1.77, ""low"": -2.1, ""mid"": 2.34}",False,False
REAL,HE,netload_max,needs_fc,19,102,2.54,0.28080226826011134,"{""high"": 3.82, ""low"": -0.71, ""mid"": 3.09}",False,False
REAL,HE,netload_max,needs_fc,20,102,1.66,0.43552505665819563,"{""high"": 1.81, ""low"": 0.38, ""mid"": 1.58}",False,False
REAL,HE,netload_max,needs_fc,21,102,0.26,0.8785490095590959,"{""high"": -7.17, ""low"": 2.9, ""mid"": 1.19}",False,False
REAL,HE,netload_max,needs_fc,22,102,0.19,0.9107082368445543,"{""high"": -3.47, ""low"": 3.94, ""mid"": -1.06}",False,False
REAL,HE,netload_max,needs_fc,23,102,0.7,0.70372025785328,"{""high"": -4.24, ""low"": 1.95, ""mid"": 0.52}",False,False
REAL,HE,netload_max,needs_fc,24,102,0.75,0.6870992933514724,"{""high"": -2.36, ""low"": -1.29, ""mid"": -0.96}",False,False
REAL,block,netload_max,needs_fc,HE1-6,612,2.65,0.26582945751928455,"{""high"": -0.78, ""low"": -0.26, ""mid"": -1.19}",False,False
REAL,block,netload_max,needs_fc,HE12-14,306,3.79,0.15026962488744958,"{""high"": -0.55, ""low"": -1.12, ""mid"": 1.29}",False,False
REAL,block,netload_max,needs_fc,HE15-20,612,6.12,0.04679479282039562,"{""high"": 1.72, ""low"": -1.91, ""mid"": 1.97}",True,False
REAL,block,netload_max,needs_fc,HE21-24,408,0.51,0.7758004574099635,"{""high"": -4.31, ""low"": 1.88, ""mid"": -0.08}",False,False
REAL,block,netload_max,needs_fc,HE7-11,510,1.31,0.5191991836497798,"{""high"": -1.43, ""low"": -1.25, ""mid"": -1.25}",False,False
REAL,HE,rt_vol_lag1,ex_ante_lag1,1,102,4.35,0.11357039124715036,"{""high"": -2.24, ""low"": 1.9, ""mid"": -0.31}",False,False
REAL,HE,rt_vol_lag1,ex_ante_lag1,2,102,2.63,0.2684182428975376,"{""high"": -1.6, ""low"": 0.98, ""mid"": -0.65}",False,False
REAL,HE,rt_vol_lag1,ex_ante_lag1,3,102,1.72,0.4230949780700223,"{""high"": -1.67, ""low"": 0.51, ""mid"": -0.48}",False,False
REAL,HE,rt_vol_lag1,ex_ante_lag1,4,102,0.61,0.7365744940950715,"{""high"": -1.27, ""low"": 0.11, ""mid"": 0.11}",False,False
REAL,HE,rt_vol_lag1,ex_ante_lag1,5,102,1.69,0.42970353787897486,"{""high"": -1.38, ""low"": -0.87, ""mid"": -0.38}",False,False
REAL,HE,rt_vol_lag1,ex_ante_lag1,6,102,2.95,0.22842685426765263,"{""high"": -1.32, ""low"": 0.95, ""mid"": -0.93}",False,False
REAL,HE,rt_vol_lag1,ex_ante_lag1,7,102,2.59,0.274016602069152,"{""high"": -2.57, ""low"": 0.5, ""mid"": -1.18}",False,False
REAL,HE,rt_vol_lag1,ex_ante_lag1,8,102,2.91,0.23312601423909843,"{""high"": -1.94, ""low"": 0.73, ""mid"": -1.86}",False,False
REAL,HE,rt_vol_lag1,ex_ante_lag1,9,102,2.86,0.23887287746962646,"{""high"": -1.98, ""low"": -0.02, ""mid"": -1.05}",False,False
REAL,HE,rt_vol_lag1,ex_ante_lag1,10,102,9.26,0.009751991154229428,"{""high"": -2.38, ""low"": 0.31, ""mid"": -1.42}",True,False
REAL,HE,rt_vol_lag1,ex_ante_lag1,11,102,1.75,0.41689205221423176,"{""high"": -1.95, ""low"": -0.07, ""mid"": -1.05}",False,False
REAL,HE,rt_vol_lag1,ex_ante_lag1,12,102,3.44,0.17893348847315949,"{""high"": -1.08, ""low"": 1.25, ""mid"": 0.88}",False,False
REAL,HE,rt_vol_lag1,ex_ante_lag1,13,102,17.02,0.00020117170616675966,"{""high"": -2.77, ""low"": 2.98, ""mid"": 0.53}",True,False
REAL,HE,rt_vol_lag1,ex_ante_lag1,14,102,12.94,0.0015472825086410998,"{""high"": -2.44, ""low"": 2.96, ""mid"": 1.28}",True,False
REAL,HE,rt_vol_lag1,ex_ante_lag1,15,102,0.72,0.6971634407605602,"{""high"": -1.12, ""low"": 0.38, ""mid"": 0.62}",False,False
REAL,HE,rt_vol_lag1,ex_ante_lag1,16,102,0.46,0.7952540288896999,"{""high"": -0.68, ""low"": 0.83, ""mid"": 1.97}",False,False
REAL,HE,rt_vol_lag1,ex_ante_lag1,17,102,0.44,0.8016590269485717,"{""high"": 0.11, ""low"": 0.96, ""mid"": 2.77}",False,False
REAL,HE,rt_vol_lag1,ex_ante_lag1,18,102,0.75,0.6881501745891171,"{""high"": 0.09, ""low"": 1.43, ""mid"": 3.0}",False,False
REAL,HE,rt_vol_lag1,ex_ante_lag1,19,102,1.27,0.5306156004467191,"{""high"": 2.01, ""low"": 2.31, ""mid"": 4.85}",False,False
REAL,HE,rt_vol_lag1,ex_ante_lag1,20,102,1.42,0.4910275184810682,"{""high"": -1.68, ""low"": 2.49, ""mid"": 7.05}",False,False
REAL,HE,rt_vol_lag1,ex_ante_lag1,21,102,3.97,0.13757028225232135,"{""high"": -11.87, ""low"": 2.2, ""mid"": 8.65}",False,False
REAL,HE,rt_vol_lag1,ex_ante_lag1,22,102,1.8,0.405654066366105,"{""high"": -7.11, ""low"": 1.12, ""mid"": 7.55}",False,False
REAL,HE,rt_vol_lag1,ex_ante_lag1,23,102,2.18,0.33640231523512604,"{""high"": -6.28, ""low"": 1.36, ""mid"": 3.54}",False,False
REAL,HE,rt_vol_lag1,ex_ante_lag1,24,102,1.7,0.42642185903003993,"{""high"": -0.31, ""low"": -1.78, ""mid"": -5.14}",False,False
REAL,block,rt_vol_lag1,ex_ante_lag1,HE1-6,612,13.59,0.0011204441451185703,"{""high"": -1.58, ""low"": 0.6, ""mid"": -0.44}",True,False
REAL,block,rt_vol_lag1,ex_ante_lag1,HE12-14,306,31.01,1.8453061994209638e-07,"{""high"": -2.1, ""low"": 2.4, ""mid"": 0.9}",True,True
REAL,block,rt_vol_lag1,ex_ante_lag1,HE15-20,612,4.83,0.08947837310006747,"{""high"": -0.21, ""low"": 1.4, ""mid"": 3.37}",False,False
REAL,block,rt_vol_lag1,ex_ante_lag1,HE21-24,408,8.42,0.014826457776002146,"{""high"": -6.39, ""low"": 0.73, ""mid"": 3.65}",True,False
REAL,block,rt_vol_lag1,ex_ante_lag1,HE7-11,510,16.68,0.00023831167160829177,"{""high"": -2.16, ""low"": 0.29, ""mid"": -1.31}",True,True
REAL,HE,rt_max_lag1,ex_ante_lag1,1,102,2.41,0.29906338238877966,"{""high"": -2.09, ""low"": 1.11, ""mid"": 0.51}",False,False
REAL,HE,rt_max_lag1,ex_ante_lag1,2,102,1.93,0.3803443154274282,"{""high"": -1.49, ""low"": 0.35, ""mid"": -0.05}",False,False
REAL,HE,rt_max_lag1,ex_ante_lag1,3,102,1.68,0.43231548697115185,"{""high"": -1.53, ""low"": 0.09, ""mid"": -0.19}",False,False
REAL,HE,rt_max_lag1,ex_ante_lag1,4,102,0.51,0.7752858864824881,"{""high"": -1.15, ""low"": -0.08, ""mid"": 0.2}",False,False
REAL,HE,rt_max_lag1,ex_ante_lag1,5,102,2.42,0.29779882246867,"{""high"": -1.4, ""low"": -0.95, ""mid"": -0.14}",False,False
REAL,HE,rt_max_lag1,ex_ante_lag1,6,102,2.1,0.34999046832905756,"{""high"": -1.33, ""low"": 0.73, ""mid"": -0.56}",False,False
REAL,HE,rt_max_lag1,ex_ante_lag1,7,102,0.36,0.8367928126991949,"{""high"": -2.51, ""low"": 0.08, ""mid"": -0.62}",False,False
REAL,HE,rt_max_lag1,ex_ante_lag1,8,102,3.22,0.20004629211888156,"{""high"": -2.72, ""low"": 0.69, ""mid"": 0.16}",False,False
REAL,HE,rt_max_lag1,ex_ante_lag1,9,102,2.0,0.36710219790489096,"{""high"": -1.99, ""low"": -0.16, ""mid"": -0.72}",False,False
REAL,HE,rt_max_lag1,ex_ante_lag1,10,102,10.42,0.005449799909631576,"{""high"": -2.4, ""low"": 0.47, ""mid"": -1.34}",True,False
REAL,HE,rt_max_lag1,ex_ante_lag1,11,102,2.62,0.2704843818820353,"{""high"": -2.11, ""low"": 0.13, ""mid"": -0.73}",False,False
REAL,HE,rt_max_lag1,ex_ante_lag1,12,102,4.36,0.11288624844294193,"{""high"": -1.17, ""low"": 1.62, ""mid"": 1.0}",False,False
REAL,HE,rt_max_lag1,ex_ante_lag1,13,102,13.73,0.0010455428246276457,"{""high"": -2.64, ""low"": 2.52, ""mid"": 1.24}",True,False
REAL,HE,rt_max_lag1,ex_ante_lag1,14,102,10.76,0.004607473221148051,"{""high"": -2.12, ""low"": 2.68, ""mid"": 1.35}",True,False
REAL,HE,rt_max_lag1,ex_ante_lag1,15,102,0.65,0.7211732421171186,"{""high"": -0.82, ""low"": 0.66, ""mid"": -0.17}",False,False
REAL,HE,rt_max_lag1,ex_ante_lag1,16,102,0.19,0.9115867472833171,"{""high"": -0.32, ""low"": 0.73, ""mid"": 1.49}",False,False
REAL,HE,rt_max_lag1,ex_ante_lag1,17,102,1.17,0.5574418445033644,"{""high"": 0.28, ""low"": 0.23, ""mid"": 3.38}",False,False
REAL,HE,rt_max_lag1,ex_ante_lag1,18,102,2.31,0.315150305808985,"{""high"": 0.01, ""low"": 0.68, ""mid"": 4.29}",False,False
REAL,HE,rt_max_lag1,ex_ante_lag1,19,102,2.12,0.346879324838037,"{""high"": 2.15, ""low"": 1.43, ""mid"": 5.69}",False,False
REAL,HE,rt_max_lag1,ex_ante_lag1,20,102,1.55,0.4604084760826824,"{""high"": -0.97, ""low"": 1.46, ""mid"": 7.37}",False,False
REAL,HE,rt_max_lag1,ex_ante_lag1,21,102,1.03,0.5963990121550197,"{""high"": -10.08, ""low"": 2.51, ""mid"": 6.44}",False,False
REAL,HE,rt_max_lag1,ex_ante_lag1,22,102,0.57,0.7502928110457983,"{""high"": -5.9, ""low"": 1.96, ""mid"": 5.42}",False,False
REAL,HE,rt_max_lag1,ex_ante_lag1,23,102,0.07,0.9651545806639307,"{""high"": -5.5, ""low"": 3.52, ""mid"": 0.61}",False,False
REAL,HE,rt_max_lag1,ex_ante_lag1,24,102,0.15,0.9278850311492295,"{""high"": -0.16, ""low"": -0.6, ""mid"": -7.2}",False,False
REAL,block,rt_max_lag1,ex_ante_lag1,HE1-6,612,10.63,0.004927527471467426,"{""high"": -1.5, ""low"": 0.21, ""mid"": -0.04}",True,False
REAL,block,rt_max_lag1,ex_ante_lag1,HE12-14,306,28.5,6.478258644857717e-07,"{""high"": -1.98, ""low"": 2.27, ""mid"": 1.2}",True,True
REAL,block,rt_max_lag1,ex_ante_lag1,HE15-20,612,4.67,0.09679344890237562,"{""high"": 0.05, ""low"": 0.87, ""mid"": 3.68}",False,False
REAL,block,rt_max_lag1,ex_ante_lag1,HE21-24,408,0.63,0.730732466195329,"{""high"": -5.41, ""low"": 1.85, ""mid"": 1.32}",False,False
REAL,block,rt_max_lag1,ex_ante_lag1,HE7-11,510,15.08,0.0005310002363002807,"{""high"": -2.34, ""low"": 0.24, ""mid"": -0.65}",True,True
REAL,HE,spread_mean_lag1,ex_ante_lag1,1,102,11.24,0.003623879283303135,"{""high"": 1.86, ""low"": -3.63, ""mid"": 0.06}",True,False
REAL,HE,spread_mean_lag1,ex_ante_lag1,2,102,2.68,0.26188896638318376,"{""high"": 0.59, ""low"": -2.05, ""mid"": -0.57}",False,False
REAL,HE,spread_mean_lag1,ex_ante_lag1,3,102,1.67,0.43410396218333014,"{""high"": -0.13, ""low"": -1.91, ""mid"": -0.12}",False,False
REAL,HE,spread_mean_lag1,ex_ante_lag1,4,102,1.15,0.5630074919396442,"{""high"": -0.19, ""low"": -1.54, ""mid"": 0.42}",False,False
REAL,HE,spread_mean_lag1,ex_ante_lag1,5,102,0.65,0.7220706028557993,"{""high"": -1.22, ""low"": -1.28, ""mid"": -0.18}",False,False
REAL,HE,spread_mean_lag1,ex_ante_lag1,6,102,0.01,0.9934290922178388,"{""high"": -0.94, ""low"": -0.86, ""mid"": 0.11}",False,False
REAL,HE,spread_mean_lag1,ex_ante_lag1,7,102,0.38,0.8288710383128166,"{""high"": -0.95, ""low"": -2.13, ""mid"": -1.17}",False,False
REAL,HE,spread_mean_lag1,ex_ante_lag1,8,102,0.05,0.9752166597639161,"{""high"": -0.68, ""low"": -1.37, ""mid"": -2.05}",False,False
REAL,HE,spread_mean_lag1,ex_ante_lag1,9,102,2.01,0.3656202285915748,"{""high"": -0.54, ""low"": -1.91, ""mid"": -1.35}",False,False
REAL,HE,spread_mean_lag1,ex_ante_lag1,10,102,2.54,0.28093636988764015,"{""high"": -0.65, ""low"": -2.24, ""mid"": -1.5}",False,False
REAL,HE,spread_mean_lag1,ex_ante_lag1,11,102,0.81,0.6669195877492058,"{""high"": -0.89, ""low"": -1.67, ""mid"": -1.18}",False,False
REAL,HE,spread_mean_lag1,ex_ante_lag1,12,102,0.94,0.6263327100826949,"{""high"": 0.32, ""low"": -0.37, ""mid"": 0.01}",False,False
REAL,HE,spread_mean_lag1,ex_ante_lag1,13,102,4.61,0.09975572244820326,"{""high"": 0.11, ""low"": -2.22, ""mid"": 1.33}",False,False
REAL,HE,spread_mean_lag1,ex_ante_lag1,14,102,4.78,0.09156397634731235,"{""high"": 0.25, ""low"": -1.58, ""mid"": 1.49}",False,False
REAL,HE,spread_mean_lag1,ex_ante_lag1,15,102,1.29,0.5250649683649513,"{""high"": 0.88, ""low"": -1.11, ""mid"": -0.93}",False,False
REAL,HE,spread_mean_lag1,ex_ante_lag1,16,102,2.27,0.32188218036437344,"{""high"": 2.57, ""low"": -1.36, ""mid"": -0.32}",False,False
REAL,HE,spread_mean_lag1,ex_ante_lag1,17,102,2.32,0.31386301548052176,"{""high"": 2.94, ""low"": -0.4, ""mid"": 0.15}",False,False
REAL,HE,spread_mean_lag1,ex_ante_lag1,18,102,2.62,0.2692695151516667,"{""high"": 2.84, ""low"": -0.65, ""mid"": 1.49}",False,False
REAL,HE,spread_mean_lag1,ex_ante_lag1,19,102,5.14,0.07669948897785347,"{""high"": 6.53, ""low"": -0.55, ""mid"": 2.5}",False,False
REAL,HE,spread_mean_lag1,ex_ante_lag1,20,102,13.89,0.0009626600216011818,"{""high"": 11.2, ""low"": -10.34, ""mid"": 6.51}",True,False
REAL,HE,spread_mean_lag1,ex_ante_lag1,21,102,12.42,0.0020113621688594863,"{""high"": 10.5, ""low"": -20.49, ""mid"": 4.13}",True,False
REAL,HE,spread_mean_lag1,ex_ante_lag1,22,102,2.6,0.2726601603113797,"{""high"": 1.43, ""low"": -8.8, ""mid"": 6.67}",False,False
REAL,HE,spread_mean_lag1,ex_ante_lag1,23,102,2.2,0.33240765687792034,"{""high"": -8.49, ""low"": 1.42, ""mid"": 2.62}",False,False
REAL,HE,spread_mean_lag1,ex_ante_lag1,24,102,4.09,0.12934863926881535,"{""high"": -4.03, ""low"": -1.2, ""mid"": 0.59}",False,False
REAL,block,spread_mean_lag1,ex_ante_lag1,HE1-6,612,10.8,0.004508547154502853,"{""high"": -0.01, ""low"": -1.88, ""mid"": -0.05}",True,False
REAL,block,spread_mean_lag1,ex_ante_lag1,HE12-14,306,8.54,0.013962610031222735,"{""high"": 0.23, ""low"": -1.39, ""mid"": 0.94}",True,False
REAL,block,spread_mean_lag1,ex_ante_lag1,HE15-20,612,19.77,5.086547812988921e-05,"{""high"": 4.49, ""low"": -2.4, ""mid"": 1.57}",True,True
REAL,block,spread_mean_lag1,ex_ante_lag1,HE21-24,408,16.5,0.0002608687441623682,"{""high"": -0.15, ""low"": -7.27, ""mid"": 3.5}",True,True
REAL,block,spread_mean_lag1,ex_ante_lag1,HE7-11,510,3.66,0.16035059464476437,"{""high"": -0.74, ""low"": -1.87, ""mid"": -1.45}",False,False
REAL,HE,mcc_abs_lag1,ex_ante_lag1,1,102,1.89,0.3883179755414848,"{""high"": -3.18, ""low"": 0.64, ""mid"": 0.75}",False,False
REAL,HE,mcc_abs_lag1,ex_ante_lag1,2,102,1.63,0.4430952826074199,"{""high"": -2.48, ""low"": -0.14, ""mid"": 0.74}",False,False
REAL,HE,mcc_abs_lag1,ex_ante_lag1,3,102,3.05,0.2180194565443747,"{""high"": -2.03, ""low"": -0.92, ""mid"": 0.64}",False,False
REAL,HE,mcc_abs_lag1,ex_ante_lag1,4,102,1.86,0.3943503860499895,"{""high"": -1.34, ""low"": -0.03, ""mid"": -0.27}",False,False
REAL,HE,mcc_abs_lag1,ex_ante_lag1,5,102,2.05,0.35800708551834715,"{""high"": -1.44, ""low"": 0.06, ""mid"": -1.57}",False,False
REAL,HE,mcc_abs_lag1,ex_ante_lag1,6,102,0.56,0.755746687629366,"{""high"": -0.88, ""low"": 0.11, ""mid"": -1.2}",False,False
REAL,HE,mcc_abs_lag1,ex_ante_lag1,7,102,0.52,0.7706857496077294,"{""high"": -1.87, ""low"": -0.97, ""mid"": -1.52}",False,False
REAL,HE,mcc_abs_lag1,ex_ante_lag1,8,102,0.06,0.9709372694288015,"{""high"": -0.98, ""low"": -1.74, ""mid"": -1.13}",False,False
REAL,HE,mcc_abs_lag1,ex_ante_lag1,9,102,1.47,0.4804539219486441,"{""high"": -1.93, ""low"": -1.27, ""mid"": -0.49}",False,False
REAL,HE,mcc_abs_lag1,ex_ante_lag1,10,102,1.22,0.5430181442880748,"{""high"": -2.0, ""low"": -1.44, ""mid"": -0.91}",False,False
REAL,HE,mcc_abs_lag1,ex_ante_lag1,11,102,1.16,0.5608107427927271,"{""high"": -0.77, ""low"": -1.88, ""mid"": -1.25}",False,False
REAL,HE,mcc_abs_lag1,ex_ante_lag1,12,102,3.66,0.16003470377780923,"{""high"": 1.04, ""low"": -1.58, ""mid"": 0.27}",False,False
REAL,HE,mcc_abs_lag1,ex_ante_lag1,13,102,2.61,0.27095215279271245,"{""high"": 0.52, ""low"": -1.81, ""mid"": -0.56}",False,False
REAL,HE,mcc_abs_lag1,ex_ante_lag1,14,102,1.4,0.49582399022677226,"{""high"": -0.6, ""low"": -0.04, ""mid"": 0.1}",False,False
REAL,HE,mcc_abs_lag1,ex_ante_lag1,15,102,3.88,0.14371468402437032,"{""high"": -1.79, ""low"": 0.75, ""mid"": 0.33}",False,False
REAL,HE,mcc_abs_lag1,ex_ante_lag1,16,102,0.74,0.6922262662882779,"{""high"": 0.09, ""low"": 0.4, ""mid"": 0.57}",False,False
REAL,HE,mcc_abs_lag1,ex_ante_lag1,17,102,0.93,0.6280263865631026,"{""high"": 2.17, ""low"": 0.8, ""mid"": -0.29}",False,False
REAL,HE,mcc_abs_lag1,ex_ante_lag1,18,102,0.27,0.8729793060655988,"{""high"": 1.99, ""low"": 0.6, ""mid"": 0.65}",False,False
REAL,HE,mcc_abs_lag1,ex_ante_lag1,19,102,0.7,0.7062160048712944,"{""high"": 5.14, ""low"": 1.66, ""mid"": 1.09}",False,False
REAL,HE,mcc_abs_lag1,ex_ante_lag1,20,102,0.59,0.7434577163852312,"{""high"": 4.81, ""low"": -2.97, ""mid"": 1.99}",False,False
REAL,HE,mcc_abs_lag1,ex_ante_lag1,21,102,1.19,0.5514526174446914,"{""high"": 1.5, ""low"": -13.26, ""mid"": 0.67}",False,False
REAL,HE,mcc_abs_lag1,ex_ante_lag1,22,102,1.06,0.5890542157155554,"{""high"": -1.2, ""low"": -1.05, ""mid"": -2.31}",False,False
REAL,HE,mcc_abs_lag1,ex_ante_lag1,23,102,0.15,0.9279625925103825,"{""high"": -1.05, ""low"": 4.09, ""mid"": -9.22}",False,False
REAL,HE,mcc_abs_lag1,ex_ante_lag1,24,102,0.47,0.7912133647404306,"{""high"": -4.81, ""low"": -0.74, ""mid"": 0.55}",False,False
REAL,block,mcc_abs_lag1,ex_ante_lag1,HE1-6,612,7.5,0.023502803153007262,"{""high"": -1.89, ""low"": -0.05, ""mid"": -0.15}",True,False
REAL,block,mcc_abs_lag1,ex_ante_lag1,HE12-14,306,5.46,0.06523845474876357,"{""high"": 0.32, ""low"": -1.15, ""mid"": -0.07}",True,False
REAL,block,mcc_abs_lag1,ex_ante_lag1,HE15-20,612,0.32,0.8508843871805583,"{""high"": 2.07, ""low"": 0.21, ""mid"": 0.72}",False,False
REAL,block,mcc_abs_lag1,ex_ante_lag1,HE21-24,408,1.66,0.4364807597976219,"{""high"": -1.39, ""low"": -2.74, ""mid"": -2.58}",False,False
REAL,block,mcc_abs_lag1,ex_ante_lag1,HE7-11,510,0.72,0.6968031023920851,"{""high"": -1.51, ""low"": -1.46, ""mid"": -1.06}",False,False
REAL,HE,rt_vol_lag2,ex_ante_lag2,1,102,2.4,0.3015970858946605,"{""high"": -0.86, ""low"": -0.99, ""mid"": -0.3}",False,False
REAL,HE,rt_vol_lag2,ex_ante_lag2,2,102,3.16,0.2055782947837153,"{""high"": -1.08, ""low"": -0.5, ""mid"": -0.27}",False,False
REAL,HE,rt_vol_lag2,ex_ante_lag2,3,102,0.85,0.6540024221190761,"{""high"": -1.05, ""low"": -1.04, ""mid"": -0.25}",False,False
REAL,HE,rt_vol_lag2,ex_ante_lag2,4,102,0.85,0.6532919094810672,"{""high"": -0.67, ""low"": -0.84, ""mid"": -0.2}",False,False
REAL,HE,rt_vol_lag2,ex_ante_lag2,5,102,2.25,0.3245697356556858,"{""high"": -1.36, ""low"": -0.24, ""mid"": -1.07}",False,False
REAL,HE,rt_vol_lag2,ex_ante_lag2,6,102,1.6,0.44914911607084473,"{""high"": -1.44, ""low"": 0.47, ""mid"": -0.25}",False,False
REAL,HE,rt_vol_lag2,ex_ante_lag2,7,102,0.07,0.9659360012106251,"{""high"": -1.71, ""low"": -1.37, ""mid"": -1.12}",False,False
REAL,HE,rt_vol_lag2,ex_ante_lag2,8,102,2.13,0.3445509891278401,"{""high"": -1.78, ""low"": -2.02, ""mid"": 0.46}",False,False
REAL,HE,rt_vol_lag2,ex_ante_lag2,9,102,2.88,0.23685948503505652,"{""high"": -1.72, ""low"": -1.42, ""mid"": -0.26}",False,False
REAL,HE,rt_vol_lag2,ex_ante_lag2,10,102,3.86,0.14505466541886317,"{""high"": -2.02, ""low"": -1.57, ""mid"": -0.35}",False,False
REAL,HE,rt_vol_lag2,ex_ante_lag2,11,102,4.4,0.11064311988765987,"{""high"": -1.48, ""low"": -2.62, ""mid"": 0.43}",False,False
REAL,HE,rt_vol_lag2,ex_ante_lag2,12,102,3.91,0.1415245358400133,"{""high"": 0.04, ""low"": -1.93, ""mid"": 1.67}",False,False
REAL,HE,rt_vol_lag2,ex_ante_lag2,13,102,0.17,0.9176254670715988,"{""high"": -0.31, ""low"": -1.72, ""mid"": 0.09}",False,False
REAL,HE,rt_vol_lag2,ex_ante_lag2,14,102,8.65,0.013251073517751075,"{""high"": -1.64, ""low"": -0.02, ""mid"": 2.43}",False,False
REAL,HE,rt_vol_lag2,ex_ante_lag2,15,102,1.46,0.4815227876743171,"{""high"": -0.75, ""low"": -0.6, ""mid"": 0.75}",False,False
REAL,HE,rt_vol_lag2,ex_ante_lag2,16,102,0.23,0.8898760864634578,"{""high"": 0.54, ""low"": -0.35, ""mid"": 0.6}",False,False
REAL,HE,rt_vol_lag2,ex_ante_lag2,17,102,0.68,0.7125951546599663,"{""high"": 1.74, ""low"": -0.58, ""mid"": 0.95}",False,False
REAL,HE,rt_vol_lag2,ex_ante_lag2,18,102,1.85,0.39745238065494204,"{""high"": 1.54, ""low"": -0.62, ""mid"": 2.01}",False,False
REAL,HE,rt_vol_lag2,ex_ante_lag2,19,102,1.95,0.3771534946929817,"{""high"": 4.14, ""low"": -0.24, ""mid"": 3.01}",False,False
REAL,HE,rt_vol_lag2,ex_ante_lag2,20,102,3.81,0.14852942353975743,"{""high"": 3.49, ""low"": -1.13, ""mid"": 0.05}",False,False
REAL,HE,rt_vol_lag2,ex_ante_lag2,21,102,3.79,0.1505722884679754,"{""high"": -0.27, ""low"": -2.89, ""mid"": -10.0}",False,False
REAL,HE,rt_vol_lag2,ex_ante_lag2,22,102,5.04,0.08033570338711903,"{""high"": -1.64, ""low"": -1.44, ""mid"": -1.28}",False,False
REAL,HE,rt_vol_lag2,ex_ante_lag2,23,102,4.35,0.11347802120825318,"{""high"": -9.87, ""low"": 1.84, ""mid"": 9.75}",False,False
REAL,HE,rt_vol_lag2,ex_ante_lag2,24,102,6.79,0.0335740942077719,"{""high"": -4.41, ""low"": -0.15, ""mid"": 1.53}",False,False
REAL,block,rt_vol_lag2,ex_ante_lag2,HE1-6,612,8.59,0.013636639950482577,"{""high"": -1.08, ""low"": -0.52, ""mid"": -0.39}",True,False
REAL,block,rt_vol_lag2,ex_ante_lag2,HE12-14,306,7.2,0.02736061673931365,"{""high"": -0.64, ""low"": -1.22, ""mid"": 1.4}",True,False
REAL,block,rt_vol_lag2,ex_ante_lag2,HE15-20,612,5.44,0.06588499133371968,"{""high"": 1.78, ""low"": -0.59, ""mid"": 1.23}",True,False
REAL,block,rt_vol_lag2,ex_ante_lag2,HE21-24,408,12.68,0.0017642031623934656,"{""high"": -4.05, ""low"": -0.66, ""mid"": 0.0}",True,False
REAL,block,rt_vol_lag2,ex_ante_lag2,HE7-11,510,8.59,0.013640445204002297,"{""high"": -1.74, ""low"": -1.8, ""mid"": -0.17}",True,False
REAL,HE,rt_max_lag2,ex_ante_lag2,1,102,0.06,0.9718370128253015,"{""high"": -0.5, ""low"": -0.69, ""mid"": -1.38}",False,False
REAL,HE,rt_max_lag2,ex_ante_lag2,2,102,0.15,0.9269869717079469,"{""high"": -0.81, ""low"": -0.02, ""mid"": -1.29}",False,False
REAL,HE,rt_max_lag2,ex_ante_lag2,3,102,0.16,0.9215782233440097,"{""high"": -0.9, ""low"": -0.65, ""mid"": -0.91}",False,False
REAL,HE,rt_max_lag2,ex_ante_lag2,4,102,0.13,0.9360905788767776,"{""high"": -0.46, ""low"": -0.9, ""mid"": -0.58}",False,False
REAL,HE,rt_max_lag2,ex_ante_lag2,5,102,1.83,0.399690049127688,"{""high"": -1.21, ""low"": -1.59, ""mid"": 0.02}",False,False
REAL,HE,rt_max_lag2,ex_ante_lag2,6,102,0.97,0.6152947838643946,"{""high"": -1.26, ""low"": 0.18, ""mid"": -0.2}",False,False
REAL,HE,rt_max_lag2,ex_ante_lag2,7,102,0.49,0.7841133505613835,"{""high"": -1.65, ""low"": -1.87, ""mid"": -0.7}",False,False
REAL,HE,rt_max_lag2,ex_ante_lag2,8,102,2.96,0.227897404212377,"{""high"": -1.61, ""low"": -2.39, ""mid"": 0.64}",False,False
REAL,HE,rt_max_lag2,ex_ante_lag2,9,102,2.28,0.32047211491198646,"{""high"": -1.67, ""low"": -1.46, ""mid"": -0.18}",False,False
REAL,HE,rt_max_lag2,ex_ante_lag2,10,102,4.59,0.10069979626756254,"{""high"": -2.07, ""low"": -1.47, ""mid"": -0.19}",False,False
REAL,HE,rt_max_lag2,ex_ante_lag2,11,102,5.11,0.07769411492616322,"{""high"": -1.54, ""low"": -2.55, ""mid"": 0.62}",False,False
REAL,HE,rt_max_lag2,ex_ante_lag2,12,102,3.94,0.13939216774887317,"{""high"": 0.05, ""low"": -2.02, ""mid"": 1.8}",False,False
REAL,HE,rt_max_lag2,ex_ante_lag2,13,102,3.54,0.17070102293344291,"{""high"": -0.39, ""low"": -2.8, ""mid"": 1.32}",False,False
REAL,HE,rt_max_lag2,ex_ante_lag2,14,102,7.96,0.01871741772750331,"{""high"": -1.37, ""low"": -0.39, ""mid"": 2.58}",False,False
REAL,HE,rt_max_lag2,ex_ante_lag2,15,102,1.38,0.5003456283758971,"{""high"": -0.58, ""low"": -1.08, ""mid"": 0.99}",False,False
REAL,HE,rt_max_lag2,ex_ante_lag2,16,102,0.0,0.9988874924568651,"{""high"": 0.88, ""low"": -0.12, ""mid"": -0.41}",False,False
REAL,HE,rt_max_lag2,ex_ante_lag2,17,102,1.33,0.5134049019421051,"{""high"": 2.07, ""low"": -0.59, ""mid"": 0.04}",False,False
REAL,HE,rt_max_lag2,ex_ante_lag2,18,102,2.41,0.2993770185131081,"{""high"": 2.01, ""low"": -1.03, ""mid"": 1.31}",False,False
REAL,HE,rt_max_lag2,ex_ante_lag2,19,102,2.82,0.24370702269259234,"{""high"": 4.23, ""low"": -0.59, ""mid"": 2.88}",False,False
REAL,HE,rt_max_lag2,ex_ante_lag2,20,102,0.71,0.7002150408966932,"{""high"": 3.49, ""low"": 1.46, ""mid"": -3.02}",False,False
REAL,HE,rt_max_lag2,ex_ante_lag2,21,102,1.7,0.42641552797855264,"{""high"": -0.39, ""low"": -0.62, ""mid"": -12.91}",False,False
REAL,HE,rt_max_lag2,ex_ante_lag2,22,102,0.58,0.7473019700329461,"{""high"": -1.8, ""low"": 3.36, ""mid"": -5.69}",False,False
REAL,HE,rt_max_lag2,ex_ante_lag2,23,102,0.58,0.7491103520862432,"{""high"": -8.77, ""low"": 5.51, ""mid"": 5.73}",False,False
REAL,HE,rt_max_lag2,ex_ante_lag2,24,102,2.26,0.3231204544392662,"{""high"": -4.04, ""low"": 1.42, ""mid"": -0.2}",False,False
REAL,block,rt_max_lag2,ex_ante_lag2,HE1-6,612,1.92,0.3820544886633815,"{""high"": -0.86, ""low"": -0.61, ""mid"": -0.72}",False,False
REAL,block,rt_max_lag2,ex_ante_lag2,HE12-14,306,13.93,0.0009420941636100047,"{""high"": -0.57, ""low"": -1.73, ""mid"": 1.9}",True,False
REAL,block,rt_max_lag2,ex_ante_lag2,HE15-20,612,3.75,0.1530720096191393,"{""high"": 2.02, ""low"": -0.33, ""mid"": 0.3}",False,False
REAL,block,rt_max_lag2,ex_ante_lag2,HE21-24,408,0.77,0.6810067989210062,"{""high"": -3.75, ""low"": 2.42, ""mid"": -3.27}",False,False
REAL,block,rt_max_lag2,ex_ante_lag2,HE7-11,510,12.21,0.002227320425762433,"{""high"": -1.71, ""low"": -1.95, ""mid"": 0.04}",True,False
REAL,HE,spread_mean_lag2,ex_ante_lag2,1,102,2.23,0.32724143841027625,"{""high"": -1.19, ""low"": -1.34, ""mid"": 0.92}",False,False
REAL,HE,spread_mean_lag2,ex_ante_lag2,2,102,1.69,0.4300781694771211,"{""high"": -0.8, ""low"": -1.4, ""mid"": 0.49}",False,False
REAL,HE,spread_mean_lag2,ex_ante_lag2,3,102,1.27,0.529922320667164,"{""high"": -0.69, ""low"": -1.62, ""mid"": 0.2}",False,False
REAL,HE,spread_mean_lag2,ex_ante_lag2,4,102,2.19,0.33470526651935506,"{""high"": -1.24, ""low"": -0.63, ""mid"": 0.48}",False,False
REAL,HE,spread_mean_lag2,ex_ante_lag2,5,102,0.94,0.6245145777773573,"{""high"": -1.91, ""low"": -0.97, ""mid"": 0.35}",False,False
REAL,HE,spread_mean_lag2,ex_ante_lag2,6,102,1.8,0.4072529332566761,"{""high"": -0.75, ""low"": -1.52, ""mid"": 0.88}",False,False
REAL,HE,spread_mean_lag2,ex_ante_lag2,7,102,2.6,0.27299383737626104,"{""high"": -1.8, ""low"": -2.17, ""mid"": 0.2}",False,False
REAL,HE,spread_mean_lag2,ex_ante_lag2,8,102,6.49,0.03900359630935004,"{""high"": -2.42, ""low"": -1.45, ""mid"": 0.85}",False,False
REAL,HE,spread_mean_lag2,ex_ante_lag2,9,102,1.53,0.4659874912033499,"{""high"": -1.32, ""low"": -1.39, ""mid"": -1.01}",False,False
REAL,HE,spread_mean_lag2,ex_ante_lag2,10,102,0.42,0.8112884435573842,"{""high"": -1.5, ""low"": -1.54, ""mid"": -1.37}",False,False
REAL,HE,spread_mean_lag2,ex_ante_lag2,11,102,2.16,0.3398504733292586,"{""high"": -1.66, ""low"": -1.38, ""mid"": -0.47}",False,False
REAL,HE,spread_mean_lag2,ex_ante_lag2,12,102,1.52,0.46834468255935513,"{""high"": -0.94, ""low"": 0.55, ""mid"": 0.46}",False,False
REAL,HE,spread_mean_lag2,ex_ante_lag2,13,102,4.95,0.08417154975503797,"{""high"": -1.6, ""low"": 0.71, ""mid"": -0.99}",False,False
REAL,HE,spread_mean_lag2,ex_ante_lag2,14,102,5.25,0.0723873733419401,"{""high"": -0.78, ""low"": -0.63, ""mid"": 1.4}",False,False
REAL,HE,spread_mean_lag2,ex_ante_lag2,15,102,1.16,0.5603235271583038,"{""high"": -0.77, ""low"": -0.17, ""mid"": 0.11}",False,False
REAL,HE,spread_mean_lag2,ex_ante_lag2,16,102,0.37,0.8291496248063683,"{""high"": 1.14, ""low"": 0.73, ""mid"": -1.6}",False,False
REAL,HE,spread_mean_lag2,ex_ante_lag2,17,102,1.31,0.5187680535994317,"{""high"": 2.04, ""low"": 1.72, ""mid"": -1.98}",False,False
REAL,HE,spread_mean_lag2,ex_ante_lag2,18,102,0.18,0.9160301292783439,"{""high"": 1.38, ""low"": 1.54, ""mid"": 0.06}",False,False
REAL,HE,spread_mean_lag2,ex_ante_lag2,19,102,0.03,0.9852491938613873,"{""high"": 3.08, ""low"": 2.79, ""mid"": 2.27}",False,False
REAL,HE,spread_mean_lag2,ex_ante_lag2,20,102,1.75,0.4164579129367152,"{""high"": 0.38, ""low"": 0.08, ""mid"": 5.56}",False,False
REAL,HE,spread_mean_lag2,ex_ante_lag2,21,102,0.25,0.8823426225760045,"{""high"": -4.37, ""low"": -4.33, ""mid"": -0.28}",False,False
REAL,HE,spread_mean_lag2,ex_ante_lag2,22,102,0.45,0.7980539177618734,"{""high"": -6.09, ""low"": -1.12, ""mid"": 5.12}",False,False
REAL,HE,spread_mean_lag2,ex_ante_lag2,23,102,0.91,0.635865384118522,"{""high"": -6.64, ""low"": -0.17, ""mid"": 2.29}",False,False
REAL,HE,spread_mean_lag2,ex_ante_lag2,24,102,0.58,0.7498308270809231,"{""high"": -3.95, ""low"": -0.11, ""mid"": -1.43}",False,False
REAL,block,spread_mean_lag2,ex_ante_lag2,HE1-6,612,8.8,0.012274835075117046,"{""high"": -1.1, ""low"": -1.25, ""mid"": 0.56}",True,False
REAL,block,spread_mean_lag2,ex_ante_lag2,HE12-14,306,9.19,0.010110706289820002,"{""high"": -1.11, ""low"": 0.21, ""mid"": 0.29}",True,False
REAL,block,spread_mean_lag2,ex_ante_lag2,HE15-20,612,0.21,0.8980943800678,"{""high"": 1.21, ""low"": 1.11, ""mid"": 0.74}",False,False
REAL,block,spread_mean_lag2,ex_ante_lag2,HE21-24,408,1.19,0.5517820980015372,"{""high"": -5.26, ""low"": -1.43, ""mid"": 1.42}",False,False
REAL,block,spread_mean_lag2,ex_ante_lag2,HE7-11,510,11.16,0.003781887192946174,"{""high"": -1.74, ""low"": -1.58, ""mid"": -0.36}",True,False
REAL,HE,rt_level,ex_post,1,102,7.69,0.021392564150779187,"{""high"": -3.37, ""low"": 0.59, ""mid"": 1.76}",False,False
REAL,HE,rt_level,ex_post,2,102,11.54,0.003115942621751416,"{""high"": -2.95, ""low"": 0.64, ""mid"": 1.19}",True,False
REAL,HE,rt_level,ex_post,3,102,11.78,0.002760330074157703,"{""high"": -3.02, ""low"": 0.36, ""mid"": 1.17}",True,False
REAL,HE,rt_level,ex_post,4,102,10.57,0.005068841320412747,"{""high"": -2.37, ""low"": 0.02, ""mid"": 1.35}",True,False
REAL,HE,rt_level,ex_post,5,102,13.54,0.001145280007116547,"{""high"": -2.59, ""low"": -1.28, ""mid"": 1.37}",True,False
REAL,HE,rt_level,ex_post,6,102,11.18,0.0037389752301793177,"{""high"": -2.8, ""low"": 0.42, ""mid"": 1.37}",True,False
REAL,HE,rt_level,ex_post,7,102,9.59,0.008262250604757621,"{""high"": -3.97, ""low"": -0.2, ""mid"": 0.92}",True,False
REAL,HE,rt_level,ex_post,8,102,10.46,0.005366891161920468,"{""high"": -3.8, ""low"": 0.9, ""mid"": 0.45}",True,False
REAL,HE,rt_level,ex_post,9,102,18.5,9.609368391059006e-05,"{""high"": -2.89, ""low"": 0.48, ""mid"": -0.48}",True,True
REAL,HE,rt_level,ex_post,10,102,13.63,0.0010944986989485797,"{""high"": -2.96, ""low"": 0.2, ""mid"": -0.82}",True,False
REAL,HE,rt_level,ex_post,11,102,4.19,0.12288388794289266,"{""high"": -2.4, ""low"": 0.36, ""mid"": -1.04}",False,False
REAL,HE,rt_level,ex_post,12,102,7.93,0.01898544848660829,"{""high"": -1.41, ""low"": 2.48, ""mid"": -0.17}",False,False
REAL,HE,rt_level,ex_post,13,102,20.78,3.0714043890610755e-05,"{""high"": -3.26, ""low"": 3.14, ""mid"": 0.18}",True,True
REAL,HE,rt_level,ex_post,14,102,20.13,4.246625217077588e-05,"{""high"": -3.2, ""low"": 3.71, ""mid"": 0.73}",True,True
REAL,HE,rt_level,ex_post,15,102,7.06,0.029322803205982753,"{""high"": -1.85, ""low"": 2.76, ""mid"": -0.74}",False,False
REAL,HE,rt_level,ex_post,16,102,3.99,0.1362727836840788,"{""high"": -1.64, ""low"": 3.58, ""mid"": 0.42}",False,False
REAL,HE,rt_level,ex_post,17,102,1.68,0.4309030840767515,"{""high"": -1.35, ""low"": 3.55, ""mid"": 2.05}",False,False
REAL,HE,rt_level,ex_post,18,102,1.4,0.4969377112621972,"{""high"": -1.4, ""low"": 3.9, ""mid"": 2.36}",False,False
REAL,HE,rt_level,ex_post,19,102,2.36,0.308035449614381,"{""high"": 0.12, ""low"": 4.72, ""mid"": 4.86}",False,False
REAL,HE,rt_level,ex_post,20,102,3.16,0.20641334712578108,"{""high"": -7.19, ""low"": 5.52, ""mid"": 10.13}",False,False
REAL,HE,rt_level,ex_post,21,102,1.86,0.39501861397615956,"{""high"": -18.14, ""low"": 6.3, ""mid"": 9.01}",False,False
REAL,HE,rt_level,ex_post,22,102,1.0,0.6064405108852498,"{""high"": -12.23, ""low"": 4.16, ""mid"": 8.65}",False,False
REAL,HE,rt_level,ex_post,23,102,0.71,0.7016415479395792,"{""high"": -11.31, ""low"": 3.15, ""mid"": 6.61}",False,False
REAL,HE,rt_level,ex_post,24,102,4.01,0.13480508894726367,"{""high"": -6.19, ""low"": 0.88, ""mid"": 1.91}",False,False
REAL,block,rt_level,ex_post,HE1-6,612,66.41,3.801702032100803e-15,"{""high"": -2.85, ""low"": 0.12, ""mid"": 1.37}",True,True
REAL,block,rt_level,ex_post,HE12-14,306,47.52,4.799969026530198e-11,"{""high"": -2.62, ""low"": 3.11, ""mid"": 0.25}",True,True
REAL,block,rt_level,ex_post,HE15-20,612,16.79,0.00022645072749108414,"{""high"": -2.22, ""low"": 4.01, ""mid"": 3.18}",True,True
REAL,block,rt_level,ex_post,HE21-24,408,6.46,0.03952666327677388,"{""high"": -11.97, ""low"": 3.62, ""mid"": 6.55}",True,False
REAL,block,rt_level,ex_post,HE7-11,510,46.24,9.111688812784074e-11,"{""high"": -3.2, ""low"": 0.35, ""mid"": -0.19}",True,True
REAL,HE,rt_vol,ex_post,1,102,2.8,0.24698405970278314,"{""high"": -2.28, ""low"": 0.31, ""mid"": 1.26}",False,False
REAL,HE,rt_vol,ex_post,2,102,2.13,0.34490098232629546,"{""high"": -1.72, ""low"": -0.05, ""mid"": 0.56}",False,False
REAL,HE,rt_vol,ex_post,3,102,2.93,0.23117237267378107,"{""high"": -1.94, ""low"": 0.0, ""mid"": 0.5}",False,False
REAL,HE,rt_vol,ex_post,4,102,1.95,0.3775541151841301,"{""high"": -1.62, ""low"": 0.27, ""mid"": 0.6}",False,False
REAL,HE,rt_vol,ex_post,5,102,1.28,0.5285414657853571,"{""high"": -2.31, ""low"": 0.51, ""mid"": 0.06}",False,False
REAL,HE,rt_vol,ex_post,6,102,1.16,0.5594371037543622,"{""high"": -1.61, ""low"": 0.45, ""mid"": 0.07}",False,False
REAL,HE,rt_vol,ex_post,7,102,1.05,0.5906838377254963,"{""high"": -2.87, ""low"": -0.48, ""mid"": 0.33}",False,False
REAL,HE,rt_vol,ex_post,8,102,0.83,0.6595717428789113,"{""high"": -2.57, ""low"": 0.02, ""mid"": 0.05}",False,False
REAL,HE,rt_vol,ex_post,9,102,5.54,0.06275979227492921,"{""high"": -2.11, ""low"": -1.05, ""mid"": 0.2}",False,False
REAL,HE,rt_vol,ex_post,10,102,1.79,0.40840215385347045,"{""high"": -2.07, ""low"": -1.08, ""mid"": -0.7}",False,False
REAL,HE,rt_vol,ex_post,11,102,0.62,0.7344050406544438,"{""high"": -1.66, ""low"": -1.29, ""mid"": -0.46}",False,False
REAL,HE,rt_vol,ex_post,12,102,1.6,0.4491746281768144,"{""high"": -0.74, ""low"": 0.45, ""mid"": 0.92}",False,False
REAL,HE,rt_vol,ex_post,13,102,3.57,0.16789130150793186,"{""high"": -1.26, ""low"": 0.67, ""mid"": -0.38}",False,False
REAL,HE,rt_vol,ex_post,14,102,4.97,0.08329986163161318,"{""high"": -1.64, ""low"": 1.44, ""mid"": 1.0}",False,False
REAL,HE,rt_vol,ex_post,15,102,1.23,0.5393595505262785,"{""high"": -0.61, ""low"": 0.75, ""mid"": -0.88}",False,False
REAL,HE,rt_vol,ex_post,16,102,0.15,0.9283910094161092,"{""high"": 0.34, ""low"": 0.83, ""mid"": -0.17}",False,False
REAL,HE,rt_vol,ex_post,17,102,1.67,0.4336098359298203,"{""high"": 0.43, ""low"": 3.05, ""mid"": -0.11}",False,False
REAL,HE,rt_vol,ex_post,18,102,2.84,0.2420957342277007,"{""high"": -0.62, ""low"": 4.45, ""mid"": 1.25}",False,False
REAL,HE,rt_vol,ex_post,19,102,8.58,0.013734515894677583,"{""high"": -1.15, ""low"": 5.36, ""mid"": 8.1}",False,False
REAL,HE,rt_vol,ex_post,20,102,16.19,0.00030477207283527614,"{""high"": -7.67, ""low"": 7.55, ""mid"": 13.85}",True,False
REAL,HE,rt_vol,ex_post,21,102,19.95,4.654337243013941e-05,"{""high"": -18.75, ""low"": 8.29, ""mid"": 15.79}",True,True
REAL,HE,rt_vol,ex_post,22,102,11.62,0.002993735630792249,"{""high"": -12.87, ""low"": 7.96, ""mid"": 11.86}",True,False
REAL,HE,rt_vol,ex_post,23,102,4.46,0.1075996886328912,"{""high"": -10.24, ""low"": 5.91, ""mid"": 6.58}",False,False
REAL,HE,rt_vol,ex_post,24,102,4.9,0.08642999253081886,"{""high"": -5.34, ""low"": 2.01, ""mid"": 1.25}",False,False
REAL,block,rt_vol,ex_post,HE1-6,612,8.93,0.011511007697965824,"{""high"": -1.91, ""low"": 0.25, ""mid"": 0.51}",True,False
REAL,block,rt_vol,ex_post,HE12-14,306,9.59,0.008277818233909277,"{""high"": -1.21, ""low"": 0.85, ""mid"": 0.52}",True,False
REAL,block,rt_vol,ex_post,HE15-20,612,23.28,8.81905591289687e-06,"{""high"": -1.55, ""low"": 3.66, ""mid"": 3.67}",True,True
REAL,block,rt_vol,ex_post,HE21-24,408,44.23,2.4915497640490485e-10,"{""high"": -11.8, ""low"": 6.04, ""mid"": 8.87}",True,True
REAL,block,rt_vol,ex_post,HE7-11,510,7.32,0.02571481151249157,"{""high"": -2.26, ""low"": -0.78, ""mid"": -0.12}",True,False
REAL,HE,rt_max,ex_post,1,102,4.37,0.11267063315945539,"{""high"": -2.57, ""low"": 1.33, ""mid"": 1.09}",False,False
REAL,HE,rt_max,ex_post,2,102,4.69,0.09572302405791953,"{""high"": -2.08, ""low"": 1.2, ""mid"": 0.26}",False,False
REAL,HE,rt_max,ex_post,3,102,4.38,0.11197792561657209,"{""high"": -2.19, ""low"": 1.01, ""mid"": 0.22}",False,False
REAL,HE,rt_max,ex_post,4,102,2.49,0.2872868125153409,"{""high"": -1.67, ""low"": 1.12, ""mid"": 0.03}",False,False
REAL,HE,rt_max,ex_post,5,102,6.47,0.03929016629862947,"{""high"": -2.42, ""low"": 1.43, ""mid"": -0.36}",False,False
REAL,HE,rt_max,ex_post,6,102,5.58,0.0615472250726483,"{""high"": -1.67, ""low"": 1.81, ""mid"": -0.92}",False,False
REAL,HE,rt_max,ex_post,7,102,3.36,0.1861227984932649,"{""high"": -2.79, ""low"": 1.01, ""mid"": -1.06}",False,False
REAL,HE,rt_max,ex_post,8,102,4.92,0.08553922839772468,"{""high"": -2.58, ""low"": 1.1, ""mid"": -0.75}",False,False
REAL,HE,rt_max,ex_post,9,102,7.11,0.028521987539230954,"{""high"": -2.12, ""low"": 0.37, ""mid"": -1.06}",False,False
REAL,HE,rt_max,ex_post,10,102,10.62,0.004940100607191174,"{""high"": -2.2, ""low"": 0.59, ""mid"": -1.95}",True,False
REAL,HE,rt_max,ex_post,11,102,5.79,0.05538441235378252,"{""high"": -1.67, ""low"": 0.57, ""mid"": -2.19}",False,False
REAL,HE,rt_max,ex_post,12,102,4.86,0.08806115438159749,"{""high"": -0.76, ""low"": 2.05, ""mid"": -0.47}",False,False
REAL,HE,rt_max,ex_post,13,102,9.04,0.01088130401479081,"{""high"": -1.13, ""low"": 2.61, ""mid"": -2.35}",True,False
REAL,HE,rt_max,ex_post,14,102,10.15,0.006262563091213971,"{""high"": -1.54, ""low"": 3.57, ""mid"": -1.0}",True,False
REAL,HE,rt_max,ex_post,15,102,4.29,0.11732952826606256,"{""high"": -0.84, ""low"": 2.47, ""mid"": -1.93}",False,False
REAL,HE,rt_max,ex_post,16,102,1.76,0.4152054515846595,"{""high"": 0.28, ""low"": 3.22, ""mid"": -2.3}",False,False
REAL,HE,rt_max,ex_post,17,102,1.65,0.4393040877593506,"{""high"": 0.22, ""low"": 4.35, ""mid"": -0.7}",False,False
REAL,HE,rt_max,ex_post,18,102,2.33,0.3114390182885723,"{""high"": -0.59, ""low"": 4.96, ""mid"": 1.1}",False,False
REAL,HE,rt_max,ex_post,19,102,5.82,0.05442321931619879,"{""high"": 0.05, ""low"": 5.8, ""mid"": 5.66}",False,False
REAL,HE,rt_max,ex_post,20,102,9.85,0.007250376990334459,"{""high"": -5.47, ""low"": 7.54, ""mid"": 10.4}",True,False
REAL,HE,rt_max,ex_post,21,102,12.28,0.002154031829564613,"{""high"": -16.22, ""low"": 7.9, ""mid"": 12.95}",True,False
REAL,HE,rt_max,ex_post,22,102,5.51,0.0635878916840034,"{""high"": -10.58, ""low"": 7.1, ""mid"": 9.5}",False,False
REAL,HE,rt_max,ex_post,23,102,2.59,0.27379630566288365,"{""high"": -8.5, ""low"": 6.07, ""mid"": 4.03}",False,False
REAL,HE,rt_max,ex_post,24,102,3.45,0.17844355409280718,"{""high"": -4.74, ""low"": 1.92, ""mid"": 0.65}",False,False
REAL,block,rt_max,ex_post,HE1-6,612,25.27,3.2618769416239073e-06,"{""high"": -2.1, ""low"": 1.32, ""mid"": 0.05}",True,True
REAL,block,rt_max,ex_post,HE12-14,306,24.69,4.341699033428381e-06,"{""high"": -1.15, ""low"": 2.74, ""mid"": -1.27}",True,True
REAL,block,rt_max,ex_post,HE15-20,612,23.5,7.903904690893406e-06,"{""high"": -1.06, ""low"": 4.72, ""mid"": 2.04}",True,True
REAL,block,rt_max,ex_post,HE21-24,408,25.31,3.187940034142855e-06,"{""high"": -10.01, ""low"": 5.75, ""mid"": 6.79}",True,True
REAL,block,rt_max,ex_post,HE7-11,510,30.08,2.9338477192134446e-07,"{""high"": -2.27, ""low"": 0.73, ""mid"": -1.4}",True,True
REAL,HE,mcc_abs,ex_post,1,102,2.73,0.25560445253996256,"{""high"": -0.7, ""low"": -1.78, ""mid"": 0.32}",False,False
REAL,HE,mcc_abs,ex_post,2,102,5.28,0.0714488825118146,"{""high"": -0.52, ""low"": -2.13, ""mid"": 0.55}",False,False
REAL,HE,mcc_abs,ex_post,3,102,11.6,0.0030232660534538886,"{""high"": -0.46, ""low"": -2.63, ""mid"": 0.68}",True,False
REAL,HE,mcc_abs,ex_post,4,102,5.44,0.06577895866342147,"{""high"": -0.89, ""low"": -1.37, ""mid"": 0.58}",False,False
REAL,HE,mcc_abs,ex_post,5,102,2.28,0.3196119449455317,"{""high"": -1.03, ""low"": -1.33, ""mid"": -0.65}",False,False
REAL,HE,mcc_abs,ex_post,6,102,1.99,0.37047919720652484,"{""high"": -1.12, ""low"": -0.93, ""mid"": 0.1}",False,False
REAL,HE,mcc_abs,ex_post,7,102,0.71,0.7000536898445611,"{""high"": -0.73, ""low"": -2.66, ""mid"": -0.99}",False,False
REAL,HE,mcc_abs,ex_post,8,102,2.54,0.28077285372575067,"{""high"": 0.01, ""low"": -3.02, ""mid"": -0.75}",False,False
REAL,HE,mcc_abs,ex_post,9,102,0.23,0.892295908915425,"{""high"": -1.07, ""low"": -1.97, ""mid"": -0.74}",False,False
REAL,HE,mcc_abs,ex_post,10,102,0.05,0.9764648818332757,"{""high"": -1.28, ""low"": -1.92, ""mid"": -1.23}",False,False
REAL,HE,mcc_abs,ex_post,11,102,0.67,0.7140070275015931,"{""high"": -0.82, ""low"": -1.71, ""mid"": -1.28}",False,False
REAL,HE,mcc_abs,ex_post,12,102,2.4,0.3005763687214022,"{""high"": 0.8, ""low"": -0.26, ""mid"": -0.68}",False,False
REAL,HE,mcc_abs,ex_post,13,102,0.04,0.982245754112129,"{""high"": -1.07, ""low"": -0.32, ""mid"": -0.25}",False,False
REAL,HE,mcc_abs,ex_post,14,102,0.49,0.7822235179052575,"{""high"": -0.61, ""low"": -0.2, ""mid"": 0.23}",False,False
REAL,HE,mcc_abs,ex_post,15,102,1.11,0.5752272331925847,"{""high"": -1.34, ""low"": 0.26, ""mid"": 0.13}",False,False
REAL,HE,mcc_abs,ex_post,16,102,0.24,0.8849553409423401,"{""high"": -1.25, ""low"": 1.09, ""mid"": 1.26}",False,False
REAL,HE,mcc_abs,ex_post,17,102,0.7,0.7046852150892958,"{""high"": -0.29, ""low"": 0.67, ""mid"": 2.67}",False,False
REAL,HE,mcc_abs,ex_post,18,102,0.24,0.8861132630725888,"{""high"": 0.15, ""low"": 0.45, ""mid"": 2.95}",False,False
REAL,HE,mcc_abs,ex_post,19,102,0.07,0.9633859833450314,"{""high"": 1.8, ""low"": 2.37, ""mid"": 4.29}",False,False
REAL,HE,mcc_abs,ex_post,20,102,0.11,0.9475101219396277,"{""high"": 0.97, ""low"": 0.25, ""mid"": 3.38}",False,False
REAL,HE,mcc_abs,ex_post,21,102,0.02,0.9883067474250046,"{""high"": -7.42, ""low"": -6.08, ""mid"": 3.95}",False,False
REAL,HE,mcc_abs,ex_post,22,102,0.65,0.724105938336564,"{""high"": -4.62, ""low"": -2.09, ""mid"": 2.56}",False,False
REAL,HE,mcc_abs,ex_post,23,102,0.51,0.7733864488793586,"{""high"": -13.03, ""low"": 2.56, ""mid"": 5.08}",False,False
REAL,HE,mcc_abs,ex_post,24,102,0.75,0.6855867655188633,"{""high"": -6.92, ""low"": 0.48, ""mid"": 1.14}",False,False
REAL,block,mcc_abs,ex_post,HE1-6,612,23.76,6.942083844829776e-06,"{""high"": -0.79, ""low"": -1.69, ""mid"": 0.27}",True,True
REAL,block,mcc_abs,ex_post,HE12-14,306,0.37,0.8292186103134179,"{""high"": -0.29, ""low"": -0.26, ""mid"": -0.23}",False,False
REAL,block,mcc_abs,ex_post,HE15-20,612,1.65,0.43926564404683754,"{""high"": 0.01, ""low"": 0.85, ""mid"": 2.45}",False,False
REAL,block,mcc_abs,ex_post,HE21-24,408,0.05,0.9771381548491778,"{""high"": -8.0, ""low"": -1.28, ""mid"": 3.18}",False,False
REAL,block,mcc_abs,ex_post,HE7-11,510,3.13,0.20951841485648479,"{""high"": -0.78, ""low"": -2.26, ""mid"": -1.0}",False,False
FULL,HE,da_level,needs_fc,1,1017,8.71,0.012853701796934718,"{""high"": 2.7, ""low"": 0.04, ""mid"": -0.32}",True,False
FULL,HE,da_level,needs_fc,2,1017,6.22,0.04458127278381828,"{""high"": 1.47, ""low"": -0.02, ""mid"": -0.48}",True,False
FULL,HE,da_level,needs_fc,3,1017,4.74,0.09349251698535244,"{""high"": 1.7, ""low"": 0.19, ""mid"": -0.88}",False,False
FULL,HE,da_level,needs_fc,4,1017,7.35,0.025405527568932672,"{""high"": 2.29, ""low"": 0.21, ""mid"": -0.84}",True,False
FULL,HE,da_level,needs_fc,5,1017,5.48,0.06467083515472535,"{""high"": 2.73, ""low"": 0.18, ""mid"": -0.5}",False,False
FULL,HE,da_level,needs_fc,6,1017,1.46,0.482747634734882,"{""high"": 5.85, ""low"": 0.21, ""mid"": -0.28}",False,False
FULL,HE,da_level,needs_fc,7,1017,1.47,0.4788417001892129,"{""high"": 4.52, ""low"": 0.2, ""mid"": -1.82}",False,False
FULL,HE,da_level,needs_fc,8,1017,0.38,0.8262529187193094,"{""high"": 10.91, ""low"": -0.13, ""mid"": -0.33}",False,False
FULL,HE,da_level,needs_fc,9,1017,9.52,0.008567767504931994,"{""high"": 9.71, ""low"": 1.64, ""mid"": -0.04}",True,False
FULL,HE,da_level,needs_fc,10,1017,5.16,0.07558539152450186,"{""high"": 3.72, ""low"": 0.89, ""mid"": -0.21}",False,False
FULL,HE,da_level,needs_fc,11,1017,5.65,0.059192972561824035,"{""high"": 2.79, ""low"": 0.62, ""mid"": -0.25}",False,False
FULL,HE,da_level,needs_fc,12,1017,4.1,0.1287973371140458,"{""high"": 2.18, ""low"": 1.08, ""mid"": 0.03}",False,False
FULL,HE,da_level,needs_fc,13,1017,2.26,0.3226763860249983,"{""high"": 2.15, ""low"": 1.42, ""mid"": -1.09}",False,False
FULL,HE,da_level,needs_fc,14,1017,0.47,0.7917263857388971,"{""high"": 2.28, ""low"": 1.45, ""mid"": -0.11}",False,False
FULL,HE,da_level,needs_fc,15,1017,2.37,0.30530434991357175,"{""high"": 2.81, ""low"": 1.95, ""mid"": 0.76}",False,False
FULL,HE,da_level,needs_fc,16,1017,5.27,0.07187657943734495,"{""high"": 0.97, ""low"": 1.97, ""mid"": 1.82}",False,False
FULL,HE,da_level,needs_fc,17,1017,12.26,0.0021760801221182655,"{""high"": 3.79, ""low"": 1.27, ""mid"": 2.23}",True,False
FULL,HE,da_level,needs_fc,18,1017,13.52,0.0011614730427384054,"{""high"": 5.46, ""low"": 0.54, ""mid"": 2.71}",True,False
FULL,HE,da_level,needs_fc,19,1017,19.54,5.7030493644953786e-05,"{""high"": 8.28, ""low"": 1.56, ""mid"": 2.78}",True,True
FULL,HE,da_level,needs_fc,20,1017,31.69,1.3165473250543221e-07,"{""high"": 9.57, ""low"": -0.05, ""mid"": 1.55}",True,True
FULL,HE,da_level,needs_fc,21,1017,28.84,5.472118123878355e-07,"{""high"": 9.69, ""low"": -1.24, ""mid"": -0.3}",True,True
FULL,HE,da_level,needs_fc,22,1017,32.12,1.0613041151820742e-07,"{""high"": 3.58, ""low"": -1.55, ""mid"": -1.6}",True,True
FULL,HE,da_level,needs_fc,23,1017,27.34,1.1574462888599251e-06,"{""high"": 5.65, ""low"": -0.56, ""mid"": 0.09}",True,True
FULL,HE,da_level,needs_fc,24,1014,13.62,0.001100369761309567,"{""high"": 4.42, ""low"": -0.28, ""mid"": -0.41}",True,False
FULL,block,da_level,needs_fc,HE1-6,6102,29.03,4.960074174341403e-07,"{""high"": 2.79, ""low"": 0.14, ""mid"": -0.55}",True,True
FULL,block,da_level,needs_fc,HE12-14,3051,5.43,0.0663690920661807,"{""high"": 2.21, ""low"": 1.31, ""mid"": -0.39}",True,False
FULL,block,da_level,needs_fc,HE15-20,6102,69.64,7.555629372810089e-16,"{""high"": 5.15, ""low"": 1.21, ""mid"": 1.97}",True,True
FULL,block,da_level,needs_fc,HE21-24,4065,82.66,1.1227639155607664e-18,"{""high"": 5.84, ""low"": -0.91, ""mid"": -0.55}",True,True
FULL,block,da_level,needs_fc,HE7-11,5085,13.01,0.0014950945473188842,"{""high"": 6.33, ""low"": 0.64, ""mid"": -0.53}",True,False
FULL,HE,da_shape,needs_fc,1,1017,1.69,0.42882458283694136,"{""high"": 0.78, ""low"": 1.45, ""mid"": 0.34}",False,False
FULL,HE,da_shape,needs_fc,2,1017,2.41,0.3002057222039195,"{""high"": 0.44, ""low"": 0.54, ""mid"": 0.12}",False,False
FULL,HE,da_shape,needs_fc,3,1017,3.93,0.1402276455163712,"{""high"": 0.3, ""low"": 0.65, ""mid"": 0.13}",False,False
FULL,HE,da_shape,needs_fc,4,1017,2.16,0.34039008326948816,"{""high"": 0.54, ""low"": 1.11, ""mid"": 0.11}",False,False
FULL,HE,da_shape,needs_fc,5,1017,6.55,0.03782767788764499,"{""high"": 0.02, ""low"": 2.28, ""mid"": -0.03}",True,False
FULL,HE,da_shape,needs_fc,6,1017,18.03,0.00012179084966432769,"{""high"": 0.36, ""low"": 5.11, ""mid"": 0.06}",True,False
FULL,HE,da_shape,needs_fc,7,1017,25.95,2.320246356486162e-06,"{""high"": -1.11, ""low"": 4.8, ""mid"": -1.45}",True,True
FULL,HE,da_shape,needs_fc,8,1017,24.13,5.746503284757536e-06,"{""high"": -0.09, ""low"": 9.97, ""mid"": 0.02}",True,True
FULL,HE,da_shape,needs_fc,9,1017,25.87,2.4065553841602967e-06,"{""high"": 0.58, ""low"": 9.84, ""mid"": 0.04}",True,True
FULL,HE,da_shape,needs_fc,10,1017,21.28,2.3933929538789547e-05,"{""high"": 0.91, ""low"": 3.38, ""mid"": -0.13}",True,True
FULL,HE,da_shape,needs_fc,11,1017,3.87,0.14407270989050444,"{""high"": 1.2, ""low"": 1.61, ""mid"": 0.47}",False,False
FULL,HE,da_shape,needs_fc,12,1017,2.42,0.2978211397111531,"{""high"": 1.43, ""low"": 1.5, ""mid"": 0.36}",False,False
FULL,HE,da_shape,needs_fc,13,1017,1.44,0.4877934776577473,"{""high"": 0.71, ""low"": 2.03, ""mid"": -0.59}",False,False
FULL,HE,da_shape,needs_fc,14,1017,0.24,0.884936025909142,"{""high"": 0.47, ""low"": 1.83, ""mid"": 1.18}",False,False
FULL,HE,da_shape,needs_fc,15,1017,8.73,0.012716373100517571,"{""high"": 2.65, ""low"": 1.59, ""mid"": 1.45}",True,False
FULL,HE,da_shape,needs_fc,16,1017,19.54,5.7188159015424365e-05,"{""high"": 0.88, ""low"": 1.41, ""mid"": 2.37}",True,True
FULL,HE,da_shape,needs_fc,17,1017,43.04,4.501887104088548e-10,"{""high"": 5.3, ""low"": 0.92, ""mid"": 1.94}",True,True
FULL,HE,da_shape,needs_fc,18,1017,52.66,3.669770817805904e-12,"{""high"": 7.39, ""low"": 0.43, ""mid"": 2.44}",True,True
FULL,HE,da_shape,needs_fc,19,1017,82.6,1.1573673338540658e-18,"{""high"": 13.62, ""low"": 0.17, ""mid"": 1.18}",True,True
FULL,HE,da_shape,needs_fc,20,1017,73.91,8.937277178177072e-17,"{""high"": 12.6, ""low"": 1.02, ""mid"": -0.22}",True,True
FULL,HE,da_shape,needs_fc,21,1017,33.75,4.6978423377725606e-08,"{""high"": 9.47, ""low"": 0.49, ""mid"": 0.49}",True,True
FULL,HE,da_shape,needs_fc,22,1017,8.07,0.017723563114253015,"{""high"": 3.94, ""low"": -1.76, ""mid"": -0.4}",True,False
FULL,HE,da_shape,needs_fc,23,1017,2.21,0.33074639095825314,"{""high"": 4.01, ""low"": 0.69, ""mid"": 1.68}",False,False
FULL,HE,da_shape,needs_fc,24,1014,0.02,0.9899170821136224,"{""high"": 3.96, ""low"": 0.53, ""mid"": 0.14}",False,False
FULL,block,da_shape,needs_fc,HE1-6,6102,24.29,5.307157419889709e-06,"{""high"": 0.41, ""low"": 1.86, ""mid"": 0.12}",True,True
FULL,block,da_shape,needs_fc,HE12-14,3051,2.42,0.2975262593496433,"{""high"": 0.87, ""low"": 1.79, ""mid"": 0.32}",False,False
FULL,block,da_shape,needs_fc,HE15-20,6102,240.71,5.38367544219511e-53,"{""high"": 7.08, ""low"": 0.92, ""mid"": 1.53}",True,True
FULL,block,da_shape,needs_fc,HE21-24,4065,20.93,2.849881664423421e-05,"{""high"": 5.35, ""low"": -0.01, ""mid"": 0.48}",True,True
FULL,block,da_shape,needs_fc,HE7-11,5085,93.34,5.382732697454128e-21,"{""high"": 0.3, ""low"": 5.92, ""mid"": -0.21}",True,True
FULL,HE,load_max,needs_fc,1,1017,2.24,0.32581153239679894,"{""high"": 2.89, ""low"": -0.28, ""mid"": -0.24}",False,False
FULL,HE,load_max,needs_fc,2,1017,0.43,0.8051069623321446,"{""high"": 1.87, ""low"": -0.44, ""mid"": -0.55}",False,False
FULL,HE,load_max,needs_fc,3,1017,0.04,0.9821207217997834,"{""high"": 2.38, ""low"": -0.4, ""mid"": -1.08}",False,False
FULL,HE,load_max,needs_fc,4,1017,0.21,0.9004227250234479,"{""high"": 2.94, ""low"": -0.54, ""mid"": -0.88}",False,False
FULL,HE,load_max,needs_fc,5,1017,1.41,0.4929017020428762,"{""high"": 3.54, ""low"": -0.4, ""mid"": -0.86}",False,False
FULL,HE,load_max,needs_fc,6,1017,6.05,0.04866803080651224,"{""high"": 6.83, ""low"": -0.4, ""mid"": -0.78}",False,False
FULL,HE,load_max,needs_fc,7,1017,26.43,1.8213121983451543e-06,"{""high"": 8.25, ""low"": -5.12, ""mid"": -1.54}",True,True
FULL,HE,load_max,needs_fc,8,1017,28.53,6.388461123205567e-07,"{""high"": 12.1, ""low"": 0.43, ""mid"": -1.93}",True,True
FULL,HE,load_max,needs_fc,9,1017,42.27,6.616112577999309e-10,"{""high"": 9.56, ""low"": 1.32, ""mid"": 0.49}",True,True
FULL,HE,load_max,needs_fc,10,1017,18.47,9.736880292769428e-05,"{""high"": 2.92, ""low"": 1.3, ""mid"": 0.37}",True,True
FULL,HE,load_max,needs_fc,11,1017,12.29,0.002139964814401938,"{""high"": 1.69, ""low"": 1.2, ""mid"": 0.51}",True,False
FULL,HE,load_max,needs_fc,12,1017,5.56,0.06217880800013621,"{""high"": 0.77, ""low"": 1.36, ""mid"": 1.33}",False,False
FULL,HE,load_max,needs_fc,13,1017,1.66,0.43638095603805793,"{""high"": 0.15, ""low"": 1.32, ""mid"": 1.19}",False,False
FULL,HE,load_max,needs_fc,14,1017,0.52,0.7725065445635604,"{""high"": 2.16, ""low"": 1.43, ""mid"": 0.1}",False,False
FULL,HE,load_max,needs_fc,15,1017,1.17,0.5579258136759142,"{""high"": 2.84, ""low"": 2.02, ""mid"": 0.73}",False,False
FULL,HE,load_max,needs_fc,16,1017,2.32,0.31289480662575303,"{""high"": 3.89, ""low"": 2.71, ""mid"": -1.78}",False,False
FULL,HE,load_max,needs_fc,17,1017,13.65,0.0010861797285292856,"{""high"": 6.04, ""low"": 1.57, ""mid"": -0.37}",True,False
FULL,HE,load_max,needs_fc,18,1017,3.3,0.1924251660619775,"{""high"": 5.28, ""low"": 1.09, ""mid"": 2.41}",False,False
FULL,HE,load_max,needs_fc,19,1017,7.12,0.02842100895007802,"{""high"": 9.13, ""low"": 0.89, ""mid"": 2.37}",True,False
FULL,HE,load_max,needs_fc,20,1017,17.32,0.00017336433663318627,"{""high"": 9.22, ""low"": 1.01, ""mid"": 1.09}",True,False
FULL,HE,load_max,needs_fc,21,1017,17.21,0.00018346955428025913,"{""high"": 11.15, ""low"": 0.89, ""mid"": -3.42}",True,False
FULL,HE,load_max,needs_fc,22,1017,15.52,0.00042665558457697923,"{""high"": 4.73, ""low"": 0.48, ""mid"": -4.3}",True,False
FULL,HE,load_max,needs_fc,23,1017,12.18,0.0022638527615377155,"{""high"": 6.18, ""low"": 0.19, ""mid"": -1.02}",True,False
FULL,HE,load_max,needs_fc,24,1014,1.56,0.4588249301631333,"{""high"": 4.35, ""low"": 0.2, ""mid"": -0.68}",False,False
FULL,block,load_max,needs_fc,HE1-6,6102,2.3,0.3172040079088946,"{""high"": 3.41, ""low"": -0.41, ""mid"": -0.73}",False,False
FULL,block,load_max,needs_fc,HE12-14,3051,4.11,0.128373269508063,"{""high"": 1.03, ""low"": 1.37, ""mid"": 0.87}",False,False
FULL,block,load_max,needs_fc,HE15-20,6102,32.23,1.0034544681658698e-07,"{""high"": 6.07, ""low"": 1.55, ""mid"": 0.74}",True,True
FULL,block,load_max,needs_fc,HE21-24,4065,33.02,6.760757688138347e-08,"{""high"": 6.6, ""low"": 0.44, ""mid"": -2.36}",True,True
FULL,block,load_max,needs_fc,HE7-11,5085,120.35,7.354382538994323e-27,"{""high"": 6.9, ""low"": -0.17, ""mid"": -0.42}",True,True
FULL,HE,wind_mean,needs_fc,1,1017,5.71,0.05755657376939443,"{""high"": 0.77, ""low"": 1.65, ""mid"": 0.43}",False,False
FULL,HE,wind_mean,needs_fc,2,1017,5.43,0.0662904689195205,"{""high"": 0.76, ""low"": 0.54, ""mid"": -0.11}",False,False
FULL,HE,wind_mean,needs_fc,3,1017,5.74,0.05683659024833428,"{""high"": 0.36, ""low"": 0.87, ""mid"": 0.02}",False,False
FULL,HE,wind_mean,needs_fc,4,1017,3.82,0.14771688510621211,"{""high"": 0.52, ""low"": 1.44, ""mid"": 0.06}",False,False
FULL,HE,wind_mean,needs_fc,5,1017,6.54,0.038098604932639904,"{""high"": 0.78, ""low"": 1.67, ""mid"": 0.37}",True,False
FULL,HE,wind_mean,needs_fc,6,1017,9.57,0.00833821996786116,"{""high"": 1.23, ""low"": 3.85, ""mid"": 1.61}",True,False
FULL,HE,wind_mean,needs_fc,7,1017,1.2,0.5474916346347543,"{""high"": 0.43, ""low"": 0.51, ""mid"": 2.3}",False,False
FULL,HE,wind_mean,needs_fc,8,1017,1.91,0.3852850903803742,"{""high"": 0.99, ""low"": 8.09, ""mid"": 3.24}",False,False
FULL,HE,wind_mean,needs_fc,9,1017,3.62,0.16374035551412516,"{""high"": 1.8, ""low"": 8.58, ""mid"": 2.48}",False,False
FULL,HE,wind_mean,needs_fc,10,1017,3.75,0.15304965245207505,"{""high"": 1.06, ""low"": 2.22, ""mid"": 1.51}",False,False
FULL,HE,wind_mean,needs_fc,11,1017,6.59,0.03714446239217593,"{""high"": 0.85, ""low"": 1.83, ""mid"": 0.82}",True,False
FULL,HE,wind_mean,needs_fc,12,1017,12.3,0.002128989889697187,"{""high"": 1.56, ""low"": 0.97, ""mid"": 0.85}",True,False
FULL,HE,wind_mean,needs_fc,13,1017,20.26,3.97858501896547e-05,"{""high"": 2.44, ""low"": 0.89, ""mid"": -0.74}",True,True
FULL,HE,wind_mean,needs_fc,14,1017,16.74,0.00023207462131113584,"{""high"": 2.5, ""low"": 1.28, ""mid"": -0.03}",True,False
FULL,HE,wind_mean,needs_fc,15,1017,12.71,0.0017359364467681986,"{""high"": 3.08, ""low"": 1.25, ""mid"": 1.22}",True,False
FULL,HE,wind_mean,needs_fc,16,1017,11.82,0.0027110978204694567,"{""high"": 3.66, ""low"": 1.93, ""mid"": -0.8}",True,False
FULL,HE,wind_mean,needs_fc,17,1017,14.22,0.0008162722021001382,"{""high"": 4.41, ""low"": 1.3, ""mid"": 1.78}",True,False
FULL,HE,wind_mean,needs_fc,18,1017,6.3,0.042777291893359035,"{""high"": 4.89, ""low"": 0.5, ""mid"": 3.62}",True,False
FULL,HE,wind_mean,needs_fc,19,1017,4.67,0.09677320111038087,"{""high"": 4.01, ""low"": 5.05, ""mid"": 4.46}",False,False
FULL,HE,wind_mean,needs_fc,20,1017,1.8,0.40658177785140037,"{""high"": 3.54, ""low"": 11.36, ""mid"": -1.5}",False,False
FULL,HE,wind_mean,needs_fc,21,1017,0.26,0.8776518203191456,"{""high"": 0.95, ""low"": 10.18, ""mid"": -0.64}",False,False
FULL,HE,wind_mean,needs_fc,22,1017,0.39,0.8215672785852002,"{""high"": -1.21, ""low"": 2.45, ""mid"": 0.09}",False,False
FULL,HE,wind_mean,needs_fc,23,1017,12.9,0.0015832643121713214,"{""high"": 1.05, ""low"": 2.62, ""mid"": 2.34}",True,False
FULL,HE,wind_mean,needs_fc,24,1014,11.28,0.003548338323392286,"{""high"": 0.38, ""low"": 3.54, ""mid"": 0.67}",True,False
FULL,block,wind_mean,needs_fc,HE1-6,6102,34.73,2.8669326936488998e-08,"{""high"": 0.74, ""low"": 1.67, ""mid"": 0.39}",True,True
FULL,block,wind_mean,needs_fc,HE12-14,3051,49.28,1.987368488525755e-11,"{""high"": 2.17, ""low"": 1.05, ""mid"": 0.03}",True,True
FULL,block,wind_mean,needs_fc,HE15-20,6102,41.72,8.706893656946648e-10,"{""high"": 3.93, ""low"": 3.57, ""mid"": 1.46}",True,True
FULL,block,wind_mean,needs_fc,HE21-24,4065,14.34,0.0007681298765272641,"{""high"": 0.29, ""low"": 4.7, ""mid"": 0.62}",True,False
FULL,block,wind_mean,needs_fc,HE7-11,5085,9.77,0.00756402249109254,"{""high"": 1.03, ""low"": 4.25, ""mid"": 2.07}",True,False
FULL,HE,solar_max,needs_fc,1,1017,5.17,0.0753314577429499,"{""high"": 1.22, ""low"": 0.62, ""mid"": 0.55}",False,False
FULL,HE,solar_max,needs_fc,2,1017,10.27,0.005890057519147524,"{""high"": 0.68, ""low"": 0.23, ""mid"": -0.08}",True,False
FULL,HE,solar_max,needs_fc,3,1017,7.11,0.028639354339830725,"{""high"": 0.65, ""low"": 0.53, ""mid"": -0.27}",True,False
FULL,HE,solar_max,needs_fc,4,1017,6.72,0.03474585709922408,"{""high"": 0.9, ""low"": 0.45, ""mid"": 0.25}",True,False
FULL,HE,solar_max,needs_fc,5,1017,1.92,0.3836175007421079,"{""high"": 1.19, ""low"": 0.36, ""mid"": 0.81}",False,False
FULL,HE,solar_max,needs_fc,6,1017,1.09,0.5812179584110632,"{""high"": 2.78, ""low"": 0.9, ""mid"": 2.04}",False,False
FULL,HE,solar_max,needs_fc,7,1017,1.81,0.4039760687231181,"{""high"": -0.03, ""low"": 0.41, ""mid"": 4.16}",False,False
FULL,HE,solar_max,needs_fc,8,1017,1.31,0.5198581045267205,"{""high"": 3.27, ""low"": 3.59, ""mid"": 5.59}",False,False
FULL,HE,solar_max,needs_fc,9,1017,1.87,0.39339337710756395,"{""high"": 4.47, ""low"": 1.79, ""mid"": 5.43}",False,False
FULL,HE,solar_max,needs_fc,10,1017,2.09,0.35157424133651133,"{""high"": 1.61, ""low"": 0.8, ""mid"": 2.21}",False,False
FULL,HE,solar_max,needs_fc,11,1017,2.47,0.2905714708005626,"{""high"": 1.15, ""low"": 1.27, ""mid"": 0.98}",False,False
FULL,HE,solar_max,needs_fc,12,1017,2.27,0.3209970231133653,"{""high"": 1.23, ""low"": 1.14, ""mid"": 0.92}",False,False
FULL,HE,solar_max,needs_fc,13,1017,8.96,0.011312865763781451,"{""high"": 0.78, ""low"": 0.8, ""mid"": 0.99}",True,False
FULL,HE,solar_max,needs_fc,14,1017,8.78,0.012401452413314484,"{""high"": 1.48, ""low"": 0.15, ""mid"": 1.71}",True,False
FULL,HE,solar_max,needs_fc,15,1017,9.43,0.00895205204441718,"{""high"": 1.99, ""low"": 0.99, ""mid"": 2.42}",True,False
FULL,HE,solar_max,needs_fc,16,1017,9.33,0.009416960593387504,"{""high"": 2.51, ""low"": -3.77, ""mid"": 4.54}",True,False
FULL,HE,solar_max,needs_fc,17,1017,11.53,0.0031325920404533954,"{""high"": 3.29, ""low"": -2.73, ""mid"": 5.92}",True,False
FULL,HE,solar_max,needs_fc,18,1017,6.11,0.04707444793829049,"{""high"": 3.12, ""low"": 2.35, ""mid"": 3.83}",True,False
FULL,HE,solar_max,needs_fc,19,1017,5.56,0.06190627690608256,"{""high"": 4.12, ""low"": 3.79, ""mid"": 5.87}",False,False
FULL,HE,solar_max,needs_fc,20,1017,4.0,0.13561271075066061,"{""high"": -0.22, ""low"": 5.03, ""mid"": 12.01}",False,False
FULL,HE,solar_max,needs_fc,21,1017,2.86,0.23972472309767873,"{""high"": 1.12, ""low"": 1.44, ""mid"": 8.94}",False,False
FULL,HE,solar_max,needs_fc,22,1017,4.59,0.1008700264787657,"{""high"": -1.99, ""low"": 2.93, ""mid"": 2.73}",False,False
FULL,HE,solar_max,needs_fc,23,1017,8.89,0.011729257108481814,"{""high"": 1.11, ""low"": 5.41, ""mid"": 0.57}",True,False
FULL,HE,solar_max,needs_fc,24,1014,3.46,0.17712234198014531,"{""high"": 0.36, ""low"": 5.12, ""mid"": 0.16}",False,False
FULL,block,solar_max,needs_fc,HE1-6,6102,28.09,7.943399306256899e-07,"{""high"": 1.24, ""low"": 0.52, ""mid"": 0.55}",True,True
FULL,block,solar_max,needs_fc,HE12-14,3051,17.57,0.00015301924157720348,"{""high"": 1.17, ""low"": 0.7, ""mid"": 1.21}",True,True
FULL,block,solar_max,needs_fc,HE15-20,6102,37.18,8.441556711747515e-09,"{""high"": 2.47, ""low"": 0.95, ""mid"": 5.77}",True,True
FULL,block,solar_max,needs_fc,HE21-24,4065,9.81,0.007405415128338576,"{""high"": 0.15, ""low"": 3.72, ""mid"": 3.1}",True,False
FULL,block,solar_max,needs_fc,HE7-11,5085,3.72,0.1560584341167206,"{""high"": 2.09, ""low"": 1.57, ""mid"": 3.67}",False,False
FULL,HE,netload_max,needs_fc,1,1017,0.7,0.7039721521808361,"{""high"": 2.37, ""low"": 0.19, ""mid"": -0.03}",False,False
FULL,HE,netload_max,needs_fc,2,1017,0.93,0.6289247499636199,"{""high"": 1.21, ""low"": 0.06, ""mid"": -0.24}",False,False
FULL,HE,netload_max,needs_fc,3,1017,0.95,0.620336023022704,"{""high"": 1.42, ""low"": -0.04, ""mid"": -0.35}",False,False
FULL,HE,netload_max,needs_fc,4,1017,0.8,0.6688515776371825,"{""high"": 2.07, ""low"": 0.09, ""mid"": -0.46}",False,False
FULL,HE,netload_max,needs_fc,5,1017,3.43,0.17958128363941417,"{""high"": 2.94, ""low"": 0.38, ""mid"": -0.89}",False,False
FULL,HE,netload_max,needs_fc,6,1017,11.11,0.0038637897526590595,"{""high"": 5.89, ""low"": 0.76, ""mid"": -0.69}",True,False
FULL,HE,netload_max,needs_fc,7,1017,12.08,0.0023772300138642224,"{""high"": 7.38, ""low"": 0.35, ""mid"": -5.1}",True,False
FULL,HE,netload_max,needs_fc,8,1017,19.68,5.319541238671046e-05,"{""high"": 10.56, ""low"": 0.21, ""mid"": 0.07}",True,True
FULL,HE,netload_max,needs_fc,9,1017,24.34,5.179823940199653e-06,"{""high"": 9.17, ""low"": 1.08, ""mid"": 1.26}",True,True
FULL,HE,netload_max,needs_fc,10,1017,8.23,0.016365157392159702,"{""high"": 2.87, ""low"": 0.74, ""mid"": 0.91}",True,False
FULL,HE,netload_max,needs_fc,11,1017,6.17,0.045710274859915724,"{""high"": 1.87, ""low"": 0.89, ""mid"": 0.55}",True,False
FULL,HE,netload_max,needs_fc,12,1017,9.07,0.010731616518374308,"{""high"": 1.23, ""low"": 1.76, ""mid"": 0.43}",True,False
FULL,HE,netload_max,needs_fc,13,1017,7.76,0.020643026290069554,"{""high"": 1.48, ""low"": 2.07, ""mid"": -1.03}",True,False
FULL,HE,netload_max,needs_fc,14,1017,2.13,0.34460681845710156,"{""high"": 2.03, ""low"": 1.66, ""mid"": -0.07}",False,False
FULL,HE,netload_max,needs_fc,15,1017,0.46,0.7938443348781663,"{""high"": 2.12, ""low"": 1.88, ""mid"": 1.56}",False,False
FULL,HE,netload_max,needs_fc,16,1017,0.14,0.9340298279499354,"{""high"": 3.36, ""low"": -1.05, ""mid"": 1.98}",False,False
FULL,HE,netload_max,needs_fc,17,1017,7.2,0.02735004075950471,"{""high"": 5.32, ""low"": 0.49, ""mid"": 1.38}",True,False
FULL,HE,netload_max,needs_fc,18,1017,7.07,0.02920986972873095,"{""high"": 4.06, ""low"": 4.53, ""mid"": 0.74}",True,False
FULL,HE,netload_max,needs_fc,19,1017,4.1,0.12864295803562464,"{""high"": 8.08, ""low"": 4.1, ""mid"": 0.85}",False,False
FULL,HE,netload_max,needs_fc,20,1017,10.7,0.004757991251612093,"{""high"": 6.81, ""low"": 4.25, ""mid"": 0.92}",True,False
FULL,HE,netload_max,needs_fc,21,1017,4.02,0.1337730596040653,"{""high"": 4.98, ""low"": 2.57, ""mid"": 1.7}",False,False
FULL,HE,netload_max,needs_fc,22,1017,3.37,0.18507792004348664,"{""high"": 3.9, ""low"": 0.78, ""mid"": -4.0}",False,False
FULL,HE,netload_max,needs_fc,23,1017,7.1,0.028731295193473647,"{""high"": 5.23, ""low"": 1.17, ""mid"": -0.85}",True,False
FULL,HE,netload_max,needs_fc,24,1014,7.44,0.024286621883592343,"{""high"": 3.96, ""low"": 0.38, ""mid"": -0.39}",True,False
FULL,block,netload_max,needs_fc,HE1-6,6102,10.42,0.005472733542477411,"{""high"": 2.65, ""low"": 0.24, ""mid"": -0.44}",True,False
FULL,block,netload_max,needs_fc,HE12-14,3051,17.28,0.0001767149206195227,"{""high"": 1.58, ""low"": 1.83, ""mid"": -0.22}",True,True
FULL,block,netload_max,needs_fc,HE15-20,6102,18.87,7.99620198783144e-05,"{""high"": 4.96, ""low"": 2.37, ""mid"": 1.24}",True,True
FULL,block,netload_max,needs_fc,HE21-24,4065,14.71,0.0006401689068951698,"{""high"": 4.52, ""low"": 1.23, ""mid"": -0.88}",True,False
FULL,block,netload_max,needs_fc,HE7-11,5085,64.81,8.462495395092608e-15,"{""high"": 6.37, ""low"": 0.66, ""mid"": -0.46}",True,True
FULL,HE,rt_vol_lag1,ex_ante_lag1,1,1016,19.87,4.8485038841012384e-05,"{""high"": 1.4, ""low"": 1.24, ""mid"": 0.22}",True,True
FULL,HE,rt_vol_lag1,ex_ante_lag1,2,1016,15.52,0.00042660999687137884,"{""high"": 0.6, ""low"": 0.68, ""mid"": -0.09}",True,False
FULL,HE,rt_vol_lag1,ex_ante_lag1,3,1016,8.3,0.01578328113332032,"{""high"": 0.93, ""low"": 0.38, ""mid"": -0.09}",True,False
FULL,HE,rt_vol_lag1,ex_ante_lag1,4,1016,5.17,0.0755040171331677,"{""high"": 1.55, ""low"": 0.59, ""mid"": -0.13}",False,False
FULL,HE,rt_vol_lag1,ex_ante_lag1,5,1016,4.98,0.08285539257637911,"{""high"": 2.31, ""low"": 0.57, ""mid"": 0.01}",False,False
FULL,HE,rt_vol_lag1,ex_ante_lag1,6,1016,1.92,0.3836607647030392,"{""high"": 5.68, ""low"": 0.83, ""mid"": 0.27}",False,False
FULL,HE,rt_vol_lag1,ex_ante_lag1,7,1016,1.1,0.5767500002655555,"{""high"": 3.51, ""low"": 0.47, ""mid"": -0.23}",False,False
FULL,HE,rt_vol_lag1,ex_ante_lag1,8,1016,0.55,0.7580392115918393,"{""high"": 11.49, ""low"": 0.9, ""mid"": -0.02}",False,False
FULL,HE,rt_vol_lag1,ex_ante_lag1,9,1016,0.93,0.6296690684290944,"{""high"": 11.28, ""low"": 0.56, ""mid"": 0.8}",False,False
FULL,HE,rt_vol_lag1,ex_ante_lag1,10,1016,0.64,0.7250642386218713,"{""high"": 3.39, ""low"": 0.82, ""mid"": 0.63}",False,False
FULL,HE,rt_vol_lag1,ex_ante_lag1,11,1016,1.85,0.39608803037897095,"{""high"": 2.24, ""low"": 0.64, ""mid"": 0.6}",False,False
FULL,HE,rt_vol_lag1,ex_ante_lag1,12,1016,0.98,0.6118060630726323,"{""high"": 1.67, ""low"": 0.59, ""mid"": 1.13}",False,False
FULL,HE,rt_vol_lag1,ex_ante_lag1,13,1016,3.29,0.19278954019607,"{""high"": 0.94, ""low"": 0.25, ""mid"": 1.26}",False,False
FULL,HE,rt_vol_lag1,ex_ante_lag1,14,1016,3.01,0.2216105056402914,"{""high"": 0.02, ""low"": 1.87, ""mid"": 1.7}",False,False
FULL,HE,rt_vol_lag1,ex_ante_lag1,15,1016,1.39,0.4980437393659958,"{""high"": 1.66, ""low"": 1.85, ""mid"": 2.04}",False,False
FULL,HE,rt_vol_lag1,ex_ante_lag1,16,1016,0.06,0.9686578266702912,"{""high"": 2.65, ""low"": -0.91, ""mid"": 2.76}",False,False
FULL,HE,rt_vol_lag1,ex_ante_lag1,17,1016,1.96,0.37465227705363296,"{""high"": 4.26, ""low"": 0.88, ""mid"": 2.48}",False,False
FULL,HE,rt_vol_lag1,ex_ante_lag1,18,1016,0.61,0.7361394184717953,"{""high"": 3.62, ""low"": 2.89, ""mid"": 2.82}",False,False
FULL,HE,rt_vol_lag1,ex_ante_lag1,19,1016,1.32,0.5176757619212793,"{""high"": 5.85, ""low"": 6.86, ""mid"": 1.07}",False,False
FULL,HE,rt_vol_lag1,ex_ante_lag1,20,1016,0.82,0.6629681933009374,"{""high"": 0.88, ""low"": 9.14, ""mid"": 2.4}",False,False
FULL,HE,rt_vol_lag1,ex_ante_lag1,21,1016,2.74,0.2536297409377498,"{""high"": -0.76, ""low"": 7.56, ""mid"": 2.71}",False,False
FULL,HE,rt_vol_lag1,ex_ante_lag1,22,1016,2.64,0.26649417768877653,"{""high"": 2.99, ""low"": 2.4, ""mid"": -3.89}",False,False
FULL,HE,rt_vol_lag1,ex_ante_lag1,23,1016,0.5,0.7806264716822776,"{""high"": 5.89, ""low"": 1.23, ""mid"": -0.85}",False,False
FULL,HE,rt_vol_lag1,ex_ante_lag1,24,1013,0.25,0.8807068427802146,"{""high"": 4.39, ""low"": 0.17, ""mid"": -0.09}",False,False
FULL,block,rt_vol_lag1,ex_ante_lag1,HE1-6,6096,48.4,3.089041515300899e-11,"{""high"": 2.08, ""low"": 0.72, ""mid"": 0.03}",True,True
FULL,block,rt_vol_lag1,ex_ante_lag1,HE12-14,3048,7.1,0.02879188672378097,"{""high"": 0.88, ""low"": 0.9, ""mid"": 1.37}",True,False
FULL,block,rt_vol_lag1,ex_ante_lag1,HE15-20,6096,3.5,0.1734996813230301,"{""high"": 3.15, ""low"": 3.45, ""mid"": 2.26}",False,False
FULL,block,rt_vol_lag1,ex_ante_lag1,HE21-24,4061,5.81,0.05472900055357988,"{""high"": 3.12, ""low"": 2.84, ""mid"": -0.53}",True,False
FULL,block,rt_vol_lag1,ex_ante_lag1,HE7-11,5080,1.07,0.5856791060961815,"{""high"": 6.38, ""low"": 0.68, ""mid"": 0.36}",False,False
FULL,HE,rt_max_lag1,ex_ante_lag1,1,1016,18.25,0.00010871666035302307,"{""high"": 1.38, ""low"": 1.42, ""mid"": 0.1}",True,True
FULL,HE,rt_max_lag1,ex_ante_lag1,2,1016,13.48,0.0011811256006805007,"{""high"": 0.47, ""low"": 0.84, ""mid"": -0.12}",True,False
FULL,HE,rt_max_lag1,ex_ante_lag1,3,1016,10.48,0.005302716985475675,"{""high"": 0.74, ""low"": 0.63, ""mid"": -0.14}",True,False
FULL,HE,rt_max_lag1,ex_ante_lag1,4,1016,7.27,0.026365937021793708,"{""high"": 1.4, ""low"": 0.83, ""mid"": -0.18}",True,False
FULL,HE,rt_max_lag1,ex_ante_lag1,5,1016,7.07,0.029210647429646883,"{""high"": 2.56, ""low"": 0.78, ""mid"": -0.35}",True,False
FULL,HE,rt_max_lag1,ex_ante_lag1,6,1016,5.84,0.053891375650026434,"{""high"": 5.51, ""low"": 1.0, ""mid"": 0.37}",False,False
FULL,HE,rt_max_lag1,ex_ante_lag1,7,1016,3.94,0.13960003098708818,"{""high"": 3.35, ""low"": 1.11, ""mid"": -0.58}",False,False
FULL,HE,rt_max_lag1,ex_ante_lag1,8,1016,1.75,0.41728896598396303,"{""high"": 11.08, ""low"": 1.32, ""mid"": 0.2}",False,False
FULL,HE,rt_max_lag1,ex_ante_lag1,9,1016,3.3,0.19193627110057745,"{""high"": 11.93, ""low"": 1.09, ""mid"": -0.0}",False,False
FULL,HE,rt_max_lag1,ex_ante_lag1,10,1016,4.91,0.08591378555183098,"{""high"": 3.52, ""low"": 1.24, ""mid"": 0.19}",False,False
FULL,HE,rt_max_lag1,ex_ante_lag1,11,1016,3.91,0.1417769820686963,"{""high"": 2.58, ""low"": 1.08, ""mid"": -0.06}",False,False
FULL,HE,rt_max_lag1,ex_ante_lag1,12,1016,1.92,0.38355157264708395,"{""high"": 2.03, ""low"": 0.96, ""mid"": 0.51}",False,False
FULL,HE,rt_max_lag1,ex_ante_lag1,13,1016,5.24,0.07274285014015806,"{""high"": 1.26, ""low"": 1.92, ""mid"": -0.52}",False,False
FULL,HE,rt_max_lag1,ex_ante_lag1,14,1016,4.67,0.09677924968024396,"{""high"": 0.34, ""low"": 2.38, ""mid"": 0.93}",False,False
FULL,HE,rt_max_lag1,ex_ante_lag1,15,1016,2.53,0.2829126341101452,"{""high"": 1.99, ""low"": 1.7, ""mid"": 1.88}",False,False
FULL,HE,rt_max_lag1,ex_ante_lag1,16,1016,0.84,0.6564890163890087,"{""high"": 2.76, ""low"": -0.76, ""mid"": 2.55}",False,False
FULL,HE,rt_max_lag1,ex_ante_lag1,17,1016,1.7,0.42712506231294733,"{""high"": 4.48, ""low"": 0.35, ""mid"": 2.82}",False,False
FULL,HE,rt_max_lag1,ex_ante_lag1,18,1016,0.65,0.7210635215234951,"{""high"": 4.72, ""low"": 2.72, ""mid"": 2.04}",False,False
FULL,HE,rt_max_lag1,ex_ante_lag1,19,1016,0.47,0.7890386710245819,"{""high"": 6.53, ""low"": 6.3, ""mid"": 1.05}",False,False
FULL,HE,rt_max_lag1,ex_ante_lag1,20,1016,0.42,0.8087752747569756,"{""high"": 1.64, ""low"": 7.82, ""mid"": 2.85}",False,False
FULL,HE,rt_max_lag1,ex_ante_lag1,21,1016,0.27,0.8749993851049732,"{""high"": 2.33, ""low"": 5.28, ""mid"": 1.97}",False,False
FULL,HE,rt_max_lag1,ex_ante_lag1,22,1016,0.12,0.9433816665890388,"{""high"": 2.78, ""low"": -0.85, ""mid"": -0.68}",False,False
FULL,HE,rt_max_lag1,ex_ante_lag1,23,1016,0.12,0.9416863904985403,"{""high"": 5.83, ""low"": 0.59, ""mid"": -0.1}",False,False
FULL,HE,rt_max_lag1,ex_ante_lag1,24,1013,1.36,0.5069072930022778,"{""high"": 4.53, ""low"": 0.82, ""mid"": -0.7}",False,False
FULL,block,rt_max_lag1,ex_ante_lag1,HE1-6,6096,59.92,9.7512198743235e-14,"{""high"": 2.01, ""low"": 0.92, ""mid"": -0.05}",True,True
FULL,block,rt_max_lag1,ex_ante_lag1,HE12-14,3048,11.83,0.0027000023964830738,"{""high"": 1.21, ""low"": 1.75, ""mid"": 0.31}",True,False
FULL,block,rt_max_lag1,ex_ante_lag1,HE15-20,6096,1.27,0.5306041770995069,"{""high"": 3.69, ""low"": 3.02, ""mid"": 2.2}",False,False
FULL,block,rt_max_lag1,ex_ante_lag1,HE21-24,4061,1.08,0.584081860492857,"{""high"": 3.87, ""low"": 1.46, ""mid"": 0.12}",False,False
FULL,block,rt_max_lag1,ex_ante_lag1,HE7-11,5080,15.31,0.00047459048530530787,"{""high"": 6.49, ""low"": 1.17, ""mid"": -0.05}",True,True
FULL,HE,spread_mean_lag1,ex_ante_lag1,1,1016,74.83,5.625163111403799e-17,"{""high"": 4.91, ""low"": -2.2, ""mid"": 0.62}",True,True
FULL,HE,spread_mean_lag1,ex_ante_lag1,2,1016,47.08,5.985783131885298e-11,"{""high"": 2.81, ""low"": -1.72, ""mid"": 0.38}",True,True
FULL,HE,spread_mean_lag1,ex_ante_lag1,3,1016,41.16,1.1564636977455566e-09,"{""high"": 2.81, ""low"": -1.64, ""mid"": 0.33}",True,True
FULL,HE,spread_mean_lag1,ex_ante_lag1,4,1016,39.62,2.4876805738069702e-09,"{""high"": 3.78, ""low"": -1.94, ""mid"": 0.53}",True,True
FULL,HE,spread_mean_lag1,ex_ante_lag1,5,1016,44.18,2.5431156230701706e-10,"{""high"": 5.23, ""low"": -2.3, ""mid"": 0.44}",True,True
FULL,HE,spread_mean_lag1,ex_ante_lag1,6,1016,33.99,4.1585041181140975e-08,"{""high"": 9.28, ""low"": -2.77, ""mid"": 1.0}",True,True
FULL,HE,spread_mean_lag1,ex_ante_lag1,7,1016,39.61,2.5110113246575046e-09,"{""high"": 10.93, ""low"": -5.66, ""mid"": -0.35}",True,True
FULL,HE,spread_mean_lag1,ex_ante_lag1,8,1016,39.49,2.6554861684659485e-09,"{""high"": 14.66, ""low"": -1.11, ""mid"": -0.28}",True,True
FULL,HE,spread_mean_lag1,ex_ante_lag1,9,1016,32.88,7.229930221111554e-08,"{""high"": 13.3, ""low"": -0.88, ""mid"": 1.04}",True,True
FULL,HE,spread_mean_lag1,ex_ante_lag1,10,1016,27.77,9.30794080988857e-07,"{""high"": 5.4, ""low"": -0.88, ""mid"": 0.72}",True,True
FULL,HE,spread_mean_lag1,ex_ante_lag1,11,1016,32.57,8.456786120347021e-08,"{""high"": 4.49, ""low"": -0.86, ""mid"": 0.23}",True,True
FULL,HE,spread_mean_lag1,ex_ante_lag1,12,1016,27.61,1.0104180303598495e-06,"{""high"": 3.33, ""low"": -0.4, ""mid"": 0.75}",True,True
FULL,HE,spread_mean_lag1,ex_ante_lag1,13,1016,32.92,7.115256035777165e-08,"{""high"": 2.43, ""low"": -1.01, ""mid"": 1.32}",True,True
FULL,HE,spread_mean_lag1,ex_ante_lag1,14,1016,23.19,9.189845929617407e-06,"{""high"": 3.88, ""low"": -1.73, ""mid"": 1.91}",True,True
FULL,HE,spread_mean_lag1,ex_ante_lag1,15,1016,25.58,2.7919478897405625e-06,"{""high"": 4.29, ""low"": -0.68, ""mid"": 2.33}",True,True
FULL,HE,spread_mean_lag1,ex_ante_lag1,16,1016,27.59,1.0197233832144973e-06,"{""high"": 6.04, ""low"": -0.61, ""mid"": -0.24}",True,True
FULL,HE,spread_mean_lag1,ex_ante_lag1,17,1016,27.36,1.1457013581286416e-06,"{""high"": 7.63, ""low"": 0.16, ""mid"": 0.46}",True,True
FULL,HE,spread_mean_lag1,ex_ante_lag1,18,1016,28.69,5.894899330218844e-07,"{""high"": 7.75, ""low"": -0.48, ""mid"": 2.67}",True,True
FULL,HE,spread_mean_lag1,ex_ante_lag1,19,1016,35.72,1.7536179623260233e-08,"{""high"": 11.18, ""low"": -0.27, ""mid"": 3.43}",True,True
FULL,HE,spread_mean_lag1,ex_ante_lag1,20,1016,51.07,8.129437831800542e-12,"{""high"": 19.31, ""low"": -11.11, ""mid"": 6.31}",True,True
FULL,HE,spread_mean_lag1,ex_ante_lag1,21,1016,56.0,6.913822577488142e-13,"{""high"": 22.23, ""low"": -12.56, ""mid"": 2.49}",True,True
FULL,HE,spread_mean_lag1,ex_ante_lag1,22,1016,21.44,2.212001245487939e-05,"{""high"": 7.09, ""low"": -4.87, ""mid"": -0.25}",True,True
FULL,HE,spread_mean_lag1,ex_ante_lag1,23,1016,21.9,1.7565063844504206e-05,"{""high"": 8.24, ""low"": -1.13, ""mid"": -0.36}",True,True
FULL,HE,spread_mean_lag1,ex_ante_lag1,24,1013,26.67,1.6190193030484409e-06,"{""high"": 5.9, ""low"": -1.08, ""mid"": 0.08}",True,True
FULL,block,spread_mean_lag1,ex_ante_lag1,HE1-6,6096,275.94,1.204484153578667e-60,"{""high"": 4.81, ""low"": -2.09, ""mid"": 0.55}",True,True
FULL,block,spread_mean_lag1,ex_ante_lag1,HE12-14,3048,81.72,1.8015003293362665e-18,"{""high"": 3.21, ""low"": -1.05, ""mid"": 1.33}",True,True
FULL,block,spread_mean_lag1,ex_ante_lag1,HE15-20,6096,187.95,1.5362244670193805e-41,"{""high"": 9.37, ""low"": -2.17, ""mid"": 2.49}",True,True
FULL,block,spread_mean_lag1,ex_ante_lag1,HE21-24,4061,115.52,8.220625779770334e-26,"{""high"": 10.87, ""low"": -4.91, ""mid"": 0.49}",True,True
FULL,block,spread_mean_lag1,ex_ante_lag1,HE7-11,5080,172.22,4.007193354007872e-38,"{""high"": 9.76, ""low"": -1.88, ""mid"": 0.27}",True,True
FULL,HE,mcc_abs_lag1,ex_ante_lag1,1,1016,3.89,0.1432199896755791,"{""high"": 2.48, ""low"": 0.53, ""mid"": -0.25}",False,False
FULL,HE,mcc_abs_lag1,ex_ante_lag1,2,1016,1.64,0.44112341049812787,"{""high"": 1.24, ""low"": 0.23, ""mid"": -0.36}",False,False
FULL,HE,mcc_abs_lag1,ex_ante_lag1,3,1016,2.82,0.24452729142774782,"{""high"": 1.43, ""low"": 0.07, ""mid"": -0.35}",False,False
FULL,HE,mcc_abs_lag1,ex_ante_lag1,4,1016,4.54,0.10321889972622152,"{""high"": 2.22, ""low"": 0.01, ""mid"": -0.3}",False,False
FULL,HE,mcc_abs_lag1,ex_ante_lag1,5,1016,1.31,0.5188582251720399,"{""high"": 3.29, ""low"": -0.36, ""mid"": -0.1}",False,False
FULL,HE,mcc_abs_lag1,ex_ante_lag1,6,1016,3.15,0.20717075951638766,"{""high"": 6.14, ""low"": 0.38, ""mid"": 0.06}",False,False
FULL,HE,mcc_abs_lag1,ex_ante_lag1,7,1016,1.12,0.5705404370914624,"{""high"": 4.87, ""low"": 0.31, ""mid"": -1.64}",False,False
FULL,HE,mcc_abs_lag1,ex_ante_lag1,8,1016,1.85,0.3956902921845708,"{""high"": 12.09, ""low"": 0.4, ""mid"": -0.53}",False,False
FULL,HE,mcc_abs_lag1,ex_ante_lag1,9,1016,6.23,0.04429738211590161,"{""high"": 11.63, ""low"": 0.38, ""mid"": 0.34}",True,False
FULL,HE,mcc_abs_lag1,ex_ante_lag1,10,1016,4.21,0.12155037598585126,"{""high"": 4.46, ""low"": -0.0, ""mid"": 0.33}",False,False
FULL,HE,mcc_abs_lag1,ex_ante_lag1,11,1016,4.27,0.11802930153647452,"{""high"": 3.45, ""low"": -0.1, ""mid"": 0.1}",False,False
FULL,HE,mcc_abs_lag1,ex_ante_lag1,12,1016,5.29,0.07087233938624064,"{""high"": 2.8, ""low"": -0.04, ""mid"": 0.69}",False,False
FULL,HE,mcc_abs_lag1,ex_ante_lag1,13,1016,5.58,0.06138554699986042,"{""high"": 2.29, ""low"": -0.91, ""mid"": 1.25}",False,False
FULL,HE,mcc_abs_lag1,ex_ante_lag1,14,1016,4.64,0.0984406073782389,"{""high"": 1.91, ""low"": 0.04, ""mid"": 1.8}",False,False
FULL,HE,mcc_abs_lag1,ex_ante_lag1,15,1016,4.05,0.13175367962507814,"{""high"": 2.86, ""low"": 1.06, ""mid"": 1.7}",False,False
FULL,HE,mcc_abs_lag1,ex_ante_lag1,16,1016,6.98,0.030478787811337518,"{""high"": 4.61, ""low"": 0.81, ""mid"": -0.86}",True,False
FULL,HE,mcc_abs_lag1,ex_ante_lag1,17,1016,10.79,0.004544375567390064,"{""high"": 5.8, ""low"": 1.05, ""mid"": 0.78}",True,False
FULL,HE,mcc_abs_lag1,ex_ante_lag1,18,1016,7.55,0.022966462609323095,"{""high"": 6.34, ""low"": 1.02, ""mid"": 2.03}",True,False
FULL,HE,mcc_abs_lag1,ex_ante_lag1,19,1016,5.75,0.056304057732344086,"{""high"": 7.81, ""low"": 1.86, ""mid"": 3.91}",False,False
FULL,HE,mcc_abs_lag1,ex_ante_lag1,20,1016,2.83,0.24305003404874193,"{""high"": 2.32, ""low"": 1.38, ""mid"": 8.98}",False,False
FULL,HE,mcc_abs_lag1,ex_ante_lag1,21,1016,3.35,0.18758434622081457,"{""high"": 4.06, ""low"": 1.11, ""mid"": 4.51}",False,False
FULL,HE,mcc_abs_lag1,ex_ante_lag1,22,1016,1.38,0.5025569798709102,"{""high"": 2.69, ""low"": -1.97, ""mid"": 0.48}",False,False
FULL,HE,mcc_abs_lag1,ex_ante_lag1,23,1016,2.02,0.3642269950189593,"{""high"": 5.74, ""low"": -0.3, ""mid"": 0.6}",False,False
FULL,HE,mcc_abs_lag1,ex_ante_lag1,24,1013,1.75,0.4164288976892637,"{""high"": 4.22, ""low"": 0.23, ""mid"": -0.13}",False,False
FULL,block,mcc_abs_lag1,ex_ante_lag1,HE1-6,6096,16.03,0.00032996261975752427,"{""high"": 2.8, ""low"": 0.14, ""mid"": -0.22}",True,True
FULL,block,mcc_abs_lag1,ex_ante_lag1,HE12-14,3048,14.18,0.0008314506384768623,"{""high"": 2.34, ""low"": -0.3, ""mid"": 1.25}",True,False
FULL,block,mcc_abs_lag1,ex_ante_lag1,HE15-20,6096,34.23,3.695947459995316e-08,"{""high"": 4.96, ""low"": 1.2, ""mid"": 2.76}",True,True
FULL,block,mcc_abs_lag1,ex_ante_lag1,HE21-24,4061,7.27,0.0264457310527741,"{""high"": 4.18, ""low"": -0.23, ""mid"": 1.37}",True,False
FULL,block,mcc_abs_lag1,ex_ante_lag1,HE7-11,5080,15.11,0.0005241610928367716,"{""high"": 7.3, ""low"": 0.2, ""mid"": -0.28}",True,True
FULL,HE,rt_vol_lag2,ex_ante_lag2,1,1015,0.34,0.8450581023433137,"{""high"": 2.27, ""low"": 0.09, ""mid"": 0.49}",False,False
FULL,HE,rt_vol_lag2,ex_ante_lag2,2,1015,0.55,0.7605896158892789,"{""high"": 0.99, ""low"": -0.17, ""mid"": 0.37}",False,False
FULL,HE,rt_vol_lag2,ex_ante_lag2,3,1015,1.41,0.4940940324809142,"{""high"": 1.21, ""low"": -0.19, ""mid"": 0.19}",False,False
FULL,HE,rt_vol_lag2,ex_ante_lag2,4,1015,0.66,0.720234619921404,"{""high"": 1.85, ""low"": -0.13, ""mid"": 0.28}",False,False
FULL,HE,rt_vol_lag2,ex_ante_lag2,5,1015,0.21,0.9013995773768148,"{""high"": 3.19, ""low"": -0.12, ""mid"": -0.13}",False,False
FULL,HE,rt_vol_lag2,ex_ante_lag2,6,1015,0.17,0.9166205969162254,"{""high"": 6.38, ""low"": -0.09, ""mid"": 0.5}",False,False
FULL,HE,rt_vol_lag2,ex_ante_lag2,7,1015,1.07,0.5849858988012588,"{""high"": 7.24, ""low"": -1.95, ""mid"": -1.36}",False,False
FULL,HE,rt_vol_lag2,ex_ante_lag2,8,1015,0.85,0.6539070838291525,"{""high"": 10.62, ""low"": 2.2, ""mid"": -0.39}",False,False
FULL,HE,rt_vol_lag2,ex_ante_lag2,9,1015,2.77,0.2501596605533287,"{""high"": 9.8, ""low"": 0.88, ""mid"": 1.87}",False,False
FULL,HE,rt_vol_lag2,ex_ante_lag2,10,1015,0.38,0.8255406669886105,"{""high"": 2.49, ""low"": 0.44, ""mid"": 1.79}",False,False
FULL,HE,rt_vol_lag2,ex_ante_lag2,11,1015,0.49,0.7838620596733713,"{""high"": 1.41, ""low"": 0.34, ""mid"": 1.61}",False,False
FULL,HE,rt_vol_lag2,ex_ante_lag2,12,1015,1.11,0.5737607719286908,"{""high"": 1.51, ""low"": 1.11, ""mid"": 0.77}",False,False
FULL,HE,rt_vol_lag2,ex_ante_lag2,13,1015,1.35,0.5084051987639813,"{""high"": 1.36, ""low"": 1.02, ""mid"": 0.16}",False,False
FULL,HE,rt_vol_lag2,ex_ante_lag2,14,1015,0.03,0.9873165568300731,"{""high"": 1.08, ""low"": 0.65, ""mid"": 1.83}",False,False
FULL,HE,rt_vol_lag2,ex_ante_lag2,15,1015,0.74,0.6896063266246637,"{""high"": 1.64, ""low"": 1.53, ""mid"": 2.34}",False,False
FULL,HE,rt_vol_lag2,ex_ante_lag2,16,1015,1.08,0.5817182333013918,"{""high"": 3.28, ""low"": -1.56, ""mid"": 2.78}",False,False
FULL,HE,rt_vol_lag2,ex_ante_lag2,17,1015,0.51,0.7761250060535217,"{""high"": 3.95, ""low"": -0.04, ""mid"": 3.62}",False,False
FULL,HE,rt_vol_lag2,ex_ante_lag2,18,1015,0.65,0.7228463081489889,"{""high"": 3.22, ""low"": 2.43, ""mid"": 3.56}",False,False
FULL,HE,rt_vol_lag2,ex_ante_lag2,19,1015,6.32,0.04243273140364021,"{""high"": 5.65, ""low"": 0.61, ""mid"": 6.93}",True,False
FULL,HE,rt_vol_lag2,ex_ante_lag2,20,1015,8.36,0.015333950940320175,"{""high"": 2.02, ""low"": 2.12, ""mid"": 7.74}",True,False
FULL,HE,rt_vol_lag2,ex_ante_lag2,21,1015,4.31,0.11596031743243224,"{""high"": 1.82, ""low"": -1.94, ""mid"": 9.01}",False,False
FULL,HE,rt_vol_lag2,ex_ante_lag2,22,1015,2.59,0.2745535688889543,"{""high"": -0.55, ""low"": -2.55, ""mid"": 3.77}",False,False
FULL,HE,rt_vol_lag2,ex_ante_lag2,23,1015,5.53,0.06309646489508679,"{""high"": 2.12, ""low"": 0.08, ""mid"": 3.57}",False,False
FULL,HE,rt_vol_lag2,ex_ante_lag2,24,1012,4.9,0.08619111437073736,"{""high"": 1.46, ""low"": -0.35, ""mid"": 3.02}",False,False
FULL,block,rt_vol_lag2,ex_ante_lag2,HE1-6,6090,1.28,0.526455676176762,"{""high"": 2.65, ""low"": -0.1, ""mid"": 0.28}",False,False
FULL,block,rt_vol_lag2,ex_ante_lag2,HE12-14,3045,1.28,0.5266106332764497,"{""high"": 1.32, ""low"": 0.93, ""mid"": 0.92}",False,False
FULL,block,rt_vol_lag2,ex_ante_lag2,HE15-20,6090,10.55,0.005110565636145069,"{""high"": 3.29, ""low"": 0.85, ""mid"": 4.5}",True,False
FULL,block,rt_vol_lag2,ex_ante_lag2,HE21-24,4057,13.91,0.0009520028566845462,"{""high"": 1.21, ""low"": -1.19, ""mid"": 4.84}",True,False
FULL,block,rt_vol_lag2,ex_ante_lag2,HE7-11,5075,1.2,0.548152303912069,"{""high"": 6.31, ""low"": 0.38, ""mid"": 0.7}",False,False
FULL,HE,rt_max_lag2,ex_ante_lag2,1,1015,1.26,0.5332099431367792,"{""high"": 2.09, ""low"": 0.58, ""mid"": 0.24}",False,False
FULL,HE,rt_max_lag2,ex_ante_lag2,2,1015,0.41,0.8162629281829007,"{""high"": 0.92, ""low"": 0.14, ""mid"": 0.17}",False,False
FULL,HE,rt_max_lag2,ex_ante_lag2,3,1015,0.43,0.8072504670686795,"{""high"": 1.06, ""low"": 0.22, ""mid"": -0.03}",False,False
FULL,HE,rt_max_lag2,ex_ante_lag2,4,1015,0.33,0.8474154704293331,"{""high"": 1.74, ""low"": 0.05, ""mid"": 0.25}",False,False
FULL,HE,rt_max_lag2,ex_ante_lag2,5,1015,5.48,0.06460718135742217,"{""high"": 2.83, ""low"": 0.61, ""mid"": -0.41}",False,False
FULL,HE,rt_max_lag2,ex_ante_lag2,6,1015,7.02,0.02986028448376718,"{""high"": 5.55, ""low"": 1.16, ""mid"": 0.22}",True,False
FULL,HE,rt_max_lag2,ex_ante_lag2,7,1015,6.29,0.04302884679686851,"{""high"": 5.57, ""low"": -1.22, ""mid"": -0.37}",True,False
FULL,HE,rt_max_lag2,ex_ante_lag2,8,1015,3.36,0.18625848957050528,"{""high"": 8.3, ""low"": 3.94, ""mid"": 0.25}",False,False
FULL,HE,rt_max_lag2,ex_ante_lag2,9,1015,0.84,0.6579986886717484,"{""high"": 7.85, ""low"": 2.79, ""mid"": 2.01}",False,False
FULL,HE,rt_max_lag2,ex_ante_lag2,10,1015,0.34,0.8435212146425676,"{""high"": 1.78, ""low"": 1.35, ""mid"": 1.6}",False,False
FULL,HE,rt_max_lag2,ex_ante_lag2,11,1015,0.43,0.8064350313221722,"{""high"": 1.05, ""low"": 0.7, ""mid"": 1.6}",False,False
FULL,HE,rt_max_lag2,ex_ante_lag2,12,1015,2.77,0.25028827017350463,"{""high"": 1.66, ""low"": 1.35, ""mid"": 0.45}",False,False
FULL,HE,rt_max_lag2,ex_ante_lag2,13,1015,0.96,0.6186044572386662,"{""high"": 2.03, ""low"": 1.44, ""mid"": -0.78}",False,False
FULL,HE,rt_max_lag2,ex_ante_lag2,14,1015,1.04,0.5942364327704537,"{""high"": 1.7, ""low"": 0.71, ""mid"": 1.24}",False,False
FULL,HE,rt_max_lag2,ex_ante_lag2,15,1015,0.15,0.9289217060459449,"{""high"": 2.06, ""low"": 1.87, ""mid"": 1.66}",False,False
FULL,HE,rt_max_lag2,ex_ante_lag2,16,1015,0.36,0.8334030539274128,"{""high"": 3.24, ""low"": -1.17, ""mid"": 2.52}",False,False
FULL,HE,rt_max_lag2,ex_ante_lag2,17,1015,1.82,0.40190447061883294,"{""high"": 4.38, ""low"": -0.22, ""mid"": 3.46}",False,False
FULL,HE,rt_max_lag2,ex_ante_lag2,18,1015,0.22,0.8946626421970231,"{""high"": 3.3, ""low"": 0.82, ""mid"": 4.96}",False,False
FULL,HE,rt_max_lag2,ex_ante_lag2,19,1015,9.63,0.008100834512723106,"{""high"": 6.22, ""low"": 0.58, ""mid"": 6.51}",True,False
FULL,HE,rt_max_lag2,ex_ante_lag2,20,1015,9.89,0.0071115813562201416,"{""high"": 2.76, ""low"": 4.21, ""mid"": 5.13}",True,False
FULL,HE,rt_max_lag2,ex_ante_lag2,21,1015,9.82,0.00737783383775849,"{""high"": 3.52, ""low"": -2.64, ""mid"": 8.13}",True,False
FULL,HE,rt_max_lag2,ex_ante_lag2,22,1015,7.27,0.026342779307557143,"{""high"": -0.55, ""low"": -2.49, ""mid"": 3.69}",True,False
FULL,HE,rt_max_lag2,ex_ante_lag2,23,1015,4.4,0.11072519378471132,"{""high"": 1.69, ""low"": -0.13, ""mid"": 4.15}",False,False
FULL,HE,rt_max_lag2,ex_ante_lag2,24,1012,2.32,0.31283509360195433,"{""high"": 1.32, ""low"": -0.08, ""mid"": 2.9}",False,False
FULL,block,rt_max_lag2,ex_ante_lag2,HE1-6,6090,10.19,0.006122621112807032,"{""high"": 2.36, ""low"": 0.46, ""mid"": 0.07}",True,False
FULL,block,rt_max_lag2,ex_ante_lag2,HE12-14,3045,0.84,0.6571103062260426,"{""high"": 1.8, ""low"": 1.17, ""mid"": 0.3}",False,False
FULL,block,rt_max_lag2,ex_ante_lag2,HE15-20,6090,13.92,0.0009512957718887808,"{""high"": 3.66, ""low"": 1.02, ""mid"": 4.04}",True,False
FULL,block,rt_max_lag2,ex_ante_lag2,HE21-24,4057,19.49,5.866279569615433e-05,"{""high"": 1.5, ""low"": -1.34, ""mid"": 4.72}",True,True
FULL,block,rt_max_lag2,ex_ante_lag2,HE7-11,5075,4.16,0.12474688664114932,"{""high"": 4.91, ""low"": 1.51, ""mid"": 1.02}",False,False
FULL,HE,spread_mean_lag2,ex_ante_lag2,1,1015,9.07,0.01071182360036607,"{""high"": 3.8, ""low"": -0.81, ""mid"": 0.19}",True,False
FULL,HE,spread_mean_lag2,ex_ante_lag2,2,1015,5.0,0.08220635209842034,"{""high"": 1.94, ""low"": -0.72, ""mid"": 0.17}",False,False
FULL,HE,spread_mean_lag2,ex_ante_lag2,3,1015,4.42,0.1095656714140818,"{""high"": 2.21, ""low"": -0.9, ""mid"": 0.12}",False,False
FULL,HE,spread_mean_lag2,ex_ante_lag2,4,1015,3.26,0.1962380105059875,"{""high"": 3.13, ""low"": -0.91, ""mid"": 0.06}",False,False
FULL,HE,spread_mean_lag2,ex_ante_lag2,5,1015,2.37,0.3062473939384237,"{""high"": 4.15, ""low"": -1.01, ""mid"": 0.09}",False,False
FULL,HE,spread_mean_lag2,ex_ante_lag2,6,1015,1.89,0.38965068649059176,"{""high"": 7.79, ""low"": -0.72, ""mid"": 0.22}",False,False
FULL,HE,spread_mean_lag2,ex_ante_lag2,7,1015,1.56,0.45726820274070745,"{""high"": 2.48, ""low"": -0.35, ""mid"": 1.68}",False,False
FULL,HE,spread_mean_lag2,ex_ante_lag2,8,1015,1.44,0.4868930657016488,"{""high"": 10.16, ""low"": 0.69, ""mid"": 1.87}",False,False
FULL,HE,spread_mean_lag2,ex_ante_lag2,9,1015,3.28,0.19368087689134975,"{""high"": 10.95, ""low"": 1.16, ""mid"": 1.0}",False,False
FULL,HE,spread_mean_lag2,ex_ante_lag2,10,1015,2.77,0.2503176414030532,"{""high"": 4.22, ""low"": 0.45, ""mid"": 0.38}",False,False
FULL,HE,spread_mean_lag2,ex_ante_lag2,11,1015,2.38,0.30420407436279606,"{""high"": 2.92, ""low"": 0.54, ""mid"": 0.16}",False,False
FULL,HE,spread_mean_lag2,ex_ante_lag2,12,1015,5.18,0.07500628831562964,"{""high"": 1.75, ""low"": 1.52, ""mid"": 0.14}",False,False
FULL,HE,spread_mean_lag2,ex_ante_lag2,13,1015,0.53,0.7659378636984597,"{""high"": 1.92, ""low"": 0.92, ""mid"": -0.25}",False,False
FULL,HE,spread_mean_lag2,ex_ante_lag2,14,1015,0.49,0.7827491097685269,"{""high"": 1.65, ""low"": 0.22, ""mid"": 1.84}",False,False
FULL,HE,spread_mean_lag2,ex_ante_lag2,15,1015,0.35,0.8413290956730051,"{""high"": 3.13, ""low"": 0.56, ""mid"": 2.06}",False,False
FULL,HE,spread_mean_lag2,ex_ante_lag2,16,1015,1.32,0.5179330198233063,"{""high"": 3.02, ""low"": -1.08, ""mid"": 2.92}",False,False
FULL,HE,spread_mean_lag2,ex_ante_lag2,17,1015,1.25,0.5363983680423761,"{""high"": 4.03, ""low"": 0.32, ""mid"": 3.52}",False,False
FULL,HE,spread_mean_lag2,ex_ante_lag2,18,1015,0.29,0.8663712971275613,"{""high"": 2.9, ""low"": 3.55, ""mid"": 2.76}",False,False
FULL,HE,spread_mean_lag2,ex_ante_lag2,19,1015,1.45,0.48341931354782763,"{""high"": 5.86, ""low"": 3.23, ""mid"": 4.54}",False,False
FULL,HE,spread_mean_lag2,ex_ante_lag2,20,1015,2.7,0.25876578316365734,"{""high"": 1.77, ""low"": 3.16, ""mid"": 7.12}",False,False
FULL,HE,spread_mean_lag2,ex_ante_lag2,21,1015,0.58,0.7496386594698896,"{""high"": 2.7, ""low"": 2.06, ""mid"": 4.71}",False,False
FULL,HE,spread_mean_lag2,ex_ante_lag2,22,1015,0.17,0.9162297567278106,"{""high"": 0.1, ""low"": 0.54, ""mid"": 0.34}",False,False
FULL,HE,spread_mean_lag2,ex_ante_lag2,23,1015,0.4,0.8168650579649216,"{""high"": 3.98, ""low"": 1.4, ""mid"": 0.8}",False,False
FULL,HE,spread_mean_lag2,ex_ante_lag2,24,1012,2.84,0.24221702946338436,"{""high"": 4.29, ""low"": -0.06, ""mid"": 0.43}",False,False
FULL,block,spread_mean_lag2,ex_ante_lag2,HE1-6,6090,23.21,9.128627659545342e-06,"{""high"": 3.84, ""low"": -0.85, ""mid"": 0.14}",True,True
FULL,block,spread_mean_lag2,ex_ante_lag2,HE12-14,3045,1.52,0.4686550800443726,"{""high"": 1.77, ""low"": 0.89, ""mid"": 0.58}",False,False
FULL,block,spread_mean_lag2,ex_ante_lag2,HE15-20,6090,4.8,0.0908688593129972,"{""high"": 3.45, ""low"": 1.62, ""mid"": 3.82}",False,False
FULL,block,spread_mean_lag2,ex_ante_lag2,HE21-24,4057,0.54,0.7626192471141567,"{""high"": 2.77, ""low"": 0.98, ""mid"": 1.57}",False,False
FULL,block,spread_mean_lag2,ex_ante_lag2,HE7-11,5075,5.39,0.0675469106431483,"{""high"": 6.15, ""low"": 0.5, ""mid"": 1.02}",True,False
FULL,HE,rt_level,ex_post,1,1017,12.24,0.0022022844685225217,"{""high"": 0.79, ""low"": 1.26, ""mid"": 0.77}",True,False
FULL,HE,rt_level,ex_post,2,1017,19.48,5.886674887911941e-05,"{""high"": -0.3, ""low"": 1.12, ""mid"": 0.53}",True,True
FULL,HE,rt_level,ex_post,3,1017,27.6,1.0145124488987033e-06,"{""high"": -0.42, ""low"": 1.31, ""mid"": 0.53}",True,True
FULL,HE,rt_level,ex_post,4,1017,25.29,3.225080616596726e-06,"{""high"": 0.22, ""low"": 1.46, ""mid"": 0.4}",True,True
FULL,HE,rt_level,ex_post,5,1017,27.06,1.3322476515162993e-06,"{""high"": 0.7, ""low"": 1.63, ""mid"": 0.51}",True,True
FULL,HE,rt_level,ex_post,6,1017,48.22,3.388691899645467e-11,"{""high"": 3.28, ""low"": 2.02, ""mid"": 0.99}",True,True
FULL,HE,rt_level,ex_post,7,1017,42.0,7.568064520589639e-10,"{""high"": -0.9, ""low"": 3.16, ""mid"": 1.69}",True,True
FULL,HE,rt_level,ex_post,8,1017,54.43,1.514133085772165e-12,"{""high"": 6.09, ""low"": 3.07, ""mid"": 2.21}",True,True
FULL,HE,rt_level,ex_post,9,1017,87.91,8.12045923403298e-20,"{""high"": 6.16, ""low"": 3.82, ""mid"": 1.97}",True,True
FULL,HE,rt_level,ex_post,10,1017,68.59,1.2736877150989423e-15,"{""high"": 1.04, ""low"": 2.91, ""mid"": 1.04}",True,True
FULL,HE,rt_level,ex_post,11,1017,59.19,1.404213525466551e-13,"{""high"": 0.33, ""low"": 2.72, ""mid"": 0.71}",True,True
FULL,HE,rt_level,ex_post,12,1017,57.15,3.882843656691086e-13,"{""high"": -0.15, ""low"": 3.22, ""mid"": 0.82}",True,True
FULL,HE,rt_level,ex_post,13,1017,71.06,3.7019759504073354e-16,"{""high"": -2.1, ""low"": 3.89, ""mid"": 1.58}",True,True
FULL,HE,rt_level,ex_post,14,1017,71.86,2.488791512798558e-16,"{""high"": -2.41, ""low"": 4.21, ""mid"": 2.82}",True,True
FULL,HE,rt_level,ex_post,15,1017,49.74,1.5843718505286464e-11,"{""high"": -1.13, ""low"": 4.48, ""mid"": 3.03}",True,True
FULL,HE,rt_level,ex_post,16,1017,42.96,4.687977119450125e-10,"{""high"": -3.89, ""low"": 5.47, ""mid"": 4.37}",True,True
FULL,HE,rt_level,ex_post,17,1017,31.72,1.2956811590959825e-07,"{""high"": -2.24, ""low"": 5.35, ""mid"": 5.56}",True,True
FULL,HE,rt_level,ex_post,18,1017,27.63,1.001852330931384e-06,"{""high"": -2.23, ""low"": 7.2, ""mid"": 5.72}",True,True
FULL,HE,rt_level,ex_post,19,1017,35.9,1.602717656878615e-08,"{""high"": -1.37, ""low"": 8.12, ""mid"": 8.02}",True,True
FULL,HE,rt_level,ex_post,20,1017,44.49,2.1782454089811385e-10,"{""high"": -11.48, ""low"": 9.98, ""mid"": 16.68}",True,True
FULL,HE,rt_level,ex_post,21,1017,44.76,1.9044515522998178e-10,"{""high"": -11.73, ""low"": 8.21, ""mid"": 15.69}",True,True
FULL,HE,rt_level,ex_post,22,1017,30.35,2.566268938349149e-07,"{""high"": -5.94, ""low"": 3.0, ""mid"": 5.22}",True,True
FULL,HE,rt_level,ex_post,23,1017,14.75,0.0006263302691150467,"{""high"": 1.16, ""low"": 2.13, ""mid"": 2.79}",True,False
FULL,HE,rt_level,ex_post,24,1014,24.17,5.639373124629688e-06,"{""high"": 1.39, ""low"": 1.62, ""mid"": 1.32}",True,True
FULL,block,rt_level,ex_post,HE1-6,6102,153.95,3.717847332462235e-34,"{""high"": 0.71, ""low"": 1.47, ""mid"": 0.62}",True,True
FULL,block,rt_level,ex_post,HE12-14,3051,198.72,7.056142602219088e-44,"{""high"": -1.55, ""low"": 3.77, ""mid"": 1.74}",True,True
FULL,block,rt_level,ex_post,HE15-20,6102,229.77,1.2774151168698414e-50,"{""high"": -3.73, ""low"": 6.77, ""mid"": 7.23}",True,True
FULL,block,rt_level,ex_post,HE21-24,4065,118.34,2.0055219043705166e-26,"{""high"": -3.78, ""low"": 3.74, ""mid"": 6.26}",True,True
FULL,block,rt_level,ex_post,HE7-11,5085,303.37,1.3302662093141714e-66,"{""high"": 2.54, ""low"": 3.14, ""mid"": 1.52}",True,True
FULL,HE,rt_vol,ex_post,1,1017,3.09,0.21279660002643913,"{""high"": 1.56, ""low"": 0.86, ""mid"": 0.37}",False,False
FULL,HE,rt_vol,ex_post,2,1017,2.22,0.3288562301185192,"{""high"": 0.46, ""low"": 0.44, ""mid"": 0.26}",False,False
FULL,HE,rt_vol,ex_post,3,1017,5.05,0.08002423012813513,"{""high"": 0.33, ""low"": 0.53, ""mid"": 0.32}",False,False
FULL,HE,rt_vol,ex_post,4,1017,6.51,0.03863391111596135,"{""high"": 1.0, ""low"": 0.47, ""mid"": 0.45}",True,False
FULL,HE,rt_vol,ex_post,5,1017,9.12,0.01048209996423029,"{""high"": 1.51, ""low"": 0.66, ""mid"": 0.57}",True,False
FULL,HE,rt_vol,ex_post,6,1017,8.1,0.017432134645308777,"{""high"": 4.93, ""low"": 0.9, ""mid"": 0.79}",True,False
FULL,HE,rt_vol,ex_post,7,1017,12.31,0.002121530626840724,"{""high"": -0.34, ""low"": 2.17, ""mid"": 1.49}",True,False
FULL,HE,rt_vol,ex_post,8,1017,18.16,0.00011399775667464845,"{""high"": 7.46, ""low"": 2.93, ""mid"": 1.66}",True,True
FULL,HE,rt_vol,ex_post,9,1017,2.17,0.3377270340217151,"{""high"": 8.83, ""low"": 1.98, ""mid"": 1.72}",False,False
FULL,HE,rt_vol,ex_post,10,1017,1.26,0.5330309938751285,"{""high"": 3.09, ""low"": 0.79, ""mid"": 0.92}",False,False
FULL,HE,rt_vol,ex_post,11,1017,1.36,0.506848083688488,"{""high"": 1.77, ""low"": 0.86, ""mid"": 0.81}",False,False
FULL,HE,rt_vol,ex_post,12,1017,2.78,0.24861457599966433,"{""high"": 1.33, ""low"": 1.63, ""mid"": 0.5}",False,False
FULL,HE,rt_vol,ex_post,13,1017,11.61,0.0030130460467785837,"{""high"": -1.06, ""low"": 2.34, ""mid"": 1.19}",True,False
FULL,HE,rt_vol,ex_post,14,1017,17.73,0.0001409636353295749,"{""high"": -1.12, ""low"": 3.17, ""mid"": 1.58}",True,False
FULL,HE,rt_vol,ex_post,15,1017,7.11,0.02851893444399568,"{""high"": 0.46, ""low"": 3.48, ""mid"": 1.66}",True,False
FULL,HE,rt_vol,ex_post,16,1017,5.56,0.06197974748304957,"{""high"": -2.24, ""low"": 4.52, ""mid"": 2.25}",False,False
FULL,HE,rt_vol,ex_post,17,1017,8.88,0.011770782210190543,"{""high"": -0.95, ""low"": 5.5, ""mid"": 2.99}",True,False
FULL,HE,rt_vol,ex_post,18,1017,34.48,3.254216629174364e-08,"{""high"": -3.54, ""low"": 8.28, ""mid"": 4.44}",True,True
FULL,HE,rt_vol,ex_post,19,1017,75.21,4.6491784995904546e-17,"{""high"": -3.15, ""low"": 10.37, ""mid"": 6.02}",True,True
FULL,HE,rt_vol,ex_post,20,1017,109.67,1.5354927423616582e-24,"{""high"": -11.53, ""low"": 14.03, ""mid"": 9.14}",True,True
FULL,HE,rt_vol,ex_post,21,1017,119.14,1.344900250708015e-26,"{""high"": -10.45, ""low"": 12.46, ""mid"": 6.99}",True,True
FULL,HE,rt_vol,ex_post,22,1017,102.79,4.774235395816499e-23,"{""high"": -8.58, ""low"": 6.75, ""mid"": 2.6}",True,True
FULL,HE,rt_vol,ex_post,23,1017,38.3,4.828877867105112e-09,"{""high"": 0.48, ""low"": 3.79, ""mid"": 1.7}",True,True
FULL,HE,rt_vol,ex_post,24,1014,30.0,3.0593566079425266e-07,"{""high"": 1.89, ""low"": 1.89, ""mid"": 0.6}",True,True
FULL,block,rt_vol,ex_post,HE1-6,6102,30.8,2.0454972442891156e-07,"{""high"": 1.63, ""low"": 0.64, ""mid"": 0.46}",True,True
FULL,block,rt_vol,ex_post,HE12-14,3051,29.72,3.5106674681144256e-07,"{""high"": -0.28, ""low"": 2.38, ""mid"": 1.09}",True,True
FULL,block,rt_vol,ex_post,HE15-20,6102,210.3,2.1618845427706342e-46,"{""high"": -3.49, ""low"": 7.7, ""mid"": 4.42}",True,True
FULL,block,rt_vol,ex_post,HE21-24,4065,301.52,3.349347626104841e-66,"{""high"": -4.17, ""low"": 6.22, ""mid"": 2.98}",True,True
FULL,block,rt_vol,ex_post,HE7-11,5085,26.8,1.5164892342315328e-06,"{""high"": 4.16, ""low"": 1.75, ""mid"": 1.32}",True,True
FULL,HE,rt_max,ex_post,1,1017,7.37,0.025053842620990613,"{""high"": 1.21, ""low"": 0.99, ""mid"": 0.59}",True,False
FULL,HE,rt_max,ex_post,2,1017,8.12,0.017217489589539548,"{""high"": 0.19, ""low"": 0.71, ""mid"": 0.25}",True,False
FULL,HE,rt_max,ex_post,3,1017,11.52,0.0031554537865510755,"{""high"": 0.05, ""low"": 0.83, ""mid"": 0.29}",True,False
FULL,HE,rt_max,ex_post,4,1017,13.94,0.0009389001444851112,"{""high"": 0.58, ""low"": 0.97, ""mid"": 0.38}",True,False
FULL,HE,rt_max,ex_post,5,1017,19.73,5.206533741600316e-05,"{""high"": 1.07, ""low"": 1.2, ""mid"": 0.48}",True,True
FULL,HE,rt_max,ex_post,6,1017,25.49,2.913014401999204e-06,"{""high"": 4.39, ""low"": 1.66, ""mid"": 0.66}",True,True
FULL,HE,rt_max,ex_post,7,1017,25.78,2.5291805043472724e-06,"{""high"": -1.06, ""low"": 2.9, ""mid"": 1.42}",True,True
FULL,HE,rt_max,ex_post,8,1017,37.0,9.238244929883041e-09,"{""high"": 7.02, ""low"": 3.3, ""mid"": 1.83}",True,True
FULL,HE,rt_max,ex_post,9,1017,17.85,0.00013334143377658866,"{""high"": 8.6, ""low"": 2.85, ""mid"": 1.3}",True,False
FULL,HE,rt_max,ex_post,10,1017,15.99,0.0003368457989328893,"{""high"": 2.44, ""low"": 1.86, ""mid"": 0.57}",True,False
FULL,HE,rt_max,ex_post,11,1017,13.23,0.001340053152263764,"{""high"": 1.49, ""low"": 1.69, ""mid"": 0.34}",True,False
FULL,HE,rt_max,ex_post,12,1017,23.2,9.186612022243951e-06,"{""high"": 1.17, ""low"": 2.51, ""mid"": -0.13}",True,True
FULL,HE,rt_max,ex_post,13,1017,41.03,1.232241641525496e-09,"{""high"": -1.32, ""low"": 3.39, ""mid"": 0.43}",True,True
FULL,HE,rt_max,ex_post,14,1017,41.12,1.1764593195859295e-09,"{""high"": -1.49, ""low"": 3.97, ""mid"": 1.12}",True,True
FULL,HE,rt_max,ex_post,15,1017,22.81,1.1111852142447079e-05,"{""high"": 0.05, ""low"": 4.06, ""mid"": 1.47}",True,True
FULL,HE,rt_max,ex_post,16,1017,16.65,0.00024205993558392856,"{""high"": -2.72, ""low"": 5.16, ""mid"": 1.99}",True,False
FULL,HE,rt_max,ex_post,17,1017,17.26,0.00017901772692240021,"{""high"": -1.26, ""low"": 5.71, ""mid"": 2.99}",True,False
FULL,HE,rt_max,ex_post,18,1017,36.64,1.1055536573552416e-08,"{""high"": -3.5, ""low"": 8.55, ""mid"": 3.98}",True,True
FULL,HE,rt_max,ex_post,19,1017,63.68,1.489010378769482e-14,"{""high"": -2.97, ""low"": 9.89, ""mid"": 6.09}",True,True
FULL,HE,rt_max,ex_post,20,1017,93.3,5.498122837986592e-21,"{""high"": -12.08, ""low"": 12.08, ""mid"": 10.89}",True,True
FULL,HE,rt_max,ex_post,21,1017,100.05,1.8841171535295862e-22,"{""high"": -10.65, ""low"": 10.43, ""mid"": 8.57}",True,True
FULL,HE,rt_max,ex_post,22,1017,80.5,3.314310893005228e-18,"{""high"": -8.69, ""low"": 5.08, ""mid"": 3.92}",True,True
FULL,HE,rt_max,ex_post,23,1017,37.32,7.881809386437712e-09,"{""high"": 0.22, ""low"": 3.05, ""mid"": 2.55}",True,True
FULL,HE,rt_max,ex_post,24,1014,36.07,1.4736382133549001e-08,"{""high"": 1.64, ""low"": 1.83, ""mid"": 0.9}",True,True
FULL,block,rt_max,ex_post,HE1-6,6102,80.83,2.802345026105468e-18,"{""high"": 1.25, ""low"": 1.06, ""mid"": 0.44}",True,True
FULL,block,rt_max,ex_post,HE12-14,3051,104.85,1.7096784143850257e-23,"{""high"": -0.55, ""low"": 3.29, ""mid"": 0.47}",True,True
FULL,block,rt_max,ex_post,HE15-20,6102,227.38,4.2213320294223585e-50,"{""high"": -3.75, ""low"": 7.57, ""mid"": 4.57}",True,True
FULL,block,rt_max,ex_post,HE21-24,4065,271.26,1.2506975230314452e-59,"{""high"": -4.37, ""low"": 5.1, ""mid"": 3.99}",True,True
FULL,block,rt_max,ex_post,HE7-11,5085,105.67,1.1319170208409904e-23,"{""high"": 3.7, ""low"": 2.52, ""mid"": 1.09}",True,True
FULL,HE,mcc_abs,ex_post,1,1017,4.36,0.11309313812043606,"{""high"": 3.41, ""low"": -0.57, ""mid"": -0.05}",False,False
FULL,HE,mcc_abs,ex_post,2,1017,8.41,0.014898257876991953,"{""high"": 2.15, ""low"": -0.76, ""mid"": -0.2}",True,False
FULL,HE,mcc_abs,ex_post,3,1017,1.43,0.48929976323837376,"{""high"": 2.27, ""low"": -0.57, ""mid"": -0.5}",False,False
FULL,HE,mcc_abs,ex_post,4,1017,0.23,0.8895719951205542,"{""high"": 2.59, ""low"": -0.39, ""mid"": -0.27}",False,False
FULL,HE,mcc_abs,ex_post,5,1017,0.41,0.8159752390261082,"{""high"": 3.17, ""low"": -0.15, ""mid"": -0.3}",False,False
FULL,HE,mcc_abs,ex_post,6,1017,0.79,0.6732756053368896,"{""high"": 6.49, ""low"": -0.2, ""mid"": 0.24}",False,False
FULL,HE,mcc_abs,ex_post,7,1017,1.98,0.37118850221720223,"{""high"": 3.36, ""low"": 0.44, ""mid"": -0.43}",False,False
FULL,HE,mcc_abs,ex_post,8,1017,3.84,0.14662634683485543,"{""high"": 11.71, ""low"": 0.47, ""mid"": -0.33}",False,False
FULL,HE,mcc_abs,ex_post,9,1017,3.47,0.1765835113577078,"{""high"": 11.86, ""low"": 0.12, ""mid"": 0.39}",False,False
FULL,HE,mcc_abs,ex_post,10,1017,0.21,0.9021145462309268,"{""high"": 3.87, ""low"": 0.25, ""mid"": 0.64}",False,False
FULL,HE,mcc_abs,ex_post,11,1017,1.25,0.5343709885047814,"{""high"": 2.96, ""low"": 0.08, ""mid"": 0.41}",False,False
FULL,HE,mcc_abs,ex_post,12,1017,6.35,0.04182347950246733,"{""high"": 2.26, ""low"": 0.34, ""mid"": 0.83}",True,False
FULL,HE,mcc_abs,ex_post,13,1017,5.04,0.08061121983018817,"{""high"": 0.66, ""low"": 0.69, ""mid"": 1.18}",False,False
FULL,HE,mcc_abs,ex_post,14,1017,6.6,0.03680433134524823,"{""high"": 1.56, ""low"": 0.33, ""mid"": 1.88}",True,False
FULL,HE,mcc_abs,ex_post,15,1017,11.24,0.0036249117532825286,"{""high"": 2.76, ""low"": 1.1, ""mid"": 1.78}",True,False
FULL,HE,mcc_abs,ex_post,16,1017,13.51,0.0011641013145519533,"{""high"": 0.45, ""low"": 1.76, ""mid"": 2.44}",True,False
FULL,HE,mcc_abs,ex_post,17,1017,19.46,5.945925807839423e-05,"{""high"": 3.15, ""low"": 1.75, ""mid"": 2.78}",True,True
FULL,HE,mcc_abs,ex_post,18,1017,21.66,1.9810651397321796e-05,"{""high"": 6.52, ""low"": 1.59, ""mid"": 1.27}",True,True
FULL,HE,mcc_abs,ex_post,19,1017,14.54,0.0006958175512016382,"{""high"": 8.33, ""low"": 1.83, ""mid"": 3.42}",True,False
FULL,HE,mcc_abs,ex_post,20,1017,2.19,0.3345313654998428,"{""high"": 4.65, ""low"": 1.8, ""mid"": 6.04}",False,False
FULL,HE,mcc_abs,ex_post,21,1017,3.15,0.20709052779299927,"{""high"": 5.71, ""low"": 0.13, ""mid"": 3.87}",False,False
FULL,HE,mcc_abs,ex_post,22,1017,1.35,0.5090246224469328,"{""high"": 1.52, ""low"": -0.18, ""mid"": -0.28}",False,False
FULL,HE,mcc_abs,ex_post,23,1017,2.06,0.35690149470899857,"{""high"": 3.9, ""low"": 0.73, ""mid"": 1.38}",False,False
FULL,HE,mcc_abs,ex_post,24,1014,1.16,0.56058932886488,"{""high"": 4.06, ""low"": -0.02, ""mid"": 0.31}",False,False
FULL,block,mcc_abs,ex_post,HE1-6,6102,3.98,0.13643821295935524,"{""high"": 3.35, ""low"": -0.44, ""mid"": -0.18}",False,False
FULL,block,mcc_abs,ex_post,HE12-14,3051,17.26,0.00017843925161008334,"{""high"": 1.49, ""low"": 0.45, ""mid"": 1.3}",True,True
FULL,block,mcc_abs,ex_post,HE15-20,6102,68.93,1.0787491728369156e-15,"{""high"": 4.31, ""low"": 1.64, ""mid"": 2.96}",True,True
FULL,block,mcc_abs,ex_post,HE21-24,4065,4.41,0.11009181733642573,"{""high"": 3.8, ""low"": 0.17, ""mid"": 1.32}",False,False
FULL,block,mcc_abs,ex_post,HE7-11,5085,5.63,0.059898906879772715,"{""high"": 6.75, ""low"": 0.27, ""mid"": 0.14}",True,False
FULL,HE,season,known,1,1017,3.22,0.35930618053798735,"{""DJF"": 3.45, ""JJA"": -0.1, ""MAM"": 0.05, ""SON"": 0.05}",False,False
FULL,HE,season,known,2,1017,3.06,0.38298483121561105,"{""DJF"": 2.19, ""JJA"": -0.2, ""MAM"": -0.38, ""SON"": -0.21}",False,False
FULL,HE,season,known,3,1017,2.53,0.4694109151098681,"{""DJF"": 2.76, ""JJA"": -0.31, ""MAM"": -0.79, ""SON"": -0.23}",False,False
FULL,HE,season,known,4,1017,1.92,0.589508269705207,"{""DJF"": 3.3, ""JJA"": -0.26, ""MAM"": -0.63, ""SON"": -0.0}",False,False
FULL,HE,season,known,5,1017,8.28,0.040485418465303506,"{""DJF"": 4.62, ""JJA"": -0.42, ""MAM"": -0.52, ""SON"": -0.37}",True,False
FULL,HE,season,known,6,1017,15.25,0.0016147562878701003,"{""DJF"": 8.82, ""JJA"": -0.67, ""MAM"": -0.25, ""SON"": 0.31}",True,False
FULL,HE,season,known,7,1017,40.19,9.698370675933421e-09,"{""DJF"": 11.34, ""JJA"": -1.44, ""MAM"": -5.83, ""SON"": 0.46}",True,True
FULL,HE,season,known,8,1017,54.12,1.0565758964621038e-11,"{""DJF"": 15.66, ""JJA"": -0.71, ""MAM"": -0.36, ""SON"": 0.32}",True,True
FULL,HE,season,known,9,1017,76.83,1.4662066481732477e-16,"{""DJF"": 14.27, ""JJA"": -0.39, ""MAM"": 0.95, ""SON"": 0.74}",True,True
FULL,HE,season,known,10,1017,34.66,1.439367692514211e-07,"{""DJF"": 5.21, ""JJA"": -0.36, ""MAM"": 0.63, ""SON"": 0.59}",True,True
FULL,HE,season,known,11,1017,23.99,2.5060305445343705e-05,"{""DJF"": 3.94, ""JJA"": -0.76, ""MAM"": 1.0, ""SON"": 0.12}",True,True
FULL,HE,season,known,12,1017,20.6,0.00012717346384712104,"{""DJF"": 3.03, ""JJA"": -0.52, ""MAM"": 1.75, ""SON"": -0.03}",True,False
FULL,HE,season,known,13,1017,13.32,0.003997179087113723,"{""DJF"": 3.1, ""JJA"": -1.28, ""MAM"": 1.15, ""SON"": 0.26}",True,False
FULL,HE,season,known,14,1017,2.2,0.5322226209924603,"{""DJF"": 3.15, ""JJA"": 1.52, ""MAM"": -0.6, ""SON"": 0.73}",False,False
FULL,HE,season,known,15,1017,3.69,0.29679662562471587,"{""DJF"": 2.42, ""JJA"": 2.31, ""MAM"": 1.73, ""SON"": 0.65}",False,False
FULL,HE,season,known,16,1017,1.93,0.5863423332567639,"{""DJF"": 3.54, ""JJA"": 3.2, ""MAM"": 1.95, ""SON"": -4.13}",False,False
FULL,HE,season,known,17,1017,20.34,0.00014416670418685226,"{""DJF"": 1.06, ""JJA"": 5.25, ""MAM"": 4.65, ""SON"": -2.24}",True,False
FULL,HE,season,known,18,1017,26.12,9.02148090133717e-06,"{""DJF"": -1.41, ""JJA"": 5.34, ""MAM"": 5.64, ""SON"": 2.68}",True,True
FULL,HE,season,known,19,1017,14.49,0.0023059833257283112,"{""DJF"": 1.81, ""JJA"": 7.76, ""MAM"": 4.27, ""SON"": 3.85}",True,False
FULL,HE,season,known,20,1017,34.55,1.5132347578164938e-07,"{""DJF"": 3.33, ""JJA"": 4.19, ""MAM"": 9.87, ""SON"": -3.16}",True,True
FULL,HE,season,known,21,1017,58.42,1.281708929928981e-12,"{""DJF"": 1.62, ""JJA"": 4.5, ""MAM"": 7.8, ""SON"": -3.15}",True,True
FULL,HE,season,known,22,1017,39.43,1.403953078319202e-08,"{""DJF"": 1.29, ""JJA"": 1.53, ""MAM"": -0.43, ""SON"": -1.5}",True,True
FULL,HE,season,known,23,1017,27.4,4.857197193576569e-06,"{""DJF"": 5.93, ""JJA"": 0.1, ""MAM"": 1.11, ""SON"": 0.43}",True,True
FULL,HE,season,known,24,1014,14.21,0.0026293154786858927,"{""DJF"": 5.18, ""JJA"": 0.1, ""MAM"": 0.46, ""SON"": -0.5}",True,False
FULL,block,season,known,HE1-6,6102,25.56,1.1814582227158794e-05,"{""DJF"": 4.19, ""JJA"": -0.33, ""MAM"": -0.42, ""SON"": -0.08}",True,True
FULL,block,season,known,HE12-14,3051,25.3,1.333538138577685e-05,"{""DJF"": 3.09, ""JJA"": -0.09, ""MAM"": 0.77, ""SON"": 0.32}",True,True
FULL,block,season,known,HE15-20,6102,76.89,1.4263576881380342e-16,"{""DJF"": 1.79, ""JJA"": 4.67, ""MAM"": 4.68, ""SON"": -0.39}",True,True
FULL,block,season,known,HE21-24,4065,105.62,9.614935833953344e-23,"{""DJF"": 3.5, ""JJA"": 1.56, ""MAM"": 2.24, ""SON"": -1.18}",True,True
FULL,block,season,known,HE7-11,5085,215.96,1.4997546359437789e-46,"{""DJF"": 10.09, ""JJA"": -0.73, ""MAM"": -0.72, ""SON"": 0.45}",True,True
