DATETIME,GKS_BESS_RN (DALMP),GKS_BESS_RN (RTLMP),HB_BUSAVG (RTLMP),ERCOT (NET_LOAD_FORECAST_BID_CLOSE),GR_SOUTH (WIND_STWPF_BIDCLOSE),GR_COASTAL (WIND_STWPF_BIDCLOSE),GR_WEST (WIND_STWPF_BIDCLOSE),ERCOT (WIND_COPHSL_BIDCLOSE),ERCOT (SOLAR_COPHSL_BIDCLOSE),HOURENDING,MARKETDAY,PEAKTYPE,MONTH,YEAR
06/01/2026 01:00:00,28.11,52.9375,50.34,40773.9153,1502.1,650.9,10201.9,16681.1,0,1,06/01/2026,OFFPEAK,JUNE,2026
06/01/2026 02:00:00,25.61,34.1075,33.1,37798.2794,1305.8,552.8,10536.4,16596.6,0,2,06/01/2026,OFFPEAK,JUNE,2026
06/01/2026 03:00:00,24.2,34.32,29.4575,35804.5606,1149.4,474.7,10759.3,16440.2,0,3,06/01/2026,OFFPEAK,JUNE,2026
06/01/2026 04:00:00,23.96,29.2175,26.225,35301.7807,1029.2,396,10561.1,15717,0,4,06/01/2026,OFFPEAK,JUNE,2026
06/01/2026 05:00:00,24.11,29.4525,26.45,36031.0073,917,309.7,10134.4,14786.7,0,5,06/01/2026,OFFPEAK,JUNE,2026
06/01/2026 06:00:00,25.23,25.71,25.22,38003.6766,839,246,9591.3,13738,0,6,06/01/2026,OFFPEAK,JUNE,2026
06/01/2026 07:00:00,30.82,24.235,23.915,40535.8584,766.7,200.3,8631.9,12190,334,7,06/01/2026,WDPEAK,JUNE,2026
06/01/2026 08:00:00,26.1,19.0225,18.9175,36531.9564,637,149,7198.9,9969.6,7688.9,8,06/01/2026,WDPEAK,JUNE,2026
06/01/2026 09:00:00,19.82,17.61,16.02,27567.9762,499.7,117.3,5723.1,7643.6,21819.2,9,06/01/2026,WDPEAK,JUNE,2026
06/01/2026 10:00:00,21.52,20.8775,17.185,25626.4411,420.4,162.4,4804.8,6386.2,28594.9,10,06/01/2026,WDPEAK,JUNE,2026
06/01/2026 11:00:00,25.6,22.665,20.55,29130.5189,340.6,213.8,3705,5047.4,30076.8,11,06/01/2026,WDPEAK,JUNE,2026
06/01/2026 12:00:00,34.25,27.36,27.965,32816.7124,285.9,279.1,2785.3,3990.6,31253.6,12,06/01/2026,WDPEAK,JUNE,2026
06/01/2026 13:00:00,36.96,26.0625,28.96,35893.4937,276.1,416.5,2314.9,3704.6,32124.4,13,06/01/2026,WDPEAK,JUNE,2026
06/01/2026 14:00:00,45.61,31.2325,36.7275,39846.4672,277.3,719.8,2229.9,4180.8,30792.3,14,06/01/2026,WDPEAK,JUNE,2026
06/01/2026 15:00:00,44.6,37.415,41.255,41345.0254,341,1069.7,2529.1,5228.4,30642.1,15,06/01/2026,WDPEAK,JUNE,2026
06/01/2026 16:00:00,45.1,36.9575,37.1025,41559.0534,546.1,1265.9,3234.5,6655.5,30333.7,16,06/01/2026,WDPEAK,JUNE,2026
06/01/2026 17:00:00,40.75,33.17,29.3975,41722.4847,806.6,1449.8,4442.6,8706.4,28901.3,17,06/01/2026,WDPEAK,JUNE,2026
06/01/2026 18:00:00,42.13,30.4325,26.955,41603.362,1181.7,1593.1,5898.3,11038.8,26461.3,18,06/01/2026,WDPEAK,JUNE,2026
06/01/2026 19:00:00,45.48,33.785,31.68,44499.2855,1528.4,1564.9,7277.8,12889.1,20676.7,19,06/01/2026,WDPEAK,JUNE,2026
06/01/2026 20:00:00,56.46,47.73,49.7225,53894.3167,1688.4,1331.5,8282.7,14020.9,8128.4,20,06/01/2026,WDPEAK,JUNE,2026
06/01/2026 21:00:00,66.09,52.4825,53.3025,57768.7194,1782,1038.3,9175.6,15123.8,548.1,21,06/01/2026,WDPEAK,JUNE,2026
06/01/2026 22:00:00,66.5,42.56,42.46,54948.9999,1782.1,817.5,10145.2,16243.2,0,22,06/01/2026,WDPEAK,JUNE,2026
06/01/2026 23:00:00,44.41,40.475,40.005,50126.2784,1682.8,707,10811.2,17111.1,0,23,06/01/2026,OFFPEAK,JUNE,2026
06/02/2026 00:00:00,33.39,37.05,36.2375,45623.1376,1508.7,606.6,10931.9,17242.8,0,24,06/01/2026,OFFPEAK,JUNE,2026
06/02/2026 01:00:00,27.62,35.6375,34.895,42243.6328,1333.5,462.6,10151.2,16274.8,0,1,06/02/2026,OFFPEAK,JUNE,2026
06/02/2026 02:00:00,26.97,31.17,30.515,40051.9035,1180.7,348.1,9514.9,15232.2,0,2,06/02/2026,OFFPEAK,JUNE,2026
06/02/2026 03:00:00,25.05,30.17,30.005,39054.1763,1001.6,238.9,8725.9,13875.7,0,3,06/02/2026,OFFPEAK,JUNE,2026
06/02/2026 04:00:00,26.41,34.28,34.2725,39186.0537,838.1,177.8,7814.1,12359.4,0,4,06/02/2026,OFFPEAK,JUNE,2026
06/02/2026 05:00:00,31.1,31.78,31.6325,40708.4889,698.2,121.5,6589.9,10404.8,0,5,06/02/2026,OFFPEAK,JUNE,2026
06/02/2026 06:00:00,35.59,37.27,37.2425,43823.7508,548,71.5,5387.3,8294.6,0,6,06/02/2026,OFFPEAK,JUNE,2026
06/02/2026 07:00:00,37.9,30.56,30.56,46694.3431,418.5,37.8,4442.6,6501.7,319.5,7,06/02/2026,WDPEAK,JUNE,2026
06/02/2026 08:00:00,29.67,25.2425,24.965,42454.3048,306.7,16.5,3448.9,4802.3,7077.5,8,06/02/2026,WDPEAK,JUNE,2026
06/02/2026 09:00:00,21.8,21.43,21.0925,32807.5885,206.4,13.6,2749,3500.3,20560.2,9,06/02/2026,WDPEAK,JUNE,2026
06/02/2026 10:00:00,21.9,21.805,21.4825,30141.5922,165.2,45.1,2476.6,3006.4,27193.2,10,06/02/2026,WDPEAK,JUNE,2026
06/02/2026 11:00:00,23.26,24.0525,23.7575,32309.9554,153.9,127.1,2149.2,2764.7,29133.3,11,06/02/2026,WDPEAK,JUNE,2026
06/02/2026 12:00:00,28.64,31.1275,30.36,35143.9773,165.7,177.2,1971.5,2769.7,30227.8,12,06/02/2026,WDPEAK,JUNE,2026
06/02/2026 13:00:00,32.13,33.1825,36.0725,37552.5839,195.6,238.5,2061.4,3250.6,31050.5,13,06/02/2026,WDPEAK,JUNE,2026
06/02/2026 14:00:00,33.58,39.6675,43.8175,41781.9438,229.8,533.2,2304.4,4188.5,29133,14,06/02/2026,WDPEAK,JUNE,2026
06/02/2026 15:00:00,34.9,36.14,35.2375,43960.9687,340.3,890.8,2850.9,5552.5,27852.6,15,06/02/2026,WDPEAK,JUNE,2026
06/02/2026 16:00:00,34.48,38.83,40.9625,44782.3796,551.3,1122.8,3792.4,7413.1,26222.7,16,06/02/2026,WDPEAK,JUNE,2026
06/02/2026 17:00:00,34.29,39.9425,49.48,46229.4335,827.8,1225.9,4987.3,9416.6,23055,17,06/02/2026,WDPEAK,JUNE,2026
06/02/2026 18:00:00,35.88,28.33,29.24,46658.8957,1143.8,1234.7,6190.7,11287.3,19946.9,18,06/02/2026,WDPEAK,JUNE,2026
06/02/2026 19:00:00,38.43,35.965,33.69,48814.1039,1419.6,1211.3,7120.2,12889.5,13834.2,19,06/02/2026,WDPEAK,JUNE,2026
06/02/2026 20:00:00,44.99,40.0175,33.1725,54865.4767,1535.3,1021.5,7756.8,13570.9,5022,20,06/02/2026,WDPEAK,JUNE,2026
06/02/2026 21:00:00,46.04,41.01,34.02,56493.1412,1517.9,788.2,8348.9,13933.5,376.5,21,06/02/2026,WDPEAK,JUNE,2026
06/02/2026 22:00:00,48.35,35.06,31.44,54407.7834,1501.8,628.2,8658.1,14171.3,0,22,06/02/2026,WDPEAK,JUNE,2026
06/02/2026 23:00:00,40.78,29.915,27.13,50528.2697,1430.5,523.8,8868.3,14210.7,0,23,06/02/2026,OFFPEAK,JUNE,2026
06/03/2026 00:00:00,33.69,27.13,26.5575,46594.7764,1305.3,421.8,9030.6,14054,0,24,06/02/2026,OFFPEAK,JUNE,2026
06/03/2026 01:00:00,33.17,29.635,28.5975,43815.8297,1022.7,303.1,8077.8,12587.5,0,1,06/03/2026,OFFPEAK,JUNE,2026
06/03/2026 02:00:00,30.44,29.675,27.35,42271.9999,869.6,242.2,7163.8,11071.3,0,2,06/03/2026,OFFPEAK,JUNE,2026
06/03/2026 03:00:00,32.65,32.5375,28.285,41959.7206,662.8,184.3,6006.5,9216.1,0,3,06/03/2026,OFFPEAK,JUNE,2026
06/03/2026 04:00:00,34.54,35.395,28.74,42454.789,515.9,147.9,4972.7,7548.2,0,4,06/03/2026,OFFPEAK,JUNE,2026
06/03/2026 05:00:00,37.37,31.375,26.9075,43628.8595,387.4,100.9,4125.3,6072.9,0,5,06/03/2026,OFFPEAK,JUNE,2026
06/03/2026 06:00:00,38.84,30.0825,26.74,45527.8797,274.8,67.3,3505.4,4942.8,0,6,06/03/2026,OFFPEAK,JUNE,2026
06/03/2026 07:00:00,40.29,31.1025,30.41,47587.3003,221.2,61.4,2954.4,4092.6,256,7,06/03/2026,WDPEAK,JUNE,2026
06/03/2026 08:00:00,36.74,35.0425,28.66,44640.2498,169.4,54.5,2371.3,3219.4,4876.1,8,06/03/2026,WDPEAK,JUNE,2026
06/03/2026 09:00:00,30.2,29.47,25.3025,38982.4195,121.3,60.7,1924.7,2547,13453,9,06/03/2026,WDPEAK,JUNE,2026
06/03/2026 10:00:00,31.81,28.6975,24.2325,36267.6996,108.6,115.8,1759,2477.2,19204.8,10,06/03/2026,WDPEAK,JUNE,2026
06/03/2026 11:00:00,29.19,29.285,28.3225,35287.7195,117.9,151.8,1575.1,2406.2,23128,11,06/03/2026,WDPEAK,JUNE,2026
06/03/2026 12:00:00,29.09,38.065,35.605,36539.9397,146.3,217.3,1519.5,2502.6,24958.4,12,06/03/2026,WDPEAK,JUNE,2026
06/03/2026 13:00:00,28.03,48.585,45.55,37790.4502,194.8,333.1,1726.2,2978,26079.6,13,06/03/2026,WDPEAK,JUNE,2026
06/03/2026 14:00:00,29.88,46.965,44.8725,39675.1608,260.4,534,2067.8,3766.1,26076.5,14,06/03/2026,WDPEAK,JUNE,2026
06/03/2026 15:00:00,28.81,44.5125,43.1125,41537.2912,370.8,819,2465.8,4758.5,25359.3,15,06/03/2026,WDPEAK,JUNE,2026
06/03/2026 16:00:00,30.06,40.8525,39.135,43040.2806,568.7,1053.9,2962.1,5909.2,23976.9,16,06/03/2026,WDPEAK,JUNE,2026
06/03/2026 17:00:00,32.34,36.9775,35.6075,44297.64,819,1241.2,3671.8,7295.4,21910.3,17,06/03/2026,WDPEAK,JUNE,2026
06/03/2026 18:00:00,33.25,38.55,36.3075,45831.5591,1152.8,1322.5,4293.8,8438.5,18877.9,18,06/03/2026,WDPEAK,JUNE,2026
06/03/2026 19:00:00,39.49,36.73,35.695,48632.8697,1436.2,1321.1,4735.7,9274.5,13467.3,19,06/03/2026,WDPEAK,JUNE,2026
06/03/2026 20:00:00,51.56,41.47,44.2,55427.2403,1514.2,1125.5,4905.8,9380.2,4849.4,20,06/03/2026,WDPEAK,JUNE,2026
06/03/2026 21:00:00,55.06,39.9025,40.9275,57967.0098,1538.9,888.9,4938.3,9233.1,384.7,21,06/03/2026,WDPEAK,JUNE,2026
06/03/2026 22:00:00,56.97,42.7675,42.55,56656.1297,1456,755,4992.6,9325,0,22,06/03/2026,WDPEAK,JUNE,2026
06/03/2026 23:00:00,48.35,40.925,39.1725,53146.8102,1337.7,668.6,5040.1,9458.4,0,23,06/03/2026,OFFPEAK,JUNE,2026
06/04/2026 00:00:00,40.32,35.2025,32.6925,49476.6696,1213.5,558.8,4951.6,9115.2,0,24,06/03/2026,OFFPEAK,JUNE,2026
06/04/2026 01:00:00,29,31.015,28.005,41724.0111,917.4,439.4,7772.8,11857.6,0,1,06/04/2026,OFFPEAK,JUNE,2026
06/04/2026 02:00:00,26.29,32.5625,26.645,39203.4998,791,340.7,7598.1,11358.1,0,2,06/04/2026,OFFPEAK,JUNE,2026
06/04/2026 03:00:00,25.95,33.0375,26.935,38360.5293,665.2,241.3,6942.6,10270.6,0,3,06/04/2026,OFFPEAK,JUNE,2026
06/04/2026 04:00:00,27.68,30.97,27.7175,38576.7002,546.8,179.5,6153,9056.5,0,4,06/04/2026,OFFPEAK,JUNE,2026
06/04/2026 05:00:00,29.85,40.54,31.64,39697.5901,445.1,125,5248.7,7790.4,0,5,06/04/2026,OFFPEAK,JUNE,2026
06/04/2026 06:00:00,30.68,42.165,33.9975,42328.9702,353.3,89.9,4367.8,6635.6,0,6,06/04/2026,OFFPEAK,JUNE,2026
06/04/2026 07:00:00,33.65,40.4075,35.6175,44617.3207,275.9,65.9,3729.8,5714.5,271.4,7,06/04/2026,WDPEAK,JUNE,2026
06/04/2026 08:00:00,31.75,40.485,30.505,42178.2202,204.4,38.8,2952.7,4611.1,5141.9,8,06/04/2026,WDPEAK,JUNE,2026
06/04/2026 09:00:00,24.86,29.3175,25.5475,36468.9701,138.7,28,2315,3737.4,13897.7,9,06/04/2026,WDPEAK,JUNE,2026
06/04/2026 10:00:00,26.98,27.5,25.515,33570.4798,106,33.6,2217.3,3657.7,19642.3,10,06/04/2026,WDPEAK,JUNE,2026
06/04/2026 11:00:00,28.51,28.495,27.715,32756.8696,95,51.4,2132.5,3671,23172.6,11,06/04/2026,WDPEAK,JUNE,2026
06/04/2026 12:00:00,30.58,28.9575,23.7975,34004.5598,96.8,90.6,2018.7,3616.6,24936.3,12,06/04/2026,WDPEAK,JUNE,2026
06/04/2026 13:00:00,31.24,37.3275,22.715,35187.9196,113.6,188.8,1993.2,3724.6,26281.4,13,06/04/2026,WDPEAK,JUNE,2026
06/04/2026 14:00:00,28.03,31.37,25.8725,38099.3498,155.2,437.9,2120.2,4293.9,25506.8,14,06/04/2026,WDPEAK,JUNE,2026
06/04/2026 15:00:00,30.12,33.9175,33.0125,40462.1095,262.2,736.5,2368,5159.5,24259.9,15,06/04/2026,WDPEAK,JUNE,2026
06/04/2026 16:00:00,31.49,40.6167,40.405,42477.3793,474.2,959.2,2661.5,6125.1,22621,16,06/04/2026,WDPEAK,JUNE,2026
06/04/2026 17:00:00,33.01,39.945,37.6725,43626.961,743.9,1167.6,3259.4,7508.5,20491.4,17,06/04/2026,WDPEAK,JUNE,2026
06/04/2026 18:00:00,32.7,36.1775,36.1275,44691.7388,1018.6,1303.7,4080.5,8977.3,17419,18,06/04/2026,WDPEAK,JUNE,2026
06/04/2026 19:00:00,37.61,45.0175,44.3575,46930.5092,1301.8,1321.3,4774.4,10211.1,12537.9,19,06/04/2026,WDPEAK,JUNE,2026
06/04/2026 20:00:00,43.29,57.83,62.62,51252.37,1499.9,1187.2,5435.4,11166.3,5385.9,20,06/04/2026,WDPEAK,JUNE,2026
06/04/2026 21:00:00,44.53,76.685,82.675,53012.6808,1541.2,1000,6727.9,12454.3,433.4,21,06/04/2026,WDPEAK,JUNE,2026
06/04/2026 22:00:00,42.77,84.0625,80.4925,50725.6513,1548.6,850.9,8014.7,13782.7,0,22,06/04/2026,WDPEAK,JUNE,2026
06/04/2026 23:00:00,33.43,54.2925,54.115,46704.0901,1587.7,768.3,8700,14734,0,23,06/04/2026,OFFPEAK,JUNE,2026
06/05/2026 00:00:00,26.37,33.9725,33.5775,42321.6303,1509.9,718.2,9311.7,15351.8,0,24,06/04/2026,OFFPEAK,JUNE,2026
06/05/2026 01:00:00,23.79,31.53,30.37,35984.1203,1427.9,683.4,11454.8,17049.9,0,1,06/05/2026,OFFPEAK,JUNE,2026
06/05/2026 02:00:00,25.29,30.3575,28.42,34339.1098,1191.1,565.9,10963.6,16258,0,2,06/05/2026,OFFPEAK,JUNE,2026
06/05/2026 03:00:00,25.96,31.845,30.215,33654.3704,967.1,431.9,10206.9,15124.9,0,3,06/05/2026,OFFPEAK,JUNE,2026
06/05/2026 04:00:00,27.43,31.7725,29.87,33958.6808,802.2,341.5,9222.3,13824.4,0,4,06/05/2026,OFFPEAK,JUNE,2026
06/05/2026 05:00:00,29.53,30.2525,28.595,35358.75,652.9,263,8226.2,12485.8,0,5,06/05/2026,OFFPEAK,JUNE,2026
06/05/2026 06:00:00,35.18,36.8375,34.5475,37851.4497,540.2,187.3,7389.9,11071.7,0,6,06/05/2026,OFFPEAK,JUNE,2026
06/05/2026 07:00:00,36.99,39.23,37.7025,40296.3597,483.3,139.7,6620.2,9832.2,191.6,7,06/05/2026,WDPEAK,JUNE,2026
06/05/2026 08:00:00,39.78,37.76,36.165,39591.5392,406.8,107.1,5879.8,8501.3,3282.3,8,06/05/2026,WDPEAK,JUNE,2026
06/05/2026 09:00:00,34.35,34.795,33.685,37630.5209,314.2,102.6,5419.1,7466.2,8554.6,9,06/05/2026,WDPEAK,JUNE,2026
06/05/2026 10:00:00,33.35,35.2975,35.11,35862.9202,289.7,133.9,5275.2,7181.4,12977.3,10,06/05/2026,WDPEAK,JUNE,2026
06/05/2026 11:00:00,31.53,33.3775,30.5425,35001.9604,288.9,176.2,4873.2,6740.1,16823.7,11,06/05/2026,WDPEAK,JUNE,2026
06/05/2026 12:00:00,33.05,38.78,31.43,35355.6508,285.2,235.4,4310.2,6121,19559,12,06/05/2026,WDPEAK,JUNE,2026
06/05/2026 13:00:00,33.63,43.54,31.8175,35876.4105,275.3,354.3,3894.6,5829.4,21374.5,13,06/05/2026,WDPEAK,JUNE,2026
06/05/2026 14:00:00,29.49,27.9975,27.165,37867.0202,270.8,662.3,3730.7,6108.1,21079.3,14,06/05/2026,WDPEAK,JUNE,2026
06/05/2026 15:00:00,31.26,31.985,30.13,39347.0711,338.6,1056.7,3844.8,6863.4,20364.2,15,06/05/2026,WDPEAK,JUNE,2026
06/05/2026 16:00:00,31.84,56.605,55.9225,40613.4604,479,1352.8,4211.6,7895,18716.8,16,06/05/2026,WDPEAK,JUNE,2026
06/05/2026 17:00:00,36.03,72.13,71.8975,42312.3107,613.9,1605,4858.5,9160.1,15855.7,17,06/05/2026,WDPEAK,JUNE,2026
06/05/2026 18:00:00,36.65,68.435,62.8,43241.4292,780.4,1779.5,5385.1,10230.9,12967,18,06/05/2026,WDPEAK,JUNE,2026
06/05/2026 19:00:00,36.82,55.66,51.5525,45400.229,985.5,1724.2,5578.1,10696.8,8895.2,19,06/05/2026,WDPEAK,JUNE,2026
06/05/2026 20:00:00,41,65.24,65.045,47194.1681,1127.8,1504.8,5880.5,11059.8,4883.1,20,06/05/2026,WDPEAK,JUNE,2026
06/05/2026 21:00:00,41.06,57.3625,57.3625,49625.1906,1234,1202.3,6308.5,11660.5,449.2,21,06/05/2026,WDPEAK,JUNE,2026
06/05/2026 22:00:00,41.64,45.3575,46.23,48506.3097,1305.9,973.9,6779.4,12242.9,0,22,06/05/2026,WDPEAK,JUNE,2026
06/05/2026 23:00:00,35.31,46.24,47.535,48034.4601,1076.6,596.9,6082.1,10727,0,23,06/05/2026,OFFPEAK,JUNE,2026
06/06/2026 00:00:00,33.07,64.9625,61.9225,45227.8792,1062.5,546.4,6316.2,10990.8,0,24,06/05/2026,OFFPEAK,JUNE,2026
06/06/2026 01:00:00,34.6,79.82,80.4625,44213.5998,1186.6,563.4,5419.5,10046.9,0,1,06/06/2026,OFFPEAK,JUNE,2026
06/06/2026 02:00:00,34.17,78.5925,72.42,42672.7696,1108.1,537.3,4898.5,9280.4,0,2,06/06/2026,OFFPEAK,JUNE,2026
06/06/2026 03:00:00,32.55,74.8425,74.3225,41847.9998,989,509,4286.3,8226.3,0,3,06/06/2026,OFFPEAK,JUNE,2026
06/06/2026 04:00:00,33.98,52.9725,52.5075,41699.7601,887.8,499.1,3602.7,7105.3,0,4,06/06/2026,OFFPEAK,JUNE,2026
06/06/2026 05:00:00,32.44,61.9075,61.5075,41859.7002,797.5,477,3135.9,6135.5,0,5,06/06/2026,OFFPEAK,JUNE,2026
06/06/2026 06:00:00,33.77,60.1125,60.06,42481.9504,769.6,433.5,2814.5,5349.2,0,6,06/06/2026,OFFPEAK,JUNE,2026
06/06/2026 07:00:00,35.6,85.7125,80.2075,42911.1793,736.9,416.2,2454.2,4677.2,157.8,7,06/06/2026,WEPEAK,JUNE,2026
06/06/2026 08:00:00,32.08,64.61,59.68,41219.8797,636.1,373.2,2139,3898.6,3077.9,8,06/06/2026,WEPEAK,JUNE,2026
06/06/2026 09:00:00,28.1,58.2275,52.655,36360.461,752.1,571,2631.3,4591.4,9433,9,06/06/2026,WEPEAK,JUNE,2026
06/06/2026 10:00:00,25.42,43.93,42.5275,34116.8791,835.6,750.2,2794.7,4901.6,13884.6,10,06/06/2026,WEPEAK,JUNE,2026
06/06/2026 11:00:00,24.35,34.415,34.0025,33627.1895,852.4,893.9,2697.7,4827.6,17560.9,11,06/06/2026,WEPEAK,JUNE,2026
06/06/2026 12:00:00,24.62,29.33,29.3975,34223.0904,877.5,1018.9,2340.5,4561.5,20041.1,12,06/06/2026,WEPEAK,JUNE,2026
06/06/2026 13:00:00,25.91,26.665,28.4475,35016.1009,913.3,1203.3,2143.6,4593.4,21533.8,13,06/06/2026,WEPEAK,JUNE,2026
06/06/2026 14:00:00,26.04,24.915,29.4825,35241.96,900.5,1497.4,2000.9,4758.4,22811.1,14,06/06/2026,WEPEAK,JUNE,2026
06/06/2026 15:00:00,26.9,24.9775,30.275,37210.781,938.6,1819.6,1925.7,5163.8,22315.2,15,06/06/2026,WEPEAK,JUNE,2026
06/06/2026 16:00:00,26.32,20.395,25.0975,39002.1994,1095.4,2070.6,2076.9,5846.2,21092.2,16,06/06/2026,WEPEAK,JUNE,2026
06/06/2026 17:00:00,23.06,25.9975,36.565,39627.74,1301.1,2348,2325.7,6728.6,20287.6,17,06/06/2026,WEPEAK,JUNE,2026
06/06/2026 18:00:00,22.98,38.96,42.495,40789.5706,1539.5,2590,2523.8,7527.9,17810.7,18,06/06/2026,WEPEAK,JUNE,2026
06/06/2026 19:00:00,29.2,39.9,59.6325,42981.3405,1763,2642.1,2807.4,8253.4,13139.5,19,06/06/2026,WEPEAK,JUNE,2026
06/06/2026 20:00:00,34,43.26,93.5675,47689.4906,1972.3,2477.7,3333.9,8901.3,6639.9,20,06/06/2026,WEPEAK,JUNE,2026
06/06/2026 21:00:00,30.33,41.15,106.8525,51570.8296,2186.5,2221.2,4075.3,9970.5,598.5,21,06/06/2026,WEPEAK,JUNE,2026
06/06/2026 22:00:00,33.34,76.18,177.8975,49781.1595,2362,2032.8,4963.6,11306.4,0,22,06/06/2026,WEPEAK,JUNE,2026
06/06/2026 23:00:00,26.46,106.195,132.645,46615.0005,2427.1,1959.3,6087.5,12704.4,0,23,06/06/2026,OFFPEAK,JUNE,2026
06/07/2026 00:00:00,22.35,39.545,41.795,42719.7395,2408.3,1916,7116.3,13818.2,0,24,06/06/2026,OFFPEAK,JUNE,2026
06/07/2026 01:00:00,24.57,38.25,38.43,41220.1901,2369.6,1927.3,7589.2,13628.6,0,1,06/07/2026,OFFPEAK,JUNE,2026
06/07/2026 02:00:00,23.67,31.515,31.3275,38113.1401,2268.5,1826.9,8580.7,14335.6,0,2,06/07/2026,OFFPEAK,JUNE,2026
06/07/2026 03:00:00,23.99,27.48,27.3275,36200.4405,2144,1739.7,9198.2,14674.1,0,3,06/07/2026,OFFPEAK,JUNE,2026
06/07/2026 04:00:00,28.27,24.56,24.56,34875.7903,1972.1,1608.7,9553.5,14691.6,0,4,06/07/2026,OFFPEAK,JUNE,2026
06/07/2026 05:00:00,28.63,26.285,26.285,34159.5298,1806.3,1437,9859.8,14635.4,0,5,06/07/2026,OFFPEAK,JUNE,2026
06/07/2026 06:00:00,25.98,25.0825,25.0825,33977.0908,1715,1344,10245.5,14769.3,0,6,06/07/2026,OFFPEAK,JUNE,2026
06/07/2026 07:00:00,25.4,24.085,24.085,33328.4403,1653.3,1320.2,10402.6,14690.7,186.8,7,06/07/2026,WEPEAK,JUNE,2026
06/07/2026 08:00:00,24.77,21.2325,21.13,29776.8203,1569,1310.2,10391.8,14620.1,3947.1,8,06/07/2026,WEPEAK,JUNE,2026
06/07/2026 09:00:00,18.53,21.16,16.36,20622.5794,1897.8,1817.8,11732.5,17034.9,12371.2,9,06/07/2026,WEPEAK,JUNE,2026
06/07/2026 10:00:00,17.51,23.9125,16.4525,17659.0391,2030.6,2200.1,12126.5,18423.2,17088.6,10,06/07/2026,WEPEAK,JUNE,2026
06/07/2026 11:00:00,16.88,24.65,18.2525,17046.8699,2083.1,2468.6,12133.7,18796.6,20457.9,11,06/07/2026,WEPEAK,JUNE,2026
06/07/2026 12:00:00,16.18,19.635,16.8975,18384.0396,2142.6,2657.8,11818.7,18746.1,22439.5,12,06/07/2026,WEPEAK,JUNE,2026
06/07/2026 13:00:00,16.24,20.9125,15.4075,19898.5005,2179.8,2790.6,11412,18559.9,23977,13,06/07/2026,WEPEAK,JUNE,2026
06/07/2026 14:00:00,17.38,30.885,19.1825,21853.2311,2185.2,2844.6,11210.2,18484.1,24577,14,06/07/2026,WEPEAK,JUNE,2026
06/07/2026 15:00:00,19.05,32.835,19.2875,23938.9304,2205.7,2873,11212.7,18673.1,24229.3,15,06/07/2026,WEPEAK,JUNE,2026
06/07/2026 16:00:00,22.25,38.04,21.86,26017.4913,2261.9,2852.3,11402.1,19007.3,23159.9,16,06/07/2026,WEPEAK,JUNE,2026
06/07/2026 17:00:00,23.26,42.6975,25.0425,27830.6388,2323.5,2837.2,11812.6,19509.1,21740.8,17,06/07/2026,WEPEAK,JUNE,2026
06/07/2026 18:00:00,27.77,50.33,35.5725,29512.4509,2384.2,2783.8,12217.5,20063.2,19546.5,18,06/07/2026,WEPEAK,JUNE,2026
06/07/2026 19:00:00,29.99,55.6025,47.9825,32680.4181,2443.3,2617.3,12695.3,20625.6,15119.6,19,06/07/2026,WEPEAK,JUNE,2026
06/07/2026 20:00:00,33.03,57.4875,63.0325,39142.74,2479.3,2390.9,13372.7,21333.5,7406.8,20,06/07/2026,WEPEAK,JUNE,2026
06/07/2026 21:00:00,35.66,48.7325,57.6225,43340.0992,2511.5,2216.2,14485.8,22749.5,699.2,21,06/07/2026,WEPEAK,JUNE,2026
06/07/2026 22:00:00,33.92,35.7475,38.455,41045.9401,2561.9,2096.2,15808.6,24495.4,0,22,06/07/2026,WEPEAK,JUNE,2026
06/07/2026 23:00:00,33.52,39.7425,39.72,37178.8015,2547.2,2059.9,16561.2,25428.8,0,23,06/07/2026,OFFPEAK,JUNE,2026
06/08/2026 00:00:00,25.85,28.9175,26.14,33043.0705,2488.3,2049.6,16962.1,25916.3,0,24,06/07/2026,OFFPEAK,JUNE,2026
06/08/2026 01:00:00,25.61,28.9925,26.755,28214.0108,2429.6,1901.7,17572.2,27076.5,0,1,06/08/2026,OFFPEAK,JUNE,2026
06/08/2026 02:00:00,23.81,25.6925,25.2975,25932.5298,2282.9,1866.5,17481.8,26768.2,0,2,06/08/2026,OFFPEAK,JUNE,2026
06/08/2026 03:00:00,22.54,24.9375,22.97,24891.4705,2169.4,1824.3,17224.8,26281.1,0,3,06/08/2026,OFFPEAK,JUNE,2026
06/08/2026 04:00:00,21.15,24.0725,23.125,24676.5491,2058.4,1811.8,16774.3,25550.4,0,4,06/08/2026,OFFPEAK,JUNE,2026
06/08/2026 05:00:00,22.26,25.0475,24.385,25446.4799,2005.1,1808.1,16217.3,24850.4,0,5,06/08/2026,OFFPEAK,JUNE,2026
06/08/2026 06:00:00,24.31,26.09,25.27,27510.8202,1993.6,1789.7,15607.8,24038.5,0,6,06/08/2026,OFFPEAK,JUNE,2026
06/08/2026 07:00:00,26.51,26.37,25.465,29781.8603,1937.9,1742,14960.5,22944.1,229.3,7,06/08/2026,WDPEAK,JUNE,2026
06/08/2026 08:00:00,24.17,25.7775,23.9225,27338.25,2048.9,1835.9,14434.1,22071.4,4677.7,8,06/08/2026,WDPEAK,JUNE,2026
06/08/2026 09:00:00,20.82,30.7825,28.135,20372.7106,2221.3,2096.2,14685.7,22353.9,13812.1,9,06/08/2026,WDPEAK,JUNE,2026
06/08/2026 10:00:00,19.57,27.48,25.8475,17969.3006,2357,2382.9,14505.9,22182.3,19436.4,10,06/08/2026,WDPEAK,JUNE,2026
06/08/2026 11:00:00,17.77,19.1475,25.4925,17901.7797,2449.1,2482.6,13871.1,21341.4,23987.7,11,06/08/2026,WDPEAK,JUNE,2026
06/08/2026 12:00:00,17.18,19.7825,27.1025,19940.8005,2450.6,2527.5,13245.5,20548.1,26359.5,12,06/08/2026,WDPEAK,JUNE,2026
06/08/2026 13:00:00,17.91,11.805,26.315,21905.8575,2433.3,2584.1,12850.1,19956.9,28196.8,13,06/08/2026,WDPEAK,JUNE,2026
06/08/2026 14:00:00,20.07,9.055,29.7225,23877.4093,2407.9,2649,12464.7,19590.7,29372.2,14,06/08/2026,WDPEAK,JUNE,2026
06/08/2026 15:00:00,25.43,7.8875,31.345,25991.2802,2389.5,2735.6,12165.2,19587.4,29079.4,15,06/08/2026,WDPEAK,JUNE,2026
06/08/2026 16:00:00,20.57,18.8675,34.78,27002.2386,2455.7,2773.6,12019.9,19941.7,28558.4,16,06/08/2026,WDPEAK,JUNE,2026
06/08/2026 17:00:00,18.42,15.61,31.72,27036.7302,2507,2783,12318.5,20668.8,28348.5,17,06/08/2026,WDPEAK,JUNE,2026
06/08/2026 18:00:00,20.22,22.7775,26.365,27911.8312,2576.8,2740.2,12798.8,21704.2,26218.4,18,06/08/2026,WDPEAK,JUNE,2026
06/08/2026 19:00:00,27.05,26.175,27.51,31089.6001,2655.7,2657.7,13361.3,22758.3,20780.7,19,06/08/2026,WDPEAK,JUNE,2026
06/08/2026 20:00:00,35.05,34.835,43.2525,40402.0207,2649.7,2407.2,13678.6,23066.9,9570.1,20,06/08/2026,WDPEAK,JUNE,2026
06/08/2026 21:00:00,34.32,32.635,37.085,46258.0405,2631,2175.4,14268.4,23604.7,819.1,21,06/08/2026,WDPEAK,JUNE,2026
06/08/2026 22:00:00,32.41,31.1775,33.605,44113.7393,2588.9,2034.1,15110.6,24579.9,0,22,06/08/2026,WDPEAK,JUNE,2026
06/08/2026 23:00:00,30.24,32.0775,33.4025,40221.0799,2492.7,1972.7,15516.6,25132.1,0,23,06/08/2026,OFFPEAK,JUNE,2026
06/09/2026 00:00:00,25.59,26.355,26.3725,36029.5404,2384.8,1906.3,15754.1,25422.9,0,24,06/08/2026,OFFPEAK,JUNE,2026
06/09/2026 01:00:00,26.25,25.4925,24.795,34141.4293,2293.4,1770,15702,24297.7,0,1,06/09/2026,OFFPEAK,JUNE,2026
06/09/2026 02:00:00,24.06,24.565,24.015,32510.1597,2145.5,1575.7,15150.1,23256.9,0,2,06/09/2026,OFFPEAK,JUNE,2026
06/09/2026 03:00:00,23.97,25.13,24.6425,31802.2103,1968.9,1399.4,14541.9,22152.2,0,3,06/09/2026,OFFPEAK,JUNE,2026
06/09/2026 04:00:00,23.41,26.28,25.8775,31808.0304,1819.9,1245.7,13830.6,21070.6,0,4,06/09/2026,OFFPEAK,JUNE,2026
06/09/2026 05:00:00,23.15,26.455,26.0475,32836.2608,1725.8,1138.1,12980.7,19756.4,0,5,06/09/2026,OFFPEAK,JUNE,2026
06/09/2026 06:00:00,24.65,26.4475,26.0425,35010.3796,1666.6,1066,12117.4,18572.2,0,6,06/09/2026,OFFPEAK,JUNE,2026
06/09/2026 07:00:00,26.02,25.6075,25.2425,37137.4702,1609.4,1043.1,11319.8,17408.7,278.7,7,06/09/2026,WDPEAK,JUNE,2026
06/09/2026 08:00:00,22.82,22.2725,22.0975,33237.8501,1626.3,1070.7,10954.5,16665.5,5569.9,8,06/09/2026,WDPEAK,JUNE,2026
06/09/2026 09:00:00,19.93,18.64,17.2525,25140.0299,1731.8,1253.5,11214.3,16909.7,15587.2,9,06/09/2026,WDPEAK,JUNE,2026
06/09/2026 10:00:00,18.06,22.21,17.4475,21498.1186,1804.4,1470.6,11437.8,16965.7,21561,10,06/09/2026,WDPEAK,JUNE,2026
06/09/2026 11:00:00,17.64,20.9875,17.13,20763.1519,1852.7,1573.5,11515.6,17001.8,25340.1,11,06/09/2026,WDPEAK,JUNE,2026
06/09/2026 12:00:00,20.35,14.48,18.66,21318.5605,1877.9,1647.5,11597.7,16938.4,27498.7,12,06/09/2026,WDPEAK,JUNE,2026
06/09/2026 13:00:00,22.32,14.9325,18.735,22580.2003,1868.3,1748.9,11768.2,16989.1,28998.4,13,06/09/2026,WDPEAK,JUNE,2026
06/09/2026 14:00:00,24.96,18.675,23.145,22985.7111,1855.3,1885.7,12094.8,17541.3,30640.5,14,06/09/2026,WDPEAK,JUNE,2026
06/09/2026 15:00:00,24.73,18.4925,25.25,24112.0892,1887,2022.4,12604.7,18442.5,30486,15,06/09/2026,WDPEAK,JUNE,2026
06/09/2026 16:00:00,26.38,20.545,25.215,24609.8102,1986,2133.3,13190,19542,30255.4,16,06/09/2026,WDPEAK,JUNE,2026
06/09/2026 17:00:00,25.66,16.95,21.07,23856.4998,2148.8,2203.4,13877,20511.4,30406.1,17,06/09/2026,WDPEAK,JUNE,2026
06/09/2026 18:00:00,26.98,13.88,19.6275,24700.9092,2327.2,2238.1,14547.3,21668.3,28181.6,18,06/09/2026,WDPEAK,JUNE,2026
06/09/2026 19:00:00,28.11,20.5625,24.735,28400.3708,2481.8,2192.4,15075.3,22656.3,22471,19,06/09/2026,WDPEAK,JUNE,2026
06/09/2026 20:00:00,36.14,44.8175,39.215,40734.1386,2539.5,1963.5,14829.1,22408,9506.2,20,06/09/2026,WDPEAK,JUNE,2026
06/09/2026 21:00:00,37.47,42.6825,37.855,47703.1398,2540.2,1711.3,14690.8,22404.2,778.7,21,06/09/2026,WDPEAK,JUNE,2026
06/09/2026 22:00:00,38.73,36.6725,34.115,46475.5305,2522.2,1566.2,14775.5,22649.9,0,22,06/09/2026,WDPEAK,JUNE,2026
06/09/2026 23:00:00,34.6,34.6425,33.69,42536.5004,2400.2,1484.6,15142.5,22937.5,0,23,06/09/2026,OFFPEAK,JUNE,2026
06/10/2026 00:00:00,27.43,34.84,33.0975,38627.4408,2249.4,1404.1,15414.8,23222.3,0,24,06/09/2026,OFFPEAK,JUNE,2026
06/10/2026 01:00:00,27.25,29.4925,27.7,35607.1501,2001.9,1326.8,15855,24084.2,0,1,06/10/2026,OFFPEAK,JUNE,2026
06/10/2026 02:00:00,26.4,27.1575,26.7175,33236.0705,1769.2,1242,15940.1,23759.7,0,2,06/10/2026,OFFPEAK,JUNE,2026
06/10/2026 03:00:00,25.78,24.62,23.9075,31755.6291,1573.3,1172.6,15842.3,23320.9,0,3,06/10/2026,OFFPEAK,JUNE,2026
06/10/2026 04:00:00,23.33,22.695,20.1125,31040.5903,1437,1079.8,15588.3,22832.5,0,4,06/10/2026,OFFPEAK,JUNE,2026
06/10/2026 05:00:00,25.99,22.4475,21.175,31182.6399,1333.6,1003.5,15278.2,22295.3,0,5,06/10/2026,OFFPEAK,JUNE,2026
06/10/2026 06:00:00,27.45,23.8675,21.7825,32704.1208,1272.4,935.6,14891.7,21675,0,6,06/10/2026,OFFPEAK,JUNE,2026
06/10/2026 07:00:00,29.05,27.655,22.9625,34175.4596,1241.4,938.1,14519.1,21097.6,288.6,7,06/10/2026,WDPEAK,JUNE,2026
06/10/2026 08:00:00,27.45,23.2575,17.9875,29516.7999,1272.1,982.9,14495.6,20740.7,5778.9,8,06/10/2026,WDPEAK,JUNE,2026
06/10/2026 09:00:00,22.02,22.3025,18.225,20739.3805,1377.9,1227.7,14858.5,21166.5,16171.2,9,06/10/2026,WDPEAK,JUNE,2026
06/10/2026 10:00:00,21.49,19.1975,18.6975,17036.6208,1473.3,1461.2,14807.3,21630.4,22762.3,10,06/10/2026,WDPEAK,JUNE,2026
06/10/2026 11:00:00,20.19,15.6,18.24,17104.5183,1519.5,1610.9,14214.2,21281.7,26234.4,11,06/10/2026,WDPEAK,JUNE,2026
06/10/2026 12:00:00,21.78,14.825,17.0375,19637.3904,1552.7,1759.8,13385.3,20669.5,27833.9,12,06/10/2026,WDPEAK,JUNE,2026
06/10/2026 13:00:00,25.8,19.475,15.2525,22129.0607,1582.8,1957.9,12653.6,20046,29006.2,13,06/10/2026,WDPEAK,JUNE,2026
06/10/2026 14:00:00,28.31,18.365,18.525,25844.6991,1657.1,2203.7,12221.5,19827.1,28211.1,14,06/10/2026,WDPEAK,JUNE,2026
06/10/2026 15:00:00,28.05,17.075,18.9575,27958.5298,1790.3,2446.9,12104.6,20153.7,27659.9,15,06/10/2026,WDPEAK,JUNE,2026
06/10/2026 16:00:00,27.08,12.6,17.0925,29159.8195,1940.8,2655.9,12315.4,20879.6,26806,16,06/10/2026,WDPEAK,JUNE,2026
06/10/2026 17:00:00,22.65,11.7925,17.61,28902.1384,2140.9,2790.8,13064.8,22063.6,26364.7,17,06/10/2026,WDPEAK,JUNE,2026
06/10/2026 18:00:00,21.39,13.195,16.69,29637.3001,2407.6,2884.6,14012.9,23269,24020.5,18,06/10/2026,WDPEAK,JUNE,2026
06/10/2026 19:00:00,23.11,20.195,19.7875,32692.3383,2635.7,2919.5,14852.9,24484.3,18938.5,19,06/10/2026,WDPEAK,JUNE,2026
06/10/2026 20:00:00,28.01,36.505,32.255,41490.1206,2735.9,2731.8,15284.4,24810.3,8419.9,20,06/10/2026,WDPEAK,JUNE,2026
06/10/2026 21:00:00,28.08,34.4325,34.98,47177.6295,2775.2,2476.3,15630.6,25162.9,695.1,21,06/10/2026,WDPEAK,JUNE,2026
06/10/2026 22:00:00,30,33.305,32.3325,45429.4408,2796.8,2318,16081.2,25815.6,0,22,06/10/2026,WDPEAK,JUNE,2026
06/10/2026 23:00:00,32.84,31.3725,28.7425,41623.9997,2712.9,2210.9,16575.9,26336.7,0,23,06/10/2026,OFFPEAK,JUNE,2026
06/11/2026 00:00:00,28.4,28.9975,25.3675,37712.2887,2587.4,2109.7,17027,26862.1,0,24,06/10/2026,OFFPEAK,JUNE,2026
06/11/2026 01:00:00,28.39,23.6475,20.94,34088.8695,2475.4,1937.6,17583.2,27773.4,0,1,06/11/2026,OFFPEAK,JUNE,2026
06/11/2026 02:00:00,26.69,22.53,20.3175,31695.2802,2277.3,1787.4,17683.5,27536.1,0,2,06/11/2026,OFFPEAK,JUNE,2026
06/11/2026 03:00:00,25.87,21.7425,19.3075,30155.5006,2092,1586.7,17658.4,27052.1,0,3,06/11/2026,OFFPEAK,JUNE,2026
06/11/2026 04:00:00,24.24,21.075,17.365,29655.8501,1903.4,1380.2,17505,26333,0,4,06/11/2026,OFFPEAK,JUNE,2026
06/11/2026 05:00:00,25.08,20.8475,17.1175,30117.3705,1713.6,1156.8,17203.9,25438.5,0,5,06/11/2026,OFFPEAK,JUNE,2026
06/11/2026 06:00:00,26.18,21.8525,18.2275,31931.2901,1520,1003.7,16667.6,24300.5,0,6,06/11/2026,OFFPEAK,JUNE,2026
06/11/2026 07:00:00,26.24,26.015,20.4725,33891.7398,1419.6,966.4,15997.5,23098.5,256.9,7,06/11/2026,WDPEAK,JUNE,2026
06/11/2026 08:00:00,24.23,24.9375,17.6325,30010.181,1483.9,1079.3,15932.1,22847.3,5099.9,8,06/11/2026,WDPEAK,JUNE,2026
06/11/2026 09:00:00,19.7,21.4775,18.3675,23124,1616.1,1354.9,16261.5,23450.8,13989,9,06/11/2026,WDPEAK,JUNE,2026
06/11/2026 10:00:00,18.84,19.5225,16.735,20832.3287,1632.5,1541.2,15854.3,22867.1,20281.6,10,06/11/2026,WDPEAK,JUNE,2026
06/11/2026 11:00:00,17.35,19.97,18.36,20778.3401,1684.8,1730.5,15180.6,21987.4,24272.3,11,06/11/2026,WDPEAK,JUNE,2026
06/11/2026 12:00:00,17.95,15.4325,18.995,22450.7807,1720.7,1968.4,14327.8,21416,26551.4,12,06/11/2026,WDPEAK,JUNE,2026
06/11/2026 13:00:00,20.59,15.3075,20.58,24477.0694,1769.2,2192.4,13570.4,21052.1,27982.7,13,06/11/2026,WDPEAK,JUNE,2026
06/11/2026 14:00:00,22.04,12.9725,19.6375,27200.5998,1896.3,2431.4,12708.7,20502,28569.2,14,06/11/2026,WDPEAK,JUNE,2026
06/11/2026 15:00:00,22.76,10.37,19.015,29407.2197,2040.4,2666.1,11981.9,20066.9,28446,15,06/11/2026,WDPEAK,JUNE,2026
06/11/2026 16:00:00,22.77,11.86,18.455,30748.7414,2253.1,2888.7,11456.5,20040.4,27946.9,16,06/11/2026,WDPEAK,JUNE,2026
06/11/2026 17:00:00,19.57,12.3975,19.55,31400.229,2485.5,2954.7,11607.5,20664.3,27068.4,17,06/11/2026,WDPEAK,JUNE,2026
06/11/2026 18:00:00,19.54,15.315,22.16,32878.5288,2703.2,2984.5,11995,21368.8,24562.9,18,06/11/2026,WDPEAK,JUNE,2026
06/11/2026 19:00:00,23.5,23.44,30.875,36942.0698,2901.5,2931.2,12287.7,21992.2,18736.9,19,06/11/2026,WDPEAK,JUNE,2026
06/11/2026 20:00:00,29.48,42.7375,49.215,48692.8285,2862,2597.4,11340,20798.1,6891.8,20,06/11/2026,WDPEAK,JUNE,2026
06/11/2026 21:00:00,36.55,39.4475,56.0025,53699.029,2764,2310.7,11074.8,20352.5,584.8,21,06/11/2026,WDPEAK,JUNE,2026
06/11/2026 22:00:00,44.38,49.89,59.375,52874.0209,2667.3,2092.6,11211.7,20220,0,22,06/11/2026,WDPEAK,JUNE,2026
06/11/2026 23:00:00,46.43,39.8075,40.6025,50924.5603,2437,1880.6,10681.7,18928.9,0,23,06/11/2026,OFFPEAK,JUNE,2026
06/12/2026 00:00:00,42.23,36.0325,35.7275,48372.3203,2249.8,1690.8,10165.9,17841.5,0,24,06/11/2026,OFFPEAK,JUNE,2026
06/12/2026 01:00:00,34.27,31.355,30.57,44451.8195,2091.8,1795,10463.1,18103.7,0,1,06/12/2026,OFFPEAK,JUNE,2026
06/12/2026 02:00:00,30.18,31.95,30.7775,42548.5002,1892.1,1621.7,10134,17258.2,0,2,06/12/2026,OFFPEAK,JUNE,2026
06/12/2026 03:00:00,31.24,30.5975,30.4175,41761.1014,1683.9,1411.4,9540.8,16109.4,0,3,06/12/2026,OFFPEAK,JUNE,2026
06/12/2026 04:00:00,30.78,29.7325,29.63,41775.231,1459.4,1217.8,8779.2,14686.9,0,4,06/12/2026,OFFPEAK,JUNE,2026
06/12/2026 05:00:00,32.92,34.31,34.1925,42523.1394,1265.7,1062.5,8047.3,13363.1,0,5,06/12/2026,OFFPEAK,JUNE,2026
06/12/2026 06:00:00,35.3,40.47,40.47,44240.5693,1167.9,945.6,7263.4,11976.7,0,6,06/12/2026,OFFPEAK,JUNE,2026
06/12/2026 07:00:00,35.65,42.3275,42.3275,46339.9304,1083.4,868.6,6332.5,10425.9,260.5,7,06/12/2026,WDPEAK,JUNE,2026
06/12/2026 08:00:00,30.19,36.82,36.82,43488.9095,1008.1,802.6,5430.6,8970.2,5128.3,8,06/12/2026,WDPEAK,JUNE,2026
06/12/2026 09:00:00,25.22,28.9975,29.0075,36032.1503,1241.2,1184.5,5694.2,9761.3,14339.6,9,06/12/2026,WDPEAK,JUNE,2026
06/12/2026 10:00:00,23.66,30.5325,31.23,33635.6011,1319,1512,5286.9,9586.4,20371.9,10,06/12/2026,WDPEAK,JUNE,2026
06/12/2026 11:00:00,22.82,33.13,35.4775,34224.8912,1300.9,1704.5,4795.1,9016.3,23325.7,11,06/12/2026,WDPEAK,JUNE,2026
06/12/2026 12:00:00,23.64,38.6075,40.8075,36150.0009,1290.3,1850.1,4344.6,8475.7,25035.6,12,06/12/2026,WDPEAK,JUNE,2026
06/12/2026 13:00:00,26.28,40.92,45.2875,37252.9709,1307.9,2025,4257.6,8482.8,26506.1,13,06/12/2026,WDPEAK,JUNE,2026
06/12/2026 14:00:00,25.51,34.0825,39.7075,38482.4406,1386.2,2285.7,4534.6,9211.2,26936.9,14,06/12/2026,WDPEAK,JUNE,2026
06/12/2026 15:00:00,25.76,27.78,28.18,38436.9398,1595.2,2570.1,5131,10564.5,26796.5,15,06/12/2026,WDPEAK,JUNE,2026
06/12/2026 16:00:00,21.97,27.4625,23.18,38060.8501,1879.7,2773.2,5919.7,12270.4,25878.4,16,06/12/2026,WDPEAK,JUNE,2026
06/12/2026 17:00:00,22.13,21.8,20.705,37033.7598,2221.4,2915.4,6775.1,14100.1,25146,17,06/12/2026,WDPEAK,JUNE,2026
06/12/2026 18:00:00,19.21,23.2425,23.8475,36869.8291,2540,2978.2,7623.4,15797.1,22746.8,18,06/12/2026,WDPEAK,JUNE,2026
06/12/2026 19:00:00,22.13,20.4825,24.63,39351.8096,2704,2940.3,8414.7,17167.8,17370.4,19,06/12/2026,WDPEAK,JUNE,2026
06/12/2026 20:00:00,28.75,35.17,33.645,47071.1888,2733.5,2621.3,9133.6,17992.9,7561.8,20,06/12/2026,WDPEAK,JUNE,2026
06/12/2026 21:00:00,31.66,32.9075,34.9875,51956.3003,2643.6,2220.1,9895.5,18520.9,662,21,06/12/2026,WDPEAK,JUNE,2026
06/12/2026 22:00:00,35.41,32.655,32.33,50294.0391,2466.1,1906,10782.3,19219.7,0,22,06/12/2026,WDPEAK,JUNE,2026
06/12/2026 23:00:00,38.57,29.5175,27.2925,46742.3695,2268.7,1686.2,11820.2,20176.8,0,23,06/12/2026,OFFPEAK,JUNE,2026
06/13/2026 00:00:00,29.97,26.0675,25.245,43064.4897,2050.3,1518.7,12643.6,20729.4,0,24,06/12/2026,OFFPEAK,JUNE,2026
06/13/2026 01:00:00,25.75,24.435,23.975,40710.69,1879.8,1535.2,12776.7,20388.6,0,1,06/13/2026,OFFPEAK,JUNE,2026
06/13/2026 02:00:00,25.06,23.2125,22.765,40218.419,1408,1050.6,12010.5,18399.2,0,2,06/13/2026,OFFPEAK,JUNE,2026
06/13/2026 03:00:00,23.77,23.43,23.18,39033.2001,1154.2,854.2,11941.4,17662,0,3,06/13/2026,OFFPEAK,JUNE,2026
06/13/2026 04:00:00,24.26,24.375,24.0875,38247.4493,925.6,691.4,11772.8,16855.5,0,4,06/13/2026,OFFPEAK,JUNE,2026
06/13/2026 05:00:00,23.54,27.3225,27.27,38139.2304,735,539,11507.6,16089.2,0,5,06/13/2026,OFFPEAK,JUNE,2026
06/13/2026 06:00:00,25.18,28.3225,28.3225,38374.6805,607.5,454.2,11272.1,15570,0,6,06/13/2026,OFFPEAK,JUNE,2026
06/13/2026 07:00:00,23.7,27.1475,27.1475,37943.6299,506.3,435,10914.9,15111.3,288.4,7,06/13/2026,WEPEAK,JUNE,2026
06/13/2026 08:00:00,20.7,21.675,21.6325,33209.0894,418.3,395.3,10398.1,14330.1,6220.1,8,06/13/2026,WEPEAK,JUNE,2026
06/13/2026 09:00:00,15.87,18.05,17.9975,23910.3202,908.4,1074.1,10468.5,15823.7,17590.9,9,06/13/2026,WEPEAK,JUNE,2026
06/13/2026 10:00:00,16.78,15.8225,14.44,21152.2493,977.6,1310.7,10435.4,16100.8,24034.4,10,06/13/2026,WEPEAK,JUNE,2026
06/13/2026 11:00:00,17.41,16.34,12.99,21508.1602,1013.2,1503,10026.4,15877.9,27162,11,06/13/2026,WEPEAK,JUNE,2026
06/13/2026 12:00:00,16.92,21.9825,14.06,23191.5209,1063.8,1802.4,9799,15901.2,28913.2,12,06/13/2026,WEPEAK,JUNE,2026
06/13/2026 13:00:00,19.25,21.08,17.625,24550.7815,1147.5,2130,9752,16119,30053.8,13,06/13/2026,WEPEAK,JUNE,2026
06/13/2026 14:00:00,19.35,22.625,19.7975,26592.9895,1431.5,2328.5,9787.4,16564,29980.8,14,06/13/2026,WEPEAK,JUNE,2026
06/13/2026 15:00:00,19.16,21.2125,19.43,27780.1406,1667.1,2455.5,9895.4,17108.7,29862,15,06/13/2026,WEPEAK,JUNE,2026
06/13/2026 16:00:00,19.12,22.225,19.435,28013.1996,1934.7,2688.3,10185,17993,29499.6,16,06/13/2026,WEPEAK,JUNE,2026
06/13/2026 17:00:00,18.56,21.7925,19.5325,28272.8494,1997.4,2751.2,10914.7,18934.2,28571.8,17,06/13/2026,WEPEAK,JUNE,2026
06/13/2026 18:00:00,19.28,17.7325,18.13,28926.1186,2050.9,2787.3,11753.2,20128.8,26349.3,18,06/13/2026,WEPEAK,JUNE,2026
06/13/2026 19:00:00,22.39,19.7425,20.065,31823.8594,2148.4,2756.9,12745.1,21570.2,20755,19,06/13/2026,WEPEAK,JUNE,2026
06/13/2026 20:00:00,33.22,32.84,31.3,42693.8302,2115.3,2518.7,13189.9,21350.1,8940.9,20,06/13/2026,WEPEAK,JUNE,2026
06/13/2026 21:00:00,34.71,34.675,35.4425,49279.729,2054.2,2304.9,13384.4,21140.8,876.3,21,06/13/2026,WEPEAK,JUNE,2026
06/13/2026 22:00:00,36.05,31.055,30.3275,48334.0493,2021,2225.9,13696.9,21442.5,0,22,06/13/2026,WEPEAK,JUNE,2026
06/13/2026 23:00:00,35.32,28.7625,28.26,46438.8401,1869.7,2055.2,13831.9,20934.2,0,23,06/13/2026,OFFPEAK,JUNE,2026
06/14/2026 00:00:00,29.4,29.345,29.245,43987.0701,1712.2,1871.4,13808.7,20433.7,0,24,06/13/2026,OFFPEAK,JUNE,2026
06/14/2026 01:00:00,25.97,25.8825,25.5075,40322.0889,1021.8,1157.3,13822.6,19478.8,0,1,06/14/2026,OFFPEAK,JUNE,2026
06/14/2026 02:00:00,25.51,25.0275,24.7,38974.2737,802.3,937.5,13052.7,18073.3,0,2,06/14/2026,OFFPEAK,JUNE,2026
06/14/2026 03:00:00,25.21,25.2725,25.025,38415.0438,654.5,803.7,11945.8,16591.3,0,3,06/14/2026,OFFPEAK,JUNE,2026
06/14/2026 04:00:00,25.48,26.2625,26.1225,38520.3137,528.3,645.5,10698.1,15103,0,4,06/14/2026,OFFPEAK,JUNE,2026
06/14/2026 05:00:00,26.76,28.85,28.3025,39314.7532,434.4,511.8,9066,13314.9,0,5,06/14/2026,OFFPEAK,JUNE,2026
06/14/2026 06:00:00,28.96,30.195,29.725,40647.2952,366.3,447.7,7244,11244.8,0,6,06/14/2026,OFFPEAK,JUNE,2026
06/14/2026 07:00:00,28.78,27.4275,26.525,41475.222,304.1,417.4,5674.3,9425.7,264.4,7,06/14/2026,WEPEAK,JUNE,2026
06/14/2026 08:00:00,25.62,24.3775,23.19,38331.0327,248.3,391,4376.5,7916,5276.4,8,06/14/2026,WEPEAK,JUNE,2026
06/14/2026 09:00:00,22.27,25.03,23.7475,33077.5139,230.9,456.3,3593.3,7170.7,14794.4,9,06/14/2026,WEPEAK,JUNE,2026
06/14/2026 10:00:00,21.66,26.375,25.2375,31385.8183,267.1,636.5,3317.1,7083.1,20677.2,10,06/14/2026,WEPEAK,JUNE,2026
06/14/2026 11:00:00,22.09,26.905,24.8425,32954.4441,272.7,736.3,3243.1,6876.8,22837.8,11,06/14/2026,WEPEAK,JUNE,2026
06/14/2026 12:00:00,22.33,24.6225,21.2575,34799.3139,268.7,841.4,3442.9,6882.8,24387.3,12,06/14/2026,WEPEAK,JUNE,2026
06/14/2026 13:00:00,22.32,20.56,17.5275,34530.0832,499,1309.8,4782,8828.2,25357.6,13,06/14/2026,WEPEAK,JUNE,2026
06/14/2026 14:00:00,23.55,18.03,17.7225,37325.0503,654.4,1897.3,5343.2,9691.3,23694.8,14,06/14/2026,WEPEAK,JUNE,2026
06/14/2026 15:00:00,24.57,16.7275,20.6725,38864.5634,811.7,2311,6021,10590.1,22631,15,06/14/2026,WEPEAK,JUNE,2026
06/14/2026 16:00:00,25.96,25.2,27.655,40061.2119,1035.8,2486.3,6706.9,11475.8,21070.2,16,06/14/2026,WEPEAK,JUNE,2026
06/14/2026 17:00:00,25.63,29.3825,31.2575,41793.8755,1229.2,2522.3,7305.9,12169.3,18699.1,17,06/14/2026,WEPEAK,JUNE,2026
06/14/2026 18:00:00,26.37,28.9125,28.9,43084.3875,1411.7,2477.3,7857.9,12754.5,15765.3,18,06/14/2026,WEPEAK,JUNE,2026
06/14/2026 19:00:00,29,36.24,40.0225,45361.0383,1624,2338,8376.5,13376.9,11290.4,19,06/14/2026,WEPEAK,JUNE,2026
06/14/2026 20:00:00,35.01,49.1075,54.3575,50403.2426,1729.8,2050.5,8648.3,13415.7,4953.2,20,06/14/2026,WEPEAK,JUNE,2026
06/14/2026 21:00:00,37.03,60.6375,65.4675,53590.7917,1703.2,1717.6,8692.6,13055.2,502.3,21,06/14/2026,WEPEAK,JUNE,2026
06/14/2026 22:00:00,39.6,52.0875,53.5,53321.9745,1679.9,1461.8,8493.8,12604.8,0,22,06/14/2026,WEPEAK,JUNE,2026
06/14/2026 23:00:00,43.77,49.565,50.3975,50861.4006,1656.3,1300.7,8319.9,12223.9,0,23,06/14/2026,OFFPEAK,JUNE,2026
06/15/2026 00:00:00,37.32,50.1775,46.96,47953.4125,1586.8,1219.3,7889.6,11582.1,0,24,06/14/2026,OFFPEAK,JUNE,2026
06/15/2026 01:00:00,35.64,47.35,43.94,49128.1563,1211.6,849.2,4442.8,7154.3,0,1,06/15/2026,OFFPEAK,JUNE,2026
06/15/2026 02:00:00,32.68,39.04,37.98,47268.4924,1037.2,732,3842.1,6223.9,0,2,06/15/2026,OFFPEAK,JUNE,2026
06/15/2026 03:00:00,32.17,42.4825,40.76,46167.7082,843.2,645.7,3398.5,5449,0,3,06/15/2026,OFFPEAK,JUNE,2026
06/15/2026 04:00:00,32.61,49.4475,46.9,45649.9192,755.3,619.7,3137.8,5000.6,0,4,06/15/2026,OFFPEAK,JUNE,2026
06/15/2026 05:00:00,31.83,44.8325,42.5525,45959.6067,707.9,616.9,2960.6,4704.8,0,5,06/15/2026,OFFPEAK,JUNE,2026
06/15/2026 06:00:00,37.55,46.25,43.3975,46894.8551,676.8,614.9,2803.5,4485.9,0,6,06/15/2026,OFFPEAK,JUNE,2026
06/15/2026 07:00:00,37.66,59.0125,54.4875,47294.3669,820.1,782.1,3321.1,5495.5,123.2,7,06/15/2026,WDPEAK,JUNE,2026
06/15/2026 08:00:00,37.79,51.18,47.22,46721.9213,757.1,839.1,3045.7,5175.2,2194.5,8,06/15/2026,WDPEAK,JUNE,2026
06/15/2026 09:00:00,32.21,56.9525,51.01,45459.4825,676.4,901.9,2777.9,4834.2,5974.9,9,06/15/2026,WDPEAK,JUNE,2026
06/15/2026 10:00:00,33.62,57.795,48.74,44301.2389,674.4,964.3,2632.6,4731.7,9543.1,10,06/15/2026,WDPEAK,JUNE,2026
06/15/2026 11:00:00,31.02,48.8775,44.6075,44349.0149,642.7,1041.6,2370.7,4511.5,12229,11,06/15/2026,WDPEAK,JUNE,2026
06/15/2026 12:00:00,28.75,45.75,42.98,44212.7427,646.2,1037,2078.5,4221.3,14811.8,12,06/15/2026,WDPEAK,JUNE,2026
06/15/2026 13:00:00,27.83,43.6725,40.98,44621.3903,666.3,1026.8,1793.5,4003.5,16539.2,13,06/15/2026,WDPEAK,JUNE,2026
06/15/2026 14:00:00,28.61,38.2,37.68,45007.3437,606.7,1114.4,1465.4,3716.2,18031.4,14,06/15/2026,WDPEAK,JUNE,2026
06/15/2026 15:00:00,30.15,29.4575,29.37,46698.2227,557.5,1205.7,1184.1,3540.8,17811.5,15,06/15/2026,WDPEAK,JUNE,2026
06/15/2026 16:00:00,31.27,27.1075,26.8975,48288.2629,605.8,1267.9,1021.7,3612.2,16799.6,16,06/15/2026,WDPEAK,JUNE,2026
06/15/2026 17:00:00,32.9,37.65,37.46,49400.0817,642.1,1346.9,956.9,3813.6,15866.9,17,06/15/2026,WDPEAK,JUNE,2026
06/15/2026 18:00:00,33.77,61.3725,57.155,51223.3759,685.6,1391.1,928.2,4019.4,13619,18,06/15/2026,WDPEAK,JUNE,2026
06/15/2026 19:00:00,36.63,66.1225,60.27,53768.4757,756.5,1363.7,1021.7,4361.8,9996.5,19,06/15/2026,WDPEAK,JUNE,2026
06/15/2026 20:00:00,50.58,71.7275,71.7175,56793.7734,805.9,1246.3,1214.6,4719.5,5293.9,20,06/15/2026,WDPEAK,JUNE,2026
06/15/2026 21:00:00,57.14,62.23,64.5925,59627.1513,835.9,1152.3,1474.8,5087.9,614.9,21,06/15/2026,WDPEAK,JUNE,2026
06/15/2026 22:00:00,58.69,53.225,52.155,58376.7699,857.6,1097.1,1894.5,5712.8,0,22,06/15/2026,WDPEAK,JUNE,2026
06/15/2026 23:00:00,56.64,53.8425,53.23,54711.3663,866.9,1088.3,2411,6496.5,0,23,06/15/2026,OFFPEAK,JUNE,2026
06/16/2026 00:00:00,39.53,43.165,42.34,51049.0786,821.5,1113.3,2683,6785,0,24,06/15/2026,OFFPEAK,JUNE,2026
06/16/2026 01:00:00,38.19,41.4925,40.5775,48446.1606,531.9,1119.3,2975.8,6626.9,0,1,06/16/2026,OFFPEAK,JUNE,2026
06/16/2026 02:00:00,33.37,35.3575,35.2525,46298.1103,435.6,1115.7,2859.9,6234.4,0,2,06/16/2026,OFFPEAK,JUNE,2026
06/16/2026 03:00:00,33.5,33.595,32.27,45149.3695,333.8,1109.1,2614.2,5604.3,0,3,06/16/2026,OFFPEAK,JUNE,2026
06/16/2026 04:00:00,31.99,38.7375,38.6325,44570.891,309.4,1119.9,2370.9,5182.1,0,4,06/16/2026,OFFPEAK,JUNE,2026
06/16/2026 05:00:00,33.15,45.605,44.98,45005.8099,290.2,1145.1,2001.3,4664,0,5,06/16/2026,OFFPEAK,JUNE,2026
06/16/2026 06:00:00,37.15,48.9425,45.385,46712.2298,286.1,1124.5,1582.1,4100.5,0,6,06/16/2026,OFFPEAK,JUNE,2026
06/16/2026 07:00:00,37.8,47.2875,43.64,48847.1891,315.7,1044.5,1255.8,3621.5,203.8,7,06/16/2026,WDPEAK,JUNE,2026
06/16/2026 08:00:00,35.01,43.7425,39.47,46467.02,348.6,996.9,909.5,3143.4,4188.8,8,06/16/2026,WDPEAK,JUNE,2026
06/16/2026 09:00:00,26.75,29.285,27.9475,40598.4604,327.3,1027.5,587.5,2653.3,12309,9,06/16/2026,WDPEAK,JUNE,2026
06/16/2026 10:00:00,26.45,29.225,25.7,37025.7502,330.6,1063.8,492.2,2559.2,18089.9,10,06/16/2026,WDPEAK,JUNE,2026
06/16/2026 11:00:00,27.15,34.0275,25.5325,36218.0287,361.5,1060.2,430.6,2571.5,21134.9,11,06/16/2026,WDPEAK,JUNE,2026
06/16/2026 12:00:00,26.87,36.315,25.6375,36571.1907,368.9,1054.7,349.7,2466,23223.9,12,06/16/2026,WDPEAK,JUNE,2026
06/16/2026 13:00:00,27.29,36.0125,27.035,37716.9304,407.2,1055.7,336,2468,24468.8,13,06/16/2026,WDPEAK,JUNE,2026
06/16/2026 14:00:00,27.42,25.3775,23.61,39751.6296,463.4,1090.9,391.7,2655.2,24852.4,14,06/16/2026,WDPEAK,JUNE,2026
06/16/2026 15:00:00,30.37,24.6025,22.9125,41860.0685,504.9,1097.9,510.8,2907.5,24515.2,15,06/16/2026,WDPEAK,JUNE,2026
06/16/2026 16:00:00,33.17,25.8275,24.15,43466.2506,536,1018.4,752.5,3223.1,23844.2,16,06/16/2026,WDPEAK,JUNE,2026
06/16/2026 17:00:00,37.03,29.4575,24.9075,44285.359,565.2,976,1246.6,3851.7,23151.9,17,06/16/2026,WDPEAK,JUNE,2026
06/16/2026 18:00:00,37.8,38.1675,25.635,45170.4907,575.9,953.3,1995.1,4824,21432.3,18,06/16/2026,WDPEAK,JUNE,2026
06/16/2026 19:00:00,43.88,40.525,29.23,47098.6602,570.3,872.4,3160.7,6201.9,17183.8,19,06/16/2026,WDPEAK,JUNE,2026
06/16/2026 20:00:00,52.15,38.235,35.205,52301.231,585,752.5,4855.3,8236.9,8594.5,20,06/16/2026,WDPEAK,JUNE,2026
06/16/2026 21:00:00,53.17,42.505,36.19,55506.7289,602.3,673.4,6976.8,11068.4,879.1,21,06/16/2026,WDPEAK,JUNE,2026
06/16/2026 22:00:00,45.44,36.695,31.6925,51794.5112,607.3,591.9,9373.2,14259.9,.3,22,06/16/2026,WDPEAK,JUNE,2026
06/16/2026 23:00:00,36.6,29.7325,27.1475,45966.2196,628,549.8,11441.7,16907.8,0,23,06/16/2026,OFFPEAK,JUNE,2026
06/17/2026 00:00:00,26.77,26.605,24.27,40608.1991,633.1,577.1,12831.8,18738.7,0,24,06/16/2026,OFFPEAK,JUNE,2026
06/17/2026 01:00:00,25.93,27.0325,24.2825,36994.95,520.3,556.6,13587.1,17270.1,0,1,06/17/2026,OFFPEAK,JUNE,2026
06/17/2026 02:00:00,24.71,24.195,21.875,33836.5994,500.6,557.1,14012.6,17650.1,0,2,06/17/2026,OFFPEAK,JUNE,2026
06/17/2026 03:00:00,23.22,22.9825,21.2625,31911.8304,449,554.6,14036.3,17684.7,0,3,06/17/2026,OFFPEAK,JUNE,2026
06/17/2026 04:00:00,22.22,22.075,20.8025,31056.5397,429.7,520.6,13842.6,17424.6,0,4,06/17/2026,OFFPEAK,JUNE,2026
06/17/2026 05:00:00,22.64,23.135,21.2125,31451.3895,403.4,449.8,13474.2,17017.1,0,5,06/17/2026,OFFPEAK,JUNE,2026
06/17/2026 06:00:00,25.35,26.0625,23.79,33296.4995,360.2,373.6,13065.7,16402.6,0,6,06/17/2026,OFFPEAK,JUNE,2026
06/17/2026 07:00:00,26.68,25.8575,23.9875,34899.1802,335.7,311.9,12756.2,15778.9,258.7,7,06/17/2026,WDPEAK,JUNE,2026
06/17/2026 08:00:00,24.53,21.475,19.76,30887.389,310.2,249.2,12335.8,15096.1,5669.8,8,06/17/2026,WDPEAK,JUNE,2026
06/17/2026 09:00:00,21.45,20.65,17.2075,22219.21,267.2,198.3,11983.9,14208.4,16814.4,9,06/17/2026,WDPEAK,JUNE,2026
06/17/2026 10:00:00,26.1,23.3025,17.2825,19038.8804,256.3,197.4,12075.1,13943.3,22997.1,10,06/17/2026,WDPEAK,JUNE,2026
06/17/2026 11:00:00,25.65,22.625,16.4175,19725.5911,278.3,212.6,12133.2,13640.8,25852.5,11,06/17/2026,WDPEAK,JUNE,2026
06/17/2026 12:00:00,26.67,21.7825,14.7025,22263.0989,289,214.7,11999.5,13159,27628.5,12,06/17/2026,WDPEAK,JUNE,2026
06/17/2026 13:00:00,32.21,19.57,11.4375,25349.9005,309,242.6,11602.3,12539.9,28550,13,06/17/2026,WDPEAK,JUNE,2026
06/17/2026 14:00:00,35.5,26.7325,15.4725,29906.021,348.9,356.4,11055.8,12043.5,27902.6,14,06/17/2026,WDPEAK,JUNE,2026
06/17/2026 15:00:00,41.56,38.0175,20.85,32195.1395,406.5,532.5,10752.9,11941.6,27766,15,06/17/2026,WDPEAK,JUNE,2026
06/17/2026 16:00:00,43.77,38.0825,19.175,33590.1207,493,743.3,10734.7,12205.9,27468.9,16,06/17/2026,WDPEAK,JUNE,2026
06/17/2026 17:00:00,46.65,40.465,18.575,33850.76,618,1059.1,11030.7,12859.7,27319.4,17,06/17/2026,WDPEAK,JUNE,2026
06/17/2026 18:00:00,41.82,33.1075,17.715,34354.9994,827.8,1517.2,11710,14033.3,25680.7,18,06/17/2026,WDPEAK,JUNE,2026
06/17/2026 19:00:00,42.98,35.3825,21.1975,36368.9001,1138.6,1992.2,12666,15435.3,20777.5,19,06/17/2026,WDPEAK,JUNE,2026
06/17/2026 20:00:00,45.72,46.2975,31.175,44021.6093,1543.9,2322.1,13666.3,16924.5,10636.6,20,06/17/2026,WDPEAK,JUNE,2026
06/17/2026 21:00:00,44.13,36.6975,35.5575,49714.2583,2072.2,2610.9,14715.6,18823.4,1038,21,06/17/2026,WDPEAK,JUNE,2026
06/17/2026 22:00:00,36.58,35.2825,34.8325,46546.6902,2547.8,2815,15836,20808.1,0,22,06/17/2026,WDPEAK,JUNE,2026
06/17/2026 23:00:00,30.8,28.9525,27.575,41378.5611,2748.8,2936.6,16647.9,22280.9,0,23,06/17/2026,OFFPEAK,JUNE,2026
06/18/2026 00:00:00,25.54,25.9725,23.8475,36453.9296,2804.9,3019,16932.3,23058.7,0,24,06/17/2026,OFFPEAK,JUNE,2026
06/18/2026 01:00:00,23.13,23.9825,22.7225,34652.1896,2657.3,2656.9,16574.5,25494,0,1,06/18/2026,OFFPEAK,JUNE,2026
06/18/2026 02:00:00,20.72,21.8425,21.855,32241.5796,2621.9,2743.4,16198.6,25159.8,0,2,06/18/2026,OFFPEAK,JUNE,2026
06/18/2026 03:00:00,19.91,20.57,21.365,31156.8507,2541.2,2779.1,15624.7,24360,0,3,06/18/2026,OFFPEAK,JUNE,2026
06/18/2026 04:00:00,18.93,20.76,22.1475,30791.8001,2453.5,2726.2,15137.8,23481.8,0,4,06/18/2026,OFFPEAK,JUNE,2026
06/18/2026 05:00:00,19.38,21.35,22.9,31543.1393,2378.6,2651.4,14458.4,22449.2,0,5,06/18/2026,OFFPEAK,JUNE,2026
06/18/2026 06:00:00,19.9,22.18,23.1325,33863.6906,2302.1,2570.6,13568.9,21255.8,0,6,06/18/2026,OFFPEAK,JUNE,2026
06/18/2026 07:00:00,24.82,23.445,22.3825,35613.87,2225.5,2500.5,12566.9,20206.4,281.6,7,06/18/2026,WDPEAK,JUNE,2026
06/18/2026 08:00:00,23.19,18.6775,16.8125,31530.5103,2110.5,2502,11111.1,18875,6323.8,8,06/18/2026,WDPEAK,JUNE,2026
06/18/2026 09:00:00,17.63,17.06,14.4425,23106.7695,2013.5,2681.8,9335.9,17409,18591.3,9,06/18/2026,WDPEAK,JUNE,2026
06/18/2026 10:00:00,17.64,15.5075,11.605,20416.8216,1949,2873,7990.6,16498.7,25752.6,10,06/18/2026,WDPEAK,JUNE,2026
06/18/2026 11:00:00,18.77,12.1025,10.6975,22395.7185,1785.6,2928.3,6775.3,15436.9,28965.5,11,06/18/2026,WDPEAK,JUNE,2026
06/18/2026 12:00:00,19.45,18.1225,18.405,26143.8692,1637.9,3067.1,5555.4,14367.5,30469.8,12,06/18/2026,WDPEAK,JUNE,2026
06/18/2026 13:00:00,24.66,26.2075,25.98,29922.8798,1508.9,3205.7,4723.1,13535.7,31299.2,13,06/18/2026,WDPEAK,JUNE,2026
06/18/2026 14:00:00,26.61,36.805,29.79,34522.0693,1384,3304.9,4553.5,13304.1,30586.9,14,06/18/2026,WDPEAK,JUNE,2026
06/18/2026 15:00:00,24.82,32.0775,29.5325,36630.8402,1373.6,3400,4842.7,13617.9,30711.7,15,06/18/2026,WDPEAK,JUNE,2026
06/18/2026 16:00:00,24.82,43.9075,32.05,37422.6895,1445.1,3420.9,5342.1,14248.8,30378.7,16,06/18/2026,WDPEAK,JUNE,2026
06/18/2026 17:00:00,26.6,55.2775,35.9825,38046.9204,1548.1,3431.1,6160.2,15080.4,29129,17,06/18/2026,WDPEAK,JUNE,2026
06/18/2026 18:00:00,26.02,54.9075,35.0325,38114.7095,1736.6,3444.3,7380.1,16338.9,27054.8,18,06/18/2026,WDPEAK,JUNE,2026
06/18/2026 19:00:00,27.92,55.475,37.8125,40960.2093,1984,3434.9,8905.7,18008.5,21024.4,19,06/18/2026,WDPEAK,JUNE,2026
06/18/2026 20:00:00,34.03,56.68,52.125,52062.4996,2196.8,3332.4,10183.9,19213,7777.6,20,06/18/2026,WDPEAK,JUNE,2026
06/18/2026 21:00:00,35.38,48.27,48.61,56012.4315,2357.6,3225.8,10989.9,19936.8,746.8,21,06/18/2026,WDPEAK,JUNE,2026
06/18/2026 22:00:00,34.65,48.0475,49.0825,53929.4799,2474,3151.4,11849.3,20688.3,0,22,06/18/2026,WDPEAK,JUNE,2026
06/18/2026 23:00:00,26.82,55.0025,56.815,49523.8405,2553.1,3127.3,12374.9,21279.1,0,23,06/18/2026,OFFPEAK,JUNE,2026
06/19/2026 00:00:00,25.44,79.1875,76.5175,45833.9904,2577.7,3039.8,11895.9,20568.1,0,24,06/18/2026,OFFPEAK,JUNE,2026
06/19/2026 01:00:00,29.94,66.0625,72.6625,43877.2686,2282.9,2660.2,10566.7,17760,0,1,06/19/2026,OFFPEAK,JUNE,2026
06/19/2026 02:00:00,26.08,48.1325,50.3175,42454.8701,2144.2,2498.7,9439,16059.9,0,2,06/19/2026,OFFPEAK,JUNE,2026
06/19/2026 03:00:00,23.19,44.6925,50.54,41832.04,1996,2310,8306,14448.1,0,3,06/19/2026,OFFPEAK,JUNE,2026
06/19/2026 04:00:00,24.35,43.2275,45.125,41955.8295,1904.5,2093,7710.7,13297.7,0,4,06/19/2026,OFFPEAK,JUNE,2026
06/19/2026 05:00:00,28.96,33.1875,34.145,42619.0492,1863,1913.1,7301.2,12377,0,5,06/19/2026,OFFPEAK,JUNE,2026
06/19/2026 06:00:00,33.68,32.2875,34.5125,44333.9899,1775.9,1845.5,6770.6,11516,0,6,06/19/2026,OFFPEAK,JUNE,2026
06/19/2026 07:00:00,33.43,31.805,30.155,46249.3796,1676.5,1850.3,6168.8,10669.6,142.3,7,06/19/2026,WDPEAK,JUNE,2026
06/19/2026 08:00:00,30.11,29.835,26.1225,45670.9393,1518.5,1896.6,5269.9,9407.3,2707.1,8,06/19/2026,WDPEAK,JUNE,2026
06/19/2026 09:00:00,26.05,31.835,27.8425,43473.8703,1363.6,2218.3,4319.8,8492.1,8214.7,9,06/19/2026,WDPEAK,JUNE,2026
06/19/2026 10:00:00,21.47,27.4625,25.35,42507.6206,1279.1,2636,3594.6,8051.3,12398.3,10,06/19/2026,WDPEAK,JUNE,2026
06/19/2026 11:00:00,22.12,26.0475,26.6325,42969.02,1096.8,2725,2628.8,7029,16141.1,11,06/19/2026,WDPEAK,JUNE,2026
06/19/2026 12:00:00,25.06,26.125,26.8925,44864.3687,954.2,2701,1930.3,6178.7,18224.3,12,06/19/2026,WDPEAK,JUNE,2026
06/19/2026 13:00:00,29.21,28.565,25.9975,46680.8911,867.2,2657.7,1548.1,5638.1,19894.2,13,06/19/2026,WDPEAK,JUNE,2026
06/19/2026 14:00:00,31.3,27.71,25.3025,47491.3796,846.1,2665.1,1323.1,5523.7,21860.7,14,06/19/2026,WDPEAK,JUNE,2026
06/19/2026 15:00:00,31.01,27.3675,22.815,48708.9811,922.6,2747.6,1375.6,5898.1,22005.9,15,06/19/2026,WDPEAK,JUNE,2026
06/19/2026 16:00:00,32.54,33.855,28.565,49405.7799,1062.6,2794.8,1625.9,6512.9,21237.6,16,06/19/2026,WDPEAK,JUNE,2026
06/19/2026 17:00:00,33,39.9975,31.0675,49504.419,1278.6,2931.5,2184,7636.9,19574.7,17,06/19/2026,WDPEAK,JUNE,2026
06/19/2026 18:00:00,31,40.6675,33.0675,49447.7884,1525.7,3008.1,2886.7,8803.6,17085.9,18,06/19/2026,WDPEAK,JUNE,2026
06/19/2026 19:00:00,26.26,32.2225,31.9025,50330.3104,1702.5,2950.7,3535,9843.9,13063.8,19,06/19/2026,WDPEAK,JUNE,2026
06/19/2026 20:00:00,36.58,50.51,50.18,54210.0202,1807.2,2696.8,4332.8,10663.8,6796.3,20,06/19/2026,WDPEAK,JUNE,2026
06/19/2026 21:00:00,37.75,56.2625,51.91,60057.7705,1625.2,2126.7,3856.6,9179.9,813.4,21,06/19/2026,WDPEAK,JUNE,2026
06/19/2026 22:00:00,42.28,43.025,39.8225,59292.5407,1653.1,1868.4,4203.9,9482.7,0,22,06/19/2026,WDPEAK,JUNE,2026
06/19/2026 23:00:00,51.32,35.825,32.7175,56277.0509,1644.3,1709,4377.6,9893.3,0,23,06/19/2026,OFFPEAK,JUNE,2026
06/20/2026 00:00:00,47.54,34.0325,30.3975,53454.8594,1540.6,1529.1,4155.7,9707.4,0,24,06/19/2026,OFFPEAK,JUNE,2026
06/20/2026 01:00:00,41.24,35.8,34.2475,50601.9897,1503.5,1385.2,4325.1,9195,0,1,06/20/2026,OFFPEAK,JUNE,2026
06/20/2026 02:00:00,39.47,34.99,32.4575,48220.44,1285.1,1216.9,4307.9,8818.3,0,2,06/20/2026,OFFPEAK,JUNE,2026
06/20/2026 03:00:00,36.9,28.37,27.04,46388.6988,1127.6,1027.3,4324.6,8433.8,0,3,06/20/2026,OFFPEAK,JUNE,2026
06/20/2026 04:00:00,36.62,24.955,24.7225,45265.2603,1065.9,860.7,4320.5,8138.1,0,4,06/20/2026,OFFPEAK,JUNE,2026
06/20/2026 05:00:00,35.15,24.1475,24.1175,44748.4102,980.9,743.6,4267.6,7846.3,0,5,06/20/2026,OFFPEAK,JUNE,2026
06/20/2026 06:00:00,36.82,24.05,24.05,44291.3796,926.2,664.6,4246.3,7510.7,0,6,06/20/2026,OFFPEAK,JUNE,2026
06/20/2026 07:00:00,35.04,27.0725,23.69,44487.5706,916,655.3,4007.4,7005.8,183.5,7,06/20/2026,WEPEAK,JUNE,2026
06/20/2026 08:00:00,29.4,27.7875,24.1925,42338.2611,838.9,652.7,3533.2,6263.1,3929.8,8,06/20/2026,WEPEAK,JUNE,2026
06/20/2026 09:00:00,24.07,25.7075,25.485,37788.0199,845.6,751.2,3094,5812,11892.9,9,06/20/2026,WEPEAK,JUNE,2026
06/20/2026 10:00:00,23.88,24.445,21.5525,35468.7995,975.8,1017.6,2696.7,5792.9,17764.5,10,06/20/2026,WEPEAK,JUNE,2026
06/20/2026 11:00:00,22.95,24.535,24.95,34905.6089,1045.8,1237.1,2188.3,5611.9,22015.3,11,06/20/2026,WEPEAK,JUNE,2026
06/20/2026 12:00:00,22.33,26.405,26.39,34557.4887,1182.8,1586,2682,6944.5,24515.7,12,06/20/2026,WEPEAK,JUNE,2026
06/20/2026 13:00:00,23.81,27.29,25.19,35329.1289,1151.6,1735.2,2591.2,7080.2,26401.8,13,06/20/2026,WEPEAK,JUNE,2026
06/20/2026 14:00:00,23.73,32.0025,25.5625,35719.7282,1104.2,1934.5,2557.4,7410.3,27419.6,14,06/20/2026,WEPEAK,JUNE,2026
06/20/2026 15:00:00,25.43,34.02,27.66,36397.9798,1054.2,2118.1,2795.5,8084.5,27528.6,15,06/20/2026,WEPEAK,JUNE,2026
06/20/2026 16:00:00,25.34,25.0225,25.02,37167.1698,1118.6,2208.4,3443.6,9250.2,26517.6,16,06/20/2026,WEPEAK,JUNE,2026
06/20/2026 17:00:00,26.99,27.895,27.16,37318.0705,1213.6,2285.2,4516.6,10968,24959.2,17,06/20/2026,WEPEAK,JUNE,2026
06/20/2026 18:00:00,27.08,25.8175,25.46,37088.3209,1350.8,2367.2,5942.5,13110,22362.3,18,06/20/2026,WEPEAK,JUNE,2026
06/20/2026 19:00:00,29.12,26.1525,26.1525,37835.5798,1557.1,2305.7,7737.2,15419.3,17529.9,19,06/20/2026,WEPEAK,JUNE,2026
06/20/2026 20:00:00,34.46,30.025,29.44,42763.5601,1655.3,2071.5,9707.5,17592.5,9161.5,20,06/20/2026,WEPEAK,JUNE,2026
06/20/2026 21:00:00,37.39,31.3175,29.9375,47266.4215,1702.8,1868,11508.3,19566.3,1002.5,21,06/20/2026,WEPEAK,JUNE,2026
06/20/2026 22:00:00,36.53,27.3225,26.71,45052.5704,1814,1740.9,13157.5,21562.5,.5,22,06/20/2026,WEPEAK,JUNE,2026
06/20/2026 23:00:00,30.27,25.69,24.9125,41091.7204,1904,1702.6,14523,23289.1,0,23,06/20/2026,OFFPEAK,JUNE,2026
06/21/2026 00:00:00,27.33,24.7375,24.18,36958.9086,1937.6,1781.8,15406.5,24484.8,0,24,06/20/2026,OFFPEAK,JUNE,2026
06/21/2026 01:00:00,25.66,23.9225,23.0825,34759.8711,1704.6,1443.7,14331.5,22484.8,0,1,06/21/2026,OFFPEAK,JUNE,2026
06/21/2026 02:00:00,24.27,23.49,21.9175,32172.3601,1645.2,1423.6,14682.9,22782.8,0,2,06/21/2026,OFFPEAK,JUNE,2026
06/21/2026 03:00:00,23.18,21.3175,20.895,30610.2695,1607.3,1421.6,14745,22770.8,0,3,06/21/2026,OFFPEAK,JUNE,2026
06/21/2026 04:00:00,22.32,19.7825,20.0175,29116.0399,1606.2,1452.5,14817.7,22775.7,0,4,06/21/2026,OFFPEAK,JUNE,2026
06/21/2026 05:00:00,21.04,20.2525,20.1525,28389.7502,1592.7,1492.8,14660.2,22564.9,0,5,06/21/2026,OFFPEAK,JUNE,2026
06/21/2026 06:00:00,22.02,19.99,20.2375,28386.8197,1610.9,1476.9,14450.5,22294.8,0,6,06/21/2026,OFFPEAK,JUNE,2026
06/21/2026 07:00:00,20.46,21.7475,22.0325,27838.6201,1669.6,1537.5,14233.4,22056.8,264.6,7,06/21/2026,WEPEAK,JUNE,2026
06/21/2026 08:00:00,18.02,19.41,18.4775,22539.68,1839,1768.8,14429.6,22354,5606.2,8,06/21/2026,WEPEAK,JUNE,2026
06/21/2026 09:00:00,17.12,19.9125,16.03,13440.4396,2103,2100.9,15069,23556.8,16717.4,9,06/21/2026,WEPEAK,JUNE,2026
06/21/2026 10:00:00,16.69,23.6775,17.7625,10573.9002,2261.2,2453.4,15141.9,23772.9,23373,10,06/21/2026,WEPEAK,JUNE,2026
06/21/2026 11:00:00,16.84,24.8225,19.0625,10986.4693,2360.9,2612.3,14906,23344.7,27565.2,11,06/21/2026,WEPEAK,JUNE,2026
06/21/2026 12:00:00,18.5,17.7075,15.63,13789.4903,2401.4,2800.9,14583,22885.2,29236.6,12,06/21/2026,WEPEAK,JUNE,2026
06/21/2026 13:00:00,19.74,15.52,13.325,17014.1386,2429.9,3005.5,14174,22475.2,30022.5,13,06/21/2026,WEPEAK,JUNE,2026
06/21/2026 14:00:00,19.69,16.9975,15.19,20322.0702,2371.9,3159.8,13502,21824.6,30365.5,14,06/21/2026,WEPEAK,JUNE,2026
06/21/2026 15:00:00,17.23,18.73,18.025,22833.2699,2349.6,3319.7,12920.7,21473.4,30504.5,15,06/21/2026,WEPEAK,JUNE,2026
06/21/2026 16:00:00,19.89,20.0225,20.1925,24852.6797,2374.6,3428.8,12482.9,21298.5,30078.8,16,06/21/2026,WEPEAK,JUNE,2026
06/21/2026 17:00:00,20,14.3325,24.2825,26178.8298,2481.8,3514.7,12690.2,21841.4,29225.7,17,06/21/2026,WEPEAK,JUNE,2026
06/21/2026 18:00:00,20.95,12.6325,24.4925,27016.8094,2601.9,3555.8,13108.8,22577.6,27547.4,18,06/21/2026,WEPEAK,JUNE,2026
06/21/2026 19:00:00,23.29,16.5425,24.8825,30225.1389,2662.1,3488.2,13659,23234.2,22700.8,19,06/21/2026,WEPEAK,JUNE,2026
06/21/2026 20:00:00,30.69,27.95,34.45,39303.7204,2734.7,3265.4,14801.1,24142.3,11488.3,20,06/21/2026,WEPEAK,JUNE,2026
06/21/2026 21:00:00,32.67,33.9925,37.1475,45983.2289,2859.5,3055.7,16008.1,25578.9,1163.4,21,06/21/2026,WEPEAK,JUNE,2026
06/21/2026 22:00:00,32.65,31.4025,31.875,43963.2313,2970.4,2907.8,17114.4,27026.7,0,22,06/21/2026,WEPEAK,JUNE,2026
06/21/2026 23:00:00,26.67,28.835,29.965,39979.5897,2992.8,2841.3,17830,27719.7,0,23,06/21/2026,OFFPEAK,JUNE,2026
06/22/2026 00:00:00,23.81,24.5325,24.845,35404.6012,3006.7,2820.1,18253.7,28419.7,0,24,06/21/2026,OFFPEAK,JUNE,2026
06/22/2026 01:00:00,22.72,21.9225,23.875,30785.6605,3065.1,2909.6,17468.1,27597.3,0,1,06/22/2026,OFFPEAK,JUNE,2026
06/22/2026 02:00:00,21.27,15.1075,22.4125,28741.7602,3054,2893.7,17135.7,27233.8,0,2,06/22/2026,OFFPEAK,JUNE,2026
06/22/2026 03:00:00,19.33,15.0275,21.43,27664.3693,3033.7,2937.1,16583.2,26556.3,0,3,06/22/2026,OFFPEAK,JUNE,2026
06/22/2026 04:00:00,19.85,16.31,21.61,27514.2199,2969.1,2913.4,15965.1,25677.3,0,4,06/22/2026,OFFPEAK,JUNE,2026
06/22/2026 05:00:00,20.36,20.085,23.7,28678.8395,2903.4,2817.9,15127.7,24466.8,0,5,06/22/2026,OFFPEAK,JUNE,2026
06/22/2026 06:00:00,22.38,20.5425,23.8275,31249.9003,2855.4,2787.2,14185.8,23180,0,6,06/22/2026,OFFPEAK,JUNE,2026
06/22/2026 07:00:00,21,19.265,28.575,33556.46,2809.7,2808.7,13174.2,21824.4,204.9,7,06/22/2026,WDPEAK,JUNE,2026
06/22/2026 08:00:00,18.7,16.44,28.83,31663.5992,2768.8,2911.5,11797.6,20323.1,4623.9,8,06/22/2026,WDPEAK,JUNE,2026
06/22/2026 09:00:00,14.5,14.4725,23.57,25241.3195,2890.4,3201.5,10770.8,19564.3,14650.6,9,06/22/2026,WDPEAK,JUNE,2026
06/22/2026 10:00:00,12.14,19.6175,21.4375,23218.6402,2965.4,3430,9956.6,19005.6,20910.4,10,06/22/2026,WDPEAK,JUNE,2026
06/22/2026 11:00:00,12.76,15.02,21.6475,24334.9711,2962.6,3511.6,8902.7,17905.7,24688.4,11,06/22/2026,WDPEAK,JUNE,2026
06/22/2026 12:00:00,13.79,29.5475,23.425,27206.9399,2931.2,3553,7976.8,16863.5,26591.8,12,06/22/2026,WDPEAK,JUNE,2026
06/22/2026 13:00:00,16.83,30.6675,24.365,30084.6602,2877.1,3577.3,7295.3,15981.8,27919.9,13,06/22/2026,WDPEAK,JUNE,2026
06/22/2026 14:00:00,18.63,31.7075,29.285,32517.8213,2813.6,3580,6913.8,15389.5,28746.4,14,06/22/2026,WDPEAK,JUNE,2026
06/22/2026 15:00:00,20.02,33.4675,42.005,33335.5711,2773.9,3593.9,6988.7,15314.4,29664.2,15,06/22/2026,WDPEAK,JUNE,2026
06/22/2026 16:00:00,18.45,21.64,35.7875,33765.1919,2783.7,3599.1,7281.9,15584.8,29582.4,16,06/22/2026,WDPEAK,JUNE,2026
06/22/2026 17:00:00,16.05,18.1225,35.01,33859.5495,2850.5,3582.9,7785.3,16133.7,29515.7,17,06/22/2026,WDPEAK,JUNE,2026
06/22/2026 18:00:00,18.46,17.9825,34.705,34459.5897,2918.7,3551.8,8718.9,17134.3,27469.4,18,06/22/2026,WDPEAK,JUNE,2026
06/22/2026 19:00:00,22.9,10.48,40.83,37414.7906,2942.7,3441.9,9747.6,18123.8,22296.2,19,06/22/2026,WDPEAK,JUNE,2026
06/22/2026 20:00:00,33.9,33.5725,66,47542.6511,2948.4,3165.9,10739.7,19060.3,10077.6,20,06/22/2026,WDPEAK,JUNE,2026
06/22/2026 21:00:00,37.34,40.29,70.0475,53605.3891,2938.4,2903.3,11428.5,19821.1,974.8,21,06/22/2026,WDPEAK,JUNE,2026
06/22/2026 22:00:00,38.83,42.46,57.23,51682.8405,2942.2,2723.9,12050.5,20670,0,22,06/22/2026,WDPEAK,JUNE,2026
06/22/2026 23:00:00,26.98,33.24,40.3875,47641.8094,2938.5,2664.1,12272,21094.3,0,23,06/22/2026,OFFPEAK,JUNE,2026
06/23/2026 00:00:00,31.78,33.915,35.8825,43333.6889,2882.8,2602.6,12441.9,21203.2,0,24,06/22/2026,OFFPEAK,JUNE,2026
06/23/2026 01:00:00,24.84,23.65,36.8825,41604.5105,2852.5,2531.3,10484.2,19413.5,0,1,06/23/2026,OFFPEAK,JUNE,2026
06/23/2026 02:00:00,21.84,18.205,29.21,39534.4296,2734.7,2350.2,10091.8,18563.4,0,2,06/23/2026,OFFPEAK,JUNE,2026
06/23/2026 03:00:00,22.14,10.4675,28.215,38408.421,2617.5,2153.9,9540.3,17448,0,3,06/23/2026,OFFPEAK,JUNE,2026
06/23/2026 04:00:00,20.12,6.875,27.6475,38163.4494,2473.6,1927.4,9180.3,16410.3,0,4,06/23/2026,OFFPEAK,JUNE,2026
06/23/2026 05:00:00,24.04,11.38,27.7575,39147.0197,2318,1702.2,8783.9,15278.1,0,5,06/23/2026,OFFPEAK,JUNE,2026
06/23/2026 06:00:00,27.24,27.8175,29.8075,40836.19,2223.7,1590.9,8489,14458.4,0,6,06/23/2026,OFFPEAK,JUNE,2026
06/23/2026 07:00:00,28.66,33.0175,33.0175,42698.0597,2057.4,1552.4,8173.5,13680.2,215.1,7,06/23/2026,WDPEAK,JUNE,2026
06/23/2026 08:00:00,24.93,27.5,27.5,39744.8797,1765.3,1496.8,7687.1,12522.1,4999.4,8,06/23/2026,WDPEAK,JUNE,2026
06/23/2026 09:00:00,21.49,22.4225,22.39,31733.1593,1818.7,1769.9,7608.8,12578.2,15317.8,9,06/23/2026,WDPEAK,JUNE,2026
06/23/2026 10:00:00,20.46,23.4625,23.7175,27763.9695,1943.8,2214.4,7610.4,13232,22206.3,10,06/23/2026,WDPEAK,JUNE,2026
06/23/2026 11:00:00,20.09,22.7225,24.0025,27801.8098,1939.9,2360.8,7182.1,12925.4,25942.2,11,06/23/2026,WDPEAK,JUNE,2026
06/23/2026 12:00:00,20.96,21.235,23.2675,29651.5788,1893.4,2433,6883.4,12711.4,27889.1,12,06/23/2026,WDPEAK,JUNE,2026
06/23/2026 13:00:00,23.33,14.0875,21.55,31923.7093,1850.3,2510.2,6918.8,12943.6,29131.3,13,06/23/2026,WDPEAK,JUNE,2026
06/23/2026 14:00:00,26.33,12.7425,19.8975,33371.3698,1819.6,2627.6,7177.3,13528.3,30505.9,14,06/23/2026,WDPEAK,JUNE,2026
06/23/2026 15:00:00,26.22,10.34,20.0875,33749.6204,1851.8,2759.8,7651.7,14535.6,30879.9,15,06/23/2026,WDPEAK,JUNE,2026
06/23/2026 16:00:00,23.66,11.445,24.5075,33146.8309,1968.8,2846.9,8375.7,15861.9,30642.3,16,06/23/2026,WDPEAK,JUNE,2026
06/23/2026 17:00:00,21.31,11.565,35.3225,31185.5502,2122.7,2905.8,9474.1,17553.1,31519.6,17,06/23/2026,WDPEAK,JUNE,2026
06/23/2026 18:00:00,21.59,5.07,43.52,30274.031,2273.6,2892.1,10797.5,19406.4,30218.4,18,06/23/2026,WDPEAK,JUNE,2026
06/23/2026 19:00:00,23.97,23.735,51.655,31890.7802,2581.1,2792.3,12197.9,21435.9,25185.6,19,06/23/2026,WDPEAK,JUNE,2026
06/23/2026 20:00:00,42.13,37.685,37.5225,42407.3299,2629,2510,13432.9,22765.1,12208.2,20,06/23/2026,WDPEAK,JUNE,2026
06/23/2026 21:00:00,40.23,36.98,36.2725,50262.6703,2639,2186.5,14453.7,23918.4,1190.2,21,06/23/2026,WDPEAK,JUNE,2026
06/23/2026 22:00:00,39.11,37.8225,38.4275,48037.1295,2645,1982.8,15666.4,25426.8,0,22,06/23/2026,WDPEAK,JUNE,2026
06/23/2026 23:00:00,27.73,40.8125,40.9775,43370.9799,2619.3,1895.1,16578.7,26551.3,0,23,06/23/2026,OFFPEAK,JUNE,2026
06/24/2026 00:00:00,27.8,35.425,35.2475,39123.1905,2539.2,1800.5,16898.6,26824.2,0,24,06/23/2026,OFFPEAK,JUNE,2026
06/24/2026 01:00:00,24.43,27.44,27.425,37053.65,2526,1920.8,15682.5,24975.6,0,1,06/24/2026,OFFPEAK,JUNE,2026
06/24/2026 02:00:00,22.53,27.12,27.26,34183.9188,2413.8,1791.9,15678.6,24690.7,0,2,06/24/2026,OFFPEAK,JUNE,2026
06/24/2026 03:00:00,24.06,25.26,25.4825,32630.4804,2290.2,1647.6,15358.1,23876.9,0,3,06/24/2026,OFFPEAK,JUNE,2026
06/24/2026 04:00:00,23.66,25.7225,25.97,32253.2705,2169.6,1483,14851.7,23052.4,0,4,06/24/2026,OFFPEAK,JUNE,2026
06/24/2026 05:00:00,24.27,29.7375,30.0225,32975.6708,2031.6,1312.9,14293.4,21920.6,0,5,06/24/2026,OFFPEAK,JUNE,2026
06/24/2026 06:00:00,25.07,33.5975,34.065,34747.8104,1942.2,1212.6,13712.7,20659.8,0,6,06/24/2026,OFFPEAK,JUNE,2026
06/24/2026 07:00:00,27.91,30.8875,30.9325,36747.4994,1880.8,1180.9,12997.1,19306.4,272.1,7,06/24/2026,WDPEAK,JUNE,2026
06/24/2026 08:00:00,24.27,26.1675,26.1675,34798.0608,1625,903.4,10813,15549.2,6184.1,8,06/24/2026,WDPEAK,JUNE,2026
06/24/2026 09:00:00,19.66,22.8175,23.2775,26237.4109,1751.8,1138.8,10120.7,14560.3,18166.1,9,06/24/2026,WDPEAK,JUNE,2026
06/24/2026 10:00:00,18.33,21.8025,24.1975,23143.1976,1954.1,1586.6,9420.3,14112.1,25693.7,10,06/24/2026,WDPEAK,JUNE,2026
06/24/2026 11:00:00,18.42,21.3475,24.6525,25302.0299,1941,1768.1,8105.5,12746.4,29122.1,11,06/24/2026,WDPEAK,JUNE,2026
06/24/2026 12:00:00,19.44,18.64,24.025,29083.5505,1897,1850.9,7062.1,11569.9,30767.1,12,06/24/2026,WDPEAK,JUNE,2026
06/24/2026 13:00:00,22.03,15.3,22.805,31884.5884,1898.2,1999.8,6585.2,11180.2,31983.1,13,06/24/2026,WDPEAK,JUNE,2026
06/24/2026 14:00:00,22.47,18.8525,24.955,32550.1191,2113.8,2488.8,7590.9,13305.7,32271.7,14,06/24/2026,WDPEAK,JUNE,2026
06/24/2026 15:00:00,24.17,17.5525,24.16,32852.35,2174.4,2745.4,8082.3,14290,32764.5,15,06/24/2026,WDPEAK,JUNE,2026
06/24/2026 16:00:00,20.69,13.025,22.465,31995.7708,2289.4,2922.4,8974,15709.2,32711.9,16,06/24/2026,WDPEAK,JUNE,2026
06/24/2026 17:00:00,18.92,7.2925,22.3675,30658.2794,2454.6,3064.1,10180.8,17491.5,32443.9,17,06/24/2026,WDPEAK,JUNE,2026
06/24/2026 18:00:00,19.2,10.375,21.6875,30091.0794,2619,3134.9,11333.6,19167.7,30978.5,18,06/24/2026,WDPEAK,JUNE,2026
06/24/2026 19:00:00,20.55,24.9125,28.5475,32581.4295,2729.8,3039.8,12313.4,20378.6,25865,19,06/24/2026,WDPEAK,JUNE,2026
06/24/2026 20:00:00,31.45,29.4925,47.5025,45039.2702,2768.2,2766.7,12951,21043.4,11733.7,20,06/24/2026,WDPEAK,JUNE,2026
06/24/2026 21:00:00,34.16,35.1175,44.82,52738.2201,2778.7,2452.2,13492.7,21645.5,1084.2,21,06/24/2026,WDPEAK,JUNE,2026
06/24/2026 22:00:00,34.79,32.8975,39.245,50759.0101,2764.2,2236.8,14282.4,22722.2,0,22,06/24/2026,WDPEAK,JUNE,2026
06/24/2026 23:00:00,27.42,29.9775,38.295,46014.0905,2718.6,2124.5,15011.2,23889.1,0,23,06/24/2026,OFFPEAK,JUNE,2026
06/25/2026 00:00:00,24.1,25.96,35.0625,41302.3601,2656.7,2021.6,15405.9,24211.5,0,24,06/24/2026,OFFPEAK,JUNE,2026
06/25/2026 01:00:00,27.53,26.6125,28.96,38079.2598,2622.5,1940,14635.5,22658.1,0,1,06/25/2026,OFFPEAK,JUNE,2026
06/25/2026 02:00:00,26.91,24.9075,25.515,35842.8503,2495.3,1832.3,14277,21882.3,0,2,06/25/2026,OFFPEAK,JUNE,2026
06/25/2026 03:00:00,25.07,26.005,24.475,34491.1895,2339.5,1673,13740.8,20963.3,0,3,06/25/2026,OFFPEAK,JUNE,2026
06/25/2026 04:00:00,24.87,28.65,25.7675,35937.1694,1969,1183.6,12196.3,18173.2,0,4,06/25/2026,OFFPEAK,JUNE,2026
06/25/2026 05:00:00,25.08,29.7225,25.8425,36712.7699,1786.2,982,11568.9,16990.3,0,5,06/25/2026,OFFPEAK,JUNE,2026
06/25/2026 06:00:00,27.19,28.2375,25.1925,38174.6101,1668.2,846.6,11089.6,16124.4,0,6,06/25/2026,OFFPEAK,JUNE,2026
06/25/2026 07:00:00,25.97,29.405,25.3675,39512.5308,1580.9,793.8,10691.5,15567.6,294.7,7,06/25/2026,WDPEAK,JUNE,2026
06/25/2026 08:00:00,23.34,22.2575,20.33,34455.1398,1489.1,763.8,10437.6,15020.3,6381.3,8,06/25/2026,WDPEAK,JUNE,2026
06/25/2026 09:00:00,18.8,16.285,16.1875,23751.421,1578.2,923.4,11039.3,15722.1,18827.4,9,06/25/2026,WDPEAK,JUNE,2026
06/25/2026 10:00:00,18.37,14.235,12.7775,18782.1197,1781.6,1342.9,11901.2,17277.7,25941.7,10,06/25/2026,WDPEAK,JUNE,2026
06/25/2026 11:00:00,18.14,14.125,7.1175,18770.8083,1863.2,1659.8,12108.8,17982.4,29025.4,11,06/25/2026,WDPEAK,JUNE,2026
06/25/2026 12:00:00,18.58,13.475,9.86,18378.2607,2164.4,2179.6,13509.8,20617.4,30780,12,06/25/2026,WDPEAK,JUNE,2026
06/25/2026 13:00:00,18.35,15.7775,13.17,20033.4591,2273.7,2497.3,13850.7,21443.3,31655.6,13,06/25/2026,WDPEAK,JUNE,2026
06/25/2026 14:00:00,20,17.775,13.51,21758.0301,2360.8,2874.9,14092.3,22231.1,32091.7,14,06/25/2026,WDPEAK,JUNE,2026
06/25/2026 15:00:00,19.18,25.5225,15.2525,22025.2712,2468.3,3208.7,14458.8,23280.8,32659.1,15,06/25/2026,WDPEAK,JUNE,2026
06/25/2026 16:00:00,20.64,28.27,16.13,21960.1011,2613.7,3407.8,14958.7,24377.8,32432.1,16,06/25/2026,WDPEAK,JUNE,2026
06/25/2026 17:00:00,20.17,28.8025,18.2475,21832.6796,2741.9,3519.2,15662.1,25513.7,31756.1,17,06/25/2026,WDPEAK,JUNE,2026
06/25/2026 18:00:00,20.73,25.24,19.76,22180.8199,2851.8,3550.9,16370.1,26508.4,29886.7,18,06/25/2026,WDPEAK,JUNE,2026
06/25/2026 19:00:00,21.77,26.3825,21.3825,24919.7994,2943.8,3527.9,16856.6,27355.8,24884,19,06/25/2026,WDPEAK,JUNE,2026
06/25/2026 20:00:00,33.76,31.1325,29.5575,37540.2383,3068.4,3322.3,16790,27296.2,11313.1,20,06/25/2026,WDPEAK,JUNE,2026
06/25/2026 21:00:00,38.38,31.435,31.0825,46335.6399,3074.5,2995.8,16493.8,26739.3,1077.8,21,06/25/2026,WDPEAK,JUNE,2026
06/25/2026 22:00:00,36.94,30.4775,29.2125,45681.0215,3059.2,2749.8,16326.1,26501.3,0,22,06/25/2026,WDPEAK,JUNE,2026
06/25/2026 23:00:00,34.47,27.035,26.865,42746.2412,3044,2633.6,15915.1,26194.5,0,23,06/25/2026,OFFPEAK,JUNE,2026
06/26/2026 00:00:00,33.38,24.6825,24.6825,39437.5991,3027.1,2530.5,15458.4,25671.1,0,24,06/25/2026,OFFPEAK,JUNE,2026
06/26/2026 01:00:00,25.57,25.84,25.84,35809.8104,2952.7,2264.1,16208.1,26045.8,0,1,06/26/2026,OFFPEAK,JUNE,2026
06/26/2026 02:00:00,24.77,28.455,28.455,33560.7295,2886.1,2214.1,15897.5,25514.2,0,2,06/26/2026,OFFPEAK,JUNE,2026
06/26/2026 03:00:00,24.95,32.4375,33.34,32313.6901,2816.7,2178.3,15350.9,24708,0,3,06/26/2026,OFFPEAK,JUNE,2026
06/26/2026 04:00:00,23.24,27.5425,30.39,31733.6607,2758.9,2133.8,14925.4,23890.9,0,4,06/26/2026,OFFPEAK,JUNE,2026
06/26/2026 05:00:00,25.06,23.2725,23.8125,32033.6604,2708.7,2103.8,14611.6,23187.5,0,5,06/26/2026,OFFPEAK,JUNE,2026
06/26/2026 06:00:00,25.46,23.85,24.09,33266.9301,2693.6,2122.9,14416.4,22682,0,6,06/26/2026,OFFPEAK,JUNE,2026
06/26/2026 07:00:00,24.1,24.34,24.34,34306.9505,2688.8,2187.7,14338.2,22252.3,206.2,7,06/26/2026,WDPEAK,JUNE,2026
06/26/2026 08:00:00,21.88,21.16,21.16,31260.3303,2630.5,2256.1,14087.2,21541.6,4582.6,8,06/26/2026,WDPEAK,JUNE,2026
06/26/2026 09:00:00,17.72,16.4425,16.3925,23808.8697,2693,2613.2,14074.7,21701.1,14352.3,9,06/26/2026,WDPEAK,JUNE,2026
06/26/2026 10:00:00,16.81,16.61,12.5325,20315.7408,2883.6,3145.5,14031.5,22256.7,20973.7,10,06/26/2026,WDPEAK,JUNE,2026
06/26/2026 11:00:00,12.96,20.795,12.9125,19893.6503,2960,3368.2,13415.8,21756.6,25708.8,11,06/26/2026,WDPEAK,JUNE,2026
06/26/2026 12:00:00,14.96,17.84,14.075,22232.2205,2996,3453.6,12655.8,21013.5,28011.8,12,06/26/2026,WDPEAK,JUNE,2026
06/26/2026 13:00:00,16.18,24.3925,17.0325,24935.7395,3028.9,3534.4,11961.1,20425,29574.9,13,06/26/2026,WDPEAK,JUNE,2026
06/26/2026 14:00:00,16.54,25.0575,16.2975,26841.5,3046.5,3644.2,11579.3,20168.4,30963.3,14,06/26/2026,WDPEAK,JUNE,2026
06/26/2026 15:00:00,19.93,31.9875,20.4225,28256.8299,3068.6,3748.5,11504.1,20291,31299.3,15,06/26/2026,WDPEAK,JUNE,2026
06/26/2026 16:00:00,20.44,27.2025,20.42,28707.0906,3132.8,3808.4,11624.4,20694.4,30928,16,06/26/2026,WDPEAK,JUNE,2026
06/26/2026 17:00:00,19.63,24.2975,21.8375,28523.2691,3219.8,3849.4,12113.8,21475.7,30303.5,17,06/26/2026,WDPEAK,JUNE,2026
06/26/2026 18:00:00,17.63,24.3975,21.26,28879.3502,3288.3,3849.6,12745.1,22378.5,28250.2,18,06/26/2026,WDPEAK,JUNE,2026
06/26/2026 19:00:00,19.35,24.54,20.65,31789.1507,3339.7,3824.7,13400.5,23281.8,23141.9,19,06/26/2026,WDPEAK,JUNE,2026
06/26/2026 20:00:00,26.96,29.275,30.81,42713.6511,3334.5,3650.7,14039.7,23910,10356.2,20,06/26/2026,WDPEAK,JUNE,2026
06/26/2026 21:00:00,30.92,26.0975,32.2025,49274.7398,3308,3405.7,14702.1,24691.6,957.7,21,06/26/2026,WDPEAK,JUNE,2026
06/26/2026 22:00:00,35.46,26.665,28.1825,47506.4288,3272.5,3199.3,15489.2,25745.9,0,22,06/26/2026,WDPEAK,JUNE,2026
06/26/2026 23:00:00,30.96,25.2425,25.22,43421.1909,3247.4,3068.7,16238.6,26670.5,0,23,06/26/2026,OFFPEAK,JUNE,2026
06/27/2026 00:00:00,26.8,24.87,23.45,39373.0606,3197.9,2927.1,16635.8,27033.7,0,24,06/26/2026,OFFPEAK,JUNE,2026
06/27/2026 01:00:00,23.07,25.0025,24.0825,34744.9586,3168.8,3001.6,17347.8,27611.2,0,1,06/27/2026,OFFPEAK,JUNE,2026
06/27/2026 02:00:00,22.67,23.935,23.935,33450.7298,2962.6,2644.2,16371.4,25859.1,0,2,06/27/2026,OFFPEAK,JUNE,2026
06/27/2026 03:00:00,23.27,24.615,24.615,31721.1698,2880.8,2450.7,15958.4,25144.7,0,3,06/27/2026,OFFPEAK,JUNE,2026
06/27/2026 04:00:00,22.3,30.1375,32.99,30588.7112,2770.6,2251.5,15600.6,24541,0,4,06/27/2026,OFFPEAK,JUNE,2026
06/27/2026 05:00:00,23.52,49.3175,68.3825,30148.7907,2653.6,2075,15240.8,23909.3,0,5,06/27/2026,OFFPEAK,JUNE,2026
06/27/2026 06:00:00,24.14,30.13,30.2675,30219.2299,2561.6,1961.6,15159.7,23590.5,0,6,06/27/2026,OFFPEAK,JUNE,2026
06/27/2026 07:00:00,21.92,24.8025,24.8025,29671.0499,2467.7,1928.8,15208.8,23453.2,241.3,7,06/27/2026,WEPEAK,JUNE,2026
06/27/2026 08:00:00,19.44,19.165,18.9075,23545.0498,2522.4,2166,16083,24717.5,5583.3,8,06/27/2026,WEPEAK,JUNE,2026
06/27/2026 09:00:00,15.67,15.9275,14.32,14836.5091,2570.5,2566.4,16309.1,25184.5,16915.8,9,06/27/2026,WEPEAK,JUNE,2026
06/27/2026 10:00:00,15.34,13.5525,13.755,10611.2796,2785,3129.8,16568.9,26129.6,24342.2,10,06/27/2026,WEPEAK,JUNE,2026
06/27/2026 11:00:00,14.53,12.515,15.54,10645.2917,2874.4,3293.4,16413.8,26133.6,28702.3,11,06/27/2026,WEPEAK,JUNE,2026
06/27/2026 12:00:00,15.73,17.855,15.8775,13806.5711,2867.5,3323,16085.5,25688.6,30631,12,06/27/2026,WEPEAK,JUNE,2026
06/27/2026 13:00:00,17.84,19.8875,15.63,17383.5893,2834,3337.7,15648.3,25161.2,31368.8,13,06/27/2026,WEPEAK,JUNE,2026
06/27/2026 14:00:00,19.67,22.9825,18.245,20189.4798,2804.5,3452.1,15262.7,24962.8,31492.8,14,06/27/2026,WEPEAK,JUNE,2026
06/27/2026 15:00:00,20.34,25.905,21.0175,21522.6007,2843.8,3675.6,15053.2,25274.8,31928.8,15,06/27/2026,WEPEAK,JUNE,2026
06/27/2026 16:00:00,19.69,24.8125,19.5575,21855.9498,2964.2,3833.2,15082.2,25904.1,32025.2,16,06/27/2026,WEPEAK,JUNE,2026
06/27/2026 17:00:00,18.49,25.1775,19.125,22067.5513,3121,3924.7,15521.2,26894.3,31423.9,17,06/27/2026,WEPEAK,JUNE,2026
06/27/2026 18:00:00,19.05,24.1275,18.6775,22627.3313,3258.1,3957.7,16047.4,27788.7,29553.5,18,06/27/2026,WEPEAK,JUNE,2026
06/27/2026 19:00:00,20.05,24.865,19.96,25622.4606,3319.1,3940.5,16435.8,28311.9,24405.4,19,06/27/2026,WEPEAK,JUNE,2026
06/27/2026 20:00:00,29.13,27.8325,28.0975,37690.1606,3314.9,3800.7,16751.6,28581.5,10651.9,20,06/27/2026,WEPEAK,JUNE,2026
06/27/2026 21:00:00,31.55,27.835,29.605,44884.1106,3278.9,3545.3,17022.8,28635.6,977.6,21,06/27/2026,WEPEAK,JUNE,2026
06/27/2026 22:00:00,30.95,25.03,28.695,43926.7518,3237.1,3286.6,17290.9,28857.2,0,22,06/27/2026,WEPEAK,JUNE,2026
06/27/2026 23:00:00,29.31,24.3925,26.9375,40402.3804,3206.7,3121.8,17649,29296.2,0,23,06/27/2026,OFFPEAK,JUNE,2026
06/28/2026 00:00:00,26.49,25.5975,25.325,36748.7903,3148.7,2973.3,17823.7,29335.8,0,24,06/27/2026,OFFPEAK,JUNE,2026
06/28/2026 01:00:00,24.06,23.9325,23.695,33006.4502,3229.1,3057.1,17850.5,29616.6,0,1,06/28/2026,OFFPEAK,JUNE,2026
06/28/2026 02:00:00,23.47,24.0475,24.0425,30216.1597,3205.2,2949.1,17818.4,29437.6,0,2,06/28/2026,OFFPEAK,JUNE,2026
06/28/2026 03:00:00,23.19,22.5775,22.5775,28213.8796,3169.6,2855.9,17730.7,29193.6,0,3,06/28/2026,OFFPEAK,JUNE,2026
06/28/2026 04:00:00,22.93,22.6875,22.685,26787.6497,3105.2,2742.5,17686.5,28908.2,0,4,06/28/2026,OFFPEAK,JUNE,2026
06/28/2026 05:00:00,22.44,22.6675,22.635,25872.6901,3031.9,2626.8,17664.6,28658.3,0,5,06/28/2026,OFFPEAK,JUNE,2026
06/28/2026 06:00:00,22.86,22.2075,22.1675,25539.1206,2981.5,2564.1,17643.8,28452.7,0,6,06/28/2026,OFFPEAK,JUNE,2026
06/28/2026 07:00:00,21.76,20.505,21.125,24856.1808,2935.7,2559.9,17539.3,28135.8,234.3,7,06/28/2026,WEPEAK,JUNE,2026
06/28/2026 08:00:00,18.06,16.6125,15.2925,20356.9394,2850.5,2592,17377.5,27684.7,5415,8,06/28/2026,WEPEAK,JUNE,2026
06/28/2026 09:00:00,15.41,13.11,13.2725,11700.2706,2898.1,2927.5,17331.9,27825.5,16815.4,9,06/28/2026,WEPEAK,JUNE,2026
06/28/2026 10:00:00,13.92,9.5125,12.415,7510.8706,3072.2,3385,17239.4,28166.2,25067.9,10,06/28/2026,WEPEAK,JUNE,2026
06/28/2026 11:00:00,14.52,5.65,11.4825,7142.6202,3170,3576.7,16823.4,27765.5,30179.4,11,06/28/2026,WEPEAK,JUNE,2026
06/28/2026 12:00:00,15.87,3.405,14.155,10186.6612,3220.9,3692.9,16228.4,27149.9,31953.5,12,06/28/2026,WEPEAK,JUNE,2026
06/28/2026 13:00:00,16.56,8.6525,19.535,14273.21,3249,3777.3,15460.4,26409.1,32680.1,13,06/28/2026,WEPEAK,JUNE,2026
06/28/2026 14:00:00,19.11,15.7375,17.4675,18143.6989,3261,3877.9,14714.4,25839.8,32733.9,14,06/28/2026,WEPEAK,JUNE,2026
06/28/2026 15:00:00,19.51,22.68,16.855,20130.6396,3276.4,4031.9,14200.4,25739.8,33005.1,15,06/28/2026,WEPEAK,JUNE,2026
06/28/2026 16:00:00,21.26,20.5725,17.785,20981.2718,3327.3,4122.2,14022.3,26073.1,32976.6,16,06/28/2026,WEPEAK,JUNE,2026
06/28/2026 17:00:00,20.56,23.0325,19.4125,21910.4486,3394.7,4149.3,14301.3,26746,31751.6,17,06/28/2026,WEPEAK,JUNE,2026
06/28/2026 18:00:00,20.41,27.225,18.5175,22546.7906,3451.9,4147.5,14762.6,27460.6,29956.7,18,06/28/2026,WEPEAK,JUNE,2026
06/28/2026 19:00:00,21.22,31.29,22.0575,26045.3996,3482.2,4096.6,15398.1,28145.7,24664.7,19,06/28/2026,WEPEAK,JUNE,2026
06/28/2026 20:00:00,33.84,40.2925,32.0825,39071.1492,3472.9,3956.4,15931.7,28525.9,10503.7,20,06/28/2026,WEPEAK,JUNE,2026
06/28/2026 21:00:00,34.92,30.27,35.2225,46259.3405,3433.6,3775.6,16504.9,28894.6,944.9,21,06/28/2026,WEPEAK,JUNE,2026
06/28/2026 22:00:00,31.77,31.2475,37.35,44838.3997,3401.8,3676.2,17050.7,29396.9,0,22,06/28/2026,WEPEAK,JUNE,2026
06/28/2026 23:00:00,31.73,29.7725,31.475,40823.1001,3398.7,3671,17460.8,29909.7,0,23,06/28/2026,OFFPEAK,JUNE,2026
06/29/2026 00:00:00,24.94,26.33,26.255,36506.7309,3391.2,3662.3,17700.3,30158.9,0,24,06/28/2026,OFFPEAK,JUNE,2026
06/29/2026 01:00:00,24.96,23.8425,23.8225,32992.5002,3391.5,3697.1,17740.1,30330.6,0,1,06/29/2026,OFFPEAK,JUNE,2026
06/29/2026 02:00:00,22.81,22.315,21.6375,30107.8209,3375.3,3597.6,17749.8,30202.6,0,2,06/29/2026,OFFPEAK,JUNE,2026
06/29/2026 03:00:00,20.85,20.9125,20.015,28009.0595,3343.9,3487.2,17698.4,29959.6,0,3,06/29/2026,OFFPEAK,JUNE,2026
06/29/2026 04:00:00,19.12,20.4275,18.965,26882.2788,3289.2,3346.9,17651.2,29636.2,0,4,06/29/2026,OFFPEAK,JUNE,2026
06/29/2026 05:00:00,19.36,20.035,18.745,26481.1694,3244,3176.6,17633.6,29353.4,0,5,06/29/2026,OFFPEAK,JUNE,2026
06/29/2026 06:00:00,21.28,20.8825,19.7325,27236.5703,3215.7,3073.9,17605.1,29145.5,0,6,06/29/2026,OFFPEAK,JUNE,2026
06/29/2026 07:00:00,20.79,18.315,20.6125,28273.6892,3185.8,3043.8,17479.2,28880.1,238,7,06/29/2026,WDPEAK,JUNE,2026
06/29/2026 08:00:00,19.89,18.52,17.61,24091.1208,3126.4,3005.7,17285.8,28416.6,5482.2,8,06/29/2026,WDPEAK,JUNE,2026
06/29/2026 09:00:00,16.07,15.895,17.4075,15469.6408,3128.4,3205.9,17213.5,28414.9,17005.8,9,06/29/2026,WDPEAK,JUNE,2026
06/29/2026 10:00:00,15.78,12.1075,15.8725,11264.7201,3214,3492.6,17138,28615.5,24936.2,10,06/29/2026,WDPEAK,JUNE,2026
06/29/2026 11:00:00,13.97,6.1175,15.4725,10929.8294,3247.4,3519.7,16783.6,28133.4,30057.8,11,06/29/2026,WDPEAK,JUNE,2026
06/29/2026 12:00:00,15.98,6.675,14.3025,14331.1997,3246.4,3525.1,16224.2,27402.7,31639.4,12,06/29/2026,WDPEAK,JUNE,2026
06/29/2026 13:00:00,21.62,19.415,17.3575,18283.6293,3252,3573.5,15550.5,26630.2,32425.8,13,06/29/2026,WDPEAK,JUNE,2026
06/29/2026 14:00:00,23.63,13.645,20.8875,22236.9308,3264.4,3691.8,14862.3,26062,32076.2,14,06/29/2026,WDPEAK,JUNE,2026
06/29/2026 15:00:00,24.81,9.91,19.22,24131.921,3289.3,3848.5,14241.4,25714,32409.3,15,06/29/2026,WDPEAK,JUNE,2026
06/29/2026 16:00:00,21.43,7.4775,19.8725,25034.8501,3332.8,3953.9,13870.6,25727.4,32116,16,06/29/2026,WDPEAK,JUNE,2026
06/29/2026 17:00:00,21.45,10.6125,17.5475,26026.8807,3367.7,4015.6,14015.7,26226.5,30872.4,17,06/29/2026,WDPEAK,JUNE,2026
06/29/2026 18:00:00,20.05,14.5425,17.5825,27069.37,3390.6,3999.2,14494.6,26856.6,28781.1,18,06/29/2026,WDPEAK,JUNE,2026
06/29/2026 19:00:00,22.01,23.095,23.6925,30976.7308,3387.9,3897.9,15005.2,27305,23363.2,19,06/29/2026,WDPEAK,JUNE,2026
06/29/2026 20:00:00,33.79,27.165,30.765,43322.9985,3348.8,3692.6,15327.7,27366.7,9913.6,20,06/29/2026,WDPEAK,JUNE,2026
06/29/2026 21:00:00,31.15,28.7775,31.7525,50123.5013,3290.4,3356.2,15496.7,27250.9,860.7,21,06/29/2026,WDPEAK,JUNE,2026
06/29/2026 22:00:00,30.45,28.36,31.8875,48731.5098,3205.2,2987.1,15757.3,27166.2,0,22,06/29/2026,WDPEAK,JUNE,2026
06/29/2026 23:00:00,34.36,28.405,28.0975,44426.9303,3125.4,2697.2,16231.9,27388.9,0,23,06/29/2026,OFFPEAK,JUNE,2026
06/30/2026 00:00:00,28.98,29.655,25.3825,39979.9509,3025.1,2459,16541.1,27421.9,0,24,06/29/2026,OFFPEAK,JUNE,2026
06/30/2026 01:00:00,25.21,28.91,24.4875,35437.0113,2802.5,2041.6,17356.4,27415.4,0,1,06/30/2026,OFFPEAK,JUNE,2026
06/30/2026 02:00:00,23.86,26.14,22.69,32576.6402,2649.6,1816.5,17279.3,26910.8,0,2,06/30/2026,OFFPEAK,JUNE,2026
06/30/2026 03:00:00,23.8,22.7075,21.475,30543.6891,2483.5,1623,17136.7,26338.7,0,3,06/30/2026,OFFPEAK,JUNE,2026
06/30/2026 04:00:00,22.1,20.3775,20.2175,29650.1402,2316.8,1435.6,16954.7,25697.6,0,4,06/30/2026,OFFPEAK,JUNE,2026
06/30/2026 05:00:00,22.34,20.2375,20.2375,29734.9496,2179,1249.8,16760.9,25101.7,0,5,06/30/2026,OFFPEAK,JUNE,2026
06/30/2026 06:00:00,23.62,21.115,21.115,30626.6312,2070.8,1105.7,16544.8,24540.3,0,6,06/30/2026,OFFPEAK,JUNE,2026
06/30/2026 07:00:00,24.18,21.71,21.71,32322.3903,1968.6,1048.9,16212.1,23902.3,233.3,7,06/30/2026,WDPEAK,JUNE,2026
06/30/2026 08:00:00,23.48,19.68,18.615,28559.8099,1712.6,969.4,15820.5,23010,5466.4,8,06/30/2026,WDPEAK,JUNE,2026
06/30/2026 09:00:00,20.36,18.985,14.3575,20082.2792,1733.2,1051.5,15721.5,22951.5,16358.8,9,06/30/2026,WDPEAK,JUNE,2026
06/30/2026 10:00:00,18.02,19.1075,10.4825,16498.4602,1814.7,1388.9,15729.7,23312.2,23455.2,10,06/30/2026,WDPEAK,JUNE,2026
06/30/2026 11:00:00,17.3,19.4125,11.84,16112.5298,1812.6,1656.2,15370.4,23082.6,27946.5,11,06/30/2026,WDPEAK,JUNE,2026
06/30/2026 12:00:00,18.36,20.38,13.6,18637.8798,1809.4,1861.9,14942.4,22736.6,29787.5,12,06/30/2026,WDPEAK,JUNE,2026
06/30/2026 13:00:00,22.88,22.1525,16,21657.8196,1866.3,2097.4,14622.4,22574.1,30813.3,13,06/30/2026,WDPEAK,JUNE,2026
06/30/2026 14:00:00,26.11,22.3,18.1,24511.5897,1938.8,2422.9,14439.7,22742.9,31061.3,14,06/30/2026,WDPEAK,JUNE,2026
06/30/2026 15:00:00,26.69,26.0125,20.3025,25758.5085,2035,2744.6,14324.7,23076.6,31424.9,15,06/30/2026,WDPEAK,JUNE,2026
06/30/2026 16:00:00,29.52,23.2525,21.7425,26346.9594,2183.6,2921.8,14451.2,23607.9,31202,16,06/30/2026,WDPEAK,JUNE,2026
06/30/2026 17:00:00,26.76,20.825,20.39,26901.6995,2360.7,2992.2,14840.1,24275.4,30322.6,17,06/30/2026,WDPEAK,JUNE,2026
06/30/2026 18:00:00,25.46,20.4975,19.845,27844.6902,2531.3,3000.3,15146.8,24759,28321.5,18,06/30/2026,WDPEAK,JUNE,2026
06/30/2026 19:00:00,25.92,25.82,22.6725,31239.8195,2885.7,2933.8,15374.5,25279.1,23196.1,19,06/30/2026,WDPEAK,JUNE,2026
06/30/2026 20:00:00,36.37,32.505,29.7925,42935.2983,2930.5,2690.1,15435,25010,10760.9,20,06/30/2026,WDPEAK,JUNE,2026
06/30/2026 21:00:00,39.03,36.165,35.845,50985.5301,2886.9,2286.6,15473.3,24660.5,1008.6,21,06/30/2026,WDPEAK,JUNE,2026
06/30/2026 22:00:00,38.25,31.4225,31.445,50029.2898,2792,1938.2,15564.4,24640.6,0,22,06/30/2026,WDPEAK,JUNE,2026
06/30/2026 23:00:00,34.64,31.12,31.0775,45999.4697,2697.6,1735.6,15866,24897.3,0,23,06/30/2026,OFFPEAK,JUNE,2026
07/01/2026 00:00:00,27.78,29.255,29.255,41810.0992,2595.3,1601.9,16088.8,24997,0,24,06/30/2026,OFFPEAK,JUNE,2026
07/01/2026 01:00:00,27.38,28.2375,28.2375,39634.3589,2354.2,1652.9,15327.9,23616.5,0,1,07/01/2026,OFFPEAK,JULY,2026
07/01/2026 02:00:00,25.46,24.375,24.375,36717.1202,2165,1533.7,15271.2,23253,0,2,07/01/2026,OFFPEAK,JULY,2026
07/01/2026 03:00:00,24.81,24.605,24.2025,34620.8002,2042.1,1361.3,15083,22925.8,0,3,07/01/2026,OFFPEAK,JULY,2026
07/01/2026 04:00:00,24.09,26.0125,25.345,33894.3299,1948.3,1232.1,14564.7,22192.7,0,4,07/01/2026,OFFPEAK,JULY,2026
07/01/2026 05:00:00,24.08,24.365,24.365,34497.0001,1801.5,1091.1,13809.2,20992.1,0,5,07/01/2026,OFFPEAK,JULY,2026
07/01/2026 06:00:00,25.44,23.395,23.395,36422.5503,1641.9,981.6,12984.3,19685.2,0,6,07/01/2026,OFFPEAK,JULY,2026
07/01/2026 07:00:00,25.37,22.6025,22.6025,38579.7802,1488.5,853.4,12156.9,18325.2,237.2,7,07/01/2026,WDPEAK,JULY,2026
07/01/2026 08:00:00,21.69,19.315,19.0375,33836.8695,1500.2,942.5,12104.3,18106.8,5447.7,8,07/01/2026,WDPEAK,JULY,2026
07/01/2026 09:00:00,17.35,16.885,14.0125,24699.5098,1619,1208,12187.4,18634.8,16252.2,9,07/01/2026,WDPEAK,JULY,2026
07/01/2026 10:00:00,16.6,16.24,14.16,22120.4121,1617.6,1325,11538,18024.3,23523.4,10,07/01/2026,WDPEAK,JULY,2026
07/01/2026 11:00:00,17.22,17.335,15.08,23519.6398,1629.7,1486.5,10656.8,17161,27383.1,11,07/01/2026,WDPEAK,JULY,2026
07/01/2026 12:00:00,18.82,14.88,14.34,26412.5691,1662.6,1668.1,9986.3,16465.4,29559.6,12,07/01/2026,WDPEAK,JULY,2026
07/01/2026 13:00:00,22.75,14.925,13.9725,29916.1787,1659.6,1868.7,9526.6,16006.3,30597.4,13,07/01/2026,WDPEAK,JULY,2026
07/01/2026 14:00:00,23.72,17.7075,17.07,33305.1803,1695.3,2062.4,9192.2,15838.3,30923.7,14,07/01/2026,WDPEAK,JULY,2026
07/01/2026 15:00:00,24.13,20.375,21.155,34204.1782,1784.8,2259.3,9169.1,16208.6,31261.9,15,07/01/2026,WDPEAK,JULY,2026
07/01/2026 16:00:00,23.75,25.1675,24.5,34033.0113,1956.2,2497.2,9393.5,17142.8,31119.7,16,07/01/2026,WDPEAK,JULY,2026
07/01/2026 17:00:00,22.6,36.2975,26.0875,33929.3109,2270.8,2639.5,9980.2,18357.6,29890.4,17,07/01/2026,WDPEAK,JULY,2026
07/01/2026 18:00:00,23.26,32.5975,24.89,34675.6994,2615,2687.4,10456.1,19259,27432,18,07/01/2026,WDPEAK,JULY,2026
07/01/2026 19:00:00,28.15,40.18,28.995,38200.3399,2767.6,2610.4,11010.4,19938.6,22118.9,19,07/01/2026,WDPEAK,JULY,2026
07/01/2026 20:00:00,40.91,36.315,38.855,51027.5479,2694.1,2107.8,11134.6,19398.2,8889,20,07/01/2026,WDPEAK,JULY,2026
07/01/2026 21:00:00,44.43,42.4725,43.61,57175.5306,2567.5,1725.3,11566.8,19421.1,795.3,21,07/01/2026,WDPEAK,JULY,2026
07/01/2026 22:00:00,42.09,48.7275,48.73,55290.0907,2514.4,1434.3,12231.9,19976.4,0,22,07/01/2026,WDPEAK,JULY,2026
07/01/2026 23:00:00,39.59,48.88,48.88,50665.9209,2358.9,1244.4,12944.4,20550.2,0,23,07/01/2026,OFFPEAK,JULY,2026
07/02/2026 00:00:00,31.88,28.9825,28.9825,46228.6202,2210.1,1137.3,13451.1,20919.6,0,24,07/01/2026,OFFPEAK,JULY,2026
07/02/2026 01:00:00,28.37,26.53,26.53,42267.9602,2127.9,1102.1,13218.1,20080.5,0,1,07/02/2026,OFFPEAK,JULY,2026
07/02/2026 02:00:00,25.3,24.9625,24.9625,39072.5289,1916.8,960.7,13493.3,20025,0,2,07/02/2026,OFFPEAK,JULY,2026
07/02/2026 03:00:00,24.4,24.2775,24.2775,36752.6414,1686.3,824.6,13675.3,19865.9,0,3,07/02/2026,OFFPEAK,JULY,2026
07/02/2026 04:00:00,24.69,23.405,23.405,36684.4111,1598.5,800.5,12350.4,18391.1,0,4,07/02/2026,OFFPEAK,JULY,2026
07/02/2026 05:00:00,26,23.9275,23.9275,37348.99,1450.2,639.4,11579.9,17225.5,0,5,07/02/2026,OFFPEAK,JULY,2026
07/02/2026 06:00:00,27.71,26.3325,26.3325,39243.0692,1359.6,525.8,10872.2,16179.4,0,6,07/02/2026,OFFPEAK,JULY,2026
07/02/2026 07:00:00,28.16,26.6475,26.645,41221.79,1255.8,456.1,10134.4,15105.4,240.9,7,07/02/2026,WDPEAK,JULY,2026
07/02/2026 08:00:00,23.94,22.21,22.21,37819.4893,1147.2,372.3,9213.5,13726.7,5559.8,8,07/02/2026,WDPEAK,JULY,2026
07/02/2026 09:00:00,20.72,20.105,19.7275,30113.1696,1141.1,413.5,8658.1,12933.4,16396.9,9,07/02/2026,WDPEAK,JULY,2026
07/02/2026 10:00:00,23.45,18.9575,17.9975,26699.209,1151.7,622.8,8322.6,12748.4,23899.8,10,07/02/2026,WDPEAK,JULY,2026
07/02/2026 11:00:00,22.96,18.6025,16.6225,27695.2989,1063.1,760.2,7503,11957.1,27807.6,11,07/02/2026,WDPEAK,JULY,2026
07/02/2026 12:00:00,24.34,20.1175,16.15,30962.8293,998.8,862,6715.1,11046.9,29567.2,12,07/02/2026,WDPEAK,JULY,2026
07/02/2026 13:00:00,24.71,22.4925,18.6675,34453.4203,996,1071.6,6170.2,10688.1,30299.4,13,07/02/2026,WDPEAK,JULY,2026
07/02/2026 14:00:00,27.63,27.775,23.7475,38892.5898,1076.7,1435.5,5770.7,10801.1,29166,14,07/02/2026,WDPEAK,JULY,2026
07/02/2026 15:00:00,26.15,30.7025,26.3725,40367.1499,1245,1832.9,5585.9,11345.7,28814.6,15,07/02/2026,WDPEAK,JULY,2026
07/02/2026 16:00:00,26.64,35.2375,26.86,41228.31,1503.5,2122.4,5681.7,12164.6,27692,16,07/02/2026,WDPEAK,JULY,2026
07/02/2026 17:00:00,27.95,35.9075,27.41,41957.5592,1813.3,2350.1,5993.6,13194.5,25735.4,17,07/02/2026,WDPEAK,JULY,2026
07/02/2026 18:00:00,28.72,23.13,26.0025,42741.9515,2073.4,2457.3,6442.3,14258.2,23047.2,18,07/02/2026,WDPEAK,JULY,2026
07/02/2026 19:00:00,30.15,26.15,31.3325,45674.6489,2303.8,2403.3,6988.6,15143.5,17860.6,19,07/02/2026,WDPEAK,JULY,2026
07/02/2026 20:00:00,36.4,28.8325,30.93,54005.1205,2454.4,2149,7797.5,15891.8,7627.8,20,07/02/2026,WDPEAK,JULY,2026
07/02/2026 21:00:00,36.22,31.08,32.2825,57964.9109,2465.6,1780.2,8908.7,16751.9,725.7,21,07/02/2026,WDPEAK,JULY,2026
07/02/2026 22:00:00,36.34,29.5025,29.8775,55043.4885,2428.6,1503.9,10411.8,18230.7,0,22,07/02/2026,WDPEAK,JULY,2026
07/02/2026 23:00:00,34.68,28.96,29.15,49788.3013,2358.8,1365,11986,19873.2,0,23,07/02/2026,OFFPEAK,JULY,2026
07/03/2026 00:00:00,30.21,27.745,27.68,44970.2905,2250.9,1244.5,13169.6,20943.8,0,24,07/02/2026,OFFPEAK,JULY,2026
07/03/2026 01:00:00,24.55,23.9725,23.9725,39487.0593,2284.5,1317.5,13972.4,21994.3,0,1,07/03/2026,OFFPEAK,JULY,2026
07/03/2026 02:00:00,23.39,23.6775,23.6775,36781.1407,2094.6,1229.4,14036.5,21724.8,0,2,07/03/2026,OFFPEAK,JULY,2026
07/03/2026 03:00:00,21.8,23.0375,23.0375,35234.8506,1876.2,1094.5,13786,20993.5,0,3,07/03/2026,OFFPEAK,JULY,2026
07/03/2026 04:00:00,21.89,22.045,22.045,34586.82,1677.8,933.4,13440.9,20099.8,0,4,07/03/2026,OFFPEAK,JULY,2026
07/03/2026 05:00:00,21.8,21.68,21.68,35272.2004,1498.1,776.4,12827.5,18937.6,0,5,07/03/2026,OFFPEAK,JULY,2026
07/03/2026 06:00:00,23.25,22.9525,22.9525,37157.5303,1345.5,632.3,12047.8,17653.8,0,6,07/03/2026,OFFPEAK,JULY,2026
07/03/2026 07:00:00,24.29,22.6125,22.6125,39211.751,1215.7,534.5,11097.1,16253.9,220.4,7,07/03/2026,WDPEAK,JULY,2026
07/03/2026 08:00:00,21.64,18.0575,18.0575,36238.4704,1074.7,430.9,9794.6,14273.4,5731.8,8,07/03/2026,WDPEAK,JULY,2026
07/03/2026 09:00:00,18.11,12.885,11.3125,28048.0012,1071,417.7,8960.7,13039.3,17969.4,9,07/03/2026,WDPEAK,JULY,2026
07/03/2026 10:00:00,17.96,10.705,6.75,24170.0706,1169.4,577.6,8536.2,12837.3,26325.7,10,07/03/2026,WDPEAK,JULY,2026
07/03/2026 11:00:00,18.24,10.305,5.8525,25732.0493,1169.9,723.2,7545.6,11842.3,30189.1,11,07/03/2026,WDPEAK,JULY,2026
07/03/2026 12:00:00,19.68,15.035,9.8925,29894.48,1171.9,859.5,6489.5,10668,31507.5,12,07/03/2026,WDPEAK,JULY,2026
07/03/2026 13:00:00,22.67,16.395,19.02,34019.6287,1200.7,1110,5595,9879.4,32095.1,13,07/03/2026,WDPEAK,JULY,2026
07/03/2026 14:00:00,24.94,19.3725,22.3875,38508.8916,1218.7,1536.8,4832.2,9594.4,31397.6,14,07/03/2026,WDPEAK,JULY,2026
07/03/2026 15:00:00,26.61,22.2275,24.4475,40175.6513,1268.2,2008.9,4429,9843.5,31329.6,15,07/03/2026,WDPEAK,JULY,2026
07/03/2026 16:00:00,28.63,22.0975,25.1425,40595.0695,1440.3,2373.5,4343.3,10431.8,30700.8,16,07/03/2026,WDPEAK,JULY,2026
07/03/2026 17:00:00,27.86,28.5525,24.91,40848.9096,1710.6,2647.8,4459.5,11275.1,29282.1,17,07/03/2026,WDPEAK,JULY,2026
07/03/2026 18:00:00,28.26,30.4,24.48,41339.7711,2027.5,2780.5,4763.8,12325.9,26771.9,18,07/03/2026,WDPEAK,JULY,2026
07/03/2026 19:00:00,27.85,25.2175,25.9275,43843.18,2333.1,2719.1,5458.1,13596,21374.5,19,07/03/2026,WDPEAK,JULY,2026
07/03/2026 20:00:00,30.8,29.12,32.11,53383.6192,2532.3,2484.6,6463.6,14847.9,9290.5,20,07/03/2026,WDPEAK,JULY,2026
07/03/2026 21:00:00,31.18,31.4275,36.8225,58355.4095,2615.4,2110.3,7729.7,16137.6,939,21,07/03/2026,WDPEAK,JULY,2026
07/03/2026 22:00:00,36.22,30.6775,34.1925,55562.2507,2632.3,1776.7,9462.3,18047.8,0,22,07/03/2026,WDPEAK,JULY,2026
07/03/2026 23:00:00,34.15,29.925,30.185,50729.3215,2617.4,1609.1,11207.8,20088.7,0,23,07/03/2026,OFFPEAK,JULY,2026
07/04/2026 00:00:00,28.31,25.285,25.085,46386.8119,2511.4,1494,12465.2,21357.9,0,24,07/03/2026,OFFPEAK,JULY,2026
07/04/2026 01:00:00,24.35,21.91,21.91,43204.6891,2420,1557,13617.5,22355.9,0,1,07/04/2026,OFFPEAK,JULY,2026
07/04/2026 02:00:00,22.49,19.2725,19.2725,41010.2392,2205.4,1394.7,14081.1,22424.5,0,2,07/04/2026,OFFPEAK,JULY,2026
07/04/2026 03:00:00,22.54,20.36,20.36,39828.3901,1989,1209.3,14122.5,21979.4,0,3,07/04/2026,OFFPEAK,JULY,2026
07/04/2026 04:00:00,21.58,20.225,20.225,38982.8694,1808.1,1017.3,13933.9,21195.9,0,4,07/04/2026,OFFPEAK,JULY,2026
07/04/2026 05:00:00,22.23,19.58,19.58,38614.1089,1639.4,831.1,13415.4,20096.6,0,5,07/04/2026,OFFPEAK,JULY,2026
07/04/2026 06:00:00,23.09,21.3175,21.3175,38689.7905,1511.5,685.3,12712.1,18792.3,0,6,07/04/2026,OFFPEAK,JULY,2026
07/04/2026 07:00:00,21.08,22.455,22.455,37212.1497,1398.7,608.1,11742.2,17270.3,221.9,7,07/04/2026,WEPEAK,JULY,2026
07/04/2026 08:00:00,17.63,16.6525,16.6525,32971.6799,1227.2,517.2,10215.6,14969.4,5827.6,8,07/04/2026,WEPEAK,JULY,2026
07/04/2026 09:00:00,15.35,13.14,11.49,25932.7392,1153.3,557.3,8985.9,13195.8,18681.2,9,07/04/2026,WEPEAK,JULY,2026
07/04/2026 10:00:00,15.64,11.7775,10,23090.5694,1174.4,762.9,8122.6,12250.7,27286.1,10,07/04/2026,WEPEAK,JULY,2026
07/04/2026 11:00:00,15.85,14.5025,14.3125,26215.6695,1125.7,916.5,6668.1,10514.7,30552,11,07/04/2026,WEPEAK,JULY,2026
07/04/2026 12:00:00,16.81,19.3925,20.1175,30850.8493,1068.2,1050.6,5103.3,8653,32189.2,12,07/04/2026,WEPEAK,JULY,2026
07/04/2026 13:00:00,20.57,22.9575,23.995,35496.0503,1028.1,1226.5,3931.6,7460.2,32554,13,07/04/2026,WEPEAK,JULY,2026
07/04/2026 14:00:00,23.47,24.8075,26.225,39260.7297,1022.8,1607.1,3371.4,7332,31630.9,14,07/04/2026,WEPEAK,JULY,2026
07/04/2026 15:00:00,25.96,24.2975,27.3225,38678.1281,1092.7,2133.8,3322.2,7958.5,31842.4,15,07/04/2026,WEPEAK,JULY,2026
07/04/2026 16:00:00,29.06,27.8175,26.025,38616.6088,1261,2557.9,3409.9,8854.4,31086.3,16,07/04/2026,WEPEAK,JULY,2026
07/04/2026 17:00:00,30.43,28.165,24.265,38959.16,1494,2884.9,3772.4,10157.3,29262.8,17,07/04/2026,WEPEAK,JULY,2026
07/04/2026 18:00:00,29.56,30.19,28.98,39961.0985,1795.6,3066.8,4412.4,11619.9,26525.1,18,07/04/2026,WEPEAK,JULY,2026
07/04/2026 19:00:00,29.32,26.095,40.9125,42704.8398,2161,3040.4,5202.4,12973.8,20875.9,19,07/04/2026,WEPEAK,JULY,2026
07/04/2026 20:00:00,31.44,37.9825,53.7925,52289.4514,2479.3,2775.3,6186.6,14280.9,8816.1,20,07/04/2026,WEPEAK,JULY,2026
07/04/2026 21:00:00,33.42,35.235,51.945,57688.2214,2660.3,2408.5,7334.8,15517.8,894.2,21,07/04/2026,WEPEAK,JULY,2026
07/04/2026 22:00:00,35.47,33.2625,49.6325,55441.6797,2709.8,2085.6,8928.8,17205.6,0,22,07/04/2026,WEPEAK,JULY,2026
07/04/2026 23:00:00,33.63,27.9825,37.705,50880.08,2686.9,1909,10678.4,19121.7,0,23,07/04/2026,OFFPEAK,JULY,2026
07/05/2026 00:00:00,31.1,29.7175,32.46,46823.9803,2588.2,1761.8,11856,20188.8,0,24,07/04/2026,OFFPEAK,JULY,2026
07/05/2026 01:00:00,26.66,27.2525,27.2525,44172.6734,2395.3,1707.7,11831.9,19353.5,0,1,07/05/2026,OFFPEAK,JULY,2026
07/05/2026 02:00:00,25.95,26.9225,25.7525,41382.2039,2198.4,1538.8,11649.5,18713.1,0,2,07/05/2026,OFFPEAK,JULY,2026
07/05/2026 03:00:00,25.06,26.19,25.6,39789.308,1986.3,1369.9,11052.4,17573.8,0,3,07/05/2026,OFFPEAK,JULY,2026
07/05/2026 04:00:00,24.98,24.2175,24.2175,39415.2434,1783.9,1154.7,10434.3,16250.9,0,4,07/05/2026,OFFPEAK,JULY,2026
07/05/2026 05:00:00,24.76,22.215,22.215,39809.6114,1606.2,940,9561.8,14696.3,0,5,07/05/2026,OFFPEAK,JULY,2026
07/05/2026 06:00:00,25.92,23.4625,23.4625,40563.4138,1450.6,807.6,8424.2,12963.1,0,6,07/05/2026,OFFPEAK,JULY,2026
07/05/2026 07:00:00,25.75,23.0025,23.0025,41201.8917,1315.8,711.2,7242.2,11197.9,212.7,7,07/05/2026,WEPEAK,JULY,2026
07/05/2026 08:00:00,23.37,18.585,18.5775,37678.2408,1171.4,599.5,5929.1,9245.5,5659,8,07/05/2026,WEPEAK,JULY,2026
07/05/2026 09:00:00,19.13,17.93,17.93,30690.9464,1106,711,4563.1,7595.3,17545.9,9,07/05/2026,WEPEAK,JULY,2026
07/05/2026 10:00:00,18.73,17.8625,17.8625,28432.3684,1077.4,958.3,3636.4,6600.6,25673.5,10,07/05/2026,WEPEAK,JULY,2026
07/05/2026 11:00:00,19.24,18.4625,18.4625,30462.5838,1003.1,1037.8,2879.9,5570.5,29552.7,11,07/05/2026,WEPEAK,JULY,2026
07/05/2026 12:00:00,21.28,21.5975,21.5975,34383.7412,978.4,1113.8,2114.7,4623.2,31371.2,12,07/05/2026,WEPEAK,JULY,2026
07/05/2026 13:00:00,23.5,29.9025,30.135,38424.9415,929,1277.7,1608.8,4110.8,32071.7,13,07/05/2026,WEPEAK,JULY,2026
07/05/2026 14:00:00,25.97,29.68,31.035,42803.6579,903.1,1576.4,1534.9,4291,31023.9,14,07/05/2026,WEPEAK,JULY,2026
07/05/2026 15:00:00,28.94,32.9975,34.9975,44188.1451,967.3,1959,1670.3,4896.6,31080,15,07/05/2026,WEPEAK,JULY,2026
07/05/2026 16:00:00,27.83,29.845,28.745,45126.0585,1096.9,2288.5,1873.5,5649.7,30306.7,16,07/05/2026,WEPEAK,JULY,2026
07/05/2026 17:00:00,29.91,31.645,35.0525,46871.4601,1289.8,2565.5,2374.1,6815.7,27796.8,17,07/05/2026,WEPEAK,JULY,2026
07/05/2026 18:00:00,30.27,32.28,50.3075,48147.8371,1551.2,2722.4,2920.8,7905.1,25097.6,18,07/05/2026,WEPEAK,JULY,2026
07/05/2026 19:00:00,27.69,29.6225,39.7075,51068.9307,1854.3,2713.6,3747.8,9144.1,19612,19,07/05/2026,WEPEAK,JULY,2026
07/05/2026 20:00:00,26.3,37.88,44.27,59637.6791,2176,2468.5,4558,10249.8,8849.2,20,07/05/2026,WEPEAK,JULY,2026
07/05/2026 21:00:00,26.18,32.6225,31.275,65316.2227,2404.4,2123.8,4852.6,10738.8,883.5,21,07/05/2026,WEPEAK,JULY,2026
07/05/2026 22:00:00,35.44,26.58,26.555,63223.3172,2479.1,1844,5543.6,11645,0,22,07/05/2026,WEPEAK,JULY,2026
07/05/2026 23:00:00,41.06,25.725,25.725,58749.3821,2456.2,1676,6100.1,12276.4,0,23,07/05/2026,OFFPEAK,JULY,2026
07/06/2026 00:00:00,36.39,28.26,28.26,54534.5497,2351.6,1559.9,6244.8,12169.6,0,24,07/05/2026,OFFPEAK,JULY,2026
07/06/2026 01:00:00,37.81,31.8525,31.8525,49643.2148,2023.5,1267.4,6633.3,11735.8,0,1,07/06/2026,OFFPEAK,JULY,2026
07/06/2026 02:00:00,32.04,30.515,30.515,47560.7298,1810.1,1166.9,6073,10666.4,0,2,07/06/2026,OFFPEAK,JULY,2026
07/06/2026 03:00:00,31.27,28.67,28.67,46332.6455,1629.7,1054.7,5478.5,9531.2,0,3,07/06/2026,OFFPEAK,JULY,2026
07/06/2026 04:00:00,32.33,27.6425,27.6425,46265.498,1481.6,892.1,4630.7,8261.1,0,4,07/06/2026,OFFPEAK,JULY,2026
07/06/2026 05:00:00,32.67,27.7775,27.7775,46943.3512,1353.7,732.3,3985.9,7249.2,0,5,07/06/2026,OFFPEAK,JULY,2026
07/06/2026 06:00:00,35.59,29.0025,29.0025,48722.0518,1247.7,624.9,3250.4,6113.6,0,6,07/06/2026,OFFPEAK,JULY,2026
07/06/2026 07:00:00,41.25,29.7525,29.7525,50529.3466,1109.9,524.9,2607.2,5077.4,191.2,7,07/06/2026,WDPEAK,JULY,2026
07/06/2026 08:00:00,30.21,27.0025,27.0025,46887.8787,920.2,379.2,2147.8,4056.8,5411.8,8,07/06/2026,WDPEAK,JULY,2026
07/06/2026 09:00:00,23.37,22.1075,22.11,38972.6159,821.5,328.1,1511.4,3038.9,17473.5,9,07/06/2026,WDPEAK,JULY,2026
07/06/2026 10:00:00,24.1,24.01,23.8725,35893.3404,794.3,420.5,1071.8,2551.4,25358.8,10,07/06/2026,WDPEAK,JULY,2026
07/06/2026 11:00:00,25.63,23.9525,23.935,37386.5459,718.9,479.7,806.9,2225.9,28851.3,11,07/06/2026,WDPEAK,JULY,2026
07/06/2026 12:00:00,24.71,25.9675,25.86,39765.6989,646.5,523.1,608,1941.1,31042.3,12,07/06/2026,WDPEAK,JULY,2026
07/06/2026 13:00:00,30.27,29.865,29.355,42996.7936,612,653.9,519.8,1938.4,31795.4,13,07/06/2026,WDPEAK,JULY,2026
07/06/2026 14:00:00,32.78,34.555,33.7975,46552.4941,623.9,1016.5,496.5,2327.3,31108.9,14,07/06/2026,WDPEAK,JULY,2026
07/06/2026 15:00:00,33.45,32.4525,29.805,47716.5608,688.5,1543.7,577.8,3063.6,30991,15,07/06/2026,WDPEAK,JULY,2026
07/06/2026 16:00:00,30.26,35.735,32.8025,48204.7596,821,1931.3,736,3824,30202.4,16,07/06/2026,WDPEAK,JULY,2026
07/06/2026 17:00:00,30.67,28.2325,30.94,50334.8181,1064.9,2227.4,941.5,4726.3,27479.3,17,07/06/2026,WDPEAK,JULY,2026
07/06/2026 18:00:00,28.77,21.105,24.115,51028.3678,1418.4,2470.2,1302.4,5847.7,24824.4,18,07/06/2026,WDPEAK,JULY,2026
07/06/2026 19:00:00,26.68,15.67,26.9675,53400.451,1789.6,2544.4,1870.4,7099.5,19715.5,19,07/06/2026,WDPEAK,JULY,2026
07/06/2026 20:00:00,33.03,27.255,43.805,60542.5407,2141.3,2368.6,2697,8414.1,9598.6,20,07/06/2026,WDPEAK,JULY,2026
07/06/2026 21:00:00,41.74,38.935,46.21,65250.6031,2341.5,1969.2,3949,9884.9,995.9,21,07/06/2026,WDPEAK,JULY,2026
07/06/2026 22:00:00,37.83,43.9875,45.8175,62135.9864,2350.1,1629.9,5488.4,11603.1,.1,22,07/06/2026,WDPEAK,JULY,2026
07/06/2026 23:00:00,41.32,48.465,50.35,56551.7037,2301,1467.3,6822.3,13148.6,0,23,07/06/2026,OFFPEAK,JULY,2026
07/07/2026 00:00:00,34.71,41.44,41.91,51788.5106,2193.1,1343.3,7421.5,13768.8,0,24,07/06/2026,OFFPEAK,JULY,2026
07/07/2026 01:00:00,31.69,38.2675,38.2725,48428.9599,1903,1197.6,6511,12545.8,0,1,07/07/2026,OFFPEAK,JULY,2026
07/07/2026 02:00:00,29.01,32.5325,32.8025,45669.5596,1755.2,1058,6635,12412.6,0,2,07/07/2026,OFFPEAK,JULY,2026
07/07/2026 03:00:00,27.02,29.4225,31.5375,44006.2798,1584.5,891,6495.5,11799,0,3,07/07/2026,OFFPEAK,JULY,2026
07/07/2026 04:00:00,26.48,30.5875,30.5875,43227.0908,1433.3,742,6307.5,11086.8,0,4,07/07/2026,OFFPEAK,JULY,2026
07/07/2026 05:00:00,27.76,29.4925,29.4925,43647.8101,1318,611.9,5974.6,10235,0,5,07/07/2026,OFFPEAK,JULY,2026
07/07/2026 06:00:00,29.83,39.3375,39.3375,45635.4802,1195.3,504,5459.6,9161.5,0,6,07/07/2026,OFFPEAK,JULY,2026
07/07/2026 07:00:00,30.47,40.37,40.32,47442.3101,1080.9,439.7,4976.1,8212.4,194,7,07/07/2026,WDPEAK,JULY,2026
07/07/2026 08:00:00,24.38,24.2725,24.255,43546.5702,958.1,368.6,4173.3,6863.6,5916.3,8,07/07/2026,WDPEAK,JULY,2026
07/07/2026 09:00:00,18.29,20.86,20.86,34557.5695,934,404.7,3008,5279.7,19438.7,9,07/07/2026,WDPEAK,JULY,2026
07/07/2026 10:00:00,18.73,23.57,23.645,31534.7394,968.4,543.2,2355,4556.2,27583.8,10,07/07/2026,WDPEAK,JULY,2026
07/07/2026 11:00:00,19.17,24.45,24.6575,33436.4114,938.5,652.1,1872.1,4111.7,30744.2,11,07/07/2026,WDPEAK,JULY,2026
07/07/2026 12:00:00,22.95,23.7875,24.98,37015.1196,927.3,760.4,1281,3523.6,32266.2,12,07/07/2026,WDPEAK,JULY,2026
07/07/2026 13:00:00,27.24,29.2575,29.5125,41160.0302,903.3,952.6,1023.1,3333.9,32437,13,07/07/2026,WDPEAK,JULY,2026
07/07/2026 14:00:00,32.18,35.1325,35.115,46135.8189,870.5,1288.7,1085.2,3682.8,30811.7,14,07/07/2026,WDPEAK,JULY,2026
07/07/2026 15:00:00,30.74,29.5125,29.9225,47435.9697,918,1658.5,1167,4229.7,30579.4,15,07/07/2026,WDPEAK,JULY,2026
07/07/2026 16:00:00,29.58,29.21,29.5275,48422.0899,1041.4,1974.2,1323.9,4923.2,29608.1,16,07/07/2026,WDPEAK,JULY,2026
07/07/2026 17:00:00,28.42,25.585,28.5875,50019.9999,1272.8,2236.7,1680.3,5913.1,27184.3,17,07/07/2026,WDPEAK,JULY,2026
07/07/2026 18:00:00,27.58,28.0875,29.43,50764.4098,1618.3,2383.9,2209.2,7138.3,24455.7,18,07/07/2026,WDPEAK,JULY,2026
07/07/2026 19:00:00,25.49,31.365,36.4075,52827.0492,1938.5,2418.8,2958.6,8579.9,19560,19,07/07/2026,WDPEAK,JULY,2026
07/07/2026 20:00:00,32.11,30.35,40.7225,59933.9793,2128.5,2343.8,4022,10164.8,9250.6,20,07/07/2026,WDPEAK,JULY,2026
07/07/2026 21:00:00,36.44,28.5025,43.015,63859.6807,2240.7,2030.8,5496,11949,956.9,21,07/07/2026,WDPEAK,JULY,2026
07/07/2026 22:00:00,36.52,32.3025,40.965,60046.4995,2305.7,1768.7,7370.8,14282.8,0,22,07/07/2026,WDPEAK,JULY,2026
07/07/2026 23:00:00,33,31.99,37.2425,53961.3906,2339.6,1641.6,9055.7,16527.6,0,23,07/07/2026,OFFPEAK,JULY,2026
07/08/2026 00:00:00,28.53,29.0725,29.1575,48620.7601,2282.7,1552.5,10119.8,17836,0,24,07/07/2026,OFFPEAK,JULY,2026
07/08/2026 01:00:00,28.62,23.73,23.6825,46067.9902,1956.1,1407.4,9257,16566.4,0,1,07/08/2026,OFFPEAK,JULY,2026
07/08/2026 02:00:00,26.21,22.4275,22.4275,42812.2698,1797.2,1245.6,9408.8,16553.4,0,2,07/08/2026,OFFPEAK,JULY,2026
07/08/2026 03:00:00,24.45,22.6825,22.6825,40792.5491,1624.1,1060.2,9313.3,16154,0,3,07/08/2026,OFFPEAK,JULY,2026
07/08/2026 04:00:00,23.82,21.55,21.55,39502.1197,1458.4,854.1,9285.9,15778.8,0,4,07/08/2026,OFFPEAK,JULY,2026
07/08/2026 05:00:00,24.38,19.8675,19.2125,39387.7103,1333.3,674.9,9064.2,15223,0,5,07/08/2026,OFFPEAK,JULY,2026
07/08/2026 06:00:00,25.04,23.6975,20.8425,40693.2299,1226.3,548.5,8684.3,14527.9,0,6,07/08/2026,OFFPEAK,JULY,2026
07/08/2026 07:00:00,24.75,24.265,22.72,42032.94,1103.2,483.4,8299.9,13853.5,190.4,7,07/08/2026,WDPEAK,JULY,2026
07/08/2026 08:00:00,21.61,18.505,18.505,37899.0807,978.4,387,7396.6,12379.3,6019.9,8,07/08/2026,WDPEAK,JULY,2026
07/08/2026 09:00:00,16.54,16.55,16.4825,28148.9392,970.6,401.3,6370.1,10970.3,20110.2,9,07/08/2026,WDPEAK,JULY,2026
07/08/2026 10:00:00,16.68,17.45,17.0725,24520.6696,1034.8,572.4,6115.3,10746,28830.5,10,07/08/2026,WDPEAK,JULY,2026
07/08/2026 11:00:00,17.42,15.5725,16.4675,26950.7988,1029.6,705.1,5855.2,10394.4,31642.3,11,07/08/2026,WDPEAK,JULY,2026
07/08/2026 12:00:00,19.28,14.99,18.205,31288.2689,1036.1,830.3,5243.2,9602.2,32859.1,12,07/08/2026,WDPEAK,JULY,2026
07/08/2026 13:00:00,20.87,17.83,20.6325,35634.1192,1062.8,1055.4,4852.8,9163.4,33155.3,13,07/08/2026,WDPEAK,JULY,2026
07/08/2026 14:00:00,24.68,32.5525,25.785,39690.5497,1094.4,1473,4936.9,9512.6,32318.3,14,07/08/2026,WDPEAK,JULY,2026
07/08/2026 15:00:00,23.94,37.1125,25.5825,40524.7406,1267.8,1957.3,5319.6,10511.3,32287.6,15,07/08/2026,WDPEAK,JULY,2026
07/08/2026 16:00:00,25.75,33.48,25.0625,40767.7302,1542.4,2288.3,5755.5,11622.1,31603.9,16,07/08/2026,WDPEAK,JULY,2026
07/08/2026 17:00:00,26.88,24.6875,25.0475,41333.2215,1803.8,2554.2,6308.5,12809,29796.5,17,07/08/2026,WDPEAK,JULY,2026
07/08/2026 18:00:00,26.93,19.115,28.155,41799.1221,2123.6,2749.7,7049.8,14251.6,27369.9,18,07/08/2026,WDPEAK,JULY,2026
07/08/2026 19:00:00,28.41,24.2925,29.6775,44464.3681,2393.8,2739.7,7977.1,15728.6,22128.3,19,07/08/2026,WDPEAK,JULY,2026
07/08/2026 20:00:00,39.46,33.765,36.5425,53301.0491,2466.3,2616.3,9026.4,17040.2,10756.1,20,07/08/2026,WDPEAK,JULY,2026
07/08/2026 21:00:00,39.29,35.245,45.8875,59208.409,2447.1,2252.8,10150.4,18231.9,1094.2,21,07/08/2026,WDPEAK,JULY,2026
07/08/2026 22:00:00,38.27,39.8225,61.695,56046.2691,2438.1,1952.3,11580.6,20046.8,0,22,07/08/2026,WDPEAK,JULY,2026
07/08/2026 23:00:00,33.74,41.5475,42.7225,50348.8695,2389.7,1769.6,12944.1,21680.8,0,23,07/08/2026,OFFPEAK,JULY,2026
07/09/2026 00:00:00,26.94,28.64,28.64,45246.0212,2280.8,1605,13702.2,22429,0,24,07/08/2026,OFFPEAK,JULY,2026
07/09/2026 01:00:00,26.83,24.96,24.9575,40843.9316,2124.3,1338.4,14243.9,22766.9,0,1,07/09/2026,OFFPEAK,JULY,2026
07/09/2026 02:00:00,25,22.795,22.795,38076.779,1899.7,1144.6,14391,22533,0,2,07/09/2026,OFFPEAK,JULY,2026
07/09/2026 03:00:00,24.28,21.9325,21.9325,36334.3896,1707.1,965.5,14291.5,22044.6,0,3,07/09/2026,OFFPEAK,JULY,2026
07/09/2026 04:00:00,23.3,19.0375,19.0375,35282.6289,1567.1,793.3,14214.3,21590.3,0,4,07/09/2026,OFFPEAK,JULY,2026
07/09/2026 05:00:00,22.58,18.8575,18.8575,35330.9694,1438.3,642.6,13970.7,20930.4,0,5,07/09/2026,OFFPEAK,JULY,2026
07/09/2026 06:00:00,24.35,20.7675,20.7675,36603.1693,1347,543.2,13584.2,20157.8,0,6,07/09/2026,OFFPEAK,JULY,2026
07/09/2026 07:00:00,24.05,22.5925,22.5925,38051.0312,1301.5,507.4,13090.4,19326.8,198.7,7,07/09/2026,WDPEAK,JULY,2026
07/09/2026 08:00:00,20.72,17.6225,17.4925,33649.2398,1248.2,486.5,12142.4,17835.1,6370.2,8,07/09/2026,WDPEAK,JULY,2026
07/09/2026 09:00:00,17.64,15.3275,12.965,22278.0599,1255.6,594.9,11543.8,16931.6,21190.9,9,07/09/2026,WDPEAK,JULY,2026
07/09/2026 10:00:00,16.03,18.1125,13.6375,17875.4,1419,938.3,11433.1,17036.2,29736.6,10,07/09/2026,WDPEAK,JULY,2026
07/09/2026 11:00:00,14.99,19.29,14.555,20021.5092,1646.1,1295.1,10844.9,16608.3,32549.2,11,07/09/2026,WDPEAK,JULY,2026
07/09/2026 12:00:00,14.42,21.3875,16.025,24106.562,1841.7,1593,10261.8,16101.2,33421.8,12,07/09/2026,WDPEAK,JULY,2026
07/09/2026 13:00:00,15.52,18.3075,20.545,28234.3579,1988.4,1931,9907.6,15976.6,33544.5,13,07/09/2026,WDPEAK,JULY,2026
07/09/2026 14:00:00,22.56,15.72,22.0575,32158.9203,2148,2252.9,9912.5,16407.5,32621.9,14,07/09/2026,WDPEAK,JULY,2026
07/09/2026 15:00:00,25.29,9.5775,19.345,32634.8798,2306.1,2473.4,10206.3,17195.5,32637.2,15,07/09/2026,WDPEAK,JULY,2026
07/09/2026 16:00:00,26.7,11.86,20.2775,32346.6405,2457,2591.9,10605.2,18136.2,32276.9,16,07/09/2026,WDPEAK,JULY,2026
07/09/2026 17:00:00,22.54,10.94,19.05,31407.9993,2605.8,2650.3,11260.2,19340.7,31694.9,17,07/09/2026,WDPEAK,JULY,2026
07/09/2026 18:00:00,23.64,15.7275,22.6475,31183.1301,2663.3,2651.2,11971.1,20454.9,29843.6,18,07/09/2026,WDPEAK,JULY,2026
07/09/2026 19:00:00,28.68,29.225,32.5375,34264.9003,2677.5,2510.1,12693.8,21460.8,24808.3,19,07/09/2026,WDPEAK,JULY,2026
07/09/2026 20:00:00,39.11,40.4775,41.37,46675.5493,2636.4,2172.6,13277.3,21924.2,11505.8,20,07/09/2026,WDPEAK,JULY,2026
07/09/2026 21:00:00,39.98,44.48,40.6225,54930.4096,2503.7,1767.8,13898,22274.1,1113.7,21,07/09/2026,WDPEAK,JULY,2026
07/09/2026 22:00:00,37.34,51.0225,42.4425,53140.0106,2346.8,1472,14780.6,23027.5,0,22,07/09/2026,WDPEAK,JULY,2026
07/09/2026 23:00:00,34.54,41.3925,41.405,48572.2193,2204.8,1285.1,15557.5,23857.9,0,23,07/09/2026,OFFPEAK,JULY,2026
07/10/2026 00:00:00,29.46,28.9975,27.1825,44091.0289,2055,1120.6,16000.8,24215.9,0,24,07/09/2026,OFFPEAK,JULY,2026
07/10/2026 01:00:00,26.5,26.555,25.2275,39838.5399,1905.1,874.8,16151.9,23537.5,0,1,07/10/2026,OFFPEAK,JULY,2026
07/10/2026 02:00:00,25.16,25.845,24.48,37075.4508,1742.8,798.1,16047.1,23151.9,0,2,07/10/2026,OFFPEAK,JULY,2026
07/10/2026 03:00:00,24.76,23.7475,22.8775,37140.7093,1377.9,480.8,14755.6,20746.5,0,3,07/10/2026,OFFPEAK,JULY,2026
07/10/2026 04:00:00,24.06,22.685,22.0525,36455.7703,1261.5,422.6,14368.2,19978.8,0,4,07/10/2026,OFFPEAK,JULY,2026
07/10/2026 05:00:00,23.93,22.9375,22.875,36895.0903,1205.3,387.6,13732.2,19078.6,0,5,07/10/2026,OFFPEAK,JULY,2026
07/10/2026 06:00:00,25.8,23.985,23.985,38403.0799,1152,380,13058,18003,0,6,07/10/2026,OFFPEAK,JULY,2026
07/10/2026 07:00:00,26.02,25.13,25.1275,40282.8506,1109.5,386.5,12234.9,16719.3,162.1,7,07/10/2026,WDPEAK,JULY,2026
07/10/2026 08:00:00,23.32,20.665,20.665,37067.8501,1055.8,368.5,10898.1,14914.1,5258.9,8,07/10/2026,WDPEAK,JULY,2026
07/10/2026 09:00:00,18.64,17.6825,16.1,27011.1103,1100,494.6,10291.4,14245,17925.5,9,07/10/2026,WDPEAK,JULY,2026
07/10/2026 10:00:00,18.23,19.4825,16.2725,22593.5785,1308,851.3,10398.9,14706,25023,10,07/10/2026,WDPEAK,JULY,2026
07/10/2026 11:00:00,17.63,20.91,15.4925,23463.6704,1483,1176.5,9985.9,14626.1,28261.6,11,07/10/2026,WDPEAK,JULY,2026
07/10/2026 12:00:00,18.07,20.305,15.9475,26358.5916,1605.9,1465.9,9686.5,14717.1,29128.8,12,07/10/2026,WDPEAK,JULY,2026
07/10/2026 13:00:00,19.61,21.8475,18.5775,27601.881,1881.8,2009.8,10675.5,16849.1,29332.7,13,07/10/2026,WDPEAK,JULY,2026
07/10/2026 14:00:00,23.94,19.6825,18.75,32244.9401,1938.2,2218.1,10504.1,17043.7,27628.5,14,07/10/2026,WDPEAK,JULY,2026
07/10/2026 15:00:00,26,15.685,18.93,33438.1,2013.3,2408.8,10357.5,17360.9,27213.5,15,07/10/2026,WDPEAK,JULY,2026
07/10/2026 16:00:00,27.42,12.015,19.965,34136.8896,2080.8,2549.3,10302.3,17679.1,26635,16,07/10/2026,WDPEAK,JULY,2026
07/10/2026 17:00:00,28.64,13.1125,21.27,34582.4707,2173.8,2682.8,10485.7,18244.7,25399.8,17,07/10/2026,WDPEAK,JULY,2026
07/10/2026 18:00:00,28.13,8.3575,19.75,35220.579,2282.2,2801.6,10751.6,18949.5,23463,18,07/10/2026,WDPEAK,JULY,2026
07/10/2026 19:00:00,30.29,19.845,24.12,37681.8682,2383.7,2790.3,11209.8,19722.5,19156.5,19,07/10/2026,WDPEAK,JULY,2026
07/10/2026 20:00:00,38.26,35.6725,39.3125,45952.0713,2446.5,2550.4,11868.5,20290.6,9827.3,20,07/10/2026,WDPEAK,JULY,2026
07/10/2026 21:00:00,40.24,37.935,41.85,53168.0411,2457.9,2196.1,12535.6,20602.6,1047,21,07/10/2026,WDPEAK,JULY,2026
07/10/2026 22:00:00,38.17,40.8875,41.65,52040.5109,2497.6,1900.3,13117.3,20961.1,0,22,07/10/2026,WDPEAK,JULY,2026
07/10/2026 23:00:00,35.93,58.745,45.5425,48491.4301,2530.7,1758.2,13672.7,21542.1,0,23,07/10/2026,OFFPEAK,JULY,2026
07/11/2026 00:00:00,29.91,35.1425,34.8,45220.17,2482.5,1673,13875.6,21498.9,0,24,07/10/2026,OFFPEAK,JULY,2026
07/11/2026 01:00:00,27.41,35.1675,35.1675,41581.7901,2410.8,1613.7,13071.5,20858.8,0,1,07/11/2026,OFFPEAK,JULY,2026
07/11/2026 02:00:00,26.78,35.88,35.6125,41466.1984,2051.7,1244.6,11465,18083.3,0,2,07/11/2026,OFFPEAK,JULY,2026
07/11/2026 03:00:00,26.25,29.83,29.81,40518.0298,1876.6,1141.8,10650.4,16719.4,0,3,07/11/2026,OFFPEAK,JULY,2026
07/11/2026 04:00:00,26.15,27.0925,27.0925,40510.75,1718.2,998.6,9769.2,15128.5,0,4,07/11/2026,OFFPEAK,JULY,2026
07/11/2026 05:00:00,29.18,29.505,29.505,41240.4403,1573.3,844.8,8627.9,13297.2,0,5,07/11/2026,OFFPEAK,JULY,2026
07/11/2026 06:00:00,33.31,28.9675,28.9675,42367.1995,1457.6,774.5,7439.2,11571.9,0,6,07/11/2026,OFFPEAK,JULY,2026
07/11/2026 07:00:00,28.48,32.3725,31.6175,43504.3706,1368.3,752.3,6231.3,9901.6,161.6,7,07/11/2026,WEPEAK,JULY,2026
07/11/2026 08:00:00,23.49,26.8425,24.3975,41028.4099,1253.3,684,4797.9,7848.6,5067.9,8,07/11/2026,WEPEAK,JULY,2026
07/11/2026 09:00:00,18.77,23.345,23.3025,34024.7319,1278.3,784.4,3787.3,6592.6,16861.3,9,07/11/2026,WEPEAK,JULY,2026
07/11/2026 10:00:00,20.32,23.7725,23.54,31163.2601,1391.2,1090.5,3195.2,6195.1,24673.5,10,07/11/2026,WEPEAK,JULY,2026
07/11/2026 11:00:00,22.68,21.68,21.4375,32839.4411,1367,1289.1,2412.3,5399.2,28336.5,11,07/11/2026,WEPEAK,JULY,2026
07/11/2026 12:00:00,24.51,15.9675,16.0025,36260.7015,1301.5,1393.5,1787.2,4683.1,29937,12,07/11/2026,WEPEAK,JULY,2026
07/11/2026 13:00:00,27.53,18.7825,19.5575,39579.931,1248.3,1556.3,1557.1,4522.6,30382.2,13,07/11/2026,WEPEAK,JULY,2026
07/11/2026 14:00:00,28.69,22.9475,25.045,42237.8603,1384.6,2009.9,2380.8,6176.8,28729.3,14,07/11/2026,WEPEAK,JULY,2026
07/11/2026 15:00:00,30.78,30.2775,30.4925,43724.8206,1428.3,2304.8,2692.8,6904.6,28089.1,15,07/11/2026,WEPEAK,JULY,2026
07/11/2026 16:00:00,29.83,25.685,28.5625,44693.8215,1559.9,2614.4,3187.6,8016.5,26840.7,16,07/11/2026,WEPEAK,JULY,2026
07/11/2026 17:00:00,30.85,9.7,24.115,45086.5215,1762.2,2905.3,3906.3,9444.7,25140.6,17,07/11/2026,WEPEAK,JULY,2026
07/11/2026 18:00:00,29.36,10.1125,25.325,45629.4799,1903.5,2996.9,4736.3,10750.7,22657.6,18,07/11/2026,WEPEAK,JULY,2026
07/11/2026 19:00:00,32.88,11.4275,25.985,47576.6717,2000.1,2868,5702.5,12039.2,17698.4,19,07/11/2026,WEPEAK,JULY,2026
07/11/2026 20:00:00,37.98,14.8975,40.31,53995.6413,2122.7,2607.4,6695,13123.3,8447.5,20,07/11/2026,WEPEAK,JULY,2026
07/11/2026 21:00:00,38.94,28.21,39.665,58445.24,2221.5,2240,7614.3,13942.5,856.9,21,07/11/2026,WEPEAK,JULY,2026
07/11/2026 22:00:00,42.35,28.9075,29.5925,56714.8808,2280.4,1855.5,8526.9,14789.3,0,22,07/11/2026,WEPEAK,JULY,2026
07/11/2026 23:00:00,36.75,27.6775,27.6775,53115.8901,2281.1,1625.5,9255.5,15479.4,0,23,07/11/2026,OFFPEAK,JULY,2026
07/12/2026 00:00:00,35.66,28.11,28.11,49681.5203,2189.9,1480.4,9431.1,15500.8,0,24,07/11/2026,OFFPEAK,JULY,2026
07/12/2026 01:00:00,35.62,25.0975,25.0975,46055.8888,2053.5,1293.5,9038.7,14621.8,0,1,07/12/2026,OFFPEAK,JULY,2026
07/12/2026 02:00:00,30.51,22.6675,22.6675,44461.4302,1861.5,1130.3,8347.1,13508.9,0,2,07/12/2026,OFFPEAK,JULY,2026
07/12/2026 03:00:00,29.96,21.1675,21.1675,43760.5994,1675.5,978.8,7377.5,12038.4,0,3,07/12/2026,OFFPEAK,JULY,2026
07/12/2026 04:00:00,32.91,21.81,21.81,43873.02,1503.9,821,6371.8,10508.5,0,4,07/12/2026,OFFPEAK,JULY,2026
07/12/2026 05:00:00,32.39,23.5,23.5,44271.3997,1326.7,661.1,5492.2,9052,0,5,07/12/2026,OFFPEAK,JULY,2026
07/12/2026 06:00:00,33.31,24.6325,24.5375,44783.5101,1192.4,532.7,4741.8,7756.2,0,6,07/12/2026,OFFPEAK,JULY,2026
07/12/2026 07:00:00,30.22,25.5075,25.7125,45224.9201,1095.7,451.2,3937.4,6546.1,129.4,7,07/12/2026,WEPEAK,JULY,2026
07/12/2026 08:00:00,23.8,23.3325,22.89,42471.4604,973.8,389.7,3038.8,5167.7,4486.8,8,07/12/2026,WEPEAK,JULY,2026
07/12/2026 09:00:00,19.25,20.47,20.47,35233.959,955.8,429.2,2381.3,4245.5,16011.7,9,07/12/2026,WEPEAK,JULY,2026
07/12/2026 10:00:00,21.46,21.06,21.06,32156.1593,1055.7,624.6,1900.5,3917.4,23526.6,10,07/12/2026,WEPEAK,JULY,2026
07/12/2026 11:00:00,21.54,20.825,20.825,32911.3899,1081,800.2,1412.4,3562.8,27135.2,11,07/12/2026,WEPEAK,JULY,2026
07/12/2026 12:00:00,21.83,22.7425,22.77,35530.0814,1053.5,952,1242.5,3502.7,28484.7,12,07/12/2026,WEPEAK,JULY,2026
07/12/2026 13:00:00,24.23,23.045,23.19,38280.2694,1048.1,1190.4,1331.5,3886.6,28775.2,13,07/12/2026,WEPEAK,JULY,2026
07/12/2026 14:00:00,26.21,22.3775,23.045,41895.4393,1086.2,1572.4,1537.1,4601.2,27137.4,14,07/12/2026,WEPEAK,JULY,2026
07/12/2026 15:00:00,26.91,27.8875,28.21,43687.1319,1176.6,2017,1946.4,5691.6,26322.7,15,07/12/2026,WEPEAK,JULY,2026
07/12/2026 16:00:00,27.88,26.71,27.1825,45500.27,1352.5,2356.5,2492,6927.6,24304.7,16,07/12/2026,WEPEAK,JULY,2026
07/12/2026 17:00:00,27.82,22.58,30.895,47192.8304,1638,2624.9,3270.3,8429.6,21280.1,17,07/12/2026,WEPEAK,JULY,2026
07/12/2026 18:00:00,25.73,19.0975,33.2625,47955.4198,1942.3,2795.8,3975.5,9790.5,18214,18,07/12/2026,WEPEAK,JULY,2026
07/12/2026 19:00:00,25.86,15.605,30.44,49087.6815,2185.2,2786.4,4573.3,10772.1,13931.2,19,07/12/2026,WEPEAK,JULY,2026
07/12/2026 20:00:00,29.77,24.1825,33.8975,53917.2002,2317,2546.9,5322.1,11582.8,6543.5,20,07/12/2026,WEPEAK,JULY,2026
07/12/2026 21:00:00,28.03,28.9775,38.14,57927.9989,2352.4,2124.3,5586,11666.1,696.2,21,07/12/2026,WEPEAK,JULY,2026
07/12/2026 22:00:00,34.64,30.925,36.8125,57310.73,2323.4,1770.4,5523.8,11390.3,0,22,07/12/2026,WEPEAK,JULY,2026
07/12/2026 23:00:00,40.17,31.5225,34.86,54179.1303,2227.9,1597,5565.2,11238.1,0,23,07/12/2026,OFFPEAK,JULY,2026
07/13/2026 00:00:00,42.78,36.4325,36.9575,51161.9704,2087.5,1462.6,5115.4,10486.6,0,24,07/12/2026,OFFPEAK,JULY,2026
07/13/2026 01:00:00,34.61,30.835,31.1475,49449.1489,1989.9,1330.4,3814.5,8927.3,0,1,07/13/2026,OFFPEAK,JULY,2026
07/13/2026 02:00:00,30.22,30.895,31.7675,48121.4258,1792.1,1183,3176.4,7676.3,0,2,07/13/2026,OFFPEAK,JULY,2026
07/13/2026 03:00:00,31.41,33.5025,33.5025,47285.1664,1600.7,1037.2,2705.4,6548.5,0,3,07/13/2026,OFFPEAK,JULY,2026
07/13/2026 04:00:00,34.95,39.57,39.765,47035.0664,1415.2,887.6,2425.4,5681.1,0,4,07/13/2026,OFFPEAK,JULY,2026
07/13/2026 05:00:00,35.5,34.175,36.6675,47830.0973,1245.2,743,2111,4851.3,0,5,07/13/2026,OFFPEAK,JULY,2026
07/13/2026 06:00:00,39.94,33.4925,36.5475,49416.2482,1148.6,621.7,1819.7,4164.9,0,6,07/13/2026,OFFPEAK,JULY,2026
07/13/2026 07:00:00,41.31,30.42,33.4825,51212.8157,1064.7,552.6,1541.6,3574.5,96.4,7,07/13/2026,WDPEAK,JULY,2026
07/13/2026 08:00:00,37.67,31.805,31.9625,49745.2822,966.5,510.8,1265.3,3013.6,3161.2,8,07/13/2026,WDPEAK,JULY,2026
07/13/2026 09:00:00,29.61,26.9675,26.22,45432.679,1005.7,591.9,1051.3,2783.3,10438,9,07/13/2026,WDPEAK,JULY,2026
07/13/2026 10:00:00,29.84,26.7825,26.05,42725.814,1113.1,824,938.1,2927.4,16013.5,10,07/13/2026,WDPEAK,JULY,2026
07/13/2026 11:00:00,28.27,28.285,27.635,42594.8376,1104.7,987.4,901.8,3038.7,19184.4,11,07/13/2026,WDPEAK,JULY,2026
07/13/2026 12:00:00,27.4,30.5375,30.7875,43676.2674,1112.2,1132.6,945.2,3256.7,21049.8,12,07/13/2026,WDPEAK,JULY,2026
07/13/2026 13:00:00,27.34,26.1,27.785,44465.912,1152.7,1370.6,1047.6,3673.8,22495.5,13,07/13/2026,WDPEAK,JULY,2026
07/13/2026 14:00:00,27.16,26.2825,26.6325,45802.746,1187.5,1760.1,1176.8,4318.4,22722.3,14,07/13/2026,WDPEAK,JULY,2026
07/13/2026 15:00:00,25.31,26.5075,27.4975,46655.3587,1242.2,2259.9,1295.4,5103.3,22102.3,15,07/13/2026,WDPEAK,JULY,2026
07/13/2026 16:00:00,26.15,26.1125,26.21,47652.2871,1418.9,2629.9,1503.2,5979.7,20624.9,16,07/13/2026,WDPEAK,JULY,2026
07/13/2026 17:00:00,22.6,27.25,23.07,48198.0924,1645.8,2875.8,1824.4,6925.1,19148.3,17,07/13/2026,WDPEAK,JULY,2026
07/13/2026 18:00:00,20.59,25.0425,23.785,49334.2946,1843.9,3067.9,2206.5,7910.1,16373.3,18,07/13/2026,WDPEAK,JULY,2026
07/13/2026 19:00:00,17.76,25.59,25.355,51218.2465,2064.2,3073.1,2449.6,8609.9,12253,19,07/13/2026,WDPEAK,JULY,2026
07/13/2026 20:00:00,26.63,19.435,30.4725,55670.0651,2219,2804.2,2653.1,8862.2,5826.4,20,07/13/2026,WDPEAK,JULY,2026
07/13/2026 21:00:00,28.16,12.58,32.7475,58915.7102,2298.6,2346.6,3136.2,9156,628.5,21,07/13/2026,WDPEAK,JULY,2026
07/13/2026 22:00:00,31.85,10.8,30.1625,57791.1881,2299.4,1958.1,3473.9,9339.3,0,22,07/13/2026,WDPEAK,JULY,2026
07/13/2026 23:00:00,32.51,10.96,29.3775,54624.6456,2235.1,1752,3517.4,9222.3,0,23,07/13/2026,OFFPEAK,JULY,2026
07/14/2026 00:00:00,28.24,10.775,28.7475,51789.5047,2120.9,1564.2,3267.4,8570.8,0,24,07/13/2026,OFFPEAK,JULY,2026
07/14/2026 01:00:00,30.5,8.3775,27.0275,48558.3203,2063.3,1575.9,2326.2,7783.4,0,1,07/14/2026,OFFPEAK,JULY,2026
07/14/2026 02:00:00,29.1,10.1225,28.8775,46942.7295,1951.4,1460.2,1904.5,6876.4,0,2,07/14/2026,OFFPEAK,JULY,2026
07/14/2026 03:00:00,27.16,11.835,29.5775,45928.7995,1844.6,1371.4,1465.9,5924.2,0,3,07/14/2026,OFFPEAK,JULY,2026
07/14/2026 04:00:00,26.98,10.84,29.4775,45561.5611,1743.8,1284.3,1207,5240.2,0,4,07/14/2026,OFFPEAK,JULY,2026
07/14/2026 05:00:00,30.68,11.115,28.5825,46077.8396,1657,1187.7,1026.4,4654.6,0,5,07/14/2026,OFFPEAK,JULY,2026
07/14/2026 06:00:00,30.87,9.39,28.4675,47387.1299,1619.1,1124.9,937.6,4246.1,0,6,07/14/2026,OFFPEAK,JULY,2026
07/14/2026 07:00:00,30.94,12.255,32.4375,49200.8794,1573.8,1113.2,976.4,4085.3,90,7,07/14/2026,WDPEAK,JULY,2026
07/14/2026 08:00:00,28.33,12.3225,33.88,47107.56,1527.2,1102.6,1062.2,4005.7,2921.7,8,07/14/2026,WDPEAK,JULY,2026
07/14/2026 09:00:00,23.36,16.47,26.045,41626.0213,1600.3,1318.2,1187.5,4321,9759.1,9,07/14/2026,WDPEAK,JULY,2026
07/14/2026 10:00:00,20.72,14.6125,22.75,37799.5106,1747.7,1704.3,1479.5,5153.2,14899.1,10,07/14/2026,WDPEAK,JULY,2026
07/14/2026 11:00:00,18.71,4.165,22.855,35911.2314,1838.9,1930.9,1884.7,5936.2,18151.8,11,07/14/2026,WDPEAK,JULY,2026
07/14/2026 12:00:00,19.31,3.4225,22.2375,35850.9798,1882.6,2107.7,2306.3,6633.7,19875.3,12,07/14/2026,WDPEAK,JULY,2026
07/14/2026 13:00:00,19.65,-2.3025,23.44,35809.771,1908.6,2325.4,2768.5,7440.5,21358.6,13,07/14/2026,WDPEAK,JULY,2026
07/14/2026 14:00:00,16.76,5.2,22.4525,36268.1096,1925.7,2599.2,3116.4,8201.4,22179,14,07/14/2026,WDPEAK,JULY,2026
07/14/2026 15:00:00,16.72,8.1575,22.785,36871.5605,1941.7,2843.9,3403.6,8925.1,22002.3,15,07/14/2026,WDPEAK,JULY,2026
07/14/2026 16:00:00,18.46,10.155,22.595,38447.8401,2000.9,3025,3891.7,9806.5,20367.8,16,07/14/2026,WDPEAK,JULY,2026
07/14/2026 17:00:00,16.75,15.1275,19.7375,39444.8491,2130.7,3191.7,4327.9,10693.9,18885,17,07/14/2026,WDPEAK,JULY,2026
07/14/2026 18:00:00,15.87,14.8475,18.375,41291.0502,2272.2,3244.6,4719.1,11488.7,16123.5,18,07/14/2026,WDPEAK,JULY,2026
07/14/2026 19:00:00,15.84,20.3275,20.42,43814.5015,2407.9,3209.6,5014.3,12078.4,12068.7,19,07/14/2026,WDPEAK,JULY,2026
07/14/2026 20:00:00,18.63,24.8475,32.8925,48657.1115,2498.3,2918.3,4926.2,11975.3,6141.9,20,07/14/2026,WDPEAK,JULY,2026
07/14/2026 21:00:00,24.29,18.84,39.9075,53303.9709,2503.4,2471.6,4740.6,11565.5,696.8,21,07/14/2026,WDPEAK,JULY,2026
07/14/2026 22:00:00,26.98,19.2925,43.0175,53302.3797,2474.7,2111.3,4581.1,11137.7,0,22,07/14/2026,WDPEAK,JULY,2026
07/14/2026 23:00:00,31.08,20.6225,51.3825,50809.3593,2424,1921,4347,10743.9,0,23,07/14/2026,OFFPEAK,JULY,2026
07/15/2026 00:00:00,27.41,16.6925,49.1775,48614.7505,2317.7,1811.4,3662.4,9818,0,24,07/14/2026,OFFPEAK,JULY,2026
07/15/2026 01:00:00,16.04,9.1675,35.2275,47610.2709,2290.9,1823,2744.7,8647.1,0,1,07/15/2026,OFFPEAK,JULY,2026
07/15/2026 02:00:00,13.97,6.6225,29.8025,46625.0101,2151.5,1780.6,2252.6,7798.3,0,2,07/15/2026,OFFPEAK,JULY,2026
07/15/2026 03:00:00,15.39,9.4,31.46,46090.7998,1994.5,1729.8,1825.9,6914.3,0,3,07/15/2026,OFFPEAK,JULY,2026
07/15/2026 04:00:00,15.89,8.73,26.9325,45946.9005,1893.1,1618.8,1637.5,6290.5,0,4,07/15/2026,OFFPEAK,JULY,2026
07/15/2026 05:00:00,17.52,15.675,27.7125,46406.4807,1859.4,1513.2,1558.4,5862.7,0,5,07/15/2026,OFFPEAK,JULY,2026
07/15/2026 06:00:00,17.8,24.9225,27.86,47593.8998,1863,1506,1538.2,5671.9,0,6,07/15/2026,OFFPEAK,JULY,2026
07/15/2026 07:00:00,18.33,24.0475,26.18,48824.9212,1856.4,1520.6,1563.1,5588,88.1,7,07/15/2026,WDPEAK,JULY,2026
07/15/2026 08:00:00,19.75,24.6225,25.3325,47340.8998,1713.6,1565.2,1548.5,5309.2,2739.5,8,07/15/2026,WDPEAK,JULY,2026
07/15/2026 09:00:00,17.04,23.7525,23.3525,42874.6505,1779.6,1795.6,1564.5,5515.9,8837.9,9,07/15/2026,WDPEAK,JULY,2026
07/15/2026 10:00:00,13.61,24.8875,22.39,39438.7294,1846.9,2142.2,1749.2,6096.9,13881.1,10,07/15/2026,WDPEAK,JULY,2026
07/15/2026 11:00:00,13.79,24.16,24.525,37588.5189,1812.3,2351.1,1877.2,6429.7,17807.2,11,07/15/2026,WDPEAK,JULY,2026
07/15/2026 12:00:00,15.58,26.52,27.2,37701.2503,1780.3,2476.4,1908.9,6598.1,19903.3,12,07/15/2026,WDPEAK,JULY,2026
07/15/2026 13:00:00,17.08,24.5575,25.565,38033.5601,1783.9,2568.4,1956.3,6867.1,21475.9,13,07/15/2026,WDPEAK,JULY,2026
07/15/2026 14:00:00,20.19,24.7825,24.895,38639.1494,1755.9,2677.9,2062.8,7271.8,22627.5,14,07/15/2026,WDPEAK,JULY,2026
07/15/2026 15:00:00,20.06,24.3525,24.26,40138.0102,1769.7,2823,2387.7,7968.5,21982.8,15,07/15/2026,WDPEAK,JULY,2026
07/15/2026 16:00:00,20.46,22.91,22.73,41793.7895,1850.5,2963.6,2858,8890.5,20100.7,16,07/15/2026,WDPEAK,JULY,2026
07/15/2026 17:00:00,20.15,24.99,20.4575,42715.6505,1978.9,3123.7,3505.1,10057,18661.6,17,07/15/2026,WDPEAK,JULY,2026
07/15/2026 18:00:00,18.22,26.885,18.775,43773.3398,2139,3185.3,4386,11381.2,16003.5,18,07/15/2026,WDPEAK,JULY,2026
07/15/2026 19:00:00,17.19,30.14,25.22,45447.3194,2462.9,3119.6,5174.9,12601.2,11765.9,19,07/15/2026,WDPEAK,JULY,2026
07/15/2026 20:00:00,18.69,34.185,34.2525,49203.3597,2557.8,2882.2,5636.2,13054.1,5767.4,20,07/15/2026,WDPEAK,JULY,2026
07/15/2026 21:00:00,20.81,28.1825,39.41,54842.7001,2353,2299.7,4829,11278.4,671.3,21,07/15/2026,WDPEAK,JULY,2026
07/15/2026 22:00:00,21.07,30.4375,40.0875,54236.1894,2340.7,2115.9,4988,11446.2,0,22,07/15/2026,WDPEAK,JULY,2026
07/15/2026 23:00:00,19.4,27.3725,32.0675,50921.2605,2361.9,2078.1,4998.1,11614.7,0,23,07/15/2026,OFFPEAK,JULY,2026
07/16/2026 00:00:00,18.1,25.3725,29.585,47819.2102,2316.2,2024.2,4846.8,11483.4,0,24,07/15/2026,OFFPEAK,JULY,2026
07/16/2026 01:00:00,14.71,25.7425,26.81,44043.4708,2397.9,1914,4349.5,10957.6,0,1,07/16/2026,OFFPEAK,JULY,2026
07/16/2026 02:00:00,13.86,26.41,26.6125,42841.3102,2324.3,1828.9,3894.6,10153.5,0,2,07/16/2026,OFFPEAK,JULY,2026
07/16/2026 03:00:00,13.47,26.5025,28.66,42180.7603,2246.5,1753.2,3513,9347.8,0,3,07/16/2026,OFFPEAK,JULY,2026
07/16/2026 04:00:00,15.6,26.805,27.13,42200.6892,2167.8,1667.9,3113.6,8512.9,0,4,07/16/2026,OFFPEAK,JULY,2026
07/16/2026 05:00:00,18.24,31.5575,31.5575,42910.7395,2105.1,1580.9,2798.1,7806,0,5,07/16/2026,OFFPEAK,JULY,2026
07/16/2026 06:00:00,21.34,39.305,39.47,44600.7103,2036.9,1556.4,2653.2,7371.8,0,6,07/16/2026,OFFPEAK,JULY,2026
07/16/2026 07:00:00,23.28,36.45,37.69,46485.6504,1985.7,1584,2521,7029.4,69.4,7,07/16/2026,WDPEAK,JULY,2026
07/16/2026 08:00:00,22.3,32.8275,33.7925,45077.2502,1945.6,1596,2525.5,6836.4,2311.6,8,07/16/2026,WDPEAK,JULY,2026
07/16/2026 09:00:00,20.41,24.7475,25.7225,40798.3503,2001.7,1841.7,2708.9,7234.3,7732.2,9,07/16/2026,WDPEAK,JULY,2026
07/16/2026 10:00:00,11.79,23.5675,23.975,37754.9596,2164.6,2299,3100.8,8284.3,11885.9,10,07/16/2026,WDPEAK,JULY,2026
07/16/2026 11:00:00,10.4,17.8575,23.5625,35135.9103,2274.2,2620.1,3660.5,9442.4,15967.3,11,07/16/2026,WDPEAK,JULY,2026
07/16/2026 12:00:00,9.58,20.445,23.6025,32887.2204,2494.5,3063.8,5258,12151.7,18258.7,12,07/16/2026,WDPEAK,JULY,2026
07/16/2026 13:00:00,11.4,19.2175,24.9625,32515.5795,2513,3194.6,5958.3,13215.2,20002,13,07/16/2026,WDPEAK,JULY,2026
07/16/2026 14:00:00,13.05,23.5675,22.8775,32749.0793,2530.4,3324.7,6503.7,14149.9,21174.8,14,07/16/2026,WDPEAK,JULY,2026
07/16/2026 15:00:00,13.04,20.605,23.75,33604.611,2563.1,3476.5,7069.9,15124.1,20846.2,15,07/16/2026,WDPEAK,JULY,2026
07/16/2026 16:00:00,15.02,21.14,34.54,35133.8608,2619.5,3566.4,7597.1,15977.3,19592.7,16,07/16/2026,WDPEAK,JULY,2026
07/16/2026 17:00:00,13.29,18.485,41.6975,35809.3288,2710.4,3611.4,8054.5,16786.6,18237.3,17,07/16/2026,WDPEAK,JULY,2026
07/16/2026 18:00:00,13.44,18.365,37.1825,37270.7699,2802.1,3594.8,8339.5,17280.2,15622.5,18,07/16/2026,WDPEAK,JULY,2026
07/16/2026 19:00:00,14.64,18.9775,38.7375,39577.3495,2862,3525.8,8582.2,17434,11395.6,19,07/16/2026,WDPEAK,JULY,2026
07/16/2026 20:00:00,20.56,19.9725,41.3275,44558.9108,2916.2,3263.3,8567.5,17285.1,5450.8,20,07/16/2026,WDPEAK,JULY,2026
07/16/2026 21:00:00,25.93,15.0925,33.5325,48702.5893,2921.8,2877.5,8471.5,16997.7,580,21,07/16/2026,WDPEAK,JULY,2026
07/16/2026 22:00:00,24.76,18.3275,29.51,48038.7084,2890.5,2581.7,8564,16954.3,0,22,07/16/2026,WDPEAK,JULY,2026
07/16/2026 23:00:00,21.1,18.74,29.74,45252.8289,2872.1,2456.3,8808.5,17170.8,0,23,07/16/2026,OFFPEAK,JULY,2026
07/17/2026 00:00:00,17.45,17.88,28.305,42234.2293,2836.7,2403.3,8917.8,17281.9,0,24,07/16/2026,OFFPEAK,JULY,2026
07/17/2026 01:00:00,19.71,14.24,25.8075,41973.2399,2595.8,2266.6,7398.3,15042.3,0,1,07/17/2026,OFFPEAK,JULY,2026
07/17/2026 02:00:00,18.75,10.7925,25.1375,40157.5512,2544.3,2169.5,7333.4,14702.3,0,2,07/17/2026,OFFPEAK,JULY,2026
07/17/2026 03:00:00,18.4,9.1825,24.7425,39050.6104,2493.2,2034.3,7242.2,14250.7,0,3,07/17/2026,OFFPEAK,JULY,2026
07/17/2026 04:00:00,18.89,8.7525,23.7925,38626.3899,2420.3,1837.9,7271.5,13781.1,0,4,07/17/2026,OFFPEAK,JULY,2026
07/17/2026 05:00:00,20.67,8.32,23.665,39051.4204,2349.5,1672.2,7302.7,13320.5,0,5,07/17/2026,OFFPEAK,JULY,2026
07/17/2026 06:00:00,22.53,8.4825,24.415,40744.9004,2298.2,1564.7,7006.6,12673.5,0,6,07/17/2026,OFFPEAK,JULY,2026
07/17/2026 07:00:00,22.26,9.6025,23.575,42362.6891,2245.2,1511.3,6729.4,12076.1,80.1,7,07/17/2026,WDPEAK,JULY,2026
07/17/2026 08:00:00,20.74,9.115,22.6675,41000.2402,2155,1450,6518.6,11497.9,2876,8,07/17/2026,WDPEAK,JULY,2026
07/17/2026 09:00:00,19.24,11.495,20.7775,37110.5303,2129.8,1606.8,6118.4,11152.7,9656.1,9,07/17/2026,WDPEAK,JULY,2026
07/17/2026 10:00:00,15.18,2.5225,18.3575,32496.5111,2407.9,2294.6,6979.8,13302.7,15199.5,10,07/17/2026,WDPEAK,JULY,2026
07/17/2026 11:00:00,13.37,-.3875,19.795,30113.622,2488,2616.8,7122.2,13874.6,20342.7,11,07/17/2026,WDPEAK,JULY,2026
07/17/2026 12:00:00,12.71,.675,15.5175,30323.2305,2525.3,2812.8,7110.2,14063,23343.6,12,07/17/2026,WDPEAK,JULY,2026
07/17/2026 13:00:00,13.5,-.4525,12.7,31206.6095,2576.3,3010,7106,14330,25291.8,13,07/17/2026,WDPEAK,JULY,2026
07/17/2026 14:00:00,14.06,-1.4125,14.2725,31088.7103,2623.2,3224.7,7363.8,14873.3,27528.5,14,07/17/2026,WDPEAK,JULY,2026
07/17/2026 15:00:00,14.68,.715,15.3825,31629.249,2671.6,3448.2,7718.8,15635.1,27572.5,15,07/17/2026,WDPEAK,JULY,2026
07/17/2026 16:00:00,16.41,9.0075,14.925,32133.6898,2744.8,3593.4,8192.2,16549,26409.4,16,07/17/2026,WDPEAK,JULY,2026
07/17/2026 17:00:00,17.88,6.135,16.4175,32099.4207,2828.1,3657.5,9048.4,17765.6,25103.6,17,07/17/2026,WDPEAK,JULY,2026
07/17/2026 18:00:00,18.23,14.5625,19.2225,32831.1607,2902.2,3645.4,9837.5,18894.6,22332.3,18,07/17/2026,WDPEAK,JULY,2026
07/17/2026 19:00:00,22.66,17.74,19.665,35683.0708,2950.5,3537.3,10280.4,19558.3,16940.8,19,07/17/2026,WDPEAK,JULY,2026
07/17/2026 20:00:00,29.54,23.1575,32.6825,43472.6185,2956.2,3273.2,10456.7,19742.3,7480.7,20,07/17/2026,WDPEAK,JULY,2026
07/17/2026 21:00:00,30.82,24.515,38.3075,48707.4309,2937.1,2867.5,10491.2,19766.1,712.6,21,07/17/2026,WDPEAK,JULY,2026
07/17/2026 22:00:00,33.46,26.48,37.0975,50191.2806,2677.2,2219,9325,17785.2,0,22,07/17/2026,WDPEAK,JULY,2026
07/17/2026 23:00:00,30.82,37.695,59.8675,47334.2399,2656.6,2061.7,9483.8,18057.3,0,23,07/17/2026,OFFPEAK,JULY,2026
07/18/2026 00:00:00,25.7,32.8325,41.4325,44632.5599,2594.3,1926.9,9362.8,17787.1,0,24,07/17/2026,OFFPEAK,JULY,2026
07/18/2026 01:00:00,23.96,28.22,31.0625,41962.4105,2597.5,2026,9185.3,17702.1,0,1,07/18/2026,OFFPEAK,JULY,2026
07/18/2026 02:00:00,22.39,24.415,24.455,39447.18,2543.7,1904.7,9126.8,17341.7,0,2,07/18/2026,OFFPEAK,JULY,2026
07/18/2026 03:00:00,21.37,22.7475,22.7475,37835.911,2460.4,1757.1,9173.9,16914,0,3,07/18/2026,OFFPEAK,JULY,2026
07/18/2026 04:00:00,20.44,22.075,22.075,36691.411,2364.8,1578.6,9423.4,16561.7,0,4,07/18/2026,OFFPEAK,JULY,2026
07/18/2026 05:00:00,20.75,22.0225,22.0225,36116.2801,2275.9,1422.8,9608.2,16253.5,0,5,07/18/2026,OFFPEAK,JULY,2026
07/18/2026 06:00:00,21.6,21.5825,21.5825,36416.6294,2196.4,1342.4,9672.4,15910.3,0,6,07/18/2026,OFFPEAK,JULY,2026
07/18/2026 07:00:00,21.37,22.4225,22.4225,36546.8597,2140.1,1283.4,9732.8,15576.5,88.4,7,07/18/2026,WEPEAK,JULY,2026
07/18/2026 08:00:00,18.4,18.3,18.3,34477.2601,2021.2,1224.2,9281.5,14601.5,3530.5,8,07/18/2026,WEPEAK,JULY,2026
07/18/2026 09:00:00,15.92,16.0875,16.15,28539.7299,1977.4,1447,8822.1,14101.6,13059.9,9,07/18/2026,WEPEAK,JULY,2026
07/18/2026 10:00:00,13.39,9.3375,13.1725,24852.7098,2069.7,1838.2,8869.8,14613.4,20414.5,10,07/18/2026,WEPEAK,JULY,2026
07/18/2026 11:00:00,10.14,4.955,11.39,25156.6209,2102.5,2032.9,8362.5,14119.7,24848.4,11,07/18/2026,WEPEAK,JULY,2026
07/18/2026 12:00:00,12.77,1.025,10.0025,28254.2291,2074.6,2177.7,7232.9,12823.4,27271.8,12,07/18/2026,WEPEAK,JULY,2026
07/18/2026 13:00:00,15.55,1.2625,13.8275,31769.2794,2060,2340.7,6232.9,11792.5,28844.5,13,07/18/2026,WEPEAK,JULY,2026
07/18/2026 14:00:00,15.14,3.275,15.8625,34297.5402,2076.7,2574.1,5570.7,11307.2,29782.5,14,07/18/2026,WEPEAK,JULY,2026
07/18/2026 15:00:00,16.03,5.6575,15.7725,34726.0707,2314,3112.2,6297.9,13124.9,29655.6,15,07/18/2026,WEPEAK,JULY,2026
07/18/2026 16:00:00,15.37,11.175,17.215,36477.3807,2413.7,3374.9,6434.8,13641.2,28904.5,16,07/18/2026,WEPEAK,JULY,2026
07/18/2026 17:00:00,15.02,11.5325,17.035,38034.4092,2566.9,3572,6870.7,14564.7,27081.1,17,07/18/2026,WEPEAK,JULY,2026
07/18/2026 18:00:00,15.47,13.545,15.01,39077.4806,2734.4,3674.6,7517.1,15635.5,24600.3,18,07/18/2026,WEPEAK,JULY,2026
07/18/2026 19:00:00,17.11,17.4225,23.0725,42150.041,2848.8,3697.4,8045.6,16479.9,18891.4,19,07/18/2026,WEPEAK,JULY,2026
07/18/2026 20:00:00,24.37,20.6475,34.4025,50732.0304,2898.4,3500.9,8123.4,16667,8085.5,20,07/18/2026,WEPEAK,JULY,2026
07/18/2026 21:00:00,25.08,16.68,34.725,57281.9598,2460.2,2365.3,7759.8,14990.7,686.1,21,07/18/2026,WEPEAK,JULY,2026
07/18/2026 22:00:00,23.49,18.8825,34.9525,56114.1293,2467.6,2022.9,7773.1,14881.7,0,22,07/18/2026,WEPEAK,JULY,2026
07/18/2026 23:00:00,24.44,14.015,37.0375,53913.4909,2342.7,1787.3,7457.1,14122.3,0,23,07/18/2026,OFFPEAK,JULY,2026
07/19/2026 00:00:00,22.75,15.135,40.1775,50932.6296,2232,1583.1,7272.8,13670.9,0,24,07/18/2026,OFFPEAK,JULY,2026
07/19/2026 01:00:00,26.84,19.9325,40.655,48944.4297,2125.2,1575.4,5702.8,11968.2,0,1,07/19/2026,OFFPEAK,JULY,2026
07/19/2026 02:00:00,26.49,21.6825,43.6125,47181.2804,2007,1383.8,4984.5,10761.2,0,2,07/19/2026,OFFPEAK,JULY,2026
07/19/2026 03:00:00,26.04,22.0625,38.7075,45997.6298,1900.6,1199.2,4670.5,9821.7,0,3,07/19/2026,OFFPEAK,JULY,2026
07/19/2026 04:00:00,24.56,23.7375,27.8,44806.4492,1845.5,1050.2,4729.7,9437.7,0,4,07/19/2026,OFFPEAK,JULY,2026
07/19/2026 05:00:00,22.92,25.5975,26.7775,44333.0799,1718.9,927,4689.1,8817.8,0,5,07/19/2026,OFFPEAK,JULY,2026
07/19/2026 06:00:00,23.73,26.395,27.5125,44226.6605,1617.6,840.8,4742.8,8386,0,6,07/19/2026,OFFPEAK,JULY,2026
07/19/2026 07:00:00,21.65,25.4825,26.2225,43923.6495,1530.7,753.8,4697.5,7980.9,100.6,7,07/19/2026,WEPEAK,JULY,2026
07/19/2026 08:00:00,21.32,21.8125,21.665,40636.67,1523.5,872.9,4106.4,7213.1,4235.2,8,07/19/2026,WEPEAK,JULY,2026
07/19/2026 09:00:00,16.2,21.035,20.3025,31560.7902,1867.2,1487.8,3803.9,8181.8,15251.6,9,07/19/2026,WEPEAK,JULY,2026
07/19/2026 10:00:00,14.6,14.3575,18.345,27808.3307,1913.1,1729.2,3643.7,8122.9,23359.8,10,07/19/2026,WEPEAK,JULY,2026
07/19/2026 11:00:00,12.88,13.815,18.4075,27838.6499,1897,1793.4,3637.6,8028.3,27576.9,11,07/19/2026,WEPEAK,JULY,2026
07/19/2026 12:00:00,14.66,13.3525,17.58,30506.2108,1916.6,1877.2,3347.8,7659.1,29483.8,12,07/19/2026,WEPEAK,JULY,2026
07/19/2026 13:00:00,14.12,12.055,18.7,33720.9797,1963.6,2076.9,3020.5,7483.2,30230.4,13,07/19/2026,WEPEAK,JULY,2026
07/19/2026 14:00:00,15.33,14.4425,22.535,36849.8911,1998.5,2380,2930,7730.1,30036,14,07/19/2026,WEPEAK,JULY,2026
07/19/2026 15:00:00,15.73,14.73,27.55,38755.6891,2021.5,2726.6,3229.5,8446.3,29858.2,15,07/19/2026,WEPEAK,JULY,2026
07/19/2026 16:00:00,15.74,15.34,29.5975,40195.2388,2079.9,3027.5,3634.7,9321.2,29296.6,16,07/19/2026,WEPEAK,JULY,2026
07/19/2026 17:00:00,15.04,15.1625,28.26,41746.7196,2206.7,3274.9,4116.7,10317.2,27612.1,17,07/19/2026,WEPEAK,JULY,2026
07/19/2026 18:00:00,14.86,17.6375,28.7325,43072.5191,2369.2,3442.7,4890.5,11516.4,25275.3,18,07/19/2026,WEPEAK,JULY,2026
07/19/2026 19:00:00,14.45,17.86,42.1625,46283.9093,2542,3460,5474.7,12579,19859.6,19,07/19/2026,WEPEAK,JULY,2026
07/19/2026 20:00:00,17.61,28.26,66.29,55294.3679,2696.5,3321,5617.4,13132.5,8757.9,20,07/19/2026,WEPEAK,JULY,2026
07/19/2026 21:00:00,15.6,32.72,67.295,60899.2607,2797.7,3021.7,5526.1,13236.3,700,21,07/19/2026,WEPEAK,JULY,2026
07/19/2026 22:00:00,22.54,34.1775,50.655,60255.3806,2385.1,1980,5864.7,12604.3,0,22,07/19/2026,WEPEAK,JULY,2026
07/19/2026 23:00:00,30.06,28.53,37.545,57209.8804,2250.4,1692.9,5588.2,11972.7,0,23,07/19/2026,OFFPEAK,JULY,2026
07/20/2026 00:00:00,26.51,25.32,33.8525,53371.9397,2120.4,1435.2,5564.9,11667,0,24,07/19/2026,OFFPEAK,JULY,2026
07/20/2026 01:00:00,23.27,25.1275,28.5225,49179.7108,2253.8,1601.5,6225.5,12468.4,0,1,07/20/2026,OFFPEAK,JULY,2026
07/20/2026 02:00:00,22.2,23.8275,24.7525,46559.67,2164.8,1402.9,6189.3,12125.1,0,2,07/20/2026,OFFPEAK,JULY,2026
07/20/2026 03:00:00,20.99,23.8475,24.28,44676.2498,2065.5,1231.5,6098.9,11665,0,3,07/20/2026,OFFPEAK,JULY,2026
07/20/2026 04:00:00,22.03,24.0275,24.415,43858.6195,1948.2,1061.9,5927.6,11047.7,0,4,07/20/2026,OFFPEAK,JULY,2026
07/20/2026 05:00:00,23.01,23.6625,23.6625,44258.2795,1770.3,905.7,5621.8,10186.2,0,5,07/20/2026,OFFPEAK,JULY,2026
07/20/2026 06:00:00,24.74,24.0975,24.0975,45656.3011,1583.6,778.8,5286.5,9312,0,6,07/20/2026,OFFPEAK,JULY,2026
07/20/2026 07:00:00,24.75,24.9325,24.9325,47113.4605,1431.4,665.4,5084.9,8687.8,108.3,7,07/20/2026,WDPEAK,JULY,2026
07/20/2026 08:00:00,22.81,22.63,22.63,44154.2997,1299.8,723.9,4235.3,7361.2,4980.8,8,07/20/2026,WDPEAK,JULY,2026
07/20/2026 09:00:00,16.6,17.765,19.2325,34357.3893,1485.3,1074.2,3627.6,7036,17911.3,9,07/20/2026,WDPEAK,JULY,2026
07/20/2026 10:00:00,14.93,13.935,18.4325,30652.9096,1410.2,1167.5,3305.2,6487.8,26545.9,10,07/20/2026,WDPEAK,JULY,2026
07/20/2026 11:00:00,14.45,13.6675,19.6675,31769.8394,1309,1124.1,3320,6261.6,30258.9,11,07/20/2026,WDPEAK,JULY,2026
07/20/2026 12:00:00,14.78,15.475,21.8775,35240.3293,1255,1050.2,3094.7,5819.6,31742.9,12,07/20/2026,WDPEAK,JULY,2026
07/20/2026 13:00:00,15.05,16.3175,25.1575,39272.4711,1256.6,1104.2,2802.1,5580.7,32331.4,13,07/20/2026,WDPEAK,JULY,2026
07/20/2026 14:00:00,18.76,19.9025,29.7875,42818.4794,1275.5,1372.9,2664.1,5807.3,32055.3,14,07/20/2026,WDPEAK,JULY,2026
07/20/2026 15:00:00,21.64,15.665,25.9425,44437.2301,1326.9,1854.4,2708.9,6485.9,31863.9,15,07/20/2026,WDPEAK,JULY,2026
07/20/2026 16:00:00,20.49,15.5125,23.7275,45002.5296,1455.6,2341.2,2904.3,7379.3,31443.5,16,07/20/2026,WDPEAK,JULY,2026
07/20/2026 17:00:00,18.62,19.385,24.35,44484.129,1653.8,2718.5,3289.6,8443.5,31278.8,17,07/20/2026,WDPEAK,JULY,2026
07/20/2026 18:00:00,19.51,24.3175,25.4,45065.7907,1898.6,2977.6,3806.8,9654.2,29387.6,18,07/20/2026,WDPEAK,JULY,2026
07/20/2026 19:00:00,20.29,25.2175,41.0275,48634.0291,2163.7,3064.6,4387.3,10781.4,23633.7,19,07/20/2026,WDPEAK,JULY,2026
07/20/2026 20:00:00,29.91,29.86,57.015,59751.5101,2409.6,2877.5,5066.2,11848.3,10239.5,20,07/20/2026,WDPEAK,JULY,2026
07/20/2026 21:00:00,25.33,26.23,93.39,65358.6621,2589.7,2519.3,5923.1,13089.6,823.4,21,07/20/2026,WDPEAK,JULY,2026
07/20/2026 22:00:00,29.33,31.1075,48.2975,61472.3101,2644.8,2227.3,7432,14921.3,0,22,07/20/2026,WDPEAK,JULY,2026
07/20/2026 23:00:00,22.11,29.0075,35.355,57520.7902,2372.1,1771.8,7758.1,14717.7,0,23,07/20/2026,OFFPEAK,JULY,2026
07/21/2026 00:00:00,26.1,25.5425,31.18,52170.9509,2277.2,1621.6,8537.9,15614.1,0,24,07/20/2026,OFFPEAK,JULY,2026
07/21/2026 01:00:00,24.92,23.47,24.3025,47690.0294,2258.5,1598.7,9374.7,16495.4,0,1,07/21/2026,OFFPEAK,JULY,2026
07/21/2026 02:00:00,23.66,22.4325,22.9275,45033.25,2084,1453.6,8990.2,15652.5,0,2,07/21/2026,OFFPEAK,JULY,2026
07/21/2026 03:00:00,22.48,22.615,22.8225,43738.6592,1884.4,1252.5,8272.8,14360.7,0,3,07/21/2026,OFFPEAK,JULY,2026
07/21/2026 04:00:00,23.5,23.925,23.935,43535.1308,1677.9,1009.5,7427.5,12849.3,0,4,07/21/2026,OFFPEAK,JULY,2026
07/21/2026 05:00:00,24.33,23.865,23.705,44377.63,1469.8,778.1,6533.4,11327.2,0,5,07/21/2026,OFFPEAK,JULY,2026
07/21/2026 06:00:00,26.17,26.1725,25.9975,46601.4208,1255.6,584.8,5581.6,9628.2,0,6,07/21/2026,OFFPEAK,JULY,2026
07/21/2026 07:00:00,34.48,28.2025,28.2025,48869.0818,1047.6,457.5,4629.4,7989,107,7,07/21/2026,WDPEAK,JULY,2026
07/21/2026 08:00:00,28.49,24.9725,24.93,45333.7906,848.4,342.1,3729.5,6441.3,5528.3,8,07/21/2026,WDPEAK,JULY,2026
07/21/2026 09:00:00,19.23,20.83,20.7375,34386.0491,698.7,303,2435,4437.9,21187.5,9,07/21/2026,WDPEAK,JULY,2026
07/21/2026 10:00:00,18.06,20.69,21.19,31066.929,594.8,361.6,1257.9,2763.3,30825.8,10,07/21/2026,WDPEAK,JULY,2026
07/21/2026 11:00:00,18.01,16.42,19.435,33361.3008,598.9,493.5,1283.7,2865.2,33680,11,07/21/2026,WDPEAK,JULY,2026
07/21/2026 12:00:00,21.25,17.745,20.2325,38094.7387,523.7,450,896.6,2128,34703.9,12,07/21/2026,WDPEAK,JULY,2026
07/21/2026 13:00:00,25.59,28.6975,25.7475,43218.3706,493.2,523.7,639.8,1791.1,34754,13,07/21/2026,WDPEAK,JULY,2026
07/21/2026 14:00:00,26.84,38.495,33.8375,47771.438,489.5,745.4,639,2010.7,34100.3,14,07/21/2026,WDPEAK,JULY,2026
07/21/2026 15:00:00,28.88,33.8875,30.3125,49590.5718,522.4,1122.3,831.2,2627.1,33797.8,15,07/21/2026,WDPEAK,JULY,2026
07/21/2026 16:00:00,29.13,31.4425,26.6125,50166.9098,628.4,1568.2,1075.8,3428.4,33367.1,16,07/21/2026,WDPEAK,JULY,2026
07/21/2026 17:00:00,27.26,25.89,26.9225,49512.7502,797.2,2006.4,1426.9,4424.3,32903.7,17,07/21/2026,WDPEAK,JULY,2026
07/21/2026 18:00:00,26.37,26.4475,26.5075,50363.609,1011.1,2335.2,1930.9,5529.4,30827,18,07/21/2026,WDPEAK,JULY,2026
07/21/2026 19:00:00,30.12,47.05,60.0475,54352.1984,1286.2,2483.1,2457.5,6616.6,25146.5,19,07/21/2026,WDPEAK,JULY,2026
07/21/2026 20:00:00,98.95,87.6,149.1425,66480.2383,1634.5,2342.8,3033.4,7622.7,11181.4,20,07/21/2026,WDPEAK,JULY,2026
07/21/2026 21:00:00,63.48,86.49,140.7275,72469.811,2025,2065.1,3916.2,8966.6,888.2,21,07/21/2026,WDPEAK,JULY,2026
07/21/2026 22:00:00,61.74,57.445,75.56,69154.7086,2244.3,1804,5087.4,10557.3,0,22,07/21/2026,WDPEAK,JULY,2026
07/21/2026 23:00:00,41.21,95.5525,114.6275,63809.4303,2205.7,1660.9,6055.9,11773.1,0,23,07/21/2026,OFFPEAK,JULY,2026
07/22/2026 00:00:00,32.38,52.335,52.5625,58884.9393,2084,1550.8,6498.7,12241.5,0,24,07/21/2026,OFFPEAK,JULY,2026
07/22/2026 01:00:00,38.35,37.5225,37.5225,58601.3001,1666.2,1140.7,4857.3,9348.1,0,1,07/22/2026,OFFPEAK,JULY,2026
07/22/2026 02:00:00,32.98,34.4175,34.295,55246.6984,1506,1019.7,4885.9,9120.7,0,2,07/22/2026,OFFPEAK,JULY,2026
07/22/2026 03:00:00,31.5,35.1475,33.2725,53434.0593,1324.8,890.3,4531,8427.8,0,3,07/22/2026,OFFPEAK,JULY,2026
07/22/2026 04:00:00,32.93,32.88,31.225,52255.609,1135.7,757.5,4088.6,7694.8,0,4,07/22/2026,OFFPEAK,JULY,2026
07/22/2026 05:00:00,31.28,35.6175,32.5675,52098.8992,961.5,612.2,3640.8,6870.8,0,5,07/22/2026,OFFPEAK,JULY,2026
07/22/2026 06:00:00,33.22,41.2325,35.33,53758.7798,772.7,469.6,2912.9,5652.2,0,6,07/22/2026,OFFPEAK,JULY,2026
07/22/2026 07:00:00,38.08,39.975,36.93,55268.1203,580.5,364.3,2134,4399,96.6,7,07/22/2026,WDPEAK,JULY,2026
07/22/2026 08:00:00,32.14,36.1425,31.2175,51357.4519,396.7,257.2,1520.6,3277.5,5332.8,8,07/22/2026,WDPEAK,JULY,2026
07/22/2026 09:00:00,22.73,25.855,25.01,39555.5999,195.8,204.1,794.4,1881.8,20947.4,9,07/22/2026,WDPEAK,JULY,2026
07/22/2026 10:00:00,20.94,27.0075,26.345,34736.8902,162.7,325,765.9,1789.4,30856.8,10,07/22/2026,WDPEAK,JULY,2026
07/22/2026 11:00:00,22.7,26.795,26.35,37430.9897,117.8,267.3,628.5,1471.1,33993.3,11,07/22/2026,WDPEAK,JULY,2026
07/22/2026 12:00:00,26.98,26.735,25.8375,42172.4082,91.3,205.1,588.5,1299.9,34754.3,12,07/22/2026,WDPEAK,JULY,2026
07/22/2026 13:00:00,28.91,41.04,31.0025,46962.5719,81.7,194.3,684.1,1398.5,34576.6,13,07/22/2026,WDPEAK,JULY,2026
07/22/2026 14:00:00,36.9,66.9,33.97,51729.8607,99.9,291.2,908,1838.8,33425.1,14,07/22/2026,WDPEAK,JULY,2026
07/22/2026 15:00:00,40.74,81.0225,51.52,52943.0304,144.3,583.5,1171.1,2608.7,33101.2,15,07/22/2026,WDPEAK,JULY,2026
07/22/2026 16:00:00,44.03,74.5025,49.0475,52995.4895,243.8,971.4,1502.1,3624.1,32426.7,16,07/22/2026,WDPEAK,JULY,2026
07/22/2026 17:00:00,46.08,67.005,39.7075,52929.0911,388.7,1389.7,1906.5,4778.2,30812.8,17,07/22/2026,WDPEAK,JULY,2026
07/22/2026 18:00:00,44.32,70.4425,42,53214.3607,566.6,1793.1,2407.7,6116.7,28338.9,18,07/22/2026,WDPEAK,JULY,2026
07/22/2026 19:00:00,79.7,133.6275,88.53,56978.6785,808,2015,2985,7494.7,22059.3,19,07/22/2026,WDPEAK,JULY,2026
07/22/2026 20:00:00,141.39,133.59,135.5675,68004.0289,1140.4,2009.3,3643.2,8798.4,9290,20,07/22/2026,WDPEAK,JULY,2026
07/22/2026 21:00:00,137.62,131.04,150.0175,72713.6,1593.4,1824.5,4447.6,10295.6,761.8,21,07/22/2026,WDPEAK,JULY,2026
07/22/2026 22:00:00,100,196.645,205.8275,69441.9678,1950.4,1630.8,5473.2,12014.4,0,22,07/22/2026,WDPEAK,JULY,2026
07/22/2026 23:00:00,83.63,205.72,194.3475,64140.6895,1960.9,1547.5,6324.3,13190.8,0,23,07/22/2026,OFFPEAK,JULY,2026
07/23/2026 00:00:00,48.16,71.71,65.595,59430.5601,1774,1460.2,6556.6,13384.8,0,24,07/22/2026,OFFPEAK,JULY,2026
07/23/2026 01:00:00,55.15,61.2175,59.5075,57033.981,1351.4,1057.7,6173.5,12247.8,0,1,07/23/2026,OFFPEAK,JULY,2026
07/23/2026 02:00:00,46.56,61.2175,54.3525,54451.2082,1103.1,969.2,5734.5,11372.3,0,2,07/23/2026,OFFPEAK,JULY,2026
07/23/2026 03:00:00,39.92,48.2925,39.865,52845.69,886.9,932.4,5039.3,10333,0,3,07/23/2026,OFFPEAK,JULY,2026
07/23/2026 04:00:00,39.5,45.7225,35.8275,52233.6602,720,832.7,4279.9,9192.4,0,4,07/23/2026,OFFPEAK,JULY,2026
07/23/2026 05:00:00,39.91,45.7725,35.815,52614.2897,584.9,697.2,3559.3,7984.9,0,5,07/23/2026,OFFPEAK,JULY,2026
07/23/2026 06:00:00,43.51,46.6825,37.2575,54075.4308,485.9,640.2,2893,6906.7,0,6,07/23/2026,OFFPEAK,JULY,2026
07/23/2026 07:00:00,46.11,53.4925,43.4575,55265.1897,425.7,651.2,2368.8,6144.7,84.3,7,07/23/2026,WDPEAK,JULY,2026
07/23/2026 08:00:00,35.04,40.6275,34.32,51268.1704,381.9,643,1948.1,5428,4980.7,8,07/23/2026,WDPEAK,JULY,2026
07/23/2026 09:00:00,24.15,26.7775,25.01,40617.0095,196.2,478.2,881.3,3412.6,20153.5,9,07/23/2026,WDPEAK,JULY,2026
07/23/2026 10:00:00,21.66,31.025,25.2275,35077.24,167.1,632.7,662.7,3081.4,29968.8,10,07/23/2026,WDPEAK,JULY,2026
07/23/2026 11:00:00,20.52,33.18,24.585,36961.8289,202.4,738,655.9,3201.3,32124.5,11,07/23/2026,WDPEAK,JULY,2026
07/23/2026 12:00:00,22.66,39.1625,25.9725,40009.9313,267.7,700.2,593.5,3139,33063.3,12,07/23/2026,WDPEAK,JULY,2026
07/23/2026 13:00:00,28.9,44.6775,28.33,43660.7594,363.9,812.6,636,3258.2,32852.7,13,07/23/2026,WDPEAK,JULY,2026
07/23/2026 14:00:00,34.45,68.1925,34.9775,48029.3205,444.7,1052.6,868.6,3778.6,31057.7,14,07/23/2026,WDPEAK,JULY,2026
07/23/2026 15:00:00,36.83,71.8675,37.665,47884.7211,697.9,1419.5,1988.1,5904.3,30578.3,15,07/23/2026,WDPEAK,JULY,2026
07/23/2026 16:00:00,39.45,74.3725,37.9225,48127.5188,911.9,1606.1,2602.1,7207.1,29534.1,16,07/23/2026,WDPEAK,JULY,2026
07/23/2026 17:00:00,37.21,69.5,35.9375,48443.4298,1192.3,1846.3,3508.7,9014.1,27333.8,17,07/23/2026,WDPEAK,JULY,2026
07/23/2026 18:00:00,35.25,62.4425,32.73,48150.5907,1422,2021.6,4631.8,10957.9,25118.1,18,07/23/2026,WDPEAK,JULY,2026
07/23/2026 19:00:00,38.84,52.885,32.7225,50445.5389,1500.4,2024.9,5574.8,12337.5,19737.9,19,07/23/2026,WDPEAK,JULY,2026
07/23/2026 20:00:00,45.06,49.1325,41.47,59863.4797,1585.1,1878.2,6547.1,13571.5,7709.3,20,07/23/2026,WDPEAK,JULY,2026
07/23/2026 21:00:00,44.88,46.6675,42.3925,63143.3303,1751.4,1754.6,7804.4,15200.1,653.1,21,07/23/2026,WDPEAK,JULY,2026
07/23/2026 22:00:00,42.55,41.9375,37.7125,60218.5917,1783.1,1708.4,8797.6,16591.3,0,22,07/23/2026,WDPEAK,JULY,2026
07/23/2026 23:00:00,38.45,35.0575,32.96,56163.34,1694.1,1595.3,9215.2,17099.6,0,23,07/23/2026,OFFPEAK,JULY,2026
07/24/2026 00:00:00,34.38,34.395,33.9475,52302.3706,1607.1,1515.3,9338.6,17088.1,0,24,07/23/2026,OFFPEAK,JULY,2026
07/24/2026 01:00:00,37.01,34.185,34.1025,47379.7302,1355.6,1288.3,10320,17520.3,0,1,07/24/2026,OFFPEAK,JULY,2026
07/24/2026 02:00:00,34.02,33.3775,30.565,45228.0494,1138.3,1332.7,9708.1,16619.2,0,2,07/24/2026,OFFPEAK,JULY,2026
07/24/2026 03:00:00,32.06,25.0975,25.0975,43911.3895,969.2,1308.4,9003.8,15582.6,0,3,07/24/2026,OFFPEAK,JULY,2026
07/24/2026 04:00:00,31.11,24.22,24.22,43425.3102,936.3,1272.2,8157.8,14382.1,0,4,07/24/2026,OFFPEAK,JULY,2026
07/24/2026 05:00:00,32.27,24.385,24.385,44042.8796,917,1306.3,7100.5,13065.6,0,5,07/24/2026,OFFPEAK,JULY,2026
07/24/2026 06:00:00,34.05,30.02,30.02,45309.1304,971,1405.7,6033.4,11922.8,0,6,07/24/2026,OFFPEAK,JULY,2026
07/24/2026 07:00:00,36.91,30.6025,30.6275,47020.5389,1077,1527.3,5034,10964.3,56.9,7,07/24/2026,WDPEAK,JULY,2026
07/24/2026 08:00:00,33.78,29.2925,29.295,45227.3213,1158.4,1621.2,3981,9756.3,3709.1,8,07/24/2026,WDPEAK,JULY,2026
07/24/2026 09:00:00,24.24,22.58,23.0175,37020.4303,1284.1,1782.7,3140.3,8948.9,15347.1,9,07/24/2026,WDPEAK,JULY,2026
07/24/2026 10:00:00,17.98,15.465,19.9175,32785.65,1546.6,2159.6,2773.7,9126.5,23654.2,10,07/24/2026,WDPEAK,JULY,2026
07/24/2026 11:00:00,14.53,16.7325,19.1175,32999.3198,1829.1,2544.4,2554.1,9416,27515.8,11,07/24/2026,WDPEAK,JULY,2026
07/24/2026 12:00:00,13.68,17.3075,19.4725,35425.5387,1967.1,2792.8,2385.8,9334.8,29267.2,12,07/24/2026,WDPEAK,JULY,2026
07/24/2026 13:00:00,16.87,15.5975,21.4225,38224.0294,2055.8,3030.8,2408.9,9316.7,29882.4,13,07/24/2026,WDPEAK,JULY,2026
07/24/2026 14:00:00,19.76,20.8125,23.75,40223.482,2127,3279.2,2715.1,9692.2,30376.2,14,07/24/2026,WDPEAK,JULY,2026
07/24/2026 15:00:00,20.28,20.145,25.505,41326.8911,2214.1,3498,3368.9,10612,29733.8,15,07/24/2026,WDPEAK,JULY,2026
07/24/2026 16:00:00,21.23,24.1575,27.0475,41417.7894,2334.8,3619.4,4363,11942.3,28683.2,16,07/24/2026,WDPEAK,JULY,2026
07/24/2026 17:00:00,20.96,24.005,22.12,40560.3891,2460.6,3649.3,5701.5,13453.5,27554.9,17,07/24/2026,WDPEAK,JULY,2026
07/24/2026 18:00:00,20.36,21.7425,21.075,40298.4597,2609,3668.4,7275.2,15524.9,25110.9,18,07/24/2026,WDPEAK,JULY,2026
07/24/2026 19:00:00,25,22.57,20.9875,42569.6195,2748.3,3541.6,9083.3,17596.2,19633.9,19,07/24/2026,WDPEAK,JULY,2026
07/24/2026 20:00:00,27.28,31.2325,31.6275,51204.861,2794.3,3213.4,10671.6,19021.9,8653.1,20,07/24/2026,WDPEAK,JULY,2026
07/24/2026 21:00:00,27.58,30.2525,32.58,55675.4311,2787.5,2761.6,12015.1,20177.7,668.4,21,07/24/2026,WDPEAK,JULY,2026
07/24/2026 22:00:00,32.6,31.38,31.2675,52959.7595,2780.9,2380.6,13289.5,21435.6,0,22,07/24/2026,WDPEAK,JULY,2026
07/24/2026 23:00:00,28.95,30.5475,30.6375,48759.8116,2736.6,2159.3,14102,22406.2,0,23,07/24/2026,OFFPEAK,JULY,2026
07/25/2026 00:00:00,25.01,27.5625,27.5825,44838.65,2617.4,1998,14318.3,22692,0,24,07/24/2026,OFFPEAK,JULY,2026
07/25/2026 01:00:00,25.98,25.445,25.445,40759.2493,2466.4,1614,13786.3,21867.6,0,1,07/25/2026,OFFPEAK,JULY,2026
07/25/2026 02:00:00,24.17,24.315,24.315,38275.1605,2327.8,1457.3,13502,21249,0,2,07/25/2026,OFFPEAK,JULY,2026
07/25/2026 03:00:00,23.64,23.5,23.5,37344.8406,2146.3,1290.5,12881.4,20183.6,0,3,07/25/2026,OFFPEAK,JULY,2026
07/25/2026 04:00:00,24.07,23.2025,23.195,36652.5099,1949.6,1111.8,12272.7,19085.7,0,4,07/25/2026,OFFPEAK,JULY,2026
07/25/2026 05:00:00,23.07,23.1675,23.115,36624.5696,1776.4,947,11639,17957.8,0,5,07/25/2026,OFFPEAK,JULY,2026
07/25/2026 06:00:00,23.21,23.295,23.2875,37020.5909,1620.8,799.3,11095.2,16917.9,0,6,07/25/2026,OFFPEAK,JULY,2026
07/25/2026 07:00:00,22.4,22.7025,22.7025,37671.5708,1468.4,685.5,10561.5,15962.1,54.8,7,07/25/2026,WEPEAK,JULY,2026
07/25/2026 08:00:00,20.95,19.5725,19.5725,35858.3506,1288.8,585.4,9689.2,14374,3786.7,8,07/25/2026,WEPEAK,JULY,2026
07/25/2026 09:00:00,17.78,15.05,15.1225,28064.6508,1166.9,526.3,9117.3,13169.5,15798.6,9,07/25/2026,WEPEAK,JULY,2026
07/25/2026 10:00:00,16.85,13.805,12.9325,24111.2896,1179.7,666.6,8772.3,12695.8,25045.5,10,07/25/2026,WEPEAK,JULY,2026
07/25/2026 11:00:00,17.51,12.01,10.1625,25777.4805,1149.8,809.7,7866.8,11553.3,29324.9,11,07/25/2026,WEPEAK,JULY,2026
07/25/2026 12:00:00,19.6,10.545,5.3125,30062.5413,1038.2,849.3,6787.6,9945.1,31129.6,12,07/25/2026,WEPEAK,JULY,2026
07/25/2026 13:00:00,21.45,11.565,11.3675,34815.6186,935.3,1023.9,5688.3,8616.3,31742.6,13,07/25/2026,WEPEAK,JULY,2026
07/25/2026 14:00:00,24.04,10.96,15.635,38491.0207,859.3,1357.4,4800,7835,32144,14,07/25/2026,WEPEAK,JULY,2026
07/25/2026 15:00:00,23.61,11.9375,20.995,40647.39,884.5,1777.9,4430.6,7905.5,31945.3,15,07/25/2026,WEPEAK,JULY,2026
07/25/2026 16:00:00,23.59,14.0725,24.4,41984.441,1002.8,2166.5,4449.7,8449.2,31355,16,07/25/2026,WEPEAK,JULY,2026
07/25/2026 17:00:00,23.98,18.1,28.3225,42090.1588,1198.5,2439,4802.2,9410.6,30723.7,17,07/25/2026,WEPEAK,JULY,2026
07/25/2026 18:00:00,25.8,20.8725,31.135,42739.0097,1476.4,2521.2,5496.3,10669.5,28364.2,18,07/25/2026,WEPEAK,JULY,2026
07/25/2026 19:00:00,30.3,29.0375,32.14,45829.61,1819.3,2433.6,6432.1,12206,22237.8,19,07/25/2026,WEPEAK,JULY,2026
07/25/2026 20:00:00,34.91,37.785,38.955,55907.2393,2185.3,2141.1,7576.9,13878.3,9351.2,20,07/25/2026,WEPEAK,JULY,2026
07/25/2026 21:00:00,35.83,34.6775,40.43,60317.491,2406.6,1742.4,8931.8,15714.5,737,21,07/25/2026,WEPEAK,JULY,2026
07/25/2026 22:00:00,37.17,39.5825,42.81,56823.9909,2443,1420.2,10568.8,17759.6,0,22,07/25/2026,WEPEAK,JULY,2026
07/25/2026 23:00:00,32.85,32.93,33.0975,51586.4694,2374.9,1259.8,12071.8,19560.1,0,23,07/25/2026,OFFPEAK,JULY,2026
07/26/2026 00:00:00,30.31,25.315,25.34,47004.7493,2234,1141.5,12896.1,20498.8,0,24,07/25/2026,OFFPEAK,JULY,2026
07/26/2026 01:00:00,25.84,22.7075,22.7075,42209.3602,2088.9,1154.4,13442.4,21283.5,0,1,07/26/2026,OFFPEAK,JULY,2026
07/26/2026 02:00:00,24.45,21.6475,21.6475,39395.3301,1906.8,1041.3,13347.5,20969.8,0,2,07/26/2026,OFFPEAK,JULY,2026
07/26/2026 03:00:00,23.44,21.0925,21.0925,37973.6203,1664.1,870.7,12910.8,20041.2,0,3,07/26/2026,OFFPEAK,JULY,2026
07/26/2026 04:00:00,22.87,21.4725,21.4725,37319.9604,1447.4,692.2,12365.9,18949.1,0,4,07/26/2026,OFFPEAK,JULY,2026
07/26/2026 05:00:00,22.1,21.0875,21.0875,37441.91,1266.8,526.1,11677.1,17656.9,0,5,07/26/2026,OFFPEAK,JULY,2026
07/26/2026 06:00:00,21.81,20.9325,20.9325,37869.4102,1114.2,378.5,11009.5,16380.5,0,6,07/26/2026,OFFPEAK,JULY,2026
07/26/2026 07:00:00,20.95,21,21,38278.3795,984.7,289.4,10425.9,15212.1,60,7,07/26/2026,WEPEAK,JULY,2026
07/26/2026 08:00:00,19.09,18.9925,18.9925,35785.8394,841.2,220.7,9503.1,13550,4347,8,07/26/2026,WEPEAK,JULY,2026
07/26/2026 09:00:00,15.88,12.6025,12.19,26299.5301,738.3,200.3,8563.6,11933.2,18544.2,9,07/26/2026,WEPEAK,JULY,2026
07/26/2026 10:00:00,16.02,14.8025,10.785,22184.7107,722.5,312.1,8144.1,11213,28088.2,10,07/26/2026,WEPEAK,JULY,2026
07/26/2026 11:00:00,17.31,16.41,13.88,24171.0998,710.1,459,7525.1,10498.1,31644.4,11,07/26/2026,WEPEAK,JULY,2026
07/26/2026 12:00:00,19.66,20.0025,16.6075,28614.0006,700.3,607.7,6583.9,9364.6,32810.5,12,07/26/2026,WEPEAK,JULY,2026
07/26/2026 13:00:00,23,22.3825,19.825,33097.6094,713.4,863.3,5906.6,8801.1,32999,13,07/26/2026,WEPEAK,JULY,2026
07/26/2026 14:00:00,25.36,22.0775,21.725,36647.3789,766.5,1279.9,5725.5,9141.1,32611.6,14,07/26/2026,WEPEAK,JULY,2026
07/26/2026 15:00:00,25.01,18.07,22.1725,38055.9784,870.3,1809.4,6106.6,10264,32302.1,15,07/26/2026,WEPEAK,JULY,2026
07/26/2026 16:00:00,25.3,16.3375,24.2675,38738.9101,1007.2,2279.9,6652.3,11568.5,31821.4,16,07/26/2026,WEPEAK,JULY,2026
07/26/2026 17:00:00,25,17.505,26.96,38161.8915,1214.9,2597.1,7284,12957.5,31785.3,17,07/26/2026,WEPEAK,JULY,2026
07/26/2026 18:00:00,25.82,16.2425,26.7375,38626.7011,1465.6,2761.3,8057.9,14293.6,29888.9,18,07/26/2026,WEPEAK,JULY,2026
07/26/2026 19:00:00,33.09,16.9125,25.9175,42084.9492,1732.7,2735,8831.5,15740.6,24127.1,19,07/26/2026,WEPEAK,JULY,2026
07/26/2026 20:00:00,39.95,30.6375,37.79,52970.1802,2029.2,2509.7,9551.2,17057.3,10704.2,20,07/26/2026,WEPEAK,JULY,2026
07/26/2026 21:00:00,39.13,27.3025,40.0575,59163.5288,2277.4,2180.5,10422.5,18425.1,806.4,21,07/26/2026,WEPEAK,JULY,2026
07/26/2026 22:00:00,36.74,27.69,34.36,55873.3899,2430.7,1939,11615.1,20229.6,0,22,07/26/2026,WEPEAK,JULY,2026
07/26/2026 23:00:00,32.16,26.055,28.0975,50406.1595,2492.3,1829.8,12721.5,21877.4,0,23,07/26/2026,OFFPEAK,JULY,2026
07/27/2026 00:00:00,27.55,23.47,23.505,45505.0804,2455.1,1746.1,13263.2,22590.6,0,24,07/26/2026,OFFPEAK,JULY,2026
07/27/2026 01:00:00,24.18,20.05,20.05,41384.9804,2460.6,1998.2,13872.5,23157.6,0,1,07/27/2026,OFFPEAK,JULY,2026
07/27/2026 02:00:00,23.13,18.6775,18.6775,38346.579,2326.9,1947.8,13789.5,22869.1,0,2,07/27/2026,OFFPEAK,JULY,2026
07/27/2026 03:00:00,22.19,18.08,18.08,36503.7409,2184.5,1818.8,13478,22208,0,3,07/27/2026,OFFPEAK,JULY,2026
07/27/2026 04:00:00,21.98,18.115,18.115,35809.2909,2062.4,1608.3,13082.9,21314.1,0,4,07/27/2026,OFFPEAK,JULY,2026
07/27/2026 05:00:00,22.09,18.365,18.365,36206.6996,1955.1,1424.4,12606.3,20327.7,0,5,07/27/2026,OFFPEAK,JULY,2026
07/27/2026 06:00:00,22.59,21.1025,21.1025,37795.8605,1858.1,1264.9,12097.4,19274.3,0,6,07/27/2026,OFFPEAK,JULY,2026
07/27/2026 07:00:00,23.1,23.0125,23.0125,39314.0899,1797.2,1166,11638.1,18287.4,59.7,7,07/27/2026,WDPEAK,JULY,2026
07/27/2026 08:00:00,20.53,20.3275,20.3275,36702.9499,1726.3,1107.9,10917,16985.4,4614.7,8,07/27/2026,WDPEAK,JULY,2026
07/27/2026 09:00:00,16.52,13.5975,16.205,26132.329,1699.6,1213.7,10054.4,15552.1,19573.3,9,07/27/2026,WDPEAK,JULY,2026
07/27/2026 10:00:00,11.13,5.37,14.0875,21560.4207,1752.8,1564.1,9572.3,14948.1,29574.4,10,07/27/2026,WDPEAK,JULY,2026
07/27/2026 11:00:00,11.76,5.5575,15.105,24013.9885,1742.9,1816.1,8965.5,14269.8,32847.2,11,07/27/2026,WDPEAK,JULY,2026
07/27/2026 12:00:00,13.52,8.9575,20.2475,29161.2208,1710.1,1931.8,7790.3,12948.8,33812.2,12,07/27/2026,WDPEAK,JULY,2026
07/27/2026 13:00:00,18.18,11.58,20.985,34289.4793,1704.2,2128.5,6743.5,11855.2,33920.4,13,07/27/2026,WDPEAK,JULY,2026
07/27/2026 14:00:00,23.98,15.9675,24.9525,38240.1213,1712.3,2431.4,6197.8,11539.7,33644.6,14,07/27/2026,WDPEAK,JULY,2026
07/27/2026 15:00:00,23.36,13.045,25.8425,39782.391,1755.9,2800.4,5990,11746.4,33440.4,15,07/27/2026,WDPEAK,JULY,2026
07/27/2026 16:00:00,24.89,13.92,36.92,40328.5614,1858.8,3139.2,6017.5,12273,32966,16,07/27/2026,WDPEAK,JULY,2026
07/27/2026 17:00:00,24.32,11.7775,31.925,39623.9086,2016,3400.7,6265.9,13088.8,32902.4,17,07/27/2026,WDPEAK,JULY,2026
07/27/2026 18:00:00,24.2,10.495,29.1475,39781.0995,2213.5,3554.3,6816.8,14208.9,31176.3,18,07/27/2026,WDPEAK,JULY,2026
07/27/2026 19:00:00,27.24,14.9375,28.39,43699.9186,2441.3,3567,7542.6,15499.4,25110.9,19,07/27/2026,WDPEAK,JULY,2026
07/27/2026 20:00:00,33.18,24.78,36.5725,56460.6499,2631,3421.5,8499.6,16990.1,10515.9,20,07/27/2026,WDPEAK,JULY,2026
07/27/2026 21:00:00,29.37,22.5075,36.9,61650.6903,2759.1,3153.8,9984.4,19091,755.2,21,07/27/2026,WDPEAK,JULY,2026
07/27/2026 22:00:00,33.17,19.265,33.1975,57430.0721,2850.4,2946.8,11625,21405,0,22,07/27/2026,WDPEAK,JULY,2026
07/27/2026 23:00:00,27.44,17.665,27.5275,51567.9291,2896.6,2849.4,12879,23095.1,0,23,07/27/2026,OFFPEAK,JULY,2026
07/28/2026 00:00:00,24.34,21.69,25.645,46494.48,2877.9,2746.1,13448.7,23754.9,0,24,07/27/2026,OFFPEAK,JULY,2026
07/28/2026 01:00:00,21.84,19.6675,24.11,44043.7891,2586.5,2320.4,12561.6,21884.9,0,1,07/28/2026,OFFPEAK,JULY,2026
07/28/2026 02:00:00,21.55,22.48,22.6175,41070.6495,2481.5,2153.3,12464.5,21453.4,0,2,07/28/2026,OFFPEAK,JULY,2026
07/28/2026 03:00:00,21.91,21.4,21.4,39475.2997,2328,1916.5,12068.3,20443.1,0,3,07/28/2026,OFFPEAK,JULY,2026
07/28/2026 04:00:00,21.19,20.5425,20.5425,39089.7192,2138.6,1626.8,11629.5,19211,0,4,07/28/2026,OFFPEAK,JULY,2026
07/28/2026 05:00:00,23.12,20.7425,20.7425,39867.9514,1962.7,1380.6,11117.9,17946.1,0,5,07/28/2026,OFFPEAK,JULY,2026
07/28/2026 06:00:00,24.08,23.7375,23.7375,41966.4697,1813.2,1224.3,10412.8,16477.3,0,6,07/28/2026,OFFPEAK,JULY,2026
07/28/2026 07:00:00,23.76,26.255,26.255,44198.1106,1681.1,1148.8,9673.4,15027,56.1,7,07/28/2026,WDPEAK,JULY,2026
07/28/2026 08:00:00,22.55,24.2525,24.2525,41646.1892,1524.1,1094.5,8678.8,13263.6,4683.8,8,07/28/2026,WDPEAK,JULY,2026
07/28/2026 09:00:00,15.68,15.055,18.545,30349.6895,1501.9,1377.8,7352,11529.6,20040.7,9,07/28/2026,WDPEAK,JULY,2026
07/28/2026 10:00:00,10.87,12.3475,19.1425,25482.9406,1587.5,1946.9,6270.6,10623,29995,10,07/28/2026,WDPEAK,JULY,2026
07/28/2026 11:00:00,10.66,11.4125,22.385,27925.8398,1571.4,2258.8,5349.5,9769.8,33013.1,11,07/28/2026,WDPEAK,JULY,2026
07/28/2026 12:00:00,12.94,8.29,21.0225,32637.3392,1560.1,2390.5,4337.3,8646.6,34033.4,12,07/28/2026,WDPEAK,JULY,2026
07/28/2026 13:00:00,15.41,6.1,24.0325,37414.529,1572.8,2551.7,3713.7,8104.7,34055.3,13,07/28/2026,WDPEAK,JULY,2026
07/28/2026 14:00:00,19.56,10.105,25.12,39338.9597,1778.1,3045.2,4577.2,10023,33625.3,14,07/28/2026,WDPEAK,JULY,2026
07/28/2026 15:00:00,21.81,10.4575,32.6875,40545.2905,1851.7,3376.8,4848.4,10830.1,33392.1,15,07/28/2026,WDPEAK,JULY,2026
07/28/2026 16:00:00,23.65,10.025,37.06,40975.2308,1975.3,3649.4,5153.9,11692.7,32926.4,16,07/28/2026,WDPEAK,JULY,2026
07/28/2026 17:00:00,23.38,13.64,39.7175,40457.3613,2145.8,3794.9,5574.1,12606.8,32747.8,17,07/28/2026,WDPEAK,JULY,2026
07/28/2026 18:00:00,24,23.83,37.415,41164.0304,2355.2,3838.1,6171.1,13648.5,30775.8,18,07/28/2026,WDPEAK,JULY,2026
07/28/2026 19:00:00,23.55,28.815,41.115,45540.5292,2571.6,3778,6878.8,14898,24663.2,19,07/28/2026,WDPEAK,JULY,2026
07/28/2026 20:00:00,31.62,31.525,48.9425,57761.5917,2726.3,3592.1,7671.5,16122.5,10675.5,20,07/28/2026,WDPEAK,JULY,2026
07/28/2026 21:00:00,33.39,33.7675,51.2875,63918.8395,2811.2,3272.8,8701.6,17537.2,727.6,21,07/28/2026,WDPEAK,JULY,2026
07/28/2026 22:00:00,33.96,31.205,42.875,60505.98,2864,2961.7,9962.2,19272.7,0,22,07/28/2026,WDPEAK,JULY,2026
07/28/2026 23:00:00,29.57,32.2275,34.1375,54823.9089,2883.7,2756.8,11016.6,20679.6,0,23,07/28/2026,OFFPEAK,JULY,2026
07/29/2026 00:00:00,23.44,28.8275,30.2975,49935.9202,2849,2591.5,11519.3,21180.4,0,24,07/28/2026,OFFPEAK,JULY,2026
07/29/2026 01:00:00,19.97,25.515,26.335,47694.9703,2746.5,2482.9,10760.3,19766.2,0,1,07/29/2026,OFFPEAK,JULY,2026
07/29/2026 02:00:00,20.32,24.0325,24.7025,44817.3395,2638.1,2323.4,10605.9,19165,0,2,07/29/2026,OFFPEAK,JULY,2026
07/29/2026 03:00:00,21.64,23.985,23.985,43179.7691,2509.9,2105.8,10249.8,18203.1,0,3,07/29/2026,OFFPEAK,JULY,2026
07/29/2026 04:00:00,22.06,23.375,23.375,42655.2307,2319.1,1855.4,9724.7,16895.6,0,4,07/29/2026,OFFPEAK,JULY,2026
07/29/2026 05:00:00,23.67,25.6325,25.6325,43284.3204,2124.1,1630.2,9020.2,15436.9,0,5,07/29/2026,OFFPEAK,JULY,2026
07/29/2026 06:00:00,26.55,32.8675,32.8675,45081.8011,1964.4,1451.5,8289.4,13983.4,0,6,07/29/2026,OFFPEAK,JULY,2026
07/29/2026 07:00:00,29.42,35.6175,35.725,46907.3205,1831.6,1309.5,7525.4,12634.4,43.1,7,07/29/2026,WDPEAK,JULY,2026
07/29/2026 08:00:00,26.37,31.07,31.1075,45286.519,1800.9,1256.5,6044.8,10615.1,4093.2,8,07/29/2026,WDPEAK,JULY,2026
07/29/2026 09:00:00,18.72,18.6575,21.455,35700.8604,1815.9,1468.4,4569.8,8923.2,18106.7,9,07/29/2026,WDPEAK,JULY,2026
07/29/2026 10:00:00,14.46,13.4225,20.345,31552.0506,1937.7,1874.9,3851.2,8316.2,27767.8,10,07/29/2026,WDPEAK,JULY,2026
07/29/2026 11:00:00,12.97,11.28,19.75,34183.3202,1886.2,2074.5,3140.5,7545.2,31174.5,11,07/29/2026,WDPEAK,JULY,2026
07/29/2026 12:00:00,13.65,8.85,21.1625,38728.9805,1807.1,2228.1,2435.3,6749.8,32468.5,12,07/29/2026,WDPEAK,JULY,2026
07/29/2026 13:00:00,16.87,12.645,28.265,43219.9778,1779.8,2452.1,2151.8,6593.8,32667.4,13,07/29/2026,WDPEAK,JULY,2026
07/29/2026 14:00:00,18.73,18.2275,26.6625,46388.4787,1801,2737.9,2353.4,7167.1,32532.5,14,07/29/2026,WDPEAK,JULY,2026
07/29/2026 15:00:00,20.91,23.9575,31.8725,47334.9993,1857.4,3051.7,2779,8084.1,32251.5,15,07/29/2026,WDPEAK,JULY,2026
07/29/2026 16:00:00,21.51,23.21,33.2575,47428.9093,1960.1,3290.3,3221,9027.1,31744.6,16,07/29/2026,WDPEAK,JULY,2026
07/29/2026 17:00:00,21.36,28.815,39.07,46180.4798,2117.3,3596.2,3692.7,10153.1,31497.2,17,07/29/2026,WDPEAK,JULY,2026
07/29/2026 18:00:00,23.66,31.6075,39.305,46379.6104,2323.3,3661.8,4280.2,11390.9,29492.1,18,07/29/2026,WDPEAK,JULY,2026
07/29/2026 19:00:00,26.37,30.07,44.4975,50167.1987,2526,3627.7,4982.5,12660.5,23394.8,19,07/29/2026,WDPEAK,JULY,2026
07/29/2026 20:00:00,31.01,31.07,48.06,62218.5209,2661.3,3411.6,5738.4,13714.6,9376.4,20,07/29/2026,WDPEAK,JULY,2026
07/29/2026 21:00:00,32.17,29.2275,47.4575,67188.6089,2756.4,3048.5,6645.1,14937.2,648.1,21,07/29/2026,WDPEAK,JULY,2026
07/29/2026 22:00:00,35.85,28.0225,39.08,63384.5998,2812.3,2742.8,7897.4,16678.3,0,22,07/29/2026,WDPEAK,JULY,2026
07/29/2026 23:00:00,29.2,31.345,34.2925,57606.4093,2808.1,2564.6,9162.4,18331.4,0,23,07/29/2026,OFFPEAK,JULY,2026
07/30/2026 00:00:00,24.14,25.2475,29.4825,52443.46,2754.2,2393.2,9923.8,19158.6,0,24,07/29/2026,OFFPEAK,JULY,2026
07/30/2026 01:00:00,25.12,23.08,26.555,47802.8795,2675.6,2310,10284.9,19615.7,0,1,07/30/2026,OFFPEAK,JULY,2026
07/30/2026 02:00:00,23.22,23.2575,25.2875,44941.5078,2549,2079.4,10202.2,19184.9,0,2,07/30/2026,OFFPEAK,JULY,2026
07/30/2026 03:00:00,24.02,24.4125,24.5975,42973.5703,2424.6,1837.3,9964.1,18470.2,0,3,07/30/2026,OFFPEAK,JULY,2026
07/30/2026 04:00:00,23.72,25.1475,25.1475,42231.1668,2242.9,1577,9510.5,17346.5,0,4,07/30/2026,OFFPEAK,JULY,2026
07/30/2026 05:00:00,24.59,26.235,26.235,42665.8286,2067.8,1338.9,8998.8,16098.6,0,5,07/30/2026,OFFPEAK,JULY,2026
07/30/2026 06:00:00,26.45,30.095,30.095,44106.7381,1971,1197.5,8539.1,14926.9,0,6,07/30/2026,OFFPEAK,JULY,2026
07/30/2026 07:00:00,30.98,30.4375,30.4375,45908.4741,1921.9,1150.9,7953.5,13813.3,41.5,7,07/30/2026,WDPEAK,JULY,2026
07/30/2026 08:00:00,26.66,26.4,26.4,43943.8586,1837.6,1121,7074.8,12383.4,4055.5,8,07/30/2026,WDPEAK,JULY,2026
07/30/2026 09:00:00,18.44,17.6275,19.45,33223.7355,1867.6,1339.1,6004.3,10971.2,18641.8,9,07/30/2026,WDPEAK,JULY,2026
07/30/2026 10:00:00,9.94,11.29,17.45,27698.1495,1993,1757.4,5456.1,10632.7,28701.6,10,07/30/2026,WDPEAK,JULY,2026
07/30/2026 11:00:00,10.4,6.0675,15.83,28952.4206,1987.8,1986.9,4865,10165.2,32442.2,11,07/30/2026,WDPEAK,JULY,2026
07/30/2026 12:00:00,13,4.1375,14.78,33709.8756,1949.6,2155.1,4181.6,9430.9,33507.9,12,07/30/2026,WDPEAK,JULY,2026
07/30/2026 13:00:00,16.69,6.84,19.3025,38562.6347,1939.2,2402.5,3826,9192.6,33337.9,13,07/30/2026,WDPEAK,JULY,2026
07/30/2026 14:00:00,22.45,8.5425,19.6325,42116.2736,1940.5,2696,3937.6,9656.7,33155.3,14,07/30/2026,WDPEAK,JULY,2026
07/30/2026 15:00:00,22.78,5.4075,23.015,44399.9144,1969.8,3015.9,4226.2,10388.9,32762.7,15,07/30/2026,WDPEAK,JULY,2026
07/30/2026 16:00:00,29.94,6.07,22.72,46102.0134,2057,3311.3,4485,11171,32070.9,16,07/30/2026,WDPEAK,JULY,2026
07/30/2026 17:00:00,29.28,10.34,23.4475,46202.0134,2207,3490.4,4913.1,12179.8,31643.8,17,07/30/2026,WDPEAK,JULY,2026
07/30/2026 18:00:00,28.53,3.535,21.9375,46933.8389,2388,3541.6,5484.7,13277,29575.9,18,07/30/2026,WDPEAK,JULY,2026
07/30/2026 19:00:00,36.7,12.525,31.37,50698.3215,2566.2,3505.6,6076.8,14275,23465.3,19,07/30/2026,WDPEAK,JULY,2026
07/30/2026 20:00:00,50.74,21.19,47.54,61921.7535,2683.5,3273.7,6781.3,15225.4,9874.4,20,07/30/2026,WDPEAK,JULY,2026
07/30/2026 21:00:00,41.66,27.83,41.345,67450.0062,2763.6,2893.9,7903.2,16567.2,615.7,21,07/30/2026,WDPEAK,JULY,2026
07/30/2026 22:00:00,49.22,25.185,33.5125,63868.2342,2810.9,2551.5,9458.1,18498.1,0,22,07/30/2026,WDPEAK,JULY,2026
07/30/2026 23:00:00,36.77,27.2325,27.08,57122.5284,2791.1,2341.7,10926.7,20263.5,0,23,07/30/2026,OFFPEAK,JULY,2026
07/31/2026 00:00:00,27.5,25.2,25.2,51661.2443,2717.5,2168.4,11899.4,21263,0,24,07/30/2026,OFFPEAK,JULY,2026
07/31/2026 01:00:00,25.6,24.3975,24.3975,46925.2686,2547.5,1886.5,12899.5,21869.8,0,1,07/31/2026,OFFPEAK,JULY,2026
07/31/2026 02:00:00,23.98,22.88,22.88,43486.52,2424.7,1740.3,13150,21849.1,0,2,07/31/2026,OFFPEAK,JULY,2026
07/31/2026 03:00:00,22.65,22.4475,22.4475,41317.5414,2280.7,1572.6,13113.1,21458.9,0,3,07/31/2026,OFFPEAK,JULY,2026
07/31/2026 04:00:00,23.28,22.075,22.075,40104.4285,2131.3,1382.4,12957.6,20740.4,0,4,07/31/2026,OFFPEAK,JULY,2026
07/31/2026 05:00:00,22.85,21.56,21.56,40136.8707,2009.1,1212.4,12670.2,19784.2,0,5,07/31/2026,OFFPEAK,JULY,2026
07/31/2026 06:00:00,24.06,22.03,22.03,41037.3096,1916.6,1104.1,12341.3,18950.8,0,6,07/31/2026,OFFPEAK,JULY,2026
07/31/2026 07:00:00,24.9,22.755,22.755,42247.1906,1836,1058.2,11872.9,18081.5,43.8,7,07/31/2026,WDPEAK,JULY,2026
07/31/2026 08:00:00,22.39,20.1025,20.1025,40245.7196,1694.7,1004.8,10799.5,16339.3,4154.1,8,07/31/2026,WDPEAK,JULY,2026
07/31/2026 09:00:00,16.23,13.65,17.1725,29915.9202,1633.8,1092,9616.2,14632.9,18848.7,9,07/31/2026,WDPEAK,JULY,2026
07/31/2026 10:00:00,9.85,8.0575,14.7375,25571.0114,1682.5,1413.3,8721.7,13732.1,29145.9,10,07/31/2026,WDPEAK,JULY,2026
07/31/2026 11:00:00,9.3,7.3625,13.28,29205.5019,1620.1,1658.5,7453,12250.5,32428.7,11,07/31/2026,WDPEAK,JULY,2026
07/31/2026 12:00:00,10.41,3.1375,15.095,35152.8102,1506.8,1779.9,5971.1,10336.6,33469.5,12,07/31/2026,WDPEAK,JULY,2026
07/31/2026 13:00:00,13.93,4.2225,21.2725,40732.2906,1441.9,2001,4603.8,8969.2,33825,13,07/31/2026,WDPEAK,JULY,2026
07/31/2026 14:00:00,19.17,10.8725,22.58,45033.7293,1400.3,2315.7,3627.4,8286.1,33739.6,14,07/31/2026,WDPEAK,JULY,2026
07/31/2026 15:00:00,23.69,14.8525,27.5675,46817.681,1387.6,2691.1,3210.2,8208.8,33524.8,15,07/31/2026,WDPEAK,JULY,2026
07/31/2026 16:00:00,28.66,14.1875,35.2925,47286.7385,1466.2,3027.4,3104.5,8512,33045.3,16,07/31/2026,WDPEAK,JULY,2026
07/31/2026 17:00:00,27.07,19.8975,42.58,46966.6504,1634.7,3224.4,3219.5,9120.6,32245.6,17,07/31/2026,WDPEAK,JULY,2026
07/31/2026 18:00:00,24.04,21.1575,39.635,47571.9915,1844.1,3367.9,3583.9,9919.2,30154.5,18,07/31/2026,WDPEAK,JULY,2026
07/31/2026 19:00:00,28.98,17.4425,42.9075,52068.5117,2158.9,3322.6,4018.1,10659.9,23677.7,19,07/31/2026,WDPEAK,JULY,2026
07/31/2026 20:00:00,33.29,29.1675,60.985,64866.0991,2421.6,3149.2,4488.6,11409.9,9128.3,20,07/31/2026,WDPEAK,JULY,2026
07/31/2026 21:00:00,31.42,41.93,58.42,69794.9901,2569.4,2768.4,5319.6,12436.1,589.6,21,07/31/2026,WDPEAK,JULY,2026
07/31/2026 22:00:00,46.04,34.72,40.0825,66444.5691,2652.9,2422.8,6575.9,13822.6,0,22,07/31/2026,WDPEAK,JULY,2026
07/31/2026 23:00:00,50.4,35.945,37.805,61362.5995,2634,2209.1,7697.6,15164.2,0,23,07/31/2026,OFFPEAK,JULY,2026
08/01/2026 00:00:00,34.37,32.235,32.53,56939.3787,2532.2,1993.9,8009.8,15492.8,0,24,07/31/2026,OFFPEAK,JULY,2026
08/01/2026 01:00:00,30.17,32.07,31.5675,54542.2694,2163.6,1477.3,7596.1,14158.3,0,1,08/01/2026,OFFPEAK,AUGUST,2026
08/01/2026 02:00:00,31.72,27.845,26.7525,51866.0196,1964.6,1302.4,7240.2,13287.9,0,2,08/01/2026,OFFPEAK,AUGUST,2026
08/01/2026 03:00:00,30.75,27.0975,26.1575,49970.6814,1720.3,1103.9,6762.2,12212,0,3,08/01/2026,OFFPEAK,AUGUST,2026
08/01/2026 04:00:00,31.19,27.6225,27.565,49324.4902,1506.5,882.4,6272.3,11157.4,0,4,08/01/2026,OFFPEAK,AUGUST,2026
08/01/2026 05:00:00,31.28,32.01,30.4,48853.9713,1357.7,714.9,5699.3,10246.2,0,5,08/01/2026,OFFPEAK,AUGUST,2026
08/01/2026 06:00:00,30.74,31.81,27.88,49028.7597,1208.7,604.9,5282.6,9361.5,0,6,08/01/2026,OFFPEAK,AUGUST,2026
08/01/2026 07:00:00,30.81,34.6575,28.43,48278.9804,1207.7,760,5621.9,9731.2,33.2,7,08/01/2026,WEPEAK,AUGUST,2026
08/01/2026 08:00:00,28.19,33.61,26.23,45670.7108,1017.4,688.3,5019.7,8486.5,3218.4,8,08/01/2026,WEPEAK,AUGUST,2026
08/01/2026 09:00:00,22.01,23.3875,19.97,38190.6691,851.4,745.5,4706.5,7612.6,14546.3,9,08/01/2026,WEPEAK,AUGUST,2026
08/01/2026 10:00:00,20.48,24.43,21.255,34978.6405,729.8,936.5,4622.6,7209.1,23022.6,10,08/01/2026,WEPEAK,AUGUST,2026
08/01/2026 11:00:00,19.88,23.565,22.1825,35978.1083,572.7,959.2,4360.2,6617.8,27577.7,11,08/01/2026,WEPEAK,AUGUST,2026
08/01/2026 12:00:00,20.62,23.9425,23.27,39695.8401,459.5,877.1,3895.4,5837.4,29483.2,12,08/01/2026,WEPEAK,AUGUST,2026
08/01/2026 13:00:00,27.62,20.7625,22.095,43677.579,379.6,849.1,3416.2,5263.6,30174.3,13,08/01/2026,WEPEAK,AUGUST,2026
08/01/2026 14:00:00,32.38,19.475,21.3475,46884.4311,311.7,943.1,3268.7,5160.2,30293.8,14,08/01/2026,WEPEAK,AUGUST,2026
08/01/2026 15:00:00,37.83,22.89,24.155,49502.5588,282.3,1269.8,3391.1,5607.5,29949.8,15,08/01/2026,WEPEAK,AUGUST,2026
08/01/2026 16:00:00,41.83,24.85,24.66,51247.8494,324.2,1695.6,3365.7,6078.3,29054.4,16,08/01/2026,WEPEAK,AUGUST,2026
08/01/2026 17:00:00,45.17,25.31,24.795,52087.2688,447.1,2081,3335.9,6605.5,27765.9,17,08/01/2026,WEPEAK,AUGUST,2026
08/01/2026 18:00:00,45.47,26.2575,25.345,52799.999,606.7,2479.2,3298.4,7231.1,25207.5,18,08/01/2026,WEPEAK,AUGUST,2026
08/01/2026 19:00:00,48.27,40.0225,35.4025,56136.1312,830.8,2738.4,3121,7563.6,18757.2,19,08/01/2026,WEPEAK,AUGUST,2026
08/01/2026 20:00:00,57.81,46.775,46.955,64323.0603,1178.2,2681.9,2924,7654.3,8114.9,20,08/01/2026,WEPEAK,AUGUST,2026
08/01/2026 21:00:00,46.01,52.92,54.74,69431.3794,1644.4,2463.3,2997.6,8108.7,499.9,21,08/01/2026,WEPEAK,AUGUST,2026
08/01/2026 22:00:00,46.68,41.83,42.3375,66962.2801,2058.8,2254.6,3244.7,8741.5,0,22,08/01/2026,WEPEAK,AUGUST,2026
08/01/2026 23:00:00,60.59,40.77,37.9125,63516.7092,2178.3,2087.2,3383.2,8943.3,0,23,08/01/2026,OFFPEAK,AUGUST,2026
08/02/2026 00:00:00,43.32,41.69,36.53,60466.6788,2066,1963.1,3381.3,8784,0,24,08/01/2026,OFFPEAK,AUGUST,2026
08/02/2026 01:00:00,40.9,42.655,37.0025,58564.8208,1753.2,1800,2497.4,7512.3,0,1,08/02/2026,OFFPEAK,AUGUST,2026
08/02/2026 02:00:00,39.73,40.025,34.005,56621.1091,1526.4,1629.1,2214.8,6779.3,0,2,08/02/2026,OFFPEAK,AUGUST,2026
08/02/2026 03:00:00,37.93,37.8225,31.8275,55277.1408,1269,1421.1,1954.8,5918.1,0,3,08/02/2026,OFFPEAK,AUGUST,2026
08/02/2026 04:00:00,36.64,36.3725,29.9275,54341.7593,1034.2,1167.6,1785.4,5150.6,0,4,08/02/2026,OFFPEAK,AUGUST,2026
08/02/2026 05:00:00,35.27,37.55,30.5175,53668.1999,841.2,952.7,1637.1,4494.3,0,5,08/02/2026,OFFPEAK,AUGUST,2026
08/02/2026 06:00:00,34.71,38.22,30.2175,53178.5798,670.8,792.3,1422.4,3786.9,0,6,08/02/2026,OFFPEAK,AUGUST,2026
08/02/2026 07:00:00,35.44,32.335,27.6775,53251.6498,512.1,648.9,1174.4,3094.5,41.7,7,08/02/2026,WEPEAK,AUGUST,2026
08/02/2026 08:00:00,28.9,31.6275,26.24,49027.6404,359.9,498.1,995.9,2502.2,4157.2,8,08/02/2026,WEPEAK,AUGUST,2026
08/02/2026 09:00:00,19.02,21.2075,18.8925,37555.6304,217.1,435,634.7,1733.1,19457.6,9,08/02/2026,WEPEAK,AUGUST,2026
08/02/2026 10:00:00,19,22.8425,17.78,32630.7612,126.1,427.6,333.1,1214.5,29250.4,10,08/02/2026,WEPEAK,AUGUST,2026
08/02/2026 11:00:00,20.95,23.905,19.0975,34406.1002,84.2,341.5,279.6,1026.1,32406.2,11,08/02/2026,WEPEAK,AUGUST,2026
08/02/2026 12:00:00,25.08,22.0075,17.1525,38261.221,54.3,240.8,230.4,795,33556.4,12,08/02/2026,WEPEAK,AUGUST,2026
08/02/2026 13:00:00,28.94,21.73,18.8525,42667.9399,49.9,203.7,183.2,671.2,33746.9,13,08/02/2026,WEPEAK,AUGUST,2026
08/02/2026 14:00:00,39.63,25.8675,21.2625,46428.4507,69.9,292.1,184,802.1,33794,14,08/02/2026,WEPEAK,AUGUST,2026
08/02/2026 15:00:00,46.96,28.965,22.2175,49299.0602,114.1,608.3,227.3,1234.2,33754.2,15,08/02/2026,WEPEAK,AUGUST,2026
08/02/2026 16:00:00,51.17,26.86,21.9775,51377.741,195.3,1020,275.1,1795.3,33342.6,16,08/02/2026,WEPEAK,AUGUST,2026
08/02/2026 17:00:00,56.51,26.4125,23.805,52298.1999,359.1,1416.3,366.8,2475,33081,17,08/02/2026,WEPEAK,AUGUST,2026
08/02/2026 18:00:00,54.94,30.2425,28.1325,53209.6791,598.4,1824.5,627.2,3462.2,31358.6,18,08/02/2026,WEPEAK,AUGUST,2026
08/02/2026 19:00:00,63.92,42.025,43.505,56875.159,789.9,2017.3,1086,4457.6,24692.2,19,08/02/2026,WEPEAK,AUGUST,2026
08/02/2026 20:00:00,78.99,48.145,50.31,68081.0098,1035,1962.4,1839.1,5721.4,9850.2,20,08/02/2026,WEPEAK,AUGUST,2026
08/02/2026 21:00:00,76.08,36.4025,39.725,72470.7111,1364.7,1810.5,3225.9,7917.6,578.5,21,08/02/2026,WEPEAK,AUGUST,2026
08/02/2026 22:00:00,60.08,35.6,34.6825,67408.8191,1602.7,1632,5289.5,10805.9,0,22,08/02/2026,WEPEAK,AUGUST,2026
08/02/2026 23:00:00,43.38,29.3875,29.1725,60185.9319,1721,1529.5,7380.5,13542.2,0,23,08/02/2026,OFFPEAK,AUGUST,2026
08/03/2026 00:00:00,33.39,24.8175,24.7025,53897.9893,1661.9,1434.4,8794.1,15297,0,24,08/02/2026,OFFPEAK,AUGUST,2026
08/03/2026 01:00:00,26.05,22.3,22.3,47440.3301,1172.9,996.4,9686.9,15629.9,0,1,08/03/2026,OFFPEAK,AUGUST,2026
08/03/2026 02:00:00,22.88,20.85,20.85,44022.6397,1122,907.1,9904.5,15778.6,0,2,08/03/2026,OFFPEAK,AUGUST,2026
08/03/2026 03:00:00,21.8,22.245,21.97,41966.6097,1009.2,800.2,9730.8,15443.2,0,3,08/03/2026,OFFPEAK,AUGUST,2026
08/03/2026 04:00:00,21.19,21.805,21.7375,41186.6999,900.7,697.5,9328.7,14800.7,0,4,08/03/2026,OFFPEAK,AUGUST,2026
08/03/2026 05:00:00,21.12,23.4225,23.2675,41627.8205,811.9,614.3,8636.9,13831.3,0,5,08/03/2026,OFFPEAK,AUGUST,2026
08/03/2026 06:00:00,24.34,25.585,24.8125,43732.7005,730.6,547.7,7433.1,12221.3,0,6,08/03/2026,OFFPEAK,AUGUST,2026
08/03/2026 07:00:00,22.79,26.095,25.325,46409.1898,640.3,502.6,6332.7,10650.1,39.6,7,08/03/2026,WDPEAK,AUGUST,2026
08/03/2026 08:00:00,20.24,20.9975,20.975,42911.8693,541.6,442,5831.3,9754.3,4422.2,8,08/03/2026,WDPEAK,AUGUST,2026
08/03/2026 09:00:00,15.79,16.2975,15.5,30844.6205,419.5,437.9,4731.5,8092.1,20972.5,9,08/03/2026,WDPEAK,AUGUST,2026
08/03/2026 10:00:00,15.66,18.465,16.4975,26465.4698,334.3,533.6,3558,6544.4,31575.7,10,08/03/2026,WDPEAK,AUGUST,2026
08/03/2026 11:00:00,16.28,19.47,15.72,29085.2484,317.6,583,3512.1,6492.2,33953,11,08/03/2026,WDPEAK,AUGUST,2026
08/03/2026 12:00:00,18.59,18.555,15.59,33490.1998,331.3,622.8,3327,6453.6,34596.8,12,08/03/2026,WDPEAK,AUGUST,2026
08/03/2026 13:00:00,22.26,23.335,19.885,38958.4003,375.2,792.5,2631.5,5884.7,34438,13,08/03/2026,WDPEAK,AUGUST,2026
08/03/2026 14:00:00,26.81,20.86,23.745,43364.4591,455.5,1135.7,2193.9,5904.6,34077.8,14,08/03/2026,WDPEAK,AUGUST,2026
08/03/2026 15:00:00,27.62,19.5675,21.54,45194.7695,564.9,1648.6,2266.5,6736.3,33854.5,15,08/03/2026,WDPEAK,AUGUST,2026
08/03/2026 16:00:00,26.11,21.72,19.735,45687.5812,701.6,2172.9,2590.4,7846.5,33445.3,16,08/03/2026,WDPEAK,AUGUST,2026
08/03/2026 17:00:00,27.04,23.08,19.36,45094.9693,891.8,2605.1,3123.1,9155.7,33182.5,17,08/03/2026,WDPEAK,AUGUST,2026
08/03/2026 18:00:00,25.36,23.545,19.155,44870.168,1141.8,2905.1,4051.2,10810.7,31318.3,18,08/03/2026,WDPEAK,AUGUST,2026
08/03/2026 19:00:00,31.28,29.26,24.8025,47957.0405,1500.3,3066.6,5303.4,12738.8,25079,19,08/03/2026,WDPEAK,AUGUST,2026
08/03/2026 20:00:00,42.98,34.79,32.9325,59081.1801,1936,2965.4,6795.8,14844.2,10219,20,08/03/2026,WDPEAK,AUGUST,2026
08/03/2026 21:00:00,40.37,32.6025,32.56,63509.1489,2308.2,2677,8884.2,17503.9,548.3,21,08/03/2026,WDPEAK,AUGUST,2026
08/03/2026 22:00:00,33.82,27.99,27.9925,58147.1813,2534.8,2375.7,11212.2,20413.9,0,22,08/03/2026,WDPEAK,AUGUST,2026
08/03/2026 23:00:00,30.73,23.105,22.1225,51551.2295,2589.7,2182.1,12934.1,22532.1,0,23,08/03/2026,OFFPEAK,AUGUST,2026
08/04/2026 00:00:00,26.1,21.93,18.8275,46042.3822,2523.1,2027.3,13791.5,23542.7,0,24,08/03/2026,OFFPEAK,AUGUST,2026
08/04/2026 01:00:00,21.42,21.045,17.8375,41622.0403,2316.8,1596.8,14402.9,23489,0,1,08/04/2026,OFFPEAK,AUGUST,2026
08/04/2026 02:00:00,20.29,18.9025,17.34,38527.3007,2154.9,1476.5,14502.8,23390.6,0,2,08/04/2026,OFFPEAK,AUGUST,2026
08/04/2026 03:00:00,20,17.8725,17.8675,36783.8996,1996.6,1357.1,14188.2,22744.1,0,3,08/04/2026,OFFPEAK,AUGUST,2026
08/04/2026 04:00:00,19.04,17.905,17.91,36130.8205,1857.8,1226.5,13626.5,21722.4,0,4,08/04/2026,OFFPEAK,AUGUST,2026
08/04/2026 05:00:00,19.03,18.7225,18.725,36669.4294,1728.5,1126.9,12846.9,20485.7,0,5,08/04/2026,OFFPEAK,AUGUST,2026
08/04/2026 06:00:00,20.56,19.645,19.645,38975.5908,1659.6,1090.1,11799.5,19015.4,0,6,08/04/2026,OFFPEAK,AUGUST,2026
08/04/2026 07:00:00,20.59,20.175,20.1875,41793.2102,1618.9,1092.1,10725.1,17364.1,32.3,7,08/04/2026,WDPEAK,AUGUST,2026
08/04/2026 08:00:00,19.34,19.9,19.9,39315.8899,1543.2,1061.6,9682.3,15621.8,4089.8,8,08/04/2026,WDPEAK,AUGUST,2026
08/04/2026 09:00:00,14.77,12.0975,15.4125,28062.88,1551.8,1190.8,8306.3,13507.3,19920.3,9,08/04/2026,WDPEAK,AUGUST,2026
08/04/2026 10:00:00,10.05,8.9625,13.58,22686.61,1642.3,1542.6,7893.9,12874,30245.2,10,08/04/2026,WDPEAK,AUGUST,2026
08/04/2026 11:00:00,9.72,4.505,13.135,25170.8908,1623.3,1790.2,7657.4,12626.3,33060.3,11,08/04/2026,WDPEAK,AUGUST,2026
08/04/2026 12:00:00,11.34,1.0125,13.62,29752.7993,1643.2,1988.3,7166.1,12138.5,33997.9,12,08/04/2026,WDPEAK,AUGUST,2026
08/04/2026 13:00:00,11.13,1.965,15.2475,34432.1114,1738.9,2310.3,6821.6,12081.5,34068.3,13,08/04/2026,WDPEAK,AUGUST,2026
08/04/2026 14:00:00,13.32,13.5825,17.6075,38345.6504,1843.6,2720.2,6544.1,12278.6,33675.5,14,08/04/2026,WDPEAK,AUGUST,2026
08/04/2026 15:00:00,15.13,19.1275,20.42,40200.8322,1987.6,3125.4,6320,12699.4,33356,15,08/04/2026,WDPEAK,AUGUST,2026
08/04/2026 16:00:00,16.44,16.9425,18.555,41074.33,2161.8,3388.7,6292.9,13277.3,32705.7,16,08/04/2026,WDPEAK,AUGUST,2026
08/04/2026 17:00:00,17.95,17.465,20.4875,41297.5497,2328,3507.1,6472.2,13934.7,32002.3,17,08/04/2026,WDPEAK,AUGUST,2026
08/04/2026 18:00:00,19.18,15.3525,20.6425,42579.4793,2530.2,3510.1,6728.3,14610.6,29743.3,18,08/04/2026,WDPEAK,AUGUST,2026
08/04/2026 19:00:00,22.96,19.825,28.565,47153.8,2682.8,3425,7072.8,15356.8,23252.3,19,08/04/2026,WDPEAK,AUGUST,2026
08/04/2026 20:00:00,29.31,22.525,39.98,59589.0519,2713.3,3127.6,7675.1,16033.2,8976.4,20,08/04/2026,WDPEAK,AUGUST,2026
08/04/2026 21:00:00,32.16,29.835,47.0375,64529.9292,2709.7,2747.4,8693.8,17166.6,507.3,21,08/04/2026,WDPEAK,AUGUST,2026
08/04/2026 22:00:00,37.08,36.5,55.7325,60485.0601,2695.4,2350.1,9917.6,18635.1,0,22,08/04/2026,WDPEAK,AUGUST,2026
08/04/2026 23:00:00,32.78,36.705,40.585,54688.9702,2636.4,2073.8,11087.4,20065.6,0,23,08/04/2026,OFFPEAK,AUGUST,2026
08/05/2026 00:00:00,28.81,27.7725,27.685,49673.7013,2516.5,1856.4,11847.3,20773.1,0,24,08/04/2026,OFFPEAK,AUGUST,2026
08/05/2026 01:00:00,24.46,27.21,25.78,45534.5798,2365.2,1860.6,12157.6,20886,0,1,08/05/2026,OFFPEAK,AUGUST,2026
08/05/2026 02:00:00,22.77,26.065,24.795,42833.9702,2224.1,1705.6,11927.4,20366.2,0,2,08/05/2026,OFFPEAK,AUGUST,2026
08/05/2026 03:00:00,21.97,27.0575,25.1175,41339.5103,2077.4,1555.6,11493.5,19429,0,3,08/05/2026,OFFPEAK,AUGUST,2026
08/05/2026 04:00:00,21.9,25.5975,24.01,40470.6398,1950.9,1403.7,11046.3,18537.9,0,4,08/05/2026,OFFPEAK,AUGUST,2026
08/05/2026 05:00:00,21.45,24.64,24.62,40574.5697,1826.7,1255.1,10565.9,17631.5,0,5,08/05/2026,OFFPEAK,AUGUST,2026
08/05/2026 06:00:00,23.23,27.57,27.57,42198.5192,1733.6,1153.4,9945.8,16498.9,0,6,08/05/2026,OFFPEAK,AUGUST,2026
08/05/2026 07:00:00,22.84,31.2975,31.2975,44310.8997,1672.1,1112.9,9254.7,15348,28.2,7,08/05/2026,WDPEAK,AUGUST,2026
08/05/2026 08:00:00,21.74,27.1625,27.1625,41898.1102,1598.1,1063.9,8420.2,14053.5,3670,8,08/05/2026,WDPEAK,AUGUST,2026
08/05/2026 09:00:00,15.46,20.53,21.4675,31075.9795,1614,1193.6,7725,12933.9,18174.6,9,08/05/2026,WDPEAK,AUGUST,2026
08/05/2026 10:00:00,10.3,14.7,18.3375,25450.8692,1744.6,1556.5,7235.5,12745.6,28555,10,08/05/2026,WDPEAK,AUGUST,2026
08/05/2026 11:00:00,9.83,13.7325,17.335,27549.5792,1786.8,1825.3,6495.2,12411.8,31906.3,11,08/05/2026,WDPEAK,AUGUST,2026
08/05/2026 12:00:00,10.66,11.8275,16.335,31880.8001,1748.5,2003.4,6066.3,11996.4,33034.9,12,08/05/2026,WDPEAK,AUGUST,2026
08/05/2026 13:00:00,10.14,8.9925,15.445,35944.9014,1739.3,2256.1,6051.8,12194.3,33314.8,13,08/05/2026,WDPEAK,AUGUST,2026
08/05/2026 14:00:00,13.44,10.34,17.3075,38888.0388,1765,2578.1,6207,12818.2,33280.2,14,08/05/2026,WDPEAK,AUGUST,2026
08/05/2026 15:00:00,15,21.7,18.6025,40599.8416,1802.3,2882,6374.7,13430.2,32843.9,15,08/05/2026,WDPEAK,AUGUST,2026
08/05/2026 16:00:00,18.25,20.61,17.4725,41560.3208,1872.1,3134.1,6516.6,13981.4,32107.8,16,08/05/2026,WDPEAK,AUGUST,2026
08/05/2026 17:00:00,19.73,19.925,18.865,41718.5899,2007.4,3314.6,6685.9,14528.3,31287.1,17,08/05/2026,WDPEAK,AUGUST,2026
08/05/2026 18:00:00,22.03,17.9825,21.085,42791.7093,2163.6,3388.8,6977.9,15103.5,28978,18,08/05/2026,WDPEAK,AUGUST,2026
08/05/2026 19:00:00,26.85,21.9225,32.6825,47518.9509,2337.6,3332,7342.7,15656.6,22313.3,19,08/05/2026,WDPEAK,AUGUST,2026
08/05/2026 20:00:00,32.91,31.985,45.1475,59763.549,2483.5,3040.7,7982,16273.7,8266.2,20,08/05/2026,WDPEAK,AUGUST,2026
08/05/2026 21:00:00,33.62,40.7425,62.0325,64377.4917,2572,2620.1,9127.3,17345.5,436.5,21,08/05/2026,WDPEAK,AUGUST,2026
08/05/2026 22:00:00,34.78,38.8225,65.0025,60275.8404,2615.5,2262.5,10501.1,18985.6,0,22,08/05/2026,WDPEAK,AUGUST,2026
08/05/2026 23:00:00,33.91,29.2675,40.465,54487.0493,2575.1,2032.3,11730.9,20527.9,0,23,08/05/2026,OFFPEAK,AUGUST,2026
08/06/2026 00:00:00,28.36,27.235,29.925,49276.889,2456.7,1813.9,12504.9,21380.1,0,24,08/05/2026,OFFPEAK,AUGUST,2026
08/06/2026 01:00:00,22.79,28.46,28.6775,46455.3594,2149.7,1373.6,11860.9,19688.7,0,1,08/06/2026,OFFPEAK,AUGUST,2026
08/06/2026 02:00:00,21.4,24.7375,24.7375,43380.9203,1976.1,1186.9,11900.1,19497.9,0,2,08/06/2026,OFFPEAK,AUGUST,2026
08/06/2026 03:00:00,20.49,24.2025,24.2025,41686.2708,1789.9,1005.2,11572.6,18687.5,0,3,08/06/2026,OFFPEAK,AUGUST,2026
08/06/2026 04:00:00,20.86,24.63,24.63,41151.7888,1604.9,804.2,11142.2,17677.2,0,4,08/06/2026,OFFPEAK,AUGUST,2026
08/06/2026 05:00:00,21.18,25.43,25.43,41618.4103,1468.8,620.4,10584.1,16538.3,0,5,08/06/2026,OFFPEAK,AUGUST,2026
08/06/2026 06:00:00,23.08,27.1125,27.1125,43237.8498,1372.8,493.8,9901.5,15275,0,6,08/06/2026,OFFPEAK,AUGUST,2026
08/06/2026 07:00:00,24.97,27.4775,27.4775,45875.6009,1251.6,437.5,9054,13841.1,23,7,08/06/2026,WDPEAK,AUGUST,2026
08/06/2026 08:00:00,23.55,26.2125,26.2125,44617.2714,1121.6,394.7,8017.5,12073.2,3196.8,8,08/06/2026,WDPEAK,AUGUST,2026
08/06/2026 09:00:00,17.62,19.5225,20.1,35359.9994,1110.6,466.5,7405.5,10866.2,16191.9,9,08/06/2026,WDPEAK,AUGUST,2026
08/06/2026 10:00:00,12.41,14.6025,15.53,29495.8806,1204.9,703.3,7685.9,11256.1,25809.8,10,08/06/2026,WDPEAK,AUGUST,2026
08/06/2026 11:00:00,12.3,12.6025,15.3,30861.0205,1172.9,869.3,6989.4,10496.8,29935.7,11,08/06/2026,WDPEAK,AUGUST,2026
08/06/2026 12:00:00,13.87,7.385,17.665,35722.2189,1097.3,1007.9,5767.1,9013.2,31409.1,12,08/06/2026,WDPEAK,AUGUST,2026
08/06/2026 13:00:00,16.22,11.66,20.5775,40065.0403,1048.7,1277.2,5076.7,8497.1,31857.6,13,08/06/2026,WDPEAK,AUGUST,2026
08/06/2026 14:00:00,19.47,18.66,22.4375,41821.7298,1202.3,1870.9,5792.9,10385.9,31544.7,14,08/06/2026,WDPEAK,AUGUST,2026
08/06/2026 15:00:00,21.79,23.705,23.275,43286.3602,1246.1,2294.9,6002.8,11274,31078.8,15,08/06/2026,WDPEAK,AUGUST,2026
08/06/2026 16:00:00,25.03,27.18,27.3175,43880.91,1388.8,2711.4,6374.1,12478.2,29976,16,08/06/2026,WDPEAK,AUGUST,2026
08/06/2026 17:00:00,25.03,22.3475,31.2725,44028.0895,1642.5,3018.2,6915.7,13836.6,28630.4,17,08/06/2026,WDPEAK,AUGUST,2026
08/06/2026 18:00:00,23.23,24.61,31.4275,44979.0811,1942.2,3191.5,7498.9,15097,25768.3,18,08/06/2026,WDPEAK,AUGUST,2026
08/06/2026 19:00:00,26.9,15.1075,39.6325,49026.0993,2256.8,3182.7,8012.7,16117.8,19386.1,19,08/06/2026,WDPEAK,AUGUST,2026
08/06/2026 20:00:00,29.75,21.765,53.525,58960.0692,2497.7,2954.8,8618.3,16963.2,7317.7,20,08/06/2026,WDPEAK,AUGUST,2026
08/06/2026 21:00:00,31.67,18.5525,55.71,62840.7813,2591,2547,9506.4,17796.3,379,21,08/06/2026,WDPEAK,AUGUST,2026
08/06/2026 22:00:00,34.45,27.84,75.18,59248.1506,2616,2130.2,10786.8,19198.2,0,22,08/06/2026,WDPEAK,AUGUST,2026
08/06/2026 23:00:00,31.38,27.0225,46.77,53817.6492,2578,1850.2,11971.1,20548.1,0,23,08/06/2026,OFFPEAK,AUGUST,2026
08/07/2026 00:00:00,26.7,25.66,31.06,48995.531,2425.6,1655.8,12559.2,21128.9,0,24,08/06/2026,OFFPEAK,AUGUST,2026
08/07/2026 01:00:00,27.33,22.535,23.8125,44979.1694,2419.9,1771.7,12001.3,20805.2,0,1,08/07/2026,OFFPEAK,AUGUST,2026
08/07/2026 02:00:00,24.62,23.9025,24.0225,43775.6294,2058.3,1258.2,11099.9,18753.1,0,2,08/07/2026,OFFPEAK,AUGUST,2026
08/07/2026 03:00:00,24.14,25.9775,25.9725,41929.1499,1849.3,985.7,10977.8,18100.1,0,3,08/07/2026,OFFPEAK,AUGUST,2026
08/07/2026 04:00:00,22.94,22.8425,22.8425,41124.3905,1627,732.4,10851.2,17340.3,0,4,08/07/2026,OFFPEAK,AUGUST,2026
08/07/2026 05:00:00,22.49,23.7,23.7,41311.5502,1417.9,519,10665.9,16526.2,0,5,08/07/2026,OFFPEAK,AUGUST,2026
08/07/2026 06:00:00,24.07,30.575,30.575,42654.3193,1232,342.2,10201.6,15436.7,0,6,08/07/2026,OFFPEAK,AUGUST,2026
08/07/2026 07:00:00,26.73,27.215,27.215,44977.5198,1072.5,222.2,9520.9,14158.5,20.6,7,08/07/2026,WDPEAK,AUGUST,2026
08/07/2026 08:00:00,24.16,21.71,21.71,43683.2806,905.7,145,8470.9,12419.3,3218,8,08/07/2026,WDPEAK,AUGUST,2026
08/07/2026 09:00:00,19.37,17.6975,17.605,34350.7507,820,153.3,7398.6,10745.6,16894.2,9,08/07/2026,WDPEAK,AUGUST,2026
08/07/2026 10:00:00,16.2,16.0725,14.6075,29261.7301,822.7,255.4,6692.5,9843.2,27153.8,10,08/07/2026,WDPEAK,AUGUST,2026
08/07/2026 11:00:00,16.38,16.6125,14.6775,31059.1299,744.5,352.1,5724.3,8599.7,31313.7,11,08/07/2026,WDPEAK,AUGUST,2026
08/07/2026 12:00:00,18.1,16.6375,16.2525,36136.0204,634.9,499,4599.9,6964.8,32584.2,12,08/07/2026,WDPEAK,AUGUST,2026
08/07/2026 13:00:00,20.91,16.69,23.5375,41035.6896,579,799.9,3704.4,5914.5,32825.8,13,08/07/2026,WDPEAK,AUGUST,2026
08/07/2026 14:00:00,23.06,29.0525,37.0375,43833.9393,747.1,1472.6,4120.9,7249.5,31990.5,14,08/07/2026,WDPEAK,AUGUST,2026
08/07/2026 15:00:00,25.3,38.02,55.2575,45706.7495,850.1,1971.2,4163.1,7885.1,31327.5,15,08/07/2026,WDPEAK,AUGUST,2026
08/07/2026 16:00:00,26.05,30.0425,60.83,46471.2691,1078.1,2330.5,4409.6,8792.4,30162.6,16,08/07/2026,WDPEAK,AUGUST,2026
08/07/2026 17:00:00,25.07,16.3825,62.33,47332.5495,1430.9,2516.1,4823.4,9858.9,27923.4,17,08/07/2026,WDPEAK,AUGUST,2026
08/07/2026 18:00:00,23.42,2.2525,74.52,47590.7601,1857.9,2574.4,5294.6,10992.8,25593.5,18,08/07/2026,WDPEAK,AUGUST,2026
08/07/2026 19:00:00,25.76,-1.185,91.14,51012.7703,2204.3,2461.5,5798.2,11999.6,19438.5,19,08/07/2026,WDPEAK,AUGUST,2026
08/07/2026 20:00:00,31.78,22.035,66.5525,59702.7297,2326.4,2085,6469.1,12737.3,7931.3,20,08/07/2026,WDPEAK,AUGUST,2026
08/07/2026 21:00:00,34.86,31.42,55.17,64058.5586,2295.3,1589.6,7556.2,13807,382.8,21,08/07/2026,WDPEAK,AUGUST,2026
08/07/2026 22:00:00,37.59,27.0175,39.2375,60293.9397,2186.5,1212.6,9087.5,15508.9,0,22,08/07/2026,WDPEAK,AUGUST,2026
08/07/2026 23:00:00,38.12,29.8475,35.46,55095.8491,2039.5,974.7,10503.7,17138,0,23,08/07/2026,OFFPEAK,AUGUST,2026
08/08/2026 00:00:00,31.14,28.9275,29.775,50705.6016,1850,784.1,11236.5,17883.4,0,24,08/07/2026,OFFPEAK,AUGUST,2026
08/08/2026 01:00:00,28.61,37.06,32.2475,49015.3396,1516.7,467.9,10364.4,16125.8,0,1,08/08/2026,OFFPEAK,AUGUST,2026
08/08/2026 02:00:00,26.5,32.795,27.5775,46589.5001,1242.3,258.6,10222.5,15307.6,0,2,08/08/2026,OFFPEAK,AUGUST,2026
08/08/2026 03:00:00,26.34,27.3075,24.4725,44993.0991,981.7,99.9,9881.9,14264.7,0,3,08/08/2026,OFFPEAK,AUGUST,2026
08/08/2026 04:00:00,25.37,25.2025,23.6675,44030.08,764.7,22.6,9584.3,13377.8,0,4,08/08/2026,OFFPEAK,AUGUST,2026
08/08/2026 05:00:00,25.12,26.1225,24.42,43749.6,592.5,1.5,9178.8,12414.7,0,5,08/08/2026,OFFPEAK,AUGUST,2026
08/08/2026 06:00:00,25.88,31.2375,27.665,44045.5908,477.6,0,8605.5,11301.9,0,6,08/08/2026,OFFPEAK,AUGUST,2026
08/08/2026 07:00:00,24.75,28.055,28.0325,45195.3905,402.5,0,7669,9940.5,16.8,7,08/08/2026,WEPEAK,AUGUST,2026
08/08/2026 08:00:00,24.6,26.9375,26.3325,43739.7094,312.8,0,6371.8,8237.4,3108.1,8,08/08/2026,WEPEAK,AUGUST,2026
08/08/2026 09:00:00,19.04,21.055,20.955,35554.4192,211.3,0,4825,6102.5,16769.1,9,08/08/2026,WEPEAK,AUGUST,2026
08/08/2026 10:00:00,18.98,21.7725,21.75,31494.6394,167.9,.4,3614.1,4539.1,27312.1,10,08/08/2026,WEPEAK,AUGUST,2026
08/08/2026 11:00:00,20.09,23.995,24.11,33414.739,153.9,18.6,2643.2,3504.4,31462.2,11,08/08/2026,WEPEAK,AUGUST,2026
08/08/2026 12:00:00,24.38,24.345,24.59,38345.8113,128.2,112.8,1617.5,2348.7,32584.9,12,08/08/2026,WEPEAK,AUGUST,2026
08/08/2026 13:00:00,26.09,33.54,34.255,41595.921,242.3,495.7,1684.7,2943.5,32835.2,13,08/08/2026,WEPEAK,AUGUST,2026
08/08/2026 14:00:00,27.42,30.2525,37.8625,44845.2685,293.6,872.3,1765.3,3521.3,32163.2,14,08/08/2026,WEPEAK,AUGUST,2026
08/08/2026 15:00:00,28.67,35.265,51.4075,46824.3095,369.2,1274.5,2038.5,4425.4,31360,15,08/08/2026,WEPEAK,AUGUST,2026
08/08/2026 16:00:00,30.87,41.6325,68.75,48056.8699,582,1634.2,2410.2,5571.4,29888.4,16,08/08/2026,WEPEAK,AUGUST,2026
08/08/2026 17:00:00,28.61,37.6,76.5475,48665.5398,926.4,1917.8,3010.5,7060.8,28017.8,17,08/08/2026,WEPEAK,AUGUST,2026
08/08/2026 18:00:00,25.56,23.1075,86.445,49009.0913,1286.2,1996.6,3796.9,8620.9,25307.5,18,08/08/2026,WEPEAK,AUGUST,2026
08/08/2026 19:00:00,29.77,12.03,53.2425,51661.2704,1677.5,1903.3,4691.9,10272.8,19039.2,19,08/08/2026,WEPEAK,AUGUST,2026
08/08/2026 20:00:00,34.59,23.785,50.6275,59214.8186,1960.1,1633,5877.4,11933.7,7492.5,20,08/08/2026,WEPEAK,AUGUST,2026
08/08/2026 21:00:00,36.82,30.5425,46.3625,61931.2005,2029.5,1267.9,7600.2,13894.4,359.3,21,08/08/2026,WEPEAK,AUGUST,2026
08/08/2026 22:00:00,37.39,37.1075,47.835,57608.3895,2023.4,989.3,9461.9,16126.7,0,22,08/08/2026,WEPEAK,AUGUST,2026
08/08/2026 23:00:00,34.67,34.595,35.1,53236.3202,1834.9,810.4,10392.1,17105.9,0,23,08/08/2026,OFFPEAK,AUGUST,2026
08/09/2026 00:00:00,28.74,30.855,28.795,49118.6294,1625.4,665.4,10963.4,17648.8,0,24,08/08/2026,OFFPEAK,AUGUST,2026
08/09/2026 01:00:00,31.62,31.67,28.4225,48237.6339,1461.6,545.8,9003,15582.6,0,1,08/09/2026,OFFPEAK,AUGUST,2026
08/09/2026 02:00:00,28.74,26.1175,24.145,46337.5459,1076.5,185.8,8721.7,14569.7,0,2,08/09/2026,OFFPEAK,AUGUST,2026
08/09/2026 03:00:00,25.48,25.0675,23.1875,44773.153,883.3,76.2,8396.9,13844.7,0,3,08/09/2026,OFFPEAK,AUGUST,2026
08/09/2026 04:00:00,24.58,23.8725,22.515,43894.4588,679,22,7997.1,12968.1,0,4,08/09/2026,OFFPEAK,AUGUST,2026
08/09/2026 05:00:00,24.36,26.0075,23.19,43483.7112,520.4,5,7624.3,12153.6,0,5,08/09/2026,OFFPEAK,AUGUST,2026
08/09/2026 06:00:00,24.64,25.925,23.1525,43571.9242,409.6,.4,7195.1,11226,0,6,08/09/2026,OFFPEAK,AUGUST,2026
08/09/2026 07:00:00,23.34,26.08,23.41,44164.8708,323.3,0,6558.8,10092.5,17.1,7,08/09/2026,WEPEAK,AUGUST,2026
08/09/2026 08:00:00,21.2,24.12,20.5025,41919.6677,237.7,0,5792.5,8802.5,3239.2,8,08/09/2026,WEPEAK,AUGUST,2026
08/09/2026 09:00:00,16.36,17.8075,17.53,32031.6422,143.7,0,4586.1,6866.1,18154,9,08/09/2026,WEPEAK,AUGUST,2026
08/09/2026 10:00:00,17.34,21.0275,17.3725,27002.3827,85.9,0,4020.8,5718.9,29084,10,08/09/2026,WEPEAK,AUGUST,2026
08/09/2026 11:00:00,19.55,20.79,17.0275,28949.7673,63.1,3.6,4028.5,5509.5,32224.9,11,08/09/2026,WEPEAK,AUGUST,2026
08/09/2026 12:00:00,21.29,22.375,19.165,34155.355,79.7,48.6,2964.2,4334.5,33175.9,12,08/09/2026,WEPEAK,AUGUST,2026
08/09/2026 13:00:00,27.92,24.0225,23.4075,39220.2003,125,246.2,2186.8,3646.8,33113.2,13,08/09/2026,WEPEAK,AUGUST,2026
08/09/2026 14:00:00,26.31,31.8625,30.9425,41266.9999,313.7,831.1,3008.7,5503,32730,14,08/09/2026,WEPEAK,AUGUST,2026
08/09/2026 15:00:00,28.48,36.6325,36.615,42924.0397,481.5,1296.2,3508.4,6809.7,32135.4,15,08/09/2026,WEPEAK,AUGUST,2026
08/09/2026 16:00:00,29.2,36.31,36.305,43657.1229,745.7,1685.6,3992.1,8227.1,31191.7,16,08/09/2026,WEPEAK,AUGUST,2026
08/09/2026 17:00:00,27.71,28.8125,36.505,43813.1496,1059.5,1953.4,4598.4,9747.3,29946,17,08/09/2026,WEPEAK,AUGUST,2026
08/09/2026 18:00:00,27.1,21.07,38.485,44338.0131,1438.4,2071.1,5322.5,11372.2,27438.4,18,08/09/2026,WEPEAK,AUGUST,2026
08/09/2026 19:00:00,29.09,20.6775,37.95,48098.7336,1771.2,2016.3,6193.7,12968.7,20567.2,19,08/09/2026,WEPEAK,AUGUST,2026
08/09/2026 20:00:00,36.82,29.7625,48.725,57947.3561,1940.4,1787.1,7243,14385.2,7477.3,20,08/09/2026,WEPEAK,AUGUST,2026
08/09/2026 21:00:00,40.39,37.1425,53.1625,61577.7175,1971.3,1449.7,8493.3,15812.6,342.7,21,08/09/2026,WEPEAK,AUGUST,2026
08/09/2026 22:00:00,41.71,42.265,57.735,57805.5552,1947.5,1177.8,9991.5,17614.7,0,22,08/09/2026,WEPEAK,AUGUST,2026
08/09/2026 23:00:00,36.11,43.34,43.5225,52338.0903,1890.3,1034.1,11376.1,19260.3,0,23,08/09/2026,OFFPEAK,AUGUST,2026
08/10/2026 00:00:00,29.53,31.4875,31.4875,47163.3556,1794.2,950.6,12331.9,20180.5,0,24,08/09/2026,OFFPEAK,AUGUST,2026
08/10/2026 01:00:00,25.44,27.8625,27.8625,43234.7426,1717.7,836.9,12239.4,19664.1,0,1,08/10/2026,OFFPEAK,AUGUST,2026
08/10/2026 02:00:00,23.81,23.61,23.345,40573.7483,1517.7,740.8,12443.7,19535.6,0,2,08/10/2026,OFFPEAK,AUGUST,2026
08/10/2026 03:00:00,22.39,23.0425,22.4225,38951.78,1320.8,627.6,12412.8,19045.4,0,3,08/10/2026,OFFPEAK,AUGUST,2026
08/10/2026 04:00:00,22.02,21.8025,21.8025,38302.3379,1164.5,504.2,12271,18387.5,0,4,08/10/2026,OFFPEAK,AUGUST,2026
08/10/2026 05:00:00,22.37,21.5775,21.5775,38859.6184,1038.2,404.1,11901.1,17515.7,0,5,08/10/2026,OFFPEAK,AUGUST,2026
08/10/2026 06:00:00,24.07,22.5975,22.595,40700.0861,951.4,338.1,11419.4,16545.3,0,6,08/10/2026,OFFPEAK,AUGUST,2026
08/10/2026 07:00:00,24.28,23.4875,23.4875,43257.6721,867,299.2,10752.3,15389.2,14.1,7,08/10/2026,WDPEAK,AUGUST,2026
08/10/2026 08:00:00,22.71,21.295,21.295,42422.9997,762.8,274.7,9566.5,13691.9,2949.8,8,08/10/2026,WDPEAK,AUGUST,2026
08/10/2026 09:00:00,18.76,17.43,17.4325,32907.6213,695.9,311.1,8291.8,11811.9,16808.1,9,08/10/2026,WDPEAK,AUGUST,2026
08/10/2026 10:00:00,17.31,18.705,18.285,26854.88,688.8,494.4,7726.1,11123.8,27313.4,10,08/10/2026,WDPEAK,AUGUST,2026
08/10/2026 11:00:00,17.09,20.2525,19.95,28456.9298,668.3,707.4,6940.1,10620.6,30733.1,11,08/10/2026,WDPEAK,AUGUST,2026
08/10/2026 12:00:00,18.12,22.1475,22.14,33228.6244,655,868.7,5723.5,9347.3,31878,12,08/10/2026,WDPEAK,AUGUST,2026
08/10/2026 13:00:00,19.41,23.6925,23.28,37677.5066,696.3,1166,4933,8729,32094.7,13,08/10/2026,WDPEAK,AUGUST,2026
08/10/2026 14:00:00,21.94,25.045,23.445,40984.5875,781.5,1650.1,4922.8,9387.5,31618.3,14,08/10/2026,WDPEAK,AUGUST,2026
08/10/2026 15:00:00,23.94,31.5975,24.805,42010.7986,924.2,2207.9,5286.6,10631.5,30992.2,15,08/10/2026,WDPEAK,AUGUST,2026
08/10/2026 16:00:00,23.95,28.425,25.145,42026.5513,1115,2762.4,5721.4,12037.3,30159.7,16,08/10/2026,WDPEAK,AUGUST,2026
08/10/2026 17:00:00,22.63,23.5325,23.6525,41758.0887,1389,3189.5,6242,13491.9,29117.2,17,08/10/2026,WDPEAK,AUGUST,2026
08/10/2026 18:00:00,21.34,24.1025,19.29,42063.761,1735.4,3446.9,6885.8,15000.2,26621.4,18,08/10/2026,WDPEAK,AUGUST,2026
08/10/2026 19:00:00,24.11,21.8325,23.02,46047.0928,2130,3521.5,7721.3,16609.9,19631.8,19,08/10/2026,WDPEAK,AUGUST,2026
08/10/2026 20:00:00,24.79,20.1425,28.0725,55935.9256,2481.5,3317.6,8831.9,18195,6653.4,20,08/10/2026,WDPEAK,AUGUST,2026
08/10/2026 21:00:00,25.47,17.9875,27.3325,58820.1754,2668.6,2953,10173.6,19736.8,284.3,21,08/10/2026,WDPEAK,AUGUST,2026
08/10/2026 22:00:00,28.3,20.04,25.84,54812.3656,2757.3,2634,11627.3,21431.7,0,22,08/10/2026,WDPEAK,AUGUST,2026
08/10/2026 23:00:00,27.83,21.5125,23.8775,49303.2972,2767.8,2425.4,12959.8,23020.7,0,23,08/10/2026,OFFPEAK,AUGUST,2026
08/11/2026 00:00:00,23.95,21.245,22.4875,44509.4012,2710.7,2274.9,13725.1,23706,0,24,08/10/2026,OFFPEAK,AUGUST,2026
08/11/2026 01:00:00,22.96,21.175,21.2675,42082.8699,2634.1,2063.3,13646,22941.8,0,1,08/11/2026,OFFPEAK,AUGUST,2026
08/11/2026 02:00:00,21.94,19.665,19.665,39218.2291,2503.3,1931.6,13658.9,22733.7,0,2,08/11/2026,OFFPEAK,AUGUST,2026
08/11/2026 03:00:00,21.44,17.885,17.885,37466.5207,2364.8,1756.1,13455,22160.9,0,3,08/11/2026,OFFPEAK,AUGUST,2026
08/11/2026 04:00:00,21.6,17.7925,17.7925,36843.44,2213.5,1516.6,13087,21294.6,0,4,08/11/2026,OFFPEAK,AUGUST,2026
08/11/2026 05:00:00,21.63,17.535,17.535,37243.0809,2063.6,1291.6,12667.8,20351.4,0,5,08/11/2026,OFFPEAK,AUGUST,2026
08/11/2026 06:00:00,22.54,19.11,19.11,38730.2518,1950.1,1105.1,12385.1,19573.7,0,6,08/11/2026,OFFPEAK,AUGUST,2026
08/11/2026 07:00:00,22.65,20.86,20.86,40794.2502,1858.8,994.2,12029.4,18734.2,11.8,7,08/11/2026,WDPEAK,AUGUST,2026
08/11/2026 08:00:00,21.92,20.025,20.025,39319.2593,1740.2,926.2,11205.7,17369.1,2922,8,08/11/2026,WDPEAK,AUGUST,2026
08/11/2026 09:00:00,16.33,15.3575,14.7125,28422.4804,1751.4,1012.5,11083.8,17065.1,16750.5,9,08/11/2026,WDPEAK,AUGUST,2026
08/11/2026 10:00:00,12.52,13.315,11.1875,20600.2402,1925.9,1388.3,11958.7,18359,27352.5,10,08/11/2026,WDPEAK,AUGUST,2026
08/11/2026 11:00:00,10.4,11.16,7.9775,21824.9703,2023.4,1741.2,11448.3,18095.9,31040,11,08/11/2026,WDPEAK,AUGUST,2026
08/11/2026 12:00:00,11.02,7.725,11.42,26550.9613,2025.4,1959.3,10364,16909.6,32372.2,12,08/11/2026,WDPEAK,AUGUST,2026
08/11/2026 13:00:00,12.64,5.76,14.0725,31415.4597,2048.6,2259.2,9545.9,16214.2,32603.1,13,08/11/2026,WDPEAK,AUGUST,2026
08/11/2026 14:00:00,14.51,6.5875,17.8925,35284.5891,2096.5,2648.9,9089.5,16104.7,32337.9,14,08/11/2026,WDPEAK,AUGUST,2026
08/11/2026 15:00:00,14.12,10.0775,21.045,37088.9591,2143,3098.2,9119.8,16711.5,31925.7,15,08/11/2026,WDPEAK,AUGUST,2026
08/11/2026 16:00:00,14.51,12.9825,22.9825,37762.5097,2211.6,3458,9262.5,17411.4,31369.5,16,08/11/2026,WDPEAK,AUGUST,2026
08/11/2026 17:00:00,15.25,15.7625,24.035,38271.4506,2343.9,3627.5,9489.4,18117,30433,17,08/11/2026,WDPEAK,AUGUST,2026
08/11/2026 18:00:00,15.43,15.5775,25.35,39167.0501,2529.5,3682.9,10047.9,19125.2,28092.9,18,08/11/2026,WDPEAK,AUGUST,2026
08/11/2026 19:00:00,18.71,19.105,33.1,44010.6489,2708.3,3609.3,10740.5,20294.7,20805.3,19,08/11/2026,WDPEAK,AUGUST,2026
08/11/2026 20:00:00,24.89,24.1925,49.8875,55670.2904,2855.7,3313.2,11610.7,21323.2,6644.5,20,08/11/2026,WDPEAK,AUGUST,2026
08/11/2026 21:00:00,27.46,27.3475,47.0625,58551.6999,2941.7,2884.6,12623.9,22374.9,251.4,21,08/11/2026,WDPEAK,AUGUST,2026
08/11/2026 22:00:00,28.26,35.5925,65.4925,54431.1087,2955,2559.9,13879.9,23970,0,22,08/11/2026,WDPEAK,AUGUST,2026
08/11/2026 23:00:00,29.46,30.4025,35.8225,48848.5388,2930.3,2363.4,14986.9,25386.8,0,23,08/11/2026,OFFPEAK,AUGUST,2026
08/12/2026 00:00:00,23.84,27.06,28.1275,44003.7311,2875.3,2251.6,15557.1,25971.7,0,24,08/11/2026,OFFPEAK,AUGUST,2026
08/12/2026 01:00:00,22.95,21.335,22.45,40642.4591,2726.7,2194.4,14643.8,24640.3,0,1,08/12/2026,OFFPEAK,AUGUST,2026
08/12/2026 02:00:00,22.47,21.375,21.6525,37895.9401,2622.2,2025.5,14440.1,24182.9,0,2,08/12/2026,OFFPEAK,AUGUST,2026
08/12/2026 03:00:00,21.46,20.8625,20.8625,35909.399,2500.4,1864.9,14433.1,23799.3,0,3,08/12/2026,OFFPEAK,AUGUST,2026
08/12/2026 04:00:00,20.8,21.075,21.075,34919.5786,2348.8,1661.1,14394,23224.9,0,4,08/12/2026,OFFPEAK,AUGUST,2026
08/12/2026 05:00:00,20.31,21.7575,21.7575,34998.9589,2227.4,1493.6,14273.8,22550.6,0,5,08/12/2026,OFFPEAK,AUGUST,2026
08/12/2026 06:00:00,22.04,23.125,23.125,36660.2191,2102.9,1318.1,13940.4,21626.3,0,6,08/12/2026,OFFPEAK,AUGUST,2026
08/12/2026 07:00:00,21.61,23.9125,23.9125,38705.6197,1995.5,1198.6,13640.9,20810.6,8.9,7,08/12/2026,WDPEAK,AUGUST,2026
08/12/2026 08:00:00,19.58,20.045,20.05,36923.5997,1981.1,1350.3,13018.1,19890.8,2784.4,8,08/12/2026,WDPEAK,AUGUST,2026
08/12/2026 09:00:00,16.09,14.015,13.99,24489.8908,2206.3,1863.2,13972,21574.8,15944.6,9,08/12/2026,WDPEAK,AUGUST,2026
08/12/2026 10:00:00,12.62,12.26,13.6375,17986.57,2253.8,2200.7,13805.8,21667.5,26608.5,10,08/12/2026,WDPEAK,AUGUST,2026
08/12/2026 11:00:00,9.07,12.9475,13.1425,19237.7291,2273.8,2539.3,13124.4,20974.9,30809.9,11,08/12/2026,WDPEAK,AUGUST,2026
08/12/2026 12:00:00,10.82,14.6375,13.485,23256.081,2334.5,2894.3,12441,20584.4,32139.1,12,08/12/2026,WDPEAK,AUGUST,2026
08/12/2026 13:00:00,12.73,15.245,15.3125,27665.8191,2400.7,3246.8,11665.2,20166.7,32397.9,13,08/12/2026,WDPEAK,AUGUST,2026
08/12/2026 14:00:00,16.76,23.2725,17.73,31153.8997,2456.4,3595.6,11235.1,20241,32231.4,14,08/12/2026,WDPEAK,AUGUST,2026
08/12/2026 15:00:00,18.55,23.795,21.365,32951.53,2510.6,3877.4,11053.3,20530.5,32118.3,15,08/12/2026,WDPEAK,AUGUST,2026
08/12/2026 16:00:00,20.45,22.7075,20.305,33728.6313,2608.8,4086,11030.2,20983.9,31794.3,16,08/12/2026,WDPEAK,AUGUST,2026
08/12/2026 17:00:00,15.49,17.575,29.605,34320.9718,2778.3,4158,11453.5,21876.1,30680.2,17,08/12/2026,WDPEAK,AUGUST,2026
08/12/2026 18:00:00,16.37,24.9875,34.2025,35151.1503,2981.9,4210,12173,23076.1,28231.9,18,08/12/2026,WDPEAK,AUGUST,2026
08/12/2026 19:00:00,17.14,28.82,41.63,40219.9603,3157,4215.2,13108.3,24529.6,20468.8,19,08/12/2026,WDPEAK,AUGUST,2026
08/12/2026 20:00:00,22.07,31.685,52.74,52471.5815,3211.9,3934.7,13728.7,25154.6,6141.4,20,08/12/2026,WDPEAK,AUGUST,2026
08/12/2026 21:00:00,23.2,29.4975,57.9025,55386.3905,3246,3608.3,14228.6,25676,182.6,21,08/12/2026,WDPEAK,AUGUST,2026
08/12/2026 22:00:00,24.12,27.0975,40.695,52449.7502,3237.1,3258.5,14577.5,26083.7,0,22,08/12/2026,WDPEAK,AUGUST,2026
08/12/2026 23:00:00,24.76,24.1275,34.3675,47854.2797,3205.8,3125.4,14902.1,26441,0,23,08/12/2026,OFFPEAK,AUGUST,2026
08/13/2026 00:00:00,20.73,18.115,26.06,43499.8707,3196.9,3000.2,14914.9,26514.8,0,24,08/12/2026,OFFPEAK,AUGUST,2026
08/13/2026 01:00:00,18.69,14.9775,23.4225,39715.8312,3208.9,3017.3,15891.5,27523.5,0,1,08/13/2026,OFFPEAK,AUGUST,2026
08/13/2026 02:00:00,18.32,14.7775,22.7125,36635.3398,3139.5,2886.1,15951.8,27402.8,0,2,08/13/2026,OFFPEAK,AUGUST,2026
08/13/2026 03:00:00,18.72,15.195,21.6325,34378.7102,3021.6,2731.4,16071.7,27221.2,0,3,08/13/2026,OFFPEAK,AUGUST,2026
08/13/2026 04:00:00,17.9,19.1975,20.34,32993.7998,2888.3,2524.7,16229.2,26925.2,0,4,08/13/2026,OFFPEAK,AUGUST,2026
08/13/2026 05:00:00,18.88,20.465,20.545,32763.8293,2705.5,2331.2,16256.9,26397.6,0,5,08/13/2026,OFFPEAK,AUGUST,2026
08/13/2026 06:00:00,19.44,21.4975,21.5075,33949.8307,2543.3,2133.4,15970.1,25647.2,0,6,08/13/2026,OFFPEAK,AUGUST,2026
08/13/2026 07:00:00,19.99,23.255,23.255,36179.1399,2381.9,1967.1,15424.5,24603.7,8.4,7,08/13/2026,WDPEAK,AUGUST,2026
08/13/2026 08:00:00,19.21,21.645,21.645,34628.5995,2288.1,2055.9,14568.3,23424.2,2768.9,8,08/13/2026,WDPEAK,AUGUST,2026
08/13/2026 09:00:00,10.96,14.415,14.105,22445.3691,2544.1,2597.1,15282.8,24980.4,15960.8,9,08/13/2026,WDPEAK,AUGUST,2026
08/13/2026 10:00:00,5.41,7.355,9.83,16715.1808,2603.2,2912.1,14779.6,24598.5,26485.7,10,08/13/2026,WDPEAK,AUGUST,2026
08/13/2026 11:00:00,4.61,8.105,10.355,18532.4406,2630.1,3124.8,13809.6,23499.6,30726,11,08/13/2026,WDPEAK,AUGUST,2026
08/13/2026 12:00:00,5.46,9.7225,12.5825,23054.4697,2601.4,3323.1,13060.1,22617.1,32041.8,12,08/13/2026,WDPEAK,AUGUST,2026
08/13/2026 13:00:00,9.31,13.9475,13.5925,28171.8898,2576.1,3567.6,11961.4,21587.9,32317.8,13,08/13/2026,WDPEAK,AUGUST,2026
08/13/2026 14:00:00,11.17,19.955,19.0225,32116.2507,2597.4,3809.3,11178.1,21103.7,32283.4,14,08/13/2026,WDPEAK,AUGUST,2026
08/13/2026 15:00:00,15.14,26.2325,23.415,34354.4715,2665.4,4030.9,10687.1,21003.8,32108.8,15,08/13/2026,WDPEAK,AUGUST,2026
08/13/2026 16:00:00,16.6,23.1275,22.8525,35194.1617,2790.7,4178.4,10592.3,21373,31703.9,16,08/13/2026,WDPEAK,AUGUST,2026
08/13/2026 17:00:00,16.43,16.43,20.6125,35530.2683,3010.1,4247.1,11194.6,22460.6,30486.5,17,08/13/2026,WDPEAK,AUGUST,2026
08/13/2026 18:00:00,16.49,14.645,24.2675,36201.4086,3224.9,4268.5,12189.9,23898.1,27891.8,18,08/13/2026,WDPEAK,AUGUST,2026
08/13/2026 19:00:00,17.09,16.7325,39.205,40918.2412,3373.8,4278.5,13218.2,25288.6,20231.5,19,08/13/2026,WDPEAK,AUGUST,2026
08/13/2026 20:00:00,20.37,21.37,50.5025,53217.2007,3355.9,3926.1,13850.5,25604.6,5924.6,20,08/13/2026,WDPEAK,AUGUST,2026
08/13/2026 21:00:00,21,22.64,71.735,55987.6492,3325.3,3570.2,14493.2,26039.7,181.5,21,08/13/2026,WDPEAK,AUGUST,2026
08/13/2026 22:00:00,24.93,21.0525,37.94,53404.06,3244.4,3125.4,14843.3,26105.8,0,22,08/13/2026,WDPEAK,AUGUST,2026
08/13/2026 23:00:00,26.68,20.645,37.6675,49127.0193,3125.5,2843.7,15172.5,26222.8,0,23,08/13/2026,OFFPEAK,AUGUST,2026
08/14/2026 00:00:00,24.6,19.455,34.1025,44908.0506,2982.5,2601.7,15350.4,26095.9,0,24,08/13/2026,OFFPEAK,AUGUST,2026
08/14/2026 01:00:00,19.51,21.3225,28.31,41114.6703,3078.2,2814.8,15146.8,26401.3,0,1,08/14/2026,OFFPEAK,AUGUST,2026
08/14/2026 02:00:00,21.12,24.4575,25.0975,38237.0498,2851.3,2508.2,15384.7,26087.6,0,2,08/14/2026,OFFPEAK,AUGUST,2026
08/14/2026 03:00:00,21.28,23.28,23.28,35897.8307,2603.3,2218.1,15811.1,25908.4,0,3,08/14/2026,OFFPEAK,AUGUST,2026
08/14/2026 04:00:00,21.87,22.3675,22.375,34927.0603,2365.9,1928.3,15888.1,25293.2,0,4,08/14/2026,OFFPEAK,AUGUST,2026
08/14/2026 05:00:00,21.69,21.355,21.355,35363.5306,2190.6,1647.9,15532.3,24208,0,5,08/14/2026,OFFPEAK,AUGUST,2026
08/14/2026 06:00:00,22.82,21.935,21.935,36890.9397,2064.1,1437.8,14866.9,22908.3,0,6,08/14/2026,OFFPEAK,AUGUST,2026
08/14/2026 07:00:00,23.52,23.365,23.365,39429.3203,1970.1,1305.5,13983.2,21523.3,6.3,7,08/14/2026,WDPEAK,AUGUST,2026
08/14/2026 08:00:00,22.23,19.965,20.4525,38409.5102,1963.9,1416.4,13090.8,20292,2489.7,8,08/14/2026,WDPEAK,AUGUST,2026
08/14/2026 09:00:00,17.56,14.885,16.0275,27843.549,2297.4,1840.9,13447.5,21199.5,14682.2,9,08/14/2026,WDPEAK,AUGUST,2026
08/14/2026 10:00:00,10.73,13.3475,13.9075,22254.8507,2401,2243.3,12605.1,20555.6,24939.7,10,08/14/2026,WDPEAK,AUGUST,2026
08/14/2026 11:00:00,11.58,11.3225,11.8775,24096.9991,2410,2492.5,11444.1,19188.4,29112.8,11,08/14/2026,WDPEAK,AUGUST,2026
08/14/2026 12:00:00,11.06,11.57,12.7625,27771.1611,2408.2,2766.6,10534.6,18215.5,30904.2,12,08/14/2026,WDPEAK,AUGUST,2026
08/14/2026 13:00:00,12.68,15.57,15.475,31838.05,2424.5,3078,9682.3,17494.3,31536.8,13,08/14/2026,WDPEAK,AUGUST,2026
08/14/2026 14:00:00,15.76,18.0775,16.4275,34240.9215,2463.2,3382.2,9641.1,17973.5,31789.9,14,08/14/2026,WDPEAK,AUGUST,2026
08/14/2026 15:00:00,18.15,25.1125,19.7175,35285.2385,2511.6,3632.1,9957.6,18903.3,31450.1,15,08/14/2026,WDPEAK,AUGUST,2026
08/14/2026 16:00:00,20.56,25.9075,20.3075,35224.9812,2619.1,3861.2,10511,20121.9,30669.7,16,08/14/2026,WDPEAK,AUGUST,2026
08/14/2026 17:00:00,19.68,19.2725,17.095,35621.6801,2809.8,3944.3,11340.5,21499.8,28888.7,17,08/14/2026,WDPEAK,AUGUST,2026
08/14/2026 18:00:00,19.04,21.0225,17.2075,35864.9487,3028,3952.1,12429.8,23079.3,26128.7,18,08/14/2026,WDPEAK,AUGUST,2026
08/14/2026 19:00:00,21.68,27.205,20.7675,40372.889,3206.3,3905,13429.6,24454.4,18683.4,19,08/14/2026,WDPEAK,AUGUST,2026
08/14/2026 20:00:00,24.24,29.5075,28.71,51891.4196,3180.2,3513.4,13404.7,23872.9,5852.2,20,08/14/2026,WDPEAK,AUGUST,2026
08/14/2026 21:00:00,26.15,26.885,29.17,55725.0391,3146.5,3139,13424.2,23483.9,183.7,21,08/14/2026,WDPEAK,AUGUST,2026
08/14/2026 22:00:00,23.38,26.745,26.76,54230.9918,3054.5,2759.4,13165.1,22868.6,0,22,08/14/2026,WDPEAK,AUGUST,2026
08/14/2026 23:00:00,23.3,26.545,26.5475,51044.6891,2965.2,2528.4,12955.3,22570.6,0,23,08/14/2026,OFFPEAK,AUGUST,2026
08/15/2026 00:00:00,24.57,25.7825,25.7825,47603.8213,2846.1,2328.9,12945.2,22394.6,0,24,08/14/2026,OFFPEAK,AUGUST,2026
08/15/2026 01:00:00,20.77,23.6825,23.6825,42366.7308,2819,2232.4,14582.6,24242,0,1,08/15/2026,OFFPEAK,AUGUST,2026
08/15/2026 02:00:00,22.17,23.3775,23.3775,39825.8704,2590.9,2010.3,14609.2,23709.9,0,2,08/15/2026,OFFPEAK,AUGUST,2026
08/15/2026 03:00:00,22.64,23.4925,23.4925,38229.2295,2387.7,1781.5,14300.2,22717,0,3,08/15/2026,OFFPEAK,AUGUST,2026
08/15/2026 04:00:00,22.38,23.1375,23.1375,37379.2291,2160.8,1543,13892.4,21660.5,0,4,08/15/2026,OFFPEAK,AUGUST,2026
08/15/2026 05:00:00,22.22,23.7325,23.7325,37322.3587,1960,1241.9,13396.9,20445.5,0,5,08/15/2026,OFFPEAK,AUGUST,2026
08/15/2026 06:00:00,23.04,25.4775,25.4775,37841.7209,1790.5,994.2,12648.3,19060.4,0,6,08/15/2026,OFFPEAK,AUGUST,2026
08/15/2026 07:00:00,23.76,25.3775,25.3775,38755.6197,1634.2,827.3,11959.8,17859.3,6.1,7,08/15/2026,WEPEAK,AUGUST,2026
08/15/2026 08:00:00,22.86,23.29,23.285,37368.1001,1605.7,847,10839,16325.1,2632,8,08/15/2026,WEPEAK,AUGUST,2026
08/15/2026 09:00:00,17.86,15.79,15.3525,26889.2106,1776.2,1128.4,11104.8,17036.9,15814.3,9,08/15/2026,WEPEAK,AUGUST,2026
08/15/2026 10:00:00,14.92,14.295,13.2125,22133.9401,1820.2,1306.1,10336.8,16199.8,26303,10,08/15/2026,WEPEAK,AUGUST,2026
08/15/2026 11:00:00,14.3,14.59,15.03,24085.7986,1872.2,1503,9318.6,14927.7,30806.1,11,08/15/2026,WEPEAK,AUGUST,2026
08/15/2026 12:00:00,13.67,15.2925,17.775,28247.72,1886.1,1767.2,8519.6,14048.8,32412,12,08/15/2026,WEPEAK,AUGUST,2026
08/15/2026 13:00:00,14.98,15.0575,20.365,32300.1106,1879.6,2086.8,8073.1,13818.5,32829.1,13,08/15/2026,WEPEAK,AUGUST,2026
08/15/2026 14:00:00,18.01,14.81,22.7775,34750.0493,1920.8,2323.2,8389.5,14563.4,32888.2,14,08/15/2026,WEPEAK,AUGUST,2026
08/15/2026 15:00:00,20.24,20.825,22.9575,36543.1682,1988.4,2563.3,8845.7,15513.5,32498.4,15,08/15/2026,WEPEAK,AUGUST,2026
08/15/2026 16:00:00,22.56,16.51,22.735,37373.0204,2126.8,2837.1,9409.9,16729.5,31857.3,16,08/15/2026,WEPEAK,AUGUST,2026
08/15/2026 17:00:00,20.43,13.5075,20.97,37401.8094,2374.3,2974.8,9998.7,17876.4,31031.4,17,08/15/2026,WEPEAK,AUGUST,2026
08/15/2026 18:00:00,19.87,8.765,19.515,38230.2488,2687.1,3034.7,10590.3,19052.3,28586.6,18,08/15/2026,WEPEAK,AUGUST,2026
08/15/2026 19:00:00,21.28,15.1125,27.45,43232.9897,2909.4,3052.6,11277.3,20257,20727.6,19,08/15/2026,WEPEAK,AUGUST,2026
08/15/2026 20:00:00,27.08,25.79,40.3525,55396.9883,2886.8,2655.6,11548.7,20323.8,6447.1,20,08/15/2026,WEPEAK,AUGUST,2026
08/15/2026 21:00:00,30,27.4375,37.7725,58898.7099,2858.6,2256.2,11766.9,20399.3,192.7,21,08/15/2026,WEPEAK,AUGUST,2026
08/15/2026 22:00:00,30.87,30.1,31.0525,56457.78,2736,1921.2,11980,20485,0,22,08/15/2026,WEPEAK,AUGUST,2026
08/15/2026 23:00:00,32.71,32.8625,32.89,53030.239,2509,1667.7,12337.5,20273.2,0,23,08/15/2026,OFFPEAK,AUGUST,2026
08/16/2026 00:00:00,29.34,36.2675,35.95,49300.4304,2318.4,1486.5,12600.4,20239,0,24,08/15/2026,OFFPEAK,AUGUST,2026
08/16/2026 01:00:00,24.79,35.9875,33.5875,44535.391,2195.6,1364.7,13969.7,21483,0,1,08/16/2026,OFFPEAK,AUGUST,2026
08/16/2026 02:00:00,23.9,32.4275,29.565,42280.0904,1969.9,1158.7,13627.2,20567.4,0,2,08/16/2026,OFFPEAK,AUGUST,2026
08/16/2026 03:00:00,23.21,33.12,28.0275,40722.0414,1723.4,940.6,13273.1,19595.1,0,3,08/16/2026,OFFPEAK,AUGUST,2026
08/16/2026 04:00:00,22.94,25.95,25.435,39758.1903,1474.3,728.9,13026.3,18727.7,0,4,08/16/2026,OFFPEAK,AUGUST,2026
08/16/2026 05:00:00,22.34,23.5075,23.5075,39391.4699,1255.6,539.1,12682.6,17744.5,0,5,08/16/2026,OFFPEAK,AUGUST,2026
08/16/2026 06:00:00,23.19,26.6725,26.6725,39455.9699,1098.7,388.7,12181.6,16691.7,0,6,08/16/2026,OFFPEAK,AUGUST,2026
08/16/2026 07:00:00,22.54,27.4375,27.4375,40494.8901,972.7,288,11430.1,15350.8,5.4,7,08/16/2026,WEPEAK,AUGUST,2026
08/16/2026 08:00:00,20.78,22.1,22.1,39180.3807,839.6,228.7,10263.5,13473.9,2753.8,8,08/16/2026,WEPEAK,AUGUST,2026
08/16/2026 09:00:00,16.27,17.4475,17.4525,30247.4192,745,228.4,8996.8,11402.1,16688,9,08/16/2026,WEPEAK,AUGUST,2026
08/16/2026 10:00:00,15.57,16.295,16.235,25711.6596,721.4,319.3,8015.2,10004.8,27653.8,10,08/16/2026,WEPEAK,AUGUST,2026
08/16/2026 11:00:00,16.35,16.9625,16.8925,28268.96,684.7,449.3,6883.9,8730,31839,11,08/16/2026,WEPEAK,AUGUST,2026
08/16/2026 12:00:00,19.33,17.965,18.56,33663.7402,621.8,602.1,5570.2,7213.2,33185.7,12,08/16/2026,WEPEAK,AUGUST,2026
08/16/2026 13:00:00,21.8,18.2175,20.7375,38802.0901,608.9,875.1,4634.2,6348.9,33373.4,13,08/16/2026,WEPEAK,AUGUST,2026
08/16/2026 14:00:00,24.06,20.0825,24.0525,42113.8098,631.6,1291.2,4161.5,6276.5,33592.7,14,08/16/2026,WEPEAK,AUGUST,2026
08/16/2026 15:00:00,24.51,28.0675,31.4975,44305.1614,724.9,1782.6,4101,6845.9,33403.1,15,08/16/2026,WEPEAK,AUGUST,2026
08/16/2026 16:00:00,25.34,23.6175,28.02,45542.5405,947.1,2213,4206.3,7688.3,32954.7,16,08/16/2026,WEPEAK,AUGUST,2026
08/16/2026 17:00:00,21.89,21.9575,25.85,45744.1708,1258,2521.5,4405.4,8684.8,32405.8,17,08/16/2026,WEPEAK,AUGUST,2026
08/16/2026 18:00:00,20.95,18.23,23.28,46914.5497,1646.3,2703.7,4781.3,9793.3,30092.2,18,08/16/2026,WEPEAK,AUGUST,2026
08/16/2026 19:00:00,21.03,21.7175,39.0825,52678.2887,2036.8,2655.3,5295.3,10846.6,22007.4,19,08/16/2026,WEPEAK,AUGUST,2026
08/16/2026 20:00:00,19.76,30.955,74.6925,65007.0199,2318.8,2349.6,5876.1,11684.4,6900.6,20,08/16/2026,WEPEAK,AUGUST,2026
08/16/2026 21:00:00,25.42,39.5475,89.325,68086.8895,2428.9,1906.7,6836.5,12676.7,190,21,08/16/2026,WEPEAK,AUGUST,2026
08/16/2026 22:00:00,32.66,45.525,69.1275,63959.6016,2380.6,1510.9,8260.7,14342.5,0,22,08/16/2026,WEPEAK,AUGUST,2026
08/16/2026 23:00:00,42.81,31.1825,32.985,58471.1721,2220.2,1224.7,9578.4,15800.3,0,23,08/16/2026,OFFPEAK,AUGUST,2026
08/17/2026 00:00:00,30.34,27.1575,26.9275,53370.2995,1978.2,1006.1,10589.3,16532.2,0,24,08/16/2026,OFFPEAK,AUGUST,2026
08/17/2026 01:00:00,29.54,23.975,23.945,49684.4009,1845.2,873.8,10769.4,16603.1,0,1,08/17/2026,OFFPEAK,AUGUST,2026
08/17/2026 02:00:00,27.46,24.0575,24.0575,46470.5797,1573.4,650.1,10937.9,16189,0,2,08/17/2026,OFFPEAK,AUGUST,2026
08/17/2026 03:00:00,26.55,23,23,44506.5101,1312.5,456.4,10681.9,15421.8,0,3,08/17/2026,OFFPEAK,AUGUST,2026
08/17/2026 04:00:00,25.13,22.025,22.025,43925.4491,1100.5,310.9,10124.5,14454.5,0,4,08/17/2026,OFFPEAK,AUGUST,2026
08/17/2026 05:00:00,26.97,21.8675,21.8675,44533.1595,925.7,179.4,9385.4,13229.4,0,5,08/17/2026,OFFPEAK,AUGUST,2026
08/17/2026 06:00:00,30.02,25.0975,25.0975,46569.7098,776.4,91,8396,11626.5,0,6,08/17/2026,OFFPEAK,AUGUST,2026
08/17/2026 07:00:00,33.09,28.875,28.875,49710.1706,645.9,46.8,7187.4,9773.4,4.3,7,08/17/2026,WDPEAK,AUGUST,2026
08/17/2026 08:00:00,32.17,29.225,29.225,48862.8398,516.7,32.5,5987.3,8017.7,2750.8,8,08/17/2026,WDPEAK,AUGUST,2026
08/17/2026 09:00:00,22.04,20.47,19.4475,39193.0895,378.5,40.3,4386.3,5736.1,17365.1,9,08/17/2026,WDPEAK,AUGUST,2026
08/17/2026 10:00:00,21.59,20.3775,17.2025,34537.6712,292.8,99,3038.4,3881.1,28521.9,10,08/17/2026,WDPEAK,AUGUST,2026
08/17/2026 11:00:00,22.4,20.875,18.4375,36717.3183,268,213.4,2394.1,3100.1,32389.1,11,08/17/2026,WDPEAK,AUGUST,2026
08/17/2026 12:00:00,25.44,24.56,21.4475,41502.9702,253.8,373.6,1733.2,2479.8,33663.9,12,08/17/2026,WDPEAK,AUGUST,2026
08/17/2026 13:00:00,27.55,24.68,32.1075,46417.3601,274.9,657.1,1310.9,2305.3,33763.9,13,08/17/2026,WDPEAK,AUGUST,2026
08/17/2026 14:00:00,28.9,35.71,36.495,49732.639,342.3,1065.7,1304.9,2795,33770.1,14,08/17/2026,WDPEAK,AUGUST,2026
08/17/2026 15:00:00,32.97,32.6,28.915,51509.5095,443.3,1554.9,1547.2,3673,33556.4,15,08/17/2026,WDPEAK,AUGUST,2026
08/17/2026 16:00:00,29.77,27.065,29.355,52011.3507,615.3,2021.4,1801.5,4660.8,33198.1,16,08/17/2026,WDPEAK,AUGUST,2026
08/17/2026 17:00:00,30.36,20.1275,27.1875,51827.7719,997.1,2317.5,2094.4,5721.7,32605.3,17,08/17/2026,WDPEAK,AUGUST,2026
08/17/2026 18:00:00,28.77,16.6475,36.4725,52882.031,1495.7,2421.1,2553.2,6904.9,30134.1,18,08/17/2026,WDPEAK,AUGUST,2026
08/17/2026 19:00:00,35.88,19.89,97.8775,59295.67,1852.7,2317.2,3077.5,7985,21744.1,19,08/17/2026,WDPEAK,AUGUST,2026
08/17/2026 20:00:00,56.32,33.955,201.8725,72082.351,2022.5,2027.5,3670.2,8788.3,6563.1,20,08/17/2026,WDPEAK,AUGUST,2026
08/17/2026 21:00:00,59.62,49.695,300.6425,74798.7799,2057.1,1666.8,4581,9758.4,181.9,21,08/17/2026,WDPEAK,AUGUST,2026
08/17/2026 22:00:00,89.16,68.195,105.665,70417.0601,2040.1,1365.2,5884.2,11267.5,0,22,08/17/2026,WDPEAK,AUGUST,2026
08/17/2026 23:00:00,71.06,39.405,41.915,64179.0484,1974.5,1169.2,7225.7,12911.7,0,23,08/17/2026,OFFPEAK,AUGUST,2026
08/18/2026 00:00:00,37.96,29.57,29.57,58148.5205,1821.6,1029.4,8324.8,14187.3,0,24,08/17/2026,OFFPEAK,AUGUST,2026
08/18/2026 01:00:00,29.24,28.7,28.7,49050.2692,1736,944.6,10174.2,16666.2,0,1,08/18/2026,OFFPEAK,AUGUST,2026
08/18/2026 02:00:00,26.28,24.325,24.325,45686.4699,1506,821.5,10562.1,16797.4,0,2,08/18/2026,OFFPEAK,AUGUST,2026
08/18/2026 03:00:00,24.82,23.305,23.305,43655.36,1323.8,695,10617.8,16611.1,0,3,08/18/2026,OFFPEAK,AUGUST,2026
08/18/2026 04:00:00,24.26,22.4975,22.485,42658.43,1196,589.9,10319,16072.8,0,4,08/18/2026,OFFPEAK,AUGUST,2026
08/18/2026 05:00:00,24.61,21.7375,21.7375,42643.0891,1092.9,500.1,9756.8,15302.2,0,5,08/18/2026,OFFPEAK,AUGUST,2026
08/18/2026 06:00:00,25.77,22.3075,22.3075,44198.6898,1010.4,440.9,8924.1,14264.2,0,6,08/18/2026,OFFPEAK,AUGUST,2026
08/18/2026 07:00:00,27.34,25.485,25.485,46439.0799,938.1,417.2,7992.1,13122.8,4,7,08/18/2026,WDPEAK,AUGUST,2026
08/18/2026 08:00:00,26.55,23.505,23.485,45107.9291,842,404.7,7134.1,11983.9,2674.9,8,08/18/2026,WDPEAK,AUGUST,2026
08/18/2026 09:00:00,20.22,16.1775,15.745,35554.6907,748.4,439.2,5391.8,9648.3,17475.1,9,08/18/2026,WDPEAK,AUGUST,2026
08/18/2026 10:00:00,17.61,16.6775,15.255,30479.2505,711.1,607.7,3769,7599.9,29033.1,10,08/18/2026,WDPEAK,AUGUST,2026
08/18/2026 11:00:00,18.74,16.7375,15.5875,32051.94,665.5,766,3222.3,6927.3,32729,11,08/18/2026,WDPEAK,AUGUST,2026
08/18/2026 12:00:00,20.53,19.7575,20.87,36934.7689,608.3,834,2430.5,6002.7,33842.3,12,08/18/2026,WDPEAK,AUGUST,2026
08/18/2026 13:00:00,22.74,28.8925,29.97,41869.1388,604,1028.5,1843.3,5259.3,33812.5,13,08/18/2026,WDPEAK,AUGUST,2026
08/18/2026 14:00:00,25.28,32.015,36.27,45902.3397,651,1433,1898.1,5525.7,33531.1,14,08/18/2026,WDPEAK,AUGUST,2026
08/18/2026 15:00:00,26.64,29.1575,30.49,47743.8403,743,1992.1,2124.3,6365.5,33193.7,15,08/18/2026,WDPEAK,AUGUST,2026
08/18/2026 16:00:00,26.89,30.865,30.0775,48786.7098,893.8,2560.1,2234.2,7232.8,32656.3,16,08/18/2026,WDPEAK,AUGUST,2026
08/18/2026 17:00:00,27.35,26.0475,36.7125,49182.7183,1076.3,2962.8,2463.6,8039.4,31788.9,17,08/18/2026,WDPEAK,AUGUST,2026
08/18/2026 18:00:00,28.99,28.13,29.695,50282.4895,1311.7,3151.4,2973.5,9146,29108.8,18,08/18/2026,WDPEAK,AUGUST,2026
08/18/2026 19:00:00,33.14,36.045,47.2975,55544.3095,1622.5,3121.1,3653.1,10353.7,20827.9,19,08/18/2026,WDPEAK,AUGUST,2026
08/18/2026 20:00:00,28.11,35.02,98.915,67349.7196,1935.5,2837,4669.1,11785.3,6098.8,20,08/18/2026,WDPEAK,AUGUST,2026
08/18/2026 21:00:00,36.06,34.7075,79.0125,68317.6103,2248.4,2435.2,6525.9,14256.7,156.2,21,08/18/2026,WDPEAK,AUGUST,2026
08/18/2026 22:00:00,35.75,32.62,47.4025,62674.4204,2509.8,2122.8,8913.6,17479.7,0,22,08/18/2026,WDPEAK,AUGUST,2026
08/18/2026 23:00:00,35.85,28.7275,28.88,55645.4795,2562.7,1931.3,10979.4,20037.6,0,23,08/18/2026,OFFPEAK,AUGUST,2026
08/19/2026 00:00:00,28.38,24.8025,24.6825,49524.6515,2484.2,1796.5,12426.1,21735.1,0,24,08/18/2026,OFFPEAK,AUGUST,2026
08/19/2026 01:00:00,25.03,23.245,23.245,43442.5193,2405.2,1784.4,13817.9,23326.7,0,1,08/19/2026,OFFPEAK,AUGUST,2026
08/19/2026 02:00:00,22.7,21.27,21.27,40247.6901,2228.9,1611.6,14318.9,23575.5,0,2,08/19/2026,OFFPEAK,AUGUST,2026
08/19/2026 03:00:00,21.99,19.75,19.75,38431.2001,2045,1435.4,14154.8,23074.3,0,3,08/19/2026,OFFPEAK,AUGUST,2026
08/19/2026 04:00:00,22.48,18.415,18.4175,37693.6092,1876.6,1269.7,13651.5,22183.2,0,4,08/19/2026,OFFPEAK,AUGUST,2026
08/19/2026 05:00:00,22.32,18.1225,18.1225,37998.9504,1754.4,1106.7,13029,21185.8,0,5,08/19/2026,OFFPEAK,AUGUST,2026
08/19/2026 06:00:00,23.54,18.7575,18.7575,39596.9,1668.9,953.7,12257.9,19977.5,0,6,08/19/2026,OFFPEAK,AUGUST,2026
08/19/2026 07:00:00,23.52,19.48,19.4625,42206.2595,1590.2,882,11251.9,18498.9,3.3,7,08/19/2026,WDPEAK,AUGUST,2026
08/19/2026 08:00:00,21.4,18.35,18.2925,41262.9701,1524.3,840.6,10142.1,16880.3,2644.3,8,08/19/2026,WDPEAK,AUGUST,2026
08/19/2026 09:00:00,17.89,16.3525,15.555,30915.3994,1463.9,846.2,8429.8,14338.7,17696.6,9,08/19/2026,WDPEAK,AUGUST,2026
08/19/2026 10:00:00,16.26,14.0175,13.335,25596.5181,1479.6,1086.9,7256.4,12535.3,29227.5,10,08/19/2026,WDPEAK,AUGUST,2026
08/19/2026 11:00:00,15.34,12.1,14.5575,27208.899,1507.2,1342.7,7014.1,12079.1,32791,11,08/19/2026,WDPEAK,AUGUST,2026
08/19/2026 12:00:00,15.83,13.7,18.87,32560.6998,1429.7,1388.4,6118.4,10728.7,33770.7,12,08/19/2026,WDPEAK,AUGUST,2026
08/19/2026 13:00:00,16.94,16.0325,22.6075,38331.1007,1372.1,1520.6,5094,9358,33659.9,13,08/19/2026,WDPEAK,AUGUST,2026
08/19/2026 14:00:00,21.39,20.0375,25.66,42968.6982,1369.4,1859.2,4608.7,8904.4,33348.7,14,08/19/2026,WDPEAK,AUGUST,2026
08/19/2026 15:00:00,23.12,28.09,28.575,45481.3717,1414.3,2327.2,4541.7,9306,33059.2,15,08/19/2026,WDPEAK,AUGUST,2026
08/19/2026 16:00:00,24.79,27.1,28.2125,46644.5697,1506.1,2782.5,4520.2,9863.7,32470,16,08/19/2026,WDPEAK,AUGUST,2026
08/19/2026 17:00:00,26.26,30.6725,28.3925,47547.7716,1658.7,3157.8,4618,10507.4,31380.2,17,08/19/2026,WDPEAK,AUGUST,2026
08/19/2026 18:00:00,27,24.3125,27.8475,48568.1093,1917.3,3394.2,5079.2,11638.4,28881.6,18,08/19/2026,WDPEAK,AUGUST,2026
08/19/2026 19:00:00,29.8,19.51,55.51,54326.0702,2210.6,3398.7,5855.3,13011.5,20370,19,08/19/2026,WDPEAK,AUGUST,2026
08/19/2026 20:00:00,37.99,28.24,56.5275,66072.72,2436.6,3176.9,6882.6,14427,5598.5,20,08/19/2026,WDPEAK,AUGUST,2026
08/19/2026 21:00:00,38,31.5275,51.16,66743.1601,2610,2845.6,8505.3,16596.5,131.5,21,08/19/2026,WDPEAK,AUGUST,2026
08/19/2026 22:00:00,36.71,32.8725,36.205,61117.7186,2718.7,2536,10634.5,19289.7,0,22,08/19/2026,WDPEAK,AUGUST,2026
08/19/2026 23:00:00,35.85,28.935,28.9425,55175.6494,2703.6,2288.6,12453.6,21204.8,0,23,08/19/2026,OFFPEAK,AUGUST,2026
08/20/2026 00:00:00,30.25,25.5775,25.5775,49647.6398,2599.9,2076.5,13589.1,22185.6,0,24,08/19/2026,OFFPEAK,AUGUST,2026
08/20/2026 01:00:00,23.61,23.7825,23.7825,45946.7296,2268.4,1709.5,13773.3,21572.5,0,1,08/20/2026,OFFPEAK,AUGUST,2026
08/20/2026 02:00:00,22.15,22.1475,22.1475,43562.8908,2057,1481.9,13678.8,20868.1,0,2,08/20/2026,OFFPEAK,AUGUST,2026
08/20/2026 03:00:00,22.01,21.46,21.46,42434.1092,1849.6,1276.9,13006,19618.7,0,3,08/20/2026,OFFPEAK,AUGUST,2026
08/20/2026 04:00:00,22.29,21.0325,21.0325,42243.0692,1689.6,1086.3,12162.2,18324.4,0,4,08/20/2026,OFFPEAK,AUGUST,2026
08/20/2026 05:00:00,23.4,19.5625,19.5625,43200.1306,1580.6,916.5,11190.5,16760.7,0,5,08/20/2026,OFFPEAK,AUGUST,2026
08/20/2026 06:00:00,25.08,21.29,21.29,45362.8391,1539.8,838.1,9990.9,14961,0,6,08/20/2026,OFFPEAK,AUGUST,2026
08/20/2026 07:00:00,27.42,23.265,23.265,48042.0612,1540.1,871,8747.7,13328.4,2.4,7,08/20/2026,WDPEAK,AUGUST,2026
08/20/2026 08:00:00,25.27,22.3375,22.4725,47168.5097,1499.4,911,7609.7,11732.9,2442.8,8,08/20/2026,WDPEAK,AUGUST,2026
08/20/2026 09:00:00,20.46,16.2675,16.305,38019.3494,1490.8,1103.8,5823.1,9562,16062.1,9,08/20/2026,WDPEAK,AUGUST,2026
08/20/2026 10:00:00,16.32,15.03,16.6625,32522.2499,1510.4,1496.6,4347.3,8033.9,27468.1,10,08/20/2026,WDPEAK,AUGUST,2026
08/20/2026 11:00:00,14.87,14.3675,18.95,33486.9192,1448.6,1757.6,3729.9,7403.5,32043.9,11,08/20/2026,WDPEAK,AUGUST,2026
08/20/2026 12:00:00,15.83,15.53,21.375,38539.6703,1386.7,1873.3,2619.7,6168.5,33168.4,12,08/20/2026,WDPEAK,AUGUST,2026
08/20/2026 13:00:00,17.09,15.265,24.81,42678.44,1498,2250,2504.4,6627,33081.4,13,08/20/2026,WDPEAK,AUGUST,2026
08/20/2026 14:00:00,21.08,19.17,30.5175,47047.1895,1475.8,2518,2288.4,6583.2,32810.9,14,08/20/2026,WDPEAK,AUGUST,2026
08/20/2026 15:00:00,24.19,23.6375,24.5175,49057.2101,1497.6,2865.7,2525.4,7257.4,32562.6,15,08/20/2026,WDPEAK,AUGUST,2026
08/20/2026 16:00:00,24.06,27.285,26.725,49899.9197,1560.9,3194.1,2786,7998.9,32069.6,16,08/20/2026,WDPEAK,AUGUST,2026
08/20/2026 17:00:00,22.11,24.685,23.8475,50949.0412,1695.4,3435.5,3091.7,8764.9,30768.1,17,08/20/2026,WDPEAK,AUGUST,2026
08/20/2026 18:00:00,21.25,26.995,21.415,52287.4611,1919.9,3553.7,3627.1,9775.4,28022.7,18,08/20/2026,WDPEAK,AUGUST,2026
08/20/2026 19:00:00,33.15,25.6825,46.22,58212.7599,2184.8,3515.5,4380.3,10952.9,19519.9,19,08/20/2026,WDPEAK,AUGUST,2026
08/20/2026 20:00:00,45.37,34.06,64.805,69733.6698,2397.8,3289.8,5193.6,12035.1,5237.5,20,08/20/2026,WDPEAK,AUGUST,2026
08/20/2026 21:00:00,44.45,25.735,63.5925,70943.7697,2530.9,2927.5,6305.2,13476.6,111.3,21,08/20/2026,WDPEAK,AUGUST,2026
08/20/2026 22:00:00,50.45,29.87,56.995,66233.3513,2615.5,2593,7789,15345.5,0,22,08/20/2026,WDPEAK,AUGUST,2026
08/20/2026 23:00:00,36.26,27.895,34.5775,60780.2504,2621.1,2320,8959.5,16736.3,0,23,08/20/2026,OFFPEAK,AUGUST,2026
08/21/2026 00:00:00,29.54,25.7525,28.46,55663.2107,2544.1,2098.4,9710.3,17533.8,0,24,08/20/2026,OFFPEAK,AUGUST,2026
08/21/2026 01:00:00,27,26.11,26.1625,50290.9194,2210.5,1648.4,10502.4,18019.9,0,1,08/21/2026,OFFPEAK,AUGUST,2026
08/21/2026 02:00:00,24.81,27.4725,26.99,47253.1788,2027.6,1474.4,10693.9,17870.1,0,2,08/21/2026,OFFPEAK,AUGUST,2026
08/21/2026 03:00:00,24.62,27.055,26.94,45535.2605,1829.5,1283.2,10246.1,16956.8,0,3,08/21/2026,OFFPEAK,AUGUST,2026
08/21/2026 04:00:00,24.38,26.665,26.665,45368.9205,1655.4,1068,9506.1,15704.3,0,4,08/21/2026,OFFPEAK,AUGUST,2026
08/21/2026 05:00:00,24.26,28.8325,28.83,45975.2602,1522.6,905.8,8758.4,14474.5,0,5,08/21/2026,OFFPEAK,AUGUST,2026
08/21/2026 06:00:00,27.01,29.6575,29.6575,47723.4501,1433.8,815.4,7792.5,13031.9,0,6,08/21/2026,OFFPEAK,AUGUST,2026
08/21/2026 07:00:00,28.34,29.905,29.905,50379.3206,1344,755.6,6741.7,11491.4,1.8,7,08/21/2026,WDPEAK,AUGUST,2026
08/21/2026 08:00:00,27.55,29.09,29.09,49595.1603,1198.8,687.5,5761.7,10005,2295.3,8,08/21/2026,WDPEAK,AUGUST,2026
08/21/2026 09:00:00,20.62,21.1375,21.175,40849.9302,1067.2,758,3757.2,7328.4,16089.6,9,08/21/2026,WDPEAK,AUGUST,2026
08/21/2026 10:00:00,18.95,21.2475,23.04,35650.7292,1013.3,988.9,2314.2,5468.7,27597.5,10,08/21/2026,WDPEAK,AUGUST,2026
08/21/2026 11:00:00,18.73,23.06,24.7975,37308.9009,947,1076.8,1858.5,4839,31599.7,11,08/21/2026,WDPEAK,AUGUST,2026
08/21/2026 12:00:00,20.92,23.1325,25.785,42493.4601,882.7,1057.5,1180.7,3850.2,32681.7,12,08/21/2026,WDPEAK,AUGUST,2026
08/21/2026 13:00:00,23.63,27.29,28.67,47306.0403,816,1144.2,831.1,3289.3,32866.9,13,08/21/2026,WDPEAK,AUGUST,2026
08/21/2026 14:00:00,27.24,36.0475,33.6775,50108.5107,895.7,1577,1551.5,4621.4,32432.4,14,08/21/2026,WDPEAK,AUGUST,2026
08/21/2026 15:00:00,29.04,25.6625,26.9125,51931.001,877,1969.9,1719,5178.7,32177.8,15,08/21/2026,WDPEAK,AUGUST,2026
08/21/2026 16:00:00,28.66,23.8625,26.1475,53071.4007,895.6,2408.6,1920.1,5904.3,31302.1,16,08/21/2026,WDPEAK,AUGUST,2026
08/21/2026 17:00:00,30.89,23.6675,27.05,55368.1397,1030.2,2745.7,2217.6,6789.1,28479.7,17,08/21/2026,WDPEAK,AUGUST,2026
08/21/2026 18:00:00,30.65,22.9175,25.8075,56453.5308,1283.7,2921.2,2698.9,7964.4,25262.7,18,08/21/2026,WDPEAK,AUGUST,2026
08/21/2026 19:00:00,44.11,28.755,41.005,61156.9182,1665.8,2933.7,3420.6,9392.3,17233.4,19,08/21/2026,WDPEAK,AUGUST,2026
08/21/2026 20:00:00,41.06,41.265,49.8625,69867.4204,2088.7,2692,4405.1,11039.5,4698.8,20,08/21/2026,WDPEAK,AUGUST,2026
08/21/2026 21:00:00,36.72,36.7875,45.0825,69538.6588,2369,2344.7,6006.1,13365.2,95.4,21,08/21/2026,WDPEAK,AUGUST,2026
08/21/2026 22:00:00,38.51,34.02,37.4375,64498.1488,2399.4,2074.9,7904.9,15468.1,0,22,08/21/2026,WDPEAK,AUGUST,2026
08/21/2026 23:00:00,38.88,33.2325,30.7825,59750.27,2289.5,1816,9050.1,16585.6,0,23,08/21/2026,OFFPEAK,AUGUST,2026
08/22/2026 00:00:00,31.03,30.145,29.3,54827.7705,2151.5,1639.6,10038.3,17442.1,0,24,08/21/2026,OFFPEAK,AUGUST,2026
08/22/2026 01:00:00,27.29,28.965,27.5925,51504.9699,1954.1,1391.8,10353.5,17582.8,0,1,08/22/2026,OFFPEAK,AUGUST,2026
08/22/2026 02:00:00,25.5,25.425,24.9425,48533.5202,1779.2,1287,10460.1,17516.6,0,2,08/22/2026,OFFPEAK,AUGUST,2026
08/22/2026 03:00:00,23.78,26.1675,23.25,46304.3798,1588.4,1124.1,10370.7,17039.6,0,3,08/22/2026,OFFPEAK,AUGUST,2026
08/22/2026 04:00:00,22.87,27.6875,24.0975,45119.4799,1439.7,900.2,10045.8,16263.5,0,4,08/22/2026,OFFPEAK,AUGUST,2026
08/22/2026 05:00:00,22.79,24.8375,24.1625,44976.3991,1304.9,715.6,9508.7,15312.6,0,5,08/22/2026,OFFPEAK,AUGUST,2026
08/22/2026 06:00:00,23.62,22.8325,22.585,45462.6297,1153.4,567.9,8612.9,13947.2,0,6,08/22/2026,OFFPEAK,AUGUST,2026
08/22/2026 07:00:00,24.34,21.615,21.515,46613.25,1009.3,429.3,7727.5,12519.2,.9,7,08/22/2026,WEPEAK,AUGUST,2026
08/22/2026 08:00:00,23.23,21.0425,21.0175,45396.4008,863.2,325.1,6856.5,11104.6,2189.6,8,08/22/2026,WEPEAK,AUGUST,2026
08/22/2026 09:00:00,18.75,19.8225,19.86,37666.2096,629,270.1,4738.8,8075,15555.3,9,08/22/2026,WEPEAK,AUGUST,2026
08/22/2026 10:00:00,19.13,18.91,20.1,33148.359,405.5,309.3,3223.5,5596.3,27425.6,10,08/22/2026,WEPEAK,AUGUST,2026
08/22/2026 11:00:00,20.47,17.4425,19.515,35210.6296,280.6,334.9,2775.1,4666.4,31574.8,11,08/22/2026,WEPEAK,AUGUST,2026
08/22/2026 12:00:00,23.93,20.8625,22.1025,41227.608,176.8,280.1,1933.3,3291.4,32764.6,12,08/22/2026,WEPEAK,AUGUST,2026
08/22/2026 13:00:00,32.15,34.2775,33.5325,46830.9508,113.8,327.9,1214.4,2174.1,32916.6,13,08/22/2026,WEPEAK,AUGUST,2026
08/22/2026 14:00:00,39.23,43.99,36.465,51127.8696,103.5,592.8,1022.2,2079.2,32694.7,14,08/22/2026,WEPEAK,AUGUST,2026
08/22/2026 15:00:00,42.65,45.7175,38.6375,52578.552,246.7,1268.8,1635.9,3635.5,32194.1,15,08/22/2026,WEPEAK,AUGUST,2026
08/22/2026 16:00:00,48.56,35.3225,30.9825,53470.1881,331.7,1872.4,1802.6,4552.1,31329,16,08/22/2026,WEPEAK,AUGUST,2026
08/22/2026 17:00:00,52.21,33.1075,34.745,55160.3901,511.9,2364.8,2150.1,5768.1,29228,17,08/22/2026,WEPEAK,AUGUST,2026
08/22/2026 18:00:00,52.43,39.9025,45.02,57134.9406,801.9,2668.5,2644.9,6980.7,26030.2,18,08/22/2026,WEPEAK,AUGUST,2026
08/22/2026 19:00:00,41.07,46.2575,58.5825,62737.6318,1254,2667.5,3439.3,8491.3,17596.1,19,08/22/2026,WEPEAK,AUGUST,2026
08/22/2026 20:00:00,43.29,57.665,68.8025,71594.8707,1790.7,2376.8,4788.3,10607.3,4634.6,20,08/22/2026,WEPEAK,AUGUST,2026
08/22/2026 21:00:00,45.44,49.3275,55.6275,70724.6086,2193.2,2039.2,6577.8,13086,86.5,21,08/22/2026,WEPEAK,AUGUST,2026
08/22/2026 22:00:00,50.16,49.49,48.125,65093.2796,2351.5,1789.5,8505.3,15668,0,22,08/22/2026,WEPEAK,AUGUST,2026
08/22/2026 23:00:00,39.19,121.53,110.575,61524.7807,2185.3,1474.1,8848.5,15663.9,0,23,08/22/2026,OFFPEAK,AUGUST,2026
08/23/2026 00:00:00,31.61,242.1725,212.37,56987.6293,1997.7,1301.7,9534.6,16184,0,24,08/22/2026,OFFPEAK,AUGUST,2026
08/23/2026 01:00:00,31.91,78.3475,74.79,52987.4013,1848.3,1031.7,9204.4,15530.5,0,1,08/23/2026,OFFPEAK,AUGUST,2026
08/23/2026 02:00:00,27.94,62.6475,61.775,49836.449,1630.9,852.5,9521.5,15471.2,0,2,08/23/2026,OFFPEAK,AUGUST,2026
08/23/2026 03:00:00,25.17,39.815,39.56,47387.1595,1402.6,674.2,9494.9,15050.2,0,3,08/23/2026,OFFPEAK,AUGUST,2026
08/23/2026 04:00:00,24.15,40.44,40.34,45915.6497,1210,489.3,9293.4,14456.5,0,4,08/23/2026,OFFPEAK,AUGUST,2026
08/23/2026 05:00:00,23.97,31.28,31.26,45597.8312,1031.8,338.5,8872.1,13677.2,0,5,08/23/2026,OFFPEAK,AUGUST,2026
08/23/2026 06:00:00,24.21,33.475,33.47,45291.8303,883.4,228.8,8194.1,12586.3,0,6,08/23/2026,OFFPEAK,AUGUST,2026
08/23/2026 07:00:00,24.23,35.955,35.9375,45977.83,779.5,145.3,7355.3,11287,1.1,7,08/23/2026,WEPEAK,AUGUST,2026
08/23/2026 08:00:00,22.75,28.2975,28.26,44275.7193,673.8,93.6,6635.2,10194.5,2203,8,08/23/2026,WEPEAK,AUGUST,2026
08/23/2026 09:00:00,18.75,24.9875,24.9675,35540.2491,477.9,54.7,5209.5,8111.5,15590.3,9,08/23/2026,WEPEAK,AUGUST,2026
08/23/2026 10:00:00,17.55,23.9925,23.865,31190.5597,305.1,105.9,3815.1,6064.1,27153.2,10,08/23/2026,WEPEAK,AUGUST,2026
08/23/2026 11:00:00,18.5,22.4775,22.4775,32741.9506,243,179.6,3395.3,5436.7,31617.9,11,08/23/2026,WEPEAK,AUGUST,2026
08/23/2026 12:00:00,22.74,23.3,21.8125,38283.9405,185.3,205.1,2706.5,4534,33018.5,12,08/23/2026,WEPEAK,AUGUST,2026
08/23/2026 13:00:00,30.11,30.185,26.4075,44546.011,162.8,342.2,1913.5,3601.1,32877.1,13,08/23/2026,WEPEAK,AUGUST,2026
08/23/2026 14:00:00,40.83,41.19,33.835,49911.6499,199.2,661.5,1563.2,3478.7,32359,14,08/23/2026,WEPEAK,AUGUST,2026
08/23/2026 15:00:00,42.18,42.745,42.8775,52373.1896,269.3,1132.1,1521.2,4013.4,32102.4,15,08/23/2026,WEPEAK,AUGUST,2026
08/23/2026 16:00:00,39.2,40.6,42.3175,50939.9698,821.2,1934.9,2900.2,7082.8,31493.9,16,08/23/2026,WEPEAK,AUGUST,2026
08/23/2026 17:00:00,38,35.4175,33.5275,51932.7086,1066.8,2084.1,3243.1,7981.2,30534.6,17,08/23/2026,WEPEAK,AUGUST,2026
08/23/2026 18:00:00,33.51,55.4525,44.11,53805.1605,1426.3,2193.1,3877.8,9311.9,27682.9,18,08/23/2026,WEPEAK,AUGUST,2026
08/23/2026 19:00:00,38.91,56.5325,64.1075,59850.8594,1814.3,2316.4,4743.6,11126.3,18996.6,19,08/23/2026,WEPEAK,AUGUST,2026
08/23/2026 20:00:00,49.99,157.4725,210.18,69064.2611,2059.7,2011.2,7565.1,14325.5,4759.3,20,08/23/2026,WEPEAK,AUGUST,2026
08/23/2026 21:00:00,49.75,247.2575,286.0625,68245.8807,2252,1727.9,9615.3,16914.5,79.4,21,08/23/2026,WEPEAK,AUGUST,2026
08/23/2026 22:00:00,49.28,312.4025,331.4075,62740.0296,2347.5,1445.2,11423.8,19166.9,0,22,08/23/2026,WEPEAK,AUGUST,2026
08/23/2026 23:00:00,36.05,44.4875,43.6925,57354.2408,2200.8,1258.8,12470.6,20248.5,0,23,08/23/2026,OFFPEAK,AUGUST,2026
08/24/2026 00:00:00,29.12,31.625,31.2125,51514.9688,2067.9,1154.9,13430.1,21338.6,0,24,08/23/2026,OFFPEAK,AUGUST,2026
